123.44,136.82,141.44,149.47,157.87,166.21,167.36,173.35,174.01,178.44,181.28,181.34,186.81,187.47,188.73,191.06,198.60,204.36,208.43,211.60,223.89,231.31,240.75,245.49,255.35,261.22,268.78,267.27,269.87,271.52,270.48,262.19,266.36,264.78,261.63,255.38,252.52,248.58,250.19,244.72,240.88,235.16,231.23,223.22,222.05,212.25,206.65,195.65,183.70,171.64,161.53,145.42
122.59,134.35,142.17,150.45,157.43,163.60,169.92,174.45,174.38,179.81,179.43,182.48,187.00,186.27,188.90,192.30,197.99,204.47,209.48,213.27,222.83,230.85,239.93,244.09,255.92,262.09,268.03,269.31,271.97,273.43,268.43,264.43,265.35,266.92,260.97,257.15,254.01,250.80,251.20,246.00,241.36,237.45,231.37,225.30,224.27,211.52,204.66,195.47,185.61,172.75,159.25,146.25
118.34,131.18,138.00,146.54,150.62,158.09,161.31,169.03,170.80,172.70,172.01,174.90,180.41,179.49,178.37,186.07,191.76,198.04,202.94,204.46,215.56,220.93,232.73,235.17,244.73,253.44,257.84,256.01,258.90,261.77,258.49,252.72,254.17,255.16,251.10,245.20,243.24,238.85,237.12,233.79,233.07,225.20,221.65,215.52,214.40,203.71,196.33,186.80,177.72,166.31,150.88,137.57
124.81,139.52,141.60,151.63,159.51,169.50,172.53,177.54,176.82,178.40,181.18,182.46,187.39,190.07,191.38,195.14,200.20,205.92,210.98,215.81,226.92,233.69,242.98,247.20,259.62,261.84,268.33,270.57,273.98,272.74,272.52,266.05,267.05,265.17,260.22,255.93,254.07,252.34,250.06,245.49,242.85,237.31,232.24,225.44,222.55,214.84,206.29,195.93,185.15,172.41,159.52,144.55
112.16,128.32,133.27,139.13,150.23,157.21,163.69,169.06,177.39,177.52,180.71,184.81,187.86,189.17,190.03,192.30,194.37,198.98,201.76,203.74,208.49,209.85,220.06,219.51,224.38,230.97,230.48,222.75,220.66,217.25,211.88,202.54,190.71,188.09,179.07,175.86,173.08,169.99,169.06,166.78,168.05,159.26,157.88,153.17,153.08,148.00,143.85,137.19,129.88,122.98,117.63,108.68
123.42,134.81,138.29,146.73,156.03,162.86,166.03,173.35,174.23,177.13,179.87,180.23,184.40,186.40,188.04,190.18,198.44,201.32,207.99,210.87,223.16,232.36,242.07,245.33,254.17,261.63,270.49,269.27,268.90,273.25,269.65,263.00,264.21,266.42,261.23,255.54,254.56,250.49,248.71,247.65,244.66,238.08,233.32,226.21,223.58,214.16,206.17,195.49,186.08,173.98,161.12,145.50
124.04,134.09,143.67,151.09,156.92,166.88,167.59,174.14,176.14,179.01,178.55,182.83,188.01,186.82,187.11,192.26,200.26,205.35,210.71,211.02,222.44,230.42,241.03,245.42,254.02,262.23,270.95,266.19,271.06,272.01,270.12,263.06,265.04,266.99,261.77,258.90,253.67,250.68,247.52,247.64,244.81,234.92,234.05,228.66,222.70,210.64,204.56,194.44,184.72,173.79,159.11,143.84
120.28,135.19,142.17,151.16,157.11,165.80,168.50,174.66,175.80,180.80,179.23,182.78,188.22,186.89,188.00,192.33,198.67,205.41,210.01,212.00,222.85,230.84,240.76,245.13,256.04,261.55,268.33,269.48,272.62,273.03,272.57,263.94,266.33,267.46,262.50,256.91,254.69,251.51,250.00,246.02,243.31,236.30,232.11,226.43,223.65,212.95,205.29,196.33,185.46,173.01,159.31,144.94
121.04,133.24,138.45,149.04,159.20,166.76,168.67,174.66,174.43,177.81,181.03,182.99,187.11,190.79,190.95,196.90,199.32,206.60,209.33,212.98,220.49,229.90,237.67,242.85,248.97,254.23,260.99,261.30,262.03,262.92,261.82,255.98,254.28,255.15,250.11,246.00,243.28,239.56,239.01,233.52,230.49,225.50,220.24,215.03,211.75,203.38,195.36,186.10,176.51,165.30,154.77,137.36
118.02,131.70,137.19,145.96,151.03,159.15,164.20,168.51,168.72,170.39,173.95,174.89,180.85,180.47,182.51,185.15,191.97,198.08,204.00,205.57,215.10,221.89,233.35,237.45,247.39,251.64,257.85,259.00,260.85,261.93,261.27,254.47,255.63,254.94,251.34,247.52,245.42,239.43,239.29,235.05,232.26,226.05,224.24,215.08,213.60,203.66,195.48,186.04,177.79,165.30,152.96,139.61
121.61,133.42,141.23,149.38,155.86,163.82,168.01,174.62,174.84,178.07,178.03,181.89,184.44,185.91,186.63,191.37,198.71,202.08,211.46,209.61,220.82,228.19,241.11,244.70,252.39,258.68,267.15,264.36,267.53,271.05,267.91,262.32,262.52,264.09,260.99,255.22,251.58,245.79,245.22,246.99,241.10,233.50,229.49,224.77,221.88,209.35,203.96,192.63,184.26,172.63,159.01,143.13
124.79,137.19,139.32,149.08,158.45,165.41,167.29,173.03,173.37,177.23,180.28,178.71,184.57,186.68,185.93,192.20,198.40,203.92,208.17,211.86,220.41,229.44,238.10,244.81,252.79,255.97,265.00,264.76,267.59,268.15,268.40,260.11,261.31,260.57,255.78,253.71,251.08,246.81,245.07,242.08,236.58,233.55,227.09,222.73,219.10,209.61,200.82,192.78,181.76,168.61,159.39,143.61
128.04,140.43,148.81,158.07,165.74,173.36,177.25,182.48,183.96,185.91,187.55,193.17,197.41,194.83,196.46,201.76,208.06,214.11,218.83,219.67,231.18,240.35,249.01,255.16,261.40,270.15,279.20,273.79,277.04,280.00,277.02,268.07,272.03,271.47,265.40,262.91,257.95,253.62,252.04,250.38,247.78,239.01,237.92,231.14,227.69,214.98,206.24,197.16,187.38,176.11,162.69,147.00
121.21,134.94,140.69,149.63,158.15,164.61,169.05,172.79,174.18,176.92,179.11,181.07,186.04,186.12,187.58,191.86,197.29,203.48,208.17,210.92,219.92,229.01,238.38,243.25,250.05,258.84,264.76,263.71,266.43,267.82,265.66,258.06,259.13,259.80,254.47,252.12,248.24,245.69,243.38,240.71,237.80,229.26,225.39,219.42,217.15,207.35,201.53,190.41,181.97,167.73,156.92,142.27
121.66,135.00,143.03,152.07,156.46,164.92,168.00,174.14,175.87,178.32,178.81,183.58,186.87,187.66,188.09,192.51,198.70,204.75,209.95,212.92,222.99,229.92,241.48,243.63,254.04,262.41,267.99,267.94,269.67,270.89,269.26,262.69,265.37,264.76,262.49,257.30,253.85,249.33,247.74,244.74,243.58,234.01,232.62,225.55,224.00,210.30,203.67,193.31,182.89,174.89,157.38,142.64
124.40,137.10,141.23,150.63,158.22,167.44,169.36,173.00,174.59,177.12,180.62,180.87,185.40,188.88,188.60,193.13,198.22,201.52,208.06,213.32,223.09,230.69,240.20,244.20,255.16,260.20,267.46,267.47,268.82,271.45,269.05,262.43,263.77,261.22,259.35,255.01,252.88,250.43,248.90,242.14,239.64,235.21,230.22,223.83,221.14,213.46,205.94,195.53,183.60,169.25,159.38,143.11
122.07,136.62,142.71,153.15,156.60,164.01,169.81,175.07,176.77,179.00,179.81,184.17,187.58,186.72,185.43,193.37,199.32,203.49,211.23,211.38,222.27,231.32,240.58,245.46,253.33,262.76,268.34,266.85,268.76,272.27,269.42,262.43,264.91,266.09,262.21,255.02,251.88,248.47,247.00,246.45,241.62,234.34,231.09,225.25,223.96,211.60,204.00,194.16,184.81,172.26,159.13,143.69
125.72,140.00,144.64,155.72,160.55,169.73,172.65,180.35,183.31,184.50,186.10,188.81,194.21,193.08,192.90,197.39,204.79,208.43,216.19,219.32,228.79,234.39,245.80,249.97,258.77,266.74,273.40,273.16,275.54,276.32,276.47,269.31,270.41,271.98,267.15,262.41,259.42,255.34,254.20,250.40,248.24,240.83,237.01,231.31,226.77,215.54,207.33,196.77,186.70,174.86,161.79,146.32
125.78,139.04,145.78,154.24,161.03,170.88,171.19,179.60,183.14,185.32,184.57,189.04,193.13,194.14,194.49,197.40,203.16,208.41,216.54,217.91,229.27,236.16,245.93,248.34,257.85,265.07,274.58,271.36,272.01,275.43,275.19,267.68,269.13,269.14,262.95,257.53,255.97,251.33,252.45,247.83,244.46,237.02,232.65,229.53,225.80,213.64,204.53,193.83,186.50,174.69,160.56,144.39
114.91,128.00,133.15,142.21,148.77,157.00,158.77,162.82,163.99,167.36,170.65,171.71,175.68,178.47,179.63,182.22,186.43,190.82,195.87,200.36,208.40,216.84,223.09,229.13,239.07,244.64,249.73,250.80,252.66,252.29,254.89,245.54,246.86,245.08,242.32,238.58,236.58,234.08,233.60,227.11,225.50,220.48,214.98,208.00,205.91,198.11,191.82,182.19,170.75,159.51,146.60,135.72
124.02,137.91,144.84,153.16,159.93,168.81,172.68,179.18,180.41,184.05,185.04,187.97,191.80,191.76,192.11,196.43,203.16,208.70,214.98,216.34,224.51,233.65,243.52,247.52,255.16,262.82,271.22,268.81,270.07,271.56,270.14,263.50,264.19,266.36,260.77,256.76,253.65,248.29,246.98,245.86,243.17,233.81,229.71,225.14,221.92,212.14,202.98,191.86,183.85,171.03,159.11,144.39
120.35,135.07,140.09,149.05,152.19,161.99,166.82,173.10,172.35,175.07,177.25,176.82,182.27,185.70,184.63,189.99,193.88,199.00,204.40,208.59,218.94,225.28,233.19,239.77,247.50,251.96,258.77,259.05,263.40,260.20,259.99,255.71,254.12,254.59,249.93,245.69,244.25,241.61,240.21,235.85,232.31,226.50,221.64,215.56,214.98,206.00,195.16,187.11,176.95,167.60,152.21,138.65
113.86,126.40,132.20,140.94,147.98,152.07,156.28,159.80,161.21,162.75,166.35,166.02,170.56,171.83,173.63,175.93,183.62,185.35,193.06,196.22,205.10,214.37,221.05,227.43,235.92,240.87,251.51,250.46,252.79,253.16,250.84,247.00,247.59,246.94,245.16,239.01,238.00,234.54,231.70,231.81,226.02,222.27,216.07,209.99,208.02,200.26,192.72,183.11,174.00,160.65,150.71,135.53
129.54,140.25,147.87,155.87,164.40,172.41,175.07,181.40,180.21,182.79,188.10,188.94,195.36,193.79,197.25,200.12,206.24,209.35,216.07,219.66,229.26,237.30,246.66,249.90,260.77,265.65,272.31,274.49,276.03,276.68,276.00,269.70,270.22,267.12,263.29,260.43,258.99,254.87,251.87,249.27,246.29,240.20,235.85,229.48,226.38,217.14,207.88,197.10,186.87,173.63,161.22,147.33
115.88,128.00,134.08,143.68,151.33,159.30,160.38,167.09,166.74,169.37,171.00,174.04,178.19,179.61,177.75,182.69,188.00,193.55,200.41,202.47,212.23,217.33,228.40,230.46,240.20,247.11,253.19,250.16,256.19,254.77,255.38,250.45,248.47,250.80,244.86,243.28,239.11,233.75,232.18,230.37,227.54,221.78,217.41,211.81,210.22,199.42,193.74,183.37,173.91,162.39,150.08,136.42
120.10,133.27,137.44,144.37,155.03,163.13,166.40,170.75,173.73,176.08,180.23,180.11,183.86,187.52,185.23,191.72,195.04,198.37,203.91,208.21,218.01,223.90,233.81,238.66,247.33,253.03,258.60,259.12,259.94,261.00,261.54,256.34,255.74,255.38,250.07,245.08,244.59,242.08,239.76,235.15,230.10,228.42,219.66,215.70,212.81,205.12,196.09,187.04,175.69,164.76,153.79,138.29
112.45,124.65,130.38,138.64,144.05,153.06,155.16,160.59,161.53,163.62,164.94,168.81,171.33,171.09,171.75,176.12,182.12,188.09,194.12,194.49,205.29,212.51,222.28,226.81,234.69,241.60,249.47,249.24,249.05,251.10,251.56,244.05,247.08,246.64,242.01,239.42,235.32,232.69,233.01,228.32,227.44,219.44,217.35,209.34,208.24,198.22,189.17,181.18,170.99,161.23,148.00,134.00
125.32,139.09,144.59,153.73,160.86,169.28,173.42,179.01,180.24,181.66,185.72,186.00,191.48,193.13,191.85,196.79,203.38,209.29,216.30,218.01,226.79,235.34,243.82,248.62,259.37,263.69,272.21,273.81,274.81,275.97,272.90,268.34,269.09,268.13,263.09,260.25,258.63,254.97,252.24,247.52,245.98,240.68,234.69,228.63,227.08,217.30,207.71,196.85,185.61,175.60,162.81,147.83
117.69,129.12,131.38,140.16,149.21,160.88,164.00,172.89,171.96,172.89,171.23,175.05,179.54,182.13,180.32,187.45,193.13,197.02,201.33,206.31,214.44,222.00,231.70,234.61,243.40,248.79,254.23,254.28,257.53,257.44,257.67,252.87,251.29,251.07,246.55,242.40,240.47,235.20,234.92,232.22,228.88,223.33,218.84,213.36,211.10,201.10,192.23,183.86,173.64,164.45,150.96,135.96
125.32,138.05,144.36,154.26,162.60,170.99,172.70,178.34,181.42,182.58,185.17,187.54,191.46,193.51,191.38,196.37,204.40,209.66,214.00,216.95,227.18,233.43,244.17,248.13,256.91,264.68,272.66,268.78,272.36,275.61,271.93,264.92,268.24,269.36,263.66,258.44,254.59,252.42,248.81,247.95,244.13,236.58,232.90,226.34,223.89,214.24,205.87,197.80,186.02,173.33,162.00,147.05
125.00,138.45,145.06,155.32,162.79,171.41,172.80,179.81,182.22,182.16,184.86,189.24,193.50,193.34,192.31,196.58,203.93,209.46,214.71,217.35,229.47,236.32,246.09,249.20,256.96,266.05,273.89,270.39,273.00,275.97,274.18,265.05,267.97,268.31,263.87,258.21,256.33,250.06,250.32,249.10,245.79,238.53,233.90,227.11,225.00,214.55,207.18,194.37,185.63,174.18,162.39,146.00
127.61,141.57,143.03,157.41,162.51,169.57,174.64,183.47,182.40,185.44,186.66,188.83,193.87,195.04,194.92,200.03,205.88,210.62,216.23,218.89,229.84,237.59,246.52,251.35,260.25,266.45,274.53,274.00,273.76,275.50,276.82,265.83,269.55,267.35,263.64,258.23,257.09,252.16,252.72,248.85,244.81,239.30,234.63,228.12,224.06,216.06,206.19,195.14,186.99,176.03,163.23,145.38
128.43,142.94,150.65,158.82,165.01,173.25,177.23,185.31,184.45,189.76,188.32,194.03,196.88,198.85,199.46,203.96,209.16,216.34,221.02,222.61,233.94,242.32,251.81,255.78,262.65,270.42,279.20,274.30,278.61,280.40,277.76,271.02,272.64,273.66,267.55,263.21,260.07,255.22,255.84,253.29,249.74,238.50,239.01,229.26,229.40,217.00,207.39,198.08,191.40,177.46,162.93,147.22
121.26,132.52,141.16,149.26,155.43,164.56,167.24,173.51,174.50,178.07,180.10,182.96,186.45,186.87,186.04,191.02,197.57,201.76,209.15,209.34,218.69,227.50,237.19,239.08,247.41,253.62,262.69,259.33,262.94,262.68,259.89,253.45,256.89,256.83,253.24,247.73,243.82,239.68,237.39,238.93,234.44,226.60,222.39,217.33,214.57,205.37,195.86,186.56,178.24,165.48,156.28,139.62
116.81,128.97,134.17,143.56,150.88,158.22,161.12,166.77,167.36,169.96,173.67,173.83,178.46,179.40,179.78,184.76,190.07,192.28,196.64,203.49,211.05,216.91,226.74,232.04,239.77,245.20,249.51,249.47,252.24,251.72,252.67,246.94,247.75,245.20,241.92,236.36,236.25,233.02,231.31,224.88,222.43,219.08,212.51,207.46,205.06,196.25,187.64,179.25,170.07,160.85,148.10,134.24
123.17,136.34,141.17,151.43,158.90,168.58,169.50,174.87,175.25,178.37,182.94,182.46,188.04,189.71,190.38,196.38,199.83,203.66,207.62,213.47,222.32,231.37,239.91,245.08,253.28,256.42,263.08,262.23,266.20,265.00,265.40,257.50,258.28,256.19,251.01,249.57,245.84,242.71,242.21,235.16,233.03,228.47,223.81,216.38,213.82,205.08,196.98,187.02,177.26,166.37,156.11,142.36
121.64,134.36,144.25,152.74,158.15,165.32,169.62,174.05,178.51,176.41,181.04,181.08,185.56,186.96,189.87,193.83,200.80,202.04,207.51,212.13,221.30,228.83,236.77,241.27,249.81,254.78,261.46,260.95,261.63,263.76,262.47,256.86,257.50,255.23,252.10,247.74,245.07,240.71,239.61,237.14,231.95,229.71,221.78,215.80,214.80,205.29,198.29,187.66,177.72,164.40,155.39,139.18
119.71,132.91,145.00,154.16,156.27,165.92,171.21,178.31,183.83,183.88,184.39,187.10,191.88,191.94,194.56,198.86,205.91,208.96,216.38,217.71,227.86,235.31,241.62,247.29,255.27,261.73,267.44,265.65,267.99,266.87,265.00,260.63,260.42,258.92,254.28,249.10,247.04,242.20,242.64,237.03,235.51,227.02,223.86,218.26,215.86,204.62,196.02,186.68,177.23,168.67,155.32,140.00
117.75,132.28,137.57,147.11,155.55,163.60,165.17,171.05,174.32,174.57,178.00,181.07,184.20,185.06,185.15,190.78,195.06,199.45,205.41,207.07,217.30,225.61,234.35,237.21,245.75,252.16,258.68,256.01,259.63,260.20,259.70,253.00,255.83,253.43,248.81,244.76,243.02,237.84,238.56,235.42,230.85,224.01,220.44,216.01,211.62,202.31,195.88,186.36,174.87,163.52,152.96,139.01
119.75,134.66,142.09,149.70,157.38,164.65,169.85,175.51,177.55,179.92,182.16,185.95,190.08,188.83,189.40,194.28,201.42,206.58,211.82,212.42,222.99,231.14,240.17,243.58,249.74,256.73,264.17,261.72,263.29,266.56,262.41,256.44,258.77,260.86,254.05,247.50,245.90,241.96,241.35,238.66,235.46,227.26,223.60,218.63,216.93,204.97,198.25,188.31,178.33,167.76,154.57,140.19
128.57,142.37,147.30,157.81,164.22,173.40,175.33,183.48,183.64,185.69,189.97,189.28,195.06,198.04,198.43,204.38,208.41,212.60,218.55,224.21,232.44,240.60,248.49,252.72,264.37,268.37,274.14,275.39,277.35,276.08,275.88,268.96,271.28,270.22,262.27,259.92,258.03,255.20,253.87,247.01,243.82,239.71,233.36,226.81,225.50,216.67,207.51,197.50,185.43,176.31,163.78,147.01
120.49,133.30,139.09,147.83,154.43,161.61,165.66,173.48,174.87,176.24,179.12,181.34,186.95,186.60,187.03,190.28,198.13,201.31,209.44,209.62,219.35,225.89,236.07,239.38,246.00,254.47,261.19,258.14,262.23,263.05,260.87,256.16,255.64,256.70,252.41,247.75,243.77,240.26,238.01,235.58,232.44,225.59,222.95,216.31,213.12,204.66,197.31,186.49,176.64,166.72,153.08,138.95
121.20,133.87,137.06,147.00,156.87,164.81,167.63,174.10,173.90,177.00,181.02,182.21,185.30,189.02,188.60,193.49,197.28,202.37,207.18,211.24,220.08,228.33,235.41,240.03,248.92,254.71,260.77,260.93,262.91,261.30,260.43,256.80,254.83,255.33,250.06,246.45,244.05,242.40,240.75,235.51,232.08,227.76,220.30,215.39,212.51,206.04,197.69,186.96,176.57,164.60,153.46,140.89
121.00,134.62,139.01,148.71,158.27,166.15,167.82,173.37,177.67,178.40,182.19,182.54,187.13,189.59,190.97,194.88,197.73,202.89,206.79,212.31,221.69,228.81,236.30,240.93,250.34,257.01,262.23,260.45,261.50,263.04,260.97,256.35,257.39,257.60,252.49,248.29,245.45,242.99,241.54,236.17,232.11,226.72,221.22,215.24,214.11,205.06,197.70,187.02,178.89,165.30,155.80,140.04
118.90,132.23,140.66,148.41,155.54,164.98,166.97,173.67,175.64,179.33,180.31,183.90,186.97,187.98,187.30,192.20,198.88,202.36,208.39,211.92,220.27,227.50,236.99,240.52,246.76,257.03,263.15,258.54,261.52,262.77,259.21,254.58,253.90,257.16,250.38,246.50,243.34,237.35,239.07,234.83,232.70,225.44,222.68,214.76,213.47,202.63,197.28,185.71,178.23,164.92,152.07,139.20
124.17,131.55,139.46,150.81,159.73,163.15,172.35,177.16,171.27,181.34,182.99,183.14,187.83,191.37,191.37,194.09,201.56,204.07,210.04,215.34,219.10,229.10,236.28,241.07,249.19,257.03,263.49,261.38,263.64,263.43,261.87,257.16,256.88,256.70,250.57,247.12,245.12,241.10,240.40,236.92,232.36,227.69,221.53,216.19,215.65,206.63,197.12,187.97,178.68,165.86,153.17,139.71
120.49,134.73,142.24,150.08,154.40,164.44,168.34,175.78,177.29,180.04,180.68,186.00,189.24,190.63,188.18,193.69,199.61,205.55,210.94,214.01,221.96,230.73,238.37,242.32,249.69,257.23,265.51,260.58,262.23,264.66,261.86,256.69,257.57,256.05,251.53,248.89,244.99,239.30,242.60,235.69,234.44,226.23,222.41,217.83,215.28,204.60,197.95,187.75,176.05,166.97,153.91,138.65
123.98,136.78,144.47,152.95,156.47,168.07,171.03,179.18,180.71,182.99,183.17,188.72,190.07,192.75,192.57,199.25,203.34,208.15,213.72,215.23,222.62,232.66,240.68,244.98,250.97,259.05,267.59,263.41,263.91,265.09,263.21,257.26,256.74,257.12,249.58,247.76,243.90,241.46,239.27,236.88,234.10,225.98,222.50,217.19,214.74,203.54,194.82,184.76,177.50,166.39,153.83,138.75
117.14,130.70,136.34,145.89,152.80,161.28,163.00,168.36,171.83,173.08,177.91,177.55,181.18,182.45,183.10,189.61,194.03,198.28,202.87,205.06,215.62,221.29,230.05,233.75,239.91,246.76,255.15,250.02,252.97,252.92,252.66,246.01,246.48,244.38,241.60,235.78,234.36,231.08,228.57,227.02,223.89,216.45,213.78,206.37,204.60,194.59,188.83,178.93,169.96,159.52,147.87,134.30
119.36,130.38,140.77,147.99,153.73,162.12,165.34,172.53,175.64,177.12,179.07,183.29,186.01,187.88,187.21,191.05,197.50,201.56,208.54,208.94,219.23,227.07,234.24,238.56,244.52,252.72,262.09,256.43,259.12,260.25,259.06,250.57,253.14,253.49,248.68,242.64,239.37,236.48,235.58,233.00,230.60,221.38,219.18,213.38,211.69,198.58,192.82,182.20,173.91,164.48,151.53,137.36
123.07,136.01,141.15,148.66,158.69,168.18,170.52,175.57,179.23,179.48,186.12,184.95,189.41,190.09,190.06,195.80,201.38,204.80,211.34,214.56,223.40,230.84,240.14,243.29,253.15,257.60,265.38,264.32,263.29,264.92,264.38,258.91,259.11,256.98,251.45,248.87,246.97,243.58,243.40,237.32,232.79,230.50,222.91,217.46,214.19,206.63,199.62,188.40,177.79,167.86,157.44,141.90
120.30,135.00,143.18,151.86,157.80,166.59,169.50,175.11,178.10,179.33,182.43,185.73,189.49,190.28,191.02,196.76,202.24,208.31,212.28,211.98,222.30,231.66,238.88,243.29,250.33,258.07,265.73,262.96,263.10,265.36,262.61,256.76,258.70,259.70,253.48,248.29,245.80,241.60,241.10,240.35,236.01,228.16,223.43,217.20,215.71,204.12,198.49,188.43,179.12,168.40,155.24,141.35
122.10,136.42,141.50,150.15,157.69,167.57,169.65,175.03,177.73,180.07,182.32,184.09,187.86,191.09,191.78,196.02,199.15,204.79,210.39,215.75,224.18,230.05,237.17,244.61,252.41,257.50,264.17,262.39,266.51,262.77,263.95,257.61,258.44,256.74,249.61,247.10,245.73,242.50,242.86,237.14,234.94,228.32,223.51,216.45,215.68,206.32,197.27,188.81,178.37,165.51,156.08,141.87
119.04,135.06,140.42,147.96,155.46,163.68,167.62,173.57,177.56,177.55,181.81,182.94,186.32,188.96,187.11,193.93,199.54,202.94,210.45,212.00,221.58,229.00,238.17,240.03,249.13,255.05,260.40,258.68,261.18,261.77,261.37,254.70,256.04,256.94,252.72,245.52,244.37,238.92,237.72,236.21,232.80,226.24,222.44,215.42,213.22,205.00,195.83,187.26,176.71,164.50,155.23,138.92
118.80,133.33,140.09,150.28,159.45,168.24,169.33,174.54,176.07,178.90,183.81,183.47,188.31,190.37,192.26,195.76,200.04,205.93,212.46,215.75,223.16,229.84,237.93,245.35,252.16,256.16,262.82,262.59,265.32,263.95,264.28,256.01,256.91,256.01,249.20,246.29,245.00,244.01,241.50,235.47,233.81,226.77,223.22,216.62,213.66,205.41,196.16,186.97,177.05,166.72,155.96,140.43
126.24,140.04,144.47,154.67,164.21,171.01,175.21,180.85,180.50,184.61,187.88,188.83,194.49,197.09,196.22,201.00,206.46,208.75,216.37,218.44,230.00,237.93,244.86,251.07,259.49,262.19,270.30,271.92,271.49,271.83,270.75,264.71,265.00,263.88,258.70,254.92,251.86,250.03,248.39,242.87,239.11,236.70,228.73,224.32,220.23,213.55,203.95,192.03,183.99,169.53,161.32,145.62
120.93,135.98,140.01,147.72,158.38,166.81,168.88,173.29,176.48,178.20,183.37,183.53,188.74,190.56,189.83,194.54,197.31,203.34,209.12,211.99,222.89,229.99,239.02,242.85,251.73,255.74,261.94,262.37,260.20,263.46,261.02,255.98,254.95,254.92,251.08,245.90,244.23,239.31,238.73,234.80,229.96,226.93,220.23,213.74,212.76,203.30,198.01,185.24,176.05,164.17,155.05,139.09
120.07,134.63,141.78,152.05,156.73,166.90,170.07,177.72,180.60,182.00,184.33,188.29,190.08,193.04,192.30,198.44,201.61,209.90,214.39,214.35,224.20,231.46,239.89,244.73,251.56,258.49,266.01,261.86,263.08,266.36,262.65,254.59,256.46,257.00,252.52,245.07,243.88,240.11,237.47,237.51,233.32,224.38,221.72,216.23,213.74,202.92,193.83,184.95,178.09,166.72,154.56,139.06
121.06,135.16,139.46,149.59,157.69,168.27,167.39,174.18,174.65,179.00,183.34,184.11,187.95,189.93,189.93,196.17,201.66,204.42,209.69,215.15,222.64,231.23,238.65,242.05,252.13,255.83,264.34,263.43,265.94,264.00,263.58,257.73,257.24,257.15,249.88,246.74,246.34,241.01,241.51,235.09,231.15,225.44,222.00,214.90,213.18,205.14,197.59,187.77,176.62,166.11,154.32,139.82
120.07,134.81,142.36,151.25,156.89,166.58,169.33,176.14,177.55,182.02,181.84,188.16,189.66,190.09,191.32,196.74,202.47,208.00,212.60,216.33,222.99,231.41,239.77,244.05,252.20,258.43,266.60,263.13,266.36,266.01,262.94,257.30,257.11,259.13,254.33,248.62,245.94,241.40,241.76,237.69,235.59,225.18,224.61,216.33,215.63,205.35,196.31,187.39,177.49,169.06,154.83,138.75
123.49,135.07,141.82,151.09,158.40,165.51,170.26,174.23,176.66,181.50,184.78,186.25,189.01,190.85,189.87,196.79,201.80,205.57,213.02,213.10,223.62,231.01,241.08,246.47,251.38,258.77,266.69,264.33,266.15,267.40,265.58,258.27,260.23,259.27,254.58,250.41,248.65,243.73,240.61,241.01,236.73,227.71,222.83,218.84,216.31,205.14,199.94,188.80,178.47,167.04,156.35,140.66
126.25,135.13,137.91,145.62,156.55,166.87,167.00,174.55,175.58,177.67,186.04,185.31,190.02,193.00,192.10,197.59,202.05,204.02,210.38,215.34,224.50,230.89,239.63,246.02,252.68,258.00,265.22,262.39,264.37,265.68,265.00,258.04,259.28,255.95,252.52,245.81,247.70,243.07,242.29,234.88,232.77,229.06,222.46,217.35,215.45,205.41,198.04,189.48,178.90,165.08,156.16,141.78
120.54,133.38,140.66,148.69,155.98,165.56,166.74,175.60,176.82,180.24,181.73,184.89,190.44,191.13,190.26,195.06,201.44,208.01,210.30,213.40,223.49,229.08,239.23,242.39,250.49,258.79,265.17,261.20,261.40,266.79,263.76,256.63,256.86,257.96,252.10,246.74,244.20,241.22,238.76,238.00,234.96,226.23,225.53,218.58,214.34,204.89,196.36,187.30,177.79,167.61,154.43,141.51
122.59,138.00,141.79,148.93,159.84,169.20,172.39,177.37,179.21,181.07,185.22,184.39,190.42,194.02,195.13,197.00,202.39,208.00,213.08,217.27,226.75,234.65,241.81,245.80,255.20,260.85,267.73,267.08,267.47,267.71,266.81,259.56,260.46,260.73,253.55,249.04,248.23,243.87,243.00,238.14,235.53,233.48,224.61,218.23,216.76,208.60,200.86,189.52,178.89,167.76,156.73,141.17
120.27,133.90,140.80,149.56,157.00,165.15,169.53,176.12,178.49,180.68,182.44,185.15,188.10,190.70,192.31,197.39,201.06,206.53,210.77,215.62,223.27,231.48,239.08,244.09,254.40,257.86,264.05,262.55,264.85,263.79,262.99,257.56,256.89,257.77,251.14,246.87,244.63,242.00,241.96,236.21,234.62,226.24,222.32,216.17,214.89,205.23,197.43,186.97,176.82,166.69,154.74,140.04
122.07,136.00,142.56,151.58,158.69,166.47,170.33,177.92,178.87,179.90,182.17,187.38,190.19,192.80,191.82,196.51,204.48,207.17,213.59,215.67,224.41,232.17,241.60,244.90,252.11,260.95,264.33,261.05,264.56,267.25,262.29,256.94,256.33,257.74,252.41,246.68,243.46,239.08,237.92,237.26,233.53,227.37,222.02,216.10,214.23,203.59,196.24,185.59,177.55,166.03,153.73,139.52
123.84,137.06,143.01,151.54,159.86,168.15,172.82,178.90,180.38,183.48,185.37,189.45,192.42,194.20,193.00,197.40,204.19,208.47,212.61,216.39,227.43,234.34,242.32,246.97,254.80,259.46,266.08,266.18,265.83,268.78,266.81,260.72,261.84,260.07,254.89,250.89,247.78,243.61,241.25,238.50,235.65,230.63,225.54,220.95,216.28,206.69,198.22,190.38,179.07,168.24,157.27,142.02
122.02,134.41,140.43,149.88,159.11,167.26,171.30,177.10,177.05,181.62,184.48,186.02,189.84,193.13,192.46,198.73,204.94,206.06,212.64,215.23,224.51,232.28,241.07,245.47,251.37,258.44,266.99,265.28,265.32,267.23,265.41,256.20,258.91,259.09,255.16,248.29,245.81,243.89,240.30,237.66,233.68,229.40,223.40,217.28,215.36,205.29,198.30,188.62,177.67,165.53,156.92,140.87
121.20,133.66,142.64,152.20,158.00,165.71,168.34,178.01,180.28,183.63,183.09,187.95,191.23,192.28,192.26,198.64,202.00,208.08,213.65,215.60,224.08,233.47,242.10,246.13,252.35,260.41,268.72,263.52,267.05,267.31,264.46,257.86,260.30,260.65,256.40,249.39,247.25,243.39,240.90,239.59,235.37,226.93,224.27,220.06,216.69,205.94,198.22,187.00,178.36,170.88,154.72,140.36
122.25,133.54,140.68,150.44,160.31,167.54,169.65,176.50,177.89,180.61,185.01,184.81,189.50,192.08,193.61,196.92,202.27,205.87,211.59,214.87,223.62,232.67,241.07,243.31,251.37,257.24,264.30,262.07,263.21,264.32,261.63,254.53,256.88,255.49,249.97,244.39,243.30,239.41,237.72,234.83,230.78,226.37,219.45,213.74,212.16,203.96,195.80,186.08,177.20,164.45,153.88,138.68
120.42,129.71,136.09,147.83,156.27,165.60,167.36,172.80,175.84,178.03,182.46,182.16,186.08,189.31,190.43,194.14,196.40,202.47,208.25,213.18,221.25,228.04,237.76,242.33,250.13,254.94,261.44,260.89,261.16,262.24,262.15,255.98,257.26,255.84,250.91,245.07,243.91,239.01,238.05,235.60,231.81,227.42,221.05,215.23,213.60,202.61,195.79,186.32,176.28,164.77,154.51,139.06
121.76,135.30,140.89,149.34,158.50,165.68,170.75,176.48,179.43,181.46,182.58,187.04,190.14,191.13,191.04,196.82,203.39,206.63,212.16,213.90,222.99,232.36,240.03,244.80,250.67,259.33,266.48,262.29,264.32,266.85,263.06,256.85,257.84,260.28,252.74,250.80,246.24,241.01,239.92,239.74,236.03,228.48,224.06,216.84,216.23,204.69,197.43,188.48,179.34,167.17,155.66,139.27
125.63,137.64,145.84,155.08,162.79,173.37,175.28,181.14,185.40,185.16,189.00,190.91,196.16,197.71,196.73,200.82,207.68,213.57,216.76,221.00,229.44,237.97,246.66,251.15,259.05,263.10,269.78,268.51,270.24,271.09,271.41,265.00,265.00,261.84,257.93,252.64,251.80,244.91,245.67,242.90,238.05,233.69,228.21,222.44,218.28,208.43,200.66,193.22,181.33,170.84,159.30,143.34
123.43,136.80,142.64,152.43,160.75,169.96,171.16,178.53,181.60,183.98,186.68,190.26,192.92,194.02,192.60,199.40,204.69,209.35,215.52,217.46,226.89,234.31,244.39,247.14,254.75,262.18,269.16,266.56,268.20,268.48,266.54,260.23,261.82,261.59,256.74,251.96,248.70,244.81,242.21,241.35,237.76,230.63,225.97,220.38,217.10,206.62,199.81,191.38,180.18,170.00,157.81,141.99
120.33,134.83,138.22,149.03,157.10,165.49,167.34,173.08,174.26,177.53,181.04,182.46,186.08,188.52,188.31,194.28,197.82,202.87,207.62,213.18,219.82,228.41,235.21,240.76,249.18,254.33,258.60,258.55,261.84,259.09,259.20,253.51,253.84,252.79,246.60,244.18,243.39,238.56,238.90,232.70,229.53,224.89,218.29,213.21,210.29,203.07,194.49,185.44,175.14,165.05,153.94,137.12
119.64,132.67,137.30,148.66,157.71,165.06,169.31,173.69,175.14,177.12,179.74,182.04,187.21,190.02,189.84,193.04,199.75,203.90,208.47,211.52,220.78,227.20,236.41,241.51,248.31,254.80,261.01,259.00,261.40,260.72,260.11,254.09,254.02,254.47,247.54,243.31,242.57,238.61,236.35,235.05,230.52,225.14,219.86,213.94,210.89,204.08,193.96,186.68,176.66,163.78,154.32,138.29
122.41,136.57,144.13,151.65,159.62,167.24,170.75,178.52,182.63,184.36,184.18,190.39,193.33,195.02,193.66,201.24,204.09,209.04,214.67,218.05,225.74,233.64,241.17,244.59,251.58,261.89,267.78,260.16,265.24,264.82,261.84,257.33,258.50,260.77,255.81,250.05,244.59,240.65,241.03,238.66,234.96,226.21,223.45,217.71,216.18,204.40,196.25,188.48,177.72,169.96,153.94,140.68
120.97,136.86,145.00,149.56,162.27,169.68,171.81,175.45,181.69,179.72,185.95,187.00,188.74,191.76,195.17,197.09,202.34,206.02,210.06,213.59,223.66,231.82,239.30,243.77,250.05,256.63,265.00,263.95,263.71,264.64,261.84,255.70,256.12,256.00,251.77,246.44,244.81,241.02,238.61,236.75,232.05,228.32,220.54,216.00,212.44,203.63,197.22,187.10,177.79,165.17,154.55,139.62
122.43,137.03,140.24,149.28,159.30,167.89,169.43,176.58,177.79,180.28,185.27,187.01,190.59,191.05,192.51,195.76,202.56,205.01,211.21,214.01,222.87,231.04,239.25,244.09,251.29,256.76,265.32,261.40,262.21,264.28,260.43,253.93,256.16,254.79,250.89,246.42,244.38,240.62,238.40,236.68,231.55,227.20,220.23,214.20,213.40,205.35,195.60,186.21,176.98,164.84,153.17,139.74
115.10,128.71,134.35,145.77,151.65,160.18,163.23,169.84,171.14,173.90,176.26,180.24,185.28,185.22,184.61,190.68,196.42,200.25,205.06,208.12,216.45,224.62,231.80,235.00,243.81,249.40,255.56,253.05,256.78,255.20,253.89,247.63,247.33,244.95,240.05,235.14,234.17,229.45,228.97,225.73,222.85,214.60,211.49,205.12,203.04,192.02,185.32,176.18,167.72,158.20,144.90,132.97
122.09,135.77,139.86,149.27,159.67,168.24,170.79,175.69,176.98,178.44,186.12,184.95,188.48,192.10,189.97,197.65,201.81,208.31,209.90,214.54,222.25,230.24,238.32,243.10,251.45,255.23,262.61,262.23,262.39,263.25,263.33,254.70,255.31,253.71,249.62,245.66,243.88,238.92,238.25,234.35,229.27,228.32,219.64,213.04,211.38,203.10,194.74,186.94,175.11,162.80,154.28,139.74
124.78,139.06,145.77,156.28,161.19,173.00,175.33,183.34,187.11,189.65,190.96,193.05,199.46,198.98,199.91,203.48,210.02,214.37,220.05,223.40,231.04,239.68,246.02,250.13,257.44,263.65,267.80,266.48,268.34,267.69,268.02,257.65,258.94,258.54,254.40,247.00,245.20,242.83,242.01,238.42,234.76,228.18,223.38,217.12,214.95,204.29,197.94,187.92,177.00,166.96,154.98,139.70
121.43,135.80,142.41,153.22,157.10,167.26,170.76,176.85,180.24,182.54,182.96,187.27,190.44,192.20,190.65,197.36,202.12,207.62,212.66,215.86,223.61,231.15,239.55,244.88,250.86,261.22,266.83,261.86,264.47,263.82,264.61,257.10,257.16,258.44,253.14,249.07,245.59,241.63,240.78,236.62,235.97,224.59,223.45,217.08,214.59,204.47,195.74,186.63,177.49,167.34,152.40,140.73
123.42,137.12,144.59,154.77,160.65,169.37,173.35,179.51,182.24,184.57,186.10,189.84,195.00,194.62,194.06,199.11,205.54,210.64,215.26,218.36,228.11,233.11,244.86,248.22,254.17,261.47,270.05,264.11,266.59,269.28,267.07,259.00,261.09,260.28,257.27,249.90,247.20,242.99,240.61,240.17,237.69,228.04,225.18,219.66,217.96,205.43,197.50,188.80,178.01,169.07,155.62,141.23
98.18,112.65,122.12,127.81,134.30,140.17,146.35,152.20,158.22,160.45,162.98,167.30,170.66,170.70,173.30,177.05,178.91,184.39,188.90,189.01,190.52,192.42,201.00,200.14,208.43,210.77,210.23,206.49,206.01,204.71,198.86,193.33,183.37,180.71,171.71,173.44,167.59,162.98,162.64,159.81,160.80,156.24,153.26,149.78,148.77,143.03,137.06,130.27,125.51,117.41,111.65,102.22
117.61,130.25,137.71,146.70,152.03,160.56,164.23,171.81,174.14,177.23,178.35,183.33,186.90,188.28,187.77,190.65,198.39,203.19,208.89,209.85,220.10,225.42,234.39,238.05,246.02,251.08,256.84,255.62,257.26,257.32,255.28,248.81,250.39,249.84,244.28,238.03,237.01,231.62,231.94,229.30,224.85,216.59,213.59,206.83,205.24,196.09,187.96,178.47,169.12,161.23,145.84,133.45
123.56,136.31,145.58,154.35,162.05,170.31,171.83,182.13,184.69,186.17,187.96,193.38,196.79,197.96,195.67,202.08,207.24,213.32,217.51,218.43,227.11,234.36,244.10,247.97,253.69,261.69,267.92,262.46,264.01,265.70,263.59,255.49,256.33,257.42,251.32,246.76,243.37,237.93,238.76,236.23,233.96,223.47,220.64,215.46,212.44,201.36,195.43,184.68,175.29,165.03,153.26,137.79
124.81,139.12,141.23,151.92,162.73,170.86,174.56,180.21,181.14,183.13,189.45,188.04,192.46,194.36,195.92,200.10,204.50,211.77,214.72,218.89,226.93,236.29,243.53,248.49,255.10,260.93,267.41,267.93,269.42,268.97,265.66,261.20,261.56,259.24,255.57,251.86,250.74,246.98,243.00,239.75,235.48,232.13,222.50,219.66,217.08,207.56,200.19,192.07,180.50,167.71,157.99,143.03
126.18,140.43,145.17,155.72,163.72,172.49,174.18,180.07,180.94,185.17,188.90,189.76,195.27,195.06,198.06,203.02,206.69,209.80,216.07,220.38,228.97,237.60,245.09,249.28,257.32,262.09,270.44,267.85,268.32,268.97,268.78,259.53,260.32,258.44,253.62,249.38,248.65,244.40,243.82,239.43,234.96,229.96,222.81,218.00,215.08,208.00,200.25,189.91,178.91,168.16,157.29,141.06
123.66,137.93,144.53,153.53,162.56,169.14,173.63,178.53,182.39,184.69,188.48,189.76,193.31,196.74,197.00,202.61,205.32,210.35,218.71,222.10,231.56,238.00,245.00,250.87,259.41,263.41,269.15,269.36,268.81,268.15,267.81,261.20,260.46,259.98,253.28,249.27,249.55,244.49,242.96,235.27,232.31,230.06,221.00,216.45,213.59,205.41,197.40,188.73,176.39,165.39,154.74,139.28
127.49,139.92,145.34,155.79,162.34,174.07,176.82,183.22,184.59,187.38,192.11,192.13,197.34,200.83,201.80,205.48,207.79,213.58,219.21,224.62,232.05,239.74,248.31,253.39,260.38,264.21,271.43,269.12,271.40,268.78,266.94,264.19,262.23,260.22,253.48,249.54,250.29,244.56,245.58,237.26,235.05,228.41,222.52,217.08,217.00,206.63,199.45,189.07,179.08,168.51,156.06,142.21
126.82,140.80,148.30,157.88,164.98,172.90,176.48,184.79,187.46,191.25,190.54,195.49,199.09,199.38,199.06,205.46,209.95,216.33,222.90,222.93,231.21,240.71,249.62,252.60,260.38,265.41,273.72,270.30,270.38,272.34,268.99,262.21,262.61,263.45,258.80,251.51,249.90,246.24,243.89,243.08,239.35,230.67,225.00,220.97,217.57,207.68,200.09,189.17,180.01,169.81,156.71,142.37
126.25,137.83,144.09,154.03,163.42,172.41,173.23,183.21,185.41,187.17,190.72,193.98,197.74,198.08,196.01,203.04,208.74,215.68,218.01,222.17,230.51,237.14,246.05,251.75,256.44,265.19,271.15,266.15,268.47,269.86,269.00,260.38,260.34,262.10,257.42,251.34,248.71,243.21,241.60,239.97,237.26,229.40,224.20,219.21,217.30,206.19,198.60,189.76,179.55,168.16,156.97,142.17
125.72,137.52,143.28,154.87,164.16,172.07,175.16,182.51,184.69,184.20,188.81,190.82,195.25,197.02,198.21,202.41,207.08,213.88,217.01,219.71,229.17,237.66,243.61,249.71,258.61,263.93,266.32,268.60,270.30,269.46,266.68,260.54,262.01,259.96,254.02,250.26,249.72,244.66,243.74,236.75,235.09,231.22,223.46,218.24,215.57,208.61,199.20,189.71,178.36,166.96,155.42,141.89
124.26,137.83,144.40,153.38,161.45,169.10,173.05,181.33,183.29,186.36,186.08,190.25,192.90,194.99,193.79,200.08,207.51,210.37,216.17,218.83,229.21,233.31,243.33,247.24,253.31,262.19,269.92,263.21,267.37,267.47,263.49,258.13,258.90,260.51,254.70,249.07,246.98,242.13,242.39,239.55,235.33,225.40,224.27,218.52,216.47,205.54,197.59,187.45,179.33,168.11,154.78,140.93
125.18,140.22,146.09,156.59,161.93,170.07,173.93,182.32,183.53,187.38,188.18,192.42,197.37,195.87,196.41,201.10,207.54,211.97,218.43,219.27,227.73,236.32,246.22,249.43,256.91,264.38,270.65,266.99,267.74,270.44,267.86,260.38,259.83,261.43,254.89,251.11,247.65,243.31,242.08,240.36,236.60,228.37,225.22,219.66,215.33,205.35,197.45,188.40,180.29,168.67,155.80,140.00
124.81,139.64,145.91,155.62,163.40,171.71,175.01,182.86,183.66,187.97,187.77,190.68,196.01,196.60,198.09,202.88,208.00,212.78,218.68,221.33,228.04,237.08,244.97,248.77,256.84,264.47,269.31,265.96,267.46,268.13,266.09,259.05,260.51,261.35,254.89,248.64,246.94,243.30,242.05,238.92,234.96,227.23,223.13,216.93,215.08,205.04,195.41,188.37,179.12,168.57,156.77,140.21
118.14,130.55,138.09,148.00,153.53,163.67,167.17,174.87,176.67,180.69,180.43,186.82,189.79,189.48,190.07,194.45,199.32,204.52,210.86,213.25,220.24,228.74,235.02,238.02,244.01,250.60,256.84,253.40,255.77,255.77,253.87,245.73,245.84,246.74,239.41,236.24,233.86,229.47,228.22,224.12,222.17,212.00,209.55,203.95,201.59,192.72,185.04,176.16,166.72,156.65,144.84,131.03
122.49,135.93,143.63,153.44,159.52,168.96,172.28,178.90,182.60,184.76,185.33,189.07,194.24,193.26,193.24,196.16,203.18,209.75,213.82,216.07,225.47,233.21,242.17,245.75,254.71,258.69,265.69,263.23,266.58,267.44,264.46,258.04,256.16,258.54,253.16,248.65,244.97,240.87,240.39,237.01,235.79,226.07,222.89,216.13,215.23,203.42,194.09,187.02,164.00,164.03,154.30,140.25
127.41,138.76,145.28,156.34,164.58,172.42,176.47,182.48,184.95,187.75,189.79,192.67,196.47,197.21,198.08,202.20,208.00,213.78,218.00,221.05,231.22,238.12,246.01,250.15,259.02,262.62,268.07,267.86,268.54,268.82,266.39,260.38,261.02,259.93,254.09,250.19,248.74,243.29,244.03,238.07,234.75,228.37,223.29,218.16,216.53,205.54,197.40,187.43,178.07,167.51,156.19,141.65
122.26,137.64,143.56,153.79,160.05,169.78,171.86,178.63,181.46,183.88,185.07,188.16,193.01,193.23,193.67,199.62,203.03,211.06,216.21,215.80,227.48,233.24,240.47,243.61,253.21,260.73,265.59,262.19,263.69,264.47,261.98,254.07,256.28,258.64,251.20,246.09,244.14,240.75,238.76,235.13,234.09,225.04,221.45,214.83,212.51,203.04,195.23,185.80,175.90,165.22,152.61,139.46
123.46,136.69,146.54,156.24,162.60,170.43,174.11,180.55,183.07,186.53,184.57,191.67,195.26,194.79,194.44,199.47,207.39,212.87,217.35,217.67,228.76,235.85,244.07,247.80,254.01,261.01,267.37,265.11,267.71,267.85,265.33,257.61,258.99,260.32,255.22,249.82,244.66,241.50,241.08,237.26,235.29,226.88,223.49,217.19,214.67,204.60,196.66,187.28,179.00,168.07,153.57,139.13
124.90,139.28,145.42,154.43,164.76,171.27,176.82,180.28,182.27,184.20,190.06,188.35,193.87,197.91,195.92,202.61,206.55,210.98,216.10,218.19,228.83,236.89,243.48,249.76,257.99,262.23,266.44,266.05,266.99,266.73,264.76,258.15,259.38,257.78,252.79,246.48,246.87,244.71,241.36,237.61,233.38,229.43,220.00,216.13,213.22,206.50,197.61,188.88,176.32,166.77,153.85,140.86
110.98,120.27,129.03,137.13,142.02,152.59,155.71,160.53,161.14,163.57,165.68,166.21,169.62,172.63,175.23,177.72,182.02,186.05,190.69,193.05,202.30,208.87,215.11,220.41,227.98,231.16,236.93,237.03,239.18,236.68,234.92,229.97,230.26,230.87,223.44,218.69,217.70,216.11,215.94,209.75,207.18,202.71,198.22,192.09,189.97,182.63,174.96,165.98,157.71,147.49,137.91,126.19
124.48,138.16,141.01,153.71,162.27,170.04,173.42,179.20,180.24,182.63,187.39,188.32,192.21,196.33,194.92,200.55,206.19,210.47,214.16,218.71,226.11,233.62,242.74,246.22,254.40,259.40,265.23,264.01,266.09,265.93,264.20,256.16,256.56,255.43,251.31,245.90,244.08,239.89,239.27,235.31,231.03,228.11,220.07,212.51,212.76,205.16,195.50,184.76,174.52,164.71,154.16,140.09
126.85,138.95,145.91,156.08,164.58,171.83,177.12,181.14,184.59,187.18,188.02,191.04,196.03,197.09,197.61,201.56,209.02,211.69,217.46,221.33,230.29,236.40,246.34,250.07,259.13,262.86,271.41,268.57,269.47,269.74,267.20,261.63,261.66,261.77,256.83,251.43,249.61,245.52,244.00,239.77,236.08,228.35,224.59,219.32,216.00,206.81,197.95,187.95,179.12,168.29,156.54,140.24
126.62,142.34,146.81,157.26,166.41,175.14,177.29,183.60,187.26,188.60,191.71,194.49,198.57,199.97,200.63,205.91,211.77,215.87,221.65,223.38,231.49,240.31,246.52,251.03,257.47,265.82,272.47,265.82,267.03,268.02,265.77,257.22,258.27,258.14,253.14,247.76,246.22,241.17,240.75,237.67,232.66,225.80,220.15,216.00,213.01,202.54,197.96,187.58,176.16,166.68,153.08,140.25
123.00,136.89,143.41,154.55,162.63,170.75,173.36,179.81,181.40,183.98,186.45,189.31,193.20,195.36,195.07,198.40,205.15,209.88,215.93,218.01,226.60,234.76,243.01,246.38,252.94,261.28,266.99,263.25,267.06,267.29,263.13,257.17,256.56,257.41,251.21,248.09,244.99,238.10,239.26,237.63,232.94,226.77,221.65,215.24,211.78,203.04,194.58,185.71,176.07,164.54,154.00,140.24
127.09,141.42,147.85,157.61,165.13,175.29,178.46,183.17,185.07,186.32,191.38,193.40,196.23,199.25,199.25,203.81,209.42,212.90,218.55,222.43,232.56,239.93,247.59,252.30,260.10,263.43,269.06,271.15,271.53,269.87,268.27,262.55,263.08,259.62,255.23,251.02,251.27,246.01,244.25,238.30,236.55,233.42,223.89,218.26,217.09,207.93,200.81,190.18,179.01,167.72,157.28,142.62
110.98,123.00,128.06,136.94,144.90,152.74,155.65,159.81,161.55,163.60,166.14,168.68,170.00,172.96,176.14,178.20,181.84,186.55,192.01,193.06,202.25,209.40,215.36,219.51,226.74,231.69,236.01,236.39,237.45,236.33,236.58,227.72,230.34,228.44,225.27,220.48,218.91,215.60,214.60,210.38,207.69,203.25,197.33,191.76,189.69,181.03,174.93,167.03,158.62,146.77,137.48,124.78
125.48,136.86,147.19,155.94,163.11,173.05,176.40,182.99,186.08,189.02,189.23,194.13,199.22,197.43,196.96,203.25,208.06,213.44,219.97,220.49,229.65,235.05,244.86,247.95,254.95,262.94,267.60,263.93,266.37,267.07,262.94,257.53,257.24,257.60,251.44,248.07,244.93,239.60,239.64,237.02,232.13,224.51,221.33,215.94,211.23,201.56,196.02,186.07,175.17,164.77,154.18,138.92
126.15,139.46,143.59,155.32,163.53,173.57,175.82,181.18,183.70,185.41,192.27,191.02,195.14,196.81,198.31,202.48,207.12,212.23,216.40,221.05,229.01,237.26,244.13,248.21,255.97,258.28,264.47,265.85,265.83,265.06,264.85,257.15,258.79,255.16,251.16,246.66,246.45,242.24,239.01,235.85,230.27,226.42,218.69,213.34,211.26,203.06,196.54,187.28,176.03,165.08,154.16,138.58
124.33,139.03,145.77,156.27,162.12,171.00,175.33,181.34,184.74,186.27,188.77,193.10,196.82,197.46,195.92,200.83,207.19,213.33,218.33,218.51,228.58,234.61,243.02,246.52,253.87,259.62,264.71,262.05,262.69,263.77,261.94,254.48,256.43,254.78,250.84,244.02,242.87,238.21,237.93,234.67,229.84,222.30,219.32,211.60,209.30,199.94,192.51,183.76,174.59,164.20,150.62,136.78
123.79,137.90,146.34,157.42,162.11,170.47,174.07,181.64,182.53,188.32,188.07,192.07,196.02,196.23,196.06,200.20,206.46,212.66,218.16,220.08,228.84,234.92,244.43,247.42,253.93,264.19,267.79,265.17,267.20,268.26,265.32,260.58,260.68,260.76,256.53,250.65,247.34,242.69,241.88,240.84,235.61,225.87,224.62,219.46,216.13,203.20,197.45,187.45,178.24,167.36,153.17,139.52
111.40,122.92,127.53,137.06,144.81,151.72,155.08,160.05,160.85,163.08,165.95,167.55,171.29,173.12,174.47,179.64,181.95,185.31,190.17,194.28,203.00,207.23,215.13,220.15,225.61,231.37,237.36,233.52,238.17,236.48,235.72,230.87,229.65,229.96,223.60,222.70,220.00,216.00,216.52,210.76,207.87,203.03,198.21,193.72,190.79,182.01,174.43,167.60,157.42,147.11,138.00,125.10
126.83,140.19,144.89,157.47,162.94,174.38,176.82,182.70,183.85,187.84,188.66,192.84,195.93,198.60,196.81,203.27,207.18,213.24,218.19,222.20,229.99,237.69,244.46,250.77,257.16,263.14,268.75,265.01,269.70,267.06,266.25,261.34,261.35,260.20,254.89,251.87,249.69,245.10,246.16,237.21,236.52,229.93,222.68,219.83,216.41,205.92,199.06,188.10,179.78,169.57,155.54,141.20
127.47,141.01,145.89,157.00,165.92,174.15,177.52,182.02,184.61,188.32,189.40,192.43,194.08,196.86,198.46,202.83,208.85,213.93,215.59,222.69,230.67,237.47,244.32,250.77,257.03,262.21,269.76,270.20,268.70,269.26,268.17,260.20,261.01,256.86,253.15,249.42,247.95,244.61,244.61,237.86,233.55,228.48,222.91,218.00,215.04,205.43,197.29,187.95,177.29,166.09,155.21,141.42
127.48,140.25,145.56,155.76,164.84,175.45,175.41,182.53,185.65,186.03,189.76,190.96,196.62,199.06,197.91,205.00,208.61,211.93,216.41,221.06,231.22,238.00,245.12,249.03,257.11,264.26,268.68,266.12,269.81,267.42,266.84,259.98,260.57,260.42,255.00,249.90,248.20,243.30,242.98,239.27,235.03,227.27,222.99,217.19,214.48,204.48,198.81,188.81,177.34,168.03,153.94,141.68
111.83,121.92,127.53,137.00,144.70,152.74,153.24,159.06,161.21,163.98,166.93,168.44,172.18,174.66,174.43,178.06,185.15,187.56,191.78,194.24,201.22,209.02,217.18,220.05,228.40,230.67,235.48,236.60,235.77,236.91,235.37,231.04,230.93,229.22,225.49,222.04,219.80,217.11,214.53,210.54,207.52,203.82,196.17,193.26,190.47,182.88,174.63,167.05,158.23,147.79,138.54,124.10
108.24,121.59,131.73,136.40,145.07,151.85,152.97,159.66,162.93,164.15,163.29,169.73,172.19,173.28,171.55,177.40,181.69,186.39,191.09,192.00,200.87,207.33,215.11,220.48,225.28,231.56,237.80,236.66,238.92,238.29,237.93,229.84,231.80,231.55,226.74,223.61,220.98,216.06,216.00,213.28,211.83,201.76,200.11,193.99,191.61,182.00,174.98,166.21,158.67,149.64,137.91,125.21
123.00,136.44,143.89,153.39,158.52,167.36,169.01,177.52,179.33,183.00,183.71,186.51,191.85,191.23,191.21,196.00,202.20,207.02,214.45,214.66,224.50,232.11,241.03,243.29,250.48,259.30,266.05,261.67,263.79,264.37,261.44,257.56,259.39,257.48,254.40,249.10,246.01,239.87,239.83,237.66,234.16,223.95,222.01,216.10,214.37,203.48,194.03,183.99,177.13,166.18,149.60,138.00
110.72,124.65,127.46,137.62,145.07,153.38,155.60,159.08,161.30,163.45,167.03,167.72,171.47,172.84,172.53,179.25,181.47,187.54,191.37,195.24,203.44,209.99,215.14,222.40,228.37,232.11,239.11,238.55,239.18,239.02,237.93,232.11,232.85,231.01,227.41,222.99,222.33,218.68,216.42,213.10,207.96,205.12,198.15,195.01,192.38,185.59,177.14,166.78,159.30,147.57,138.29,125.30
124.74,138.05,146.33,156.01,162.75,170.56,176.11,182.13,185.72,186.94,190.28,193.85,197.70,198.01,198.60,202.80,207.47,213.68,218.83,219.82,230.49,237.12,245.96,249.58,254.56,264.32,268.47,264.78,263.77,267.88,263.90,256.63,256.69,258.59,251.87,245.96,245.64,241.50,238.05,234.96,232.46,224.29,220.00,214.46,211.44,201.56,194.13,185.00,174.73,164.65,152.27,136.56
127.49,140.12,149.69,158.15,165.05,174.23,177.45,182.54,187.77,190.54,189.24,194.94,198.77,198.20,198.98,204.20,211.97,215.80,222.80,223.89,233.43,241.35,250.20,253.62,261.01,269.82,276.02,273.58,274.12,276.10,272.92,266.07,267.17,267.11,261.77,258.09,254.03,248.92,247.82,243.48,242.33,233.59,229.09,222.81,220.57,207.95,201.21,191.13,185.07,179.90,159.14,143.59
105.12,111.80,124.74,131.64,134.39,133.46,145.42,146.01,152.30,157.38,158.32,161.15,164.30,165.02,166.72,170.75,172.81,179.20,180.88,181.43,185.53,189.76,195.17,198.49,204.02,205.12,204.98,204.13,199.60,194.13,186.94,179.40,167.63,164.83,153.69,149.46,147.00,145.00,143.59,135.33,138.44,137.30,130.27,127.20,127.88,123.00,119.94,114.13,105.95,99.05,94.87,86.01
125.10,139.09,147.96,157.41,163.13,172.39,175.93,184.78,188.37,191.85,191.23,196.02,200.47,199.21,200.21,205.66,212.44,216.45,221.28,223.44,232.81,238.66,250.67,252.37,258.12,267.51,272.35,266.55,268.29,270.05,266.66,261.61,260.28,261.23,253.71,249.30,248.07,241.99,241.25,239.72,235.92,227.04,222.15,218.28,216.90,204.36,194.91,185.92,176.37,165.60,152.69,138.68
120.49,133.00,139.79,150.57,157.62,166.51,168.67,175.55,175.84,178.99,179.07,184.61,188.35,191.11,191.13,195.43,201.49,205.01,209.47,213.49,222.06,230.63,237.36,242.62,250.22,253.88,260.89,259.70,262.07,259.42,259.82,252.21,253.03,251.39,245.62,240.69,239.61,235.19,234.00,229.71,227.18,220.08,216.01,211.01,206.12,196.82,188.86,178.53,169.71,161.00,147.36,135.37
102.96,112.72,121.08,132.19,138.84,141.04,147.41,155.03,160.33,162.29,164.08,170.95,171.17,173.14,175.11,176.66,180.28,185.00,187.83,191.85,195.49,197.73,203.30,204.38,210.40,212.22,215.00,211.85,208.54,201.36,196.33,187.28,176.41,169.99,158.69,153.69,151.49,150.14,148.66,144.31,146.45,139.22,135.95,133.45,131.47,126.85,119.92,116.39,109.18,102.42,97.53,88.96
113.85,127.13,131.38,140.90,148.38,156.52,160.46,165.00,166.98,170.29,173.46,174.73,177.59,180.35,179.87,184.30,188.90,192.92,198.01,200.66,207.53,216.09,220.20,226.72,231.57,238.60,241.40,239.08,240.30,240.45,237.92,233.28,232.65,232.95,228.44,223.62,221.33,217.01,216.02,211.63,210.64,203.00,198.60,193.81,189.74,182.22,175.05,166.88,157.47,147.00,137.62,124.58
127.94,142.00,146.24,153.60,163.05,172.84,177.19,183.07,184.88,188.22,192.63,195.26,201.16,203.63,201.79,207.68,213.05,215.97,222.73,224.96,232.73,240.16,247.26,253.90,261.45,267.59,270.91,267.09,272.99,271.82,270.30,264.92,261.77,261.36,254.03,251.28,248.89,244.20,243.02,237.36,234.97,227.63,221.65,214.87,213.36,203.93,195.48,186.56,176.67,164.20,152.61,139.64
131.02,145.62,150.92,161.77,169.61,182.22,184.57,189.36,192.20,195.51,196.98,197.73,204.64,205.24,204.13,209.03,216.08,220.49,223.47,230.12,236.93,243.67,250.94,256.22,264.26,269.63,273.10,272.04,273.49,270.51,271.36,263.84,262.13,261.20,254.70,249.90,250.65,244.98,245.15,238.41,235.21,229.27,222.11,216.84,215.82,207.06,196.73,189.26,176.65,166.96,153.73,139.61
131.59,146.41,152.27,164.77,169.62,181.39,184.48,193.23,194.44,197.43,198.71,203.08,207.63,207.47,207.25,214.11,219.02,224.08,230.05,232.81,240.83,247.49,254.44,260.00,267.28,271.53,279.93,275.63,276.49,275.33,274.00,267.09,265.99,268.17,261.02,252.58,252.17,246.85,246.48,242.54,238.21,229.08,224.35,220.04,216.60,204.98,197.00,184.76,177.79,167.43,154.00,140.06
125.10,140.62,149.25,158.11,162.81,171.96,175.82,183.25,185.32,190.43,189.06,195.07,198.98,198.96,198.92,204.00,208.43,214.95,221.27,220.74,228.84,237.15,244.88,249.47,254.00,260.69,266.99,262.68,263.77,264.70,261.16,251.32,254.07,252.67,248.87,242.40,238.52,234.34,231.70,231.33,226.75,215.23,212.25,205.91,203.04,191.86,184.14,174.89,165.68,155.08,144.09,129.69
117.92,131.13,136.19,147.00,153.00,161.15,164.84,171.41,173.22,176.21,176.85,181.33,185.37,184.84,185.27,190.71,195.76,200.00,204.27,207.68,214.08,220.06,228.04,230.93,236.91,241.17,246.74,245.10,244.59,245.52,242.43,235.53,236.78,233.45,229.40,223.27,221.82,217.83,216.10,211.00,207.16,199.97,195.18,191.40,187.48,179.30,170.65,160.80,153.08,144.06,132.77,120.28
129.32,143.96,151.33,160.64,167.59,177.99,181.18,187.84,188.52,193.98,193.13,198.00,201.65,202.37,203.04,209.62,214.18,219.00,224.36,227.11,234.27,241.61,250.45,252.79,260.38,265.34,270.62,267.32,268.60,266.91,263.84,256.70,256.82,257.12,250.60,244.75,241.01,236.78,234.88,230.17,226.00,218.05,213.89,207.53,203.94,193.06,184.89,174.18,166.48,155.67,143.01,130.38
107.52,118.07,127.02,132.41,144.39,150.15,155.23,159.15,162.00,166.82,172.26,175.01,177.16,180.77,183.17,186.10,187.38,191.59,194.49,198.21,203.21,206.02,208.63,214.61,217.71,221.53,223.29,222.81,220.54,216.47,212.24,208.72,198.12,192.75,183.10,182.54,180.55,177.00,170.56,166.01,164.92,161.45,153.79,149.16,149.93,143.81,137.62,132.41,123.55,116.73,112.81,100.66
131.47,145.25,152.43,162.69,170.99,178.03,182.94,189.17,190.65,195.97,197.80,200.00,204.32,205.09,205.06,211.46,216.98,221.92,228.79,227.55,235.31,244.05,252.24,254.87,262.18,270.65,275.14,269.58,270.95,271.68,268.25,260.43,260.05,259.37,253.95,250.02,244.53,238.25,237.89,233.85,229.31,221.21,216.33,208.97,205.57,195.43,187.58,176.50,167.45,156.47,146.82,132.88
127.77,139.61,146.75,155.97,162.79,170.85,175.86,181.23,183.44,187.17,187.97,191.94,196.96,195.97,194.31,199.58,206.02,209.48,215.98,218.02,225.76,231.90,241.35,243.39,251.25,256.27,263.45,258.81,259.33,261.54,260.05,251.29,253.66,253.18,246.48,241.58,238.40,232.56,231.00,226.11,223.13,214.59,209.88,206.05,199.46,188.86,181.34,170.36,161.97,152.61,139.29,127.01
130.10,143.03,147.96,158.62,165.42,174.45,178.26,181.75,183.53,186.43,190.68,190.85,197.09,197.31,197.27,201.82,206.01,211.12,215.52,218.34,226.42,233.81,241.08,247.24,253.81,258.05,262.71,261.86,263.80,261.37,261.22,252.00,253.16,249.63,245.35,240.60,239.10,235.05,233.42,225.14,222.73,216.32,208.87,201.20,198.83,190.69,182.10,170.88,163.52,152.82,139.74,128.06
127.09,141.21,146.63,157.00,161.62,169.50,173.37,181.33,180.94,186.25,184.86,188.86,193.04,194.03,193.33,199.12,203.59,208.08,213.34,214.22,223.56,229.40,238.50,241.01,248.60,254.28,260.55,257.28,259.16,260.54,259.00,252.05,252.06,252.05,246.11,240.95,236.92,234.01,230.71,226.87,222.99,212.45,208.21,203.34,199.25,188.90,178.13,169.80,161.48,152.74,138.05,125.60
133.54,152.51,155.82,163.75,173.64,179.40,183.74,190.13,189.45,193.66,195.26,196.47,200.82,203.00,206.02,206.63,210.09,214.83,223.03,226.74,232.40,240.20,247.13,252.51,259.33,265.71,270.41,270.22,271.12,271.93,269.22,263.50,262.48,261.56,255.57,250.57,248.70,243.39,240.22,235.91,232.86,227.55,217.85,211.81,208.66,200.00,191.23,179.98,169.80,159.41,148.57,131.32
127.10,139.45,147.85,155.24,162.59,170.03,175.00,180.16,179.80,185.28,186.08,189.97,193.00,192.88,194.86,196.96,201.64,206.81,212.46,213.78,220.95,228.08,236.35,240.16,246.76,250.42,255.31,253.87,257.42,254.52,253.86,247.13,247.95,244.09,240.97,237.19,234.05,230.49,227.77,221.53,218.22,211.62,205.24,199.53,195.01,189.10,178.37,168.68,162.11,153.69,137.01,125.00
132.24,145.23,150.70,159.06,168.67,176.71,179.30,185.04,184.23,188.43,192.13,191.69,195.80,196.89,199.65,202.68,203.89,210.10,211.99,216.28,224.57,230.42,238.73,243.29,250.70,253.87,260.00,260.68,262.19,260.23,261.90,253.58,254.67,250.46,246.81,242.89,241.76,237.43,233.43,227.01,224.61,221.62,211.82,205.91,202.00,195.41,187.30,177.10,167.89,156.16,143.67,131.85
135.44,150.81,154.43,166.00,175.16,184.56,186.72,191.97,192.20,195.53,200.59,200.90,204.50,205.87,208.15,210.04,213.97,219.61,223.52,226.90,232.08,239.43,248.42,253.53,257.93,263.19,267.60,266.60,270.75,268.15,266.27,260.19,258.49,254.95,250.05,249.65,243.25,240.88,237.00,232.05,227.67,222.87,215.82,208.52,205.20,198.84,191.26,179.36,169.65,158.94,147.57,133.51
136.03,150.73,158.04,166.68,173.57,181.57,186.03,190.59,193.55,196.09,198.20,200.26,204.16,204.00,205.55,210.64,215.08,218.11,224.56,224.59,230.36,240.05,248.16,251.08,258.79,265.44,272.22,269.46,269.79,271.03,267.90,261.43,261.60,261.34,258.51,256.48,248.34,244.72,242.16,239.43,235.05,229.31,221.11,215.87,210.10,205.10,193.51,183.39,175.21,162.53,151.99,135.71
133.15,147.05,154.03,161.94,167.31,177.10,179.32,188.10,188.81,192.09,190.37,196.01,201.40,198.64,198.31,203.81,206.79,214.25,219.32,219.10,224.61,232.50,241.13,243.46,249.69,258.95,263.15,261.02,261.95,261.77,260.84,254.48,254.37,255.52,251.45,248.77,242.16,237.42,236.02,234.54,230.10,221.05,217.91,211.65,206.63,199.00,189.11,177.61,170.02,159.13,144.53,133.09
132.46,147.36,153.53,159.71,168.32,178.54,180.94,186.25,185.61,189.19,192.77,193.33,197.25,198.60,200.44,202.78,206.47,212.04,215.06,218.66,224.96,231.47,239.99,242.33,249.10,252.48,257.45,257.93,260.44,258.05,257.82,252.30,250.73,248.36,246.08,244.52,240.16,236.60,232.90,230.08,222.27,220.82,212.81,207.62,203.83,196.02,189.71,177.87,169.43,156.73,146.01,133.33
141.42,156.42,161.34,171.09,179.18,189.78,191.67,197.44,197.12,201.14,203.33,206.02,208.17,211.48,212.90,215.76,218.82,224.24,229.40,232.14,237.61,244.26,252.20,258.68,265.32,268.29,272.84,274.90,274.17,272.41,273.31,267.44,261.69,263.21,257.77,257.42,252.17,250.00,245.73,241.50,238.00,234.05,226.11,220.33,217.12,209.82,200.26,189.40,178.52,167.60,155.21,141.69
135.03,150.21,157.18,167.62,173.07,184.14,186.43,192.52,192.61,197.69,199.02,203.57,206.66,207.24,208.54,213.74,215.02,219.99,224.59,227.38,233.15,239.64,246.22,251.80,257.26,262.09,264.37,262.01,263.91,261.62,260.43,253.82,252.21,250.01,246.68,244.20,240.35,236.92,233.90,230.18,229.03,221.49,218.69,213.57,208.90,199.81,190.91,182.48,174.09,162.31,150.21,136.06
133.26,147.87,156.24,164.35,170.49,181.28,184.36,191.23,192.21,197.14,196.36,200.14,203.59,203.19,205.00,207.88,213.10,218.82,221.42,222.40,229.26,234.80,243.15,245.95,253.12,256.76,259.89,258.52,259.62,257.24,255.73,249.90,247.80,246.46,243.51,243.29,237.23,235.67,232.54,230.72,226.32,222.41,217.04,212.85,209.83,201.16,194.37,184.09,174.67,165.11,153.01,138.92
131.37,143.68,153.44,162.37,167.71,177.81,180.94,189.49,190.42,193.26,191.64,196.66,200.66,200.09,201.49,206.34,210.68,214.72,219.17,218.01,224.66,231.37,240.95,242.19,249.85,254.49,258.99,255.98,255.50,254.94,254.20,248.03,245.38,246.94,243.40,241.23,236.58,233.06,231.31,230.42,227.86,219.91,216.02,211.81,207.28,200.47,193.71,182.32,175.52,165.89,150.08,137.10
134.74,149.57,154.74,164.44,171.47,182.00,184.38,189.43,191.38,193.06,197.65,198.00,201.01,203.77,205.35,207.50,210.30,214.98,220.91,223.62,232.48,236.07,246.48,251.38,258.13,261.11,265.51,267.53,267.75,265.19,266.69,261.70,259.56,257.16,253.60,252.24,250.19,246.83,243.98,240.79,236.40,231.08,226.55,220.29,218.52,210.86,201.56,192.84,182.46,170.39,158.53,141.76
129.00,144.14,152.75,160.06,165.19,175.86,179.30,185.81,184.53,191.27,189.81,194.49,198.60,198.25,195.49,201.76,208.61,212.49,217.86,217.00,225.18,233.35,242.37,243.51,251.02,258.12,263.75,261.09,263.74,264.05,260.02,255.38,254.13,256.46,250.92,249.36,245.20,241.85,239.11,239.91,236.54,228.05,225.08,218.84,215.67,205.19,198.36,187.39,180.28,168.59,155.36,139.64
126.87,138.77,147.18,154.18,162.05,170.14,171.59,179.12,179.52,184.25,184.11,189.00,191.48,192.04,190.63,194.59,201.56,206.49,212.26,212.15,220.04,229.08,239.47,241.81,249.81,256.13,262.15,260.43,262.98,264.61,263.01,256.64,256.97,257.86,254.09,251.86,247.13,243.02,240.15,239.94,237.20,231.10,227.13,220.00,216.07,208.06,196.70,187.86,178.32,166.87,154.03,138.84
124.63,138.23,144.73,152.74,158.32,169.00,170.00,177.48,177.79,182.04,181.04,186.63,190.87,189.68,191.32,195.36,199.48,207.39,212.08,212.15,222.72,229.73,239.89,243.40,250.83,257.16,265.77,261.20,265.86,266.95,265.38,257.10,258.05,259.88,254.92,252.83,248.85,244.52,240.56,238.08,238.54,231.23,226.99,220.13,215.33,205.83,197.74,187.52,179.27,167.15,153.44,138.29
123.49,138.41,141.78,152.16,160.46,168.58,171.77,174.64,177.16,178.83,183.17,184.07,189.47,191.23,194.25,198.60,201.01,208.14,214.15,218.22,228.27,235.99,244.23,250.89,259.73,261.61,268.88,269.41,272.95,270.25,270.25,263.71,262.49,262.16,256.44,252.07,251.43,251.03,246.94,240.07,238.11,232.69,226.26,219.97,218.28,207.08,198.85,188.28,179.12,165.25,153.39,139.54
117.92,135.99,145.67,151.22,157.38,170.66,165.39,174.87,173.95,182.46,183.00,183.45,190.28,192.00,197.06,200.59,204.00,211.40,218.00,222.03,230.96,240.01,247.54,252.88,262.10,266.58,272.46,273.13,277.24,273.39,276.02,267.00,266.51,263.87,258.27,256.38,254.10,253.84,250.73,244.12,241.54,237.12,231.05,221.21,220.41,209.98,200.02,189.50,180.41,169.61,155.36,140.25
121.85,135.06,140.24,151.08,157.17,166.21,168.36,176.10,176.47,178.92,183.86,184.40,191.05,193.66,197.39,203.84,207.46,211.87,218.45,224.76,232.88,241.30,249.54,256.24,263.25,268.41,276.03,271.97,276.59,275.54,275.93,267.86,266.51,266.81,260.50,258.32,256.10,252.87,250.44,244.18,241.41,236.55,232.43,224.85,220.64,211.73,201.36,190.32,180.71,169.17,154.15,139.52
111.00,124.62,132.59,141.90,146.84,155.42,158.81,166.54,166.09,171.49,172.70,179.34,180.50,181.66,184.45,187.39,193.26,198.92,205.52,204.75,215.39,221.94,231.19,236.03,239.12,247.59,254.06,249.62,251.00,251.62,247.59,241.78,238.56,238.76,236.08,231.39,226.21,222.93,219.59,218.98,213.84,208.06,204.45,197.59,190.82,183.41,176.80,168.67,158.20,148.06,136.03,123.07
124.91,141.15,146.77,156.20,163.81,173.00,176.14,182.41,182.24,188.22,190.63,190.39,196.62,198.65,199.47,203.25,209.98,214.95,221.17,222.72,232.70,241.60,246.85,251.10,262.09,262.99,268.79,269.58,269.00,266.59,263.69,258.00,255.00,251.55,246.59,243.10,237.66,235.67,232.56,228.57,223.89,218.69,211.22,207.24,202.39,193.85,184.95,176.48,166.39,155.33,144.27,129.81
123.76,138.41,142.36,150.81,159.30,168.65,169.01,178.71,179.81,183.31,187.88,186.23,188.90,193.84,195.35,200.03,203.59,212.04,215.82,218.44,230.31,237.80,243.65,247.25,258.12,260.11,265.42,265.00,265.29,260.97,262.00,254.24,252.88,246.81,242.16,238.48,235.31,231.46,230.49,224.34,220.23,215.13,208.87,204.22,200.24,191.01,183.73,175.05,161.61,154.03,142.56,128.58
117.89,131.02,140.52,146.58,153.63,162.27,164.83,172.07,171.16,175.03,176.18,179.82,182.22,182.10,185.16,189.90,198.04,204.17,208.41,209.86,218.77,228.08,238.76,242.40,248.39,256.00,261.62,258.80,257.80,261.05,255.81,250.29,244.77,246.34,240.84,237.93,229.51,224.01,223.01,222.80,219.01,211.01,208.00,203.38,198.25,185.92,179.21,169.58,162.24,152.19,139.29,126.81
121.50,137.28,145.06,151.60,157.80,168.05,169.80,181.07,181.34,184.57,186.02,190.88,195.13,195.35,198.31,204.83,208.63,215.13,222.63,225.04,236.50,245.73,254.33,257.26,265.22,270.74,279.10,274.80,273.54,273.54,271.97,264.11,261.09,259.22,254.58,248.01,243.07,241.35,236.22,230.87,229.98,221.45,217.52,212.28,207.79,197.72,189.08,179.61,170.99,160.55,144.96,131.48
118.23,132.97,139.01,149.48,153.94,164.71,166.15,175.28,177.05,179.42,182.88,185.83,188.60,191.13,193.87,202.85,206.63,215.24,219.45,224.86,233.50,243.77,252.05,259.86,266.43,272.08,276.81,273.01,272.52,271.28,267.37,260.45,254.89,252.55,248.94,244.02,236.86,231.37,230.49,224.59,219.97,215.18,210.65,203.80,200.24,191.05,181.80,175.09,166.96,156.73,145.80,130.86
126.38,143.14,150.84,158.26,166.43,175.03,177.42,185.60,188.32,189.32,190.47,196.98,196.58,197.96,200.41,206.01,211.03,218.18,224.15,226.55,235.03,245.25,254.12,261.00,268.08,274.24,281.15,276.42,274.88,275.41,270.70,264.19,258.94,259.80,254.57,249.69,242.40,238.47,235.05,232.90,229.11,221.28,214.40,213.02,206.23,199.15,191.09,181.89,174.20,163.67,153.05,138.60
122.12,137.61,143.54,153.57,160.12,172.31,171.14,179.52,178.24,180.55,185.69,185.42,187.97,190.85,194.49,197.89,200.06,207.61,211.54,218.51,226.24,236.30,243.66,251.34,257.93,262.23,269.94,267.99,268.40,264.46,264.15,258.68,252.53,251.02,245.22,243.20,238.41,233.14,231.95,225.62,221.65,217.88,210.24,206.32,201.72,196.21,187.97,180.28,170.10,158.90,150.08,136.47
115.07,127.81,134.32,144.75,150.81,158.68,163.48,165.89,167.33,169.07,171.23,173.18,174.04,175.64,176.16,181.80,184.98,189.78,194.83,199.25,207.40,218.02,223.89,231.24,238.01,240.64,250.89,250.25,249.19,247.19,245.45,240.30,236.12,236.04,231.04,226.64,223.52,220.20,217.25,211.95,210.01,205.23,197.41,194.62,190.18,184.61,176.41,169.45,161.42,151.24,141.29,129.28
125.20,140.25,147.36,156.03,161.31,171.82,174.50,180.28,179.85,180.29,181.96,186.94,184.38,186.97,185.13,187.39,192.21,197.44,200.19,203.07,212.73,220.42,230.78,237.86,242.14,251.64,260.10,256.07,259.24,257.50,256.30,252.20,248.08,248.28,243.81,239.07,234.61,228.98,228.72,226.38,222.95,214.03,211.44,208.08,201.82,192.98,187.42,178.97,170.47,160.23,150.08,136.40
120.67,134.37,143.17,151.71,158.38,168.63,172.66,177.89,176.28,179.00,181.01,181.86,181.33,183.39,184.76,186.53,185.70,193.22,195.45,200.82,209.06,217.85,222.75,234.29,239.77,246.03,253.34,252.36,255.39,253.46,254.13,248.86,245.02,243.20,240.69,238.52,235.52,232.71,228.60,222.27,222.14,216.90,210.30,207.06,202.04,196.31,189.28,180.87,171.21,163.81,151.17,140.09
124.95,139.49,147.87,157.95,162.78,172.24,178.34,181.23,181.02,184.46,185.69,185.84,186.03,187.45,186.82,189.81,190.07,195.14,198.20,201.56,209.54,220.05,227.04,234.63,242.01,248.17,256.19,259.28,259.99,259.24,258.40,254.23,253.60,251.88,249.62,245.84,242.22,240.67,237.95,234.01,231.40,226.11,219.06,216.21,212.19,205.87,197.09,188.11,179.13,171.74,158.32,143.74
135.95,152.43,162.44,170.84,176.31,184.59,190.07,193.40,195.65,197.41,196.02,197.97,198.21,197.20,194.88,195.66,197.52,202.24,204.36,206.66,216.08,222.70,233.01,237.77,244.40,256.14,266.03,262.27,264.59,269.16,266.03,262.91,263.06,265.36,261.74,258.44,253.67,249.63,250.06,246.22,242.12,236.24,230.76,225.89,222.15,213.94,205.34,195.93,186.94,176.64,164.28,149.46
126.92,143.84,152.12,161.45,164.55,175.28,179.30,184.53,186.70,186.30,186.70,188.30,190.25,188.45,187.54,187.77,187.11,190.52,193.61,195.13,203.06,209.32,218.49,222.52,229.14,239.28,246.56,246.29,247.30,245.52,247.11,245.58,243.07,245.90,243.39,240.71,235.57,232.42,232.86,229.79,227.86,220.78,215.87,213.04,209.83,202.36,194.54,186.10,178.66,170.46,157.03,142.08
130.86,145.26,154.46,162.56,169.19,178.46,185.27,191.13,190.04,192.27,193.04,196.16,194.24,195.32,193.04,195.14,193.91,200.01,200.35,203.50,206.20,213.41,221.52,228.27,232.43,241.91,247.14,246.91,249.01,249.09,248.62,246.17,244.35,245.73,244.24,240.84,235.02,231.64,231.85,230.63,230.55,221.38,217.06,214.44,210.12,205.04,196.54,186.87,180.43,170.59,158.82,146.24
138.29,151.46,162.35,174.04,183.20,189.79,197.29,202.41,202.04,205.50,207.01,209.09,210.00,209.38,208.61,211.24,209.54,214.71,214.31,216.69,222.83,230.08,234.10,239.28,244.31,252.24,255.49,253.19,254.10,252.77,254.28,250.05,249.21,247.63,245.90,243.18,239.93,236.21,235.23,231.16,229.87,223.75,219.24,216.02,213.40,207.04,199.12,191.09,182.57,169.68,161.99,148.30
143.59,157.70,168.30,179.12,185.56,194.45,200.93,206.17,208.06,212.93,212.20,216.71,217.08,214.13,212.19,214.89,217.08,221.89,222.33,222.64,225.16,232.94,239.94,242.69,248.85,255.31,259.48,255.76,256.53,255.28,253.69,247.76,246.02,249.13,245.70,241.81,235.79,232.66,231.00,231.16,229.46,219.59,217.20,214.44,210.11,204.28,197.75,187.11,179.01,170.30,157.51,145.50
142.34,156.28,166.43,175.35,189.64,195.41,204.12,205.41,208.06,210.12,214.77,216.82,216.91,217.81,220.12,219.86,223.03,224.62,227.11,228.97,229.87,236.95,242.12,246.04,250.84,252.29,251.91,254.06,253.36,249.03,246.35,240.05,236.92,237.21,234.62,230.24,226.50,224.40,221.00,219.32,214.72,214.59,204.85,200.90,196.94,196.47,187.21,181.28,171.40,159.86,150.78,138.13
147.35,161.41,173.35,185.95,196.21,208.63,215.95,220.27,225.23,226.93,228.27,231.23,233.32,233.33,232.66,235.42,240.14,240.97,246.47,245.84,245.42,253.85,258.50,264.01,265.94,268.16,263.29,260.86,255.38,256.19,250.65,242.19,238.81,235.64,234.78,229.65,223.62,219.76,217.28,214.83,210.64,205.83,199.61,195.13,192.51,187.77,178.49,171.96,166.47,157.21,143.56,129.07
146.03,161.28,166.43,183.85,201.72,206.93,212.04,215.13,219.53,220.78,224.01,225.85,227.48,228.72,228.37,229.86,233.86,236.70,238.10,241.35,239.94,248.93,250.13,255.69,258.37,259.06,254.95,251.64,248.31,245.78,242.35,234.34,229.03,226.61,224.18,221.21,216.06,212.23,209.94,206.02,202.23,199.86,192.26,189.62,184.50,182.16,174.39,168.76,159.70,149.38,140.72,127.63
155.72,173.77,183.08,193.60,203.73,214.11,220.44,225.20,228.82,232.78,233.57,233.45,234.91,236.07,235.64,238.54,233.19,239.78,240.71,243.43,241.87,250.06,247.54,254.43,257.61,257.77,254.89,253.55,252.00,244.44,247.00,240.42,236.78,234.71,231.70,227.63,225.74,223.22,220.88,212.66,212.13,210.38,202.07,201.00,195.76,193.79,186.04,179.52,169.71,160.64,149.21,136.47
161.20,176.79,186.82,194.98,207.16,215.11,221.69,227.70,230.71,232.50,232.69,234.35,236.45,236.13,235.26,235.75,235.01,238.67,239.77,237.89,236.58,241.70,242.62,249.21,248.27,253.34,252.07,249.34,245.08,241.02,242.10,234.80,231.14,233.19,232.23,229.40,224.45,221.88,218.05,220.02,214.98,211.57,206.41,203.09,200.03,195.48,188.85,180.41,173.10,164.44,155.01,140.09
121.63,133.36,144.53,156.11,162.10,171.21,176.32,179.64,179.61,178.60,180.01,180.34,181.60,178.19,177.07,179.01,178.53,177.03,178.73,179.60,183.70,188.82,197.16,194.59,202.57,203.35,202.74,199.36,199.06,196.37,193.31,189.62,179.40,176.71,170.42,168.96,166.02,161.82,160.25,156.54,156.49,149.11,148.66,141.01,140.62,134.06,128.27,124.23,122.32,115.00,109.29,97.86
157.61,174.05,182.04,192.63,200.86,210.39,218.08,221.30,221.96,227.78,226.38,225.52,227.07,221.00,219.32,217.56,215.61,216.60,212.35,207.93,196.06,196.82,196.41,198.71,198.49,200.83,204.96,208.04,208.41,211.21,212.00,209.55,213.38,215.06,216.89,213.60,213.12,211.87,209.83,210.85,209.15,206.04,201.82,201.38,198.40,197.04,189.50,181.18,173.28,163.77,150.00,137.64
170.58,189.03,197.87,211.49,219.06,230.41,237.35,240.25,238.88,240.53,244.20,242.24,239.08,237.08,232.42,229.96,223.79,221.65,214.57,211.09,190.59,190.22,187.92,193.98,194.62,196.84,203.11,209.30,214.71,213.41,216.72,217.37,221.38,223.22,223.73,221.54,225.51,223.43,222.95,220.18,224.12,218.68,213.26,210.67,210.30,205.43,199.72,191.85,182.04,173.30,160.03,145.84
171.82,189.93,201.25,210.79,220.54,231.91,238.03,240.45,242.39,244.84,243.97,243.99,244.25,239.84,236.78,237.23,232.55,233.38,231.37,228.88,221.00,227.27,232.90,239.04,236.23,228.33,224.08,223.18,226.02,224.90,227.69,224.08,226.43,225.86,229.09,226.74,225.14,226.77,221.42,220.64,219.24,214.05,211.26,207.86,205.24,199.88,192.59,186.08,177.60,169.53,156.54,140.09
171.33,189.17,200.24,209.48,217.30,228.04,234.01,235.64,237.20,240.53,235.94,239.00,237.19,233.00,229.58,227.55,225.62,225.23,219.13,215.86,209.55,216.23,220.06,225.02,219.94,219.00,216.00,215.13,216.12,219.32,221.25,217.87,221.38,225.72,224.36,224.08,221.58,218.89,216.67,221.23,218.79,210.00,210.02,205.43,202.41,195.58,189.62,180.85,173.00,166.21,149.88,135.72
86.40,91.84,97.35,99.46,104.17,108.85,110.44,111.40,113.78,117.15,118.30,121.94,123.76,131.73,131.73,134.06,136.56,139.54,140.72,144.00,152.19,163.69,187.02,210.28,218.83,227.71,231.00,231.32,231.45,228.65,224.70,219.67,211.40,205.53,200.20,195.17,186.55,180.47,171.23,166.64,159.01,154.51,143.78,139.45,133.72,120.35,117.89,110.17,99.30,93.43,89.81,78.10
180.89,196.46,203.91,215.65,226.27,238.25,241.13,242.00,238.44,240.52,240.34,235.69,235.34,231.46,226.74,221.82,213.59,208.85,201.53,191.47,160.82,153.42,151.43,159.77,165.01,174.57,189.16,192.35,198.43,203.27,206.65,205.91,211.75,210.30,212.90,210.89,211.77,207.37,205.52,201.81,200.81,196.25,186.08,179.30,178.47,170.02,160.42,150.08,141.15,132.70,121.02,106.40
79.16,85.42,88.24,96.17,105.30,105.55,108.30,111.45,113.03,116.62,120.88,125.16,129.19,136.97,139.62,139.85,148.96,160.45,171.30,186.64,224.56,234.26,243.00,244.91,249.36,253.02,254.61,248.60,244.77,245.20,242.33,236.78,230.63,225.01,218.71,214.98,208.87,202.43,196.76,194.31,186.95,182.46,175.10,172.70,168.44,160.45,156.87,148.07,137.88,133.00,126.59,113.00
72.84,84.05,92.13,100.40,103.16,104.48,99.99,99.46,104.81,108.93,117.27,119.42,126.91,132.08,141.03,148.31,168.01,175.76,190.92,199.67,218.49,225.49,228.66,234.80,238.30,240.52,242.59,239.71,237.31,236.52,236.04,227.97,224.18,219.10,216.78,212.81,208.72,202.42,198.22,198.03,190.21,185.35,183.22,177.16,174.83,167.86,164.47,155.08,148.03,142.17,131.70,116.18
79.81,86.13,92.91,98.98,104.02,109.42,111.00,119.33,123.17,129.28,135.37,142.68,153.00,156.98,164.28,173.14,186.63,198.72,213.70,223.24,233.45,238.95,244.77,249.10,254.28,255.82,259.39,256.46,254.70,255.38,250.32,244.63,240.19,236.58,232.65,227.66,222.10,218.21,211.53,210.01,205.72,199.57,197.10,191.40,189.13,180.10,176.48,166.17,159.33,151.08,143.13,128.41
83.49,92.61,99.05,105.95,115.62,119.47,124.15,130.60,137.93,143.27,154.35,158.26,163.53,173.00,181.82,187.77,197.50,206.18,215.78,223.95,233.70,238.08,249.39,252.83,253.67,260.97,262.27,252.72,254.00,253.20,245.41,242.03,236.58,233.42,227.74,223.99,217.59,214.95,210.37,205.54,200.96,198.85,192.42,189.17,182.89,176.03,171.16,164.51,153.39,147.51,137.64,125.30
75.39,85.01,92.11,100.12,105.39,114.00,117.27,131.47,136.52,144.14,154.00,161.12,169.01,175.51,181.41,186.90,196.79,203.21,208.10,211.15,218.08,221.11,226.95,228.84,233.68,234.16,235.51,232.94,232.08,229.11,226.24,220.68,216.18,212.94,209.30,205.73,201.14,198.04,195.49,194.01,188.60,183.70,181.69,176.88,173.74,166.53,161.97,154.38,147.03,136.69,129.42,117.18
87.30,98.01,108.56,114.20,119.97,127.06,134.73,144.84,148.52,156.16,162.05,167.44,170.66,178.40,182.01,189.59,194.18,203.57,208.06,212.45,221.02,228.08,232.60,234.03,235.59,239.30,239.27,234.25,233.12,228.49,225.79,219.43,212.23,207.16,202.01,201.06,195.73,191.69,190.38,184.20,181.00,179.01,176.82,171.21,165.05,161.11,157.42,148.49,145.00,135.24,125.54,117.03
92.20,104.81,110.39,120.75,130.61,139.52,144.25,154.47,160.43,164.98,173.85,179.81,183.45,188.38,191.23,196.56,202.47,209.91,213.69,216.84,222.47,227.90,234.02,234.78,237.93,242.86,242.40,233.63,233.01,231.86,226.02,220.91,216.18,212.60,209.62,205.20,201.23,197.84,194.99,192.00,187.32,185.00,183.61,180.16,172.81,170.66,166.41,158.45,148.14,140.51,132.82,121.04
102.20,114.79,125.00,135.16,146.77,152.97,162.63,174.45,180.90,187.45,193.31,199.46,204.79,208.70,210.21,215.30,224.18,230.59,233.79,236.00,241.30,248.57,254.47,256.63,258.99,262.27,262.94,257.66,257.07,254.26,247.87,241.66,234.54,234.41,230.20,224.96,218.29,214.83,211.60,210.95,204.61,201.94,198.71,194.49,190.65,182.33,180.09,170.02,163.52,151.80,142.14,129.47
106.23,119.04,128.22,138.96,149.97,157.41,164.11,172.03,179.36,182.61,190.97,197.00,199.02,204.62,208.28,212.24,216.45,222.25,229.99,233.31,240.26,247.48,253.75,255.00,260.38,263.64,262.53,258.94,257.66,252.52,249.00,244.05,234.89,232.08,225.89,223.44,218.08,212.71,211.59,208.12,202.47,200.26,197.65,191.69,186.51,181.40,178.44,169.01,161.31,150.24,142.69,129.44
101.12,113.65,120.51,131.37,141.22,148.41,156.87,164.20,170.88,174.32,181.02,184.84,190.12,192.10,195.41,198.81,206.98,210.15,218.52,221.06,225.84,233.38,238.92,240.30,246.63,248.31,250.02,246.74,244.13,242.61,238.20,232.22,224.93,223.04,218.55,214.08,210.05,204.16,200.80,200.81,195.09,192.07,190.91,185.57,181.66,175.11,170.80,162.98,157.00,145.34,136.34,123.69
106.83,120.21,125.06,137.27,147.49,157.04,162.34,172.07,175.60,181.11,183.87,190.66,195.03,197.09,199.18,203.30,208.01,217.12,219.02,220.04,224.88,232.65,237.59,238.10,242.91,248.28,251.45,242.24,241.07,239.18,234.93,227.78,224.29,224.16,217.88,215.70,207.95,203.86,200.57,199.46,195.87,189.17,190.07,184.97,177.87,173.69,167.05,160.08,152.76,141.95,131.14,119.85
99.74,111.07,120.35,130.97,139.06,146.25,153.68,163.22,165.85,171.75,175.25,180.83,184.76,187.20,190.60,192.78,200.25,203.67,208.86,211.62,218.30,223.00,229.53,228.97,237.06,238.37,239.01,234.20,236.02,232.62,230.26,221.58,216.32,216.45,212.01,208.87,202.20,198.15,195.90,193.05,190.41,184.17,183.52,176.95,173.10,167.97,162.79,154.21,149.86,140.00,127.53,115.43
98.84,110.17,117.89,130.59,140.04,146.99,154.50,162.56,166.53,171.94,178.47,181.46,186.39,190.69,193.98,201.56,204.94,211.01,217.15,220.84,223.44,231.60,236.02,238.30,241.63,242.39,242.43,237.03,235.16,230.37,228.01,220.81,212.06,208.83,205.12,203.16,197.59,192.42,192.35,186.90,182.40,180.36,176.21,172.20,167.97,161.55,156.98,149.40,139.56,130.46,122.54,111.20
109.73,124.20,132.00,143.38,152.21,162.81,169.12,178.62,182.24,185.97,192.05,196.09,199.16,201.73,204.17,207.56,212.53,217.67,223.95,224.96,228.62,234.34,240.01,241.70,244.93,250.46,248.46,243.30,241.13,239.08,233.90,229.58,224.29,224.16,218.39,214.76,208.40,204.36,202.71,200.96,197.09,189.42,187.95,183.21,177.51,169.24,164.56,156.49,147.57,138.25,128.27,115.00
111.79,125.06,131.47,143.54,156.40,164.14,170.63,179.12,183.85,188.90,195.89,197.97,202.09,204.66,206.85,212.53,217.18,220.49,226.59,227.55,232.56,237.67,244.59,245.05,248.85,252.05,252.07,247.97,245.15,244.47,238.25,232.13,227.11,224.15,220.69,217.20,212.82,207.87,207.33,200.93,197.63,196.31,189.36,184.79,178.02,173.51,169.19,159.48,149.12,138.58,133.12,116.76
111.50,124.81,129.99,141.83,152.23,163.69,166.97,173.90,176.40,185.16,194.58,193.57,198.34,203.34,204.83,211.53,212.95,219.69,224.56,228.35,234.96,240.78,243.98,249.62,253.57,256.16,255.97,251.33,249.07,245.95,244.71,239.02,232.22,225.57,223.79,218.63,214.35,209.38,207.17,202.89,196.94,196.09,189.01,185.40,178.75,173.53,168.32,158.00,148.72,137.82,131.58,117.39
114.00,128.69,138.11,148.06,158.68,166.37,173.67,182.92,188.10,192.63,197.31,201.53,204.41,205.36,209.06,214.40,219.80,228.40,230.41,230.27,237.60,242.62,250.23,254.59,255.95,262.41,264.52,256.13,255.15,253.39,247.78,238.81,233.42,232.42,226.06,222.78,214.52,212.00,208.63,206.19,202.60,195.21,193.20,185.61,179.69,172.82,163.98,156.01,148.41,138.03,125.40,113.02
116.39,130.46,137.80,149.24,159.71,169.85,175.93,183.53,187.30,192.63,197.00,200.14,203.74,206.71,208.00,214.90,217.11,223.65,228.11,229.38,236.35,240.41,248.87,251.02,255.69,259.54,260.85,253.84,253.01,249.38,245.39,239.41,232.82,230.52,224.18,221.27,214.76,209.86,209.20,203.21,199.58,193.06,190.24,184.46,178.04,169.01,162.25,153.53,145.26,134.97,124.19,110.60
115.55,132.28,140.89,151.91,161.45,169.06,176.18,186.55,190.02,195.33,198.44,201.73,205.04,207.42,210.02,216.93,221.37,227.56,230.53,229.99,238.44,244.77,252.69,255.23,257.62,264.60,262.21,257.41,255.97,252.52,247.93,239.21,233.81,230.84,226.12,221.33,213.97,209.85,206.02,203.00,198.74,192.51,187.98,182.60,175.41,167.87,159.97,151.24,143.09,134.48,124.04,109.25
112.25,125.03,132.02,146.82,150.62,161.48,167.09,175.33,180.60,183.67,188.16,192.63,193.26,200.26,199.14,208.01,210.87,216.21,219.04,224.83,229.54,237.41,241.36,247.27,248.62,250.54,248.32,245.82,242.99,236.12,235.72,226.93,220.93,215.20,209.29,206.83,202.48,195.97,194.55,189.64,185.46,181.55,174.03,169.29,164.34,157.93,150.75,142.76,132.61,123.00,116.81,104.69
111.89,127.57,133.22,146.24,152.84,160.85,167.04,173.54,179.45,184.44,191.32,193.26,195.02,200.74,202.27,207.53,211.18,216.90,221.02,225.80,233.11,237.41,243.92,247.27,249.76,252.00,249.43,247.95,244.46,238.92,236.58,229.37,222.73,218.05,211.06,207.96,202.89,200.12,194.74,190.39,186.04,184.10,174.45,170.74,165.60,157.69,152.59,144.36,133.93,124.20,116.69,105.76
108.23,125.94,130.18,140.94,153.01,157.31,167.76,174.52,181.46,184.76,190.07,191.65,196.00,197.97,199.62,205.55,210.34,218.15,219.92,221.63,228.01,233.14,242.57,243.28,246.87,250.60,251.43,244.05,243.10,241.10,233.69,226.60,220.95,218.83,212.53,207.93,202.14,196.47,193.61,190.83,185.00,179.98,175.73,170.43,164.88,155.01,150.08,142.17,134.41,124.58,114.91,101.87
123.79,139.01,146.99,157.78,169.71,175.93,185.92,194.79,199.25,204.00,209.95,213.57,216.71,218.92,219.87,226.42,230.52,236.71,241.23,242.74,245.70,250.19,256.60,256.05,259.31,262.49,261.01,253.13,248.91,245.20,238.95,232.49,226.53,224.15,216.75,211.80,206.87,200.66,196.37,194.92,189.08,183.33,179.27,173.36,168.44,159.71,153.85,145.25,136.96,128.25,116.11,104.40
107.52,119.10,127.76,135.72,139.52,148.93,150.88,158.90,158.00,161.51,164.56,168.58,168.58,169.55,171.96,174.77,179.18,183.70,188.32,181.22,180.55,185.85,183.76,179.77,179.63,177.18,179.18,176.14,183.73,201.68,218.08,226.01,221.78,226.37,213.19,209.12,203.42,200.12,196.98,190.42,188.81,180.45,173.22,173.28,165.20,156.34,146.24,140.46,132.40,123.26,113.70,101.87
127.49,146.82,155.40,169.45,178.76,189.62,197.31,206.95,212.53,215.13,219.83,225.67,229.00,231.23,230.59,238.08,240.64,245.98,249.20,250.55,252.39,256.02,262.84,263.41,263.78,269.74,265.19,257.24,254.16,250.06,244.84,238.25,229.40,229.90,222.99,218.51,212.88,205.30,205.12,201.56,196.06,189.74,186.23,181.02,175.51,166.38,160.00,151.17,143.39,133.66,121.59,109.29
130.98,146.01,156.46,168.67,178.46,187.77,195.53,199.90,206.37,210.44,216.45,216.82,218.63,221.88,222.79,227.59,230.26,232.46,236.43,239.70,239.79,246.34,250.32,252.04,254.71,255.86,254.70,249.65,247.62,240.20,239.57,232.12,226.06,221.84,215.87,213.01,209.80,205.77,203.09,196.11,194.49,191.26,182.66,179.82,174.67,167.37,162.52,152.46,143.09,132.59,124.17,112.59
136.06,152.27,163.75,174.19,185.27,194.34,201.10,210.58,213.08,217.04,221.37,223.89,228.02,227.78,228.12,231.81,236.89,240.24,243.56,244.46,243.63,251.00,256.11,258.13,259.98,262.84,263.50,254.70,255.88,251.37,245.25,238.01,233.02,233.21,226.11,223.02,216.69,213.47,209.86,207.85,203.71,196.40,194.99,187.68,182.73,174.03,166.34,159.05,150.84,142.00,129.32,115.12
125.03,142.04,149.77,159.05,171.61,179.72,187.41,191.38,194.86,197.57,203.59,203.77,209.02,208.87,210.84,214.46,218.12,218.11,224.15,223.44,224.62,231.26,235.38,236.46,240.47,241.90,241.23,236.36,233.94,231.68,228.60,221.55,216.94,213.06,208.14,206.71,200.39,199.85,195.37,192.17,187.52,184.44,179.48,174.04,168.65,163.19,159.31,148.48,139.60,128.44,122.38,109.40
131.55,143.96,156.16,168.25,178.24,186.21,194.50,204.13,205.68,210.44,214.15,217.34,220.51,220.41,221.05,223.60,229.53,230.90,235.19,234.09,236.01,240.52,247.43,247.52,249.88,254.66,253.18,246.11,242.85,242.32,237.59,229.93,225.14,224.56,218.44,214.85,208.06,207.39,204.16,200.56,196.35,191.66,189.62,183.32,178.03,170.21,164.20,154.18,147.85,137.20,125.72,112.06
136.06,154.72,160.88,174.45,186.30,195.16,201.68,205.12,207.62,211.29,215.60,218.00,218.66,218.89,218.52,223.58,224.51,225.02,228.62,228.48,226.53,232.05,234.44,236.16,238.38,240.75,237.77,236.32,235.05,230.01,228.01,221.88,218.40,214.67,211.52,210.77,206.04,203.53,202.55,195.35,193.78,190.32,185.81,182.89,175.60,171.01,166.14,157.15,145.99,137.00,127.88,114.54
133.20,148.28,156.16,168.68,182.15,190.28,196.40,202.24,204.38,208.63,215.76,214.87,218.05,219.54,222.01,224.62,228.11,229.90,232.18,235.59,235.92,241.03,245.07,244.10,248.94,250.06,247.15,243.53,243.76,239.17,238.20,229.61,223.33,220.45,217.55,214.55,210.54,208.56,204.41,202.00,197.85,194.61,188.96,183.88,179.48,173.00,169.10,159.80,150.76,140.72,130.97,117.39
134.41,150.21,160.22,172.59,184.72,193.66,201.68,209.88,216.06,217.57,225.22,225.09,231.22,230.95,231.11,233.62,237.78,240.01,245.86,245.52,246.47,248.85,255.00,253.69,257.30,258.26,253.93,251.45,248.87,245.52,241.50,236.04,231.49,227.90,224.96,221.58,216.67,213.80,210.06,209.80,207.17,201.68,197.25,192.84,188.10,182.52,176.21,166.74,158.90,147.83,138.70,124.95
126.62,141.87,153.21,165.13,175.21,184.40,193.35,202.20,205.73,209.78,213.01,217.57,221.00,220.64,219.86,225.06,231.14,233.45,236.72,236.02,236.21,240.84,244.57,244.68,247.11,250.20,249.06,241.13,239.77,239.40,233.26,227.90,224.32,225.29,221.21,215.23,211.91,206.42,206.93,204.25,204.12,196.74,196.33,192.31,187.38,178.27,172.54,164.58,157.72,148.25,134.06,120.21
134.36,149.56,162.37,174.87,185.08,196.16,203.96,213.68,218.22,223.90,225.97,229.90,235.02,234.03,231.81,240.03,241.81,243.74,247.49,248.76,247.21,250.84,253.25,253.15,258.32,257.73,255.41,248.49,246.85,244.32,241.12,232.86,229.51,228.53,223.33,220.64,215.60,214.83,213.47,210.39,208.00,204.12,201.31,197.85,191.53,186.94,179.74,170.07,163.36,153.85,140.86,128.69
130.14,146.70,157.08,169.00,179.04,189.26,196.54,207.51,210.87,216.01,217.79,223.24,226.38,225.74,223.38,228.43,232.70,237.26,238.08,239.28,235.65,242.85,245.35,243.39,247.39,249.43,249.24,241.01,240.33,238.66,234.24,228.32,223.76,222.99,215.68,215.82,211.12,208.93,208.29,205.85,205.57,202.00,199.86,195.85,191.56,188.57,183.70,173.81,166.14,157.99,144.84,132.23
101.55,110.44,114.98,119.82,125.67,128.32,131.70,133.56,137.35,140.01,144.75,148.19,155.21,156.22,163.11,168.88,174.47,181.84,192.15,200.00,213.21,224.37,233.94,239.28,250.06,258.09,266.13,266.69,267.24,266.99,262.46,256.74,256.58,251.25,245.96,238.10,232.36,224.95,217.81,212.88,202.67,195.35,186.14,175.07,168.24,153.94,145.84,133.28,123.26,113.23,103.59,90.35
119.24,127.62,133.06,140.58,144.01,148.01,149.84,150.99,151.65,157.51,159.24,161.23,167.22,170.77,172.00,177.08,189.03,195.90,205.29,207.62,220.49,230.55,241.58,249.15,256.98,267.43,279.12,274.40,278.45,276.88,275.62,269.41,263.40,263.49,256.46,253.01,240.30,233.81,226.17,223.49,214.59,200.96,193.50,182.48,176.14,157.89,148.08,135.77,128.04,116.28,103.04,92.11
113.53,121.82,129.69,134.24,137.64,141.74,143.84,145.77,144.18,150.38,150.45,153.65,158.43,158.53,163.25,167.43,177.43,182.26,190.68,194.18,203.18,215.64,225.22,231.50,240.14,247.35,259.02,254.64,257.56,258.03,257.09,250.73,246.98,245.66,238.20,234.80,224.56,219.32,211.05,206.90,199.21,189.02,182.26,170.85,164.45,149.20,137.93,126.40,120.02,109.66,94.70,87.01
126.15,138.71,146.39,152.12,156.11,159.52,162.87,162.63,163.27,166.19,166.51,168.65,173.76,174.81,177.92,183.37,190.26,193.88,203.42,207.18,217.04,228.32,237.54,245.09,254.14,263.84,273.07,271.40,275.43,275.27,273.70,265.75,260.92,262.87,254.37,249.54,240.01,233.52,226.88,223.18,215.24,202.42,197.95,186.14,179.62,161.05,148.33,137.28,129.85,119.05,102.77,90.74
130.14,144.94,150.36,158.43,163.08,166.57,164.83,166.39,166.77,167.71,164.14,171.48,172.80,174.05,174.26,179.10,189.01,191.76,199.45,203.03,215.23,225.74,234.35,242.62,249.43,259.54,269.07,264.51,268.43,269.43,267.62,261.09,255.49,255.78,245.18,242.33,230.00,222.80,216.07,213.05,204.59,190.28,183.76,172.31,165.56,148.49,136.34,120.74,115.11,104.06,91.05,79.62
135.37,149.21,156.19,163.29,168.50,173.66,175.32,177.28,175.15,176.08,178.19,176.82,180.41,182.16,183.56,188.02,194.16,196.17,206.94,211.29,219.64,231.42,240.52,245.82,256.02,263.64,272.41,272.66,274.17,272.37,271.97,266.10,261.49,257.73,250.45,245.35,235.31,229.01,221.65,216.27,207.71,197.50,190.52,180.04,172.68,154.84,143.96,131.10,122.20,109.88,99.36,86.49
139.85,154.57,160.85,169.71,176.16,180.51,181.69,182.78,181.59,185.17,185.70,183.38,186.57,183.70,185.97,187.28,193.38,194.37,201.21,203.06,211.15,217.83,228.46,233.62,242.56,249.11,258.98,255.13,257.73,258.01,253.88,248.50,243.40,241.68,236.37,228.65,218.60,210.39,204.30,199.58,192.84,179.14,173.90,163.17,155.01,138.68,127.61,116.71,109.02,97.74,90.00,79.06
138.22,151.01,158.40,167.60,173.08,179.00,180.71,182.33,183.12,182.99,182.94,183.04,186.94,184.84,185.16,187.86,191.05,192.60,198.12,200.60,206.52,212.57,220.79,227.22,234.08,239.93,246.33,244.23,246.34,244.39,243.73,237.17,229.94,226.88,220.99,215.96,207.96,200.86,195.53,187.77,182.47,171.61,162.69,153.01,145.58,129.99,120.15,107.15,99.70,89.44,81.05,68.88
149.25,165.20,172.88,183.36,190.01,197.23,202.25,203.35,204.46,207.20,207.27,209.10,214.15,211.49,210.26,212.17,216.32,219.26,224.06,226.15,233.36,238.07,245.75,251.02,256.63,261.22,265.84,265.64,265.23,262.15,259.06,253.81,246.64,243.61,235.57,229.31,219.97,215.52,208.02,203.02,196.40,188.35,179.23,168.08,160.75,143.96,134.84,122.19,112.80,104.29,92.40,79.06
148.40,164.98,176.31,186.23,191.56,196.79,203.04,207.29,209.29,212.40,213.03,217.46,218.59,217.48,216.72,222.32,225.80,226.42,232.73,230.89,235.00,241.37,250.80,252.44,259.65,264.84,268.97,264.89,262.45,264.47,259.09,251.24,246.47,244.72,237.76,230.08,220.00,216.37,207.02,204.80,198.16,187.54,183.20,171.05,166.71,151.01,138.54,128.08,121.33,112.02,99.96,89.02
149.34,165.48,172.43,179.98,190.78,195.62,201.68,205.20,203.04,207.23,210.28,211.62,212.73,214.93,213.74,214.83,219.33,220.48,226.92,226.22,229.84,236.19,244.23,247.41,253.33,258.29,258.04,259.37,258.54,256.43,254.85,245.31,240.35,236.09,230.00,225.39,215.04,211.01,202.61,197.10,190.59,182.22,176.49,166.51,158.60,147.68,135.59,126.27,114.53,106.61,97.20,86.61
153.03,169.06,176.48,185.95,192.84,202.68,207.93,211.44,211.86,216.09,216.93,216.98,221.36,223.81,225.06,226.43,229.89,232.00,237.15,237.74,243.24,248.52,254.81,259.06,266.36,269.05,271.49,271.49,270.76,266.15,264.38,257.26,250.05,246.11,238.37,232.23,226.22,221.45,213.30,204.89,199.02,192.35,182.16,171.76,166.90,156.18,144.37,133.69,123.71,114.48,104.81,90.82
149.62,164.35,173.44,184.45,192.09,199.58,204.04,209.12,208.70,211.80,214.40,216.45,220.42,218.84,220.24,221.28,227.20,229.26,232.82,232.23,236.14,241.94,251.32,254.02,261.70,263.41,268.65,264.71,267.53,264.55,262.92,254.28,246.56,243.58,236.55,230.47,223.08,216.89,209.54,203.49,197.69,189.13,182.58,172.80,165.86,155.01,145.50,136.24,126.40,115.41,102.59,91.07
153.88,170.14,179.91,188.51,196.65,206.94,208.58,213.80,213.23,216.61,219.60,223.23,226.45,225.81,225.01,229.71,231.60,234.30,236.97,239.68,244.24,249.88,258.14,263.09,270.25,274.87,278.34,276.96,276.81,272.38,272.44,263.55,257.13,250.45,244.79,240.39,232.73,227.44,220.17,210.05,206.52,197.09,190.85,181.82,173.61,160.96,154.03,144.27,131.80,121.93,112.29,99.02
134.79,148.12,154.81,163.88,169.96,178.91,182.12,185.10,186.82,189.34,191.63,192.61,194.88,196.60,195.03,197.01,201.69,201.73,206.63,207.79,212.34,217.34,224.95,227.27,235.99,238.82,241.21,240.44,239.55,239.91,237.69,231.53,227.49,220.82,216.67,211.85,203.77,200.30,192.20,184.84,179.63,174.29,167.05,159.79,154.16,143.38,136.86,126.37,117.32,110.17,103.25,91.42
138.05,152.96,161.32,169.66,177.81,186.56,189.71,191.76,192.92,195.43,198.98,198.01,201.38,201.00,204.13,206.55,207.97,207.41,212.51,215.11,221.00,225.63,233.69,237.54,246.27,248.94,254.80,254.10,254.92,252.34,251.72,243.85,239.42,234.97,226.81,223.79,217.15,213.04,207.10,196.82,193.04,185.23,179.77,171.30,164.35,153.39,144.51,135.59,126.67,114.61,106.30,94.64
146.25,163.00,170.99,179.21,187.88,196.37,199.62,206.17,204.36,208.08,208.06,209.38,211.98,211.91,212.85,213.53,218.34,221.35,225.57,227.00,232.71,240.83,248.72,254.17,262.48,265.41,273.19,272.03,272.05,270.48,269.13,261.27,252.35,250.60,243.99,239.71,232.78,228.16,219.02,214.45,206.40,200.30,193.55,182.62,178.52,164.79,157.01,145.00,137.91,125.63,114.54,103.17
146.34,161.62,169.62,179.98,185.13,192.77,199.36,204.41,203.00,207.55,206.41,208.78,212.72,210.92,211.98,214.59,215.52,218.58,225.00,223.65,232.67,238.95,248.12,252.20,261.23,266.84,272.35,270.48,272.97,270.60,268.43,262.53,257.13,252.44,246.86,239.94,232.97,228.32,220.04,214.70,209.06,200.01,195.92,185.69,178.57,168.11,157.50,146.33,139.52,128.80,112.87,101.51
144.59,159.40,168.24,175.09,184.84,192.51,197.09,201.25,201.31,205.01,208.12,207.58,208.31,211.05,210.95,213.33,216.15,218.50,223.60,225.39,233.89,239.71,250.01,255.93,261.55,267.22,271.97,272.81,273.44,272.31,270.42,264.80,257.71,252.98,248.07,242.33,234.47,229.14,219.60,215.93,208.06,201.85,193.08,186.68,179.48,167.94,159.91,147.14,139.09,127.14,115.36,103.37
143.54,159.11,165.85,176.07,182.66,191.76,196.98,202.47,200.36,205.66,205.53,206.69,208.00,211.81,212.08,216.02,216.02,220.51,226.05,227.67,234.83,241.03,251.54,257.50,265.24,270.44,275.88,276.56,278.00,273.47,272.80,266.03,261.11,255.22,248.52,244.92,237.92,232.13,225.18,219.17,211.90,204.61,196.31,187.30,181.80,172.25,160.08,149.08,142.44,129.73,118.53,105.12
134.06,147.85,155.57,165.05,174.15,181.41,186.68,192.35,193.55,196.37,198.76,203.42,204.38,204.43,207.85,208.35,214.57,216.58,222.87,222.55,232.23,237.01,247.63,251.80,257.39,263.43,266.49,265.68,266.00,264.28,262.34,252.41,246.81,243.15,238.32,233.43,222.55,217.81,209.12,206.62,199.58,189.49,183.22,175.86,170.42,155.42,147.41,137.08,130.19,121.12,109.20,97.94
139.13,154.18,160.22,171.66,176.57,187.96,191.11,195.72,194.37,200.17,200.34,202.28,204.79,204.32,207.47,209.16,211.15,215.23,221.42,221.78,229.79,238.42,245.41,249.21,257.39,262.37,265.59,266.18,268.81,263.09,261.77,256.55,249.76,244.59,238.80,233.81,226.34,220.81,213.14,205.79,200.26,193.33,186.17,177.28,170.79,159.13,149.89,138.29,131.47,119.27,108.47,97.20
137.06,152.01,160.08,171.35,176.48,186.32,192.21,197.82,198.84,202.41,201.12,206.96,205.77,207.16,212.24,213.88,216.71,219.72,225.02,225.36,235.23,239.21,247.94,254.17,259.67,264.12,269.86,268.37,269.00,262.07,261.84,252.86,246.76,242.00,237.46,232.12,223.56,219.80,209.97,203.04,195.43,189.50,182.28,174.64,167.55,155.72,147.25,137.90,129.25,118.95,108.91,96.80
134.35,151.42,158.65,168.58,174.47,184.30,189.17,194.70,196.60,201.34,199.86,204.98,208.39,204.60,208.03,210.44,213.83,217.81,223.38,221.38,230.87,235.82,246.40,249.80,255.82,263.15,268.84,264.28,266.18,264.59,261.34,254.24,248.01,246.91,240.44,233.89,225.22,218.93,211.97,208.35,203.21,191.93,190.69,181.82,174.38,162.26,154.74,144.36,139.19,128.46,114.27,102.58
140.43,156.70,166.05,174.90,182.98,190.54,195.43,202.94,206.24,208.31,210.07,212.17,213.18,214.16,214.00,216.91,223.58,225.04,232.00,230.42,240.85,246.17,254.54,260.34,267.48,273.93,275.48,274.49,274.50,270.74,269.36,261.63,258.26,251.79,247.63,240.20,233.14,227.11,218.18,214.31,205.85,200.03,193.93,184.14,177.92,169.20,160.26,150.40,142.17,131.76,120.25,107.86
142.58,159.80,166.77,177.73,185.07,193.26,200.10,206.24,206.83,209.38,212.51,214.95,217.15,217.08,219.80,221.45,227.11,228.43,234.73,232.72,241.00,250.07,256.53,263.15,269.60,273.12,278.64,277.22,277.58,275.86,272.59,264.49,258.94,255.16,249.24,242.10,235.23,229.02,222.15,218.83,207.51,203.54,195.17,188.96,181.55,169.53,163.29,152.32,146.33,134.16,120.97,110.31
108.98,122.26,125.64,133.20,137.93,141.11,144.59,141.82,147.67,145.87,148.66,147.51,148.49,147.96,146.75,149.80,152.32,153.77,159.62,158.81,159.48,160.01,168.59,169.07,169.58,172.63,168.34,163.38,168.88,168.80,178.04,169.33,151.49,149.09,134.74,131.19,123.02,119.36,111.89,104.24,101.21,95.86,91.48,87.05,80.62,71.56,71.25,62.37,57.27,51.11,44.94,39.05
110.80,124.02,128.06,136.40,142.95,147.00,150.27,151.18,151.65,153.84,156.73,156.31,159.23,157.28,160.56,159.81,163.95,164.98,166.90,167.36,174.66,174.63,182.00,179.61,186.04,183.81,181.69,173.66,166.51,153.00,173.00,180.77,169.53,165.16,157.03,150.84,143.89,138.03,130.51,126.14,122.49,115.80,111.32,104.29,101.24,89.47,88.12,78.77,74.95,66.75,59.06,52.77
144.90,159.14,169.09,181.22,186.94,196.79,200.94,208.43,208.29,213.58,213.94,218.19,219.80,219.18,218.68,222.00,224.12,228.08,232.08,229.89,237.46,243.17,250.45,254.87,260.42,268.13,272.68,268.23,270.30,267.35,263.80,255.22,250.78,248.05,242.85,236.21,229.27,223.49,216.17,213.06,203.89,196.42,189.83,182.88,175.86,164.23,155.71,145.77,141.16,129.25,118.85,107.34
145.79,162.69,173.08,183.15,190.78,200.53,205.53,211.15,215.03,219.01,217.88,223.65,225.02,224.72,225.08,226.92,232.03,232.13,239.84,237.41,242.74,251.11,256.13,262.84,268.58,274.78,278.21,273.94,272.90,273.01,267.59,261.96,253.71,250.93,244.47,238.92,229.68,226.24,220.22,214.35,206.02,196.56,190.13,183.41,177.12,163.37,154.99,145.12,139.18,129.81,117.07,106.48
149.12,164.16,173.24,187.38,194.06,201.14,206.16,213.24,217.75,220.34,220.41,224.15,226.06,226.32,225.30,230.00,232.03,234.33,242.17,241.32,246.95,252.25,259.48,267.37,270.23,277.46,281.32,277.00,277.10,274.87,270.50,264.46,257.31,255.07,247.49,241.05,231.48,227.98,220.05,216.45,207.12,197.88,192.51,182.92,179.69,166.68,156.89,148.05,139.43,129.40,117.88,105.60
150.87,168.24,179.01,189.17,197.19,207.74,211.63,219.02,220.13,223.32,221.92,229.40,231.62,231.25,229.94,234.80,234.30,240.84,243.17,247.63,253.62,257.62,266.36,271.35,277.06,281.45,286.75,282.29,282.41,279.59,275.86,267.71,261.19,259.33,249.07,245.07,237.54,228.72,224.24,218.69,213.66,199.70,193.96,182.99,179.43,166.09,156.02,147.68,139.61,130.25,117.34,106.92
153.00,168.62,180.38,190.98,198.12,207.40,212.85,219.31,222.30,226.59,225.94,230.53,234.48,232.23,229.56,236.86,237.17,243.40,247.14,246.79,254.23,260.00,269.88,272.08,275.86,285.41,289.25,282.08,283.68,281.51,277.03,266.18,261.09,260.31,253.00,245.49,234.64,227.56,220.99,218.51,209.75,197.31,191.11,182.32,177.12,162.56,152.90,143.59,138.45,127.68,116.50,103.41
158.27,174.89,185.21,194.70,205.23,216.33,220.79,225.49,227.06,233.01,233.12,236.50,239.11,240.16,242.01,243.25,246.08,248.36,254.81,255.88,263.09,271.29,278.86,284.96,288.38,292.77,297.35,293.62,292.06,286.78,284.52,276.01,267.92,263.75,255.89,249.82,241.07,235.05,227.07,220.10,209.31,204.94,192.15,184.95,180.16,166.90,157.32,147.08,138.85,127.14,119.68,106.53
139.00,152.86,161.07,173.05,182.01,188.86,194.62,198.60,199.86,205.29,205.55,208.00,210.15,209.70,209.99,213.68,216.02,219.02,224.62,224.11,228.89,235.17,242.72,245.60,251.05,254.40,256.86,256.72,254.24,251.91,248.60,242.39,233.34,228.98,222.99,218.25,210.64,203.27,197.09,190.72,185.73,176.98,169.12,160.10,155.72,144.81,134.24,131.88,126.15,118.70,105.80,98.35
149.21,164.98,174.79,186.32,196.47,205.70,206.95,215.70,217.30,221.98,221.14,225.09,229.47,229.63,228.32,233.79,235.47,239.21,243.19,244.75,249.21,254.61,263.39,267.92,271.77,277.35,281.58,276.80,276.26,272.04,268.80,258.94,251.60,246.33,239.41,234.68,225.69,219.22,211.68,204.02,198.16,188.66,181.65,172.00,166.01,153.03,144.10,135.91,129.63,118.33,108.23,98.67
151.29,168.76,177.12,186.94,197.34,207.12,212.81,217.72,219.05,224.88,225.57,227.68,229.26,230.47,232.48,234.27,236.91,242.69,246.05,246.27,251.54,260.32,264.26,271.83,278.20,280.49,282.29,279.47,280.68,274.42,272.34,263.73,254.44,249.51,239.59,236.19,228.56,221.56,214.25,205.88,197.33,192.61,181.73,173.22,164.98,156.44,144.75,139.30,128.36,118.07,111.02,101.08
154.92,171.90,179.78,191.53,202.31,210.58,216.45,223.62,225.80,230.00,232.23,233.50,237.86,238.19,237.29,241.92,244.39,248.07,252.40,254.19,260.05,266.33,273.58,278.41,283.59,288.79,289.62,286.28,287.56,282.80,279.26,270.28,262.15,256.70,249.06,242.89,233.45,227.06,218.05,209.30,203.97,196.47,187.64,177.49,171.29,158.90,150.62,141.90,132.00,122.10,114.79,103.81
148.57,165.71,173.67,186.13,193.26,204.88,209.77,214.48,217.22,221.78,223.26,225.50,226.97,229.40,229.94,234.44,236.13,240.13,243.52,245.37,250.06,256.70,263.21,270.82,275.44,278.41,279.15,276.20,274.70,271.15,268.07,258.88,252.24,246.40,237.74,231.28,224.41,216.49,210.06,200.12,194.37,186.04,177.05,168.60,163.38,152.20,143.85,135.62,126.53,117.64,108.00,97.86
148.86,164.44,173.97,186.76,193.44,204.32,209.06,214.97,219.02,222.62,222.02,228.48,230.08,228.86,229.26,233.40,237.92,240.52,245.38,245.46,249.78,255.73,265.32,270.00,273.70,278.44,282.78,276.28,274.21,273.65,268.79,257.38,249.69,248.24,240.71,233.42,222.43,214.77,206.63,203.04,195.88,184.69,179.05,169.85,163.67,150.33,141.04,133.45,127.48,120.42,108.58,96.83
149.26,162.25,173.08,185.04,190.90,202.41,205.97,212.42,214.40,218.05,218.83,222.80,224.56,224.96,224.72,230.26,231.70,235.79,238.81,241.01,245.11,251.64,260.09,265.13,270.45,272.96,275.96,273.05,273.59,267.53,265.93,256.32,248.34,243.20,236.16,229.73,221.88,212.84,205.70,200.63,194.12,184.20,178.09,167.93,161.00,150.88,139.81,133.20,126.19,117.44,108.47,98.47
144.12,160.08,169.33,180.10,187.88,199.11,200.55,208.81,207.79,216.34,214.71,219.54,221.21,222.87,221.96,226.92,229.22,232.96,236.80,237.86,243.68,249.61,256.22,263.15,266.84,270.84,272.69,269.15,271.43,264.80,262.09,254.20,246.11,241.60,232.74,227.72,220.17,211.65,206.40,200.02,193.31,183.20,176.78,170.31,164.20,153.38,143.22,134.81,127.81,119.07,110.37,100.80
145.83,161.06,169.85,180.70,189.24,198.46,201.85,209.01,210.79,213.56,214.46,218.83,221.24,222.10,222.99,226.95,229.53,231.78,234.39,236.41,242.03,248.46,255.15,260.03,265.35,268.78,272.07,268.41,269.98,263.02,259.28,250.89,243.21,239.78,232.02,227.04,216.83,210.20,203.07,196.23,191.46,181.33,174.04,165.41,158.69,148.92,140.62,133.38,126.65,118.00,109.40,101.39
151.01,166.21,174.90,187.04,195.63,206.29,209.86,215.52,217.88,222.65,226.11,227.50,229.27,232.03,230.79,235.98,239.08,242.86,246.81,247.12,253.65,261.96,267.53,274.04,278.87,281.44,285.38,280.14,281.90,277.85,272.44,264.09,254.95,251.63,244.93,237.49,228.74,221.33,215.86,208.00,200.06,194.00,183.88,176.92,170.07,160.55,150.99,143.39,134.41,126.14,116.66,106.68
151.08,167.72,174.79,188.28,196.77,207.30,212.12,219.32,219.00,224.83,225.61,228.67,232.02,233.57,233.33,236.58,238.30,244.38,248.97,249.69,255.64,262.29,270.97,275.47,280.20,281.74,283.64,280.72,280.52,278.00,273.24,266.22,257.57,250.39,243.67,237.60,229.49,222.87,214.48,205.10,197.88,191.04,179.00,174.47,168.51,157.08,149.05,138.00,136.31,129.40,111.13,105.99
144.84,161.41,169.19,182.41,188.88,199.16,202.04,210.54,209.62,215.15,217.57,219.48,222.87,224.32,222.30,228.69,228.18,234.72,238.25,240.66,245.25,251.80,257.48,264.28,267.17,272.00,273.38,271.15,270.12,264.21,261.50,253.66,247.20,239.37,233.04,225.34,218.72,211.62,206.49,197.44,190.13,184.36,176.82,169.14,163.27,153.81,144.40,139.70,129.45,123.15,113.60,104.62
149.93,166.77,176.14,183.81,196.12,203.22,210.79,214.98,217.41,222.75,224.15,228.30,230.01,232.36,230.97,234.36,236.30,242.64,247.07,248.77,254.83,259.67,267.43,272.68,277.09,282.15,282.87,280.40,279.25,275.26,271.83,264.85,254.83,251.07,244.72,238.16,229.92,223.81,216.93,209.17,201.56,195.03,185.32,179.61,174.62,163.23,154.74,148.03,140.01,129.71,121.81,112.45
150.80,169.50,177.56,187.07,198.71,206.87,211.47,218.00,220.24,224.15,225.58,228.84,231.19,234.00,232.36,238.81,239.94,243.21,248.47,249.91,253.62,261.72,269.41,273.54,276.09,283.51,284.70,282.24,282.52,276.18,272.44,264.55,257.47,252.49,245.25,236.68,229.11,222.80,216.04,207.06,200.06,193.71,184.78,176.64,171.49,162.41,155.32,149.57,137.77,129.77,120.24,112.26
98.62,109.38,114.63,124.10,129.32,136.06,138.10,143.34,145.78,150.86,156.92,158.82,160.86,163.11,164.25,171.05,175.07,177.51,183.83,186.10,193.64,198.65,206.23,206.32,209.88,216.30,216.72,213.18,207.85,196.56,182.44,168.58,152.74,149.19,141.16,134.42,127.49,123.94,116.10,109.48,105.54,99.16,94.87,90.03,87.05,82.98,80.62,77.88,74.00,70.18,71.45,67.08
150.95,168.27,176.26,188.31,198.31,208.08,213.60,219.99,220.48,224.64,227.75,229.90,231.37,234.77,234.64,236.68,239.79,246.03,249.02,249.91,256.04,262.55,269.01,277.80,280.07,284.83,284.25,283.09,282.99,277.85,275.12,266.39,258.59,251.38,245.67,239.10,231.74,222.46,218.00,208.83,202.15,193.85,187.04,179.63,171.83,162.59,155.33,148.17,139.56,131.03,123.33,113.09
147.43,168.39,176.20,185.69,195.87,206.94,215.60,218.24,219.49,222.51,224.62,231.91,235.53,233.50,233.94,236.54,241.00,245.40,250.30,250.60,256.84,264.07,269.82,274.41,280.04,281.26,284.30,282.16,282.35,278.57,273.08,265.09,256.48,251.68,242.66,236.84,232.48,223.45,217.23,209.35,202.61,195.53,188.04,180.68,175.39,164.15,158.34,150.08,142.44,133.02,125.13,114.00
152.46,168.32,176.98,189.00,197.97,207.94,213.52,221.00,221.39,226.81,227.18,233.08,234.14,235.60,235.53,238.95,242.92,247.82,252.69,251.35,255.48,264.09,272.05,277.96,279.37,286.53,287.12,281.30,282.82,280.96,275.75,265.04,256.60,254.03,246.11,240.16,229.07,219.74,215.04,211.30,202.77,193.85,188.00,180.36,175.01,163.62,154.21,150.00,142.06,133.41,125.00,114.00
153.88,170.74,180.28,190.00,200.86,210.85,216.06,223.02,225.57,228.00,231.80,234.25,237.45,240.01,239.38,243.00,246.02,251.32,254.42,256.13,262.62,268.24,276.02,281.48,285.85,288.86,290.26,291.19,287.92,285.38,280.08,271.33,262.37,256.98,251.68,244.75,236.21,229.44,222.17,215.57,208.32,200.64,192.20,185.83,180.28,169.54,161.15,154.67,147.63,135.45,128.10,114.83
152.08,169.43,178.47,189.76,200.00,208.54,215.13,221.52,222.30,227.72,229.96,233.05,236.60,237.42,238.08,242.00,244.72,247.43,252.62,253.79,260.28,267.42,274.24,280.48,285.11,288.19,289.04,288.88,285.20,282.21,277.02,268.49,260.44,253.66,247.49,240.13,233.81,227.06,219.79,214.03,205.80,199.12,189.71,183.22,179.62,169.45,159.18,152.40,146.76,134.46,126.73,114.95
142.70,154.55,167.84,176.17,185.15,193.94,199.57,205.91,209.27,213.81,211.32,219.54,221.42,221.21,219.94,225.62,230.21,233.81,236.41,234.97,240.80,247.23,255.47,259.53,262.05,267.92,270.05,263.82,262.19,261.43,254.33,247.52,239.11,237.99,231.04,221.65,211.73,205.65,201.65,196.02,190.66,178.04,175.00,169.10,161.47,152.87,143.25,137.00,130.94,123.82,114.56,104.81
151.63,169.28,179.30,191.71,199.33,210.76,215.26,225.80,225.85,231.66,231.86,235.91,240.79,239.11,239.35,245.31,247.42,253.28,257.60,257.19,263.15,267.53,277.33,280.58,285.57,292.14,291.33,287.27,284.34,285.04,278.62,270.69,260.40,260.05,250.15,243.02,235.42,224.88,221.42,213.46,208.00,198.01,193.02,185.17,179.98,169.07,160.91,152.43,146.49,137.87,127.06,116.00
144.59,162.08,169.43,180.75,189.72,199.90,203.54,210.15,213.71,218.00,222.73,223.60,226.95,226.88,229.12,231.87,234.78,238.48,243.01,243.83,250.77,254.57,262.94,269.63,271.46,273.05,274.35,274.02,271.09,267.71,264.05,255.14,248.08,241.51,235.08,227.86,221.37,215.41,207.35,200.26,191.84,188.06,179.63,172.51,167.63,158.71,151.82,143.96,137.97,129.38,119.37,110.00
143.14,159.48,167.34,180.71,189.43,199.58,207.17,213.51,215.75,221.33,222.18,226.38,227.90,230.00,231.23,234.56,238.92,244.99,246.21,247.78,252.79,258.85,266.10,271.01,275.80,276.63,278.55,275.39,271.02,268.29,263.54,255.44,245.52,241.97,233.08,226.18,219.65,212.31,204.43,198.40,192.00,184.74,176.32,170.29,165.39,154.49,147.19,140.29,135.03,127.48,116.90,106.45
149.94,167.84,178.94,187.77,197.91,211.38,214.74,223.44,227.56,231.35,231.47,237.93,240.87,241.40,239.24,246.21,247.80,253.10,257.32,258.13,263.14,269.94,279.97,282.78,287.13,292.48,291.92,287.94,285.00,283.24,277.72,271.03,261.82,258.56,251.18,243.21,234.20,225.81,220.20,213.23,207.97,198.12,191.40,182.63,180.18,169.84,161.24,150.87,145.00,137.27,128.22,114.55
141.61,156.60,167.11,179.01,184.95,196.54,199.61,208.12,208.09,216.30,213.64,217.94,223.03,222.70,222.42,228.95,229.67,234.44,239.92,237.86,241.50,249.18,255.41,260.02,263.91,267.60,269.67,264.17,264.27,261.29,255.84,247.15,239.70,237.84,228.35,222.80,214.98,207.20,202.25,196.82,191.53,180.75,177.46,168.11,164.12,153.81,145.89,140.01,135.69,126.70,116.11,107.33
134.08,148.08,156.54,166.60,175.89,185.00,189.02,196.54,197.29,202.71,205.19,207.09,210.16,210.98,210.04,216.13,218.20,221.82,226.05,226.77,230.60,237.95,243.26,249.02,251.03,254.06,254.37,252.00,250.19,247.95,243.46,235.53,227.66,225.56,218.01,212.51,205.04,198.12,193.05,188.47,181.22,174.43,168.19,161.20,156.72,148.76,143.38,135.52,128.08,121.26,112.79,103.24
138.35,154.03,162.75,172.03,182.54,192.66,197.04,204.09,205.36,209.77,211.90,217.20,219.21,220.91,219.46,225.50,228.72,233.50,237.15,236.88,240.68,247.49,252.96,258.37,260.36,265.24,267.44,260.78,259.77,258.68,252.45,244.76,234.44,234.20,224.89,219.78,211.68,204.36,199.72,192.28,186.69,178.49,172.33,165.32,161.84,151.38,144.00,139.72,133.60,123.75,117.24,106.51
138.66,153.95,161.28,173.53,183.17,193.66,196.40,204.22,206.78,211.29,212.85,216.39,221.12,220.51,220.91,225.57,226.53,232.82,236.69,236.21,242.29,248.20,254.66,256.82,260.43,267.30,267.59,261.49,259.62,256.89,252.83,243.18,235.37,232.66,225.02,218.34,210.72,204.01,197.74,189.65,186.29,177.34,172.80,164.00,160.80,151.33,144.31,137.03,133.15,124.42,114.59,105.48
140.00,156.04,164.51,176.92,184.76,195.50,199.06,205.41,209.48,213.10,215.75,219.49,222.61,222.32,221.92,229.27,230.78,236.89,238.66,239.01,241.67,249.06,253.03,260.73,262.80,266.66,268.54,263.59,261.03,257.78,255.38,244.56,237.61,231.71,225.86,220.20,213.14,204.40,199.01,193.60,186.94,177.87,173.62,163.77,160.31,149.37,143.40,139.31,131.95,125.63,115.04,104.55
139.72,154.62,165.05,174.87,185.19,195.07,198.73,205.92,207.07,212.46,213.96,218.00,220.78,223.18,223.62,227.86,229.11,231.57,239.38,238.02,242.85,251.07,255.47,259.56,263.27,266.27,265.96,264.85,261.26,255.65,252.00,245.60,236.21,232.05,223.61,218.69,211.62,204.47,198.66,193.00,185.44,179.57,170.18,163.69,160.65,151.80,145.84,137.71,131.94,123.41,115.16,104.74
139.71,154.05,164.17,173.81,182.04,194.54,197.00,206.09,208.06,213.34,214.95,218.92,221.45,224.24,223.81,230.36,231.42,235.31,240.35,239.99,243.99,248.49,255.16,259.56,262.55,266.99,267.59,263.84,261.56,258.21,253.65,244.24,236.55,233.68,224.51,219.20,211.21,202.23,198.28,191.16,186.82,179.20,172.10,164.69,159.39,149.56,143.18,137.59,132.85,123.02,114.48,105.21
139.78,154.30,163.98,174.14,185.27,193.35,198.22,207.42,208.89,215.39,214.48,220.23,224.44,224.29,223.43,230.43,234.03,236.33,243.25,240.30,243.09,250.32,257.96,259.62,262.76,269.71,269.03,262.71,261.17,260.97,253.89,244.75,235.67,235.30,227.43,220.10,212.06,203.49,196.04,194.03,188.83,177.80,172.26,165.75,161.38,149.47,143.93,137.30,133.45,125.06,114.98,105.15
144.31,161.45,170.52,182.79,192.07,201.82,206.81,215.39,219.11,224.15,224.93,228.88,234.48,233.39,234.21,239.71,241.35,248.31,253.16,251.96,254.39,261.92,269.09,272.64,275.86,281.45,283.11,274.93,275.05,271.27,266.06,254.89,246.59,244.81,236.77,228.90,221.73,214.29,208.39,204.09,196.90,186.55,181.32,173.67,167.55,158.32,151.79,143.67,138.29,128.81,119.52,108.90
132.06,147.80,157.54,166.30,177.10,185.65,191.67,199.72,200.04,205.20,207.62,211.12,216.15,215.37,219.18,220.20,223.73,226.50,232.43,231.85,233.95,241.66,247.70,251.15,255.13,256.52,256.20,252.53,250.02,246.45,241.53,233.81,225.52,221.73,213.21,205.91,200.88,194.04,187.75,182.00,173.93,169.00,161.55,154.65,149.97,141.09,137.71,130.11,124.34,115.74,109.22,98.27
131.24,146.86,156.97,165.98,173.00,182.24,187.61,197.09,197.25,203.59,203.84,208.57,212.68,213.03,213.01,219.21,220.68,225.61,229.49,230.59,233.48,238.85,246.83,249.56,252.72,254.95,255.67,251.03,249.32,247.68,241.48,233.73,225.57,224.08,215.86,210.62,203.00,195.21,190.38,185.00,179.61,171.23,166.11,158.86,154.24,145.91,137.36,131.94,126.48,119.63,109.73,99.25
139.23,153.08,164.92,176.30,184.39,195.13,196.89,208.39,211.49,216.59,214.11,223.21,225.06,226.38,226.50,232.65,234.55,240.07,244.13,241.63,247.50,251.81,258.91,262.10,263.76,269.60,270.18,263.10,263.43,260.85,253.02,243.13,234.91,233.12,224.41,218.45,208.46,202.04,197.43,192.63,187.42,174.11,172.66,163.03,160.38,147.00,141.99,134.27,130.00,123.03,112.00,103.73
98.74,111.16,120.62,129.29,139.46,145.34,150.01,161.38,165.92,169.71,175.62,180.57,185.23,185.31,189.77,195.53,200.16,205.53,207.76,214.06,219.13,224.80,234.44,238.81,242.22,246.90,242.57,236.46,227.07,219.24,206.16,191.13,169.06,159.38,145.91,139.98,131.14,122.87,117.72,112.02,109.08,103.08,101.00,95.02,93.06,90.43,87.24,84.38,84.39,78.75,78.34,73.76
137.87,152.64,162.48,173.25,182.62,190.47,197.37,204.79,208.66,212.00,217.31,220.59,222.19,222.99,225.21,227.49,231.82,235.49,239.64,240.68,245.33,251.24,255.36,260.65,263.40,267.09,269.87,266.09,263.21,258.75,254.07,246.84,238.31,232.94,225.81,219.24,211.29,203.93,197.95,192.07,187.52,180.97,173.25,165.50,160.44,150.88,145.41,138.60,130.74,123.00,115.35,104.92
139.18,152.86,165.11,175.96,184.44,193.85,199.72,210.49,212.08,220.20,218.96,225.20,228.53,229.43,228.66,236.17,238.30,243.53,249.84,247.27,248.71,255.44,264.55,265.83,268.29,274.59,270.62,266.63,265.68,263.46,256.33,245.07,235.54,235.71,225.49,221.45,209.86,202.24,197.40,193.21,188.73,175.33,173.97,163.25,160.33,147.87,139.99,134.73,128.56,122.00,110.75,100.69
141.42,155.64,164.05,176.71,188.47,197.57,204.02,211.85,213.82,220.08,224.01,226.81,232.24,231.90,231.60,238.61,241.42,244.07,251.75,251.78,252.69,260.73,266.31,273.15,273.61,275.09,272.81,271.19,267.44,264.27,259.12,249.62,238.85,237.19,228.04,222.23,212.98,205.51,200.20,193.98,187.41,179.00,173.03,163.71,160.75,148.81,142.62,136.89,129.39,123.49,115.43,102.47
143.89,159.15,170.18,181.39,191.38,201.10,206.65,216.45,220.98,223.79,225.20,231.78,235.92,234.97,236.17,243.08,246.02,250.00,256.19,255.63,260.28,266.65,275.04,276.94,280.13,285.93,284.02,276.52,276.89,273.78,268.50,259.54,250.06,247.27,239.10,232.94,223.33,212.61,207.51,203.97,197.16,188.40,183.47,173.90,169.76,157.66,149.97,144.01,139.86,130.92,119.75,108.69
144.59,160.12,171.41,179.05,190.37,200.42,206.34,216.89,222.74,223.13,227.77,230.23,236.30,236.73,234.80,242.26,245.42,248.51,252.77,253.60,261.77,265.95,273.42,277.85,281.58,283.68,283.44,279.30,273.66,272.22,267.97,256.69,248.85,244.50,236.05,228.35,223.58,215.82,210.15,201.01,195.07,188.45,180.18,171.83,168.07,158.42,151.79,145.78,138.18,128.66,119.62,109.04
131.06,145.34,156.02,167.01,173.62,185.23,188.32,198.02,199.55,206.23,205.85,212.08,215.84,215.14,217.37,222.93,223.13,230.08,234.01,233.83,236.93,243.50,249.57,252.20,257.47,259.62,260.32,256.14,254.44,251.62,246.45,237.41,228.63,226.74,216.90,210.15,204.79,196.70,193.09,186.60,181.95,174.14,168.34,158.27,155.91,145.73,140.06,132.38,127.88,121.67,110.31,101.08
142.67,158.49,166.77,179.28,190.41,200.81,205.24,214.13,216.68,221.38,223.89,227.48,231.17,234.42,234.39,242.39,243.74,249.07,251.78,252.96,257.90,263.40,270.66,276.68,278.50,282.11,281.00,279.64,275.05,270.30,267.99,256.83,247.23,243.74,236.14,228.56,222.66,214.67,208.94,200.80,194.74,189.52,180.36,172.05,167.89,157.99,151.25,144.90,136.56,129.50,119.24,110.17
142.90,158.35,167.71,178.36,192.01,202.63,206.35,214.39,217.89,223.62,225.22,229.83,235.31,235.09,237.68,243.96,245.60,249.73,254.06,255.74,260.20,267.56,272.75,278.73,282.62,283.59,283.29,281.18,277.41,273.70,269.94,259.02,250.22,246.05,235.87,229.73,223.19,218.05,211.02,202.83,196.33,187.97,181.23,172.54,168.19,158.83,153.22,145.09,138.40,129.55,120.51,110.02
141.51,155.71,166.31,176.82,186.72,198.30,200.41,207.47,213.12,220.33,224.32,224.62,231.11,232.02,234.29,238.20,241.35,242.84,250.45,252.70,257.01,264.40,269.22,271.92,279.33,280.13,281.26,279.61,275.09,272.52,265.52,257.39,247.29,240.52,232.64,226.77,222.14,213.81,210.54,202.41,193.62,187.96,176.96,170.48,165.94,157.89,152.27,145.23,136.78,127.61,118.07,110.21
141.13,156.54,168.36,177.88,188.48,201.10,204.41,212.14,217.34,222.85,227.44,229.07,234.00,235.59,236.21,241.92,244.70,248.52,255.70,255.74,260.45,268.33,274.30,277.89,283.74,284.02,285.11,280.67,278.79,275.19,272.26,261.58,252.62,247.07,240.25,232.49,226.05,219.92,214.67,206.31,200.08,194.16,183.85,174.86,172.47,161.14,157.43,148.03,141.22,133.75,123.85,111.40
144.40,159.20,169.96,181.60,192.38,203.11,208.50,217.48,220.64,224.50,227.20,231.95,236.88,236.89,240.52,246.08,247.20,252.52,256.13,258.14,262.49,270.22,274.83,281.51,284.63,287.63,286.03,282.47,278.63,276.26,270.38,261.23,251.43,246.78,237.59,229.65,224.80,216.90,212.00,203.81,198.04,191.21,181.18,173.40,169.99,159.97,154.21,146.29,140.01,131.03,122.59,111.09
145.03,159.42,171.06,183.34,190.43,201.56,209.39,219.18,221.44,228.43,226.49,236.22,240.05,237.15,238.65,245.51,249.48,254.88,262.03,258.54,263.23,272.21,278.15,283.65,284.53,288.56,289.86,281.94,279.85,278.30,270.19,261.74,252.45,253.14,242.86,235.05,225.28,215.60,210.95,207.95,201.61,189.95,185.32,177.61,172.79,160.38,152.80,144.59,140.26,132.62,121.26,110.60
137.57,157.08,165.85,177.14,187.66,197.67,204.55,214.80,216.60,223.43,225.28,232.02,235.73,235.59,235.29,242.89,245.49,252.58,255.79,258.82,259.12,264.95,271.53,276.07,277.72,281.66,282.31,275.03,273.38,270.29,267.29,256.40,244.05,242.10,235.83,227.73,219.69,210.16,204.12,201.06,196.10,185.31,179.60,170.06,166.15,155.40,147.63,140.63,135.07,127.68,118.60,106.96
144.50,161.30,170.21,185.61,194.79,207.39,210.76,222.15,226.36,231.20,235.79,241.17,244.10,247.03,247.41,255.36,254.79,262.01,264.62,269.30,269.46,277.32,282.93,285.63,289.46,293.78,290.76,283.66,284.29,277.67,274.17,262.41,253.13,249.90,238.13,232.42,225.02,215.72,211.92,202.41,197.43,187.58,181.60,171.96,168.11,157.28,150.27,144.03,135.15,127.09,118.36,107.47
140.36,154.02,166.19,177.79,187.63,196.47,202.08,212.36,215.39,221.11,222.32,228.65,233.12,231.26,232.82,240.16,240.53,247.75,253.03,250.57,254.56,262.21,269.13,272.26,273.21,278.44,278.95,271.02,268.78,267.42,259.33,249.95,240.83,239.46,231.71,222.83,214.11,206.70,201.40,196.57,190.37,178.88,175.37,166.43,161.31,149.48,145.10,137.00,133.23,124.08,114.98,105.72
141.21,157.16,166.97,176.82,189.81,198.32,203.42,211.32,217.51,220.86,224.06,227.50,232.01,233.63,236.21,240.41,239.82,245.59,247.95,252.29,257.56,262.37,268.70,272.53,275.19,277.22,275.49,272.38,269.74,265.19,262.94,253.34,242.44,237.59,229.63,222.04,216.00,207.51,203.20,193.83,187.47,181.37,175.32,167.16,160.38,150.53,146.18,139.39,132.48,122.48,117.15,106.28
131.75,147.05,157.05,167.87,176.65,185.97,191.91,200.36,203.69,209.57,212.04,216.67,220.78,221.38,221.82,227.38,230.53,233.21,238.10,239.40,243.99,249.34,256.54,257.85,261.40,265.38,263.28,260.46,255.01,254.03,247.87,238.81,231.95,228.00,218.44,211.26,203.97,198.25,193.26,186.01,178.19,172.00,166.03,158.90,155.19,145.24,139.32,134.16,126.19,119.92,109.60,100.66
145.77,162.69,173.51,185.21,195.54,205.35,212.85,221.42,225.22,231.68,234.46,240.05,243.02,242.22,245.69,251.44,253.97,256.40,262.09,263.74,268.46,273.48,283.53,284.40,286.63,293.30,290.69,286.06,280.06,278.77,272.92,264.46,251.60,248.17,240.10,232.47,227.88,216.98,212.30,203.21,197.39,188.45,182.07,174.26,169.39,156.28,152.01,145.50,139.92,131.97,121.08,108.41
146.41,162.03,173.67,184.71,195.93,206.17,211.24,220.54,224.52,230.67,234.29,239.13,243.58,242.85,245.17,253.02,254.69,259.65,264.25,264.26,268.29,275.86,281.64,286.20,288.59,292.25,291.61,286.54,283.01,280.04,274.20,262.62,255.27,251.59,240.44,234.18,226.01,216.54,213.60,204.17,199.41,188.92,182.39,173.98,169.07,157.99,152.41,146.35,140.43,131.94,121.02,110.72
143.09,159.21,170.85,179.72,190.83,201.47,207.52,217.34,221.43,226.26,228.18,234.80,238.88,238.03,240.71,246.85,249.82,254.39,259.79,258.66,264.11,270.88,278.02,280.66,282.31,286.45,286.78,281.58,277.33,276.09,268.47,257.62,247.78,246.73,236.36,230.20,221.08,214.11,206.65,202.56,195.97,183.83,179.07,171.66,166.63,156.98,149.62,142.01,136.93,130.00,119.54,106.96
140.94,154.05,166.03,174.40,184.25,196.70,202.02,210.26,214.26,220.07,222.46,227.18,230.57,230.78,234.29,238.55,242.33,247.02,251.27,252.36,254.89,262.29,267.58,270.68,274.47,276.81,276.88,271.75,268.67,265.32,259.89,250.71,240.90,237.03,228.30,223.14,214.31,205.91,201.65,195.04,187.97,177.00,173.24,164.83,161.82,150.86,144.80,137.54,133.33,124.04,115.12,105.19
144.97,159.24,171.47,181.73,194.34,204.61,208.85,219.91,222.77,230.59,230.80,238.32,243.30,242.64,245.03,252.00,253.12,258.51,264.43,262.61,266.02,274.10,282.25,283.92,286.16,292.03,291.02,284.07,281.35,280.81,271.28,262.56,252.05,250.30,241.54,233.86,223.43,216.16,210.28,206.62,199.86,186.59,183.14,174.26,167.33,158.32,150.73,143.68,139.03,131.91,121.20,111.09
137.88,154.03,163.86,174.80,184.35,194.14,198.60,209.54,212.72,217.83,220.17,225.11,229.97,230.67,231.32,239.51,241.06,246.16,252.00,251.64,254.29,260.28,267.71,271.45,275.57,276.90,277.35,270.36,269.76,266.19,261.73,251.83,241.30,240.31,228.95,223.27,215.36,208.06,202.78,199.72,191.55,181.25,176.14,166.37,164.65,153.08,146.97,139.90,134.65,125.99,116.87,107.23
138.60,152.86,164.94,175.25,184.76,193.88,198.21,207.50,211.65,216.42,218.30,223.61,227.07,228.97,231.02,238.21,240.88,244.18,249.10,250.45,255.18,261.84,268.23,269.94,273.91,277.19,277.48,272.26,269.43,265.44,259.92,251.20,241.55,240.34,229.08,221.35,216.37,207.04,202.78,198.11,189.84,182.46,176.08,165.34,163.29,153.94,146.49,139.29,134.08,124.84,116.62,105.91
144.69,161.14,169.85,181.60,193.00,203.82,208.15,217.99,222.80,228.64,230.87,235.58,241.00,239.89,241.00,249.61,250.31,255.16,262.01,261.28,264.47,274.05,278.57,283.04,284.52,286.92,288.46,284.61,281.06,275.06,270.65,261.63,251.29,247.02,237.36,230.87,222.19,213.89,209.57,203.25,194.49,186.94,179.29,172.24,167.59,157.18,150.99,143.96,138.05,128.14,120.33,109.48
140.43,153.83,165.17,175.87,187.72,197.22,199.49,210.71,215.81,219.54,223.49,228.02,231.73,232.94,234.76,241.30,243.68,246.16,253.05,254.02,260.19,264.64,271.02,273.25,276.13,281.01,278.33,273.89,270.89,266.05,260.99,252.21,241.12,236.21,228.66,222.50,215.13,205.35,200.82,194.09,188.22,179.39,171.90,163.77,160.10,150.28,144.51,137.00,130.78,122.49,115.52,104.81
139.86,154.03,164.77,175.07,185.00,196.51,200.64,210.20,213.85,219.13,219.46,227.37,230.24,231.74,233.48,239.44,241.17,247.50,253.33,250.57,256.69,264.07,270.15,272.24,275.50,280.44,281.19,273.70,271.18,269.02,263.66,253.31,244.62,241.81,234.34,226.42,219.02,210.23,204.75,199.96,193.57,182.54,178.68,170.66,167.03,154.26,148.17,141.40,137.31,129.32,117.92,107.12
139.09,153.44,164.65,176.12,184.88,195.36,201.60,210.30,214.16,217.33,221.45,226.89,230.67,230.76,232.56,237.45,241.60,245.20,253.41,250.64,253.95,261.43,269.01,271.65,275.94,278.64,278.17,275.08,270.05,268.69,261.66,251.81,244.63,240.93,233.14,224.20,217.35,209.12,203.97,199.90,192.11,183.02,178.03,170.39,165.19,156.00,148.35,141.15,135.56,127.00,119.04,107.52
141.09,157.05,166.64,178.08,188.41,196.73,204.08,214.22,217.88,223.62,224.11,230.84,235.17,233.66,235.03,243.53,244.13,249.93,256.86,253.73,256.85,264.09,271.95,276.10,277.58,282.30,280.59,273.70,270.76,269.85,262.07,251.10,240.61,241.60,232.66,224.66,215.94,207.35,202.09,196.87,190.59,180.31,175.64,169.01,163.11,150.87,144.27,139.30,135.33,126.92,116.00,104.81
140.06,155.71,167.61,179.47,187.61,197.70,202.09,213.01,217.15,220.08,221.42,227.72,233.89,232.88,234.47,241.01,244.05,246.17,254.77,251.02,254.66,262.03,269.36,271.68,272.44,278.20,277.52,272.64,268.49,266.75,260.39,248.07,239.84,239.43,229.65,222.00,212.24,204.25,199.60,195.16,189.79,177.56,173.57,163.87,161.82,149.12,144.22,137.28,133.26,124.33,115.17,104.00
139.32,157.08,167.76,176.78,190.07,196.79,207.18,211.83,214.46,220.06,223.90,228.65,231.39,233.07,236.18,242.16,240.80,245.84,251.51,252.52,255.22,262.93,266.92,271.92,273.23,275.26,275.28,273.80,269.44,263.91,259.09,249.32,239.79,234.08,225.80,219.11,213.21,205.64,200.17,193.71,185.81,178.18,170.76,162.53,160.43,150.10,145.25,138.29,131.37,122.64,114.98,104.58
148.12,162.26,174.26,185.42,195.44,206.04,211.40,220.84,224.96,230.44,232.55,236.86,240.47,240.75,244.66,249.57,252.01,256.60,260.35,261.04,265.04,272.66,278.21,280.40,283.88,285.70,283.32,280.30,277.33,271.15,266.58,256.22,247.24,242.22,236.64,225.86,218.33,211.15,205.91,199.57,191.84,184.40,177.10,168.67,164.07,154.73,148.00,142.44,138.40,127.88,120.07,108.91
149.12,164.28,175.29,186.95,199.72,208.79,214.35,221.93,225.97,231.29,237.24,240.05,242.99,245.31,247.61,254.57,255.55,257.85,265.54,264.60,269.36,275.80,281.23,286.54,290.66,292.44,291.24,287.22,283.21,278.41,273.66,263.00,252.76,246.81,238.80,232.55,226.06,218.00,212.20,203.53,197.43,192.31,182.92,173.92,169.00,160.15,153.91,147.30,139.28,130.65,121.02,110.91
147.03,162.86,173.90,185.27,194.65,207.88,210.40,219.54,224.34,228.57,231.39,235.42,240.21,242.05,245.11,249.40,251.46,255.54,261.22,261.09,264.43,270.60,276.01,283.44,286.78,285.90,286.57,284.61,280.40,277.37,270.54,259.94,249.88,244.39,235.91,228.62,223.61,216.36,209.47,200.66,195.00,189.84,179.63,171.97,167.92,158.11,151.21,145.17,139.32,130.00,120.60,109.56
147.08,161.94,173.22,184.46,197.19,205.52,209.80,218.06,221.84,228.83,231.77,235.85,239.21,241.05,239.71,247.69,250.73,254.26,262.03,258.43,262.84,268.79,274.77,275.96,279.50,284.01,282.30,277.87,273.00,269.76,263.14,252.30,243.30,240.97,229.71,223.49,217.08,207.28,202.05,196.79,190.28,181.28,173.44,166.24,161.76,153.22,145.78,140.06,133.15,124.85,118.22,106.04
136.56,151.48,161.15,169.29,180.40,191.08,195.13,204.00,207.09,210.30,214.48,217.71,221.92,222.77,223.60,230.99,229.96,235.64,240.42,241.75,245.58,250.06,253.55,257.77,261.77,261.82,262.09,258.01,253.95,249.05,247.15,236.41,225.74,220.95,212.08,206.83,200.81,192.67,187.38,179.36,173.16,167.50,159.46,153.81,149.60,140.81,135.69,129.40,124.78,116.56,108.85,99.36
147.27,162.34,173.00,183.73,196.01,205.00,210.34,217.37,222.83,227.01,229.82,234.80,238.00,240.11,239.83,248.36,249.90,253.33,255.95,258.94,261.12,268.78,274.77,279.69,281.64,284.32,282.90,279.83,277.33,271.03,265.82,255.47,244.97,240.33,231.42,226.32,219.61,209.99,207.04,198.39,191.05,184.84,176.37,167.00,164.50,152.95,148.85,141.32,134.42,124.91,117.90,106.79
145.34,161.55,171.14,182.83,193.40,202.87,207.47,217.22,221.11,226.36,229.54,233.02,237.69,239.02,239.18,245.58,245.23,249.93,256.70,255.89,258.49,265.01,271.60,274.32,277.35,278.30,275.05,274.56,270.05,263.03,259.89,249.61,238.67,233.47,227.00,218.82,212.44,203.81,200.00,189.93,184.71,178.23,169.01,162.46,158.15,149.04,144.80,137.21,131.61,122.97,115.16,105.69
141.51,158.15,168.59,181.79,189.24,200.82,207.12,215.33,217.95,224.38,225.44,232.36,235.69,235.34,234.80,243.74,243.21,248.36,254.24,254.01,257.23,262.98,269.48,269.98,274.19,278.47,278.16,268.48,266.19,264.20,257.66,245.25,235.54,234.39,225.06,218.16,208.25,201.82,195.83,189.65,183.77,172.89,168.30,159.20,156.22,145.42,139.79,132.61,130.18,123.07,110.86,102.12
148.22,164.28,174.62,186.43,196.96,206.53,213.18,220.42,224.22,229.69,233.00,238.03,240.52,241.25,242.59,250.80,249.58,254.24,260.73,260.65,263.06,270.71,275.75,279.31,281.39,286.43,285.05,279.22,277.97,272.84,269.02,258.38,246.29,242.53,234.18,227.85,220.51,211.75,206.66,198.98,192.84,184.20,177.49,170.00,165.61,154.43,148.49,142.04,137.77,128.41,120.02,108.85
147.34,162.35,172.63,185.15,195.43,205.50,209.41,220.27,222.51,227.26,229.12,233.69,236.60,238.55,241.63,246.79,247.24,252.62,256.56,257.86,261.18,269.90,273.81,276.81,279.04,281.63,282.24,278.20,275.95,269.74,266.39,254.24,245.31,239.42,230.67,224.06,218.63,209.06,204.00,197.09,191.32,183.88,174.92,167.94,164.78,154.30,148.49,142.24,134.97,126.75,119.42,108.98
147.90,163.27,175.33,187.95,194.18,205.77,210.64,222.52,223.89,230.38,229.92,235.94,239.08,241.08,240.88,247.55,249.20,253.57,259.05,259.79,262.36,268.74,276.24,278.09,281.10,285.41,283.02,277.61,275.12,270.43,266.92,255.98,246.20,245.03,233.39,226.55,218.55,208.89,206.65,197.12,191.97,183.35,177.99,168.62,166.74,156.39,148.17,141.20,137.93,129.03,118.33,108.58
147.80,163.37,173.08,185.80,196.42,206.32,210.04,220.20,224.16,228.25,231.39,236.02,238.47,241.66,241.98,248.78,249.30,252.79,257.99,259.13,262.50,269.28,274.32,276.41,280.67,281.15,281.44,276.45,273.66,266.23,263.05,252.05,241.30,237.52,228.27,223.30,213.55,205.20,202.07,191.88,187.32,179.04,172.53,166.09,161.22,152.74,145.17,139.06,135.12,126.57,119.08,106.89
144.01,161.82,171.74,184.33,193.40,202.16,208.37,214.48,221.47,223.90,225.16,231.71,235.03,234.71,237.15,244.17,244.00,248.87,253.55,253.07,255.70,265.57,270.60,272.41,276.25,279.11,278.45,273.51,270.07,267.47,261.61,250.46,240.09,240.23,229.03,223.66,215.01,204.36,202.08,195.56,189.64,181.62,176.79,167.32,164.10,154.18,145.67,138.76,134.71,126.32,116.50,105.59
145.60,162.37,173.97,186.05,194.16,205.42,210.95,218.28,223.39,228.55,228.18,235.51,238.88,238.32,240.83,245.28,247.41,250.89,257.24,255.78,260.32,266.99,274.00,274.77,276.15,279.33,280.63,273.86,270.93,266.54,261.22,250.46,241.77,237.89,229.53,221.74,213.85,208.17,202.20,194.54,188.22,180.28,173.28,166.34,162.89,151.92,144.25,140.19,135.21,127.24,116.25,106.79
148.66,165.56,175.28,185.91,199.32,208.24,212.92,221.14,224.54,228.88,233.21,235.44,239.72,242.24,243.76,247.16,249.51,252.72,258.70,260.32,262.29,270.49,277.15,278.63,281.66,280.86,279.69,278.77,274.40,268.02,263.84,254.76,243.45,237.45,229.40,223.00,217.44,209.25,203.00,195.01,187.88,182.62,173.25,165.80,163.00,154.64,146.99,141.66,134.47,124.81,118.51,109.14
144.81,159.52,170.84,181.07,191.93,200.44,206.34,215.03,217.64,223.62,226.14,231.17,233.26,235.27,234.80,241.24,241.47,246.08,253.02,254.07,256.64,263.03,270.48,273.75,275.80,278.69,276.22,274.07,271.12,265.32,262.77,252.11,240.15,236.58,228.71,220.59,214.76,208.15,201.64,193.20,188.96,184.02,173.37,167.07,163.49,154.16,147.58,140.81,134.54,125.72,116.93,106.55
144.97,158.78,171.14,182.86,192.84,202.94,207.18,218.33,220.08,226.29,228.43,234.92,237.95,235.92,239.21,244.44,245.51,252.45,258.12,257.11,259.37,265.98,273.21,275.86,277.32,283.66,283.56,274.84,273.75,271.83,264.58,253.57,244.56,243.58,233.40,227.40,217.38,207.71,203.01,200.34,193.71,182.78,179.74,169.37,165.87,153.10,149.77,136.34,124.74,121.04,118.53,106.55
146.24,161.28,175.78,185.28,194.26,204.97,210.04,218.44,222.19,228.86,227.77,236.33,236.78,237.01,238.83,244.66,247.68,253.66,258.80,255.57,261.38,267.48,274.43,278.21,277.48,285.09,283.49,276.22,273.24,271.77,263.80,253.87,243.33,240.83,231.94,226.21,216.00,208.96,201.99,198.60,193.28,182.48,177.79,169.37,165.10,154.00,147.56,139.39,136.42,128.86,118.27,106.28
145.96,161.30,171.11,182.46,192.21,201.97,208.85,217.00,222.69,224.96,229.96,233.60,237.12,238.87,238.01,243.40,245.31,249.83,253.46,256.63,258.63,264.83,272.25,276.54,275.29,279.55,278.03,274.26,269.98,265.57,261.27,252.44,242.17,234.79,228.27,221.98,214.25,206.53,200.53,194.55,186.03,180.07,171.82,164.16,161.24,152.46,146.03,138.01,127.76,118.71,110.26,103.37
146.81,163.78,173.40,185.16,192.59,204.71,211.02,217.89,222.64,227.22,229.99,235.05,237.00,236.85,240.67,244.26,249.47,253.40,256.28,256.60,261.08,267.02,273.79,279.21,279.29,284.01,283.73,278.22,276.74,270.29,266.06,258.04,245.84,240.69,232.77,225.80,219.09,209.09,204.98,198.31,194.28,186.25,177.72,170.63,166.36,156.08,150.85,142.58,136.88,129.56,121.63,109.02
145.56,162.43,173.56,184.29,193.54,202.02,209.99,218.21,222.33,228.02,228.30,235.48,237.65,237.29,239.29,244.66,248.86,254.42,258.77,255.52,260.00,266.43,275.09,278.47,279.66,285.18,283.18,277.85,274.85,271.40,265.04,254.65,244.36,243.82,235.03,225.68,217.51,209.69,204.39,200.73,194.49,185.54,180.28,170.85,167.17,156.32,149.84,141.82,137.64,130.03,119.55,108.23
149.20,164.28,172.07,183.77,196.01,206.01,213.93,222.99,225.14,229.26,234.41,239.08,242.35,244.47,244.66,251.83,254.19,256.87,260.28,260.34,261.69,269.28,277.50,280.04,280.37,283.81,281.77,278.06,274.26,269.47,264.36,252.72,240.66,238.30,229.73,224.54,216.60,207.23,202.07,196.12,188.22,182.95,174.00,167.73,162.27,151.12,147.87,140.19,134.33,124.58,118.66,107.38
143.75,163.27,170.60,178.99,192.07,205.94,208.00,223.29,226.77,227.50,231.81,237.43,240.83,243.35,245.70,251.07,252.74,258.54,259.79,261.82,261.30,270.90,274.12,277.48,279.41,282.21,280.03,276.80,274.30,266.06,262.99,251.73,238.21,235.85,226.81,224.01,214.56,206.34,201.80,191.65,187.49,180.55,171.77,164.22,160.15,152.64,144.50,139.09,131.03,124.04,116.78,105.38
147.43,164.47,175.07,188.74,197.27,208.80,213.38,221.82,228.65,232.74,235.10,241.54,245.47,244.01,243.26,250.91,253.06,258.21,263.93,261.90,266.37,273.51,280.37,282.39,282.63,287.70,288.74,280.07,276.55,272.96,265.04,256.32,246.26,244.62,235.71,227.38,217.86,208.06,203.96,199.54,192.88,180.41,176.78,168.69,165.51,154.18,146.39,140.16,136.06,128.10,119.22,107.65
147.67,164.54,172.41,187.18,196.16,208.25,212.93,220.79,225.58,229.48,233.38,238.30,242.59,243.71,244.14,251.45,251.68,254.57,262.39,262.45,265.00,271.83,278.15,282.31,282.21,285.49,284.43,278.93,277.41,270.84,267.62,256.34,244.60,242.56,231.78,226.13,218.29,209.95,204.36,195.69,191.00,183.21,174.27,167.97,164.20,152.86,148.96,141.43,136.69,127.91,120.42,107.62
142.03,157.81,167.86,178.51,189.48,201.56,203.19,213.38,217.79,222.81,224.88,228.48,232.05,235.29,236.04,241.58,243.81,248.21,250.06,253.13,255.74,262.57,268.88,275.27,276.18,278.00,276.38,273.54,272.08,264.46,262.39,252.00,243.21,236.48,227.65,222.42,216.51,209.82,203.73,194.66,188.66,183.44,173.74,168.44,163.08,154.21,147.41,140.80,135.48,126.57,117.72,108.68
151.16,166.19,178.02,188.47,199.27,209.75,216.38,225.94,227.17,235.05,235.08,242.40,245.42,245.07,245.69,255.16,255.27,261.59,266.06,263.12,269.06,275.95,282.29,286.02,285.34,291.30,290.50,284.49,280.06,277.13,270.96,259.82,248.47,245.23,235.33,230.08,220.62,212.45,207.14,200.56,194.37,184.36,177.49,170.67,166.72,154.04,148.60,142.00,138.24,129.10,121.17,108.00
149.97,166.24,178.01,188.25,197.29,207.15,213.18,223.95,227.22,234.54,233.94,241.25,244.66,244.14,243.99,250.71,254.87,258.80,265.05,262.13,267.15,272.87,281.49,283.27,283.78,288.40,287.78,280.67,279.57,275.54,267.94,255.39,246.17,246.43,237.26,228.83,218.29,209.16,202.55,200.93,194.02,180.28,177.61,170.43,165.51,154.35,146.58,140.43,137.87,126.57,120.33,108.71
146.24,164.81,175.51,187.02,197.43,212.43,214.45,224.27,226.57,230.06,236.09,239.44,243.80,245.97,243.76,253.16,252.79,258.02,260.28,262.93,262.92,268.99,276.86,278.35,278.26,282.18,282.26,275.91,274.36,268.13,264.09,251.46,242.79,239.28,232.05,222.89,216.94,209.88,203.22,194.16,189.07,181.07,175.35,167.30,162.86,152.85,146.11,139.30,132.40,124.62,114.62,105.00
145.83,165.48,177.52,186.59,197.69,210.04,211.40,223.46,229.65,232.43,234.68,242.62,243.58,243.91,242.59,253.78,254.23,258.28,264.23,263.15,264.56,270.95,278.77,280.93,281.86,290.12,286.75,279.38,276.00,273.16,265.67,255.20,244.63,243.03,233.32,227.18,217.08,208.06,205.01,198.32,192.52,180.48,177.87,168.88,164.44,153.10,145.66,139.52,136.00,128.79,117.07,106.89
145.34,162.52,172.41,183.81,193.83,205.00,209.94,218.58,224.76,227.90,230.53,233.62,237.31,239.05,240.15,246.06,248.07,253.24,258.12,258.79,262.37,268.34,275.36,279.11,282.97,286.00,284.26,279.22,275.54,272.46,266.60,258.44,246.66,239.87,233.42,226.65,220.07,212.29,206.65,198.65,192.04,186.60,176.38,171.08,166.53,157.63,150.63,145.67,138.29,129.99,120.65,109.04
