99.69,111.00,118.73,129.03,137.53,145.42,150.88,160.88,164.22,171.66,175.31,182.26,188.67,190.38,194.13,200.58,210.00,217.79,223.24,225.74,238.30,247.62,257.80,262.29,267.54,276.05,280.79,276.41,276.68,275.50,267.08,263.42,256.36,255.33,250.35,244.62,234.96,228.01,223.02,218.96,213.01,200.68,195.93,187.32,180.50,169.45,158.45,149.00,142.44,131.89,118.53,106.57
100.28,110.89,119.47,129.73,134.48,142.03,149.62,159.01,163.27,170.24,172.47,179.98,186.68,189.79,190.91,200.16,206.83,214.95,222.03,225.04,235.79,244.56,254.26,258.31,264.71,273.41,279.34,273.08,274.19,272.81,265.70,260.92,253.50,254.57,247.01,242.72,232.42,225.73,219.42,217.68,209.77,196.77,193.77,185.71,178.89,166.44,156.28,148.03,140.29,131.03,117.89,106.02
107.86,119.21,128.13,139.09,145.00,151.65,160.51,169.06,171.42,178.84,184.20,190.54,194.74,197.99,201.43,209.15,216.23,226.37,234.40,236.93,249.23,258.50,267.74,274.17,278.89,288.00,292.14,286.45,288.88,285.16,280.32,276.09,269.31,266.31,263.37,251.77,243.99,238.30,232.33,230.18,221.11,208.08,203.67,195.53,187.55,176.15,165.34,155.88,147.46,137.23,122.80,109.81
101.21,111.40,119.40,128.10,137.09,146.18,152.16,158.07,163.20,169.50,175.64,179.63,184.20,190.13,196.25,201.88,205.63,213.21,221.27,227.20,237.02,244.59,253.57,261.73,267.62,271.69,276.23,275.28,275.69,271.90,267.90,261.46,254.70,251.96,246.09,240.30,231.52,227.43,222.80,216.04,209.60,200.64,192.32,185.97,178.71,168.24,159.22,150.28,141.00,129.99,118.60,107.90
102.88,114.93,122.89,133.41,141.66,147.96,153.18,159.53,163.31,171.48,175.11,180.92,185.93,188.96,195.72,201.30,207.89,215.59,222.62,227.38,239.51,247.19,255.39,264.55,268.38,275.96,279.80,276.18,276.47,275.05,270.15,265.52,257.61,257.38,251.03,245.23,235.31,230.34,225.22,222.50,215.37,204.63,197.80,189.02,182.06,170.48,162.61,153.26,144.52,134.24,122.58,108.30
98.76,112.64,121.20,130.48,135.68,144.01,151.16,159.84,162.86,171.00,173.08,182.78,186.45,188.04,193.62,199.83,206.83,215.75,222.44,225.50,237.24,246.62,254.07,261.63,265.67,274.24,279.30,273.38,274.61,273.15,266.60,262.84,254.00,254.33,248.13,241.48,233.96,226.93,222.52,217.18,212.01,198.73,195.88,186.76,179.20,167.60,157.50,149.75,140.68,130.92,117.05,105.54
99.62,111.83,118.38,127.53,135.28,144.18,150.75,158.52,163.36,169.50,173.98,180.47,185.05,187.86,194.62,199.97,205.83,213.35,221.17,224.02,234.00,243.25,253.43,259.33,263.15,272.40,276.26,270.68,273.91,271.54,264.41,259.12,252.81,251.01,246.02,240.67,231.86,225.34,219.18,216.39,208.75,197.20,194.58,183.87,177.88,166.68,156.05,148.33,140.72,129.32,117.48,105.72
100.57,111.36,118.46,128.10,135.44,144.47,151.49,158.52,162.86,169.01,175.01,179.52,183.11,188.83,193.40,200.11,204.25,212.88,217.92,223.60,235.26,243.21,252.23,259.82,264.46,270.51,273.36,272.44,272.36,269.76,265.24,261.61,253.48,250.69,246.03,239.72,231.11,225.34,220.42,213.00,207.94,199.75,192.42,183.73,178.36,166.39,157.43,148.68,140.25,129.25,117.48,106.30
100.45,114.49,117.52,127.35,136.86,147.25,151.61,158.71,160.70,168.44,173.76,178.00,183.41,189.17,193.13,199.21,205.18,212.17,219.57,225.74,236.43,245.73,253.54,260.74,264.85,270.02,276.24,274.45,275.73,270.12,266.37,261.82,253.16,250.52,243.92,240.10,233.28,227.04,219.89,213.00,208.54,199.70,193.34,185.01,176.05,167.03,158.15,150.37,139.61,128.32,117.92,108.17
73.55,82.73,95.34,102.11,116.28,127.14,132.38,138.00,144.80,151.70,157.15,161.21,167.50,167.87,174.14,179.78,183.64,191.80,195.23,201.56,209.15,211.09,218.45,219.49,223.18,225.97,222.60,213.04,205.77,203.75,190.92,186.55,174.77,171.41,161.76,157.61,154.06,148.07,145.61,143.17,139.98,131.47,129.06,124.91,123.55,113.99,110.57,105.93,101.24,93.62,87.32,78.82
100.42,111.07,119.07,131.10,135.88,143.17,151.08,157.43,161.42,169.29,173.49,179.39,186.04,187.63,190.63,198.20,205.06,216.46,221.05,222.12,234.36,243.81,253.65,258.43,264.02,271.01,275.86,271.56,273.12,270.25,264.14,259.39,252.96,250.54,245.73,239.14,229.87,225.87,220.05,217.08,208.85,197.46,192.63,185.22,177.73,166.01,157.10,147.25,139.53,130.46,117.00,105.48
100.24,113.36,119.00,129.76,135.59,143.96,151.03,159.20,162.98,170.14,174.16,180.23,185.95,189.40,195.00,201.21,207.00,214.31,221.90,224.96,236.33,244.97,254.53,261.01,267.33,272.66,277.00,274.75,276.52,271.50,266.01,261.88,255.38,252.68,246.01,239.20,231.20,225.38,221.20,216.09,209.42,199.49,193.75,185.28,178.01,164.58,156.55,149.05,139.09,129.32,117.95,105.30
100.18,111.68,119.62,129.53,135.59,144.06,151.48,157.75,161.06,167.19,174.93,178.14,183.92,188.73,193.20,198.64,204.04,213.93,219.80,225.08,235.64,242.10,253.02,259.22,267.07,270.84,274.08,272.52,273.72,270.20,265.05,261.45,253.66,248.13,245.20,239.10,229.92,225.14,220.66,212.62,206.60,198.40,192.20,183.58,176.12,165.68,155.42,147.30,137.71,128.16,115.31,105.59
101.02,111.50,118.85,126.48,135.65,145.45,151.43,158.08,162.27,167.76,174.77,178.63,184.05,188.68,193.34,199.25,204.25,211.95,218.24,224.86,237.45,243.77,252.79,260.16,266.74,270.25,274.17,274.87,272.85,271.94,266.58,260.40,255.28,249.80,244.31,238.90,230.87,226.43,219.67,214.01,207.06,199.06,190.76,184.05,177.05,166.23,156.82,149.05,137.93,128.04,117.27,105.48
101.21,115.21,118.88,129.44,137.59,146.60,152.61,159.93,162.73,170.47,176.92,179.75,185.17,190.28,195.23,202.62,206.29,215.26,221.58,227.07,237.84,245.86,255.56,263.30,268.73,271.97,279.30,276.99,276.16,273.88,270.65,263.83,256.30,252.19,246.53,240.62,233.63,226.50,223.66,218.16,208.19,199.09,193.00,185.35,178.83,168.12,158.40,150.46,139.31,129.03,118.61,106.47
102.18,113.89,122.59,131.53,137.64,145.60,154.05,163.00,167.63,172.12,176.00,183.44,188.35,190.60,195.93,201.56,209.12,220.19,225.70,228.53,238.16,248.46,258.70,264.28,269.70,277.46,283.30,276.24,279.97,275.12,270.49,264.80,257.47,255.00,249.82,243.81,233.89,228.36,223.01,217.88,213.43,199.73,195.60,187.07,180.14,167.91,157.88,148.95,139.79,131.50,117.72,105.57
101.55,114.11,120.55,130.10,137.62,145.84,150.84,158.27,162.87,168.58,175.11,178.31,183.02,189.42,194.16,200.66,204.50,211.75,218.93,225.20,237.99,243.50,252.20,259.53,265.32,271.83,275.22,272.11,273.44,269.90,265.48,261.70,254.00,248.21,243.81,237.52,230.18,225.84,219.74,213.36,205.91,195.92,190.04,182.60,174.83,163.00,154.50,147.57,137.00,127.20,115.43,103.31
101.24,113.44,121.20,128.76,135.65,145.88,151.42,159.81,165.06,169.45,173.49,182.24,186.23,188.50,192.84,199.91,205.88,217.11,223.21,226.00,237.59,244.28,254.03,260.60,266.63,272.05,279.33,272.37,274.88,274.34,267.04,262.05,252.29,254.75,246.42,240.52,231.25,224.88,219.62,216.01,210.01,196.37,193.06,185.06,175.57,164.91,155.54,146.77,139.39,128.55,115.21,104.69
103.59,114.73,122.64,132.41,140.80,147.05,154.64,159.93,165.20,171.55,177.50,181.80,187.20,191.02,196.06,203.04,207.62,213.17,223.54,228.71,238.20,247.10,255.23,262.91,270.84,274.12,277.00,280.36,280.23,272.39,267.94,264.22,258.37,253.51,246.56,242.39,235.95,229.79,223.08,216.82,209.90,200.93,194.93,185.44,177.10,169.10,156.68,150.40,139.85,128.97,119.47,106.37
103.10,115.97,119.97,130.38,140.13,148.76,152.86,160.73,165.06,170.43,176.78,179.40,187.26,190.39,194.49,202.71,207.46,214.11,221.58,227.71,240.07,246.98,254.89,263.04,270.29,275.84,279.65,276.12,278.60,271.19,267.76,263.07,258.12,254.70,246.87,240.26,234.55,227.38,223.01,214.98,207.65,199.58,192.90,185.15,178.23,168.88,159.00,149.91,137.20,128.46,117.18,107.30
102.73,115.17,120.02,130.38,138.68,147.00,151.53,159.20,162.93,168.44,175.90,177.56,183.02,188.05,193.00,200.26,205.01,212.51,219.39,225.23,236.92,245.23,251.85,260.50,266.69,269.08,277.08,273.94,275.86,270.67,267.59,260.86,254.87,250.60,243.98,238.46,230.41,223.83,219.31,214.35,207.64,196.98,192.10,182.78,173.66,164.45,155.32,147.63,137.42,126.14,114.84,104.20
103.12,116.02,124.06,132.14,140.13,148.19,155.12,163.37,167.60,173.14,179.52,184.61,189.76,193.05,198.80,203.68,211.55,218.04,225.83,230.78,242.17,250.94,258.52,266.44,271.86,279.20,283.49,281.15,280.61,275.99,272.84,267.86,260.74,256.22,250.00,242.84,235.21,230.90,223.60,218.32,210.58,204.20,194.01,188.11,180.11,167.26,159.91,149.09,138.85,129.99,120.75,106.10
103.28,116.25,124.06,133.24,140.66,149.81,154.51,163.96,168.60,174.32,179.18,185.00,190.59,194.18,200.24,205.00,213.05,219.18,226.32,231.26,243.02,251.03,259.31,267.91,272.36,279.87,284.95,282.91,282.12,278.95,274.59,269.32,261.67,256.91,250.97,244.46,236.28,230.99,225.29,218.63,211.77,205.54,195.89,187.68,180.56,169.01,159.89,150.05,140.09,130.03,121.02,107.52
102.55,113.04,122.71,130.42,137.31,150.38,152.47,159.01,163.38,167.45,170.26,176.05,183.56,186.55,191.02,200.25,204.38,214.40,221.00,224.12,236.89,245.80,253.69,261.24,266.18,274.19,279.42,275.07,273.34,272.01,266.90,260.98,254.72,251.72,245.46,238.67,231.21,226.26,219.40,215.13,208.39,198.93,192.42,183.99,176.71,164.30,154.50,146.12,136.62,128.81,115.43,102.49
103.45,114.98,124.74,131.76,140.46,153.18,156.18,161.55,165.70,168.63,174.57,177.63,185.43,189.84,195.27,201.56,209.06,216.97,222.51,228.35,240.20,248.52,257.19,265.96,269.15,277.20,283.57,279.89,279.40,276.15,272.46,266.99,259.06,254.94,249.97,242.49,235.37,228.04,221.82,216.54,209.50,202.24,194.34,186.32,179.84,166.43,157.93,147.73,138.71,127.95,118.51,104.81
99.90,114.28,122.43,130.10,139.71,146.77,154.21,160.23,165.19,175.15,177.65,187.02,192.85,195.26,199.84,209.09,212.71,222.30,228.97,233.00,243.82,251.29,260.85,267.30,273.91,280.68,288.01,281.31,282.66,280.51,274.97,270.24,263.00,261.70,255.07,247.81,239.35,233.85,226.38,223.45,217.08,204.25,200.23,189.77,183.00,169.94,161.60,151.65,144.56,132.06,119.25,107.80
101.07,114.11,119.97,128.70,137.48,146.12,151.48,159.48,162.52,168.58,174.24,181.47,186.25,190.25,192.84,202.04,205.88,212.53,220.49,226.37,237.54,245.20,255.36,263.32,267.68,272.52,278.03,275.80,275.02,273.01,267.05,262.05,255.85,251.87,246.94,241.01,231.66,227.77,221.46,217.49,208.96,200.09,192.48,184.29,177.12,166.01,157.04,149.37,138.29,129.03,117.80,105.99
98.79,114.86,120.33,130.60,137.71,146.70,152.74,161.22,165.92,170.99,174.94,182.04,186.81,189.79,195.03,203.16,209.07,216.40,223.00,225.89,237.93,245.84,256.07,261.66,265.88,274.39,278.78,275.66,275.54,274.64,268.56,262.93,255.67,255.50,248.65,241.48,232.78,227.26,221.33,218.05,210.85,199.72,195.25,186.17,179.77,165.85,156.35,148.48,137.38,129.81,118.00,104.58
99.46,110.68,120.10,129.29,135.48,142.67,149.91,157.99,161.51,168.25,172.25,177.79,184.39,187.01,191.48,200.69,203.73,212.06,218.12,222.58,234.71,243.66,252.12,256.88,263.37,271.55,275.28,271.88,270.09,267.53,262.49,259.26,251.96,248.68,243.90,234.78,228.55,224.16,218.44,212.46,206.16,193.60,188.74,180.01,174.90,163.11,153.84,145.22,136.17,128.97,114.04,103.24
102.96,115.85,122.48,132.64,139.27,145.50,153.03,161.01,167.00,173.10,176.92,184.17,189.17,192.52,197.20,203.33,209.15,219.32,226.42,228.53,242.33,249.16,260.00,266.19,271.53,278.30,281.51,279.03,278.54,277.24,272.24,265.59,257.60,258.31,253.31,243.76,236.17,229.27,223.57,221.77,212.85,200.44,196.12,187.84,180.32,167.71,157.69,149.37,140.07,131.10,117.35,105.36
99.13,114.04,120.50,128.25,137.62,144.05,150.88,160.03,162.52,169.96,173.97,181.34,187.00,189.00,190.67,199.94,206.71,214.39,223.27,223.65,236.28,245.67,256.81,261.09,265.93,271.40,277.20,274.61,274.70,274.24,268.15,261.56,253.65,254.23,247.07,240.07,230.79,223.33,218.55,216.30,208.29,196.46,193.00,181.76,176.24,164.51,154.87,146.22,138.44,127.09,115.52,103.75
102.20,113.99,124.43,131.55,138.92,147.90,153.94,163.44,168.07,174.43,178.51,186.01,189.23,193.50,196.50,203.44,211.12,220.69,225.26,230.26,241.99,251.45,260.16,268.26,271.67,281.34,284.52,278.30,280.37,278.18,272.64,266.99,259.73,258.60,254.62,245.94,237.07,228.88,224.61,221.05,213.85,201.70,195.53,189.21,180.57,168.12,158.50,149.35,141.06,130.60,118.09,105.12
100.69,114.91,121.34,130.77,140.25,147.35,152.74,161.38,165.42,173.10,176.10,183.24,186.13,191.01,196.06,203.04,207.85,217.19,224.20,227.71,238.80,247.99,256.40,264.68,269.00,275.75,282.65,277.25,278.46,275.23,268.49,264.69,256.68,255.36,247.59,241.59,231.95,226.53,223.88,217.87,210.95,198.02,194.29,184.91,177.37,164.94,155.08,146.82,138.50,129.00,114.74,103.47
103.79,116.00,124.08,134.35,142.86,151.12,156.54,167.80,170.33,175.35,181.65,188.50,191.67,196.84,200.02,207.48,214.15,221.46,229.05,234.55,245.76,254.07,263.59,271.14,276.38,283.72,288.90,285.11,284.26,282.77,277.24,271.94,263.41,261.30,254.75,247.46,239.53,233.19,227.48,223.23,214.69,203.80,198.22,188.90,180.60,168.01,160.26,150.89,141.32,131.46,118.30,107.17
102.73,114.28,120.30,131.38,139.29,148.07,154.16,159.11,164.83,171.59,178.71,181.34,186.59,192.31,196.66,202.57,207.42,215.04,222.00,227.15,240.95,247.35,255.15,262.97,268.88,274.40,280.35,278.00,278.82,274.12,270.42,264.05,257.11,252.38,248.28,241.67,233.57,228.27,224.47,217.00,208.75,200.44,193.30,185.31,178.10,168.27,157.10,149.16,139.79,129.03,117.92,106.79
100.34,112.65,117.15,128.88,137.30,143.54,153.56,159.26,165.71,170.29,175.33,179.98,187.04,189.97,195.17,200.14,208.06,215.42,221.27,225.16,237.77,246.06,255.48,262.35,268.78,274.26,277.65,275.03,272.87,273.38,267.07,264.80,256.54,253.03,248.73,240.83,231.46,228.04,221.38,216.89,208.19,199.81,192.44,185.15,177.51,166.52,157.54,149.16,138.68,128.06,117.72,105.30
99.72,112.40,120.27,129.81,137.01,146.03,151.16,160.46,164.20,170.74,175.32,181.07,185.56,190.92,192.77,200.06,206.93,215.61,221.27,226.08,237.67,244.92,254.34,259.95,266.91,275.86,279.87,273.80,276.50,273.15,266.66,261.96,254.61,252.77,246.48,240.86,231.32,226.50,219.48,217.47,210.26,194.99,192.75,184.29,176.41,164.08,154.12,145.61,138.68,127.95,116.04,104.36
104.94,116.81,124.02,133.66,143.10,150.66,154.49,163.49,168.18,172.68,182.16,184.78,188.96,193.35,197.43,205.57,211.61,218.05,224.10,231.14,243.07,251.81,259.70,267.25,274.24,277.22,284.75,283.68,283.21,280.02,276.89,269.48,261.84,257.86,253.81,247.03,238.50,231.18,226.00,222.25,212.53,204.52,195.56,187.63,179.81,168.19,161.06,151.35,141.15,128.10,119.51,105.76
102.39,114.76,122.07,130.70,139.09,147.09,154.02,160.98,164.01,168.91,175.86,181.39,186.97,191.17,194.88,201.60,206.82,215.35,221.01,227.11,239.80,246.40,255.16,262.25,269.62,273.40,280.04,277.97,280.20,274.31,272.16,265.42,257.39,254.52,248.71,241.87,234.36,229.14,222.71,215.96,209.85,200.32,192.57,184.23,178.00,167.11,156.42,148.95,138.51,127.88,116.50,104.81
101.92,114.55,120.25,129.10,139.52,148.48,154.85,160.42,165.11,169.06,178.00,181.69,186.55,191.60,198.17,203.57,209.03,216.69,222.90,228.84,240.71,248.65,256.25,264.88,271.36,275.22,281.52,278.69,278.69,277.02,270.07,264.94,259.08,255.98,250.80,241.96,234.45,228.06,223.90,216.45,211.44,202.79,193.54,185.43,177.77,167.29,157.49,150.27,139.59,129.00,118.31,106.40
99.16,111.22,117.69,128.76,135.93,143.17,149.62,156.82,161.64,168.07,172.53,179.78,184.20,187.13,189.79,196.86,203.27,212.16,218.29,222.04,233.65,243.71,251.31,257.19,263.06,270.54,276.96,270.80,273.34,270.53,264.64,259.09,253.36,251.03,244.47,238.56,228.83,223.79,217.33,213.43,206.83,195.13,191.46,180.71,174.63,161.34,151.49,145.00,136.70,127.66,113.60,101.40
104.01,116.50,123.94,133.22,139.59,148.55,154.35,161.62,166.36,172.59,177.00,182.88,187.04,191.02,196.92,203.82,207.97,215.96,224.50,228.65,240.07,250.60,259.26,265.19,272.86,278.93,282.08,280.09,281.58,276.28,272.50,267.44,261.09,256.08,250.70,244.08,236.30,231.01,224.61,219.13,212.05,202.62,195.03,185.15,179.01,168.16,158.27,149.05,140.29,128.55,117.32,105.23
102.34,114.98,119.22,128.89,138.29,147.85,152.84,160.18,164.79,170.56,175.85,180.10,184.39,189.45,195.41,200.88,207.62,215.08,220.78,226.74,237.12,247.15,255.07,261.89,269.36,275.33,280.64,277.22,277.50,273.60,267.80,266.10,255.36,254.95,247.75,240.96,234.09,228.02,222.80,215.82,209.69,199.62,191.06,183.99,176.66,168.08,157.29,148.76,138.71,128.76,117.17,105.57
102.11,114.76,120.83,132.28,139.99,146.87,154.21,161.72,165.86,173.69,177.34,177.79,184.26,188.35,191.13,198.39,202.20,209.46,217.64,223.66,236.58,242.32,252.02,258.65,266.19,273.00,277.40,274.05,273.88,270.24,266.63,262.46,255.16,249.37,244.30,237.69,231.87,225.96,221.04,212.95,206.79,195.16,190.39,181.91,175.14,164.76,153.84,146.54,136.24,126.38,115.11,104.04
105.42,119.10,129.12,139.09,146.70,154.16,158.81,170.03,173.90,182.02,184.20,186.78,193.54,196.92,199.97,208.46,210.51,223.66,229.48,232.43,245.37,253.51,265.15,271.09,275.75,286.54,291.04,286.23,287.57,286.01,279.10,275.07,265.71,265.98,260.60,250.94,242.55,234.01,228.04,226.50,219.28,205.01,201.82,191.26,184.61,170.53,161.90,152.35,143.13,134.13,119.81,107.62
104.24,117.32,126.25,136.62,140.92,151.48,158.37,166.87,171.40,178.24,181.60,188.40,192.68,195.90,201.53,208.89,215.20,224.02,231.23,233.38,244.98,255.02,264.80,270.93,276.54,286.23,289.81,285.73,287.59,285.80,277.35,272.68,265.57,265.27,258.24,250.64,241.45,232.85,228.22,227.67,218.56,204.17,201.07,192.51,184.07,170.47,159.03,151.71,144.28,134.66,119.02,107.15
105.11,118.80,122.56,133.00,141.16,150.75,158.82,163.77,169.12,174.73,182.51,184.84,188.73,195.44,200.17,207.02,211.01,219.51,226.95,231.81,244.44,253.10,259.89,269.60,277.46,281.54,284.30,285.90,286.09,280.86,276.42,272.81,264.17,260.03,254.33,246.34,240.79,234.44,226.52,221.10,214.22,205.64,196.66,187.55,181.14,169.50,160.31,151.11,141.57,131.61,120.10,107.56
104.00,115.55,121.66,133.42,140.17,146.29,154.77,163.98,167.59,174.14,177.16,184.59,189.24,191.80,197.82,203.69,210.30,218.96,225.61,228.40,242.54,251.91,259.12,268.20,273.53,281.47,286.38,280.86,283.39,280.40,273.65,268.15,260.34,260.09,253.16,247.40,237.39,234.00,226.17,222.01,215.13,201.53,198.13,189.45,182.58,170.48,159.24,150.47,141.01,131.88,117.61,106.04
104.74,118.11,121.33,133.81,141.61,150.43,156.22,163.49,170.14,174.83,178.44,185.15,189.38,195.14,198.86,206.78,211.55,219.87,226.22,230.57,242.77,251.88,260.54,268.32,274.49,281.80,287.57,284.26,284.19,280.22,275.84,270.00,263.10,261.26,254.91,246.27,239.59,232.69,228.01,222.80,214.55,203.30,197.39,188.40,181.02,169.92,160.65,151.61,141.42,132.82,117.46,107.15
98.95,115.55,121.83,132.40,140.81,146.24,149.82,156.92,161.01,166.03,171.49,178.47,182.73,188.22,192.39,199.74,204.63,212.51,218.05,224.93,236.12,244.25,252.41,261.62,267.16,273.79,277.22,275.57,277.50,272.59,267.73,263.93,255.31,252.12,246.61,240.42,231.40,224.98,219.49,215.68,208.19,199.98,191.32,182.27,175.11,166.17,156.54,147.68,138.81,127.01,115.31,104.00
101.24,113.57,119.89,130.05,136.82,148.38,152.61,160.26,164.22,169.71,175.31,179.84,185.91,189.62,195.73,202.04,205.34,214.28,218.49,227.86,237.12,246.07,254.44,263.13,270.41,274.87,280.94,277.35,279.47,273.21,271.59,265.70,256.50,253.36,247.73,241.87,233.31,229.97,224.02,216.10,209.77,199.58,192.82,184.05,177.10,167.36,156.31,148.53,139.45,128.66,118.11,106.79
102.08,113.84,120.80,130.10,137.57,148.17,151.63,162.19,164.76,170.53,176.50,180.90,185.00,189.86,195.93,202.20,205.57,215.70,220.38,226.11,238.30,246.02,255.07,262.41,270.05,275.06,280.06,275.41,277.85,273.40,269.67,266.00,257.40,253.56,247.92,241.91,235.76,228.97,222.04,215.52,209.75,199.12,193.13,186.75,177.87,167.06,158.24,150.00,139.47,129.53,115.11,106.04
102.96,116.42,122.61,134.46,139.59,147.30,153.39,160.98,165.00,170.45,177.05,181.60,186.89,190.07,194.79,202.89,208.37,215.36,221.20,226.56,238.32,247.89,256.16,261.96,268.90,277.48,282.80,278.62,278.00,277.42,271.28,265.55,258.57,256.11,250.94,242.32,235.09,227.64,222.04,220.05,212.13,201.25,195.00,187.02,178.27,164.56,157.61,150.10,140.43,129.44,116.50,104.29
103.62,117.04,122.65,132.25,139.85,147.22,154.81,160.60,163.87,170.19,176.32,181.11,184.72,189.62,196.33,200.81,206.13,213.04,221.11,224.61,238.52,245.74,255.27,263.94,269.67,276.23,278.63,280.68,278.73,276.09,270.38,266.58,258.54,255.33,249.35,242.21,234.72,229.67,222.41,217.91,209.51,200.86,194.16,185.69,178.66,167.03,159.15,149.21,138.83,128.23,118.51,104.39
99.82,111.83,119.15,131.24,134.81,144.78,150.00,159.77,163.22,167.63,173.35,178.55,183.97,186.50,192.75,199.97,203.36,213.15,218.79,223.30,233.08,242.86,251.02,257.00,265.00,271.97,276.03,273.76,275.39,271.31,266.84,260.57,253.48,251.77,246.40,238.83,230.00,222.64,219.32,215.34,208.08,196.29,193.17,183.41,175.80,162.86,152.01,145.17,138.68,128.28,115.32,102.96
98.81,112.29,116.62,127.01,135.06,143.11,147.14,155.86,161.34,165.89,170.19,176.92,180.51,186.55,189.38,196.82,200.55,207.76,214.46,219.92,234.31,239.78,247.94,255.78,261.84,268.82,272.95,270.85,269.42,267.54,262.15,258.64,253.03,247.35,240.95,234.27,229.61,221.21,214.67,209.85,203.93,194.52,188.31,179.72,173.29,161.24,152.41,143.57,134.01,123.97,113.23,100.50
101.77,114.07,120.81,129.40,139.03,148.00,153.21,159.78,164.15,170.14,175.82,180.28,184.17,190.39,195.65,202.73,207.08,214.16,222.01,227.90,236.76,247.86,254.16,263.59,268.37,272.28,279.31,278.71,278.73,275.18,271.71,265.65,257.98,253.75,245.99,242.00,235.31,227.20,223.04,216.54,208.17,198.12,192.94,184.02,176.82,164.35,156.35,148.49,138.59,127.48,115.41,106.53
100.44,112.07,118.85,129.14,137.57,145.66,152.75,159.14,162.52,167.92,174.59,181.02,186.45,187.88,191.39,198.82,203.36,213.59,220.05,222.50,235.42,244.20,253.03,258.18,265.85,272.84,278.99,273.66,275.86,274.57,268.02,262.46,253.79,254.85,247.39,240.42,232.01,224.96,219.76,215.06,209.80,197.37,191.69,182.78,176.82,163.57,154.35,145.73,139.29,126.50,114.44,103.87
103.75,117.00,124.23,133.69,137.88,147.41,151.29,159.21,162.78,171.30,175.32,181.79,187.00,188.90,192.63,201.56,207.17,215.82,218.83,226.22,238.40,245.64,254.25,260.00,268.29,275.14,279.97,274.02,276.81,273.22,270.00,264.38,258.07,254.95,247.84,241.96,235.21,227.53,222.70,217.17,209.20,199.30,193.02,184.86,179.82,166.90,158.65,150.33,140.77,130.03,116.36,106.83
101.04,113.55,120.27,130.82,136.88,145.84,151.72,160.80,165.25,170.60,175.35,180.69,186.68,188.83,192.63,201.95,207.29,214.65,221.47,226.45,235.85,245.31,253.40,260.03,266.94,275.09,280.79,275.09,276.57,274.08,268.54,265.14,257.24,256.33,249.10,242.33,233.31,229.53,221.56,216.67,210.74,198.04,195.58,185.97,177.91,166.36,156.27,148.72,140.25,131.02,116.21,105.39
100.44,114.06,120.84,131.40,137.38,145.09,151.57,160.33,166.21,170.42,175.87,181.46,187.26,189.69,194.92,200.81,206.50,215.15,222.41,227.30,238.16,247.15,254.33,261.22,268.79,275.33,282.29,275.35,276.42,275.07,269.83,264.22,256.63,257.53,250.73,243.21,235.02,226.92,222.73,218.05,212.08,198.91,194.59,185.32,179.21,167.45,156.73,148.19,140.25,130.29,116.11,105.60
98.84,111.11,120.17,128.69,134.97,143.03,147.80,156.98,161.38,167.60,172.00,178.73,183.38,186.13,190.18,197.67,203.16,213.21,218.89,222.14,234.08,242.10,251.15,257.16,261.94,270.56,275.96,271.89,273.21,270.84,266.10,259.62,251.79,250.57,245.61,238.74,230.01,222.12,218.89,216.09,208.00,195.32,192.51,183.48,175.57,162.98,153.47,146.54,138.77,128.02,114.59,105.12
99.74,114.21,120.21,131.40,137.84,144.07,151.48,158.67,163.81,169.25,174.39,181.33,185.30,189.28,192.43,201.04,206.49,216.83,221.45,226.61,236.14,246.45,255.16,261.30,266.18,274.45,279.66,276.18,276.81,274.12,268.94,263.01,254.44,254.28,248.31,240.71,233.63,227.04,221.20,216.71,210.60,197.00,193.60,184.61,176.71,165.47,157.89,148.30,139.90,129.71,117.41,107.02
100.70,110.11,120.55,126.00,134.77,143.22,147.76,156.55,162.24,166.23,172.80,178.51,183.41,186.13,191.09,198.64,203.49,212.16,218.58,219.86,233.77,242.23,251.96,257.45,262.46,269.64,274.63,270.57,271.40,272.15,263.49,257.53,250.40,250.41,245.60,237.93,228.40,220.31,215.24,214.25,207.94,195.15,191.21,181.00,174.38,161.40,152.76,144.28,135.86,125.94,112.29,102.88
99.74,112.64,117.15,127.95,136.12,145.41,150.10,155.67,161.15,165.85,174.06,176.57,181.07,187.11,192.42,196.60,202.18,208.47,214.18,222.27,231.77,241.35,248.56,255.95,260.58,265.23,271.21,271.28,272.86,267.99,263.97,257.16,250.31,246.90,241.90,234.97,227.88,222.89,217.64,210.80,204.35,196.35,188.10,179.18,173.30,162.11,154.30,145.17,134.21,124.39,115.43,104.71
97.86,110.37,119.00,127.61,133.81,143.35,148.56,157.44,161.90,167.90,172.54,178.55,182.00,184.69,189.07,198.24,202.31,212.88,217.22,220.64,233.35,241.18,250.89,257.26,262.13,269.43,275.86,268.63,273.70,268.04,262.53,258.25,249.20,250.14,244.01,237.47,229.97,221.89,217.08,214.09,207.00,193.22,189.76,180.85,172.79,161.00,152.90,144.10,136.03,126.32,114.56,102.88
98.84,111.52,116.39,126.57,133.72,143.59,149.47,156.20,159.00,166.71,172.15,176.03,180.43,185.32,190.92,197.96,201.43,209.61,214.31,221.81,231.49,241.25,248.60,258.12,263.59,268.06,273.25,271.19,272.24,267.43,263.21,258.80,251.07,247.58,241.05,236.78,229.51,223.66,218.55,210.44,205.29,196.47,188.14,180.10,171.47,163.71,153.64,145.40,135.00,125.00,114.02,103.32
97.16,111.09,118.98,126.61,132.85,140.03,149.58,156.65,160.85,165.98,170.48,179.01,181.81,183.67,189.41,195.73,202.67,210.77,217.80,220.37,230.16,241.83,250.24,257.16,261.08,269.32,275.14,269.82,271.44,270.05,260.92,258.25,249.78,249.29,244.08,238.12,227.22,220.51,216.12,214.26,206.02,193.55,189.38,181.20,175.21,161.76,153.12,143.00,135.92,126.02,114.18,102.24
97.65,112.29,116.62,127.01,135.06,142.21,150.44,157.85,162.80,166.01,171.82,178.36,181.02,187.24,189.40,197.43,203.11,211.44,217.45,222.00,233.56,242.24,252.00,260.00,263.91,270.03,274.05,272.87,273.01,270.93,263.77,260.95,252.00,249.03,244.53,237.76,227.97,221.84,218.68,214.46,205.91,195.65,190.41,182.78,174.93,163.25,154.15,144.90,134.65,124.62,114.61,103.59
98.66,111.83,117.15,128.41,137.13,145.77,151.27,157.47,162.74,168.15,174.72,180.10,185.31,188.48,193.23,198.82,205.20,214.48,219.83,226.63,237.20,244.02,252.52,260.77,267.82,273.79,278.09,275.38,276.70,272.00,267.53,263.18,254.95,252.39,246.03,239.51,234.36,227.34,222.23,216.01,207.02,199.53,191.43,183.86,176.41,166.72,158.05,148.19,136.44,127.09,117.05,107.06
98.41,112.54,118.60,127.57,135.37,144.14,149.24,158.24,161.20,167.90,173.07,178.36,182.88,187.88,192.00,199.00,201.79,211.98,217.41,224.11,234.39,244.00,251.77,261.63,265.42,272.00,275.57,273.81,276.74,269.78,269.43,264.80,255.57,251.37,244.81,238.65,232.61,227.04,222.80,214.46,208.09,198.34,191.11,183.58,176.32,165.52,155.93,148.82,139.13,129.12,115.32,105.19
97.86,110.80,116.11,126.15,133.66,143.00,147.56,154.83,159.93,164.88,170.56,174.16,179.23,185.30,189.02,196.54,200.12,209.61,214.31,220.52,230.77,240.07,246.66,254.80,261.91,265.13,271.36,269.26,271.27,265.93,263.37,258.90,250.27,246.42,242.10,235.46,227.90,223.02,216.72,209.16,203.93,195.18,187.95,179.12,171.96,161.82,153.84,144.59,134.18,125.40,115.11,103.39
101.18,113.46,120.02,128.04,137.18,144.46,151.08,158.15,161.20,166.94,175.56,178.54,183.34,188.22,193.64,198.93,204.53,212.21,219.00,224.41,235.08,243.52,252.16,260.84,266.15,271.41,276.34,275.29,275.48,271.06,266.39,264.32,255.16,249.81,244.59,238.16,231.41,224.56,219.92,214.16,205.53,199.53,190.68,182.10,175.35,165.70,155.59,148.12,137.48,128.72,116.47,104.04
100.28,112.68,118.60,129.28,135.94,144.45,150.62,158.82,163.09,170.84,175.39,180.47,186.78,190.59,193.00,200.42,206.47,214.11,221.73,226.32,239.76,247.83,256.60,263.43,268.87,274.61,279.29,275.18,276.02,274.76,270.84,265.01,259.48,255.38,251.02,242.42,233.28,227.98,224.56,216.75,209.06,201.10,194.74,185.15,179.40,167.69,158.40,149.83,140.86,130.00,118.07,106.40
99.28,112.61,119.40,130.03,135.68,144.63,150.08,160.00,164.28,170.88,174.98,180.24,186.32,190.95,194.88,202.51,207.09,214.35,223.79,228.56,240.29,247.63,257.66,266.18,269.28,275.77,284.46,278.30,279.79,276.37,271.67,265.88,261.51,257.24,251.45,243.43,236.21,227.31,224.98,218.87,211.53,199.42,196.01,185.37,178.81,167.48,158.81,148.49,139.70,131.52,116.69,105.70
100.13,110.22,119.57,128.22,134.85,144.01,148.30,159.67,162.05,169.01,172.05,179.35,184.23,187.28,193.26,198.96,203.44,214.46,219.15,221.78,235.59,243.77,252.72,261.01,264.85,273.72,275.51,273.06,276.23,271.89,266.29,262.49,253.58,253.81,246.25,239.75,231.40,225.59,221.78,214.97,208.09,196.22,192.51,184.62,176.14,164.00,154.33,148.72,137.44,129.28,115.52,105.32
98.62,110.26,118.93,128.06,135.82,144.25,149.91,157.97,161.05,168.67,173.63,179.62,182.73,186.94,192.60,198.25,204.02,213.00,218.66,222.83,235.59,244.50,253.78,259.66,266.38,272.98,277.02,274.54,274.12,273.54,266.84,262.61,255.23,253.20,248.50,240.75,233.03,225.36,221.89,216.72,210.19,200.68,193.79,185.28,177.16,167.15,158.38,148.12,140.72,129.71,118.07,105.93
98.25,109.66,119.00,127.77,136.31,143.06,149.45,157.72,163.37,168.91,173.16,180.80,185.31,186.94,191.85,198.81,206.32,213.03,220.01,222.80,235.42,244.92,254.40,259.98,264.00,274.64,279.87,273.67,274.43,273.54,266.27,264.20,256.83,253.90,248.70,241.31,233.69,226.42,221.17,216.36,210.21,199.60,193.06,185.04,178.77,165.76,157.84,148.31,141.17,129.76,116.62,104.24
73.00,81.39,89.47,93.91,105.22,111.29,118.27,125.21,130.08,134.63,142.84,144.25,150.66,152.84,159.06,163.42,166.03,172.93,175.82,182.78,190.13,193.13,198.44,201.20,206.19,206.37,202.87,199.20,195.36,187.38,183.04,177.77,168.24,163.77,158.15,151.74,149.83,147.05,142.90,133.88,131.70,128.14,121.46,116.90,114.87,108.85,102.94,96.46,91.98,84.15,79.83,71.78
96.57,110.34,116.73,126.32,133.15,141.82,149.84,155.01,161.61,167.86,171.82,178.27,182.79,186.90,190.59,198.12,204.79,211.40,218.02,224.32,235.27,242.40,251.37,260.10,265.11,272.72,276.44,274.02,273.65,271.80,265.34,262.23,255.35,251.00,247.50,240.19,231.48,226.50,220.23,215.52,208.31,199.12,192.31,183.77,176.32,164.98,155.46,148.65,137.24,128.36,116.43,104.69
97.74,110.64,116.52,126.81,134.06,141.40,148.22,157.49,162.05,169.64,170.88,179.13,184.70,187.30,190.52,197.03,204.13,213.46,220.05,223.43,233.27,243.89,253.65,259.08,263.21,271.96,277.85,272.92,273.85,270.12,265.84,262.05,254.91,251.81,249.26,239.38,231.92,226.36,218.52,218.28,210.04,198.77,194.08,184.27,177.63,165.03,155.59,147.60,140.04,130.05,115.97,104.62
100.57,111.80,117.61,127.35,135.37,142.76,147.63,157.09,161.90,167.62,173.74,177.88,184.02,188.69,191.89,198.31,204.17,211.87,217.39,223.61,235.85,242.62,253.30,260.51,264.89,272.53,277.84,275.28,274.05,271.04,267.43,263.69,254.57,253.24,245.94,240.50,232.67,225.38,220.95,216.11,208.73,197.75,192.44,185.65,177.63,166.39,157.08,148.12,139.09,130.39,118.07,105.55
99.05,112.61,118.56,128.28,137.28,144.17,150.22,159.93,162.46,168.72,174.65,179.67,184.44,189.69,193.99,199.72,206.16,217.10,223.65,228.04,238.52,245.54,256.24,263.88,268.92,275.80,281.89,277.26,277.35,275.96,270.56,265.71,257.12,255.31,251.44,243.53,235.05,228.41,222.77,218.07,211.93,202.00,195.21,187.77,179.81,168.62,159.36,150.63,142.37,131.31,117.78,106.83
100.50,112.06,116.73,127.58,135.67,144.78,148.43,158.32,161.22,167.29,174.66,179.07,182.60,189.53,195.90,200.57,205.51,214.66,219.91,226.82,236.78,245.42,255.03,262.09,268.90,273.00,280.24,278.71,278.82,275.38,272.38,263.77,256.01,253.58,248.36,240.75,234.25,228.97,223.38,218.55,209.62,200.81,195.09,185.00,179.00,167.49,159.14,150.59,140.60,131.04,117.96,107.19
101.13,114.21,120.17,129.39,137.75,147.14,151.70,160.10,163.62,170.42,177.54,179.55,187.32,191.76,198.07,205.30,207.15,216.69,223.38,229.84,240.40,251.03,258.36,264.82,273.00,278.30,281.46,280.68,281.44,277.80,275.26,267.78,263.37,256.46,251.45,244.01,237.76,231.37,226.55,219.58,213.68,204.17,195.69,188.32,180.04,171.01,160.59,150.37,141.42,132.48,120.10,108.52
98.35,110.92,117.15,126.53,134.62,144.40,148.01,158.93,161.45,168.77,173.53,178.71,184.09,187.75,191.82,201.53,205.83,214.76,221.00,226.43,237.00,246.06,254.66,261.20,267.68,274.40,279.10,274.33,276.52,273.79,271.06,264.88,257.16,254.70,245.76,239.89,233.00,226.72,221.73,214.48,210.23,198.21,193.54,184.46,178.51,167.03,157.58,148.10,140.92,130.92,117.61,106.04
99.86,112.09,119.27,131.10,138.60,145.43,149.12,160.13,165.08,172.24,175.37,181.62,188.81,189.68,193.75,202.14,206.63,217.79,223.34,227.88,238.61,247.25,258.27,265.00,268.65,278.00,285.51,277.04,280.08,278.66,272.96,267.33,257.75,259.72,253.50,246.33,237.67,230.36,225.14,223.58,215.61,202.71,199.61,190.68,183.71,172.41,161.82,152.90,144.85,135.45,121.05,108.45
97.10,108.45,117.89,127.35,132.88,140.91,147.00,154.55,159.29,164.25,167.29,176.92,180.43,183.53,188.48,194.54,201.12,212.23,217.80,220.20,231.08,241.11,248.57,254.92,260.16,268.99,275.26,269.54,269.85,268.82,262.67,256.74,249.95,249.97,243.51,237.76,228.81,221.35,216.28,214.90,208.02,194.20,190.07,181.01,174.63,161.76,151.80,144.84,136.86,128.06,113.60,102.83
97.02,107.70,114.86,124.43,130.98,140.46,144.97,154.30,158.32,163.37,169.71,174.47,178.66,182.99,188.48,194.81,199.61,208.12,214.28,219.32,231.23,238.07,247.11,255.23,259.98,266.45,272.03,268.00,269.53,265.44,262.07,257.39,249.09,246.62,241.58,234.96,229.71,221.12,216.06,211.44,204.84,193.50,189.72,182.02,173.95,163.77,153.38,146.81,137.61,125.87,114.28,103.31
100.32,113.00,119.97,131.14,136.69,144.93,150.08,161.07,164.21,171.29,175.00,182.00,187.11,189.59,193.24,200.82,207.06,217.33,222.81,228.45,241.35,247.13,256.78,264.32,269.24,279.54,284.19,277.80,277.80,277.41,271.43,265.83,259.89,256.80,252.16,244.73,236.36,228.32,223.90,220.52,213.38,201.10,197.10,187.88,181.76,167.89,158.68,151.18,140.76,130.68,118.27,105.65
97.72,111.36,117.69,127.29,133.72,143.27,147.14,157.76,161.38,167.84,171.07,177.78,184.23,185.46,191.47,199.85,204.06,214.56,219.35,222.74,235.05,242.03,253.03,259.86,265.17,273.13,279.09,272.62,275.19,272.81,267.46,260.28,251.80,252.80,246.01,239.94,231.70,224.96,219.13,216.54,209.06,196.99,193.17,183.10,177.05,164.71,154.21,146.56,139.52,129.40,114.84,104.48
100.66,112.01,116.00,125.87,134.63,142.87,147.68,156.68,160.26,166.88,174.59,177.20,183.13,188.30,193.21,198.98,205.00,212.46,218.51,224.80,237.45,243.31,253.80,260.25,265.01,271.19,277.32,273.59,274.53,272.22,269.54,264.78,256.28,252.03,246.29,240.68,235.26,227.47,222.99,217.57,209.24,199.68,193.38,186.08,178.73,168.07,159.09,150.80,139.03,129.03,117.11,107.15
96.26,110.16,119.21,126.85,132.65,141.74,147.71,155.47,160.56,165.61,170.02,177.79,182.33,183.58,190.10,196.42,202.28,210.62,216.62,220.74,235.09,242.17,249.97,257.71,262.43,271.03,275.49,269.15,273.30,270.02,262.95,257.99,252.84,251.21,246.01,237.89,228.37,224.04,218.16,215.67,208.89,194.79,193.00,183.36,176.65,163.37,154.56,146.34,136.86,127.28,115.12,104.79
96.15,110.34,115.87,125.78,133.82,140.46,145.34,155.32,159.02,166.46,170.53,177.79,182.48,186.78,190.78,196.60,201.90,210.94,218.68,221.65,232.54,240.44,249.16,258.31,263.87,270.08,275.88,270.48,273.22,269.92,265.45,259.93,252.94,252.17,245.49,239.48,231.33,224.90,219.69,216.09,208.35,197.31,193.69,183.50,177.41,164.76,156.55,148.25,139.70,129.80,117.44,106.02
98.08,111.62,118.80,127.22,135.01,142.09,147.51,158.67,161.51,168.16,172.59,179.41,183.37,187.30,192.77,199.36,205.25,215.24,218.11,224.52,236.02,243.68,253.24,261.28,265.53,275.04,279.95,273.59,276.46,274.53,269.31,264.19,256.42,255.33,249.21,244.29,234.29,226.10,221.63,218.76,210.29,198.49,197.04,187.41,179.69,167.72,157.88,151.18,141.80,131.22,119.40,107.70
97.17,110.31,118.11,129.39,133.24,142.84,148.39,156.82,159.30,167.26,170.08,178.06,181.84,185.33,189.84,197.80,201.79,212.27,218.40,222.52,234.78,243.40,251.63,257.77,263.47,271.27,276.63,271.22,273.91,271.15,266.18,260.80,252.12,251.09,246.10,239.14,231.57,225.59,218.06,216.84,210.19,198.60,193.21,184.63,177.71,166.31,156.42,148.66,139.32,129.39,114.98,106.02
95.08,107.91,114.95,124.48,130.59,138.45,145.67,153.26,158.11,164.12,169.66,174.60,179.01,183.04,186.64,194.65,198.67,205.41,214.11,217.46,231.72,237.81,249.58,253.40,260.03,267.73,270.75,268.04,267.71,267.47,260.60,257.24,250.74,248.82,242.71,236.40,228.65,222.57,217.37,212.36,206.31,195.60,190.00,181.62,174.83,163.25,155.62,146.49,137.87,127.01,114.93,103.95
97.13,110.32,115.92,125.30,134.42,141.78,145.13,153.38,157.31,162.00,170.18,172.53,177.18,182.39,188.45,194.25,200.47,206.71,212.51,218.28,229.39,240.29,245.90,255.38,261.47,266.01,271.01,271.18,270.60,266.48,261.92,256.94,249.35,246.90,241.27,236.02,227.04,223.44,217.35,211.95,203.59,196.16,187.52,179.36,173.63,164.03,153.38,146.17,136.56,125.20,114.98,104.18
96.46,108.41,113.99,124.04,133.00,139.28,146.12,152.82,157.85,162.20,168.51,173.33,179.03,182.70,188.16,194.80,199.01,206.52,214.73,217.97,230.22,238.46,247.59,256.50,260.58,265.94,271.91,269.08,269.95,266.61,262.84,257.62,248.81,247.08,241.30,234.80,228.46,221.88,217.18,213.01,204.27,195.13,187.98,182.04,173.76,161.93,154.55,146.89,137.44,125.16,115.00,103.75
99.04,111.61,117.14,125.45,135.82,143.95,149.62,156.20,162.69,167.36,174.26,177.54,183.33,189.04,193.35,199.73,204.69,212.00,217.27,226.61,238.08,244.59,254.42,263.62,268.13,273.00,278.76,275.81,275.18,271.31,268.48,265.09,257.74,253.10,248.24,242.72,233.32,229.01,223.60,216.02,207.78,200.00,193.31,184.48,178.63,168.39,158.32,149.75,138.60,129.20,117.14,105.93
96.77,109.04,115.94,125.67,131.47,139.52,145.91,154.43,158.47,163.99,168.62,174.52,179.45,183.14,189.01,196.22,199.29,208.06,214.22,219.67,231.94,240.84,249.13,256.78,262.15,265.93,272.15,269.47,270.28,266.36,263.01,259.56,250.83,248.58,244.40,238.01,229.30,222.43,220.38,212.45,206.47,196.95,189.97,184.01,174.98,165.86,156.20,147.87,138.65,128.04,116.25,105.00
97.42,109.12,117.18,125.90,132.44,140.66,146.10,154.55,158.27,163.86,170.45,174.54,180.21,184.13,189.47,196.74,201.06,209.75,215.74,220.38,230.53,240.36,250.69,257.97,263.21,267.65,273.48,270.38,272.26,269.26,264.28,259.62,252.05,250.68,244.50,237.77,229.37,222.95,218.04,214.84,207.77,196.99,192.23,183.32,175.73,165.49,157.50,148.86,138.25,129.25,118.00,105.77
94.37,107.23,112.58,120.80,130.10,138.22,143.06,155.60,156.20,162.69,167.36,172.41,176.41,181.01,185.91,194.12,195.16,206.48,211.24,215.82,229.06,235.76,242.05,252.34,257.26,265.93,270.91,266.07,268.00,265.22,261.43,254.92,247.89,247.95,239.83,234.73,226.24,219.06,215.10,210.79,206.65,191.38,188.81,181.07,172.26,160.11,152.20,145.58,136.06,125.94,112.45,104.04
97.42,108.81,115.13,126.04,131.61,141.51,145.04,153.05,156.01,163.02,168.25,173.05,180.28,181.18,188.22,194.83,198.58,208.41,212.66,219.43,230.31,238.10,245.02,252.29,260.80,266.90,272.81,268.49,270.15,266.94,261.77,257.00,249.10,249.57,240.01,236.56,226.79,220.23,216.15,211.57,204.57,193.04,189.28,180.77,171.90,161.64,153.47,143.95,136.00,127.31,114.13,102.59
96.75,109.77,116.04,124.53,131.24,138.08,146.12,154.87,158.62,162.98,167.73,174.04,180.24,182.01,187.26,192.84,200.56,208.85,214.17,220.01,229.92,237.12,246.46,253.14,257.11,266.13,271.66,267.92,268.36,265.92,261.87,256.42,250.39,248.90,244.62,236.03,228.44,222.01,216.93,212.62,206.21,193.85,189.00,181.53,175.00,162.93,154.26,145.50,137.24,128.81,115.16,103.73
97.62,110.86,118.60,127.86,132.91,142.59,146.54,157.54,159.10,168.01,169.80,178.02,181.84,187.00,188.73,197.06,201.82,212.66,218.69,223.30,235.08,243.00,253.66,256.90,263.43,273.59,278.02,270.41,273.78,270.77,264.82,260.25,255.12,252.96,248.36,240.00,232.69,225.04,221.73,215.57,210.28,196.47,194.74,184.63,177.55,166.03,156.60,147.43,140.36,131.03,114.98,105.59
98.31,109.44,117.34,127.40,133.33,141.72,149.09,157.29,158.90,167.26,170.75,179.01,182.22,186.05,189.28,196.66,202.15,211.99,220.15,222.80,233.66,242.77,251.29,258.65,262.32,270.48,276.22,271.06,273.70,271.41,266.02,261.46,253.81,252.41,248.09,240.56,232.14,226.43,220.51,218.52,210.26,198.49,194.06,187.32,179.36,165.30,156.89,149.12,140.94,131.03,117.15,106.40
72.47,82.73,91.08,98.29,106.10,111.23,120.00,129.69,134.30,139.06,146.86,150.75,157.05,158.82,161.99,170.29,172.66,182.04,187.18,190.71,198.48,204.92,209.54,211.75,214.70,219.22,210.54,201.22,198.30,195.14,180.71,171.74,158.04,154.32,145.13,140.80,135.67,131.47,128.82,125.00,125.72,117.80,116.06,110.82,109.99,101.43,98.60,93.92,89.99,84.22,81.05,72.09
97.12,111.16,115.12,126.49,132.44,143.40,148.93,154.85,157.62,164.98,167.57,176.83,178.90,183.81,188.96,195.93,199.12,207.51,214.76,218.19,234.30,239.07,250.44,256.80,261.73,269.80,272.53,270.43,274.36,271.54,266.28,262.49,252.01,251.10,244.24,238.40,232.14,224.18,221.98,214.39,208.34,196.65,193.13,183.66,175.32,165.41,157.03,148.19,139.34,128.35,116.52,104.69
97.02,109.33,116.97,126.04,131.61,139.06,145.60,154.21,157.85,164.05,167.29,173.90,178.10,182.26,184.44,191.77,198.81,208.83,211.90,217.57,226.77,236.91,245.38,252.36,256.91,266.08,269.43,266.84,268.79,265.09,259.48,256.63,249.48,247.82,242.22,237.49,227.69,221.88,217.89,213.14,208.00,194.92,192.42,184.10,177.81,164.78,155.91,147.68,138.76,129.77,117.03,104.04
99.82,111.83,119.21,128.44,137.20,144.84,150.22,157.56,161.99,168.12,175.31,179.52,183.79,187.62,191.46,200.01,207.58,213.23,219.82,224.54,235.59,245.52,253.40,263.01,267.93,273.43,278.24,277.61,277.35,274.85,268.89,264.62,257.24,254.92,251.18,243.28,233.60,227.78,223.38,221.45,213.43,201.47,196.16,186.87,180.49,169.01,159.21,152.45,141.22,131.03,121.51,107.22
100.34,112.29,117.69,127.09,134.83,142.47,145.88,156.97,157.88,167.06,171.09,175.14,180.27,184.71,189.13,196.21,201.04,211.59,213.35,221.38,233.45,240.01,250.07,256.03,262.91,270.41,275.41,270.69,274.26,269.01,266.13,259.72,253.06,249.10,244.52,239.27,231.97,222.81,222.12,214.02,208.84,198.34,192.38,185.32,177.12,167.97,157.20,147.41,139.18,129.02,117.05,105.76
97.62,110.69,114.16,125.00,132.31,140.72,146.01,153.58,156.00,162.43,168.05,173.22,177.29,181.28,188.60,194.26,198.17,204.42,211.15,219.35,230.54,236.38,244.68,254.17,259.09,265.32,269.32,269.90,272.61,265.00,262.48,257.32,250.52,245.90,240.15,235.93,227.27,223.37,217.12,211.45,204.66,195.25,189.02,180.24,173.91,163.37,154.78,146.67,138.00,127.66,115.25,105.12
99.49,111.83,120.22,128.76,135.77,142.90,149.26,158.91,163.62,169.39,172.86,179.40,184.76,187.52,194.31,200.41,206.86,215.80,220.10,225.02,235.94,245.96,253.75,261.55,266.63,276.48,280.86,276.52,277.46,276.60,268.63,264.30,255.02,254.91,250.53,243.74,234.96,228.04,224.02,221.53,212.91,200.55,197.08,188.77,181.25,167.04,159.53,150.81,142.76,131.97,120.22,107.19
100.50,111.83,119.15,133.70,135.07,144.51,151.65,160.59,163.40,170.14,174.00,180.58,185.88,188.22,191.98,199.20,205.68,215.29,222.15,224.15,234.83,246.22,254.70,260.45,266.05,274.96,280.87,276.18,277.52,276.37,268.74,266.61,256.63,257.84,254.10,242.70,235.38,229.08,221.69,219.48,212.85,200.96,196.25,190.55,179.88,168.34,158.69,150.88,142.41,131.22,117.10,106.85
101.14,113.41,120.07,128.41,136.31,144.22,151.21,157.00,161.91,168.22,173.00,177.79,181.28,187.97,192.94,198.12,201.70,211.44,217.33,221.78,234.36,243.50,251.05,259.48,265.71,271.83,276.42,275.39,277.02,270.93,268.37,262.91,256.25,253.21,246.53,241.05,233.93,228.67,223.73,215.95,210.10,201.10,192.42,186.27,179.01,167.87,158.82,150.23,140.22,129.00,118.85,107.49
101.07,113.07,119.55,130.38,137.75,144.96,151.64,157.09,162.11,167.03,175.76,177.39,183.58,188.37,193.61,198.04,201.82,208.01,217.17,223.66,234.83,241.51,250.92,257.72,266.07,272.12,275.15,274.52,276.44,270.00,269.14,262.19,257.70,252.62,248.31,240.10,233.98,227.86,222.87,215.14,209.16,200.26,193.30,185.97,178.04,166.93,159.33,148.68,140.41,128.10,118.60,105.42
99.82,112.07,118.71,128.86,133.82,144.53,149.28,157.15,161.01,167.36,172.54,177.65,182.99,186.78,190.91,196.82,202.61,210.58,216.12,222.01,234.18,241.36,248.91,257.16,262.47,270.70,275.23,271.97,273.59,269.83,267.32,260.74,254.89,251.32,246.66,240.30,232.61,227.18,221.11,215.20,209.61,198.60,193.00,184.76,179.03,165.08,155.03,148.19,138.19,130.25,114.98,105.77
98.72,110.94,116.97,127.35,133.41,142.44,148.06,156.92,160.02,167.71,171.73,176.12,181.54,185.74,188.22,195.26,200.45,211.09,216.02,222.50,232.70,239.84,249.91,257.53,263.40,269.71,274.70,270.47,272.61,269.76,267.29,261.09,253.33,250.46,245.52,239.10,231.94,226.38,219.49,216.04,208.80,198.96,192.34,186.17,178.49,166.82,158.52,150.16,138.72,131.24,118.12,106.21
105.19,116.56,123.79,131.13,141.45,149.83,155.54,160.33,164.51,169.85,178.37,180.36,185.33,191.42,196.17,203.91,207.53,214.85,223.22,227.50,239.77,249.47,256.53,264.41,273.38,275.05,282.25,282.58,282.80,278.00,273.40,269.82,262.69,258.84,252.44,245.33,240.03,235.16,228.99,223.33,215.87,206.34,198.91,191.06,183.58,173.40,164.81,153.47,144.07,132.74,121.92,109.38
96.88,107.70,116.18,124.08,132.74,139.90,145.41,152.80,156.67,164.40,167.30,174.89,179.41,182.12,186.40,193.26,197.95,207.04,214.16,216.79,228.79,237.54,247.33,251.88,258.38,265.45,270.15,264.32,267.53,265.91,258.28,255.89,249.23,249.06,243.40,235.26,226.92,222.87,217.80,213.05,207.06,196.12,191.07,183.13,175.14,163.98,156.04,147.00,139.01,128.80,117.03,104.00
98.41,111.04,118.11,127.35,136.40,142.90,146.25,155.00,158.45,164.00,173.08,174.18,180.07,184.59,188.45,193.96,200.19,207.93,213.78,219.67,232.02,237.77,247.51,256.63,263.15,270.75,273.54,272.33,272.01,269.11,266.22,261.22,254.01,250.19,246.22,239.24,232.43,226.04,220.43,215.20,208.66,197.70,193.31,184.11,179.00,165.66,157.28,148.53,139.18,128.41,118.21,105.12
104.14,115.95,119.04,130.74,140.19,145.99,150.44,156.97,164.88,167.36,175.73,180.62,183.66,188.83,192.04,199.25,204.63,210.54,219.80,227.01,237.54,245.34,254.28,261.01,267.80,276.92,281.38,280.07,278.15,277.78,270.41,268.99,258.26,254.77,250.46,242.40,237.01,232.90,225.80,218.30,213.23,203.77,194.76,187.22,178.76,169.37,162.94,151.82,139.74,132.38,118.43,107.90
101.79,115.52,121.82,132.59,138.95,146.93,153.73,161.53,164.79,171.92,177.08,182.02,188.32,191.91,196.58,203.42,208.93,217.04,224.83,228.55,242.14,249.51,259.43,266.53,272.80,279.51,284.68,283.14,282.81,280.32,275.07,270.65,262.12,262.84,255.44,248.07,241.07,233.00,228.97,224.70,218.22,206.60,199.58,192.51,184.84,172.54,163.69,154.57,144.73,136.19,122.02,110.39
99.20,112.33,118.46,128.44,136.00,143.96,148.19,157.87,159.66,170.07,173.49,179.23,185.35,189.43,192.42,198.98,203.89,214.72,220.72,226.34,237.60,244.11,255.77,263.15,268.52,276.68,282.28,276.31,278.10,276.45,270.68,264.80,260.09,258.12,253.67,246.56,237.86,231.95,224.83,222.00,214.65,203.19,198.70,189.21,182.28,170.02,161.74,153.46,144.45,134.65,120.35,110.02
102.53,113.16,120.07,130.23,136.42,145.91,149.77,158.53,163.09,169.92,172.86,179.21,185.43,186.90,193.04,200.90,204.62,215.82,220.84,225.60,236.35,245.01,254.03,261.71,267.61,275.54,282.15,277.22,279.87,276.28,272.61,265.31,259.76,258.09,253.49,245.54,238.17,231.14,225.46,221.42,215.15,204.00,199.97,189.64,182.85,169.43,161.81,152.05,143.59,133.09,119.33,108.37
107.70,121.02,125.28,134.35,138.97,146.40,151.79,158.77,159.67,165.22,174.38,179.00,186.01,189.25,195.69,203.16,206.78,214.44,220.55,227.11,239.87,248.20,257.30,266.11,272.38,275.61,281.33,279.52,281.55,277.25,275.59,270.75,262.99,258.12,252.51,246.98,239.30,233.01,227.74,220.58,214.31,205.00,198.46,190.25,183.71,171.84,164.28,153.33,142.62,131.65,120.93,108.66
103.17,116.90,121.40,132.02,141.24,148.66,154.08,160.86,165.08,169.92,178.00,180.94,186.14,192.85,195.92,203.04,207.51,216.92,221.92,230.05,240.53,248.50,258.66,268.70,274.00,278.76,284.76,282.85,285.27,279.87,278.09,272.68,263.03,260.45,255.77,247.94,242.42,234.80,228.74,223.58,217.02,209.06,201.14,192.61,186.78,175.31,164.27,157.00,145.38,135.15,123.15,111.25
103.25,115.00,122.56,131.80,140.29,147.22,153.39,161.82,164.40,174.04,178.13,183.64,188.86,191.94,196.21,203.39,210.60,219.01,227.31,229.39,242.84,253.27,263.32,268.51,274.65,283.13,290.15,286.25,288.13,285.16,278.45,274.14,267.68,266.31,260.63,253.94,244.50,237.89,232.57,230.71,222.08,210.06,204.92,194.50,188.96,176.78,168.60,158.32,150.10,138.24,124.58,112.92
98.41,110.29,116.48,124.85,133.00,141.74,145.28,155.31,157.70,165.50,171.16,175.05,181.03,186.05,190.39,197.20,202.62,210.45,216.75,223.90,235.52,241.65,251.81,261.19,265.35,272.81,279.46,274.12,278.84,272.57,270.50,263.21,255.79,253.71,247.95,242.89,237.20,230.22,223.79,218.51,213.24,200.61,195.41,188.04,179.57,170.00,159.66,151.38,141.82,132.38,119.36,108.30
99.30,111.65,120.93,128.00,136.82,145.77,150.27,160.73,164.60,171.48,175.64,181.32,186.82,190.26,195.25,200.34,211.40,218.23,223.90,228.32,241.36,251.81,261.96,267.11,273.03,282.39,287.90,283.21,284.54,284.02,278.00,271.89,264.07,265.34,258.38,252.05,242.56,235.05,229.47,226.65,219.18,208.22,202.63,193.99,186.94,174.47,165.42,155.60,145.12,136.97,123.79,110.72
101.87,113.86,120.88,128.69,138.42,146.70,151.43,157.81,160.73,167.76,173.37,178.24,183.87,188.28,193.83,199.33,206.42,213.46,219.74,227.20,239.10,248.24,257.38,266.66,273.81,278.69,283.94,281.15,284.16,280.85,275.75,271.59,262.35,259.48,254.59,248.94,242.44,232.36,229.17,222.43,215.03,208.00,199.22,191.61,184.36,173.63,165.05,154.32,145.45,134.33,121.06,109.48
99.30,111.13,116.82,127.26,134.73,143.40,147.65,154.30,158.82,164.58,171.33,175.45,181.97,184.82,192.09,196.39,202.47,213.57,219.02,224.44,237.61,245.58,254.89,262.92,268.02,275.57,281.58,277.71,278.84,277.12,272.88,265.19,260.05,257.42,251.60,246.87,237.76,232.00,226.06,222.33,214.83,205.20,197.65,189.04,181.84,170.60,161.97,154.16,144.70,133.73,121.67,109.29
102.84,116.83,122.87,130.82,137.32,147.58,150.62,159.66,163.11,168.34,175.70,177.79,183.73,190.44,195.53,202.16,207.71,215.50,222.00,229.37,241.54,249.83,259.49,267.72,274.05,279.80,287.26,284.43,285.95,280.72,278.55,272.24,263.15,261.55,256.64,249.93,241.85,236.24,231.04,224.80,218.56,208.04,202.74,193.22,186.00,175.01,164.40,155.90,147.00,133.90,122.67,110.06
102.26,115.45,119.28,129.03,136.82,146.17,151.82,160.42,163.62,170.36,175.93,180.25,185.53,191.44,195.44,204.41,208.87,217.35,223.23,232.17,243.67,252.52,261.28,270.30,276.33,280.85,286.14,286.25,288.11,283.02,280.49,274.03,268.74,263.10,256.30,251.44,242.83,237.19,232.85,225.67,219.69,211.37,202.79,195.45,186.76,177.29,165.59,158.23,146.75,135.33,123.63,113.16
107.62,119.87,126.10,136.96,140.93,148.86,153.59,159.41,163.22,170.21,175.33,181.50,185.08,189.50,194.99,201.88,207.59,215.62,224.02,228.54,240.26,250.86,261.48,267.05,274.99,281.16,287.57,285.45,285.95,282.20,278.96,275.41,264.31,264.98,258.63,252.05,244.07,236.44,230.78,225.74,217.52,209.35,203.67,194.37,186.72,175.39,168.25,156.54,146.63,135.15,124.58,111.83
101.12,112.18,118.70,130.30,137.62,145.77,150.92,160.56,161.82,170.88,173.16,182.10,187.88,191.09,194.67,203.92,209.99,218.66,225.73,230.46,243.18,255.07,264.17,270.09,276.59,285.82,292.24,287.31,288.85,284.93,280.57,275.43,268.56,265.93,260.03,252.74,243.35,239.34,233.53,227.77,222.19,210.45,204.19,195.23,188.00,176.14,166.72,157.43,148.52,138.31,125.13,113.28
101.14,113.70,118.53,129.47,137.93,145.60,149.57,156.04,160.64,166.24,172.41,176.31,182.21,187.46,192.75,198.65,203.30,210.19,219.13,224.80,239.70,246.03,257.00,263.55,271.12,276.92,283.77,282.07,282.36,277.68,274.07,269.52,263.15,258.90,253.13,247.41,240.53,235.60,229.92,221.00,216.01,207.41,198.03,191.76,184.46,174.16,164.58,154.18,144.31,134.85,122.97,110.03
102.80,115.45,123.32,131.73,138.06,146.73,152.01,161.82,164.76,170.88,175.01,182.49,186.39,190.69,195.00,203.19,209.12,220.48,226.38,230.34,242.40,253.00,263.65,271.02,276.92,285.70,292.25,287.59,289.86,288.26,283.80,277.77,269.25,269.07,262.09,255.00,245.66,241.14,235.05,231.86,224.15,209.78,206.16,197.43,189.95,177.65,167.30,157.54,148.71,139.79,125.36,111.40
99.81,114.04,120.55,131.64,138.24,145.17,151.43,159.11,165.06,170.84,171.94,181.24,185.85,187.63,191.72,200.90,209.30,217.35,225.82,229.17,241.00,251.03,261.02,269.62,274.14,284.61,288.94,285.18,285.51,285.87,279.09,274.35,266.51,267.08,260.64,252.72,243.77,236.69,231.53,229.71,222.11,208.46,204.44,194.49,188.51,176.47,165.21,155.60,148.43,136.53,122.98,111.13
98.68,116.21,122.80,132.20,139.90,146.29,152.74,159.84,164.78,170.31,178.22,182.63,189.50,191.51,197.69,203.96,209.78,218.01,227.38,233.14,245.22,256.20,267.40,274.81,280.71,286.57,294.24,292.36,291.77,289.21,284.92,282.35,273.44,269.83,264.74,259.22,251.21,246.29,240.02,233.08,226.05,215.23,208.28,197.69,192.05,180.27,172.56,161.53,150.92,139.90,129.38,116.52
102.96,115.26,122.58,131.37,136.36,144.67,152.40,159.71,162.73,171.17,174.89,181.04,188.51,190.66,196.02,202.47,209.07,219.01,226.05,231.50,244.62,256.07,265.67,272.66,279.15,286.90,292.96,288.53,292.16,288.27,284.61,280.03,273.10,271.35,265.00,258.82,250.41,243.46,238.77,233.49,224.29,215.10,209.41,199.58,193.13,180.60,171.41,162.39,152.07,141.22,125.94,115.26
104.05,113.99,122.07,130.65,138.06,145.50,150.60,161.01,163.17,170.50,173.66,181.28,185.97,190.06,193.87,200.21,207.89,216.76,224.93,229.17,242.04,251.64,262.55,271.94,275.80,285.03,289.50,288.09,289.17,288.01,282.87,276.34,268.60,267.17,262.61,255.34,245.60,239.93,230.82,230.05,224.02,211.63,207.42,199.02,189.72,176.85,168.81,158.22,149.35,138.13,126.38,113.46
105.77,115.43,122.16,130.23,140.66,146.74,153.03,159.51,161.94,169.28,177.41,179.90,186.42,189.16,195.27,200.82,208.08,215.47,224.88,229.87,242.87,252.05,262.98,271.12,279.03,282.86,289.15,290.77,289.00,288.18,282.70,279.20,270.97,266.79,263.13,256.19,247.10,242.40,234.88,231.14,222.00,214.56,206.19,198.65,190.78,178.55,171.33,160.64,148.10,136.69,126.37,113.88
103.25,113.89,120.42,130.14,138.77,144.31,152.03,158.60,161.72,168.83,174.14,177.20,183.83,188.35,196.09,201.02,207.56,214.67,221.46,227.67,241.58,252.83,261.73,270.14,276.21,284.74,291.33,288.45,288.85,286.40,281.36,275.78,269.61,266.33,261.18,255.27,249.10,242.84,236.91,231.29,222.10,213.86,207.87,196.33,189.21,179.33,168.00,158.24,149.28,139.99,126.25,112.95
101.87,113.99,121.30,131.61,137.59,144.37,150.08,159.96,163.86,170.23,172.17,180.94,185.91,188.37,193.40,200.00,208.93,217.20,226.37,229.17,241.85,251.60,264.44,269.67,277.50,288.09,293.87,287.03,289.12,290.25,282.69,277.41,271.81,269.67,263.97,255.55,247.59,243.31,236.08,230.23,224.52,212.84,208.89,197.13,191.53,178.21,167.84,157.54,149.72,140.00,123.49,111.46
68.82,79.03,85.09,91.71,99.50,107.07,110.17,118.71,123.00,128.25,132.61,136.34,141.23,142.70,147.00,154.72,157.49,162.64,166.65,170.16,175.76,180.00,186.20,188.88,195.03,202.97,203.97,198.92,202.95,204.02,195.16,195.85,189.13,185.32,179.18,174.04,169.73,167.48,160.85,154.74,152.62,142.44,139.81,131.19,126.18,118.60,113.44,104.31,102.86,94.58,88.01,79.76
98.86,109.66,116.73,126.12,130.86,138.85,143.27,153.22,155.64,162.79,165.89,171.75,176.28,181.69,184.26,192.59,199.14,209.03,214.67,221.47,234.89,243.03,253.69,260.85,266.44,275.88,284.01,279.15,280.21,278.10,275.05,269.74,261.68,261.32,254.42,249.82,241.12,233.44,229.44,223.22,217.57,205.30,201.31,190.79,185.08,172.63,164.05,151.61,143.69,133.00,120.93,109.48
102.18,115.00,123.37,130.25,138.57,147.00,153.08,160.86,163.03,171.76,173.97,180.34,186.90,190.54,195.29,200.32,209.76,218.39,226.51,231.32,245.60,254.35,265.67,274.05,281.76,288.76,295.30,295.03,295.08,293.96,289.50,284.26,277.25,275.05,268.29,263.82,252.45,247.48,240.93,237.02,228.95,216.45,211.44,202.05,195.49,181.52,172.41,161.21,152.43,140.03,129.65,116.21
103.46,118.26,124.17,133.00,139.81,146.41,151.21,161.64,162.44,172.19,175.45,182.26,187.43,190.68,193.96,203.06,211.99,221.42,228.88,229.96,245.80,254.87,266.91,271.68,280.03,292.41,298.67,292.66,297.70,293.92,290.41,284.70,276.23,276.07,267.38,262.55,252.36,244.52,238.01,236.28,229.84,214.98,213.22,203.16,196.00,181.34,171.90,159.30,152.41,142.41,127.05,115.97
102.00,114.06,121.05,130.38,136.31,142.44,149.03,158.40,160.13,167.31,170.07,177.80,182.12,184.20,190.38,198.28,204.64,213.28,219.28,224.84,238.11,247.70,261.27,267.23,272.96,284.72,291.35,287.39,288.98,287.64,283.07,277.22,271.15,270.05,264.92,258.31,248.03,241.11,235.54,232.26,225.57,214.95,210.04,199.29,192.04,179.08,169.53,158.45,150.59,137.77,125.57,113.22
100.69,113.37,118.71,128.44,136.03,144.06,148.66,155.71,159.14,165.20,170.06,174.42,181.11,186.94,192.35,198.98,204.02,212.90,219.91,228.25,240.88,252.12,260.68,272.17,279.89,287.18,293.51,293.10,297.36,291.08,290.59,282.78,277.35,273.54,267.15,262.50,255.95,248.11,242.40,236.14,231.23,219.58,212.14,203.18,196.21,184.59,175.00,164.21,153.64,142.21,129.31,117.32
93.09,105.12,111.45,120.50,124.02,130.92,137.10,144.09,147.32,154.43,154.26,162.44,166.78,169.81,172.41,180.95,187.32,197.95,203.68,205.77,219.10,228.49,239.23,247.61,252.20,261.22,268.97,264.28,267.66,267.15,261.96,255.00,251.10,251.79,244.59,240.01,229.92,221.77,216.07,215.24,209.15,196.42,194.45,183.92,177.20,164.81,156.49,145.44,138.65,128.72,114.39,103.41
95.04,106.96,111.25,118.98,127.82,134.45,137.88,144.75,146.49,152.40,157.20,162.63,166.48,170.31,176.14,181.02,187.24,194.13,202.27,208.46,221.82,229.89,240.83,248.57,254.31,261.00,267.88,267.53,268.78,267.34,264.59,259.05,253.07,249.90,244.25,240.11,231.35,226.31,220.03,214.39,206.40,198.41,192.31,182.78,177.08,165.08,158.40,147.56,137.28,128.56,118.07,105.42
102.77,115.32,118.51,129.81,136.62,144.00,148.37,155.08,156.78,166.21,170.00,173.73,181.18,186.01,190.19,197.23,203.80,210.89,217.42,225.20,241.70,250.46,259.98,270.63,275.96,285.33,293.34,292.85,296.60,290.27,292.10,285.67,278.18,274.13,268.07,263.15,256.24,248.50,243.29,236.38,231.01,219.02,213.06,203.36,196.64,183.98,173.83,163.57,152.82,142.52,130.17,118.04
104.00,114.95,121.26,131.73,138.10,146.11,151.00,158.69,161.40,168.43,172.99,175.33,181.81,186.46,192.77,197.00,204.08,212.23,220.81,227.07,240.93,249.16,260.10,268.33,278.00,284.11,293.22,292.75,295.45,291.22,288.92,284.12,277.22,274.49,267.10,262.18,253.15,248.09,241.47,233.73,228.86,218.83,209.75,202.00,194.50,182.04,172.00,161.31,152.21,140.94,127.88,116.40
100.24,109.11,117.64,128.38,132.14,138.92,143.74,151.92,156.35,160.72,166.60,171.42,176.71,176.08,179.12,187.21,193.26,202.00,208.56,211.62,224.18,234.67,248.89,255.55,262.19,274.40,282.35,277.80,277.32,280.20,272.13,266.18,264.89,260.58,256.22,249.62,241.17,235.24,227.25,223.58,219.99,208.83,201.78,192.04,188.28,172.79,164.47,152.84,146.41,137.44,124.26,110.07
100.28,112.06,120.11,128.27,135.09,141.82,148.11,153.83,157.88,163.36,165.02,172.28,178.66,178.24,181.29,190.55,196.60,204.94,210.87,213.78,228.48,239.37,252.72,256.84,263.46,274.54,283.05,279.03,278.92,278.58,274.35,267.44,267.25,264.12,258.80,251.10,242.50,236.40,228.32,226.01,218.96,206.83,203.96,193.49,186.50,173.22,164.25,152.43,144.94,136.88,122.49,108.78
106.96,119.11,128.13,133.60,141.82,149.19,153.83,161.93,166.81,170.43,176.31,177.87,183.37,186.72,189.17,195.53,206.19,212.15,220.04,224.44,241.05,249.00,261.86,270.05,277.09,285.94,293.47,292.04,295.58,297.05,290.63,286.36,279.64,277.28,275.09,265.20,255.88,248.68,243.88,240.83,231.77,222.32,215.67,205.81,198.00,186.07,175.56,164.07,154.78,144.22,130.30,116.78
97.19,107.56,116.43,123.17,130.25,137.27,142.09,150.89,152.98,159.25,160.02,166.52,172.07,174.77,177.12,183.53,190.34,200.06,206.12,211.60,224.54,233.53,244.72,252.73,260.77,267.52,278.96,275.36,277.63,276.73,274.25,266.11,263.60,261.82,256.91,251.83,242.50,234.06,227.30,225.14,217.90,207.34,201.80,192.63,186.45,174.39,163.01,152.16,145.58,138.06,122.05,111.13
102.00,114.35,122.38,132.01,136.57,144.01,149.11,156.31,159.67,166.74,164.91,173.14,177.05,180.62,183.24,191.00,197.80,204.47,212.36,214.24,228.60,239.37,252.42,258.65,265.04,275.36,283.92,281.52,284.90,284.43,280.07,274.17,272.12,269.25,262.05,256.16,248.56,241.13,234.56,232.55,223.66,210.62,207.62,195.56,191.27,176.78,167.92,156.54,149.27,139.47,123.85,112.51
103.35,114.48,120.81,129.19,136.47,140.80,147.18,155.71,158.09,162.27,163.13,169.92,175.00,179.12,178.19,186.76,195.06,201.10,207.06,213.14,224.20,235.24,247.13,254.54,261.64,267.80,277.25,277.42,279.33,279.96,276.63,268.40,267.15,262.55,257.67,254.15,244.10,237.04,231.31,226.74,220.24,210.26,203.27,194.31,187.97,175.32,167.17,156.20,144.31,136.12,124.35,111.02
65.95,75.50,82.73,90.38,97.08,102.73,107.47,114.95,118.38,120.97,129.52,130.30,133.41,134.37,138.31,142.71,143.28,150.21,155.67,157.50,163.48,169.85,175.70,180.35,188.31,188.06,196.02,195.43,196.13,191.47,186.68,187.32,182.39,175.82,164.78,160.13,156.98,155.62,149.01,139.82,138.20,130.75,125.00,117.39,116.93,110.22,104.75,99.62,94.05,86.27,83.57,76.54
136.56,151.21,161.91,171.00,180.69,188.80,193.94,201.12,203.83,208.93,208.60,214.58,220.08,219.24,220.93,227.71,231.48,236.32,244.25,243.82,252.41,261.22,266.99,270.62,274.66,280.15,283.77,277.50,277.09,272.62,266.81,258.88,251.24,252.81,242.54,234.47,230.49,223.09,219.32,214.31,208.89,197.59,192.21,186.25,178.22,168.15,158.50,149.21,143.00,132.02,117.63,105.76
134.30,145.77,157.85,165.95,173.97,181.62,187.64,196.38,197.25,203.63,203.92,208.20,213.71,213.18,213.59,221.05,227.17,231.57,236.35,239.42,244.99,252.62,260.99,266.18,268.92,275.29,276.25,268.90,270.39,268.24,261.54,255.67,249.23,246.99,238.21,233.11,226.28,218.00,217.28,210.00,203.21,194.33,190.54,185.31,178.60,166.90,157.20,148.72,141.60,131.40,118.00,105.82
129.84,143.81,152.12,162.63,169.05,180.57,183.44,190.13,191.98,197.09,198.60,201.92,208.06,207.46,211.60,219.01,220.86,226.37,230.65,234.96,239.84,247.10,253.03,256.81,260.60,262.91,266.19,261.01,261.81,255.00,251.73,241.17,236.92,234.36,222.97,217.68,212.98,207.12,203.65,197.68,191.53,183.31,177.99,170.45,163.69,155.72,147.15,136.36,129.69,121.04,108.69,98.35
119.54,132.00,139.61,147.17,151.91,159.79,161.64,168.22,168.62,167.97,173.44,175.82,180.01,178.53,179.49,183.32,183.77,191.85,194.03,198.41,207.06,215.23,231.40,236.33,242.46,247.92,256.85,254.58,257.10,254.35,251.34,247.20,241.87,240.17,228.71,227.50,219.79,215.86,211.57,204.02,203.22,191.31,186.87,178.10,173.09,157.87,149.47,137.93,128.41,117.32,107.70,95.67
137.64,149.31,159.85,170.84,180.04,188.28,193.79,203.27,206.20,210.95,216.33,219.75,223.18,225.14,225.50,235.60,242.14,246.27,253.71,255.15,260.05,267.20,277.20,277.32,280.56,283.11,284.45,276.96,275.70,273.58,264.76,256.80,248.02,246.01,238.08,231.70,223.45,214.48,212.25,207.20,199.62,191.27,185.95,177.61,172.90,159.77,150.01,142.30,131.61,124.28,112.09,98.25
137.12,151.09,160.96,171.03,180.22,191.37,195.23,204.29,205.94,211.00,215.62,221.07,227.97,224.93,228.71,235.79,241.51,248.62,254.89,255.43,262.24,270.36,275.39,280.14,283.64,285.95,286.78,281.30,277.88,273.13,268.88,258.77,250.57,249.58,239.94,236.04,226.91,221.88,215.64,210.02,204.71,192.77,188.81,180.94,172.53,162.27,153.83,142.43,134.66,125.16,112.81,100.50
135.98,149.24,156.92,169.14,178.94,188.86,191.31,200.49,201.47,207.23,212.72,215.13,220.64,222.87,223.71,234.61,237.31,242.84,248.20,251.34,256.53,264.41,269.48,273.79,278.21,279.66,278.89,275.62,273.88,266.09,263.53,253.65,245.25,239.97,233.00,229.40,224.21,216.01,212.23,203.49,198.34,189.49,183.32,174.43,168.34,159.45,151.17,141.23,129.77,120.81,110.68,99.82
128.57,143.14,152.00,160.88,168.58,177.89,183.17,192.77,195.26,198.49,203.30,209.47,213.00,213.68,214.22,222.04,226.29,233.48,237.12,239.53,246.99,251.58,256.32,259.03,263.75,267.66,269.46,260.69,258.91,253.90,248.97,241.05,234.34,230.49,222.40,218.49,211.75,204.35,200.86,194.62,190.31,177.88,177.05,168.57,163.05,151.12,142.69,133.33,126.57,117.69,102.00,94.15
129.28,140.80,150.28,161.05,168.62,177.14,183.20,191.94,194.74,199.15,203.10,208.24,212.06,211.90,212.45,219.97,225.04,232.96,239.15,238.61,244.08,251.72,258.28,259.76,263.45,268.04,267.71,262.19,258.54,255.00,249.61,241.46,232.23,230.36,223.45,219.42,211.83,204.41,200.61,196.40,189.20,179.62,177.14,170.26,161.99,151.71,143.09,133.81,126.02,118.15,104.14,93.38
126.53,141.06,146.54,157.72,166.36,175.09,180.68,188.83,191.76,194.28,199.16,204.62,206.90,209.69,209.30,216.12,223.44,228.32,234.92,235.48,241.68,248.73,253.33,258.88,260.56,264.43,263.10,261.28,257.41,253.94,249.23,242.26,232.94,228.60,221.60,218.76,209.77,203.69,198.16,195.02,187.22,179.32,174.07,166.14,159.53,150.79,142.79,132.77,125.03,114.87,105.62,93.02
125.88,138.19,148.05,159.89,167.26,173.95,181.46,189.47,192.48,197.84,199.97,204.20,207.54,209.03,211.62,219.43,221.42,229.44,235.05,236.81,242.62,249.65,257.09,261.49,263.23,270.22,270.80,262.77,259.37,256.01,249.39,243.81,235.37,233.99,228.79,221.38,213.58,208.37,203.04,198.86,192.31,181.55,178.35,170.18,162.96,153.58,143.56,134.47,127.53,117.89,104.56,95.02
125.13,138.28,148.61,159.23,165.60,174.80,179.05,190.23,192.43,197.23,198.13,204.79,207.79,208.08,210.02,219.01,221.36,230.78,234.10,236.23,241.58,248.85,254.19,258.03,261.08,266.56,267.07,260.13,257.89,256.33,249.90,240.63,232.71,231.62,225.28,219.79,211.70,207.51,203.48,198.57,191.88,182.10,179.40,172.04,163.38,151.58,145.22,135.67,128.22,119.02,106.25,94.02
114.14,125.54,133.96,143.00,149.48,158.47,162.83,169.74,173.01,176.41,177.90,183.31,184.40,187.32,189.19,195.25,199.09,205.34,210.72,212.87,214.67,223.14,227.00,230.93,233.45,238.80,239.35,234.36,232.05,229.26,221.95,217.34,208.72,206.81,200.72,197.65,190.59,185.97,182.65,177.72,172.35,162.98,159.73,152.27,146.01,137.82,130.42,122.10,115.36,106.33,95.71,85.59
118.15,132.42,138.71,150.42,158.08,164.77,171.01,178.68,181.07,182.56,189.45,192.85,195.15,199.12,201.68,206.94,209.75,215.64,222.31,224.27,230.59,237.59,241.75,243.53,248.34,249.82,251.34,248.05,246.50,239.72,235.79,230.49,221.08,216.04,210.85,208.40,201.80,195.45,193.19,183.71,179.92,174.83,166.87,160.08,152.40,143.53,137.71,126.91,119.36,109.59,100.01,90.14
117.04,130.03,139.52,148.95,155.86,162.26,169.53,179.41,181.25,184.53,188.49,192.52,194.76,197.89,200.08,205.97,209.50,216.45,221.92,221.14,229.16,235.38,240.05,243.17,246.22,251.21,251.29,247.03,243.53,238.61,233.79,226.38,219.61,218.65,211.54,206.77,199.12,194.74,191.94,186.95,180.57,171.29,166.87,160.88,152.84,142.04,134.81,126.13,120.24,111.89,100.32,88.32
124.17,138.54,147.68,158.08,167.97,177.61,181.71,189.38,193.19,195.01,201.63,205.55,208.71,212.29,213.96,219.66,223.96,230.00,236.02,237.17,244.62,252.94,255.78,259.85,262.27,264.05,266.33,262.35,259.17,253.95,249.34,242.99,235.48,230.64,224.96,220.42,214.55,207.34,202.87,197.20,189.78,184.88,177.39,171.33,163.03,151.65,146.09,135.68,127.80,117.07,108.91,97.51
120.62,135.34,141.82,153.46,163.69,170.16,176.26,181.40,184.76,189.87,195.80,198.49,201.46,204.94,207.91,214.14,214.45,222.30,228.12,231.28,237.66,243.23,245.20,248.39,253.03,256.70,256.74,253.12,250.06,244.02,239.87,234.34,227.85,219.54,215.24,211.95,205.87,202.48,197.31,189.79,184.82,178.00,170.77,164.25,156.27,148.43,141.13,132.82,124.62,113.81,103.45,94.13
123.08,135.48,144.27,153.94,163.17,171.82,177.16,183.77,189.07,191.04,196.31,201.08,204.27,206.48,209.85,214.60,218.89,225.33,230.63,232.86,237.23,243.76,248.73,250.93,254.47,258.64,260.85,254.35,250.71,247.70,242.22,236.66,227.76,225.25,217.18,215.54,207.54,201.63,196.82,191.27,185.06,177.79,173.05,164.14,158.03,147.87,140.89,132.38,124.33,115.26,103.79,92.05
125.90,139.62,150.44,160.46,168.24,176.03,181.52,192.57,195.53,199.49,203.25,209.54,211.51,214.11,214.95,222.99,227.02,235.59,241.22,240.80,246.20,252.72,258.85,261.73,264.85,271.06,269.44,263.87,262.97,259.37,248.41,245.07,237.53,235.15,228.12,222.32,215.03,209.90,204.56,199.70,194.55,183.14,178.89,170.70,164.00,151.86,145.17,136.06,126.32,117.39,106.23,92.00
126.91,142.36,147.26,158.05,170.21,178.02,183.15,189.26,194.03,197.31,204.27,207.51,208.40,212.60,215.41,221.45,223.75,229.05,236.78,238.61,244.68,252.68,255.39,259.68,263.07,268.79,266.85,265.51,261.20,257.24,251.75,246.40,239.38,234.08,229.73,224.62,217.35,211.74,206.29,201.40,194.29,185.55,178.19,170.29,164.14,155.82,147.12,138.96,128.97,118.51,105.38,94.76
121.31,133.65,142.30,152.83,160.08,169.54,174.89,182.88,184.26,189.56,193.15,197.65,202.34,203.11,205.81,211.44,216.69,222.32,227.77,228.97,235.05,241.59,246.45,250.32,254.95,257.80,258.94,254.14,253.03,250.00,241.81,236.24,228.87,227.56,221.11,217.52,209.07,205.15,198.49,193.04,188.73,179.12,173.49,165.10,159.42,150.01,140.62,132.97,124.68,115.41,103.47,90.43
121.34,134.46,140.09,149.89,159.05,169.19,173.00,179.42,183.61,186.90,191.43,196.02,197.80,202.77,205.16,211.07,213.33,218.75,226.10,228.06,234.83,241.51,246.48,252.12,254.57,259.56,258.96,254.81,253.51,248.89,244.25,239.71,232.09,227.79,221.08,216.04,210.32,203.92,199.42,193.71,187.54,180.54,173.69,165.65,159.40,149.16,141.21,132.85,122.61,112.61,103.04,90.62
123.91,138.62,148.25,157.54,164.92,171.84,179.21,187.11,192.59,195.23,200.81,205.00,208.87,210.65,213.23,221.84,227.25,231.94,238.91,241.67,248.87,254.58,261.46,265.41,268.16,275.63,275.05,269.62,269.99,267.90,258.29,251.10,243.02,242.55,236.91,229.00,220.01,212.46,209.51,202.97,199.11,186.40,182.01,172.70,165.68,152.95,145.00,135.20,127.46,117.38,106.44,95.04
124.08,134.42,144.14,153.57,160.65,170.49,173.88,182.24,185.08,191.21,193.16,200.20,204.61,206.63,208.90,216.01,218.05,228.53,234.07,236.22,242.49,249.45,253.44,260.51,263.08,271.28,270.90,264.33,265.80,260.99,255.70,249.33,239.13,237.69,230.36,223.96,215.42,208.39,205.51,199.64,192.60,180.83,176.31,170.47,160.03,149.89,139.03,133.84,123.49,114.53,100.96,90.97
130.23,144.03,150.23,161.25,170.77,178.00,183.62,188.29,196.35,199.40,205.27,209.02,212.79,217.68,222.19,226.85,232.81,237.69,246.83,248.56,257.32,264.78,271.15,275.73,281.54,286.09,285.90,283.35,281.70,276.52,269.79,263.23,252.72,248.13,242.62,235.87,229.47,221.74,217.11,209.75,199.75,193.28,184.95,176.14,169.12,156.92,151.00,141.15,128.82,118.51,108.04,94.70
127.10,140.43,149.47,156.54,166.74,173.66,180.40,185.01,190.65,194.08,197.85,205.57,207.28,209.27,215.36,220.29,225.50,233.82,238.87,244.97,251.07,258.32,265.45,271.53,273.75,280.23,281.14,275.04,274.69,271.81,264.02,257.30,247.98,246.59,237.52,234.10,224.24,219.40,213.93,207.51,200.25,192.04,183.96,175.64,166.97,155.29,147.65,138.92,128.41,120.00,107.21,96.02
123.41,138.20,143.93,154.98,163.03,171.23,174.92,183.36,186.13,191.38,198.60,200.80,204.12,209.47,213.58,222.35,224.15,232.24,238.10,242.53,248.81,256.81,263.35,266.83,272.46,279.25,277.50,273.79,271.74,265.73,261.90,254.83,245.17,241.57,235.13,228.64,220.08,216.53,210.60,203.48,195.93,185.32,180.24,171.84,164.62,154.43,145.83,138.10,125.54,116.52,105.00,95.26
122.41,135.25,141.52,151.08,160.64,168.32,174.09,181.73,184.98,189.21,196.33,200.26,204.98,208.04,211.99,219.42,224.16,231.85,237.54,241.30,248.51,255.22,260.80,268.15,269.16,275.23,277.62,272.37,271.97,264.78,259.89,254.75,244.98,240.05,234.03,228.82,221.38,214.85,210.61,202.54,195.45,186.81,180.10,171.23,164.60,155.57,146.81,138.00,126.89,115.83,105.42,93.78
124.48,139.43,146.03,155.00,163.78,171.76,178.83,184.07,188.49,194.18,198.04,203.58,207.63,210.12,211.65,219.66,225.69,232.49,240.05,242.21,251.53,258.57,266.44,270.11,274.69,281.31,281.50,275.47,275.83,271.81,264.61,260.46,248.24,246.03,241.13,233.31,225.39,219.86,215.82,209.42,203.21,192.78,186.51,177.41,171.98,160.18,151.33,141.45,131.58,122.59,110.32,96.77
117.52,130.15,136.94,145.04,155.08,163.13,168.47,174.26,177.69,182.45,187.28,190.19,194.14,197.77,202.08,206.81,210.68,218.00,224.59,229.06,237.43,244.25,248.67,255.22,258.12,262.92,263.06,261.09,262.51,256.00,249.82,243.90,235.13,230.93,225.14,219.54,214.77,208.74,203.42,195.49,191.04,182.88,173.56,167.60,160.56,151.95,143.27,133.96,124.17,114.00,105.08,93.06
128.22,141.76,147.34,160.08,169.43,178.63,181.60,188.94,193.78,196.70,202.48,206.19,210.95,214.71,218.39,227.26,231.04,236.60,242.79,247.00,255.38,263.37,269.82,275.77,280.02,285.01,286.84,281.52,282.18,274.72,270.15,262.99,253.01,251.02,243.85,236.75,230.15,224.88,218.01,211.10,204.42,195.56,186.17,180.65,171.97,161.91,152.74,143.69,132.42,121.66,111.80,98.99
110.29,121.49,127.39,134.85,142.90,145.34,147.08,152.27,153.85,154.55,160.11,156.59,158.15,158.15,159.21,164.20,162.25,168.60,169.20,170.42,178.93,180.18,190.12,191.38,197.16,203.12,214.04,213.01,218.68,218.11,219.13,217.45,223.38,221.01,216.82,208.39,204.01,200.82,195.92,188.00,184.44,175.16,167.29,160.38,152.59,140.17,132.06,122.56,113.27,101.41,92.35,80.78
113.74,127.41,136.12,144.36,151.72,159.26,164.71,170.99,174.04,178.01,183.15,187.58,191.43,194.47,197.22,202.39,207.48,213.33,218.51,223.16,230.82,236.60,243.24,248.20,250.60,255.81,257.45,254.52,252.04,247.70,243.99,236.44,227.17,223.99,217.46,211.40,203.71,197.21,192.87,186.39,180.00,173.95,164.08,158.96,153.06,141.42,133.96,124.81,115.66,107.08,98.27,86.40
123.17,136.24,146.49,154.18,163.23,171.82,179.18,185.78,187.38,192.00,197.91,202.03,206.35,208.22,210.41,216.69,223.29,229.00,235.91,238.56,245.73,253.10,261.30,266.27,270.34,276.13,276.74,271.49,269.99,265.77,259.85,251.86,242.84,240.75,236.43,229.09,220.55,214.52,209.97,203.89,197.20,185.92,180.85,171.13,166.00,154.46,144.27,136.34,128.08,118.71,105.39,91.98
131.05,144.51,152.33,162.86,171.83,181.11,186.13,191.09,194.74,199.11,204.94,210.29,212.84,214.40,219.20,225.08,229.63,236.91,243.12,246.79,253.78,261.93,269.09,273.31,276.00,283.03,282.85,281.55,279.87,273.86,267.92,261.56,251.10,248.20,241.12,234.55,226.18,221.46,215.23,207.48,202.00,194.81,185.21,176.01,170.50,158.60,152.40,140.66,132.37,121.28,110.11,96.83
128.16,144.00,150.42,160.38,169.76,177.51,183.10,187.86,190.13,193.71,201.47,205.46,209.40,211.38,214.76,221.04,224.41,232.14,237.54,241.35,247.58,256.22,260.41,267.09,269.87,274.09,276.63,273.21,270.56,265.24,262.01,253.95,244.63,241.40,233.56,228.11,221.92,214.76,211.01,203.18,195.92,188.61,181.04,170.85,167.03,156.39,147.36,139.61,130.91,119.47,109.38,95.01
130.14,143.68,150.86,160.08,167.05,176.53,182.00,187.52,191.34,195.92,198.60,205.18,207.06,208.21,209.12,218.10,221.47,229.37,236.02,237.00,244.77,252.72,258.86,264.08,267.24,274.20,273.00,267.48,268.56,261.96,259.62,251.78,241.42,240.61,231.61,225.57,218.96,211.06,206.90,202.56,197.34,186.49,182.39,172.65,167.16,157.62,147.22,138.52,129.47,121.08,108.26,98.62
129.81,141.09,151.48,160.60,165.32,175.57,180.00,188.15,188.96,194.18,196.98,202.09,207.56,206.31,212.13,216.09,221.45,228.18,235.05,237.03,242.69,250.78,257.94,263.70,267.57,273.93,273.92,267.05,267.05,264.25,257.00,250.98,242.32,241.20,235.38,226.93,220.37,214.35,209.77,203.98,198.16,187.20,182.43,174.38,167.51,159.39,148.52,140.43,131.24,122.98,109.08,99.64
125.72,138.66,147.33,158.62,164.76,172.19,176.24,180.57,183.61,189.84,194.74,199.44,203.04,204.44,207.30,212.00,217.80,222.35,228.88,232.26,240.14,247.17,253.67,259.62,261.73,267.79,267.19,264.78,262.53,258.38,255.28,249.23,238.02,234.97,229.92,225.02,216.12,209.09,207.01,201.06,195.13,184.62,178.53,170.21,166.01,156.58,147.87,139.54,130.39,121.02,109.42,97.31
123.49,137.44,146.01,155.23,162.26,170.66,175.41,179.14,182.94,187.21,191.91,194.37,199.22,203.06,207.24,213.41,217.18,223.09,229.01,232.00,239.64,249.27,253.16,258.80,263.32,268.48,268.20,264.01,262.82,256.00,252.35,245.60,238.47,232.31,227.31,220.98,214.08,209.66,204.36,197.71,191.78,182.39,175.35,168.40,163.22,151.99,144.73,136.21,126.25,115.45,106.30,95.44
121.51,134.81,143.21,150.80,157.97,166.59,170.58,179.01,183.37,185.56,190.60,195.49,199.49,200.59,203.04,211.57,216.82,225.06,230.22,230.03,239.92,244.93,252.42,257.53,257.96,265.65,265.14,257.61,257.56,256.08,247.88,240.74,232.00,231.52,224.96,220.00,210.01,203.30,198.22,193.31,188.35,175.91,174.14,164.56,160.65,148.37,139.29,129.87,123.04,114.06,101.12,89.89
125.17,139.28,147.20,157.46,163.69,170.29,173.49,182.41,184.44,188.68,196.99,199.85,201.79,204.35,207.62,212.68,216.67,222.64,229.22,234.96,240.83,247.80,256.73,258.04,263.37,268.21,265.05,261.86,259.60,255.23,250.87,245.81,234.78,232.95,225.21,217.22,210.64,205.28,204.09,193.63,188.48,182.46,173.63,167.05,160.13,148.68,143.69,132.97,122.41,113.36,103.77,93.49
121.66,139.81,144.55,156.47,162.29,169.92,175.01,183.88,185.15,189.36,193.19,200.44,203.54,206.31,208.21,215.24,222.09,227.37,235.26,235.37,242.55,249.45,256.53,258.96,262.45,268.60,268.07,263.05,260.87,256.04,251.34,243.40,233.09,231.35,223.68,217.59,209.62,203.23,198.71,192.31,187.22,176.53,171.00,162.78,155.32,145.40,139.18,130.25,120.11,111.83,99.62,89.14
128.22,141.48,151.33,160.26,164.92,173.68,179.00,186.70,189.64,195.78,195.65,204.47,205.91,206.29,212.57,219.39,222.83,231.08,235.76,238.10,243.77,250.20,256.60,260.39,262.55,267.99,268.82,260.35,260.22,256.73,249.07,242.64,232.01,230.64,223.58,216.69,208.63,203.54,197.85,192.20,186.05,174.55,170.42,162.86,155.60,145.36,134.50,128.13,119.44,110.45,98.62,87.10
129.00,141.20,149.63,158.40,168.40,175.97,179.25,186.30,188.43,193.87,198.20,203.07,205.88,209.02,211.30,219.04,222.05,229.27,235.85,237.20,244.10,250.80,257.01,261.63,263.61,265.65,266.60,261.40,261.08,254.52,248.79,244.03,231.23,227.85,220.79,215.67,209.47,204.46,198.24,189.79,183.31,175.58,168.08,159.67,155.32,145.25,136.62,129.69,119.34,108.16,99.16,89.90
133.87,148.01,153.64,164.58,174.41,180.71,187.02,192.43,195.56,199.72,204.20,208.57,212.71,216.33,219.36,226.08,229.92,238.40,242.74,246.08,253.30,260.86,265.80,270.38,272.00,277.40,276.63,273.22,272.05,265.71,261.44,254.20,243.03,238.80,230.78,226.01,216.62,211.02,206.18,200.20,191.95,184.10,176.18,167.37,162.27,151.80,143.56,135.33,124.81,114.18,104.69,92.66
133.45,146.71,153.53,163.82,172.19,179.39,185.53,191.23,195.73,199.49,205.97,209.12,213.47,216.75,217.83,225.06,229.39,235.60,242.01,245.20,253.16,259.62,267.08,269.67,272.26,278.69,278.50,273.65,272.46,266.79,258.49,251.77,244.56,238.32,230.20,225.86,215.02,209.69,206.23,196.81,193.87,183.07,175.86,168.07,163.00,153.01,144.56,136.36,126.76,115.57,104.79,93.60
128.00,139.54,145.91,157.32,166.03,171.84,180.32,184.02,187.92,191.07,197.73,200.64,204.96,207.89,208.85,216.17,219.99,225.27,231.37,236.54,241.23,250.06,255.16,257.09,260.97,266.42,264.43,260.63,258.86,253.80,246.98,242.40,232.21,227.88,221.12,213.71,207.62,199.54,197.67,189.38,182.01,176.51,168.76,161.44,154.26,146.51,138.23,130.36,119.57,109.66,99.85,88.84
105.39,118.85,123.41,133.02,144.59,151.99,159.10,166.40,169.53,174.09,182.78,183.73,188.86,192.68,197.40,202.51,209.12,216.06,220.23,226.04,234.34,243.53,251.60,260.00,266.02,268.26,275.69,276.13,277.35,272.62,270.02,265.84,256.73,254.40,247.99,242.17,233.77,228.99,222.79,217.19,209.07,200.81,192.40,184.71,175.57,167.63,157.00,147.71,137.06,127.00,117.32,104.00
82.39,93.65,106.78,113.05,124.08,131.24,139.09,150.00,156.46,161.55,166.97,172.41,179.94,179.75,183.50,188.90,193.83,201.66,202.14,206.00,210.01,216.54,220.51,222.33,225.94,227.97,221.05,213.04,207.56,200.34,192.34,185.07,172.59,172.24,162.25,158.38,151.43,147.63,145.58,141.72,138.93,133.54,128.13,122.93,119.40,110.46,105.48,100.02,95.41,87.32,83.55,76.37
128.58,142.64,150.27,160.25,167.60,174.77,181.97,188.40,191.43,194.52,197.69,203.31,205.73,209.12,210.79,216.91,223.30,228.53,234.41,236.88,242.84,248.48,255.81,259.56,261.30,267.17,266.10,259.59,258.27,254.38,247.08,242.57,230.59,227.69,221.53,216.09,206.55,200.08,195.16,188.94,183.36,174.66,168.19,161.37,155.00,143.22,136.40,128.32,120.31,112.04,99.96,87.21
127.40,140.41,147.41,157.42,164.88,173.08,177.23,181.46,184.20,188.49,192.04,193.40,198.04,200.53,202.23,208.87,210.24,216.12,221.35,224.96,231.70,237.29,244.05,247.43,249.61,255.13,254.24,249.83,248.28,241.17,236.28,232.05,224.29,218.55,213.96,207.18,201.59,193.64,191.06,183.47,177.54,171.13,164.58,155.19,150.63,142.52,135.68,126.04,117.00,106.89,98.09,87.05
127.05,140.26,147.12,156.01,162.86,170.84,177.00,181.00,184.09,187.97,191.67,195.60,197.04,199.32,201.65,207.71,211.70,217.22,221.47,225.11,229.37,236.24,242.05,246.20,247.83,252.87,252.35,247.95,245.94,241.99,236.61,230.57,220.06,217.20,211.85,205.00,197.59,193.04,189.64,183.21,177.37,170.07,164.88,155.24,150.33,141.44,132.97,126.56,118.19,107.70,97.05,88.96
129.38,141.15,148.93,158.69,166.01,172.70,178.07,181.82,184.45,188.68,191.85,195.53,198.12,198.91,201.41,206.23,210.12,215.37,220.41,222.74,228.71,234.03,241.37,243.91,247.07,251.79,252.79,248.02,245.28,241.29,235.31,230.10,220.64,219.97,214.11,206.50,200.09,193.55,189.53,184.62,178.44,170.04,165.34,156.67,151.56,142.41,132.64,127.63,118.79,107.79,100.32,87.64
135.88,149.38,156.55,164.55,173.91,180.42,186.50,189.68,193.22,196.92,199.81,201.76,206.65,207.04,210.32,216.06,218.25,223.32,229.40,230.71,237.60,246.01,250.57,256.03,257.86,262.07,260.73,257.39,255.28,251.07,246.09,241.40,231.04,227.38,219.58,216.61,208.06,203.57,197.96,192.34,185.73,179.98,173.00,164.45,156.77,148.93,141.57,132.67,122.98,113.85,105.19,93.43
137.18,151.64,157.28,166.72,175.51,182.43,186.20,191.00,193.31,197.71,201.06,204.48,208.17,208.17,210.69,215.71,218.18,225.75,231.04,231.76,239.01,245.12,252.80,256.76,259.33,263.93,263.10,258.38,257.08,253.85,249.02,242.24,232.08,230.34,224.66,218.08,212.06,206.65,201.02,195.56,188.28,181.29,175.01,167.37,160.45,150.27,144.28,134.97,127.58,115.35,106.45,95.59
132.70,147.76,156.08,166.68,172.53,180.21,185.27,190.59,192.57,196.54,199.49,202.28,205.24,207.52,209.20,215.80,217.57,226.06,229.53,232.25,236.37,245.10,252.41,255.84,258.80,263.06,263.39,258.30,256.74,253.99,246.91,240.25,232.61,231.11,223.29,218.00,211.87,204.48,202.00,193.85,189.00,179.94,175.41,168.11,161.30,153.11,142.84,137.32,127.19,119.27,106.89,95.71
120.93,132.91,139.06,148.41,155.44,161.38,163.78,169.96,172.15,175.28,177.54,180.28,181.55,182.86,185.07,190.92,193.15,199.91,204.82,205.92,212.25,217.02,223.95,230.49,232.01,235.87,235.33,231.26,231.04,225.89,221.98,217.04,209.68,207.71,202.23,198.01,189.64,184.26,181.73,176.21,171.82,163.49,159.66,152.76,145.79,135.96,129.00,122.58,115.43,106.04,95.85,86.98
121.40,132.61,141.01,149.45,153.39,161.38,163.25,171.48,173.03,175.82,177.23,180.41,183.98,184.98,187.42,191.84,194.40,202.43,205.01,207.17,214.35,220.37,225.87,229.31,231.55,239.46,239.27,232.57,231.60,228.02,222.69,217.46,212.47,209.46,203.63,198.74,193.00,186.02,183.66,177.48,173.77,163.86,161.28,153.85,146.66,139.09,130.86,121.67,117.27,107.97,96.40,86.09
130.70,143.39,149.79,160.00,166.68,174.00,177.42,182.58,186.08,188.40,191.27,194.06,198.21,198.98,202.27,207.33,210.54,216.62,221.61,223.14,230.71,236.03,242.86,248.20,250.32,258.45,257.10,250.32,251.08,246.14,242.51,236.40,228.76,225.00,219.32,213.70,207.00,200.02,197.69,191.05,186.70,178.44,173.17,164.51,158.23,149.21,142.87,133.14,124.79,114.21,106.47,96.63
135.00,147.12,154.32,163.23,172.35,180.31,184.20,189.28,191.40,194.47,199.82,201.38,205.01,206.89,211.12,216.28,218.66,226.55,231.82,233.57,240.21,249.10,253.80,260.00,262.01,267.03,266.33,263.23,264.09,257.03,253.34,247.25,238.65,233.23,228.02,224.18,217.11,210.30,206.41,199.97,192.40,186.97,180.14,171.23,165.00,154.55,148.43,139.94,129.83,119.77,111.04,100.24
127.49,138.92,147.83,156.46,162.61,170.84,174.45,182.88,184.61,187.04,190.24,194.54,196.86,196.90,200.96,206.12,209.70,216.59,221.72,222.44,229.92,237.03,242.23,246.40,250.73,254.96,257.77,250.80,250.43,247.76,243.15,235.76,228.76,224.72,220.24,214.72,208.21,200.28,196.25,193.55,187.49,177.99,172.94,165.89,158.45,147.30,140.43,132.40,124.28,115.12,105.02,92.62
122.02,131.52,141.13,150.78,157.04,162.39,166.51,173.10,176.40,178.37,180.02,185.00,186.64,188.35,189.17,197.04,199.54,205.64,210.06,210.61,218.20,225.29,231.01,234.96,238.00,242.87,245.20,239.10,240.00,235.91,230.60,225.06,216.08,215.39,209.90,205.55,196.47,192.59,188.69,182.63,177.26,168.86,163.96,156.42,149.80,140.03,134.74,123.76,118.19,110.04,99.40,87.86
130.61,142.64,149.91,158.53,165.02,172.59,177.28,183.86,186.59,189.18,193.55,197.02,198.86,200.48,202.24,207.54,210.83,218.44,223.09,226.15,232.86,241.05,246.66,251.45,253.60,258.19,259.51,256.94,253.06,248.97,245.18,239.85,231.95,226.77,220.79,216.53,208.40,203.67,198.60,193.83,185.97,179.41,172.56,165.48,158.71,150.10,142.64,134.48,124.49,114.49,105.89,94.64
118.71,132.42,139.60,147.28,154.65,160.80,164.76,171.42,173.31,174.50,178.71,181.46,185.13,187.11,189.11,195.23,197.31,203.71,208.15,211.57,220.11,225.74,230.85,233.81,237.60,243.56,242.29,240.41,237.90,233.06,228.84,223.68,214.77,211.60,206.07,201.72,195.21,191.43,187.10,179.77,174.94,168.68,162.31,152.74,147.63,138.62,133.76,126.65,118.00,108.52,97.42,87.05
120.07,133.41,137.71,148.48,155.03,161.94,166.21,170.00,173.16,175.16,178.87,181.46,184.05,186.32,189.07,194.59,196.76,205.64,208.52,212.02,220.41,226.27,231.95,234.78,239.17,242.56,242.33,242.01,240.69,233.34,230.46,225.84,216.76,210.69,205.34,203.07,195.90,190.90,188.22,181.28,173.95,168.60,161.82,152.43,148.00,139.52,134.03,125.87,117.11,107.94,98.99,88.14
118.12,130.86,136.80,146.73,152.90,157.89,164.30,168.72,173.28,174.77,178.04,182.04,184.10,184.94,187.42,193.98,198.30,203.42,210.24,210.20,216.11,224.15,231.82,236.32,237.54,243.21,243.18,239.29,235.67,234.35,227.20,223.18,214.87,212.94,207.28,203.44,193.50,189.48,184.84,181.34,173.73,166.07,161.15,152.11,147.03,138.44,132.28,122.56,116.11,107.56,98.41,87.66
94.92,100.12,106.17,111.31,122.10,129.76,133.54,131.22,135.07,136.34,133.52,136.62,133.96,133.76,134.42,136.69,139.14,138.95,141.79,142.00,140.07,142.09,150.60,150.08,153.40,157.00,171.68,180.77,202.09,241.05,241.03,246.83,249.48,246.91,235.75,227.71,220.71,212.82,208.19,201.25,197.80,188.92,177.28,167.73,164.15,148.82,141.65,129.10,122.07,110.04,100.90,87.09
111.40,131.10,140.00,151.35,160.56,168.93,172.98,177.07,181.24,181.71,186.81,190.28,191.48,195.37,196.46,202.78,208.90,215.26,220.68,221.74,230.52,237.01,246.29,249.73,254.03,257.12,257.26,254.80,251.28,251.14,243.88,237.50,229.34,227.95,221.60,217.15,209.31,203.00,197.02,195.25,186.59,180.42,173.42,165.39,160.15,149.82,141.48,133.45,126.15,115.62,106.45,94.76
122.54,135.09,143.74,153.48,159.25,164.51,171.29,178.22,180.89,185.04,186.89,192.20,196.12,196.39,197.00,204.98,210.24,217.71,224.72,223.57,230.67,239.34,246.55,250.68,252.99,259.06,260.73,254.42,251.21,250.00,242.54,237.95,229.39,225.46,220.64,216.06,206.98,202.24,196.33,191.63,185.61,175.92,172.24,164.30,158.67,146.03,141.16,130.86,124.81,114.21,101.95,91.93
121.83,133.99,141.22,153.06,155.91,165.85,170.85,176.91,180.29,182.46,186.07,191.02,194.66,196.29,198.40,205.23,211.15,218.55,222.27,223.65,231.59,240.97,246.13,249.33,254.03,258.80,261.51,254.71,253.33,251.10,243.32,238.08,228.71,226.32,220.17,214.89,207.13,203.16,196.70,191.23,185.41,175.51,173.14,162.52,157.81,148.66,140.01,129.97,123.69,113.88,101.97,91.44
125.87,137.08,146.22,155.94,162.80,170.07,174.91,181.04,184.88,186.20,189.17,194.94,198.49,198.60,200.52,209.03,213.33,222.03,227.32,227.71,235.59,242.63,249.33,255.16,257.85,262.39,263.33,258.54,257.07,252.48,247.64,241.17,232.60,231.05,222.99,218.59,211.19,203.93,200.26,196.02,190.34,179.77,175.32,167.60,159.01,151.16,140.00,131.24,125.02,115.77,104.80,93.91
125.26,137.30,144.89,155.23,160.91,167.26,173.85,180.04,183.31,185.69,189.02,193.87,197.59,199.57,200.96,207.27,213.36,219.58,226.37,226.04,234.67,240.62,248.52,252.98,254.71,261.90,263.47,258.21,254.08,251.88,245.08,240.08,230.20,228.55,223.22,217.28,209.99,204.17,198.85,193.20,188.09,178.63,174.29,167.63,159.20,148.41,140.19,131.03,124.33,114.95,104.00,91.08
122.15,135.42,141.03,151.82,159.20,165.56,170.58,174.93,179.00,184.44,187.02,190.28,194.10,197.06,199.06,206.32,208.60,216.28,220.95,222.89,229.30,237.61,241.81,247.24,250.89,256.13,255.22,250.89,250.98,245.23,240.84,234.55,226.11,222.91,215.93,213.84,204.96,201.21,196.73,188.48,182.41,174.45,170.58,161.62,156.04,148.40,139.85,131.58,122.10,114.02,102.42,91.84
115.80,128.65,135.92,144.03,149.89,158.67,162.79,168.88,172.33,174.14,178.07,183.10,184.84,187.26,188.01,195.43,200.20,206.23,211.25,212.02,219.40,226.60,232.43,235.02,238.76,245.00,244.47,241.10,239.08,234.44,228.82,225.68,216.18,216.15,206.70,202.76,196.13,192.01,186.03,181.60,175.79,165.95,163.13,157.11,150.53,141.55,132.97,125.00,118.02,110.31,97.67,87.28
119.11,132.00,138.06,147.65,154.03,160.07,164.45,171.05,174.18,176.41,181.18,184.23,186.97,189.84,191.00,198.04,201.34,206.89,213.40,214.19,221.02,226.55,232.95,235.93,238.47,244.72,243.76,239.53,237.60,233.40,228.21,223.93,216.34,212.35,205.92,203.04,195.63,188.94,186.51,180.38,175.51,168.51,162.24,154.78,150.62,139.30,132.91,123.71,116.21,110.16,98.15,87.98
118.83,129.62,137.01,147.63,153.06,159.88,162.98,168.67,172.59,176.41,179.69,183.00,186.12,187.30,190.37,197.25,198.49,205.41,210.95,213.58,219.82,223.75,230.71,232.69,237.86,240.42,241.10,236.14,235.68,230.67,226.74,220.20,213.74,211.47,205.97,200.35,192.84,187.07,184.23,178.36,173.07,164.56,161.05,151.79,148.60,137.57,132.14,123.37,115.36,108.24,96.63,86.83
118.81,131.94,137.93,145.79,152.11,160.22,162.50,169.96,173.66,176.17,179.81,183.01,185.32,188.66,189.51,195.51,199.72,207.02,211.74,212.35,219.69,224.72,231.03,235.02,236.32,240.45,241.76,236.01,236.23,232.82,226.98,222.28,213.00,211.28,204.94,200.90,193.71,186.56,184.33,179.33,172.86,165.60,163.05,154.55,147.96,138.77,131.31,122.33,116.48,108.47,98.18,87.32
114.84,126.48,133.33,143.59,147.14,155.36,160.25,166.64,168.40,173.46,175.26,180.74,182.92,184.81,185.23,191.93,195.72,204.30,208.40,210.62,215.08,221.56,229.14,230.71,233.00,238.30,238.08,233.34,231.23,228.62,221.40,217.71,208.49,207.41,200.49,196.92,187.68,183.37,180.06,174.23,168.24,160.90,157.49,151.21,143.27,135.09,128.76,119.95,112.18,104.94,94.15,85.15
119.44,128.66,136.57,144.59,151.09,156.67,161.79,166.94,169.84,172.47,177.54,179.74,183.02,184.57,186.95,192.96,196.60,203.39,207.15,209.47,217.31,222.93,229.09,230.34,235.67,239.31,239.38,236.24,234.96,228.73,225.44,221.46,214.61,207.82,205.27,200.66,194.06,187.52,182.70,177.55,172.04,165.80,159.11,151.86,146.37,138.92,131.47,125.26,114.02,106.53,98.11,86.88
129.47,141.89,149.64,158.52,165.86,172.80,175.07,181.79,184.36,187.11,192.76,194.24,200.32,201.00,204.71,209.61,211.70,220.41,225.38,227.78,234.78,241.88,248.68,252.00,256.04,259.73,259.65,256.53,255.23,249.69,244.86,238.16,231.09,226.32,220.62,215.13,208.17,203.04,198.34,191.92,185.01,177.34,173.76,165.65,158.93,150.21,145.50,136.36,125.87,114.86,107.19,96.26
130.75,143.89,148.81,158.62,166.60,173.59,177.72,184.46,185.78,188.90,193.85,197.22,197.50,201.33,202.05,210.28,214.24,221.33,227.20,230.33,237.19,245.15,250.35,254.35,257.95,263.62,263.27,258.54,257.86,253.50,247.80,242.03,232.62,230.20,223.57,219.00,210.61,204.48,201.01,194.49,190.02,181.22,174.92,167.82,161.07,152.51,143.75,136.49,128.04,118.70,107.52,95.27
129.99,140.55,150.00,159.48,167.51,175.45,177.52,183.00,185.31,188.45,193.51,195.27,196.56,200.02,203.73,209.70,212.16,220.23,226.00,227.55,236.60,244.44,250.41,253.03,257.09,260.76,261.31,257.03,256.72,251.88,246.08,241.27,230.96,226.55,221.63,216.89,209.10,205.00,199.55,192.28,187.43,181.55,174.05,163.88,160.65,150.28,144.28,134.85,125.87,115.95,108.04,95.27
129.63,147.28,149.51,162.02,168.96,176.37,181.11,186.51,189.13,188.82,196.12,197.95,200.39,204.52,205.18,213.18,217.80,225.41,226.00,231.46,241.75,248.02,252.73,258.38,262.49,265.75,266.01,263.45,262.94,255.02,252.48,247.51,238.37,231.04,227.27,223.39,214.90,210.20,203.69,195.21,191.60,180.60,176.18,168.62,161.25,153.95,147.32,138.40,126.25,118.85,110.45,101.36
128.14,139.78,147.34,155.72,162.96,168.44,172.68,177.91,179.85,183.04,186.68,190.42,190.97,194.25,197.29,203.60,207.08,213.14,218.82,220.04,228.63,238.38,243.21,246.09,250.77,254.05,256.76,251.45,252.07,248.09,240.83,234.07,226.74,225.66,218.69,214.06,203.69,202.39,196.01,189.13,185.80,177.00,172.35,163.09,157.20,149.37,140.58,134.47,125.80,115.92,105.30,92.97
122.44,135.33,143.38,152.74,156.97,164.07,168.44,174.10,175.28,179.25,182.46,185.93,188.74,191.07,193.19,200.39,202.94,209.25,215.97,217.08,224.72,231.35,238.19,242.40,246.98,252.16,253.82,248.24,246.83,243.30,236.01,230.65,222.87,221.65,214.11,210.47,201.43,195.89,190.69,185.00,180.58,170.19,165.66,159.30,152.07,142.77,134.08,127.12,120.28,110.94,100.45,89.63
94.34,106.28,115.43,123.91,130.46,139.28,147.41,157.00,163.20,170.10,173.88,180.09,186.51,189.32,190.91,202.25,209.41,218.29,225.06,231.16,243.66,253.31,263.03,270.38,277.20,286.57,296.17,288.77,290.02,288.12,282.88,279.31,270.93,269.76,264.36,256.97,246.71,240.75,235.97,229.63,223.39,207.51,203.09,194.37,185.69,172.54,162.16,150.12,141.15,132.38,117.27,105.02
95.02,107.20,116.76,125.78,131.93,140.76,148.07,159.45,163.48,172.07,174.47,181.87,187.42,189.64,193.93,203.57,210.52,219.23,226.76,231.22,242.90,256.38,263.91,272.74,281.47,288.88,297.12,292.10,293.82,292.73,284.48,282.41,273.18,274.77,266.93,260.05,249.93,244.25,238.93,234.34,225.61,210.30,206.79,196.16,188.01,174.45,164.12,153.95,142.77,134.83,119.85,105.76
98.47,104.55,117.96,125.67,137.18,137.74,147.14,157.92,158.90,167.52,170.14,176.14,181.18,182.12,188.18,197.27,201.76,211.19,218.05,222.77,238.40,248.65,257.05,265.40,274.25,280.87,291.67,287.77,290.74,287.80,284.20,280.79,272.04,270.65,264.46,257.71,248.50,241.47,235.72,231.81,223.43,208.08,204.01,193.68,185.31,170.53,161.01,151.17,140.42,129.54,115.73,105.08
100.18,113.89,121.21,130.36,136.68,145.00,150.87,161.62,164.58,170.66,175.29,182.46,187.22,188.90,194.74,203.30,209.06,219.32,226.77,231.80,245.90,257.64,267.85,277.71,285.83,294.40,302.52,302.22,302.40,302.05,298.06,294.01,283.99,283.58,277.55,271.28,261.59,253.20,246.17,242.37,234.78,221.88,214.76,203.80,195.39,181.11,170.06,158.15,148.56,136.88,124.17,110.02
95.34,108.34,116.04,123.07,130.61,138.71,142.44,151.65,155.26,158.68,164.44,169.52,173.42,176.78,183.50,188.79,194.74,203.38,210.39,215.54,229.47,239.18,249.01,258.31,265.24,274.13,284.42,281.20,284.96,282.58,278.03,274.43,268.99,266.48,259.62,253.07,245.07,239.35,232.82,229.06,221.21,208.09,202.87,192.51,183.21,169.58,160.59,150.23,141.44,129.76,116.78,103.97
96.05,107.62,113.57,123.31,128.47,135.71,141.32,148.45,152.46,157.15,160.02,166.65,171.84,174.66,178.93,187.39,189.24,198.49,206.60,211.74,224.72,235.31,243.65,253.71,261.30,271.02,279.85,275.75,279.31,276.90,273.00,271.81,266.09,263.40,254.03,250.32,241.87,235.52,230.55,223.57,217.59,205.14,199.06,190.39,181.39,168.30,159.59,148.72,139.32,130.14,113.75,102.96
102.88,113.85,120.93,129.40,137.03,145.04,149.83,157.26,160.26,165.47,171.42,175.28,180.29,183.74,190.23,194.09,200.34,207.29,215.86,221.45,236.24,246.92,257.77,266.73,277.12,283.77,292.56,292.85,295.63,293.20,290.02,287.98,280.03,276.74,270.65,264.98,258.07,251.51,245.52,237.77,233.21,219.54,214.11,203.71,195.14,181.84,171.74,160.85,151.48,139.86,126.21,111.50
100.66,111.49,118.71,126.75,134.33,143.84,147.61,154.93,157.05,163.95,168.67,172.61,178.64,178.73,183.10,190.52,194.31,203.49,211.10,217.04,230.02,241.60,250.71,261.09,270.21,276.02,286.02,286.92,289.68,287.90,285.19,280.93,275.18,271.45,266.18,260.54,254.02,247.70,240.95,234.24,228.04,217.19,209.89,200.36,191.05,178.81,169.62,159.25,148.79,136.72,123.86,111.21
94.15,102.65,109.86,117.63,123.79,131.05,138.66,145.17,147.87,154.03,155.22,160.31,164.17,167.00,169.25,175.87,182.57,190.08,197.88,200.64,212.41,223.49,233.24,242.40,250.26,258.06,267.03,263.88,267.19,265.95,263.65,259.26,252.72,252.99,246.13,242.55,234.34,227.54,222.64,217.31,212.16,198.44,195.00,185.39,177.34,167.06,156.52,146.77,136.85,128.69,115.04,102.18
101.53,113.99,120.54,131.23,136.65,144.31,150.40,159.01,161.22,166.88,170.75,177.14,180.58,185.08,187.45,195.23,201.56,211.00,217.34,222.43,236.92,246.98,259.49,265.75,275.49,283.35,295.71,292.68,294.57,295.61,290.26,286.50,279.26,278.33,272.88,265.97,256.74,251.53,243.02,241.37,232.73,219.24,213.77,203.38,195.83,183.40,173.36,161.61,152.03,139.52,126.51,113.21
101.83,113.60,122.33,130.68,136.19,145.83,151.17,160.07,163.22,169.01,172.47,177.65,182.52,185.00,187.84,195.83,202.24,210.77,218.60,222.15,234.96,245.05,257.69,263.96,273.72,283.02,292.68,288.88,289.92,289.50,284.23,282.63,274.37,273.54,266.60,259.72,252.01,245.35,237.76,235.03,227.18,213.46,208.48,198.12,191.27,177.80,167.05,154.95,147.00,136.01,122.89,108.81
98.76,107.17,115.88,121.38,138.44,145.15,148.03,155.24,158.62,166.98,170.14,176.03,179.89,180.31,185.65,191.85,199.82,206.60,214.39,217.83,233.21,241.50,254.19,261.47,269.12,279.66,289.43,284.80,286.36,285.16,280.35,278.57,268.79,269.31,262.55,257.22,245.65,241.23,235.29,229.73,223.19,209.34,205.09,195.33,187.11,174.64,163.25,152.21,143.96,133.22,118.60,107.52
104.85,113.78,119.08,129.28,136.65,147.00,155.76,164.35,164.34,166.71,171.70,181.18,189.28,190.52,191.69,201.11,207.04,215.93,224.15,228.00,239.76,253.33,267.03,272.26,281.23,290.15,301.66,296.07,300.17,300.08,293.46,289.87,280.94,282.56,273.75,269.62,255.45,251.46,242.16,240.67,231.23,216.45,213.55,202.79,193.23,180.51,169.09,159.02,148.66,140.43,126.02,112.93
100.00,110.57,117.39,125.40,134.09,141.35,147.80,156.47,157.20,166.01,169.53,173.64,179.27,184.22,186.34,195.00,199.02,208.08,214.08,219.92,233.32,244.62,255.23,263.69,272.75,278.78,287.93,286.33,288.12,285.69,284.43,279.49,272.36,268.11,260.50,255.00,245.51,241.59,232.04,227.48,220.44,207.76,201.70,192.42,184.30,173.61,163.27,152.62,142.94,132.14,119.01,107.52
100.18,111.07,118.56,126.66,133.09,141.23,148.53,158.40,159.81,166.54,168.61,176.18,181.84,182.99,185.61,193.00,202.41,210.41,216.54,221.65,232.65,246.17,256.76,263.25,273.66,279.63,291.40,286.82,289.34,288.86,283.15,278.29,269.42,269.55,262.13,257.64,247.70,240.84,233.48,228.46,219.40,208.90,202.11,193.01,185.95,172.20,162.36,150.12,143.00,133.21,119.41,106.47
104.69,115.41,121.08,131.10,139.13,143.96,152.82,161.76,163.52,169.32,175.42,177.49,184.36,187.98,191.32,197.97,204.98,211.52,218.00,224.44,237.40,248.48,259.46,268.20,277.72,283.64,292.80,295.08,293.23,291.39,287.78,283.21,275.02,269.56,265.20,260.28,248.36,243.38,234.62,229.11,219.78,210.30,203.22,193.13,184.33,173.28,165.30,151.54,142.13,131.61,120.00,107.07
100.44,110.03,116.73,125.87,133.72,139.74,146.77,155.24,155.42,164.71,167.86,171.69,177.92,180.85,185.80,190.92,198.60,204.88,211.97,218.01,229.43,239.71,248.13,257.47,265.85,270.15,281.89,280.06,280.22,278.86,276.52,270.15,264.07,258.82,251.59,248.20,238.95,234.29,224.04,218.40,211.29,200.39,194.10,182.22,176.56,164.03,154.62,143.89,134.01,125.28,113.41,100.96
106.21,116.50,125.71,134.42,139.71,148.64,155.82,164.81,167.89,175.05,177.91,181.80,188.56,190.82,196.24,202.65,208.84,216.08,225.09,228.55,241.60,251.07,262.35,269.03,280.79,286.82,296.51,294.76,296.20,295.49,290.55,284.29,278.21,273.09,265.58,261.77,249.66,246.66,238.14,230.37,222.40,210.24,203.82,194.15,184.76,171.96,161.55,150.01,140.94,131.24,118.46,106.68
106.02,115.95,123.79,133.54,140.13,148.56,155.72,165.47,170.04,174.07,179.00,183.87,190.07,190.72,193.81,203.21,211.60,216.02,225.55,228.04,240.60,250.65,264.46,269.82,278.58,286.14,296.06,291.50,292.23,296.14,287.89,283.73,275.49,272.02,265.80,260.05,248.70,242.22,234.06,229.42,221.38,206.94,203.30,191.90,184.20,166.87,159.81,147.85,139.63,130.08,116.25,103.59
104.40,114.98,123.47,134.63,140.52,149.03,155.66,168.36,170.47,176.39,180.47,186.70,193.37,194.65,194.61,205.15,213.38,219.32,227.84,229.99,240.26,252.05,263.28,269.74,276.73,285.74,295.79,290.72,292.59,294.28,286.88,280.41,273.31,272.26,263.59,258.28,247.63,239.55,233.42,226.65,218.55,205.42,200.57,191.07,182.73,166.36,157.84,144.93,137.59,128.22,114.54,101.61
104.24,114.04,121.63,129.45,141.00,146.44,153.67,164.98,169.07,173.35,180.07,182.22,190.42,193.01,195.75,203.33,212.08,217.64,225.64,230.18,241.25,250.89,260.09,267.16,275.94,282.29,290.15,290.77,289.54,289.93,284.18,277.95,270.77,265.19,258.24,253.03,245.46,238.08,230.08,223.28,213.74,202.63,196.47,186.81,177.67,161.90,156.08,144.31,133.82,125.40,113.22,100.12
101.40,111.83,119.67,129.81,135.06,143.96,149.84,161.76,165.44,170.52,175.14,181.04,186.07,188.86,189.76,198.74,206.60,214.27,221.35,225.98,235.69,244.32,254.19,259.08,267.09,274.90,280.17,275.62,276.86,275.57,273.35,264.49,257.17,254.50,244.97,239.62,232.74,224.84,217.04,210.16,203.10,190.39,186.63,172.84,167.37,152.90,144.31,132.31,125.16,116.76,104.01,92.65
103.10,114.61,122.02,132.03,141.09,148.76,154.24,163.88,167.45,172.13,180.75,182.22,189.45,194.16,198.36,203.81,212.94,216.54,224.51,230.36,238.90,248.36,256.69,263.33,270.93,275.07,280.48,281.28,279.98,277.83,272.77,266.10,257.84,251.45,244.52,238.52,230.01,224.16,216.70,208.15,199.25,190.78,182.80,173.22,165.15,152.83,144.40,132.65,123.69,114.28,104.69,93.01
102.84,113.28,123.00,132.94,139.09,148.12,154.18,165.24,168.60,175.91,180.01,185.61,191.45,195.69,198.00,207.24,212.98,219.32,229.53,233.32,242.84,250.88,261.23,266.00,272.53,279.46,284.99,280.11,279.40,277.51,271.62,263.61,255.16,252.70,243.59,235.71,230.33,220.08,214.28,205.57,198.31,188.09,181.25,170.32,164.35,148.68,140.62,130.36,121.02,112.89,103.23,90.97
104.92,114.16,125.42,133.96,145.42,153.01,157.81,170.49,175.07,180.65,187.03,191.51,198.98,201.85,206.60,213.69,222.72,225.83,237.10,239.28,248.32,258.77,269.47,275.05,280.14,284.54,290.33,288.09,285.07,285.19,276.81,269.03,260.73,256.20,248.13,241.09,233.09,224.90,215.72,208.84,200.02,189.28,182.33,171.84,164.84,149.01,141.99,131.75,120.10,112.00,104.17,91.68
102.59,113.02,121.40,132.91,140.43,150.30,157.14,167.30,171.48,176.96,184.40,189.11,197.01,201.12,204.40,212.27,217.57,222.01,233.38,236.22,246.03,254.07,264.09,269.12,278.21,279.87,283.37,282.80,279.69,275.57,272.12,263.83,255.18,247.42,239.53,231.01,225.30,219.05,211.22,200.10,193.69,183.85,174.43,163.77,158.07,145.34,137.57,127.00,117.55,109.04,100.32,88.01
102.18,114.56,123.48,135.18,143.25,152.80,159.48,170.29,173.46,179.00,187.83,191.90,196.25,203.42,208.40,216.23,221.38,229.22,235.51,241.15,250.60,258.25,265.67,272.36,280.77,283.43,287.09,284.81,281.17,279.10,274.55,267.32,257.24,249.70,240.97,234.00,227.06,220.29,212.61,201.80,194.16,186.68,176.40,168.05,160.03,147.71,139.81,128.41,116.91,109.55,101.60,90.14
109.22,121.15,131.14,142.30,152.59,161.62,170.18,182.08,187.81,193.83,198.60,205.08,212.23,216.17,218.66,228.46,237.80,244.62,254.23,254.71,263.06,271.62,282.31,288.88,295.43,297.89,306.27,301.26,296.89,296.22,288.01,280.03,270.05,266.99,257.56,250.06,240.19,231.60,223.01,215.52,207.47,192.88,187.38,176.64,167.90,153.57,144.18,133.63,123.45,117.05,106.83,93.15
100.00,113.53,121.66,133.22,140.55,151.32,158.82,170.24,175.86,180.85,191.05,197.85,205.68,213.06,216.84,223.24,230.87,237.43,245.80,250.25,262.21,269.36,279.03,286.25,289.85,291.00,292.26,293.59,290.15,283.34,280.64,270.12,257.07,255.00,244.39,240.14,231.58,220.63,215.06,205.65,198.59,189.45,179.55,169.52,162.29,147.65,137.32,129.26,117.63,109.66,101.60,88.81
105.21,117.07,126.83,136.03,148.33,157.05,162.89,175.25,180.71,185.99,194.16,197.57,203.53,209.07,213.00,220.97,226.29,234.44,243.00,245.94,254.39,263.32,269.53,277.36,284.29,286.75,287.68,288.98,286.51,281.86,276.14,268.82,258.29,251.86,243.32,237.61,229.92,222.93,215.46,205.57,196.88,188.80,179.57,168.88,160.11,148.48,138.71,129.00,120.60,110.00,100.24,90.21
108.16,122.49,131.93,141.35,151.48,161.64,170.04,180.71,187.24,193.20,201.06,205.92,212.48,217.91,221.52,230.34,234.08,241.67,252.17,257.74,268.13,276.07,282.71,291.40,297.41,301.71,303.03,303.42,300.17,294.15,290.44,284.02,274.32,266.95,257.53,249.69,244.10,235.65,229.99,217.68,208.68,200.48,191.00,180.75,173.28,158.52,149.16,138.58,129.03,115.77,107.56,94.37
104.55,117.29,129.50,138.60,148.07,157.10,164.78,177.18,182.88,190.54,195.78,202.41,206.55,211.07,215.45,224.21,230.33,234.79,247.70,249.48,260.72,269.82,277.01,283.13,287.89,293.33,297.07,293.39,289.84,288.51,281.89,273.99,266.85,263.78,253.81,243.87,235.00,229.69,221.88,216.15,207.24,194.74,187.76,176.01,169.25,154.43,144.59,134.63,126.37,116.38,105.00,91.92
109.13,118.42,133.24,143.68,148.11,155.24,164.68,178.75,184.46,191.38,194.01,202.39,209.48,210.52,213.77,225.62,230.98,237.54,249.23,249.42,261.01,268.56,279.03,284.54,288.46,296.34,300.47,295.22,293.80,292.88,285.70,278.54,268.00,268.29,254.91,247.34,239.14,228.90,225.06,217.64,210.05,196.90,192.31,181.11,172.31,155.54,146.82,135.28,127.14,116.10,104.56,93.54
106.57,119.27,128.86,140.01,148.03,156.70,163.25,176.83,181.11,187.01,190.17,200.19,205.30,208.97,211.29,220.64,227.27,234.16,244.01,245.23,257.13,264.60,274.31,278.30,284.40,293.07,294.93,290.72,290.80,289.28,283.66,274.41,268.83,266.01,255.37,247.52,238.00,231.39,223.29,218.55,211.65,197.20,193.44,179.95,173.44,159.15,147.34,137.77,129.14,118.44,106.04,94.05
108.47,121.20,127.32,137.84,147.87,157.88,162.83,172.53,176.56,181.14,187.38,192.84,199.01,203.75,206.93,216.46,220.44,228.00,235.92,241.02,252.48,261.93,268.56,276.68,284.20,286.56,292.36,289.93,290.24,284.45,281.60,275.27,268.00,260.23,250.14,246.11,239.14,234.36,224.90,217.08,208.80,200.77,192.26,181.04,173.60,159.83,150.34,139.59,130.60,117.00,107.67,94.89
101.18,110.94,120.84,129.40,138.29,146.35,151.99,162.60,167.04,172.81,175.42,183.22,188.72,190.16,193.02,203.59,208.48,214.44,224.45,225.89,237.13,245.54,253.33,259.40,264.25,270.65,276.22,271.23,269.98,269.61,262.38,257.65,252.20,245.54,237.80,230.80,222.91,216.94,209.31,204.01,196.33,187.04,180.54,168.67,162.46,148.12,138.83,129.32,121.02,110.02,100.13,87.82
108.78,122.49,129.77,141.50,149.04,159.53,166.02,173.09,177.37,182.22,186.78,195.13,199.81,204.24,207.87,216.36,221.50,229.71,236.76,239.38,254.68,261.17,269.46,278.76,284.18,289.00,293.10,290.69,292.10,286.69,284.81,276.52,271.02,264.59,254.58,247.82,238.87,234.57,227.23,220.08,210.49,200.66,194.14,182.04,174.93,161.55,148.81,140.35,130.00,120.70,107.82,93.72
112.22,125.25,134.54,144.45,150.85,160.56,166.98,174.29,179.14,182.85,187.83,194.62,198.70,203.09,206.53,216.48,219.24,225.74,234.31,239.41,250.20,260.05,268.89,276.13,282.21,290.83,295.58,290.15,292.55,286.75,283.21,276.81,269.54,265.64,255.26,251.05,239.73,234.75,228.16,221.39,212.56,200.81,194.64,181.00,175.82,160.86,150.55,140.06,129.65,120.00,107.91,95.57
105.42,117.18,126.00,134.26,141.11,149.72,154.15,162.56,165.42,171.51,174.61,180.00,185.05,188.37,191.18,197.22,202.79,207.78,216.76,218.43,230.31,239.72,247.95,255.16,260.22,266.22,272.24,266.36,268.80,266.25,261.01,254.88,248.12,243.99,236.91,230.85,223.86,216.01,208.93,204.17,196.08,186.50,179.36,168.76,162.31,150.00,139.14,130.03,122.41,109.86,99.40,88.23
113.16,126.32,133.81,143.41,151.99,160.16,163.11,174.03,174.29,181.43,185.43,191.69,196.82,199.48,202.04,210.22,215.23,220.79,231.91,233.48,244.01,253.57,262.95,270.75,276.44,283.14,287.86,285.28,286.30,284.69,278.99,271.94,264.76,260.60,253.22,245.07,237.47,231.91,223.14,217.88,210.84,199.48,192.75,179.51,173.42,160.03,147.90,138.00,129.65,116.71,105.31,94.85
112.70,123.11,132.23,140.23,149.19,156.46,163.13,170.84,174.15,178.46,179.61,188.66,192.51,194.00,194.50,203.33,210.30,217.18,225.88,226.24,237.50,245.64,257.86,262.07,269.88,277.54,284.97,278.36,280.03,280.59,272.69,265.48,261.36,258.31,248.65,242.16,233.12,226.50,219.17,215.08,207.89,194.31,188.60,179.28,173.00,156.63,144.78,135.98,127.14,115.69,104.10,93.51
113.07,122.70,131.00,140.73,149.40,154.20,161.40,169.33,171.90,178.51,179.62,188.16,191.69,192.51,195.49,201.19,209.38,215.23,225.66,223.64,235.59,245.76,256.04,261.85,266.99,274.75,282.73,277.11,277.94,279.03,270.07,265.28,258.90,257.11,248.36,240.50,231.73,224.50,217.99,214.16,206.46,194.08,187.84,176.82,171.01,155.18,145.34,135.35,126.19,115.16,103.81,92.28
125.30,138.40,144.51,155.03,166.63,175.07,179.45,188.29,190.55,195.18,200.82,205.29,211.29,214.89,217.69,224.93,228.71,234.31,245.42,250.23,261.84,269.76,280.23,288.52,297.41,298.96,305.10,305.66,305.16,303.95,300.27,290.69,285.08,278.87,269.24,263.25,254.68,249.48,239.92,231.39,221.92,213.46,202.41,191.76,185.32,169.81,159.40,150.05,135.56,125.40,111.80,99.32
125.59,136.49,147.14,154.21,164.12,171.96,178.93,185.53,189.04,194.26,197.50,202.34,208.06,211.57,213.66,219.89,224.70,231.05,240.87,242.85,254.89,262.69,273.09,280.82,289.56,293.97,301.41,300.36,298.77,298.67,294.81,285.85,279.90,276.81,265.66,259.12,251.56,246.64,238.03,226.06,221.88,210.05,201.00,189.01,183.62,167.55,156.72,146.32,134.83,123.24,112.36,99.01
122.02,133.45,144.17,153.24,161.62,169.68,175.93,184.74,188.35,192.90,195.49,201.56,206.58,207.04,209.27,217.31,222.89,229.53,238.10,240.21,252.06,260.77,271.63,277.28,281.11,289.70,296.02,292.26,292.10,292.80,285.48,278.69,269.76,269.36,260.53,252.23,242.03,236.76,229.31,222.62,216.64,202.36,195.36,184.70,177.19,161.98,150.22,141.00,129.03,119.62,109.62,94.37
119.28,135.68,151.86,162.36,159.30,171.17,179.80,185.78,187.46,191.85,193.05,204.80,210.01,210.58,210.26,221.33,224.38,232.16,240.01,242.17,253.15,261.88,271.84,279.01,284.74,291.39,297.75,293.00,294.02,291.05,289.64,281.56,271.45,272.41,260.65,253.58,244.92,236.61,230.53,222.65,216.72,202.59,195.49,185.88,177.41,162.39,150.36,140.72,130.86,120.30,106.92,95.75
115.43,130.25,135.83,144.51,152.11,162.89,167.15,173.95,176.96,181.95,185.17,188.73,193.75,197.03,198.04,205.14,207.76,215.24,223.14,225.74,235.99,245.23,252.92,261.26,266.42,270.12,275.07,272.86,274.18,271.47,268.51,261.56,251.75,250.91,239.71,235.05,229.00,221.47,216.00,206.37,200.38,191.64,180.47,171.41,165.02,151.72,142.13,132.02,121.76,110.45,102.73,89.90
113.84,126.29,132.85,141.83,150.76,161.30,163.44,171.05,173.53,178.62,182.04,185.52,190.09,194.49,194.81,202.47,204.53,212.34,219.69,223.14,231.42,240.88,248.21,255.97,262.52,265.73,271.02,270.08,269.08,268.42,263.88,256.59,247.94,246.00,237.81,231.21,225.50,219.79,211.53,203.54,197.19,187.80,178.08,170.06,162.79,150.27,139.70,130.50,119.85,108.81,101.14,87.82
112.16,123.94,132.52,142.04,148.38,157.50,163.09,170.84,172.33,179.04,180.25,186.40,189.71,191.13,194.44,200.74,204.90,212.46,218.52,221.65,230.60,239.68,246.91,252.57,258.86,264.91,268.25,265.91,267.23,265.31,261.72,253.21,247.00,243.02,233.85,227.98,221.90,215.62,208.19,201.94,196.29,184.22,177.20,168.22,160.86,147.22,137.08,128.22,118.70,108.85,98.06,87.66
124.60,142.90,150.36,159.93,167.29,179.23,182.54,190.66,195.53,200.11,202.20,207.93,210.30,215.34,216.02,225.25,227.40,235.21,242.92,247.02,258.50,266.72,274.56,283.56,289.01,294.72,300.17,296.15,296.55,294.59,291.81,284.02,274.41,269.98,261.22,254.70,247.31,238.67,234.23,224.54,217.55,207.27,196.74,187.13,180.77,165.19,156.26,145.38,131.03,121.94,112.70,95.86
122.97,138.60,148.19,156.40,161.40,172.42,177.00,184.56,188.51,195.13,194.08,201.53,205.01,207.00,209.04,216.37,220.81,228.79,235.37,238.58,250.53,258.26,266.54,273.85,277.06,288.14,293.64,287.56,287.56,287.47,280.23,274.71,267.25,265.83,257.51,248.29,239.72,232.57,227.98,220.06,213.80,199.69,192.96,184.74,177.63,160.15,149.58,138.97,130.25,120.20,108.63,94.26
131.55,146.25,155.97,165.75,170.01,181.65,185.40,193.68,199.00,204.60,204.98,212.42,216.79,217.56,220.79,225.61,232.40,239.38,247.95,249.58,261.18,270.56,280.42,286.83,294.21,301.76,305.50,300.67,302.95,301.03,296.29,287.95,279.12,279.16,269.12,259.76,253.25,244.86,238.88,232.66,225.14,211.25,202.79,193.10,185.59,169.50,157.20,147.41,136.65,126.29,115.21,100.58
125.59,139.45,150.27,159.71,166.14,175.84,177.26,188.32,187.76,194.49,196.62,203.07,206.32,208.69,209.40,216.69,223.56,229.17,237.23,237.54,248.81,257.69,266.95,274.39,279.72,286.34,290.83,289.87,288.26,287.66,281.15,276.12,265.73,263.21,255.02,247.00,240.67,233.60,226.38,219.20,213.14,201.11,192.80,183.50,175.05,159.14,148.93,139.63,130.67,120.17,109.04,95.21
126.63,139.36,149.33,157.80,164.75,173.42,179.23,185.42,190.07,194.43,198.01,201.88,205.34,208.47,208.85,216.07,219.91,227.86,234.14,238.17,251.80,257.39,265.81,272.61,280.41,284.89,289.28,287.01,285.90,284.29,279.03,273.70,266.12,261.54,253.90,246.08,238.91,232.28,224.27,217.71,210.72,199.48,190.80,182.39,173.95,160.26,148.40,139.01,128.16,118.71,109.04,96.65
133.51,146.75,154.21,165.08,175.23,184.25,187.02,197.16,198.93,202.97,208.87,210.77,215.67,218.90,221.36,228.04,230.87,237.69,246.14,249.99,264.01,270.45,279.89,286.64,294.04,298.54,304.33,301.76,302.27,300.98,297.00,288.59,279.66,276.27,266.28,258.36,250.03,243.85,238.48,228.33,220.23,211.85,200.45,191.05,184.30,168.27,157.10,148.68,135.67,122.15,115.87,101.91
131.14,145.77,152.03,164.56,171.11,181.86,185.26,193.93,195.49,200.81,202.61,207.46,209.00,213.77,215.80,222.62,227.68,234.01,240.02,246.22,256.14,264.19,271.84,281.52,288.82,291.43,295.33,295.38,294.08,293.43,289.21,282.08,271.95,267.47,258.21,251.64,245.60,239.89,232.59,222.61,214.40,206.67,195.97,186.43,178.87,163.88,152.97,143.89,132.22,120.60,112.25,99.16
128.32,143.92,151.65,163.93,170.79,181.54,185.44,193.67,198.07,201.56,205.88,210.37,213.76,215.42,218.84,223.33,229.19,234.30,240.97,244.24,256.13,262.77,271.67,277.97,285.25,288.02,292.00,290.07,288.57,285.78,279.42,273.60,263.40,259.02,249.26,243.58,237.12,230.41,223.66,213.85,206.16,199.47,188.07,179.75,172.35,157.89,148.53,138.24,127.49,117.43,107.69,94.02
127.39,142.13,153.00,165.47,169.96,181.60,185.39,192.57,197.27,202.94,203.59,210.49,213.03,214.08,217.67,225.49,229.34,236.48,240.07,244.97,254.33,264.01,268.88,275.99,282.49,289.28,290.83,287.48,288.78,285.25,280.17,273.78,261.82,261.28,250.12,243.50,236.46,230.05,224.96,214.19,207.27,196.80,189.18,179.47,174.00,156.39,148.10,137.88,128.50,119.85,107.62,94.85
132.19,145.84,154.56,166.48,175.09,186.94,189.71,198.12,201.43,204.30,208.25,212.71,214.48,220.44,221.51,227.30,231.66,238.67,244.07,248.89,258.37,266.54,273.18,281.55,287.25,293.17,296.73,296.32,294.48,289.56,286.02,277.95,268.73,263.43,255.36,248.10,241.12,236.60,229.63,219.11,212.57,203.89,191.86,181.86,176.18,163.78,151.95,143.20,130.61,122.67,114.39,98.06
120.81,135.18,143.39,152.23,160.38,170.52,174.41,181.96,187.21,189.69,193.76,197.43,200.17,203.42,206.49,211.12,215.13,219.39,226.74,230.18,240.98,246.88,252.62,259.02,264.12,268.00,271.83,268.33,268.00,265.38,260.57,255.04,245.08,240.65,230.96,227.73,219.83,213.06,207.91,198.11,191.38,184.44,173.16,167.29,160.18,145.43,138.92,129.88,118.61,108.17,103.23,89.81
136.18,149.11,162.05,172.41,178.72,189.08,194.00,203.48,208.39,212.34,212.08,220.77,222.87,225.55,228.11,234.09,239.99,246.99,251.08,255.95,267.20,273.12,280.45,287.79,292.48,299.64,302.48,299.90,299.61,298.11,290.41,283.67,272.47,270.70,259.82,251.81,245.73,237.26,231.86,224.01,214.98,203.48,194.00,185.61,178.08,164.03,150.22,141.17,132.00,121.76,111.61,97.51
134.83,148.22,160.58,169.12,177.71,186.02,193.85,203.86,205.65,212.12,211.97,219.80,222.18,223.90,228.04,232.42,238.40,244.99,252.83,255.14,266.56,272.72,281.26,289.43,294.21,301.68,305.01,300.64,301.40,298.69,292.66,284.26,273.66,273.26,261.84,254.63,246.22,233.24,230.96,225.87,218.39,204.90,197.63,187.00,179.90,162.56,152.12,142.28,130.30,122.04,110.72,97.01
119.08,141.38,153.69,163.92,171.47,182.39,185.71,195.53,193.04,195.73,200.96,205.77,209.75,213.43,215.33,221.45,225.29,233.03,236.23,241.87,249.69,259.79,263.21,273.86,279.40,283.32,285.67,284.20,284.75,279.40,275.44,266.81,256.81,253.84,242.10,236.95,230.00,225.22,219.54,210.15,201.10,193.26,182.53,174.41,168.67,153.12,141.38,134.24,120.88,112.40,104.94,91.27
130.10,143.39,156.35,164.23,171.35,178.97,185.59,197.12,201.11,208.22,207.42,214.69,216.95,218.80,221.72,225.64,232.01,240.61,247.89,248.34,260.68,268.00,276.80,281.51,286.39,293.20,296.43,291.67,289.87,290.76,283.29,276.13,265.38,262.95,253.16,244.40,238.67,227.84,222.61,217.80,208.89,196.02,188.13,177.55,172.54,152.90,143.39,133.24,124.20,115.21,104.81,91.24
129.02,143.56,153.91,162.93,172.28,182.70,187.58,196.02,201.20,205.76,211.63,214.36,216.82,221.37,227.69,231.21,234.63,242.49,247.89,252.56,261.96,270.66,275.86,284.43,289.58,292.54,294.48,292.57,288.88,285.93,283.55,274.40,261.56,257.42,245.73,239.14,234.14,228.08,218.66,210.61,200.53,193.72,182.00,171.75,166.00,151.43,140.60,132.61,120.27,110.16,102.30,88.59
112.06,124.08,134.97,143.28,145.60,154.00,157.41,159.83,158.11,160.70,160.80,163.27,159.93,160.80,158.03,163.05,162.78,165.85,166.03,169.17,169.14,215.93,219.42,224.83,234.48,237.95,243.53,240.24,242.54,234.39,233.21,226.06,217.94,214.97,203.04,198.25,190.71,178.53,174.18,166.11,160.86,153.39,143.59,133.69,123.33,110.26,97.99,89.20,81.84,72.45,65.03,57.20
127.31,139.52,151.16,161.97,169.00,178.19,183.70,191.65,194.28,199.92,200.16,207.42,209.70,212.16,214.56,221.53,226.21,233.89,241.21,241.37,250.58,260.32,266.60,274.20,278.10,284.70,288.38,283.62,282.24,281.04,271.55,266.10,255.28,253.75,246.89,237.89,229.06,221.38,214.37,210.85,201.01,188.94,180.25,169.00,163.29,146.03,136.31,126.75,117.80,106.98,98.08,84.43
122.00,133.15,144.51,153.91,163.68,170.84,176.00,184.74,191.60,194.16,199.11,202.70,206.19,208.19,212.05,217.31,225.21,230.53,235.64,239.30,247.17,256.56,261.01,269.32,273.79,277.20,280.24,276.49,273.66,271.77,268.40,260.29,248.90,246.68,235.26,229.80,221.65,214.08,207.33,200.19,190.97,182.53,172.54,163.22,158.03,142.77,132.09,124.90,114.48,103.94,94.92,83.49
130.60,143.41,155.82,165.92,173.95,185.17,188.94,199.01,205.24,208.75,211.99,218.08,220.43,225.26,227.90,234.80,238.10,246.40,255.22,257.11,268.33,274.20,281.58,288.09,292.37,298.96,300.47,296.43,293.78,292.88,287.51,276.89,267.09,262.08,252.16,243.96,236.70,228.95,220.74,212.73,205.57,194.70,184.20,173.67,167.37,150.03,140.43,131.89,121.76,108.16,102.02,87.93
122.07,137.64,147.90,161.99,171.48,181.47,187.88,197.25,201.48,204.41,209.02,214.95,216.93,221.21,222.97,230.82,236.93,243.52,247.12,253.40,263.40,271.03,277.22,285.33,289.08,296.81,297.95,294.33,291.56,289.69,282.99,276.00,264.02,264.66,251.33,245.35,235.23,228.12,221.71,214.00,206.53,193.83,185.23,173.57,165.53,150.40,138.92,128.69,119.02,107.80,102.46,88.01
123.79,138.83,150.07,161.48,171.11,182.94,186.94,198.12,203.04,207.51,209.72,217.08,218.01,220.64,223.56,232.13,236.60,244.18,251.67,253.16,263.43,272.16,278.22,286.01,289.39,296.02,298.76,294.36,291.57,290.26,283.21,277.42,265.20,263.21,251.35,244.00,233.94,227.54,219.67,214.04,206.96,192.94,184.84,174.29,164.56,150.90,136.97,128.02,119.97,109.79,100.22,87.02
128.47,142.52,153.00,163.48,174.43,185.92,190.23,199.16,201.48,206.04,212.06,216.36,219.80,222.83,229.14,233.46,238.16,246.15,251.08,256.16,265.81,273.61,279.83,288.67,293.91,298.06,298.57,297.93,295.67,290.99,287.92,276.89,266.10,261.56,250.92,244.31,238.01,229.30,222.17,215.15,203.36,194.70,183.86,175.45,167.87,150.31,140.80,132.10,119.10,106.68,99.76,88.24
130.38,145.36,155.97,167.92,173.18,185.01,190.43,201.25,205.65,210.67,214.31,219.42,222.60,225.18,229.79,235.21,240.21,248.24,254.24,258.38,269.15,277.00,283.28,291.05,296.62,302.73,302.99,301.03,301.53,293.96,290.41,282.65,270.54,266.95,255.97,250.05,239.94,232.35,224.74,216.27,209.62,196.81,187.46,179.07,169.76,151.99,141.99,131.59,121.20,110.48,101.60,88.62
130.38,143.69,153.53,164.48,174.89,184.62,188.37,198.67,203.07,208.61,213.01,216.52,221.82,222.85,227.80,232.42,237.32,245.60,252.52,256.33,267.10,272.92,281.26,286.57,291.65,299.87,300.14,295.00,294.52,292.92,288.53,278.58,268.07,262.36,254.53,246.08,236.84,228.36,220.38,214.16,204.01,194.01,183.22,174.43,166.54,150.96,139.61,130.12,117.72,105.54,99.50,87.24
132.85,147.60,157.21,167.50,176.23,185.59,191.97,200.12,204.22,209.02,211.01,217.71,219.48,221.56,226.50,231.23,239.00,245.60,251.13,254.65,264.68,273.54,280.96,288.55,293.62,300.05,303.90,298.82,299.55,297.32,290.66,281.60,269.63,266.67,256.44,249.59,240.14,231.08,225.34,219.32,210.80,196.54,188.72,179.23,169.07,151.00,141.01,130.48,117.63,107.52,100.60,86.76
129.99,142.62,154.51,165.42,176.16,186.01,191.67,201.16,204.59,208.89,211.60,218.63,223.04,224.62,227.95,233.79,240.10,247.68,255.20,257.11,266.83,275.00,282.42,289.64,294.24,302.11,300.81,296.77,297.70,294.54,287.24,277.84,266.37,264.28,253.03,245.54,237.69,229.71,221.78,215.39,205.94,195.44,183.22,174.14,166.82,149.27,138.46,130.68,119.47,107.80,98.68,86.02
129.56,142.87,153.73,165.02,174.79,185.28,190.91,199.16,203.50,207.89,214.71,217.28,220.24,224.14,228.66,235.00,239.08,246.20,253.05,256.48,267.90,277.05,281.62,290.37,296.55,298.61,299.61,297.80,295.11,293.74,287.50,278.93,267.92,262.27,251.25,245.72,238.47,230.71,222.80,213.68,202.97,193.98,183.61,171.75,165.01,148.69,138.00,129.65,118.02,106.63,99.01,85.09
125.92,140.73,152.80,162.89,170.84,181.71,185.44,196.66,198.93,204.79,207.97,213.59,217.91,217.83,224.35,231.09,234.31,243.10,247.16,252.48,261.40,269.43,277.00,284.60,288.60,292.90,295.17,292.72,291.58,287.63,282.33,273.41,262.38,258.77,246.84,241.10,235.30,226.01,218.83,208.93,199.72,191.42,180.29,169.76,161.62,145.42,135.77,127.00,115.68,106.23,95.89,83.01
130.91,144.84,154.73,167.36,174.29,185.35,190.44,198.01,204.38,206.29,209.88,214.55,220.23,222.65,226.32,231.46,234.64,242.54,247.78,255.33,263.23,272.72,278.36,285.70,292.02,297.12,301.20,295.75,297.59,291.40,287.11,279.43,268.88,263.13,253.15,247.76,240.44,230.05,225.08,213.96,207.27,197.10,185.22,175.39,167.07,151.65,140.62,129.76,117.69,107.56,97.49,84.21
126.51,140.87,153.47,159.70,170.29,181.25,188.73,196.10,200.26,204.19,208.27,212.60,217.19,219.49,225.46,229.11,235.76,241.51,249.00,250.80,261.93,268.96,276.28,284.69,289.04,294.02,295.39,293.85,292.03,289.88,282.46,275.51,263.60,259.28,247.07,241.61,235.48,227.30,218.69,212.20,202.42,194.49,180.28,171.27,164.58,148.12,138.51,129.03,115.26,105.11,98.01,85.70
130.03,143.13,156.78,166.88,175.33,185.19,189.07,199.48,205.30,210.28,212.14,218.01,222.87,223.81,228.82,234.13,239.71,246.91,253.06,255.72,264.61,273.19,280.85,286.84,292.33,298.53,300.12,295.19,296.58,293.83,284.68,276.35,262.96,264.44,250.77,244.27,234.68,226.74,221.56,212.76,206.04,193.38,184.20,174.23,164.35,150.24,140.60,129.77,118.66,109.55,102.88,89.11
127.20,142.36,152.19,161.64,171.77,181.74,186.50,194.25,199.62,204.12,210.20,213.25,216.83,221.46,225.94,230.22,234.02,241.03,248.82,251.18,263.60,272.22,278.41,284.79,291.83,293.82,298.06,296.08,294.21,290.11,284.08,276.73,267.09,262.49,250.57,244.24,238.08,228.82,221.42,212.14,202.39,194.88,182.89,172.35,166.53,149.84,137.79,129.26,116.62,106.98,100.26,86.09
130.97,142.67,154.06,164.76,172.70,183.45,187.04,196.47,201.48,205.06,207.00,213.77,215.96,220.31,221.21,226.05,231.54,238.95,245.94,247.02,258.49,265.42,275.41,278.77,284.42,293.90,296.38,290.69,288.29,286.23,278.46,271.75,261.22,260.02,249.72,241.63,232.22,225.23,218.39,211.12,203.73,191.76,183.41,173.05,166.87,148.00,139.39,127.06,117.75,107.79,98.49,84.60
131.95,147.12,157.89,169.33,177.79,190.31,194.76,202.65,203.82,209.65,213.28,218.87,221.40,225.22,228.57,234.36,238.25,247.52,253.31,256.74,266.66,278.04,282.29,290.51,298.26,303.25,305.04,302.79,302.23,296.94,292.96,283.21,272.04,269.28,258.31,251.35,244.38,235.09,228.99,218.59,211.36,201.56,188.45,176.17,169.62,153.44,142.23,133.15,119.82,108.07,98.49,85.71
121.75,135.25,147.18,158.62,164.56,175.24,180.62,190.65,193.65,199.42,201.25,209.02,212.61,213.89,215.70,224.51,228.19,236.46,241.51,243.31,252.41,260.93,267.08,273.23,279.87,285.85,287.84,283.21,282.25,280.49,271.05,263.05,254.03,253.74,241.70,234.48,225.04,217.04,212.22,205.36,197.09,184.61,178.24,167.60,158.65,143.00,135.16,125.20,115.75,105.11,97.05,84.12
125.06,138.65,149.58,159.70,169.07,177.54,182.63,191.86,196.86,199.91,204.36,209.77,213.23,214.83,219.73,225.50,228.86,236.02,242.17,245.73,255.84,263.87,268.82,274.42,281.09,287.14,288.54,284.04,280.47,279.64,272.08,264.75,254.53,252.62,241.90,233.00,224.16,216.52,211.62,203.81,193.85,185.17,175.41,167.59,158.15,143.09,134.18,124.15,113.28,100.62,96.17,83.19
127.01,140.29,153.44,165.11,171.96,182.80,188.69,198.09,204.71,209.33,212.80,219.49,221.92,223.60,227.55,233.14,239.08,248.31,252.39,254.59,266.18,272.68,279.79,287.27,292.04,297.85,298.61,295.67,293.79,291.82,284.03,274.55,265.94,261.63,250.57,242.98,233.86,226.29,218.66,210.29,203.59,193.31,183.20,172.80,167.09,148.48,139.14,128.13,119.51,109.20,98.41,85.04
132.50,145.73,157.47,167.07,176.47,186.40,191.23,202.02,204.53,207.47,214.01,217.00,220.34,224.88,228.47,233.65,236.40,246.79,250.35,256.30,266.60,275.41,281.26,291.45,297.58,300.14,302.89,300.48,304.11,297.13,291.67,284.75,273.65,269.16,259.11,251.46,242.61,235.21,228.55,219.06,210.09,200.59,188.43,179.88,169.74,154.18,144.26,129.03,113.74,103.39,98.43,84.10
132.70,146.77,155.64,168.32,176.71,187.07,188.66,199.45,203.42,209.07,211.06,216.67,219.97,222.99,225.54,233.08,237.08,246.02,251.94,255.98,266.37,273.26,281.47,288.46,294.16,300.42,303.39,300.70,300.56,297.24,291.27,281.89,272.53,271.02,257.77,251.05,241.90,233.42,228.06,220.34,211.97,197.59,187.42,178.93,167.92,151.56,138.52,130.38,118.93,106.07,97.08,84.59
119.97,130.51,141.57,151.72,160.31,170.23,178.21,186.81,190.44,196.00,200.86,207.56,210.62,214.77,217.56,223.65,228.48,236.65,242.00,244.63,254.75,259.90,266.93,275.18,278.69,281.58,279.65,278.73,279.29,276.63,269.81,261.09,250.05,245.67,237.14,228.18,222.52,214.44,204.71,198.59,189.39,181.59,170.70,163.13,155.87,141.01,130.27,119.42,110.45,101.02,91.02,81.44
130.42,144.53,154.55,166.34,173.66,184.26,190.65,200.66,205.24,210.44,214.15,216.97,222.27,226.60,230.85,237.03,239.75,248.56,252.80,258.44,267.81,278.35,282.53,290.49,297.57,300.65,299.93,300.08,299.71,291.65,288.90,280.79,267.90,262.72,249.95,243.94,238.25,230.53,223.18,213.19,204.00,194.61,182.99,173.92,165.11,150.88,140.58,132.10,118.09,106.89,99.32,86.68
119.85,132.64,144.27,153.22,160.64,171.42,174.81,187.01,189.11,195.42,199.25,203.67,207.01,209.99,214.25,220.23,224.51,230.78,236.25,240.13,250.12,257.72,263.92,271.31,277.37,278.74,279.01,278.44,278.20,271.83,267.62,258.75,249.59,242.59,232.25,227.07,219.11,211.60,206.17,197.31,189.17,179.54,169.05,161.30,153.83,140.16,128.32,120.20,110.72,100.69,92.66,79.12
119.22,131.80,140.87,151.56,161.40,169.61,176.23,185.04,189.74,194.40,199.01,204.96,208.24,210.28,215.45,219.97,226.31,233.99,239.31,241.78,252.84,260.07,265.54,271.83,276.94,282.14,283.32,281.46,280.85,276.22,271.59,260.65,249.91,249.78,238.48,232.26,223.79,216.57,207.89,201.69,192.63,182.04,170.43,162.74,154.05,140.47,129.50,119.82,108.47,97.00,91.71,78.24
120.21,131.73,141.50,151.16,160.08,170.53,175.07,183.44,188.02,192.04,197.27,201.88,205.77,208.95,214.03,218.40,223.00,229.44,235.85,241.27,250.93,258.03,264.40,272.05,277.52,280.63,281.81,281.90,279.03,274.73,271.28,263.04,252.98,246.84,237.54,231.23,225.81,216.11,210.44,201.76,192.35,185.10,172.79,163.48,154.81,140.06,130.97,120.00,107.49,98.01,92.10,79.85
119.25,130.18,141.32,151.21,158.35,168.37,172.98,183.90,188.09,192.11,194.31,200.57,205.00,206.63,210.54,218.32,223.22,229.10,234.80,239.42,248.81,254.88,259.95,270.01,274.00,279.89,281.26,279.59,278.63,275.11,271.62,261.40,252.29,246.76,236.39,231.26,223.49,217.20,208.83,202.41,192.75,182.22,173.28,165.47,156.52,139.81,128.95,120.42,108.91,98.66,90.03,79.40
121.05,132.67,143.41,153.47,162.69,172.70,177.26,186.13,192.51,195.86,199.15,206.13,209.12,210.64,213.66,220.06,225.86,233.14,240.17,242.25,252.74,259.85,267.75,271.97,278.47,284.18,287.11,281.44,281.30,279.33,274.17,262.83,254.65,254.89,240.52,233.12,224.88,216.90,210.92,205.53,196.98,184.13,175.03,166.68,160.00,138.06,130.18,117.62,109.33,98.27,89.87,77.80
124.79,137.19,148.66,156.82,164.58,176.24,178.27,187.22,191.82,195.82,197.91,205.48,208.17,210.64,214.44,221.21,223.44,233.62,238.95,241.30,251.16,258.05,266.60,272.62,277.65,287.04,289.29,283.64,281.37,280.35,275.57,265.53,256.98,255.55,245.80,237.07,228.71,221.43,214.28,209.00,198.76,186.08,178.39,168.24,161.30,141.09,130.63,122.02,111.09,99.61,89.02,77.70
115.41,128.06,137.79,145.99,154.92,165.19,167.72,175.51,178.22,183.44,185.95,193.02,195.49,198.60,202.30,206.55,212.14,219.46,224.18,227.69,236.91,243.82,249.58,256.81,262.26,267.54,269.00,264.28,264.70,261.71,256.98,246.95,237.89,237.50,226.83,220.51,211.62,204.42,197.57,193.05,185.31,171.42,164.35,155.26,148.53,132.23,122.19,113.14,102.04,92.31,84.38,73.50
112.09,121.81,134.81,140.87,149.01,158.50,159.96,171.14,172.66,178.97,182.24,190.01,191.19,193.05,199.54,201.56,207.85,213.60,215.93,222.62,230.85,239.58,241.60,251.39,255.57,258.12,257.70,259.68,257.20,251.11,249.28,241.68,233.03,226.24,219.04,211.87,206.79,200.14,193.57,185.83,176.65,169.73,158.78,155.17,145.91,129.73,123.31,113.22,102.20,95.43,85.42,74.24
126.00,139.52,150.89,162.41,168.69,179.05,183.84,194.31,199.18,203.09,207.28,213.70,217.95,221.00,224.86,231.05,235.16,244.74,248.20,252.30,264.07,269.24,279.12,284.68,289.01,299.16,299.10,292.10,293.47,290.63,286.90,276.49,267.44,263.49,252.66,245.25,238.21,227.32,221.42,214.44,205.64,193.26,184.36,173.30,165.59,147.72,136.34,125.21,113.74,103.16,95.02,83.22
123.76,136.57,147.20,157.65,164.10,174.89,176.47,186.29,190.44,194.74,197.39,202.24,205.51,208.95,211.59,218.51,222.27,229.01,232.80,240.62,249.13,258.13,261.92,271.01,279.32,281.01,283.56,283.55,284.43,278.86,274.37,265.59,255.78,253.34,240.85,234.26,228.37,221.82,215.41,206.13,197.91,186.90,176.66,166.97,159.78,143.06,132.20,122.64,111.21,99.02,90.05,79.31
128.46,143.21,153.22,165.66,170.80,183.05,187.48,196.57,199.65,202.81,208.87,211.48,214.77,219.43,222.78,228.71,232.62,239.23,245.84,251.45,264.19,269.00,276.13,284.02,291.41,295.58,296.51,297.76,296.07,291.34,288.76,277.16,268.60,263.23,251.80,244.27,238.95,231.97,224.84,213.74,206.02,197.25,184.94,174.67,167.45,151.08,138.22,130.10,117.69,103.62,95.08,83.52
111.83,124.95,132.83,142.52,150.86,160.65,165.00,173.81,176.01,182.46,186.07,189.71,193.05,196.54,201.85,206.19,209.31,216.58,221.27,227.18,236.01,244.52,248.16,256.16,260.73,262.43,263.70,264.09,264.24,257.44,255.50,246.55,236.97,234.47,223.08,216.06,211.25,205.35,198.76,189.21,181.53,174.29,160.43,155.64,147.43,133.75,122.98,114.53,103.73,93.01,85.44,75.69
113.36,125.77,136.56,144.05,151.57,162.20,165.17,175.45,181.14,183.18,187.68,191.72,194.02,197.72,203.18,208.31,211.68,218.20,222.99,228.88,238.73,245.05,250.00,257.42,263.76,267.20,267.15,267.06,267.90,262.09,260.17,249.56,239.87,236.39,227.26,219.86,213.78,207.13,200.02,192.98,184.89,176.40,166.19,156.28,150.15,135.33,124.62,116.61,106.15,95.29,87.13,76.79
123.66,137.46,147.28,157.95,166.09,174.04,178.83,186.43,192.00,195.82,200.20,203.16,207.54,209.47,215.03,218.69,222.04,230.06,235.32,241.62,251.01,258.99,264.09,271.82,279.20,281.71,283.55,282.68,282.93,277.95,274.89,266.96,257.07,252.36,241.81,235.29,229.69,222.08,216.67,204.12,197.77,188.22,176.07,167.60,159.81,144.84,134.01,122.71,111.02,101.02,92.07,78.85
117.27,132.02,143.18,152.40,159.10,169.66,173.97,183.70,188.38,193.00,196.01,201.94,205.50,209.61,213.77,219.00,221.92,229.86,234.68,240.63,250.02,255.64,260.74,269.71,275.83,279.11,279.73,278.51,278.55,273.16,270.67,260.97,252.24,246.24,236.76,230.18,224.32,216.67,209.81,199.27,192.63,183.58,172.25,164.51,155.24,140.13,130.63,121.61,111.95,101.02,90.87,81.34
126.27,142.90,143.28,171.21,169.19,184.00,187.97,194.51,199.38,203.19,206.83,212.30,216.70,220.44,222.19,230.31,234.72,240.63,247.63,252.34,262.86,270.86,275.19,284.01,288.79,295.74,297.06,293.33,294.45,291.53,287.11,276.18,266.13,263.87,253.24,246.33,237.76,229.26,223.27,214.48,208.34,195.66,184.84,176.26,166.63,148.81,138.93,130.14,116.21,106.00,98.08,84.15
115.97,127.58,140.09,146.74,152.84,162.86,167.30,175.21,179.03,184.76,185.04,191.72,193.83,196.38,198.66,204.00,209.99,215.30,220.84,223.79,234.08,242.24,246.22,254.47,258.95,264.60,267.47,264.20,262.94,260.77,254.59,248.03,238.44,237.17,227.50,221.42,212.25,207.06,202.00,194.58,186.68,175.42,166.33,157.08,151.33,133.42,125.73,114.62,105.62,96.01,86.98,74.65
126.29,137.93,149.40,160.25,169.19,178.66,183.38,191.51,196.09,198.98,203.03,208.52,211.04,213.14,215.30,222.55,227.31,234.56,239.71,244.63,255.19,262.51,269.07,276.44,282.35,285.16,288.65,286.71,286.36,282.12,279.21,270.20,260.58,254.89,244.68,238.95,230.27,224.22,216.62,208.08,200.17,190.08,179.51,172.00,162.93,145.69,134.65,124.43,113.07,103.09,93.24,82.49
125.20,137.88,146.99,157.28,167.36,177.10,180.29,189.62,192.03,195.60,200.64,204.61,207.46,212.51,215.15,219.76,225.54,231.97,236.04,242.07,252.88,258.63,263.87,271.67,278.98,282.35,284.29,285.16,282.65,278.99,274.24,264.43,256.33,250.48,239.65,234.62,226.43,221.89,215.08,204.95,195.76,188.01,175.35,165.53,159.67,144.67,133.22,124.31,111.62,101.04,93.74,81.25
113.17,126.57,136.72,146.03,152.55,163.40,166.43,178.03,180.47,185.26,187.56,193.31,197.12,199.55,201.72,207.97,213.10,221.92,226.02,229.80,239.01,243.02,248.49,257.03,261.70,266.56,267.38,264.05,264.68,261.44,256.72,246.87,237.72,235.26,226.88,217.95,210.80,205.14,198.46,191.02,183.79,171.14,163.78,155.04,148.55,132.19,122.92,114.13,104.75,95.80,88.01,75.58
124.74,137.08,148.12,157.00,165.70,175.15,178.36,188.99,192.60,196.16,198.70,205.18,208.85,210.61,212.05,218.68,223.04,232.76,237.02,241.11,251.44,258.15,266.31,271.46,277.24,282.31,284.25,281.51,281.02,279.87,273.18,263.93,255.37,252.74,244.09,234.88,227.11,218.44,213.59,205.91,197.69,186.13,176.71,166.51,160.25,141.53,133.76,122.81,113.14,99.30,93.24,82.28
126.40,139.54,146.09,158.40,166.88,178.71,180.10,189.62,194.31,196.33,200.41,205.04,209.69,211.93,214.67,220.47,225.50,232.08,236.58,243.05,252.49,258.21,266.00,272.03,279.29,283.64,285.04,282.45,283.75,279.64,273.54,265.35,255.79,253.06,243.19,236.03,227.64,219.70,214.90,205.52,196.45,186.02,176.77,168.07,160.86,142.51,133.88,124.17,111.87,101.24,93.01,81.71
123.94,138.92,148.95,160.59,170.07,181.33,187.07,201.11,202.16,205.57,210.42,215.54,218.96,223.22,227.53,235.05,239.08,248.21,249.16,258.10,266.27,273.58,277.05,285.24,292.42,295.74,296.02,294.11,294.82,289.46,283.98,273.05,262.98,258.47,246.98,241.53,233.57,226.74,220.69,208.89,200.24,190.85,179.94,172.20,165.65,148.49,139.45,130.25,119.52,108.23,100.32,87.92
120.77,138.29,143.68,159.31,163.23,178.93,177.28,187.52,194.44,201.31,196.87,207.35,210.58,212.46,221.38,224.01,227.85,236.93,239.71,246.79,255.15,262.01,268.16,276.28,280.86,281.18,282.59,284.02,282.34,278.93,274.88,264.78,253.21,250.43,239.01,230.05,224.88,218.28,210.88,201.30,192.21,183.70,173.10,165.89,157.75,143.54,135.20,124.39,114.98,103.59,94.64,84.34
112.04,124.28,132.31,142.66,151.38,158.09,163.60,173.10,177.46,182.39,181.80,190.04,193.87,195.18,197.29,204.16,210.77,217.47,222.42,224.83,235.42,242.64,247.97,253.85,258.66,265.41,267.68,262.84,262.86,261.28,255.04,247.32,237.86,236.61,226.53,219.02,210.52,203.59,198.04,192.28,185.65,171.29,165.33,157.92,148.92,132.23,121.82,114.42,106.51,97.31,90.35,75.24
125.02,138.35,150.81,159.24,167.19,174.43,178.01,189.79,193.83,195.31,198.31,204.16,206.79,208.97,213.06,218.74,225.21,230.53,235.48,239.27,248.39,251.09,254.47,247.75,267.20,279.16,282.96,279.72,278.63,276.99,270.75,264.12,254.95,252.30,242.42,235.49,225.62,217.56,209.65,203.91,198.31,184.72,176.08,168.01,160.56,144.17,134.27,124.42,115.21,103.16,93.91,82.88
122.80,134.89,146.34,157.99,164.15,174.15,179.29,189.97,196.01,199.62,201.85,209.75,212.28,215.08,219.80,225.67,230.49,239.37,241.75,247.34,256.36,264.49,268.97,277.00,281.89,284.68,287.16,284.97,282.64,278.10,273.71,264.91,252.38,251.53,238.47,231.82,223.66,216.38,210.30,201.47,194.49,181.46,173.69,166.21,158.39,142.44,131.86,121.70,112.36,104.04,96.02,82.28
122.09,134.36,142.62,153.94,165.34,172.61,177.61,189.19,193.93,198.52,203.06,207.46,211.78,214.03,218.12,224.75,229.87,235.49,240.75,245.99,254.34,262.07,267.85,275.01,278.96,283.77,285.38,282.06,279.08,277.19,271.94,260.23,249.87,248.93,237.15,229.56,222.65,214.55,208.06,200.74,192.44,182.39,172.26,163.03,156.78,139.45,132.48,123.17,112.16,101.32,95.19,82.46
123.24,135.25,146.01,156.11,165.10,174.57,178.10,186.72,191.41,195.24,198.93,202.48,206.02,209.68,213.01,219.15,223.40,232.14,235.85,241.30,251.98,258.85,266.09,271.97,277.09,284.48,285.59,283.69,282.65,279.31,275.04,265.19,255.00,252.46,242.84,235.33,228.02,220.93,214.31,206.71,197.31,187.60,176.48,167.43,160.07,143.00,132.82,122.41,112.07,100.00,92.27,79.18
110.37,123.79,132.00,141.82,149.45,157.92,161.91,173.14,174.27,180.94,184.23,189.62,194.06,196.37,197.25,203.58,208.06,215.41,219.66,225.08,236.60,242.67,247.48,254.58,256.63,266.01,264.74,263.87,262.98,256.69,254.92,246.95,238.10,234.83,225.26,216.48,210.09,204.92,196.38,188.73,181.66,173.12,163.36,155.47,147.76,130.74,122.33,115.73,104.71,95.52,84.50,76.03
118.51,130.36,140.43,150.66,157.81,166.72,174.14,184.74,189.51,194.99,195.60,203.96,206.02,208.87,212.12,218.32,221.82,230.59,238.42,240.20,251.53,258.05,265.17,271.03,275.70,282.57,282.24,278.86,277.91,275.86,269.47,260.11,252.72,250.20,239.41,231.01,224.02,213.25,207.41,201.64,195.06,181.04,174.93,164.01,157.03,139.09,130.91,120.83,111.31,100.45,91.07,79.03
122.38,133.00,142.62,153.03,163.27,171.33,173.97,180.06,185.22,188.96,195.44,198.44,200.96,205.00,206.41,214.14,218.40,225.01,230.57,234.93,246.97,252.52,261.22,267.47,271.06,281.23,282.02,279.96,276.46,276.88,268.37,261.73,252.55,250.23,240.20,233.27,223.73,217.35,211.57,205.46,194.73,182.94,174.56,167.19,158.40,142.41,131.67,121.50,110.42,100.24,92.76,80.23
126.91,139.03,154.78,163.78,166.74,181.14,183.14,195.97,201.68,204.01,206.21,213.60,217.72,219.00,221.16,229.30,234.91,242.85,246.91,251.64,262.73,270.82,276.18,284.12,289.50,298.24,299.40,296.47,295.24,292.04,288.01,277.70,269.11,264.76,254.83,245.54,236.69,229.96,223.67,216.34,206.77,193.31,186.01,175.82,168.62,148.03,138.05,126.78,114.63,106.47,95.35,83.02
121.20,135.52,143.03,154.93,162.59,171.03,176.92,187.21,190.60,193.19,196.73,200.77,205.85,208.60,211.32,217.68,221.90,228.62,235.00,240.84,251.21,257.03,261.60,272.66,277.14,280.41,282.35,284.32,281.64,275.86,276.54,265.84,257.33,250.94,240.26,233.82,228.12,221.77,214.35,202.74,197.75,187.42,177.51,167.60,159.62,142.62,132.64,123.43,111.36,100.44,91.44,81.84
124.79,137.93,146.11,157.81,165.60,176.32,178.68,187.13,192.42,195.45,198.34,203.50,208.02,211.30,214.45,222.04,223.89,231.40,235.48,243.96,254.23,260.69,266.70,273.83,281.40,286.43,289.47,286.40,286.10,281.75,275.09,267.44,259.12,255.07,244.68,236.14,229.39,221.78,217.80,205.77,198.18,188.09,177.25,167.69,161.07,146.03,136.07,125.20,113.45,101.97,93.38,79.76
122.79,135.86,144.68,155.32,164.47,172.19,176.57,186.47,190.06,192.09,198.88,202.73,207.02,210.24,210.87,217.79,224.15,230.33,235.05,241.03,251.64,257.10,263.92,273.34,277.41,281.58,282.18,283.72,284.11,279.02,273.58,266.03,257.61,250.28,241.31,233.01,227.06,219.83,214.02,205.57,195.13,187.26,176.71,166.51,159.41,143.56,133.14,124.87,112.09,99.01,90.80,79.06
130.11,142.44,153.21,163.68,173.57,183.17,188.00,197.19,202.20,204.16,208.63,214.22,217.79,222.30,227.37,231.51,235.24,244.68,249.18,255.36,265.27,273.24,278.47,287.76,294.53,299.13,300.64,298.33,298.67,294.70,287.57,279.29,269.05,264.68,254.13,247.61,239.59,231.70,224.41,213.59,206.49,196.01,184.55,174.35,168.07,150.80,140.94,130.39,116.78,106.04,96.83,82.54
120.88,132.88,144.13,154.74,162.29,172.28,175.86,185.95,190.65,195.00,196.76,202.42,203.50,209.62,212.87,217.48,223.66,228.32,234.36,240.53,250.80,256.68,262.35,270.90,276.94,280.51,284.40,281.15,281.89,276.55,272.38,265.14,255.08,248.50,239.74,233.12,226.06,219.06,213.05,204.29,194.47,186.59,175.00,165.15,159.35,143.09,130.63,122.09,111.29,101.20,90.74,79.40
121.40,133.69,144.62,157.00,160.45,171.09,175.07,186.75,191.13,194.81,195.06,203.49,205.77,208.75,210.45,218.10,222.70,232.62,235.14,240.10,250.05,257.10,262.15,269.81,276.72,282.02,285.51,280.68,281.44,276.59,272.04,263.41,253.78,251.18,240.10,232.47,224.20,218.65,211.02,204.09,198.30,183.33,176.47,164.30,159.86,142.05,131.14,120.22,110.92,101.98,92.28,79.08
120.60,133.28,144.28,152.32,159.53,170.75,173.56,184.70,189.26,193.75,195.23,202.04,205.68,207.23,208.79,216.92,222.66,229.37,233.86,240.16,249.07,256.63,264.46,269.43,276.46,282.11,285.17,279.52,278.87,276.90,269.31,262.95,253.66,250.77,241.01,233.91,224.11,217.04,211.07,204.39,197.09,182.73,175.87,164.22,159.08,141.78,131.37,119.81,111.09,101.12,93.21,81.12
136.12,146.87,158.78,158.26,173.46,189.08,188.66,202.47,204.41,211.97,212.19,222.01,222.72,227.78,233.00,235.70,242.84,250.80,255.83,261.93,272.53,279.87,286.92,296.44,299.77,306.22,308.13,305.01,304.08,299.05,293.94,287.67,275.02,272.57,258.38,252.48,242.24,234.97,225.42,217.91,211.29,197.01,189.45,180.31,171.47,152.98,140.22,131.97,119.42,109.73,98.74,86.21
130.14,139.85,148.30,152.12,164.78,178.53,178.24,190.82,193.60,199.45,201.36,209.65,211.19,215.45,219.66,225.50,230.41,237.69,242.00,246.43,256.70,265.19,270.57,278.50,285.24,290.77,293.06,288.67,287.54,283.54,279.12,269.58,259.56,257.62,244.12,237.61,229.71,222.80,214.67,206.52,199.82,187.76,178.28,169.85,161.40,144.90,134.45,125.40,114.74,104.14,95.27,83.02
121.83,136.62,145.77,157.94,160.56,172.66,176.14,188.52,190.54,195.72,197.59,203.49,206.48,211.59,214.39,219.79,225.04,233.62,235.17,243.40,250.54,258.64,265.45,273.21,279.26,285.90,287.84,282.11,284.00,279.69,274.36,266.28,255.63,254.58,243.12,236.91,228.53,220.30,214.24,205.94,199.44,186.23,178.39,168.36,162.27,143.54,132.41,123.17,112.75,103.47,94.07,80.23
116.76,133.02,139.62,151.35,157.88,165.52,168.68,171.84,173.37,175.39,175.57,178.99,175.93,176.48,177.00,180.01,183.35,184.26,186.10,186.80,191.51,198.41,211.78,230.50,240.68,249.30,249.90,250.57,249.02,245.81,240.83,234.30,223.29,219.27,210.04,204.40,193.10,185.40,179.12,172.24,166.09,154.21,145.00,131.65,123.56,106.89,95.08,83.60,71.22,62.65,57.04,48.60
126.29,139.34,149.40,160.45,169.80,179.74,184.62,191.09,195.25,200.34,206.04,209.81,212.58,215.57,221.00,227.42,233.60,237.88,244.09,248.57,260.32,267.73,275.12,282.57,288.52,292.07,297.56,295.88,294.04,289.87,283.92,275.77,265.14,261.00,251.37,244.74,236.19,228.64,220.49,214.11,204.36,194.59,182.33,172.20,166.01,148.97,139.28,128.41,114.87,103.79,98.62,84.34
127.66,143.84,154.40,163.08,171.48,182.54,185.32,198.91,204.30,206.20,211.07,217.57,219.91,224.32,225.00,231.11,238.90,245.18,252.60,256.10,267.37,273.98,282.64,291.34,293.72,301.76,304.47,300.26,297.98,297.41,287.83,281.19,269.26,266.33,258.26,250.48,238.30,232.08,223.91,219.32,208.37,195.65,185.99,176.64,168.96,149.57,140.01,129.65,118.96,107.07,98.37,84.88
129.36,144.68,152.35,165.89,172.05,183.73,189.10,196.88,202.25,206.71,209.80,215.08,218.58,222.43,226.29,231.87,239.17,244.35,251.23,254.95,265.41,274.70,282.00,289.17,295.10,300.65,305.53,301.48,300.03,296.62,289.41,282.03,270.25,267.05,257.64,250.50,241.06,234.76,225.57,217.88,207.07,198.22,186.45,176.30,168.30,156.02,141.03,129.56,117.05,107.07,99.02,87.32
131.37,141.89,151.42,161.21,173.74,181.87,184.82,197.21,198.88,203.31,206.63,212.15,216.04,220.66,223.99,229.64,236.36,241.60,247.24,252.34,261.02,272.37,277.00,285.55,289.80,295.94,302.04,295.06,293.98,292.47,284.37,275.11,263.75,262.52,253.18,245.62,235.69,228.41,220.53,213.06,205.20,194.12,184.72,174.47,167.87,149.97,141.45,132.85,123.33,110.16,102.08,89.90
125.92,140.07,147.96,160.86,167.94,179.89,185.37,194.81,197.96,204.04,209.07,214.90,215.82,220.76,224.38,231.40,236.92,243.53,248.91,252.29,262.86,272.15,276.64,284.09,290.40,296.81,299.61,294.08,291.27,288.21,281.82,273.54,263.10,260.86,250.60,244.18,233.48,226.05,219.35,211.02,202.63,192.35,181.73,170.70,165.95,149.58,139.01,129.81,119.28,108.07,100.88,87.14
111.31,123.18,132.97,142.00,147.15,158.49,163.25,174.09,177.69,180.90,183.20,192.13,194.00,196.82,198.84,203.69,209.30,217.22,221.42,223.66,234.56,240.00,245.86,252.67,256.03,262.51,263.79,260.39,256.43,254.57,250.20,243.26,231.61,228.63,221.79,213.83,205.20,198.39,192.44,186.70,179.33,166.97,161.55,151.82,146.00,129.00,121.63,112.77,103.94,96.33,89.05,76.37
128.46,142.84,153.69,164.22,171.69,180.85,186.87,196.92,201.22,207.88,208.06,216.01,215.54,219.35,223.65,229.54,234.69,241.09,248.00,253.06,264.44,271.98,278.04,285.95,291.73,297.09,300.00,298.04,293.87,291.23,285.39,279.32,269.69,263.80,254.57,246.34,237.49,232.26,223.22,215.11,205.46,195.58,185.35,174.29,169.32,150.81,138.97,128.44,117.15,108.42,97.35,84.31
111.50,129.63,135.34,148.27,153.94,163.34,165.11,174.43,177.10,183.21,185.57,192.35,191.07,197.34,199.42,204.80,208.43,213.41,219.91,223.79,232.86,239.64,246.22,253.43,257.50,262.69,265.80,263.69,261.03,258.04,253.40,247.73,238.17,234.39,226.31,218.75,211.38,204.30,197.50,188.90,181.86,171.82,163.84,153.87,148.66,133.52,122.97,113.85,104.10,95.60,87.02,75.61
117.39,129.14,138.68,147.68,156.00,164.76,168.81,175.91,178.55,183.97,185.15,191.11,193.35,195.13,196.31,202.00,207.97,212.70,219.97,221.21,229.68,236.39,242.61,250.35,254.24,261.73,266.65,259.89,259.36,257.60,252.41,244.17,235.47,234.06,225.04,217.92,209.40,201.43,196.57,189.81,181.69,171.28,163.02,155.01,149.40,131.65,121.40,113.32,104.69,95.71,87.71,76.49
130.23,143.20,156.19,164.94,173.63,184.44,189.39,200.38,203.40,211.32,209.50,220.42,221.79,225.22,226.81,233.12,237.51,246.25,250.05,255.79,263.50,269.76,275.06,283.06,290.90,299.67,303.03,297.54,294.76,291.14,283.28,275.66,262.03,260.03,249.10,241.41,233.81,227.48,219.00,209.75,203.12,191.09,182.62,173.40,165.41,148.73,138.45,128.44,120.22,110.02,100.69,86.83
125.94,139.72,151.65,161.94,169.96,182.28,183.60,195.03,197.91,203.11,205.83,212.01,215.03,217.37,221.37,225.59,231.24,239.53,244.38,246.48,257.50,264.22,271.45,276.28,281.11,287.78,290.35,282.47,282.78,280.59,273.13,264.76,252.74,250.19,243.40,235.08,225.47,217.27,209.01,200.74,194.93,183.81,174.47,164.77,158.90,141.03,130.60,122.87,114.48,103.62,96.13,82.71
119.64,133.14,142.00,151.82,159.40,170.66,174.04,184.59,187.77,191.73,193.79,200.17,203.19,204.98,206.23,212.53,217.69,226.63,229.87,232.42,240.28,247.92,254.68,260.53,265.05,271.71,273.07,266.13,267.23,264.62,258.12,250.74,237.74,236.01,229.86,221.39,212.45,203.69,196.95,191.93,183.39,173.05,164.98,156.32,149.37,132.97,124.28,116.28,107.45,98.33,89.44,77.83
130.00,141.79,149.00,154.35,158.45,171.76,177.50,190.12,193.05,198.59,199.42,207.33,208.41,210.21,213.86,218.30,223.11,229.90,235.78,238.17,247.59,255.48,262.96,267.59,274.05,282.59,283.66,277.15,277.85,274.85,268.17,259.92,251.10,246.98,239.63,231.14,223.90,215.23,208.37,201.72,193.55,181.18,173.93,162.60,156.63,139.98,131.02,121.75,113.37,102.53,93.94,81.05
128.27,142.17,151.21,161.97,169.36,180.55,182.88,191.37,195.21,198.98,203.21,207.42,209.29,213.24,216.19,220.99,224.85,231.04,234.33,239.53,248.71,256.96,262.25,269.25,275.09,279.16,282.84,278.96,276.74,272.15,269.76,262.46,251.34,246.55,237.21,230.87,224.19,215.81,209.42,198.41,191.00,182.89,172.31,163.60,156.46,142.69,130.54,122.65,113.23,103.23,95.27,84.05
129.52,140.66,152.82,161.05,169.96,179.92,184.11,193.31,196.02,201.46,204.41,209.78,211.10,213.96,214.60,218.84,227.43,232.21,239.73,238.95,247.70,256.40,265.91,270.03,274.09,280.03,284.12,277.24,277.84,276.52,268.05,260.86,251.31,250.20,240.17,232.46,222.46,215.47,206.23,202.94,193.24,182.17,174.00,164.22,157.89,142.00,130.78,121.82,113.22,104.69,95.19,82.62
130.10,143.03,157.69,166.54,174.43,185.31,187.38,199.64,203.65,211.07,211.95,222.73,224.86,226.04,229.71,235.36,243.74,249.38,256.67,257.13,267.33,273.21,281.66,286.04,291.55,298.06,298.74,292.21,289.69,289.50,281.71,271.35,260.43,258.14,247.83,238.50,228.32,220.79,214.48,207.18,198.70,184.23,176.98,166.11,158.08,140.24,130.25,122.58,110.75,101.52,94.54,82.30
135.15,149.60,161.31,172.19,179.01,188.85,193.21,203.44,206.82,211.25,211.00,220.13,222.50,226.46,226.01,231.70,235.37,243.99,246.83,250.91,260.73,265.93,277.22,280.96,285.34,296.02,299.54,293.47,289.70,287.47,281.47,272.00,262.65,260.54,253.57,242.98,233.40,225.41,218.05,211.85,204.38,190.08,183.31,172.04,165.80,147.30,136.95,126.59,118.21,106.51,98.41,85.00
116.39,130.36,139.95,149.16,155.86,163.78,168.91,178.90,181.96,185.15,186.90,194.00,196.71,197.95,200.87,207.45,211.60,216.45,220.88,222.41,230.18,237.15,242.98,249.10,254.37,262.77,261.05,255.36,253.06,251.88,246.63,237.12,229.27,226.50,218.59,211.99,203.54,196.37,191.31,184.04,177.02,166.02,159.13,149.34,142.59,126.87,118.34,111.04,102.18,93.19,83.93,73.35
133.36,147.63,159.38,170.14,175.31,187.86,189.17,198.65,202.83,207.00,208.43,215.13,214.53,218.68,219.60,224.40,229.71,237.84,243.21,246.22,255.34,261.72,269.36,276.02,281.11,286.64,292.61,288.38,286.04,283.24,278.04,270.98,261.29,256.03,246.84,241.68,232.14,225.63,217.55,211.00,202.03,191.15,181.79,170.88,165.70,147.31,135.65,126.21,117.44,107.54,98.25,83.93
127.78,142.62,153.05,163.41,171.06,179.57,186.75,194.49,198.86,203.20,206.74,210.76,215.13,218.29,220.23,226.15,228.09,235.16,240.30,244.53,255.98,260.16,267.44,273.18,278.76,284.45,287.06,282.41,279.03,274.23,269.47,264.09,250.93,248.41,238.84,229.92,223.28,213.66,207.39,198.92,190.17,182.48,170.49,160.80,155.08,139.18,129.25,120.67,109.38,100.00,94.05,80.01
128.28,144.94,153.44,165.00,172.98,184.61,188.22,197.73,198.60,204.50,208.97,213.43,215.60,219.54,222.89,229.40,232.43,239.34,243.77,247.88,255.15,262.51,270.08,276.67,282.09,283.69,287.34,285.75,283.35,278.20,272.86,266.03,254.47,248.28,238.66,232.69,224.90,217.59,210.30,200.48,192.42,183.92,171.40,162.79,156.39,141.32,132.55,122.00,110.92,101.41,93.43,81.54
132.00,145.99,155.66,166.36,174.66,183.39,188.00,195.72,199.27,204.17,204.80,212.81,213.04,215.06,215.80,222.18,227.61,234.36,238.62,241.88,250.25,259.62,265.27,273.67,276.38,284.96,290.51,284.29,282.08,280.52,273.48,267.10,256.78,256.01,246.03,238.81,229.47,222.12,215.08,207.79,200.00,186.95,178.84,169.03,161.99,144.40,135.67,125.00,116.06,105.80,96.57,84.01
131.00,145.50,155.88,165.70,173.74,184.26,188.35,195.06,198.60,203.22,204.17,209.07,210.86,214.44,217.95,221.28,225.74,232.24,238.03,241.36,250.64,258.63,264.37,272.39,277.42,281.04,285.79,283.57,282.24,278.99,273.72,266.99,257.16,251.87,242.40,235.26,229.17,222.43,216.12,204.98,196.85,190.79,176.67,166.90,161.05,147.00,133.41,126.30,115.28,104.69,87.85,76.84
135.09,149.57,160.12,170.99,177.63,189.75,193.08,199.01,202.94,205.72,209.31,214.39,214.77,220.64,223.61,228.35,231.23,237.54,243.51,248.34,256.56,265.11,270.05,279.36,284.97,289.00,292.90,291.89,288.98,286.63,281.84,273.39,263.46,257.67,248.77,242.01,235.65,230.34,221.46,210.12,202.71,193.60,182.26,171.09,165.87,149.40,139.45,129.32,116.91,108.17,98.62,84.81
136.24,150.05,163.53,175.33,181.54,191.38,196.70,205.36,207.06,212.57,213.40,222.04,222.63,225.06,228.16,231.62,238.76,243.82,250.74,252.72,261.34,268.52,276.92,284.01,290.34,295.13,298.61,296.84,292.31,291.60,285.80,277.32,268.23,262.84,254.06,245.46,236.88,229.39,222.04,214.31,206.02,193.44,185.40,174.93,168.69,148.05,137.41,128.32,118.71,108.50,98.84,84.65
132.91,145.99,157.17,168.19,176.82,186.21,193.94,200.04,205.14,206.83,210.87,215.72,218.05,222.47,224.56,229.08,231.66,239.38,244.38,248.02,258.63,265.00,271.46,280.01,285.59,288.52,292.10,287.99,287.02,283.35,277.35,269.03,260.19,255.19,243.58,237.08,230.10,224.02,215.93,205.02,196.60,188.32,177.13,166.69,161.25,146.37,134.83,127.12,114.07,102.70,97.12,82.15
133.20,148.07,159.24,169.31,176.59,186.78,190.79,200.32,203.69,208.87,209.12,216.36,216.97,221.14,221.49,229.44,233.62,241.06,244.13,248.34,255.36,264.02,271.33,278.44,283.20,290.66,292.84,288.78,286.40,283.59,276.37,270.90,258.40,257.10,248.24,241.20,230.69,221.62,216.00,209.82,199.88,188.00,179.27,169.59,163.60,145.40,134.50,124.33,116.38,107.90,98.86,85.09
132.91,147.79,156.08,165.98,174.42,186.59,189.02,197.94,199.90,203.77,209.25,211.78,213.86,217.71,219.51,227.40,228.97,235.49,240.28,245.60,252.41,260.95,266.12,274.61,281.26,282.93,285.87,284.02,282.24,278.09,273.64,268.15,254.92,250.98,242.42,236.48,227.72,221.33,214.84,204.66,194.83,188.05,174.98,164.76,160.53,146.49,134.47,125.21,115.69,104.09,96.18,84.12
121.02,135.33,142.76,152.64,158.32,167.84,171.17,176.30,181.42,184.02,185.32,189.90,192.38,194.44,195.14,200.10,204.53,210.79,216.62,217.86,227.20,232.48,239.71,245.02,250.00,256.20,260.99,256.00,255.15,254.02,247.63,242.61,233.99,231.11,222.95,216.94,209.23,202.41,196.06,188.47,182.02,171.49,162.34,154.01,148.27,132.20,123.20,114.13,105.60,95.80,89.02,76.56
134.66,147.41,156.54,166.36,174.41,186.08,189.48,195.33,197.47,199.01,206.19,208.02,209.39,214.15,214.62,220.42,224.57,230.18,235.31,241.42,249.47,255.69,262.56,271.09,276.99,279.66,283.59,282.36,281.26,277.69,274.00,267.04,258.26,253.03,244.72,237.69,229.87,223.46,217.31,205.68,197.12,190.06,178.92,168.77,162.56,146.66,137.32,126.91,116.50,105.77,97.42,83.26
135.15,148.49,157.08,168.01,176.40,185.66,189.95,195.17,199.97,201.56,204.47,209.07,211.00,213.23,215.37,221.05,225.64,232.14,238.08,237.51,248.05,256.35,263.32,270.20,277.28,282.48,287.67,283.25,281.15,281.18,274.40,265.96,256.30,254.61,246.71,238.68,231.14,223.22,217.19,210.02,200.06,191.88,180.24,169.19,163.44,147.85,136.46,128.08,116.83,105.60,97.08,84.02
130.21,144.81,156.92,165.47,170.48,183.90,187.42,194.55,200.17,203.79,203.74,211.12,212.51,214.67,217.59,223.16,226.32,233.48,237.49,242.96,253.58,258.49,265.48,271.01,277.35,280.53,283.78,280.03,278.35,274.58,271.71,263.43,252.72,249.51,238.83,231.47,226.77,219.02,212.00,200.82,193.66,183.21,174.45,165.64,158.03,141.15,131.24,121.83,111.89,104.05,94.09,81.71
132.88,147.73,158.15,167.72,175.39,186.08,189.55,197.80,201.66,204.42,208.08,211.46,214.95,218.71,220.74,225.42,229.90,236.55,242.99,246.62,254.68,261.63,267.31,275.18,279.69,285.72,287.78,284.89,283.11,279.95,274.59,265.85,255.74,250.68,242.86,236.07,228.00,218.91,212.61,203.30,196.04,187.11,175.45,165.80,158.52,143.68,134.13,123.56,113.60,102.00,96.26,83.82
134.38,150.72,160.25,171.47,177.87,189.50,193.87,201.56,205.88,206.94,207.94,214.71,216.36,219.28,222.80,227.48,234.23,241.02,246.40,248.47,259.05,264.37,272.15,280.01,284.25,292.01,294.74,288.18,289.35,286.71,282.43,272.34,261.82,260.25,251.08,244.17,233.48,225.73,218.94,212.76,202.97,189.68,183.74,173.05,165.47,146.29,136.49,125.92,117.05,107.47,99.04,85.00
131.53,146.45,154.67,166.39,173.10,185.66,189.38,196.46,198.48,201.85,206.79,210.44,214.11,218.58,218.43,225.80,227.71,236.01,240.65,244.61,253.73,261.03,266.31,275.22,282.35,284.34,288.40,283.22,282.70,277.95,273.89,265.00,256.74,249.09,241.67,234.00,227.91,221.65,216.37,201.25,194.81,187.00,176.60,166.09,159.20,142.89,134.42,124.33,114.13,104.92,96.26,84.31
101.04,112.89,119.97,128.65,132.94,139.83,145.84,151.75,153.94,157.61,161.25,167.03,167.80,170.30,173.08,176.03,179.89,180.28,186.56,188.28,197.57,201.79,209.09,212.85,213.05,214.16,215.67,219.49,214.80,211.21,206.87,205.25,197.01,195.01,183.05,179.71,166.11,165.08,160.23,154.40,150.62,140.09,134.97,127.20,117.20,101.55,91.07,83.02,74.71,65.19,60.21,52.35
140.42,154.73,164.30,174.96,182.53,192.67,196.11,203.54,206.87,209.99,216.21,216.75,219.80,222.75,223.86,229.43,232.96,239.38,246.83,249.80,261.77,267.56,275.43,280.12,288.21,292.49,299.26,293.44,290.85,289.52,286.34,276.81,269.94,263.05,254.37,248.05,241.08,233.77,226.38,213.46,206.17,200.42,186.70,177.05,170.00,152.19,143.28,131.94,119.44,110.44,100.00,87.66
132.50,147.87,155.80,168.01,174.18,186.36,189.17,197.46,201.16,204.89,207.87,213.22,215.08,217.88,219.15,225.09,228.08,235.79,240.71,245.64,253.22,261.54,268.15,274.55,280.23,286.40,289.50,285.38,282.66,280.00,276.01,267.80,256.35,253.58,244.40,237.76,229.12,223.06,216.34,205.83,197.44,188.31,176.92,167.19,160.56,147.19,135.33,126.65,117.04,107.70,96.26,84.20
138.16,151.05,154.35,167.66,173.53,183.32,187.49,196.58,205.97,210.32,212.02,218.96,221.65,223.73,223.62,228.28,233.94,240.42,245.52,248.39,258.13,265.61,273.91,280.18,283.86,294.33,295.24,290.63,289.46,287.36,279.43,275.05,262.89,261.84,254.68,246.01,233.99,227.64,220.73,213.38,205.06,192.94,184.48,174.29,167.29,150.24,141.40,128.44,118.23,109.90,100.72,86.68
137.89,150.31,155.01,166.97,174.14,181.47,187.78,195.75,202.71,209.35,211.65,217.08,220.06,220.78,221.65,227.11,232.65,237.93,246.02,246.72,256.69,264.91,272.93,280.40,284.19,288.92,292.64,290.00,287.27,287.04,278.74,273.03,261.96,258.31,249.72,242.55,232.97,226.43,219.71,211.97,203.48,192.40,181.86,173.81,165.56,147.96,136.01,127.12,118.07,108.30,99.98,85.16
133.81,146.82,156.01,166.68,175.03,184.62,189.68,196.60,199.61,204.24,207.69,210.79,213.22,217.15,218.72,223.91,230.26,236.58,240.69,244.38,253.66,262.82,267.47,276.52,281.76,285.72,290.12,286.34,284.90,281.51,277.61,269.76,257.42,255.36,246.17,239.10,231.48,223.22,217.45,209.31,199.99,192.11,178.89,169.00,163.37,147.03,137.93,128.97,116.36,106.71,99.41,86.93
135.38,149.93,161.76,166.11,176.28,188.14,192.01,196.73,201.65,204.44,206.52,211.06,212.55,218.01,220.06,225.66,228.32,234.29,238.40,244.49,252.45,262.25,267.06,273.65,282.21,285.41,289.50,288.72,285.55,280.49,275.88,271.32,258.50,255.27,246.02,238.50,232.14,226.26,219.94,206.40,198.76,190.52,179.81,170.34,163.23,147.80,138.40,127.78,116.36,107.06,98.95,86.53
118.23,127.48,139.46,152.12,155.77,158.11,164.79,178.07,180.47,182.72,185.16,189.68,192.00,198.60,202.59,206.65,209.24,216.09,222.33,223.14,231.02,238.42,242.86,250.97,255.54,258.37,260.82,257.24,257.24,253.95,248.36,241.60,229.43,227.26,217.18,211.38,204.27,199.06,191.01,183.71,174.61,166.88,156.82,148.55,142.84,127.20,120.34,111.11,99.46,93.05,85.59,75.29
132.02,147.34,159.20,168.40,174.73,185.65,188.90,199.46,203.09,206.42,206.30,213.85,216.37,218.00,220.33,226.21,230.63,239.73,243.77,245.90,255.60,263.15,269.08,275.98,281.95,289.08,292.34,286.88,286.14,283.52,278.35,271.54,260.76,257.05,247.33,241.06,231.04,224.95,217.70,210.40,201.82,189.99,181.22,170.88,165.20,148.49,135.48,125.18,117.34,108.91,99.41,84.58
131.73,145.24,153.71,164.01,172.68,183.00,187.41,191.59,197.69,199.01,203.89,207.47,209.98,213.46,215.93,220.08,223.04,228.60,234.54,240.86,249.84,256.56,262.34,271.36,278.92,282.11,284.81,282.52,281.40,273.92,271.14,265.38,254.06,249.78,242.63,234.35,227.11,221.03,214.95,202.43,196.16,186.95,175.85,167.11,160.64,145.43,134.83,125.67,115.73,105.04,98.03,86.84
121.20,134.97,142.76,152.51,160.20,170.51,174.07,181.14,182.89,187.13,189.28,194.31,195.17,198.44,200.50,203.55,209.77,216.92,222.80,222.15,231.16,239.05,246.91,251.33,256.97,263.00,266.01,261.62,259.68,259.31,253.16,247.68,236.22,234.68,227.88,221.06,212.93,206.49,197.96,193.75,184.44,175.82,165.59,157.72,151.17,134.97,127.25,119.92,109.27,99.82,93.65,81.79
