144.31,154.56,166.68,179.11,189.40,198.20,203.91,212.14,216.11,217.85,221.58,224.10,225.85,227.01,225.14,227.79,228.32,230.79,231.45,231.35,226.46,232.30,232.22,231.04,232.02,233.06,229.51,222.99,221.38,217.59,214.11,206.60,202.20,197.34,190.91,188.22,181.11,180.94,176.16,172.07,166.31,164.21,158.05,150.34,148.56,141.09,135.68,128.44,120.03,110.32,104.09,94.37
149.66,162.89,173.93,185.59,198.98,208.68,215.13,223.26,226.43,227.97,232.36,234.89,236.24,235.60,236.41,239.20,238.93,242.40,242.53,242.74,239.27,243.31,242.51,242.16,242.70,243.65,240.83,235.93,232.85,229.21,226.29,219.36,212.64,207.93,202.41,198.60,192.98,191.34,185.33,182.39,176.48,172.35,165.20,157.76,155.77,148.60,143.85,135.65,126.25,117.07,111.66,99.72
142.20,154.51,165.41,177.41,188.04,198.09,204.01,211.68,215.28,217.81,220.64,223.45,226.15,224.24,225.57,227.50,229.89,232.31,231.42,228.97,225.38,229.67,231.46,229.17,228.65,231.28,228.01,220.84,220.44,213.88,211.30,203.00,197.21,198.60,189.04,186.80,178.53,177.10,173.52,167.80,162.60,160.11,153.69,147.76,144.90,137.18,133.96,126.59,117.52,111.21,100.69,93.30
153.16,162.37,176.64,190.28,200.55,209.95,216.39,227.20,228.63,232.00,236.86,238.05,238.66,239.73,237.02,242.44,243.40,242.84,245.20,242.66,240.52,246.56,248.07,245.25,245.11,247.41,244.44,235.52,232.56,231.25,223.56,219.54,212.22,210.77,204.04,198.60,192.52,190.39,187.75,183.99,177.29,171.40,167.76,160.56,158.52,146.49,142.64,135.37,129.12,119.44,109.93,97.08
148.95,163.29,177.77,180.85,201.56,209.69,214.44,223.50,227.48,228.13,234.39,235.26,236.60,236.33,234.45,237.19,238.35,239.74,241.67,241.50,238.38,238.74,242.43,239.24,241.35,241.66,240.19,231.82,230.67,224.37,220.20,216.45,207.17,205.06,197.50,195.60,191.05,186.40,182.91,178.00,173.54,169.84,162.36,157.54,154.47,143.84,141.42,132.56,124.04,116.04,109.84,96.93
149.88,162.54,176.41,188.31,198.44,209.16,214.72,225.79,227.61,230.02,233.53,237.07,239.01,239.30,235.73,240.03,242.39,243.39,246.03,244.72,240.19,243.31,244.79,243.40,244.81,244.05,241.13,231.91,231.25,230.05,222.28,218.00,211.78,210.04,200.45,197.25,192.31,188.00,185.17,182.43,177.69,167.44,165.61,160.70,157.28,145.79,142.09,133.60,126.66,119.07,106.83,98.62
136.18,149.80,159.20,171.08,182.61,190.67,195.88,205.06,205.91,209.62,212.02,213.10,216.78,216.11,215.13,218.55,218.52,221.85,221.45,220.31,217.20,221.90,221.00,220.06,223.03,220.24,217.68,211.54,209.40,206.18,203.11,196.70,192.75,188.88,182.22,178.01,173.42,172.00,167.22,164.65,159.20,155.33,150.08,141.42,139.60,132.97,129.83,123.79,114.61,108.26,100.44,89.94
143.35,156.60,168.34,179.92,190.21,201.44,206.81,215.15,217.39,220.24,223.04,226.10,226.37,226.22,225.47,229.24,231.01,232.81,235.21,231.19,228.81,233.42,231.70,232.83,232.47,232.66,231.49,225.41,224.93,221.63,216.00,208.01,202.41,200.64,192.92,190.09,184.59,183.10,179.05,173.98,171.29,164.60,159.86,154.55,151.27,143.68,138.71,130.98,121.84,114.63,106.10,96.00
141.82,155.24,167.32,179.60,189.18,200.03,204.06,212.41,214.02,217.57,220.23,223.91,224.19,224.56,223.22,228.54,227.55,231.32,230.05,229.12,225.44,230.26,227.80,227.85,229.61,228.00,225.79,220.80,219.16,215.04,212.55,204.16,197.36,196.12,187.64,184.49,180.80,179.62,176.01,170.45,165.80,161.42,154.74,149.34,146.74,139.56,134.30,128.71,120.51,112.25,103.02,94.94
143.35,156.22,168.67,180.60,190.04,200.69,206.25,215.08,215.86,219.08,221.74,224.66,226.63,226.29,224.56,229.43,228.63,232.70,232.01,231.32,226.50,231.01,231.02,229.83,230.59,229.56,229.53,223.45,220.19,216.32,213.76,206.70,199.83,197.70,188.27,189.19,182.65,179.81,177.61,171.98,166.05,162.36,158.39,151.65,149.93,140.47,136.78,129.45,119.00,111.79,105.36,92.85
150.33,164.56,174.75,187.78,199.45,209.24,214.79,222.70,226.77,228.72,232.22,235.85,238.21,235.84,234.25,237.56,238.92,241.96,242.69,241.88,238.29,241.67,241.60,239.35,242.53,242.87,239.01,231.39,231.46,226.81,221.45,217.75,211.09,207.45,198.11,197.25,193.02,190.13,186.68,181.37,176.37,171.29,165.56,158.32,158.40,147.80,142.77,135.83,125.61,117.65,109.37,98.84
136.97,148.49,159.62,170.31,181.89,189.49,195.53,203.18,205.53,209.07,211.02,215.41,217.37,217.11,213.55,217.11,220.51,220.91,222.78,220.23,217.04,221.07,220.23,218.15,219.65,219.80,218.05,211.10,208.92,207.47,204.29,195.82,190.37,188.86,179.67,178.24,171.68,170.82,166.43,164.92,158.26,155.00,148.68,142.34,140.46,132.80,129.47,122.80,113.81,106.62,100.44,88.39
136.49,147.22,159.20,169.73,181.23,189.26,196.40,206.24,206.42,209.03,210.64,216.38,218.29,216.36,214.22,217.08,220.60,222.83,223.50,220.51,217.70,221.51,220.12,218.00,220.44,219.99,219.13,210.02,211.21,208.83,204.46,195.72,190.18,190.38,181.08,178.47,171.84,170.48,167.29,166.96,160.20,153.52,151.49,144.59,140.68,132.85,126.75,121.66,115.32,108.05,98.41,88.60
67.68,76.16,82.93,88.00,92.96,100.24,102.12,112.68,117.02,126.59,131.47,139.81,145.10,152.00,157.84,168.55,176.87,187.97,196.99,200.82,215.96,222.79,235.30,244.00,247.41,252.72,254.80,247.01,247.50,242.84,236.86,231.25,222.95,216.93,213.26,206.19,198.08,192.67,184.05,180.83,173.48,166.34,161.53,154.94,150.00,140.01,131.47,126.81,117.00,111.29,104.01,91.18
138.35,154.78,164.51,184.56,195.72,206.55,209.77,221.38,222.50,224.29,227.53,231.29,234.92,233.99,232.36,235.26,237.20,238.10,238.80,236.91,232.94,239.21,237.74,237.54,235.85,236.86,237.41,226.05,226.35,221.11,217.20,210.24,203.74,201.76,193.21,195.53,189.62,185.39,182.24,178.89,171.42,165.42,160.85,155.43,153.91,144.55,141.60,133.51,126.14,119.20,108.19,97.59
141.35,154.62,168.11,178.73,189.62,200.49,206.09,215.23,219.74,221.95,225.02,231.67,233.00,232.94,231.40,235.03,239.38,242.79,243.74,242.74,240.29,243.74,246.13,243.02,242.16,244.17,237.69,228.63,227.27,222.50,215.46,210.49,199.12,200.96,192.31,188.66,179.62,178.55,173.77,172.35,164.94,158.47,156.22,149.58,145.17,137.00,133.45,126.59,119.88,111.76,102.65,92.96
151.16,168.15,176.01,187.84,198.43,210.79,215.13,224.88,230.34,230.70,235.31,236.36,238.95,239.18,237.89,239.93,241.41,244.97,243.79,243.09,240.01,242.33,242.64,241.99,244.77,243.91,240.01,235.10,233.45,227.18,225.87,218.76,213.69,207.62,200.17,199.22,194.99,190.85,188.56,182.70,177.79,173.52,166.24,161.23,157.43,148.41,144.90,139.92,127.91,117.00,113.89,100.26
144.01,156.92,166.00,178.40,190.08,201.20,204.08,213.34,217.08,219.27,221.62,225.84,225.97,226.38,222.51,227.48,230.48,232.36,231.80,231.28,225.73,231.11,230.82,230.01,230.76,230.20,229.02,221.33,220.78,216.12,212.71,205.91,199.62,198.65,191.38,188.37,182.61,179.69,177.09,172.54,168.40,162.74,157.88,152.11,148.85,140.73,136.12,130.18,120.07,113.23,105.80,93.19
152.32,164.20,177.79,189.21,199.72,210.79,216.06,224.52,229.40,231.04,234.48,238.76,239.55,238.41,237.40,240.78,241.51,243.68,244.40,244.01,241.00,247.40,244.38,245.39,246.81,245.39,244.71,236.58,235.02,228.97,226.01,219.97,212.85,210.62,202.09,198.81,195.44,194.01,187.42,182.53,177.37,172.33,165.95,159.66,157.19,148.43,144.92,136.56,127.48,117.39,110.68,100.04
151.82,163.62,175.14,188.09,198.64,209.02,215.20,225.14,228.60,229.58,232.13,235.93,237.00,236.18,234.55,238.08,239.84,240.97,243.73,240.52,238.89,242.23,242.62,240.76,241.20,241.30,238.77,231.87,229.84,227.06,223.75,216.93,209.29,208.92,201.66,199.15,191.37,187.32,183.70,182.22,176.50,170.14,166.51,160.85,158.05,147.68,144.59,136.50,128.41,119.97,111.36,100.18
143.00,155.72,166.68,179.40,190.94,201.16,206.30,213.93,218.04,217.68,223.38,226.01,228.48,226.64,225.64,229.59,231.62,233.03,233.35,232.31,228.12,232.49,233.21,231.95,231.91,234.24,230.79,225.50,225.18,219.32,215.95,210.02,203.49,201.25,193.34,190.39,184.98,182.58,178.73,174.55,171.21,164.68,159.70,154.03,150.85,142.89,137.52,132.91,123.69,114.59,107.91,95.89
145.07,155.80,168.11,178.04,191.13,199.72,202.94,211.97,214.87,219.46,223.79,224.59,225.84,226.77,225.50,229.24,229.51,231.37,233.01,231.29,230.50,233.08,233.00,230.21,231.21,233.00,230.71,225.01,223.47,218.36,215.15,206.70,203.30,199.72,191.86,188.60,183.67,181.75,178.02,174.81,169.73,164.75,157.81,151.92,150.28,140.43,137.75,131.73,122.59,112.70,106.30,95.75
148.41,162.02,174.23,187.26,198.01,208.09,212.68,221.88,225.57,229.46,232.26,235.44,235.49,235.93,233.33,237.45,239.76,241.61,243.02,241.62,238.31,240.78,242.84,240.25,243.91,244.38,242.37,234.96,232.08,228.74,223.99,217.15,211.07,210.61,203.53,199.42,193.51,189.64,185.00,183.33,178.00,170.04,166.08,159.78,158.52,147.56,142.62,135.15,127.99,119.85,108.69,97.53
151.91,164.62,177.51,189.04,199.72,209.30,215.52,226.74,228.32,232.25,234.57,238.01,239.71,237.62,237.45,238.76,241.30,242.59,246.00,243.94,239.76,242.50,245.52,243.13,244.90,243.88,242.89,236.86,231.78,232.17,223.66,216.69,210.24,212.61,205.91,201.97,192.78,188.79,184.04,182.22,177.78,171.94,166.93,160.96,160.21,148.00,145.09,135.13,129.54,120.83,111.00,96.94
149.49,162.05,172.42,185.15,195.89,206.29,212.88,221.62,224.22,227.73,231.23,233.35,237.99,234.96,236.26,237.29,240.26,241.82,241.81,240.67,240.07,241.54,243.21,240.86,241.92,243.95,241.01,233.21,233.03,228.11,224.38,218.05,210.95,211.85,202.03,198.64,193.33,190.78,185.69,181.46,174.87,171.24,166.01,160.02,156.01,147.15,143.00,136.34,126.13,117.52,110.54,97.80
135.92,145.96,156.01,164.76,176.57,185.61,189.61,197.50,200.87,204.30,207.14,211.48,213.18,213.60,214.29,216.81,219.99,221.62,224.61,220.12,218.56,223.52,223.57,222.64,222.99,220.59,217.01,211.52,210.34,205.35,200.30,193.38,187.38,185.53,177.61,173.57,169.81,165.92,162.00,157.87,154.40,150.92,144.84,140.01,135.72,129.19,125.94,119.52,112.16,102.79,97.27,85.59
144.51,156.26,167.87,178.51,191.76,201.36,206.89,214.14,217.35,220.91,224.02,226.12,227.73,227.62,228.25,231.35,231.11,232.56,234.55,233.32,229.26,235.87,232.72,231.46,234.20,233.47,229.89,224.27,222.01,218.75,215.24,209.09,198.41,197.70,190.69,189.55,184.77,178.81,175.73,173.07,167.59,164.05,157.54,152.61,149.78,141.65,136.70,130.67,121.02,112.80,104.55,95.85
143.18,155.47,168.47,178.21,189.26,199.08,204.48,213.34,216.33,218.39,223.62,225.76,225.72,225.11,224.02,227.85,228.87,230.84,230.67,231.40,228.53,230.93,231.25,228.28,231.81,232.13,228.71,221.00,220.64,217.08,212.42,205.78,200.20,198.91,191.88,188.88,182.22,179.82,176.30,172.01,169.81,161.89,157.81,152.80,151.22,142.14,138.65,130.78,121.94,116.43,106.22,93.94
143.13,155.67,167.84,177.80,189.72,199.08,205.42,213.44,216.69,219.01,224.93,225.67,226.38,225.80,224.90,227.77,231.39,229.84,231.87,230.33,229.00,230.25,231.35,229.43,232.31,233.01,230.14,222.81,221.95,219.08,216.78,208.15,202.05,201.56,194.00,189.17,185.06,180.00,178.24,172.79,169.07,164.83,160.10,153.55,150.21,141.41,137.97,129.76,122.93,114.28,105.12,94.02
141.87,155.60,166.05,177.51,189.31,198.02,203.06,213.08,214.22,217.41,219.80,224.88,225.66,224.85,223.91,226.01,230.33,231.02,231.24,230.29,226.15,229.86,231.73,230.06,232.26,233.08,230.49,223.30,220.02,217.88,214.95,209.27,201.02,199.84,192.28,188.83,183.66,182.44,177.89,175.23,169.67,164.30,160.46,154.72,150.71,140.89,136.12,128.74,122.41,114.87,104.58,92.18
133.81,146.82,156.06,167.49,179.23,188.16,192.85,200.00,205.02,206.90,212.23,214.28,216.26,216.37,217.28,220.64,222.28,223.68,226.11,226.15,224.24,228.67,228.04,228.32,228.32,227.56,222.73,216.38,215.08,209.31,205.16,199.86,192.31,190.12,181.18,179.61,173.73,171.06,166.15,162.86,158.05,154.40,146.44,140.72,138.72,131.22,127.31,120.21,111.83,102.31,96.18,87.46
132.41,143.96,155.39,165.85,177.59,186.39,191.32,198.64,201.76,205.18,209.95,211.29,215.03,215.96,216.76,220.23,221.65,223.79,225.58,226.00,221.42,227.38,226.05,227.43,227.79,227.20,221.92,216.93,215.47,208.87,207.33,198.16,191.70,188.90,180.71,178.89,173.09,170.18,166.97,162.86,158.15,152.80,145.26,139.34,137.30,130.39,127.01,120.21,111.89,103.31,98.08,87.01
142.87,154.93,168.44,179.05,188.10,197.43,203.33,212.71,215.93,219.15,222.83,224.06,227.13,223.79,222.91,226.49,229.79,228.79,233.08,229.71,227.77,232.03,231.49,230.84,232.47,233.42,231.22,221.42,221.14,219.45,214.01,207.04,202.76,201.00,193.64,190.28,183.70,182.27,176.24,176.03,170.14,162.79,160.03,153.70,151.24,140.58,136.21,129.27,122.48,112.79,105.48,93.78
136.01,148.07,159.88,170.42,180.01,189.64,196.31,205.37,205.77,210.61,212.96,215.23,218.04,217.70,216.33,219.27,222.19,221.63,224.72,222.23,220.49,224.44,226.42,224.02,226.42,225.00,221.72,217.45,214.95,212.98,207.54,203.53,195.73,194.92,186.25,184.10,179.32,176.40,171.41,169.55,163.99,161.00,152.97,146.33,146.00,135.95,134.24,126.06,117.92,108.93,103.16,91.92
144.55,156.73,166.74,178.04,191.38,199.02,205.83,213.01,215.72,219.11,223.90,224.32,225.73,224.76,223.76,227.71,228.36,228.53,229.80,227.95,226.64,229.84,231.05,228.98,230.76,231.25,229.44,224.15,219.57,217.04,213.38,209.04,200.82,196.22,190.21,188.88,184.61,182.04,178.35,174.35,170.74,167.60,159.88,153.57,151.65,142.90,137.87,130.03,122.07,114.04,107.20,95.51
142.14,155.03,165.11,176.96,189.26,199.02,206.63,212.61,216.02,217.99,222.95,224.90,225.80,227.20,224.61,229.42,232.03,233.12,233.89,233.35,232.04,235.16,234.55,232.70,235.70,236.22,232.33,228.00,226.35,222.16,216.12,209.85,205.54,199.61,193.05,192.17,187.76,184.95,182.50,175.09,170.86,168.24,159.39,154.20,151.71,144.31,139.79,132.22,123.07,113.95,107.42,96.90
143.75,155.36,167.94,180.42,191.85,201.44,206.40,214.41,217.22,219.83,223.79,225.42,227.64,228.00,227.19,231.63,231.81,236.73,234.07,232.86,230.50,233.55,234.34,233.62,234.52,234.54,233.81,226.93,225.89,220.81,218.93,210.15,205.00,200.08,194.49,191.66,185.44,183.97,179.00,174.77,168.86,165.08,159.21,151.16,150.63,143.06,139.52,132.38,121.93,111.66,106.32,94.25
141.45,152.51,163.37,176.41,186.51,196.21,200.96,210.30,213.51,215.72,218.76,222.58,224.38,224.02,219.67,225.32,228.04,229.01,232.11,229.67,225.80,227.41,231.04,229.30,228.27,229.31,228.04,220.91,218.84,216.60,212.53,206.13,199.61,198.76,190.65,187.47,181.07,180.75,174.92,173.98,168.32,162.19,158.60,152.07,149.26,142.09,136.53,130.74,123.04,115.97,106.62,95.19
145.13,157.08,168.44,178.55,191.64,200.61,205.92,214.17,218.30,219.91,224.88,225.84,227.71,227.20,227.78,230.95,233.09,232.30,235.08,232.91,232.08,234.92,236.18,232.25,235.09,232.80,232.12,227.20,223.68,220.44,215.34,211.19,204.71,200.94,194.64,191.90,185.31,182.89,177.09,175.07,169.50,167.16,158.69,152.21,151.33,142.59,140.09,133.24,119.87,113.46,107.12,96.67
148.79,162.64,175.73,185.32,197.77,207.41,214.71,224.11,225.63,229.30,231.11,236.18,237.97,235.85,234.65,237.42,241.17,243.52,246.56,242.64,240.43,242.72,245.94,244.81,245.12,245.57,242.87,235.37,232.28,232.43,225.18,218.25,213.58,211.77,206.50,202.62,193.88,193.00,187.24,183.87,179.54,172.41,168.44,163.17,158.60,150.33,144.25,137.30,128.27,121.70,109.33,99.30
140.43,153.39,165.58,178.00,187.11,196.36,201.25,211.98,214.28,215.93,221.78,224.04,224.96,224.72,220.91,224.61,228.13,230.49,230.77,229.82,229.07,228.95,232.49,230.59,231.81,233.07,229.10,222.30,219.06,218.68,213.01,207.00,199.62,198.09,193.30,189.21,181.18,179.79,176.41,173.18,169.50,160.91,158.01,151.33,150.46,139.52,135.77,128.08,121.62,113.95,103.37,91.30
149.91,161.93,176.23,187.22,197.96,208.89,214.04,224.96,225.50,230.36,235.23,233.45,238.44,237.63,238.50,237.92,242.24,241.54,245.25,243.02,241.67,244.23,247.54,242.60,244.77,244.70,242.55,236.60,233.15,230.82,227.25,218.50,211.90,209.77,203.09,200.32,194.65,190.13,186.50,183.08,177.28,172.18,166.43,159.31,158.35,148.00,145.44,136.42,127.28,119.75,110.11,98.23
143.27,157.26,169.11,181.62,191.06,202.16,207.39,219.23,220.08,223.43,225.89,228.32,231.23,229.60,227.26,232.74,232.72,235.14,236.60,235.00,232.28,235.55,237.19,235.61,238.21,237.02,236.41,227.48,226.88,223.89,219.27,211.44,204.36,204.40,197.95,194.16,186.45,183.45,180.07,177.13,174.29,166.21,163.25,155.05,152.64,142.09,137.31,123.17,124.62,118.19,112.61,95.27
142.87,158.62,169.50,180.71,190.39,200.73,206.70,215.75,218.40,221.42,226.49,227.98,230.48,229.34,229.49,230.85,232.55,233.81,235.05,233.42,233.31,234.30,235.23,236.03,235.47,237.00,233.57,230.05,227.09,222.46,218.81,212.88,206.02,202.79,197.65,193.42,186.64,182.48,178.68,175.45,172.45,166.39,160.53,155.08,152.08,143.96,139.46,132.28,123.17,116.08,107.62,95.05
140.22,153.76,165.68,173.37,186.82,195.87,202.48,210.75,215.62,219.01,224.41,226.38,229.31,230.71,231.80,231.32,235.54,236.81,239.71,237.01,238.43,239.37,240.35,240.42,237.17,239.37,233.46,228.14,227.11,220.27,214.60,207.47,200.63,197.41,188.80,185.35,177.29,174.92,171.62,166.77,162.81,158.32,154.12,148.19,143.76,137.71,132.41,128.25,119.62,111.79,105.76,94.18
138.29,152.12,163.11,175.03,185.08,195.13,202.02,209.72,212.98,217.01,222.79,224.90,228.53,228.43,229.53,230.63,234.39,235.27,238.21,236.52,236.14,238.00,238.81,239.61,236.41,239.40,233.06,226.72,224.61,220.48,213.06,206.31,200.21,196.65,189.27,184.09,177.54,174.90,170.88,165.47,161.01,157.44,154.21,147.87,143.18,137.20,131.61,127.10,119.28,111.62,104.74,94.05
146.69,159.14,171.82,183.17,194.18,203.34,211.01,218.68,222.15,223.50,226.93,231.90,231.64,230.63,228.60,232.56,235.05,235.37,238.32,236.03,234.95,236.28,239.13,238.07,239.38,239.15,239.79,230.64,225.94,226.30,222.38,213.23,208.57,207.07,198.88,196.99,191.37,187.72,182.78,183.52,176.64,170.80,165.53,160.31,157.54,146.09,142.58,135.96,127.57,120.25,109.11,97.53
149.60,165.89,176.08,188.22,198.76,208.60,215.06,223.04,226.02,230.37,233.60,237.17,239.04,237.64,237.26,239.00,241.53,242.24,242.17,242.99,241.93,242.74,244.18,245.28,244.90,245.66,243.84,238.43,234.31,231.90,227.85,221.73,215.41,211.53,206.02,202.57,196.90,193.40,188.90,185.33,180.04,175.80,168.75,164.51,160.31,153.08,147.03,139.53,131.64,121.82,114.79,102.88
141.35,156.24,167.11,178.21,187.78,197.20,204.14,211.14,214.41,217.88,221.23,223.89,226.15,226.11,226.56,226.81,229.94,229.18,231.10,230.38,230.24,230.60,231.21,232.00,231.66,233.21,230.93,225.59,222.33,219.20,215.87,210.24,203.49,200.60,195.80,191.32,185.98,182.19,176.92,174.62,170.07,165.37,158.69,154.83,151.00,144.06,138.01,130.86,123.00,114.35,107.00,95.82
142.71,154.56,168.24,180.27,188.96,199.25,204.84,215.65,217.08,220.05,222.87,226.59,229.51,227.25,225.84,229.11,230.18,233.11,234.20,231.84,228.74,231.55,234.00,230.95,233.39,234.36,233.89,225.01,223.16,220.20,214.05,208.14,202.48,203.31,193.60,190.28,185.17,183.98,179.91,175.73,172.26,163.38,160.98,155.03,152.43,142.90,138.41,130.27,124.31,116.52,105.36,94.25
141.55,155.76,166.24,177.07,187.04,196.66,205.09,213.22,216.00,219.86,220.29,225.00,225.63,225.36,222.18,226.29,231.11,230.25,233.63,230.42,227.69,231.14,231.66,230.83,230.67,232.50,230.05,222.89,221.17,219.40,212.14,208.15,201.64,201.30,194.70,190.21,183.88,181.28,176.01,175.28,169.59,164.44,159.62,154.55,151.43,142.62,136.96,128.81,124.04,115.68,103.74,92.97
143.59,155.60,167.43,179.60,189.19,199.64,205.06,213.46,217.45,218.72,223.01,224.38,228.02,226.50,226.52,231.14,229.07,232.48,232.65,232.56,230.60,233.42,233.68,233.66,235.31,233.48,231.77,226.08,224.51,217.82,217.02,211.65,203.35,202.14,193.60,192.59,187.88,183.44,178.91,171.40,168.22,164.68,159.21,153.38,151.12,143.27,140.36,131.40,122.07,114.02,106.67,97.08
149.70,162.41,175.35,187.17,198.34,207.06,215.08,224.18,228.08,231.22,232.36,237.86,239.76,237.92,236.76,239.20,241.54,243.03,244.77,242.96,241.23,244.92,246.42,243.76,245.81,245.90,243.31,235.70,233.21,231.01,226.38,218.19,212.85,212.98,204.83,203.07,195.14,191.67,187.40,184.36,180.21,173.28,168.68,162.51,157.72,150.86,145.73,136.69,129.08,121.49,110.02,99.05
149.38,163.25,176.03,188.66,198.74,207.80,215.41,224.64,228.02,232.57,234.36,237.69,237.26,237.98,236.48,239.94,240.16,243.25,244.48,242.44,241.46,243.45,246.45,243.77,245.84,245.94,244.23,235.17,234.21,228.55,223.81,217.52,211.57,211.28,205.00,200.56,194.29,190.92,186.46,181.60,178.28,171.19,168.24,162.03,156.42,149.01,143.74,135.06,127.88,121.51,109.48,97.08
142.62,155.54,167.84,178.68,188.73,198.24,206.13,214.67,217.96,221.08,222.75,227.08,228.11,227.04,225.51,229.43,232.00,232.12,235.51,231.81,231.49,234.96,236.21,234.57,235.48,237.90,233.35,225.20,224.24,225.41,217.81,213.02,205.30,204.92,196.42,193.93,188.05,185.15,182.73,176.48,171.66,165.86,164.18,156.00,154.55,144.12,140.55,130.86,125.04,117.05,106.23,94.73
143.20,155.08,167.00,177.81,187.00,198.50,204.36,213.66,215.47,220.00,221.42,225.21,226.99,225.86,224.64,227.44,230.18,233.94,234.80,231.68,228.95,235.24,235.00,234.36,237.24,234.96,234.83,225.72,224.32,223.02,217.19,211.00,202.94,203.65,196.16,192.77,187.47,183.10,181.66,178.83,172.00,167.33,164.76,157.85,153.95,145.40,139.74,132.28,124.31,115.73,106.78,94.92
132.82,147.05,157.20,170.24,181.21,191.08,195.58,200.83,205.00,207.76,212.91,216.45,216.57,216.00,219.53,220.64,222.44,224.15,226.99,225.18,222.19,226.99,227.75,226.81,227.37,227.11,224.89,218.60,216.54,213.12,208.17,201.20,195.58,191.43,184.84,182.10,176.92,174.93,170.41,166.21,161.55,156.03,150.96,144.92,142.34,133.66,129.71,124.33,113.90,105.60,101.24,88.60
136.31,149.46,159.24,169.58,181.32,190.23,197.59,203.67,207.07,208.60,213.36,214.05,217.37,214.66,216.42,218.76,220.44,221.31,224.20,221.65,219.26,222.52,223.22,222.79,224.12,222.27,221.42,217.18,214.35,209.86,207.13,199.72,191.32,189.02,183.73,183.04,178.40,175.11,170.95,168.19,161.93,158.50,152.40,146.16,145.24,137.93,132.67,127.06,116.62,110.89,102.18,91.92
136.00,147.76,158.40,171.60,181.14,191.90,197.31,204.61,205.23,211.03,210.54,216.32,216.45,217.18,215.41,219.54,219.08,222.17,223.29,222.10,217.15,223.38,221.38,220.87,223.04,223.39,221.22,214.85,214.25,209.35,205.73,199.90,192.26,191.13,183.74,181.01,175.86,175.01,170.07,166.01,162.44,156.47,150.94,144.81,143.02,135.36,131.65,125.20,115.92,108.06,101.61,91.07
138.50,148.31,161.44,172.19,181.84,192.67,196.70,205.76,207.62,211.85,214.03,216.36,218.67,217.25,216.39,218.98,222.30,225.69,227.48,222.30,219.91,225.16,226.13,224.10,225.25,225.32,223.33,217.91,213.22,214.52,208.22,202.20,193.63,193.44,187.13,184.29,178.08,175.28,171.21,170.46,165.89,159.81,153.94,148.41,145.61,136.09,130.92,124.33,119.51,111.40,102.46,90.96
136.56,148.96,157.81,169.10,179.98,191.64,195.49,202.04,205.28,209.06,213.03,213.69,215.41,216.02,213.58,219.35,219.82,222.99,222.03,222.33,218.68,224.10,223.30,221.38,224.21,224.72,222.81,216.45,214.13,210.79,208.80,200.57,194.83,191.54,184.10,183.37,179.01,175.52,171.73,165.85,163.05,158.40,153.12,146.29,145.03,137.06,133.03,126.18,115.43,109.00,103.47,92.31
51.87,58.14,63.01,71.31,80.23,88.46,89.56,107.63,111.32,116.21,128.76,134.41,144.16,152.31,159.38,169.33,178.36,188.11,196.31,203.34,215.39,226.21,234.35,240.56,245.51,247.19,250.34,245.71,240.83,235.03,232.18,224.86,215.24,207.62,198.71,193.83,184.76,178.20,172.96,166.21,158.40,151.34,144.84,138.03,131.40,124.47,115.43,110.06,102.42,95.75,87.69,82.20
55.15,59.67,65.05,76.90,85.38,92.02,96.32,111.07,114.24,124.45,135.77,139.78,149.05,159.02,167.50,178.02,185.31,194.10,204.24,214.55,227.04,237.95,244.91,252.57,259.42,260.52,262.77,258.07,254.44,248.17,242.41,234.92,225.06,217.67,208.46,202.30,194.18,185.33,181.16,173.67,165.25,159.81,150.62,143.14,137.90,128.84,121.92,112.97,106.51,100.70,92.20,83.24
138.40,149.01,160.38,171.81,180.47,191.64,196.31,204.69,209.31,210.04,213.59,216.91,220.91,216.34,216.00,218.13,220.44,223.18,224.29,221.73,220.72,222.58,224.80,223.49,224.41,226.11,224.04,214.90,213.36,212.91,207.33,201.40,194.21,194.31,185.43,183.02,176.78,175.57,171.49,168.25,162.41,156.92,153.63,149.01,143.78,135.92,132.09,124.68,117.62,109.55,101.24,90.24
143.17,156.78,166.48,178.28,188.61,199.02,203.12,214.89,216.59,219.42,222.27,224.86,228.47,226.37,224.29,227.27,228.84,231.35,234.06,228.98,227.40,234.10,234.83,230.33,233.01,235.26,234.34,223.43,222.19,219.27,214.16,209.23,203.09,203.58,195.13,191.01,184.30,181.39,179.01,175.48,171.06,164.58,159.38,154.99,151.42,141.60,139.45,130.38,123.41,114.53,105.82,96.18
135.96,147.87,156.89,170.07,179.88,188.22,193.89,203.53,205.20,207.34,210.88,213.48,215.74,215.87,213.97,216.75,218.40,222.75,221.11,221.20,218.00,222.32,219.83,219.32,223.08,222.81,219.39,214.35,214.45,207.93,205.93,198.44,192.90,191.21,180.83,182.10,176.15,174.14,170.18,165.08,158.62,157.84,149.48,146.12,143.11,134.84,132.50,125.21,114.53,108.23,102.58,91.14
125.78,127.48,135.59,141.51,154.05,162.16,169.50,166.43,165.53,151.43,152.61,150.69,152.04,160.08,160.72,164.07,162.74,164.47,160.21,159.67,158.09,165.08,167.76,164.65,178.28,186.66,204.48,212.45,224.54,231.08,229.64,224.66,223.99,223.40,215.06,210.30,206.61,205.62,203.67,196.70,196.01,189.27,183.81,175.00,170.94,161.53,154.77,144.53,137.97,126.92,117.48,104.18
54.08,63.35,68.62,76.16,86.98,93.51,100.44,112.43,118.96,128.32,140.26,142.95,155.19,162.61,168.86,180.34,189.21,197.74,208.00,216.53,226.50,240.75,247.41,255.41,261.09,263.78,262.82,259.67,255.93,250.77,244.25,239.40,227.69,216.63,210.28,204.56,195.44,187.68,181.57,175.91,166.88,158.84,151.92,145.25,137.00,129.87,122.02,115.43,105.77,101.32,93.65,84.12
137.57,147.80,158.91,169.50,181.16,191.07,194.55,203.19,207.79,209.34,211.83,214.70,216.60,216.18,216.34,219.74,220.72,221.65,223.62,222.79,220.71,224.85,223.58,224.18,225.22,224.66,223.16,217.75,214.58,209.50,207.94,201.10,195.97,191.98,187.58,183.22,179.51,176.73,171.97,166.88,163.01,159.67,152.82,148.03,146.49,138.00,133.45,126.14,117.72,110.26,104.05,91.42
136.53,148.49,158.81,170.00,179.74,189.03,195.09,203.81,205.66,208.71,212.84,216.30,217.22,216.06,215.59,218.92,221.72,221.42,224.90,221.46,219.18,223.08,223.71,222.42,224.77,225.41,223.43,216.57,213.84,212.94,206.02,200.82,193.83,192.92,185.97,182.85,177.29,175.24,170.99,169.36,163.45,158.03,154.03,148.53,145.34,135.51,130.70,125.06,118.34,110.94,101.83,90.79
135.52,148.41,158.15,170.95,178.88,190.07,194.99,204.78,204.97,208.94,211.54,216.45,217.19,216.69,215.20,218.13,220.74,223.71,225.00,222.72,218.56,224.41,224.89,224.08,224.04,226.29,223.18,216.76,215.26,211.15,205.88,201.72,194.83,193.87,184.11,183.39,176.91,176.18,171.40,169.24,163.98,158.47,154.39,148.65,145.00,136.70,133.06,125.60,117.92,110.00,101.04,91.92
136.69,148.64,158.40,169.54,179.61,189.02,195.06,203.54,205.46,209.62,212.90,214.97,216.95,215.34,213.77,218.63,219.02,221.04,222.38,222.03,217.52,224.38,224.19,221.42,224.22,223.52,221.58,215.23,214.41,209.46,205.57,201.68,195.31,193.38,183.10,182.16,177.12,176.14,171.59,167.86,162.08,156.06,152.40,147.08,144.31,137.64,132.97,125.16,116.21,108.89,101.61,92.11
151.21,164.55,177.52,188.10,201.56,210.79,216.08,224.88,228.04,231.87,237.78,238.01,239.52,238.92,238.17,241.95,242.42,244.39,245.42,246.02,243.26,245.98,247.59,245.20,249.43,247.76,244.17,238.88,236.78,232.54,228.69,222.65,215.82,212.08,203.60,201.10,194.59,192.77,189.38,184.26,179.25,177.00,169.28,163.25,160.02,152.43,149.19,140.46,129.76,120.07,112.00,100.90
139.32,153.05,165.85,176.83,185.41,196.25,202.88,213.21,214.09,218.04,219.25,223.83,224.74,224.70,221.90,226.13,227.71,231.95,232.24,230.84,227.31,229.44,233.26,231.04,233.17,233.75,232.74,223.76,221.11,218.22,215.06,207.51,202.06,200.19,191.82,188.88,182.43,179.23,176.98,173.23,170.99,162.39,160.38,154.29,152.11,140.13,136.70,128.89,121.64,115.21,102.69,93.43
56.29,62.80,68.10,78.87,84.76,95.05,101.92,114.34,120.83,129.76,136.69,144.45,157.08,163.11,171.49,180.18,191.00,199.99,209.44,217.08,229.07,239.27,248.22,252.92,259.47,264.00,263.15,256.32,255.23,250.10,244.46,236.22,221.71,220.33,211.75,204.79,192.59,186.13,180.04,175.09,165.11,157.14,149.22,140.69,136.62,124.96,119.95,112.97,105.12,101.02,91.26,80.81
134.66,149.12,157.80,171.06,179.74,188.28,197.12,203.07,207.18,208.52,212.02,214.70,217.12,215.76,213.36,217.82,218.23,221.08,224.66,222.58,220.13,223.09,222.85,222.61,223.81,225.30,223.22,215.82,213.55,211.59,207.51,201.00,194.28,193.67,184.68,181.01,175.96,175.03,171.19,167.55,163.00,157.18,151.95,146.58,143.78,136.82,133.22,125.10,116.93,108.05,102.08,89.87
56.04,62.36,71.34,77.39,84.96,90.92,100.44,117.34,121.20,128.55,137.32,144.01,153.06,161.76,171.23,181.04,189.77,200.26,208.63,214.67,228.40,240.69,248.70,255.84,258.63,260.11,262.84,258.07,255.41,249.02,244.81,236.18,222.65,218.98,209.25,202.87,193.16,184.44,177.07,174.05,164.66,157.81,150.22,143.13,135.86,126.67,119.23,111.54,105.77,98.81,91.27,82.98
136.89,148.12,161.40,171.40,180.00,189.74,198.09,205.00,206.19,211.00,212.62,215.80,215.87,216.52,215.74,217.45,221.38,220.91,224.21,221.78,220.02,222.41,224.18,222.87,225.04,225.86,221.94,214.85,214.28,213.22,205.68,199.00,193.13,192.52,185.61,182.01,175.41,173.30,169.50,166.64,163.23,155.82,152.19,146.29,145.69,137.46,130.05,123.17,118.56,110.05,100.08,88.64
52.33,60.81,66.73,75.13,83.49,92.11,98.81,112.81,115.32,123.26,132.85,138.57,149.20,156.06,164.17,173.74,183.00,190.91,199.61,209.34,218.68,231.03,238.21,242.63,251.07,249.74,253.51,251.23,245.98,240.07,234.14,227.88,216.38,210.23,200.42,194.13,185.81,179.07,173.35,167.93,158.29,153.44,143.76,136.56,130.02,120.57,115.43,107.79,100.84,94.73,87.98,79.65
109.48,118.56,127.19,132.59,139.13,146.51,145.91,152.55,154.16,153.05,154.02,153.46,154.74,151.92,152.03,151.83,150.57,153.57,151.42,149.60,154.87,156.78,166.47,164.51,176.20,183.08,198.57,199.42,203.30,203.93,204.98,203.89,205.42,206.64,200.53,198.44,193.93,189.21,189.71,184.22,182.06,174.77,169.24,164.61,158.03,149.91,144.36,135.65,127.42,115.97,107.48,96.88
141.87,154.47,167.84,177.54,188.29,198.07,204.63,213.85,216.62,219.54,223.81,225.47,227.72,225.51,224.54,228.48,233.00,231.69,235.61,232.42,230.08,236.33,236.41,233.01,235.54,236.84,234.18,227.75,226.06,224.38,217.82,210.04,205.65,203.00,196.88,193.78,186.10,182.65,178.90,178.28,172.79,166.02,161.51,155.71,153.06,144.26,139.09,130.78,125.20,117.27,107.06,96.32
137.09,147.87,157.99,170.16,181.96,191.38,194.76,203.07,207.30,207.62,213.60,214.25,216.23,217.38,216.19,219.69,219.53,222.44,221.65,222.42,220.11,222.83,224.62,222.89,226.38,226.43,221.14,215.24,213.97,211.21,206.42,201.00,195.43,191.17,184.23,182.53,178.10,176.82,172.90,166.01,160.02,156.67,152.03,146.29,144.00,137.41,134.48,127.35,116.73,109.49,101.52,92.13
135.96,148.22,159.31,170.42,179.57,190.54,193.85,203.93,207.00,209.88,211.61,215.29,218.18,217.19,215.61,217.80,220.95,223.26,224.16,220.20,220.10,221.92,224.89,222.16,225.42,227.01,221.96,215.39,214.28,212.51,206.52,199.08,193.20,191.64,186.87,182.66,177.49,174.66,170.33,166.87,163.38,155.77,154.74,147.79,144.55,135.21,131.85,125.40,120.11,111.02,101.40,90.44
74.01,84.06,91.71,101.49,108.00,116.08,121.70,134.62,137.18,147.15,153.17,158.38,165.20,170.70,173.37,182.43,191.69,199.58,205.35,212.27,219.00,228.53,234.71,239.88,243.68,246.00,244.52,240.48,238.44,235.42,227.86,220.23,209.95,207.02,200.16,190.98,183.67,178.37,169.59,167.84,159.11,150.14,145.73,135.68,131.69,123.48,114.53,106.78,102.04,95.63,87.46,80.01
134.16,144.28,156.04,167.72,176.83,186.75,190.94,200.52,201.95,205.64,207.95,212.01,212.88,212.25,211.62,213.19,216.28,218.50,220.33,217.68,215.96,219.46,220.62,217.88,221.12,222.04,221.00,211.65,210.54,206.52,202.83,198.98,189.27,190.39,182.92,180.80,174.73,172.79,169.05,166.36,161.47,154.94,151.54,148.05,141.72,134.18,130.54,123.31,115.43,109.22,99.64,90.38
54.42,60.67,66.60,74.33,84.85,92.46,96.61,111.36,116.66,122.00,133.66,140.58,150.38,158.08,163.29,174.01,181.60,190.39,199.61,208.97,219.59,229.27,235.54,242.59,247.32,248.31,249.06,249.06,246.59,237.60,234.08,225.79,214.67,206.89,197.43,191.71,184.50,177.79,171.81,163.84,155.63,150.01,142.21,135.60,129.07,118.87,112.64,106.10,99.16,92.66,85.87,77.08
53.24,63.51,68.43,75.11,85.59,95.13,101.12,114.69,120.15,128.56,140.06,146.01,155.13,163.95,171.70,182.48,189.13,199.08,208.87,215.71,229.94,239.63,247.95,254.88,262.41,260.35,265.07,258.80,255.15,247.41,243.51,236.62,223.40,215.42,207.69,201.31,192.31,185.71,179.00,172.19,164.15,157.41,149.47,141.03,135.06,124.78,119.28,113.00,104.92,98.23,90.55,81.86
50.99,58.69,64.51,74.06,84.15,91.30,98.11,111.65,116.76,123.10,135.68,138.65,147.12,156.16,165.06,176.03,180.62,191.15,200.01,206.31,219.00,230.21,236.41,243.02,248.50,246.53,250.19,246.86,243.74,236.92,232.82,223.64,213.24,207.04,198.22,192.57,183.31,176.48,170.66,164.23,155.57,149.94,141.60,133.30,127.13,119.52,113.36,104.75,98.47,93.00,86.40,78.11
150.90,163.11,175.32,184.59,198.93,210.07,213.22,224.15,226.29,229.53,234.08,237.95,238.17,238.38,237.81,240.25,240.98,242.92,244.61,246.01,241.53,246.35,247.01,246.05,247.31,249.82,247.20,239.64,238.00,233.81,230.21,223.00,214.72,211.06,204.66,198.46,195.02,192.42,187.95,184.07,178.72,174.43,168.58,162.41,160.46,150.70,147.51,138.35,128.14,121.00,113.23,100.42
52.24,60.61,67.07,72.53,82.02,92.18,97.27,112.09,118.88,125.94,135.03,142.39,152.12,158.62,164.88,177.25,185.61,195.00,205.53,210.10,220.48,231.60,239.88,243.26,248.16,253.40,255.49,246.98,244.53,241.17,233.08,228.71,215.36,210.04,202.30,194.64,184.30,178.04,170.58,165.68,157.54,148.53,143.13,136.34,131.13,120.22,112.71,105.17,98.60,91.76,84.90,77.23
46.27,52.39,55.47,66.01,72.95,79.08,84.29,96.67,101.20,107.56,115.28,124.06,128.27,139.23,144.53,156.16,167.55,181.47,186.34,195.76,209.75,226.07,236.92,251.25,256.33,264.32,264.44,259.20,255.34,246.66,240.35,230.42,218.15,210.00,201.91,195.83,186.32,177.88,172.59,164.56,157.70,149.62,141.79,135.47,128.75,119.47,112.95,105.12,98.35,92.65,85.62,75.72
135.34,146.51,157.69,169.01,178.60,187.67,192.94,200.82,205.27,207.89,210.30,212.25,213.60,213.77,213.02,217.35,216.40,220.30,219.83,221.33,218.82,222.50,222.77,221.01,221.00,223.32,219.83,213.85,213.68,209.07,206.12,199.32,193.67,190.54,184.07,181.34,177.02,173.42,169.16,164.81,161.79,157.66,152.75,146.51,143.57,137.30,132.77,125.00,116.43,109.59,101.08,91.66
59.14,65.74,75.17,83.10,93.48,99.30,107.79,124.46,129.34,136.78,147.05,154.83,165.19,170.18,174.64,186.55,196.90,206.01,215.11,221.02,234.73,245.78,256.64,262.23,265.92,266.19,268.79,262.95,258.05,255.98,245.78,237.89,229.06,222.11,215.26,206.16,195.78,188.45,179.64,175.87,166.15,159.78,151.73,144.39,137.57,123.76,120.54,111.87,105.95,98.49,91.92,82.23
58.59,66.89,75.00,82.37,95.69,99.50,106.98,124.62,128.41,135.21,148.22,154.39,164.16,172.59,177.12,187.18,196.66,207.23,216.45,224.52,237.14,246.66,255.76,262.15,266.49,267.56,269.26,264.00,262.39,255.18,248.70,241.60,228.71,221.42,215.08,205.32,198.46,189.74,181.79,176.85,167.86,160.52,151.79,144.01,137.30,128.08,118.46,111.52,106.63,98.15,91.44,82.22
152.64,166.09,172.13,174.94,195.80,206.70,219.43,227.77,231.28,231.40,236.52,241.17,243.26,240.44,239.60,245.23,247.20,247.11,246.84,249.15,243.68,249.10,250.06,248.62,251.81,251.10,251.44,240.52,237.26,235.26,230.52,222.41,217.28,213.24,209.68,204.61,198.28,194.08,191.60,186.87,182.02,177.51,172.03,164.75,162.96,153.64,148.49,141.32,131.19,124.10,116.18,103.16
150.86,163.49,176.47,188.04,199.72,208.00,215.08,224.38,228.62,230.00,235.05,237.19,239.17,239.26,236.92,240.52,243.46,242.39,245.97,245.39,242.05,245.75,248.20,244.53,246.91,249.10,246.55,238.67,234.01,231.81,226.81,218.84,211.95,210.62,203.77,200.66,194.49,192.59,187.68,183.44,177.56,171.90,168.08,161.40,158.70,148.00,144.78,138.01,129.27,120.55,110.86,98.86
135.00,147.09,156.42,167.26,177.50,187.26,190.91,200.85,203.34,204.66,207.85,211.98,214.15,212.14,211.80,214.39,216.04,218.40,218.82,217.35,216.84,219.02,220.78,220.41,221.03,222.55,219.54,213.81,209.88,207.70,203.33,197.67,192.08,188.16,182.00,178.24,176.14,173.03,170.95,163.67,160.08,154.05,151.09,146.00,141.83,134.37,129.81,124.31,116.42,109.66,100.32,89.19
59.54,68.03,72.67,83.26,92.66,101.02,109.12,124.53,130.17,140.29,147.17,154.81,164.23,171.40,176.07,188.79,198.60,208.43,216.45,222.14,237.41,246.71,256.10,262.27,264.66,269.00,267.59,263.53,258.82,255.98,248.65,240.83,230.22,223.71,215.00,205.51,194.54,188.22,179.81,176.71,167.74,159.89,151.85,143.67,135.96,125.90,119.47,111.02,104.85,98.84,90.26,81.47
126.67,146.74,153.31,167.15,177.87,183.86,189.62,197.88,199.91,201.68,208.31,208.09,210.29,211.42,210.19,214.11,215.30,217.01,219.91,217.01,215.37,218.81,217.64,219.32,220.79,218.41,217.27,211.62,209.54,205.34,199.94,195.35,187.09,184.04,175.86,175.64,172.82,167.71,164.75,160.90,156.54,152.90,145.34,140.13,138.06,132.44,129.85,123.23,113.44,108.71,100.01,92.36
59.30,68.96,73.01,85.87,94.64,102.42,111.76,126.25,130.97,142.00,148.22,154.32,165.00,174.56,180.80,194.02,199.61,210.06,218.55,228.65,238.67,248.34,257.19,263.03,269.65,268.09,270.56,265.89,263.52,255.54,251.77,243.38,230.69,220.11,210.94,205.20,197.77,191.48,184.17,175.48,166.71,160.70,151.01,144.26,136.88,128.04,120.04,111.00,104.06,97.99,91.00,81.02
57.25,64.38,59.09,74.28,85.96,102.79,103.39,118.70,119.57,123.63,132.74,141.44,153.91,161.45,165.66,177.28,185.52,195.85,208.02,217.92,227.43,240.00,247.49,255.86,262.02,265.00,268.07,262.25,258.12,251.87,247.07,238.52,224.27,217.11,207.56,201.41,193.31,183.39,176.62,169.65,163.13,154.74,147.76,139.20,132.97,121.34,116.18,109.00,103.17,94.73,87.80,79.03
50.21,55.54,55.73,62.27,71.57,83.95,84.22,103.94,109.34,115.80,128.57,137.88,147.60,155.00,165.92,175.80,187.26,198.31,205.46,211.52,226.38,239.74,247.63,255.41,260.13,266.83,267.12,261.03,257.12,251.77,246.16,236.14,224.18,218.94,211.01,202.87,193.22,185.46,177.05,171.96,162.86,153.38,147.30,138.19,131.87,120.51,115.80,108.17,100.45,94.37,85.91,78.89
75.01,64.78,66.22,62.37,70.34,85.00,93.91,123.69,122.33,137.06,138.76,142.00,143.78,164.03,168.65,183.04,194.16,205.68,215.86,225.08,236.10,247.49,255.03,262.51,272.20,273.56,278.60,275.49,273.79,265.34,262.27,251.34,240.63,231.49,221.25,215.52,206.32,196.56,191.05,181.22,174.11,167.41,157.01,149.16,141.51,131.02,124.68,115.97,108.23,100.69,94.15,84.53
58.25,65.74,64.88,75.06,82.93,94.03,96.02,104.29,105.68,112.72,121.92,130.08,143.03,149.62,156.54,166.11,175.38,184.13,194.16,199.88,219.94,234.14,246.94,254.47,261.08,265.71,268.87,265.45,262.67,253.18,247.10,235.37,223.38,217.17,208.06,200.61,190.52,181.71,175.51,168.24,161.14,153.22,146.33,136.93,130.86,119.82,113.85,107.56,99.72,93.43,85.99,76.97
56.89,63.91,71.22,78.77,87.09,95.78,102.11,116.52,120.42,130.19,137.93,146.17,157.84,164.47,171.17,181.43,190.67,204.43,212.17,219.92,235.49,244.86,254.66,263.77,267.71,273.89,274.13,268.25,262.82,257.38,252.83,242.07,230.05,222.93,215.13,206.55,196.42,189.40,183.08,177.16,167.36,158.62,153.39,142.64,137.09,124.92,117.71,110.89,104.75,97.49,89.83,80.52
54.13,60.80,65.38,74.25,83.01,91.41,96.46,110.72,115.62,123.17,130.51,138.92,149.89,156.28,164.14,173.57,182.70,192.28,203.69,209.48,221.00,232.31,242.47,250.42,255.64,257.42,259.73,253.64,250.06,245.73,238.16,229.61,218.63,213.85,204.08,196.42,189.06,178.49,172.54,165.08,159.02,149.79,144.75,136.30,130.39,118.88,113.89,106.78,98.72,92.44,85.70,76.12
54.34,62.29,67.05,75.93,84.65,93.91,99.01,111.83,116.71,125.17,136.03,140.43,150.08,158.96,164.20,175.84,183.88,194.74,204.02,209.48,225.51,238.42,245.20,250.93,259.86,260.34,262.39,258.79,255.23,247.68,243.98,236.43,225.02,216.33,206.49,198.76,192.00,183.58,177.03,169.06,159.93,152.32,145.34,136.03,131.05,121.66,115.38,107.79,101.24,94.20,86.47,78.29
108.47,118.81,128.02,138.13,143.39,152.90,155.79,164.20,165.46,166.64,170.33,169.71,172.70,168.58,171.17,170.88,170.51,176.80,170.88,167.36,165.42,165.72,170.18,173.61,175.31,181.40,197.49,202.61,208.75,212.45,214.98,214.77,211.62,214.90,206.60,203.82,199.68,197.01,193.72,187.42,187.75,180.80,172.65,169.96,163.86,154.40,147.72,137.53,130.10,121.10,112.07,98.37
145.44,157.54,167.74,179.40,193.13,204.45,210.04,218.25,222.60,224.84,230.87,234.54,236.81,236.19,238.21,240.63,243.66,245.69,249.93,247.41,245.59,251.87,252.30,252.05,252.10,253.53,248.85,243.02,237.08,234.96,230.34,222.08,214.23,211.34,203.07,200.87,192.09,191.15,183.70,179.14,172.31,169.31,160.01,157.95,152.51,145.24,139.78,132.00,122.15,113.75,108.76,95.08
55.07,64.01,70.26,79.20,88.77,96.18,101.04,117.61,122.07,127.91,138.13,144.75,153.32,161.31,169.58,179.62,186.76,198.30,205.83,213.32,225.50,234.92,244.50,250.73,256.70,257.16,257.60,254.20,250.45,245.77,239.53,231.94,219.06,210.92,205.07,195.60,189.42,180.55,174.04,168.02,158.81,152.97,143.42,136.21,129.71,119.71,112.71,106.30,100.21,93.05,85.62,77.16
59.54,67.19,74.40,83.38,93.77,99.49,106.78,123.46,129.25,135.18,146.99,151.27,160.20,168.75,178.51,188.09,197.80,208.06,216.62,223.75,237.50,245.17,256.13,264.91,267.90,269.88,271.28,268.16,265.28,258.31,252.48,243.08,230.23,223.81,215.56,208.15,198.25,190.19,182.33,177.61,167.61,160.29,152.51,144.42,135.15,125.16,119.33,111.97,104.24,97.87,90.80,82.49
38.01,60.11,68.07,83.24,94.26,100.69,109.33,119.92,129.06,137.35,146.48,153.22,163.22,171.21,178.14,188.86,199.29,207.74,216.69,223.67,236.55,247.95,257.11,261.96,270.19,272.53,273.88,268.00,264.27,256.07,249.45,241.87,230.36,223.67,214.98,206.53,195.97,188.67,182.95,175.14,167.43,158.67,151.99,143.41,135.88,125.16,117.00,111.49,103.82,96.05,89.81,80.28
57.20,63.57,67.72,78.10,87.69,94.85,101.51,115.88,119.36,127.04,139.67,141.66,152.01,160.65,169.10,179.10,187.00,199.97,208.24,215.59,228.18,239.27,247.73,253.20,263.94,262.25,262.73,260.36,256.00,249.54,245.18,235.17,224.06,216.45,208.02,199.49,191.76,183.92,177.56,170.50,162.86,153.11,146.37,138.06,131.91,122.43,115.21,106.89,100.00,93.05,85.21,78.11
146.32,154.26,171.13,184.46,194.24,200.52,209.19,218.68,223.08,226.50,229.40,234.17,236.14,236.35,235.55,238.62,241.91,243.20,248.90,245.66,244.36,248.91,250.41,248.85,249.05,250.19,247.75,238.80,235.59,235.65,227.11,220.74,213.21,209.34,203.77,197.41,192.57,190.24,185.16,179.98,173.95,167.37,164.12,155.32,152.90,142.84,140.00,131.47,125.16,116.18,106.53,95.19
56.57,63.78,68.41,80.36,91.35,97.29,102.79,118.36,122.53,130.82,142.34,150.03,159.79,165.85,174.15,183.61,193.20,202.01,212.61,221.12,234.14,245.67,255.31,261.87,267.82,267.81,270.83,268.58,261.51,257.70,251.78,242.68,231.50,221.82,212.45,205.72,199.09,190.54,182.13,175.18,165.05,158.69,147.57,139.71,134.62,125.00,118.98,110.22,102.22,95.71,89.11,79.25
53.71,63.41,68.47,77.39,88.48,95.52,101.77,114.34,120.60,128.76,140.73,146.24,155.33,161.94,172.03,182.99,190.69,200.45,210.58,217.28,230.71,242.14,251.18,256.28,264.85,265.84,267.91,263.75,261.54,252.05,247.24,237.97,225.02,216.36,207.87,202.04,193.85,184.84,178.51,171.49,162.86,154.94,146.73,139.12,132.02,121.26,116.02,108.30,100.85,93.05,86.02,76.69
55.00,62.39,71.20,77.16,85.73,95.52,100.42,116.21,121.08,128.63,138.29,145.91,156.49,161.62,170.51,180.06,191.46,202.48,213.52,215.41,229.92,241.67,252.00,257.10,262.18,268.33,267.38,260.02,258.09,254.47,244.02,236.24,224.16,218.87,211.44,202.25,191.60,183.27,175.14,173.35,163.78,152.46,147.76,140.04,132.85,120.21,114.48,106.78,100.42,94.25,86.68,77.41
53.37,61.52,68.41,77.20,83.49,94.64,98.27,114.24,119.21,125.72,136.00,143.59,153.01,159.36,166.64,178.08,187.41,197.71,207.01,213.77,225.75,235.16,246.40,251.29,258.75,261.08,259.49,255.00,254.26,245.54,241.48,233.56,222.30,213.30,204.79,198.20,189.69,180.69,174.96,166.39,158.04,149.70,143.89,135.35,129.77,118.53,113.02,105.08,98.01,89.69,85.15,76.61
64.66,70.94,77.93,87.62,95.46,103.31,106.78,123.91,129.10,134.38,146.10,152.19,160.61,170.34,175.03,186.57,195.93,206.49,214.76,222.95,236.04,247.03,257.48,261.70,269.46,271.83,271.66,270.25,265.28,260.63,253.67,245.05,236.14,228.67,220.74,211.01,202.76,194.76,190.08,182.02,171.73,166.23,157.51,148.37,142.86,129.26,124.02,115.45,106.47,98.60,91.18,82.57
57.45,66.07,72.56,79.92,89.20,98.62,104.14,120.03,127.88,134.24,145.58,152.51,161.23,168.66,176.56,186.53,196.01,207.93,218.12,225.60,238.41,250.87,260.25,268.20,271.35,277.14,277.20,271.84,268.26,260.92,255.38,246.89,234.18,227.02,218.22,209.75,201.12,193.02,182.70,178.84,169.17,160.33,152.20,144.35,138.16,125.69,120.30,112.29,106.04,97.32,89.94,80.32
57.72,66.61,72.11,84.31,90.09,97.67,105.19,121.84,127.25,135.06,142.87,153.81,161.97,169.05,176.17,187.80,198.60,209.76,220.27,226.24,238.40,250.80,263.01,269.07,271.66,277.42,279.16,272.55,267.07,264.08,254.44,246.45,234.40,228.36,219.01,211.97,200.53,192.08,184.09,181.00,170.00,161.25,155.18,144.13,137.77,125.00,119.82,111.76,106.17,98.60,90.61,80.52
128.32,140.25,151.95,161.79,171.56,180.24,185.84,194.93,196.89,201.59,203.59,207.15,207.76,210.24,210.07,212.72,213.79,218.92,219.54,219.00,214.16,219.58,219.34,219.46,220.59,221.68,216.54,210.21,208.63,204.38,200.26,194.10,185.61,182.58,175.33,173.56,168.24,167.72,163.11,158.15,153.00,149.25,143.84,138.92,136.88,129.45,127.10,120.42,111.20,104.06,95.75,86.28
56.14,63.25,70.77,79.61,89.68,96.69,104.24,120.02,122.69,132.22,140.66,149.97,158.82,168.51,174.66,184.39,194.08,205.64,217.08,222.14,236.40,248.00,257.11,263.12,268.40,272.64,274.48,269.60,264.85,258.54,252.74,242.92,230.71,224.66,215.93,206.32,198.34,190.87,180.29,177.50,167.26,158.32,151.08,143.13,137.19,126.02,118.60,112.33,105.39,96.10,88.84,79.63
61.03,71.70,77.03,84.85,92.42,98.98,108.30,120.51,124.17,133.28,142.34,150.33,155.50,165.00,171.09,183.70,190.69,202.63,211.44,220.19,232.55,243.53,251.64,258.12,264.68,267.73,269.26,264.61,261.46,254.68,249.97,242.50,231.14,223.18,215.26,210.00,199.68,192.51,186.25,178.66,170.65,163.82,156.00,146.75,141.48,129.03,122.04,114.59,105.55,100.18,90.27,80.96
142.36,154.04,166.51,178.34,185.80,196.74,202.04,211.60,215.87,218.52,220.27,220.47,224.01,222.79,221.88,226.15,228.37,228.95,231.92,228.81,224.29,228.84,232.02,232.54,232.17,231.16,232.36,224.01,224.21,222.73,213.06,208.17,203.07,202.47,192.63,192.00,184.39,182.50,179.29,176.05,170.36,164.92,162.53,155.57,154.98,146.75,143.22,136.00,128.72,120.83,112.65,98.48
54.13,62.63,69.53,74.81,86.65,94.85,100.42,112.45,118.19,126.10,137.83,143.22,154.21,158.52,166.97,177.16,187.45,197.77,207.51,214.55,227.76,237.01,247.17,252.62,260.02,261.11,262.61,258.24,255.18,247.61,244.18,233.00,222.41,214.05,206.32,200.26,191.48,181.99,176.49,169.81,159.80,152.28,143.75,136.56,129.76,120.15,116.11,106.61,100.85,90.93,85.15,78.45
58.52,65.95,70.71,80.99,92.76,98.95,107.08,121.64,128.04,133.75,144.94,150.86,161.81,170.65,179.49,186.69,198.04,208.63,218.63,227.71,239.08,251.87,261.28,269.01,274.85,277.15,277.61,273.99,270.43,263.90,260.13,248.03,234.44,225.74,218.05,211.78,202.68,191.01,187.04,180.07,169.78,160.85,153.53,144.46,137.06,127.20,120.81,112.72,105.42,97.02,90.47,80.21
57.58,65.95,73.16,81.91,90.51,96.46,106.92,121.94,127.88,135.68,143.54,153.21,163.20,170.00,177.61,186.04,198.67,211.12,222.43,228.16,238.32,252.17,261.28,270.60,273.21,279.52,280.22,274.16,271.12,265.51,256.74,246.84,234.65,230.15,222.19,211.90,200.11,192.66,185.53,182.21,172.41,160.64,155.77,146.66,139.32,127.06,119.89,111.54,105.60,98.23,89.27,80.50
57.04,65.80,69.89,79.81,89.94,99.46,106.57,119.68,126.87,134.18,144.18,151.49,160.21,170.23,177.09,188.86,196.46,208.84,219.92,226.37,236.91,251.15,260.10,266.18,271.67,274.77,277.02,270.30,267.59,262.55,254.69,244.99,233.42,225.89,217.25,207.50,198.24,191.02,184.95,177.80,169.19,161.21,153.06,143.89,136.57,126.13,120.49,112.45,105.23,96.75,88.64,79.62
58.46,63.25,69.26,79.62,90.43,96.08,102.42,117.11,120.35,127.86,140.51,145.00,154.40,164.07,173.01,180.55,192.11,200.85,210.74,219.17,230.60,240.85,251.79,257.62,264.43,266.08,265.65,263.23,258.32,253.65,247.07,237.29,225.14,219.18,209.40,202.30,192.78,185.65,176.50,174.24,163.67,155.71,147.63,138.68,132.67,119.97,115.73,106.93,100.50,92.09,87.01,78.11
57.31,66.37,72.11,78.01,88.77,97.74,108.76,124.06,130.59,135.09,141.90,153.10,162.00,173.00,178.89,188.00,199.02,212.04,219.42,225.49,237.72,250.46,260.58,265.96,271.18,276.70,279.10,270.15,266.12,260.28,254.83,244.97,232.77,226.55,217.15,209.99,198.88,191.05,183.92,178.24,168.24,160.11,154.03,145.25,138.16,124.34,118.68,109.99,103.82,97.58,89.59,81.02
59.91,68.41,74.25,82.98,93.68,103.25,106.57,123.46,129.00,136.03,148.14,152.27,163.25,173.00,180.69,189.18,199.01,213.81,218.40,227.90,239.82,249.78,262.27,269.44,276.26,274.78,277.89,274.49,270.13,261.67,258.59,249.20,235.05,227.69,219.02,212.43,202.41,193.84,185.73,180.31,169.85,163.62,153.72,146.29,138.00,127.39,122.48,114.02,106.04,97.32,92.02,81.04
55.95,63.03,71.34,79.76,87.02,97.05,102.45,116.91,121.92,128.32,138.23,145.89,151.82,163.96,171.29,179.64,187.88,200.01,208.43,215.52,229.86,240.60,248.67,255.13,261.36,261.84,264.57,260.66,256.28,249.00,244.18,235.23,223.62,215.75,207.65,200.12,192.02,182.63,177.90,168.58,160.86,155.62,146.49,137.20,131.23,119.97,114.48,106.71,99.62,92.20,83.73,77.08
55.04,62.29,69.89,78.26,87.02,94.83,101.83,115.45,119.21,128.04,138.00,144.59,153.53,161.82,168.51,182.24,187.11,198.84,206.53,215.13,226.14,236.14,245.98,252.98,259.27,263.80,261.38,258.02,254.95,246.45,242.99,236.30,222.00,214.19,205.78,198.64,190.16,182.65,177.79,169.50,160.16,151.56,145.23,136.24,130.36,119.94,111.79,106.30,98.27,91.09,84.39,75.80
57.80,66.37,70.18,79.12,89.56,97.08,103.94,119.47,125.94,131.58,142.13,146.97,156.60,165.95,173.79,183.74,193.93,202.76,213.88,219.94,233.93,245.37,253.48,261.01,267.99,267.78,266.59,265.59,260.44,256.07,249.60,240.80,227.78,219.17,211.57,203.05,194.80,188.22,178.54,173.30,163.53,158.47,148.41,140.46,133.66,121.40,116.28,108.78,101.97,92.91,85.59,77.10
57.31,67.98,71.02,81.34,90.96,99.33,104.14,118.33,123.24,132.57,142.34,147.41,158.47,163.81,172.15,185.54,192.44,202.94,213.48,220.95,234.48,243.53,253.24,260.05,267.81,268.79,269.76,264.59,263.05,256.12,250.32,238.60,227.69,220.76,211.74,202.94,196.47,188.22,181.73,170.77,165.68,156.98,149.68,141.38,133.87,124.06,117.41,109.29,100.85,92.57,86.88,77.83
144.45,158.35,169.57,182.70,193.83,204.28,210.44,219.13,223.83,225.74,233.08,235.60,236.60,237.01,238.95,239.65,243.50,246.27,246.91,245.88,248.13,249.61,250.32,251.54,251.80,252.44,249.87,243.98,239.87,232.85,229.32,223.99,215.43,212.79,205.30,201.16,194.88,190.00,184.61,181.89,175.33,170.88,165.01,159.33,153.84,144.94,140.13,132.85,124.02,116.07,108.23,97.42
58.08,65.73,73.93,81.22,90.69,97.53,105.26,119.11,126.38,133.65,142.62,148.76,158.42,168.29,176.37,184.11,192.90,203.58,213.69,220.17,235.08,243.46,251.73,260.50,265.00,268.56,271.31,266.02,264.56,257.75,249.39,240.84,227.37,221.63,213.02,203.69,194.62,187.88,179.69,172.10,165.85,158.49,149.58,141.04,135.92,123.23,117.34,110.11,100.50,94.83,86.33,77.47
55.97,50.00,67.08,80.13,84.21,91.84,96.66,112.07,116.28,123.33,136.18,140.47,152.01,160.38,168.08,177.14,183.37,196.95,204.88,212.12,226.86,234.35,244.72,252.35,257.50,260.97,260.26,255.22,252.99,244.44,242.24,234.39,217.95,211.29,203.07,197.34,188.22,181.73,176.07,167.36,160.08,152.03,144.55,137.09,129.45,119.85,113.57,105.80,98.84,89.55,84.72,77.16
62.20,71.03,78.55,86.49,92.63,100.42,106.23,120.81,126.12,132.55,139.28,146.24,157.29,162.79,172.07,181.25,191.38,200.64,210.89,216.02,227.43,242.03,251.03,255.41,260.25,263.50,266.41,261.54,259.92,254.42,243.46,235.79,226.02,221.73,213.56,206.17,197.21,189.34,181.11,177.10,169.07,161.15,154.26,142.66,138.40,125.67,117.66,111.00,105.69,97.08,88.28,78.49
57.49,67.05,72.53,79.93,89.50,98.23,105.42,117.55,122.00,130.15,142.06,146.77,156.43,163.36,173.01,182.44,192.28,201.25,208.81,217.35,230.33,241.81,249.76,257.41,263.80,265.52,264.88,263.69,256.56,251.11,246.11,238.47,225.06,218.33,207.85,201.54,193.23,184.79,178.60,173.53,163.03,156.67,146.49,139.36,130.68,121.66,116.62,107.62,99.72,92.14,84.72,76.11
51.66,62.94,72.03,76.92,86.28,95.82,97.74,115.10,119.27,127.24,136.03,143.68,154.21,159.20,166.21,176.82,187.28,198.70,205.91,212.36,225.57,236.18,245.08,250.33,256.22,259.51,261.08,253.24,251.87,246.22,240.13,231.66,218.93,213.34,204.08,198.31,186.75,179.25,173.00,169.53,162.15,152.12,145.09,134.73,131.22,117.39,112.45,105.00,98.09,91.66,83.10,75.27
62.07,67.68,75.61,84.90,92.02,103.37,107.34,121.59,130.19,136.18,146.22,153.00,163.45,170.07,179.01,189.21,200.06,209.82,219.18,225.02,239.27,251.00,260.68,268.00,273.22,279.58,278.95,271.22,268.00,261.92,253.65,247.78,235.10,228.73,219.02,210.01,202.53,191.76,185.35,181.03,170.14,160.31,153.58,146.41,137.57,125.71,119.85,112.64,104.89,97.74,89.55,79.26
66.48,74.65,79.63,89.47,98.01,106.08,111.22,124.20,130.08,136.85,146.22,155.08,163.86,170.03,177.16,187.80,196.02,204.88,215.60,222.14,238.25,250.58,258.50,264.04,271.41,271.46,273.47,269.30,268.29,262.15,255.16,246.79,235.67,228.62,220.00,213.71,205.04,198.06,189.68,183.96,174.01,164.83,158.42,150.12,143.69,131.24,124.08,115.43,106.61,99.64,91.20,81.84
58.08,65.80,70.94,77.13,89.83,96.57,102.36,116.09,121.28,128.04,141.68,145.72,157.11,162.86,170.30,180.01,190.52,196.16,209.06,216.32,228.59,238.52,249.97,254.16,261.01,260.85,262.53,260.25,253.51,249.29,244.00,235.92,224.20,215.71,205.78,200.34,191.90,183.87,176.24,171.23,161.32,154.64,146.76,138.11,129.03,120.34,113.76,106.61,98.72,90.35,83.24,76.06
58.42,68.45,73.43,83.15,90.43,99.73,105.17,122.30,127.00,133.84,145.61,153.73,161.77,170.42,178.47,189.97,200.14,210.30,219.49,224.44,237.76,250.59,260.36,267.12,269.23,274.87,277.08,270.19,268.33,261.87,254.21,244.23,231.97,227.06,217.01,209.75,198.15,189.95,182.78,179.33,170.07,160.02,151.95,142.01,137.44,124.20,117.72,108.41,102.12,96.02,86.73,78.10
144.25,157.43,168.68,181.80,190.60,203.67,210.24,217.94,221.14,226.06,229.40,233.52,235.01,234.89,237.55,240.62,243.29,246.91,249.97,247.35,244.80,253.16,250.97,251.44,254.28,254.56,252.99,242.74,241.08,235.59,230.78,223.49,215.98,216.36,204.44,201.90,196.25,191.13,187.30,182.78,177.79,171.49,167.37,159.00,154.93,147.00,140.58,133.96,127.02,119.71,108.17,96.33
55.76,61.39,70.04,78.77,88.39,95.29,100.81,116.08,118.85,130.36,136.93,144.28,154.78,162.34,170.53,181.16,188.81,199.12,210.04,213.97,225.88,239.44,249.02,257.42,260.02,264.17,266.33,259.02,255.89,250.23,243.81,234.35,222.40,215.13,206.71,199.81,190.41,183.02,175.00,172.26,164.27,152.95,147.31,136.19,131.10,119.57,114.34,106.79,100.62,91.29,84.31,75.01
57.31,63.56,71.34,79.40,89.16,94.53,103.58,116.18,122.64,130.63,139.18,144.73,155.68,161.20,170.65,179.57,191.64,198.22,209.65,214.40,229.58,239.89,249.97,256.22,263.07,262.73,266.92,265.18,258.19,252.03,244.88,236.48,222.52,217.26,206.60,202.25,191.64,184.44,177.37,172.70,162.00,155.42,146.89,137.71,131.03,121.02,115.41,106.53,98.99,90.35,85.15,75.27
142.87,156.68,166.59,179.01,190.69,201.10,207.18,215.62,219.71,224.29,229.10,231.87,234.34,234.34,237.32,239.38,243.51,246.71,247.95,247.10,247.34,252.11,254.01,252.24,252.72,253.14,249.90,243.84,240.16,234.96,231.37,225.50,218.55,211.74,203.00,200.02,193.40,192.77,185.98,180.47,174.38,169.11,162.86,156.43,154.16,143.78,139.83,130.86,121.38,113.30,107.04,96.57
54.04,61.06,66.73,76.40,90.51,95.80,101.53,116.18,118.00,128.08,139.72,143.84,154.87,162.56,168.88,177.89,188.82,198.28,208.04,215.62,228.66,239.73,248.45,254.89,259.89,263.12,263.71,260.00,258.13,248.20,244.01,236.41,223.04,215.33,206.70,199.12,192.35,182.50,176.41,169.94,162.54,154.55,146.25,137.30,132.14,120.95,115.02,105.39,99.16,91.78,84.22,74.81
140.77,155.32,168.19,180.89,190.37,201.43,206.65,216.31,222.40,225.89,229.97,232.85,236.28,236.12,236.86,240.24,242.10,247.83,250.91,249.10,250.73,252.96,255.79,254.20,256.01,256.63,254.33,244.39,242.89,237.74,232.91,223.56,216.95,215.52,206.90,202.08,195.67,191.23,185.95,182.22,177.10,167.87,164.45,157.41,153.03,145.06,139.28,131.59,123.97,116.69,106.07,95.29
143.54,157.51,166.01,180.57,192.07,198.34,206.16,216.91,222.99,221.44,229.99,233.60,237.31,234.36,232.73,239.28,241.66,246.47,249.77,248.58,247.82,252.00,254.12,253.80,254.79,256.98,252.72,243.46,240.47,238.67,232.74,225.70,217.34,215.81,205.93,204.36,194.67,189.76,185.15,182.73,176.05,167.71,165.42,156.60,154.93,143.68,139.47,131.24,122.92,115.83,105.10,95.19
144.01,156.46,170.00,180.35,191.64,201.11,208.63,220.08,221.90,226.88,233.60,234.10,240.20,238.65,238.10,242.62,246.09,249.84,251.73,250.86,251.01,254.47,258.55,255.14,258.54,257.95,253.45,246.40,245.12,240.03,234.01,225.94,219.53,217.82,208.09,204.38,196.70,191.27,187.38,182.73,177.55,171.74,165.30,160.03,155.93,144.73,141.87,132.61,123.20,114.61,107.78,95.04
138.71,155.19,165.76,178.73,185.78,195.87,200.41,211.95,214.89,217.81,220.23,221.88,226.04,227.22,224.27,229.46,229.53,233.11,234.54,234.77,238.08,241.40,243.33,243.35,245.33,246.52,246.48,241.30,240.01,235.48,231.15,225.08,220.47,217.08,210.35,207.28,202.55,200.30,196.79,190.04,185.43,183.70,175.18,170.39,166.97,160.58,154.49,146.09,137.20,129.25,118.95,109.12
143.96,153.94,169.96,186.21,190.52,203.06,212.61,215.82,224.85,226.43,232.33,234.69,239.03,236.60,237.54,243.61,244.20,249.24,251.39,252.37,249.84,256.43,257.08,255.16,257.67,256.22,254.23,247.58,244.97,239.38,235.61,224.90,218.01,213.53,204.29,201.64,192.35,190.72,186.72,181.55,175.51,171.68,160.26,158.15,152.07,143.85,137.99,129.19,120.84,109.93,105.80,94.43
146.01,158.70,171.06,183.96,196.41,205.88,212.00,222.62,227.78,231.16,237.69,239.42,244.14,243.82,243.53,248.13,250.89,254.43,258.54,257.75,257.39,260.11,263.88,261.28,263.29,263.65,259.31,251.01,247.78,243.25,239.27,231.19,223.04,217.70,210.83,206.12,197.65,194.59,188.86,183.66,177.61,172.68,165.74,155.67,155.80,144.47,141.35,133.73,123.91,112.81,105.19,93.30
145.41,156.54,168.44,183.53,194.92,205.08,212.36,220.73,227.38,229.86,236.86,238.42,243.02,242.54,244.08,248.56,250.26,254.57,256.46,257.53,255.82,260.38,264.68,262.73,265.03,263.82,261.05,251.56,249.21,244.13,238.88,230.78,223.16,218.59,210.29,207.51,199.14,197.43,189.62,183.08,176.23,171.77,167.22,157.01,154.87,142.51,140.25,132.82,123.66,114.48,104.24,93.81
52.50,58.52,65.25,74.33,81.05,90.25,95.90,108.78,114.77,122.58,132.20,137.19,146.03,153.81,160.86,169.54,181.11,193.60,200.83,208.04,221.06,231.35,239.77,249.43,252.52,256.47,254.19,249.10,246.22,240.33,235.15,229.58,216.69,212.04,201.26,195.50,186.68,182.12,173.00,166.00,158.64,149.34,145.34,136.24,129.47,117.64,112.29,103.35,96.90,90.09,81.40,72.73
137.44,155.12,170.85,181.08,194.31,204.98,211.98,221.05,224.47,230.59,235.30,239.84,243.02,243.61,241.91,249.20,252.64,254.77,259.06,256.43,252.56,259.20,261.03,259.72,261.56,262.49,260.16,250.20,248.29,245.80,238.88,229.60,219.79,220.08,210.75,203.16,195.36,192.52,185.61,183.04,177.26,167.91,165.19,156.54,151.72,139.54,137.06,129.03,117.48,108.67,97.86,89.81
144.06,157.28,166.11,181.66,193.65,204.30,209.40,223.11,229.03,231.02,236.52,239.28,242.84,243.85,242.60,247.70,252.68,255.69,258.72,256.73,255.65,261.40,261.88,260.93,262.57,262.01,257.93,251.61,247.65,244.59,239.93,231.09,220.42,216.84,208.10,203.50,195.90,190.00,185.61,182.00,175.64,169.11,163.68,155.08,151.08,140.09,134.50,126.65,119.40,109.37,102.47,91.79
46.84,54.12,59.82,69.46,78.71,86.61,92.02,108.24,114.21,122.32,134.62,139.36,150.60,156.08,164.37,177.02,186.53,197.02,207.17,216.45,230.10,241.68,250.20,256.73,263.23,266.15,266.29,262.27,258.96,251.77,246.10,238.47,225.11,217.68,209.40,203.00,195.00,187.66,183.00,174.93,167.45,158.01,150.63,143.13,136.30,124.39,118.38,107.71,100.42,92.36,86.02,76.00
144.31,159.33,168.36,181.01,195.53,207.15,213.84,224.15,228.02,230.85,237.01,241.01,244.88,246.46,245.18,252.12,254.92,258.16,261.37,260.72,256.35,262.10,262.62,261.71,264.70,263.29,259.20,253.44,250.28,243.81,242.51,232.54,222.77,218.39,206.40,203.67,198.01,193.40,186.55,181.47,173.81,169.76,160.58,154.51,148.08,139.59,135.37,128.60,118.27,110.16,101.21,91.05
111.22,123.07,132.31,140.01,146.70,157.08,157.43,164.05,168.13,171.48,175.39,173.30,172.19,173.11,174.18,176.26,174.50,175.76,167.24,164.51,158.38,160.31,164.58,163.37,173.62,184.25,205.65,219.39,229.48,234.97,234.18,228.84,221.27,223.58,213.97,210.80,203.39,200.10,197.27,188.31,188.38,180.31,170.00,166.68,160.21,152.07,143.84,134.48,125.00,116.66,107.02,94.87
143.00,154.98,168.12,180.35,193.40,203.33,209.99,220.41,223.66,228.95,235.02,237.19,241.81,240.63,241.57,247.58,251.05,252.69,256.22,255.31,251.83,256.89,256.91,258.01,259.08,258.12,254.59,250.00,244.30,239.68,235.69,227.44,217.01,211.24,203.89,198.64,192.35,188.96,181.52,176.57,170.70,166.21,157.54,150.00,147.08,136.21,131.47,122.81,114.63,106.48,101.95,87.42
42.20,50.33,55.54,65.07,75.00,82.71,89.94,106.53,110.60,118.19,128.76,135.92,144.06,155.08,163.25,175.24,184.79,195.88,205.78,215.68,227.50,239.35,249.02,256.25,262.49,263.34,263.87,261.28,256.87,249.48,247.43,236.66,224.08,216.01,208.54,201.08,195.83,187.38,180.92,173.98,165.25,158.49,149.26,143.20,135.59,123.69,117.00,108.34,101.12,92.31,85.73,75.69
41.19,49.24,56.60,64.66,73.74,82.15,88.53,103.97,109.66,118.46,129.39,136.62,145.09,156.08,164.69,175.33,185.46,197.96,208.57,216.75,232.88,242.10,252.77,260.02,265.28,265.77,267.27,262.79,259.33,253.27,249.20,237.56,225.66,217.20,209.90,203.39,195.48,188.10,180.94,174.77,165.42,160.03,151.40,142.77,136.00,125.03,118.07,107.91,101.98,91.93,85.00,77.32
42.72,50.61,59.14,66.01,73.76,85.44,90.69,108.50,114.35,124.65,131.83,143.53,154.35,161.99,169.30,182.28,195.51,207.91,219.01,224.54,239.71,251.72,262.07,269.43,274.17,278.50,279.97,271.91,268.89,265.27,257.15,245.52,234.09,228.71,218.30,211.75,200.12,192.72,186.59,182.44,173.40,163.49,159.00,149.45,141.83,127.53,121.02,111.76,105.19,97.62,86.35,80.06
41.76,49.82,57.69,65.73,71.81,81.74,87.71,107.70,112.16,124.60,131.65,141.83,153.59,162.00,169.09,183.31,195.53,207.97,218.16,225.47,239.78,253.03,264.57,269.26,275.54,280.79,279.90,272.00,269.31,262.71,256.43,246.06,233.89,226.61,217.30,209.58,199.90,191.98,186.02,181.52,172.00,161.70,157.18,145.77,139.53,126.72,122.04,111.07,104.69,95.34,88.01,79.62
132.03,142.66,153.15,163.51,175.73,186.94,193.33,201.30,202.88,207.27,212.27,216.31,218.00,216.62,215.42,220.42,221.71,223.08,227.20,223.54,218.29,222.27,223.39,223.03,222.70,222.14,218.00,212.20,210.30,205.77,200.30,195.36,184.36,182.44,173.93,170.00,165.47,162.79,156.70,151.43,146.37,143.28,135.77,130.10,125.87,116.81,114.59,108.06,101.51,93.48,87.69,79.40
52.92,61.01,68.01,75.74,84.10,95.63,103.59,120.74,124.42,133.06,139.78,152.55,161.82,168.31,177.23,188.22,196.54,208.06,219.18,225.14,240.17,249.23,256.76,263.91,270.82,274.27,272.92,267.86,263.19,258.10,251.81,241.10,229.02,222.12,212.46,204.90,196.29,188.60,180.49,175.51,168.34,159.68,152.45,142.86,138.20,125.67,118.95,109.66,102.93,96.40,87.32,77.93
47.89,58.83,63.13,72.01,83.22,93.38,99.36,116.10,122.79,131.24,142.21,149.94,161.55,169.19,176.96,187.47,198.01,208.43,216.62,226.74,239.94,247.88,257.10,262.18,268.38,268.16,269.23,261.03,258.27,251.64,246.98,235.31,220.05,213.15,202.95,195.79,187.75,179.20,173.57,165.25,156.78,149.25,142.35,134.33,127.61,117.00,112.70,101.98,97.14,88.41,82.30,75.18
53.01,59.21,68.00,75.29,82.01,91.07,98.27,114.93,121.02,129.00,139.09,146.10,157.93,165.89,172.82,186.32,197.57,208.75,217.75,225.18,239.21,249.04,258.77,265.20,270.65,272.15,271.91,265.59,263.35,254.88,250.32,239.28,223.38,217.39,209.02,201.64,191.27,182.58,174.73,169.54,161.94,154.03,147.60,139.00,132.88,119.82,113.85,105.42,99.98,93.62,85.70,77.01
53.25,61.47,68.07,76.58,84.76,94.37,100.42,115.35,122.64,130.74,140.09,147.14,157.80,166.11,173.76,187.32,197.23,209.29,217.68,223.83,239.10,247.59,257.26,264.19,267.68,272.52,270.75,262.27,257.09,252.29,245.98,234.88,220.12,215.06,204.75,194.54,187.54,176.05,170.50,167.57,158.37,148.95,141.99,134.36,128.08,117.64,111.83,104.12,98.48,90.35,84.29,75.60
155.24,169.85,181.23,196.31,207.89,217.20,222.80,232.33,234.36,239.02,240.33,243.25,244.03,241.60,238.65,242.80,243.61,244.17,244.83,240.88,233.70,238.38,238.08,238.30,239.91,240.64,235.02,228.22,225.20,222.08,218.76,209.20,202.78,200.12,191.09,190.13,187.47,183.81,178.08,174.89,169.99,163.78,160.53,154.87,152.12,146.01,143.60,136.19,128.69,121.82,114.21,103.77
153.05,167.43,178.07,191.95,204.20,214.46,220.68,228.18,232.14,234.80,233.55,238.25,238.38,236.10,233.44,237.88,238.35,241.07,239.61,234.92,230.49,233.98,234.48,233.36,234.80,235.02,232.85,224.86,222.19,219.83,214.90,210.84,202.41,204.63,195.75,193.61,188.28,183.44,182.01,179.81,174.91,167.87,165.49,160.80,158.43,152.74,145.80,139.43,134.18,128.23,118.13,106.62
152.97,166.02,177.16,191.51,203.04,214.11,220.08,227.88,232.36,234.08,237.26,237.76,238.95,239.59,234.92,240.05,240.15,240.03,241.59,239.08,235.09,237.00,237.46,235.58,238.30,238.88,235.72,231.62,225.89,222.70,219.86,211.73,206.74,203.55,197.20,195.90,192.17,189.53,186.20,183.07,177.16,172.79,168.07,163.45,161.89,155.43,152.86,143.18,135.76,126.92,120.77,108.24
148.12,162.00,171.97,186.63,198.60,207.82,214.11,220.62,224.15,228.12,231.92,232.11,235.00,234.34,231.40,237.12,237.92,237.26,237.88,235.94,233.62,238.21,238.08,238.01,238.92,238.87,237.70,234.04,231.62,227.86,225.02,220.03,214.97,213.51,204.63,204.25,201.06,198.17,195.48,191.37,185.41,183.17,176.92,171.97,171.76,163.11,160.73,151.33,141.77,133.24,127.13,112.80
133.51,144.03,154.55,166.00,177.34,188.30,191.21,200.69,202.06,207.06,210.20,211.75,213.15,213.62,212.08,213.85,214.37,216.36,216.57,215.73,214.11,218.67,217.45,217.68,221.27,221.25,219.76,216.12,214.67,209.50,209.38,204.13,199.09,198.59,191.40,189.39,187.22,183.17,181.60,176.71,173.37,171.23,165.34,159.26,158.34,151.43,148.07,139.70,130.42,123.03,116.91,105.55
75.17,85.38,92.70,103.32,113.53,123.04,132.23,147.96,153.88,164.30,173.22,178.31,189.53,195.53,200.89,214.19,221.11,230.83,241.98,245.64,254.40,263.43,272.43,274.77,279.33,277.14,276.44,267.99,264.76,256.01,249.23,239.10,225.22,215.59,207.33,197.69,188.15,178.22,172.70,170.19,160.85,151.33,144.46,137.44,130.94,119.71,111.76,104.81,100.90,93.91,87.01,77.37
139.20,151.99,162.31,174.86,186.10,196.65,200.64,211.98,215.42,218.33,225.42,226.02,227.84,229.63,230.64,233.21,233.62,237.43,239.04,240.67,240.63,245.13,245.94,247.89,249.61,251.31,251.44,245.49,245.08,239.74,240.76,234.04,232.17,226.72,221.45,218.63,216.34,212.60,210.12,206.90,200.11,197.97,190.94,184.05,180.68,172.24,170.50,161.15,149.37,140.36,133.41,120.90
77.49,87.37,98.08,107.45,117.64,127.49,134.06,152.61,157.87,165.08,173.77,182.60,190.17,198.34,202.14,215.33,222.18,233.03,241.83,246.92,255.43,264.46,272.22,275.11,279.61,283.01,280.33,269.81,266.73,260.68,252.05,241.45,227.77,222.69,215.08,204.40,194.54,186.68,180.08,175.86,168.29,157.18,152.49,141.53,136.69,124.33,116.62,107.78,101.21,94.64,85.63,77.88
82.57,93.94,102.58,112.54,122.15,133.45,141.16,155.98,162.56,172.25,178.71,186.94,195.39,200.90,208.81,217.04,227.50,238.44,247.15,250.88,259.67,270.91,276.64,280.02,285.46,286.97,285.85,278.21,273.66,266.63,258.82,248.24,234.31,230.12,220.41,211.42,201.14,194.80,186.90,184.29,174.63,167.29,159.45,147.38,142.97,130.08,122.12,114.02,106.21,97.94,89.07,79.51
79.40,91.00,97.65,108.63,118.66,130.18,136.82,149.21,157.89,163.60,174.73,179.98,187.26,196.62,202.11,210.24,219.86,227.67,237.17,244.24,252.57,262.77,269.53,273.02,278.37,278.79,277.35,273.30,266.69,260.39,252.86,244.63,230.05,224.12,215.41,208.63,200.96,193.83,186.27,181.55,170.99,165.70,156.54,147.36,141.82,129.26,122.79,113.55,104.79,96.21,89.11,79.16
78.79,90.97,97.13,109.04,120.15,130.39,134.47,148.95,154.46,161.93,171.42,178.22,183.41,191.17,197.40,210.10,216.28,223.65,232.00,238.21,249.73,257.56,263.25,269.65,273.34,275.98,275.07,269.02,268.17,258.85,253.57,241.47,230.50,222.00,212.85,207.69,199.68,193.61,188.68,180.88,174.03,165.05,156.32,149.25,142.24,130.51,122.54,112.22,104.40,96.93,89.63,77.10
130.17,144.27,156.20,165.12,177.51,189.01,195.73,207.29,212.44,216.82,222.46,225.49,230.59,231.23,232.47,236.81,239.73,244.01,247.32,245.80,245.49,249.83,252.46,252.56,254.06,254.77,255.00,249.26,247.89,246.74,241.87,237.81,233.08,236.18,227.00,225.00,219.97,214.70,213.85,210.44,204.22,197.19,193.83,184.68,183.00,173.63,169.01,159.79,150.84,141.16,133.06,118.70
121.20,135.07,145.56,155.90,167.26,176.50,185.65,195.60,199.84,204.28,213.03,215.28,220.55,222.27,224.59,228.06,231.28,236.43,240.01,238.73,238.89,246.66,246.78,245.80,248.07,250.74,247.65,242.89,242.24,237.95,235.37,229.80,224.01,225.42,216.82,214.55,208.43,206.52,203.35,198.98,193.91,189.24,183.00,174.89,171.41,162.31,158.22,150.47,142.86,132.64,126.14,113.25
117.55,129.71,141.23,152.76,162.98,171.48,179.39,192.51,197.91,202.63,206.13,211.69,214.76,217.22,219.67,226.21,227.27,234.03,234.10,235.14,234.08,240.20,242.03,241.57,244.93,248.36,245.11,237.08,236.78,233.11,229.89,223.18,217.42,218.19,212.22,209.88,202.87,199.92,198.00,193.20,188.40,180.24,177.20,168.39,166.09,155.66,151.16,144.09,137.59,127.91,118.51,107.62
120.33,132.88,142.20,154.00,164.00,174.72,183.08,194.55,198.49,205.29,211.97,213.86,217.79,219.97,224.27,228.60,229.59,237.19,236.61,237.63,240.02,247.07,245.51,245.12,247.74,249.30,246.20,242.05,240.47,234.79,234.95,226.60,220.95,217.59,213.46,210.84,204.36,199.46,199.04,194.06,188.30,182.91,176.98,168.91,165.08,159.13,151.95,145.04,136.47,127.77,119.57,108.72
122.00,136.88,144.59,156.85,170.08,179.79,186.53,199.83,203.33,209.20,215.39,218.56,223.99,226.74,230.65,232.86,237.15,240.71,243.38,244.97,247.16,250.06,253.25,251.27,253.79,254.23,252.80,248.29,245.72,239.35,237.63,230.41,224.59,220.49,215.70,212.95,206.18,203.59,199.29,191.80,186.68,182.02,175.23,169.92,165.50,155.54,153.17,146.01,135.37,125.13,120.21,108.30
115.88,126.92,140.01,145.77,158.52,169.71,179.12,190.65,194.64,201.06,205.65,208.59,213.40,214.79,220.27,221.20,226.38,229.38,231.81,230.96,228.55,234.52,238.21,236.48,236.54,240.52,237.99,230.93,228.00,227.06,221.45,214.80,208.15,210.32,203.03,203.49,194.29,190.21,188.22,183.88,179.91,173.95,171.01,162.86,159.01,149.91,145.67,138.31,131.03,124.33,113.14,101.79
120.10,136.69,144.13,155.79,167.89,178.49,186.01,197.27,202.25,206.34,212.60,217.50,220.49,222.14,226.10,228.66,233.21,236.56,238.42,239.11,237.92,242.21,246.22,247.41,246.09,249.20,246.10,241.28,236.86,232.66,228.35,219.92,214.04,211.78,206.90,201.46,196.06,190.94,187.83,184.72,179.34,171.55,166.05,161.48,154.86,148.95,142.39,131.73,127.28,114.39,111.45,99.30
118.83,133.46,142.43,152.51,165.01,175.91,180.85,191.32,196.04,202.34,207.68,210.76,213.01,215.62,219.06,221.84,226.24,227.07,230.15,229.61,231.25,234.80,238.19,238.25,240.03,239.92,237.07,234.36,229.10,226.15,221.04,214.65,210.01,207.02,201.56,199.16,192.59,188.05,183.10,179.01,173.95,169.33,161.01,157.21,152.46,146.58,140.53,134.42,122.98,112.87,110.16,97.80
119.85,133.06,143.14,153.31,166.90,175.35,182.63,192.07,196.02,202.74,209.62,212.60,214.11,215.76,220.44,222.09,225.38,229.24,231.66,229.20,230.79,236.03,238.03,238.41,239.14,239.46,237.49,232.08,230.41,225.36,222.69,216.39,210.30,206.02,203.07,199.61,193.83,186.97,186.76,180.71,176.14,172.24,163.37,158.08,154.29,146.24,140.77,134.63,126.02,118.70,111.77,100.08
131.87,145.45,157.51,172.53,181.95,194.99,201.44,212.85,219.49,225.87,229.53,234.42,235.49,236.88,240.52,243.46,248.29,253.03,254.69,253.58,251.59,254.15,258.04,260.40,260.54,263.37,260.00,252.01,252.72,247.88,245.15,236.01,229.73,231.39,223.01,219.74,212.88,209.01,206.63,202.09,196.54,187.00,184.95,178.46,172.94,162.61,157.00,150.36,144.06,135.01,121.79,111.80
130.39,143.61,154.38,165.10,178.01,190.18,194.31,202.77,210.15,212.41,216.67,219.91,223.32,222.71,223.06,227.48,229.40,230.70,233.23,233.82,232.74,237.60,238.74,237.98,241.42,244.86,243.21,235.85,238.42,233.08,230.41,224.57,220.12,220.06,213.18,212.13,211.04,208.39,207.88,200.02,199.32,192.51,187.02,183.17,180.68,171.01,167.72,159.13,151.38,142.04,132.88,118.97
130.10,143.35,154.18,164.62,176.08,189.02,193.96,202.23,207.69,211.03,216.39,218.58,223.58,220.74,222.31,226.80,228.86,231.71,234.14,233.90,232.65,236.86,239.76,239.28,242.32,244.70,242.86,238.00,237.54,233.48,231.59,226.90,221.07,224.12,215.46,213.78,209.72,207.07,207.34,203.04,199.83,194.08,189.62,183.58,181.75,171.35,168.32,159.71,152.47,143.84,136.31,119.04
119.71,131.14,142.72,151.24,161.62,173.44,177.20,186.94,191.32,192.38,198.92,201.02,203.49,202.16,202.02,206.17,207.80,211.02,211.55,212.43,208.47,210.49,210.79,208.89,211.90,212.17,208.31,203.60,204.86,200.09,199.12,192.77,188.56,191.11,186.55,184.61,181.69,181.08,179.81,178.34,175.03,169.01,165.60,163.92,161.38,153.69,153.47,145.79,139.94,130.10,125.21,111.07
121.38,135.15,147.46,157.29,165.20,177.00,180.75,193.35,196.06,200.24,202.94,208.00,210.77,210.32,210.24,214.25,213.88,218.33,218.77,217.50,215.74,217.67,217.08,216.67,217.08,220.27,218.83,208.40,208.48,207.04,203.19,197.84,197.00,199.32,195.67,194.18,192.63,190.91,192.48,187.28,187.48,181.73,180.47,177.73,175.96,166.21,163.81,156.31,151.58,143.40,134.46,121.50
126.05,139.28,148.66,159.84,172.01,183.35,187.39,195.87,199.15,202.41,207.71,210.30,212.32,213.00,213.59,216.27,218.22,222.89,221.00,220.06,217.47,219.46,219.15,219.57,220.52,220.13,219.11,213.47,211.93,211.01,207.78,200.39,202.36,203.95,199.29,198.00,198.44,198.60,199.49,195.06,194.47,192.51,187.77,183.81,182.85,175.39,174.00,167.26,158.98,150.63,142.90,131.03
124.78,136.88,147.23,157.00,167.29,179.23,182.50,193.78,198.34,201.09,205.01,207.97,210.24,209.91,210.12,212.01,213.82,215.23,216.59,217.08,214.87,215.68,216.75,216.17,218.87,219.94,215.41,211.43,210.06,211.99,209.35,206.32,205.87,208.24,204.46,205.78,204.53,206.65,207.18,203.49,204.12,200.26,198.67,191.04,191.64,184.26,183.20,173.57,166.19,155.24,147.08,133.26
120.42,133.06,144.51,155.08,162.02,174.83,177.72,186.47,194.37,195.66,198.21,203.42,205.23,205.53,206.53,207.76,207.97,210.32,212.49,211.10,209.62,210.54,211.54,211.09,213.52,216.95,212.53,205.01,208.29,207.53,204.48,202.89,203.60,206.52,203.54,203.22,202.94,204.64,205.68,202.09,203.34,199.01,196.35,191.60,190.82,184.07,182.02,172.94,165.85,154.74,145.62,131.88
121.76,135.16,146.49,158.46,166.09,177.18,182.46,192.84,199.01,199.48,203.53,207.47,209.70,208.54,210.29,212.12,212.61,218.33,216.01,214.97,214.39,218.40,217.49,219.28,219.35,220.20,218.28,213.66,214.83,214.11,213.57,211.02,211.44,213.48,210.28,208.80,209.66,210.28,211.01,207.06,206.49,202.87,200.38,196.31,196.03,187.88,183.15,174.42,166.21,160.33,147.05,134.81
120.25,133.81,141.76,150.99,160.95,172.33,176.03,184.38,189.02,193.06,199.12,201.66,203.92,202.42,205.91,209.15,206.81,209.76,209.61,210.02,208.75,212.51,213.88,213.21,215.76,217.11,216.67,211.85,215.39,211.01,213.82,210.86,213.46,215.78,209.69,210.24,210.49,211.15,212.05,203.40,205.83,202.74,198.85,195.97,191.76,182.63,179.69,174.83,165.33,158.62,139.52,126.06
127.62,138.71,149.35,160.08,173.63,182.01,185.60,196.31,200.83,206.63,211.48,214.45,212.85,215.47,218.01,219.91,221.23,223.01,226.29,223.65,223.22,224.88,229.32,231.16,229.37,230.78,233.57,232.43,229.84,230.59,230.47,229.40,230.25,231.62,229.17,230.57,227.86,226.68,226.35,226.06,221.38,219.40,212.28,204.02,205.30,194.54,190.92,181.73,173.37,161.38,153.73,137.80
86.77,97.62,105.02,114.06,121.31,128.00,130.60,139.04,139.86,147.08,149.26,147.98,147.87,146.73,150.76,151.92,148.92,149.97,147.00,144.93,139.95,146.89,145.72,149.40,155.00,156.59,159.89,155.03,155.43,158.90,157.92,154.98,146.70,148.00,149.88,149.16,150.44,149.47,155.08,157.50,165.00,163.68,156.01,153.58,154.98,152.32,145.07,137.89,130.00,122.07,116.93,106.79
119.94,133.96,144.55,155.27,165.42,175.35,180.77,192.02,197.09,200.69,203.04,207.54,209.95,211.85,210.79,219.59,219.87,223.91,224.16,222.95,225.06,228.87,233.94,234.65,234.79,242.25,242.89,236.21,239.45,237.12,235.14,231.19,232.03,232.90,230.49,228.05,225.57,221.88,223.27,219.39,217.35,210.15,208.21,204.85,201.07,190.67,185.63,177.00,169.19,160.91,145.50,132.56
120.60,135.42,142.35,155.55,167.72,175.73,181.46,193.49,197.27,200.82,207.35,207.02,210.43,213.40,215.19,221.63,221.27,225.33,227.23,228.71,230.53,237.02,242.05,242.24,245.61,247.29,247.74,247.17,247.14,242.61,242.99,238.08,238.90,234.65,234.44,231.81,230.53,225.02,225.83,221.69,218.75,216.52,208.12,205.65,201.10,195.06,188.17,181.28,169.58,161.45,149.28,134.08
122.02,136.48,147.08,159.66,169.04,178.84,184.57,196.39,199.26,204.12,207.65,211.34,216.95,216.07,217.44,225.82,226.27,231.16,231.09,234.71,237.13,239.73,247.62,249.76,253.33,256.22,256.13,252.13,253.75,250.06,248.00,242.87,241.36,241.27,237.02,237.07,232.71,227.88,228.25,223.21,223.76,215.78,213.00,205.91,201.16,194.93,187.84,179.90,171.24,162.20,146.10,132.85
124.04,139.13,149.20,160.58,169.96,178.54,186.08,196.41,200.35,206.20,209.69,213.18,215.67,216.98,218.22,224.08,224.88,228.82,231.68,231.80,236.71,238.30,244.77,246.35,248.82,252.29,252.87,247.78,248.89,244.88,240.69,237.17,233.73,232.01,229.14,227.68,221.23,218.05,217.19,215.81,211.98,204.38,199.83,194.74,191.00,182.58,175.79,166.88,157.38,147.72,138.18,124.89
123.18,139.23,149.79,163.36,173.08,178.51,186.08,201.72,204.17,212.51,217.19,219.01,223.38,223.40,224.97,230.79,231.82,239.46,241.00,240.62,246.98,249.82,257.11,258.00,261.30,266.37,267.47,261.20,261.09,259.34,256.63,250.05,248.16,244.77,243.51,238.38,232.57,228.71,228.00,225.79,222.65,209.75,210.49,203.84,198.37,189.19,181.64,173.17,163.96,157.05,140.87,127.02
123.91,140.43,148.22,159.85,172.86,181.18,188.96,200.11,204.88,209.61,216.36,218.72,222.07,224.66,229.44,232.22,232.43,237.62,240.05,244.76,247.61,252.26,257.98,260.85,263.37,265.93,267.92,266.18,263.90,263.01,259.62,254.24,249.57,244.07,242.00,240.35,234.08,230.46,228.32,223.71,218.51,216.52,208.61,200.80,196.02,189.24,183.36,174.04,162.93,150.33,141.66,127.39
122.48,136.85,146.37,157.54,168.05,177.20,183.81,195.23,199.27,204.44,209.39,215.39,218.32,218.16,220.91,226.55,229.58,233.11,236.02,237.06,243.15,248.82,254.87,255.23,257.41,263.41,265.45,260.35,260.03,256.91,253.16,249.10,243.53,242.46,238.81,236.04,231.70,225.85,225.79,220.45,216.00,209.70,205.12,200.96,196.49,185.56,179.77,171.21,162.64,152.90,138.20,122.98
116.50,131.31,137.87,147.09,160.80,168.00,176.24,183.24,188.09,192.28,197.69,199.40,203.96,205.04,209.31,212.20,214.71,218.20,219.20,224.24,227.42,231.69,236.10,240.13,241.81,245.46,245.20,244.24,243.92,239.42,238.95,232.42,228.32,226.56,219.11,220.24,216.82,213.43,212.05,207.70,201.91,199.46,192.51,188.05,182.08,177.61,169.94,162.81,151.35,142.04,132.85,119.47
121.74,132.59,148.00,157.44,162.87,175.48,183.05,193.09,197.37,201.65,204.41,208.93,211.52,211.97,212.58,217.75,222.91,224.32,228.08,227.30,230.24,234.20,239.26,242.00,243.29,248.21,248.58,245.39,245.41,239.87,239.24,232.13,228.08,226.68,223.16,221.45,215.86,210.06,209.34,207.62,202.83,198.13,193.83,185.01,183.32,174.13,168.44,159.79,152.12,141.21,131.24,116.73
121.17,137.57,146.40,157.03,165.41,172.70,178.21,191.47,196.06,202.20,206.79,211.75,214.67,213.83,216.02,221.18,227.69,232.14,236.01,235.61,240.28,244.28,253.16,254.66,256.82,260.93,262.95,257.44,256.31,253.81,247.88,242.64,236.60,237.03,232.59,229.24,220.64,215.36,213.55,212.51,207.15,200.85,197.39,191.51,185.55,176.10,169.28,161.45,151.56,142.00,131.24,117.39
126.85,141.41,150.89,162.86,173.77,182.98,187.39,199.69,204.17,207.29,210.39,215.19,216.37,216.57,217.83,222.71,225.89,230.67,231.62,232.12,236.48,238.53,247.33,247.49,251.58,256.10,256.16,251.03,250.94,247.17,245.42,239.64,234.39,233.41,228.46,226.07,221.43,214.98,215.13,212.81,207.45,200.41,197.43,191.44,186.82,177.05,174.05,164.78,155.00,145.77,134.35,120.24
123.91,138.28,149.91,158.86,169.58,178.06,182.01,194.26,198.16,201.41,202.65,207.04,210.26,209.75,210.19,216.46,217.75,224.29,224.93,225.67,230.59,235.03,240.38,242.44,245.39,252.25,253.86,246.56,247.42,244.76,241.37,234.83,231.17,232.44,225.08,222.34,217.82,213.62,211.40,209.09,205.10,197.73,194.20,188.50,185.19,175.97,169.24,159.40,152.74,142.94,130.10,117.07
126.92,141.35,147.27,160.70,170.84,179.57,184.04,193.05,197.65,199.62,204.62,207.51,208.81,210.72,213.46,217.08,219.97,224.59,227.02,228.53,232.65,238.76,244.68,248.49,249.48,255.97,256.94,254.06,251.56,250.03,244.30,238.52,234.16,234.83,227.69,225.86,218.55,215.67,214.16,208.12,204.92,198.49,193.51,188.16,181.03,175.68,169.25,159.36,148.79,139.13,129.77,115.85
137.93,152.55,159.39,170.14,181.25,190.59,195.88,203.68,207.09,209.89,214.35,213.32,218.83,218.98,221.06,223.79,223.81,228.97,230.25,234.35,238.83,247.11,251.21,254.33,257.41,260.85,263.01,260.56,259.95,254.44,252.29,247.63,244.03,241.62,239.01,234.54,229.01,224.40,224.16,218.76,213.08,207.95,203.38,197.65,192.63,184.72,179.23,168.91,159.14,148.08,138.74,123.91
132.37,147.65,154.55,168.00,179.11,186.43,194.09,201.70,204.07,208.73,212.14,214.72,217.22,219.67,223.14,224.64,227.11,233.50,235.16,238.72,242.42,250.13,254.16,259.72,262.82,265.14,266.48,264.19,263.30,257.42,257.56,249.23,243.76,239.64,233.21,233.42,228.37,224.38,221.55,217.01,211.55,207.46,199.81,193.55,190.00,181.24,174.81,165.98,153.84,143.21,135.24,122.20
125.94,139.40,150.27,160.03,164.00,175.41,178.27,187.77,188.09,193.74,193.75,197.52,200.20,199.14,201.06,204.88,205.34,207.89,208.00,214.13,217.75,220.64,226.11,228.06,229.46,235.49,236.41,231.23,230.23,227.41,224.96,220.79,213.65,212.85,208.54,207.65,203.69,201.56,199.04,193.50,190.28,183.84,181.14,176.17,170.45,165.00,158.90,151.74,143.10,134.39,123.43,109.77
134.30,146.67,155.67,168.30,174.29,183.46,187.88,199.45,200.02,205.06,202.94,209.02,212.58,211.62,213.22,216.18,219.34,225.06,223.26,226.46,228.54,235.55,239.71,241.98,243.70,252.29,254.20,244.44,244.95,242.99,238.27,234.07,228.01,231.40,224.40,221.84,216.23,212.71,211.82,208.72,205.18,193.76,194.16,189.17,183.98,176.71,167.57,159.80,153.44,146.39,130.08,118.46
130.48,144.54,150.37,162.66,172.41,181.41,187.58,195.16,198.18,200.80,204.94,208.10,209.90,210.67,212.01,215.08,216.60,223.29,226.99,226.05,230.96,239.40,244.12,244.93,246.59,254.19,255.36,248.21,246.66,245.02,239.35,235.36,230.85,230.93,224.56,221.72,214.60,210.77,208.86,205.41,199.32,193.33,191.64,183.97,180.71,170.56,164.62,156.00,147.50,137.44,125.57,113.05
127.56,142.21,153.21,163.25,171.64,179.98,187.40,193.75,196.66,201.00,205.41,208.08,210.76,211.32,214.23,216.00,220.37,223.14,228.71,229.47,234.94,239.48,243.95,248.62,250.15,254.68,256.30,252.61,251.38,246.62,244.35,238.95,232.82,230.23,226.06,221.00,216.39,212.72,207.74,205.65,200.19,196.62,189.84,184.35,179.91,170.75,164.50,154.78,146.58,135.80,126.65,113.56
139.28,155.33,164.48,176.26,184.45,195.36,198.93,205.41,210.95,213.52,219.97,222.32,225.41,226.26,227.65,230.18,234.35,237.59,242.39,241.53,248.03,253.49,257.31,262.20,264.01,269.54,269.43,265.98,263.60,260.68,256.28,253.02,248.56,245.16,239.47,235.93,228.90,222.99,219.79,216.09,211.15,206.62,199.49,193.28,189.45,179.91,173.97,165.08,156.20,145.99,134.08,119.54
135.07,150.48,160.00,169.96,179.23,188.35,194.05,198.50,202.63,205.00,208.87,211.40,213.32,212.98,214.23,216.62,219.86,222.41,225.84,226.77,232.12,236.21,240.35,244.99,246.97,250.77,252.97,250.06,248.68,245.01,242.08,236.36,231.84,231.22,225.54,221.23,216.79,212.60,209.35,205.54,202.80,197.67,191.04,186.12,181.14,173.46,166.07,157.69,149.94,138.68,130.86,115.39
142.05,158.62,169.55,179.40,190.22,198.91,203.93,212.49,214.84,218.55,221.38,223.58,225.14,224.98,224.74,229.31,231.70,237.19,239.13,239.85,243.60,251.79,254.95,257.77,262.38,267.96,267.45,263.03,262.67,259.27,253.81,250.31,242.74,246.09,237.49,235.44,228.97,224.38,223.16,219.78,214.25,208.41,203.93,197.75,192.82,183.37,175.89,166.09,158.50,150.21,135.37,122.12
135.45,150.23,158.76,170.56,178.64,188.47,195.03,204.32,207.30,209.88,212.91,215.24,217.00,217.42,217.52,222.28,222.78,231.05,231.67,231.35,236.77,241.48,246.95,248.87,251.92,256.60,255.98,250.00,248.17,246.33,240.65,235.15,230.46,229.84,225.51,221.72,214.25,209.62,208.00,204.22,198.66,189.61,187.92,181.57,177.78,167.66,160.46,151.92,144.27,137.13,121.04,109.20
141.77,156.68,162.86,176.03,188.41,198.21,204.02,211.01,213.65,216.36,222.33,222.14,223.65,225.39,227.27,230.71,231.86,235.77,238.77,239.10,243.66,250.60,253.75,256.44,259.79,260.05,261.20,258.50,255.97,252.00,246.59,242.17,235.21,232.38,227.98,225.02,217.48,216.91,212.34,207.95,201.64,198.43,189.17,183.61,179.14,173.05,165.15,158.69,148.06,136.57,126.91,112.75
134.18,148.19,160.38,169.76,179.95,188.14,196.31,203.79,204.41,207.62,210.00,211.88,216.42,215.61,214.60,218.96,222.25,226.38,228.69,227.27,230.48,237.00,242.32,242.67,247.41,249.82,250.43,245.23,243.40,241.99,236.54,229.89,224.51,223.40,221.46,215.94,208.89,205.80,202.80,200.35,194.99,188.88,185.92,177.07,172.41,162.05,157.16,148.12,140.62,132.74,119.10,104.81
138.29,152.63,163.03,173.01,180.32,190.12,196.43,204.36,207.86,209.47,209.66,213.34,215.82,215.03,216.12,219.01,220.80,225.14,227.97,225.42,228.62,236.14,238.76,241.35,242.54,247.70,248.21,241.36,240.44,237.50,233.85,227.26,222.04,223.02,217.08,213.60,208.17,204.88,202.43,196.84,194.03,186.20,182.61,176.82,173.79,163.98,153.94,147.38,140.04,133.52,118.66,105.76
137.30,150.63,160.70,171.54,181.82,188.96,196.46,204.44,206.53,207.41,208.97,212.85,216.09,213.94,216.12,216.33,221.01,224.32,226.64,225.20,228.12,233.14,237.95,238.31,242.13,245.70,246.13,240.26,240.17,236.03,228.97,225.08,220.00,219.36,215.41,211.68,204.56,201.61,198.65,195.65,191.60,182.16,179.57,172.80,168.34,158.37,152.64,144.01,137.64,128.00,114.84,102.18
142.90,156.37,169.43,178.53,187.10,197.12,202.71,210.76,214.44,215.46,219.64,220.64,221.36,221.72,221.44,226.00,224.64,230.10,231.48,232.13,235.77,241.23,243.25,244.83,249.20,250.19,250.06,242.85,243.35,239.00,235.17,231.17,225.04,224.16,218.16,213.71,208.06,205.91,204.16,196.57,193.75,187.04,182.13,177.41,172.00,163.20,156.37,147.79,141.35,130.86,119.27,105.48
154.03,168.03,179.00,190.52,200.00,206.71,215.52,220.76,221.77,224.06,223.45,227.48,229.17,226.74,223.33,229.10,229.20,234.18,234.16,232.36,234.05,241.55,244.92,247.46,247.73,251.10,252.67,245.15,246.74,243.67,238.03,234.78,227.22,228.82,221.46,219.11,211.85,209.15,207.50,205.29,200.32,193.88,190.52,184.02,180.48,170.88,163.49,155.54,146.75,139.94,126.73,111.83
136.62,149.93,161.64,171.05,181.43,188.28,194.65,204.02,205.91,208.94,212.32,215.67,217.34,216.36,216.64,221.54,225.57,229.45,229.94,229.73,232.14,239.17,240.64,240.64,243.96,249.24,249.16,242.51,238.10,238.03,230.78,225.62,219.91,218.52,211.90,207.80,199.55,197.12,192.94,189.76,183.88,175.51,172.47,166.43,162.29,151.46,143.89,136.40,128.32,118.46,106.21,97.49
144.01,158.40,169.33,180.25,189.21,197.89,203.82,211.75,212.42,215.13,217.09,218.25,220.05,217.83,217.35,222.83,223.79,228.89,227.49,229.58,232.44,236.35,240.88,242.01,246.17,248.36,245.65,241.51,241.12,239.30,234.56,227.90,221.92,221.17,216.33,214.56,206.94,203.81,201.82,195.21,192.39,186.94,183.81,176.64,170.75,161.72,155.33,149.11,140.09,131.23,118.95,105.65
146.33,161.94,169.00,181.00,190.55,200.01,204.60,211.05,213.12,215.23,218.68,219.53,221.14,219.49,220.00,224.80,225.89,228.43,230.18,230.67,231.32,238.16,241.34,240.19,246.08,246.87,246.09,240.15,240.48,237.12,232.47,228.97,221.46,222.04,214.39,212.28,207.51,204.36,199.91,196.31,190.43,186.94,180.81,175.48,169.03,161.97,157.47,148.97,138.32,129.32,119.92,105.02
146.73,161.76,169.85,180.24,191.56,201.66,206.86,215.37,215.75,218.01,220.93,221.62,223.89,222.87,221.63,228.32,228.95,233.14,231.39,235.13,236.60,238.38,242.86,244.40,245.90,248.36,247.16,241.96,243.21,239.47,235.59,228.08,221.06,222.41,215.04,211.46,205.92,202.56,198.40,195.00,190.67,184.09,180.01,171.19,169.85,160.65,153.91,145.01,136.62,128.44,117.15,103.75
142.01,157.31,165.61,177.55,187.26,195.53,201.76,209.82,209.88,212.76,216.18,219.20,217.25,220.42,221.20,225.23,224.08,231.04,231.59,233.73,232.86,240.28,243.31,243.29,247.13,248.26,246.91,245.46,243.82,239.10,237.08,231.93,223.22,221.47,214.55,211.09,204.45,203.42,199.15,193.75,187.55,183.74,177.67,170.51,166.77,159.96,152.50,145.00,133.15,124.20,113.74,101.71
142.05,157.28,166.29,175.39,189.11,197.50,199.85,209.03,209.09,211.95,217.12,217.51,217.92,219.13,221.52,223.95,226.56,230.20,229.90,234.00,234.20,240.25,241.76,244.76,249.56,246.83,247.20,243.05,244.20,238.60,234.93,227.06,222.64,217.99,213.40,210.30,205.24,204.29,198.65,191.59,187.54,183.04,174.94,168.57,163.89,156.85,151.64,143.38,131.85,120.43,113.07,102.40
138.85,151.65,163.42,173.07,179.57,189.79,196.46,206.07,205.94,210.37,212.47,215.34,217.26,216.04,216.95,220.06,222.95,226.51,229.84,230.49,230.69,238.00,240.17,241.58,244.66,245.84,246.59,239.08,238.66,235.92,230.01,226.26,220.08,219.69,214.31,210.24,201.56,198.66,197.09,191.15,186.55,176.57,174.20,167.91,162.50,151.65,147.18,138.29,130.39,120.51,107.70,96.32
141.16,152.05,163.69,175.16,183.00,192.05,197.65,205.41,207.51,208.08,209.70,214.97,217.88,216.54,214.56,218.06,221.84,227.42,229.30,228.01,228.53,234.17,237.93,241.23,243.30,245.17,245.65,240.13,238.72,236.89,231.14,227.69,220.48,222.04,215.61,211.30,205.76,202.53,200.38,195.26,189.38,181.97,178.40,172.74,168.08,159.05,154.00,144.36,136.69,126.49,115.60,103.48
134.38,145.67,155.76,168.76,177.23,187.52,194.08,200.77,202.83,203.96,210.35,211.90,215.34,213.93,215.71,220.44,219.57,225.16,226.51,230.20,231.46,236.44,240.71,239.87,243.98,246.02,246.08,241.12,238.80,235.10,233.00,225.21,220.34,218.01,210.42,206.87,202.60,198.04,195.13,187.66,183.96,179.34,172.28,164.79,160.12,150.86,145.50,139.03,128.00,118.71,112.27,97.74
138.19,152.59,165.56,172.03,184.81,191.21,200.10,206.94,207.96,211.57,213.58,216.83,218.41,216.81,217.94,220.79,226.30,230.16,232.22,230.49,231.81,237.26,242.43,243.21,247.07,248.93,249.10,244.05,240.71,242.17,235.93,230.22,222.80,223.57,218.25,213.78,207.18,204.89,201.07,196.65,190.85,185.31,180.27,171.97,168.07,158.78,153.94,144.05,137.53,127.81,115.66,103.17
134.06,144.03,156.02,166.40,176.24,187.68,190.69,200.82,204.02,205.76,209.66,214.41,215.19,215.87,216.37,218.50,226.11,228.47,229.94,231.17,232.01,235.72,242.32,243.17,246.42,248.62,249.62,242.26,239.40,240.16,232.94,227.20,219.92,222.20,214.56,209.62,203.22,198.15,195.48,192.00,183.10,176.08,173.23,167.03,159.88,149.40,145.78,138.22,129.31,119.36,108.46,96.54
79.40,91.27,96.65,106.33,112.11,123.00,128.22,139.18,142.95,148.43,157.65,163.89,171.03,175.03,181.96,189.03,195.09,204.38,210.64,215.70,224.32,233.42,240.13,245.39,252.34,253.49,258.04,256.13,254.68,251.53,247.26,240.35,234.68,232.62,223.71,218.83,209.98,206.25,198.36,192.51,186.53,178.18,171.19,163.86,156.12,144.47,138.29,130.67,122.25,115.12,104.14,94.37
137.00,150.34,158.78,168.63,180.04,189.40,196.21,205.28,204.73,209.38,214.31,217.71,220.66,220.13,218.50,221.05,227.04,230.60,230.84,231.26,233.42,237.54,244.10,241.29,247.94,248.28,248.36,242.85,240.47,239.37,231.82,227.50,221.14,221.42,214.89,205.20,202.14,197.52,193.62,188.48,184.13,176.57,172.68,166.42,162.59,151.09,146.97,138.54,131.75,121.10,111.52,99.92
127.48,140.25,149.86,160.60,170.95,180.03,184.81,195.14,196.66,201.38,202.60,206.63,208.97,210.19,210.30,212.85,217.83,223.65,222.83,223.93,225.50,229.64,232.62,233.62,238.41,239.87,240.07,234.92,231.55,231.53,226.55,220.51,211.52,213.47,205.19,200.56,194.43,191.05,188.90,182.60,178.07,170.39,168.11,160.13,156.73,145.13,141.35,135.37,127.42,119.23,108.72,97.05
127.02,142.30,149.40,157.69,170.77,180.69,184.59,192.63,196.95,198.60,205.00,208.41,210.60,211.22,213.48,214.34,217.49,221.06,222.77,225.06,226.92,231.61,234.72,237.84,241.15,242.74,242.64,237.74,234.09,231.66,229.40,222.27,215.11,212.61,205.18,201.24,196.66,191.65,187.54,181.66,176.39,173.05,165.95,160.00,153.88,147.32,141.99,133.76,126.15,116.10,111.09,100.69
127.61,143.38,149.28,159.30,172.17,182.82,185.80,195.00,200.41,203.67,205.83,211.40,213.85,215.78,216.19,219.15,223.60,229.65,231.16,231.46,233.14,238.85,243.66,246.91,250.25,252.41,251.24,247.04,245.81,238.66,237.12,229.62,220.00,221.96,213.49,208.15,203.00,197.08,193.83,190.09,182.60,177.50,173.67,165.08,159.86,151.21,146.00,136.96,130.86,123.56,111.68,100.96
129.69,144.92,150.60,161.15,175.64,183.41,188.53,196.39,201.10,205.14,211.81,214.44,216.45,220.24,224.04,225.59,228.48,232.42,236.91,239.38,240.48,247.63,250.68,256.76,259.56,258.37,258.29,255.88,252.40,248.57,247.35,240.67,229.00,226.40,220.20,216.52,210.80,206.41,202.15,195.69,191.01,186.08,179.33,170.42,168.00,159.84,153.46,146.32,136.06,126.05,118.61,106.83
122.98,136.19,146.51,155.47,165.85,176.40,181.62,191.67,195.09,200.08,203.10,209.02,213.89,214.44,217.28,222.27,226.32,231.86,233.14,233.43,236.48,243.03,249.76,252.22,255.20,259.11,257.24,251.05,249.65,246.61,242.49,235.38,227.37,226.49,219.46,214.57,209.15,203.07,199.91,194.43,191.64,182.86,180.55,171.23,166.43,157.10,150.05,142.06,136.36,126.85,115.75,104.31
124.96,139.72,149.62,159.81,172.35,182.48,185.93,198.09,201.93,205.01,211.99,216.09,220.15,221.84,226.32,229.63,235.85,238.17,241.68,243.19,246.00,254.70,258.90,264.75,264.78,268.49,267.64,263.01,260.54,256.88,253.21,246.97,237.97,238.47,231.08,225.69,217.68,213.02,211.36,205.97,199.09,193.38,187.63,180.04,174.27,165.11,157.81,149.16,141.06,132.25,121.82,108.69
113.45,127.91,133.20,143.54,154.16,164.50,168.18,178.44,184.23,189.39,194.62,198.54,200.00,202.24,204.48,208.14,212.81,217.80,221.29,223.33,227.04,232.86,238.60,240.02,245.28,248.48,249.16,243.89,241.51,237.17,236.84,227.75,223.62,222.50,216.34,212.85,206.63,200.57,199.32,192.85,187.88,181.89,177.14,170.43,164.14,154.21,149.56,139.52,131.10,122.64,113.09,101.41
128.35,144.84,150.81,161.82,173.62,185.69,189.93,200.85,205.06,211.51,218.82,221.94,224.84,227.90,229.68,235.02,236.60,242.74,246.22,248.00,252.45,257.93,262.91,263.27,268.78,270.19,269.26,265.19,263.78,258.36,255.49,249.57,241.21,238.76,233.19,225.09,221.92,216.95,213.60,205.51,202.99,196.23,189.21,181.54,175.07,165.10,160.86,149.94,142.64,134.38,124.17,110.48
116.46,126.61,135.10,144.54,151.71,158.81,162.00,168.67,169.57,169.59,175.07,176.82,179.23,179.30,178.46,179.81,182.85,185.40,183.39,186.32,181.60,180.50,184.04,178.06,179.36,177.00,168.24,185.93,217.51,219.67,218.39,217.80,214.40,220.10,214.45,213.41,210.06,206.83,205.62,201.94,201.44,198.01,190.90,187.80,181.00,171.77,169.30,158.69,150.38,139.83,132.28,118.38
127.63,143.74,150.16,160.31,176.28,186.69,192.63,203.30,207.87,212.49,221.08,224.13,227.00,229.51,231.89,236.93,241.36,245.49,247.13,250.80,252.52,259.79,261.51,267.53,269.15,272.05,270.74,266.92,265.42,258.21,255.84,248.49,240.45,239.14,235.33,228.08,223.16,217.04,213.01,206.90,202.20,199.46,191.03,181.41,175.82,166.40,161.91,150.23,140.62,130.38,123.42,110.00
129.63,144.67,155.23,166.18,179.08,188.60,193.75,205.68,209.88,216.54,220.10,225.21,228.47,228.79,230.83,236.28,239.46,246.11,245.20,246.33,250.54,255.62,259.08,261.63,265.00,268.78,268.34,264.01,261.43,256.04,254.88,246.42,239.45,238.92,231.95,227.11,222.40,216.12,214.98,207.94,204.71,198.43,191.76,183.70,178.04,167.86,162.60,152.07,143.67,134.09,123.49,110.46
125.00,138.60,146.77,157.99,170.58,181.71,187.54,198.48,202.48,205.92,212.08,217.02,220.06,219.74,222.64,224.85,230.73,235.09,237.26,237.12,239.85,245.02,250.50,249.62,253.00,258.09,257.33,250.57,249.88,245.11,240.01,234.34,225.39,225.56,220.74,216.27,209.29,201.84,199.48,196.31,190.72,183.85,178.35,171.14,166.40,154.12,149.57,141.90,132.02,122.97,112.73,101.97
125.00,139.46,148.37,160.11,173.07,183.00,188.61,200.26,205.24,209.03,215.64,220.00,221.74,223.66,224.24,229.69,235.59,240.83,240.65,243.20,246.03,249.28,256.74,256.78,260.05,262.27,263.39,256.90,254.61,251.27,247.49,240.40,232.65,230.42,222.04,218.08,212.79,204.96,203.20,198.60,191.46,187.04,180.80,173.54,166.21,157.05,151.92,142.86,133.06,124.04,114.91,103.62
131.06,144.90,154.87,166.17,178.08,189.41,196.46,206.71,210.98,216.00,223.65,226.89,229.00,229.53,231.33,234.04,240.16,243.48,245.45,248.02,251.10,254.00,261.63,263.47,265.09,266.63,266.17,261.08,258.99,255.35,252.05,244.76,235.37,232.81,226.74,224.09,216.33,210.64,206.53,200.61,195.35,191.18,183.74,178.77,171.13,162.54,158.67,147.87,138.24,129.71,120.03,108.21
117.63,131.59,141.24,152.32,162.43,171.05,177.25,188.16,191.02,197.36,202.85,207.41,210.01,209.24,213.47,215.82,218.52,220.59,223.97,227.07,230.99,231.87,238.21,239.01,243.52,244.24,244.79,239.10,238.05,232.70,230.99,222.65,217.31,213.91,208.47,204.46,198.82,193.31,193.46,184.50,182.17,176.41,171.29,165.32,161.01,152.27,147.73,140.01,132.40,124.04,115.87,104.24
119.42,134.97,142.20,152.55,164.76,173.12,182.04,190.06,193.96,198.96,205.77,208.89,211.62,212.29,216.62,218.84,223.06,226.79,230.16,232.35,236.21,239.62,244.52,247.73,250.12,249.56,250.00,249.56,246.38,243.48,241.88,235.19,226.00,222.99,218.01,215.52,210.58,205.79,200.88,197.23,191.85,187.95,179.90,174.75,170.99,162.12,158.03,149.94,140.86,131.48,123.15,109.56
119.89,134.30,143.41,157.00,166.93,178.47,184.78,197.09,198.04,205.73,209.50,215.56,220.08,220.37,223.40,227.55,231.31,237.32,238.44,242.50,243.90,248.77,255.77,256.70,260.34,264.02,264.83,258.49,259.38,254.70,251.59,245.06,237.78,238.08,231.41,228.09,220.48,216.23,216.16,210.06,206.12,199.90,195.02,187.36,183.67,176.47,169.07,161.76,152.31,144.90,136.37,123.65
122.12,138.84,147.41,157.38,170.31,181.89,187.56,199.01,201.11,209.44,214.61,218.01,221.53,223.03,226.18,232.74,233.69,237.95,241.57,245.01,247.36,252.79,259.33,262.55,266.08,268.63,270.96,266.81,267.23,261.96,260.10,253.10,247.39,244.50,237.56,236.22,233.05,229.24,226.14,219.42,215.10,210.87,205.00,198.07,193.35,187.10,181.30,170.70,162.41,152.78,144.54,129.54
111.04,124.89,135.07,145.10,155.72,163.71,170.66,182.57,185.44,191.51,195.72,200.06,203.84,203.93,206.42,210.00,213.69,218.26,221.63,223.60,228.53,231.49,239.75,241.81,243.98,249.71,250.24,247.11,245.58,245.46,243.43,238.25,232.35,229.90,227.50,224.32,219.18,214.76,211.68,207.18,205.55,200.01,194.74,186.96,183.99,175.73,170.67,160.64,152.59,143.18,133.87,121.49
106.89,120.51,129.88,138.54,149.20,159.14,166.57,175.86,179.64,183.40,188.30,192.21,196.09,194.52,196.76,200.36,206.61,211.52,215.42,213.35,219.40,223.14,230.84,233.66,235.82,241.75,244.12,242.92,242.07,239.71,234.89,230.67,226.61,226.74,223.09,218.55,212.15,208.57,205.55,205.53,199.25,193.83,189.47,184.59,179.33,171.71,165.92,156.08,148.72,138.71,129.25,115.43
120.81,134.11,144.31,158.14,166.83,176.92,182.53,196.01,198.60,204.55,209.15,211.47,216.32,216.11,217.81,223.60,228.19,234.36,235.59,238.21,244.49,249.78,256.68,259.40,262.19,270.82,272.81,268.15,268.22,266.05,262.00,258.59,254.64,253.58,246.34,242.83,236.60,230.53,231.58,224.70,220.60,211.60,209.17,205.42,197.65,189.86,183.10,172.28,164.56,154.74,141.35,127.10
116.02,128.39,134.77,147.20,156.16,165.85,170.39,180.83,186.08,188.68,193.60,199.01,201.09,201.84,201.38,205.91,212.51,215.72,218.00,219.46,227.44,231.26,239.59,239.93,244.35,250.48,252.44,249.78,248.17,245.57,243.58,239.74,236.14,233.54,229.53,226.42,220.06,214.16,213.76,209.46,202.65,197.12,191.76,187.95,181.22,173.99,170.30,159.79,151.24,142.05,131.83,119.00
119.08,132.62,141.88,153.44,162.05,172.89,177.80,190.39,191.82,196.86,201.20,206.65,206.46,209.26,210.06,211.98,218.02,225.00,226.11,226.72,234.05,234.64,245.62,249.20,250.48,257.19,260.43,257.22,255.16,255.56,253.39,246.29,243.24,241.01,238.81,233.46,228.22,223.02,219.74,217.39,212.95,206.01,201.32,196.85,190.60,180.43,173.68,165.30,156.78,145.34,134.35,121.66
117.11,130.36,136.31,146.54,159.10,168.57,174.56,183.36,187.36,191.66,198.95,201.07,202.20,201.70,205.01,208.00,212.71,215.96,218.52,218.34,225.27,229.13,236.86,239.02,241.63,247.55,249.10,247.24,246.97,244.17,243.12,237.97,233.42,232.77,229.02,224.36,221.14,214.85,212.46,207.68,202.89,197.25,191.42,186.23,182.10,173.22,166.77,156.54,147.87,140.00,129.03,117.75
112.89,126.38,134.71,145.83,154.95,163.11,170.19,180.07,181.73,187.97,189.93,196.22,198.41,199.01,199.49,203.02,208.15,213.93,212.78,214.71,220.05,223.81,230.11,232.09,236.59,240.71,244.48,240.47,241.08,238.95,235.26,228.67,225.84,227.00,221.42,219.44,213.96,208.13,206.21,201.31,197.82,190.06,186.43,182.22,175.33,168.19,159.01,151.60,144.89,135.96,125.54,112.16
113.60,127.78,135.25,145.25,155.76,165.02,171.14,180.07,183.99,187.28,194.61,196.16,198.48,200.55,202.81,204.71,208.12,212.87,213.60,216.52,221.01,226.32,231.86,235.72,238.87,243.01,245.51,244.05,242.55,239.58,240.26,233.02,229.27,226.15,221.71,220.37,214.77,209.04,207.97,203.00,194.99,192.33,185.97,182.50,175.41,168.67,162.69,152.87,145.00,134.08,127.02,114.18
119.44,132.23,142.86,152.16,164.02,172.63,179.00,190.24,192.59,198.04,200.36,205.00,207.23,206.12,208.41,210.77,218.36,222.42,225.32,223.75,230.22,234.36,242.32,247.20,248.46,253.95,256.70,255.70,254.28,252.25,252.07,244.97,241.10,240.63,236.33,232.43,226.31,221.00,219.23,214.25,209.80,201.64,196.94,192.31,185.01,172.04,163.45,152.55,140.04,134.63,118.00,119.57
110.60,123.00,131.83,141.40,150.00,158.38,165.34,175.79,177.00,181.84,187.30,190.01,193.49,192.28,193.75,197.49,200.25,204.16,204.80,205.10,210.60,213.00,219.66,222.44,224.84,230.59,231.71,231.04,229.16,228.08,224.89,220.30,217.22,218.28,214.65,210.84,204.28,199.91,196.80,194.62,189.53,184.02,177.92,172.94,169.20,160.80,154.56,145.50,136.97,128.06,119.21,107.91
122.07,135.98,146.01,156.00,167.24,177.40,183.37,194.25,197.43,202.28,207.48,211.98,213.26,212.45,215.34,218.36,218.68,223.32,224.20,224.45,230.23,234.44,237.95,240.42,241.60,248.65,251.48,249.07,247.27,244.93,242.76,239.40,235.65,236.58,233.49,228.21,223.62,216.11,217.19,213.70,208.41,202.20,196.70,192.15,186.72,176.92,170.86,161.99,153.03,143.13,133.90,121.04
122.64,136.85,146.37,156.82,166.33,178.07,184.10,193.79,197.65,203.09,206.65,211.74,213.04,213.51,212.98,214.95,217.68,223.14,220.64,224.45,224.12,226.77,233.23,235.42,235.47,241.90,242.33,239.94,242.32,237.93,238.85,233.24,231.72,230.15,225.64,222.17,218.96,214.98,215.67,208.74,205.91,200.26,194.81,190.68,184.78,178.47,172.05,162.61,151.92,143.61,134.47,120.21
111.14,129.54,136.97,149.46,161.15,169.94,174.73,182.33,188.88,191.21,197.25,200.53,201.64,201.56,205.53,206.20,207.02,208.43,209.01,210.52,210.68,213.32,219.00,220.48,222.80,225.39,227.02,224.70,225.50,221.16,221.88,218.82,219.49,217.83,215.52,213.18,208.86,205.29,203.34,196.90,193.57,189.84,181.32,182.16,171.84,170.86,165.51,156.72,149.40,140.80,130.30,115.21
114.28,127.77,136.88,147.67,157.11,167.03,172.99,183.77,187.11,191.60,193.69,199.12,199.82,198.60,198.13,201.16,206.21,207.74,206.12,205.77,207.87,210.76,213.84,214.89,217.22,219.57,223.33,218.11,220.20,219.39,219.06,212.55,211.70,210.47,210.30,205.06,199.91,196.29,196.99,194.86,190.26,183.20,180.85,175.15,170.66,161.83,156.89,149.21,142.13,131.55,122.29,112.45
123.97,138.60,144.50,157.84,167.84,180.07,185.08,193.22,197.69,202.71,206.48,209.03,209.75,211.62,211.15,213.12,213.60,220.74,219.18,220.15,221.35,224.72,228.37,230.41,231.46,236.23,238.56,236.91,237.84,234.36,235.47,229.40,230.49,225.80,222.80,221.49,216.81,213.82,210.29,203.54,201.68,197.41,190.25,185.65,181.14,173.54,167.80,159.80,151.80,140.43,133.18,119.08
122.33,135.42,148.06,156.31,168.34,177.61,182.66,194.49,196.60,202.27,203.59,208.15,208.66,208.37,209.39,211.37,216.60,220.06,218.68,219.06,222.50,223.75,229.97,232.54,232.59,239.60,241.12,238.30,238.54,238.00,236.02,230.65,228.08,227.61,225.28,221.68,214.39,210.23,209.06,206.17,202.71,193.79,191.13,186.64,179.80,172.19,166.15,156.92,150.48,141.61,130.65,118.07
118.41,130.00,138.92,149.97,161.38,169.55,175.33,181.33,186.59,189.79,194.21,197.50,198.59,198.43,200.56,200.57,201.00,207.27,206.39,208.78,210.68,213.59,219.15,223.52,226.30,228.48,231.32,228.32,228.88,223.27,223.43,221.30,216.23,213.40,210.38,207.78,203.03,196.33,198.09,191.44,188.43,183.04,177.02,174.94,169.36,161.14,154.72,147.41,140.43,132.85,124.85,112.11
110.94,124.31,130.51,140.72,149.27,156.92,162.34,169.81,171.59,174.60,176.69,182.24,180.51,181.64,182.16,183.53,186.78,191.40,191.32,192.51,197.31,195.21,205.10,209.69,209.30,215.52,219.58,214.95,217.41,216.00,213.89,210.79,208.39,207.42,207.69,201.12,198.73,192.72,192.21,190.69,185.52,181.02,174.29,170.70,165.60,159.53,154.15,147.14,137.28,129.99,120.80,110.02
123.69,138.06,145.84,157.33,166.88,177.12,181.89,188.80,192.23,195.60,199.70,205.57,206.16,204.75,205.65,208.66,211.97,211.73,214.15,214.37,215.61,221.14,223.01,226.37,227.90,231.62,233.00,229.44,231.00,227.24,227.75,220.05,217.22,215.52,212.79,209.75,205.41,200.36,196.88,191.67,187.60,185.01,179.62,174.95,168.91,165.74,160.37,153.26,144.53,137.80,130.86,118.42
102.65,113.84,120.20,127.01,133.87,142.24,147.22,150.34,152.27,154.15,161.38,164.00,167.84,172.56,179.82,187.01,193.13,206.23,211.07,218.45,233.64,247.59,254.78,264.41,271.27,276.08,280.62,280.07,277.32,269.67,266.54,258.70,243.31,237.89,228.53,219.86,211.40,202.39,195.82,186.87,179.49,171.48,160.00,155.71,149.72,138.31,129.29,121.33,114.39,105.76,98.49,90.93
115.43,128.22,136.82,146.11,152.96,162.05,164.15,173.97,178.89,182.48,185.43,192.09,198.06,201.46,203.03,213.66,220.07,232.36,239.17,247.33,262.76,270.65,282.12,290.50,297.25,302.65,305.45,301.07,297.89,292.51,286.82,276.21,262.27,254.07,245.49,234.00,224.29,213.58,205.41,196.16,188.68,178.35,169.81,161.23,154.55,137.18,129.29,120.35,113.14,104.32,97.67,88.96
116.85,128.13,137.77,145.91,154.03,164.77,167.00,175.57,179.64,183.98,187.95,195.03,199.09,202.80,208.49,217.00,223.61,235.54,243.50,247.73,262.65,274.35,282.03,292.26,298.68,304.95,307.10,302.37,296.92,294.33,286.68,275.41,259.42,252.51,240.52,233.31,222.93,213.90,205.39,195.35,187.10,176.57,164.13,157.11,150.42,135.92,125.14,118.30,112.36,104.14,97.58,88.46
115.52,128.08,135.56,146.34,153.95,161.82,165.52,174.06,175.64,180.95,187.00,189.50,195.90,201.34,204.36,213.47,220.93,233.38,240.26,247.48,260.55,271.31,279.29,287.02,294.11,301.89,305.14,294.74,294.39,288.53,283.09,269.30,256.35,249.73,237.93,228.69,219.65,208.48,201.00,193.38,184.18,173.49,163.62,155.32,150.42,135.18,130.38,121.51,113.25,104.24,99.92,89.50
119.36,132.82,140.73,150.42,158.11,168.25,173.97,181.07,185.63,191.17,193.46,201.22,203.93,206.19,212.17,222.72,229.71,238.87,246.83,250.71,263.92,274.10,285.57,290.95,294.59,303.24,306.56,297.25,293.16,291.03,280.91,271.40,258.36,253.03,241.76,231.31,219.46,209.47,198.12,190.25,181.14,169.12,159.67,152.09,144.22,128.22,122.59,114.28,107.17,99.54,93.38,84.17
119.10,131.73,141.60,149.04,156.47,166.98,168.88,179.01,182.43,185.31,191.31,196.64,200.26,204.83,209.60,218.89,222.70,234.76,240.52,245.02,262.21,269.69,277.20,288.67,293.07,298.20,300.00,295.70,291.61,284.63,279.65,270.22,255.86,246.07,237.81,230.00,219.20,211.09,202.02,190.12,183.83,173.37,164.01,158.62,150.63,137.59,128.89,122.00,115.25,107.04,99.13,90.44
121.04,135.18,141.51,148.65,158.32,166.35,171.16,178.91,183.24,186.51,192.46,196.06,202.41,204.90,211.29,215.59,226.95,236.54,244.17,246.48,258.95,269.74,279.42,288.74,291.67,298.72,301.70,293.16,291.78,288.02,278.63,266.81,254.91,248.22,238.80,230.59,218.29,207.17,200.72,193.00,183.90,173.95,164.76,156.71,150.59,137.06,129.83,123.22,116.69,106.83,101.41,93.64
125.20,139.01,147.36,156.92,167.66,177.10,180.61,187.58,191.04,195.78,201.43,208.24,214.35,219.46,220.95,229.61,237.93,244.17,251.18,257.11,269.31,278.83,287.94,294.27,298.72,307.26,310.76,302.01,298.89,295.70,285.66,277.22,262.69,257.19,246.00,235.68,222.55,209.55,201.22,194.40,184.94,173.57,163.62,155.56,147.05,132.40,126.57,117.52,109.66,104.02,96.88,87.73
120.31,139.17,145.91,144.64,167.17,171.94,178.76,183.14,190.80,193.20,200.25,198.88,207.54,216.26,219.74,223.99,236.43,243.51,245.75,251.81,266.10,276.02,285.77,292.62,297.93,304.40,307.23,300.82,298.50,296.01,288.00,275.87,262.47,254.02,245.81,235.23,224.74,215.15,204.75,196.82,187.10,177.20,166.93,156.95,150.48,138.00,130.70,123.66,113.14,105.65,99.25,91.93
119.41,130.98,141.23,150.22,159.13,169.76,173.30,182.58,185.93,191.76,195.89,202.89,206.62,209.47,213.26,221.84,230.50,238.66,244.30,249.20,266.07,272.94,283.99,289.01,295.16,303.13,306.91,299.30,296.76,292.00,285.77,273.18,261.94,255.83,245.60,236.17,225.06,216.17,207.10,200.81,191.67,180.04,173.49,164.45,158.32,145.25,137.93,129.34,122.81,114.81,106.10,97.16
120.43,133.90,142.97,152.11,162.36,172.20,175.45,184.79,192.43,195.56,202.16,206.89,212.19,215.10,220.10,226.29,235.03,245.49,250.27,255.25,269.81,277.89,290.30,295.45,301.50,309.04,312.27,304.14,300.42,295.45,286.79,279.95,263.10,259.11,250.69,239.00,229.00,217.83,210.34,201.42,194.54,181.57,174.72,165.98,160.52,143.39,136.80,129.32,123.69,114.28,105.68,96.61
113.53,123.44,131.97,141.40,152.09,161.37,162.41,172.19,176.88,181.95,188.18,193.94,198.76,202.41,206.05,212.17,221.24,227.97,235.97,239.71,254.44,262.05,271.05,278.09,283.03,289.94,291.08,285.05,281.82,278.50,269.64,262.38,247.03,243.07,235.60,225.16,214.53,208.85,199.36,192.28,184.78,175.78,165.08,159.20,151.46,140.91,133.82,129.99,123.04,111.97,104.56,95.59
110.26,121.76,133.96,140.80,149.19,158.14,163.53,172.54,176.40,179.98,183.13,190.39,195.02,199.37,203.77,207.62,213.59,222.51,231.04,233.45,245.96,255.89,263.76,271.81,277.69,282.69,285.11,282.29,279.09,272.39,267.37,258.07,246.71,238.50,230.60,221.37,211.19,204.71,195.41,187.41,179.40,170.46,160.03,153.84,148.08,134.36,127.47,119.51,115.25,105.95,97.25,90.35
118.23,132.26,139.45,149.48,161.60,169.50,175.00,183.07,187.88,192.41,198.12,203.30,207.94,213.94,218.00,225.52,233.96,241.76,249.91,253.56,267.71,278.30,287.22,296.20,300.01,308.46,311.68,305.90,302.21,297.32,290.00,280.63,268.17,259.51,252.48,243.17,231.46,223.03,212.22,205.42,195.89,188.10,175.14,169.50,162.25,149.64,142.06,134.97,125.48,117.55,111.52,99.14
110.26,123.03,131.03,142.13,148.93,159.71,163.13,173.74,177.12,181.73,185.05,193.66,197.85,202.20,206.95,214.39,220.49,230.55,236.75,239.89,253.60,263.10,272.27,280.19,284.41,292.01,295.01,287.77,287.84,283.56,276.44,266.60,255.00,249.04,239.38,229.37,218.75,212.15,202.87,195.21,191.97,178.83,170.14,162.61,155.54,142.64,133.96,126.91,123.23,113.15,106.00,97.62
110.98,123.56,130.83,139.90,148.50,158.15,161.05,169.20,176.07,178.93,186.07,190.07,196.02,197.09,205.06,212.06,218.28,224.98,231.91,240.41,251.87,263.50,269.47,280.77,285.69,288.50,294.38,289.34,288.26,281.44,278.21,267.15,256.28,245.72,238.30,230.63,223.95,212.58,206.46,195.23,189.52,180.69,171.33,162.93,156.52,146.74,138.29,131.23,122.54,114.04,106.25,99.37
109.66,120.70,132.01,139.72,147.38,159.01,162.36,171.47,174.83,177.61,185.31,190.06,193.83,199.20,201.56,211.24,216.60,226.29,230.42,239.11,253.03,260.60,269.07,279.03,285.12,289.64,293.42,290.69,288.18,280.62,278.93,267.51,254.07,246.84,237.66,229.40,221.58,212.25,203.77,194.49,187.54,178.13,167.59,164.51,154.73,145.17,135.82,129.03,120.22,111.97,106.04,95.90
110.39,123.04,128.22,138.24,147.22,157.70,160.80,171.21,176.82,177.49,185.97,189.71,193.31,196.90,201.55,208.89,217.62,226.29,234.17,236.04,251.58,259.33,271.74,277.12,283.72,292.76,294.57,288.62,286.64,282.86,275.81,266.70,254.23,249.39,240.14,231.04,219.24,210.00,202.42,194.24,187.49,177.45,168.32,162.83,155.21,142.09,135.88,128.06,121.56,111.02,106.23,98.03
112.72,127.35,135.83,142.86,152.85,161.47,165.87,176.82,181.59,184.77,193.72,197.50,201.53,207.18,213.46,220.13,228.40,239.73,245.17,253.31,267.58,279.29,288.78,295.67,302.29,310.88,314.16,304.96,305.10,301.80,293.47,284.40,269.67,267.42,255.38,248.20,236.23,227.07,216.95,210.15,201.00,190.42,180.24,174.42,166.19,155.00,148.92,141.24,131.64,121.85,116.02,105.17
105.26,118.42,123.07,132.10,141.13,151.72,155.24,162.11,167.28,169.36,179.11,181.32,185.37,190.94,196.90,203.71,209.86,219.35,226.95,234.23,249.90,257.18,267.48,278.21,282.21,287.11,291.45,289.86,286.97,282.60,278.00,267.27,255.00,246.13,239.40,230.80,222.91,213.24,205.55,194.74,188.45,182.04,169.78,165.52,158.43,147.49,139.52,131.64,122.00,113.57,108.34,99.54
108.17,121.08,129.40,137.64,144.84,155.13,159.30,167.86,173.10,177.00,182.27,187.38,194.49,197.91,200.45,211.40,217.35,227.11,233.86,241.23,256.53,266.09,277.11,285.39,292.69,295.11,302.08,297.63,295.49,289.36,283.95,275.77,261.32,254.03,243.17,235.85,224.59,217.97,208.66,199.61,189.72,179.72,173.36,164.35,157.18,144.92,136.37,128.16,121.75,113.60,104.81,97.58
102.62,114.83,126.30,135.95,137.57,148.48,152.61,161.11,165.47,170.65,177.72,181.66,187.21,192.01,196.04,202.68,212.16,218.40,227.41,234.93,249.06,259.38,268.02,276.28,284.02,291.32,294.92,288.69,285.12,281.80,275.50,268.13,255.88,246.89,240.97,229.08,220.93,210.61,202.71,194.76,187.56,176.92,168.40,161.60,156.78,141.76,134.71,125.30,119.02,111.36,103.17,93.19
109.60,121.49,127.91,136.00,145.25,155.88,157.85,166.29,171.05,174.24,181.04,185.95,190.19,196.31,201.72,210.01,216.18,226.51,233.38,241.36,255.93,265.87,276.80,286.46,292.80,297.69,301.56,299.47,296.34,291.03,285.62,275.91,263.89,254.24,245.76,238.08,228.79,219.86,209.78,200.09,191.66,183.10,171.23,165.25,158.47,144.28,136.85,128.97,120.27,114.49,106.55,96.63
107.62,121.15,124.91,134.06,141.51,150.30,155.05,163.67,167.26,170.29,177.53,182.04,185.61,191.13,197.67,205.16,213.00,221.78,230.03,234.96,255.50,263.10,274.02,282.70,288.77,294.39,299.21,296.80,292.10,287.92,282.16,275.41,260.21,254.40,247.17,234.69,228.47,218.52,210.49,201.79,191.85,185.37,174.64,167.55,160.61,149.89,143.06,133.76,127.77,117.00,109.00,99.72
109.38,120.33,125.94,136.13,144.01,151.57,155.33,161.55,168.68,171.90,179.97,180.65,186.08,190.91,195.50,205.08,213.32,223.44,228.88,236.92,253.31,263.93,271.66,283.65,287.56,296.55,301.12,296.01,295.95,287.27,282.35,274.64,259.65,252.81,244.12,234.62,227.50,218.40,210.24,202.16,192.35,183.22,173.67,167.30,159.14,149.28,141.35,134.48,123.97,117.69,108.93,98.68
107.42,119.20,127.32,134.63,142.30,150.86,154.16,164.56,171.17,173.90,179.81,184.56,189.28,193.08,197.65,207.28,212.98,225.42,232.56,238.17,256.56,264.55,278.33,285.00,290.35,298.54,303.66,299.34,297.26,291.34,288.53,278.43,267.02,257.15,248.21,241.17,229.31,220.73,211.51,201.64,194.86,184.46,175.65,166.98,160.51,145.83,137.00,129.77,123.49,114.28,105.70,95.35
109.48,120.74,125.78,133.76,144.47,152.27,156.16,163.44,168.96,171.35,177.00,182.12,185.84,192.67,197.62,207.06,213.79,223.91,230.73,240.88,253.24,264.97,275.07,284.43,291.01,296.75,299.93,296.84,295.37,288.92,284.30,276.18,261.02,254.15,244.76,236.19,229.17,219.66,212.85,200.55,192.84,185.16,175.57,169.39,161.31,150.90,141.15,134.48,125.50,117.28,110.14,101.21
107.04,115.97,124.81,132.19,138.08,148.52,153.44,160.03,163.87,167.73,171.60,178.00,183.02,187.95,191.65,200.26,209.98,220.62,228.95,234.34,250.12,260.32,270.80,278.77,286.72,293.95,300.09,295.33,293.63,288.85,280.79,274.34,260.34,252.30,247.13,236.33,225.28,217.57,209.48,201.56,195.02,183.36,177.59,167.11,161.41,146.71,141.03,130.14,125.43,117.96,110.57,98.74
105.69,116.83,124.72,132.38,138.92,148.27,150.10,160.00,159.89,166.53,172.53,178.37,184.20,187.07,192.21,201.30,210.68,221.21,229.67,233.19,249.32,261.96,272.39,279.03,287.84,295.85,301.76,295.27,294.27,292.07,284.99,274.03,262.19,257.42,248.28,238.00,228.16,218.66,212.13,204.12,197.40,186.08,178.06,169.39,161.28,149.65,140.94,132.32,125.72,117.88,106.17,98.79
103.59,114.55,124.02,131.87,136.00,145.50,147.57,157.88,160.43,164.20,169.92,175.64,180.38,185.61,191.65,198.46,207.17,217.89,222.61,231.23,248.28,258.52,268.26,278.60,284.19,292.83,298.00,293.64,290.99,287.17,282.10,272.96,260.35,255.18,245.10,235.75,226.79,219.40,212.36,202.37,194.29,184.14,177.23,169.55,161.91,148.82,141.78,131.94,126.00,117.44,106.78,97.01
104.66,118.00,120.78,127.48,139.03,145.34,148.93,155.24,159.18,163.48,171.35,173.92,178.34,183.22,190.91,196.50,205.68,214.44,223.04,229.71,246.00,257.78,266.18,278.82,284.29,292.23,296.42,293.06,291.11,285.94,282.94,272.95,259.75,252.79,242.67,235.10,227.43,218.52,211.19,201.56,193.49,185.97,174.43,166.51,159.80,149.31,141.32,133.42,125.57,114.54,106.22,97.08
104.29,115.43,124.62,132.91,138.60,143.89,151.21,158.42,163.42,167.84,167.76,176.37,183.70,186.94,190.12,201.25,207.64,219.59,227.07,232.94,249.97,261.48,272.68,278.74,287.54,298.01,301.56,294.61,295.18,290.62,286.20,274.40,264.76,257.61,250.46,239.93,229.44,221.23,213.38,205.08,197.61,186.51,179.88,171.13,165.25,150.00,142.56,133.69,125.25,118.02,106.04,98.41
105.69,117.89,122.64,132.22,137.57,149.03,151.24,161.55,163.52,168.12,173.22,181.22,186.60,191.60,196.21,205.57,213.76,226.32,233.53,239.07,255.15,266.19,277.65,285.27,290.49,300.83,305.94,298.36,297.02,295.95,287.00,277.26,264.05,260.32,250.48,241.23,230.63,222.95,212.73,206.78,198.13,187.54,178.28,170.79,163.37,150.30,142.39,133.22,125.67,116.00,106.89,97.51
104.40,115.75,123.41,128.89,137.93,147.05,149.38,158.01,162.98,166.53,171.29,180.75,185.41,188.57,195.13,202.97,212.19,224.02,231.68,238.42,253.57,265.22,276.20,281.46,288.50,298.53,302.62,295.63,295.04,292.54,284.30,275.07,263.04,257.16,248.58,240.83,228.64,218.55,210.30,203.73,195.58,185.87,176.30,169.46,161.37,146.39,139.78,130.05,123.07,112.54,105.08,95.13
106.07,116.30,122.56,131.83,137.36,147.14,151.73,157.70,162.61,166.31,172.26,178.33,182.94,187.30,193.35,201.41,211.05,223.43,231.35,234.34,253.81,264.32,276.65,282.85,289.08,299.87,304.25,296.14,296.02,293.37,284.61,275.75,263.37,257.66,251.01,240.68,228.55,220.06,210.60,206.07,197.27,186.19,179.94,169.99,162.86,147.18,141.48,130.39,125.25,114.11,105.12,96.80
100.44,112.45,116.10,127.78,132.38,142.62,144.81,157.99,164.08,165.71,170.02,178.06,181.20,186.00,189.97,200.25,208.00,218.04,228.98,234.55,252.76,261.62,273.91,282.33,289.39,297.31,302.89,297.19,295.06,290.26,287.27,278.26,265.19,258.12,250.22,242.40,229.40,218.98,214.18,206.21,197.59,185.97,178.68,170.08,163.88,148.14,140.46,133.15,123.69,115.62,105.48,95.19
101.87,115.11,119.97,125.60,135.07,145.17,144.55,152.75,157.50,161.08,168.16,172.43,178.54,182.78,187.63,195.00,206.07,215.03,225.02,229.67,246.97,257.11,269.53,276.49,283.55,292.33,298.38,290.91,290.26,286.09,280.62,272.31,259.70,253.18,246.76,236.54,224.75,216.45,209.62,203.25,194.49,184.20,174.84,169.78,161.99,147.28,138.31,131.61,123.84,113.89,104.94,95.80
103.32,114.93,120.22,125.45,136.42,142.52,147.03,153.87,158.46,159.03,168.34,170.18,176.23,181.25,186.69,196.66,203.04,214.08,221.92,230.15,246.89,257.41,267.08,277.84,284.23,289.13,297.98,293.95,292.02,287.33,281.23,272.33,260.85,252.07,246.66,236.66,227.61,218.84,209.90,201.00,192.75,186.23,173.53,167.37,160.11,147.46,140.01,129.81,118.60,109.12,101.71,93.23
98.79,109.29,117.02,124.28,131.10,138.85,141.53,151.11,156.35,159.10,161.83,169.53,174.04,177.23,185.00,194.12,204.24,213.00,221.76,227.37,243.00,254.33,263.11,273.91,279.65,287.90,295.44,290.17,288.82,285.45,278.95,268.82,258.33,252.01,244.10,233.42,225.14,216.67,207.63,200.90,193.13,181.80,172.57,166.39,159.79,145.77,135.83,127.44,121.20,113.22,101.65,92.97
105.77,118.34,123.32,131.95,141.83,150.01,152.32,162.01,165.06,167.82,175.35,181.66,184.81,191.21,198.91,207.19,215.71,226.05,234.40,244.64,262.25,273.54,281.31,294.36,299.55,306.10,313.36,309.94,307.47,302.89,299.45,287.21,275.96,266.94,258.57,246.76,240.69,231.22,222.35,211.69,203.86,195.33,184.04,177.16,168.67,156.16,147.49,137.48,127.80,117.96,108.75,99.86
105.69,118.00,124.34,131.93,138.81,148.45,153.84,159.01,163.37,167.76,174.55,179.21,185.32,191.61,196.21,203.59,214.19,225.72,232.55,241.90,259.02,272.26,281.40,292.16,299.71,304.26,313.21,309.48,307.06,301.17,297.20,286.97,272.72,266.55,258.03,248.36,238.30,230.26,221.23,211.98,203.07,193.31,182.82,176.67,166.53,155.60,146.37,139.14,126.59,118.00,109.38,100.28
106.22,116.25,124.62,133.22,136.53,146.32,151.65,160.01,164.10,167.92,174.39,180.83,186.59,191.85,198.31,207.21,215.13,228.97,238.40,241.92,258.38,271.95,281.97,292.06,299.20,308.13,312.27,304.43,305.90,301.08,294.88,282.69,269.69,267.23,255.72,246.78,234.78,225.84,217.08,210.86,200.81,189.93,182.78,172.00,165.48,150.87,142.41,134.27,127.06,117.00,106.94,96.80
98.01,109.27,116.04,124.87,130.65,139.00,144.47,151.20,154.32,157.69,164.76,170.06,175.64,179.47,185.97,194.64,201.97,210.79,220.00,227.76,244.64,255.69,265.16,273.06,280.19,288.74,293.40,289.34,286.68,281.45,276.28,267.90,256.91,249.81,240.13,231.25,220.48,212.29,204.71,197.39,188.56,180.01,170.85,161.93,156.37,142.67,134.81,125.72,118.14,109.04,100.90,90.43
98.47,108.12,115.88,124.34,131.06,139.09,142.64,148.95,153.44,157.17,164.35,169.50,174.26,178.24,185.35,191.92,201.56,209.02,218.71,226.50,244.14,254.06,263.62,271.89,278.95,287.31,292.34,289.38,285.49,280.63,275.35,267.49,255.65,248.94,239.60,230.79,220.23,212.08,204.38,196.70,188.00,180.16,170.43,162.12,156.16,142.13,135.09,125.32,117.44,108.26,101.18,90.97
97.27,109.11,116.10,122.58,128.08,137.19,138.60,150.00,151.65,157.05,161.64,168.01,172.53,175.09,180.85,190.54,198.44,209.62,216.64,223.62,239.55,250.32,261.60,266.83,273.91,284.20,289.50,279.80,280.22,276.96,270.15,261.73,251.03,245.31,235.65,228.37,217.33,208.87,201.22,195.43,186.39,173.97,168.88,160.65,153.94,139.46,130.27,123.76,115.26,109.17,99.13,90.21
97.86,109.90,115.88,122.26,129.65,137.30,140.80,147.12,151.80,155.05,162.56,166.93,172.74,177.73,182.20,191.03,199.09,207.33,216.63,225.32,242.50,253.58,261.49,270.99,275.50,284.18,288.67,286.02,284.69,278.71,272.12,266.10,253.14,246.33,237.08,229.51,219.48,210.02,201.82,194.36,187.26,177.79,167.51,161.23,153.18,141.78,133.15,124.10,115.49,107.04,100.24,90.00
103.95,115.74,124.08,132.31,137.13,146.86,149.38,158.32,165.32,168.76,173.08,180.81,184.84,190.16,198.31,208.54,216.75,229.64,236.92,244.09,261.52,273.64,283.78,292.51,300.34,311.23,315.90,306.28,307.15,300.89,296.39,286.53,275.05,268.01,259.05,248.79,237.23,227.13,220.84,210.71,203.42,189.23,184.20,176.24,168.69,150.76,142.03,133.28,126.49,118.51,107.42,97.10
96.69,107.49,113.51,121.43,126.04,136.47,137.06,146.54,151.38,155.62,160.33,165.75,171.71,176.24,181.02,191.60,197.72,208.83,214.98,223.81,240.13,247.32,259.82,268.47,274.24,281.60,286.68,282.62,280.94,275.73,273.39,261.27,250.22,242.99,234.45,224.89,218.05,208.60,201.20,192.67,184.36,173.81,166.11,158.62,152.12,138.00,132.38,123.22,114.13,105.34,97.62,88.68
104.55,116.30,122.43,130.08,138.05,147.79,150.00,157.75,162.96,166.36,172.70,179.45,185.31,192.60,198.71,206.93,214.03,223.65,234.65,243.15,261.27,273.39,281.40,291.78,298.53,305.29,311.10,305.85,304.37,299.84,293.87,285.35,270.04,262.99,254.07,245.54,236.33,227.43,218.66,207.18,199.44,191.37,180.05,173.36,165.50,151.79,142.84,135.68,123.47,115.00,106.62,97.87
105.04,115.97,122.19,130.06,137.59,148.12,148.03,156.01,160.82,165.13,173.42,178.46,183.27,188.83,195.42,203.59,211.75,223.22,231.71,240.41,258.90,269.81,279.61,290.35,295.10,303.51,309.69,304.51,303.08,296.97,293.92,282.80,270.70,261.20,252.58,245.60,234.58,225.94,219.74,207.45,199.06,190.12,180.04,172.33,164.10,151.33,142.39,134.53,124.17,116.06,106.96,96.32
103.37,113.99,123.60,132.10,135.94,145.66,150.84,157.58,163.03,168.58,172.19,181.46,184.56,189.68,197.70,206.12,217.19,228.00,234.05,243.51,259.62,272.15,281.22,290.27,298.61,305.04,310.55,307.75,304.17,299.00,294.11,284.61,271.96,262.69,254.06,245.84,232.96,226.17,218.36,208.83,199.86,188.77,178.94,170.29,165.13,149.59,141.48,133.00,124.45,114.87,104.40,95.19
105.68,118.00,125.72,135.52,138.13,148.66,154.26,163.25,170.43,174.24,177.63,184.09,191.13,195.53,202.04,211.61,217.55,230.55,241.23,248.31,261.46,273.89,283.94,292.83,299.51,310.46,315.01,304.51,307.88,301.63,296.45,286.48,272.90,265.93,257.90,246.34,236.58,224.54,218.02,206.90,199.46,185.35,178.89,169.25,162.36,144.81,133.78,126.85,119.60,111.40,99.72,90.48
103.12,112.72,121.66,131.70,135.00,146.54,151.09,157.69,162.50,167.26,173.24,179.82,184.46,191.06,198.16,206.04,214.55,225.58,236.26,243.85,259.82,272.37,280.30,290.84,299.04,308.18,311.09,308.50,306.47,299.83,294.28,284.76,270.01,265.84,253.00,245.33,236.69,225.75,218.25,208.37,200.52,188.88,180.07,171.96,164.48,150.76,142.21,133.73,126.72,116.00,105.11,94.02
104.01,115.66,121.20,130.61,135.91,146.60,149.62,159.09,165.41,168.63,174.04,180.00,186.60,193.34,198.22,209.31,217.44,227.86,235.24,244.99,262.94,273.07,282.76,294.29,300.79,303.85,312.25,307.30,305.55,298.58,293.97,285.14,270.70,262.93,253.62,245.35,235.94,227.06,218.01,208.37,199.91,190.04,180.40,171.09,165.58,151.17,143.40,133.66,123.43,113.85,105.31,97.05
102.80,115.45,123.32,132.48,137.64,147.12,150.05,160.90,165.70,170.66,175.64,181.25,188.83,195.88,201.56,210.32,221.06,232.56,239.14,246.40,264.95,273.41,285.95,296.66,301.89,309.62,316.14,307.80,306.21,303.70,296.07,286.34,271.92,268.40,255.73,247.92,234.77,225.89,218.10,210.41,201.66,189.64,181.84,171.29,165.41,150.75,141.33,132.83,124.46,115.39,106.78,96.66
102.79,114.34,120.93,129.88,137.48,146.86,151.38,159.52,163.77,166.44,172.25,178.34,185.00,193.21,198.49,206.62,216.75,228.82,235.59,242.67,261.63,273.49,282.96,293.82,298.96,305.18,310.76,307.38,307.14,299.88,294.00,285.03,270.41,264.32,254.33,246.81,236.55,226.21,218.52,209.15,199.32,191.27,177.91,171.82,164.26,152.07,141.79,133.24,124.65,112.80,106.51,97.29
102.59,114.11,120.50,127.09,135.06,143.68,148.49,160.46,162.37,166.87,173.10,181.34,185.00,190.92,194.49,205.88,216.09,226.36,236.41,242.44,258.41,270.02,283.55,292.24,297.53,306.96,311.28,306.04,302.99,300.02,293.74,282.61,269.26,264.33,254.97,246.56,235.87,225.06,216.00,210.01,200.18,187.17,179.79,172.47,163.75,148.11,142.52,132.38,124.08,114.87,104.14,94.24
101.61,115.43,119.85,129.32,137.23,144.90,149.81,160.06,162.73,164.92,172.65,180.97,188.35,191.86,197.44,206.93,215.56,227.11,236.62,242.66,260.62,271.02,284.11,290.69,296.39,306.91,312.06,305.94,305.20,301.14,295.72,283.67,270.48,266.09,254.61,244.60,233.68,224.45,217.55,209.42,200.00,188.88,179.88,171.28,165.11,149.24,141.74,134.54,124.02,114.91,104.24,96.15
101.52,113.44,120.20,129.25,135.92,146.24,149.00,159.40,163.36,168.12,173.35,181.87,189.56,193.61,199.01,206.24,217.11,231.93,238.25,244.07,260.32,271.33,284.80,293.26,297.95,307.17,313.29,307.36,304.26,301.81,294.73,284.43,271.77,266.11,256.76,247.16,234.36,223.73,216.47,210.54,200.86,190.14,181.14,172.05,164.77,149.83,140.23,131.67,125.21,113.89,105.72,96.67
100.50,115.87,122.58,126.59,136.13,146.70,149.62,156.98,162.53,168.36,174.89,178.92,184.61,191.45,197.85,207.63,216.16,227.91,234.55,244.47,262.69,271.88,282.39,292.51,299.10,305.01,310.00,307.61,305.22,300.96,293.99,284.02,272.88,263.23,256.64,245.49,234.62,227.98,218.79,208.06,199.32,189.68,179.57,171.84,164.25,148.81,141.80,132.23,123.41,114.86,105.55,95.02
102.11,113.89,120.00,128.14,137.20,146.71,148.17,158.35,164.01,166.71,176.14,181.28,186.51,194.40,200.26,211.56,216.49,230.08,235.73,246.61,263.92,274.05,283.67,290.39,300.26,308.03,312.44,309.07,306.89,300.46,297.43,285.73,272.52,265.98,255.27,247.62,237.59,228.00,219.67,207.74,200.66,191.67,181.43,171.33,165.42,151.03,142.35,133.45,124.54,114.95,105.57,96.21
102.40,113.88,123.00,129.40,135.37,145.80,150.14,159.48,165.95,169.18,175.82,182.82,189.91,193.83,198.57,211.29,220.05,233.21,238.93,244.62,263.10,272.24,286.23,289.86,297.83,306.86,312.62,304.31,304.13,302.32,294.35,281.85,270.15,263.75,255.84,244.24,234.00,222.14,215.76,207.94,198.15,186.90,179.77,170.49,164.15,147.87,139.81,130.55,122.61,112.15,104.79,94.87
96.94,107.49,113.89,119.81,127.39,137.30,141.17,149.56,153.05,157.99,163.19,171.14,176.92,182.58,190.85,198.59,205.12,214.85,223.27,231.37,247.50,258.68,267.48,278.21,283.56,290.01,295.04,288.92,289.35,282.14,278.95,269.55,255.76,248.45,240.69,231.54,222.70,213.27,206.63,196.02,188.07,179.62,169.01,161.19,154.64,143.12,136.72,125.92,118.07,107.87,101.02,92.80
105.10,116.47,124.20,132.64,139.85,148.49,150.60,159.45,166.74,170.67,177.10,183.41,191.47,195.14,201.11,209.23,221.39,229.43,241.50,248.24,265.00,275.80,287.84,297.19,301.48,311.97,317.24,310.23,308.02,304.46,295.65,287.59,273.25,268.15,258.31,249.69,237.20,226.90,219.51,211.38,201.53,189.97,181.62,173.40,166.72,148.49,142.27,132.97,125.03,113.81,105.70,95.04
94.85,103.95,111.52,117.99,124.54,132.65,137.06,147.56,149.59,156.05,160.22,169.14,170.75,177.34,181.64,190.97,199.12,210.89,220.98,225.96,242.17,252.45,264.38,269.31,274.42,284.30,288.53,280.92,280.07,278.92,268.70,260.55,249.65,244.44,233.57,226.92,214.72,204.60,198.71,191.90,182.73,172.65,166.15,158.24,151.33,137.23,129.87,119.85,113.75,103.82,96.43,86.31
98.48,108.63,116.04,125.03,129.87,139.63,141.60,153.46,158.83,163.00,167.59,174.79,179.01,185.63,191.00,200.38,209.19,221.42,227.86,234.78,251.22,259.86,274.14,280.67,287.10,296.82,302.65,293.78,292.31,289.87,283.86,275.49,258.12,257.39,245.90,238.35,225.40,214.87,208.73,201.10,191.94,180.54,172.20,164.61,157.84,142.39,134.37,125.73,118.31,108.37,99.86,90.35
103.08,112.71,120.15,128.16,137.31,145.06,149.83,158.82,164.17,167.66,176.05,179.47,186.68,195.00,199.68,209.06,217.20,228.35,236.93,246.34,265.38,272.05,284.45,292.70,300.31,307.26,310.93,306.37,303.29,299.55,293.74,282.00,271.03,260.93,253.64,242.40,234.72,222.63,214.93,205.83,196.80,189.11,176.03,170.07,160.42,147.36,139.23,131.23,123.41,115.41,99.36,94.54
103.16,116.10,121.70,128.89,138.19,146.11,151.49,160.43,164.15,168.40,176.32,181.74,189.28,193.31,201.00,209.68,220.05,230.72,238.30,246.22,264.60,275.80,285.43,294.72,300.48,309.85,316.06,311.11,306.86,303.01,295.85,286.79,273.44,268.82,259.59,249.84,237.66,225.86,218.48,209.60,200.12,189.38,181.47,173.22,165.11,150.21,141.90,132.50,123.46,113.16,104.32,93.91
104.04,116.21,123.15,129.25,138.29,144.84,150.57,161.99,164.54,171.08,175.14,183.86,189.04,193.04,198.60,208.87,221.23,232.38,238.05,245.17,264.12,275.50,284.89,294.11,300.84,309.09,314.97,309.03,306.86,303.84,296.44,285.63,274.09,266.72,259.05,248.47,236.58,227.17,217.72,209.48,200.00,189.21,181.14,174.06,164.76,148.19,140.36,131.59,123.03,114.21,104.81,95.26
97.51,107.81,115.13,121.84,129.73,138.10,142.95,150.63,154.33,161.28,167.11,171.72,178.55,184.81,188.53,199.14,208.54,217.15,225.89,231.21,251.15,261.73,271.33,279.49,287.80,290.69,297.70,294.00,290.66,285.61,279.30,271.65,258.94,250.05,243.13,232.13,222.20,215.93,207.13,197.43,188.79,181.04,167.71,162.80,154.93,142.34,136.96,125.16,116.82,107.42,102.11,91.35
95.13,102.32,112.15,116.18,123.66,133.96,147.80,159.20,163.78,166.87,169.11,179.51,183.86,193.40,200.35,210.68,217.42,227.11,234.41,242.03,259.38,269.74,277.63,289.36,295.53,302.95,305.01,303.59,300.19,296.08,289.82,279.34,264.62,259.11,248.94,240.71,231.59,223.03,213.12,203.16,193.85,185.65,174.00,169.16,159.67,146.15,138.41,129.25,121.15,111.65,102.88,95.26
114.04,141.60,142.84,154.30,174.77,172.01,176.31,184.46,195.26,201.00,210.00,209.68,216.67,214.71,219.10,220.20,230.36,232.14,239.71,239.37,250.58,254.77,262.09,261.28,267.25,271.69,269.15,260.44,254.12,254.02,237.74,231.76,214.24,206.74,193.91,182.46,170.84,160.07,149.16,140.43,131.76,119.27,111.83,99.57,92.35,75.00,67.60,63.16,56.40,50.16,46.53,42.54
103.39,116.21,124.62,130.70,137.91,150.23,153.64,165.16,172.74,176.78,180.06,189.84,196.79,202.27,206.40,218.11,228.37,239.07,247.91,253.51,271.01,280.71,290.69,301.11,306.34,316.27,320.60,311.52,310.46,305.18,300.73,290.35,276.70,267.88,260.43,249.30,236.91,226.64,218.02,208.00,200.82,187.75,180.10,172.24,163.69,145.77,138.23,129.25,122.80,112.95,102.83,92.96
103.82,114.56,124.15,131.59,136.86,146.12,151.16,161.79,166.47,171.90,178.24,183.44,190.18,194.83,200.30,209.77,218.19,230.71,238.56,246.13,263.21,275.33,286.00,293.47,299.82,308.52,313.81,308.65,307.09,300.31,294.70,285.90,271.92,265.60,254.58,246.40,234.45,225.50,216.12,206.13,198.31,186.51,178.26,172.35,161.99,146.24,136.85,129.47,121.25,114.13,101.97,93.43
99.16,111.66,121.10,128.95,135.83,146.69,152.24,161.89,167.84,173.91,178.26,185.17,187.84,197.21,204.24,213.81,221.46,234.85,242.74,249.13,264.60,275.86,286.57,295.45,302.00,311.44,316.17,306.94,307.26,302.69,297.71,283.75,270.54,264.62,255.42,244.93,234.79,225.09,216.00,208.10,200.35,188.85,178.10,170.85,160.65,144.56,137.64,130.25,123.13,112.22,102.11,94.63
100.12,110.94,120.21,129.29,135.07,143.53,147.63,157.50,161.01,167.60,172.90,179.98,185.00,191.21,195.51,207.21,215.41,225.57,236.26,241.45,260.77,273.54,284.42,289.36,297.24,305.94,312.80,306.78,302.27,299.55,294.39,285.63,272.80,264.66,256.01,245.69,234.00,227.30,218.90,209.70,198.86,187.13,180.08,172.24,164.20,147.47,137.62,129.07,122.54,113.95,105.19,93.06
102.84,114.42,124.82,133.21,137.62,148.22,151.43,159.55,166.97,171.09,177.72,183.31,188.16,195.41,200.53,211.98,219.54,232.00,240.15,248.21,264.80,273.86,286.72,295.43,301.81,312.08,317.57,310.86,307.67,302.15,298.24,286.50,273.91,265.37,256.01,248.07,235.91,226.50,217.69,208.66,198.57,187.97,180.18,171.30,164.71,147.83,140.06,130.51,122.00,114.02,103.46,92.46
111.83,124.58,133.14,139.32,147.08,156.08,154.35,157.85,164.08,172.35,180.24,187.78,193.79,200.81,206.83,215.34,223.02,234.75,241.00,250.48,266.10,278.00,287.70,296.65,305.63,310.89,315.56,312.82,310.00,304.17,297.49,287.41,273.88,265.38,255.23,247.32,236.41,227.73,216.48,205.73,195.74,188.31,174.92,167.54,160.06,145.80,134.01,127.31,117.39,107.67,100.34,90.00
100.66,111.50,120.00,129.53,135.93,145.91,150.23,160.56,167.66,173.08,178.54,185.46,191.95,197.69,203.59,213.55,224.51,234.71,241.50,249.24,265.83,276.41,286.30,294.93,302.80,310.11,315.38,309.30,306.47,303.66,296.64,286.02,271.53,264.88,255.38,245.03,234.34,225.00,216.54,207.28,198.91,188.56,178.36,171.97,162.61,147.14,138.13,129.47,123.48,109.29,103.08,92.11
100.13,112.49,119.85,128.51,136.61,144.42,150.30,161.11,166.37,172.80,177.48,186.13,191.60,196.86,203.18,212.43,224.59,235.99,244.25,247.34,265.60,276.83,287.11,295.70,303.06,310.85,315.41,309.29,306.81,304.32,294.70,284.83,272.62,265.54,255.57,245.51,235.03,224.61,215.72,209.04,199.97,188.05,178.13,170.24,162.46,146.89,136.62,128.04,120.78,112.79,102.59,91.41
104.69,114.34,122.20,132.41,139.29,148.53,152.64,162.83,168.07,172.49,178.52,185.23,188.90,196.38,200.86,210.64,220.48,231.81,237.93,246.13,261.82,272.88,283.83,291.82,298.32,306.41,312.77,307.67,305.37,299.80,293.21,283.79,270.96,263.40,254.92,243.48,231.14,222.73,213.40,204.57,193.31,183.86,174.54,166.08,157.47,139.90,133.14,124.45,115.80,107.49,99.72,87.56
100.72,112.90,122.00,130.38,138.64,148.41,150.60,162.11,167.94,174.26,179.63,187.13,192.57,197.31,203.49,214.87,224.93,236.48,244.74,252.67,267.68,280.03,291.95,301.35,305.80,314.84,320.65,311.81,310.28,307.28,299.25,289.13,276.12,272.09,259.11,250.57,236.52,226.93,218.02,211.62,201.53,188.74,179.69,170.65,163.86,147.83,137.36,129.28,122.48,113.22,105.00,94.83
104.28,115.97,124.47,132.52,138.85,149.58,153.10,166.01,169.94,176.03,179.82,187.04,193.83,199.55,204.41,216.71,223.90,236.17,242.42,248.92,266.79,275.62,287.56,295.20,302.89,311.87,317.67,309.23,308.37,303.91,297.61,285.57,272.90,267.15,256.00,246.48,234.72,224.24,216.57,206.83,197.85,183.76,177.34,167.00,160.18,140.80,132.25,123.66,118.26,109.20,99.40,90.67
94.02,104.94,113.09,120.10,124.34,134.20,138.77,148.27,153.47,158.00,162.59,170.84,176.01,181.34,184.78,194.25,200.25,213.33,219.45,226.49,241.47,252.03,261.31,268.20,274.52,283.51,288.09,282.96,280.19,276.48,270.86,262.19,248.89,241.40,234.29,227.26,214.89,205.06,197.70,190.44,183.84,170.59,163.98,156.00,148.25,134.46,126.04,117.69,109.99,102.11,91.98,83.74
103.37,115.97,125.13,131.18,140.36,149.05,153.56,163.03,167.36,173.10,180.34,183.90,191.60,196.86,204.36,212.30,221.72,231.25,239.71,248.85,265.45,275.98,284.21,296.07,304.61,309.90,313.38,311.45,309.13,303.71,296.56,285.77,272.86,262.69,256.08,244.40,235.58,227.72,217.62,204.47,197.21,186.85,175.17,168.08,157.65,143.67,135.18,126.57,116.85,107.00,100.50,92.57
100.00,114.79,121.81,131.53,133.96,145.15,149.24,160.08,159.96,166.36,174.94,179.61,184.26,193.00,198.57,207.61,215.03,226.24,230.73,243.46,260.77,272.43,282.11,291.55,298.22,303.20,310.16,307.46,307.28,296.73,294.55,285.26,270.30,261.70,252.79,244.23,233.57,224.59,218.13,204.89,194.59,189.00,178.52,167.74,163.23,148.22,139.99,132.06,123.07,118.43,101.18,97.42
100.50,113.04,121.20,130.68,136.94,147.80,150.38,160.38,166.53,171.24,177.40,186.68,192.11,197.20,200.53,211.57,220.02,232.11,241.46,248.71,266.07,273.31,286.01,292.07,299.61,309.11,316.08,306.47,304.53,300.81,295.68,283.44,272.25,265.70,256.02,245.31,233.03,221.36,214.35,207.52,198.81,186.13,179.51,169.26,162.11,144.56,135.83,128.08,118.87,112.45,101.77,91.24
106.21,116.52,124.79,131.85,140.72,152.09,154.55,164.51,168.19,173.01,179.61,184.72,190.76,198.60,204.73,211.42,219.99,231.81,240.30,247.73,264.47,275.23,285.21,295.17,303.13,308.55,313.19,312.48,308.11,303.29,298.73,287.76,273.78,265.24,255.97,246.34,236.60,227.38,216.95,208.35,196.82,188.35,176.14,169.43,160.12,144.84,135.64,128.70,116.11,107.38,100.32,89.20
103.32,112.75,123.55,131.48,137.32,148.27,151.53,162.66,166.72,173.30,179.21,184.95,189.43,193.26,201.10,212.36,221.33,230.77,239.63,246.95,260.84,273.23,286.75,291.81,299.87,309.62,313.21,304.00,304.29,300.67,291.58,284.21,269.08,264.23,254.48,247.00,231.66,225.79,215.00,207.00,199.65,187.00,177.69,169.30,160.38,145.17,136.47,128.16,120.00,111.83,99.30,90.27
102.40,114.11,122.20,129.69,137.53,148.66,153.59,163.89,168.69,173.95,179.77,185.53,192.59,198.85,204.94,216.34,222.25,234.36,240.86,248.82,267.90,276.03,288.67,296.00,303.30,309.25,314.76,310.60,309.44,301.16,298.96,287.89,272.90,263.87,254.44,245.46,237.04,226.57,219.02,205.65,197.44,187.32,177.10,170.07,161.25,146.81,138.18,129.71,120.93,111.16,103.45,93.48
102.59,115.45,120.74,128.06,137.64,146.15,152.19,159.01,166.97,172.05,179.01,184.27,190.38,197.23,205.09,212.05,220.60,230.33,240.97,246.08,265.35,275.49,287.35,294.82,301.57,307.16,312.69,309.61,304.96,301.05,294.97,285.27,272.61,263.43,255.01,243.29,234.80,227.50,216.34,205.88,196.47,188.10,177.18,168.81,161.11,146.45,138.19,128.89,120.62,109.93,102.77,94.05
103.86,113.36,123.07,127.06,138.52,148.22,152.20,161.72,164.60,170.14,177.87,181.80,188.45,195.66,201.94,210.65,221.29,230.87,237.95,246.48,263.33,273.41,284.12,294.08,300.46,309.20,311.80,308.30,306.32,301.90,296.00,285.77,270.84,263.05,252.87,245.54,233.26,225.89,215.80,205.54,195.97,187.88,176.28,169.01,160.10,145.91,137.64,128.72,118.60,107.71,103.28,93.15
67.27,71.70,73.78,73.39,79.40,78.01,77.06,75.00,74.73,72.47,70.86,67.08,62.68,59.08,58.14,55.00,52.47,52.89,55.15,55.01,61.74,66.71,78.26,89.56,101.18,117.48,139.95,153.73,164.13,174.59,183.10,189.83,201.07,210.84,207.62,210.30,212.25,212.85,215.56,215.08,214.34,211.45,205.41,201.10,196.02,191.86,183.48,174.39,166.88,154.43,149.38,135.35
100.42,112.54,121.20,129.81,136.65,146.37,150.05,159.66,166.64,171.33,175.84,183.32,189.99,197.96,200.36,210.39,219.57,230.64,238.38,246.22,263.12,273.78,285.70,292.74,298.51,306.40,311.01,306.34,302.68,297.95,293.74,284.75,271.05,260.95,252.30,243.68,231.81,224.96,214.68,205.18,195.50,186.32,177.54,169.19,160.08,143.57,135.64,127.88,120.31,111.00,101.36,92.13
57.27,61.72,66.71,68.01,66.75,67.60,65.30,66.84,66.10,61.13,58.73,59.20,53.85,49.68,42.95,44.05,42.19,44.05,45.22,46.17,61.85,72.03,80.78,90.79,105.65,121.40,147.53,157.97,168.44,176.92,184.23,191.21,201.36,205.81,202.48,206.65,207.68,206.00,209.06,206.62,206.55,202.27,196.57,195.17,189.93,183.14,178.23,167.76,160.02,149.47,140.92,128.06
99.82,110.79,118.56,128.16,136.24,146.25,150.95,161.06,166.87,170.05,178.04,185.93,192.38,196.11,205.30,213.47,223.89,235.38,244.07,251.79,268.00,275.96,289.01,295.85,302.83,310.54,312.88,307.01,306.41,302.32,295.51,284.26,272.16,265.12,254.95,247.25,234.09,224.88,216.06,207.06,198.30,187.00,178.26,169.66,162.20,148.22,138.88,131.14,122.02,112.77,103.97,96.18
100.24,116.21,119.71,121.41,128.89,141.85,146.10,158.34,160.82,164.37,169.92,177.34,182.46,185.61,191.04,204.84,213.34,223.86,230.77,238.80,256.43,267.72,274.26,284.61,293.07,301.68,305.41,300.42,300.41,292.65,286.84,277.85,263.31,257.65,246.84,240.20,228.27,220.49,212.47,201.46,193.75,182.50,175.31,166.11,160.01,142.62,134.79,127.29,118.85,110.16,99.08,91.18
105.62,115.97,122.64,125.24,129.87,146.32,147.57,163.08,165.15,167.93,173.10,181.82,184.36,190.04,195.75,207.47,219.33,228.08,236.43,242.01,262.41,272.95,278.99,291.49,299.64,307.20,310.04,305.59,303.38,298.92,293.44,280.51,266.55,260.22,251.05,242.94,233.21,222.51,215.06,204.17,196.70,185.15,177.29,168.86,161.77,144.62,137.24,130.06,120.60,110.21,101.55,91.79
106.51,116.81,122.58,131.55,141.16,153.16,155.59,164.71,169.12,173.61,180.05,185.23,192.35,199.25,203.30,213.58,221.53,232.48,240.48,250.19,267.00,275.96,287.00,296.97,304.46,311.37,316.08,311.49,308.75,303.87,299.67,288.11,274.40,265.86,256.87,246.91,237.03,225.06,217.08,204.80,196.84,187.42,175.65,166.58,158.26,144.36,135.86,127.12,116.28,105.11,98.66,90.69
100.02,112.16,120.30,128.56,134.62,146.82,150.40,159.01,166.19,170.00,175.24,183.56,189.19,194.83,200.38,212.15,218.36,230.42,238.29,247.68,262.62,275.12,285.83,294.02,299.38,309.26,315.15,307.65,306.74,301.81,297.13,286.68,271.02,267.05,254.48,246.76,234.80,224.90,218.00,209.70,199.42,188.05,178.75,171.76,164.01,147.51,138.75,129.44,123.07,113.85,104.09,93.72
101.07,112.79,118.87,127.14,135.12,145.41,146.49,156.60,161.21,164.79,173.49,179.54,185.31,191.60,195.79,205.10,214.67,224.32,233.41,240.11,258.90,268.75,280.08,290.04,296.15,304.01,308.37,304.21,301.56,298.69,290.61,281.72,268.58,260.97,252.25,242.79,232.09,222.33,212.90,205.68,197.09,185.78,175.32,168.15,161.11,146.29,138.00,129.14,120.75,109.46,102.30,92.72
102.49,114.16,121.40,128.04,135.62,146.41,149.48,158.75,163.02,166.97,174.32,181.18,187.45,192.63,199.68,207.71,219.49,230.00,236.76,245.16,264.24,275.07,284.57,294.00,299.67,307.13,312.46,310.03,305.50,300.82,295.08,286.67,273.44,265.38,257.24,247.50,236.59,224.90,217.88,207.97,197.20,188.28,176.23,169.31,160.52,147.60,139.52,129.56,121.20,110.14,104.02,92.66
94.01,108.05,126.53,134.54,132.25,153.17,151.00,167.73,169.39,170.24,171.29,182.94,183.74,193.76,193.54,211.45,215.24,230.06,238.95,244.62,262.03,271.91,282.21,292.45,297.44,307.28,311.23,306.19,305.03,300.66,293.95,284.29,270.88,264.58,254.10,245.42,235.48,222.28,215.23,208.27,198.98,186.81,177.61,171.21,162.74,144.59,137.30,127.06,120.10,111.52,100.22,90.26
100.24,110.65,118.85,124.62,132.00,141.53,146.25,155.59,160.16,163.71,170.59,178.73,185.13,189.40,194.12,205.04,213.49,224.40,233.81,239.94,258.57,268.69,279.12,289.70,295.53,302.65,307.32,303.67,300.80,296.25,291.89,281.43,267.16,260.52,252.44,242.13,230.99,222.68,212.71,204.16,196.01,184.72,176.01,169.09,159.62,144.55,135.83,127.77,119.94,109.81,101.84,91.98
99.72,111.63,119.97,127.14,134.33,144.62,147.36,156.73,162.51,167.61,173.42,182.00,189.06,191.38,196.88,208.17,215.04,228.58,237.26,243.48,261.77,271.41,285.33,293.08,298.84,309.69,316.39,309.23,306.00,302.03,297.42,286.01,271.69,265.32,258.18,247.41,236.71,224.64,216.02,207.12,200.49,187.55,178.24,171.08,165.10,146.48,138.05,126.53,118.93,111.79,103.75,93.38
112.79,129.00,136.96,147.96,160.31,170.84,173.63,179.23,179.48,183.98,190.00,189.52,189.53,188.92,188.90,189.45,189.76,193.65,193.13,191.08,194.54,199.25,202.65,206.40,208.15,211.22,212.61,212.76,211.97,209.31,209.50,203.35,198.60,194.59,193.83,190.80,185.81,182.70,180.95,173.25,172.33,168.36,162.25,158.94,154.57,152.03,147.71,139.83,131.14,122.78,116.71,106.79
114.59,130.27,139.34,147.71,158.15,169.12,171.96,180.55,180.71,184.88,187.77,189.00,188.07,188.16,187.11,186.55,191.13,190.71,193.75,192.01,194.74,196.70,202.14,202.80,206.71,210.06,211.44,210.51,206.93,207.97,205.50,199.90,195.50,194.80,193.15,187.24,184.00,180.03,177.60,175.23,170.50,166.58,160.42,158.27,152.80,148.14,144.22,136.34,131.03,123.07,116.47,104.32
100.60,112.64,117.00,124.62,134.00,143.67,148.07,156.20,159.09,164.76,173.31,176.53,184.84,190.24,196.56,206.20,215.13,227.06,234.18,243.94,260.10,271.59,282.66,292.64,299.24,307.15,309.38,307.72,306.47,299.54,295.81,285.16,270.71,261.84,252.41,243.42,235.00,225.47,217.17,205.70,196.85,187.58,175.33,166.76,159.86,146.49,137.89,126.65,118.68,108.98,101.12,90.79
123.33,139.06,148.14,158.52,169.50,178.51,183.74,190.94,193.08,196.39,201.00,202.62,200.86,202.23,201.12,201.88,201.60,203.96,205.12,203.53,207.63,210.30,216.45,218.13,218.68,225.09,226.88,223.88,221.28,220.11,217.81,214.80,209.66,206.49,204.40,198.86,194.91,192.42,191.38,184.02,181.80,177.41,173.53,169.61,163.88,159.20,153.83,146.26,137.38,131.10,124.85,113.22
117.66,132.64,140.58,149.72,162.59,173.22,172.84,183.61,185.53,190.52,193.09,195.36,194.62,195.13,192.82,194.05,194.28,199.21,197.16,198.24,200.26,201.65,207.33,212.66,211.48,216.91,219.58,213.77,212.93,211.75,212.95,207.29,203.30,198.83,197.75,193.37,186.68,184.59,182.19,176.57,174.40,171.28,165.11,161.62,158.47,152.54,147.00,141.51,133.76,124.53,119.27,109.20
101.91,111.16,120.83,127.09,136.01,145.44,147.73,159.39,163.45,165.19,175.80,177.80,182.01,190.06,198.01,207.45,218.66,229.24,236.14,245.00,264.82,274.59,285.57,295.57,302.95,306.94,315.29,311.03,309.59,304.02,300.67,286.84,275.12,267.57,257.67,249.82,237.54,227.11,220.05,210.94,200.82,190.29,178.88,172.74,162.48,147.71,141.60,131.03,120.54,110.55,104.64,94.58
96.77,107.56,115.41,122.77,129.62,136.62,139.71,148.79,154.00,159.14,164.01,171.41,179.45,183.37,190.02,199.02,211.21,222.60,230.23,238.95,253.39,264.89,276.26,285.67,291.25,299.84,306.75,300.42,297.44,296.24,288.26,277.35,265.15,257.80,252.36,239.30,228.60,218.59,210.62,204.30,195.51,184.17,176.08,167.17,158.70,143.06,135.20,126.75,119.34,108.08,101.40,90.35
120.21,134.83,143.85,153.24,162.05,171.75,175.45,184.62,185.95,188.10,190.06,193.37,193.35,189.99,188.73,189.91,192.61,197.77,195.66,195.44,195.89,200.25,205.57,207.89,207.42,217.33,220.37,212.71,214.71,212.73,211.15,205.51,203.20,202.61,197.31,195.00,190.92,184.77,185.04,180.70,177.34,170.88,168.51,165.58,159.88,154.31,147.63,140.46,136.40,128.70,120.07,110.05
99.74,111.80,118.11,126.15,133.27,141.16,146.09,157.18,161.37,166.48,172.17,179.52,185.15,187.22,195.53,204.75,217.83,227.26,239.01,242.79,261.22,272.88,285.10,293.53,300.61,309.65,314.84,308.72,305.37,304.55,296.74,284.62,275.01,268.56,258.85,247.52,234.88,227.80,215.54,210.92,199.45,187.97,178.51,172.82,162.86,145.24,137.42,126.44,118.56,111.32,102.49,90.27
118.21,129.44,138.66,149.05,160.88,166.43,173.57,177.61,178.84,184.66,186.70,188.81,189.69,188.73,188.48,188.28,188.11,191.27,191.65,193.30,198.56,199.01,206.17,211.56,213.55,219.25,221.63,218.01,219.32,218.28,218.76,212.01,210.06,207.63,205.41,202.73,198.18,195.25,194.83,187.62,184.70,181.40,176.37,172.65,170.07,164.60,160.60,152.64,143.56,135.77,128.72,115.83
99.74,110.75,117.00,125.40,133.72,144.42,146.54,156.32,160.86,166.40,173.30,176.03,182.00,190.56,194.28,205.39,214.84,226.32,235.30,241.83,259.48,269.98,282.46,290.52,299.54,302.48,308.64,307.48,305.22,298.10,294.24,283.28,268.76,263.01,252.41,242.60,234.36,224.96,216.64,205.51,195.47,188.41,177.54,169.01,161.01,146.49,137.03,129.14,119.85,109.20,102.02,92.70
101.18,110.57,119.04,126.65,132.38,142.21,144.39,156.42,159.96,164.28,168.32,176.92,181.60,188.10,194.74,201.56,213.34,225.82,232.62,240.67,258.03,268.15,280.86,287.94,295.20,305.14,311.33,303.40,303.00,298.69,292.38,281.47,268.76,266.19,253.48,246.00,230.50,222.28,213.55,205.65,198.76,186.01,177.08,167.94,160.53,144.31,137.23,127.81,118.85,109.84,101.64,91.92
121.51,138.22,146.81,158.67,166.31,177.67,181.47,192.09,193.31,196.74,195.41,201.30,201.07,200.56,200.17,201.72,202.25,206.66,206.89,206.41,209.70,210.64,217.28,220.48,221.42,227.22,232.07,225.62,227.18,223.29,222.38,215.56,211.15,212.42,209.88,204.56,200.42,195.79,192.94,189.53,186.08,181.32,176.01,174.63,166.36,161.90,156.18,148.35,144.45,135.10,125.92,114.00
120.21,134.83,142.64,150.86,163.11,169.96,173.25,183.00,183.21,189.48,188.22,192.20,189.41,189.65,189.68,189.74,193.79,194.46,194.44,192.20,195.50,198.37,205.29,207.93,208.86,214.73,217.68,211.38,216.06,211.69,211.59,207.28,202.41,202.27,197.25,194.91,188.74,186.78,186.00,179.98,176.66,170.84,170.29,166.43,159.45,154.74,150.07,142.52,137.48,128.13,122.54,110.54
121.66,132.57,145.60,150.08,160.90,172.31,173.81,182.28,180.42,185.66,190.39,194.31,191.38,187.58,187.98,187.43,191.26,192.38,193.00,190.69,196.92,198.95,204.24,207.97,210.24,218.40,216.71,212.19,214.24,212.93,211.01,205.18,203.21,201.79,197.50,194.70,190.59,184.79,185.06,180.85,178.73,171.84,168.24,164.07,160.11,154.69,149.25,144.50,139.32,129.20,119.82,109.17
113.25,128.27,137.36,147.51,154.16,163.92,166.05,175.42,175.10,179.78,180.29,184.00,183.09,182.78,181.22,181.30,186.76,186.97,185.33,184.81,191.00,193.21,198.60,198.93,200.86,207.21,209.46,204.40,206.61,204.09,203.19,196.95,193.26,193.10,188.88,186.70,183.83,181.18,178.10,173.67,170.58,164.88,161.77,157.75,152.41,149.40,145.34,136.36,132.44,125.40,116.97,105.12
77.10,84.43,86.54,96.26,101.12,100.18,99.99,101.98,99.86,94.89,96.93,96.54,93.15,87.86,87.80,86.35,86.28,82.22,79.98,75.64,80.01,81.57,87.82,85.16,91.92,102.20,120.81,134.08,145.67,160.96,168.86,177.41,190.01,197.68,198.21,199.57,205.77,205.97,205.23,202.62,203.84,202.47,196.92,193.04,191.00,182.32,177.75,169.24,159.48,147.73,141.23,127.31
97.53,111.54,117.80,126.29,131.59,141.60,144.84,154.93,160.73,166.43,170.99,179.05,183.39,188.56,195.13,205.23,215.34,225.41,237.03,242.00,257.20,268.49,278.99,289.59,294.72,304.11,310.47,302.95,303.06,295.91,289.11,280.86,267.90,260.16,250.93,242.33,229.80,220.64,212.17,204.27,193.37,181.84,174.67,167.50,158.81,140.91,135.07,124.31,119.75,108.91,99.93,89.27
96.18,107.94,115.11,122.79,128.89,138.24,141.77,151.12,155.88,159.77,165.77,173.95,179.57,181.89,188.22,198.71,207.79,218.22,228.44,233.53,249.51,260.46,270.60,279.95,287.43,297.04,302.34,294.93,294.01,290.17,284.00,273.48,262.36,255.88,248.78,237.02,225.11,217.34,209.66,202.20,193.13,181.23,173.17,163.02,157.75,143.17,135.25,126.15,118.88,109.64,100.42,91.21
100.81,112.36,119.02,126.02,133.42,143.22,145.72,156.40,160.82,165.87,173.64,178.93,183.45,189.11,198.04,206.16,214.19,222.27,233.81,243.26,260.28,271.66,282.02,289.80,299.11,306.54,308.60,305.98,304.82,299.34,293.73,285.79,273.39,263.23,254.28,243.82,234.88,223.33,217.86,206.05,197.23,188.67,175.33,169.25,161.82,146.87,139.18,130.11,121.12,111.16,103.41,93.23
101.08,112.87,117.83,125.00,133.36,143.96,146.11,155.62,162.86,165.60,171.42,179.57,184.44,191.09,195.67,206.63,214.02,228.62,234.83,241.02,260.42,270.19,283.52,290.87,299.55,308.57,314.46,304.61,302.99,300.00,294.88,284.61,271.81,266.18,255.05,246.84,233.57,224.27,216.02,208.66,199.45,186.68,178.22,170.51,163.09,146.48,138.10,128.58,122.02,112.40,102.40,93.19
104.10,117.52,125.94,133.42,137.48,148.69,149.01,159.21,167.24,170.02,181.14,185.69,189.25,195.92,203.42,210.24,219.60,230.08,241.30,246.97,264.36,275.43,285.77,293.43,300.27,308.77,312.42,309.01,306.22,302.05,293.82,285.57,271.65,264.12,254.07,244.18,232.22,222.50,213.36,206.00,195.01,187.52,176.26,166.78,157.95,145.07,137.90,127.35,118.14,108.25,100.62,89.32
99.76,111.76,118.53,127.48,133.84,142.13,148.33,155.62,161.12,166.39,173.24,178.31,185.30,191.05,198.28,205.73,215.23,225.25,233.81,242.03,260.38,269.98,281.19,291.00,297.32,305.81,310.81,307.06,306.38,298.61,291.81,284.27,271.15,264.61,253.69,243.66,231.98,223.64,214.97,206.31,197.01,187.39,177.05,167.59,159.42,145.28,137.79,127.99,118.36,110.37,102.18,90.67
99.98,110.32,119.05,125.40,133.15,141.00,146.81,154.47,158.69,166.02,171.75,177.05,183.37,190.32,196.74,203.19,214.00,222.83,232.47,240.60,257.20,268.56,278.44,288.85,294.38,303.60,308.26,303.46,303.39,295.78,290.27,282.88,268.04,261.34,251.34,243.02,230.41,221.05,212.36,204.36,195.49,186.03,175.62,166.60,158.96,143.69,136.40,126.32,117.07,109.25,101.12,90.03
100.72,109.42,118.53,124.62,131.59,140.19,145.80,154.74,158.83,165.42,171.47,176.51,183.63,188.09,194.54,202.25,213.05,221.71,233.11,240.42,257.61,267.65,277.95,287.61,294.74,303.16,307.51,303.13,301.90,295.94,289.99,282.06,267.34,261.84,251.05,240.93,229.46,220.37,211.80,204.35,193.99,186.14,174.65,166.77,157.61,144.64,137.18,126.85,118.41,108.98,100.81,91.00
99.64,108.30,117.24,124.78,130.86,139.13,145.06,153.64,157.63,163.78,170.85,175.89,182.04,187.27,193.13,201.06,212.06,220.49,230.22,238.21,255.20,266.73,275.44,285.11,291.77,299.79,304.21,301.25,298.97,294.15,287.26,280.27,266.05,257.88,249.35,238.84,228.23,219.33,210.54,203.00,193.08,183.85,173.57,165.36,157.28,143.13,135.43,125.48,117.69,108.72,101.04,90.21
98.31,112.29,118.97,128.63,136.13,145.09,149.31,158.52,164.21,169.67,176.05,180.95,189.24,194.62,201.56,208.87,217.72,227.20,237.05,243.23,261.32,270.60,281.44,290.99,298.24,305.79,310.54,307.88,305.37,299.34,292.80,284.62,269.71,262.88,252.64,242.00,231.71,222.38,213.24,205.24,195.35,185.59,174.83,165.50,158.15,143.56,135.06,125.20,116.76,109.04,100.12,89.69
98.05,112.06,118.85,128.46,135.77,144.81,149.27,158.15,163.98,167.89,176.08,180.50,187.45,193.57,200.50,207.24,217.08,226.53,236.44,243.52,260.05,270.50,281.03,290.95,296.51,305.13,310.25,307.20,304.55,298.20,291.55,284.31,269.27,261.68,251.75,243.18,232.13,221.82,211.98,205.00,193.24,185.88,173.81,165.08,157.72,143.18,134.71,124.92,115.92,108.47,99.33,89.56
98.41,109.27,117.63,127.14,134.06,143.29,148.22,157.18,164.28,169.76,177.05,181.32,188.09,193.40,201.64,209.34,218.40,228.25,238.81,244.68,263.09,273.03,281.18,291.14,298.77,305.79,310.50,305.98,303.90,298.61,291.30,282.58,268.89,261.73,252.41,242.06,230.11,220.99,212.25,204.16,194.28,184.95,174.18,165.98,157.54,143.06,135.53,126.19,117.27,108.24,99.99,89.14
98.01,109.57,118.60,126.40,134.01,143.62,147.30,158.81,164.00,169.12,177.12,180.49,186.94,193.87,201.25,210.20,217.91,227.64,238.30,244.86,263.41,272.40,280.61,291.93,298.33,305.18,309.79,307.07,304.16,297.99,291.27,283.13,268.78,263.12,251.67,241.85,229.71,221.79,212.21,203.73,193.50,184.02,173.97,165.01,157.00,144.13,135.56,125.73,117.55,108.63,100.21,90.09
67.62,73.43,76.53,78.64,79.81,81.27,83.10,80.23,75.21,74.43,73.01,74.03,68.88,64.29,60.14,57.25,56.22,55.46,53.04,55.36,63.32,71.84,80.06,87.02,104.55,119.21,149.72,163.34,177.08,181.66,192.34,197.80,208.94,213.46,214.22,214.74,215.60,215.96,215.20,215.26,213.68,210.24,205.27,201.42,197.47,190.76,183.60,174.39,165.95,155.62,146.66,130.60
98.01,109.57,117.24,124.58,133.06,143.89,147.30,156.89,164.55,169.92,174.26,182.78,187.97,193.35,200.82,209.72,220.04,230.11,241.50,243.06,260.13,270.05,283.27,289.35,297.32,304.63,309.43,301.68,298.56,298.64,290.71,276.46,264.62,259.70,251.32,239.43,226.81,219.49,209.34,202.87,191.13,180.29,172.79,165.34,154.15,141.48,131.94,123.91,117.64,106.73,100.45,89.05
99.16,112.06,118.33,129.62,136.18,144.63,149.97,159.85,165.60,172.01,180.10,185.93,193.06,198.13,203.33,211.26,221.17,231.37,241.03,249.04,266.30,276.74,286.74,295.31,302.49,311.19,315.00,311.98,309.55,304.03,297.54,288.62,274.04,267.38,256.83,247.08,236.04,225.54,216.28,208.00,199.48,191.13,178.77,169.65,161.77,148.19,139.79,129.03,120.44,111.65,102.04,91.26
98.23,111.29,118.71,127.01,136.34,144.03,149.79,159.20,165.36,171.35,178.04,184.20,191.56,196.25,202.20,210.20,220.48,229.92,239.89,246.91,263.79,274.27,284.80,293.78,299.63,307.08,311.78,308.86,305.83,300.49,292.22,284.38,270.38,263.06,252.26,242.85,231.02,221.38,212.08,205.22,195.00,186.56,174.77,165.30,158.65,144.59,136.31,125.88,117.24,109.00,100.00,89.20
97.14,110.44,119.02,127.62,134.66,144.01,149.63,158.98,164.62,170.85,176.50,185.21,189.69,196.31,202.37,209.75,219.23,229.03,239.40,245.80,263.23,273.38,284.07,291.25,297.75,306.75,310.37,307.20,303.76,299.13,291.83,282.58,268.49,262.51,251.98,242.04,231.35,222.19,211.47,204.19,195.00,186.13,174.72,165.74,157.61,144.09,134.83,125.72,117.02,108.30,99.85,89.14
104.20,115.04,123.17,132.00,138.76,147.51,152.74,162.86,165.72,173.37,180.81,186.34,191.21,196.40,203.96,210.24,218.83,228.97,239.47,246.13,263.23,275.49,283.56,293.57,300.84,308.18,312.54,309.25,307.35,301.00,294.31,286.00,271.69,265.28,255.08,243.39,232.42,222.72,212.00,204.38,194.45,184.35,172.70,162.86,153.94,139.82,131.23,121.02,113.25,104.10,97.01,84.91
103.32,114.34,122.59,131.49,137.93,147.12,152.55,161.25,164.47,172.19,180.07,183.85,189.68,195.26,201.78,209.20,218.66,228.00,236.97,244.36,262.23,272.86,281.94,292.37,299.55,306.08,311.55,307.61,306.65,299.63,293.47,284.99,271.69,263.92,252.81,243.71,230.87,221.72,210.95,204.12,193.66,183.81,171.77,162.01,153.45,138.46,130.65,121.63,111.83,103.85,96.21,85.91
100.42,110.75,119.71,127.02,133.46,142.06,148.19,155.12,161.55,167.57,175.03,180.25,185.00,192.38,197.59,206.21,215.13,223.86,235.19,242.53,259.88,271.77,282.09,289.79,296.44,304.91,310.04,305.35,303.42,297.09,291.92,283.59,268.42,263.37,252.52,243.02,230.93,222.91,213.19,205.34,196.06,186.04,176.60,167.71,159.10,144.56,137.19,127.20,119.62,109.90,101.83,90.82
101.04,111.02,121.63,128.86,135.77,145.04,149.62,161.05,167.87,172.54,178.84,186.90,190.79,198.88,205.29,214.95,221.95,233.14,239.71,249.61,268.81,277.22,288.79,296.34,302.98,310.19,313.55,309.96,307.42,301.09,296.40,286.75,272.31,265.45,253.66,243.82,236.33,225.89,217.11,203.73,195.13,186.96,176.14,168.44,160.20,145.34,135.92,127.88,118.80,107.97,102.49,92.96
99.72,110.68,118.70,127.88,135.09,144.51,149.48,159.84,163.49,169.94,175.82,183.86,189.91,195.35,201.68,211.85,219.43,229.30,238.76,247.92,263.17,273.23,283.77,292.55,300.73,308.23,312.64,306.78,304.04,298.12,296.44,285.33,270.02,262.51,252.86,243.97,232.60,222.55,216.04,204.06,195.39,183.74,176.38,168.51,159.62,145.17,135.09,127.00,119.52,110.05,99.64,91.92
114.87,125.51,136.85,145.36,152.59,161.94,166.37,175.03,175.03,180.09,181.12,183.53,181.71,179.37,179.28,182.24,184.84,187.01,187.07,185.00,188.86,191.21,195.87,199.09,201.02,208.31,210.35,204.57,203.97,203.77,204.25,197.95,194.10,194.05,190.28,185.95,181.60,178.87,179.20,173.12,171.03,163.78,161.94,159.46,155.32,150.01,144.07,136.96,131.61,125.06,115.68,104.04
102.88,113.85,119.22,127.95,134.81,148.66,150.00,158.24,163.52,166.01,174.18,180.35,185.32,193.21,199.49,207.29,215.97,226.27,236.43,243.35,263.15,272.25,283.13,292.91,300.19,304.65,313.05,310.41,306.13,301.62,295.05,284.68,274.16,263.64,256.32,244.84,236.17,226.02,218.30,206.19,197.96,188.22,177.08,169.57,161.55,146.76,139.27,130.00,118.96,110.04,101.97,93.48
100.08,113.44,120.15,127.12,135.15,146.33,147.08,158.71,162.87,164.76,176.56,179.80,184.49,191.85,197.89,206.63,216.23,226.59,231.90,244.05,261.64,270.49,282.35,289.59,298.22,305.18,309.58,306.04,302.00,296.79,293.34,281.51,269.03,261.86,253.25,242.91,233.08,222.68,215.64,203.84,196.82,186.45,175.65,168.93,158.78,147.73,138.76,129.10,120.83,111.14,103.12,94.40
102.08,113.02,122.07,127.47,137.10,146.37,146.74,157.81,162.27,165.42,174.67,181.46,185.30,191.18,195.48,206.90,216.60,227.22,233.26,243.73,260.43,272.22,281.63,290.82,297.27,310.65,315.06,306.47,306.81,300.70,295.22,284.12,272.52,266.91,255.04,246.08,236.24,223.86,218.12,206.79,200.45,186.17,177.87,169.46,163.11,144.50,138.51,127.88,120.92,112.06,101.19,92.96
103.04,114.86,119.40,127.58,135.77,145.28,149.33,157.65,166.14,166.24,176.16,179.52,186.02,191.19,200.36,208.39,216.13,227.27,236.02,245.90,263.17,274.13,281.54,294.06,301.26,307.00,311.92,308.40,306.79,299.18,294.87,284.29,270.86,262.09,254.10,244.31,235.36,224.35,217.15,205.68,195.89,187.00,175.76,170.24,160.03,145.91,137.90,128.13,119.02,110.07,102.83,93.61
119.11,132.52,140.90,152.12,164.30,173.53,178.13,183.36,186.13,189.53,191.05,188.45,190.12,191.80,192.11,192.98,195.60,194.10,197.25,195.92,199.90,200.82,207.18,209.25,212.76,217.64,219.54,216.68,217.51,215.33,214.23,208.39,206.20,201.61,200.80,197.71,193.09,189.48,187.32,180.45,177.49,176.82,170.91,167.07,162.98,157.54,153.45,146.24,138.36,128.80,124.17,111.36
99.49,110.54,118.23,127.88,133.15,143.68,147.63,157.50,162.83,169.01,172.90,179.98,184.04,189.56,195.51,207.19,215.23,225.28,233.08,242.10,258.37,270.70,281.79,289.69,293.39,304.18,310.74,306.14,305.29,299.04,293.00,282.99,270.01,265.35,253.87,241.60,233.09,222.74,215.93,206.52,197.46,184.44,177.91,168.63,162.19,144.55,134.13,125.57,117.99,111.76,102.46,92.78
99.62,112.29,118.71,128.38,135.77,146.29,149.25,157.66,162.63,167.11,175.45,180.35,181.99,191.38,199.42,207.24,217.57,225.68,235.14,242.40,260.97,271.90,281.15,291.15,297.97,305.48,309.76,306.74,305.49,299.11,293.07,281.82,269.61,262.61,252.41,243.10,233.57,223.18,216.63,206.01,195.94,186.55,176.14,167.53,159.54,145.34,135.09,126.70,119.10,111.68,104.29,95.27
95.05,109.59,116.93,124.72,133.51,139.43,145.60,153.73,158.90,161.25,168.75,173.49,179.01,185.56,194.40,202.70,209.00,218.84,229.01,234.65,252.51,263.14,274.42,280.59,290.27,294.59,300.53,297.90,294.85,290.15,283.67,275.94,262.55,252.25,245.61,234.95,227.69,217.12,206.53,199.70,188.83,180.70,169.85,161.94,156.08,142.71,135.48,125.51,116.81,107.62,99.46,89.11
116.30,128.06,138.54,149.34,157.49,167.59,170.84,180.71,181.04,186.26,185.40,189.45,189.66,189.26,188.22,189.81,192.00,194.88,194.31,194.28,196.58,199.21,205.55,206.97,209.31,213.96,218.87,211.01,211.90,209.98,209.01,203.77,199.38,200.57,195.24,190.98,188.57,182.46,183.58,177.14,175.97,169.55,166.59,162.31,158.62,153.39,147.68,140.66,135.00,129.76,121.20,107.42
116.81,128.39,139.67,149.81,157.41,167.73,172.41,181.55,181.01,185.31,185.85,190.56,190.80,190.00,191.21,190.59,193.93,196.33,195.63,194.93,198.81,201.02,206.31,207.96,209.66,214.22,218.83,214.40,214.15,211.24,210.87,203.66,203.19,200.73,196.33,191.78,189.34,184.62,184.00,178.07,178.06,169.29,168.43,163.60,158.86,155.57,147.72,140.03,137.23,130.83,121.08,109.04
100.96,114.39,119.64,126.59,136.89,144.56,148.27,160.11,164.44,168.27,174.91,181.74,183.93,192.21,198.20,208.15,217.75,226.10,233.08,242.53,257.07,270.85,282.85,289.92,295.36,302.33,306.47,304.53,301.50,297.04,291.39,282.58,266.94,260.75,251.64,241.40,232.55,220.91,212.46,201.56,192.90,186.68,172.98,165.34,156.98,144.42,136.89,127.00,117.83,109.00,101.61,92.27
121.20,133.79,144.81,153.73,161.84,171.30,173.82,183.41,184.89,188.90,190.10,193.26,193.60,190.91,191.91,190.80,196.24,196.06,198.00,197.09,199.54,201.72,208.63,212.04,213.38,218.79,223.62,217.11,217.85,216.54,215.42,210.61,206.63,206.98,204.27,199.61,194.59,191.02,188.96,184.95,182.56,174.26,173.93,167.94,163.15,156.97,152.59,146.10,141.53,133.20,123.37,111.40
103.81,113.11,123.47,132.92,140.00,146.77,152.86,159.54,166.42,171.96,178.03,184.13,189.69,196.06,202.15,210.06,219.10,229.51,235.23,244.63,263.28,272.64,283.80,292.14,299.35,305.63,312.53,309.24,303.94,298.96,293.99,285.25,271.97,261.82,253.16,242.10,234.36,223.56,215.13,203.80,193.49,185.65,172.79,166.51,157.20,142.69,134.48,125.18,116.09,106.89,100.00,90.14
117.00,131.88,137.52,148.07,159.35,168.43,172.28,179.60,182.12,185.13,188.37,191.43,190.32,191.05,189.68,191.21,192.84,195.06,195.02,195.11,198.76,204.75,208.19,209.85,211.85,215.23,218.04,217.08,216.98,212.34,213.38,208.60,203.69,201.14,199.12,195.73,191.18,186.34,187.11,182.00,178.52,173.65,168.68,165.48,162.52,157.92,152.07,145.72,136.97,128.44,122.61,112.07
124.43,138.29,144.42,153.56,167.29,174.94,179.40,186.51,187.40,189.97,194.28,197.31,196.09,195.53,198.04,194.65,196.12,200.32,199.14,201.68,205.87,207.48,213.41,218.83,219.66,222.18,223.88,223.81,224.54,223.04,221.42,217.17,212.91,211.00,208.90,204.38,202.00,199.02,197.04,189.65,188.22,184.11,177.79,176.38,171.12,165.17,162.64,153.59,143.02,136.21,131.03,116.21
103.10,115.38,123.55,129.47,138.41,147.26,150.27,161.92,168.34,173.51,177.54,183.45,190.42,192.75,199.12,208.54,219.97,231.05,239.38,244.81,260.50,272.72,286.30,292.33,298.80,308.58,314.06,305.81,303.87,302.79,294.25,285.35,272.31,266.31,256.40,245.73,233.21,222.38,213.77,202.94,195.50,182.39,172.26,164.14,156.08,140.00,131.38,123.86,115.88,106.71,98.43,89.81
102.70,115.38,122.45,129.19,137.00,146.33,149.63,159.70,165.22,168.68,175.33,179.18,185.73,191.05,198.43,206.16,213.96,224.41,233.12,240.62,258.12,269.86,278.86,289.04,295.16,302.41,305.16,304.17,301.92,296.14,291.16,282.88,268.17,259.62,250.32,242.24,231.23,221.05,212.48,201.94,192.28,183.10,172.07,165.47,156.22,141.48,131.95,123.00,115.97,106.23,100.00,90.21
104.66,115.85,122.15,130.29,138.00,148.49,150.28,160.11,163.62,168.58,172.86,181.65,187.04,190.08,196.21,205.55,214.44,226.81,233.47,239.53,258.50,270.28,280.51,289.21,295.68,305.37,310.96,305.24,305.64,299.61,294.60,281.60,271.07,263.00,254.48,244.10,231.16,220.44,214.20,203.19,195.58,182.58,176.11,165.41,158.03,142.04,133.63,122.78,116.18,108.91,99.62,89.94
102.11,112.45,123.00,130.30,136.36,145.99,151.16,158.66,166.72,169.78,177.28,181.28,188.04,193.60,199.83,209.10,218.01,228.97,236.48,243.99,261.73,271.65,281.58,291.24,296.33,305.53,310.10,304.40,303.12,296.23,292.68,281.49,266.53,261.96,249.88,241.96,228.37,220.27,212.84,199.25,193.13,180.24,172.47,160.44,153.22,140.13,130.86,122.78,116.04,106.04,97.02,89.10
103.59,114.56,122.48,129.99,139.45,149.16,150.62,161.76,165.68,170.34,177.02,181.00,186.68,193.75,199.58,208.87,217.63,226.36,234.61,242.07,259.05,270.09,280.14,289.84,295.88,302.99,311.62,302.59,301.76,296.28,291.08,281.71,266.40,261.63,248.87,238.89,228.64,219.49,212.25,199.28,190.59,179.81,167.92,160.86,154.43,139.85,130.38,122.41,111.00,105.00,97.08,88.36
103.37,114.13,121.70,128.89,137.10,145.96,148.00,158.32,161.55,166.00,174.07,176.30,182.10,190.06,194.18,202.01,212.49,221.42,228.01,236.80,254.16,265.20,275.69,284.51,292.04,297.38,302.00,302.06,299.13,296.20,288.78,278.73,265.50,256.97,247.95,238.60,228.47,218.77,210.89,198.31,190.92,180.80,170.43,164.15,155.21,141.09,132.97,122.45,115.00,105.82,99.32,90.09
104.24,113.36,122.11,131.10,136.13,147.87,150.86,160.78,162.59,169.85,173.76,178.89,183.77,191.34,195.56,202.88,214.25,223.76,233.85,236.60,254.83,267.61,277.85,285.91,290.63,301.04,307.09,301.53,297.06,298.44,288.14,277.15,264.37,260.10,249.78,240.36,226.59,216.34,206.78,200.74,190.95,177.50,170.00,161.05,153.42,136.19,130.55,121.38,115.12,103.87,98.23,90.09
102.80,118.04,123.42,130.92,140.81,149.93,152.20,161.94,167.87,173.22,178.93,186.01,190.47,195.67,199.09,212.25,220.06,230.76,237.08,243.99,259.85,270.01,281.44,290.26,294.53,304.76,310.87,301.42,299.71,295.96,290.68,279.18,265.20,260.42,249.73,238.50,227.76,216.76,208.39,198.88,190.71,178.81,169.73,160.70,151.65,138.41,128.86,122.20,113.99,104.66,98.51,89.64
102.96,115.92,125.21,132.22,140.46,149.01,152.45,160.70,168.69,172.68,179.13,185.32,190.63,196.08,201.20,211.26,220.49,228.35,236.17,242.87,259.59,269.82,280.07,288.72,293.78,301.90,306.03,300.81,299.28,294.33,288.27,279.51,265.20,258.43,248.77,238.17,226.02,217.04,208.84,196.15,188.92,178.62,168.43,160.26,152.90,135.96,130.21,121.64,112.07,104.45,97.94,88.57
109.42,121.04,128.00,136.34,146.41,157.21,159.59,168.34,174.04,177.50,186.95,192.02,194.16,202.27,206.53,215.15,226.32,233.21,242.00,249.34,266.25,277.40,287.39,294.03,302.27,309.93,314.84,309.67,306.75,302.87,296.07,286.37,272.31,262.64,252.57,243.77,231.92,221.46,211.91,200.87,190.31,182.99,169.78,161.82,154.05,139.18,133.66,126.19,116.84,106.78,101.53,93.19
108.30,119.08,127.10,135.37,144.90,155.12,156.78,167.59,171.96,176.31,182.69,188.47,193.81,199.53,203.48,213.02,222.79,232.11,237.43,246.97,259.92,270.91,281.44,289.82,294.04,302.17,307.28,298.41,299.54,295.33,289.77,277.40,263.59,257.03,246.86,237.66,226.24,215.06,206.25,195.41,186.94,177.18,165.92,156.54,147.05,135.96,128.41,121.28,112.29,104.48,99.16,89.11
104.89,117.78,128.00,135.99,144.59,156.22,158.15,169.71,173.99,178.55,182.43,190.31,193.91,200.57,205.09,215.06,221.77,232.71,239.63,246.59,260.77,273.06,279.95,290.45,294.46,303.59,308.31,299.40,299.19,292.74,288.46,275.22,261.62,255.99,243.99,235.37,222.00,212.08,205.60,194.02,184.46,173.49,164.76,155.71,147.80,133.96,126.02,119.87,112.45,103.79,96.13,88.96
108.89,121.15,132.31,142.24,148.39,159.77,164.30,175.39,178.44,184.98,189.19,197.27,202.43,206.93,212.15,221.46,227.98,239.58,247.91,252.39,268.82,278.65,287.70,296.97,302.69,308.88,315.16,306.28,306.41,298.80,294.57,282.73,268.31,260.76,250.80,239.77,229.53,217.02,210.32,198.09,189.51,178.47,169.55,161.20,152.76,138.54,130.55,123.26,115.95,108.17,100.40,91.41
105.95,119.52,129.03,135.60,142.39,152.45,158.69,168.22,171.41,179.00,184.05,189.20,191.95,199.45,204.12,211.57,221.01,229.02,238.14,242.13,257.40,265.31,276.80,285.38,291.04,297.61,303.66,297.13,293.17,289.86,282.33,272.17,258.28,251.09,240.21,230.72,219.42,209.46,201.43,194.06,182.53,173.51,164.28,155.19,148.35,131.03,125.92,117.64,112.04,102.53,95.13,84.97
106.40,120.93,127.77,136.00,144.18,155.56,157.88,169.32,175.28,178.87,183.66,189.45,193.55,200.02,204.80,213.38,219.79,230.00,234.80,245.49,257.84,268.27,277.41,286.01,292.41,297.41,302.22,298.58,295.01,288.46,283.75,272.55,259.72,248.21,239.01,230.87,220.24,213.86,202.71,190.00,181.47,170.70,162.36,153.21,147.00,131.59,125.90,116.90,110.06,103.24,95.85,89.09
108.17,120.30,130.97,139.18,145.09,156.92,163.03,171.21,179.01,182.16,186.13,191.91,197.20,202.42,207.18,214.48,223.04,233.62,238.31,245.97,260.60,269.90,279.60,285.01,292.86,296.01,301.42,296.42,292.54,290.27,282.42,271.90,257.00,249.93,239.74,231.22,218.49,210.24,199.26,192.07,181.42,170.95,162.73,154.77,147.05,129.71,122.58,116.28,110.79,102.11,95.26,85.91
109.11,121.49,129.73,140.47,146.11,156.95,161.04,172.93,178.24,180.43,187.84,191.66,194.74,201.56,206.20,214.17,220.81,230.87,235.69,243.97,256.16,265.71,275.07,285.35,287.92,294.98,297.71,294.49,290.83,282.93,279.51,268.87,255.88,246.47,234.78,229.02,216.10,209.75,199.48,189.01,179.01,172.99,161.25,154.28,145.50,134.27,126.81,119.42,111.20,104.24,97.67,89.69
109.86,120.15,129.71,139.70,149.60,159.66,164.30,174.48,181.28,185.92,192.75,199.81,200.39,207.56,212.08,219.40,227.61,234.85,242.74,246.78,260.73,269.94,279.01,285.26,288.88,299.55,300.33,292.07,288.64,285.05,277.35,268.80,254.95,246.66,237.12,228.35,218.08,207.42,200.17,190.00,182.02,171.59,161.93,155.08,146.01,132.94,126.18,119.82,112.33,102.58,98.02,87.82
110.75,125.63,131.70,143.03,152.74,164.02,167.33,177.80,182.48,186.46,194.25,199.56,203.04,209.77,214.08,219.71,225.52,235.03,242.37,246.47,259.31,269.79,277.01,286.92,291.87,295.04,299.29,294.14,289.50,286.43,280.09,268.29,254.05,246.06,235.48,227.97,219.02,206.93,199.65,190.42,180.38,170.45,159.05,150.42,145.23,132.57,124.81,117.35,108.81,99.01,94.54,84.15
103.08,114.98,123.24,131.64,141.03,150.27,153.83,163.62,170.04,172.82,180.58,183.64,186.72,192.04,197.43,202.36,210.64,216.52,220.32,228.65,240.07,245.49,253.29,259.80,264.60,269.46,271.94,265.54,262.69,257.24,253.02,242.74,229.43,222.38,212.87,205.54,195.49,187.40,178.35,167.87,160.08,153.88,141.01,134.62,129.85,116.11,109.12,101.64,95.82,87.32,83.60,75.59
111.33,125.80,137.06,145.34,151.80,162.93,168.51,180.05,183.22,190.44,193.02,199.90,203.54,207.28,213.58,220.07,229.01,238.47,244.07,245.99,257.53,267.71,275.96,281.44,288.50,293.82,295.98,288.92,283.78,281.45,272.09,262.53,249.10,243.82,232.88,224.15,213.14,202.57,194.20,184.57,177.09,163.36,157.49,147.23,139.79,125.26,115.95,108.85,103.10,94.92,87.32,77.52
103.59,117.03,124.45,131.55,140.58,147.65,153.57,161.64,164.21,170.29,173.00,179.54,183.87,187.84,191.06,197.85,205.73,213.00,220.04,224.02,234.33,242.54,251.45,256.63,259.80,266.54,268.88,262.98,260.50,256.78,248.32,239.10,227.50,220.19,212.29,202.23,191.78,183.44,174.52,169.19,160.70,149.86,140.46,135.06,127.44,114.91,106.33,99.32,94.85,86.21,79.91,73.93
118.30,130.73,139.30,149.37,158.69,169.01,173.18,183.53,188.45,194.62,199.91,206.89,208.63,216.62,218.36,229.09,232.24,246.25,249.37,256.12,272.12,279.76,286.02,296.38,301.41,304.59,305.16,300.54,296.63,289.64,286.25,275.11,260.42,250.35,237.19,229.48,217.97,207.27,198.93,184.84,177.88,168.60,157.11,148.00,141.53,124.90,118.71,109.77,101.18,94.54,89.05,81.30
123.48,137.44,147.76,156.63,166.39,176.14,181.32,190.28,192.63,195.13,196.47,200.80,199.83,198.98,198.85,197.80,200.63,204.20,200.39,197.01,200.23,198.93,204.71,206.04,207.62,210.77,214.72,208.35,210.49,208.34,208.48,204.27,205.77,207.07,201.91,199.70,200.16,196.89,195.60,194.99,195.13,190.28,187.00,183.60,183.14,178.51,174.73,164.55,158.96,152.30,142.00,129.03
124.85,140.06,149.26,160.46,169.29,179.07,183.18,193.98,195.47,198.39,198.98,203.96,204.32,201.53,200.17,200.96,203.33,204.66,203.25,199.62,200.96,202.87,207.41,209.31,209.12,212.95,216.32,211.12,212.43,210.22,209.16,205.01,205.79,206.31,202.83,201.06,199.68,197.43,198.41,195.43,196.02,191.05,187.17,185.17,183.05,179.80,173.35,163.08,161.90,152.51,142.71,128.04
119.47,133.66,145.15,154.20,165.44,173.59,178.02,188.82,192.13,195.00,195.23,199.18,197.50,198.93,195.67,196.99,200.45,203.04,202.59,199.12,199.36,199.62,203.58,207.00,205.28,210.02,210.06,206.12,203.75,204.89,203.39,199.20,194.73,198.44,194.49,192.35,190.71,187.30,189.16,187.66,184.27,179.80,179.03,176.92,174.04,169.06,167.63,156.97,153.31,143.60,135.48,121.26
119.00,132.88,139.46,149.83,161.97,169.54,174.04,182.88,184.82,189.69,193.60,195.60,193.67,195.53,195.26,196.70,198.24,199.61,200.11,197.27,198.71,199.61,203.89,205.39,206.20,208.06,206.71,205.43,203.34,203.53,204.02,198.59,196.00,194.16,191.81,191.86,187.04,185.81,187.32,180.69,180.83,176.82,173.22,170.19,167.73,164.20,158.78,153.10,144.06,135.69,131.49,119.82
120.07,140.24,146.17,154.21,169.59,180.10,186.00,197.75,197.82,203.16,202.30,208.59,208.15,206.63,204.88,209.29,213.93,215.08,212.84,209.69,212.20,212.95,217.50,221.01,220.68,224.64,223.52,215.68,218.01,215.23,212.19,207.15,203.84,203.48,202.04,199.72,194.16,189.76,192.63,188.37,186.14,178.13,176.26,173.31,167.04,164.40,161.55,151.65,147.41,137.80,127.28,115.52
122.00,135.34,143.00,153.40,163.88,174.96,179.40,185.95,190.97,195.49,198.30,200.80,203.93,203.09,203.92,206.12,209.04,212.48,213.52,215.06,215.20,221.23,225.88,226.97,231.16,232.14,236.14,232.59,234.07,229.00,227.71,223.57,219.49,220.06,215.10,214.71,208.06,204.09,202.94,198.76,195.63,192.52,190.12,184.17,180.75,176.50,171.75,164.05,153.53,145.88,136.62,124.34
121.34,136.56,145.09,155.39,165.92,175.29,181.71,190.26,192.85,196.46,200.25,204.01,203.02,203.59,205.55,207.78,211.48,215.75,216.45,217.37,219.97,222.19,227.26,229.69,231.37,233.93,236.23,231.28,231.53,229.49,228.65,222.42,215.93,216.93,213.18,209.62,205.36,200.89,200.82,195.02,193.42,189.18,184.10,179.87,173.60,168.01,161.45,155.66,148.66,139.62,130.92,119.10
116.40,128.89,136.85,148.30,156.35,164.58,171.49,181.02,183.34,187.07,190.17,192.28,194.12,195.13,195.00,199.62,202.20,205.27,207.04,205.65,209.75,212.40,219.17,219.97,220.76,225.56,227.71,223.01,222.58,218.98,217.67,211.63,209.77,211.34,204.42,201.09,196.02,192.77,192.07,187.84,184.17,179.28,174.89,170.88,165.05,157.94,152.55,146.21,139.14,131.04,120.60,109.02
109.00,121.40,127.13,136.62,148.22,155.46,160.65,167.07,170.88,175.76,180.34,181.69,182.53,186.04,185.32,189.71,192.15,195.17,197.19,197.20,202.36,205.30,209.31,211.40,213.86,218.33,219.18,215.06,214.66,211.94,210.49,205.57,203.05,200.41,198.76,195.13,190.25,186.64,184.23,178.91,175.57,171.29,164.44,162.53,156.98,150.43,146.15,138.10,128.04,121.05,114.24,102.73
110.07,122.80,130.38,140.87,152.12,160.16,164.15,174.29,177.80,181.60,182.46,189.59,190.16,190.91,192.57,194.86,199.49,203.57,202.79,204.08,207.45,211.12,215.14,220.52,220.23,225.38,228.97,223.50,226.24,222.08,219.86,215.52,210.62,212.28,206.23,205.28,200.09,196.01,194.70,191.85,187.93,180.85,177.07,173.01,166.60,159.42,153.67,145.12,137.32,129.65,118.27,107.45
112.61,125.87,132.00,140.39,153.38,162.08,165.22,175.00,176.78,182.54,185.33,189.36,189.45,191.23,191.48,194.00,199.08,200.36,202.05,202.77,205.87,210.79,215.39,218.80,218.84,224.01,226.64,224.11,223.44,220.24,220.98,215.97,213.38,212.53,207.70,206.31,202.83,196.70,196.94,191.44,188.48,184.44,178.92,175.32,169.19,161.94,156.20,147.83,139.20,130.25,122.43,111.61
120.50,134.77,143.41,155.40,164.76,173.28,180.24,189.40,192.09,197.16,202.11,205.85,205.92,207.66,211.40,212.46,214.76,218.91,222.00,222.03,225.32,228.01,232.36,236.65,238.76,243.25,247.17,244.38,245.31,242.61,242.54,237.97,234.55,234.34,230.49,231.31,224.18,219.99,218.00,212.51,209.62,203.65,198.65,193.31,189.45,180.60,172.53,163.88,155.32,144.18,135.79,122.65
118.19,132.25,139.53,149.21,160.85,168.76,174.23,182.16,184.78,191.13,193.67,198.49,197.68,199.12,202.12,202.87,208.17,209.98,210.84,212.14,214.13,219.11,222.99,225.50,227.71,232.05,235.69,232.80,233.79,233.21,231.90,225.89,224.01,223.99,220.03,220.37,215.00,210.89,209.12,206.48,203.07,195.82,191.11,186.59,181.80,174.98,166.64,156.60,150.96,141.13,135.99,120.28
