140.13,154.43,165.17,175.42,185.00,190.91,199.22,208.63,209.02,214.36,215.13,222.17,224.20,227.18,225.50,233.03,236.54,243.06,247.81,248.21,253.55,262.39,269.41,273.79,276.08,283.14,284.86,278.22,279.54,274.93,267.85,259.96,252.45,252.00,243.46,237.95,229.89,222.75,216.67,213.01,206.18,194.61,189.17,180.94,172.14,160.56,148.22,136.78,129.07,118.71,102.90,90.80
140.72,157.85,165.03,174.26,184.81,192.77,200.28,205.87,208.33,214.74,217.49,220.48,222.77,225.62,228.60,234.10,237.69,241.85,247.27,248.02,254.92,263.41,269.07,273.59,276.70,279.85,282.19,280.86,278.40,273.22,270.44,262.27,253.18,249.36,243.26,238.00,229.40,226.18,218.83,211.02,203.07,196.62,186.12,179.08,171.84,161.07,149.38,139.27,127.28,115.88,106.30,92.70
134.24,148.35,158.69,168.24,176.95,184.40,189.86,199.01,201.14,205.55,207.45,211.34,213.78,215.57,216.78,224.62,228.35,234.10,237.68,239.38,247.50,253.99,259.98,261.43,267.34,272.53,273.47,269.70,269.95,266.27,257.85,250.20,245.07,242.32,237.21,231.89,223.03,218.59,210.71,208.15,200.16,187.84,181.96,177.34,167.03,153.39,144.01,133.65,125.22,114.86,100.17,89.87
140.04,154.98,164.10,174.07,183.10,192.98,197.61,204.75,206.85,213.04,213.38,219.21,222.43,224.77,225.14,232.56,235.47,242.84,243.25,247.50,250.80,261.17,266.08,270.43,276.81,278.47,281.04,275.47,277.85,272.12,268.78,259.41,251.73,248.21,242.40,237.46,229.65,224.80,218.29,210.34,204.19,194.47,187.46,179.55,170.79,159.88,147.98,137.64,127.02,117.18,103.02,92.20
134.85,148.71,159.40,168.08,176.78,184.09,189.74,196.73,199.72,205.41,208.20,209.90,214.57,216.09,216.47,221.42,226.42,231.84,235.05,237.61,243.50,251.86,257.42,259.33,265.00,269.79,270.67,265.83,267.53,261.30,256.35,250.19,241.12,237.47,234.06,227.50,220.05,213.93,207.79,202.12,195.13,187.20,178.09,171.72,164.61,152.31,141.74,131.06,122.58,111.95,98.98,87.57
136.44,150.95,160.86,169.64,178.81,188.28,195.29,200.90,205.22,208.40,210.75,216.00,219.01,220.97,222.28,227.73,232.56,237.92,243.85,244.50,250.49,257.69,263.03,269.12,273.07,277.00,278.65,274.31,275.09,270.56,263.93,257.64,250.69,246.86,240.63,235.19,227.50,221.55,215.81,209.77,201.43,191.88,185.73,179.51,170.19,157.89,147.51,136.47,127.88,116.48,103.48,90.34
141.23,157.18,164.81,176.82,186.32,192.40,200.57,206.94,210.05,214.22,219.05,221.42,224.95,227.20,227.73,235.70,238.03,242.96,246.08,249.07,256.42,264.02,271.01,276.38,276.52,280.34,282.07,279.02,280.02,272.69,271.27,261.32,254.87,247.52,243.12,237.66,231.23,224.90,218.98,210.20,203.65,196.33,186.96,179.69,171.54,160.08,151.08,140.09,126.25,116.76,104.58,92.66
140.80,157.28,165.92,175.64,185.88,195.16,201.65,206.16,209.85,213.94,218.87,220.93,224.34,226.89,228.57,234.05,238.42,241.75,247.49,251.18,256.12,262.64,270.97,273.80,279.54,280.49,282.41,280.51,280.40,273.94,269.42,261.49,255.98,249.90,245.08,239.05,231.04,224.19,218.25,212.47,204.07,195.97,186.50,180.38,170.42,159.97,150.84,138.03,126.85,116.04,105.11,91.29
130.98,144.75,154.67,166.09,170.00,178.73,184.49,191.08,196.13,201.07,204.50,206.53,209.72,210.44,213.24,219.49,224.32,227.61,233.65,234.46,241.60,250.46,255.25,260.23,263.33,268.75,271.45,265.56,266.63,261.22,255.23,249.03,242.37,239.71,234.30,229.00,221.01,215.24,208.93,201.88,196.79,185.95,180.47,172.93,165.30,153.57,141.13,132.26,124.84,113.25,100.62,86.68
129.03,143.28,154.16,162.05,170.95,178.47,184.09,192.43,194.20,201.32,204.08,208.32,208.39,209.62,211.46,217.49,224.56,228.43,234.68,235.13,240.63,249.51,254.79,258.60,262.27,268.82,271.30,264.36,265.00,261.01,254.95,248.73,241.03,240.25,232.77,228.33,220.24,214.67,208.48,202.42,197.33,186.46,179.29,172.93,163.99,152.96,142.13,132.82,124.31,112.38,98.79,87.62
138.97,153.81,164.62,175.82,182.62,190.07,196.94,206.65,206.34,213.86,214.98,219.34,222.11,223.59,226.23,230.64,233.81,241.10,246.14,246.29,252.72,260.56,266.85,270.30,274.91,279.09,280.88,275.78,276.83,272.13,266.17,257.60,250.59,249.03,244.14,236.63,229.17,223.14,214.70,210.20,204.50,193.16,186.04,179.95,170.94,157.28,146.29,134.81,127.14,116.35,101.84,90.51
137.67,153.40,163.37,174.04,182.56,191.47,198.25,204.68,207.59,212.36,215.47,220.74,222.91,223.66,224.85,232.02,237.12,242.32,246.62,248.49,256.53,263.41,268.96,273.76,278.21,281.19,285.08,278.04,278.26,274.64,267.92,260.60,254.62,251.72,246.45,237.70,230.23,224.54,218.00,212.23,204.90,194.51,187.88,179.89,171.92,159.42,149.05,138.00,128.76,118.33,102.24,91.24
116.71,127.31,136.62,142.27,150.23,155.03,157.84,165.19,168.91,172.63,175.14,178.88,184.02,183.33,186.55,190.80,194.49,200.81,205.83,207.28,212.42,217.26,225.98,226.34,230.49,236.03,233.00,230.15,230.71,227.40,220.05,216.97,209.48,208.83,200.32,195.14,186.94,183.99,177.91,173.12,166.21,157.31,150.34,145.24,136.36,123.11,115.25,106.61,99.64,89.20,80.78,70.77
141.17,156.92,166.21,175.38,185.61,196.02,199.99,207.14,208.15,214.01,219.21,221.73,223.29,226.27,229.97,233.86,238.32,242.26,247.30,250.45,256.52,264.52,270.29,276.02,279.11,280.82,281.47,279.83,281.71,273.25,270.60,262.84,254.70,248.05,242.55,239.47,231.81,224.15,218.39,211.01,205.46,196.33,186.08,180.80,172.20,159.93,149.60,139.00,126.65,115.36,105.12,92.20
135.62,149.58,159.93,169.10,177.10,183.58,191.86,198.83,202.07,206.48,210.01,212.62,215.68,217.71,218.51,225.28,228.97,233.00,239.44,239.12,245.72,252.94,259.82,263.93,268.39,270.54,273.92,268.47,269.02,263.93,257.94,251.87,244.32,240.83,238.60,230.00,220.88,215.93,209.03,205.83,199.27,187.67,181.57,174.16,164.84,151.85,141.85,132.25,123.91,113.36,99.72,87.20
134.48,151.33,157.47,166.15,176.92,186.66,192.20,194.49,197.13,201.70,206.04,208.57,211.73,214.24,218.82,224.15,225.80,229.44,236.16,239.46,246.08,251.25,256.73,261.40,265.71,267.37,270.65,267.37,266.67,259.83,256.32,249.07,243.32,237.61,232.31,226.61,220.48,213.12,206.79,200.30,194.54,186.32,177.56,169.12,162.66,151.43,142.41,130.59,120.21,109.59,101.24,87.93
134.16,148.41,157.81,169.01,177.86,183.73,187.22,196.89,197.28,201.56,203.04,210.04,213.18,213.86,214.90,222.70,226.32,234.39,237.03,238.67,242.43,249.83,256.48,261.44,264.48,270.49,273.76,264.68,266.60,262.10,257.29,247.54,242.12,241.07,232.59,227.27,219.48,212.85,207.24,202.32,195.25,183.02,179.69,172.36,163.53,151.43,140.16,129.28,120.97,112.77,98.01,87.10
102.39,114.11,117.24,127.48,135.96,141.43,150.60,152.59,161.34,167.03,173.77,176.87,177.42,180.27,181.47,183.41,185.15,189.62,201.11,200.69,206.74,213.76,218.55,220.95,227.27,228.27,227.00,227.48,224.51,221.11,217.48,211.29,206.71,204.47,195.21,190.97,183.38,183.04,173.40,167.45,163.00,155.93,149.37,139.61,133.06,123.23,116.18,105.08,96.61,88.12,79.08,68.59
139.18,152.97,161.14,171.03,178.84,189.76,194.10,199.68,202.37,208.70,211.32,214.53,216.58,219.43,221.50,227.16,231.25,233.98,238.77,242.66,247.35,255.84,262.09,267.47,269.44,271.83,273.13,269.07,269.08,262.71,259.31,251.72,243.23,240.90,232.35,227.34,221.38,214.29,208.63,202.87,194.59,189.10,177.40,170.36,163.82,151.48,143.20,131.40,121.49,108.47,100.13,86.83
132.22,145.13,154.24,165.08,170.02,181.46,186.12,193.65,195.80,200.90,203.93,207.97,210.00,209.88,212.53,217.95,224.61,230.20,233.42,234.55,241.00,248.20,255.47,259.47,261.20,266.10,268.79,261.97,263.01,259.38,252.68,246.61,239.68,237.54,229.98,225.02,217.08,211.48,205.92,200.96,193.15,182.99,179.01,171.27,163.37,149.27,140.09,129.47,121.66,111.89,98.02,86.01
136.00,148.34,157.49,165.70,177.16,184.74,190.78,196.66,198.96,204.02,208.54,211.38,213.00,214.80,218.05,222.19,226.21,231.26,235.93,237.70,244.10,250.57,256.43,261.63,264.58,268.26,268.79,265.76,265.55,259.73,256.76,249.07,240.09,237.45,231.90,225.08,219.78,212.27,206.81,199.09,192.31,187.26,177.02,170.18,161.55,151.92,140.43,130.67,120.54,109.55,100.34,86.21
132.31,146.73,154.26,165.22,174.41,182.44,187.39,192.76,196.98,200.01,205.81,206.81,208.47,211.83,215.11,220.91,223.83,228.32,230.31,234.55,240.09,248.56,253.67,259.77,260.46,263.43,265.42,263.43,263.69,256.74,255.42,246.27,238.74,235.01,228.84,223.99,217.22,212.01,205.73,198.12,192.77,184.76,175.29,168.29,161.05,150.21,139.85,130.36,117.35,109.17,99.70,87.32
132.20,148.68,156.25,164.55,174.39,182.08,186.36,193.40,197.00,200.41,204.43,207.89,209.25,212.08,216.15,220.24,224.13,228.04,232.03,236.02,239.53,248.90,252.96,258.26,260.89,264.88,266.55,262.83,263.91,257.16,255.86,246.46,239.26,234.07,228.00,222.33,217.39,210.64,205.72,198.31,191.97,184.76,176.00,168.83,161.99,149.97,139.61,130.27,118.51,109.99,98.98,87.02
132.19,144.81,154.63,164.73,173.57,180.28,185.27,194.74,195.14,202.48,200.85,207.14,209.06,211.38,213.96,219.74,221.94,230.15,231.32,232.82,239.20,245.95,250.48,256.07,259.05,265.28,266.60,259.88,263.43,258.03,253.40,242.54,236.91,234.48,229.47,223.61,215.23,210.24,205.27,198.83,192.61,182.78,176.74,169.45,161.82,150.75,138.65,129.32,121.56,110.32,97.35,84.72
132.91,148.39,157.89,168.58,174.04,183.22,188.37,197.23,199.96,205.10,206.79,210.46,212.72,213.38,215.34,222.28,225.08,231.31,235.38,237.41,243.81,250.29,256.89,259.70,263.69,268.66,269.68,266.24,265.21,259.83,256.54,247.93,241.13,239.77,234.10,227.71,220.04,210.02,207.51,201.10,196.51,184.45,180.06,171.40,164.11,151.21,140.13,130.05,121.20,112.07,97.94,87.30
136.53,151.22,158.70,170.39,178.72,186.55,193.34,201.44,205.01,209.04,211.37,216.30,219.49,218.52,220.29,226.42,231.97,237.67,243.40,242.67,249.01,257.20,265.00,268.99,272.04,275.26,279.65,272.62,272.15,271.15,264.66,255.73,251.05,247.29,241.92,234.62,225.82,220.18,215.24,209.70,202.57,191.04,186.17,179.40,169.84,157.97,146.58,134.66,127.31,117.18,102.04,89.96
137.19,152.32,160.80,171.03,179.23,188.35,193.83,202.31,203.96,209.62,210.95,216.52,219.65,218.82,223.18,227.47,231.93,236.40,243.05,245.12,249.29,259.62,264.33,268.79,271.94,276.88,277.46,273.53,275.19,270.41,264.46,256.22,250.84,248.27,240.71,237.15,225.72,223.01,214.37,208.87,202.77,191.85,186.04,178.53,170.55,158.00,146.89,137.44,128.36,117.96,103.09,91.44
133.21,146.41,155.21,164.69,173.95,184.32,189.17,195.53,198.71,202.59,204.38,207.96,211.70,212.71,214.48,218.76,222.90,228.53,233.03,237.93,243.58,249.20,255.44,261.86,263.04,266.05,269.15,264.38,264.88,260.69,255.54,249.93,242.84,238.76,231.40,226.37,218.15,213.46,207.85,203.04,195.00,185.17,179.72,172.04,164.92,152.16,142.64,132.00,121.49,113.36,101.79,89.04
135.16,150.24,159.67,170.04,178.21,185.65,192.38,199.42,202.81,205.51,210.24,214.41,216.30,219.33,219.66,224.06,230.20,235.48,238.76,242.35,249.55,255.12,263.49,266.58,270.47,275.39,277.48,273.59,272.41,270.03,262.43,255.89,248.77,246.76,239.47,233.42,225.06,219.27,215.04,209.06,201.80,193.30,185.28,177.99,169.17,155.64,145.67,136.42,125.48,114.28,102.42,89.36
136.46,152.78,158.98,170.42,180.38,187.84,193.50,199.21,202.87,206.82,210.58,213.35,216.09,220.24,222.41,228.32,230.33,236.03,239.05,243.30,251.19,259.06,262.89,269.56,271.40,275.39,278.23,275.12,275.75,268.42,265.35,257.60,251.08,244.26,237.01,233.39,228.11,222.74,215.82,206.65,202.04,192.63,183.33,177.14,167.84,157.84,147.58,137.89,125.24,114.98,103.81,91.81
135.68,150.15,158.03,167.19,178.54,187.39,191.64,197.67,199.12,204.98,208.72,212.15,213.59,217.08,219.04,224.20,229.46,233.67,238.21,241.23,247.37,253.93,260.55,266.60,269.28,273.48,272.81,270.56,270.95,266.33,261.35,253.55,248.57,242.80,237.42,232.42,225.01,219.43,212.25,206.40,198.83,191.84,181.99,175.41,167.26,156.28,147.30,135.62,123.98,112.49,103.32,91.44
137.38,149.66,161.64,171.17,178.46,189.00,194.62,200.36,202.99,209.09,212.76,215.20,216.37,221.27,222.65,230.22,232.57,238.20,241.30,245.64,250.91,259.75,264.20,270.18,274.54,278.41,279.66,276.52,277.06,270.38,266.07,258.79,252.80,248.09,241.70,235.76,230.87,224.15,218.15,209.04,203.04,195.86,185.95,179.87,170.34,158.62,148.64,137.20,127.64,114.76,104.55,93.72
130.25,143.18,152.63,163.13,172.29,180.49,185.27,190.13,193.26,199.62,202.83,204.08,207.93,209.27,210.38,218.34,221.24,226.29,229.63,233.62,237.76,246.72,253.28,256.10,261.75,264.87,266.19,261.84,262.23,256.02,252.98,245.66,240.26,237.19,229.09,224.75,217.80,211.44,207.07,199.45,192.63,185.30,178.22,170.76,162.15,152.07,141.95,132.09,121.49,111.07,99.16,88.09
133.96,147.87,156.31,164.15,174.73,182.28,188.48,193.02,197.57,201.06,206.12,207.28,210.38,212.36,215.59,220.97,222.38,226.59,231.46,235.21,242.03,249.04,255.18,258.64,262.39,266.08,266.05,262.09,264.50,256.88,255.15,247.41,241.97,235.19,228.53,224.18,217.28,211.14,206.18,197.73,191.56,184.76,176.26,169.07,160.98,150.75,142.04,130.05,118.71,108.17,98.31,86.83
135.82,150.44,160.61,170.65,179.00,187.30,193.65,201.72,204.02,208.32,211.10,215.13,216.95,220.23,220.27,227.38,231.11,238.32,241.96,243.19,250.00,257.58,263.43,268.25,272.12,277.02,278.15,273.91,273.97,270.08,264.69,256.70,250.71,248.07,241.17,235.19,225.88,219.76,214.76,210.02,203.84,191.23,187.01,177.72,170.49,158.78,145.99,135.82,125.67,116.76,102.77,90.24
137.19,151.79,159.62,170.51,180.90,190.12,194.47,201.25,203.53,207.95,211.62,214.72,216.83,220.15,223.26,227.98,231.49,236.78,241.70,244.84,250.70,260.28,265.98,270.60,273.44,277.42,279.83,275.61,277.46,269.55,267.80,259.43,251.51,247.42,240.13,236.97,229.87,224.41,217.08,208.87,202.36,195.73,185.33,178.02,170.86,158.78,148.22,139.27,126.19,115.68,104.79,92.40
136.72,151.24,162.20,172.51,180.45,188.52,194.79,201.94,204.63,209.15,214.16,216.02,219.37,220.51,222.63,228.79,234.61,236.70,243.80,245.80,253.43,260.40,267.33,272.09,274.97,277.74,281.51,277.02,275.19,272.64,266.54,259.56,252.98,246.84,243.84,237.47,229.07,223.73,216.18,210.42,203.40,194.43,186.45,179.64,171.54,156.08,148.64,138.10,127.63,116.39,103.82,92.00
128.75,146.05,151.92,163.03,171.05,176.71,183.98,190.54,194.83,198.64,200.72,204.56,206.67,207.82,209.48,216.34,221.05,225.50,229.33,230.87,237.03,243.97,251.13,258.24,258.28,263.04,266.20,261.01,260.02,256.91,251.03,244.23,237.03,232.83,229.13,223.52,215.59,211.81,205.02,198.22,192.82,183.53,175.80,169.50,161.64,151.43,141.03,129.44,120.35,110.48,99.16,86.73
143.54,157.88,165.08,178.13,188.16,195.23,200.57,205.34,208.61,214.71,219.32,219.32,223.57,226.92,226.49,233.26,236.68,240.78,246.60,250.46,255.83,262.62,268.65,275.79,278.09,280.67,283.24,277.71,277.04,271.81,266.79,260.02,252.05,247.20,241.01,235.65,229.14,221.38,216.21,208.31,200.12,195.60,183.41,177.14,168.66,156.17,147.79,137.62,125.04,112.73,104.35,91.21
131.13,146.24,152.19,164.15,173.35,180.89,186.03,190.12,195.18,198.57,202.54,205.66,207.54,211.43,211.98,220.30,222.89,225.04,229.99,236.41,241.20,249.02,254.42,260.72,263.21,267.23,267.42,265.98,265.80,258.12,257.50,249.62,241.63,237.17,231.40,227.27,220.38,213.19,207.17,202.27,193.15,187.39,177.50,170.63,161.99,153.08,142.51,132.38,119.67,110.05,100.60,90.05
132.85,149.35,156.32,165.80,176.30,183.41,188.96,192.38,195.49,200.21,206.71,207.97,210.74,212.53,215.75,221.73,223.58,227.42,231.92,234.03,240.85,249.71,252.56,258.94,261.90,263.83,268.02,266.38,265.93,257.12,254.61,248.07,239.74,236.17,229.00,224.66,219.74,213.18,205.41,198.40,191.13,186.32,175.91,169.11,160.96,151.72,142.64,131.24,119.95,110.26,97.53,85.84
135.00,149.31,159.83,170.00,175.82,186.04,192.82,201.31,203.09,207.69,207.97,214.31,215.95,218.05,221.01,224.45,230.85,236.21,242.47,242.85,249.19,255.78,264.02,266.99,270.45,275.88,278.54,272.22,274.05,271.27,263.21,256.07,249.65,248.94,242.02,235.58,226.95,220.24,213.38,209.16,202.24,191.86,186.72,179.11,170.84,156.59,144.96,133.27,126.67,117.18,101.61,89.89
141.01,156.17,163.53,174.43,185.97,193.76,199.12,206.65,210.04,212.76,216.76,220.06,222.55,226.77,229.84,233.24,238.54,241.60,245.46,251.86,257.94,263.75,272.43,278.15,280.89,282.88,284.32,282.07,281.04,275.05,273.00,263.69,257.98,254.03,247.46,241.55,234.34,227.04,221.63,214.97,206.81,199.02,189.01,182.32,174.64,161.70,151.58,140.66,129.02,116.69,108.23,94.43
135.33,150.05,157.00,168.59,177.05,186.68,190.60,197.80,200.56,204.94,208.87,211.19,214.67,216.95,219.82,224.90,228.62,233.00,237.24,241.66,249.72,255.52,261.40,267.35,270.80,275.06,276.25,271.28,271.66,264.47,262.64,256.20,250.06,243.58,237.23,233.43,226.08,220.23,213.59,204.36,199.70,191.88,183.22,175.51,168.60,157.81,147.01,135.36,123.22,114.28,102.61,90.67
136.24,151.73,160.59,171.57,180.16,188.73,194.98,201.06,203.97,207.66,212.93,216.13,218.83,221.65,222.93,228.47,231.01,236.24,240.61,245.47,252.48,259.42,265.20,269.94,273.91,279.46,279.29,277.35,276.07,271.06,268.50,261.01,253.03,246.83,242.00,235.34,228.22,222.25,216.02,209.48,202.79,195.21,186.04,178.76,171.33,156.98,148.64,137.61,125.71,114.59,104.39,91.14
135.37,150.37,159.93,169.94,177.23,187.54,191.85,200.10,203.75,207.51,209.98,215.15,217.66,217.59,220.05,227.38,231.31,237.89,240.39,242.66,247.89,258.07,264.68,268.93,272.64,277.00,279.71,274.65,273.59,271.02,264.76,255.98,249.88,248.13,242.17,235.29,227.77,221.65,215.19,209.35,201.85,191.32,186.57,179.14,170.07,156.92,146.40,135.69,126.67,116.38,100.45,91.55
135.28,150.05,160.38,169.07,179.30,186.89,191.32,200.14,201.70,206.29,210.10,213.70,215.10,218.56,219.45,226.05,229.10,233.81,239.23,243.30,251.02,256.60,262.06,268.27,270.33,275.18,276.70,273.00,273.85,266.02,264.59,254.26,248.31,242.99,239.52,235.59,225.06,219.65,213.85,208.17,201.20,192.92,182.10,176.82,167.71,156.58,146.60,136.31,125.77,112.90,104.01,91.92
130.14,144.09,151.09,161.68,172.28,179.60,184.45,190.32,191.60,196.60,201.25,203.54,207.40,209.46,211.78,216.90,220.23,223.95,228.90,232.03,239.17,248.36,252.07,256.56,261.22,263.10,264.59,262.52,263.90,256.72,253.82,246.76,240.02,234.01,228.65,224.41,217.70,212.85,206.65,198.17,192.01,187.04,176.85,168.12,161.45,152.61,142.00,132.10,119.71,108.47,99.70,88.60
134.71,149.88,158.05,169.37,177.05,184.72,192.38,199.62,203.59,207.24,209.77,214.67,217.46,217.41,217.38,225.73,230.38,237.54,241.42,240.83,248.29,256.47,263.88,266.45,271.89,276.52,278.71,273.24,274.64,270.28,263.23,255.81,250.02,248.11,242.26,237.07,226.29,219.32,213.78,209.02,202.60,191.64,186.55,178.49,169.55,155.86,146.45,136.24,127.05,116.78,101.84,90.20
135.42,148.19,159.81,170.67,178.87,187.28,193.02,201.23,202.80,209.35,210.29,214.90,217.64,218.69,220.93,226.51,230.87,238.08,240.60,243.21,250.15,257.96,265.20,268.33,273.06,276.37,279.69,273.47,275.07,270.50,264.82,257.13,251.14,247.33,240.61,235.48,227.31,221.40,215.87,210.30,203.00,192.33,186.60,178.81,171.45,157.20,146.86,134.46,126.59,117.15,102.34,90.14
134.83,149.91,158.38,169.16,178.20,186.94,193.37,197.25,201.59,206.40,209.88,213.34,214.73,217.51,220.52,226.43,229.01,236.33,240.48,242.00,248.09,256.54,262.95,268.78,271.90,275.05,279.12,272.41,272.36,268.88,262.59,255.23,249.24,246.35,240.26,233.07,227.13,221.18,212.90,209.69,201.52,192.11,184.33,177.20,168.37,156.21,145.58,136.06,125.94,115.39,103.12,91.39
134.24,147.68,158.22,166.69,175.60,185.22,190.10,197.57,200.53,205.35,207.17,211.97,213.84,214.87,216.91,221.68,228.04,234.83,237.47,239.94,246.62,253.67,263.55,266.60,267.55,272.24,274.83,268.27,269.68,266.18,261.20,253.81,248.20,244.61,237.88,232.85,224.11,217.00,211.91,205.88,199.67,190.00,184.62,177.00,167.97,155.19,143.54,134.18,123.79,113.60,100.85,90.79
136.61,149.93,158.93,170.42,177.99,185.61,193.85,200.19,204.20,207.33,209.62,212.70,217.47,219.11,220.20,225.53,231.22,236.30,240.17,242.64,248.36,259.28,262.76,268.00,272.64,276.62,278.34,273.35,273.18,269.70,263.62,256.38,250.05,246.84,240.35,235.31,227.07,221.88,213.84,208.15,201.36,193.60,184.36,176.82,169.96,156.60,146.17,136.47,125.50,116.09,103.70,90.74
135.51,148.03,158.60,169.04,175.87,184.46,193.29,200.30,201.16,206.09,207.79,214.40,217.27,216.97,218.02,225.41,229.40,236.24,242.00,241.63,246.89,255.31,262.35,266.39,269.98,275.39,279.01,272.52,271.02,269.11,261.60,253.81,249.02,247.03,239.13,234.62,226.11,221.06,213.80,209.48,200.20,190.42,185.10,177.55,170.29,154.38,145.72,135.15,126.61,116.66,99.64,89.59
127.94,142.28,151.16,160.31,167.94,176.24,182.02,190.37,191.93,196.86,198.60,202.59,206.55,206.16,207.62,215.11,219.78,224.96,228.18,229.67,235.76,243.99,251.86,255.16,259.02,262.01,267.23,260.02,258.99,256.68,250.22,242.92,236.84,236.48,229.37,224.02,216.81,208.66,204.32,200.00,192.28,181.23,177.63,170.45,161.01,150.08,139.61,128.46,118.87,110.98,96.61,85.38
108.72,119.02,124.87,132.38,138.05,145.00,148.14,152.82,159.24,161.01,165.12,166.47,168.72,168.55,170.41,176.46,179.61,185.27,190.90,193.44,199.72,204.97,211.81,215.00,216.91,222.00,222.80,220.30,216.37,214.31,208.73,207.63,201.84,200.06,190.55,187.00,181.84,177.42,173.95,167.44,163.17,154.93,149.49,143.27,137.00,122.69,114.81,104.92,98.31,87.73,81.74,69.89
136.33,150.95,161.97,170.19,179.04,186.60,192.52,201.11,203.19,208.31,211.21,215.87,218.33,219.92,220.10,228.25,230.85,238.40,241.91,244.31,252.57,259.33,264.68,271.56,274.99,277.96,279.65,274.49,275.83,269.94,266.20,258.16,250.31,248.97,242.67,236.54,229.00,221.72,216.60,210.15,203.04,193.19,186.97,180.31,170.55,158.81,146.03,135.68,127.91,116.11,101.98,90.26
135.83,150.42,158.45,170.21,179.63,188.00,192.92,201.53,202.20,206.17,211.61,213.46,217.45,218.69,218.44,227.61,231.14,236.35,240.61,243.02,249.62,258.94,263.55,270.42,273.20,275.78,279.02,274.26,276.52,269.24,267.48,258.43,250.46,246.22,240.69,235.84,227.42,221.14,216.09,209.02,203.39,193.83,185.07,177.79,169.30,159.39,147.87,137.32,124.79,114.76,104.62,92.80
132.02,146.25,156.34,166.39,174.80,182.83,187.26,196.31,198.93,203.89,205.83,211.09,213.06,214.29,215.68,221.85,226.86,231.42,237.40,238.42,244.39,253.39,259.86,265.58,266.43,269.90,272.74,268.50,267.80,266.12,259.33,250.05,246.02,242.35,237.15,231.70,222.52,216.72,210.28,205.15,199.90,188.56,182.01,175.33,167.09,152.95,144.64,132.00,125.30,114.44,100.57,88.41
131.64,147.15,157.05,166.17,175.09,183.85,188.50,195.04,199.58,204.28,205.25,209.35,211.46,213.95,216.02,223.57,224.90,232.01,236.86,238.31,246.14,253.44,259.28,262.57,267.92,272.08,274.20,268.78,268.20,265.01,259.31,251.03,244.99,243.58,236.85,231.16,223.13,217.04,211.51,206.20,198.95,190.42,183.33,174.89,166.97,154.87,143.78,133.06,123.49,113.85,99.54,89.02
134.97,149.51,156.52,166.72,176.49,186.21,191.67,194.64,198.98,203.87,208.39,210.15,213.17,216.21,218.21,222.39,227.37,231.16,239.42,237.26,245.95,253.90,262.37,267.37,268.82,271.29,273.85,269.61,272.00,264.43,261.09,253.48,248.65,243.46,237.93,231.39,224.84,217.50,209.31,205.79,197.43,191.97,181.32,175.57,167.00,155.71,146.49,134.65,123.56,112.06,101.87,89.11
134.54,148.56,155.63,167.72,175.21,183.35,190.13,196.70,198.60,202.57,204.85,211.48,214.25,213.94,217.28,222.62,226.01,235.23,237.07,239.35,245.52,252.37,259.51,265.51,267.15,274.26,275.28,267.68,269.67,265.65,261.08,253.66,246.00,244.79,237.55,231.41,222.75,218.33,211.48,207.62,201.02,189.45,183.24,177.03,168.91,157.05,143.68,134.24,125.92,115.36,100.22,89.20
137.24,150.99,159.30,169.85,180.24,189.79,193.83,200.26,202.89,205.77,210.00,214.27,215.47,217.08,221.53,226.49,231.61,236.03,239.27,243.40,250.86,257.77,263.76,268.57,272.52,275.09,277.28,273.86,275.43,266.91,264.15,256.74,250.57,245.20,237.19,233.14,227.26,219.80,214.96,207.27,199.38,193.37,183.77,174.84,168.00,156.08,145.21,135.67,124.40,111.40,104.39,91.24
134.63,148.48,158.45,168.67,176.14,185.33,190.28,194.65,197.80,203.09,204.25,208.43,211.85,214.39,216.07,219.43,225.50,231.81,236.58,238.42,244.52,250.24,257.51,262.19,263.78,269.01,270.48,265.83,265.01,261.08,256.11,248.57,242.02,237.23,231.77,224.34,218.36,211.90,206.20,198.29,193.20,183.17,176.49,169.92,161.05,149.21,139.63,129.10,119.15,108.81,98.23,86.28
140.47,155.66,164.35,176.15,183.81,193.46,200.26,207.35,211.15,215.06,216.00,223.60,226.46,226.95,229.20,234.42,239.93,245.35,249.87,251.32,257.30,268.26,274.12,279.66,282.43,287.56,289.81,282.43,284.18,280.08,274.53,266.31,259.76,257.73,250.52,244.92,235.69,230.31,223.56,217.37,209.75,200.35,195.53,186.01,177.08,163.29,152.62,140.43,131.64,120.35,106.25,94.37
127.68,143.22,152.20,161.01,169.37,177.61,183.17,190.92,194.10,198.73,200.82,205.65,207.88,207.66,210.76,216.46,221.94,226.57,231.22,233.45,237.69,246.98,253.16,256.97,260.23,264.85,266.66,261.60,263.77,259.53,253.64,246.62,239.45,238.17,231.86,228.08,218.16,212.49,206.34,200.26,194.12,185.31,177.40,172.42,162.93,150.88,139.83,131.03,120.95,110.68,97.86,86.12
138.06,153.45,159.45,170.88,181.00,188.32,193.72,201.43,204.88,208.66,213.57,214.76,218.13,222.02,224.24,227.98,232.26,236.78,241.87,244.81,252.87,261.01,268.29,272.01,275.68,276.27,279.73,277.35,275.86,270.14,265.32,259.31,252.51,246.26,242.07,235.48,229.31,221.01,215.06,209.48,201.01,196.06,185.00,177.09,170.24,157.89,148.76,137.30,126.06,113.89,104.08,91.71
134.36,149.49,156.01,167.03,175.93,183.34,189.27,198.54,199.12,203.59,208.73,211.15,213.68,215.95,216.38,221.78,228.48,234.02,238.32,240.44,247.41,253.69,263.05,265.41,267.44,271.83,273.99,270.82,269.81,266.67,260.84,254.47,248.41,243.40,240.17,234.39,223.76,218.01,211.30,208.86,199.48,189.41,183.70,176.50,167.57,156.26,146.34,133.93,123.46,114.04,102.18,90.26
134.71,149.58,157.16,168.62,177.14,185.57,190.47,198.88,201.21,205.60,210.58,212.25,213.88,218.00,218.65,226.21,228.62,235.33,236.43,242.74,249.04,256.70,263.03,267.27,272.33,274.65,277.50,272.39,273.07,265.80,263.95,255.99,250.57,245.17,239.40,232.71,225.30,221.37,215.20,206.29,200.38,192.72,184.17,176.14,169.01,157.81,145.87,135.68,124.00,114.59,103.59,89.94
139.39,153.57,163.62,173.95,182.78,194.16,199.28,206.47,206.19,215.08,215.60,222.79,225.69,225.34,226.74,235.31,239.07,246.87,251.73,253.67,258.99,267.03,274.24,279.66,282.82,287.01,291.56,284.09,286.00,280.41,276.24,266.19,259.45,258.13,251.25,246.50,236.91,230.79,225.44,219.15,211.56,201.94,195.00,185.15,176.71,167.05,153.59,142.21,131.76,120.37,108.66,96.46
135.10,149.86,157.26,167.71,177.23,185.05,191.13,199.48,201.30,204.07,209.48,210.49,213.78,218.10,219.21,225.53,229.84,233.69,238.61,239.53,249.20,258.99,261.77,267.05,271.23,274.99,275.77,273.34,272.46,267.03,263.50,257.01,248.76,244.38,238.81,234.98,227.08,221.45,214.46,206.66,200.44,194.33,183.58,177.14,168.31,156.73,147.19,137.32,124.06,115.32,103.97,91.76
133.14,147.98,158.15,167.61,174.72,183.88,189.18,198.16,200.56,205.14,206.40,212.98,213.86,216.57,216.72,224.06,227.73,234.08,238.87,240.10,245.07,252.67,261.30,266.02,267.86,274.93,275.63,269.27,270.93,267.44,262.38,253.85,247.39,243.71,237.77,233.24,224.32,218.05,212.17,207.71,201.20,189.00,184.68,177.61,167.82,155.29,145.01,134.18,125.23,115.28,101.12,89.20
141.29,156.26,163.69,175.78,186.19,195.35,200.66,207.08,209.16,213.96,219.18,219.94,223.51,228.24,229.18,236.89,239.68,245.81,248.21,254.20,259.62,270.05,274.71,279.69,284.04,286.10,289.62,286.24,286.23,279.11,277.06,269.60,260.28,256.97,249.69,244.10,237.65,231.87,224.72,217.06,209.35,203.44,192.41,185.00,176.00,165.00,154.77,142.62,130.75,118.96,108.47,96.77
134.18,146.99,158.48,167.01,174.98,182.88,187.77,198.00,200.00,205.85,206.04,211.09,213.58,214.46,216.62,223.34,226.34,232.24,238.17,239.00,247.33,253.93,260.55,264.75,265.27,271.71,274.65,268.52,268.79,265.32,259.34,252.25,247.51,243.00,238.02,231.39,223.81,216.39,210.71,207.71,199.49,187.62,183.22,175.42,167.60,153.44,142.87,132.41,125.28,114.28,99.81,87.69
134.18,147.87,159.35,167.91,176.82,183.85,191.16,198.12,202.18,206.07,206.58,212.14,215.54,216.54,218.43,223.33,227.24,234.54,239.01,239.71,245.70,255.23,261.36,265.38,270.42,272.99,275.80,270.30,272.28,268.60,260.65,252.92,248.60,245.54,239.43,234.34,225.08,220.29,213.69,208.00,201.07,189.95,184.59,178.81,168.00,153.47,143.61,132.23,125.40,113.85,100.08,89.49
136.00,149.40,157.71,167.89,179.18,186.70,191.85,197.69,200.11,204.39,210.61,211.22,214.08,216.75,221.65,224.40,228.88,232.82,239.15,241.59,247.50,255.88,261.63,266.09,271.12,271.75,275.77,272.81,271.81,265.75,262.25,256.76,248.36,242.10,238.40,232.90,225.30,220.15,212.85,205.20,198.60,192.09,181.89,174.47,167.62,156.20,146.73,135.37,124.33,112.22,102.88,91.22
136.80,150.27,158.15,171.21,179.12,187.32,191.64,199.18,203.16,207.04,209.69,213.84,216.39,218.50,220.34,227.38,230.08,233.82,241.40,242.53,249.10,257.72,262.61,267.66,271.01,273.36,277.02,272.95,273.13,265.11,263.37,255.52,248.32,243.85,238.21,233.00,227.66,219.97,214.85,204.57,198.91,191.31,182.98,173.95,167.84,157.70,146.51,134.18,124.17,113.03,101.83,89.89
143.68,156.59,165.47,177.56,188.37,196.16,202.61,208.60,212.72,217.14,221.95,222.25,225.32,228.95,232.42,238.60,242.42,246.00,251.34,255.93,261.73,269.92,274.55,280.04,284.08,287.95,289.64,286.93,286.09,279.31,276.03,268.94,260.65,256.78,250.00,245.42,238.40,230.63,226.17,217.10,209.77,202.28,192.42,184.61,175.92,164.35,154.18,141.99,129.71,119.08,109.22,95.19
141.79,156.52,166.71,178.75,188.48,194.50,202.76,209.38,212.13,215.87,220.06,223.37,227.07,228.40,229.30,236.59,241.30,244.75,251.86,253.48,261.45,269.14,275.59,279.25,283.87,287.17,289.43,285.09,285.27,280.01,276.07,266.54,260.56,256.72,251.35,244.59,236.30,231.20,224.44,217.70,210.71,200.17,192.26,186.29,175.14,163.44,152.80,141.68,130.03,117.39,107.94,94.67
134.73,148.01,158.38,168.08,176.74,183.15,191.00,199.48,201.43,205.29,207.79,212.08,215.06,215.73,215.84,222.45,227.69,232.55,238.80,239.38,245.36,252.68,259.19,265.16,267.56,273.22,274.39,270.82,269.79,266.79,260.23,252.05,244.93,243.58,239.02,231.66,223.65,218.34,210.62,207.16,200.12,188.16,182.61,176.82,166.98,152.43,143.60,132.85,123.22,114.13,99.76,86.68
145.12,160.02,167.60,179.67,190.01,198.60,204.83,209.65,214.03,218.87,222.28,225.40,227.44,229.27,231.55,236.58,243.07,246.29,253.60,254.62,261.96,270.25,276.52,282.78,285.77,289.08,291.30,288.76,289.35,282.29,276.59,269.15,262.69,257.70,252.23,246.91,239.84,233.15,225.42,219.11,209.85,203.09,194.18,184.70,177.50,164.35,155.17,142.66,130.11,118.53,107.30,95.21
141.55,157.38,167.84,177.80,187.24,197.77,203.74,209.10,212.29,217.71,220.73,224.54,225.58,228.48,231.21,238.67,240.16,247.52,250.78,254.64,259.66,270.09,273.94,279.82,285.18,287.36,290.43,286.26,287.64,280.06,275.70,267.94,261.31,257.50,250.57,244.83,239.92,232.11,225.39,217.35,210.79,201.16,192.13,185.63,176.58,165.10,153.44,141.99,131.06,119.27,107.54,95.59
134.83,149.56,157.01,168.86,178.93,186.25,191.04,197.57,200.66,204.78,210.15,210.79,212.93,216.21,219.86,225.39,226.93,232.88,237.40,240.47,246.33,256.09,259.49,265.09,269.60,271.86,273.27,271.88,271.74,264.32,262.76,253.99,246.83,242.87,236.21,233.45,225.28,219.32,213.22,206.30,198.88,192.13,181.84,173.83,166.53,156.35,146.81,135.80,124.66,113.77,102.63,89.89
141.82,157.43,168.50,178.35,188.09,193.78,202.39,210.26,213.36,216.39,218.83,224.64,226.74,227.23,229.09,235.61,243.82,245.98,252.56,250.57,258.63,266.39,274.61,277.03,282.41,289.14,290.40,286.30,284.31,281.71,272.62,267.05,259.33,258.31,252.07,246.62,236.69,229.17,221.90,218.79,210.30,199.75,192.92,185.02,176.79,162.93,152.41,140.81,130.38,120.10,105.12,91.98
137.30,153.65,163.44,172.93,180.23,188.72,196.58,202.70,204.53,211.62,211.95,217.20,220.20,220.00,221.56,228.27,232.73,238.42,243.61,244.46,249.38,256.74,266.18,268.63,272.77,278.93,282.03,273.91,274.73,271.27,264.58,255.98,249.90,248.65,242.04,236.40,227.85,220.77,213.19,209.55,203.74,190.91,186.85,177.91,168.57,155.57,144.56,133.00,125.59,114.77,99.73,88.28
130.38,142.90,152.95,162.69,170.26,179.18,184.13,190.59,195.35,199.21,200.12,206.02,207.86,207.12,211.01,214.89,222.07,226.90,229.92,230.03,235.82,244.66,251.29,254.44,259.02,263.05,265.91,260.42,262.19,258.19,252.03,244.36,238.93,236.08,231.70,226.55,216.78,211.45,205.87,201.20,193.06,182.65,177.05,171.81,163.11,150.84,140.86,129.47,121.20,109.11,96.67,85.09
122.92,134.06,141.99,148.93,157.69,163.60,169.10,174.38,176.82,181.16,186.59,191.05,192.66,194.47,196.09,201.32,206.49,210.80,216.38,216.62,224.70,228.32,235.72,239.01,244.17,247.88,250.44,245.00,244.18,241.76,232.66,228.01,222.80,222.06,211.09,207.80,199.28,198.08,189.59,183.17,177.91,168.63,161.06,153.00,145.83,131.14,122.98,110.68,105.17,94.02,86.35,76.32
138.05,153.38,160.60,171.83,181.54,189.74,194.49,199.97,203.59,209.46,211.02,215.03,217.06,221.92,222.79,229.82,230.49,236.33,241.11,243.26,249.47,257.96,262.18,266.92,271.41,274.80,277.07,274.40,273.58,267.09,266.31,256.63,249.56,244.97,239.14,233.21,228.12,221.04,215.73,206.79,200.69,193.04,182.22,176.95,167.86,156.55,147.15,135.80,124.20,112.18,102.00,90.34
137.90,152.86,163.31,172.63,181.04,189.76,193.31,202.97,205.72,212.36,212.81,218.16,219.21,221.56,223.22,229.45,232.17,240.35,241.81,243.17,250.45,257.38,264.64,269.27,271.56,276.80,279.29,272.00,273.54,270.20,265.15,256.73,251.62,248.17,242.87,235.15,225.89,220.95,215.86,210.09,202.42,191.09,186.40,179.18,169.86,156.42,146.21,133.93,126.02,114.74,100.40,89.11
139.52,153.06,161.05,171.40,181.80,189.89,196.15,201.42,204.31,209.40,213.43,215.29,218.69,221.72,220.74,229.65,230.49,238.38,239.71,245.45,250.01,259.27,263.43,268.26,272.53,274.70,279.61,275.28,278.06,268.16,266.20,257.62,249.02,245.08,240.20,233.08,227.77,222.01,215.39,206.93,201.10,193.55,184.09,174.47,169.00,156.63,146.16,135.42,124.17,112.15,103.16,91.55
129.25,146.21,152.96,165.00,173.46,181.81,187.22,192.37,195.93,201.02,201.38,206.53,208.01,209.20,209.77,217.90,221.84,226.72,230.56,232.91,237.00,245.31,252.79,255.81,258.96,264.17,266.48,261.05,261.89,258.21,251.13,244.10,238.90,235.69,229.14,222.91,216.12,210.86,205.23,199.48,193.35,182.15,177.41,168.43,160.31,150.03,138.45,128.02,119.85,109.44,96.25,84.53
136.48,149.88,159.53,171.62,179.74,189.71,195.92,200.45,203.30,208.40,210.77,214.15,216.30,218.90,219.59,225.04,230.33,236.03,240.17,242.00,247.55,255.54,261.92,268.06,268.89,274.05,275.47,270.91,272.75,267.29,263.43,254.37,248.13,243.60,239.83,232.81,224.22,219.49,213.52,207.33,199.49,190.28,183.98,175.78,166.93,154.06,144.07,133.99,123.60,113.89,100.72,88.19
133.54,147.71,158.67,168.76,175.93,185.31,191.02,196.88,199.62,206.06,206.89,212.76,214.67,215.11,217.91,224.22,228.36,233.31,236.44,238.95,246.07,253.03,259.49,265.17,267.05,273.38,276.10,268.57,270.12,264.49,260.02,251.07,245.75,243.74,237.93,232.21,224.08,215.60,211.63,204.25,200.52,188.32,183.85,176.30,167.36,154.18,143.18,133.60,123.07,112.58,101.04,86.54
137.20,150.27,159.20,170.66,178.91,187.55,194.00,199.06,204.00,206.77,210.10,213.70,216.15,218.84,219.00,224.52,228.40,233.82,236.81,239.35,248.17,255.19,259.34,265.81,269.27,272.28,275.50,269.87,268.74,265.19,260.60,253.03,246.29,243.28,237.54,233.07,223.24,217.28,212.25,204.16,197.65,188.85,181.97,174.60,166.72,154.77,144.54,132.38,121.76,112.68,100.32,88.96
132.46,147.33,156.05,166.21,173.36,181.14,184.57,192.26,197.57,199.85,202.09,206.90,209.42,212.14,212.47,219.46,222.00,227.11,230.36,232.74,240.10,246.66,253.31,256.80,259.83,265.19,268.90,262.01,262.57,258.79,252.57,243.24,238.82,237.19,230.00,226.45,217.04,209.01,204.30,198.02,192.63,183.44,176.71,169.92,160.15,148.17,139.59,128.13,118.85,109.40,94.67,83.02
133.15,146.81,156.58,167.61,173.95,183.27,187.55,196.74,198.92,203.16,205.57,210.06,212.42,211.88,214.13,219.97,223.18,230.87,234.69,236.59,241.82,247.70,255.29,258.27,262.71,268.42,269.70,262.86,265.93,260.40,255.74,246.86,240.13,236.96,231.42,225.55,217.00,211.82,206.19,199.09,194.64,182.50,178.04,169.37,162.11,149.26,139.27,128.58,120.60,110.91,94.18,83.82
138.52,152.78,163.67,172.89,182.01,190.39,197.80,203.57,205.43,211.12,213.80,218.59,220.32,221.37,222.03,227.22,232.77,239.68,244.92,244.20,251.13,260.31,266.34,272.24,274.61,277.96,280.49,276.46,274.39,272.55,265.64,258.12,251.00,248.82,241.59,236.58,227.61,220.24,214.27,210.64,202.08,192.26,185.59,177.34,169.53,155.82,143.61,133.26,124.02,114.48,102.12,87.09
140.25,154.78,163.05,174.64,183.98,191.48,199.04,204.45,206.62,212.48,213.69,219.74,222.87,223.57,226.04,228.32,235.80,242.17,246.29,247.29,253.81,261.88,267.81,271.55,275.54,278.73,281.31,278.68,276.35,274.97,268.73,260.19,253.40,249.63,243.76,238.02,229.43,222.74,216.58,211.85,203.04,193.00,186.94,180.27,169.17,157.00,147.26,135.34,126.91,114.04,102.26,90.80
132.98,144.37,156.08,168.67,175.14,182.92,187.45,195.60,196.51,201.06,206.87,207.63,210.40,213.05,213.60,221.27,223.77,229.06,232.44,235.17,242.99,249.06,254.38,258.59,263.05,267.88,267.81,265.71,265.21,261.71,256.43,248.49,242.17,239.64,232.78,227.02,218.29,212.56,206.85,200.00,194.20,183.66,177.67,170.43,162.10,149.68,140.41,129.14,118.97,109.12,98.03,87.37
109.64,121.07,128.47,140.24,152.55,160.55,166.51,166.17,168.13,165.25,174.73,174.14,178.04,181.04,182.16,191.21,190.80,196.33,199.09,205.43,209.86,218.63,221.63,228.09,230.57,234.05,236.93,229.19,228.46,226.61,221.01,217.42,208.93,205.80,197.04,192.02,189.53,186.22,178.44,166.14,164.68,155.18,148.66,140.23,135.12,124.20,114.86,104.55,95.71,88.39,80.89,69.77
134.81,150.46,156.70,168.57,178.06,185.42,192.63,197.65,200.06,204.62,208.22,211.61,214.77,217.08,218.50,223.51,228.95,233.05,239.75,237.70,246.06,253.21,261.11,264.07,267.42,270.41,275.23,268.49,270.12,265.32,259.73,251.27,245.73,242.50,236.46,230.26,221.44,217.15,208.75,203.00,198.12,187.67,180.51,171.28,164.77,153.18,140.92,131.76,122.20,111.40,98.86,87.24
143.61,155.03,162.98,173.88,182.58,192.07,197.41,204.61,206.94,212.48,214.55,218.10,220.52,221.69,225.89,233.34,234.48,240.95,243.48,248.00,253.78,261.84,267.03,272.41,274.71,279.23,281.71,276.87,279.20,271.28,269.63,258.98,252.42,249.72,241.10,235.97,230.37,222.03,216.60,207.21,201.44,192.59,184.61,176.62,169.78,156.47,145.42,134.08,123.99,115.00,102.59,90.25
132.85,148.00,154.40,164.61,173.62,181.20,187.10,194.25,198.20,203.54,204.53,210.87,212.62,213.65,215.60,222.17,224.59,231.25,235.85,238.31,244.25,253.58,259.16,263.60,266.85,272.94,273.38,266.09,268.82,264.28,259.59,251.18,246.10,243.96,236.38,232.09,223.61,219.66,211.85,207.18,198.00,189.20,184.02,176.73,166.93,153.57,143.00,132.38,124.19,112.89,100.40,89.27
134.74,147.87,157.09,166.53,176.18,183.52,188.45,196.22,198.01,203.12,207.71,211.24,214.11,216.13,219.37,222.43,227.02,232.00,236.73,239.91,247.51,253.65,259.62,265.20,268.90,275.04,277.63,273.44,271.27,266.74,261.46,255.63,248.47,245.12,238.45,231.80,224.93,219.15,212.19,207.40,199.70,192.34,183.48,175.73,167.67,153.53,144.40,134.17,123.04,112.25,102.73,88.60
115.43,128.08,133.69,143.35,150.71,158.52,164.47,168.08,173.54,173.77,179.04,180.56,181.18,182.99,187.86,192.39,195.73,202.43,206.70,207.15,212.84,216.32,221.65,224.21,228.01,231.23,229.69,232.04,235.16,230.87,229.73,223.60,217.85,216.52,207.95,203.74,197.01,192.82,187.88,183.45,179.29,170.14,162.52,152.97,147.23,136.34,129.39,118.85,109.88,98.49,90.43,79.76
124.19,136.86,146.81,152.40,161.20,169.64,175.51,178.90,183.98,186.70,193.31,194.54,195.82,199.20,204.38,206.39,211.40,217.81,220.79,222.73,227.18,233.86,241.17,243.56,249.06,251.02,255.23,250.53,250.73,246.81,241.07,235.19,228.09,225.26,216.11,210.87,203.79,199.09,193.05,185.59,179.55,169.01,163.27,154.03,146.39,133.54,123.71,112.02,105.21,95.82,86.73,76.85
139.17,152.43,160.86,173.57,182.27,190.71,194.49,202.23,203.38,209.82,212.25,216.94,218.67,220.44,223.02,229.94,230.79,237.17,241.51,244.20,251.34,259.92,264.20,269.68,272.31,276.62,278.96,275.51,275.86,269.44,265.67,255.69,249.61,246.42,240.14,234.17,227.25,220.32,215.23,208.41,200.96,191.60,182.78,176.11,168.08,155.62,144.67,134.01,123.86,113.85,101.84,88.28
133.81,148.92,156.08,165.59,174.72,183.60,189.17,195.26,198.16,202.25,205.30,208.14,213.00,212.36,213.91,220.24,223.71,228.40,233.49,236.88,242.14,249.51,255.13,259.08,262.39,266.99,269.14,265.45,265.83,259.93,258.45,247.95,241.30,236.60,231.81,226.11,220.08,212.96,206.35,199.90,194.64,184.27,177.78,169.19,161.60,150.03,139.65,130.38,119.41,107.47,96.46,85.91
117.41,128.51,136.80,140.76,151.42,157.17,163.78,165.08,169.18,175.35,180.21,183.63,182.73,187.77,186.68,195.51,194.44,198.93,203.07,207.17,216.78,221.39,224.44,228.47,233.31,227.71,236.62,238.95,236.73,236.62,228.97,221.42,210.49,206.04,203.48,197.63,192.63,188.32,182.70,175.93,170.51,163.38,153.44,147.73,138.71,126.13,120.92,110.11,99.62,89.02,85.15,72.72
133.41,147.56,155.23,165.47,174.00,182.52,190.12,194.49,198.16,201.80,204.47,209.48,210.04,212.51,214.22,219.92,224.51,232.16,236.00,235.31,241.12,249.56,256.46,262.01,263.21,269.43,270.52,265.11,267.09,262.19,258.50,249.97,243.65,240.20,235.09,230.23,221.93,214.79,209.34,203.27,197.85,186.08,179.78,173.44,164.07,152.74,141.77,130.98,121.81,111.52,95.69,86.83
132.55,145.84,155.00,165.41,172.59,181.47,186.29,193.54,196.64,202.18,203.11,207.69,209.69,211.29,211.34,217.28,220.12,227.74,232.02,233.83,239.79,245.20,253.62,258.63,260.28,267.15,268.60,261.84,263.83,257.53,253.84,246.63,240.85,236.91,230.52,225.72,217.92,212.04,206.24,199.56,193.19,181.65,176.08,168.94,160.85,148.00,138.41,127.42,117.90,107.91,93.94,84.39
138.24,154.21,160.65,170.95,181.97,189.83,196.00,201.84,203.84,207.79,213.08,215.97,219.10,222.35,219.97,227.37,232.33,237.19,242.33,241.30,249.61,254.37,262.51,268.75,270.62,275.33,277.05,273.23,273.91,268.31,261.54,255.13,248.49,245.18,239.43,233.42,226.32,221.01,214.70,205.88,200.35,188.35,183.10,175.00,167.31,153.77,145.00,133.02,123.84,112.27,100.13,89.87
134.30,148.66,157.20,168.30,176.78,185.04,190.39,197.80,200.56,204.69,205.42,211.62,213.43,215.03,215.76,222.19,227.24,231.51,235.77,237.59,244.50,253.05,259.03,263.49,266.45,270.69,273.65,267.23,267.03,264.76,259.79,251.34,244.77,241.41,235.05,230.20,220.81,215.87,208.89,202.65,195.49,185.52,180.02,171.59,163.42,150.27,141.68,129.63,120.02,111.04,97.94,86.68
135.07,150.22,156.92,167.57,176.40,185.59,191.05,197.44,199.46,204.35,208.93,210.87,215.06,216.97,216.02,222.95,225.23,230.78,234.89,239.13,246.29,253.78,258.82,263.32,266.87,269.90,273.36,268.26,268.15,263.87,261.71,251.53,245.74,239.94,236.09,228.49,221.56,214.97,210.87,202.34,195.58,188.86,180.31,170.43,164.25,151.65,142.02,132.23,119.92,110.75,99.28,88.05
135.09,151.75,158.14,167.43,177.18,186.30,192.87,198.34,201.56,203.89,208.97,212.17,215.18,217.22,218.16,221.84,226.98,232.11,236.18,238.29,245.60,252.29,258.98,262.41,266.92,270.48,272.24,269.22,267.44,263.31,257.41,253.02,243.82,240.78,237.20,228.63,222.87,217.86,209.30,202.67,195.78,186.10,179.20,172.70,165.44,149.93,142.44,132.03,120.83,108.98,99.04,87.82
129.65,144.68,150.36,160.43,170.14,176.10,182.92,190.12,192.51,196.33,199.21,203.22,206.67,208.06,207.30,215.45,220.73,224.96,229.11,230.00,235.49,242.89,251.25,255.41,258.57,264.09,264.98,262.83,260.45,258.17,252.36,245.73,236.64,236.28,230.82,224.24,216.36,213.01,205.37,198.81,192.59,182.17,175.89,168.81,160.85,148.14,140.12,127.58,120.10,108.85,97.67,85.73
135.96,149.62,157.95,168.72,177.29,186.23,192.77,197.91,199.72,203.82,208.15,211.02,214.46,215.61,216.60,223.81,227.27,231.49,235.28,239.58,244.92,253.00,258.07,262.73,266.81,272.03,273.38,268.20,268.63,262.21,258.23,250.32,244.72,240.30,233.17,228.30,221.93,216.81,210.30,203.00,195.76,188.35,179.78,171.49,162.36,152.90,140.80,131.02,120.15,111.02,98.43,86.15
134.63,148.72,158.00,168.13,177.02,186.04,188.86,196.82,199.90,204.27,208.94,209.97,212.25,213.41,217.35,222.83,225.74,230.93,235.61,237.60,243.81,252.46,257.50,261.96,267.56,268.94,271.27,268.99,267.99,262.55,259.36,251.77,244.01,240.58,236.38,228.30,221.38,217.95,209.27,202.48,196.47,188.38,179.11,169.99,164.25,150.27,140.29,131.37,120.21,109.55,98.41,86.56
117.92,128.86,135.79,142.64,152.16,157.43,161.12,167.26,168.02,171.41,179.21,184.36,184.84,185.91,188.31,192.75,194.51,196.88,201.30,208.39,214.44,218.30,226.26,227.67,229.37,234.93,233.17,232.56,230.05,229.01,224.88,221.42,216.12,209.90,199.85,199.90,189.43,187.84,180.04,174.64,169.50,161.08,153.85,146.18,138.18,125.54,116.02,108.76,97.94,89.94,82.02,72.78
131.64,147.05,152.43,164.30,169.86,181.22,186.13,191.40,195.00,198.12,201.76,203.03,206.04,211.14,212.61,216.52,220.41,226.60,229.54,233.90,238.76,247.94,252.18,259.19,262.52,264.22,266.91,263.76,265.10,256.72,256.30,247.17,241.02,236.63,231.56,226.28,218.87,211.54,205.18,199.81,192.60,184.22,176.51,168.22,161.24,151.00,141.35,130.00,118.98,106.96,98.15,86.09
130.51,146.60,153.65,163.48,171.94,180.43,184.95,191.21,196.02,199.72,203.74,204.38,207.76,211.01,213.02,217.08,220.19,227.17,230.02,234.34,240.63,246.55,254.26,258.43,261.85,265.59,266.87,265.20,265.97,259.12,253.71,247.48,242.20,236.76,230.18,225.14,218.80,213.00,206.31,201.23,192.66,183.33,175.62,167.84,160.59,150.92,139.74,128.80,118.11,107.94,98.18,85.07
132.20,146.22,153.68,164.75,174.66,183.37,187.54,193.31,197.01,199.72,204.60,207.18,210.49,211.99,213.02,219.32,224.06,229.84,232.50,238.08,241.75,249.30,255.16,262.01,263.43,266.06,270.22,265.19,266.69,261.55,258.80,250.20,243.31,237.19,232.71,228.32,220.18,213.58,207.54,201.73,194.20,187.36,178.01,170.88,162.53,151.00,141.43,130.50,117.66,107.94,99.93,87.02
136.09,151.80,162.19,170.88,179.69,187.54,193.94,199.16,203.08,207.70,210.11,214.44,215.23,217.42,218.00,223.97,229.22,234.89,238.77,239.89,245.73,253.44,259.86,265.80,268.75,274.65,275.77,270.00,271.18,266.13,261.20,252.39,243.91,243.15,237.80,231.02,221.21,218.63,211.99,203.42,197.77,187.26,180.80,174.75,164.51,153.00,140.73,131.03,121.34,110.82,99.13,87.46
136.74,152.69,161.70,172.07,181.16,189.27,193.26,200.25,202.92,207.15,212.90,215.45,216.84,220.08,220.66,225.84,228.54,231.81,238.12,243.00,247.00,254.63,260.85,267.48,269.46,271.97,273.98,272.66,271.03,265.32,263.80,254.87,244.95,243.21,236.54,230.56,223.79,215.72,212.00,204.08,196.47,190.31,180.01,172.03,164.07,151.49,142.44,131.86,121.59,109.29,100.45,87.36
136.69,152.55,161.45,169.80,181.82,187.30,193.89,199.69,202.41,206.04,211.40,214.95,217.41,219.32,219.86,225.43,228.09,231.93,240.63,241.27,246.71,256.29,260.65,267.08,268.97,272.37,272.30,272.01,269.74,264.88,262.99,254.91,244.68,241.13,237.07,230.47,223.38,217.20,212.41,204.32,197.50,188.04,178.91,173.22,163.20,151.21,143.59,134.54,120.81,109.66,101.39,89.14
137.93,154.49,161.99,171.14,182.63,189.61,195.36,199.42,204.55,206.21,213.18,216.28,218.83,221.11,221.40,227.68,230.02,233.08,239.80,243.31,249.10,257.16,261.81,269.31,269.36,275.41,274.64,273.54,273.23,266.18,263.87,255.97,247.59,243.61,238.40,230.36,225.49,221.01,213.25,205.38,199.46,191.23,180.05,173.05,165.08,152.47,143.11,133.87,121.76,109.77,101.02,88.20
136.34,152.64,159.70,169.85,178.60,188.17,191.32,197.91,202.79,206.05,210.66,214.98,215.11,216.69,219.26,224.27,228.53,233.07,238.65,240.83,246.95,256.76,261.35,264.76,268.56,274.45,275.23,269.54,272.17,265.20,262.21,253.39,248.24,244.01,238.45,231.02,223.22,218.05,210.77,204.57,198.13,187.07,180.62,174.55,165.05,152.31,144.00,131.46,122.07,112.70,98.62,88.05
130.14,145.12,153.94,164.76,173.08,181.01,185.99,193.00,194.82,201.07,203.59,205.87,208.97,210.49,213.96,219.32,220.73,227.22,230.83,236.58,240.48,247.76,252.72,258.77,261.71,268.04,269.69,264.76,265.71,260.35,257.80,248.47,242.00,239.30,231.04,227.14,219.54,214.25,208.33,202.07,194.58,186.72,178.21,169.50,161.61,149.84,141.20,132.38,119.85,109.40,99.98,86.58
135.76,149.94,161.31,169.50,179.07,185.88,192.09,200.00,204.16,207.42,210.24,214.54,217.87,218.01,219.48,224.08,229.12,234.36,239.43,240.31,246.91,253.24,260.92,266.13,268.69,274.99,276.21,270.29,270.21,266.83,259.86,253.51,246.66,243.46,237.88,230.85,222.61,217.55,211.68,205.63,196.99,188.04,181.66,173.12,166.96,151.35,141.00,131.10,123.07,112.81,98.01,85.09
139.32,153.05,162.16,172.54,181.25,188.38,197.52,201.21,206.52,209.06,214.97,216.91,217.92,221.39,222.52,230.00,230.84,235.03,240.96,244.79,252.36,260.17,265.31,269.47,273.99,277.67,279.57,275.62,275.54,269.54,266.87,258.40,252.05,245.05,240.52,235.19,228.18,221.72,216.39,205.68,199.49,193.35,182.94,175.29,167.33,157.29,147.46,134.84,122.98,112.70,102.14,87.37
138.81,154.35,159.97,171.41,182.65,188.85,194.29,200.59,205.32,206.12,212.44,213.88,216.57,219.69,221.02,227.00,229.90,234.34,239.37,244.73,249.90,254.61,262.76,267.11,272.35,274.65,275.41,273.00,272.42,267.55,263.35,256.25,248.47,244.01,238.32,234.47,224.52,218.23,211.81,206.17,196.99,189.77,180.90,174.55,166.21,153.94,143.50,134.12,120.21,112.06,100.44,89.11
136.85,151.86,161.64,173.00,179.78,187.45,193.13,200.20,204.02,206.23,209.27,213.77,217.68,216.84,220.34,222.55,228.66,236.43,238.11,239.71,246.99,255.28,262.41,266.08,269.61,273.74,275.18,271.64,271.36,268.56,260.89,253.85,246.68,244.17,235.91,230.76,222.41,217.71,211.37,206.98,199.90,187.40,181.25,175.73,166.97,150.81,142.78,129.88,122.98,111.83,98.60,86.13
137.18,152.85,161.01,170.76,179.77,188.37,193.31,200.03,202.00,206.01,210.68,214.67,217.30,217.80,218.16,224.66,228.32,233.31,239.08,241.07,247.97,253.00,260.49,265.41,268.37,274.59,275.86,270.05,271.65,266.19,260.95,255.47,246.40,243.52,236.68,231.92,222.09,217.02,210.83,205.72,198.04,187.07,182.01,172.74,165.31,151.60,141.99,132.10,120.77,110.45,99.37,86.05
136.50,149.91,158.46,168.86,178.28,185.18,191.23,196.57,200.25,204.42,208.08,211.24,213.03,215.13,216.67,223.54,226.76,230.70,236.14,239.30,244.47,252.55,257.87,263.47,268.54,270.84,271.15,270.28,267.30,263.40,260.97,252.80,244.99,240.69,234.80,230.12,222.19,216.01,209.04,202.88,195.89,189.02,178.60,170.84,163.42,152.74,142.67,130.39,119.85,109.29,100.00,88.32
135.76,151.54,161.25,173.08,179.18,187.00,193.60,199.90,205.43,206.49,209.40,214.28,217.04,217.55,220.95,223.14,229.65,234.44,239.21,240.14,248.21,254.68,260.76,265.55,267.23,274.61,277.20,271.88,271.02,266.01,259.79,253.31,247.13,244.64,238.00,233.08,223.02,217.79,211.74,206.40,200.12,187.56,183.10,174.64,166.01,151.99,141.16,128.82,123.69,110.22,99.93,86.21
130.38,146.16,155.21,165.89,171.84,181.10,185.63,192.72,197.39,200.26,203.42,207.28,210.54,210.75,213.32,218.34,221.04,228.74,231.77,235.03,242.30,247.59,254.89,257.56,262.15,268.78,269.54,265.19,265.13,261.88,256.73,249.93,244.00,238.90,233.21,229.21,220.55,214.56,209.01,201.31,196.60,185.31,179.41,173.22,165.44,150.71,141.17,129.40,120.10,109.56,99.82,88.55
130.39,144.09,153.73,162.05,170.65,178.04,183.10,193.87,194.46,199.97,200.96,206.20,208.48,209.75,209.75,217.42,219.32,229.07,232.26,233.52,238.38,245.73,251.87,257.13,260.85,265.45,270.35,262.59,264.62,263.03,255.88,248.71,241.85,238.47,233.94,227.86,220.23,213.49,207.41,202.41,196.35,185.28,179.43,171.83,162.25,150.03,139.56,128.97,119.63,111.33,97.02,86.16
129.76,142.86,154.63,164.25,172.49,178.68,184.29,192.50,196.94,200.81,202.85,208.66,211.46,210.49,213.04,217.48,221.46,228.02,231.29,234.23,240.92,249.33,254.89,259.01,261.20,269.03,271.74,265.99,265.75,264.60,255.88,249.05,242.35,241.96,233.21,228.02,219.10,212.98,208.06,202.83,197.10,186.00,179.94,174.04,164.58,150.22,141.01,129.25,121.07,111.09,97.74,86.40
131.37,144.59,153.81,164.61,172.04,180.23,185.59,193.05,195.14,200.57,203.59,208.28,209.09,211.24,213.88,218.66,221.23,226.53,232.22,236.43,240.44,248.71,252.67,259.42,263.05,267.90,271.49,265.75,266.12,261.84,256.02,250.24,242.74,239.71,232.40,228.11,221.50,212.91,209.06,201.48,197.44,186.07,180.01,171.29,164.20,148.30,139.49,130.43,119.00,111.29,99.02,87.69
119.40,133.00,140.09,150.28,155.71,161.28,163.96,170.24,174.27,179.11,180.21,182.58,184.40,185.85,188.90,196.42,195.67,201.56,206.46,209.32,214.36,219.66,226.83,230.23,237.86,239.77,242.50,237.97,239.68,232.70,230.36,224.18,222.04,224.06,213.71,209.62,205.01,204.29,197.96,190.09,187.11,177.18,169.30,162.29,154.69,141.68,131.73,122.41,114.81,105.08,92.09,80.99
131.18,145.24,151.65,163.15,169.54,181.07,185.61,191.42,192.77,195.88,199.46,202.70,204.66,205.83,206.87,213.91,218.00,224.02,228.16,228.56,233.63,241.70,247.08,253.33,255.88,258.79,262.00,257.09,257.11,251.75,248.13,241.75,233.94,230.63,224.08,217.22,212.25,206.65,200.11,195.01,186.76,179.36,170.88,163.36,155.68,144.55,135.09,124.85,115.45,105.08,94.34,81.84
130.74,145.09,151.16,162.11,170.99,178.27,185.78,188.83,192.31,195.17,199.58,200.82,203.15,206.66,208.10,215.19,216.62,221.33,226.00,230.18,234.93,241.17,247.52,251.87,255.77,258.00,261.85,258.79,256.70,251.45,246.71,240.19,234.00,229.46,224.18,218.63,212.60,205.32,199.85,192.37,184.59,178.23,169.81,162.02,155.63,144.31,135.06,124.68,113.32,104.20,94.02,82.49
134.48,150.63,157.50,167.30,174.56,183.22,189.16,195.21,197.70,202.43,204.83,210.62,211.24,213.68,216.09,219.21,223.40,230.93,235.42,235.92,242.54,249.37,255.69,262.91,264.01,268.78,270.12,267.00,267.17,261.93,256.74,248.36,242.32,240.63,234.23,228.62,219.54,213.53,207.42,202.09,195.26,184.62,179.14,172.07,161.34,151.34,140.04,131.03,120.28,111.43,96.08,85.00
132.56,147.12,153.68,164.58,173.61,181.65,187.45,191.05,195.24,198.15,204.12,203.67,207.52,209.61,211.81,217.38,221.50,225.06,231.98,234.23,239.52,248.32,252.80,257.61,263.39,265.04,265.19,261.84,263.49,256.78,253.21,246.06,238.83,234.68,228.08,224.36,217.64,210.79,205.73,196.71,190.85,182.92,173.88,166.41,159.89,148.66,140.09,128.16,116.71,105.08,97.13,85.91
131.23,144.93,153.06,164.18,171.41,179.51,184.44,192.35,195.67,198.86,200.81,204.30,208.48,208.85,209.78,216.11,218.76,226.86,231.58,233.42,239.06,245.07,252.29,258.28,260.34,265.48,267.56,260.25,261.01,258.06,252.83,245.60,237.92,234.14,230.18,224.18,215.68,209.91,203.30,199.00,192.44,179.47,176.58,168.62,159.39,147.14,137.19,127.02,117.39,108.06,95.72,86.02
134.74,151.21,156.24,168.81,178.22,184.36,190.07,195.86,198.70,202.92,207.16,209.01,213.19,214.25,216.00,222.27,223.95,230.52,234.04,239.38,244.03,251.25,256.82,263.55,265.56,268.56,271.28,268.66,269.14,261.93,260.60,251.87,244.24,237.69,233.11,228.16,221.24,214.97,209.12,201.56,194.04,187.64,177.79,171.27,161.48,151.33,142.76,132.32,119.00,109.49,99.64,87.82
134.53,149.40,160.53,168.86,177.72,182.99,189.19,196.45,201.00,205.10,206.89,210.32,212.04,214.44,216.45,221.77,226.63,233.23,236.76,237.30,243.12,249.16,255.99,262.89,264.82,271.02,272.36,267.26,266.56,262.71,256.05,252.00,244.03,238.30,235.60,228.49,219.66,215.14,209.12,202.77,196.70,185.39,180.27,173.97,163.36,150.14,141.29,129.81,122.15,109.93,98.06,85.16
134.72,148.45,158.27,167.90,176.60,184.02,188.90,196.02,198.20,204.30,206.01,210.62,213.04,214.14,214.40,221.38,225.62,233.31,236.33,238.95,241.25,250.57,256.52,261.63,264.89,271.01,273.70,266.48,268.13,263.10,258.94,250.00,242.23,241.21,233.55,228.95,220.66,214.67,209.31,203.18,195.58,185.72,180.00,173.35,163.37,150.42,141.01,129.76,119.68,111.22,95.88,86.47
133.93,146.33,157.26,167.80,176.31,184.17,188.48,196.06,199.00,203.69,207.42,210.79,214.44,214.39,216.76,223.65,226.32,233.24,237.17,240.03,245.86,254.57,259.01,266.60,270.05,273.21,275.00,271.33,272.62,267.15,262.64,255.07,248.16,246.35,238.43,233.04,223.71,219.32,213.36,207.04,201.02,191.40,182.73,175.23,167.05,154.38,144.93,134.54,123.33,112.61,101.13,90.02
132.01,145.60,156.16,166.09,171.96,180.89,186.02,193.35,196.66,200.85,201.25,206.58,210.23,209.25,212.19,219.23,223.14,228.11,233.11,233.07,239.29,246.13,252.87,257.79,260.50,266.27,268.60,263.07,263.42,259.03,254.02,246.56,239.01,236.48,230.67,224.41,216.15,209.65,205.35,198.22,194.15,180.41,177.41,168.00,160.37,148.00,137.48,127.10,118.19,110.44,95.34,82.57
132.88,145.96,155.72,164.75,173.22,180.69,187.28,191.48,194.15,198.35,201.31,206.07,209.66,209.35,210.79,217.64,221.02,227.00,230.64,230.78,238.45,246.60,252.56,257.39,261.12,264.46,266.37,264.37,263.09,257.58,253.19,244.63,238.10,235.48,228.33,222.69,215.33,211.29,204.80,199.25,190.69,182.01,174.87,167.63,159.51,148.22,136.17,127.35,118.51,107.47,95.82,84.39
132.28,146.32,156.20,166.68,175.24,182.24,188.48,196.76,199.40,203.00,208.22,209.61,212.20,214.22,216.60,221.89,226.11,231.31,236.78,237.53,246.46,254.31,260.09,266.06,271.02,272.24,273.88,270.36,270.38,265.76,261.60,253.33,245.95,242.44,237.35,230.55,222.69,218.02,211.25,205.55,198.50,189.41,180.34,172.70,166.21,153.77,142.17,133.24,123.41,112.36,100.22,88.28
134.27,148.11,158.38,168.86,175.05,182.70,188.48,197.01,200.14,203.92,207.18,210.77,214.17,215.28,218.28,222.80,227.08,235.41,236.37,239.08,246.08,254.53,260.23,265.32,268.17,274.47,275.12,269.90,268.00,265.36,260.62,253.90,247.20,243.94,238.72,230.98,222.30,216.07,210.42,202.87,198.01,185.56,181.33,173.63,165.76,152.61,142.09,129.97,121.04,110.14,97.74,87.69
134.33,149.16,157.89,168.40,176.08,184.46,190.71,195.49,199.42,203.59,207.89,212.00,215.23,217.08,219.21,222.70,228.04,233.00,237.86,240.84,248.85,255.23,259.47,265.91,270.56,275.11,277.11,273.21,272.28,267.12,261.85,257.70,248.48,244.38,237.45,232.00,224.61,217.59,212.12,206.48,198.71,191.26,182.15,173.88,165.60,152.61,141.82,131.53,121.41,111.66,100.42,87.60
133.84,147.03,156.46,166.46,175.00,182.58,188.83,194.28,197.21,201.38,206.65,210.77,212.12,214.26,216.91,219.92,225.53,231.01,235.08,237.72,246.68,253.00,259.05,263.40,266.99,273.03,275.07,269.46,269.94,264.59,259.24,254.53,247.14,243.28,236.64,229.96,222.52,215.20,209.40,204.78,197.99,189.40,181.95,172.05,165.44,151.56,142.00,131.38,120.35,110.00,99.82,86.59
139.39,153.94,164.25,174.00,182.88,191.21,195.03,201.14,204.47,208.04,213.46,216.30,219.74,222.46,225.39,228.12,233.36,237.47,242.40,245.54,253.81,258.86,265.32,270.88,273.65,279.87,281.78,277.19,275.17,271.01,267.05,259.34,251.81,247.63,240.30,233.47,226.38,220.05,213.14,207.37,200.64,191.93,183.41,175.93,167.22,152.88,144.13,133.09,122.41,111.20,100.90,88.73
140.04,155.63,165.49,174.90,182.58,191.53,197.31,202.47,207.46,210.69,214.22,218.10,221.02,221.77,224.98,230.49,234.01,238.90,243.74,246.87,254.47,260.91,266.42,273.94,276.28,280.73,282.08,278.87,277.83,273.13,268.03,261.90,253.84,248.73,242.87,236.03,227.97,220.95,215.64,209.12,202.77,194.20,185.53,177.10,168.87,154.51,145.24,133.96,122.26,112.22,100.85,88.46
141.48,155.86,164.45,177.00,184.07,192.05,198.18,206.40,208.40,213.15,216.76,218.96,223.34,226.05,227.43,234.35,235.85,241.36,247.63,251.34,259.15,267.68,273.34,276.65,280.40,285.81,288.42,283.92,284.61,278.00,273.72,265.67,258.27,253.46,247.65,242.60,234.35,225.76,221.60,211.68,205.29,197.77,188.18,181.14,172.84,158.22,148.95,139.64,128.10,116.02,104.81,93.43
140.46,154.80,162.93,172.84,183.41,192.67,197.59,202.48,207.04,209.83,214.41,217.00,221.08,222.85,225.00,231.40,236.54,240.84,245.61,251.46,256.76,265.02,271.03,275.78,281.32,283.62,286.30,282.21,282.94,276.13,272.66,263.04,255.95,250.64,245.37,240.60,232.64,225.40,219.06,210.46,203.30,197.84,186.08,179.40,171.40,157.31,148.66,136.95,126.25,114.62,103.75,90.24
133.65,149.49,159.03,169.39,176.78,185.65,189.95,196.54,199.36,203.54,207.70,212.27,214.58,217.18,220.48,223.43,230.47,233.86,240.07,242.13,251.01,257.28,262.94,268.50,271.31,276.23,278.71,273.66,273.70,268.63,264.33,257.19,249.93,245.57,238.31,232.02,223.81,218.32,211.83,205.97,199.21,191.11,182.60,173.61,165.39,151.56,143.17,131.03,120.90,110.39,100.22,87.01
133.60,146.54,156.35,166.53,175.00,182.19,187.22,195.39,196.96,202.03,207.29,209.86,212.00,214.48,216.62,221.23,225.08,231.87,235.03,240.61,247.08,254.24,260.43,265.53,268.29,272.12,273.79,270.60,269.90,264.15,260.75,254.10,246.62,239.21,233.85,228.47,222.40,216.67,210.05,201.64,196.37,188.62,179.39,171.42,164.56,152.05,140.25,131.64,119.85,109.99,98.37,85.38
131.85,147.09,155.80,167.00,173.82,181.37,188.53,193.89,196.89,201.59,204.29,208.90,211.68,212.08,216.02,223.00,225.21,231.31,235.99,239.03,246.43,254.17,258.12,264.80,268.31,272.92,274.02,268.96,271.25,264.71,259.98,252.24,244.97,242.62,235.26,231.37,221.46,214.22,210.72,203.49,197.45,186.43,179.89,172.59,163.37,151.58,141.74,131.83,121.28,109.18,98.11,85.00
140.46,154.16,166.86,177.49,184.81,191.94,197.20,205.46,208.91,213.84,214.97,221.05,223.44,224.93,228.32,234.36,240.68,246.53,250.32,253.31,259.01,268.40,273.91,280.98,284.43,289.09,290.27,285.41,285.41,280.57,274.53,265.75,258.10,255.88,250.05,243.99,234.54,226.46,222.75,215.71,209.00,197.12,190.07,181.02,174.24,160.06,148.60,136.48,127.58,118.09,102.96,88.09
142.30,157.92,165.25,177.53,184.25,193.23,199.02,206.12,208.83,214.56,219.20,220.19,224.93,227.08,229.20,237.01,241.27,246.95,251.46,255.80,260.65,270.44,275.64,281.52,285.80,289.87,291.76,288.65,288.09,280.03,276.57,268.73,260.05,255.84,249.78,245.93,236.28,229.01,224.32,214.95,209.99,199.62,189.17,181.84,173.12,161.01,148.79,139.09,127.77,116.39,106.28,93.05
132.57,147.56,155.00,165.39,173.07,180.25,187.28,193.55,197.14,201.68,205.01,209.02,211.30,213.94,216.19,222.38,226.75,232.05,237.60,239.77,248.20,255.74,261.28,266.60,269.61,273.16,273.76,270.01,271.44,264.27,260.03,254.20,245.73,241.57,236.13,230.33,222.45,215.67,210.34,203.03,196.66,187.24,181.02,172.41,163.29,151.27,142.13,130.25,118.85,109.12,99.76,87.13
138.52,152.59,162.53,172.26,180.68,189.71,194.43,203.75,206.78,210.72,213.59,218.24,220.78,223.18,224.38,230.95,236.62,242.60,249.10,250.49,258.79,265.09,271.67,277.84,281.33,286.68,287.47,281.58,281.09,276.93,272.26,264.78,257.39,252.87,247.95,242.50,233.08,225.96,219.51,214.44,205.78,195.02,189.52,180.36,171.82,158.86,147.51,137.57,127.09,116.11,103.45,90.69
138.84,152.96,164.44,172.66,183.63,191.94,196.01,204.94,207.82,212.25,213.40,219.27,221.89,224.45,225.25,231.05,238.73,245.96,249.90,249.20,254.83,261.20,270.82,275.96,279.16,283.83,285.80,281.89,281.04,278.60,267.90,263.14,253.50,251.05,246.89,241.85,231.26,225.87,219.66,211.85,207.71,194.24,188.10,179.69,171.82,156.31,146.97,136.69,127.61,114.98,102.26,88.20
138.22,152.40,158.45,172.24,180.83,189.55,194.99,200.66,202.92,208.20,212.32,217.99,218.51,220.95,223.61,231.01,236.48,242.03,250.19,248.81,257.56,267.58,271.83,276.39,281.44,283.81,285.93,283.56,282.52,277.40,273.36,264.01,256.02,254.42,246.26,241.47,233.83,227.59,219.86,213.64,205.88,197.19,186.99,180.28,170.53,159.06,149.16,138.06,127.10,116.50,102.20,90.74
137.36,154.32,161.52,174.13,181.73,191.19,198.58,202.56,206.65,211.70,215.46,218.55,222.06,224.85,228.02,233.14,238.02,245.45,252.16,253.21,261.82,269.82,274.59,279.23,284.80,286.90,289.28,285.88,286.40,278.96,275.39,267.48,259.20,255.00,248.90,242.21,236.28,228.11,223.23,214.44,207.39,198.49,190.28,181.07,173.22,161.53,150.05,138.60,128.44,116.43,104.71,91.55
130.60,143.28,153.68,163.42,170.48,181.18,184.56,193.57,196.74,200.38,203.21,207.71,211.93,212.13,213.59,222.14,226.11,232.90,238.03,241.23,247.95,254.61,260.68,263.87,268.90,273.41,277.65,270.56,271.03,265.55,259.70,252.98,247.63,244.25,237.07,231.35,223.23,218.22,211.60,205.41,199.64,187.32,183.58,174.66,166.37,152.45,141.77,132.23,122.10,112.75,97.74,85.21
135.15,148.19,155.86,168.24,176.01,186.30,190.56,198.01,200.96,205.78,210.95,211.82,218.33,218.33,219.86,227.27,232.48,238.21,243.25,247.13,254.20,262.01,269.32,272.37,275.80,279.85,284.04,278.57,277.97,271.95,267.99,258.87,255.84,248.23,243.84,237.47,229.46,222.27,216.93,212.45,205.00,192.84,186.12,178.36,169.58,157.54,147.26,136.09,125.16,114.77,102.58,89.44
132.46,147.26,155.16,165.03,175.29,182.49,186.27,194.47,197.39,203.55,208.59,210.51,213.40,215.67,218.01,223.89,229.44,234.64,240.60,244.52,249.69,257.08,264.01,268.43,272.41,277.89,279.73,275.54,274.25,269.65,265.22,259.09,252.80,247.12,240.11,237.12,228.18,223.46,216.52,210.05,204.71,193.09,185.27,179.00,168.72,157.49,146.41,135.45,124.42,114.20,101.64,88.65
131.32,145.10,154.03,164.08,170.49,180.62,184.59,193.13,196.43,203.19,203.69,209.12,210.00,212.60,214.69,223.73,227.26,235.19,240.41,241.28,246.35,257.00,261.82,265.34,269.74,274.96,278.37,270.44,272.44,269.05,262.38,254.78,248.94,245.20,240.19,233.81,226.50,220.08,215.70,207.23,202.56,190.72,185.41,177.87,167.71,156.71,143.69,133.96,125.51,114.86,99.36,88.28
133.60,147.83,155.72,165.74,175.01,183.67,187.26,194.65,196.76,202.24,207.51,208.75,211.14,215.76,218.55,225.61,229.87,235.47,240.07,243.24,249.16,259.31,263.65,268.80,273.91,278.09,279.58,275.49,277.86,269.42,269.09,259.08,253.51,247.58,241.11,235.19,231.81,224.96,218.04,209.69,202.63,195.82,187.78,179.40,170.18,159.21,148.49,137.36,125.42,113.74,102.49,89.49
122.18,134.24,144.62,153.16,160.20,166.94,171.83,181.23,185.04,188.22,191.40,195.17,197.09,198.66,201.02,208.34,213.89,220.78,223.03,227.71,233.57,240.20,248.39,253.07,256.67,260.11,264.50,256.46,258.43,256.67,251.88,244.63,236.89,237.99,229.90,226.37,217.37,211.12,206.52,200.69,194.76,183.13,178.06,170.65,164.40,149.16,139.56,129.53,119.62,109.48,96.19,84.58
123.43,135.98,144.01,156.02,160.31,169.10,172.93,182.16,185.56,188.35,192.11,195.32,198.01,200.38,200.88,209.12,214.22,222.25,224.22,228.06,234.76,238.27,247.52,252.10,255.67,262.59,262.15,257.85,260.28,255.77,250.06,245.60,238.21,234.17,230.65,224.18,217.09,211.12,207.37,201.04,196.09,183.88,179.64,171.90,163.11,150.36,139.34,129.71,119.71,108.91,96.26,84.31
122.29,135.36,145.06,155.24,162.27,169.45,174.64,181.55,185.31,189.76,192.11,197.45,198.01,199.45,200.88,207.71,214.22,222.69,225.14,228.16,234.06,240.79,249.32,253.24,255.56,259.39,262.93,257.73,261.69,257.33,250.89,245.35,237.49,233.69,231.61,225.84,218.69,212.76,205.65,201.06,197.44,184.36,179.69,172.63,163.25,149.40,139.45,130.65,120.67,109.84,97.25,84.81
121.49,137.06,145.88,153.47,161.64,166.42,173.56,181.07,184.10,188.06,191.85,195.88,199.68,200.25,200.28,207.68,214.25,221.06,224.32,229.14,232.56,239.06,247.49,252.58,256.76,261.77,263.21,257.80,260.39,257.39,250.19,245.49,236.63,236.09,230.96,225.01,218.10,211.46,205.64,200.61,195.58,183.76,179.89,172.56,162.89,149.86,140.12,130.23,120.35,108.34,97.86,83.22
131.10,146.33,153.64,163.86,172.46,181.59,185.71,191.97,197.34,200.01,203.49,207.18,212.30,211.47,213.21,221.51,225.94,233.14,235.85,239.83,247.08,256.43,261.70,268.54,270.84,275.05,277.35,273.85,275.43,269.62,266.99,258.15,252.35,247.19,243.66,236.58,229.07,225.44,218.89,209.98,204.75,193.31,187.07,179.36,170.39,158.42,147.49,136.19,126.12,114.56,104.39,89.09
131.03,145.61,154.62,164.17,174.10,179.95,185.88,191.84,197.59,202.41,204.50,207.87,211.81,211.15,213.84,220.82,227.09,231.87,236.52,242.06,249.01,255.15,259.94,267.07,270.70,275.47,277.83,273.03,276.90,270.20,265.17,258.66,251.85,245.60,242.42,236.62,227.85,222.64,216.92,211.02,206.01,193.26,187.27,178.87,170.18,158.78,148.12,137.19,124.82,114.69,102.55,88.14
123.56,136.89,143.42,154.46,159.77,168.05,173.42,181.11,186.12,189.45,191.21,194.92,198.77,198.73,197.37,208.52,212.29,218.68,224.50,227.02,231.01,239.43,246.27,251.18,254.33,260.11,261.96,256.24,257.56,253.14,249.73,241.87,238.03,232.86,228.97,222.03,216.70,211.28,205.00,196.02,191.23,182.04,174.87,170.23,161.01,149.68,139.61,127.82,118.34,108.34,96.88,85.91
128.13,143.10,150.88,161.03,167.92,176.07,181.91,190.28,193.30,197.43,200.09,205.23,206.89,210.79,212.73,218.29,225.28,235.92,238.65,241.92,245.09,254.70,262.07,265.86,272.80,275.18,280.03,274.87,275.23,270.75,265.41,259.79,252.79,250.24,245.42,238.08,231.41,225.06,219.26,213.08,205.93,194.44,189.84,182.91,172.46,161.64,148.92,137.71,128.32,115.62,101.53,91.97
130.36,145.00,155.90,163.47,170.58,178.01,183.29,194.09,196.92,202.07,204.98,208.43,212.36,213.28,217.26,225.73,227.61,235.16,240.01,242.84,251.38,260.10,265.96,268.40,274.90,281.26,283.66,276.74,280.17,275.18,269.16,263.41,257.10,251.51,246.16,243.43,232.70,226.77,222.52,212.90,208.12,195.72,191.00,183.87,174.77,160.38,152.11,139.52,128.44,118.00,105.12,92.31
127.06,140.55,150.56,157.20,166.97,174.47,179.28,188.60,190.29,197.20,200.32,204.92,206.49,209.77,211.59,217.83,225.40,233.35,237.03,237.17,244.10,254.75,261.36,266.08,269.24,274.96,277.63,273.07,273.58,271.22,264.32,258.65,250.40,249.39,243.90,237.39,229.07,222.15,217.80,212.45,205.09,193.94,188.09,180.97,170.84,158.37,149.50,136.69,127.68,114.86,102.00,91.27
130.25,143.81,151.63,161.21,171.97,179.49,184.33,192.78,194.46,199.90,206.90,208.31,211.65,216.49,218.75,226.27,230.33,236.18,241.12,246.87,254.33,264.33,269.45,275.96,278.99,281.01,286.38,283.99,282.61,278.00,274.24,265.21,259.74,253.19,248.34,242.53,235.28,230.43,223.37,216.11,207.27,201.65,190.44,184.49,174.66,163.60,152.20,141.65,128.89,115.73,107.52,94.11
130.38,145.40,152.74,163.23,172.01,179.67,185.80,193.38,196.86,200.80,207.89,210.66,214.05,217.22,219.18,225.82,233.44,235.75,245.90,246.98,258.21,265.13,272.03,275.75,280.04,284.02,288.04,286.59,282.65,280.83,275.80,268.19,259.94,255.41,251.73,244.03,237.81,230.05,226.11,218.58,211.19,202.61,193.51,185.93,177.90,163.11,155.08,143.57,132.46,118.53,106.53,93.96
129.50,142.64,150.75,162.41,172.47,180.28,184.07,192.57,196.74,197.67,205.88,208.78,214.22,216.45,217.80,224.18,231.20,235.42,240.87,248.57,256.04,264.07,271.31,275.77,280.03,283.32,284.61,283.38,281.82,278.10,274.61,266.06,258.41,254.38,250.80,241.42,238.72,230.36,226.06,216.45,209.60,200.38,193.04,183.74,176.64,163.78,155.03,142.52,129.47,116.21,106.21,92.96
129.45,141.15,149.12,162.05,169.76,179.63,184.33,189.49,193.60,195.75,204.00,206.83,212.51,215.00,217.01,225.32,228.47,234.45,240.09,246.06,253.50,262.52,268.04,274.39,278.68,281.50,283.10,282.97,281.10,275.52,273.00,265.68,258.79,252.29,248.49,242.25,237.02,228.48,224.64,216.54,210.35,200.32,192.03,183.99,173.18,161.93,154.01,141.40,130.38,116.73,106.04,91.92
127.61,141.44,150.03,160.61,167.63,178.04,181.54,187.54,192.02,196.15,202.67,205.34,210.28,213.86,218.05,222.32,224.96,234.20,238.43,246.35,253.03,262.46,267.82,272.73,277.97,281.84,282.84,283.09,282.77,275.23,273.27,263.83,259.67,253.44,247.14,242.24,236.91,228.11,222.52,215.61,207.21,200.41,190.22,183.00,175.14,163.62,153.00,139.86,128.89,117.63,105.08,91.92
127.81,140.72,149.69,159.00,167.14,175.57,181.65,188.73,192.82,198.01,201.70,206.65,209.46,212.44,215.26,223.47,228.48,235.21,240.08,244.02,252.06,260.32,268.00,272.68,278.29,280.98,285.24,279.97,279.33,277.77,272.44,261.73,255.55,253.66,247.74,243.09,233.73,226.81,221.78,213.03,207.17,198.21,191.66,182.95,174.66,162.25,151.49,139.14,129.47,118.07,104.80,93.64
127.00,140.94,149.86,158.24,166.40,175.64,180.27,187.95,192.46,196.49,201.80,204.98,208.92,214.34,216.07,223.65,226.01,233.52,238.80,245.70,254.33,259.12,267.43,272.95,277.11,281.05,286.54,281.69,280.42,276.64,272.15,263.11,258.21,255.22,248.05,240.52,235.87,228.21,224.88,214.11,209.10,199.83,191.01,182.15,174.10,163.13,153.18,139.59,128.10,117.89,105.48,91.24
126.91,140.25,145.89,157.81,167.69,175.51,178.44,189.21,191.77,194.74,200.41,205.08,209.31,211.81,212.14,220.24,225.51,233.89,238.45,244.05,251.64,259.36,268.41,272.52,275.22,282.21,286.06,280.37,278.72,275.05,269.41,263.21,256.02,253.62,248.43,242.80,233.70,227.11,222.41,216.89,208.83,198.31,192.01,183.74,174.81,159.36,149.66,139.53,128.82,117.18,103.08,90.80
127.00,140.46,148.52,157.66,166.00,174.39,183.10,189.42,193.84,196.70,202.30,205.80,212.64,210.09,215.36,220.77,229.08,236.37,244.61,246.78,251.10,260.22,270.91,274.41,278.96,281.60,285.95,283.25,281.83,280.26,271.71,265.41,258.68,253.60,250.32,241.96,235.26,230.10,222.27,216.45,209.42,200.73,192.51,186.04,176.78,160.90,153.31,141.24,130.92,119.64,104.74,93.19
125.78,140.29,148.40,158.24,167.76,174.96,180.38,188.90,191.64,196.89,202.55,204.27,209.09,212.08,215.36,221.89,228.88,234.83,241.55,246.09,253.92,262.67,270.72,276.07,280.92,283.87,287.63,283.28,282.43,278.33,273.39,266.60,259.12,256.14,250.64,243.21,237.26,230.37,224.36,216.98,207.82,203.00,192.44,183.86,175.64,162.12,154.01,142.95,130.48,119.08,105.80,93.41
123.44,136.36,144.84,154.12,162.16,170.53,175.90,183.10,185.93,191.44,195.27,200.86,205.04,206.46,209.25,217.11,222.83,231.04,236.61,240.08,247.69,257.23,264.20,270.13,273.86,280.17,282.11,278.02,277.25,273.72,269.99,260.73,254.28,251.60,246.11,239.63,233.65,225.01,219.83,214.67,206.47,196.51,189.26,183.36,172.57,160.82,149.08,136.62,128.60,117.66,103.75,90.80
122.87,135.96,144.54,154.35,162.27,171.13,175.14,184.02,186.20,191.45,194.18,198.91,203.90,207.20,210.23,216.79,222.46,230.47,233.24,240.00,249.21,256.13,263.08,269.08,273.47,278.00,281.40,277.91,277.28,274.22,269.13,260.34,255.67,250.06,246.83,240.71,232.40,226.72,220.63,213.81,206.60,195.43,189.21,181.91,172.89,161.77,149.34,137.53,127.86,116.40,103.32,91.35
122.97,137.06,144.45,154.21,162.46,170.18,174.77,184.04,186.14,192.33,196.12,202.07,203.07,207.45,209.40,217.28,223.19,229.53,236.23,240.41,248.86,255.36,265.48,269.74,271.58,278.83,282.31,276.12,273.91,272.88,267.32,261.59,254.03,252.00,246.47,240.42,232.33,223.65,218.04,212.64,205.32,194.74,188.28,180.43,172.17,159.15,149.50,138.32,126.10,117.00,104.00,91.71
120.07,133.63,141.68,152.03,158.96,168.03,173.69,181.14,183.15,188.09,193.05,196.66,200.26,203.00,203.97,214.83,217.75,223.39,227.64,232.94,240.39,250.05,255.41,262.12,265.24,269.47,270.91,266.81,269.80,263.10,260.23,251.44,246.22,242.03,235.59,230.71,225.09,215.47,212.01,204.63,196.66,188.53,181.18,173.17,164.75,154.74,142.56,133.60,121.40,111.83,98.23,89.02
124.53,135.43,148.07,155.71,165.24,172.54,178.27,184.72,189.28,193.23,197.09,201.20,203.84,208.20,208.90,216.92,221.47,225.59,233.00,237.31,248.07,252.72,260.25,265.54,269.79,275.51,277.10,272.26,272.05,267.26,264.20,258.13,250.31,245.90,239.01,234.08,227.68,220.06,215.93,206.53,200.26,192.42,183.74,175.23,167.11,155.59,145.00,136.09,122.93,111.76,103.41,89.36
126.91,141.20,148.95,158.86,166.64,174.77,179.20,189.34,192.26,195.75,200.04,204.02,208.66,210.24,211.03,217.52,223.02,230.72,237.36,238.95,247.14,254.95,262.59,265.94,270.41,276.84,277.74,273.38,272.62,269.79,262.61,255.70,248.36,247.49,241.10,234.48,225.44,221.39,215.86,208.94,200.57,190.63,185.40,178.04,167.93,154.43,147.09,135.93,124.00,115.95,101.32,89.84
127.88,140.25,149.51,157.31,166.88,176.82,180.89,185.85,189.59,195.26,199.53,204.00,205.83,209.94,212.01,219.94,222.27,231.66,232.64,238.95,245.15,253.90,259.67,265.83,269.90,273.65,276.01,272.37,270.96,266.99,262.00,255.20,248.52,241.90,237.68,232.42,224.29,217.88,212.28,205.36,201.19,190.54,183.44,176.00,165.28,156.08,145.77,134.20,123.23,114.53,101.18,89.89
125.42,138.29,149.40,159.05,167.31,174.69,179.85,187.00,191.38,193.81,196.74,204.16,207.63,209.75,210.24,216.37,222.44,229.90,233.54,237.23,243.53,251.62,260.43,264.11,267.59,275.43,276.63,271.19,270.77,267.48,260.82,254.70,246.89,243.76,238.25,233.03,223.57,217.01,211.03,206.79,200.66,189.26,184.46,176.88,168.12,155.01,144.10,133.66,123.17,114.00,100.22,87.97
126.02,138.58,147.11,157.31,163.00,172.93,178.24,185.19,189.66,193.60,198.22,200.81,204.00,209.03,210.60,217.51,219.83,226.06,229.65,236.21,245.33,251.20,256.56,260.97,266.91,270.68,273.00,267.53,267.30,261.44,258.80,250.91,244.73,239.53,234.54,228.86,222.42,215.06,212.06,200.61,196.03,185.57,179.25,173.28,164.98,152.43,143.22,131.52,120.28,109.73,99.85,87.46
129.12,142.95,151.35,160.85,170.03,177.20,184.11,190.78,193.96,198.25,200.77,205.20,208.24,210.32,213.60,219.97,224.32,229.56,235.51,239.25,248.09,253.87,260.73,265.85,270.54,274.64,276.28,271.25,271.90,265.98,261.03,253.36,246.92,242.33,239.35,233.79,224.74,217.46,213.38,206.19,199.46,190.28,185.41,176.41,168.29,153.39,143.75,135.33,124.81,113.74,101.61,89.99
128.70,142.64,150.75,162.50,170.07,177.78,183.46,191.66,192.75,199.57,201.64,204.94,208.37,211.15,213.94,220.08,223.14,230.87,235.97,239.31,247.33,253.54,261.36,267.58,269.67,273.39,275.88,271.89,272.16,267.76,259.42,253.51,245.49,242.50,237.26,232.18,223.18,218.76,212.81,206.66,199.26,189.79,184.76,175.57,169.17,154.04,146.10,134.18,123.58,114.48,100.45,89.69
129.03,140.16,148.76,160.06,168.05,176.65,181.66,187.47,192.42,195.56,200.21,203.96,208.15,210.15,211.54,218.98,222.17,228.12,232.14,236.84,243.74,250.35,258.03,262.41,266.00,269.00,269.94,268.80,267.59,260.07,256.89,247.95,243.58,240.25,232.69,229.92,222.20,216.33,210.04,202.41,195.65,188.67,180.08,173.14,164.92,154.77,145.12,133.65,121.49,110.14,100.98,88.06
129.25,142.64,151.27,158.49,170.84,176.30,184.63,190.17,194.54,198.04,203.71,206.55,207.28,210.46,215.11,218.69,224.32,230.67,235.17,237.50,244.57,252.92,257.87,264.36,267.46,270.35,270.43,268.42,268.20,263.00,258.80,250.24,244.01,239.93,235.27,230.08,221.42,217.35,208.47,205.10,197.67,189.39,181.03,173.12,167.09,155.82,145.77,135.09,123.98,112.38,102.26,89.36
135.24,150.84,162.11,171.68,178.87,187.42,194.86,200.02,203.84,209.01,209.89,215.75,219.97,221.55,222.89,230.00,232.60,239.52,246.78,250.39,256.07,263.03,271.03,276.68,280.17,284.32,287.54,282.71,283.07,275.28,268.96,263.03,254.17,253.88,246.13,240.38,231.31,226.42,221.93,213.82,209.57,198.46,190.25,183.36,176.08,160.64,151.08,139.62,132.23,120.42,106.68,92.18
135.96,150.81,157.10,167.11,179.98,187.28,191.60,199.49,201.80,205.27,208.87,214.68,216.62,220.23,221.62,227.22,233.95,239.83,244.97,246.59,256.18,263.60,270.19,275.26,279.49,282.29,282.96,280.67,281.40,276.03,272.55,263.23,257.38,251.51,245.12,241.75,234.39,226.02,220.80,214.67,205.79,200.24,188.77,181.79,174.15,162.52,152.20,140.93,129.00,116.90,108.06,94.34
133.60,145.67,154.04,164.83,172.81,181.14,185.99,193.00,193.38,200.41,203.49,205.83,208.97,211.48,213.79,221.78,223.14,232.02,235.69,239.64,246.47,254.62,260.38,263.91,270.70,273.03,275.00,271.01,271.81,267.38,264.61,254.79,249.73,246.53,241.01,234.79,227.61,223.14,216.90,209.06,203.33,195.06,186.59,178.47,169.67,158.05,149.62,139.61,128.89,116.04,103.81,91.59
127.88,139.62,146.63,156.42,163.95,172.05,176.71,182.27,184.95,189.50,193.66,196.73,199.25,200.03,202.87,210.30,211.25,218.08,221.84,227.15,233.24,242.19,249.07,251.56,256.76,260.73,264.05,258.54,260.92,254.95,253.02,246.64,239.72,238.88,231.31,225.58,220.07,215.00,209.77,201.68,194.74,189.17,180.92,173.25,165.05,154.46,145.12,133.66,122.78,112.07,99.98,88.96
123.69,135.69,143.84,151.92,158.71,167.76,171.84,178.06,181.02,184.70,188.14,191.64,194.59,194.66,196.65,202.61,207.41,213.60,216.39,219.54,226.29,235.93,242.01,244.82,249.58,255.50,255.83,252.00,254.12,250.45,246.13,240.31,233.63,232.94,225.75,221.42,214.58,210.83,204.95,198.73,193.20,184.44,178.08,170.18,162.37,150.16,142.30,131.50,119.71,110.32,97.27,86.40
131.91,145.66,153.03,164.37,171.84,180.42,185.65,188.02,191.67,195.30,201.47,205.20,204.71,208.90,212.13,218.50,220.78,225.32,231.42,235.59,243.32,251.46,257.75,262.88,268.78,273.18,275.52,272.31,271.97,266.81,262.61,258.54,250.54,244.56,240.26,235.79,228.60,223.79,218.44,210.74,204.38,194.18,186.94,177.65,171.33,157.71,147.71,137.31,126.75,117.48,103.58,90.43
132.85,146.34,155.64,164.94,172.70,181.18,185.44,190.60,193.26,196.25,202.03,204.94,208.01,210.66,213.38,217.59,223.08,227.41,233.65,236.02,245.45,253.15,257.78,263.84,268.13,275.00,276.81,273.77,271.71,268.16,264.68,259.83,252.30,248.62,242.67,236.58,229.11,224.10,217.04,212.02,204.60,198.00,188.67,181.89,174.05,159.30,149.89,138.85,127.91,116.28,104.40,92.42
132.02,145.34,155.13,164.75,171.40,179.32,184.04,189.01,192.28,195.75,201.09,204.00,207.68,209.38,212.94,215.54,221.51,226.49,232.26,234.73,244.11,250.74,255.98,262.61,266.26,272.93,274.61,272.01,270.35,266.13,263.06,258.38,250.99,246.66,241.11,235.14,228.04,221.60,217.41,211.57,204.09,196.84,186.95,180.41,172.68,158.11,149.01,137.06,127.48,114.93,103.77,90.70
129.00,142.44,151.92,160.53,167.72,176.07,180.68,187.11,189.62,193.20,197.74,201.79,204.12,206.83,209.40,214.01,220.51,224.24,230.36,233.05,242.61,248.28,254.23,261.26,266.54,271.09,274.87,271.03,270.12,266.81,263.50,257.10,250.89,247.76,240.48,235.05,226.92,221.82,214.85,209.75,203.58,196.56,187.13,178.39,172.26,156.21,146.49,135.57,124.45,112.81,102.04,87.66
121.70,134.48,142.44,151.60,158.32,165.22,169.12,174.86,176.57,181.22,185.41,188.85,191.38,193.22,196.31,200.45,205.77,209.38,216.09,218.83,227.07,232.38,239.15,245.07,248.68,252.96,256.40,253.60,252.22,249.65,246.55,241.66,234.41,231.42,224.98,219.69,213.05,206.07,201.53,196.00,190.07,183.67,175.00,167.30,160.01,146.01,137.31,126.38,116.52,105.99,95.67,82.54
134.54,148.07,154.47,164.84,171.82,180.31,185.35,190.72,194.43,199.48,201.85,207.18,207.76,210.38,212.71,219.02,222.28,230.47,234.93,239.84,247.03,254.34,262.29,265.94,271.04,273.56,278.30,275.18,275.54,271.52,267.42,262.65,252.96,250.94,243.82,239.20,234.70,227.43,221.71,212.35,206.49,196.35,189.24,182.86,173.97,161.90,151.33,138.65,126.40,117.44,102.49,90.35
120.30,131.03,138.06,147.76,153.44,162.03,166.38,172.43,174.00,178.02,181.50,185.17,187.86,189.99,190.38,197.57,201.43,206.61,212.43,218.55,221.38,228.28,235.69,241.50,244.66,248.36,252.97,250.57,251.75,246.06,242.43,236.48,229.83,228.65,220.79,215.93,209.85,205.28,200.12,194.26,187.11,177.63,173.08,164.15,157.00,143.13,133.70,122.58,115.49,104.81,93.17,81.54
134.85,147.51,157.00,167.45,173.48,181.86,186.60,192.51,196.58,200.00,203.74,207.24,210.92,213.30,214.52,220.04,226.15,230.26,237.50,240.83,250.06,254.18,264.15,269.25,274.12,278.22,281.62,277.65,276.74,274.69,271.74,263.69,257.97,252.83,247.52,242.40,235.34,230.05,224.18,216.13,206.96,200.03,190.39,182.48,175.35,161.90,150.76,139.26,129.32,116.66,102.79,91.05
131.95,147.98,158.86,167.82,176.03,184.68,190.26,193.79,196.70,200.41,206.20,210.02,212.64,215.95,218.50,223.13,228.44,235.36,240.83,244.20,254.02,260.16,266.18,272.88,277.43,284.82,287.85,284.27,281.82,279.29,273.80,268.47,262.35,257.26,250.93,243.94,235.87,230.26,223.57,218.48,210.24,203.69,194.36,184.84,178.34,161.64,153.65,141.91,129.25,117.78,106.79,91.29
131.03,146.03,156.01,165.53,173.53,181.18,187.32,190.06,193.89,197.06,202.23,208.08,209.82,212.80,214.98,222.62,226.31,230.87,237.74,242.05,250.41,255.67,263.84,270.65,274.64,279.03,282.88,279.35,277.63,274.45,269.24,262.73,257.49,254.91,247.12,242.74,233.48,227.04,221.55,214.68,209.38,198.67,193.74,183.36,174.23,161.64,148.11,139.32,127.95,117.34,105.04,89.74
132.50,146.39,156.17,165.51,173.17,181.16,185.70,190.07,194.49,198.15,202.43,206.21,208.78,211.44,213.76,217.57,223.28,228.58,235.83,238.42,246.00,254.49,260.02,265.15,270.42,277.13,279.43,276.74,274.61,271.49,267.92,262.76,253.48,250.20,244.39,238.21,231.31,224.13,217.59,212.45,204.28,198.12,187.00,181.11,173.42,156.85,147.65,137.31,126.59,113.72,104.24,90.14
137.12,151.48,159.46,168.87,177.00,184.05,188.67,192.23,197.99,201.81,207.24,208.81,211.01,212.61,216.36,220.51,229.98,231.01,237.59,240.96,249.24,256.72,264.92,270.19,274.82,277.08,280.94,275.94,276.44,273.49,268.15,261.73,255.74,249.13,244.93,239.78,233.64,226.50,221.17,215.00,206.63,198.16,187.86,180.05,174.00,162.41,150.44,139.59,129.69,115.28,106.62,92.14
136.44,149.83,158.39,166.36,176.24,182.72,187.54,192.52,196.87,201.10,205.65,208.36,210.30,211.10,214.46,220.60,225.32,230.50,236.09,239.83,246.89,256.19,262.09,267.11,272.46,273.00,276.18,273.79,274.36,269.16,265.66,260.22,254.69,249.34,243.20,238.40,232.01,227.04,219.34,214.35,205.35,198.81,188.22,181.23,170.79,161.62,151.72,141.48,127.48,115.73,106.51,94.03
136.97,150.45,160.72,170.30,176.50,184.29,189.76,195.39,200.47,204.07,205.36,211.44,213.78,214.28,215.11,222.93,226.57,232.11,236.91,240.65,246.50,256.28,263.83,265.29,271.75,275.38,280.02,272.84,275.63,272.21,267.20,259.27,253.39,253.03,244.38,240.42,231.89,225.14,220.06,214.77,207.27,196.62,192.59,182.48,175.86,161.31,150.31,140.07,130.63,119.15,105.59,92.80
138.01,149.82,159.55,170.50,175.41,184.74,188.83,196.02,197.95,202.89,207.53,207.86,210.15,212.20,213.89,219.91,224.54,228.89,233.34,235.85,246.01,254.02,258.02,264.70,269.70,269.80,275.12,271.29,274.89,269.26,263.93,257.38,252.12,248.94,242.64,238.17,232.56,225.79,220.00,214.72,207.02,197.97,190.26,182.65,175.33,163.29,153.15,141.40,129.19,118.97,106.96,94.56
140.87,153.85,161.79,173.37,179.62,188.68,193.08,196.57,200.01,204.79,210.58,211.06,213.80,215.30,217.55,224.80,227.41,233.07,237.80,242.89,248.56,257.16,262.71,267.92,274.45,278.20,282.11,276.01,278.49,273.48,271.16,264.01,257.94,255.97,249.02,244.99,238.20,233.08,226.56,219.66,211.60,201.43,195.73,187.61,178.71,165.94,155.66,144.78,132.19,121.93,107.54,95.00
139.03,152.97,162.00,172.89,180.00,187.54,193.04,197.95,201.12,203.69,209.72,210.23,211.70,217.02,217.35,224.08,226.81,230.49,236.24,241.13,250.43,256.69,262.35,266.39,274.59,279.03,281.45,278.21,278.87,272.81,269.92,263.77,259.30,252.24,248.05,244.93,238.30,229.80,225.18,216.33,211.81,204.16,193.68,185.07,178.14,166.74,156.73,145.38,132.48,120.74,108.16,94.43
137.75,149.05,159.42,170.59,177.55,184.57,189.07,196.16,197.89,202.20,204.38,208.40,209.32,210.98,212.46,217.08,226.15,229.65,234.07,237.61,244.11,252.12,260.69,264.87,271.67,272.05,279.21,274.22,274.64,273.25,265.02,259.83,252.66,248.93,245.18,240.85,233.03,226.60,220.24,216.15,209.75,198.83,193.05,183.39,177.41,162.19,152.12,141.15,132.91,121.25,105.69,93.06
138.45,151.27,161.28,169.45,178.19,186.17,188.68,195.25,197.23,202.47,207.97,207.51,210.05,213.02,214.83,222.27,225.72,231.51,235.79,240.10,246.63,256.31,262.09,268.84,274.96,274.90,278.92,278.30,278.69,272.75,271.59,264.49,257.86,253.16,247.07,242.62,236.25,232.31,224.35,218.49,210.95,202.20,193.49,184.17,177.75,167.76,154.94,145.04,130.92,121.49,109.38,95.04
127.78,139.81,148.92,158.49,164.40,172.74,177.56,183.98,185.61,189.26,190.52,195.82,199.48,200.25,203.96,208.08,214.53,221.05,225.21,229.38,234.08,244.10,250.19,256.22,261.08,264.78,268.37,263.42,267.93,262.49,257.72,254.02,246.24,242.24,237.84,232.56,226.64,219.06,212.94,207.93,201.56,192.11,182.62,177.20,168.51,156.60,146.09,134.83,123.99,113.18,102.26,90.24
128.27,139.22,148.11,157.20,162.54,172.01,173.76,180.06,183.36,188.86,193.37,194.49,196.96,200.14,203.42,210.05,214.23,220.24,224.13,228.33,236.09,246.78,250.80,255.52,261.85,265.44,270.43,266.03,268.75,263.45,258.80,251.77,245.05,242.55,236.71,232.04,224.32,219.83,212.12,207.37,200.19,192.34,183.48,177.56,167.43,155.80,146.01,135.03,124.02,111.43,102.94,90.05
115.87,126.40,136.62,142.62,148.84,155.42,160.25,168.44,169.61,174.04,176.41,182.16,182.44,183.84,185.97,192.11,198.25,205.24,209.50,210.06,216.60,226.61,231.19,235.85,240.44,246.22,248.48,244.05,245.28,241.46,238.45,231.08,224.56,222.91,218.36,211.22,205.55,199.62,195.13,188.32,181.86,174.66,166.93,162.37,152.74,140.94,133.63,123.66,114.21,103.79,94.09,83.24
117.69,129.25,136.47,145.00,152.35,161.25,164.60,169.17,172.10,176.82,179.20,184.74,187.36,187.38,192.57,197.57,202.48,207.87,212.68,214.69,222.15,230.49,237.22,242.44,246.79,247.82,250.89,249.33,249.16,245.94,242.46,236.73,228.81,224.85,220.18,214.11,208.94,203.42,197.77,192.35,185.32,178.10,167.72,163.00,154.51,144.47,136.53,124.62,115.75,104.20,95.02,83.77
110.00,120.07,132.23,141.91,152.61,164.21,171.72,182.47,189.51,197.23,206.05,209.30,216.06,220.69,224.06,230.98,237.59,243.30,246.83,251.18,256.22,262.77,266.07,272.96,274.72,273.22,274.24,271.60,269.81,261.19,255.49,248.36,241.62,234.04,229.51,225.38,219.43,216.01,208.89,203.04,197.71,193.05,184.74,180.74,173.77,167.92,160.46,150.00,141.51,133.21,124.78,111.16
129.10,142.21,152.54,162.25,169.19,177.80,184.17,191.02,193.54,198.09,201.47,206.49,207.87,208.68,210.19,216.67,222.50,228.06,232.03,235.31,242.59,251.08,258.81,262.43,265.65,269.36,273.78,268.57,267.64,265.20,259.72,253.48,247.20,243.82,238.43,233.03,226.95,218.66,214.44,209.12,202.28,192.84,186.82,180.35,171.77,160.58,150.75,138.25,128.97,119.85,105.54,92.40
108.23,121.25,128.84,142.79,151.61,161.93,171.74,182.58,189.77,196.16,204.27,208.66,215.06,218.83,221.88,229.84,237.50,240.52,248.58,249.95,255.20,262.21,267.17,269.49,273.25,273.39,275.75,271.05,266.79,261.96,257.42,249.33,240.41,236.22,230.78,226.37,219.02,214.25,209.16,205.00,198.72,191.13,185.85,180.01,174.24,167.00,159.06,149.00,141.40,131.65,121.80,110.32
115.73,133.45,147.20,151.17,158.20,159.89,172.43,177.73,178.23,182.22,187.00,188.35,190.83,192.27,192.59,200.57,202.87,207.61,214.27,213.94,220.58,228.63,236.07,237.69,242.54,246.17,249.87,245.10,244.66,242.87,236.99,231.01,225.02,222.74,218.55,212.71,206.02,201.92,197.27,193.15,186.94,177.90,171.84,167.50,161.34,149.58,141.00,129.65,122.61,112.06,100.22,87.82
132.61,145.21,153.21,164.54,173.11,180.62,185.44,189.45,191.26,194.47,200.66,203.02,205.55,208.14,210.89,218.43,219.75,223.65,227.98,234.01,238.37,248.65,254.20,257.62,264.52,267.82,270.30,267.38,269.28,260.85,257.03,253.05,245.81,241.92,236.32,233.14,227.04,222.31,217.08,209.01,203.00,196.35,188.40,181.75,174.52,165.08,155.01,143.29,134.27,122.41,112.09,98.25
133.14,146.37,156.25,164.76,173.77,180.68,187.11,190.06,193.01,196.16,199.75,202.48,205.68,206.70,208.78,214.98,219.53,223.62,228.63,231.77,237.19,245.78,255.13,258.21,262.45,265.77,269.98,267.53,266.69,263.59,258.12,252.52,246.29,244.52,238.00,234.03,226.00,222.50,216.39,211.48,204.38,198.85,189.08,183.33,176.14,166.21,157.28,145.77,134.81,124.91,114.21,99.16
134.41,147.98,157.78,166.82,175.11,182.72,188.53,193.00,195.04,198.60,202.80,205.55,207.85,210.06,212.23,215.60,221.11,225.57,231.03,233.38,241.92,249.32,255.10,261.01,264.71,270.99,273.53,271.31,270.74,266.55,262.01,257.26,249.63,247.34,240.41,235.80,228.33,222.70,218.22,214.00,207.52,201.66,192.13,186.59,178.27,166.21,157.97,145.99,136.57,125.00,113.78,99.46
121.26,133.93,143.01,152.64,159.11,165.95,168.76,177.79,178.51,181.55,183.13,188.05,190.54,191.31,192.39,196.92,203.18,208.63,212.21,215.56,221.33,230.79,235.60,239.91,245.54,249.58,252.87,248.57,249.69,246.48,243.40,235.10,230.44,228.60,222.32,217.86,212.44,207.97,202.70,198.18,191.00,183.07,176.64,171.23,163.37,152.61,144.78,133.30,124.84,114.79,102.49,90.05
133.06,146.15,155.62,165.05,171.84,180.94,185.92,192.11,192.26,197.50,200.37,203.73,206.83,205.50,207.01,214.01,219.86,224.29,228.55,232.23,239.48,247.99,255.34,259.46,262.83,269.78,271.90,265.66,265.40,262.12,258.04,251.29,245.54,242.40,237.92,230.33,224.88,219.05,213.47,208.78,201.68,189.28,186.10,176.82,170.19,159.30,147.87,137.32,129.12,119.47,103.71,90.44
113.53,125.94,133.42,145.42,155.44,165.95,173.08,182.89,186.55,191.86,201.46,205.08,210.24,212.61,218.05,221.20,226.50,231.16,234.78,237.55,238.48,244.60,249.30,252.05,256.07,252.72,253.12,251.60,246.78,242.17,236.21,230.08,221.38,214.22,209.31,205.85,200.39,193.98,188.53,183.11,177.55,173.05,166.31,159.53,153.70,148.00,141.03,132.00,124.02,116.93,105.99,97.08
123.91,137.36,143.14,154.21,159.81,167.03,169.43,176.66,176.31,179.72,179.95,184.78,187.26,187.24,186.60,192.96,197.22,203.74,207.00,209.07,214.67,221.69,228.04,233.81,237.66,242.39,246.00,241.50,244.17,240.25,235.59,229.49,224.76,221.46,217.04,214.18,204.79,199.42,195.00,189.97,185.01,175.15,170.47,163.36,155.19,142.59,133.15,124.20,116.81,105.99,93.65,82.73
123.07,135.99,146.01,157.31,167.59,179.39,186.07,197.31,201.19,209.77,212.08,220.91,227.02,227.67,229.11,236.89,241.02,247.40,249.57,251.88,252.49,258.54,262.62,263.78,266.92,268.78,266.27,257.56,257.49,253.31,247.52,239.25,232.55,228.84,222.62,215.39,208.43,202.25,197.89,192.51,187.52,179.74,175.57,168.13,161.70,154.15,146.82,137.13,130.38,123.17,113.22,103.00
129.28,144.00,153.11,163.60,178.14,187.04,191.19,202.16,207.07,213.93,223.57,226.23,233.14,234.42,236.09,241.42,245.25,249.90,252.69,256.43,256.46,262.49,266.63,268.54,272.20,269.53,268.38,264.02,262.05,255.56,251.31,242.84,235.26,228.60,225.18,217.64,213.19,207.28,203.02,194.16,188.66,182.54,174.96,171.29,163.25,156.92,149.01,141.40,133.06,124.34,116.04,105.85
125.30,139.23,147.87,159.14,172.03,182.78,187.78,200.44,204.82,211.52,218.00,221.38,228.74,231.68,233.66,238.21,241.25,248.28,250.23,254.03,255.69,260.28,262.38,266.18,267.05,268.03,264.78,260.55,261.28,252.11,250.05,240.64,230.22,227.67,222.79,217.12,210.44,207.28,201.70,192.34,189.69,181.11,175.60,171.42,161.60,156.32,148.14,140.72,132.23,123.00,115.55,105.42
124.33,137.93,150.00,158.14,170.56,179.98,188.09,200.04,203.90,211.40,214.58,222.27,228.85,228.74,230.87,235.57,240.83,247.63,250.17,250.60,253.03,257.73,263.47,265.16,266.56,267.99,267.07,259.73,257.11,253.57,244.24,236.88,229.59,226.51,224.51,216.84,209.29,205.29,197.41,193.91,190.42,180.36,175.35,169.54,163.53,154.72,147.22,138.96,133.14,123.76,114.14,104.04
123.89,137.80,146.76,158.67,170.99,181.21,190.13,198.30,203.77,211.53,216.09,221.62,227.75,229.84,232.69,238.30,240.52,246.34,250.05,251.45,255.03,258.47,263.53,264.62,268.60,268.78,266.05,260.65,258.75,253.62,247.52,239.35,232.96,228.18,223.52,216.52,211.26,207.30,200.48,191.80,189.26,182.13,176.47,169.61,162.53,157.71,150.27,140.07,133.54,123.07,114.24,104.74
123.46,136.34,146.37,156.73,168.22,178.34,186.04,195.98,200.86,207.95,211.00,218.16,223.71,222.87,225.52,230.96,238.29,240.39,245.54,244.73,245.36,251.08,256.04,255.82,258.52,261.08,259.51,253.12,250.71,247.63,239.26,232.73,226.74,223.52,218.33,213.18,205.04,200.45,194.37,192.42,187.54,178.62,174.60,167.73,161.45,152.54,146.58,136.56,131.24,124.81,111.20,100.22
126.25,140.12,150.01,160.11,171.06,182.39,188.90,201.14,202.06,210.30,214.67,218.40,222.05,226.14,228.04,233.09,236.89,242.39,243.19,244.56,244.03,250.94,255.81,257.75,258.41,258.61,259.08,254.07,252.36,247.26,243.21,235.65,228.98,226.24,221.52,216.47,210.45,205.78,199.12,195.24,191.64,182.22,177.02,172.41,165.76,157.18,150.85,142.23,134.38,127.12,115.28,105.30
127.68,140.91,149.51,162.98,171.42,182.91,190.21,200.41,202.55,209.75,215.08,219.05,223.22,225.98,229.33,235.41,240.29,246.35,246.25,247.88,247.81,253.13,257.45,258.98,264.71,262.09,263.42,259.05,257.34,250.91,247.23,241.05,233.68,231.01,224.59,222.75,215.42,211.04,205.50,199.81,194.83,187.13,181.59,175.41,169.96,162.83,154.04,144.84,138.71,130.97,117.55,107.00
115.39,126.67,136.17,147.22,156.73,166.69,174.64,184.20,185.61,194.09,196.33,203.03,209.39,210.09,211.49,217.96,222.10,228.33,230.36,230.03,233.21,239.79,244.97,246.74,251.16,252.07,252.21,246.84,247.34,242.67,238.29,229.03,224.72,224.15,216.34,213.27,206.83,200.06,196.01,193.87,189.53,178.06,174.96,168.24,162.54,153.47,143.84,136.56,131.59,123.48,111.65,101.64
120.74,132.38,140.60,150.37,161.47,175.57,180.85,190.21,195.13,199.25,201.02,205.57,210.61,213.59,218.05,222.27,224.59,230.41,233.80,235.85,236.60,242.24,246.43,248.71,253.05,256.32,255.99,250.73,250.19,245.20,241.35,236.13,228.83,227.53,220.31,215.96,209.17,205.41,201.64,195.66,190.70,182.89,179.20,173.10,167.60,157.00,150.34,141.03,134.18,128.16,114.98,104.69
126.51,142.06,152.09,160.25,170.42,179.81,187.39,198.31,204.27,209.15,216.93,220.15,223.89,226.53,228.18,234.65,238.38,242.61,245.18,250.24,251.24,256.53,263.21,265.01,269.45,271.49,271.36,266.83,263.21,262.29,256.24,250.45,244.71,241.81,234.10,227.26,223.62,217.25,213.23,207.00,202.09,194.64,189.17,182.28,174.66,168.65,160.35,150.08,141.69,132.85,122.19,111.13
120.54,135.18,141.78,154.46,165.25,175.15,180.29,189.97,192.04,198.39,204.61,207.39,211.62,215.20,218.44,223.66,224.93,229.37,232.56,238.08,238.60,245.17,249.02,253.81,258.99,257.51,258.94,255.29,256.33,250.25,246.42,239.77,235.03,230.01,223.89,221.02,216.07,211.99,205.70,197.31,194.52,188.77,180.35,174.35,169.10,163.27,155.08,145.40,137.24,129.28,120.10,109.20
121.33,134.01,143.27,154.31,165.15,175.10,181.62,191.00,194.18,198.49,204.60,207.42,215.13,217.06,217.25,224.02,227.50,232.56,236.26,239.37,240.96,246.91,251.15,256.07,261.20,258.37,260.97,257.60,259.56,251.80,251.88,241.17,237.79,230.36,224.29,220.64,216.26,212.60,206.69,200.56,197.67,188.61,183.04,176.85,171.01,162.80,155.93,147.51,139.59,130.65,121.66,109.48
121.85,134.06,143.18,155.67,164.92,177.00,182.50,190.71,193.55,201.43,205.83,210.84,215.18,219.15,218.36,225.42,229.82,235.36,238.10,240.28,241.85,247.97,253.19,257.53,261.45,262.68,264.66,260.20,260.54,254.68,251.77,245.94,237.88,234.89,227.71,224.32,219.18,214.73,210.80,203.21,198.91,190.00,183.10,178.68,173.22,165.00,155.93,148.05,140.66,134.17,120.67,110.14
122.07,137.32,143.09,156.26,167.00,176.05,183.22,193.19,193.84,201.85,207.62,211.48,217.15,218.74,219.86,226.46,230.20,236.97,238.03,241.92,243.65,249.02,255.71,261.08,263.71,265.24,267.64,261.96,262.88,258.61,253.87,248.21,240.97,237.84,231.81,226.37,219.58,213.58,208.54,206.55,200.35,191.23,186.68,181.75,174.32,165.42,157.32,149.49,142.43,133.36,121.66,111.83
84.31,97.31,103.58,111.87,118.68,130.77,135.15,144.10,147.79,152.88,158.15,162.27,163.87,167.73,170.42,172.63,172.03,178.02,179.57,181.71,184.91,187.32,187.52,191.78,191.84,190.39,189.31,186.17,182.04,174.81,173.57,167.44,156.60,153.58,147.56,144.06,140.13,137.80,131.50,125.32,123.49,119.67,113.46,110.77,106.51,103.04,101.08,95.80,89.68,84.17,84.31,76.11
118.43,131.64,141.32,153.06,162.05,172.39,176.62,189.50,192.63,197.80,204.80,207.87,213.76,215.62,218.63,225.80,227.85,234.89,236.80,241.02,243.10,250.06,255.64,258.99,263.23,263.06,266.65,259.66,260.46,258.05,251.59,244.64,238.56,236.28,227.61,224.27,219.83,213.58,209.24,202.55,197.80,189.77,182.04,176.14,171.40,162.54,153.06,144.35,138.32,128.41,117.15,106.02
122.04,135.35,143.50,154.87,166.43,174.59,182.04,191.47,196.06,201.25,208.06,210.76,216.30,216.90,218.08,224.93,229.62,234.18,238.54,239.71,242.74,249.69,254.45,258.18,263.80,265.89,268.41,261.95,262.27,259.56,252.72,248.93,242.24,239.01,231.23,227.20,222.35,217.47,211.07,204.48,200.49,191.23,186.25,180.10,174.29,165.89,157.99,148.68,140.23,130.39,119.54,108.76
116.50,129.62,141.83,152.19,160.85,170.80,177.55,188.10,192.77,198.91,201.69,209.61,214.90,215.80,217.00,223.57,229.02,234.70,236.92,239.38,242.91,249.62,254.37,258.99,263.39,264.07,266.66,262.55,262.38,257.45,252.92,246.14,241.40,239.85,233.08,226.81,219.86,214.53,208.39,204.41,201.47,188.16,185.00,179.30,171.64,161.77,154.30,143.59,136.69,130.38,117.15,105.99
105.95,117.80,124.81,134.97,145.50,154.03,159.51,170.21,174.43,178.03,185.33,188.53,192.90,196.98,199.61,203.59,209.25,214.45,218.33,219.02,224.15,232.73,235.37,239.89,244.24,245.39,249.16,246.45,244.77,241.85,238.32,231.40,225.68,221.31,214.84,211.99,205.73,204.83,197.34,191.65,185.01,180.27,173.05,165.22,161.05,154.31,144.52,135.19,126.59,119.42,110.05,98.74
109.81,121.40,131.32,142.02,150.85,161.01,167.57,176.82,180.29,186.12,192.50,196.31,203.74,203.00,207.23,212.43,217.87,222.43,227.09,229.87,232.80,242.26,248.21,250.00,254.62,256.84,261.81,255.54,256.28,253.49,248.47,245.25,237.77,234.80,229.40,224.16,218.06,213.71,207.18,204.84,197.41,188.14,184.17,176.88,169.55,162.24,153.71,144.40,137.21,127.58,114.95,104.81
106.45,118.44,127.49,136.19,145.99,155.71,162.23,172.41,174.77,180.68,188.80,192.21,198.11,199.61,202.25,210.12,217.27,221.01,227.75,230.08,233.42,242.76,248.85,252.62,258.75,260.29,263.86,259.24,261.03,257.77,252.40,247.16,238.88,236.68,227.62,223.29,218.23,214.89,210.11,202.56,197.88,189.65,184.36,177.60,169.92,161.97,155.86,144.40,138.45,125.63,116.40,104.81
108.50,122.04,131.49,140.81,150.62,159.78,165.68,180.28,183.13,187.49,193.35,197.80,204.20,206.65,209.77,214.87,221.39,227.17,233.00,233.69,241.50,247.94,256.54,258.57,263.29,267.92,272.89,267.23,267.60,266.54,259.79,255.13,248.60,246.45,240.02,233.00,227.71,223.01,216.63,213.95,208.29,197.25,193.87,187.10,180.36,169.64,162.41,151.48,144.31,135.07,121.71,110.89
101.98,114.91,124.91,136.01,145.56,154.78,159.46,171.83,177.72,181.99,188.45,193.57,199.92,201.12,204.36,210.30,218.41,223.39,231.70,230.96,238.87,247.99,254.56,259.62,262.19,268.75,273.24,266.20,267.46,265.63,260.25,254.33,247.15,246.52,239.88,231.52,226.35,221.46,216.67,210.84,205.77,193.20,193.00,185.33,178.08,165.61,157.54,145.96,140.73,131.75,117.05,106.51
101.65,111.65,121.64,132.28,141.33,150.47,157.33,168.39,172.04,179.01,184.00,191.48,197.59,198.73,200.96,207.40,216.11,221.08,231.09,232.04,239.87,245.07,253.06,259.17,263.83,268.83,270.19,267.25,266.91,268.49,260.28,253.81,246.03,246.56,240.47,237.54,228.53,221.90,218.05,212.62,207.87,198.54,192.50,184.30,178.90,165.30,158.66,149.05,141.40,129.63,121.26,107.71
109.66,121.20,131.32,140.43,152.80,163.98,168.58,177.59,180.48,189.53,195.44,201.25,204.57,210.64,216.51,221.45,224.32,232.08,239.53,243.58,251.64,260.82,267.06,272.05,279.44,282.45,285.46,283.98,283.78,279.66,277.35,268.31,263.50,260.97,253.16,246.26,241.81,236.48,230.36,222.20,217.52,208.08,201.08,192.75,185.61,175.41,168.07,156.40,147.63,136.93,125.04,112.27
107.47,119.01,129.56,138.31,148.07,155.16,165.08,174.90,177.65,186.03,190.00,199.15,202.59,206.41,209.61,215.08,223.61,228.18,239.70,240.39,246.59,254.62,263.06,269.90,273.22,279.72,284.02,280.49,277.52,278.88,272.98,266.58,258.12,259.08,250.13,246.13,237.47,231.62,226.40,221.14,214.57,204.63,197.99,192.28,183.21,170.06,164.00,152.35,143.03,119.75,114.93,106.68
106.89,117.00,128.02,136.97,147.79,158.40,163.37,173.68,176.82,181.60,191.13,193.94,201.16,204.41,209.35,216.33,221.92,226.63,234.69,237.95,245.12,254.88,261.85,268.03,273.41,276.32,281.96,278.92,277.87,275.48,272.72,266.34,258.75,256.33,249.78,242.54,236.24,233.35,225.40,219.92,212.44,204.66,197.52,190.03,183.86,171.19,162.25,152.27,142.39,133.36,120.78,109.02
106.22,117.69,127.06,137.06,145.25,151.72,161.28,171.83,177.49,183.41,187.67,193.66,200.41,202.95,204.38,212.08,220.91,222.87,234.36,233.94,241.75,250.71,259.72,262.37,269.64,273.05,281.44,275.41,272.92,273.07,266.66,262.10,255.62,255.38,247.88,240.83,233.95,228.23,220.51,218.28,211.80,200.77,196.85,187.38,179.72,168.51,159.06,148.00,141.51,132.46,118.07,106.47
109.04,118.51,128.89,137.10,148.66,158.22,162.59,172.41,176.67,181.32,189.26,192.59,197.95,205.04,206.52,211.53,220.05,226.07,234.92,237.26,243.87,253.10,261.28,266.06,274.32,277.60,279.64,279.96,277.28,275.75,271.27,267.75,258.94,254.13,247.94,243.02,237.55,233.26,224.74,219.69,211.95,203.50,197.74,188.43,181.34,170.63,161.90,151.74,140.58,131.02,121.15,107.63
105.26,116.16,125.87,136.18,146.45,154.18,159.06,170.95,173.30,178.73,186.68,190.54,196.36,198.95,202.67,209.40,215.37,220.64,227.50,231.23,236.88,247.63,253.39,258.12,265.65,270.41,275.29,273.13,270.42,269.55,265.37,261.22,254.13,251.03,244.36,239.93,233.77,228.08,221.29,215.82,211.15,200.26,195.30,186.63,177.89,168.34,159.41,149.40,140.58,130.14,119.44,107.17
100.18,110.45,119.11,127.31,136.36,146.70,149.48,162.34,166.42,172.26,181.20,185.17,193.40,194.99,197.19,204.73,211.90,218.01,223.75,227.95,235.23,240.84,249.39,253.24,259.99,263.49,269.23,267.92,266.19,262.79,260.23,253.21,246.17,245.05,240.24,234.96,228.45,222.28,212.71,205.35,197.70,189.86,185.27,178.47,171.49,160.35,154.77,142.13,134.63,124.26,114.98,102.34
103.08,112.06,123.56,131.10,139.36,149.25,154.74,165.02,167.72,174.73,177.91,182.54,190.21,192.44,197.23,202.30,208.00,213.69,220.93,223.44,231.77,240.35,248.52,252.05,259.31,263.77,269.76,266.61,266.33,265.38,261.40,256.85,250.67,248.01,241.82,235.36,229.94,226.36,219.23,211.37,206.64,198.32,192.04,185.15,176.71,166.59,157.54,146.24,139.46,130.00,116.28,105.51
100.57,112.31,120.02,130.00,139.39,148.48,152.84,163.64,166.21,171.75,178.01,181.89,188.35,190.83,195.50,201.36,208.17,214.87,220.72,223.89,230.59,240.92,247.70,254.95,259.86,262.56,266.56,266.18,265.84,264.49,261.87,255.49,249.83,246.79,240.21,236.21,230.18,223.65,217.75,212.62,205.57,198.02,192.77,183.36,176.14,163.92,157.06,145.34,138.84,126.10,117.69,105.48
94.02,105.48,115.43,123.15,128.95,138.71,146.71,157.51,160.65,167.17,170.49,176.14,182.58,184.07,188.22,193.21,201.95,207.80,216.02,217.09,223.43,231.82,241.17,245.60,249.56,255.98,263.15,257.95,256.74,258.54,252.72,248.65,242.53,241.37,234.31,226.59,223.18,216.33,210.32,206.24,201.90,191.31,185.61,176.82,170.50,159.67,151.82,141.06,134.35,125.20,112.80,100.69
88.46,98.08,106.40,114.39,122.98,130.39,138.19,148.95,153.95,159.26,164.28,169.43,177.34,178.76,182.18,188.47,197.85,203.66,210.02,211.61,220.59,226.99,235.93,240.26,245.74,251.64,257.41,253.62,254.13,252.77,248.57,244.40,235.92,236.91,228.12,224.40,215.08,211.98,206.48,200.96,197.00,185.07,181.84,174.00,165.72,154.46,145.50,137.00,128.71,120.25,109.93,98.31
99.02,109.93,116.10,125.30,136.42,146.51,152.86,163.00,166.21,173.74,179.63,183.00,192.11,194.02,199.45,206.89,214.26,218.49,225.57,230.22,238.84,250.14,257.38,263.76,271.97,274.59,283.35,282.72,282.30,279.12,275.05,269.98,264.24,259.83,253.14,250.55,240.26,235.51,228.43,222.50,215.93,206.00,199.46,190.79,181.95,171.19,163.49,151.27,143.09,133.42,121.59,107.94
94.83,106.15,112.92,123.49,132.22,142.78,150.01,157.97,160.08,168.57,174.89,177.72,186.10,190.44,194.03,201.56,206.13,214.72,219.66,224.96,233.05,243.51,249.65,257.03,265.98,269.81,275.63,273.39,276.01,272.37,268.56,264.76,256.16,253.02,244.81,242.14,234.05,232.05,222.65,214.25,210.21,200.26,191.97,184.27,175.93,166.51,158.47,145.60,138.00,127.20,116.25,106.21
97.41,107.20,117.20,125.54,134.09,144.59,151.61,162.86,169.00,175.09,178.55,186.30,194.14,193.77,196.96,207.06,212.98,220.66,226.75,231.01,240.47,249.21,258.66,264.09,271.01,277.32,283.73,279.24,279.31,279.08,274.12,268.48,262.95,258.72,253.39,249.28,238.61,233.40,227.55,221.37,213.93,204.06,198.92,188.83,180.42,168.24,159.31,146.89,139.54,131.59,117.83,106.73
94.30,106.04,112.16,122.49,131.69,142.08,148.22,156.98,162.52,168.07,174.60,178.46,187.78,191.00,193.98,201.20,206.64,214.60,219.25,223.71,232.42,242.39,250.78,258.19,263.87,268.54,273.12,272.17,272.59,269.46,265.70,261.84,253.97,249.90,244.19,238.73,232.55,227.07,220.12,212.60,206.40,198.81,191.86,183.17,173.76,162.19,154.21,142.95,135.37,124.34,113.60,103.32
90.35,101.02,107.80,118.60,125.92,134.16,143.22,152.07,155.57,162.43,166.37,173.22,178.40,180.35,183.41,190.66,199.25,205.06,212.43,213.32,222.04,231.48,240.50,244.49,250.23,255.85,260.23,257.45,256.67,256.02,250.32,246.85,238.90,237.05,232.60,228.18,218.00,212.36,204.79,202.41,196.02,187.07,180.89,170.47,163.36,149.86,143.27,132.64,127.02,117.32,107.81,95.27
95.43,107.84,113.90,123.89,132.67,139.90,142.23,152.98,154.81,163.03,168.08,170.95,176.80,180.76,187.09,193.09,196.94,201.44,208.60,212.85,221.01,226.77,236.32,240.42,247.48,247.68,253.94,250.39,250.42,246.89,245.36,239.35,233.26,229.63,222.38,217.18,211.48,207.79,201.64,193.81,188.32,182.62,174.42,166.58,160.53,148.28,141.03,129.87,121.70,113.25,103.10,92.40
131.38,145.56,152.64,161.34,169.94,177.34,180.94,187.38,189.34,193.40,192.04,198.88,201.76,201.00,203.87,211.03,214.24,220.34,225.08,226.60,234.40,241.45,248.24,253.06,257.79,263.04,268.00,261.00,262.91,259.42,252.60,248.51,241.75,241.51,232.65,229.31,221.93,217.11,213.14,206.00,201.85,190.79,187.78,178.68,172.05,158.81,151.09,141.16,132.38,121.75,109.29,98.23
129.31,143.27,150.33,160.52,165.42,175.41,179.00,186.27,187.88,191.85,192.00,196.70,199.94,200.01,201.82,206.83,208.87,217.19,221.98,224.18,231.11,239.00,244.46,248.65,253.65,260.00,262.39,255.52,255.23,252.44,248.28,244.08,237.67,238.21,230.08,226.15,217.79,212.29,210.42,204.08,197.99,187.54,184.77,177.41,171.21,157.15,148.66,138.65,130.11,119.88,104.94,93.74
130.10,141.38,147.87,159.20,167.14,174.73,180.85,184.62,185.85,189.64,193.40,194.00,196.98,200.36,202.25,207.29,208.89,215.41,220.23,223.43,230.78,237.66,243.71,249.19,253.24,257.53,258.45,255.98,254.34,248.71,246.83,241.91,236.33,232.04,226.60,224.02,216.69,212.04,208.73,200.02,195.18,188.53,181.04,173.14,166.63,157.14,149.72,137.53,127.06,115.43,106.83,94.58
133.28,145.99,153.39,163.25,171.86,179.25,183.14,188.10,188.56,193.40,197.08,200.48,200.96,204.41,206.90,209.68,213.70,221.38,223.57,229.92,236.08,240.61,248.05,252.42,256.09,264.09,266.18,259.65,260.66,254.19,251.02,245.20,240.42,235.36,229.69,224.76,220.17,214.83,212.08,202.23,199.30,189.47,185.22,176.80,168.24,156.16,148.93,138.71,128.00,117.24,106.21,94.20
135.80,147.87,158.43,167.19,176.91,183.81,190.54,196.82,198.88,203.12,204.68,207.63,212.85,210.21,212.41,217.35,221.98,226.72,233.24,232.96,240.23,247.75,254.52,258.90,262.71,268.09,271.41,266.01,266.58,264.87,257.01,252.01,244.37,246.42,237.69,234.05,225.76,221.92,217.71,211.06,204.02,194.12,189.28,180.41,172.63,159.00,151.83,140.55,132.23,120.57,106.96,93.09
133.69,147.14,157.29,166.59,173.61,182.65,187.45,194.47,196.33,200.01,201.72,204.83,205.46,206.30,206.01,213.22,218.22,223.75,226.01,226.38,234.80,241.62,249.04,251.59,255.97,262.88,264.21,258.19,258.28,258.52,252.42,247.41,239.64,240.35,232.36,229.03,219.83,215.70,210.84,205.57,199.28,191.09,185.54,177.19,169.81,154.83,148.68,138.06,128.06,119.08,104.66,91.79
133.30,147.11,154.55,163.82,172.35,178.90,186.45,191.11,193.40,195.90,196.84,201.56,204.24,203.27,203.16,208.89,213.69,219.10,222.50,222.85,228.43,237.84,243.26,246.73,251.56,257.64,260.02,253.31,253.18,252.03,247.89,242.30,234.83,236.78,228.97,226.15,217.37,213.02,207.88,201.90,196.21,188.18,183.44,173.99,168.12,152.78,146.32,134.81,126.66,116.73,102.26,89.56
132.38,146.70,156.31,164.15,171.42,179.87,184.72,190.54,190.67,193.01,196.70,198.24,203.00,201.10,201.12,206.70,209.12,214.95,218.22,221.14,225.75,235.36,240.35,244.23,249.66,253.90,253.03,250.78,251.00,247.55,244.75,240.33,233.77,230.77,226.63,222.44,215.03,210.47,204.94,199.46,194.67,186.45,179.01,171.00,163.51,151.21,144.47,133.38,123.49,112.89,103.00,89.84
138.71,152.31,159.15,168.30,179.01,188.48,191.11,195.78,198.06,200.00,202.05,204.36,207.23,207.76,208.78,211.73,217.11,220.77,225.02,225.74,231.31,239.04,246.08,249.02,254.92,258.94,262.01,256.89,257.24,254.88,251.03,244.86,240.14,238.44,232.03,228.04,220.08,216.32,211.34,204.32,199.49,191.92,182.95,175.85,168.36,157.63,149.20,137.30,127.19,115.95,105.00,93.23
126.87,139.18,144.80,155.71,165.25,172.03,178.35,183.37,184.84,188.04,192.09,194.12,195.78,197.80,199.54,204.57,209.01,212.72,218.25,220.84,225.85,232.36,239.03,242.99,247.46,250.23,250.45,246.68,246.01,242.32,239.27,233.81,224.80,221.22,212.34,210.72,202.92,197.39,193.60,186.27,178.91,172.97,163.78,156.21,149.62,136.07,130.54,119.87,108.98,98.11,91.78,80.50
138.29,153.46,160.75,170.84,180.40,186.89,189.99,194.59,195.50,195.13,200.08,202.47,204.25,204.50,204.60,211.57,214.70,218.66,222.12,221.88,226.46,238.82,242.54,244.29,249.56,253.10,253.88,251.25,252.68,248.70,247.82,239.38,236.93,232.70,225.08,224.02,216.83,215.06,209.91,202.28,195.82,191.04,181.71,173.95,165.20,155.42,149.31,140.04,126.92,114.93,105.38,93.91
124.34,136.94,145.50,152.62,164.03,171.82,175.15,181.89,184.88,186.72,191.70,192.39,195.72,196.02,198.12,202.25,207.02,210.84,214.40,218.71,223.57,231.58,236.55,240.01,245.35,246.91,248.36,244.66,243.85,241.60,237.54,231.70,221.42,220.71,213.08,208.31,202.41,197.20,191.63,185.00,178.49,172.82,163.69,154.33,146.81,134.83,128.71,118.34,109.66,97.95,87.69,75.29
134.73,147.46,156.21,166.01,174.18,184.14,187.68,196.01,196.54,199.28,203.49,205.93,207.28,205.70,204.97,210.89,216.62,220.66,222.62,224.08,226.07,233.48,239.87,243.48,246.85,252.45,255.49,248.85,248.45,249.06,243.85,237.29,230.99,233.21,225.50,222.52,213.85,210.85,204.84,199.44,192.96,186.07,181.04,171.49,164.23,152.30,143.93,133.72,124.20,113.11,101.24,88.23
127.35,141.83,148.01,157.20,167.71,176.08,181.96,188.05,193.83,194.28,199.42,201.10,205.23,202.77,203.86,208.87,212.56,218.18,220.06,221.27,223.90,232.88,238.81,239.93,244.17,248.64,250.40,243.30,243.67,243.99,237.78,230.49,222.83,223.83,216.02,210.61,203.80,198.09,194.37,188.32,182.32,174.04,170.21,160.56,154.28,140.29,134.83,120.93,116.04,105.19,94.83,81.01
128.55,137.12,145.96,154.56,167.31,173.57,179.29,187.38,187.45,192.82,196.01,198.76,200.69,202.28,204.27,209.04,210.54,215.74,218.41,220.06,223.38,230.05,232.48,237.55,241.36,244.72,245.49,241.01,238.90,237.19,234.83,224.72,218.33,217.91,208.86,206.12,200.81,194.16,190.38,181.03,177.59,169.85,163.11,156.32,149.05,139.52,133.54,121.26,111.07,103.41,92.62,83.76
140.03,151.48,162.74,173.91,183.97,189.76,200.03,204.61,210.20,211.83,216.28,217.33,221.24,221.35,221.89,226.49,229.71,232.46,237.19,237.76,241.65,248.56,254.14,257.26,259.48,261.84,261.47,257.42,257.19,255.15,250.45,243.02,234.78,231.48,225.80,218.52,213.38,207.89,202.05,196.73,189.02,183.86,174.54,164.79,156.78,149.00,140.25,128.47,119.97,109.93,101.02,86.68
90.55,101.20,107.54,116.78,129.25,136.89,142.51,152.32,156.27,161.90,170.14,173.65,180.88,186.34,189.99,196.60,205.64,210.30,218.11,220.66,229.65,238.30,245.08,249.51,256.43,256.88,259.92,258.12,254.33,253.95,247.73,242.68,233.82,229.32,222.43,218.40,213.19,208.49,202.47,196.21,188.99,183.81,173.77,168.05,159.89,148.66,141.74,130.92,123.20,110.42,104.32,94.05
85.70,97.32,106.10,115.38,122.07,131.32,137.30,149.16,152.27,159.89,165.15,171.13,179.20,181.82,185.95,194.31,200.59,209.75,216.60,219.24,227.55,236.28,243.58,249.06,253.27,259.62,262.07,257.38,256.22,254.03,248.24,243.66,234.36,234.17,225.58,219.43,212.16,205.63,200.81,194.81,189.90,179.81,175.45,166.33,159.25,144.97,136.97,127.57,120.07,112.36,101.40,90.96
89.50,100.81,106.68,120.10,129.65,138.06,142.95,157.87,156.85,163.03,172.12,174.48,181.57,187.04,193.04,200.69,206.42,213.82,220.22,226.75,234.09,244.23,250.57,258.04,263.87,264.94,270.82,267.37,266.60,261.00,258.52,250.49,242.16,238.53,231.48,225.84,220.78,215.08,208.60,201.42,196.16,189.01,180.07,171.41,163.03,151.60,141.99,132.40,124.33,114.02,106.02,93.74
92.66,112.93,118.98,133.22,143.10,142.28,160.26,163.98,171.71,178.14,180.21,185.61,193.51,202.15,205.00,205.12,213.77,223.34,227.30,233.45,240.53,251.41,257.11,263.59,271.04,270.84,274.00,276.22,271.90,268.70,265.70,258.95,251.86,247.68,240.03,234.31,228.01,224.66,217.08,208.63,201.06,197.16,186.57,178.89,172.59,159.81,150.10,140.43,130.97,119.57,108.50,98.01
92.40,102.83,115.52,120.78,132.23,143.00,147.30,156.92,162.12,166.98,173.28,178.34,185.30,186.36,193.68,193.38,201.40,206.71,213.06,219.94,221.72,232.82,240.60,245.65,253.07,255.91,260.32,258.59,252.69,251.10,247.05,241.51,235.42,231.89,225.08,221.92,213.94,209.77,199.81,195.74,190.55,183.17,174.32,166.72,160.80,146.00,140.00,130.80,120.21,109.93,101.04,91.59
97.02,109.29,117.34,129.56,138.83,151.21,153.47,166.64,169.50,176.40,179.27,183.70,190.18,193.88,200.08,205.54,210.60,216.91,224.16,228.09,235.77,246.13,251.98,258.71,266.18,267.06,268.78,269.31,270.07,265.00,263.21,256.55,247.46,245.02,235.77,231.37,224.08,218.33,213.59,206.30,200.38,192.26,181.60,174.84,166.72,151.40,145.41,135.07,123.98,115.21,105.95,93.72
134.71,149.24,160.33,171.01,179.57,190.37,194.10,205.00,207.87,213.19,215.60,221.23,225.28,224.93,227.27,231.56,236.54,242.29,246.13,245.35,248.47,254.57,257.78,262.50,267.46,270.41,271.12,267.38,265.23,264.71,258.68,252.05,245.22,247.48,241.12,236.50,228.55,222.65,219.23,217.04,208.66,200.30,192.87,184.53,179.01,164.13,158.46,144.92,137.77,127.06,115.28,100.30
123.84,136.30,146.34,156.08,165.76,172.89,181.04,189.61,192.04,199.32,202.06,207.14,210.00,210.80,214.11,217.39,223.62,227.75,233.03,230.79,236.46,242.99,246.33,249.02,253.45,257.44,257.86,252.98,253.95,250.01,246.08,239.95,234.44,235.31,229.00,225.26,218.19,213.55,210.54,205.43,200.34,192.44,186.45,178.14,173.00,158.94,152.32,142.02,134.24,123.56,111.68,98.62
123.43,136.85,143.50,154.03,163.05,173.42,178.54,185.54,189.38,195.04,198.40,204.16,206.52,209.48,212.42,214.69,221.53,223.91,228.99,230.20,234.76,238.03,243.40,249.11,251.64,254.09,256.27,254.52,251.64,248.57,246.98,242.03,237.69,235.21,231.39,226.88,221.49,215.72,212.87,208.86,203.04,195.87,189.21,181.11,176.24,162.10,154.92,147.41,137.06,126.00,116.87,102.53
122.64,135.48,143.84,153.08,162.20,173.25,177.99,184.57,189.10,195.43,200.06,204.12,205.77,210.49,212.42,218.50,219.74,226.01,230.34,230.87,235.24,241.12,245.73,249.19,253.24,254.47,255.99,255.64,255.63,249.20,249.51,243.81,240.34,237.74,233.21,230.59,227.02,221.05,215.71,212.02,207.69,202.48,193.08,185.93,180.62,169.31,162.48,153.01,142.13,131.55,121.38,109.18
122.49,135.16,145.34,154.40,162.86,173.00,176.53,187.11,188.72,195.35,197.65,204.28,204.96,208.12,211.26,214.44,220.06,225.61,227.63,228.43,231.01,236.08,239.84,245.08,246.46,248.49,250.14,245.00,249.15,245.55,246.56,237.41,234.94,237.56,230.08,226.77,222.80,220.47,218.51,214.35,210.95,202.80,197.80,189.78,184.46,173.54,166.17,157.00,146.97,137.93,126.05,111.83
122.04,135.80,145.88,156.12,162.93,171.60,179.20,186.78,190.54,196.06,200.23,205.06,206.42,208.87,212.15,214.70,218.36,222.40,226.68,226.00,229.49,233.81,239.27,241.25,243.79,247.61,246.09,244.75,243.52,241.01,240.65,235.76,234.18,232.56,229.08,228.43,222.65,219.06,218.01,212.31,209.15,202.63,195.92,188.66,184.98,174.40,165.60,158.24,148.08,137.57,127.41,113.72
122.70,135.79,147.26,155.05,163.37,173.97,179.77,189.43,194.28,199.49,202.07,209.06,212.53,213.18,215.59,218.12,223.19,228.87,230.29,231.87,233.14,238.32,243.08,245.10,246.34,249.58,250.42,244.71,245.28,243.48,240.24,235.55,231.58,235.59,228.78,229.08,224.72,220.23,219.64,215.06,210.30,200.96,196.65,189.77,187.40,174.41,166.34,156.20,148.92,137.23,124.79,113.17
125.40,138.13,146.70,155.54,166.69,176.96,180.24,187.46,192.46,197.37,202.23,205.78,209.77,211.62,215.08,215.62,221.00,223.08,227.44,230.22,230.96,236.58,241.51,246.14,246.83,249.15,250.11,248.56,249.02,244.23,241.83,238.30,234.71,237.19,234.01,231.82,225.64,224.02,221.45,215.19,212.36,207.76,199.80,192.59,189.02,177.46,171.92,161.64,151.34,139.03,131.23,115.62
119.50,132.23,141.06,153.21,159.86,169.96,175.51,182.83,187.02,191.60,194.49,200.57,201.73,204.56,207.23,210.72,214.08,218.52,218.55,222.75,226.37,230.26,234.97,238.66,240.98,245.69,245.97,244.24,245.45,239.27,240.38,236.30,233.32,233.48,228.78,228.88,224.76,221.07,218.50,215.18,211.27,203.54,197.31,189.69,185.24,174.94,168.24,158.04,146.33,138.01,126.21,113.22
113.45,127.48,136.94,144.81,151.01,161.42,165.72,175.82,179.74,184.29,187.77,191.27,193.75,195.78,198.04,200.23,205.10,209.61,213.14,212.23,215.75,219.59,227.11,227.79,231.87,235.78,236.28,234.10,235.03,233.27,232.26,226.77,226.21,229.87,223.67,221.93,215.23,211.70,209.46,207.51,202.62,194.91,192.28,184.05,178.10,166.53,161.20,151.71,143.13,134.41,122.15,107.91
121.24,133.30,141.32,151.00,160.01,170.60,174.84,182.27,184.61,191.15,192.46,198.65,198.60,200.64,203.86,207.47,209.83,214.98,215.56,219.26,221.68,225.06,230.79,235.19,236.32,238.21,241.40,238.60,241.48,234.40,237.89,233.26,232.73,232.67,228.11,225.50,223.44,217.89,218.33,211.78,208.60,203.54,195.92,191.37,185.61,175.33,169.37,159.08,146.78,138.68,128.80,113.36
123.47,138.00,148.53,157.46,164.56,176.24,181.34,191.00,191.17,197.59,200.24,205.91,206.62,207.89,208.85,212.28,216.19,223.16,224.18,223.22,225.94,230.34,236.13,237.32,240.25,241.09,245.42,241.96,245.07,240.67,240.07,233.75,233.14,235.37,232.73,231.71,226.27,221.64,221.28,219.10,216.18,207.12,203.03,196.94,190.90,180.24,171.97,164.26,154.93,146.32,132.61,118.53
122.59,135.48,147.05,155.91,163.25,172.86,178.93,187.42,188.72,195.21,196.40,203.09,203.96,204.42,205.80,209.30,214.22,217.22,218.71,218.63,220.24,223.64,229.51,232.04,230.49,235.77,239.30,234.80,235.36,233.28,236.18,230.36,228.65,230.50,227.26,226.32,221.38,220.12,216.36,214.87,210.71,203.69,200.64,194.58,188.88,177.79,174.64,164.76,154.02,142.87,132.98,119.85
120.17,136.03,140.94,150.03,160.08,166.42,174.54,181.22,184.94,188.28,188.45,194.49,196.90,195.94,198.71,201.84,203.05,208.54,208.57,212.08,212.55,216.01,218.87,223.01,222.25,225.30,223.62,219.74,223.89,220.23,222.52,218.51,217.81,220.29,215.54,215.03,212.85,210.88,209.70,205.68,204.20,198.16,192.44,186.45,182.22,175.76,168.44,161.19,148.03,142.44,130.12,117.75
121.61,135.15,141.88,151.17,160.33,170.02,176.92,183.21,183.88,188.66,192.38,195.54,196.94,199.42,198.91,203.20,206.74,207.76,209.30,208.25,209.47,211.29,214.61,217.00,217.70,219.66,219.71,217.79,219.42,218.34,217.59,216.67,215.52,219.16,215.13,215.20,212.88,210.21,210.12,205.19,202.36,200.61,193.35,188.61,183.39,176.78,170.53,161.06,150.21,140.19,131.21,118.60
122.77,136.06,143.78,154.90,162.31,172.10,177.41,184.17,186.97,190.00,197.34,199.16,199.12,201.96,203.23,205.29,208.00,212.08,212.85,211.38,208.87,210.20,213.04,214.89,215.41,218.04,218.89,214.01,217.38,214.22,217.83,213.60,213.19,214.95,211.00,213.12,209.06,206.01,206.37,202.41,197.09,195.50,189.75,182.88,176.78,172.70,165.89,157.00,147.71,138.23,128.81,116.18
116.91,129.25,139.52,147.63,155.24,164.68,170.86,178.01,177.29,185.08,186.85,191.31,192.52,193.60,193.66,198.12,199.96,202.94,203.86,200.86,201.22,204.83,206.71,207.23,208.81,210.04,206.89,208.60,208.54,205.68,206.00,202.78,199.40,202.56,198.76,199.04,198.15,196.49,193.77,190.77,185.54,183.13,176.46,173.10,168.22,161.20,154.81,147.56,139.27,131.04,122.92,106.47
122.00,135.07,144.01,152.84,159.01,166.59,172.24,181.02,182.70,188.45,190.04,195.76,194.26,194.67,194.99,196.16,201.81,204.41,207.28,204.69,205.53,207.00,214.23,214.56,216.52,224.74,224.70,220.79,223.38,223.95,219.69,217.18,218.29,217.94,215.23,214.45,209.40,206.52,203.06,203.16,200.36,191.23,190.07,184.39,179.45,172.29,165.89,156.06,150.15,140.12,130.25,116.09
116.10,126.65,138.00,144.25,152.61,161.07,162.37,173.29,176.50,178.68,181.66,187.72,190.07,186.12,188.96,191.98,196.02,197.49,198.04,198.30,200.49,200.72,208.94,208.22,213.93,219.26,220.38,215.70,218.13,217.15,215.11,213.46,210.76,212.46,210.00,206.42,206.04,200.19,198.82,196.49,195.60,188.30,183.64,178.04,175.32,168.75,163.52,152.61,145.88,135.06,124.91,110.16
117.63,129.84,137.61,146.37,152.84,161.97,166.48,172.80,172.97,177.59,179.63,183.41,183.10,185.15,186.07,189.50,190.08,193.02,193.49,192.51,194.49,196.76,200.72,203.71,206.16,211.38,212.29,207.87,211.02,205.81,206.23,203.01,200.25,201.94,195.93,196.65,193.61,191.26,188.22,187.04,183.71,177.55,172.04,169.33,166.77,158.93,152.63,145.61,138.85,130.23,122.32,109.08
119.50,130.03,137.23,147.60,155.22,163.87,168.03,176.05,175.64,180.21,184.88,187.38,185.91,189.16,189.47,191.01,193.83,197.59,197.74,195.56,198.13,200.53,203.48,207.55,207.42,210.01,211.62,209.60,211.15,209.38,209.30,205.29,202.89,199.72,198.06,196.09,193.87,193.61,190.39,185.43,182.65,178.01,173.95,169.12,166.21,158.78,154.25,147.08,138.13,129.97,122.43,110.57
119.55,131.14,139.09,149.48,157.85,164.01,168.66,175.73,176.78,180.28,185.30,186.97,186.02,189.28,190.19,193.15,192.82,196.54,196.50,196.70,198.98,199.21,203.23,204.66,206.55,210.68,210.09,209.61,211.02,208.40,206.71,204.41,202.12,199.85,197.47,197.99,193.13,193.83,191.02,185.35,183.38,175.73,174.05,170.00,165.22,158.42,155.65,147.50,139.49,130.92,123.81,112.06
116.36,128.97,136.96,146.01,153.77,162.19,166.09,173.81,175.45,179.88,183.38,186.01,186.01,188.48,189.90,191.64,192.28,195.88,195.04,194.81,196.16,201.36,203.03,206.41,207.69,210.64,212.19,209.98,211.85,209.30,208.06,207.09,201.85,198.71,196.73,197.02,194.25,190.39,189.69,184.79,180.71,179.08,172.41,166.03,163.98,159.88,154.92,147.99,138.16,131.10,126.81,111.95
114.39,131.23,135.82,146.11,154.55,164.48,170.07,181.11,183.45,186.63,189.53,194.26,194.25,196.01,197.84,199.83,204.71,206.70,208.32,206.13,207.29,210.64,214.98,215.08,217.60,220.19,221.61,219.46,218.01,216.19,213.77,211.82,207.97,208.90,203.06,201.06,197.37,192.67,191.38,188.22,183.98,176.78,173.85,168.83,165.21,158.62,152.19,145.50,139.39,131.18,121.50,111.40
110.45,120.90,127.06,132.85,143.06,148.95,150.42,156.73,156.42,157.70,162.11,164.71,169.05,173.22,178.44,182.88,189.01,197.80,205.92,212.12,226.42,239.18,247.49,258.49,267.57,273.24,282.94,285.70,284.18,281.60,277.30,272.09,265.22,259.92,253.12,247.20,240.01,231.16,224.50,215.75,205.80,200.77,186.68,176.73,168.66,152.31,140.87,130.42,118.61,105.69,98.41,83.53
112.97,123.41,129.25,138.18,144.10,154.16,153.24,159.09,160.96,161.62,164.76,168.27,172.19,173.76,179.94,185.33,189.97,199.69,208.40,214.73,228.96,243.07,251.02,261.28,269.54,277.85,284.91,285.35,286.67,283.56,278.69,275.12,268.26,261.54,256.09,250.71,242.30,232.69,225.49,216.82,208.43,197.00,187.18,181.69,167.84,152.41,139.98,123.11,101.02,132.02,90.34,84.81
114.91,129.53,137.30,144.07,149.62,160.07,160.23,166.88,169.01,173.14,173.28,176.71,180.37,183.15,182.91,191.86,195.48,205.63,212.16,214.98,229.03,241.01,251.02,257.86,263.35,273.53,282.97,277.70,278.33,275.36,273.79,265.65,257.30,256.13,248.58,241.75,230.38,221.35,214.90,206.20,199.25,187.00,177.53,166.68,159.08,139.81,126.75,116.48,106.47,97.17,85.56,73.01
119.25,131.24,139.61,145.43,151.86,162.50,164.65,169.00,171.94,175.85,176.82,178.55,183.07,186.08,187.11,192.75,198.17,208.20,215.86,218.15,231.68,242.39,253.31,260.20,267.71,276.54,283.18,281.48,281.71,279.55,275.83,269.58,259.00,256.52,249.38,241.91,232.49,222.81,216.17,207.66,199.40,189.62,177.55,167.45,159.21,141.42,128.89,116.11,107.35,96.21,86.93,74.03
117.15,130.61,135.88,145.03,151.01,159.70,161.82,164.84,167.01,169.64,172.57,174.16,177.55,179.25,183.39,187.56,194.20,201.63,207.59,214.40,227.34,236.91,246.78,256.76,264.62,271.01,278.17,278.00,278.37,272.25,270.22,264.75,254.88,249.55,242.60,236.61,228.65,218.84,212.60,203.53,195.97,187.77,172.75,164.26,156.40,140.70,128.65,118.53,107.49,94.67,86.49,74.97
124.15,137.06,144.81,153.73,161.15,169.54,172.59,175.28,178.04,179.01,181.97,184.56,186.43,190.94,194.06,199.06,204.44,212.08,220.00,224.40,235.85,248.87,257.70,270.25,277.02,283.05,289.61,292.36,290.08,287.15,285.57,276.72,267.03,262.61,254.24,248.09,237.90,228.72,220.42,210.42,201.66,192.84,177.39,168.67,159.53,141.23,130.15,118.87,107.35,93.47,87.78,75.29
126.81,137.32,145.96,155.60,162.98,171.61,173.90,177.61,179.34,182.78,186.94,188.16,190.63,192.90,195.45,202.47,208.03,217.37,223.99,228.62,243.38,253.48,264.48,276.32,283.35,290.23,297.54,297.86,297.43,294.29,291.57,282.86,273.77,268.40,259.79,250.97,242.92,232.55,223.29,212.95,203.42,194.08,178.47,170.82,160.43,139.13,130.12,117.62,105.48,94.37,85.70,75.47
122.53,136.95,145.65,153.94,159.05,169.45,172.04,177.72,178.03,184.72,184.29,190.26,191.48,196.16,199.25,206.23,210.00,220.17,227.22,234.54,246.66,258.14,268.43,280.49,287.14,294.86,303.40,299.68,301.94,297.93,296.83,288.42,277.62,273.63,263.76,256.60,246.05,235.91,228.90,215.23,207.63,194.31,183.13,175.87,163.25,142.51,129.54,118.98,108.60,97.41,86.05,76.56
123.48,135.37,142.94,152.47,159.67,168.67,173.08,177.12,178.10,182.20,187.52,188.04,192.17,196.37,199.25,204.92,211.14,219.35,227.27,234.52,248.49,259.03,271.16,279.85,288.74,295.58,302.68,303.22,301.31,299.06,298.30,288.63,278.60,274.20,266.92,257.16,248.13,239.27,230.59,219.60,209.06,198.01,186.46,176.05,167.28,148.03,136.01,124.02,112.06,100.69,91.35,80.50
122.33,136.42,145.34,152.11,162.11,169.92,172.82,180.62,183.88,186.72,190.69,196.66,199.45,202.00,202.77,211.47,218.01,229.47,235.93,241.91,253.65,265.82,279.03,287.26,294.46,305.31,311.23,309.92,309.23,307.05,305.28,295.60,284.83,282.21,272.27,264.32,252.24,240.84,234.78,225.62,213.93,201.16,190.31,178.73,169.19,147.73,132.97,122.10,112.15,99.14,87.66,77.23
119.71,131.53,140.92,149.51,155.33,166.39,168.36,175.41,175.84,179.69,183.00,187.36,190.91,193.93,197.25,202.07,209.24,218.87,226.05,229.32,242.43,253.16,264.09,273.21,279.70,290.70,297.81,293.31,295.50,292.84,288.36,281.31,270.56,269.20,258.21,250.70,239.53,232.50,223.09,213.96,206.01,191.48,182.46,172.19,161.01,140.80,126.38,116.04,106.57,95.80,86.40,75.29
120.07,133.51,143.18,150.60,157.41,169.25,173.01,179.25,179.29,183.10,187.86,191.69,196.40,199.36,201.70,210.58,213.47,225.14,230.85,236.63,250.69,262.07,274.05,283.48,290.99,300.67,305.57,305.79,304.84,301.48,301.88,292.04,282.40,278.06,269.36,261.87,251.88,240.84,233.05,223.49,214.72,201.56,193.38,180.45,171.19,151.72,138.11,127.48,115.26,103.25,93.06,81.39
117.61,129.69,140.36,146.82,156.40,164.65,168.27,174.55,174.20,178.60,182.54,185.43,189.65,192.57,196.46,201.97,207.08,214.90,222.04,227.98,241.77,251.81,261.28,272.66,278.41,287.92,293.32,292.54,292.50,290.04,288.90,280.06,268.75,265.04,258.03,250.22,240.16,229.83,221.38,211.54,203.81,194.06,179.98,169.10,159.11,139.28,126.02,116.21,105.15,91.29,83.67,72.44
120.27,132.61,140.12,152.07,151.16,161.91,164.45,172.20,172.49,177.40,180.81,184.46,186.55,189.17,190.38,197.21,202.57,213.12,219.43,225.57,239.84,249.54,262.43,270.27,277.75,289.23,295.88,292.34,293.74,290.52,289.66,279.59,270.97,266.56,260.46,251.25,239.87,233.42,223.67,214.80,206.60,193.54,183.02,172.80,163.37,143.38,131.14,119.25,105.80,94.87,82.46,72.44
121.30,130.25,143.54,149.46,156.52,166.74,166.96,173.07,173.67,178.19,184.20,186.55,188.10,192.50,193.16,200.85,205.20,214.31,223.81,226.56,242.24,251.29,263.80,273.15,278.92,289.37,294.82,292.43,292.62,292.50,289.61,279.43,271.45,266.49,259.39,253.62,240.52,229.61,220.06,210.16,201.52,189.64,176.23,165.39,154.57,134.71,121.59,107.20,95.43,83.01,73.66,64.01
114.56,124.40,136.08,143.81,148.96,157.01,163.60,169.99,173.97,175.93,175.73,183.47,185.41,187.10,189.48,189.39,196.74,201.12,203.87,205.97,212.78,215.11,224.96,226.75,228.67,234.61,236.08,234.94,234.96,234.16,233.35,229.30,227.97,230.10,224.70,223.32,220.32,214.85,214.70,213.12,208.90,203.93,198.98,194.15,190.69,184.09,175.79,165.10,156.78,147.41,137.36,122.20
109.66,122.61,130.55,136.94,144.40,152.00,158.93,170.07,168.30,173.22,171.42,180.28,183.04,185.55,184.09,187.77,192.01,198.91,201.84,201.72,209.77,212.85,220.05,222.64,225.34,230.85,234.25,231.70,229.68,230.78,230.72,222.47,223.38,224.51,221.63,218.94,215.39,211.01,210.10,208.06,205.77,196.21,193.54,189.81,186.68,178.62,170.67,161.21,153.05,143.03,133.14,118.34
110.63,122.18,127.94,135.88,146.82,154.06,156.18,163.25,165.42,169.94,173.28,176.03,177.20,180.01,181.73,184.23,190.19,193.75,197.82,197.70,205.30,207.85,216.27,220.84,225.02,226.53,232.00,231.37,232.72,230.36,230.70,223.52,224.15,221.07,221.01,218.82,213.24,212.19,208.31,207.08,203.03,199.53,195.73,189.17,184.27,177.13,172.35,162.81,152.49,144.01,134.48,119.85
107.97,119.85,125.22,135.13,142.80,149.34,154.74,161.05,160.86,166.82,169.50,173.01,174.26,177.63,178.60,181.30,188.45,191.37,194.31,196.82,200.96,205.06,212.44,217.14,222.15,226.59,230.11,229.44,229.83,228.95,227.08,221.44,222.25,220.04,217.18,214.46,212.85,211.01,206.63,204.32,201.06,198.37,191.13,186.64,182.16,175.82,167.26,160.18,152.24,142.41,133.00,116.85
111.22,121.49,131.22,138.60,147.03,153.81,160.38,168.32,169.94,172.82,175.79,178.52,182.04,181.40,185.65,189.13,191.60,199.21,200.82,203.92,212.04,215.80,225.57,230.05,231.24,239.65,244.79,242.74,244.70,242.16,243.31,238.68,235.53,236.36,233.63,230.85,226.80,224.88,223.83,219.86,214.28,208.31,202.67,198.15,194.37,186.12,178.18,168.24,158.55,148.03,137.71,122.41
111.63,123.79,133.36,140.46,146.41,155.12,158.96,167.57,169.55,174.83,174.93,180.69,183.92,182.50,184.46,188.86,194.55,201.06,203.63,203.07,210.28,216.21,224.15,230.21,234.35,241.07,247.19,242.24,243.82,242.22,241.35,234.68,237.93,238.88,236.03,232.11,226.45,223.13,222.07,219.71,216.61,207.20,203.69,199.16,193.83,186.45,176.57,168.36,161.82,149.72,138.61,122.59
111.57,122.61,129.85,137.87,145.17,153.08,157.76,163.92,165.34,169.66,171.70,176.47,175.91,179.55,181.33,185.01,189.81,196.03,198.64,202.00,209.99,214.37,221.33,228.35,233.39,238.05,244.20,245.66,247.16,243.24,244.39,241.87,239.08,240.62,235.30,234.80,233.05,227.34,226.75,222.41,218.81,212.81,206.40,201.68,196.98,186.39,179.40,172.01,160.03,149.63,139.94,125.60
108.52,118.93,129.62,138.09,143.11,151.86,155.28,163.72,164.05,171.40,169.50,176.38,177.79,178.22,178.39,182.18,189.17,195.82,198.00,197.33,206.53,212.27,220.42,226.75,230.01,238.47,244.64,242.86,245.13,245.20,245.05,238.25,238.10,239.74,237.42,235.87,232.77,229.00,226.75,223.21,220.87,212.26,207.24,204.27,197.74,189.39,181.03,170.85,161.70,152.24,139.72,126.25
108.02,120.30,126.51,134.37,140.89,149.25,153.00,159.38,162.16,165.56,167.30,171.47,173.28,173.97,178.20,180.71,183.98,190.28,193.74,196.82,204.78,209.69,218.94,224.85,229.30,235.51,242.74,240.98,243.79,240.14,244.20,239.08,239.61,239.14,236.10,236.73,232.47,226.91,226.64,221.31,220.05,213.10,208.94,203.68,197.65,187.78,178.92,170.02,158.68,147.49,138.70,123.47
109.14,120.25,127.48,137.44,141.68,151.21,157.16,162.98,166.21,170.08,170.31,173.74,175.62,178.73,178.90,184.30,187.11,193.93,194.86,198.98,207.28,209.01,216.97,226.05,228.81,240.10,245.15,243.02,244.66,243.82,245.73,240.10,240.05,244.24,238.47,238.25,231.39,230.21,228.45,222.72,222.10,215.57,210.20,204.50,200.00,187.26,180.85,172.07,160.98,152.33,140.46,123.33
108.71,118.27,128.41,137.97,144.03,150.48,156.73,164.40,163.49,169.00,170.79,175.57,177.88,177.40,178.36,182.01,188.79,194.26,197.20,197.70,208.13,212.66,220.10,224.95,230.05,236.33,242.86,241.92,247.01,246.40,247.74,239.77,242.00,243.76,240.07,239.46,233.00,230.79,228.55,226.56,222.52,216.54,210.54,205.25,199.37,189.61,180.16,171.17,162.10,151.42,139.79,124.87
112.01,123.20,131.10,138.60,146.82,152.55,160.56,165.85,168.19,171.83,175.15,177.16,178.83,180.85,183.41,185.53,189.52,193.22,199.97,198.80,207.37,214.01,222.17,227.77,232.77,238.92,244.29,246.34,249.15,248.28,246.68,242.71,244.50,244.39,242.17,241.67,236.14,233.33,232.02,227.61,224.01,218.52,211.36,206.65,201.16,192.77,183.50,173.82,163.08,152.11,143.06,127.26
108.30,120.93,128.46,137.48,144.81,153.45,156.16,164.75,167.94,170.42,171.59,176.10,177.78,179.49,180.85,182.94,186.17,194.10,196.09,195.41,204.16,207.96,215.80,221.81,224.88,232.03,240.05,237.62,240.65,240.01,241.96,235.48,236.66,238.25,233.65,232.71,227.70,225.25,223.65,221.20,216.67,210.75,205.30,199.09,193.85,183.62,175.73,168.69,158.38,147.28,137.12,122.26
112.64,127.66,132.82,144.22,152.16,157.38,162.01,171.83,172.63,177.55,180.68,187.11,185.08,187.54,188.52,190.54,197.04,199.04,201.92,204.17,207.53,211.75,220.48,225.46,226.56,231.19,236.14,235.92,235.53,238.53,234.92,229.26,230.41,232.01,227.72,226.45,221.02,218.30,216.60,212.17,209.31,202.41,197.12,189.87,187.68,179.85,171.17,161.90,151.49,142.09,134.09,118.07
113.84,129.02,137.64,146.48,156.01,165.41,168.05,176.12,176.95,181.20,183.00,187.36,185.31,187.20,189.84,191.67,196.96,201.78,206.21,208.29,212.15,217.37,224.18,229.81,233.69,235.28,239.71,239.64,238.95,238.45,236.75,233.24,232.20,231.63,228.47,228.25,224.02,218.77,218.22,214.20,210.02,206.07,198.48,193.20,188.83,179.64,174.15,162.79,153.48,143.78,134.06,119.04
113.22,127.04,135.07,144.50,150.84,159.81,165.74,172.59,174.89,180.85,182.79,185.16,185.00,188.50,188.45,192.51,196.02,200.86,203.67,202.83,207.80,212.60,219.92,220.87,224.59,230.08,233.24,233.85,232.50,230.36,232.31,226.74,225.49,227.18,224.34,220.53,218.28,214.00,212.71,206.52,205.08,197.91,193.57,187.00,183.24,174.23,168.75,160.70,149.40,136.74,131.49,114.98
116.08,127.04,137.24,147.12,153.17,162.51,168.50,177.20,178.04,185.32,185.69,190.16,192.66,194.15,196.08,197.47,201.92,207.15,208.87,208.06,213.49,216.09,223.18,225.44,227.77,234.10,234.47,233.08,235.85,233.12,231.39,228.66,226.02,228.57,222.27,220.84,217.19,212.41,212.51,204.84,203.97,196.04,193.08,185.65,181.96,175.21,167.05,155.77,149.50,141.03,129.03,114.07
62.97,66.37,69.30,73.35,77.47,80.16,80.02,83.77,87.82,90.27,93.05,92.23,95.13,97.86,102.70,106.25,109.17,118.34,122.87,132.41,150.94,161.01,171.49,186.01,195.72,206.81,221.38,225.80,226.38,229.51,233.70,235.21,240.69,240.42,236.85,235.26,236.50,232.02,232.57,227.19,226.07,218.83,211.03,205.68,200.90,191.19,181.28,169.24,157.75,146.99,137.38,124.33
123.44,135.42,146.03,154.04,165.05,174.50,178.32,185.65,188.22,192.23,195.43,199.12,199.49,203.84,204.85,208.06,212.81,213.97,216.60,219.24,223.18,225.89,232.67,236.16,238.44,238.55,243.26,245.08,242.68,239.37,241.05,234.78,233.77,231.86,227.04,227.02,222.28,220.06,215.15,212.23,209.40,205.06,196.16,192.02,189.26,179.05,173.97,165.74,153.70,142.87,136.31,120.78
123.23,135.34,144.01,154.35,163.81,175.15,176.92,186.00,187.95,191.23,196.60,200.45,199.81,203.74,205.08,208.02,209.76,214.44,216.28,219.24,222.46,223.79,231.80,235.00,235.31,239.05,242.17,241.91,240.85,237.12,240.44,230.78,230.15,230.77,224.02,222.34,220.77,217.50,212.47,210.76,206.77,201.85,195.49,189.21,186.75,179.77,172.07,164.73,152.59,143.84,135.43,120.07
127.02,138.29,147.47,156.00,166.43,177.46,181.40,189.02,189.56,196.42,200.32,202.65,203.74,207.04,207.37,212.06,211.02,216.89,218.05,217.33,222.47,223.08,229.96,232.17,235.34,236.41,237.70,237.66,234.67,232.69,235.08,229.09,227.40,222.61,221.78,217.99,216.67,215.06,213.18,207.89,204.43,200.96,192.02,187.24,185.81,178.24,171.05,162.52,151.40,143.68,135.07,120.70
115.25,129.40,139.01,149.35,158.35,168.30,172.19,181.54,182.00,184.76,183.87,188.53,187.97,188.00,190.16,194.59,197.19,203.21,205.00,204.02,206.40,211.98,215.63,220.42,225.08,228.85,232.12,231.72,231.94,232.05,231.80,227.27,227.67,226.61,225.02,223.40,220.33,218.45,216.19,213.03,210.68,204.28,198.54,194.65,190.39,183.00,176.01,167.97,158.05,147.71,139.40,122.89
117.69,128.58,144.17,152.95,157.20,163.87,172.25,181.80,181.18,185.56,187.00,191.32,190.00,192.28,195.88,197.43,200.52,205.04,205.36,204.69,206.58,210.29,213.88,216.36,217.80,219.78,220.74,219.02,217.85,216.97,218.01,209.99,209.40,211.90,206.02,205.65,199.99,200.06,199.45,194.13,193.13,186.94,183.22,179.63,174.14,166.07,160.59,153.18,143.41,135.09,125.71,112.16
123.84,136.36,143.28,153.47,162.89,171.45,175.64,183.21,185.71,190.67,194.28,196.74,197.31,200.38,201.99,204.16,205.53,207.93,211.10,211.29,213.33,215.68,218.30,223.09,223.45,224.51,223.71,225.40,223.45,220.95,220.64,216.12,214.46,213.24,208.37,209.58,207.13,206.24,201.68,196.94,194.98,191.90,183.39,180.50,180.06,171.64,166.37,157.10,146.40,138.25,131.03,117.32
121.79,134.73,143.57,150.99,163.69,171.42,176.53,181.95,183.13,187.45,192.01,195.26,195.27,197.25,199.02,200.50,203.86,206.01,206.49,208.96,210.77,212.84,219.24,222.99,225.28,228.87,228.33,229.45,230.14,227.38,228.21,223.60,222.44,222.41,220.41,218.69,214.71,213.88,212.28,208.41,205.18,201.44,194.18,192.38,188.72,181.57,175.03,165.17,155.21,144.27,135.64,122.53
122.38,134.39,141.82,152.01,160.43,168.51,174.27,180.55,183.10,186.90,191.47,193.75,195.94,195.56,196.16,200.57,199.49,203.22,203.96,205.36,205.30,209.02,211.02,214.79,216.59,218.48,217.79,214.37,215.42,210.61,215.73,211.45,207.62,205.29,204.68,202.63,200.12,198.09,197.65,191.26,191.37,188.04,181.84,177.12,174.26,169.09,161.23,152.95,144.01,135.34,126.02,113.88
127.00,137.83,151.60,159.83,167.05,175.57,182.00,191.38,190.42,198.60,198.04,203.48,205.14,205.30,204.63,209.41,212.57,215.75,218.08,216.00,216.61,219.16,222.44,226.37,226.90,228.48,229.80,226.00,226.11,224.32,225.66,215.24,218.06,218.29,214.23,212.25,208.40,209.34,205.20,204.32,201.94,195.67,189.36,185.28,182.16,176.24,168.32,160.03,152.74,144.14,132.77,119.55
104.74,116.71,124.62,133.45,139.83,147.96,151.65,159.25,161.64,166.72,168.16,172.74,175.11,177.61,182.01,189.66,196.41,205.92,214.76,218.87,232.36,244.20,256.11,265.85,273.76,283.04,292.75,291.55,293.89,293.00,289.76,283.73,275.84,277.08,266.93,262.23,252.29,244.40,237.15,230.57,222.02,208.84,199.18,187.61,179.37,155.43,143.11,132.38,120.07,106.51,94.76,83.19
105.36,116.04,125.03,130.54,138.29,147.03,151.21,157.46,158.27,162.01,169.01,170.67,174.14,179.00,183.60,189.71,196.16,203.30,211.29,218.92,231.62,243.43,253.31,264.60,271.92,280.12,289.35,290.52,293.55,289.84,289.46,282.89,274.90,273.03,264.68,258.52,251.64,244.40,236.92,228.47,219.06,210.87,198.30,187.10,177.86,158.38,145.28,133.46,121.02,106.45,96.88,84.53
92.54,101.92,109.20,115.97,122.02,129.56,134.46,141.20,142.64,145.06,147.46,153.47,156.35,159.20,161.99,168.19,175.03,181.55,189.99,193.10,206.23,216.75,227.37,235.57,242.61,250.98,258.50,257.56,258.68,259.08,256.11,250.20,244.03,244.23,236.60,232.09,221.89,215.68,209.61,205.54,196.89,185.07,177.05,167.50,159.02,139.85,131.24,118.00,109.20,97.13,87.56,76.03
90.55,101.39,108.23,116.25,123.37,130.02,132.50,139.05,142.23,144.01,148.22,149.91,154.02,159.86,164.76,169.17,172.82,180.47,187.64,194.18,205.80,216.09,222.40,235.05,241.32,247.78,257.03,256.70,257.96,256.78,253.31,248.85,242.44,241.60,234.34,230.10,223.02,216.11,210.28,203.07,195.25,186.02,174.14,165.92,158.55,139.86,130.38,120.51,109.17,97.31,86.28,76.66
97.27,105.38,113.74,121.83,129.03,136.82,140.89,147.58,148.12,152.90,157.44,159.91,162.75,168.13,172.00,177.54,183.34,190.21,197.59,203.75,216.21,226.04,235.60,246.42,251.81,256.70,264.61,266.81,265.93,263.76,264.01,257.65,250.43,248.62,241.21,237.52,231.23,223.49,218.77,210.95,203.18,195.01,184.56,173.67,167.29,148.19,139.70,128.16,115.45,102.40,93.94,79.91
94.20,107.38,114.28,121.20,129.26,136.42,140.01,146.77,148.30,151.65,157.76,160.88,163.71,168.05,172.53,178.73,185.27,191.05,200.41,205.04,217.96,227.85,236.38,244.92,253.07,258.79,265.19,267.30,265.34,264.27,263.75,258.50,252.29,250.38,242.19,236.77,230.67,224.02,216.76,210.61,202.00,195.44,184.56,174.27,167.69,149.89,140.60,126.61,118.27,103.02,94.24,81.69
95.60,105.80,112.90,121.60,129.26,136.85,141.45,149.68,150.21,155.90,161.70,165.68,169.96,175.85,180.00,187.01,194.55,201.94,211.63,215.87,231.37,242.17,253.16,263.06,267.55,272.59,280.49,282.73,280.53,280.63,277.43,270.82,262.06,258.88,254.68,246.88,241.62,234.36,227.40,220.59,212.21,205.83,192.34,183.04,176.53,158.40,148.03,137.10,123.41,111.07,101.53,89.69
98.27,109.55,117.00,125.32,131.59,141.06,144.90,152.12,155.03,159.66,162.11,167.03,168.75,172.94,179.08,183.96,189.53,198.12,204.68,208.47,222.87,231.57,239.93,246.38,256.18,260.11,268.56,266.48,267.24,265.51,264.58,257.31,251.02,249.69,242.63,238.38,231.66,223.65,217.09,208.86,201.10,194.18,183.58,172.74,167.55,151.12,139.03,129.03,118.14,106.57,93.94,82.98
93.41,104.24,110.45,120.17,126.25,135.69,139.09,147.25,150.63,153.40,159.67,163.92,167.34,173.57,177.55,184.69,190.07,198.88,206.31,212.90,225.53,234.48,244.18,253.07,261.20,264.43,269.11,271.67,270.83,267.06,264.37,258.12,251.91,246.59,242.87,236.08,229.80,224.66,217.59,209.88,200.82,195.97,183.36,173.28,167.84,150.85,143.60,132.38,121.24,107.52,97.29,85.70
101.71,112.93,120.74,127.06,136.19,144.37,149.04,156.73,159.45,161.77,167.73,171.17,173.08,178.87,183.53,189.74,194.43,201.22,209.30,215.34,225.82,235.48,243.40,251.51,259.65,264.94,270.96,270.51,271.03,266.42,265.20,258.59,254.03,249.60,242.35,238.47,231.92,223.96,219.02,212.14,204.02,196.35,185.46,175.11,169.29,151.16,143.00,130.80,119.55,107.00,98.68,84.50
99.04,110.64,117.66,123.15,130.73,141.35,145.40,156.47,159.38,161.00,166.76,169.50,169.33,178.06,184.10,192.31,199.91,209.17,218.22,223.83,238.38,246.81,255.84,265.98,274.05,276.89,282.04,280.77,280.23,275.07,272.38,263.32,253.49,250.94,244.40,236.03,232.11,223.44,217.35,208.91,202.57,195.65,184.11,174.15,168.18,151.34,141.74,129.65,119.04,106.04,97.80,86.27
98.31,109.00,118.00,123.57,130.91,139.43,145.78,156.22,160.59,161.60,164.34,170.95,172.29,176.78,182.53,191.64,201.19,209.68,219.01,223.30,236.68,246.66,257.61,262.71,270.03,276.49,281.94,277.63,277.41,275.43,269.69,260.55,252.51,253.12,244.73,238.00,229.97,222.04,215.86,209.95,201.80,192.94,185.61,172.93,168.22,148.25,141.42,128.13,118.60,106.40,97.62,85.33
103.58,113.64,121.64,130.12,140.46,145.67,152.07,160.11,161.72,166.69,171.84,173.44,177.54,182.04,185.61,191.64,196.84,203.35,211.27,215.23,226.49,236.17,243.87,249.58,258.44,263.93,270.30,271.46,268.50,269.02,263.17,258.49,251.22,250.70,242.00,236.69,229.90,223.13,217.79,210.62,202.77,195.43,183.18,174.96,167.11,152.20,142.71,131.11,118.85,106.21,97.65,84.77
101.64,113.03,120.00,130.25,137.36,147.05,152.62,162.93,165.74,169.61,174.77,179.42,184.13,189.28,195.82,201.02,204.64,213.53,220.71,227.48,236.39,248.07,253.72,260.87,269.77,274.09,281.11,279.58,278.15,274.93,273.12,266.37,256.40,253.93,248.05,242.23,235.80,227.18,222.99,210.12,202.48,197.09,184.23,175.35,168.67,150.07,140.43,130.12,118.88,106.00,96.80,84.72
97.01,109.88,117.89,124.81,134.53,141.44,146.24,154.25,157.92,161.12,166.72,172.79,176.08,181.14,184.17,190.76,196.09,203.04,212.27,218.84,230.89,238.91,248.36,256.28,262.91,267.85,274.05,274.05,271.15,269.54,267.09,260.05,250.46,249.05,242.17,237.15,231.77,222.47,218.92,210.65,202.32,195.88,185.17,175.09,170.66,154.16,146.26,134.21,123.00,110.79,100.60,88.32
106.63,117.39,125.00,135.13,144.09,152.11,157.31,164.84,168.11,172.20,178.04,179.00,183.81,189.43,194.13,200.24,204.08,211.62,218.24,224.21,232.13,244.40,251.18,259.40,267.49,269.11,278.84,277.07,276.59,272.79,271.89,264.44,258.94,254.48,247.26,241.17,237.02,229.14,223.40,212.79,207.17,200.64,189.84,179.57,172.24,155.47,145.84,134.83,124.15,110.64,101.36,88.24
104.58,116.09,127.14,136.08,141.90,152.55,159.22,168.31,170.29,178.31,181.47,187.68,190.12,193.50,197.34,205.57,212.00,219.62,227.67,231.05,240.61,250.14,259.05,267.91,273.05,280.37,285.07,281.30,283.01,280.50,278.36,269.88,262.55,260.77,252.79,246.94,239.01,230.89,225.83,218.33,210.95,200.20,189.81,181.62,173.57,153.00,141.48,132.82,121.20,111.00,97.42,86.21
105.00,116.87,127.28,136.97,141.17,151.24,157.29,168.91,172.35,179.00,181.47,188.11,191.94,195.03,198.09,205.50,212.49,222.04,227.98,231.64,242.33,250.31,260.23,268.42,273.64,281.01,287.64,282.86,280.22,281.84,277.15,271.67,264.09,262.09,254.03,246.52,239.41,230.87,224.32,218.33,210.60,199.57,191.31,180.80,173.81,152.64,142.41,131.13,121.63,110.46,97.87,85.15
103.31,116.28,123.37,131.00,143.62,153.05,157.81,167.05,167.72,173.64,179.07,183.37,185.59,194.04,197.80,204.55,208.66,216.36,224.85,228.79,239.12,248.21,255.50,264.92,271.75,275.88,281.23,280.53,279.08,277.14,276.18,267.44,258.09,255.39,250.41,242.10,235.28,229.53,223.06,213.01,205.23,199.56,187.11,174.47,170.66,151.49,143.13,132.00,120.83,107.49,98.84,87.69
97.35,108.72,118.36,127.57,133.75,143.63,148.72,161.25,165.42,170.85,174.98,183.00,186.27,189.00,195.26,202.63,209.47,221.40,227.04,231.31,242.92,252.30,263.76,271.68,277.04,282.86,291.11,284.61,283.30,282.25,276.93,267.37,258.49,257.42,250.74,242.23,234.85,225.73,219.69,214.61,206.93,194.12,188.10,176.18,171.71,152.76,143.18,132.44,122.26,108.50,101.04,89.59
105.62,115.26,125.00,136.72,143.76,152.80,158.93,170.84,174.04,179.23,181.18,187.93,192.04,196.70,200.86,208.04,214.09,222.80,228.27,231.90,241.96,253.51,260.02,268.78,273.88,280.98,288.59,282.45,284.43,280.22,278.89,270.39,261.94,262.94,252.38,246.68,240.01,231.16,226.81,218.84,210.32,200.56,191.09,179.81,173.08,155.72,144.27,133.23,123.02,113.22,99.73,88.09
105.69,118.21,125.90,135.98,147.83,155.65,163.00,171.71,176.01,180.77,186.27,189.97,193.98,200.26,205.23,211.15,219.16,223.60,232.03,235.27,245.49,256.28,265.84,273.65,279.18,282.96,289.25,288.62,287.21,285.05,281.79,276.28,265.23,262.92,257.66,251.29,244.46,234.10,228.84,221.36,211.63,204.12,191.02,179.32,175.21,157.80,149.21,137.06,125.40,112.38,102.70,89.84
94.43,105.55,114.49,125.00,133.33,144.28,144.70,154.12,161.90,166.33,172.17,173.03,180.69,183.62,192.67,197.68,202.41,211.85,218.63,224.45,235.05,243.00,252.20,259.88,269.56,273.00,275.61,275.86,275.22,270.56,268.63,259.98,248.82,247.19,240.40,234.17,228.04,221.82,215.00,206.58,197.43,193.55,180.76,171.41,164.40,148.66,140.46,128.82,118.47,106.17,99.02,87.21
101.83,113.78,123.17,132.02,137.88,147.71,153.64,164.83,165.50,171.05,175.48,181.80,187.00,188.81,193.35,199.90,206.90,216.00,223.66,228.64,240.00,250.32,258.45,268.11,272.35,280.49,287.70,283.62,283.21,282.08,276.22,271.15,261.04,259.89,255.35,245.99,237.88,230.67,225.06,221.38,213.28,201.79,195.51,183.21,179.80,157.84,150.27,140.73,129.25,117.96,106.51,93.19
101.26,113.56,125.94,132.31,141.61,149.62,155.08,165.60,168.81,172.35,175.18,182.39,186.30,189.50,195.36,200.96,203.02,213.68,222.52,224.88,236.12,245.03,254.44,261.47,266.58,277.11,283.14,277.69,279.87,277.04,273.27,265.75,258.54,257.80,252.24,245.16,238.65,230.82,225.61,219.59,210.30,200.81,193.06,183.12,177.34,159.71,149.46,138.92,129.71,116.69,105.12,92.91
103.71,116.09,124.26,134.24,143.56,151.17,155.86,163.69,167.84,173.42,179.03,183.04,187.01,189.19,194.67,202.20,206.93,212.94,222.61,227.31,236.62,245.54,255.36,261.55,269.11,274.85,283.13,280.40,278.26,278.30,274.05,268.07,260.97,258.07,253.30,247.64,239.01,231.21,226.55,219.00,211.99,201.93,191.63,181.28,176.57,160.85,150.33,138.77,128.44,113.75,107.49,93.49
98.41,108.78,119.33,127.31,135.43,145.46,149.00,158.64,159.45,165.95,170.48,176.56,180.57,183.88,189.64,193.87,201.11,210.15,215.75,221.37,232.62,241.23,249.07,258.41,266.51,271.58,276.83,274.57,273.26,270.49,270.51,260.95,252.61,251.10,245.57,238.37,231.54,225.50,220.11,210.86,204.84,195.98,187.45,178.44,171.82,156.35,144.90,133.87,126.25,114.28,102.59,90.38
101.59,112.64,124.17,132.57,139.09,149.47,152.30,163.57,166.33,172.71,174.16,181.24,184.22,187.52,192.21,200.85,204.63,214.06,219.78,224.02,232.18,243.02,251.18,259.09,263.84,273.34,279.23,273.76,275.96,271.81,270.66,262.95,254.62,254.57,247.95,242.99,232.85,228.16,223.27,216.71,210.54,198.96,190.87,181.33,175.03,157.31,146.05,136.62,126.25,115.00,104.31,90.14
101.18,112.87,123.00,131.59,138.29,148.66,153.69,163.11,165.48,170.45,173.14,179.01,184.18,186.80,190.51,197.73,202.43,211.44,217.96,220.69,228.40,240.86,248.65,256.68,262.51,269.45,277.35,272.31,274.64,271.89,267.51,262.09,252.42,253.34,245.57,242.33,232.13,226.01,222.38,214.70,208.02,198.66,189.11,180.01,174.24,155.60,147.96,135.53,127.46,114.69,104.06,90.20
96.66,109.02,118.07,126.25,135.06,143.35,150.79,157.99,160.80,165.89,170.14,176.32,179.94,184.61,191.44,194.26,201.63,209.30,218.51,220.79,232.09,242.87,251.44,259.21,266.95,272.25,278.69,274.73,274.09,274.53,270.51,261.01,252.94,253.16,246.01,239.97,231.11,223.33,219.01,212.76,206.04,198.06,188.68,179.62,173.42,155.21,147.46,136.78,126.13,113.64,104.12,90.91
96.33,108.71,117.29,126.53,132.74,143.11,147.11,155.82,160.03,163.98,169.33,173.57,179.36,181.73,186.55,192.44,196.38,207.14,214.15,218.05,230.73,241.07,248.11,255.54,262.48,268.31,274.49,272.01,272.41,267.98,267.26,257.30,252.19,248.21,246.22,237.54,232.88,224.50,219.57,210.00,204.40,197.65,188.07,179.01,172.80,156.92,147.41,136.56,126.19,114.40,102.62,90.67
97.06,107.47,117.64,126.51,132.41,141.15,146.76,157.75,160.46,164.44,167.37,173.91,178.24,182.02,185.53,191.44,199.32,208.21,216.46,218.19,229.26,238.37,248.42,255.54,260.49,268.09,275.75,272.68,269.82,269.36,265.75,257.19,251.67,250.34,248.65,237.95,230.05,224.02,216.00,213.28,204.71,198.25,187.02,178.94,173.28,154.29,147.08,135.96,127.14,115.73,104.01,90.21
102.88,117.39,123.17,131.24,138.29,151.24,155.05,165.65,170.00,173.67,180.18,183.58,189.76,194.59,201.40,205.08,209.98,217.85,227.34,231.25,245.25,255.16,261.40,271.83,278.03,287.24,290.90,290.25,289.50,283.39,285.46,274.72,266.24,262.79,257.82,251.20,246.00,237.54,234.69,221.58,215.06,207.97,197.41,188.07,182.70,167.26,157.11,145.58,132.83,122.00,110.00,97.53
109.64,119.57,122.07,136.01,146.01,153.05,166.76,169.53,168.19,180.62,184.20,189.26,191.70,195.58,204.82,207.37,214.06,221.44,226.90,231.47,241.11,249.69,258.12,265.73,273.00,276.82,283.99,283.51,281.77,279.95,278.04,270.41,265.01,259.03,254.06,246.95,242.00,234.68,228.49,220.05,211.62,205.88,192.04,183.66,175.73,158.90,148.92,137.57,125.28,114.02,105.48,93.09
103.32,115.52,125.42,131.53,140.13,148.19,154.94,165.44,166.48,173.00,174.73,181.69,185.87,189.69,191.66,198.65,206.00,212.42,221.84,224.24,232.57,242.22,252.96,258.64,265.45,272.15,280.41,275.69,277.25,275.88,272.95,264.64,257.82,260.84,253.31,245.46,238.88,230.03,225.47,219.20,212.73,203.50,194.37,184.27,178.28,161.52,151.82,140.00,131.03,118.38,106.74,93.86
102.11,112.81,121.21,131.73,140.91,149.72,156.01,161.83,167.86,172.19,177.49,180.68,185.97,191.53,196.82,202.97,210.87,216.32,223.40,229.17,241.65,251.77,257.94,270.23,277.04,281.77,287.18,288.26,288.25,284.54,282.41,273.76,264.09,263.22,255.15,249.81,245.52,239.00,232.65,223.75,215.70,208.43,197.31,189.64,182.79,166.21,157.61,145.78,134.13,121.46,110.34,97.50
102.96,115.21,123.00,130.82,140.66,148.66,154.78,165.03,169.00,173.99,179.75,182.39,187.00,190.94,198.60,202.79,208.17,215.47,223.44,227.18,238.21,247.92,256.22,264.40,270.70,275.07,282.35,281.74,280.79,277.30,276.02,269.67,261.09,257.63,252.07,244.74,242.33,231.91,227.27,221.05,210.12,204.41,192.63,181.00,177.34,160.96,152.86,140.13,128.39,114.63,105.31,92.66
100.44,111.99,120.10,128.14,139.49,146.66,152.96,161.14,165.75,168.69,175.76,180.35,184.20,188.94,196.12,199.61,205.85,213.18,222.28,228.53,239.37,249.62,256.81,264.86,272.73,278.54,284.29,282.77,283.58,279.21,278.55,269.01,259.99,259.19,251.77,249.36,242.66,234.34,229.07,219.54,212.08,204.75,195.82,183.44,179.00,164.50,154.40,142.34,131.02,118.93,109.34,96.65
98.99,112.16,121.00,128.69,137.36,145.36,152.07,160.12,164.15,168.44,172.45,180.22,183.74,186.39,191.92,197.71,203.81,213.23,222.00,225.80,236.14,246.55,256.50,263.11,270.14,278.99,283.98,279.20,280.86,277.99,276.57,266.74,258.29,259.00,250.51,246.62,239.44,231.00,225.96,218.05,211.57,201.26,194.65,182.79,177.92,161.15,151.82,140.00,128.71,118.00,108.17,95.34
93.72,103.09,112.22,120.42,128.76,138.24,142.04,149.47,152.90,155.90,161.31,164.37,168.87,170.91,177.59,182.61,188.16,193.19,201.00,205.57,215.19,221.95,229.68,236.00,244.26,248.07,254.53,254.53,255.05,252.25,249.72,242.66,237.26,236.05,230.71,224.59,219.37,210.54,206.83,202.12,193.83,189.19,176.83,170.34,162.93,149.65,139.94,130.18,119.87,107.91,99.64,87.82
102.84,114.55,124.40,132.85,143.03,151.49,157.63,167.16,171.14,176.26,180.14,186.46,191.25,195.13,198.76,206.41,213.88,222.31,230.20,236.60,245.49,258.28,265.15,274.35,280.49,288.21,295.61,292.62,293.50,291.40,287.79,280.40,269.90,269.95,264.71,259.43,251.91,244.73,235.37,230.22,223.08,214.08,204.36,194.14,188.05,170.84,160.59,149.40,139.09,124.66,115.28,100.09
98.73,114.91,123.98,132.83,142.37,148.22,156.46,164.48,170.84,174.77,178.71,184.78,190.16,192.42,197.74,204.09,211.48,220.24,228.74,234.10,242.26,252.86,263.94,271.62,276.51,285.91,294.48,290.80,290.80,289.50,282.85,275.69,268.02,267.15,262.25,257.03,250.28,240.80,234.03,228.04,220.06,211.92,201.79,193.04,186.55,166.81,159.14,146.76,136.18,125.10,113.36,98.84
103.73,119.00,122.00,134.03,143.60,156.28,159.93,173.90,176.95,183.50,190.78,192.07,195.11,200.80,207.51,210.94,219.06,226.24,229.92,238.80,249.80,258.81,264.62,274.32,281.16,284.78,292.45,291.93,292.29,288.29,287.77,279.29,272.37,270.05,262.92,256.91,251.01,244.77,239.00,226.76,219.80,214.15,201.81,190.21,185.15,168.08,155.36,145.83,134.46,121.66,111.13,98.62
97.42,107.82,117.61,127.49,135.09,140.29,148.12,161.47,165.46,172.63,175.93,182.48,188.31,191.85,195.36,203.16,210.01,219.54,227.71,230.22,242.51,251.70,263.41,270.12,274.30,283.42,287.85,285.52,284.32,284.34,278.18,270.07,262.42,262.64,256.63,247.63,241.68,234.18,227.84,222.89,213.78,204.00,196.62,183.81,179.89,161.01,153.48,139.62,129.56,116.91,108.41,93.49
97.74,109.77,118.56,127.06,134.73,142.87,149.51,158.75,162.01,165.70,172.63,177.80,182.24,186.60,189.84,196.36,201.59,209.25,217.31,222.23,234.96,243.94,252.73,261.93,267.51,275.18,281.82,279.27,278.73,276.93,273.23,267.98,260.03,257.73,252.49,245.05,237.01,230.49,224.59,219.18,211.77,203.18,194.49,186.13,177.59,161.00,151.60,141.41,129.50,117.92,107.84,94.19
90.05,100.85,109.60,117.92,124.00,132.26,137.64,145.56,148.76,154.03,159.55,163.45,166.90,172.01,175.00,180.31,187.02,193.69,199.58,204.66,216.64,224.66,232.48,241.02,246.56,253.25,259.33,257.75,258.13,254.47,251.05,247.01,240.83,237.32,233.17,226.88,220.20,214.00,207.48,202.47,195.69,187.03,179.34,172.20,162.93,149.16,140.51,130.00,120.65,110.21,99.46,86.58
101.18,111.95,119.10,129.77,139.30,145.91,152.32,160.58,164.40,168.44,175.69,177.26,184.20,189.41,193.62,200.44,205.94,213.21,219.74,227.34,237.84,248.90,257.41,265.96,274.21,278.00,285.11,284.40,282.06,280.23,278.96,272.66,263.15,260.86,254.45,249.65,244.75,237.92,230.87,222.50,213.88,208.04,196.02,189.17,181.89,165.56,157.28,144.18,133.87,119.71,110.22,97.02
112.26,119.71,123.02,132.62,140.73,149.86,155.00,165.30,167.84,173.61,176.50,184.76,188.86,193.21,197.34,204.20,208.89,219.20,224.51,230.67,239.71,248.92,257.19,264.89,271.83,277.60,287.56,284.85,285.71,283.45,282.24,275.80,266.96,266.01,261.34,255.16,249.97,240.34,235.85,224.88,219.67,210.92,200.88,190.24,183.70,163.75,157.00,145.06,134.35,122.98,109.29,98.88
96.65,106.25,116.73,123.94,133.41,141.32,145.00,158.47,161.20,163.53,169.05,173.00,178.68,183.60,189.76,197.21,199.18,209.40,215.52,221.17,232.36,243.53,250.34,257.77,267.82,272.62,279.40,279.29,279.22,276.24,274.36,265.80,259.02,258.38,252.24,246.01,241.57,233.55,227.85,220.32,212.85,204.16,194.33,183.83,179.69,163.60,153.84,143.45,130.92,119.44,109.04,95.69
100.24,112.29,120.21,128.72,137.08,145.01,152.16,163.78,164.35,170.43,173.07,181.84,186.12,189.45,195.13,202.23,207.17,218.00,223.76,228.11,239.61,251.40,259.66,268.05,275.86,283.47,288.52,286.06,288.13,284.61,284.20,278.60,268.51,266.58,258.21,252.67,249.02,241.63,235.60,227.50,219.54,211.12,201.11,192.57,187.11,167.86,157.43,147.83,135.65,122.26,112.01,99.01
100.72,114.11,120.49,132.31,141.77,148.82,156.17,164.98,167.82,173.67,177.79,183.61,184.84,193.99,196.62,203.59,210.10,218.66,224.96,231.02,244.18,252.51,261.96,272.17,280.30,283.09,290.06,292.49,289.35,288.01,288.11,280.12,270.04,268.76,263.32,256.16,253.06,245.23,238.89,229.58,223.02,216.37,203.44,193.40,187.84,170.50,160.60,148.45,137.79,123.41,114.93,100.66
96.80,110.98,119.85,127.68,134.27,146.82,148.00,159.48,159.20,165.41,168.66,173.65,178.27,182.46,187.61,191.13,198.28,206.35,210.32,217.41,228.11,235.85,244.01,253.36,259.88,264.34,271.59,271.53,272.62,270.84,270.44,261.89,254.53,253.66,246.40,240.84,235.79,231.14,223.65,215.34,208.40,202.53,191.13,180.89,176.40,159.70,149.01,138.83,130.43,117.07,107.20,92.54
101.91,112.00,122.20,130.77,140.42,147.30,154.03,161.31,163.78,174.23,177.59,179.29,181.18,187.64,192.77,199.48,204.96,212.91,217.92,224.74,234.80,247.63,254.95,265.15,269.48,277.65,284.61,281.82,282.58,281.40,279.02,271.68,262.25,262.05,255.20,250.49,245.51,236.52,231.24,223.22,216.28,209.04,196.92,188.52,181.66,164.78,156.92,145.09,132.85,120.33,111.22,98.09
102.16,111.02,121.74,129.39,139.72,145.89,150.45,158.91,160.95,169.26,176.48,180.41,181.86,187.11,192.37,196.84,203.68,209.61,219.40,225.66,235.33,245.46,252.67,264.17,269.76,272.62,282.33,283.81,282.33,276.88,278.61,269.60,262.56,259.56,252.73,248.36,243.19,236.58,230.59,222.87,215.20,207.62,195.60,187.26,179.11,164.84,154.95,143.22,132.19,119.36,109.48,96.21
106.57,119.37,129.40,138.13,145.52,154.47,160.63,169.50,171.47,177.48,182.48,187.46,191.94,195.85,202.20,205.55,213.08,220.49,230.49,232.28,244.56,254.85,265.18,272.03,279.57,286.02,294.72,291.04,290.39,292.41,287.80,281.77,274.18,273.13,267.90,263.42,254.10,245.39,238.47,236.52,226.32,217.80,207.74,197.10,189.38,171.73,162.00,148.52,136.80,125.32,115.88,100.57
103.75,113.00,121.66,130.31,141.40,148.60,154.35,163.60,165.42,171.14,178.04,181.54,185.88,191.94,197.20,201.65,207.24,215.39,225.06,230.76,242.03,251.11,260.84,268.20,276.80,281.46,291.16,291.24,289.86,287.52,284.43,277.20,270.90,266.94,262.91,255.83,250.94,242.10,234.03,228.40,219.11,212.96,201.10,192.84,187.38,169.19,160.59,148.12,135.91,123.56,114.34,100.44
103.41,116.28,124.20,133.15,140.73,149.69,156.08,166.64,168.66,173.17,177.72,184.23,187.21,191.97,194.79,203.06,210.61,218.58,227.08,230.11,243.26,250.57,263.50,271.71,276.42,286.53,291.67,291.82,290.45,289.17,286.75,277.35,269.90,268.73,265.00,258.01,250.24,242.13,233.52,231.61,223.83,214.41,203.00,194.49,187.10,168.57,159.52,148.49,135.83,124.42,113.04,97.58
98.74,111.63,118.68,128.84,136.56,145.67,149.25,158.84,160.37,165.00,170.50,176.14,179.29,184.77,188.68,197.13,199.91,209.48,215.08,223.62,232.81,243.81,251.01,261.22,267.09,272.25,280.96,278.93,279.87,275.52,273.72,265.75,258.21,256.42,250.43,245.07,240.34,231.35,226.51,221.42,211.77,206.67,193.84,185.15,177.34,163.23,154.05,142.64,130.87,119.89,109.66,96.54
98.41,110.39,119.60,129.36,135.09,145.78,149.46,156.44,161.25,165.28,170.41,175.65,179.00,183.33,188.51,195.01,202.36,210.95,214.97,221.02,231.09,241.42,249.10,259.59,265.32,272.73,279.58,277.61,278.02,276.09,272.97,266.75,257.94,255.98,251.18,245.54,240.68,233.21,228.54,220.51,212.51,202.71,194.28,186.32,179.39,160.61,151.34,141.60,130.68,118.93,108.23,93.13
103.97,115.55,124.04,133.20,142.13,150.10,154.26,164.81,167.05,172.20,175.86,180.47,184.70,191.48,196.46,199.81,207.59,215.13,224.00,227.26,240.09,249.34,259.66,268.08,276.03,278.33,287.14,289.46,289.08,285.77,282.31,274.13,267.87,264.68,261.63,255.36,251.46,239.68,235.27,228.05,219.26,213.49,202.24,192.26,185.81,168.24,158.81,148.40,135.03,121.02,113.22,99.64
103.24,114.97,121.70,130.78,138.23,149.65,152.12,161.45,164.76,168.50,175.19,178.34,182.52,188.04,193.29,199.49,203.53,213.93,220.29,226.72,238.21,249.07,256.53,266.09,270.84,279.61,285.67,285.16,285.97,281.67,281.94,273.31,266.48,262.47,258.50,251.98,246.94,239.64,234.03,223.76,217.97,211.48,199.70,191.85,187.10,168.96,159.55,146.74,135.94,122.64,112.77,99.90
102.90,113.60,125.00,131.95,140.80,153.44,151.08,165.47,163.69,167.86,175.39,179.57,185.27,188.69,194.93,199.47,208.63,213.78,219.42,225.50,237.90,247.63,257.80,263.39,272.90,278.89,284.18,285.21,284.09,284.20,278.54,270.33,265.38,264.09,258.66,253.50,246.78,239.03,232.14,228.62,220.23,210.44,200.00,191.38,186.04,167.29,160.64,147.85,137.00,123.31,113.85,101.24
103.08,114.21,124.06,132.94,141.16,150.08,153.44,163.48,166.11,170.99,174.43,179.63,183.88,186.90,194.58,199.67,207.42,214.72,219.78,225.08,237.45,248.73,254.87,264.28,272.04,278.21,284.70,283.92,285.35,283.32,280.30,272.53,265.41,264.62,258.80,254.23,246.73,238.90,233.09,226.77,219.92,210.29,200.86,191.70,184.49,168.07,161.38,147.99,136.40,125.40,112.27,100.66
101.98,114.04,124.17,130.25,138.25,147.63,151.99,162.44,165.46,169.43,174.19,179.48,184.07,186.60,193.35,196.24,204.50,213.88,217.68,224.54,236.60,244.79,255.13,263.15,267.88,276.80,282.70,281.46,280.42,280.14,279.34,272.02,265.77,265.31,257.16,252.00,245.29,235.72,231.81,227.75,218.58,210.01,201.55,192.00,185.55,168.07,159.33,148.53,136.95,123.32,113.03,99.05
101.98,113.28,120.21,130.14,138.16,145.91,150.46,160.02,162.16,166.19,172.53,177.12,180.47,185.61,190.18,197.87,202.20,211.15,216.95,223.40,235.80,242.39,253.67,261.24,266.81,273.16,282.20,281.52,281.30,278.10,276.41,271.15,264.17,262.00,253.03,248.50,244.86,237.02,232.21,222.99,216.18,208.40,196.23,190.44,185.13,166.36,159.45,147.33,134.54,122.48,113.44,99.40
