109.77,122.44,131.55,140.36,146.26,157.69,164.14,176.40,178.47,186.08,186.59,194.76,199.01,201.38,200.69,207.97,213.18,220.74,221.73,222.27,227.26,233.96,240.61,240.05,243.13,247.12,246.17,239.77,237.00,234.26,228.37,219.72,213.24,208.50,204.84,197.67,191.05,186.08,183.13,180.10,175.82,167.63,166.60,159.53,158.15,150.33,143.41,136.31,129.03,120.15,110.34,100.72
112.43,123.98,130.25,141.04,149.01,159.77,164.98,174.90,180.07,184.29,188.16,194.37,198.34,204.12,203.03,209.48,213.01,218.13,219.39,225.75,230.78,233.56,240.71,240.14,244.10,246.34,243.84,239.91,238.20,232.95,228.28,222.38,216.06,205.55,203.35,198.64,192.02,185.98,185.93,178.26,175.10,169.50,165.08,159.67,157.85,150.81,143.39,138.95,128.69,120.04,111.32,102.18
114.86,129.27,139.01,147.67,153.87,166.97,171.43,182.70,186.94,193.81,196.16,202.47,205.51,207.70,208.14,216.32,218.63,226.36,230.83,230.82,234.35,239.30,245.25,248.81,248.97,253.03,253.00,245.61,245.45,241.00,233.83,225.00,220.78,215.68,210.98,203.49,198.01,194.37,191.05,186.81,183.41,176.15,173.57,167.30,164.40,153.44,147.17,142.87,133.96,126.02,116.76,105.30
109.88,123.00,132.44,140.04,149.19,159.67,166.21,175.73,180.27,184.66,188.56,195.16,198.95,201.23,200.80,210.34,213.19,219.49,222.28,223.06,229.59,235.09,240.16,241.98,244.10,248.50,248.24,242.59,242.85,238.44,232.59,226.38,219.23,215.00,206.85,199.75,193.28,187.88,183.71,179.01,174.83,167.69,164.05,159.38,152.75,142.86,139.22,132.64,126.05,117.83,107.28,97.08
111.63,123.76,132.01,143.56,148.27,160.33,167.48,175.79,182.20,185.57,192.10,197.02,199.64,203.05,203.07,210.01,213.82,218.68,221.73,226.24,231.02,235.65,239.11,240.83,242.94,245.37,243.65,241.27,238.37,233.35,228.98,220.13,214.71,206.60,204.09,198.65,191.13,186.45,184.91,178.39,176.03,169.50,165.56,158.69,156.52,147.18,143.40,137.24,128.32,120.77,112.29,102.36
112.87,126.76,134.01,143.59,154.18,164.18,170.74,181.33,185.07,189.45,195.13,200.00,202.09,205.83,207.15,213.19,218.08,223.93,226.80,230.33,235.21,239.61,246.14,244.99,246.60,250.95,247.19,244.36,242.10,238.12,233.08,224.44,218.39,212.71,206.83,200.77,195.39,191.05,186.90,181.97,179.07,174.05,168.76,161.41,159.33,152.09,147.05,141.40,131.14,123.47,115.52,104.36
109.20,120.97,131.93,140.43,147.41,158.60,163.11,177.07,178.99,185.07,188.22,193.71,198.12,200.26,200.93,207.62,211.78,221.42,221.42,223.27,227.48,234.14,239.38,238.76,241.75,248.11,246.11,239.08,236.86,234.36,227.04,220.59,215.72,208.90,202.56,200.96,191.81,185.00,182.24,179.34,177.34,168.44,167.76,161.01,155.29,148.95,144.36,135.25,130.25,120.50,111.21,101.21
113.25,127.01,135.34,144.52,152.87,164.56,169.11,178.22,184.20,190.38,194.58,199.47,202.14,206.30,206.60,215.23,217.22,223.99,227.38,230.15,234.93,241.63,244.61,247.49,249.42,254.47,249.55,247.32,245.74,239.74,236.45,227.02,219.06,213.97,207.74,201.66,198.34,192.32,189.32,184.09,181.73,174.66,169.05,162.39,160.02,153.91,147.49,142.20,131.38,123.00,116.85,106.04
112.36,124.62,133.12,139.84,149.93,160.86,166.74,175.73,178.93,184.02,190.67,193.93,196.40,200.84,200.83,206.65,209.77,216.06,218.52,221.37,225.89,231.22,236.91,236.16,240.14,242.01,239.30,235.14,235.00,228.71,225.73,217.31,212.20,205.32,202.00,195.88,191.59,186.55,184.57,175.16,174.23,170.14,165.85,159.30,156.82,149.63,145.01,136.53,129.36,120.22,112.61,103.59
118.70,131.71,139.56,146.97,159.77,168.07,175.52,186.14,189.20,193.68,198.25,204.31,206.87,211.12,210.54,218.74,221.39,227.91,229.71,234.62,237.49,243.07,249.02,248.57,250.05,255.56,251.60,246.34,246.13,241.46,237.44,227.75,221.78,213.41,209.69,206.34,199.04,194.49,191.64,184.88,181.80,177.91,171.68,168.24,162.86,154.43,150.66,144.67,133.18,124.78,118.07,107.71
111.02,123.04,131.03,141.74,148.48,161.62,165.30,175.60,180.71,184.81,186.00,194.55,196.46,200.41,199.92,207.45,209.25,217.55,219.23,220.77,223.49,231.94,234.77,236.56,238.27,242.56,241.55,232.47,230.89,227.23,222.87,216.12,210.54,203.97,198.28,194.01,188.82,182.88,182.54,177.56,173.05,167.72,164.05,157.01,153.26,147.61,141.16,135.64,125.40,118.81,109.66,101.18
112.04,125.40,132.97,143.28,149.21,160.58,167.62,176.41,179.81,186.70,191.21,197.03,199.02,202.88,201.72,209.54,213.81,219.49,222.30,226.38,229.02,235.14,238.84,240.25,241.07,246.09,244.56,237.22,237.69,233.11,227.48,220.08,212.61,207.33,202.24,196.96,191.37,186.04,185.27,175.76,174.66,168.47,164.30,159.79,154.98,149.00,143.68,138.65,128.66,120.21,111.95,102.04
112.70,126.53,135.00,144.47,152.23,162.98,169.25,179.92,184.63,188.88,192.28,199.16,201.10,206.17,203.84,213.40,216.54,223.09,227.32,225.57,229.94,236.68,242.53,241.55,245.38,251.78,246.40,241.51,237.54,236.26,230.22,220.77,216.09,210.92,203.19,199.08,192.43,185.60,184.23,181.71,177.90,168.15,166.18,160.88,156.95,149.12,143.28,138.57,129.07,120.07,110.54,102.18
114.20,127.68,136.06,146.35,154.29,165.15,172.75,182.08,185.69,191.76,194.40,200.81,203.74,207.54,207.24,213.69,217.64,223.86,226.57,228.97,235.48,240.13,246.20,244.52,248.82,251.00,249.51,244.77,242.17,235.83,231.37,224.16,219.11,212.82,208.12,202.62,197.50,190.12,186.68,184.33,179.45,174.03,168.08,164.10,161.06,152.11,145.42,140.43,132.14,122.97,114.93,104.40
115.11,129.28,136.78,146.44,155.32,166.90,171.02,182.41,187.21,191.17,195.23,200.89,203.03,206.73,208.06,216.00,218.66,224.44,226.01,231.70,234.83,241.21,245.74,245.70,249.65,251.87,249.35,246.02,243.30,238.81,232.77,223.66,217.44,211.57,205.80,201.25,195.73,190.25,188.66,181.69,177.34,173.07,167.30,162.00,158.47,151.75,146.63,141.21,130.00,121.49,115.97,104.01
119.34,130.74,140.76,151.40,160.01,170.31,177.55,188.66,193.19,198.09,200.32,207.23,209.38,212.61,212.90,220.73,222.15,229.20,230.11,233.08,233.69,243.77,245.45,246.08,247.54,253.39,249.72,243.02,240.33,240.64,233.00,227.37,224.54,221.23,215.00,211.60,204.02,199.25,199.01,193.60,189.97,181.40,181.08,173.76,170.95,162.98,158.38,149.20,143.41,136.33,121.79,110.94
116.73,133.46,140.17,149.82,156.46,165.08,174.00,189.45,192.51,197.91,200.25,204.83,207.71,210.42,211.38,216.75,220.64,225.85,228.13,231.04,234.31,238.87,242.84,244.25,245.93,250.00,247.41,240.74,238.80,236.58,229.71,224.96,222.19,220.64,211.73,207.51,203.53,198.70,194.99,191.91,188.73,181.60,178.33,173.99,167.97,160.38,155.21,145.50,140.60,133.72,120.74,110.06
116.87,129.03,137.24,148.27,153.88,165.75,172.19,182.52,186.95,191.05,195.36,201.56,205.85,208.21,208.92,216.84,220.20,229.31,227.43,231.35,235.72,241.41,246.15,246.91,248.52,255.20,249.58,242.99,242.08,238.03,232.71,223.90,217.55,211.85,205.10,199.91,192.84,187.96,184.40,180.85,177.28,170.45,167.03,159.62,156.16,150.42,144.06,136.31,129.40,123.15,112.38,102.96
124.95,137.71,149.01,158.81,167.51,176.37,185.46,199.47,201.64,208.36,210.41,218.00,220.63,221.65,223.40,228.65,234.14,239.89,242.47,242.33,245.36,252.29,256.85,258.43,258.86,263.61,259.25,254.61,251.91,251.32,242.40,236.66,232.40,231.61,225.49,218.23,213.93,208.15,205.78,203.59,199.47,193.51,189.23,181.82,178.06,171.00,162.59,155.86,146.81,138.85,127.74,114.91
124.33,134.83,147.87,158.15,166.38,176.48,183.84,196.09,199.90,206.71,209.38,216.10,217.72,221.40,222.95,229.05,231.49,238.81,240.53,241.09,242.64,251.91,253.87,256.85,256.04,260.13,259.94,251.45,248.71,249.11,240.41,232.43,230.49,230.52,222.32,217.66,211.97,206.02,205.97,202.60,198.12,189.75,187.41,182.00,175.39,168.67,162.02,153.73,155.04,138.96,125.20,116.46
121.59,133.41,141.72,151.24,162.48,171.76,179.47,188.50,192.61,198.30,203.38,207.76,211.69,215.76,215.82,221.64,226.77,230.52,235.36,236.71,241.78,247.24,252.72,251.92,255.13,259.05,253.78,250.68,248.45,241.62,237.86,228.74,221.46,214.22,211.52,205.30,199.02,193.85,191.64,184.55,181.03,177.63,170.95,165.01,161.99,156.17,150.66,144.18,133.00,123.17,118.26,107.56
120.62,135.99,142.00,151.70,162.79,174.57,181.14,190.24,194.10,198.46,205.00,208.61,211.52,217.08,217.12,222.40,227.24,231.93,236.71,239.28,242.04,250.00,252.26,254.34,257.28,261.47,256.33,252.93,249.34,242.86,239.13,230.00,222.02,215.73,210.38,205.80,199.47,194.25,192.31,185.97,182.04,177.72,171.73,165.86,162.05,155.63,150.27,144.69,131.55,123.41,117.24,106.83
118.47,132.97,139.65,149.16,157.50,169.12,176.78,185.35,189.40,194.16,200.00,204.16,208.71,211.69,213.04,219.31,222.73,229.07,231.66,234.83,239.08,242.35,247.42,247.83,251.05,256.03,253.95,250.54,247.41,240.76,233.08,227.88,223.44,214.03,209.57,203.42,197.80,193.26,189.79,183.56,180.47,177.10,169.00,162.34,160.38,152.01,150.66,140.68,132.85,124.91,115.60,105.02
113.23,127.35,135.15,144.78,150.34,161.83,168.72,180.42,183.07,188.96,189.49,197.09,202.28,203.95,203.38,212.46,213.18,223.40,225.23,223.95,227.27,233.50,236.92,237.26,241.03,244.61,243.74,239.04,238.07,232.02,224.40,216.58,214.22,207.50,201.00,195.66,188.43,185.22,180.49,179.90,175.96,167.17,165.12,156.89,154.87,146.45,143.54,135.09,128.75,121.75,110.02,101.08
112.93,128.16,135.83,146.71,152.40,163.62,169.03,180.60,184.02,189.76,194.02,199.04,200.66,205.24,204.88,213.69,214.08,220.60,223.66,226.98,230.93,236.30,240.47,241.94,243.66,246.84,244.17,238.92,237.54,233.56,228.08,217.89,213.24,204.89,200.02,195.50,188.07,185.95,183.10,177.00,174.39,166.30,164.01,157.62,156.20,146.22,140.73,136.01,128.70,120.22,111.46,101.55
116.16,130.19,135.79,145.40,153.01,165.41,171.03,179.27,185.04,191.32,194.49,199.90,202.36,206.49,207.28,214.45,215.23,222.32,224.08,228.01,232.36,237.47,241.77,242.74,244.27,247.59,244.90,239.71,238.82,232.43,228.14,218.28,213.59,204.88,198.86,195.03,189.41,185.23,183.44,176.79,172.19,167.36,162.83,158.04,154.16,147.87,142.89,135.72,126.53,120.02,111.23,101.82
119.10,133.20,141.24,152.31,159.31,169.50,176.53,186.30,190.63,196.06,200.68,207.02,209.32,211.74,211.40,220.23,222.45,229.99,229.62,234.58,237.20,242.07,246.22,247.31,251.10,254.02,251.45,244.50,246.26,241.22,235.80,226.18,217.18,212.90,208.47,204.13,197.97,192.37,190.47,184.45,181.02,172.79,168.47,165.30,159.53,151.24,145.88,138.06,132.61,124.74,115.49,102.83
120.22,135.37,143.59,153.06,159.86,170.47,177.10,188.83,194.43,199.00,205.01,208.12,212.13,214.57,214.46,221.05,224.88,229.47,232.30,236.41,236.88,244.71,247.26,248.41,247.82,255.29,251.96,245.75,242.74,241.81,236.48,228.06,225.70,218.10,213.23,207.46,203.20,197.23,193.83,189.64,185.92,179.20,175.41,170.66,165.03,158.11,152.84,145.01,135.25,129.29,119.10,107.94
113.60,126.92,135.09,146.86,153.33,163.87,169.85,181.22,185.95,188.85,193.49,197.94,203.39,203.79,205.87,211.21,214.35,218.48,222.64,224.93,229.53,232.82,238.95,238.35,241.59,247.82,243.71,237.26,234.70,231.02,223.79,217.69,210.60,204.78,201.41,196.21,187.56,183.33,180.55,174.66,173.99,163.52,163.82,159.62,154.18,146.99,139.03,132.40,128.88,118.60,110.32,100.66
120.42,135.00,141.82,151.16,160.26,173.25,177.71,187.93,191.85,197.71,202.81,207.40,210.95,214.11,215.08,220.00,222.91,232.57,231.47,236.21,239.20,244.68,248.28,248.85,250.08,254.77,251.79,247.76,246.64,240.44,236.50,226.50,223.00,213.78,207.42,205.29,199.65,194.33,190.12,183.45,181.24,176.07,170.19,165.42,159.78,154.26,147.63,144.59,134.50,126.92,119.75,107.94
114.27,126.65,135.25,144.94,153.55,165.08,169.45,181.03,183.45,189.62,193.05,199.90,202.54,206.77,205.41,212.56,216.62,222.95,226.22,226.59,230.56,236.17,240.60,241.03,242.26,249.63,246.05,238.54,235.99,232.73,226.91,218.10,212.27,206.49,200.89,194.79,189.38,186.29,182.24,177.88,171.82,167.03,164.77,158.00,155.04,146.67,142.24,135.95,128.51,120.10,110.49,101.53
114.00,126.72,135.10,144.31,153.05,163.88,169.80,181.02,183.47,189.24,193.07,198.16,201.40,205.65,204.85,212.25,214.83,224.72,225.28,225.43,229.89,236.02,241.46,242.51,242.16,248.72,244.66,238.05,237.14,234.34,226.60,219.20,212.24,208.13,200.81,196.80,189.23,183.53,181.69,177.16,174.90,166.23,165.51,157.93,153.70,148.06,141.03,136.86,128.89,122.09,112.22,100.90
112.79,130.73,139.82,148.64,157.65,170.04,172.19,189.76,194.05,198.73,203.15,210.20,214.98,215.39,214.11,220.60,224.66,228.96,231.55,235.59,240.67,244.44,250.53,249.47,250.57,258.49,255.00,248.57,246.20,240.35,235.13,230.20,222.04,211.91,211.09,203.67,198.18,193.19,188.96,184.09,181.04,176.49,170.75,166.51,162.31,155.42,149.46,140.25,135.33,127.61,116.21,105.08
114.48,129.40,138.06,147.41,153.57,163.88,170.49,182.46,185.78,191.06,192.78,200.21,202.57,207.00,205.12,212.22,215.33,225.02,225.36,227.06,232.21,236.60,241.12,241.10,243.68,250.06,245.97,238.60,238.92,234.54,228.18,220.10,214.01,208.46,202.30,196.23,192.26,185.35,182.91,177.91,176.78,169.09,165.49,159.78,156.18,147.58,142.90,136.06,129.31,121.12,111.66,100.24
104.80,115.77,124.00,132.77,140.19,150.30,155.19,164.13,168.34,172.90,177.05,182.18,183.10,187.52,185.98,192.26,196.29,202.16,204.36,205.83,209.12,215.14,217.70,220.15,217.34,221.55,218.18,213.43,212.15,210.16,205.01,199.48,195.14,188.45,183.52,177.00,171.60,166.43,164.60,161.99,157.87,149.93,148.12,143.39,141.60,134.95,128.80,121.81,115.73,109.57,101.32,92.36
117.02,129.69,137.00,147.30,156.95,165.60,174.15,182.43,186.23,191.93,197.52,200.82,205.30,207.97,209.33,216.09,220.05,226.90,226.38,231.21,236.24,241.07,244.66,245.97,249.47,251.43,249.23,245.69,242.25,236.97,233.40,224.12,217.94,209.35,203.89,198.32,193.09,188.16,185.54,179.23,175.76,170.84,165.89,161.40,154.28,149.00,145.09,138.32,129.26,120.95,115.66,104.81
118.41,118.93,136.57,148.22,145.36,167.61,169.64,186.95,187.61,193.50,193.00,202.14,204.90,208.86,208.66,216.08,216.76,227.70,229.71,230.57,232.77,242.40,245.23,245.55,247.29,253.84,250.41,242.87,242.02,237.86,233.54,223.47,217.08,212.01,204.63,200.74,192.13,189.47,187.80,179.47,179.08,170.30,168.72,160.78,158.15,150.08,144.28,138.35,131.02,123.00,113.07,104.79
120.60,134.83,142.66,154.05,160.63,173.28,178.60,191.32,194.01,200.87,203.50,210.15,213.53,213.93,215.60,223.22,225.11,233.69,235.78,237.54,240.52,246.60,251.78,251.14,252.66,257.93,256.85,248.39,249.02,244.27,237.22,229.00,223.71,217.99,210.92,207.18,198.91,194.65,190.95,187.00,183.92,175.24,173.00,168.05,163.78,156.12,148.76,144.37,136.03,127.53,115.43,106.28
123.07,136.01,142.43,152.07,163.25,173.61,182.27,192.38,194.59,198.13,207.97,210.71,213.55,217.83,218.08,223.65,228.46,231.81,238.03,240.10,245.12,249.69,255.44,255.73,257.18,261.01,255.18,254.03,249.95,245.90,240.61,233.08,227.16,216.92,213.69,208.61,200.89,197.40,191.59,187.00,183.38,178.66,173.30,169.07,165.41,157.31,151.61,145.53,134.83,126.25,117.90,108.26
121.28,133.82,143.21,151.24,161.05,173.28,179.78,187.41,191.77,197.31,203.53,207.89,212.13,213.69,216.15,221.16,224.72,230.56,234.00,236.48,241.11,245.25,250.35,251.44,252.61,256.05,251.59,246.95,247.78,240.52,235.79,228.47,222.19,213.48,210.09,203.65,199.83,194.81,192.07,185.17,182.39,177.55,169.65,164.92,161.38,155.32,149.03,143.29,133.38,125.24,118.87,107.22
121.04,135.38,142.86,150.88,162.20,173.66,180.42,187.56,191.00,197.34,203.03,206.31,212.32,214.71,216.12,220.77,224.40,230.79,231.24,236.48,241.57,246.43,249.97,250.46,250.50,255.13,250.91,247.41,248.27,241.61,237.08,228.48,224.34,214.22,209.30,204.19,200.93,194.28,192.52,185.00,181.10,176.38,171.13,164.54,161.93,154.26,148.66,143.22,132.82,125.20,117.27,106.10
114.21,127.48,136.07,146.74,152.05,163.44,170.14,181.84,186.10,190.54,192.11,198.84,202.81,205.57,204.83,213.18,215.56,223.86,225.11,224.96,230.67,236.14,240.68,240.26,241.17,247.95,243.95,235.82,236.81,232.03,225.68,218.32,213.89,209.80,202.20,197.01,189.17,183.86,181.60,177.39,175.15,165.85,166.83,160.90,155.65,147.71,143.00,134.85,127.78,122.20,109.66,102.53
119.82,134.63,141.90,152.43,159.86,170.85,180.01,188.83,192.78,199.64,203.16,208.21,212.45,214.97,215.19,222.39,226.46,233.00,236.01,236.03,240.87,246.02,250.46,253.13,253.44,260.76,255.83,249.01,250.00,244.05,236.91,230.24,223.30,218.25,212.45,208.02,202.70,194.28,192.28,186.90,183.85,178.62,172.59,167.97,163.11,154.86,151.16,144.06,136.56,126.15,119.25,107.69
105.95,118.14,126.09,135.18,141.78,151.21,158.43,167.55,171.27,175.31,179.23,183.20,186.59,189.84,188.37,195.02,197.61,202.59,205.92,206.52,212.34,215.06,220.80,220.23,222.14,226.22,225.21,218.65,217.01,215.04,209.04,199.83,195.88,192.26,187.93,180.71,173.28,171.02,168.72,165.95,163.42,154.95,154.26,146.56,145.00,134.94,131.03,125.72,120.43,112.38,102.18,94.20
119.64,137.06,144.25,154.06,162.36,174.45,181.97,191.23,195.23,200.66,204.46,210.40,213.43,217.12,217.34,224.95,229.01,234.80,237.15,239.44,244.27,248.73,253.81,254.19,255.98,260.89,258.52,252.52,250.89,246.79,239.49,231.86,225.14,221.65,213.38,208.63,202.63,197.34,195.47,189.24,186.94,178.53,175.07,167.69,165.11,157.41,150.42,146.89,137.87,130.10,119.57,108.05
120.92,136.49,143.03,153.94,161.28,173.08,181.02,192.43,194.99,200.68,203.06,210.34,213.43,216.02,216.16,223.64,227.86,235.79,237.26,238.08,242.10,247.49,252.29,254.15,255.20,261.84,256.38,252.30,250.64,247.39,239.43,230.52,224.90,219.24,213.96,207.39,199.21,195.67,193.46,188.96,184.53,176.23,174.23,168.76,164.35,158.34,150.66,142.86,136.09,127.81,117.52,107.42
122.04,137.30,144.54,154.21,163.11,175.85,182.33,190.92,194.59,200.08,202.67,211.21,214.11,216.91,217.27,223.32,227.34,234.34,236.60,240.47,243.82,249.76,253.25,256.20,255.52,260.66,255.56,251.88,253.85,243.90,239.85,230.63,225.67,217.27,211.90,208.00,200.57,197.21,194.62,189.23,183.61,178.77,174.42,167.76,164.54,157.89,151.48,144.84,136.12,127.77,118.60,108.41
107.45,120.21,127.48,138.65,143.09,153.01,160.15,168.11,170.55,178.27,178.72,184.74,188.77,189.84,191.38,198.04,198.91,206.49,206.83,210.60,213.78,218.34,223.32,222.41,226.04,227.69,224.36,222.00,219.92,214.23,212.43,203.93,198.01,192.39,186.17,181.14,176.79,172.14,170.75,165.50,163.47,156.08,152.45,148.35,144.46,137.44,132.02,126.75,119.57,112.16,104.06,96.08
123.07,138.62,145.10,154.12,164.12,176.21,183.61,193.02,195.44,200.26,206.30,210.79,214.87,218.22,219.49,225.80,226.99,233.75,236.86,240.75,244.39,248.78,254.70,256.03,256.89,263.15,255.36,252.79,252.12,245.39,239.25,230.84,226.38,216.45,212.08,206.00,202.34,196.88,192.38,188.30,182.99,179.55,173.25,166.82,163.44,159.08,150.57,144.84,134.62,126.92,119.42,109.12
118.70,130.10,140.55,147.28,160.70,168.39,177.28,183.77,190.39,195.36,199.10,205.18,208.06,210.95,211.54,218.07,222.45,227.66,229.84,234.48,236.93,244.01,248.65,248.78,250.84,254.28,251.13,248.27,245.25,239.31,235.31,225.66,219.54,213.79,207.23,202.25,195.11,191.04,187.97,181.57,177.51,174.60,166.31,160.88,158.05,152.27,144.03,139.70,127.47,122.41,116.11,105.12
117.99,130.46,138.80,150.00,157.65,168.44,174.64,184.81,188.04,194.18,198.00,202.47,205.65,209.00,209.48,216.36,221.38,227.22,225.73,231.95,235.36,241.01,243.24,244.66,247.42,252.16,247.76,244.30,241.85,237.02,235.47,223.24,218.66,211.55,205.07,199.92,193.89,188.73,187.95,179.07,178.10,173.93,167.61,162.83,159.20,151.08,146.93,142.13,130.39,123.02,116.08,106.10
116.73,128.79,138.60,148.72,158.68,165.42,175.03,183.14,186.02,192.60,196.40,201.70,206.18,208.19,210.28,215.72,220.64,223.65,226.65,230.01,234.18,241.21,245.25,246.98,247.00,251.92,246.56,244.20,241.70,236.60,231.69,224.34,217.37,209.77,203.54,197.95,192.51,186.82,183.10,178.39,174.81,172.86,164.01,160.11,156.73,149.57,144.54,137.77,129.50,120.42,113.05,102.96
108.24,122.02,127.81,137.23,144.09,154.86,160.11,170.23,174.94,178.97,182.04,187.75,190.06,191.08,193.00,199.90,204.09,208.14,210.61,212.19,215.08,219.42,225.33,225.02,226.05,233.31,228.62,223.14,221.11,217.88,212.45,204.47,199.33,194.99,190.52,183.21,179.11,174.64,170.29,166.43,165.00,156.82,154.64,149.05,146.10,140.00,133.52,129.19,121.46,115.97,104.69,95.08
115.94,130.92,139.98,149.35,153.56,165.68,172.01,184.84,187.07,193.26,194.99,203.21,205.79,208.46,207.46,216.67,218.26,226.53,228.02,230.18,236.36,240.80,245.69,245.12,245.90,253.67,247.98,241.95,242.40,236.93,229.75,224.02,218.01,212.14,206.34,200.80,193.33,187.30,184.20,182.02,178.73,168.63,168.51,161.77,157.54,151.33,143.84,138.16,131.24,123.97,111.52,102.96
103.59,132.61,127.46,141.43,158.32,156.52,180.38,180.68,187.42,195.56,194.76,202.04,208.17,212.13,212.85,219.15,221.65,230.52,232.25,236.66,241.83,248.76,252.96,256.16,257.11,263.93,261.61,254.96,253.07,244.72,238.52,228.02,217.47,213.00,201.31,197.77,189.39,182.99,178.49,172.80,170.24,162.56,158.91,151.60,150.73,144.27,138.05,132.09,124.42,117.80,107.04,99.14
119.23,133.09,141.78,151.21,160.33,172.00,178.40,187.78,190.76,196.79,201.56,206.74,210.05,214.00,215.45,222.19,225.42,229.68,233.21,236.60,241.14,247.15,251.51,252.22,253.48,258.80,253.10,249.65,248.39,242.74,238.52,227.49,222.03,214.66,211.26,202.53,196.96,191.02,189.11,183.00,180.36,174.41,168.72,163.09,158.47,153.60,148.43,142.71,133.09,124.62,115.12,105.51
122.59,136.53,145.67,156.04,163.84,174.64,182.86,194.51,197.72,203.03,207.02,212.51,217.04,219.62,219.13,229.16,228.48,237.49,239.84,240.96,246.00,249.87,256.42,256.80,257.60,263.70,259.54,252.79,249.71,248.17,241.10,233.62,228.27,219.32,216.92,207.65,201.73,194.36,193.40,188.29,184.74,177.52,175.31,169.71,164.35,156.34,151.48,143.22,137.32,128.22,117.65,108.46
108.66,121.80,130.21,139.71,148.79,159.15,165.08,173.03,174.57,180.80,187.28,188.47,194.01,194.10,195.51,201.59,204.88,208.69,213.19,214.17,217.83,221.07,228.01,226.14,228.06,230.78,228.25,225.14,222.93,217.38,212.93,205.29,200.56,194.62,187.45,185.30,177.54,175.14,173.95,165.41,162.05,158.15,154.12,148.33,145.87,141.16,135.83,129.25,119.60,113.89,107.07,96.18
116.78,130.23,137.99,150.16,157.18,168.32,174.87,186.70,187.95,195.88,198.12,205.18,207.17,210.22,209.48,217.92,220.64,228.71,229.63,233.09,237.74,242.14,248.36,250.00,249.35,253.41,249.56,244.48,244.20,239.70,233.08,225.22,219.21,213.78,208.00,200.82,193.78,186.56,185.53,182.73,179.81,172.28,168.96,163.00,157.80,151.01,143.14,139.36,132.10,124.45,112.92,104.00
108.66,120.33,128.72,138.52,145.25,155.08,159.76,171.02,173.74,179.40,182.00,189.86,190.68,193.04,193.20,200.57,202.05,210.77,212.21,212.90,216.36,221.42,226.29,228.12,228.12,233.00,232.13,224.96,223.00,219.83,214.34,206.16,200.44,196.54,190.07,184.68,179.10,174.55,171.33,169.05,164.88,157.70,154.20,148.41,144.18,137.30,134.53,128.08,118.60,114.34,104.22,96.02
118.85,131.21,141.82,152.59,159.53,169.81,176.24,186.45,190.80,196.40,199.69,205.00,208.17,211.62,211.10,217.82,220.84,226.97,230.46,230.99,234.48,239.02,245.08,244.83,247.41,252.98,249.19,243.03,243.24,235.75,230.87,223.79,214.67,212.14,205.45,200.81,194.01,189.11,187.04,180.31,178.47,170.95,168.32,162.27,158.94,151.58,146.66,139.09,132.06,124.34,114.24,104.48
129.87,143.60,155.13,165.42,174.29,186.20,192.76,206.12,209.48,215.41,219.58,226.12,227.23,230.71,230.71,237.47,242.33,248.65,251.56,253.06,254.12,260.02,264.34,265.83,269.16,274.96,270.35,264.37,263.21,261.43,256.56,247.23,242.35,240.52,233.66,228.43,221.45,216.23,212.81,209.78,205.53,196.15,192.21,186.43,180.41,173.07,165.60,159.83,150.78,142.09,130.14,119.02
108.07,115.52,123.76,132.61,140.36,145.80,156.63,167.01,171.82,173.76,179.60,184.35,189.53,188.74,193.75,197.96,199.90,203.80,208.39,209.99,210.64,216.00,220.78,223.32,222.55,225.66,226.53,221.65,223.44,220.24,214.39,209.55,206.63,201.47,196.16,195.44,193.60,191.13,189.19,183.61,179.51,178.24,173.52,168.96,165.17,161.15,154.15,145.17,138.68,133.69,123.79,111.63
108.78,114.61,121.40,133.88,140.43,147.34,158.40,166.43,171.49,175.50,178.53,184.79,190.65,189.69,191.66,197.06,199.88,206.20,209.68,210.64,211.01,216.34,221.29,222.73,222.87,226.12,225.38,221.35,222.25,218.84,214.01,210.04,206.40,205.30,198.91,197.02,193.26,189.62,188.32,185.32,181.33,176.48,174.09,170.95,165.75,161.23,155.43,146.74,139.81,134.97,125.10,112.79
124.33,139.36,148.00,156.54,167.30,176.38,185.54,193.66,198.52,203.35,207.87,212.85,215.93,219.58,220.84,227.37,231.48,236.32,239.27,240.65,246.01,253.22,258.37,258.21,258.97,263.32,259.62,256.74,253.29,247.76,242.99,233.93,225.61,220.81,213.32,209.09,201.76,198.09,195.23,187.39,184.69,179.00,173.56,167.84,165.71,157.41,152.82,144.40,136.68,127.39,120.31,107.81
106.73,121.82,129.65,139.01,143.68,155.46,161.14,171.83,174.87,177.63,181.80,185.69,190.42,193.35,192.15,198.71,200.18,208.21,208.97,211.54,215.06,219.26,223.02,222.14,224.72,230.53,226.92,218.72,220.69,215.23,211.55,205.00,197.50,190.79,186.63,181.73,176.08,171.90,169.53,165.89,162.64,155.00,154.65,149.26,146.82,137.18,132.85,127.41,120.37,114.00,102.96,94.51
118.07,131.31,137.89,149.05,158.38,168.00,173.62,183.77,188.32,193.31,198.83,202.95,207.66,208.39,210.12,216.93,219.61,224.11,226.63,229.17,235.14,238.67,245.18,246.40,245.52,251.29,246.95,242.00,239.44,235.84,229.33,220.31,217.08,208.19,205.06,197.65,191.32,188.09,183.37,178.33,175.45,170.51,164.15,160.35,157.87,151.92,146.09,138.88,130.67,122.32,114.00,103.10
116.73,130.10,139.09,147.87,157.80,168.67,175.42,184.05,187.02,193.13,198.31,203.59,206.81,208.63,211.10,216.42,221.07,225.14,229.16,230.71,235.48,239.84,245.05,244.77,247.74,251.21,246.10,243.18,239.40,237.43,229.45,221.58,215.03,206.65,201.95,199.06,191.76,187.58,182.94,179.04,174.24,170.70,165.85,160.03,154.38,148.22,143.14,137.19,129.77,120.00,114.34,104.05
115.41,128.41,138.00,149.46,155.60,168.36,174.16,185.22,188.99,193.26,197.00,203.69,207.42,210.30,209.35,217.11,221.29,227.72,227.38,229.93,234.56,239.12,244.05,245.18,247.03,253.00,248.56,243.00,239.71,235.00,229.92,222.00,215.67,209.34,204.08,199.81,191.40,186.13,184.32,179.34,176.07,168.62,166.68,159.59,155.87,148.49,143.78,137.31,129.07,120.50,111.88,102.08
108.04,119.77,126.57,136.86,144.12,154.43,161.23,170.66,173.67,178.63,181.95,187.18,190.32,193.31,190.66,198.70,202.24,207.13,209.09,209.35,213.18,217.80,223.61,223.73,224.72,229.61,226.24,220.23,219.53,214.98,209.34,202.23,196.98,189.68,187.86,181.62,175.56,170.29,168.08,162.86,159.82,155.46,152.80,145.96,143.84,137.00,131.10,125.99,118.96,112.36,102.46,94.11
110.54,121.93,131.22,140.43,148.69,159.36,164.44,175.29,175.87,181.60,185.02,191.90,193.28,196.58,198.44,205.88,207.47,212.08,214.16,218.21,220.95,225.58,230.08,231.04,234.36,235.37,232.12,228.48,226.72,221.14,216.51,210.64,202.63,197.10,191.00,186.72,180.09,175.00,173.01,169.37,164.30,159.18,153.52,149.93,146.37,139.60,133.96,130.05,121.34,112.77,107.56,97.74
110.48,123.98,132.02,141.76,148.17,157.92,163.25,173.66,175.78,182.46,185.35,191.21,194.98,195.73,197.65,203.92,205.18,212.61,213.18,215.57,220.78,225.14,229.26,229.53,231.67,236.18,233.81,227.04,223.83,221.81,217.04,207.47,202.97,195.45,192.67,184.20,179.40,174.73,172.24,166.46,164.25,159.15,155.60,150.12,145.50,140.01,134.06,128.38,119.60,113.89,104.56,97.42
108.46,121.80,129.85,139.09,145.77,156.65,162.11,172.93,175.07,181.14,182.43,189.76,192.11,194.74,195.17,200.82,201.80,209.85,210.38,212.45,218.00,220.20,225.79,225.36,226.37,231.42,227.98,222.25,220.11,217.01,213.85,205.68,198.18,193.37,188.28,183.15,177.61,172.74,170.02,165.02,162.20,155.36,155.39,148.65,144.96,137.30,131.24,126.91,120.30,114.04,104.00,94.18
108.93,124.33,130.60,139.18,150.99,157.04,165.20,171.75,178.04,183.92,185.78,189.86,192.11,194.83,196.09,203.44,206.04,212.20,215.80,214.98,218.93,224.15,229.03,229.63,231.40,234.80,231.98,227.25,224.66,221.98,215.39,208.36,201.00,196.54,192.38,186.08,179.66,173.59,171.47,168.51,164.25,157.14,155.24,150.27,145.80,140.06,134.73,128.08,124.56,115.11,104.92,95.80
109.93,121.62,130.38,139.13,147.14,157.14,164.34,173.69,176.48,182.00,185.32,189.45,192.94,194.45,193.09,201.55,203.63,208.48,213.41,214.35,216.67,222.14,226.30,228.62,229.14,232.56,228.27,223.89,223.06,219.01,212.95,207.47,200.38,193.98,188.69,183.53,177.16,171.19,170.04,166.63,163.44,156.92,152.84,149.09,145.53,137.77,132.46,127.58,119.02,113.72,106.10,95.52
110.80,124.43,130.86,139.23,148.69,158.15,165.34,172.63,176.23,181.89,185.33,190.77,193.05,197.68,197.95,203.35,205.55,210.79,213.69,217.91,220.66,223.90,229.65,231.04,231.74,235.59,232.82,229.08,227.48,222.52,217.15,208.08,202.41,196.42,191.09,188.05,181.95,178.36,174.00,170.58,166.40,163.78,155.57,151.54,148.17,142.87,138.96,132.19,122.80,115.97,108.85,99.46
118.53,132.38,142.05,152.50,158.42,170.43,177.89,187.32,190.00,197.82,199.26,207.18,210.01,211.74,212.71,220.01,220.60,228.47,229.82,233.09,235.42,241.42,245.58,247.11,247.49,253.30,249.66,243.29,244.12,237.70,232.61,223.06,216.93,212.25,204.64,200.56,193.19,188.35,185.27,181.60,177.49,169.96,167.76,162.27,158.65,150.75,144.00,139.30,132.00,124.15,111.32,102.18
117.96,130.51,141.40,151.27,159.05,167.73,174.89,186.05,187.75,196.60,198.41,203.71,207.76,210.68,211.37,218.07,221.92,226.81,230.85,230.78,236.02,240.90,247.31,248.28,247.41,252.00,249.19,242.54,240.67,237.03,233.50,224.80,217.80,212.30,205.64,198.66,192.00,187.78,184.55,182.04,179.80,170.48,166.88,162.56,157.95,151.58,144.78,138.40,132.28,124.34,113.64,101.92
119.33,134.65,140.43,153.29,161.15,172.43,177.20,187.48,191.05,198.12,201.76,207.50,210.19,213.88,214.95,220.84,223.32,229.71,229.84,237.68,239.52,246.56,249.24,251.46,252.52,256.56,254.33,248.24,246.71,239.44,236.08,229.71,221.33,210.98,207.16,201.09,194.64,191.05,188.11,181.25,178.03,174.10,165.70,160.03,158.67,152.95,147.30,139.29,130.97,123.31,118.07,103.73
120.27,134.85,141.01,152.88,159.81,172.26,178.10,188.40,191.76,197.72,203.35,208.12,209.86,214.46,216.07,221.29,225.22,229.75,232.25,237.69,241.00,246.74,250.20,254.20,253.33,257.10,254.24,249.95,247.68,241.53,237.61,229.21,222.64,214.44,208.61,203.21,195.79,192.13,188.48,182.63,179.82,173.53,166.87,162.81,158.94,153.44,150.23,140.00,132.19,124.34,116.40,106.47
118.70,130.25,140.09,149.91,157.54,167.59,176.71,184.17,188.85,192.67,196.49,202.24,206.53,207.54,205.83,215.95,216.72,223.90,225.44,228.21,231.53,235.61,240.84,242.00,244.00,247.32,244.14,237.95,239.02,232.12,226.86,218.69,214.01,208.92,202.42,196.29,190.56,185.41,184.38,177.03,174.63,168.05,166.21,160.03,156.02,150.23,143.89,136.09,130.61,122.67,112.58,102.70
112.00,123.41,132.85,140.87,148.48,159.20,165.41,173.36,176.38,181.33,185.41,191.78,193.87,196.76,194.50,202.74,205.80,213.40,213.18,215.93,220.04,224.47,229.30,228.30,229.01,235.64,231.46,225.30,224.32,218.83,213.01,205.38,200.20,195.33,189.74,184.20,177.72,173.01,170.79,168.00,163.44,154.69,156.16,149.86,145.25,139.74,134.39,127.58,122.07,115.32,104.35,96.61
116.30,131.14,139.18,150.75,154.35,168.24,174.90,185.88,190.39,194.31,197.44,202.63,205.77,209.20,208.40,215.60,218.83,224.59,224.98,231.80,235.27,239.53,243.40,243.29,246.27,250.22,247.13,240.97,241.22,235.64,231.80,222.11,216.91,211.93,204.47,198.25,194.03,188.15,186.45,180.31,178.55,170.52,167.52,161.20,160.03,151.48,144.31,139.09,130.70,124.43,113.72,104.10
110.68,122.41,128.35,138.95,146.44,156.12,162.12,170.31,174.87,180.54,184.40,189.28,191.70,193.54,194.44,201.61,201.85,207.56,209.83,213.74,215.70,220.86,224.83,225.73,227.34,231.31,228.04,224.01,221.82,215.13,211.29,204.02,199.45,193.20,186.76,184.57,178.60,174.41,171.97,166.48,164.03,158.11,153.22,147.80,145.50,139.46,136.50,129.00,121.40,112.45,106.85,96.83
118.85,130.42,138.88,148.66,158.32,169.71,174.90,185.72,189.19,193.75,199.21,204.36,206.41,209.35,211.29,216.39,221.28,225.96,227.27,233.38,236.21,240.84,242.44,245.35,248.29,252.70,247.01,244.20,242.64,235.36,233.75,225.22,217.59,208.75,201.56,201.30,194.26,189.71,186.60,180.02,177.08,171.84,166.83,161.06,157.15,151.18,146.51,140.94,129.39,121.84,114.81,104.62
116.69,131.03,140.80,149.46,158.15,167.36,174.69,185.13,188.53,196.89,196.94,205.88,208.81,211.48,212.25,218.84,222.73,228.41,229.64,232.12,235.92,241.30,245.75,246.79,247.83,252.05,249.10,245.22,242.54,237.62,233.50,226.38,218.41,211.78,205.88,201.20,194.74,190.07,186.13,182.12,179.45,170.76,169.03,162.02,156.58,149.83,144.26,138.10,130.74,122.67,116.25,104.02
119.71,131.76,140.66,151.85,159.77,169.76,176.48,187.55,191.69,196.82,201.90,206.73,210.64,213.66,213.51,220.02,222.73,230.05,231.87,234.62,237.86,243.40,248.56,247.63,248.10,255.97,253.48,244.75,243.15,240.71,232.45,224.70,217.89,212.56,206.66,200.41,193.76,188.48,185.69,179.63,177.18,168.34,169.00,162.87,158.11,149.48,144.93,138.09,131.10,123.11,113.84,104.24
118.00,131.49,142.27,150.14,156.89,168.68,175.03,186.32,189.68,195.85,198.30,203.12,208.22,209.90,209.70,217.86,219.18,227.43,228.00,228.00,234.31,237.70,243.82,243.29,242.54,250.72,246.13,238.32,237.86,233.00,227.09,219.44,214.22,208.89,203.04,196.70,190.00,185.39,183.24,179.40,176.71,166.39,164.88,159.66,155.72,147.01,143.92,135.77,129.62,120.10,111.80,102.62
75.43,84.39,89.02,97.50,102.42,108.23,110.15,118.21,120.43,125.24,129.31,131.49,132.83,137.01,138.24,141.45,144.59,148.65,149.80,155.71,155.79,155.32,160.38,155.80,158.34,157.20,149.22,141.06,131.23,121.49,114.16,113.65,98.37,92.44,90.92,100.21,114.93,134.41,161.82,178.28,193.46,195.26,195.35,195.18,195.35,188.48,182.18,173.22,162.26,151.49,143.67,127.32
116.50,130.25,139.46,150.08,156.67,169.07,175.60,187.41,189.76,195.04,198.04,204.44,207.85,210.94,211.19,219.02,221.92,230.56,230.41,232.44,235.94,241.90,245.90,247.39,248.41,253.90,251.21,243.59,244.01,237.30,229.75,222.42,216.21,212.24,204.36,198.66,193.04,186.68,185.07,180.71,175.86,169.74,165.66,161.45,158.40,150.30,145.88,138.75,131.02,122.11,111.16,102.88
116.18,130.63,138.36,149.40,155.62,168.86,173.57,184.17,187.58,194.62,197.12,202.00,206.65,208.87,210.24,216.41,216.92,224.59,226.24,229.83,234.34,238.52,243.21,245.88,244.90,251.77,245.45,241.02,239.17,232.97,230.72,221.55,213.27,206.20,201.14,195.36,189.97,184.00,181.32,174.75,174.77,166.63,161.52,156.11,154.18,146.26,140.70,137.03,127.31,120.67,111.83,101.71
109.25,121.83,127.35,137.10,145.60,153.95,161.52,170.55,174.06,177.25,182.88,187.52,191.13,192.87,192.44,197.77,202.73,207.02,209.34,211.05,215.52,219.35,224.96,223.29,224.98,230.56,225.74,220.74,218.59,215.41,209.10,201.56,196.58,190.68,187.27,181.23,174.45,170.14,168.87,162.61,158.29,153.22,150.00,145.58,140.89,136.93,131.64,125.30,117.00,109.88,102.84,94.37
110.35,120.10,128.80,139.03,145.00,158.49,159.70,172.24,174.66,181.75,182.54,188.60,191.46,194.25,194.49,201.04,203.07,210.54,212.00,213.02,218.05,220.91,225.97,226.93,225.98,233.85,229.08,221.35,220.15,217.33,212.61,203.30,197.91,191.02,188.10,182.66,175.48,171.99,168.36,165.32,161.12,153.64,152.95,147.11,143.17,136.70,132.32,125.30,118.02,111.49,102.73,92.72
122.44,137.38,146.01,157.47,167.11,178.90,185.10,194.61,197.25,203.86,206.98,212.23,214.97,221.42,221.62,228.06,230.71,237.26,239.59,244.01,245.80,252.41,256.60,257.77,260.43,262.19,257.61,255.52,252.39,246.72,241.60,231.40,225.11,215.82,209.47,205.65,200.82,195.73,191.41,186.08,182.66,177.72,169.92,163.93,160.86,154.06,150.95,145.09,136.56,129.12,118.51,109.55
113.27,127.42,133.45,144.27,151.83,163.23,169.96,177.61,180.60,185.72,189.71,195.90,198.60,202.20,202.42,208.09,211.08,216.49,217.80,221.05,225.28,230.34,233.35,233.44,236.48,240.01,235.85,232.28,230.84,225.28,219.32,211.57,206.89,198.18,191.76,188.31,184.76,178.35,173.66,169.01,165.72,162.86,156.24,150.84,148.00,142.20,137.84,132.44,122.92,115.88,108.07,99.04
119.51,133.81,140.09,149.00,158.82,169.86,175.64,184.95,189.68,195.49,200.69,203.73,207.97,212.05,212.15,217.44,219.69,225.59,226.21,231.60,237.12,240.95,245.05,244.44,245.54,249.91,245.86,242.61,238.81,234.20,230.43,221.05,217.08,207.66,202.20,197.82,192.20,187.61,183.22,176.79,173.23,169.29,163.13,158.04,154.55,149.25,144.27,137.28,127.14,121.04,112.54,102.55
123.58,137.77,146.00,155.93,164.00,177.20,184.76,193.13,196.12,202.39,206.69,212.56,215.36,219.97,220.91,228.00,229.30,235.48,238.91,242.62,244.97,251.62,254.47,256.53,257.60,262.49,257.18,253.14,251.92,245.12,240.63,230.56,225.06,216.78,212.85,205.18,200.41,196.40,194.26,188.06,183.14,178.01,173.08,167.28,164.02,158.62,152.32,144.27,134.47,128.08,120.20,107.84
115.73,128.74,139.63,151.60,157.09,168.86,173.97,184.26,187.92,194.49,198.54,202.25,206.60,210.62,211.09,216.75,217.57,223.88,225.57,232.25,234.34,238.65,240.76,245.20,244.86,250.12,244.02,241.37,238.21,233.38,229.01,220.97,213.46,208.02,203.07,196.47,191.37,186.19,181.62,178.51,177.28,168.57,164.11,158.86,154.69,146.74,143.01,134.94,127.09,121.82,113.22,102.24
117.18,130.65,139.28,149.62,158.69,167.87,176.18,183.83,187.00,193.94,198.82,201.61,205.83,211.46,210.52,215.57,219.54,225.02,226.81,228.55,232.90,240.24,244.26,244.07,245.93,249.15,245.41,243.18,239.43,231.46,228.41,221.45,212.61,207.48,201.32,197.23,192.00,187.10,183.58,177.63,175.51,169.78,164.02,158.45,154.32,148.68,144.27,137.77,126.87,121.04,114.79,103.59
110.06,120.67,128.14,136.69,145.58,154.00,160.11,169.76,173.76,178.40,182.54,187.54,188.18,191.88,193.83,198.73,201.25,205.65,207.58,211.62,214.22,219.58,221.92,223.81,223.57,228.23,224.01,220.10,216.94,213.41,209.67,200.48,196.09,189.00,182.94,179.30,175.03,169.50,167.71,162.93,159.30,154.00,150.21,145.10,142.84,137.13,133.20,127.35,118.19,111.00,103.75,94.81
122.35,134.63,144.17,154.30,161.64,174.18,180.01,191.25,194.79,200.02,202.74,212.25,214.68,217.86,216.11,224.88,227.61,235.64,237.52,239.08,242.67,250.46,253.19,253.71,254.70,260.32,256.27,250.60,249.10,244.30,237.26,229.39,221.98,216.06,209.61,204.98,197.16,193.87,188.09,185.06,181.03,174.43,170.67,165.30,160.70,153.94,148.50,141.03,133.09,125.92,116.10,106.61
109.25,120.00,128.38,135.37,145.78,154.26,160.64,170.18,174.56,178.57,183.33,186.02,188.90,192.26,193.08,196.98,202.31,206.62,208.90,211.61,216.93,221.50,225.85,224.75,224.74,227.19,225.25,221.05,218.32,213.53,208.74,201.56,195.24,190.60,184.59,181.57,174.43,171.98,167.71,163.38,159.68,155.29,149.16,144.06,142.44,137.01,132.77,127.31,119.01,112.04,104.18,94.76
122.20,133.14,143.93,155.68,163.20,172.98,181.32,192.42,193.37,201.73,203.77,211.36,213.03,216.59,216.33,223.57,227.40,235.05,236.41,236.43,241.92,247.63,251.92,253.50,252.24,256.63,255.52,247.61,245.07,242.17,234.36,228.04,219.74,214.22,208.75,202.73,196.06,192.50,188.90,184.76,179.61,171.29,169.31,162.61,159.88,153.01,148.08,142.00,134.32,127.53,115.62,104.36
128.13,144.07,153.81,163.92,172.99,183.00,190.52,203.49,208.47,214.55,215.26,223.23,225.76,228.01,230.63,234.78,239.64,246.45,248.32,250.60,255.10,259.03,262.83,264.02,265.71,271.67,267.71,262.52,262.61,256.94,252.61,245.01,241.15,235.10,228.53,223.43,215.34,210.39,207.87,203.33,201.12,191.13,187.64,182.32,177.46,169.85,162.74,155.62,146.21,137.93,126.32,113.64
123.04,138.84,146.10,155.31,164.91,176.31,184.45,192.30,196.15,202.20,208.17,214.80,215.84,218.10,219.86,224.18,229.40,235.36,237.19,242.26,246.15,249.16,255.93,255.47,255.03,261.02,256.88,253.02,250.01,244.01,239.62,229.71,223.60,214.85,211.78,205.06,199.92,194.66,192.03,186.05,182.88,176.71,171.84,165.01,162.93,156.85,151.35,145.28,134.37,125.67,119.54,106.96
118.13,131.59,139.27,149.38,157.15,166.76,173.83,185.78,190.07,193.63,198.84,203.18,205.29,209.35,209.77,216.09,219.66,225.73,226.99,229.93,235.85,240.52,245.00,244.47,247.16,252.07,245.59,241.63,240.19,233.32,230.22,220.01,216.21,210.51,204.71,196.65,190.79,189.02,186.20,180.85,176.40,170.56,166.71,161.19,157.03,150.45,145.83,140.91,131.73,123.07,112.26,103.04
107.90,121.26,125.16,135.72,144.94,152.59,159.39,167.82,171.21,175.82,181.00,185.95,188.22,190.21,191.04,195.66,200.66,203.49,206.52,207.68,212.01,215.24,219.97,220.91,221.42,225.40,220.64,218.59,216.70,211.62,206.52,199.62,195.23,186.70,183.32,180.24,174.73,170.88,167.71,161.94,159.67,154.90,149.47,144.89,143.34,138.00,133.66,127.66,118.07,110.75,103.45,94.89
118.81,131.03,138.65,148.38,158.69,168.34,174.52,184.66,188.31,193.37,197.10,202.71,205.77,208.00,209.88,216.15,221.05,224.12,226.56,228.98,236.30,240.13,243.91,245.60,247.32,248.09,245.33,242.24,240.29,233.69,230.02,219.64,213.96,206.55,199.64,196.46,191.05,186.20,184.32,180.35,175.58,170.07,164.83,158.32,154.94,150.23,145.42,137.57,129.19,121.25,112.54,103.73
120.70,136.56,146.24,155.46,163.51,174.20,182.53,195.09,197.01,202.85,202.87,212.45,214.24,218.82,218.39,226.01,227.55,235.68,238.52,238.03,241.96,248.65,252.03,254.96,253.86,262.83,258.65,249.10,249.09,244.52,238.44,232.54,223.32,216.93,211.15,205.92,198.46,194.47,191.15,187.76,182.33,174.63,173.22,167.00,161.28,153.84,148.69,143.81,135.06,127.39,116.36,106.79
117.05,131.38,137.24,147.80,156.54,167.19,173.99,183.66,189.02,194.43,198.12,204.84,206.19,210.83,211.26,217.22,221.42,227.26,229.51,232.59,235.30,241.81,246.50,249.15,248.28,252.36,246.43,242.54,240.75,236.02,229.05,220.74,215.60,207.93,202.94,197.37,191.92,188.48,184.10,179.94,174.92,170.67,165.22,158.67,153.70,149.65,143.85,138.76,127.64,120.42,113.76,104.24
117.52,131.32,136.47,146.11,156.63,167.94,173.51,182.46,187.88,192.38,196.98,202.36,205.23,208.57,208.06,213.55,217.75,222.69,226.24,229.38,231.97,238.16,242.44,242.03,244.60,248.09,244.40,241.15,237.02,233.07,226.37,219.86,212.23,205.01,201.47,193.98,191.56,184.95,181.73,175.32,172.63,168.24,162.03,157.49,153.39,147.80,144.55,137.20,127.95,120.81,113.22,103.25
115.38,129.25,139.46,148.82,154.74,166.59,172.70,185.88,189.84,194.13,195.82,203.22,207.85,210.30,209.24,217.15,219.24,225.62,227.92,231.46,235.26,240.71,246.83,247.31,246.72,255.02,251.03,242.76,241.47,236.33,229.65,223.40,217.35,211.14,204.84,198.13,193.05,187.88,184.17,180.74,175.80,166.97,166.83,160.46,158.32,150.75,145.03,137.03,129.69,123.24,110.49,100.08
117.72,130.87,139.47,148.57,156.54,167.60,176.37,186.04,190.71,194.92,198.81,205.41,209.12,210.72,211.01,217.62,223.95,226.99,231.70,231.56,236.78,241.94,247.32,247.16,249.84,253.87,251.78,244.56,243.09,239.74,232.40,223.90,219.11,213.43,206.83,199.90,193.33,187.95,184.84,182.51,177.05,171.17,167.90,164.37,158.23,150.23,144.54,139.59,131.53,124.84,114.79,103.31
110.16,122.16,128.69,137.88,145.22,155.65,163.44,171.08,174.18,179.48,183.34,187.45,191.54,193.79,195.00,200.35,203.49,207.17,211.60,211.93,215.46,221.45,224.38,226.38,227.18,229.60,226.56,223.65,222.03,216.11,211.25,205.35,199.12,194.56,190.03,184.33,178.04,174.61,170.58,167.17,162.35,157.84,152.32,149.56,145.25,138.97,134.54,129.87,120.42,114.53,106.68,95.34
108.85,121.43,129.20,138.52,145.06,155.80,162.74,170.60,175.00,180.94,184.02,188.96,191.94,194.54,195.02,200.66,205.29,208.22,212.71,213.78,217.04,220.05,226.79,229.80,229.44,234.36,227.22,225.68,222.95,218.51,211.74,206.40,199.72,193.98,188.96,183.88,177.34,173.10,170.50,167.52,163.60,157.42,153.88,148.76,145.23,140.09,132.97,130.03,121.84,113.36,105.31,95.04
116.21,130.50,139.49,147.12,156.54,167.07,173.82,183.48,186.53,193.00,196.60,202.79,208.37,209.95,208.39,216.51,219.35,224.86,225.57,229.90,233.62,237.36,243.03,244.52,246.21,250.46,246.52,243.70,239.42,236.41,230.10,222.03,216.46,209.99,204.20,198.32,191.92,184.36,183.99,178.54,175.87,168.83,165.68,160.45,156.52,148.19,143.06,138.29,128.89,120.50,111.76,102.63
107.45,115.97,126.14,137.89,144.45,153.58,159.52,171.83,173.36,180.95,184.20,187.95,192.20,193.34,195.88,200.48,204.96,209.75,212.76,214.56,213.57,218.33,223.61,225.08,224.32,228.69,226.61,221.58,220.29,219.36,211.15,207.15,203.04,201.47,198.21,196.71,191.44,189.47,184.02,183.87,180.47,172.96,172.01,166.64,160.52,154.77,151.01,141.69,137.48,129.50,118.97,109.90
122.58,138.81,145.12,155.63,165.72,177.99,185.18,193.79,199.97,203.40,208.71,215.02,219.46,222.04,223.04,231.40,234.55,238.52,241.54,246.09,249.83,257.12,260.26,261.84,263.15,269.26,266.31,262.05,259.56,252.93,247.46,238.21,232.08,222.39,215.01,210.30,204.20,199.16,195.88,188.13,184.95,177.99,172.41,166.51,164.07,156.73,151.16,145.12,135.25,127.40,118.90,108.56
117.44,133.52,138.31,149.72,155.80,171.03,176.92,182.43,188.72,195.36,197.50,202.81,210.02,210.66,214.36,220.82,221.79,227.18,231.14,235.46,240.20,247.43,248.81,250.50,254.08,258.63,254.06,250.35,248.29,242.22,235.79,226.93,221.28,214.00,206.97,201.44,194.00,191.05,186.04,178.55,177.54,172.25,166.71,160.10,157.41,152.03,146.41,139.23,129.03,122.79,111.80,103.17
119.27,132.88,141.44,150.63,159.00,170.00,178.16,187.39,192.26,197.21,200.41,208.12,210.30,211.90,211.85,220.93,223.99,230.11,232.43,235.23,241.37,243.30,251.00,251.29,253.03,258.84,256.12,248.13,245.39,242.42,236.46,227.18,219.76,212.85,209.48,203.11,196.16,188.94,186.13,182.04,177.67,170.29,167.67,159.70,158.14,151.63,146.37,141.32,130.18,122.00,112.00,102.96
105.23,116.38,125.50,135.12,145.12,154.26,163.13,170.30,174.48,181.91,186.80,193.07,195.62,196.23,200.16,202.61,207.52,210.76,217.12,218.40,216.32,223.22,225.86,229.40,231.23,232.50,231.77,226.63,228.21,226.18,220.42,212.90,211.95,207.46,203.67,202.06,197.52,192.28,191.18,188.79,182.16,181.59,175.33,170.59,166.00,162.00,156.08,147.79,141.85,132.31,124.60,112.16
106.07,116.97,125.25,135.03,146.12,153.77,163.89,171.96,174.18,180.89,188.67,193.35,196.89,196.46,197.91,203.97,208.61,211.44,217.31,218.13,217.10,224.70,227.08,231.14,232.59,233.57,232.74,228.02,227.85,226.77,220.51,215.23,211.62,211.62,206.17,201.61,199.01,195.00,191.40,190.00,183.29,179.90,175.17,171.83,168.39,163.25,157.69,149.97,141.68,134.63,124.00,113.30
117.32,130.18,137.64,147.49,157.94,169.62,175.15,185.71,187.68,193.94,198.02,205.87,207.87,211.37,211.68,220.04,221.11,229.24,230.41,236.58,241.11,245.76,249.39,251.32,254.33,256.13,254.21,249.77,248.58,240.52,237.03,227.50,219.74,212.61,205.83,200.80,193.62,187.32,186.25,179.45,174.24,171.03,163.78,161.44,155.19,150.86,144.81,137.20,127.14,120.21,112.04,103.47
116.47,129.65,140.46,150.63,158.40,169.00,175.86,187.38,189.17,195.73,199.18,206.31,208.81,211.29,211.98,219.05,222.83,229.43,232.13,235.05,240.35,246.10,250.14,251.16,255.41,258.01,254.62,249.97,247.65,241.36,240.35,229.40,222.04,213.90,207.20,200.41,192.17,189.61,185.40,180.76,175.73,170.18,164.60,161.94,156.78,149.04,144.63,138.06,128.13,118.41,113.07,102.86
122.67,137.80,144.31,154.56,163.67,174.50,182.89,191.89,196.66,201.78,206.97,211.49,214.55,218.75,220.05,225.73,228.37,235.31,235.51,241.68,244.52,251.81,253.60,255.34,258.75,263.40,260.55,255.34,255.16,246.84,242.40,235.38,227.72,219.74,212.46,208.39,203.30,197.23,194.81,186.19,184.39,178.28,173.08,167.04,161.21,157.75,151.17,144.22,135.65,125.26,118.27,107.47
117.43,131.06,139.01,148.49,157.15,166.48,175.82,183.17,189.17,194.02,199.40,203.67,206.04,209.62,211.36,217.81,220.59,224.35,228.27,232.18,238.47,242.47,246.76,246.16,250.46,253.31,250.54,247.48,244.81,238.65,236.33,227.18,221.18,212.43,208.61,200.83,194.99,189.65,187.88,180.42,177.37,172.79,165.47,161.06,157.70,151.60,144.59,138.68,130.43,122.48,115.26,102.40
116.97,129.81,139.01,149.35,156.78,166.96,174.98,184.69,190.07,193.00,198.28,203.16,207.13,210.26,210.02,216.32,221.72,226.01,228.48,231.85,238.08,241.60,247.73,247.50,248.72,255.56,252.11,245.00,244.36,239.99,233.31,225.61,218.16,213.33,206.52,200.88,192.78,188.68,185.70,179.77,177.79,169.92,166.05,160.33,156.03,148.49,142.51,137.62,128.72,122.10,112.22,101.84
63.01,75.80,85.07,92.05,89.63,96.01,104.10,110.02,109.62,115.25,117.32,122.15,123.17,125.59,127.78,129.88,131.10,138.54,132.52,135.07,140.62,139.46,147.41,144.54,150.55,143.09,137.64,135.87,125.67,116.30,112.06,106.57,95.00,92.23,86.38,94.07,94.83,100.44,107.56,113.89,137.64,156.60,171.29,178.39,177.07,176.37,162.05,155.44,148.12,150.00,113.51,102.96
121.21,135.33,145.77,155.05,162.16,174.01,181.86,192.20,197.00,203.34,204.50,211.09,214.83,216.72,217.68,225.97,229.54,235.85,236.72,238.56,241.35,248.36,252.07,253.99,256.20,262.06,257.85,250.42,250.73,246.42,241.40,232.12,226.77,223.22,218.22,209.44,202.89,199.26,196.31,191.23,189.76,179.30,178.40,171.81,169.07,160.00,154.16,147.09,138.24,130.86,119.71,110.39
121.20,135.12,144.62,156.11,163.02,175.00,182.32,193.19,196.96,203.21,207.48,212.19,215.78,219.97,218.89,227.07,230.14,237.19,241.01,240.64,245.25,252.00,257.79,258.15,259.33,265.18,263.45,256.36,255.33,251.34,243.21,236.01,228.48,222.90,217.42,208.63,202.60,198.98,192.98,190.06,185.07,177.41,173.42,167.69,164.10,156.63,151.17,143.53,134.65,127.25,116.81,107.49
124.42,140.01,147.26,157.08,166.86,178.39,184.59,194.20,200.06,205.01,208.10,213.94,219.16,222.68,223.28,229.27,234.14,241.37,241.30,246.27,250.46,256.38,259.66,262.98,264.43,269.63,266.39,261.73,259.05,255.07,249.97,241.24,233.11,227.84,220.82,215.13,208.61,203.07,199.25,193.37,188.74,183.35,178.81,172.98,168.11,162.19,155.63,147.87,139.01,129.81,121.24,110.22
120.93,137.61,144.55,153.73,165.16,175.24,183.74,192.94,196.16,203.42,205.68,212.40,216.07,219.61,219.89,225.32,231.95,237.17,239.77,241.29,245.54,253.71,259.24,258.69,261.63,267.62,264.76,258.81,257.88,252.52,246.88,237.89,232.12,225.66,218.44,213.38,206.97,201.56,197.19,192.28,187.72,181.47,175.86,170.42,165.50,159.14,155.19,147.25,135.56,129.00,119.62,108.90
123.91,138.75,147.00,157.65,165.60,178.03,183.92,194.54,200.09,204.27,209.46,214.98,216.17,222.77,222.19,229.40,229.71,237.89,239.30,243.77,247.33,253.66,256.80,257.99,259.28,265.07,262.46,256.29,252.23,248.30,243.50,238.08,233.53,224.54,222.04,215.80,208.57,204.89,202.87,195.24,189.08,183.88,178.93,174.00,170.99,163.71,157.88,150.62,141.13,131.24,121.92,112.25
125.13,139.82,146.01,158.14,165.34,177.55,185.97,194.18,198.13,205.34,209.69,214.98,215.13,221.27,220.44,227.69,230.85,236.21,237.69,242.84,245.42,253.31,255.27,258.32,257.77,262.32,259.38,257.03,251.58,248.28,245.03,236.48,231.95,223.40,217.82,212.46,207.18,202.27,199.12,194.62,191.16,184.79,179.79,174.00,169.59,163.00,157.88,149.93,138.19,128.66,121.56,111.40
123.48,137.30,145.15,156.82,167.06,176.15,183.88,193.41,196.66,203.44,208.06,214.18,215.95,219.28,219.67,227.09,229.16,233.93,238.65,242.96,244.04,250.46,254.04,255.41,257.19,260.28,257.16,251.44,252.29,245.73,243.52,232.88,228.67,221.51,217.89,211.37,206.53,202.20,198.93,193.37,189.41,184.81,177.05,172.75,168.15,162.75,155.88,149.16,138.36,130.08,122.41,112.36
125.42,137.46,147.56,156.42,168.50,179.08,185.40,194.31,197.65,205.24,209.12,216.19,217.99,220.68,223.61,228.18,230.83,236.93,239.52,243.28,247.10,254.85,257.60,258.84,262.09,263.70,264.49,259.19,256.26,252.10,245.08,238.21,230.27,220.66,214.29,210.54,204.12,200.09,195.44,189.76,185.22,181.03,175.14,169.45,164.81,156.82,152.59,147.27,134.89,126.59,119.85,109.27
123.02,139.39,148.56,158.91,166.48,177.60,183.70,194.29,198.80,206.94,208.29,215.52,217.51,221.65,221.42,229.51,232.30,238.42,242.54,241.51,246.48,252.00,256.75,258.21,260.44,265.07,263.21,255.99,255.41,248.89,243.07,234.29,228.85,223.97,218.55,211.40,205.57,199.25,196.84,191.60,189.99,179.72,178.13,172.19,166.29,160.08,155.08,147.25,139.62,130.03,119.10,109.12
124.06,138.71,147.27,158.14,165.22,177.55,185.80,196.13,199.06,206.48,209.30,214.70,218.08,221.88,221.33,228.74,232.21,237.12,241.23,241.63,244.18,250.88,254.24,256.83,258.10,260.74,257.97,254.52,251.83,246.47,242.00,234.78,227.73,223.29,217.22,211.83,205.80,199.15,195.92,192.21,188.32,181.96,177.79,172.53,167.59,159.86,154.95,147.22,140.46,131.59,122.65,110.00
118.19,133.03,141.44,149.97,159.53,170.05,176.23,186.53,191.69,195.97,201.30,205.83,208.85,210.92,214.03,217.47,223.00,225.67,228.97,232.35,234.55,240.84,246.34,245.80,247.40,250.12,247.52,243.29,240.35,235.47,233.50,223.73,219.32,210.95,206.02,200.56,195.51,189.42,187.60,180.69,178.10,174.59,167.69,161.70,159.25,153.39,146.67,141.21,130.80,122.45,116.25,105.51
120.67,134.53,144.84,155.00,162.10,173.67,182.12,192.31,195.25,201.41,204.24,211.40,213.12,216.09,214.31,222.20,226.63,233.47,233.79,237.12,242.96,245.54,251.41,250.80,253.03,258.24,256.29,250.00,247.89,241.10,234.16,226.46,220.77,215.23,210.28,203.74,194.83,190.08,186.76,183.21,178.19,170.08,169.45,162.27,160.31,152.75,146.99,139.64,132.67,125.03,113.85,103.16
127.26,140.00,147.71,159.52,169.59,182.70,187.38,197.69,200.14,208.37,211.57,216.38,219.32,222.28,224.47,229.84,232.56,239.65,240.13,244.79,249.05,252.73,258.19,258.52,260.97,264.80,262.07,258.02,255.55,247.35,243.48,234.58,227.71,220.38,212.27,208.75,199.42,197.85,192.11,187.22,182.50,177.28,171.82,166.57,162.31,156.42,151.98,145.60,134.01,125.54,118.70,108.30
111.51,125.10,131.75,140.46,149.20,158.15,166.68,173.88,176.79,183.46,187.84,190.97,194.65,196.37,197.52,201.91,205.60,209.98,212.00,214.11,218.90,222.64,227.08,227.43,227.08,232.78,227.61,221.84,220.10,215.78,209.06,201.76,193.87,187.42,182.22,176.71,172.20,167.17,164.51,158.82,156.28,151.00,146.09,142.34,138.19,132.31,128.75,121.70,115.55,109.04,99.76,93.23
112.04,124.45,131.69,143.95,149.89,160.38,165.42,177.25,179.29,184.98,187.00,193.93,195.66,197.12,198.08,204.07,207.28,212.88,210.92,212.98,215.75,220.22,224.18,222.01,223.95,229.96,224.84,219.04,216.31,213.43,209.68,198.22,195.54,189.27,185.93,179.87,174.11,169.12,167.03,162.46,159.45,152.35,150.43,145.09,141.65,134.18,131.89,125.25,119.15,111.80,104.02,95.34
126.72,143.01,153.77,161.32,170.47,181.00,188.90,198.73,202.05,206.49,210.71,216.45,219.13,221.29,220.20,227.31,227.61,231.81,235.65,236.43,235.97,241.46,243.66,245.46,244.66,248.50,246.81,238.77,236.25,234.62,228.97,220.23,214.01,213.15,208.08,200.20,193.67,188.16,186.01,184.39,178.35,170.80,168.24,162.03,158.43,153.10,148.49,140.29,133.36,126.66,114.84,105.80
123.55,136.65,144.64,155.17,162.83,173.76,181.89,189.43,193.60,198.86,203.16,208.06,211.01,211.38,210.95,217.80,218.87,224.50,226.11,227.72,229.53,234.29,237.01,236.99,236.17,239.02,234.61,231.26,226.43,218.90,215.23,207.62,201.10,194.74,188.18,182.46,178.08,169.96,170.31,166.60,165.05,159.20,154.32,148.06,145.09,141.48,134.45,129.87,123.04,114.63,107.07,98.43
129.19,144.01,154.64,164.47,174.00,185.06,191.61,201.25,205.10,211.18,214.95,219.11,220.63,224.44,225.00,227.69,230.52,235.13,237.95,236.92,239.43,242.54,246.01,245.69,248.36,251.14,247.99,240.01,238.17,235.44,229.84,220.29,216.59,210.34,206.01,201.02,194.64,189.76,184.55,182.06,177.50,170.47,167.69,162.44,159.54,153.17,147.51,141.15,131.05,123.75,113.46,107.02
129.40,145.77,153.05,164.56,172.74,183.84,191.00,200.26,202.89,208.66,212.29,217.45,217.57,220.51,220.48,225.61,227.08,231.77,233.50,234.55,233.39,239.71,241.23,241.45,239.93,243.98,238.14,235.21,233.21,227.22,223.26,214.93,210.42,203.20,198.30,192.76,187.81,183.70,180.24,176.23,172.75,168.50,162.59,157.89,154.86,150.03,143.54,139.09,128.69,123.00,115.28,104.69
129.03,144.68,155.66,165.06,172.07,184.62,190.24,200.12,203.00,207.93,210.62,217.11,219.15,222.42,219.11,224.88,225.72,234.00,235.37,233.42,232.95,239.55,240.71,241.48,239.18,246.17,241.25,234.37,232.08,229.96,223.28,214.20,209.29,205.63,200.94,194.09,187.96,183.36,180.83,177.53,174.89,165.87,164.60,162.19,155.32,151.40,145.73,139.18,132.31,123.55,115.21,106.37
132.19,146.93,156.73,166.64,173.53,184.76,191.70,201.56,207.52,210.06,214.73,220.06,222.50,224.20,220.51,225.84,228.43,236.07,236.46,236.35,239.17,240.40,245.81,243.84,244.10,248.26,243.88,237.35,234.78,228.88,223.91,214.97,207.48,201.30,196.09,190.51,183.20,175.93,173.95,170.47,166.97,160.33,157.20,154.40,151.40,142.77,139.45,134.24,128.14,120.67,110.35,100.66
115.32,126.19,136.42,146.82,153.29,164.23,168.76,178.16,180.34,185.93,187.49,191.89,194.65,195.32,194.12,198.31,201.19,205.94,206.16,205.91,207.56,209.06,213.35,212.42,211.54,215.86,210.04,204.48,201.69,198.84,192.61,186.27,183.31,177.89,173.56,166.93,163.11,157.08,157.81,154.05,151.61,147.80,144.06,140.80,137.08,131.32,127.28,123.17,115.57,108.42,101.53,93.47
128.76,143.57,152.97,163.78,171.00,182.54,189.64,200.00,200.12,206.09,209.27,214.79,216.11,218.83,217.30,222.19,225.85,228.89,231.05,229.71,231.46,235.57,238.53,235.92,236.28,240.47,235.34,229.00,227.37,221.93,216.81,208.22,203.04,197.20,194.26,187.38,183.53,175.85,173.56,172.90,170.18,165.68,161.53,157.95,153.67,146.00,142.24,138.11,129.71,124.49,113.22,104.69
135.62,149.09,155.86,169.54,178.76,188.35,195.78,204.00,207.76,211.81,216.11,220.20,221.02,225.28,223.03,227.97,232.11,233.63,234.62,236.32,237.86,239.03,244.27,241.10,241.37,242.98,238.03,235.09,229.84,225.11,221.38,214.68,208.00,199.86,196.95,191.31,186.45,181.62,180.27,177.00,172.59,168.62,165.34,159.30,157.47,152.54,148.41,142.72,134.40,127.09,119.68,107.94
135.77,150.62,158.62,169.05,179.33,189.50,195.36,204.19,208.39,213.46,217.45,220.60,223.00,227.61,227.41,231.23,234.80,237.92,241.21,241.23,242.61,244.93,250.05,248.71,249.10,249.87,245.37,240.63,236.73,233.01,226.92,219.69,211.65,205.00,200.20,197.33,191.65,185.70,184.71,179.20,174.93,172.33,167.74,162.63,160.72,155.65,150.66,144.84,135.72,127.48,120.75,109.04
124.04,139.34,147.12,159.02,167.73,175.57,180.05,191.93,194.16,200.66,202.09,208.25,212.60,214.31,215.23,220.33,221.11,228.00,229.60,232.03,234.64,239.44,243.92,244.07,243.68,249.06,243.21,237.14,233.42,227.91,223.02,212.00,206.71,198.91,194.08,187.13,180.28,175.42,173.36,168.83,166.51,160.64,158.39,153.87,149.21,144.81,140.43,133.38,126.49,119.52,111.43,103.48
120.20,133.26,142.00,151.75,157.70,169.53,175.78,185.05,187.00,193.13,194.99,201.56,204.79,208.12,205.83,213.24,214.65,219.86,220.84,223.79,224.08,228.08,232.04,230.97,228.67,232.14,229.32,219.54,217.89,214.97,207.95,200.11,194.18,190.25,184.94,182.63,175.56,170.85,168.81,166.43,164.30,158.48,158.05,152.51,150.23,146.24,139.98,134.01,127.63,122.59,111.33,103.95
126.53,138.81,148.00,158.45,166.90,176.50,183.62,195.49,196.02,203.48,206.52,212.05,215.03,218.79,216.45,222.93,228.60,231.66,234.10,232.65,236.17,239.56,245.02,243.87,244.36,247.11,242.62,235.95,230.89,228.42,220.95,212.42,208.43,203.67,196.89,193.20,185.83,183.41,179.74,176.88,172.79,169.43,166.82,159.81,159.25,153.53,148.81,141.74,134.54,129.63,118.00,108.30
125.21,139.83,148.71,158.81,166.53,176.08,185.81,196.40,199.25,204.30,205.01,213.85,218.68,220.24,219.11,226.64,230.08,233.66,237.01,235.67,239.12,244.49,252.45,252.05,253.05,257.42,251.19,244.23,241.58,235.05,226.43,221.02,210.62,204.16,200.82,193.79,187.68,181.14,181.02,179.36,173.53,166.21,166.48,160.03,158.40,152.76,148.77,142.09,136.30,128.97,118.07,107.12
123.69,138.06,148.40,158.93,164.10,174.89,182.57,193.93,196.46,204.08,204.63,211.57,216.23,217.22,219.02,225.51,228.00,234.44,237.66,235.92,240.20,241.58,249.10,246.68,246.00,249.83,246.33,237.97,236.25,230.63,224.16,216.09,208.43,203.77,196.24,192.51,185.22,178.36,179.61,176.85,174.93,168.87,167.72,163.38,159.78,155.82,148.14,140.86,136.85,131.55,119.37,108.41
132.48,146.99,154.64,165.25,173.73,186.00,195.06,202.09,205.77,212.98,216.45,223.14,227.00,231.04,230.67,234.78,237.88,240.97,245.74,248.41,247.42,250.51,255.39,253.44,254.57,256.46,250.77,246.00,241.18,233.65,230.11,221.22,215.87,208.09,204.47,200.56,196.60,191.64,190.31,183.86,182.51,180.85,178.02,171.82,169.62,166.97,164.01,154.98,146.01,136.74,129.76,118.95
126.00,139.54,149.63,160.64,168.81,179.81,187.80,199.18,201.21,207.02,208.31,217.89,221.92,222.55,225.30,229.05,231.17,237.62,238.66,239.38,240.05,244.64,248.03,246.49,247.52,250.07,246.34,238.46,235.69,232.83,227.72,219.59,215.11,211.25,206.01,203.59,197.52,194.37,195.26,190.32,191.00,184.84,184.84,179.47,174.50,169.43,168.59,160.21,153.06,143.56,134.63,121.20
127.77,141.16,150.00,159.35,172.19,181.66,189.74,201.99,204.38,210.72,216.52,221.53,225.34,228.35,227.80,231.66,239.37,240.01,246.13,247.52,248.89,253.28,259.28,258.28,259.56,260.98,260.69,255.16,250.05,247.84,240.97,237.08,233.55,230.60,224.70,220.58,215.87,214.03,212.70,208.66,206.97,202.53,200.26,194.28,191.00,184.59,180.38,172.66,162.37,153.06,143.54,127.95
118.53,130.14,140.80,152.97,160.55,171.29,176.82,189.13,192.66,200.12,203.30,209.15,212.60,214.67,214.57,223.09,227.67,231.81,235.36,236.37,237.84,241.92,247.68,247.81,250.06,252.74,252.40,245.28,242.71,238.00,235.16,228.18,224.40,221.00,216.92,214.58,209.77,205.83,206.96,203.10,201.11,194.16,192.07,185.60,182.53,176.14,171.40,162.19,154.30,145.77,133.24,121.66
118.34,130.60,141.48,151.65,160.10,169.73,177.56,190.25,193.20,201.56,203.19,208.83,214.19,215.36,213.70,222.10,226.42,230.67,235.01,234.83,237.89,242.20,247.39,247.10,247.81,253.93,251.83,244.86,242.59,238.08,236.23,227.77,225.26,222.99,218.08,215.37,210.00,206.49,206.66,203.25,200.09,193.22,192.28,187.72,183.29,176.32,169.46,160.42,153.38,145.17,132.10,119.52
117.34,129.71,140.91,150.36,157.11,169.17,174.69,187.07,189.08,197.99,198.93,206.12,208.08,212.42,211.47,218.12,222.52,227.22,231.22,229.87,231.42,236.80,239.21,240.03,241.83,247.15,245.05,238.76,237.03,232.56,228.67,222.61,218.66,217.57,212.16,210.09,204.01,200.03,201.32,195.94,195.60,187.26,186.60,182.54,176.57,169.84,163.27,155.05,149.26,140.07,127.47,114.86
120.42,132.85,140.00,150.31,159.93,172.26,176.64,188.83,191.38,196.57,201.70,206.55,210.23,212.60,211.99,218.84,221.81,228.04,229.03,231.17,233.81,238.14,241.05,241.31,242.03,246.40,244.01,238.47,235.67,231.33,230.18,223.19,219.22,215.57,210.15,208.10,204.69,198.21,198.37,193.37,192.01,186.00,182.26,178.23,172.68,165.92,162.25,153.79,145.00,136.86,126.67,114.91
120.17,134.54,143.92,154.08,162.39,173.42,179.08,189.61,192.85,197.47,201.80,205.35,208.86,212.15,211.26,216.32,217.92,222.65,226.30,224.83,229.56,232.23,236.71,237.59,235.93,241.35,239.01,235.51,231.87,228.73,224.06,217.88,214.02,209.99,209.04,202.41,199.01,194.16,193.40,188.27,186.25,179.40,176.39,170.84,167.36,159.55,153.38,147.17,138.65,131.71,120.81,108.90
122.09,134.42,141.95,153.03,162.86,170.48,179.33,185.59,189.90,194.08,198.21,201.56,203.86,207.10,207.82,208.85,213.17,214.60,219.26,219.66,221.45,223.62,228.84,231.23,229.39,232.25,231.39,228.37,225.89,221.85,219.49,213.06,208.02,203.67,199.99,199.12,192.57,189.86,186.90,182.53,180.32,174.43,168.18,164.76,158.76,153.85,149.09,142.41,132.57,121.02,114.98,105.22
118.44,131.93,140.51,150.22,159.55,169.59,174.77,184.30,185.26,190.54,194.99,198.22,200.93,202.61,202.43,206.16,209.61,213.94,215.47,216.06,218.36,220.33,223.04,224.59,228.18,229.38,226.76,224.38,222.40,217.35,216.54,207.68,203.00,200.28,196.42,194.92,187.95,184.30,183.58,177.79,176.82,170.34,164.01,160.01,154.65,150.08,141.76,136.24,127.24,118.93,110.02,100.24
122.09,135.79,143.25,152.59,163.37,172.80,181.18,187.61,190.54,196.79,199.84,204.60,205.85,208.41,209.00,211.90,214.20,218.55,220.76,221.23,223.33,229.39,231.73,234.26,235.85,237.39,234.61,233.57,232.56,228.41,225.04,219.11,214.15,210.54,207.16,202.99,199.46,193.75,192.51,187.27,181.53,175.86,169.20,165.06,160.33,155.04,146.51,139.06,131.03,121.24,115.21,102.55
119.57,134.97,139.61,150.99,160.59,170.79,175.23,184.11,184.81,190.00,196.29,201.00,202.65,205.35,204.20,208.89,212.90,217.42,218.80,218.87,222.83,228.09,229.84,231.66,233.60,238.38,236.12,232.36,233.85,228.04,225.47,218.06,214.77,209.12,206.49,200.63,196.21,193.35,190.38,186.10,181.80,176.18,169.06,163.69,158.24,150.95,143.14,138.05,128.69,119.42,113.02,102.42
123.97,137.36,145.34,154.43,162.05,170.85,171.84,179.55,178.84,183.22,182.50,186.55,190.44,196.17,197.74,204.60,210.54,220.66,223.77,230.72,238.43,247.58,254.96,263.64,269.06,271.19,268.73,268.15,264.87,259.20,256.20,245.73,235.80,235.03,228.27,222.69,220.51,216.64,216.34,212.40,210.06,206.90,200.20,197.65,195.26,191.11,186.51,178.34,169.81,161.44,151.54,137.18
117.66,132.61,139.74,147.96,155.86,163.48,169.17,169.50,172.10,173.01,178.03,180.28,182.86,186.82,188.16,195.16,198.49,210.54,215.10,221.78,232.21,239.73,248.91,253.65,258.68,258.52,260.97,257.16,251.80,246.07,239.70,232.17,221.00,220.20,213.23,207.51,205.83,200.83,197.95,194.58,193.31,190.91,184.36,182.63,179.90,176.80,171.40,165.30,156.54,147.32,138.71,128.02
120.93,135.45,141.68,151.74,156.54,165.59,171.99,175.32,175.00,179.18,182.00,180.41,185.55,190.94,193.02,199.32,201.64,211.01,216.54,222.64,231.66,240.62,245.10,254.69,257.44,260.32,258.80,255.03,252.79,241.24,238.07,227.73,217.55,215.11,209.99,202.74,198.40,198.16,194.33,192.05,186.55,184.04,179.01,175.93,173.16,170.53,166.36,158.81,152.20,143.84,132.48,123.49
124.89,140.86,150.28,159.11,166.44,175.39,179.37,184.18,186.68,188.28,187.54,190.65,192.51,192.75,193.20,199.18,201.11,210.01,213.48,222.09,229.44,236.91,242.67,248.13,253.60,254.72,252.67,248.30,245.11,236.24,229.10,220.10,210.83,208.41,203.38,196.12,192.27,190.52,188.86,184.71,182.70,178.37,174.14,173.07,168.91,167.24,158.86,152.55,147.65,140.04,130.17,119.07
126.37,144.18,149.57,161.01,169.29,176.92,182.16,184.84,187.11,189.06,189.08,189.76,191.38,193.88,194.13,200.45,200.48,207.93,214.55,219.25,225.80,234.96,240.43,245.96,250.07,250.00,247.64,246.22,241.18,232.36,226.08,214.97,207.24,202.37,197.70,192.31,188.86,184.27,185.04,180.57,177.41,177.14,169.29,167.84,164.20,163.77,157.51,150.36,143.18,134.83,128.02,116.87
117.69,131.94,138.29,146.82,150.72,157.16,158.96,157.18,154.03,147.72,147.25,141.82,139.44,135.86,128.00,130.10,123.76,127.19,127.77,124.84,129.07,129.88,134.63,138.19,142.80,139.01,148.22,152.01,155.24,156.20,155.08,150.33,151.63,151.85,154.69,153.72,154.92,154.35,155.17,155.64,152.74,153.45,147.49,148.93,147.20,144.73,141.01,135.09,129.32,119.71,114.83,106.08
110.37,121.70,129.03,138.05,144.75,152.30,155.91,165.32,164.20,173.00,179.48,186.12,190.51,193.71,196.37,201.65,207.55,212.25,219.83,226.18,233.36,236.58,242.00,245.16,244.68,249.06,246.43,242.24,240.42,236.03,232.56,226.63,221.62,219.10,217.51,212.71,211.29,206.01,204.36,203.34,199.32,190.87,187.68,183.50,179.20,172.49,166.37,158.90,149.19,139.74,131.47,120.22
103.59,116.43,124.42,128.70,138.54,145.12,150.27,159.53,160.00,167.14,173.76,179.11,182.82,186.43,189.62,196.58,203.06,206.34,214.58,217.08,224.88,231.18,235.31,240.43,240.44,243.02,242.71,235.85,236.03,230.22,226.81,221.43,219.11,218.71,214.97,211.54,208.17,205.54,200.32,201.88,196.29,190.09,186.57,182.26,177.67,172.13,163.78,158.40,150.14,140.25,131.49,119.71
99.92,109.22,114.95,122.44,128.58,137.93,142.89,151.38,152.84,159.41,168.39,170.00,174.04,180.25,183.99,189.20,194.37,198.12,204.71,206.63,213.01,219.26,220.79,220.42,224.21,226.64,226.28,222.27,222.77,218.82,215.59,210.02,211.00,207.97,205.83,203.04,198.16,196.16,192.68,191.47,185.31,185.65,177.13,178.32,172.57,166.97,162.31,153.03,145.77,137.64,127.32,118.12
111.83,122.54,132.64,141.87,151.09,159.09,165.30,179.63,183.86,191.64,197.25,203.63,209.75,213.94,217.44,221.88,224.27,229.71,236.78,237.23,242.53,246.33,249.04,254.12,253.30,257.13,256.63,249.33,245.54,242.98,240.42,234.26,232.24,229.90,228.27,227.07,220.11,218.87,219.40,214.27,212.62,208.69,204.71,199.46,195.67,189.32,179.98,172.61,165.85,154.38,143.61,131.61
110.11,119.75,126.76,138.18,148.56,155.57,162.56,175.70,180.77,186.97,196.41,201.06,207.12,209.27,212.82,217.02,220.88,225.26,229.86,232.72,236.18,239.17,243.82,246.49,249.33,251.13,249.44,244.25,241.41,238.10,236.16,229.58,227.67,225.74,225.01,222.70,217.25,212.80,214.54,210.54,207.17,203.59,200.14,195.47,191.86,186.05,178.19,170.49,159.53,153.16,140.87,127.94
115.88,128.00,137.64,148.66,157.84,166.21,172.72,187.32,193.40,198.73,202.31,209.67,214.85,215.81,218.41,218.51,224.64,227.38,236.17,234.91,238.93,240.40,247.48,248.16,250.64,256.98,254.62,248.56,247.65,245.62,238.41,235.05,231.80,232.85,230.26,225.14,221.05,218.76,216.01,216.00,213.53,206.19,202.94,199.72,194.83,189.19,181.33,172.70,163.53,153.00,145.25,131.22
123.49,136.53,146.33,157.43,167.14,179.74,184.62,194.36,200.20,205.36,212.08,216.33,218.66,224.09,225.84,227.72,231.22,235.05,239.77,241.63,242.74,248.17,253.39,254.13,258.28,261.01,260.63,258.17,257.60,252.12,249.39,243.21,241.54,239.94,236.02,234.96,229.87,224.38,227.11,220.91,219.94,215.82,209.31,205.02,198.95,194.76,188.31,179.47,169.05,159.76,145.09,133.66
113.51,131.21,145.72,156.70,165.08,173.82,181.40,192.82,197.08,202.24,206.49,211.74,214.48,216.11,215.94,220.51,221.78,228.13,231.35,229.96,234.64,237.99,245.54,246.87,247.20,253.33,251.00,244.86,243.29,241.05,237.43,231.94,232.42,233.52,231.05,225.55,222.55,216.07,217.08,213.04,212.05,205.77,204.09,199.01,194.92,186.94,179.05,171.72,162.61,155.24,139.03,128.44
110.21,121.71,131.46,142.44,148.77,159.38,165.22,174.14,177.55,183.38,188.22,191.85,195.03,195.98,198.17,202.32,203.38,206.40,211.93,212.29,216.07,219.74,223.97,224.08,226.37,231.21,230.96,226.57,226.52,221.17,219.97,213.88,213.51,210.30,208.83,204.71,200.12,196.29,196.64,192.00,191.95,186.00,184.23,180.41,175.64,168.67,164.47,156.16,149.28,141.16,131.03,120.77
104.89,115.80,123.32,131.65,142.86,150.21,156.54,163.32,168.86,171.35,179.00,180.01,184.00,185.99,187.00,190.41,193.50,195.74,200.24,203.06,205.55,209.99,214.46,215.56,218.24,222.40,221.69,219.66,216.93,215.56,212.21,210.26,206.09,202.70,200.42,198.60,192.92,189.13,189.28,186.10,182.43,179.42,175.00,171.41,168.51,161.41,158.32,149.04,138.81,130.27,122.58,112.41
108.47,121.08,131.70,139.49,147.43,155.65,163.08,172.59,175.56,180.34,182.43,187.49,191.82,192.28,193.21,198.66,200.87,205.12,208.85,209.88,212.36,217.97,222.74,225.52,227.20,233.08,235.93,229.94,231.93,228.06,226.04,219.49,217.09,216.02,211.81,209.95,203.54,198.98,200.25,196.84,195.09,189.11,186.02,182.78,177.79,170.07,164.05,155.68,148.17,141.40,126.67,115.95
111.09,121.26,133.72,143.41,152.59,158.40,165.08,175.76,177.39,183.09,185.53,190.16,192.84,196.12,196.82,201.56,205.01,209.89,215.00,215.67,220.64,225.21,232.56,234.04,236.24,243.90,244.61,240.52,240.63,239.29,237.40,229.73,227.88,226.80,222.60,219.60,212.15,207.88,208.10,204.16,201.55,194.01,193.04,188.81,183.07,176.48,168.43,158.86,151.43,142.36,129.62,117.90
116.73,129.12,135.88,146.74,155.08,164.56,169.65,177.72,181.66,186.68,192.38,194.16,198.98,199.12,202.36,208.04,210.60,215.60,218.32,225.14,230.53,233.11,243.31,244.97,250.02,253.48,254.66,251.11,250.15,244.46,242.79,237.97,233.53,228.32,226.57,222.60,217.83,212.43,212.53,207.16,203.01,199.90,193.91,188.50,183.87,177.08,171.14,159.62,150.00,142.51,131.95,119.21
112.04,125.87,132.46,144.01,150.89,159.09,165.19,173.22,174.84,181.23,186.00,187.64,190.91,194.74,197.25,202.30,205.12,211.28,210.98,216.42,222.33,228.79,236.18,239.01,241.45,246.00,248.29,247.16,247.03,244.04,243.25,237.04,231.08,229.68,228.18,224.24,217.12,212.26,210.04,208.13,203.06,198.73,191.42,188.47,182.58,177.34,168.94,160.43,150.76,140.55,128.55,117.64
120.70,133.93,141.24,152.30,157.18,168.08,174.96,183.20,186.78,192.59,196.29,200.88,204.61,207.65,208.63,215.03,219.49,223.88,227.73,231.35,238.41,243.48,252.17,255.28,259.45,263.47,268.07,266.32,266.99,261.52,259.37,253.66,251.68,248.28,243.21,238.53,232.65,228.89,226.57,221.71,217.19,209.60,203.68,200.41,193.34,186.94,176.88,166.51,158.27,147.14,136.69,123.13
112.93,125.99,130.97,141.69,151.82,158.81,165.42,173.10,175.00,180.94,184.88,188.31,192.42,195.66,197.82,203.05,206.49,210.38,214.31,219.28,226.88,231.14,239.48,242.17,247.41,252.16,254.91,254.13,253.51,252.11,250.73,244.05,239.27,235.49,231.32,227.07,221.68,219.13,215.41,208.52,206.41,198.81,193.04,187.46,182.18,176.05,169.05,158.53,146.78,135.77,126.87,114.63
118.14,132.40,138.13,148.48,156.82,165.94,173.16,182.12,185.74,191.00,191.72,197.43,200.14,203.38,204.66,211.21,215.26,222.28,224.64,228.16,233.67,240.76,246.72,251.34,255.62,263.03,268.03,263.62,265.17,261.96,260.51,254.69,252.76,251.83,246.94,241.85,236.14,231.08,230.20,226.55,220.18,211.60,208.04,204.17,195.16,185.40,177.41,165.89,156.85,145.34,133.26,122.69
110.57,125.50,132.85,142.27,148.86,158.40,163.75,173.09,176.80,180.43,182.54,188.22,191.09,193.22,195.58,199.42,203.74,211.29,214.59,216.17,223.61,229.87,236.19,239.91,243.39,249.58,254.81,250.80,253.39,250.57,248.29,242.62,240.07,239.57,235.72,231.23,224.08,221.77,218.28,214.55,211.52,200.61,197.00,191.04,184.50,174.26,166.40,157.29,148.72,138.45,124.45,114.87
122.11,137.06,143.84,152.90,161.23,172.26,178.68,187.84,188.22,193.60,199.04,203.00,205.65,209.70,209.99,217.42,220.30,229.16,231.56,235.80,243.46,250.80,258.77,263.43,266.25,274.05,277.02,277.40,277.07,272.59,273.78,266.48,265.36,263.04,255.88,251.81,245.84,241.75,238.01,231.35,227.04,219.01,214.04,206.21,198.24,188.57,178.73,168.37,160.01,146.28,135.51,122.15
106.04,119.25,125.78,135.09,141.42,149.40,153.18,161.47,164.88,169.10,173.22,176.14,180.28,182.13,185.97,190.19,192.92,197.25,201.43,207.58,214.40,221.00,228.60,231.66,235.85,241.21,244.77,244.84,245.51,240.16,240.35,235.64,230.63,227.90,224.51,219.37,215.41,212.08,208.00,203.02,198.86,192.31,185.70,177.91,173.67,164.35,156.00,147.22,138.83,127.28,117.48,106.21
107.28,132.64,143.28,152.74,159.25,174.11,172.41,180.55,185.00,186.40,188.10,195.00,196.82,199.72,202.85,207.86,211.59,220.74,222.64,226.74,233.42,240.97,249.80,253.34,258.41,263.80,268.97,264.68,266.91,262.55,260.52,253.06,251.23,248.39,242.55,238.52,233.21,229.42,223.97,220.82,215.82,205.80,201.01,195.58,188.22,178.19,167.60,158.60,151.05,139.14,127.02,113.65
119.11,132.83,142.56,151.27,159.26,167.72,174.45,183.98,185.53,191.76,194.28,199.22,204.00,205.91,207.20,213.84,217.04,225.04,229.75,231.77,239.70,246.20,253.87,258.38,264.47,269.24,274.15,270.15,272.84,271.45,269.22,262.94,257.42,259.09,250.87,247.07,242.47,236.18,232.23,228.27,224.02,214.01,209.27,203.95,197.08,185.22,177.10,166.07,157.43,146.51,131.83,119.42
118.53,130.06,137.38,148.39,158.52,167.32,172.31,180.71,184.01,188.56,194.91,198.65,201.31,204.63,210.23,213.96,218.00,223.91,229.08,235.72,244.08,250.28,260.12,263.35,270.04,276.03,278.95,274.77,276.68,271.95,270.82,262.80,258.61,254.78,249.16,243.52,239.62,232.17,229.44,221.53,216.46,207.39,200.74,195.00,188.48,178.52,171.07,158.96,148.50,139.18,126.78,114.59
112.07,128.58,142.79,154.55,161.40,176.11,174.39,185.35,189.08,193.66,194.10,200.02,203.84,204.64,205.70,211.07,214.37,220.62,225.14,228.11,233.24,240.35,247.42,252.11,255.01,263.14,265.22,259.99,261.28,259.08,256.86,251.61,248.34,248.65,241.02,238.03,232.76,229.03,223.95,223.60,216.89,209.09,203.98,199.12,190.97,181.18,175.23,163.03,158.40,144.12,130.78,120.28
116.35,130.86,137.91,149.65,156.70,165.60,172.35,179.04,182.15,185.00,189.74,193.88,196.02,197.04,199.49,204.45,207.18,214.22,216.52,221.45,226.92,231.62,238.77,242.00,245.58,252.30,256.04,250.02,252.05,247.74,246.63,241.96,239.18,238.91,233.56,230.84,225.50,222.80,219.24,215.72,210.67,203.42,200.24,193.28,188.35,179.03,172.15,156.28,145.50,131.02,118.31,109.62
111.63,116.76,131.83,141.90,151.46,157.93,162.53,171.41,175.00,179.03,181.14,187.26,189.23,190.85,192.05,196.70,200.23,206.60,210.58,212.14,218.41,222.55,231.68,234.44,237.93,244.18,246.33,241.15,243.30,241.10,240.66,235.48,232.54,232.35,226.56,224.08,218.50,215.33,212.40,209.27,205.00,196.90,195.23,188.66,183.85,175.41,166.23,154.16,140.46,126.06,113.15,104.04
93.72,102.24,117.64,122.41,127.24,136.53,143.78,147.41,150.22,155.71,157.84,160.22,161.47,164.37,162.82,167.86,170.95,179.23,177.00,182.72,181.32,187.42,192.01,195.41,199.57,200.64,198.46,194.65,195.56,191.32,187.17,186.08,178.02,177.99,171.42,173.44,168.07,168.69,166.51,162.93,163.05,154.03,158.27,157.50,169.69,168.51,165.51,153.70,145.50,137.57,132.40,115.57
127.20,141.57,149.86,163.27,172.15,178.40,184.20,192.61,196.21,200.57,205.65,209.62,212.15,215.56,218.51,222.41,225.14,229.86,233.60,239.87,245.07,253.06,257.10,263.61,265.35,270.71,272.62,271.67,272.62,265.60,265.05,263.44,257.23,252.72,250.53,249.81,242.32,236.58,233.57,231.86,223.64,217.37,211.85,205.41,200.04,191.69,184.38,175.41,165.48,151.03,143.38,129.81
109.04,120.03,128.08,138.71,146.70,152.27,159.24,168.59,171.19,174.38,178.47,181.18,185.95,186.30,189.36,193.41,197.75,199.04,205.09,209.98,217.00,220.86,228.18,232.86,237.15,241.35,246.13,245.06,246.29,243.81,243.18,238.03,236.46,235.00,231.16,228.27,223.65,219.21,216.45,213.85,210.77,204.42,200.25,193.31,189.93,183.36,174.04,167.08,158.81,147.56,135.96,123.37
107.91,119.20,130.38,139.52,146.37,151.92,159.08,169.07,171.28,177.50,177.90,183.70,187.61,186.13,190.07,194.14,199.62,204.20,210.20,211.29,218.79,222.15,231.97,237.03,239.37,245.23,250.38,248.85,249.47,247.21,245.52,240.48,238.55,237.74,234.37,234.08,226.79,223.52,221.49,219.53,214.90,207.79,205.04,199.45,194.74,186.19,181.32,168.22,162.50,150.65,135.07,122.33
113.53,125.26,133.20,145.00,152.71,161.25,165.70,174.42,177.05,181.84,186.13,189.90,194.28,194.26,199.55,203.53,206.04,211.74,214.90,221.27,227.75,233.77,240.20,247.10,250.89,254.02,257.39,258.09,259.62,255.07,255.78,250.73,245.90,244.23,238.95,237.54,230.71,226.97,225.20,221.42,216.12,211.09,205.14,199.32,194.91,188.07,181.86,171.13,162.12,151.05,139.56,127.14
115.60,128.58,138.60,148.35,155.71,163.82,169.07,179.14,182.54,185.00,188.00,193.58,197.91,197.99,199.82,204.62,207.09,215.64,218.26,224.29,230.46,233.34,242.84,247.34,251.25,255.37,261.03,258.14,260.43,257.74,256.98,250.92,247.31,248.22,242.63,241.03,235.44,228.47,229.73,225.52,221.71,212.68,209.81,205.14,199.48,194.16,183.62,173.81,165.66,157.00,141.51,128.41
107.00,119.47,127.68,137.30,144.06,150.81,157.31,165.92,168.18,174.69,175.64,181.23,186.22,185.33,189.23,192.85,197.65,203.53,209.35,211.09,217.79,223.81,229.24,234.20,238.42,245.45,247.24,246.10,248.24,244.46,240.90,238.00,232.73,234.05,227.11,227.37,219.97,216.00,214.69,211.95,209.26,200.08,197.39,193.21,187.18,179.74,170.70,160.65,154.12,145.50,130.18,117.39
109.37,122.71,131.24,141.45,150.28,157.03,162.54,168.77,173.14,178.08,183.33,185.95,188.53,189.76,195.65,199.54,202.53,206.00,212.20,217.19,225.30,230.01,238.32,244.10,245.57,250.91,254.24,256.26,254.28,250.57,249.58,245.05,240.63,237.56,233.69,231.53,228.32,222.27,220.15,215.39,211.86,207.34,199.36,195.53,189.01,183.44,176.82,164.75,155.98,144.53,134.83,122.92
113.89,126.21,133.45,144.55,152.40,161.05,164.81,174.24,175.25,181.99,184.11,188.68,192.34,191.97,196.29,200.26,204.16,212.22,214.67,217.25,225.54,229.69,238.41,242.03,245.16,252.03,256.25,252.07,253.10,251.80,250.06,244.72,241.31,243.30,235.34,234.34,228.88,223.83,222.95,220.38,215.96,208.06,205.77,200.19,194.16,185.54,176.48,166.21,159.66,147.80,136.53,123.60
115.74,129.63,134.61,145.58,154.40,162.20,167.82,174.35,177.55,182.73,188.05,190.69,193.04,197.25,201.34,205.08,209.25,216.63,223.00,223.08,229.21,237.59,245.57,248.73,251.29,259.62,262.89,260.28,259.28,254.85,250.80,246.63,242.03,242.89,234.76,234.34,227.55,221.12,220.07,214.98,212.00,205.29,198.18,194.20,189.20,179.55,171.73,162.19,153.71,142.35,129.38,117.41
113.21,127.14,136.06,144.27,153.10,161.30,166.21,176.24,177.51,183.36,184.22,189.50,193.60,195.26,201.36,205.14,208.54,216.67,220.49,221.65,229.65,235.42,245.08,249.95,252.88,258.94,261.40,258.99,257.03,254.85,251.03,247.13,241.45,241.22,235.38,232.17,226.55,220.27,217.92,215.60,210.29,203.30,196.95,194.61,187.64,179.23,170.45,160.22,151.03,141.32,130.82,116.11
119.81,133.76,140.03,151.00,157.76,169.07,170.84,180.43,181.69,188.61,189.17,195.09,199.38,200.88,206.78,210.54,213.74,225.01,226.17,229.75,235.27,243.74,251.10,258.38,261.54,269.60,272.35,266.36,268.17,262.77,261.20,256.40,251.06,252.41,242.89,241.15,237.19,230.27,229.79,224.70,223.33,212.53,207.87,203.30,196.70,187.56,176.92,168.47,158.93,149.26,134.35,123.45
117.41,130.73,136.82,147.17,154.16,164.65,168.67,176.62,180.24,184.81,188.69,190.22,194.49,196.42,200.87,207.21,209.46,215.35,220.91,225.87,234.36,240.68,251.48,256.60,258.03,263.88,267.42,265.66,264.56,260.09,262.43,254.19,251.25,247.68,241.00,239.28,235.32,229.32,228.53,222.27,216.34,212.21,204.14,200.87,196.23,187.77,179.07,167.76,157.92,147.96,137.20,124.04
120.74,135.59,145.40,155.32,163.62,170.55,175.89,186.53,187.76,194.12,196.33,200.88,206.02,207.97,211.02,216.84,222.97,229.80,237.12,238.65,248.58,252.72,264.85,270.19,274.32,282.19,284.01,282.55,283.13,279.57,275.69,271.69,266.33,265.33,258.64,257.03,249.78,243.29,243.15,238.87,232.55,227.71,222.41,216.01,209.69,200.41,191.65,181.00,169.94,158.70,147.65,131.75
113.18,126.48,134.74,144.36,153.03,159.31,164.84,174.59,175.62,182.10,186.98,190.24,193.20,196.79,200.56,205.41,211.10,218.49,221.68,224.18,235.41,240.53,249.61,254.07,258.71,263.15,267.78,267.61,266.16,264.17,264.49,257.96,251.96,250.05,246.24,241.21,235.94,230.41,228.86,225.74,219.49,214.85,207.87,204.32,197.82,190.14,182.85,171.42,161.99,152.32,139.61,127.02
99.82,111.23,120.00,128.16,135.15,143.11,147.76,155.62,159.62,163.87,167.07,170.79,175.32,174.29,179.77,181.80,189.08,194.09,200.17,200.69,209.19,213.46,221.45,224.80,228.12,235.26,239.68,236.36,236.39,234.69,231.62,227.07,222.85,222.44,218.30,215.50,209.62,203.65,204.02,202.48,197.57,192.77,187.58,183.00,177.55,168.83,160.65,153.83,147.87,138.65,124.19,113.36
106.63,119.50,128.16,137.13,144.22,152.90,157.78,167.32,170.86,176.87,181.84,184.74,188.96,189.41,193.40,199.83,203.18,210.77,215.54,217.80,227.07,231.32,240.03,245.20,249.90,255.05,258.94,257.31,256.91,253.18,252.68,246.43,242.40,240.45,234.96,232.82,228.25,222.27,222.03,218.28,213.84,208.48,201.94,198.66,192.33,184.32,177.55,167.50,158.20,148.48,136.50,123.22
108.78,122.41,127.61,137.38,147.31,155.36,161.14,169.06,173.40,178.54,186.50,187.40,190.28,194.28,198.02,203.07,205.01,213.04,216.48,220.08,228.65,234.93,243.08,248.78,251.88,254.77,259.26,259.12,256.78,255.28,252.97,247.48,242.84,240.19,235.92,232.23,229.99,224.01,223.22,218.11,213.64,210.21,201.76,197.94,193.76,186.17,179.03,169.36,158.76,146.66,138.60,125.16
108.42,123.60,132.08,141.79,149.93,158.76,163.36,174.94,178.49,184.39,187.11,193.05,197.04,198.09,198.93,205.30,211.69,219.39,222.00,224.57,232.23,237.08,247.41,250.87,253.03,261.22,263.47,260.80,260.35,256.76,254.33,248.86,243.89,245.41,238.41,237.46,227.98,226.28,225.06,220.05,218.01,208.39,204.14,200.87,194.37,186.55,178.91,170.07,161.20,151.49,136.69,125.72
112.29,125.02,132.00,142.34,149.94,160.00,164.47,175.41,178.04,185.44,189.06,192.63,197.25,198.44,203.54,209.88,213.47,219.13,221.93,226.56,232.36,240.05,245.94,252.25,255.78,259.60,263.29,259.11,260.39,256.02,255.23,247.65,243.29,243.26,235.80,234.89,230.31,226.00,225.28,218.28,215.52,209.40,202.78,198.04,193.00,187.52,176.65,168.43,160.15,150.66,136.31,124.02
119.85,132.00,142.28,152.80,160.98,170.00,176.53,185.80,187.38,194.00,199.64,199.92,204.42,208.20,211.85,216.90,220.27,228.48,231.81,234.20,239.73,247.88,256.02,259.76,264.78,268.58,272.25,270.28,269.67,266.39,264.37,259.27,254.47,254.16,245.88,245.76,238.30,232.94,231.39,227.08,222.41,217.51,209.99,205.77,198.58,192.77,184.59,174.43,163.60,153.57,143.81,129.32
114.98,126.37,134.16,144.03,152.85,163.34,165.85,174.98,178.87,183.58,189.08,192.51,195.94,200.17,205.29,209.75,210.83,216.32,222.83,227.65,235.34,240.39,247.01,252.42,256.04,259.28,261.20,258.19,258.19,253.06,251.81,244.47,238.30,236.02,231.90,230.34,225.75,221.94,219.80,212.05,208.57,205.01,194.64,192.75,185.59,178.68,173.23,161.45,153.08,141.95,133.30,121.51
104.14,116.09,125.03,131.73,141.40,148.49,152.95,162.66,164.69,170.66,172.70,178.19,181.57,181.86,184.70,191.05,196.77,204.36,208.15,208.28,215.78,220.37,229.10,232.16,234.26,242.04,242.74,239.17,239.03,236.58,232.42,228.00,221.06,222.73,217.25,213.56,207.87,203.42,201.31,199.81,195.73,187.92,183.98,180.10,174.14,166.15,159.73,147.92,142.95,132.46,121.43,110.11
109.64,122.53,128.00,138.06,147.20,154.40,158.62,164.94,169.31,174.75,178.13,181.08,183.86,187.22,194.80,198.09,201.56,207.76,211.44,216.53,223.90,227.53,234.62,240.87,242.87,247.29,247.83,247.41,245.82,242.86,241.42,234.37,230.82,229.87,223.64,223.71,216.54,211.36,211.22,207.39,200.94,198.07,189.62,187.11,181.03,173.22,167.17,158.81,146.77,137.91,130.00,115.12
114.21,125.67,134.63,146.10,151.49,160.18,166.11,174.43,178.39,184.56,187.01,192.21,195.43,198.34,203.30,207.53,212.79,218.83,222.73,226.36,235.97,238.05,247.21,253.95,255.20,261.02,261.16,257.57,258.63,253.97,254.02,246.71,240.85,240.35,233.26,232.77,227.01,222.12,221.06,216.30,212.81,206.48,199.72,196.66,191.40,183.04,174.00,165.61,156.59,145.17,135.42,120.92
116.62,135.15,140.94,149.01,157.47,168.58,172.54,183.79,187.24,193.35,196.37,202.39,207.35,206.95,211.98,217.41,223.90,231.62,235.23,236.08,245.67,251.81,259.42,264.38,266.33,274.77,276.26,269.74,271.31,266.09,262.35,257.39,252.74,254.39,246.35,245.28,238.03,233.42,231.86,229.51,224.27,215.76,213.38,207.89,202.00,192.85,184.46,173.00,164.92,154.94,141.03,126.00
116.25,129.10,136.31,147.80,156.11,165.98,170.29,179.74,182.91,189.89,193.26,198.88,201.82,205.24,208.41,214.67,218.02,227.98,230.33,233.21,241.78,246.11,254.44,258.68,262.03,267.86,269.86,263.76,265.98,260.19,258.38,251.81,247.89,246.74,240.53,238.17,231.23,229.11,226.57,223.29,219.00,210.62,207.42,201.12,197.80,187.77,180.21,169.96,161.00,151.43,137.64,125.14
120.27,133.70,141.60,153.73,163.62,175.11,178.68,188.94,191.15,196.80,204.92,208.04,210.22,215.23,219.97,224.59,226.27,232.91,238.65,242.03,248.01,253.73,260.76,264.20,266.91,270.00,271.81,269.94,270.20,263.32,262.02,257.39,250.83,248.48,240.65,241.98,235.47,233.14,229.58,224.89,220.20,214.87,207.71,206.90,198.86,191.61,184.49,174.07,163.00,150.22,141.45,129.69
114.27,127.58,138.13,147.65,154.81,163.84,169.45,181.60,184.71,189.76,193.26,197.00,202.39,203.00,207.00,212.23,215.19,221.68,226.74,228.45,233.57,237.68,245.33,248.43,248.60,254.94,255.89,249.56,249.69,243.34,241.55,235.09,231.97,229.44,223.09,221.18,215.56,212.14,212.00,206.97,203.27,194.51,191.40,189.17,184.53,176.14,169.73,159.05,151.64,141.99,128.84,117.09
108.72,123.22,130.86,142.58,149.40,157.00,162.25,174.64,175.64,182.89,186.32,191.38,195.00,201.21,204.31,208.63,210.45,220.64,224.27,228.00,234.63,237.02,244.97,248.31,250.89,253.15,254.50,247.61,246.04,240.83,239.77,233.85,227.06,226.32,218.34,217.85,211.91,206.40,207.08,200.12,199.97,191.09,187.17,183.77,179.29,171.48,164.78,154.35,147.25,137.42,127.02,115.95
112.04,125.36,135.06,145.00,152.40,161.31,166.82,178.73,181.07,188.79,189.83,198.60,201.90,203.42,206.12,212.88,218.16,226.05,230.85,230.26,237.97,240.84,251.01,253.87,252.79,260.64,261.02,251.45,250.93,247.35,242.86,237.88,231.29,233.08,225.74,222.46,217.08,212.29,211.63,208.73,205.02,195.88,192.77,188.50,183.77,175.57,169.20,158.38,152.19,142.21,129.85,118.15
115.42,127.95,136.01,148.92,158.52,168.00,173.81,184.29,189.47,194.26,201.31,204.45,207.97,212.98,216.36,221.47,225.66,232.12,237.04,237.74,246.14,250.20,256.53,259.62,262.48,264.25,262.43,259.49,258.49,251.10,248.36,241.32,234.16,232.55,226.04,222.25,217.44,213.86,210.76,205.73,201.21,196.98,188.35,186.23,179.00,170.47,165.08,154.81,145.83,134.79,126.05,115.52
121.83,131.03,142.44,150.89,159.31,175.35,176.05,187.56,191.77,198.29,203.23,208.97,211.97,215.06,217.44,221.89,225.86,234.78,238.31,241.23,244.81,250.93,256.64,261.55,261.95,266.60,265.45,258.33,258.06,253.34,248.73,240.84,234.17,237.12,229.84,227.18,218.21,214.39,211.59,208.66,204.92,196.82,193.06,189.99,182.53,171.06,164.73,155.71,149.72,139.30,128.41,115.25
115.12,129.69,139.40,149.41,158.27,167.57,173.57,182.07,184.46,191.31,199.25,202.83,205.55,208.37,209.75,215.08,219.80,227.98,232.22,234.01,239.30,241.25,252.04,253.43,253.95,258.16,258.71,252.24,250.30,247.48,244.72,235.72,232.05,229.54,223.33,218.84,214.28,208.12,206.85,203.60,200.30,191.76,189.17,184.59,178.55,170.70,163.48,152.87,146.49,135.96,123.23,112.04
114.04,122.79,132.56,142.02,151.18,160.43,166.09,175.21,180.21,186.13,189.47,194.00,198.60,199.14,204.14,208.87,213.79,218.33,222.63,224.10,232.13,232.88,242.30,245.08,247.13,250.89,247.32,244.28,244.75,240.41,238.00,230.11,224.76,221.47,217.09,214.46,208.90,205.55,203.90,199.75,196.92,190.80,184.27,180.71,175.07,168.07,162.61,151.95,144.20,133.66,123.32,111.52
110.22,122.33,130.48,139.18,147.00,155.76,158.45,169.05,171.49,179.25,179.77,185.46,189.24,190.94,193.01,197.10,201.26,206.79,211.45,211.70,216.69,220.17,229.14,229.96,231.66,235.77,238.20,233.89,233.81,230.59,226.99,221.90,217.25,218.08,213.85,210.40,205.76,201.84,200.11,199.06,195.53,187.86,184.39,182.04,175.03,167.45,160.12,151.43,142.80,135.00,123.69,109.62
103.59,115.69,122.53,130.73,138.24,143.95,150.12,164.40,164.62,168.91,174.00,181.69,185.43,187.40,191.05,195.60,201.72,209.16,211.40,216.21,220.95,222.03,232.02,234.20,233.94,239.01,237.19,230.18,232.02,227.63,223.23,215.80,212.04,211.91,206.94,204.75,201.01,195.58,193.93,192.21,187.84,179.07,177.00,173.42,167.43,159.15,151.60,141.99,134.21,126.59,115.75,102.49
101.55,114.59,120.15,130.02,139.86,146.49,153.65,159.20,163.53,169.61,174.92,176.08,182.33,184.32,188.56,190.82,196.70,198.96,202.61,206.41,209.57,214.25,219.66,224.12,225.56,227.00,227.20,225.89,224.96,220.63,220.10,214.55,209.62,207.42,204.71,203.38,199.45,196.29,195.21,190.07,186.32,183.21,176.74,171.76,166.93,160.43,154.18,142.70,135.06,124.81,116.16,105.62
101.53,111.61,122.80,130.78,136.78,144.84,149.12,162.61,166.43,173.62,175.56,181.11,184.74,185.23,188.50,192.75,196.23,204.04,204.25,206.25,211.15,215.56,221.44,223.11,224.41,228.09,228.81,222.85,224.44,220.20,219.23,214.11,209.77,209.57,206.02,204.80,198.60,195.16,195.36,190.41,187.00,179.12,177.79,173.48,165.60,158.49,150.76,141.45,135.15,125.48,114.28,102.80
115.92,129.40,136.47,146.86,157.85,166.36,170.75,180.62,184.30,190.68,195.43,198.66,202.37,205.80,211.07,215.04,217.67,221.18,226.06,229.09,232.55,236.41,240.65,246.08,245.72,247.95,248.94,246.01,244.86,241.13,239.31,231.49,230.52,227.59,223.57,222.90,218.36,213.18,212.04,207.94,201.70,198.29,191.59,187.52,180.31,172.41,166.21,155.54,144.63,133.79,124.62,113.07
115.43,127.58,136.44,147.18,158.40,166.14,172.54,181.02,185.65,191.21,196.31,202.55,207.52,208.28,211.77,215.41,223.96,230.48,233.70,232.26,240.39,241.83,252.36,252.99,249.47,256.07,253.87,248.60,246.52,243.63,239.58,230.49,227.37,228.24,223.18,218.89,212.22,207.62,205.77,203.48,197.59,188.90,185.78,180.85,174.52,165.11,157.08,147.11,138.93,128.14,116.73,104.20
113.27,127.02,134.74,146.01,154.16,164.05,168.75,177.20,181.69,186.08,191.23,196.24,200.12,201.97,205.80,210.34,213.00,220.20,225.02,224.16,230.65,231.08,239.46,240.76,238.95,241.87,240.03,235.73,232.82,229.34,227.27,220.45,215.23,213.84,210.94,205.00,200.20,196.12,195.60,191.65,185.02,179.03,175.80,170.07,165.42,156.59,149.24,139.46,132.06,121.74,112.54,100.24
116.85,130.36,137.93,146.99,157.80,164.21,171.21,180.47,182.46,188.79,191.77,194.36,200.37,198.49,201.64,205.57,210.05,213.12,214.69,216.06,217.46,221.05,224.22,226.72,227.18,229.32,227.20,225.00,222.12,219.67,218.56,213.12,207.80,207.08,200.17,198.46,194.81,192.44,189.04,187.72,184.44,179.40,174.23,167.72,163.89,155.54,148.64,140.55,130.25,123.08,113.44,100.34
119.52,131.73,140.87,150.62,158.82,168.08,173.76,185.33,187.72,192.76,194.62,200.18,204.66,204.19,206.52,209.40,214.31,217.62,219.02,221.49,223.22,224.93,230.20,230.72,231.21,234.55,232.76,228.27,225.36,224.93,221.77,214.87,211.02,209.77,206.60,203.00,198.76,195.58,194.08,190.28,187.81,178.71,178.94,173.95,167.71,158.49,151.33,143.18,136.36,127.06,113.85,104.00
125.32,138.54,148.05,158.77,166.88,176.37,181.99,191.26,194.56,199.97,202.09,208.47,212.08,212.51,213.04,216.45,222.39,226.74,228.14,230.27,230.64,234.10,240.10,241.28,241.20,245.80,243.21,238.21,236.95,234.34,231.66,225.11,221.88,221.68,215.52,214.16,210.20,206.65,206.17,203.75,201.01,191.38,191.38,186.17,178.27,171.48,163.37,154.01,147.05,136.18,122.16,113.17
114.98,128.46,137.59,147.09,155.43,164.84,171.86,180.74,181.87,187.84,192.85,197.74,200.81,203.63,206.19,208.93,213.91,218.25,221.92,222.73,227.04,230.14,236.76,241.62,241.60,244.93,243.82,238.68,236.21,229.27,224.62,216.16,205.91,205.10,197.25,195.41,189.23,186.96,184.09,182.17,179.20,171.21,169.85,164.51,159.35,152.90,145.84,136.94,128.79,118.71,111.61,100.42
114.77,126.32,133.14,143.54,152.30,161.62,166.63,178.72,179.25,183.56,188.82,194.01,197.96,200.01,203.04,207.55,208.66,214.46,215.15,218.01,222.09,226.34,229.42,231.48,232.30,233.02,233.03,229.59,227.77,224.40,223.43,215.52,212.85,210.84,205.73,203.67,201.85,199.81,197.87,195.44,192.21,187.00,181.73,177.28,172.19,165.10,158.34,148.17,139.85,130.18,120.50,109.33
110.60,121.38,131.31,141.09,148.93,156.82,163.32,174.94,176.95,183.44,186.04,191.13,196.43,196.42,197.25,201.01,204.69,211.12,212.85,214.23,219.08,222.69,228.97,231.41,231.21,234.93,235.54,229.46,227.11,224.27,221.29,215.06,207.85,206.24,202.25,200.12,196.88,191.66,191.64,189.62,185.28,180.34,178.34,175.28,169.45,161.45,153.59,142.87,137.71,127.77,118.27,103.97
110.11,121.74,132.09,142.27,149.58,157.80,163.52,176.08,180.43,186.10,188.81,195.88,200.06,201.14,205.16,208.69,213.78,219.33,220.06,221.72,224.88,229.90,231.63,234.20,234.92,237.68,236.54,230.79,228.67,226.61,223.58,217.19,217.81,217.68,214.39,209.82,207.97,205.34,204.79,202.00,198.09,189.38,190.55,185.04,179.62,170.31,162.63,152.08,147.20,135.83,121.70,111.33
102.31,114.23,118.87,128.55,138.06,144.56,148.82,158.67,160.51,167.30,171.83,172.71,177.10,179.81,182.00,187.28,189.27,194.65,192.59,197.04,198.34,203.38,205.64,207.42,207.89,206.90,208.04,207.20,204.83,202.09,203.04,199.06,198.04,196.16,193.02,190.67,190.38,188.96,189.18,182.16,181.59,177.61,171.14,167.94,162.61,158.82,150.01,141.69,132.03,123.13,115.28,102.16
102.12,112.54,118.09,128.32,139.00,144.31,150.07,156.52,161.25,166.81,171.84,174.15,175.93,180.40,183.73,185.84,191.00,195.01,194.03,197.12,199.96,202.80,207.17,207.07,208.90,209.15,208.93,207.33,205.30,201.85,202.30,198.91,198.40,195.02,193.83,189.28,189.23,186.64,187.04,180.61,179.28,175.60,170.04,168.01,161.55,156.47,149.26,140.09,129.76,120.07,113.37,103.00
116.28,129.40,135.34,145.88,158.35,166.90,170.39,180.85,180.23,187.42,194.26,195.97,199.09,202.20,207.39,210.84,211.37,214.11,221.33,220.27,221.47,226.30,229.11,230.77,230.71,230.02,229.03,224.32,223.22,219.54,217.67,211.05,207.23,205.83,202.92,199.18,197.04,196.23,192.35,186.94,185.55,180.28,175.05,171.23,165.16,160.22,151.08,144.16,133.78,124.47,116.39,106.30
116.73,128.06,136.82,150.60,157.89,167.67,172.15,182.00,185.35,192.02,196.02,200.32,203.65,204.94,209.68,214.58,214.93,219.78,222.81,225.75,226.02,227.04,232.08,234.79,234.16,235.53,232.94,229.27,227.79,220.95,221.72,215.30,208.94,207.87,202.04,201.43,196.35,194.28,194.81,187.00,185.44,180.80,174.38,171.01,164.81,157.54,150.88,144.75,133.30,123.86,114.00,104.40
117.32,131.23,135.45,146.44,159.11,167.55,171.03,181.29,184.30,187.67,194.59,195.89,200.77,202.41,206.70,207.40,210.98,214.28,216.00,217.89,219.57,219.97,227.70,228.23,227.49,230.67,229.32,225.25,225.74,223.90,220.34,217.04,214.40,212.34,206.86,205.24,201.41,197.95,196.50,192.01,188.73,186.43,178.54,175.09,170.18,161.60,156.26,147.60,135.21,127.47,117.96,107.38
116.84,128.70,137.84,146.37,155.77,166.48,169.68,180.71,182.78,189.20,191.02,197.09,200.26,199.62,203.91,205.87,211.02,212.78,214.44,213.66,215.93,217.45,222.14,224.40,225.23,230.46,228.32,222.43,223.45,219.58,219.15,213.12,210.79,208.94,205.92,203.42,200.94,196.16,196.60,192.40,189.93,185.15,180.48,174.96,169.30,162.20,156.25,147.14,138.74,129.81,119.47,107.23
113.46,126.81,133.02,140.36,151.21,162.66,167.36,175.33,179.49,184.62,191.88,193.83,196.60,201.31,203.83,206.60,209.85,212.13,214.83,217.35,218.75,223.81,223.65,225.18,226.72,225.46,222.04,217.35,217.02,211.09,208.43,200.56,194.49,191.17,184.33,181.34,176.78,173.28,172.20,168.11,166.34,160.90,155.42,151.71,146.22,140.06,133.84,128.71,119.10,110.69,103.95,90.25
117.96,130.74,137.44,148.37,157.81,166.44,172.54,181.02,187.11,190.07,197.39,199.97,203.25,204.02,209.62,211.85,214.45,219.97,223.27,225.39,227.18,229.40,234.08,234.45,234.98,236.61,232.72,223.81,224.02,218.76,213.47,209.46,201.79,195.88,189.50,186.69,184.35,181.57,182.22,170.58,169.81,164.11,160.33,156.42,150.89,142.59,137.03,132.08,131.21,114.77,111.02,96.18
116.48,128.23,138.76,149.46,157.00,166.88,172.56,183.99,186.96,192.42,197.08,200.81,204.63,205.70,205.66,212.32,213.66,219.57,220.12,220.49,222.89,225.82,230.34,230.56,231.04,234.79,232.46,227.09,224.38,219.43,218.36,211.99,203.97,202.81,197.39,193.35,189.42,184.53,184.17,178.90,178.10,170.32,167.29,164.30,157.18,149.24,144.46,136.33,129.84,121.26,110.89,98.67
110.92,123.58,128.32,139.52,150.80,159.38,164.03,173.40,178.21,181.25,188.45,191.00,193.55,197.23,199.75,202.71,205.77,210.16,210.54,211.86,214.85,219.46,222.55,222.30,223.08,226.88,224.88,220.59,221.33,216.67,214.73,207.39,206.24,202.79,198.01,195.86,192.04,189.45,191.37,185.15,183.00,176.95,171.49,167.53,163.78,157.80,150.80,142.34,133.06,124.72,116.21,103.46
112.29,123.00,130.23,139.71,151.65,159.39,165.10,174.03,178.34,182.66,190.85,192.78,196.58,199.06,200.63,203.09,207.42,209.47,213.85,214.41,218.79,220.68,226.34,225.40,226.32,227.97,225.86,221.65,218.77,216.52,211.32,202.83,199.38,195.66,192.51,187.68,182.60,179.85,179.48,176.23,171.86,165.92,161.25,156.52,150.94,144.64,140.51,131.03,121.17,112.27,105.93,94.34
109.88,120.83,129.00,140.12,147.14,155.67,162.05,172.07,174.89,182.48,184.17,189.03,192.46,194.09,197.50,199.97,207.34,210.24,210.80,209.68,213.78,217.38,222.48,221.96,224.32,228.00,227.18,220.62,217.85,217.83,211.98,209.25,205.34,205.41,202.00,198.73,195.24,191.42,190.92,190.25,186.59,179.69,176.48,172.84,167.61,159.26,152.55,143.54,137.56,127.00,116.18,105.12
108.24,120.35,126.48,138.13,146.76,156.18,160.88,168.07,170.11,175.82,182.28,186.21,188.90,191.67,195.14,199.46,202.55,204.41,206.81,207.35,210.24,215.75,220.06,218.63,220.82,222.01,221.46,218.32,217.31,214.28,211.03,205.00,203.08,201.20,196.29,196.66,194.37,189.87,190.28,185.95,183.41,179.63,173.57,169.71,166.31,158.04,152.51,145.00,133.70,124.48,116.08,106.04
108.24,120.42,127.09,138.05,146.29,154.56,159.89,166.38,172.28,177.05,181.55,183.22,189.42,191.47,191.00,197.27,200.50,203.35,205.54,206.32,212.08,214.77,219.86,217.45,220.74,221.89,223.16,218.69,216.02,215.97,213.83,208.21,205.70,202.83,197.47,197.29,195.53,193.40,193.58,186.45,185.41,181.82,177.12,173.03,168.88,160.42,155.36,145.28,137.38,127.29,117.92,107.02
107.54,122.04,128.41,138.95,147.18,154.57,161.81,171.14,174.87,180.05,184.09,189.97,191.60,193.72,195.89,199.26,206.02,207.87,210.20,211.01,215.47,218.48,224.08,225.00,227.11,229.99,228.66,224.22,223.14,221.07,217.11,210.62,206.01,203.84,198.96,195.97,194.12,187.32,188.17,185.35,183.33,175.93,175.16,170.70,163.09,153.48,147.60,140.73,133.18,121.94,113.23,102.88
108.16,120.25,128.28,138.28,146.33,155.31,162.79,170.70,174.26,179.01,184.76,187.63,192.20,192.20,195.50,199.86,203.06,208.69,210.54,211.29,215.23,220.23,224.50,227.14,229.01,230.08,230.56,227.06,226.64,221.58,218.26,214.22,210.72,205.85,201.63,196.49,195.73,191.02,190.16,188.66,186.68,178.88,177.79,172.05,165.39,154.93,152.64,143.35,136.40,125.43,117.07,104.29
106.83,118.60,129.39,136.82,145.66,153.12,162.54,170.99,173.67,177.49,181.47,185.59,190.09,190.25,191.46,196.70,203.04,204.60,209.75,208.32,211.55,216.01,221.92,224.74,225.42,229.51,228.48,223.65,221.73,220.22,217.28,211.15,207.47,206.40,203.49,201.30,195.16,193.37,193.88,191.23,190.94,181.47,181.42,175.03,169.54,162.27,154.95,145.12,137.10,127.95,119.33,107.22
106.51,118.11,123.43,134.63,143.18,149.97,157.04,164.00,168.05,172.12,178.88,179.69,183.88,186.08,188.86,192.00,197.31,197.77,202.74,205.18,207.58,211.74,217.23,219.32,221.92,223.54,223.66,221.05,222.00,220.05,218.40,214.95,216.45,212.92,211.46,209.12,206.55,204.83,205.65,200.80,199.61,195.00,189.01,185.32,181.74,172.26,166.03,157.80,147.63,138.00,129.40,116.16
111.65,120.17,123.56,129.69,134.73,143.00,153.22,158.24,166.51,171.96,176.18,178.53,181.91,181.04,183.44,191.93,196.99,202.65,205.34,203.00,208.39,210.74,217.31,219.02,220.08,225.47,228.00,222.73,223.38,221.21,220.06,216.84,216.82,219.32,214.22,212.87,210.77,206.12,207.87,205.23,203.59,196.21,193.83,188.86,184.39,176.66,167.97,159.62,151.01,141.51,129.26,116.21
110.22,118.36,118.22,126.05,132.98,141.23,147.85,153.94,161.20,166.39,173.44,173.51,176.78,178.49,180.74,188.56,193.35,195.85,198.70,201.07,204.63,209.98,214.59,216.52,219.86,222.09,223.68,219.94,222.70,219.00,220.13,214.95,216.39,214.46,211.44,209.35,207.91,206.89,207.17,201.72,200.00,196.03,190.71,186.51,181.62,174.09,167.26,157.92,148.22,138.60,130.36,116.73
105.38,114.73,121.21,131.03,139.26,147.96,152.20,158.90,163.23,166.72,170.42,174.16,178.72,180.28,185.33,187.49,192.01,197.09,197.41,201.16,203.63,209.98,213.91,216.60,218.69,221.82,224.54,220.87,224.74,219.16,218.55,213.72,215.52,215.78,210.64,209.02,207.69,205.97,207.33,200.80,200.90,194.74,191.02,187.02,183.20,175.26,169.05,161.28,151.40,142.09,133.54,118.14
105.55,114.35,120.50,128.41,138.13,144.55,149.27,155.80,158.67,162.16,167.59,170.75,170.19,176.71,178.20,181.69,187.62,191.91,192.67,196.29,200.56,205.60,208.15,212.25,216.23,216.76,217.83,216.45,216.31,215.39,214.16,209.33,209.61,209.47,206.05,205.53,203.90,200.64,203.07,196.40,195.16,192.75,186.45,183.81,179.81,171.35,167.11,158.47,149.31,138.24,130.03,116.62
105.02,114.62,121.83,128.84,136.44,144.31,149.68,156.22,159.31,163.17,168.61,171.33,173.00,175.56,179.45,182.00,187.32,193.42,195.21,195.35,201.12,204.30,211.15,210.01,215.29,217.81,219.48,215.46,216.02,215.36,213.04,207.87,209.48,210.34,207.78,204.27,203.67,200.19,201.92,196.06,197.52,191.94,186.87,182.54,179.81,171.09,167.29,157.00,149.94,139.03,130.38,116.18
111.07,124.89,130.38,141.68,148.66,156.59,162.37,170.01,174.56,178.22,182.86,187.93,189.02,191.67,194.20,200.56,202.63,207.64,212.25,213.74,219.02,224.37,228.37,230.89,235.67,238.47,240.28,233.63,230.82,228.45,227.18,222.61,218.26,217.83,211.98,210.60,210.11,204.84,205.78,200.36,200.69,192.40,189.68,185.15,182.00,174.57,170.84,161.06,150.56,144.20,133.21,119.10
108.58,118.96,126.78,135.69,143.68,149.91,155.26,163.13,167.22,169.78,173.49,178.84,180.85,184.20,186.32,191.21,197.34,201.48,205.80,206.31,211.75,215.75,222.50,224.20,226.21,231.04,231.81,229.47,228.40,229.53,226.32,221.90,218.82,222.16,217.72,216.01,211.25,211.63,212.08,208.36,205.55,200.58,197.80,193.21,188.90,181.53,175.86,166.53,158.15,147.30,136.82,121.94
107.91,117.72,123.07,132.48,141.15,147.22,153.10,158.60,163.25,164.68,170.82,173.97,175.35,179.08,182.02,187.09,191.54,193.15,200.02,201.44,208.31,210.38,217.08,219.48,222.14,223.99,228.09,224.40,225.69,223.22,221.04,217.33,215.75,213.12,211.99,208.47,208.91,207.53,209.77,202.07,200.06,198.60,193.21,188.00,184.69,177.45,173.37,164.64,154.56,145.53,136.18,120.95
106.78,116.02,125.54,132.28,139.09,147.76,151.63,158.70,161.48,167.19,167.20,172.70,174.81,177.59,181.60,184.84,188.00,196.00,198.60,202.83,204.31,211.44,213.68,218.83,221.12,222.14,224.86,223.14,224.61,222.19,221.07,215.56,215.67,214.19,211.45,209.90,206.16,204.92,206.05,202.36,201.66,195.82,191.76,187.00,184.69,178.40,170.76,163.00,153.57,145.25,135.96,122.41
104.66,114.63,120.27,127.49,137.00,144.22,149.33,153.38,156.43,160.86,164.58,166.93,168.19,173.22,176.30,179.64,183.83,187.88,192.21,196.01,200.82,206.02,210.88,213.78,216.93,218.02,220.78,217.81,219.86,217.33,216.08,210.54,210.28,208.02,206.50,206.41,202.20,201.70,201.97,196.37,196.38,192.21,186.27,181.34,178.93,173.44,165.60,158.32,149.91,140.94,133.18,117.95
109.37,118.51,122.89,130.70,140.94,146.49,153.56,156.95,159.22,164.01,167.29,170.00,173.61,176.82,178.83,181.30,187.45,190.25,195.62,197.99,202.79,206.97,214.31,215.63,220.38,221.68,226.00,220.32,221.78,219.86,218.07,214.71,213.86,212.04,208.83,208.61,206.47,204.63,204.00,198.31,198.50,195.17,187.49,185.28,180.60,174.91,170.75,161.90,152.12,142.17,134.54,117.61
105.34,116.00,123.17,130.10,138.65,145.04,149.89,156.95,160.96,163.78,165.20,172.17,174.13,174.45,178.60,180.95,187.60,191.02,195.47,197.57,201.82,207.15,211.28,213.06,216.75,219.32,221.82,215.56,216.37,215.11,213.41,206.81,204.36,203.49,198.98,197.31,192.42,190.97,190.52,185.43,185.33,177.75,175.93,171.96,166.05,161.03,154.87,147.31,139.49,131.83,122.30,108.46
110.44,122.15,129.38,137.44,145.17,153.26,157.88,164.75,168.08,171.33,175.05,179.01,182.20,183.90,188.09,189.71,198.04,200.64,203.77,205.83,210.42,217.47,221.90,224.96,226.77,230.56,233.85,225.57,227.31,225.67,223.27,217.04,214.41,215.06,208.60,207.14,202.09,200.96,200.52,194.91,194.43,186.22,183.93,180.83,173.81,168.19,163.48,154.18,146.70,138.18,128.88,115.28
96.30,104.35,109.18,116.52,124.33,129.20,135.37,139.36,140.01,144.69,147.87,151.65,152.01,153.53,155.79,157.70,163.13,168.88,172.42,172.63,177.26,183.40,187.24,191.51,191.21,194.47,198.34,192.27,192.04,194.79,193.98,190.59,189.65,189.24,184.71,182.52,182.33,179.00,178.47,176.26,174.81,170.58,167.72,163.05,160.11,152.86,149.25,140.73,134.33,126.51,116.21,104.24
94.26,104.66,110.63,118.93,121.15,128.32,133.21,139.49,140.36,145.84,145.80,150.24,151.92,154.04,156.32,160.06,162.75,167.62,168.66,173.69,177.02,180.57,185.84,188.83,192.02,196.46,200.00,192.42,195.18,193.66,191.80,189.52,188.67,190.23,185.54,182.33,181.50,180.27,180.71,175.33,174.32,169.00,166.38,164.47,160.24,155.16,147.12,140.21,134.79,125.93,116.40,102.73
107.49,116.73,122.64,130.87,139.18,145.09,149.94,156.01,157.20,160.61,163.57,166.82,169.65,171.21,171.81,176.31,184.00,185.15,190.55,191.82,195.53,201.24,205.35,208.95,212.72,216.81,220.15,216.19,216.75,217.95,213.66,209.99,209.48,210.69,206.58,205.06,203.34,200.03,200.57,196.02,194.43,189.01,186.60,182.58,178.28,173.56,166.07,157.47,149.21,142.05,131.50,116.47
105.77,115.28,119.57,128.32,134.74,139.90,146.24,140.42,146.10,151.21,164.35,164.00,171.99,171.35,174.67,178.44,182.16,184.95,182.22,185.59,190.60,198.73,205.52,207.87,212.13,211.77,215.93,212.13,214.37,211.30,211.24,209.46,207.82,206.23,202.41,200.69,200.82,196.65,199.02,191.67,190.55,185.15,180.90,179.42,175.21,170.30,164.44,155.71,146.18,136.82,128.74,115.28
105.77,120.10,123.17,131.70,140.91,155.47,156.40,169.00,174.15,177.72,175.32,180.92,181.47,183.41,182.13,190.07,192.01,200.85,203.49,206.32,214.11,221.94,230.77,234.07,238.81,244.77,248.89,242.56,244.04,239.71,237.70,230.53,224.02,221.92,211.07,205.10,195.00,188.16,182.46,174.04,168.55,159.51,152.03,142.84,134.83,119.71,115.32,106.61,99.02,92.11,84.29,75.19
121.61,136.47,146.22,153.77,160.03,168.87,170.24,180.32,183.48,184.22,189.74,193.40,195.27,200.12,201.10,207.65,212.25,219.80,223.79,229.24,236.88,245.18,251.53,257.45,263.01,267.30,272.13,268.69,267.56,263.59,260.92,253.71,245.42,239.06,230.71,222.99,214.98,207.39,201.59,190.52,182.48,174.11,163.23,156.35,149.00,132.52,125.24,117.59,109.00,101.00,90.87,82.98
114.49,125.57,132.23,141.82,148.85,156.11,158.93,164.98,168.58,170.91,176.07,177.10,179.23,183.64,186.08,191.18,199.32,202.31,205.98,212.23,219.66,226.57,232.96,237.95,244.66,246.43,252.04,248.21,246.78,243.74,239.57,232.50,225.02,221.28,212.27,205.55,197.95,190.85,186.46,176.46,167.24,159.11,150.42,143.09,136.17,120.42,115.76,107.30,99.02,90.01,83.77,76.38
119.87,134.36,139.86,149.05,157.50,164.10,165.71,175.28,177.05,180.07,182.28,188.17,191.13,191.64,193.44,198.92,209.12,214.18,216.67,220.84,230.16,237.32,247.78,251.10,257.38,263.21,270.20,263.21,262.23,261.85,255.04,249.66,241.93,239.27,230.89,222.08,212.64,203.94,199.53,195.43,185.92,176.28,168.66,160.90,155.24,137.93,134.17,125.54,118.56,107.91,98.05,89.20
117.64,130.55,137.77,144.31,153.73,160.45,164.79,168.65,170.84,173.67,180.68,181.07,183.88,189.27,192.67,196.16,203.00,207.09,210.95,216.45,224.13,232.26,240.47,244.77,248.16,252.48,256.73,253.18,250.46,248.89,244.97,238.66,229.79,224.75,215.96,210.23,202.00,194.62,188.56,177.77,168.96,161.99,151.40,144.94,136.57,122.05,117.69,108.30,96.90,90.24,84.85,76.66
122.02,134.97,141.83,150.43,158.62,166.33,171.76,174.86,179.52,181.02,186.94,188.90,188.53,196.46,199.20,203.97,210.79,216.00,220.51,224.77,232.56,240.21,249.04,252.42,256.98,261.73,264.09,263.00,260.19,258.94,253.78,247.81,238.25,232.43,225.72,217.52,209.47,201.47,195.41,186.08,175.58,169.76,157.31,150.60,143.28,127.10,121.93,113.72,101.53,92.96,89.05,78.09
121.26,134.65,141.90,150.69,160.80,167.82,169.54,177.34,179.29,183.05,186.26,189.04,192.87,196.02,200.84,204.17,211.98,218.06,223.08,225.38,231.71,241.37,250.16,253.21,258.59,266.01,269.53,263.15,262.19,258.75,254.62,248.89,239.41,236.56,225.85,220.86,211.01,201.96,195.16,188.60,178.37,168.94,157.70,149.89,141.76,127.48,120.75,113.22,100.85,94.15,88.57,79.18
121.40,133.69,142.64,151.12,158.71,165.20,169.33,176.59,179.23,182.50,186.46,190.07,191.85,196.01,196.47,204.12,210.30,218.16,221.84,224.12,231.14,239.73,247.81,251.56,256.22,264.49,268.00,260.60,259.09,259.12,253.50,246.66,236.84,235.48,226.10,219.16,208.96,199.97,193.94,189.16,179.61,167.82,158.43,150.96,142.27,125.67,118.44,109.57,103.58,94.76,88.57,79.20
121.43,133.30,142.62,151.49,160.06,167.20,171.43,177.20,179.55,183.37,186.87,191.08,194.09,195.44,197.43,204.69,210.77,218.39,222.31,225.22,233.38,239.64,248.65,251.73,257.62,266.05,268.40,261.32,261.35,260.07,254.25,246.60,238.88,238.17,226.83,218.04,208.57,201.65,196.02,188.16,179.25,166.40,158.75,148.05,141.68,126.83,120.88,110.22,102.96,94.07,86.73,79.23
116.91,128.72,136.74,146.49,153.59,165.60,166.02,177.26,179.07,182.72,183.41,189.02,190.90,194.28,197.00,203.57,212.35,219.20,222.83,222.46,228.65,237.99,245.07,250.44,255.74,265.48,268.65,262.38,263.01,258.86,255.15,247.14,240.80,237.88,228.97,220.66,212.25,204.83,198.40,190.97,185.07,174.03,167.87,158.32,152.97,135.42,129.39,119.44,113.25,103.95,97.94,86.49
122.16,136.18,142.95,151.98,160.26,168.87,170.56,177.60,181.11,182.66,188.13,191.64,193.87,197.65,199.46,204.36,214.15,217.92,221.43,226.98,234.39,242.60,250.45,256.39,262.53,268.21,272.13,267.30,267.40,265.60,258.79,251.44,243.30,241.96,229.84,223.61,214.67,207.42,201.25,196.82,186.01,178.73,168.39,160.33,153.57,139.29,133.15,123.49,116.18,102.88,99.72,88.84
121.61,134.81,142.17,150.23,160.08,168.05,170.99,177.91,180.00,182.54,188.22,190.96,192.04,197.91,201.08,206.60,212.20,218.08,221.56,227.40,236.03,243.91,250.60,258.17,263.43,265.73,270.63,269.13,266.39,263.01,259.62,252.42,244.52,238.54,231.19,224.45,216.13,207.16,201.30,193.71,185.23,179.45,167.04,159.03,152.74,140.43,133.15,123.15,114.24,102.53,97.86,89.02
123.43,136.57,145.00,153.39,160.70,168.40,171.17,180.06,182.24,186.00,189.97,193.61,194.26,200.90,202.54,208.47,212.93,219.18,223.64,230.63,237.26,243.90,251.25,257.10,262.25,265.96,269.36,264.84,264.94,260.42,259.38,250.03,242.20,235.05,227.06,220.00,211.30,203.03,195.53,186.46,178.81,167.60,158.15,148.52,142.67,125.45,118.96,106.83,100.32,92.27,86.98,77.16
123.48,138.29,142.87,151.25,161.15,169.75,171.72,176.78,182.63,183.47,188.27,190.13,193.44,197.85,201.16,206.00,210.61,217.04,222.41,224.88,235.76,243.71,249.04,255.54,261.93,265.11,269.43,269.31,266.00,261.96,260.51,251.92,242.26,239.71,228.97,221.42,215.45,207.62,201.02,194.49,184.72,179.21,166.11,159.14,151.95,138.41,133.69,124.20,114.86,104.22,98.31,86.98
125.59,139.32,147.12,156.26,164.58,172.15,176.05,182.94,186.17,188.82,193.40,196.47,199.97,203.04,206.89,210.65,220.82,227.11,231.49,232.43,242.00,249.72,259.62,262.23,270.01,275.14,279.58,274.59,274.21,272.52,265.20,257.60,248.57,246.68,238.25,230.87,220.87,212.71,206.25,202.39,192.15,181.24,173.40,164.40,157.10,141.72,137.32,125.21,118.60,108.34,100.44,90.21
123.66,140.21,144.81,152.78,161.55,171.40,174.26,184.81,184.63,187.45,193.06,195.58,198.70,200.68,203.33,207.76,215.11,220.47,228.11,229.14,237.00,246.29,255.52,257.49,264.71,273.16,275.76,270.14,269.48,268.29,261.70,254.13,247.13,244.70,235.73,228.53,218.74,210.01,205.52,199.15,191.00,179.00,170.00,162.74,154.83,140.90,135.86,125.00,117.65,104.81,100.40,89.50
120.83,138.36,144.84,154.16,159.24,173.22,176.38,188.35,192.51,194.76,197.82,199.81,204.20,206.23,208.46,213.76,217.30,223.61,228.53,234.09,246.34,254.38,261.18,266.33,272.43,277.35,279.40,280.94,277.92,272.55,270.44,263.12,255.37,248.22,239.14,232.61,227.00,216.83,211.98,202.18,193.81,186.32,174.43,166.15,159.40,145.67,138.80,127.61,120.02,108.78,102.94,93.62
129.45,142.62,150.01,159.09,169.29,177.25,179.81,185.40,191.38,192.26,198.93,198.71,204.07,209.47,211.82,216.51,221.42,227.69,234.21,239.01,247.63,255.45,264.17,267.58,274.37,279.29,282.34,279.08,278.89,274.26,269.25,261.59,254.61,247.95,238.65,230.36,222.33,214.37,207.24,196.92,187.18,177.29,164.15,155.96,148.06,130.25,124.08,113.77,101.60,92.70,89.64,80.26
118.12,133.14,142.80,151.35,155.67,165.15,167.55,175.31,179.23,180.69,184.17,187.43,191.32,196.06,197.70,201.94,208.49,213.74,217.45,223.89,231.54,240.63,246.79,252.52,258.05,264.55,269.68,265.59,265.27,261.04,257.39,250.67,243.63,237.39,229.14,220.44,214.15,207.13,201.06,190.92,183.70,173.44,168.11,160.06,153.10,135.96,128.27,119.85,112.77,104.00,93.41,84.10
120.42,133.65,144.40,151.33,157.81,165.25,168.00,174.63,179.55,180.83,185.40,189.40,192.78,194.25,197.89,203.48,207.47,214.56,218.02,223.65,233.67,240.84,249.33,253.67,259.38,266.85,269.76,265.09,263.87,261.12,257.94,250.79,244.52,239.25,231.41,220.53,214.16,205.48,203.03,191.09,184.04,175.80,167.09,161.25,152.11,135.88,130.19,119.08,112.18,104.24,92.20,83.82
118.83,134.85,143.03,149.47,157.00,164.00,167.36,174.84,176.82,179.32,182.00,185.66,188.00,191.82,193.35,200.72,204.16,212.01,218.55,218.49,229.02,238.05,245.08,249.30,254.05,261.73,267.35,261.08,261.27,259.38,253.01,246.72,239.79,237.53,229.30,221.27,210.61,204.41,198.73,193.87,183.66,172.10,166.87,158.32,150.81,134.48,128.32,120.22,112.71,103.28,94.43,85.02
120.21,135.95,140.89,151.33,159.10,165.24,168.96,175.41,179.20,181.32,184.72,189.47,191.01,194.10,193.98,201.59,209.02,216.10,219.08,223.37,232.00,239.27,248.65,253.01,257.56,264.62,269.76,266.94,265.48,263.43,257.67,250.23,241.03,239.30,229.61,224.41,213.59,206.16,199.25,193.37,186.12,174.38,166.47,158.80,152.07,137.01,128.55,119.57,111.72,101.53,94.54,86.59
125.03,139.43,145.96,155.57,163.53,172.24,174.13,180.55,182.22,185.35,189.62,191.13,194.28,200.64,201.56,209.34,213.18,219.02,224.44,229.53,240.47,246.98,254.20,260.07,267.69,272.12,275.18,274.34,273.00,270.44,267.52,256.78,249.29,246.35,235.31,230.08,222.63,214.14,207.82,198.71,190.92,179.61,172.01,163.40,156.21,138.23,131.22,120.93,114.98,106.98,97.33,89.01
118.60,132.28,140.53,149.01,154.16,164.07,165.92,173.44,173.74,175.41,178.84,182.33,185.32,190.38,192.67,198.16,200.26,208.89,211.40,217.28,228.32,235.42,241.66,249.06,254.59,259.42,265.18,261.17,261.32,256.83,255.93,248.01,239.59,232.14,225.00,218.12,211.40,203.97,199.29,190.28,181.97,172.12,162.15,154.15,149.37,134.85,124.60,116.04,108.42,99.48,92.66,82.71
64.44,85.84,88.32,74.30,87.21,79.63,89.19,72.01,83.38,74.33,70.33,69.63,64.78,61.68,56.85,60.42,56.57,55.11,51.62,50.45,56.04,56.92,61.85,59.91,65.51,63.51,84.81,123.55,168.11,202.04,224.37,230.67,236.70,241.17,236.68,236.33,238.35,231.91,237.26,229.65,231.89,224.86,220.74,216.32,209.12,203.21,196.94,185.16,175.33,164.77,156.21,139.18
124.17,138.06,142.94,153.21,160.22,171.33,173.56,177.72,180.50,181.64,186.01,190.71,189.68,195.35,201.44,201.31,211.21,213.12,217.37,228.88,236.92,243.24,251.43,249.32,260.05,261.74,269.74,267.66,261.22,263.39,260.28,252.92,240.98,235.46,229.26,219.08,210.52,203.07,195.53,185.00,177.55,166.87,152.00,145.72,135.38,121.17,112.71,101.39,94.01,86.13,80.71,74.63
123.33,136.88,145.12,150.88,160.07,166.48,169.37,178.03,179.49,180.31,183.20,188.45,189.10,194.10,193.99,200.94,207.74,215.13,217.33,219.79,230.48,239.76,246.47,251.80,257.16,264.57,270.54,265.63,265.55,263.90,258.63,251.45,245.42,242.33,233.06,225.08,215.82,206.81,201.56,196.90,186.40,175.80,167.11,160.11,152.59,135.48,130.12,119.27,112.27,105.17,95.34,85.70
128.16,144.05,152.09,160.82,168.68,176.82,179.20,186.95,189.17,192.11,195.48,199.02,199.53,205.10,205.62,212.22,219.53,224.32,230.46,233.31,244.90,253.16,259.48,267.07,272.33,277.48,282.18,280.30,279.66,278.87,273.03,263.46,256.48,253.54,244.04,237.46,228.63,218.98,212.80,205.42,195.23,186.27,175.93,167.84,160.51,143.18,136.72,125.92,118.19,108.71,99.32,90.48
125.16,138.41,147.14,155.05,161.19,168.34,170.58,178.37,182.26,184.88,188.09,190.78,193.20,196.58,197.25,204.07,208.31,216.00,220.62,224.12,232.94,240.34,248.64,251.79,257.72,266.08,272.06,263.45,262.41,261.61,257.24,249.30,244.05,239.60,230.46,222.25,210.06,202.70,196.25,188.96,178.53,165.52,155.42,145.28,138.23,116.50,109.12,101.59,92.20,87.09,79.81,72.01
131.80,145.00,154.03,161.77,169.71,175.11,181.14,189.45,192.82,195.56,197.12,201.30,204.38,207.66,206.90,215.13,221.39,228.18,234.92,236.30,246.16,253.56,263.37,267.62,272.15,279.47,285.70,278.17,277.20,275.91,271.91,263.42,257.82,254.16,242.87,233.32,222.41,211.01,206.19,200.44,188.11,173.68,164.45,152.61,144.13,124.06,116.02,106.23,95.82,92.01,84.31,76.38
133.00,139.54,149.63,163.19,168.37,173.12,174.94,182.33,188.52,192.92,198.58,198.71,198.65,203.69,202.61,213.18,219.45,226.83,231.01,236.29,245.72,252.58,260.13,268.02,275.97,278.65,283.11,283.24,281.94,278.26,274.93,267.30,258.94,253.65,244.27,238.11,229.17,221.25,214.20,203.20,195.89,188.10,175.14,168.13,159.88,145.06,139.18,124.15,117.15,107.91,100.42,91.09
124.78,139.82,145.21,152.64,163.23,169.18,172.81,178.76,182.32,181.95,187.77,189.76,193.61,197.29,200.17,203.92,212.22,215.15,221.08,223.34,232.13,239.93,249.51,255.20,259.33,264.41,267.43,262.76,263.10,263.79,256.28,250.14,240.47,239.30,229.38,220.59,211.56,201.72,195.02,187.00,176.23,167.26,155.68,146.25,137.01,117.18,113.28,102.73,94.11,85.05,80.99,73.76
115.26,131.55,144.12,148.93,156.40,162.41,166.05,169.45,176.24,175.56,182.32,186.19,189.48,194.01,196.64,200.00,206.40,209.88,216.54,218.40,227.44,233.12,240.75,248.87,251.58,258.04,262.82,258.23,260.28,255.73,251.55,242.40,236.08,232.69,223.24,216.54,205.30,197.77,190.87,184.78,174.32,162.01,152.07,143.45,133.20,116.11,107.28,101.21,91.92,82.30,77.28,72.18
120.83,139.90,153.76,158.38,165.19,172.93,175.48,180.83,187.97,189.23,192.90,200.10,203.16,207.00,208.34,214.28,220.48,225.27,229.31,233.42,240.96,249.24,255.86,263.37,269.70,275.41,281.35,275.57,274.66,273.54,266.26,259.62,252.20,247.40,237.74,229.71,218.33,212.98,203.42,196.70,185.69,170.66,161.31,152.59,143.68,121.67,114.98,107.02,97.74,89.69,81.39,74.32
124.79,138.03,145.33,154.38,160.90,169.10,172.29,177.28,180.83,182.89,186.68,190.54,191.85,195.54,198.31,202.61,208.90,215.84,220.73,222.00,231.40,242.84,247.70,254.24,259.05,264.14,269.32,268.56,266.99,265.91,261.28,253.66,246.47,241.58,234.14,224.63,217.50,209.02,205.10,198.24,187.98,179.90,171.40,162.27,152.43,138.52,133.41,121.49,114.63,105.95,95.34,87.32
124.31,137.30,146.12,154.06,160.01,169.53,171.77,179.48,182.22,182.78,187.52,189.68,192.11,193.26,195.73,201.22,209.27,217.19,220.17,221.42,232.62,238.65,248.32,254.06,260.05,267.32,272.86,268.08,265.58,264.83,261.17,253.27,246.66,243.35,234.44,227.80,217.41,208.93,203.55,197.50,189.62,179.07,170.88,161.91,153.21,136.47,130.83,120.31,114.86,106.51,96.80,87.42
124.26,138.72,145.00,155.08,162.20,169.58,171.14,178.23,181.73,182.41,186.46,190.13,192.13,196.09,197.04,204.20,209.98,217.15,219.79,224.84,233.56,243.15,249.47,254.95,259.72,267.20,271.81,267.03,266.45,265.75,261.01,252.07,243.56,243.94,233.86,225.74,218.16,211.21,204.12,197.04,187.55,180.23,170.66,160.73,154.16,137.32,132.74,120.67,112.25,104.69,97.69,86.01
124.65,140.17,145.91,154.94,163.41,172.00,172.66,180.01,181.32,184.13,188.82,189.61,191.23,197.70,202.42,205.34,209.35,216.45,219.86,224.88,232.42,240.28,246.11,252.30,259.34,262.49,268.65,264.71,264.08,259.51,256.80,250.53,241.60,237.19,227.79,221.29,212.53,206.31,199.62,190.00,179.69,169.30,156.22,149.72,139.30,123.97,115.28,105.32,98.98,90.51,83.67,76.16
126.25,139.03,148.19,153.58,162.01,171.59,175.16,179.97,182.99,184.20,190.96,190.22,193.62,198.93,200.06,204.40,211.15,217.33,221.33,223.62,232.42,240.34,248.08,252.56,258.12,262.80,268.78,264.74,265.19,261.31,256.28,251.02,241.55,239.64,227.88,222.18,213.85,205.04,198.76,189.13,179.45,170.18,156.01,148.17,139.12,123.33,115.12,107.78,99.01,88.32,82.46,75.54
123.91,138.36,146.75,156.03,162.41,172.03,173.74,180.41,181.96,183.10,185.10,191.13,194.65,196.60,199.81,206.23,210.29,217.71,221.55,228.04,234.14,243.20,250.24,256.52,264.28,269.42,273.08,269.05,271.93,265.67,263.35,255.45,247.82,244.84,233.75,228.56,220.66,214.23,208.46,197.72,190.26,180.50,171.77,164.45,154.67,141.48,135.09,124.20,115.87,108.58,98.62,89.82
128.39,140.29,148.65,157.72,165.03,171.83,175.93,182.70,184.76,186.68,193.06,194.28,200.41,202.36,204.41,210.34,216.23,221.90,227.88,229.65,237.67,245.78,254.50,258.87,263.10,269.43,273.86,269.31,269.48,266.66,264.28,256.69,248.28,242.62,232.35,226.11,216.45,208.69,202.51,194.86,184.61,173.00,161.41,152.09,143.39,124.56,116.46,108.37,101.97,93.05,86.68,76.85
127.26,142.69,147.72,157.72,166.01,173.00,175.48,182.02,185.19,186.75,193.35,193.60,199.22,201.00,204.28,209.02,214.83,221.05,225.00,227.71,235.05,244.27,253.33,256.63,262.15,267.23,273.41,268.29,267.64,266.28,259.13,253.39,243.91,244.05,232.31,226.86,215.70,206.67,199.90,193.66,183.52,174.05,161.40,152.82,144.36,125.93,120.50,113.32,104.80,89.94,85.16,78.10
131.38,147.73,152.00,164.20,170.99,179.74,179.14,186.01,189.43,189.91,197.21,201.38,200.16,206.19,206.23,213.04,220.27,226.80,231.81,236.65,245.46,253.22,264.19,266.92,273.79,282.06,285.85,279.73,279.34,277.97,272.36,264.58,259.05,255.23,246.60,239.74,228.48,219.20,214.31,206.81,196.94,190.12,180.68,171.24,162.86,147.79,141.82,133.56,121.41,112.54,105.42,94.43
124.78,141.17,147.72,156.46,164.20,172.65,174.89,179.40,183.77,185.02,191.38,191.38,194.76,201.69,204.41,208.79,210.67,216.09,221.89,226.42,234.83,245.59,249.73,257.26,263.66,268.07,273.19,272.47,270.80,265.59,263.75,256.18,248.89,245.46,236.33,229.53,219.54,214.20,209.60,199.12,191.80,183.13,173.37,164.65,158.62,144.90,138.81,126.75,118.60,107.81,101.53,91.66
129.62,143.21,148.95,158.27,168.07,175.00,177.73,185.00,188.67,188.81,195.58,196.31,200.12,204.42,205.18,211.47,216.37,222.02,227.26,231.85,241.90,248.24,257.44,262.61,269.23,275.33,279.60,276.12,275.04,274.49,269.41,262.39,253.03,251.27,242.00,234.44,225.53,217.26,212.73,206.07,194.83,185.24,175.57,171.01,161.06,146.03,141.76,129.14,121.66,110.06,103.95,93.41
114.49,127.57,132.00,140.43,148.38,157.85,157.05,163.93,167.48,167.94,174.11,173.28,177.34,182.04,182.22,189.19,192.85,199.02,202.53,206.17,214.61,222.46,230.50,233.62,241.01,243.71,250.22,244.83,246.20,243.77,240.63,233.65,225.89,223.58,215.06,207.62,202.60,194.81,189.27,182.53,174.26,166.60,156.46,150.62,140.46,130.38,124.42,115.95,108.02,98.49,94.34,85.15
123.43,141.99,152.43,161.12,170.47,179.00,184.05,186.53,184.45,187.26,185.78,191.71,196.99,203.94,206.89,214.67,218.23,223.44,227.41,230.18,239.00,247.88,254.40,260.99,266.00,273.00,278.51,273.39,273.99,270.71,268.04,261.77,254.15,251.02,240.26,235.65,224.62,218.23,213.15,205.24,197.84,187.54,177.91,172.28,163.08,144.84,140.80,130.06,122.70,113.07,105.19,94.34
126.91,144.00,151.74,162.86,173.37,183.58,188.73,189.25,186.25,185.72,188.90,191.00,197.99,207.39,209.88,215.75,219.54,225.73,230.87,233.93,244.44,250.20,257.42,264.77,270.42,275.31,281.04,279.69,277.22,274.85,271.66,266.11,256.98,252.87,243.40,236.24,227.71,220.43,215.39,206.42,196.82,191.18,179.25,173.30,163.20,148.06,145.69,133.27,122.00,112.29,105.82,97.20
114.35,125.94,134.38,141.16,146.00,153.79,156.73,163.96,167.45,168.61,172.53,173.97,177.39,180.19,179.80,185.53,190.91,196.56,202.01,206.04,215.43,221.42,228.35,232.22,237.69,242.76,248.36,244.02,244.83,243.52,238.66,232.54,226.21,222.80,215.10,210.80,201.47,193.75,188.90,180.83,175.41,167.61,158.50,152.59,145.12,131.03,125.32,115.39,109.18,101.27,91.24,80.72
129.27,142.20,149.05,160.03,167.54,176.82,179.55,186.20,187.80,191.66,197.65,200.00,201.16,204.16,205.24,212.40,220.29,227.24,232.04,232.90,243.03,251.77,260.50,264.46,271.02,278.19,283.06,279.57,277.46,279.23,271.96,263.83,257.61,253.65,245.02,239.57,228.06,220.73,214.44,209.38,201.52,189.16,182.46,172.17,162.93,147.09,141.82,130.73,122.10,112.95,106.04,95.77
126.56,142.34,149.94,158.15,164.92,174.04,176.78,184.44,187.95,190.59,190.91,196.02,200.02,203.44,203.42,209.35,216.60,221.68,228.04,231.04,240.42,248.68,258.14,263.05,268.50,276.06,281.44,277.25,275.00,274.35,269.43,262.34,254.12,251.16,242.01,235.24,224.59,218.04,212.53,206.32,197.00,187.11,179.80,171.01,162.27,146.84,140.03,128.10,122.12,111.02,102.86,92.35
144.26,159.84,161.00,168.96,179.04,187.30,183.84,178.62,182.95,188.04,199.49,201.16,206.20,204.78,210.52,213.77,223.06,225.04,229.73,237.92,246.85,254.52,263.71,269.11,272.95,278.57,285.91,283.74,281.46,275.19,272.57,271.54,262.61,253.01,244.09,233.35,228.56,222.73,219.65,204.47,200.64,194.20,177.23,168.88,163.11,150.10,144.10,133.06,118.97,111.02,104.10,96.66
111.68,125.26,132.10,138.71,146.69,153.88,155.29,162.37,166.69,166.65,170.14,172.24,173.12,178.55,177.28,182.54,190.92,196.82,198.60,202.89,212.53,218.05,226.28,230.96,236.07,242.96,246.94,243.04,244.01,242.55,237.49,232.77,225.20,222.99,214.08,209.31,200.82,192.04,188.96,183.58,175.84,167.19,158.15,152.19,144.59,132.94,126.78,114.59,105.57,99.14,94.83,85.59
125.78,138.84,147.79,156.60,163.37,172.19,175.73,183.04,185.32,188.22,190.18,196.01,196.76,202.71,202.83,208.78,214.60,219.99,226.74,227.27,237.47,245.94,255.57,259.92,265.93,274.31,279.57,274.01,273.25,274.00,268.81,260.20,251.45,250.01,242.62,233.53,223.96,218.39,211.26,205.66,199.06,186.56,178.93,170.76,161.08,144.53,139.32,129.25,122.80,113.03,102.65,93.30
127.44,142.37,149.46,156.72,165.89,173.61,176.31,182.88,187.54,189.01,193.00,196.31,198.65,202.76,206.55,210.95,218.33,223.27,228.84,232.08,239.61,249.44,255.97,261.28,268.13,271.82,277.63,273.41,272.37,271.36,265.55,258.15,252.01,247.01,236.88,229.72,219.10,213.40,205.55,200.55,189.84,178.47,167.53,156.54,147.26,129.63,122.77,111.29,106.23,95.72,88.60,79.81
126.09,139.01,149.16,155.62,164.00,174.10,174.56,183.88,185.16,188.17,189.16,195.00,198.09,201.14,201.20,208.83,214.95,224.15,226.02,230.42,238.76,247.13,255.22,261.77,266.87,274.99,280.67,275.14,276.74,273.07,270.33,262.39,255.00,255.98,242.07,236.01,227.07,218.51,214.37,206.32,200.42,189.08,180.83,172.63,164.44,148.19,141.09,129.81,121.49,113.07,104.06,94.09
126.75,140.62,149.46,156.25,164.40,172.41,175.07,182.10,188.35,188.32,193.01,195.79,199.69,203.38,205.27,211.62,216.92,224.37,228.81,232.54,238.58,249.88,257.26,262.03,268.00,275.09,279.20,273.25,273.78,272.72,268.20,260.02,251.10,249.29,237.41,232.69,220.48,211.95,204.60,201.94,189.51,177.50,166.03,158.03,146.11,129.54,122.38,111.83,107.08,94.53,89.96,80.62
127.48,141.32,148.66,157.70,166.23,174.84,176.47,183.81,188.32,191.03,193.55,197.72,201.10,204.59,205.68,212.20,221.39,226.27,229.26,232.91,242.64,251.83,257.61,264.23,269.53,276.28,281.81,276.74,275.01,273.91,269.79,263.14,254.91,249.45,239.37,232.16,221.23,214.22,208.47,199.32,190.44,178.71,167.87,158.93,148.52,130.60,123.58,112.97,104.39,93.72,91.07,81.79
121.82,136.89,142.84,150.60,160.01,168.03,170.79,176.95,179.63,181.59,187.81,187.13,193.04,193.66,196.98,202.05,210.29,214.76,221.92,222.83,233.75,241.00,250.68,256.32,261.58,267.92,275.06,269.03,268.26,267.94,262.84,255.86,246.79,244.82,235.64,229.34,221.17,211.60,207.51,201.79,192.17,182.72,173.35,166.09,156.46,142.66,138.51,128.02,119.33,109.18,102.65,92.70
127.78,140.16,148.85,157.84,167.26,173.95,178.06,184.33,188.16,189.99,196.99,197.71,198.64,204.02,207.86,212.43,218.69,224.80,230.41,236.14,243.51,254.05,261.90,267.07,273.79,276.16,282.55,280.47,278.45,275.86,272.42,265.67,255.23,249.18,240.71,231.92,224.95,217.34,211.53,201.81,190.07,183.09,168.12,158.26,149.88,131.97,123.69,112.89,104.45,95.48,90.35,82.20
126.91,140.94,149.28,159.20,166.21,175.41,179.45,184.81,187.86,191.17,195.54,198.60,202.43,207.10,208.39,215.76,220.84,228.11,232.44,236.22,245.25,253.51,261.54,266.32,274.84,277.68,284.08,278.46,278.57,277.85,273.06,264.88,255.97,253.60,243.00,235.59,226.22,220.23,211.36,201.54,191.76,182.15,169.14,160.35,150.88,133.54,125.90,115.92,107.35,99.01,90.76,80.02
126.29,139.29,150.30,158.67,165.25,174.52,174.89,182.92,186.32,189.56,193.91,195.80,197.96,204.00,207.78,212.19,217.87,223.43,228.79,233.85,244.76,252.25,259.30,265.32,272.53,279.03,285.46,281.86,282.46,278.49,274.85,266.96,257.85,257.38,243.84,238.93,228.40,223.89,218.39,208.00,199.75,188.45,181.33,171.66,164.56,147.51,140.77,129.00,121.02,112.00,103.23,91.09
125.16,141.65,148.61,157.81,164.47,171.48,176.17,183.32,187.04,187.45,193.24,195.80,199.83,203.53,207.53,213.38,218.30,225.04,229.92,234.09,244.62,252.72,258.66,265.75,271.97,276.03,281.18,278.92,276.67,275.05,272.47,262.10,253.60,247.55,238.73,232.96,223.02,216.12,210.00,200.14,190.29,179.32,169.19,157.88,147.17,130.10,122.09,115.21,105.54,95.52,89.81,80.36
123.79,137.90,146.22,155.26,163.42,172.15,173.35,179.74,184.91,185.66,191.09,192.87,198.04,202.83,204.59,210.45,213.27,222.06,226.77,230.29,242.46,250.05,256.70,263.14,272.68,275.84,280.51,278.74,278.49,273.25,272.01,264.05,256.20,252.98,240.76,235.03,228.02,219.94,213.60,204.90,197.23,188.47,178.18,170.33,162.50,147.87,141.68,129.10,120.54,109.93,103.86,93.96
126.67,140.80,145.24,155.55,164.91,173.17,176.50,181.47,184.09,187.68,193.71,195.17,196.41,203.05,205.24,210.30,215.78,223.33,227.76,232.02,241.96,246.84,256.74,263.94,268.33,271.45,278.00,276.45,274.64,272.55,267.64,260.54,251.81,246.84,238.65,231.37,221.54,213.66,207.71,199.01,189.71,180.18,167.15,159.41,147.90,131.59,123.97,115.85,104.40,95.80,91.27,81.79
127.05,141.48,148.56,156.08,165.41,172.10,176.71,184.22,187.54,186.82,193.83,194.79,196.82,204.68,206.32,210.52,218.43,224.51,229.71,234.06,243.00,249.80,258.57,264.21,269.67,274.19,279.41,276.83,273.98,273.81,271.03,260.72,253.24,247.39,241.00,232.11,223.24,214.98,210.00,198.41,188.66,180.01,165.89,157.44,146.49,131.05,124.54,114.28,104.06,92.65,91.40,79.06
123.91,137.30,145.50,155.21,163.64,173.08,175.03,180.57,185.40,183.31,191.06,193.49,196.09,203.67,204.14,208.40,215.64,221.04,226.55,231.22,242.26,249.37,260.41,263.10,269.43,276.03,279.95,278.16,277.26,275.95,270.60,263.15,255.57,250.64,242.13,235.26,226.29,217.87,212.93,204.84,195.13,188.29,175.82,169.64,158.78,143.93,134.72,113.36,111.99,106.94,108.89,99.36
124.74,139.46,146.69,155.03,161.14,168.44,172.89,180.31,185.61,186.50,190.28,195.03,196.42,201.81,202.39,208.01,216.93,222.80,226.11,231.23,241.96,248.40,258.23,263.32,268.37,277.28,281.44,277.56,274.54,274.27,270.13,262.09,255.00,252.23,243.98,235.30,224.16,216.02,211.70,203.49,195.06,184.05,178.18,169.10,160.18,142.89,138.10,127.01,119.85,108.21,99.72,89.27
87.32,94.89,97.25,97.45,104.81,109.11,106.83,100.66,99.64,97.16,94.54,93.61,89.02,86.88,76.84,77.37,74.67,70.34,69.20,64.88,66.49,65.51,71.61,66.48,68.36,71.18,102.22,151.56,202.74,227.04,232.36,238.80,247.78,252.42,247.78,250.80,250.20,248.72,251.51,246.59,245.98,243.13,237.55,233.94,229.14,224.56,215.93,204.01,193.26,181.18,172.90,155.17
126.12,141.13,147.47,154.99,163.72,171.75,174.63,182.43,185.74,185.07,192.17,195.04,197.95,204.09,203.80,210.15,217.00,221.50,227.15,232.74,242.43,251.34,260.46,264.28,271.98,275.03,281.80,278.76,278.00,275.36,272.80,264.60,256.10,251.78,241.01,234.97,228.18,217.55,214.80,204.08,195.80,190.59,176.46,169.45,159.14,144.22,141.09,127.12,118.12,108.21,101.24,91.14
120.34,131.64,140.94,149.03,155.32,164.15,165.59,174.35,179.00,179.62,181.23,186.68,188.45,192.21,193.24,200.32,208.86,214.09,217.39,221.82,231.80,238.21,246.62,252.14,255.48,263.28,268.07,262.64,263.01,260.91,256.76,248.65,242.17,236.78,226.86,222.09,210.64,204.89,196.41,190.16,181.14,167.89,159.31,149.26,140.36,123.94,115.02,107.00,96.75,90.52,84.10,74.24
120.93,133.09,140.04,148.11,155.00,164.12,166.03,171.68,177.34,180.43,182.58,185.31,187.77,192.26,193.60,201.31,207.48,212.85,217.89,222.71,230.82,238.32,246.07,251.03,256.30,262.18,266.65,261.84,261.73,258.30,255.34,248.82,239.53,234.48,224.90,219.86,208.63,203.63,197.45,188.80,181.33,167.04,156.67,148.53,138.41,122.78,114.07,106.32,95.38,90.51,81.39,73.55
121.43,136.47,143.13,150.08,156.63,166.65,168.12,174.93,178.31,182.61,183.08,188.09,191.06,195.06,195.29,199.62,207.62,213.93,222.19,222.87,232.03,240.71,250.86,253.24,258.65,265.37,272.06,267.69,264.68,266.33,259.62,254.21,245.99,244.50,235.82,226.81,217.71,209.16,203.18,198.65,190.92,179.82,171.81,164.44,154.87,138.00,133.45,122.04,114.59,105.55,98.84,89.05
122.78,136.52,142.62,151.85,161.38,168.60,169.10,177.55,177.80,179.94,186.04,187.52,190.23,195.82,200.14,203.25,210.58,214.34,221.96,223.62,233.24,241.91,250.74,255.67,263.37,267.59,270.63,269.76,268.17,266.74,261.08,255.76,247.27,242.67,233.96,227.07,218.56,211.06,204.62,198.09,189.62,181.25,168.44,161.51,152.61,139.85,134.48,124.00,113.65,104.35,98.49,88.46
122.97,135.96,143.96,150.10,156.55,167.84,170.85,175.28,180.34,181.08,186.94,188.16,192.40,194.74,198.16,202.47,209.40,213.93,219.45,223.79,232.17,242.24,248.13,254.80,258.50,262.73,267.99,266.09,266.19,262.01,259.62,251.31,244.18,239.21,232.38,225.80,218.15,209.99,204.17,196.02,188.35,178.87,171.24,160.44,154.24,138.20,133.36,122.59,115.16,106.96,97.49,88.28
125.60,132.28,140.29,152.55,149.51,164.55,165.22,177.55,181.25,178.36,185.92,192.51,190.97,192.75,194.49,202.55,211.70,217.04,219.11,221.38,230.93,244.60,248.32,253.12,257.96,260.97,267.60,265.42,263.80,263.02,258.43,252.12,242.92,238.73,230.71,223.62,218.22,208.34,203.68,194.33,186.69,181.22,170.02,161.28,152.59,140.00,135.16,122.45,114.69,105.60,96.19,88.54
129.24,145.06,153.11,160.53,170.85,177.03,180.89,186.94,191.09,191.17,198.31,199.20,202.51,207.14,208.19,215.13,221.78,228.40,234.00,237.12,246.07,253.78,263.37,265.92,273.65,275.50,281.04,279.04,277.97,276.18,270.68,262.59,254.67,249.37,240.17,232.56,224.84,217.11,207.39,198.49,189.17,180.62,165.48,159.93,146.60,133.51,127.01,114.63,105.42,94.87,90.96,81.50
125.40,136.70,146.01,153.77,160.53,169.09,168.44,177.65,181.02,183.88,186.70,188.68,192.20,199.01,199.80,206.16,209.88,216.45,221.35,226.01,233.63,242.60,250.65,254.61,261.54,268.40,271.83,267.68,266.60,264.32,261.08,255.36,247.24,241.37,232.90,227.69,216.78,211.25,206.70,195.48,188.49,180.31,171.84,161.99,156.02,138.44,133.79,127.88,116.39,105.55,101.49,88.07
129.81,143.22,152.46,158.67,167.19,176.30,178.24,186.13,187.30,191.31,196.47,199.83,200.86,203.71,205.01,212.72,220.06,225.84,232.82,234.44,242.87,250.22,260.22,264.97,270.20,278.35,283.09,278.76,277.48,278.57,271.89,262.09,255.77,253.54,247.41,236.40,227.27,220.64,211.88,208.02,200.82,189.21,179.67,170.48,161.31,144.90,141.23,131.40,121.63,111.45,103.16,92.66
77.82,96.13,112.29,98.66,106.40,123.08,127.20,112.64,110.86,108.60,111.29,110.48,104.01,103.24,97.17,96.83,88.84,87.56,89.81,83.26,79.31,80.81,80.01,74.43,74.06,74.09,67.08,88.23,157.72,195.60,229.17,237.19,240.07,243.26,240.03,241.90,242.64,241.09,244.72,235.02,238.76,235.36,230.10,224.56,220.51,214.44,207.23,196.33,186.70,175.09,164.65,144.59
144.25,158.20,148.68,162.11,166.43,180.08,175.45,194.81,190.25,191.44,195.26,200.61,202.00,206.18,207.20,214.48,220.49,228.02,229.31,232.61,242.56,250.07,259.76,263.80,268.93,277.75,283.24,278.18,277.00,275.47,272.03,263.14,256.33,253.25,244.18,237.00,227.92,220.05,215.18,207.17,200.49,189.76,181.39,172.68,165.11,147.22,140.22,132.38,124.04,111.80,103.37,96.26
124.26,136.95,142.41,151.63,158.67,165.36,168.81,175.48,179.11,181.07,184.26,187.95,189.84,193.38,194.52,200.82,207.04,212.25,218.26,219.22,229.65,236.85,245.16,247.41,250.49,260.25,265.11,258.03,256.02,256.89,253.02,245.73,237.39,235.65,226.88,216.12,207.97,198.76,192.94,188.74,180.00,167.87,157.95,148.50,139.59,122.10,118.90,108.00,101.02,93.30,86.15,76.49
123.07,136.44,142.34,151.64,157.50,164.51,167.17,175.07,177.72,179.07,181.55,185.23,188.05,191.02,193.00,199.45,203.87,208.58,217.00,217.83,227.44,233.81,241.03,244.77,251.13,258.79,263.23,255.91,257.13,253.90,251.10,244.29,237.17,237.30,226.59,217.80,212.25,203.32,197.96,193.37,185.78,174.96,168.67,160.24,151.29,135.53,131.67,121.02,115.60,105.69,95.01,87.66
121.67,135.37,141.04,152.40,155.63,164.15,165.71,172.45,178.19,179.64,182.36,184.53,187.48,191.76,193.83,199.94,203.58,207.78,213.25,218.66,227.69,233.21,239.43,244.40,249.93,255.77,259.19,256.38,256.91,253.18,250.48,245.57,237.49,232.97,226.63,218.26,210.86,204.16,199.45,191.40,183.90,175.33,166.69,159.26,151.95,135.80,133.06,120.83,115.12,107.20,95.88,88.01
130.19,143.59,149.12,160.00,167.14,177.34,178.19,184.98,187.24,190.59,195.27,195.33,200.04,204.69,205.32,213.04,216.01,223.18,226.57,231.81,241.58,248.20,255.35,259.38,265.01,272.66,276.41,269.27,271.74,267.93,265.51,255.33,249.28,245.52,236.55,229.17,219.21,209.58,205.24,195.74,186.27,176.23,163.00,156.46,145.41,132.19,123.56,114.49,106.96,96.90,91.01,81.74
128.04,142.68,149.48,158.32,165.98,175.11,177.16,183.58,186.42,187.11,191.86,193.26,196.02,203.44,205.01,210.28,213.97,217.11,223.99,227.77,237.50,244.31,250.83,258.43,264.80,264.59,271.94,269.88,269.61,265.24,263.61,256.53,247.68,245.90,237.53,228.48,221.08,213.18,209.97,201.40,193.51,186.12,173.76,163.69,158.40,146.73,138.71,129.77,120.78,110.11,104.00,94.92
122.70,135.77,143.25,151.46,157.26,165.05,169.67,175.89,178.34,181.41,185.33,187.45,188.04,193.85,195.13,199.25,204.80,210.12,214.87,217.35,224.56,234.25,239.84,245.75,249.95,254.02,260.38,259.22,256.84,254.95,250.80,245.35,238.95,232.31,225.64,217.80,209.46,206.01,198.70,192.59,182.99,176.01,166.29,159.66,152.59,137.77,131.55,123.48,115.52,107.00,96.83,88.10
123.02,135.10,143.96,150.85,156.92,165.42,167.11,172.41,176.95,179.32,182.13,185.54,187.49,191.00,192.90,198.48,203.79,208.37,213.00,216.45,224.93,231.77,239.37,243.03,248.58,252.84,258.52,255.44,254.78,253.06,249.93,241.03,235.73,232.82,225.74,216.93,208.87,201.56,198.20,192.21,183.74,176.00,165.80,158.69,152.31,136.33,131.40,121.31,115.52,106.98,97.13,89.44
126.12,141.50,149.40,156.89,162.54,169.50,172.39,180.60,185.27,187.22,189.00,193.26,197.72,198.65,201.79,207.62,210.02,220.10,224.41,225.56,234.35,242.70,250.77,252.34,259.19,266.65,269.88,266.20,264.12,263.15,257.69,251.02,245.01,243.87,233.26,225.86,217.31,211.26,204.84,198.64,189.50,180.01,171.75,164.08,157.41,141.42,137.31,127.58,119.52,113.25,100.00,90.14
122.09,136.49,143.78,152.05,157.99,167.71,168.08,175.86,180.21,180.83,184.10,186.53,189.23,193.85,197.27,203.04,206.20,212.23,215.00,218.43,227.18,234.78,241.30,247.15,252.34,255.88,259.42,258.82,256.83,252.79,251.56,243.85,236.58,232.56,225.04,217.60,211.63,204.41,199.60,192.11,184.07,177.49,165.59,159.91,151.61,141.13,135.68,125.00,116.02,105.65,100.32,89.47
