128.35,140.70,150.14,159.00,168.77,176.88,180.60,186.85,190.60,193.50,198.71,203.58,205.35,207.48,208.39,217.22,221.88,227.53,231.70,235.44,242.14,249.62,256.05,261.54,266.68,269.14,271.40,269.71,268.84,263.78,260.49,254.97,246.78,241.48,235.72,232.14,224.41,219.13,212.51,205.52,197.97,192.37,182.01,176.20,166.93,153.31,146.05,134.41,122.20,111.02,101.65,90.20
129.10,141.82,150.42,159.83,168.86,178.02,181.47,188.07,192.42,194.92,199.82,204.16,206.90,207.51,212.84,218.72,221.12,227.04,231.24,236.19,241.87,252.41,257.39,264.64,268.15,271.97,274.43,269.26,271.43,263.03,262.47,256.60,248.13,243.59,236.78,232.77,225.40,221.05,214.77,205.32,198.04,191.64,183.17,175.86,166.90,154.47,147.05,135.59,123.47,112.45,102.88,91.93
136.49,147.38,158.46,169.07,177.34,185.63,191.13,199.15,200.69,206.71,210.30,214.67,217.09,218.72,222.10,226.99,233.98,239.84,246.13,246.71,254.58,264.02,271.88,275.18,281.50,285.11,289.25,283.99,282.57,282.65,275.07,266.10,258.68,256.52,251.55,244.62,235.36,228.48,223.01,218.00,209.39,202.30,193.55,185.40,176.20,162.98,154.62,141.20,131.40,119.85,107.20,94.02
132.97,146.60,156.68,169.01,175.28,182.73,188.82,198.91,201.82,207.04,208.40,215.02,218.00,219.94,220.86,229.00,233.45,239.27,246.47,248.22,253.19,264.76,270.93,273.78,280.13,284.48,288.74,282.25,283.21,280.24,273.15,266.90,258.94,257.39,249.34,245.69,235.48,229.44,224.15,217.23,209.20,199.42,193.21,184.69,175.14,161.07,152.12,140.43,129.76,121.25,105.48,93.56
134.21,148.52,158.05,168.96,175.48,186.21,190.51,199.06,201.10,206.16,209.34,214.67,219.54,219.02,219.53,227.75,234.14,241.96,247.50,248.16,253.82,264.20,270.60,275.80,281.05,287.24,291.00,283.99,283.85,281.15,274.55,269.70,259.09,259.35,251.03,245.58,235.09,229.37,224.76,217.96,209.38,199.54,193.49,184.17,176.50,162.16,151.27,139.84,130.60,120.95,105.38,92.42
128.46,141.22,150.33,158.81,167.72,177.23,181.65,187.52,191.32,195.13,199.12,203.68,205.77,207.66,210.52,218.06,222.12,228.44,231.31,235.72,242.40,250.19,257.11,262.27,267.03,270.30,274.12,270.84,271.01,264.64,260.77,255.93,247.59,243.53,236.48,231.14,226.43,218.84,212.87,206.69,197.82,190.16,181.97,174.73,165.53,155.72,144.75,133.87,122.93,112.04,101.59,88.62
135.06,150.62,159.05,169.50,179.62,185.56,192.92,200.00,201.72,208.20,212.88,215.14,217.59,221.05,224.10,231.61,237.03,241.35,247.24,250.19,256.80,267.69,273.34,279.02,283.65,285.72,289.25,286.93,286.14,280.20,275.73,269.82,262.25,254.87,251.29,245.80,236.81,234.00,225.98,219.06,210.66,203.73,192.51,184.84,177.81,164.30,152.01,143.59,130.75,118.53,108.90,95.75
130.60,142.90,150.62,161.99,170.86,176.62,183.70,189.62,193.33,196.96,203.03,204.71,208.31,211.70,213.04,219.27,224.62,228.09,235.31,237.64,245.38,254.40,260.57,263.62,270.12,271.62,274.20,274.31,272.95,266.69,260.42,257.16,249.15,241.23,238.61,234.33,227.71,219.66,213.81,206.53,199.81,192.07,183.00,175.24,167.14,156.11,148.12,136.56,123.91,113.64,103.81,90.43
129.25,142.47,154.21,164.21,170.24,180.83,183.85,192.59,195.33,200.30,203.21,208.73,210.04,212.51,214.62,222.71,226.65,233.21,238.65,240.51,247.88,255.38,259.05,266.83,272.01,274.63,279.23,272.31,275.59,270.28,265.75,257.39,250.54,247.52,240.93,237.17,227.85,222.99,216.33,208.25,203.82,191.89,185.97,179.00,170.32,156.92,146.24,136.08,127.00,116.91,102.42,89.59
125.10,136.33,147.00,155.60,162.41,172.00,176.57,184.66,188.45,191.94,194.16,199.32,203.15,203.59,204.07,211.75,216.45,223.56,229.34,228.54,234.54,245.35,251.02,255.36,259.05,263.42,266.60,260.89,262.07,259.38,251.91,245.60,239.03,235.72,230.29,226.40,217.88,213.02,205.87,201.01,194.16,184.36,178.47,171.62,162.73,148.22,139.71,130.36,120.93,110.63,98.06,86.27
135.07,149.21,159.31,168.19,176.46,186.47,193.35,198.43,202.97,207.94,209.70,215.52,220.02,218.20,221.93,229.58,235.17,241.99,248.57,248.65,255.03,266.56,273.15,277.07,282.03,286.02,290.69,284.74,285.55,281.72,277.09,267.30,261.18,257.42,250.06,246.15,238.30,232.65,225.02,217.19,210.44,200.96,193.21,185.35,175.32,163.37,152.86,141.82,131.32,120.27,107.35,95.02
137.54,150.63,158.15,170.21,179.27,188.60,192.63,200.32,203.74,208.61,213.38,216.02,219.83,220.77,224.32,231.91,234.88,241.12,244.86,251.27,256.83,267.73,273.78,279.31,285.58,286.75,290.77,287.51,287.90,280.52,277.86,271.81,262.47,257.16,250.84,246.35,237.77,233.33,227.07,217.15,210.98,203.30,195.26,183.98,177.05,164.30,155.32,144.01,132.03,120.34,107.84,95.26
130.70,142.06,152.09,161.90,168.16,176.78,182.02,191.64,193.33,196.99,201.41,206.60,208.02,210.32,209.91,217.09,224.38,228.95,234.08,236.68,243.58,252.69,260.45,261.77,268.87,273.07,274.96,270.02,270.44,265.75,260.77,256.02,249.00,245.33,238.30,233.86,226.12,219.06,212.58,207.97,199.58,190.28,184.95,176.56,167.55,155.55,144.93,134.50,125.24,115.36,101.24,89.02
135.42,149.03,158.83,170.29,176.65,187.01,193.44,201.46,202.57,207.86,211.29,217.33,219.13,220.64,221.63,229.03,236.71,243.21,249.61,250.73,256.40,266.37,273.22,278.76,283.99,287.59,290.66,284.78,285.59,281.40,275.83,267.49,260.85,257.96,250.91,246.87,236.32,231.48,224.22,216.61,212.53,200.82,195.13,187.01,175.48,162.00,151.73,140.80,132.09,120.33,106.89,93.54
130.94,142.28,151.54,160.86,171.68,180.71,184.39,189.43,192.67,199.01,202.83,206.09,208.66,210.87,212.98,219.11,224.72,229.84,233.57,237.60,246.22,254.03,260.16,265.23,271.43,271.98,275.80,273.92,272.95,266.27,263.49,255.99,250.02,243.30,237.10,234.48,226.04,219.91,212.85,207.87,200.00,192.44,182.32,176.14,168.15,155.63,147.08,134.95,124.56,113.51,103.48,91.71
138.92,148.82,164.56,172.10,166.52,183.37,187.24,197.70,196.81,208.08,205.68,210.49,216.91,216.42,220.12,226.56,230.59,236.16,246.95,248.07,254.15,262.96,268.76,273.27,276.90,281.66,285.90,281.66,284.38,277.71,275.43,265.19,255.01,256.78,248.79,245.28,235.16,231.58,225.85,213.55,205.34,198.91,192.60,180.60,171.97,157.04,154.92,144.46,134.08,120.27,102.00,103.46
123.04,134.74,143.59,153.88,162.94,170.88,175.03,179.91,183.17,187.48,192.67,196.31,198.49,201.34,204.25,210.69,214.11,219.59,224.38,228.36,236.22,243.81,248.43,253.00,259.00,258.99,263.65,259.98,260.01,254.88,251.81,246.68,239.13,234.44,228.95,224.72,217.82,211.85,205.41,197.39,191.89,184.98,174.20,168.24,160.70,148.05,139.85,130.83,120.42,108.02,99.01,87.69
130.48,144.03,151.08,162.59,172.07,179.82,184.98,189.03,193.26,197.89,201.10,204.56,208.54,208.63,214.66,221.64,223.29,229.79,235.59,238.25,246.13,256.14,259.12,264.01,270.49,272.31,275.09,273.12,271.54,265.38,263.25,256.26,249.78,244.84,237.50,232.44,228.04,219.73,215.03,206.42,200.48,193.08,181.07,174.18,166.98,156.43,147.73,136.62,124.53,113.07,103.32,90.09
134.18,148.92,155.79,167.37,177.01,184.05,189.62,197.12,201.00,203.67,210.80,211.65,216.79,217.81,220.95,228.18,231.90,236.30,240.97,246.13,254.03,265.19,269.83,273.66,279.58,282.89,285.41,281.95,281.03,275.39,273.42,266.58,260.05,251.25,246.62,241.48,234.64,227.48,221.06,214.09,206.46,199.20,189.74,181.02,173.61,160.65,152.20,140.23,128.04,117.38,106.62,93.02
124.40,137.24,145.72,155.05,162.61,170.99,175.76,182.21,184.84,188.32,195.14,197.52,200.25,201.96,204.36,211.15,215.82,221.60,225.84,229.00,236.32,245.31,249.80,256.20,260.16,261.61,264.50,262.38,260.71,258.37,255.10,247.15,239.79,237.19,227.69,225.72,218.19,212.20,205.42,201.20,191.38,183.85,177.34,169.92,162.16,151.21,140.46,130.60,120.33,107.04,98.79,86.45
131.75,143.56,152.76,163.72,171.29,181.66,185.61,192.51,195.75,199.36,204.38,207.23,211.30,213.04,214.71,220.84,227.08,231.90,236.32,240.09,247.55,255.27,262.29,265.37,272.37,275.27,277.76,274.05,273.13,267.45,264.25,259.12,250.46,247.78,239.24,237.00,227.25,219.82,216.38,207.63,201.48,193.00,185.60,178.31,168.96,156.54,147.19,137.06,125.32,114.74,105.99,91.92
131.95,144.63,153.77,163.77,173.64,181.46,185.54,192.35,196.08,200.77,204.41,207.69,210.54,212.41,215.03,222.00,227.68,231.40,237.13,239.01,247.16,257.74,262.05,268.13,272.66,275.97,277.27,275.63,272.21,268.57,265.05,258.90,249.51,246.02,240.52,235.28,228.60,220.95,216.45,210.09,201.30,195.79,184.29,176.49,168.69,156.58,148.22,137.03,126.12,114.83,105.48,92.78
134.16,149.84,158.81,169.57,178.51,185.88,191.65,200.90,203.18,207.93,210.71,216.02,220.64,221.82,222.04,230.01,236.32,241.87,248.78,250.57,255.15,266.18,272.22,279.03,281.95,287.54,290.90,286.69,285.17,282.82,277.05,269.22,260.28,258.66,253.19,248.20,238.19,230.31,225.32,219.36,211.69,200.64,194.79,186.53,176.71,162.87,152.21,141.35,132.65,122.09,107.17,93.41
131.49,143.54,154.72,165.42,170.89,180.65,185.16,194.79,197.43,201.72,203.30,208.15,213.17,212.41,215.00,222.50,226.64,233.42,237.40,241.15,249.10,255.54,263.01,266.19,273.50,276.10,279.87,275.27,274.61,270.15,265.19,257.34,252.88,248.09,243.59,235.75,230.34,222.58,216.39,208.61,203.00,193.66,187.26,178.73,170.00,156.03,147.34,135.71,127.28,116.81,102.42,90.47
130.97,143.62,153.01,163.05,170.18,178.37,185.37,192.77,194.81,198.21,202.48,206.87,209.66,211.98,211.10,218.84,224.61,230.78,236.32,238.40,244.62,252.35,260.62,263.39,271.46,274.72,277.10,272.02,271.40,268.78,262.38,254.59,247.65,246.07,240.05,235.51,226.18,220.20,213.78,208.85,200.14,191.15,184.95,176.56,168.08,154.55,146.76,134.73,124.81,115.26,101.24,90.02
135.10,148.56,156.16,168.24,176.01,186.82,191.32,197.67,201.44,204.36,208.54,212.36,217.06,218.56,220.95,227.47,232.74,237.95,241.51,246.50,253.21,261.60,269.32,272.44,277.72,282.08,283.94,282.64,280.49,274.26,274.18,263.53,258.05,252.83,245.40,241.60,234.92,226.72,219.66,214.87,206.40,198.54,189.50,180.89,173.30,161.12,151.43,140.25,128.75,117.02,106.28,94.92
128.46,143.69,151.24,164.25,169.01,177.80,183.44,190.76,193.02,197.31,201.94,204.40,207.86,208.95,212.68,217.57,223.81,229.90,234.47,237.49,243.98,249.39,255.20,262.38,266.54,269.54,273.12,271.28,270.30,265.75,260.27,253.95,247.04,243.17,238.00,231.01,223.89,217.56,212.08,206.02,201.81,189.41,184.09,175.25,167.72,154.78,143.41,133.03,125.94,114.48,103.77,89.27
130.18,142.68,151.56,162.41,170.24,179.54,183.32,191.92,195.36,200.09,205.23,205.60,209.70,211.25,212.76,220.86,225.75,230.49,236.41,239.72,244.12,254.16,261.20,266.06,272.12,274.01,278.04,273.76,273.36,268.42,262.43,256.98,249.39,247.16,240.10,234.96,227.08,222.50,214.36,208.95,201.56,192.31,185.31,176.18,167.84,155.86,147.03,136.12,126.59,114.23,105.17,91.71
124.53,137.44,143.28,153.57,161.14,170.14,174.24,183.50,184.95,189.65,193.20,197.29,201.73,200.21,203.38,209.62,213.71,221.05,224.29,228.54,234.07,244.23,247.81,252.97,259.08,261.60,264.12,259.98,260.05,257.73,254.70,245.52,239.42,234.30,230.67,224.08,217.57,212.36,205.94,200.25,192.63,183.83,177.02,169.65,161.28,150.71,142.05,130.46,121.20,111.40,98.95,87.30
130.74,142.35,153.39,162.27,170.79,180.02,184.59,193.13,195.49,198.73,204.71,208.06,211.68,211.99,212.34,221.71,225.87,233.82,237.60,240.35,246.79,254.75,262.13,264.89,269.78,275.49,279.73,273.79,272.77,270.30,262.55,255.54,249.26,247.25,241.50,234.96,227.90,220.10,216.67,209.54,202.81,190.87,186.43,178.06,169.25,156.20,147.68,135.72,127.26,116.11,101.24,89.50
130.05,142.97,151.16,162.54,170.51,178.81,183.90,190.66,193.76,198.12,203.79,206.01,209.68,211.30,214.00,220.06,226.21,227.90,235.24,238.55,245.16,253.94,260.45,265.01,270.12,271.19,274.72,272.53,273.10,267.85,263.87,254.88,249.60,243.59,238.44,234.10,225.49,220.49,215.04,205.87,198.81,192.28,184.76,175.05,168.07,156.16,147.51,135.20,124.42,114.87,103.73,91.20
129.56,143.13,151.74,163.25,170.07,179.74,183.52,191.90,194.74,197.99,202.56,205.92,208.06,211.12,213.71,221.35,224.51,231.23,236.17,240.15,244.99,253.81,259.72,264.00,269.95,272.46,275.27,273.06,274.43,266.82,264.33,255.44,249.51,243.46,238.52,235.30,227.07,222.28,214.70,207.06,201.16,191.65,183.36,177.28,166.97,155.65,144.96,135.96,124.79,113.03,102.34,91.61
130.25,143.18,152.54,164.01,170.31,179.61,183.70,193.54,195.23,202.04,203.18,209.75,211.53,212.90,213.44,221.42,225.18,231.87,238.41,239.37,246.16,253.55,262.03,265.80,269.22,276.50,279.95,272.26,270.44,271.12,262.09,256.08,250.19,245.20,240.47,237.46,227.85,220.93,215.81,208.39,202.25,191.32,186.04,178.37,169.85,156.16,145.89,135.15,126.37,115.00,102.00,90.14
130.63,143.54,154.51,163.25,170.84,179.21,184.81,194.20,195.26,201.34,203.18,210.87,211.53,212.14,213.78,220.19,226.38,233.12,239.15,240.26,246.00,256.26,261.43,266.31,270.60,274.87,277.61,272.90,272.02,271.43,265.05,255.57,249.81,246.44,243.26,237.54,227.97,221.68,216.06,210.20,202.48,192.59,187.46,178.20,170.18,155.28,146.86,135.07,126.57,116.38,100.45,91.92
136.03,149.05,158.05,169.37,179.07,188.30,193.62,200.19,202.55,206.94,211.85,216.72,219.42,220.78,223.18,230.82,236.04,242.57,247.98,249.87,256.28,268.20,272.41,277.84,284.60,287.11,290.95,285.33,287.09,280.64,276.99,270.11,262.77,258.12,250.06,245.93,239.94,232.69,225.50,217.60,210.24,202.43,193.54,185.01,176.51,165.16,154.38,143.38,130.70,120.00,108.68,94.73
125.73,136.97,144.59,155.63,162.73,172.01,176.64,182.99,186.87,190.12,194.03,196.01,200.45,201.97,204.17,209.69,215.11,220.47,225.88,226.34,233.57,242.60,248.62,251.60,258.21,260.72,263.78,262.18,260.23,255.16,251.64,243.74,239.44,234.83,228.95,223.11,217.04,211.38,205.88,199.46,191.67,184.57,176.30,168.77,161.55,150.86,141.48,129.85,120.33,110.45,99.36,86.56
124.34,138.00,146.03,155.93,162.79,170.43,175.76,184.14,185.22,191.25,193.89,195.60,200.00,201.81,203.06,210.02,213.97,219.49,224.18,228.66,235.19,243.29,248.68,251.88,260.66,261.44,263.54,260.62,260.57,254.48,253.54,245.81,239.00,233.81,229.94,224.74,218.50,210.15,205.83,200.35,191.66,183.96,176.12,168.76,161.14,151.09,140.62,130.39,119.95,109.88,99.02,88.02
128.84,142.77,151.48,163.27,168.72,179.48,183.10,190.39,194.25,199.46,202.24,206.67,210.15,211.83,210.95,219.21,226.00,231.42,236.81,239.35,246.03,253.05,260.26,265.22,270.14,275.06,276.93,271.97,271.67,269.61,262.25,256.03,247.72,247.29,242.56,236.02,228.02,220.23,214.58,209.75,202.36,191.46,185.07,179.30,169.43,156.55,146.74,135.80,127.26,116.62,101.19,89.94
129.08,142.35,150.27,161.07,167.63,178.55,182.57,190.08,193.49,198.49,201.00,205.65,208.00,209.40,210.77,219.01,224.74,229.39,234.94,237.00,244.70,252.77,260.40,262.94,267.88,272.90,276.80,272.42,269.90,268.15,262.21,254.07,247.20,246.34,239.28,234.26,225.32,221.73,215.33,206.71,200.57,190.90,183.63,175.11,168.01,156.73,147.14,135.62,125.96,116.66,103.32,91.05
129.87,143.09,152.76,162.15,170.99,180.32,183.41,190.63,194.73,198.50,202.78,206.78,209.88,211.29,214.52,222.32,225.23,230.96,236.21,237.93,246.17,256.38,261.27,265.41,271.91,275.75,278.35,276.09,275.41,268.87,266.15,257.15,251.75,247.91,240.30,237.24,229.92,223.49,216.33,209.04,201.16,194.01,185.56,178.16,170.58,157.04,148.50,136.53,126.24,114.81,104.24,91.35
130.14,142.68,153.12,162.96,167.59,178.90,183.21,192.77,194.61,199.54,200.96,206.98,209.30,210.21,212.66,219.79,225.04,231.82,236.04,238.53,244.61,254.17,260.29,263.96,269.94,273.10,274.19,271.22,271.20,268.27,265.27,255.63,250.14,246.63,239.53,235.34,227.77,220.64,215.11,208.32,203.53,191.43,186.76,177.56,169.07,156.42,145.72,135.68,128.10,116.87,102.53,89.69
128.89,140.87,151.64,160.33,169.73,179.05,183.39,189.69,194.49,198.71,201.38,208.48,208.66,209.38,211.34,218.12,224.72,230.85,234.73,237.86,244.50,253.03,258.21,262.84,267.06,273.39,276.29,269.71,270.90,266.31,263.70,254.00,247.43,246.33,238.95,233.03,226.02,218.22,214.40,208.09,201.64,190.28,185.88,176.80,169.81,155.19,145.34,133.81,126.40,115.26,102.58,88.77
131.37,141.90,154.04,163.42,170.95,178.21,184.30,193.37,194.49,199.14,203.82,207.54,211.75,211.01,213.93,221.47,226.63,233.00,237.72,238.89,245.12,253.78,259.86,264.82,271.88,275.03,278.86,272.31,274.12,270.38,264.37,258.68,250.23,249.95,241.02,236.93,227.90,220.64,216.39,209.98,203.97,192.37,187.01,177.65,171.13,156.73,145.58,135.38,126.91,117.48,102.77,90.09
130.80,144.64,153.16,162.69,172.26,180.31,185.66,192.68,196.06,198.83,203.66,208.00,210.44,212.08,214.44,221.84,226.50,230.84,235.37,239.85,246.45,254.91,260.69,265.00,271.41,273.43,276.64,272.38,273.76,267.37,265.37,257.64,250.51,246.59,238.95,234.79,229.09,221.02,215.24,209.62,202.25,193.63,185.16,177.07,169.54,157.70,147.60,137.48,125.57,115.55,104.66,92.59
129.25,142.30,150.08,161.55,169.31,177.59,182.12,189.21,193.00,196.23,201.01,204.60,207.00,207.45,212.04,218.00,223.33,227.27,234.62,234.93,243.46,252.57,258.07,262.91,266.83,271.15,274.33,270.20,271.06,264.07,261.43,254.00,246.45,243.58,237.03,231.82,225.60,219.15,213.74,205.29,199.46,191.05,182.53,175.09,165.74,154.01,145.60,134.63,125.24,114.87,102.62,90.80
122.56,136.18,145.91,154.21,161.19,168.05,174.87,182.78,184.76,188.10,192.92,197.41,200.20,201.14,201.16,210.04,214.37,221.46,224.98,225.58,231.74,241.77,249.54,250.78,256.28,260.66,264.02,258.99,258.03,256.89,249.38,244.10,237.30,235.02,229.71,225.09,215.24,208.54,204.46,200.26,191.94,181.89,177.01,169.84,162.00,149.16,140.91,128.83,120.51,111.66,97.13,86.31
131.04,143.27,153.08,164.30,171.71,180.07,184.23,191.38,195.60,198.12,205.87,206.94,207.87,213.18,214.76,222.01,226.74,229.94,237.19,239.89,246.34,255.72,261.96,266.95,269.90,275.22,277.42,274.61,272.62,268.60,265.57,257.20,250.46,246.13,239.56,236.61,228.33,221.92,216.59,208.37,200.14,193.61,185.70,177.63,169.54,158.05,149.26,138.13,125.00,116.00,103.47,91.05
129.77,144.12,154.04,161.84,168.59,177.29,183.45,191.85,194.20,199.62,201.01,206.89,208.02,209.78,210.19,219.26,224.64,230.26,235.78,237.12,244.81,253.34,259.79,266.20,270.60,273.76,276.56,271.01,273.24,267.71,263.21,255.01,249.06,246.66,239.93,236.18,227.04,220.99,213.78,209.40,202.76,191.32,184.95,177.43,168.36,156.12,144.67,134.83,125.40,115.41,102.39,91.27
128.06,141.16,152.19,161.94,168.44,176.39,182.16,191.86,194.16,198.40,201.64,207.14,209.34,208.69,212.88,220.41,226.32,230.87,236.54,237.12,244.05,253.89,260.77,264.09,270.12,273.79,279.36,273.54,272.59,270.85,263.53,256.11,249.45,249.01,240.52,235.13,227.30,220.93,215.20,210.26,203.16,193.21,186.94,178.07,170.01,157.05,146.01,135.36,127.06,115.88,103.32,90.34
122.64,134.24,144.59,154.06,160.11,168.39,173.28,182.27,183.73,187.78,191.34,195.43,200.04,200.20,201.16,209.06,212.84,221.42,225.96,226.14,232.13,240.47,248.31,251.29,257.42,260.93,263.31,258.80,260.35,256.88,251.88,243.31,237.41,235.09,228.37,223.45,218.28,209.60,204.42,199.22,193.31,182.39,177.00,169.04,160.10,147.98,139.62,127.40,120.35,109.49,97.86,85.23
129.81,142.04,154.56,164.10,170.99,177.99,185.00,192.17,194.59,199.48,201.97,207.76,211.38,211.73,213.47,218.89,226.88,230.56,235.17,237.26,247.50,253.95,261.20,264.56,271.07,274.37,278.16,272.02,271.59,269.26,264.09,255.50,250.05,246.47,240.87,234.20,226.38,221.18,215.47,208.66,202.43,192.01,185.87,178.06,170.86,156.16,145.60,134.09,126.29,115.11,103.25,90.47
137.19,149.60,158.62,170.47,178.87,189.11,194.13,200.39,202.81,208.31,211.29,215.56,217.79,221.82,223.75,229.84,235.24,238.35,245.59,248.11,255.82,265.28,270.80,276.33,282.30,286.30,287.65,283.75,284.42,277.77,275.83,266.99,260.25,254.53,250.57,244.93,237.21,231.32,224.47,217.75,209.20,201.49,192.84,183.21,176.71,163.49,153.00,143.21,131.69,120.54,109.02,97.53
125.23,135.47,147.73,156.02,162.61,170.95,178.24,184.17,185.97,192.01,195.41,199.20,202.97,203.31,204.22,209.85,217.80,223.04,228.08,227.41,235.65,243.07,251.75,255.67,259.11,261.96,265.20,260.84,260.00,259.74,251.21,246.63,238.82,235.92,233.21,226.81,218.06,211.43,204.47,201.85,193.44,184.23,178.83,171.23,163.17,150.28,140.43,129.40,122.12,110.11,97.69,85.56
129.03,142.64,152.87,161.68,169.19,179.42,184.20,189.78,193.04,197.45,200.03,204.28,207.80,209.85,211.14,219.82,224.54,230.24,234.14,238.07,243.01,252.74,259.85,264.25,269.05,272.37,273.94,272.73,270.84,266.02,263.32,254.56,248.85,244.02,239.10,233.86,225.87,220.66,213.77,208.04,201.60,191.13,183.53,176.50,168.24,157.94,146.33,135.20,124.81,114.59,103.79,92.35
130.38,144.81,152.24,162.83,171.42,179.87,184.55,191.82,193.88,199.25,204.85,208.28,212.23,210.92,215.03,219.24,227.04,231.74,235.33,236.78,245.51,253.75,260.09,264.05,270.60,273.19,277.79,272.95,271.62,269.23,265.06,254.58,250.05,245.08,240.07,235.28,227.97,221.07,214.25,209.46,202.25,193.81,186.40,175.48,169.50,157.54,149.21,135.99,126.06,116.06,104.09,92.11
130.12,143.21,153.00,162.52,170.30,180.68,185.31,192.50,195.92,201.06,202.31,208.85,211.09,213.27,213.38,220.32,225.26,231.89,237.02,238.80,246.29,253.69,261.61,265.55,268.96,275.07,277.12,274.12,271.30,269.33,264.28,256.85,250.00,246.45,241.57,234.89,228.22,220.51,215.23,209.72,201.24,191.32,186.45,178.36,169.45,155.56,148.12,136.78,126.87,117.04,103.32,90.61
103.59,113.90,118.38,125.16,132.31,136.37,139.53,139.81,144.31,145.72,151.61,152.20,156.31,156.54,156.55,162.86,163.77,169.11,173.09,175.21,182.19,185.97,189.11,194.82,195.85,201.36,209.25,209.58,207.15,209.88,207.87,217.30,220.17,219.86,210.86,209.40,201.84,201.12,196.79,187.78,182.33,173.85,164.45,157.69,150.78,139.30,130.27,120.67,110.29,99.85,96.15,81.61
131.31,145.00,154.15,165.85,171.43,180.24,185.31,193.61,194.15,199.32,204.09,207.62,211.48,212.14,212.72,221.72,227.00,231.64,235.17,239.02,246.29,254.03,261.22,264.32,271.53,274.00,277.06,273.36,272.43,268.40,266.09,254.95,249.21,245.00,239.40,233.99,226.72,219.86,214.25,207.21,202.32,192.42,185.87,176.41,168.24,156.04,146.22,136.49,126.73,116.76,102.83,92.20
131.64,145.77,154.20,166.33,173.09,180.21,186.17,193.87,197.96,201.66,205.00,210.43,214.85,213.24,216.45,222.81,228.01,234.92,238.21,240.84,247.43,256.89,263.21,267.37,273.53,278.00,282.12,275.94,275.94,272.52,267.80,259.27,252.44,249.19,244.24,237.42,230.05,223.28,219.69,211.83,205.12,193.66,189.26,178.53,173.42,159.31,148.07,136.01,129.28,119.08,104.80,91.27
132.85,144.13,154.64,163.42,173.33,182.01,186.25,190.52,194.25,200.09,203.30,207.80,211.60,213.19,216.16,223.33,226.89,233.57,237.45,240.16,247.14,256.32,262.43,267.09,272.61,275.14,278.21,274.22,274.00,268.63,265.75,257.26,253.06,247.01,241.11,236.89,230.01,224.74,216.72,209.46,202.80,194.10,185.87,178.00,168.67,158.11,148.14,137.30,126.53,116.43,106.85,92.09
131.03,143.96,152.90,162.27,171.19,179.01,185.56,193.31,194.61,199.72,202.42,208.17,211.19,211.36,214.76,220.19,228.08,232.64,237.47,238.30,245.10,254.88,263.40,265.48,270.75,275.14,277.04,273.26,272.05,271.71,262.83,256.35,248.85,246.33,243.85,238.25,226.75,221.40,215.52,210.32,201.95,194.26,187.11,178.49,171.05,157.70,147.33,136.01,128.32,115.97,103.41,92.44
125.67,137.57,145.84,155.76,163.08,170.79,176.82,184.35,184.70,189.17,193.75,197.22,200.26,201.88,203.95,210.72,215.65,220.66,224.75,228.60,234.08,243.77,248.36,253.84,258.44,261.22,263.29,260.45,260.46,255.16,251.70,245.23,238.30,235.69,228.12,224.16,217.31,211.19,205.77,199.42,192.44,185.21,177.79,170.51,161.70,149.93,142.62,132.00,120.90,109.66,99.37,88.09
129.69,142.84,154.55,165.01,169.94,179.30,185.43,192.20,195.88,200.82,203.07,206.17,211.00,212.05,215.26,220.72,225.08,231.22,235.97,240.42,246.74,253.44,259.76,264.28,269.90,274.05,278.29,272.07,273.70,267.88,264.36,254.85,249.61,246.43,240.35,234.34,227.20,222.77,216.02,209.16,202.05,193.30,186.27,176.88,169.30,157.29,145.61,137.03,125.60,118.34,102.20,90.96
129.32,142.30,151.42,161.64,169.20,179.88,182.78,190.68,193.99,198.24,203.04,205.18,208.39,210.62,210.68,219.61,223.67,228.71,234.18,238.38,245.10,251.80,259.03,263.14,268.48,271.95,274.24,271.59,270.60,265.51,261.88,256.19,247.01,243.66,239.80,233.50,224.32,219.99,213.86,207.62,200.53,192.38,185.15,174.64,167.92,155.72,146.03,135.35,124.28,116.18,103.70,91.30
130.86,142.72,152.43,163.98,171.81,181.46,185.65,193.13,193.55,200.30,203.03,207.20,209.34,212.21,215.10,222.52,226.93,231.81,236.21,239.00,245.28,255.16,260.82,264.94,269.47,273.53,275.59,274.39,273.75,267.53,265.27,256.16,248.02,244.50,239.76,235.42,228.97,222.99,214.89,210.04,201.30,193.35,185.23,177.05,169.92,156.54,147.12,136.21,126.15,115.97,104.32,91.68
128.16,141.00,151.22,161.20,169.10,176.59,181.54,189.45,192.00,196.16,201.99,205.01,208.48,210.24,212.85,219.13,225.39,228.12,234.92,236.60,243.58,252.52,260.11,265.11,269.12,273.36,276.20,272.44,272.71,267.03,262.53,256.07,249.06,244.62,239.27,234.61,225.55,222.00,215.14,208.00,200.86,191.64,183.41,175.35,167.14,155.33,146.45,136.06,126.65,114.77,103.45,92.23
129.63,143.03,154.15,161.51,170.39,178.21,185.32,192.26,196.09,199.14,203.15,208.89,211.29,211.04,214.01,218.93,227.17,231.62,235.60,237.22,242.92,252.41,261.46,266.13,269.27,272.53,276.03,270.93,272.47,269.47,261.07,254.00,248.91,246.83,240.85,235.00,226.37,219.54,213.56,209.90,201.33,190.21,187.22,178.10,169.45,154.64,146.32,134.83,126.15,114.77,102.18,90.14
131.24,145.01,154.31,164.40,173.57,180.49,184.45,194.36,195.50,201.00,203.74,208.47,210.21,212.45,214.31,222.77,226.38,231.87,237.97,239.84,246.29,255.20,261.43,265.23,270.19,274.02,278.50,274.14,273.58,267.93,264.92,256.77,251.07,247.80,241.30,236.88,227.61,222.41,216.02,210.06,202.92,193.75,186.12,178.77,169.30,156.82,147.43,137.99,126.10,116.39,105.80,93.48
130.74,141.72,154.21,161.90,167.59,177.18,183.20,191.97,195.69,199.42,201.34,207.48,209.54,209.61,210.95,218.33,223.61,229.84,232.85,235.77,243.26,252.41,259.05,261.47,267.04,273.41,275.88,270.60,269.90,266.13,260.10,254.05,247.49,245.60,238.25,232.81,225.08,218.93,213.38,208.40,201.31,190.79,184.98,176.92,169.54,155.00,145.60,133.38,124.43,116.81,102.94,90.82
130.27,143.18,151.48,163.45,171.47,179.64,184.76,191.95,194.02,199.25,203.60,206.63,210.16,211.12,212.84,221.01,227.04,230.22,236.01,237.92,246.02,254.10,261.23,264.17,269.31,273.15,275.26,272.94,272.64,268.03,263.76,255.10,248.65,246.01,239.46,236.10,225.66,220.52,215.60,209.88,201.21,193.21,185.31,177.19,169.43,156.01,146.73,135.92,127.48,115.68,104.01,92.40
131.87,144.35,152.61,164.77,171.73,180.60,187.58,193.88,197.40,201.81,206.06,208.66,212.14,212.93,213.82,222.41,228.00,232.36,237.90,241.12,246.72,256.05,262.91,267.69,271.59,274.57,278.02,273.76,274.25,271.56,263.94,257.84,250.46,247.12,241.99,237.19,229.11,224.15,215.76,210.11,201.36,193.68,187.01,179.12,170.32,158.24,149.03,136.68,127.41,116.50,105.54,92.78
124.74,136.42,146.51,156.52,164.65,170.41,177.75,185.13,185.65,190.59,194.49,199.32,201.65,203.16,203.96,209.39,217.25,221.63,227.27,227.13,233.93,242.14,249.90,254.33,257.85,260.51,263.71,259.46,258.80,256.70,250.46,244.20,238.21,234.05,232.57,224.72,215.06,210.77,204.95,200.17,193.13,184.20,176.00,170.51,161.76,150.27,140.07,129.26,121.64,111.02,99.28,88.57
131.53,146.21,155.33,165.74,173.22,180.85,186.78,196.33,199.45,202.77,205.97,212.46,213.56,214.80,216.62,223.06,226.45,234.71,238.81,240.33,246.35,255.23,262.67,268.13,271.31,276.50,281.26,274.17,274.37,270.57,264.52,256.33,251.27,248.81,243.21,237.49,229.08,222.14,216.28,210.00,202.87,192.78,186.78,179.45,170.50,158.34,147.87,137.06,129.10,118.53,103.08,91.68
133.82,144.03,152.51,163.42,173.82,180.00,186.45,193.28,197.10,200.56,206.20,209.38,210.30,212.20,217.56,222.06,228.13,232.57,237.46,240.41,247.39,255.45,261.40,266.12,271.69,273.40,276.44,275.05,274.19,269.80,264.88,258.14,250.94,246.91,243.28,236.48,228.79,222.31,216.75,210.38,202.05,194.99,185.43,177.80,171.59,158.11,149.80,138.31,127.66,114.28,105.89,93.48
133.14,145.23,153.44,164.40,173.14,181.84,186.47,194.28,196.31,201.11,204.61,209.12,212.08,213.04,213.14,223.01,227.55,236.23,239.92,240.05,246.79,257.30,263.39,267.58,272.46,277.58,281.04,274.26,277.35,270.80,264.94,258.99,251.15,248.51,242.61,237.86,231.05,222.12,216.93,211.21,205.24,194.02,187.22,180.00,170.58,157.81,148.48,137.97,129.24,117.00,104.28,92.70
129.32,143.40,151.11,163.37,168.93,178.04,182.27,190.69,192.77,197.70,201.00,204.40,209.15,211.29,212.53,219.15,221.42,229.33,235.05,237.03,244.52,251.23,258.54,261.66,267.42,270.91,272.27,268.43,269.09,264.07,260.85,253.39,248.90,242.89,236.93,231.35,225.72,220.74,213.60,205.77,198.16,190.19,182.88,176.40,168.13,156.37,147.99,135.59,124.62,114.34,102.65,89.59
130.68,143.59,154.69,164.20,171.75,180.42,186.01,194.16,196.22,202.71,203.04,209.82,212.60,213.53,214.41,221.89,227.38,235.24,238.67,240.60,245.77,255.98,261.23,266.01,271.35,277.28,279.71,273.91,274.75,270.30,263.43,257.11,250.00,249.03,240.24,237.88,228.13,224.08,215.54,210.87,203.68,191.85,188.48,180.69,170.58,158.38,146.81,136.34,127.14,118.96,104.14,92.36
131.64,144.85,155.12,165.42,170.80,179.61,185.66,195.26,197.77,202.31,203.10,209.69,213.19,212.81,213.78,221.50,226.60,234.54,237.45,240.30,246.85,254.88,262.55,266.32,272.05,275.14,280.03,274.05,274.32,270.09,265.09,258.66,250.06,250.19,243.10,237.69,229.22,221.38,216.95,211.03,204.00,192.63,188.32,182.22,172.41,157.17,148.06,136.49,127.48,117.83,105.02,92.09
125.90,136.85,146.87,157.18,162.41,169.92,177.13,184.20,185.88,191.23,193.72,199.49,199.84,200.30,201.92,209.62,216.54,221.89,225.49,227.27,234.35,242.99,249.48,251.34,257.84,260.07,262.73,260.40,259.92,257.73,250.51,245.35,237.12,237.03,231.04,224.29,215.70,209.70,205.06,200.42,193.13,183.88,177.10,170.39,162.73,149.45,140.17,130.03,122.44,111.52,98.95,87.57
126.66,139.70,145.40,155.21,164.45,172.36,176.24,185.15,187.17,191.48,193.28,198.76,201.41,202.70,205.88,210.74,215.73,220.81,226.34,228.11,233.55,245.12,248.09,253.43,258.91,262.55,265.00,260.97,262.09,256.53,251.85,245.33,238.77,237.01,228.66,225.61,217.38,211.83,205.29,200.20,193.13,184.72,178.47,169.32,162.25,149.26,141.21,131.67,122.26,111.57,101.02,88.01
130.14,142.00,151.58,161.94,170.99,177.80,181.60,193.55,194.61,199.12,202.87,207.33,209.75,210.01,211.09,218.98,225.14,231.23,236.19,235.30,242.68,251.38,258.90,262.65,267.71,272.66,275.09,271.03,270.13,268.15,259.14,253.40,248.07,245.70,241.06,234.73,225.82,220.01,211.87,210.85,200.56,189.49,184.57,178.01,169.18,157.05,145.60,135.88,127.01,116.11,103.08,91.24
133.60,147.30,156.11,165.30,174.26,181.66,187.96,193.77,196.82,201.56,206.19,209.30,211.44,214.77,217.30,222.99,227.69,234.31,238.83,241.21,247.95,259.46,262.00,266.31,272.22,274.18,277.85,275.77,277.72,270.91,267.44,259.67,252.57,248.85,239.45,237.12,228.24,224.38,217.44,210.54,202.00,196.70,185.13,178.14,170.84,159.48,150.81,138.97,127.06,115.45,106.71,92.36
131.06,146.28,153.38,164.66,171.83,179.75,187.49,193.26,194.65,201.68,206.17,207.51,211.48,211.74,215.42,222.38,227.09,231.45,236.81,239.94,246.55,256.83,261.64,265.36,271.06,273.89,276.02,274.61,273.58,267.02,263.80,258.50,251.25,245.08,241.12,235.82,227.97,222.32,215.70,209.06,200.08,193.93,183.98,177.02,170.02,158.05,149.58,137.13,126.85,114.59,104.00,92.01
133.15,145.67,154.77,164.20,174.18,183.27,187.78,193.35,197.77,201.90,206.90,208.40,212.93,214.03,216.37,222.01,228.57,232.38,239.15,240.19,248.89,254.94,263.30,267.53,272.62,275.86,279.59,275.47,275.50,270.60,264.03,257.18,250.70,245.42,240.75,235.42,229.01,221.38,216.70,208.69,202.71,195.00,185.91,178.09,170.29,159.54,149.34,137.83,128.13,115.21,106.25,90.97
133.23,146.81,155.24,167.30,175.31,183.74,187.77,195.06,199.38,204.00,208.20,209.98,214.19,215.23,216.95,224.72,228.54,234.18,237.40,241.21,249.66,259.22,264.80,269.56,275.12,277.70,281.04,275.94,277.92,270.30,266.66,260.38,254.95,249.57,242.62,237.88,231.46,225.01,217.85,209.80,203.66,194.24,186.30,179.89,170.91,159.48,149.72,138.01,128.08,115.60,105.48,93.62
134.61,147.00,156.68,167.71,176.41,185.07,188.74,199.06,200.11,204.86,208.50,213.79,215.75,217.59,219.54,225.80,231.91,238.21,242.53,244.77,251.75,258.64,266.96,271.49,275.41,279.53,281.90,278.60,278.00,275.14,267.85,260.99,253.79,253.03,244.18,240.71,230.38,225.57,219.54,213.69,206.34,195.02,190.10,181.04,174.54,159.88,149.77,139.79,129.63,120.22,105.60,93.54
139.52,143.27,153.16,160.46,171.21,170.00,182.89,186.66,194.13,198.04,202.12,204.00,207.23,208.83,212.62,218.22,222.99,226.82,232.67,234.83,240.88,251.72,257.50,261.61,266.10,268.32,271.02,268.75,266.96,262.03,258.38,252.41,247.33,243.00,236.22,231.23,223.90,216.01,210.15,204.96,196.47,193.66,183.41,172.74,165.02,155.68,146.28,134.77,123.85,112.87,103.70,90.14
135.16,148.49,158.29,168.83,177.42,185.17,191.27,200.48,202.03,206.48,211.73,214.80,215.42,220.11,223.22,228.01,231.95,236.91,242.85,246.91,253.10,262.42,268.21,273.58,278.35,280.37,282.29,281.78,279.64,274.93,271.94,265.44,257.84,250.51,245.33,241.62,232.70,228.44,221.06,214.11,207.00,200.55,189.97,182.07,173.82,162.93,151.80,141.88,130.00,119.47,108.24,94.64
133.79,148.14,158.20,167.29,175.41,184.46,189.19,199.67,200.23,204.83,210.34,212.34,215.87,216.60,218.51,227.25,230.93,238.02,240.42,245.61,252.25,260.86,264.61,268.61,276.09,278.47,280.83,277.02,277.78,272.50,268.74,261.12,253.65,249.34,243.02,239.38,230.25,223.43,219.15,212.84,205.35,195.72,187.67,181.25,172.63,160.03,147.65,140.00,128.89,118.33,105.00,92.11
134.54,147.87,156.01,166.09,174.14,185.74,189.62,196.16,200.64,204.57,207.97,211.77,215.50,215.03,220.51,225.75,230.08,236.29,240.42,244.56,250.06,259.98,265.51,269.13,275.68,277.36,281.46,278.54,276.70,271.07,267.48,259.85,254.47,248.65,242.67,237.45,231.23,224.40,217.41,212.04,203.69,197.09,187.48,178.73,172.68,160.80,150.44,138.71,126.67,116.47,106.04,92.66
134.20,147.90,159.30,167.36,176.73,184.72,189.49,199.72,201.32,206.17,208.91,213.49,217.87,216.45,221.27,228.02,231.64,237.12,242.84,245.28,252.72,260.93,267.85,271.89,277.24,281.31,284.14,280.28,279.54,274.53,271.09,262.57,255.14,253.66,246.01,240.71,232.72,226.13,220.66,213.85,206.94,197.95,188.96,180.19,172.54,161.97,150.60,139.84,130.14,119.04,107.81,95.02
132.77,146.86,156.39,167.01,174.39,184.76,188.16,199.65,201.10,204.61,207.16,214.19,217.35,216.02,219.11,226.92,231.22,239.01,241.62,244.66,250.58,258.49,264.55,270.45,274.20,280.83,284.34,277.28,278.04,273.79,268.42,260.02,253.39,253.84,245.05,240.05,231.19,222.44,218.63,212.93,207.51,195.24,189.91,181.96,173.10,160.25,148.61,137.28,130.08,117.96,104.31,93.49
134.54,147.12,156.28,167.57,176.64,184.10,189.32,196.76,201.84,204.02,211.00,211.09,215.70,218.30,219.32,227.85,229.51,236.44,241.50,244.59,252.38,259.79,266.06,269.46,276.46,279.86,281.80,279.18,280.52,270.75,268.24,261.61,254.95,250.28,242.10,239.52,231.66,224.02,220.04,211.48,204.44,195.83,188.22,180.83,171.82,160.45,151.64,140.07,129.10,118.11,107.33,95.90
134.85,146.33,155.93,168.22,173.42,183.10,188.31,198.60,201.72,203.53,207.51,213.62,216.21,216.93,217.92,224.51,230.05,236.10,241.28,243.13,251.44,259.27,267.08,270.68,273.72,279.51,282.68,276.73,276.23,273.78,267.92,261.61,254.33,252.81,244.72,241.02,231.19,224.14,218.98,213.49,206.63,195.25,190.52,182.92,174.09,159.81,150.03,139.52,129.62,119.11,103.41,92.36
131.40,143.61,155.60,165.89,172.20,179.55,185.01,195.17,197.91,202.30,204.96,209.02,213.04,212.81,215.23,221.94,227.76,233.96,239.08,239.10,245.69,254.77,260.93,264.89,269.54,274.66,279.02,274.01,272.25,269.90,264.98,258.18,250.12,248.29,240.10,236.95,227.40,221.36,215.42,211.00,203.07,192.04,186.82,179.00,170.00,157.63,146.73,135.86,127.57,117.17,103.32,90.14
130.29,145.67,154.29,166.24,172.81,180.90,186.56,196.02,197.67,203.04,206.07,210.95,212.61,214.80,216.16,224.15,228.97,232.94,237.86,240.60,249.69,257.67,262.77,266.60,272.25,276.47,279.47,274.16,273.91,269.78,266.63,259.00,252.49,249.30,242.01,236.24,228.97,221.92,217.15,211.08,203.73,194.00,187.52,179.74,172.00,158.15,147.12,137.88,127.31,116.42,104.58,91.24
128.41,140.25,150.75,161.97,168.39,175.79,180.24,189.28,192.26,195.87,200.48,204.62,205.35,206.34,206.94,214.61,222.68,227.66,231.39,234.03,239.26,246.61,254.01,258.30,263.78,267.54,270.80,265.88,265.00,262.79,256.50,248.74,242.54,239.80,236.09,228.69,221.20,214.79,208.59,204.24,197.69,187.92,179.71,173.69,166.60,152.09,143.59,132.77,123.31,115.43,101.39,88.20
128.28,141.51,150.22,161.52,169.06,176.56,181.60,189.43,191.13,195.66,198.81,203.89,207.27,207.69,209.02,215.61,220.78,226.24,232.59,232.69,239.74,249.33,254.57,258.52,263.43,265.91,269.30,266.18,264.89,261.04,256.07,248.16,241.90,239.43,233.42,229.02,220.11,214.44,207.77,201.79,196.13,187.39,180.38,173.33,164.25,151.65,143.76,133.09,122.00,112.00,101.08,90.09
128.04,139.09,148.27,158.75,166.36,175.87,179.61,189.28,191.44,194.14,200.66,203.92,206.70,208.15,207.88,215.13,220.05,224.59,230.00,233.45,240.30,248.09,254.44,257.90,263.59,265.66,268.99,265.38,263.90,260.35,256.42,250.72,242.33,239.93,236.14,228.48,220.99,212.98,207.12,203.38,194.82,186.30,181.57,173.25,165.05,152.00,144.40,134.16,123.22,114.04,101.87,88.96
134.16,149.80,158.45,168.76,176.23,184.57,189.62,198.48,200.41,204.36,210.38,214.00,216.92,218.40,219.80,227.85,231.53,237.41,242.29,244.23,251.79,260.46,267.80,271.54,278.87,280.71,284.03,280.20,278.79,275.22,269.90,261.49,255.04,252.30,245.94,240.52,233.00,225.54,220.78,214.77,206.40,198.29,190.19,182.22,172.89,161.12,151.40,140.62,130.61,119.05,107.07,93.74
133.33,144.96,157.08,166.24,173.95,182.20,188.92,196.00,198.95,203.03,204.75,211.40,213.71,214.87,218.28,224.85,230.78,235.92,241.30,241.35,248.20,258.99,264.12,267.19,275.14,277.63,281.97,275.23,278.04,273.74,265.51,261.08,251.07,250.79,244.64,237.54,230.63,222.00,216.52,212.23,204.38,195.45,187.81,181.50,173.18,159.25,149.57,138.25,129.53,119.62,106.30,94.54
126.29,138.00,147.63,157.38,166.53,174.87,178.40,186.01,187.26,192.23,197.45,200.10,203.54,204.16,207.71,212.44,217.82,222.02,227.77,230.97,236.92,244.46,250.80,256.63,260.95,262.38,265.93,263.61,262.61,258.49,253.60,246.91,239.72,233.34,229.71,226.01,218.83,213.53,205.91,201.10,193.83,186.81,178.34,168.24,163.03,151.79,141.77,132.23,122.15,111.68,101.83,89.87
133.09,146.54,154.47,164.84,173.77,181.89,189.04,193.66,197.89,202.24,205.88,210.30,213.01,214.45,216.21,221.45,228.49,234.27,239.93,242.20,246.88,255.98,264.01,268.00,272.42,276.88,278.00,275.86,275.23,271.32,265.05,258.15,251.44,248.13,243.00,237.70,228.45,223.02,215.67,212.00,203.49,193.28,188.11,179.11,171.49,157.81,149.40,138.81,128.39,117.00,105.48,94.37
126.91,140.21,148.93,158.27,165.53,174.90,179.11,186.56,188.16,193.33,197.31,200.57,202.67,205.41,208.37,212.17,217.57,223.18,229.45,230.67,237.02,246.71,252.14,257.01,261.12,262.15,268.23,262.51,263.62,257.86,254.24,248.20,240.15,237.79,231.08,226.15,219.21,213.38,206.53,201.41,195.50,185.53,178.46,171.83,163.27,152.07,142.67,132.32,124.08,112.22,100.09,89.83
126.48,139.47,150.71,159.15,166.31,175.51,180.70,188.16,190.63,194.31,197.65,202.77,206.65,204.59,209.61,212.14,219.13,225.42,230.84,231.10,238.03,245.86,253.03,256.40,262.39,265.38,269.27,262.27,264.87,261.30,256.05,247.63,241.25,238.84,234.17,228.88,220.79,212.61,208.09,202.70,196.09,185.59,180.56,171.70,165.08,151.11,142.89,131.50,123.33,114.04,99.92,88.41
126.09,137.19,148.93,157.92,165.42,173.91,179.01,186.51,188.60,192.32,193.60,201.42,203.49,204.16,207.24,212.92,220.05,223.46,229.64,230.57,236.52,245.22,251.75,255.80,261.47,265.45,268.16,262.41,262.86,259.12,254.17,247.07,240.05,239.30,233.63,227.20,218.44,213.02,207.41,201.81,196.47,184.09,179.45,173.07,163.38,151.34,141.43,130.92,122.49,113.65,101.27,88.28
126.67,137.74,149.09,157.50,165.34,173.31,178.47,185.27,188.81,193.05,196.60,201.56,204.27,204.12,206.12,212.12,218.40,222.41,228.12,230.27,236.23,244.63,252.40,257.26,259.79,262.76,267.87,263.21,261.82,259.06,252.25,246.03,239.35,235.77,230.49,226.76,217.59,212.25,206.74,201.66,194.83,184.81,179.55,171.02,163.23,149.57,142.87,131.10,123.49,112.16,99.98,87.10
125.06,138.20,148.53,158.93,164.10,172.71,178.75,187.00,189.84,193.35,195.69,201.33,204.19,204.50,205.24,211.36,218.28,223.52,229.03,229.94,235.77,244.24,251.79,253.86,259.83,263.90,266.33,262.55,261.96,258.85,254.19,246.59,239.38,237.01,232.91,226.63,218.49,211.83,207.76,201.26,195.21,185.93,179.10,171.09,163.52,150.27,141.22,131.75,122.87,112.45,98.23,87.46
132.42,145.45,157.19,166.68,173.52,182.63,187.77,195.88,198.60,203.00,207.18,211.09,213.60,215.23,217.41,225.08,229.06,236.91,239.52,241.87,247.59,259.24,263.94,269.00,272.52,277.56,281.54,275.29,276.03,272.37,265.68,258.12,251.64,249.82,241.75,236.95,229.73,222.81,216.39,212.25,204.92,194.49,190.07,179.61,172.03,158.05,148.96,137.23,130.61,120.34,104.36,93.26
127.88,140.43,150.24,160.02,167.19,175.93,180.37,190.18,191.77,195.97,197.68,203.73,206.52,207.86,209.29,218.52,220.23,229.44,232.94,234.80,238.87,249.58,255.48,258.24,264.00,267.72,271.60,266.33,267.30,262.38,258.04,251.14,243.53,241.60,234.92,230.84,222.18,216.01,209.00,204.92,198.34,186.01,182.15,174.03,165.39,153.94,143.34,132.85,125.22,114.69,100.90,88.09
128.95,140.80,150.23,161.08,167.30,177.43,182.50,190.04,192.63,196.38,199.61,204.19,207.76,208.47,210.79,216.78,222.27,229.99,234.69,234.75,239.21,250.49,257.47,259.07,265.34,268.92,272.88,266.53,266.68,264.17,257.00,251.81,243.74,243.97,236.71,230.52,223.24,215.75,209.69,205.77,198.66,189.16,182.00,175.03,166.09,154.77,144.31,132.54,124.39,113.85,100.85,90.02
133.30,147.60,157.14,167.94,175.56,183.12,190.19,196.79,200.08,205.08,209.50,213.21,216.15,216.17,218.51,226.72,231.48,237.70,243.58,244.77,252.07,259.62,266.69,272.24,276.63,280.22,282.80,278.96,279.35,275.48,269.00,261.00,254.85,249.69,245.59,239.93,230.43,224.52,218.01,214.60,207.86,195.48,190.07,182.02,173.97,160.85,150.75,139.20,130.14,119.85,106.79,93.39
134.09,147.85,157.72,168.18,174.60,183.45,188.96,196.38,200.52,205.55,208.95,213.03,216.30,216.63,218.00,225.94,228.27,234.76,241.65,244.76,250.14,258.03,264.36,269.85,275.41,277.08,281.43,276.46,277.40,271.89,266.66,261.59,252.01,249.10,243.12,238.35,229.30,223.95,218.15,210.52,204.17,194.47,188.04,179.48,172.24,160.08,148.84,138.93,128.06,118.60,106.61,93.74
127.47,138.52,148.12,159.30,165.13,174.65,179.37,187.41,191.51,193.61,200.48,201.97,204.85,206.97,209.88,215.45,220.00,224.08,230.10,231.31,239.01,248.24,253.84,256.68,263.89,263.77,268.33,264.33,264.33,260.25,255.81,248.41,241.07,237.63,231.26,227.73,219.87,213.35,207.94,202.61,194.16,187.56,179.01,170.85,164.00,152.50,143.09,132.61,122.10,112.31,101.98,89.19
125.73,139.98,150.21,159.88,165.56,174.90,179.00,190.60,190.65,196.74,197.00,203.36,205.81,206.31,208.17,216.23,219.86,225.85,231.97,232.94,238.54,247.34,254.61,257.41,262.21,267.27,268.74,264.17,264.50,261.09,255.36,248.65,240.65,240.07,233.81,228.18,219.37,213.71,208.48,204.53,196.89,186.13,180.37,171.82,164.40,151.49,143.00,131.06,123.37,113.36,99.73,86.21
128.70,142.84,150.44,160.12,166.21,173.88,181.80,189.42,191.40,196.16,197.73,203.23,206.90,208.06,209.88,215.50,221.36,227.27,231.62,232.94,239.30,249.15,255.44,258.79,262.41,267.42,270.25,264.78,264.89,263.05,257.71,249.69,243.26,239.27,233.00,228.66,220.00,214.17,207.20,204.12,197.22,186.27,180.69,173.42,165.08,153.08,143.25,133.06,123.49,113.16,101.41,88.48
133.15,148.27,157.54,168.02,175.73,184.20,189.02,199.97,201.10,206.67,209.12,213.84,217.25,217.33,220.08,227.20,234.44,240.47,244.47,246.20,251.00,261.87,267.44,271.45,276.09,282.31,284.97,279.83,279.16,276.18,269.76,261.82,256.39,254.17,247.95,240.03,232.66,226.36,220.13,215.02,207.42,195.82,190.26,182.78,173.74,160.02,151.64,138.16,130.14,118.60,104.48,93.65
126.19,137.93,149.40,160.38,166.11,175.28,181.04,188.66,192.26,198.31,199.72,204.56,207.06,208.90,211.15,217.44,221.92,228.40,233.24,235.05,242.43,249.55,255.88,259.62,265.11,267.99,273.03,266.32,267.25,261.70,257.03,249.39,243.53,241.35,235.64,228.71,221.42,216.00,210.21,203.74,197.80,187.00,182.19,174.73,165.56,152.74,143.18,130.86,124.20,113.65,101.02,87.92
128.84,139.84,152.05,159.53,169.14,176.12,181.20,190.16,192.42,198.80,201.41,207.14,208.35,210.11,210.89,217.41,225.22,229.87,236.56,236.02,243.02,252.21,259.62,262.64,267.80,271.40,274.93,271.06,270.12,266.94,260.23,253.16,246.79,245.60,238.21,233.03,224.11,219.24,210.76,208.72,199.04,191.01,183.39,177.00,166.93,153.57,142.90,133.02,122.49,113.65,101.61,87.13
130.00,143.11,151.21,161.12,170.43,179.60,183.36,191.02,194.43,197.84,202.92,204.75,209.02,212.01,214.28,220.93,224.15,229.87,235.44,239.21,243.99,254.47,259.31,262.73,268.73,272.22,273.79,271.09,271.45,264.37,261.85,254.57,246.95,242.84,236.71,233.03,225.25,219.39,213.80,206.21,198.04,192.21,181.73,174.94,165.42,156.08,146.41,135.79,123.13,112.07,102.47,89.81
131.24,148.12,157.00,166.40,178.21,186.94,193.50,198.04,201.55,206.93,211.68,215.41,216.28,220.27,222.87,228.57,234.76,242.03,244.14,249.02,254.88,264.09,269.64,273.88,279.82,282.39,287.92,283.78,283.40,277.65,274.01,264.37,258.55,253.65,246.16,242.39,234.95,227.79,221.49,213.94,207.58,198.01,190.68,179.63,173.08,161.98,152.40,140.58,128.63,117.80,105.91,93.39
135.16,149.80,157.47,167.86,178.84,187.41,193.87,199.36,202.41,208.19,211.68,216.37,220.23,221.11,223.83,230.42,237.60,241.35,248.85,249.02,255.98,266.87,272.26,276.83,282.24,284.91,287.09,284.02,282.45,279.33,274.07,264.37,259.42,254.89,249.87,244.25,234.35,229.11,223.28,215.41,209.40,198.41,192.67,183.70,174.60,162.98,151.98,140.12,130.06,120.02,106.15,94.24
128.81,142.52,149.63,159.66,167.52,177.20,183.41,191.02,192.85,198.22,202.48,205.55,208.37,210.49,211.45,220.59,224.41,230.31,233.75,236.45,243.46,252.24,258.94,260.74,265.97,272.17,274.12,269.47,270.28,264.43,259.38,252.51,246.47,242.59,235.70,229.84,224.90,217.38,211.52,203.79,197.31,188.53,182.99,174.16,166.88,154.87,145.99,133.21,122.09,113.11,101.98,89.81
128.97,143.96,150.03,163.09,169.20,179.21,181.34,189.84,194.59,197.28,201.93,205.22,208.35,212.19,212.45,219.10,223.22,231.66,234.23,238.65,244.44,252.92,257.26,262.76,268.15,271.06,272.92,269.31,269.76,262.35,260.95,253.31,244.66,241.11,234.80,231.40,222.99,218.45,211.75,205.29,199.48,190.08,181.59,173.28,165.53,153.85,144.39,135.92,124.02,112.20,101.53,90.27
127.20,141.21,150.05,160.06,166.00,175.68,181.69,188.69,191.76,197.20,199.12,203.69,206.83,209.48,212.24,218.48,222.75,228.18,232.85,237.14,242.40,252.93,256.81,260.34,265.92,268.63,272.03,267.62,268.00,261.36,257.97,251.45,245.80,241.29,234.00,230.59,222.77,217.59,210.75,203.03,195.11,188.02,179.98,174.42,164.35,155.29,143.95,132.97,122.49,112.16,101.00,89.20
135.34,148.82,157.58,169.00,178.71,185.98,193.55,198.92,201.94,208.89,213.96,215.24,220.53,221.38,223.79,231.25,235.28,242.00,246.76,250.00,254.31,266.09,271.67,276.92,280.40,282.63,286.15,284.08,283.28,277.42,272.72,264.85,256.52,253.81,246.29,241.81,233.45,227.65,221.42,215.08,205.29,199.55,189.76,182.48,172.29,161.70,152.30,140.81,130.05,118.00,107.42,95.34
133.38,146.54,157.69,167.87,176.00,184.02,188.96,198.71,200.66,207.35,209.23,213.55,217.39,218.52,221.43,228.43,233.08,238.61,243.99,246.27,252.38,261.11,267.59,272.17,277.79,281.92,283.77,276.34,277.08,274.70,269.15,260.16,254.02,251.10,245.10,241.36,230.85,224.72,218.56,212.48,206.17,195.87,188.04,180.54,172.41,158.93,148.85,138.92,129.25,118.98,104.92,92.65
127.58,141.29,152.51,162.11,168.31,177.03,183.17,191.44,194.28,199.56,201.48,206.79,209.95,211.55,214.11,221.36,226.11,232.08,237.72,238.61,244.10,253.97,258.94,262.38,268.84,274.17,276.99,270.30,271.06,266.31,261.73,253.56,246.52,243.10,237.54,233.26,225.08,218.33,213.38,206.79,200.87,189.93,183.98,177.69,167.60,153.94,144.81,134.27,125.64,116.71,101.41,89.63
129.36,143.00,153.94,164.20,169.05,179.23,182.99,192.75,196.47,201.32,204.02,208.40,211.48,213.22,213.68,224.11,228.96,236.04,239.43,239.64,246.94,255.98,261.52,265.75,271.56,275.03,279.87,272.47,274.56,267.92,263.59,254.91,248.57,246.98,239.75,234.72,226.50,220.79,215.13,207.06,202.70,190.00,185.56,178.07,169.19,155.71,144.75,134.73,126.12,117.14,101.21,88.77
137.32,150.43,159.22,170.07,180.35,190.52,195.21,201.02,203.80,209.65,215.84,217.62,221.45,224.72,226.72,236.14,236.60,244.07,248.89,252.29,259.94,269.62,273.91,279.53,286.00,289.43,291.50,286.22,288.88,278.87,275.99,267.62,261.48,255.33,248.09,243.77,239.02,232.94,223.44,214.46,208.93,202.87,191.38,183.74,176.03,164.40,154.77,141.48,130.46,120.34,106.10,95.46
130.25,143.29,151.16,162.12,170.70,179.72,186.01,190.63,195.13,200.14,205.64,207.18,210.34,214.16,216.04,222.25,227.86,230.90,235.34,240.25,247.83,253.97,261.01,265.00,268.90,272.57,275.00,272.52,271.55,265.20,261.84,254.26,248.36,242.63,238.43,233.02,224.72,219.69,212.84,205.04,198.40,191.09,179.98,173.22,165.10,153.88,144.53,135.09,123.76,110.94,102.83,90.80
131.00,144.03,152.79,161.76,172.05,179.94,184.95,193.76,196.47,202.20,205.87,210.12,212.60,214.24,216.39,223.33,229.14,235.29,239.00,240.52,247.24,257.23,262.61,266.53,272.95,277.20,278.52,273.65,273.31,268.88,262.73,256.96,248.17,245.46,240.44,234.78,225.98,221.00,214.87,208.72,201.10,191.39,183.84,176.80,167.26,156.95,145.61,135.43,125.16,114.86,101.87,90.00
131.49,145.96,153.95,166.90,172.70,181.95,187.03,195.50,199.49,206.30,208.06,213.41,215.39,215.61,218.34,225.50,230.87,236.17,241.08,244.60,250.06,258.15,263.43,271.09,273.65,280.33,280.72,275.54,275.05,272.31,264.58,258.81,251.18,246.60,241.22,233.75,227.11,222.43,215.82,209.12,201.04,191.67,185.92,176.88,169.25,157.54,145.33,135.67,126.49,114.48,103.10,89.69
131.49,145.11,152.59,164.07,172.79,181.29,186.72,195.35,197.68,202.97,206.66,211.28,213.08,214.84,218.36,224.29,229.01,234.83,240.30,241.01,247.23,258.05,263.19,267.68,273.25,274.36,277.60,274.64,274.50,269.07,264.14,256.91,247.29,242.79,237.90,234.08,225.42,220.44,212.94,207.24,199.90,193.60,184.76,175.00,166.34,156.01,145.80,136.06,123.86,112.61,104.24,91.66
132.77,147.00,153.60,164.47,175.14,183.17,189.62,196.16,198.49,203.96,209.75,211.85,214.39,216.93,218.45,226.92,230.08,236.14,241.60,244.19,249.93,258.32,264.70,271.31,273.86,277.91,279.24,276.00,276.38,270.14,266.99,258.70,250.86,246.87,240.75,235.26,227.61,222.09,214.62,210.00,201.32,194.50,185.15,176.30,168.32,157.51,146.51,135.96,125.16,113.60,104.31,90.96
132.64,147.71,157.62,167.94,174.90,182.48,189.19,199.61,202.89,207.97,208.63,215.15,218.00,219.02,220.93,228.67,235.20,240.16,246.11,244.90,251.44,260.22,267.88,273.58,277.65,282.64,285.49,278.40,277.19,275.38,266.37,260.89,254.95,251.83,246.22,241.13,230.27,224.32,218.52,213.10,204.94,195.06,189.76,181.69,170.94,158.68,146.97,137.30,127.29,117.18,103.70,90.24
131.24,144.70,154.03,163.37,171.27,179.78,186.04,195.67,197.85,202.39,205.54,210.98,214.77,215.41,217.28,221.92,228.02,235.99,239.48,242.10,247.26,256.60,263.75,266.09,270.15,276.74,278.68,270.35,273.44,269.48,263.41,256.83,250.06,246.66,240.52,236.03,224.54,219.89,213.38,208.15,199.83,191.54,184.86,177.34,168.00,154.99,144.51,135.13,125.59,114.63,101.95,90.20
130.82,144.20,154.92,164.98,172.70,180.24,186.78,197.45,200.00,205.97,206.94,213.14,216.17,217.30,219.00,226.12,229.87,238.20,242.16,245.25,249.97,258.49,264.82,269.90,274.05,280.12,280.07,273.88,274.85,272.41,265.52,258.50,251.72,250.01,242.90,238.03,227.79,222.41,217.12,211.14,202.25,190.52,185.69,179.48,170.32,156.92,146.37,135.59,126.66,116.48,103.10,89.04
132.02,145.52,155.43,165.59,172.59,180.35,187.47,196.35,198.13,205.01,207.97,214.28,216.70,217.37,218.59,225.55,233.21,237.61,241.11,241.75,251.48,258.10,265.45,269.87,273.89,279.50,280.27,275.12,274.12,272.25,264.61,257.29,250.57,249.66,243.90,238.32,227.65,220.79,215.54,209.30,202.97,190.97,186.27,177.23,170.47,157.58,145.22,135.36,126.82,117.99,100.13,88.77
131.59,146.01,154.08,163.49,172.10,180.09,187.24,195.54,198.98,203.30,207.14,212.12,213.93,215.59,216.45,225.47,228.54,234.36,238.44,243.52,247.95,257.29,262.95,269.08,273.31,276.90,278.52,273.13,274.39,268.73,264.36,256.96,248.49,245.84,240.05,237.19,225.14,219.99,215.41,207.62,200.94,191.27,184.95,176.78,168.44,156.04,145.56,135.15,124.20,115.25,101.24,91.24
130.03,142.47,154.86,165.48,171.42,179.87,186.20,194.99,198.30,204.30,205.39,210.60,213.40,215.23,216.95,223.52,230.08,234.20,240.05,240.84,249.26,256.22,262.15,268.37,271.98,276.38,280.08,274.61,273.78,269.70,262.48,256.01,248.65,247.62,240.76,234.77,226.92,220.04,214.35,210.62,203.00,192.17,186.34,177.63,169.03,156.12,145.21,132.88,125.36,114.28,103.39,89.90
132.64,146.25,154.18,167.29,174.73,183.09,188.09,195.93,198.67,203.84,209.81,213.59,214.46,217.57,220.27,227.01,229.98,237.36,239.08,244.38,251.10,259.40,264.08,270.97,275.33,277.07,279.21,276.83,277.35,270.27,266.60,258.97,253.31,246.91,242.02,237.78,228.78,224.16,217.57,211.01,202.16,194.49,185.56,177.99,169.78,158.49,147.60,137.19,125.22,114.98,104.79,92.65
120.50,132.52,141.74,149.50,157.17,165.95,169.74,179.01,180.80,187.41,188.14,193.64,195.48,197.10,199.46,204.80,208.92,214.46,217.60,221.33,228.65,236.03,242.23,246.21,248.24,254.70,256.85,252.05,250.60,247.42,240.87,234.96,228.97,226.22,222.95,217.61,207.47,203.74,197.34,191.86,186.08,176.62,169.05,162.86,156.08,143.14,134.63,124.20,115.10,105.48,93.30,82.76
121.25,134.06,143.96,153.18,159.88,169.14,173.30,182.00,183.74,188.31,191.23,197.23,200.45,201.00,201.06,208.69,211.15,218.91,221.65,224.84,230.87,238.62,244.70,247.83,252.00,258.85,261.52,253.53,254.79,252.79,246.48,239.84,232.96,232.30,225.06,219.37,211.80,205.88,200.59,196.09,188.40,178.37,174.23,166.01,159.23,144.89,136.82,126.40,117.48,108.05,92.72,83.63
132.85,148.01,157.31,167.59,173.85,184.13,189.42,198.04,199.62,206.48,208.00,213.69,215.82,218.05,219.33,226.83,232.61,241.10,244.47,244.03,250.46,260.19,266.29,271.60,276.25,284.19,284.81,277.95,278.00,275.43,270.19,262.62,253.95,254.33,244.81,241.03,231.26,225.58,218.01,214.20,205.87,195.04,189.26,182.10,171.68,160.46,149.04,139.01,129.12,119.94,104.45,93.23
134.16,149.05,156.37,167.03,177.10,185.19,190.39,196.66,201.48,204.41,210.77,213.52,215.81,218.75,222.46,228.84,231.91,237.77,242.14,246.74,253.06,263.49,266.96,272.73,276.86,280.49,283.59,281.41,280.64,273.44,271.71,265.42,256.89,252.20,245.80,240.67,232.14,226.81,220.08,212.84,205.60,198.60,188.48,181.22,173.08,160.75,151.60,140.81,128.70,117.64,105.76,93.38
122.93,134.06,144.70,154.16,160.58,167.86,174.42,180.55,185.22,189.53,190.70,196.35,200.32,199.49,201.92,208.02,212.51,219.53,222.19,224.54,231.78,238.54,246.01,252.42,255.52,258.94,262.98,256.76,258.49,255.44,249.51,243.19,235.00,234.20,227.43,221.20,214.37,207.39,201.73,197.99,191.37,182.02,176.07,168.18,160.80,146.77,136.56,127.77,119.07,109.79,96.43,84.08
134.37,148.00,155.08,165.20,177.50,184.27,191.00,196.23,200.36,204.30,209.72,211.93,215.26,217.67,219.32,225.89,231.92,237.12,243.90,245.97,251.78,261.54,267.37,273.74,277.36,279.95,281.57,281.44,282.06,276.06,271.67,265.00,257.84,250.71,245.74,242.43,233.12,226.34,219.54,215.13,206.16,199.58,188.81,181.02,173.30,163.05,151.73,140.21,128.74,116.16,107.42,94.05
123.79,137.71,146.49,155.32,162.08,170.33,175.33,183.84,186.32,190.85,193.54,199.97,202.55,202.71,204.46,211.04,215.42,220.93,225.22,227.85,233.93,243.39,248.36,255.16,256.96,263.01,263.03,260.31,260.72,255.98,250.57,244.53,237.76,234.37,229.38,224.12,217.27,211.34,205.76,200.88,193.88,183.70,177.08,169.00,162.26,149.68,140.39,129.76,120.07,109.55,99.02,87.28
123.56,136.93,146.58,155.64,160.45,170.79,174.92,183.31,185.72,192.51,192.72,197.65,202.01,202.11,205.24,213.05,216.76,222.14,228.16,228.82,235.38,243.17,249.32,254.63,258.40,264.37,266.91,261.40,260.76,256.73,251.34,245.90,239.93,237.12,232.08,226.74,217.83,212.00,207.17,200.82,195.82,184.81,178.44,172.35,163.37,150.79,142.13,129.97,120.97,111.49,99.02,88.64
133.02,147.60,155.22,167.92,174.29,183.90,188.83,196.86,200.26,205.53,208.06,212.47,216.09,218.69,220.59,227.01,230.10,237.50,241.40,246.08,253.02,259.62,268.09,273.25,276.40,283.43,285.06,280.20,280.18,275.00,272.27,263.15,256.59,254.43,248.28,243.03,234.03,229.24,222.04,214.76,208.04,198.16,192.57,182.32,175.33,163.29,151.34,142.00,131.19,120.34,105.12,93.30
110.55,122.12,126.76,133.30,139.40,146.15,150.34,153.03,154.39,157.00,163.77,164.03,164.58,166.60,166.21,170.45,172.54,177.09,177.39,183.40,186.13,189.79,195.53,201.00,201.31,207.17,203.75,203.69,205.88,202.23,201.47,199.62,199.81,195.86,193.17,190.52,186.23,182.58,181.43,172.90,170.75,162.93,158.39,150.96,141.16,132.19,123.37,112.54,104.74,96.77,88.51,76.06
127.62,141.17,148.43,160.02,166.37,175.39,181.60,187.42,191.45,195.35,197.91,201.38,207.02,207.56,209.46,215.19,219.58,226.72,231.55,233.42,240.98,249.69,256.46,261.96,264.08,271.28,273.65,268.48,267.92,263.94,261.63,253.90,247.40,244.18,240.20,233.40,224.96,218.59,214.90,209.12,201.63,190.55,184.98,177.07,169.53,157.44,145.88,137.03,126.48,116.02,103.08,90.09
123.46,137.59,146.54,157.04,162.79,170.48,176.78,183.53,187.97,192.41,194.28,199.32,203.08,202.31,205.20,210.87,215.75,222.80,228.89,229.56,238.25,242.71,251.88,257.10,259.12,267.33,269.48,264.82,264.14,262.23,256.52,251.11,243.73,240.63,237.68,230.93,221.23,214.90,209.85,206.52,199.10,187.38,183.98,174.59,167.84,153.94,144.05,134.30,124.20,114.98,101.12,88.73
124.42,137.30,145.15,154.94,162.01,168.67,174.26,181.25,184.57,190.08,194.25,195.03,198.11,201.79,201.55,207.29,212.92,217.51,222.62,226.75,233.75,241.63,247.68,251.75,255.95,261.56,263.61,261.08,260.91,257.50,255.12,247.39,241.37,236.22,233.53,227.02,219.32,215.19,208.60,202.68,195.58,187.64,180.60,173.64,166.11,154.02,145.43,134.85,122.98,111.50,101.87,89.45
121.80,134.85,144.59,155.13,161.42,168.93,173.90,180.68,183.85,188.74,188.18,195.14,198.83,198.31,200.12,207.17,210.44,218.18,221.58,223.71,231.04,238.88,245.49,252.29,254.15,261.82,264.70,258.81,260.30,255.89,250.59,242.64,238.30,237.36,231.68,226.60,218.29,212.12,208.36,202.94,196.73,183.98,179.69,173.28,166.19,154.08,142.35,132.25,123.86,114.04,98.84,88.73
129.40,143.38,153.16,162.87,169.80,178.31,182.27,190.31,194.20,198.28,200.02,206.89,209.98,208.83,213.02,216.75,223.66,229.34,234.91,234.79,243.25,251.02,259.19,265.32,268.00,275.41,279.26,274.05,273.58,271.03,265.95,258.88,251.41,249.05,246.38,239.13,230.42,223.89,220.00,214.09,206.60,196.09,192.35,183.39,175.05,162.34,151.74,139.98,130.60,119.71,104.94,92.72
131.05,145.17,154.39,163.29,170.48,178.04,185.19,192.63,193.79,198.57,201.25,206.29,208.39,209.90,212.04,218.05,221.90,227.90,233.91,236.60,243.58,252.13,259.79,265.83,269.43,276.89,277.65,273.06,275.63,271.81,267.80,260.40,253.60,252.46,247.58,241.88,232.70,226.24,223.04,215.54,209.99,201.01,194.49,186.39,178.22,163.00,152.51,143.06,131.23,120.51,109.24,95.13
129.12,143.84,152.05,162.54,169.29,176.34,181.43,190.56,193.85,197.09,198.88,203.68,207.91,207.52,209.62,216.02,219.74,226.99,232.64,233.75,242.07,249.15,256.83,263.91,267.03,274.04,276.74,271.77,273.67,269.28,263.40,257.01,250.80,248.42,244.20,240.07,230.05,223.79,219.62,214.61,207.52,197.25,191.13,184.20,175.07,162.12,150.66,142.17,130.25,120.17,107.04,95.08
128.06,139.29,150.44,160.29,166.48,175.39,180.23,187.86,190.91,194.40,195.53,201.96,204.68,203.98,207.18,213.01,218.75,226.77,229.92,231.00,237.12,247.23,253.78,259.05,263.10,269.14,273.03,267.80,269.70,266.72,260.97,254.59,248.02,247.54,242.00,236.33,228.04,222.62,217.87,213.24,205.78,196.16,191.02,182.98,174.79,160.08,150.28,139.01,130.63,120.54,106.57,93.48
127.48,139.85,149.16,158.38,164.51,172.73,176.98,187.11,186.72,191.82,194.28,197.89,202.70,203.48,203.36,211.63,214.26,222.81,226.74,228.06,234.35,242.42,249.23,256.35,261.01,268.09,271.04,264.55,267.62,263.32,258.38,251.96,245.46,247.07,240.19,234.78,226.08,220.06,216.81,212.84,205.65,193.57,190.07,182.96,173.10,160.55,151.75,139.59,130.60,119.52,106.45,93.54
127.76,137.93,147.65,155.16,162.93,171.59,176.01,183.15,186.04,190.21,193.20,196.46,199.12,201.25,205.83,211.48,215.20,220.82,225.81,227.40,234.48,246.01,249.61,254.63,259.72,264.43,269.24,265.14,265.66,260.03,258.41,251.62,246.22,244.18,238.30,233.28,227.30,221.33,216.47,208.89,202.79,195.36,187.86,181.62,172.19,162.20,152.12,140.43,130.86,119.57,108.45,95.52
136.52,150.22,158.15,170.70,176.78,187.84,192.38,199.32,201.00,208.00,210.01,214.71,218.28,220.05,222.28,230.42,234.08,240.35,244.90,248.65,255.54,266.18,272.46,277.62,284.19,289.01,292.91,287.64,290.66,283.77,282.29,273.25,267.99,263.61,256.91,255.04,247.25,241.35,236.07,227.34,221.18,212.45,206.31,197.47,188.94,177.28,166.88,154.29,141.60,131.04,116.66,103.83
127.35,139.86,150.03,158.77,166.29,173.18,179.69,187.84,190.43,194.86,197.91,201.25,204.92,206.69,208.06,216.27,218.93,225.28,231.62,233.48,240.42,248.89,256.33,259.85,266.11,269.60,273.01,269.46,271.28,266.51,262.19,254.49,249.88,247.88,241.57,238.80,230.02,225.58,219.97,214.87,208.25,199.22,191.44,184.84,176.24,166.09,155.00,143.42,134.40,123.08,109.37,97.06
132.77,145.61,156.24,165.25,173.42,180.31,187.58,194.92,198.00,203.73,206.70,210.95,212.88,214.36,215.46,223.90,231.33,238.01,240.60,243.40,249.84,257.47,266.74,270.65,275.83,281.26,283.55,282.53,280.89,277.91,270.82,265.95,259.79,256.33,255.00,249.58,239.77,233.65,227.26,223.33,216.45,203.50,200.48,192.42,184.74,171.30,160.59,149.93,139.62,128.32,113.89,99.81
134.09,147.85,156.28,165.47,174.27,184.62,190.08,196.60,199.62,205.02,209.89,214.22,217.08,216.95,220.33,225.27,234.36,237.54,245.20,246.01,252.58,260.93,269.43,273.21,276.68,280.70,286.03,282.08,282.29,279.51,274.34,268.16,260.65,259.96,253.81,250.52,241.36,237.02,229.69,224.62,217.15,207.74,201.12,195.16,185.59,174.90,162.46,151.08,140.81,129.14,117.44,103.73
131.67,144.42,154.55,164.03,172.47,181.66,185.22,195.21,197.21,201.96,207.39,209.82,215.24,214.76,216.32,225.30,229.54,233.48,239.44,242.14,248.57,258.01,263.42,267.00,274.05,277.76,281.54,275.47,275.86,271.92,267.98,263.06,255.54,254.50,250.68,244.24,236.60,231.90,226.72,220.08,214.26,204.50,197.31,189.17,181.95,170.00,159.13,145.66,138.57,127.88,113.53,99.76
129.80,140.46,149.21,158.24,169.01,177.34,183.18,187.95,192.59,196.70,200.72,203.74,207.02,209.47,213.00,217.92,221.71,227.75,231.54,236.28,242.79,250.94,255.29,261.17,266.02,269.45,270.15,268.79,270.93,266.02,264.32,256.69,249.91,247.26,241.12,239.11,231.32,226.50,221.27,214.03,207.29,200.61,192.00,184.05,177.73,166.11,157.88,145.65,134.85,123.22,111.40,98.81
108.19,118.19,127.09,133.46,137.00,142.90,145.84,151.65,155.68,158.22,162.00,165.85,165.95,167.69,170.60,177.55,177.72,184.62,194.01,198.21,206.83,215.23,225.32,226.85,235.00,237.89,241.36,238.67,239.14,238.67,238.44,234.68,237.95,238.02,228.74,225.26,220.33,219.66,216.23,208.17,206.69,198.83,191.06,183.31,179.40,163.25,155.32,144.09,134.30,122.65,112.29,98.99
126.57,138.71,148.39,159.38,165.15,175.11,181.04,189.19,191.17,196.51,198.81,203.81,206.58,208.35,209.57,215.65,220.69,228.62,232.11,233.11,238.30,245.66,252.68,256.16,258.21,265.93,270.86,264.68,267.23,263.88,256.91,251.10,245.54,243.19,238.46,236.14,227.43,222.04,216.01,209.69,204.16,194.20,189.50,184.13,174.32,162.41,152.49,139.18,131.70,123.04,107.54,94.01
124.92,138.03,148.95,157.41,164.00,172.36,179.96,186.42,189.24,194.99,196.16,201.65,203.07,206.09,207.62,214.29,221.46,226.42,229.69,232.08,236.71,244.86,250.80,255.93,259.16,263.91,267.42,262.09,264.43,259.00,255.36,248.85,242.42,242.43,236.54,233.75,224.83,219.89,215.78,208.96,201.80,191.47,187.38,180.47,171.82,160.15,148.52,139.54,130.25,118.46,105.39,93.23
135.07,147.99,158.96,169.11,176.24,186.10,191.67,198.71,202.67,206.42,210.85,214.62,217.31,217.37,219.11,227.38,234.09,237.79,243.02,243.30,250.34,258.04,265.96,268.65,275.57,279.20,282.45,276.44,276.94,274.21,269.86,262.49,256.02,255.49,250.06,243.99,237.13,231.32,226.42,221.46,214.25,204.16,197.65,190.19,181.02,168.57,158.11,146.56,135.92,126.02,112.36,98.25
134.74,149.05,158.83,170.07,178.34,187.93,191.01,197.59,200.82,205.80,211.01,213.40,216.72,218.41,220.06,228.04,232.55,237.69,241.01,244.50,249.93,259.43,263.18,267.11,274.22,277.06,278.22,275.69,277.16,271.89,267.30,261.01,254.29,251.41,244.23,243.00,235.05,231.29,224.97,218.59,209.04,203.25,193.83,187.84,179.63,168.32,158.15,147.38,133.23,122.89,112.54,98.51
124.74,137.64,145.12,154.55,163.84,171.75,174.18,181.37,184.07,186.51,189.79,194.12,195.24,196.10,199.06,205.79,209.70,215.37,217.17,217.72,222.31,231.11,234.80,239.14,243.21,245.49,247.41,247.54,245.90,242.32,237.88,232.21,227.07,222.60,218.83,214.67,208.39,203.89,198.41,194.20,186.04,180.95,174.00,166.97,159.93,150.03,140.25,129.14,119.20,108.67,99.30,86.28
95.19,104.29,113.74,122.81,129.25,140.47,148.55,160.61,161.53,169.81,174.98,181.47,185.97,187.88,191.94,198.70,207.08,212.61,218.22,219.69,226.88,234.64,241.03,243.13,248.89,250.89,254.70,249.91,249.15,246.33,242.51,235.76,230.59,229.83,223.21,220.17,212.29,208.83,202.04,201.42,194.86,186.97,183.12,177.16,170.29,162.44,153.16,144.84,137.30,128.10,115.57,106.00
124.04,137.61,147.26,154.47,161.91,173.25,177.10,181.66,185.61,188.11,188.92,194.28,195.43,196.16,197.41,201.64,205.77,212.25,212.90,216.04,220.22,226.74,233.14,234.29,238.27,241.85,244.05,238.76,241.11,235.80,233.00,227.88,223.01,221.00,213.56,210.30,203.58,198.91,193.55,188.22,183.33,174.89,169.19,162.93,155.71,144.31,134.73,123.91,114.56,107.94,94.01,82.87
96.84,107.56,118.07,132.25,138.64,147.50,156.35,165.52,171.30,181.03,186.39,196.09,201.23,202.43,204.08,214.25,218.66,225.20,230.36,232.62,240.92,249.39,254.52,257.86,259.33,265.63,268.29,262.98,261.34,258.54,252.11,246.25,237.78,239.04,232.07,228.23,220.04,212.64,208.08,208.20,201.70,190.87,188.80,183.58,176.48,167.17,157.32,146.70,139.70,131.37,118.87,106.71
123.86,133.00,145.25,153.91,161.04,169.78,174.41,180.21,183.66,186.63,191.51,192.63,195.00,197.00,199.90,202.68,207.69,211.40,215.06,218.16,222.28,229.12,234.21,235.93,240.61,242.53,242.74,239.42,239.57,237.15,232.61,226.46,219.35,216.34,212.81,210.20,201.31,196.06,193.04,185.56,180.16,172.88,167.29,161.92,152.05,141.83,132.65,121.85,114.16,101.53,92.80,82.66
128.46,140.06,151.58,160.80,168.34,175.93,183.08,190.04,190.63,196.60,199.48,203.42,206.83,205.35,208.49,213.12,217.42,221.14,225.46,226.92,231.19,239.91,243.45,246.29,250.71,253.66,255.38,251.34,250.23,247.76,240.90,236.08,229.84,227.76,223.47,218.87,211.24,207.10,201.70,196.16,189.16,181.23,175.05,167.84,160.52,147.14,138.10,127.01,119.41,108.21,97.08,83.49
125.57,137.21,147.46,157.05,162.87,174.00,176.62,185.95,188.50,190.71,193.40,198.46,200.82,200.11,199.46,207.33,210.28,215.72,218.63,219.73,224.56,232.44,234.44,238.72,242.83,245.20,248.79,241.02,243.07,242.56,235.20,229.39,225.57,223.77,218.08,214.46,206.00,204.68,198.73,194.16,188.11,177.03,175.57,166.83,158.03,147.22,138.45,127.09,120.51,108.42,97.84,84.58
130.48,142.44,152.32,162.75,169.81,177.88,183.53,190.97,192.31,197.45,200.26,204.00,206.52,206.63,207.18,214.71,220.48,226.28,226.82,227.90,234.05,241.67,245.42,247.88,251.64,255.33,258.50,254.44,255.33,252.22,245.98,240.47,235.31,233.85,227.91,222.50,216.84,211.77,207.34,203.30,197.85,187.26,182.39,174.77,167.60,156.03,145.62,133.65,125.40,115.04,101.13,90.14
129.42,142.80,154.08,162.05,169.00,175.80,181.71,189.45,193.35,195.58,198.36,201.31,206.70,206.30,204.59,211.86,216.84,220.48,225.70,227.25,233.26,239.08,243.43,245.60,249.42,252.51,258.49,252.05,250.48,249.61,242.32,240.61,234.18,231.04,229.26,224.80,216.18,212.14,208.37,203.80,196.57,186.94,181.73,174.95,167.19,153.81,146.54,132.00,126.09,115.97,100.85,88.05
131.03,143.45,150.33,161.21,170.00,178.53,182.57,188.29,189.64,193.78,199.40,200.88,202.00,204.79,205.06,211.01,214.01,219.13,224.08,225.94,230.05,236.07,242.04,243.00,249.18,249.21,254.47,251.37,250.80,247.25,242.76,237.43,232.02,229.00,224.41,221.92,214.44,210.87,205.36,201.26,194.47,187.84,181.18,172.13,166.41,155.68,146.58,135.86,124.62,114.06,104.56,91.22
130.48,142.04,150.28,162.05,169.10,178.00,184.45,187.95,191.67,194.37,197.50,201.56,204.59,203.59,205.80,210.60,214.25,218.83,221.62,224.04,226.83,235.83,240.51,242.91,248.04,248.31,253.44,250.06,248.36,246.42,243.60,234.83,229.79,227.98,223.27,219.67,212.82,210.30,204.12,199.90,193.49,187.86,180.23,172.57,166.38,154.38,145.61,134.83,125.78,114.13,102.88,89.94
129.85,142.28,152.32,161.12,169.58,176.98,182.13,191.13,192.28,196.09,197.74,203.04,203.18,204.41,204.02,211.29,214.97,218.18,223.49,222.14,226.74,233.54,238.08,242.17,243.98,247.08,249.70,245.84,243.77,242.22,235.54,231.17,225.08,224.66,221.27,216.15,208.14,205.12,199.48,197.77,191.66,181.28,177.79,169.50,164.40,150.33,143.59,131.76,124.81,114.48,102.12,88.39
130.68,144.28,156.32,163.68,171.21,180.61,185.33,194.26,197.31,198.60,202.20,206.09,208.90,207.97,209.23,214.61,218.39,222.46,227.07,226.11,227.76,235.82,241.37,244.29,248.11,251.02,254.88,247.65,245.97,244.66,237.49,233.62,227.61,227.20,222.04,217.37,210.20,206.87,200.81,199.58,192.59,180.62,178.01,172.07,163.78,153.12,143.25,133.41,126.75,115.25,102.49,89.47
133.79,145.00,156.22,166.40,172.86,183.11,187.22,197.25,197.65,202.47,202.83,208.39,209.75,209.86,212.17,217.11,220.55,226.75,228.63,229.24,232.42,239.76,243.88,245.42,247.73,253.02,252.94,247.81,247.70,244.92,238.25,233.28,226.60,226.26,221.82,215.64,210.02,205.19,200.83,198.31,190.82,181.55,177.55,171.47,164.58,151.72,142.72,134.03,126.19,115.00,103.17,89.50
139.28,152.31,164.62,176.34,183.73,192.44,200.19,206.17,208.54,214.52,216.67,221.10,223.22,223.14,225.82,231.32,232.81,236.93,242.47,241.83,246.27,253.29,257.24,259.79,261.22,266.39,268.00,261.62,258.54,255.63,248.52,242.98,236.60,235.05,230.11,224.54,218.65,213.01,208.66,205.35,199.62,189.93,185.81,177.29,170.66,159.15,151.48,140.23,131.48,120.51,105.65,93.65
139.18,153.31,162.36,173.67,183.99,192.60,199.01,205.68,208.86,212.78,218.23,219.57,221.21,222.50,226.11,234.08,235.05,239.45,242.43,243.99,246.43,251.81,256.22,258.63,261.70,266.27,266.22,262.03,259.66,254.24,249.61,244.04,237.12,232.50,228.02,224.51,218.50,213.89,209.30,205.65,199.06,192.38,185.15,176.24,171.02,160.96,151.49,141.06,129.47,120.22,109.20,96.19
131.71,147.05,153.16,165.71,175.39,186.49,190.78,198.73,200.11,203.49,208.95,211.37,214.31,215.23,216.36,222.00,223.38,229.51,233.21,232.64,235.75,243.07,246.68,250.73,251.21,255.49,254.02,248.86,249.29,244.90,240.35,235.21,227.61,223.46,220.49,216.54,210.37,203.92,200.38,196.64,192.33,184.10,177.73,171.23,164.26,153.16,146.01,137.30,126.12,114.53,103.09,93.61
137.12,151.72,161.40,173.66,181.10,190.78,199.44,205.57,209.12,213.48,215.95,221.42,224.18,223.66,225.18,232.28,235.65,239.79,243.42,244.98,249.45,254.89,258.09,259.49,264.70,268.02,268.56,260.22,258.45,257.15,250.03,244.01,238.30,236.33,230.67,226.02,218.68,211.80,210.21,205.27,200.26,190.16,187.24,179.14,171.97,162.08,153.21,142.13,132.59,122.48,108.06,96.25
128.51,141.68,149.22,160.85,169.76,178.46,183.66,192.57,194.88,197.59,203.18,206.63,208.80,209.90,208.93,217.39,218.16,225.32,229.02,229.63,232.00,238.35,242.84,245.94,248.43,252.51,251.54,248.05,245.15,242.44,238.17,232.08,225.94,224.02,218.13,215.72,207.33,204.69,200.86,197.12,191.06,182.16,178.04,171.82,163.62,153.57,146.77,137.18,127.48,117.55,105.02,94.03
139.01,152.08,162.19,173.07,184.17,193.61,199.27,206.96,210.23,214.28,218.83,221.05,222.87,225.55,228.18,233.65,235.48,241.13,243.46,247.46,252.49,258.61,263.01,266.99,270.96,272.34,272.73,268.08,269.32,263.25,260.86,253.55,246.45,243.19,239.18,233.99,228.32,222.95,219.97,213.21,206.83,200.12,193.69,184.86,178.47,168.34,159.03,150.33,136.62,124.91,113.70,101.07
119.02,131.13,140.70,148.37,157.43,165.68,170.63,176.20,181.73,183.36,187.75,191.21,191.86,193.83,195.73,199.85,203.42,206.58,212.61,211.23,217.23,222.89,227.07,229.46,232.23,235.33,235.24,231.25,230.59,227.69,223.19,218.39,212.46,209.20,208.19,201.80,197.43,191.70,189.17,183.04,179.33,170.24,166.98,161.30,153.64,143.54,136.56,127.25,118.33,109.79,97.58,86.01
118.95,132.28,140.60,151.27,155.72,166.05,170.88,178.47,182.16,184.30,185.61,191.78,193.79,193.57,196.04,201.53,203.87,209.78,210.72,212.90,216.16,221.81,226.23,229.31,232.48,237.54,236.89,232.24,231.91,228.56,222.50,218.81,213.02,211.77,207.93,202.81,197.31,191.89,188.10,186.19,179.92,169.99,166.58,160.85,152.95,142.86,135.09,127.57,119.64,109.20,97.62,86.70
122.92,136.00,145.00,155.23,162.54,170.00,175.51,183.24,186.68,189.38,192.84,196.46,199.45,200.24,201.47,207.80,210.58,215.23,218.51,218.33,222.18,230.34,234.85,238.29,240.15,245.15,244.77,239.08,239.40,236.41,231.23,225.74,220.15,218.22,212.45,210.75,202.87,197.99,195.17,192.84,185.80,177.16,173.67,166.15,158.03,148.95,141.44,131.86,122.10,112.49,101.24,89.09
118.31,130.18,138.22,147.50,158.32,165.92,170.43,177.79,181.04,184.20,190.54,190.21,193.63,194.83,196.43,202.23,204.71,209.01,214.11,213.38,217.08,222.89,228.65,233.03,234.92,238.30,237.90,236.43,233.26,230.49,223.61,222.41,213.93,213.49,209.48,206.09,197.65,191.59,189.08,185.65,180.28,172.53,166.65,161.31,155.00,144.26,135.51,127.74,116.73,110.15,99.90,88.02
113.99,126.70,133.82,142.52,151.21,159.77,164.51,173.24,176.23,179.12,182.66,187.30,189.18,189.48,191.94,196.33,198.46,204.56,208.15,207.51,212.61,219.22,222.27,226.72,227.86,231.66,233.48,228.85,226.57,224.51,218.51,215.11,209.94,209.75,205.07,200.80,192.63,190.43,185.93,182.04,176.08,169.24,164.56,158.94,151.99,141.15,133.46,125.25,116.48,107.91,94.34,84.31
120.42,131.24,140.46,150.92,158.90,167.52,174.61,180.14,183.87,186.04,192.21,194.79,198.43,199.09,202.61,206.23,209.03,214.06,218.29,218.00,224.15,230.36,234.55,237.19,241.15,245.97,245.51,242.92,242.17,236.91,232.23,227.71,220.74,219.43,216.12,210.29,203.90,200.06,196.37,192.35,187.32,180.16,173.48,166.58,158.98,147.73,140.25,132.82,122.59,112.71,101.04,89.29
130.12,144.54,153.39,165.22,176.64,183.76,189.86,199.09,204.41,206.65,214.44,214.77,219.02,223.52,225.06,231.23,232.82,240.10,244.48,247.16,252.98,256.33,262.62,266.37,269.68,275.50,274.61,271.27,268.75,265.00,262.24,255.86,248.16,243.76,240.83,236.89,227.55,222.41,218.08,214.37,205.83,198.59,192.38,184.17,178.88,166.57,158.03,148.33,134.62,125.22,112.29,101.84
135.01,148.00,153.44,167.84,179.34,189.28,194.73,201.76,205.09,209.35,216.98,217.69,220.57,224.44,225.14,231.62,234.73,239.13,243.81,247.40,252.05,258.14,262.09,269.22,271.18,275.75,274.90,273.78,272.39,267.64,262.53,257.11,250.00,245.00,241.01,237.69,229.44,226.64,221.31,217.10,208.94,202.25,195.89,187.26,180.05,169.07,159.70,150.12,137.24,127.02,116.73,102.31
111.54,122.09,133.73,142.24,148.22,156.73,161.99,169.92,174.27,177.55,178.90,184.20,186.39,187.21,190.26,194.74,196.33,202.63,205.52,205.87,212.43,216.52,222.79,226.36,228.37,232.86,231.69,227.56,226.61,224.22,219.45,217.10,211.77,208.31,204.98,200.04,192.35,188.16,185.28,182.95,176.50,168.76,165.46,159.62,152.27,141.03,133.90,123.56,117.34,106.71,95.90,84.60
128.14,140.69,149.48,160.59,169.04,180.27,184.98,193.65,198.40,201.10,205.88,208.09,211.01,214.77,217.22,222.16,221.05,229.49,231.42,236.60,241.45,248.09,252.56,255.55,260.00,262.61,261.70,257.39,258.63,252.17,251.60,245.84,241.01,234.45,229.71,227.80,220.41,214.31,212.60,204.68,199.96,192.67,186.25,178.84,172.07,161.82,152.55,142.72,131.46,119.51,110.31,97.58
126.66,141.09,148.17,158.03,169.14,178.06,183.74,190.67,194.36,197.99,205.29,205.65,209.15,210.44,214.24,218.65,221.02,227.44,231.66,232.55,237.19,245.49,250.49,253.62,256.94,258.12,258.43,255.97,255.82,249.85,247.40,242.04,236.88,233.09,226.81,225.22,217.70,212.43,209.03,204.13,197.36,192.26,184.84,176.24,170.41,158.90,151.95,141.95,130.23,119.57,107.91,96.32
118.81,130.65,138.18,147.47,157.00,164.03,170.53,179.87,182.16,185.69,190.07,192.35,194.94,196.12,199.37,205.28,207.42,212.42,214.35,216.52,221.68,228.55,233.03,235.84,238.45,240.47,241.57,238.82,237.39,235.00,228.47,224.77,218.96,217.19,214.35,209.95,202.74,197.23,194.74,192.01,185.42,178.51,171.90,165.39,158.03,149.20,139.62,131.58,122.04,112.93,102.00,89.59
117.80,128.79,138.92,148.72,156.60,164.56,169.36,179.07,180.85,185.15,187.54,191.93,195.29,195.86,196.98,201.56,204.83,209.90,215.80,214.11,218.87,226.05,229.58,233.24,236.93,239.71,239.79,238.40,236.75,234.10,228.53,223.49,217.89,217.22,211.70,208.80,200.19,197.52,195.03,190.18,183.98,175.42,173.44,165.39,158.15,147.47,139.01,130.74,123.07,113.72,99.01,88.14
132.44,144.54,152.01,163.93,174.38,184.09,190.18,197.71,200.26,203.67,209.57,211.85,214.23,216.63,219.04,225.20,225.76,233.81,236.48,238.89,245.58,251.64,254.94,259.89,262.02,266.00,266.07,263.40,261.84,257.15,255.42,251.10,243.53,240.35,233.85,231.21,224.47,220.73,215.06,210.05,203.30,199.20,190.71,181.07,175.51,164.50,155.96,145.88,133.30,121.83,110.68,99.41
128.08,141.22,151.16,161.72,171.03,179.47,185.32,194.20,197.52,201.04,203.44,208.86,212.05,210.72,213.06,218.11,223.58,229.80,232.61,233.47,236.60,245.54,249.57,252.73,257.50,262.69,262.98,256.90,255.57,254.70,248.03,243.68,237.86,237.47,231.66,227.27,218.39,217.25,211.45,208.71,200.09,192.17,189.43,178.87,174.75,160.80,151.99,141.40,131.47,121.41,108.69,95.67
126.59,139.43,151.49,161.60,167.00,176.79,182.41,193.26,195.37,200.58,201.84,206.52,210.12,209.62,212.00,216.83,219.80,225.57,229.12,230.08,236.48,241.59,247.63,248.04,252.40,259.19,260.35,253.97,252.49,249.72,246.05,240.84,235.48,236.17,227.98,223.02,217.72,213.91,209.54,205.73,198.12,189.40,185.81,177.46,171.19,159.11,150.78,139.82,129.87,120.67,107.28,94.03
126.37,140.55,145.83,157.51,167.30,176.07,184.26,189.86,192.66,196.95,201.79,204.44,206.90,209.34,212.51,218.49,221.33,224.84,229.31,232.36,235.79,243.48,247.61,250.28,254.66,256.78,258.85,254.81,253.03,248.39,245.00,240.11,232.82,229.09,223.27,220.66,215.38,210.67,206.65,200.30,193.94,189.45,180.62,173.08,165.49,153.29,147.76,135.77,125.99,114.24,107.06,92.96
119.47,130.65,140.36,149.35,158.45,168.80,173.03,182.48,186.94,188.18,193.06,196.92,199.12,199.67,201.20,206.04,209.46,213.82,218.05,218.19,222.18,228.60,234.65,235.00,239.08,243.00,242.72,237.36,235.49,234.83,230.15,224.41,219.66,218.63,212.47,208.47,203.58,197.59,195.67,188.68,185.10,177.45,170.07,164.48,157.51,145.65,138.45,127.35,119.68,109.84,99.48,85.48
134.97,149.51,158.69,169.17,180.49,188.88,194.25,204.41,208.00,213.26,214.72,218.48,221.42,223.38,224.64,230.67,234.54,237.54,241.03,243.32,247.12,253.01,258.37,262.03,265.20,268.79,270.20,266.84,263.78,260.32,257.19,251.54,243.17,241.81,236.30,230.23,225.21,220.06,216.67,210.04,203.97,197.00,189.99,181.18,175.03,160.51,153.39,142.06,131.85,120.93,110.86,96.08
133.02,149.47,158.62,168.07,179.00,187.62,193.72,200.66,203.98,209.17,212.60,216.98,219.27,221.14,221.36,229.47,229.11,232.49,238.92,242.22,243.95,251.56,254.79,261.69,262.41,264.43,265.37,262.15,260.73,255.57,254.37,246.48,239.37,236.60,229.21,225.63,222.25,216.02,213.24,204.89,199.62,194.05,184.98,177.69,170.45,157.00,147.51,140.90,129.03,117.39,109.49,94.34
130.70,145.00,153.29,162.29,174.03,181.32,188.27,196.03,199.14,204.12,207.00,210.34,214.95,214.11,213.86,221.47,223.64,229.79,232.08,233.32,235.54,242.60,248.24,249.69,253.82,258.06,257.77,254.33,248.82,249.48,244.11,237.45,230.49,229.65,225.00,221.00,215.80,207.74,204.61,200.38,192.94,186.90,181.11,172.15,165.85,151.42,145.34,133.41,125.00,114.35,104.20,89.27
135.15,149.25,157.20,166.76,179.23,188.11,194.76,201.16,204.09,207.42,212.14,212.90,217.41,217.82,220.15,225.57,228.44,229.86,237.67,237.45,240.93,248.57,251.03,254.53,260.31,263.02,260.98,258.80,257.77,254.19,251.05,247.25,239.76,236.41,229.96,227.27,219.78,217.75,210.88,205.10,199.83,192.84,185.17,177.65,170.67,159.71,151.21,140.73,128.35,116.84,108.93,95.00
140.29,153.39,163.96,176.01,186.87,197.31,203.23,209.47,210.52,214.83,218.05,221.42,224.29,226.00,228.81,232.77,237.50,242.10,244.10,247.25,251.07,260.43,263.11,266.18,270.44,272.46,273.15,269.39,269.31,266.61,264.37,257.47,249.65,250.07,241.02,239.44,232.94,227.69,226.24,215.41,209.00,205.27,194.73,185.61,179.92,169.71,158.76,147.11,135.96,124.46,115.21,100.12
141.16,155.67,164.60,176.24,183.99,195.49,199.90,211.56,210.61,215.93,218.41,221.92,225.23,226.43,228.67,234.05,236.73,241.54,246.00,246.45,250.71,258.28,262.64,267.69,269.07,272.92,275.23,273.54,271.69,269.31,266.11,261.22,253.20,252.21,243.77,240.84,233.00,233.08,225.14,219.43,211.51,205.42,197.25,188.69,181.34,167.43,160.86,149.04,137.77,125.48,115.87,101.12
138.40,151.60,161.97,171.96,183.88,191.27,197.91,205.88,207.96,211.53,215.23,218.83,221.65,222.80,223.40,228.18,233.50,235.93,240.25,241.00,248.32,255.26,259.67,261.22,267.46,269.42,271.75,270.60,266.59,267.38,262.61,256.76,251.25,249.04,242.17,237.08,231.82,227.62,221.62,216.63,209.61,204.92,194.46,185.22,179.40,167.80,159.15,146.51,136.40,123.07,114.49,99.08
137.36,151.09,164.14,174.41,180.94,191.47,196.74,205.78,209.30,212.87,214.77,218.98,221.47,221.47,223.66,229.84,233.33,236.76,242.33,242.54,248.65,254.00,258.07,264.05,266.12,273.06,274.80,269.98,270.30,268.70,263.84,258.37,251.64,250.80,243.99,241.12,233.09,231.80,225.25,219.33,213.05,203.91,197.85,187.64,181.47,168.39,158.82,147.41,136.93,126.15,113.22,100.00
131.37,144.92,151.85,162.89,172.25,182.73,186.17,193.91,197.61,200.52,207.12,207.16,210.30,211.85,212.12,219.20,220.19,225.11,227.67,232.25,236.01,243.00,247.73,250.99,255.16,258.52,260.76,257.45,257.26,253.21,250.65,246.26,241.10,237.81,230.02,226.53,221.93,218.04,213.25,205.29,199.62,192.52,186.64,177.12,171.00,159.30,151.33,139.90,128.65,118.43,107.07,95.35
132.03,145.00,154.87,167.16,174.14,183.81,190.07,199.54,199.12,204.00,206.39,211.29,216.27,215.24,214.97,220.86,226.00,231.35,234.33,234.26,237.67,245.45,250.93,254.42,258.19,263.42,266.32,259.86,258.98,258.60,254.02,247.15,242.79,243.07,233.70,232.03,223.40,218.98,214.46,207.86,204.60,192.96,191.46,181.62,173.92,159.93,151.48,141.13,129.47,120.22,105.70,94.01
124.95,135.68,146.82,154.98,164.03,170.79,179.40,188.16,190.38,194.81,196.41,200.21,204.79,204.02,205.12,210.86,216.91,219.57,225.49,222.66,226.74,235.97,239.73,242.80,245.54,249.33,251.80,247.61,244.80,244.56,236.78,232.69,226.02,226.21,220.79,216.45,207.48,203.18,198.60,195.82,187.26,177.03,172.70,165.59,158.52,143.50,135.59,126.25,116.66,107.22,96.05,84.31
139.61,152.09,162.54,174.61,182.78,191.09,198.15,205.87,206.31,211.98,216.01,219.27,222.15,224.21,224.38,230.93,234.45,236.91,240.88,241.86,247.41,254.26,260.09,264.01,268.37,269.90,273.39,269.55,269.56,266.74,262.41,256.44,250.34,247.07,240.24,235.98,230.53,228.11,220.06,214.00,208.13,199.97,189.59,182.53,176.31,163.62,156.49,142.84,130.25,118.27,109.66,96.21
128.13,143.14,153.85,164.77,175.82,181.60,188.60,196.38,199.90,203.04,208.60,210.01,214.18,215.59,217.04,222.62,223.62,230.50,233.42,238.88,242.71,247.74,252.17,257.82,260.93,261.84,263.76,260.68,258.37,253.95,251.70,246.47,238.17,232.56,225.94,222.08,216.76,212.85,205.77,199.11,193.00,184.07,175.85,167.76,160.55,148.93,140.09,129.69,117.41,105.44,99.20,87.46
138.05,149.58,162.37,173.57,181.28,190.69,194.91,203.59,204.30,210.24,212.15,216.46,218.51,219.65,221.38,228.45,232.65,235.77,240.88,242.08,245.60,253.05,259.21,262.48,267.16,270.80,274.05,269.07,267.66,266.92,261.82,256.53,248.94,248.29,239.87,235.42,229.13,225.66,218.91,212.85,205.43,197.21,189.83,180.36,174.48,161.23,153.11,140.13,131.32,116.00,106.40,93.05
137.77,150.33,161.61,171.70,180.77,189.93,194.37,203.30,204.31,208.96,211.29,215.59,218.01,218.75,218.21,223.45,232.23,235.85,239.07,238.67,241.96,251.68,259.01,261.95,265.37,270.68,272.81,267.75,267.47,267.31,263.33,255.99,247.63,251.05,242.00,236.18,227.63,223.09,218.66,214.22,206.48,196.79,192.38,182.78,175.11,160.70,150.08,137.23,128.72,117.69,106.00,92.31
91.07,103.10,111.83,122.07,129.85,139.18,145.03,156.40,157.63,165.72,173.01,175.96,183.08,187.45,192.77,198.71,205.01,211.98,218.59,224.15,231.37,239.74,248.81,251.01,260.93,263.27,266.69,265.44,264.80,260.78,258.28,254.58,245.42,239.87,234.31,228.12,221.81,218.21,211.90,205.12,197.95,190.29,183.99,174.38,167.30,156.25,148.05,137.64,128.00,117.05,106.30,96.18
93.30,106.12,112.31,121.62,131.05,140.16,146.70,156.28,159.30,165.56,172.84,175.31,181.95,186.70,190.38,197.31,202.76,207.76,214.28,221.88,227.56,237.86,245.20,249.80,256.82,260.69,265.24,262.38,263.33,260.10,256.70,254.28,245.60,240.52,234.69,231.25,223.40,218.50,211.65,205.34,198.73,191.46,184.39,175.57,168.83,156.22,148.68,138.13,127.58,118.71,108.26,97.62
89.84,99.25,107.84,118.09,125.22,132.52,137.32,149.48,152.32,157.89,163.00,169.37,174.59,176.14,179.89,185.81,194.21,201.46,207.77,209.61,217.10,224.38,233.70,237.74,244.43,249.78,253.44,249.77,247.69,249.02,244.27,242.10,233.45,233.03,227.48,220.20,214.04,208.34,201.19,199.42,193.24,182.78,176.92,167.87,160.86,151.16,143.03,130.36,124.04,114.40,103.16,92.14
92.05,105.23,112.81,121.02,130.86,140.43,145.17,158.09,160.11,165.95,172.59,176.41,183.73,185.84,188.22,195.53,203.75,209.02,216.83,219.24,226.34,235.30,245.74,251.25,255.07,260.56,266.10,263.21,262.35,262.77,259.62,255.05,249.23,244.09,239.23,233.32,227.67,218.69,213.59,207.70,202.14,192.52,187.72,178.19,170.56,159.54,151.09,138.97,129.28,121.15,108.85,98.72
88.77,102.24,113.72,119.60,128.13,137.28,140.03,151.95,152.76,162.75,164.17,170.24,176.31,178.94,183.66,189.76,196.79,201.85,208.04,211.28,218.75,228.90,236.02,241.41,247.27,252.72,258.86,254.67,255.49,255.07,250.57,247.32,239.47,239.18,230.96,227.49,220.06,214.67,208.37,203.53,198.93,187.13,183.81,175.28,166.24,154.56,146.41,134.48,128.22,117.80,105.95,96.00
133.33,145.25,154.69,164.98,174.43,182.04,186.82,191.98,196.60,200.25,206.32,206.16,210.39,210.44,212.49,217.15,221.73,223.49,229.63,230.34,236.03,243.31,248.93,251.94,257.93,257.75,263.23,260.77,257.45,255.31,250.53,245.45,239.21,234.39,227.79,221.63,217.61,212.04,205.23,198.66,190.83,183.20,175.15,166.36,157.81,146.05,141.15,128.04,118.11,106.08,95.46,84.86
134.24,146.18,157.33,168.81,177.86,183.92,189.19,199.62,201.00,204.55,208.68,210.49,214.77,213.78,215.59,220.47,226.37,230.46,234.27,234.14,238.00,244.92,252.12,253.16,259.42,261.62,265.99,260.11,260.13,260.20,253.05,247.70,238.72,238.31,229.73,224.15,219.10,213.64,205.70,203.74,195.89,185.69,179.30,171.01,164.56,149.38,140.07,128.46,119.82,112.07,98.06,86.88
143.39,156.47,164.68,175.58,185.22,196.31,200.86,206.18,211.01,213.90,219.17,220.01,223.95,225.22,226.30,232.31,233.34,237.31,243.31,246.79,248.87,258.03,262.06,266.90,270.44,273.88,278.16,272.97,274.71,269.09,265.48,260.25,252.40,250.69,243.39,235.54,232.94,228.53,221.05,209.38,204.36,195.69,188.52,181.24,173.18,161.60,150.63,138.85,127.74,116.97,104.86,92.42
133.75,147.63,158.93,167.09,176.57,183.96,190.51,198.46,200.26,204.88,208.60,211.26,216.52,214.76,216.76,220.42,225.67,229.16,234.45,233.63,237.35,245.75,253.36,255.03,259.35,263.43,265.65,259.11,258.98,259.22,252.40,246.29,241.01,240.13,231.87,226.77,220.42,214.03,206.53,204.07,196.62,185.17,181.73,173.44,166.48,152.20,143.42,128.84,120.80,113.74,100.13,86.88
96.69,107.08,114.91,123.85,133.46,142.09,147.80,156.73,158.40,162.36,170.70,172.93,179.77,184.25,187.62,193.84,201.07,205.34,214.98,220.23,226.64,236.32,244.64,252.13,259.08,260.93,268.26,270.15,270.12,266.18,262.05,258.38,250.77,246.47,241.35,234.20,229.68,224.62,216.93,211.38,203.73,196.00,189.84,181.66,172.10,161.70,153.06,140.98,131.37,122.20,112.00,98.68
130.08,143.56,151.61,162.61,173.42,179.92,187.18,191.41,193.33,197.80,204.32,206.09,208.60,211.12,211.77,214.95,220.17,222.09,227.20,230.18,233.65,238.45,243.20,247.58,250.46,253.22,254.12,254.03,253.07,249.32,245.42,239.72,234.78,229.01,225.28,220.38,215.13,210.30,205.00,199.20,192.59,185.31,178.51,170.70,162.79,152.96,144.96,133.75,123.79,111.83,102.34,90.80
132.83,145.88,157.93,167.06,175.82,184.09,190.65,196.57,199.90,205.20,208.17,211.14,215.13,215.73,215.78,220.78,227.25,230.27,234.36,233.80,236.40,244.05,248.67,252.00,255.00,259.51,261.84,258.55,257.56,255.69,248.47,243.52,237.93,238.47,231.39,226.00,219.79,215.72,210.11,205.55,199.25,188.13,185.06,176.30,169.71,156.44,147.34,135.77,127.91,117.89,104.79,91.55
134.08,147.11,158.52,166.40,177.29,185.69,191.15,200.93,203.16,209.35,212.00,215.54,219.64,220.33,221.56,226.92,229.92,233.24,240.25,240.52,242.96,250.57,256.10,257.77,261.02,264.62,268.09,261.35,264.09,258.77,256.12,249.51,244.59,239.77,233.42,228.37,223.65,219.97,214.22,207.04,200.04,192.28,188.35,180.28,174.10,159.86,151.70,140.13,130.30,119.75,107.15,95.13
113.07,123.69,133.51,142.52,149.81,157.85,162.37,172.07,174.15,179.52,180.88,184.25,187.42,189.24,188.66,193.15,198.01,200.01,205.01,205.94,208.08,214.48,218.60,219.57,222.27,226.30,228.97,224.01,224.18,222.40,216.32,212.93,206.90,204.84,198.18,194.47,190.96,187.42,181.33,177.59,171.90,162.46,160.70,154.50,147.83,135.72,128.39,118.53,112.54,105.48,92.20,82.30
120.93,133.00,142.44,152.19,159.30,168.44,174.93,182.17,185.30,189.76,192.77,197.57,199.38,200.83,201.63,207.06,211.44,211.05,218.39,218.96,220.41,228.18,232.60,234.45,237.69,239.71,242.62,238.20,236.89,234.09,232.00,225.01,219.40,217.41,212.25,205.79,202.30,199.82,191.85,187.88,182.58,175.93,170.07,163.53,158.09,145.77,138.45,130.36,121.28,109.90,100.40,89.05
131.52,145.12,154.73,165.30,175.90,184.62,189.39,196.60,201.84,206.71,211.37,213.93,217.87,218.33,221.38,224.38,230.84,229.90,238.47,239.07,239.00,248.65,253.16,257.45,259.89,261.08,262.16,259.12,259.28,255.79,249.81,243.53,237.54,237.13,229.98,226.02,220.20,218.05,211.19,203.11,196.86,190.25,184.70,176.07,171.28,159.97,151.72,140.26,130.17,119.00,109.38,96.88
124.33,137.44,147.49,157.51,168.34,175.35,182.43,191.86,193.37,197.62,201.94,206.12,210.34,210.61,212.25,216.94,222.15,224.14,229.65,228.88,232.31,238.48,242.80,245.49,249.06,253.29,254.01,249.20,248.31,245.84,239.57,234.78,229.02,226.55,221.10,214.87,210.20,206.21,201.36,198.30,193.04,182.00,177.02,170.74,165.60,153.57,144.25,133.87,126.46,118.11,104.06,92.20
125.36,141.53,151.61,160.02,166.93,179.89,183.25,193.20,197.02,201.32,205.42,208.97,214.44,213.06,216.75,220.41,225.80,227.80,233.60,233.83,236.78,243.73,247.63,250.86,253.48,257.26,259.13,252.73,253.62,249.55,245.57,238.08,232.38,231.94,224.51,219.64,215.02,210.28,205.04,200.12,196.73,185.32,180.07,175.57,168.36,154.03,148.76,136.34,128.28,118.56,108.16,94.05
133.15,148.08,158.45,170.42,180.65,189.43,194.06,205.53,207.19,215.59,216.48,222.11,226.59,227.63,227.27,234.20,238.20,243.39,247.40,246.45,249.83,257.67,262.41,267.30,270.45,272.30,274.37,268.42,268.21,263.32,258.68,250.69,242.70,244.20,237.50,232.42,226.53,220.20,217.09,210.62,206.73,196.00,190.41,185.06,176.83,163.57,154.73,144.70,136.12,126.40,114.76,101.79
129.25,146.12,153.77,166.88,178.71,187.17,193.85,200.34,204.47,212.14,216.09,219.43,223.02,225.94,228.27,234.65,236.69,238.40,246.42,246.40,249.88,258.31,260.89,267.05,268.58,270.70,272.83,269.36,268.97,262.15,259.79,251.85,244.50,243.02,234.62,230.71,225.89,221.49,217.83,210.11,205.77,197.09,190.07,181.82,176.71,163.23,157.06,146.86,137.27,124.40,115.97,103.00
128.44,142.09,154.15,164.10,174.90,183.79,190.88,200.41,204.71,210.12,214.56,219.97,224.59,224.70,226.17,231.23,236.65,241.13,246.61,246.76,250.35,255.80,260.80,265.45,266.54,273.13,273.70,270.14,268.33,264.20,258.71,251.10,243.30,245.10,237.19,232.62,226.01,221.05,217.08,210.44,207.46,196.40,193.22,185.00,176.79,163.67,156.89,145.00,137.71,126.66,114.24,100.45
128.02,142.79,153.44,164.45,175.64,184.18,190.39,201.00,204.17,209.88,213.68,218.19,222.87,222.62,225.30,232.55,237.12,239.27,246.11,245.76,250.05,256.04,261.08,266.25,269.68,271.46,273.91,269.26,267.20,262.55,259.49,250.46,244.68,243.23,237.00,231.55,225.30,220.80,216.82,212.84,207.15,196.84,191.65,185.07,179.00,164.77,156.82,147.57,139.06,126.59,116.81,100.44
128.10,144.31,152.50,161.14,175.58,184.46,193.20,198.83,203.81,208.47,215.13,218.66,222.91,223.89,225.73,231.58,237.95,240.29,245.35,246.22,250.46,258.10,262.73,266.96,269.39,271.64,272.64,271.67,267.37,263.18,257.13,252.14,244.61,243.66,237.01,235.05,228.40,221.25,218.56,211.94,207.76,203.04,191.21,184.76,179.00,166.68,159.62,148.38,137.80,128.08,118.51,103.77
123.56,138.75,148.66,158.81,171.97,179.54,187.10,196.02,199.90,204.84,211.02,213.15,217.57,221.65,224.24,229.34,232.42,235.08,243.02,242.94,248.51,255.97,259.51,266.44,267.23,268.21,269.74,268.79,264.68,260.60,255.99,247.01,241.12,239.03,232.28,230.15,223.49,218.93,214.40,208.09,202.48,196.42,188.52,180.75,175.65,162.82,156.28,146.77,135.48,122.98,116.11,103.60
111.83,126.81,136.01,144.53,154.35,161.93,169.59,178.03,181.89,186.80,191.63,194.51,197.70,199.36,202.23,208.25,212.80,215.87,220.05,221.82,226.81,231.71,236.60,243.07,243.82,245.51,248.57,242.69,241.25,236.71,232.86,227.11,221.37,220.62,214.48,209.50,204.30,198.84,197.02,191.40,186.32,177.79,174.66,167.45,161.14,149.77,141.48,132.02,123.98,114.63,105.69,93.56
128.51,141.87,147.85,162.39,171.75,178.85,185.23,198.15,200.69,206.29,211.62,217.45,218.59,221.42,222.34,229.96,231.82,237.60,242.69,244.72,248.87,257.53,260.73,267.54,268.29,274.36,274.52,269.46,267.92,263.83,261.01,254.59,247.63,245.81,236.24,234.00,228.21,223.56,219.58,212.05,206.06,200.00,193.79,185.97,180.37,168.07,161.28,149.84,140.21,128.71,118.07,106.63
114.56,130.25,138.24,146.99,158.52,167.52,170.82,182.01,182.48,187.68,193.83,198.98,204.36,205.28,206.49,214.67,216.12,220.78,227.34,228.53,230.63,235.13,241.03,247.24,248.81,250.68,249.56,247.24,242.74,238.21,239.05,228.95,220.64,218.84,213.00,208.09,203.81,198.67,194.25,188.02,183.44,176.95,167.91,162.81,158.40,145.17,138.93,131.02,121.46,111.02,102.79,91.35
123.00,135.62,144.85,155.71,165.08,174.75,181.11,188.49,193.98,198.01,203.03,206.13,210.11,209.15,211.98,217.08,221.11,227.04,230.55,230.46,234.03,242.60,245.69,248.78,253.86,256.84,257.72,254.01,252.99,250.93,245.52,239.02,233.27,233.63,227.27,223.62,216.46,212.87,208.19,203.53,198.22,192.13,186.51,178.52,173.05,160.33,153.18,141.42,134.33,123.07,110.79,98.49
128.74,141.90,150.30,160.86,172.53,183.04,188.51,197.00,200.96,204.41,210.28,212.85,215.08,217.35,219.46,223.65,226.83,232.03,235.05,238.62,240.86,248.86,252.88,257.16,260.57,261.49,261.71,258.80,259.36,254.18,252.39,246.03,239.73,238.20,229.59,228.19,224.06,217.90,213.71,208.83,202.48,196.85,189.62,182.54,176.57,166.23,158.42,146.69,135.72,126.38,115.26,100.72
125.03,138.71,151.09,158.96,169.05,178.07,186.46,195.00,197.73,202.20,205.77,210.11,214.22,213.60,214.00,217.31,225.54,230.53,233.24,232.28,234.31,242.42,248.42,249.65,252.70,257.33,257.61,252.60,252.18,250.49,243.10,238.95,232.73,234.10,225.41,223.01,214.56,211.47,208.12,204.82,197.94,190.28,184.49,177.99,170.99,158.32,151.40,142.27,132.38,122.69,111.83,98.01
122.64,134.77,145.17,152.30,157.32,165.24,166.68,172.00,175.09,174.54,178.34,179.18,180.47,179.01,176.14,178.34,181.57,181.80,179.40,176.78,170.74,169.25,168.81,167.66,166.11,163.78,175.14,183.81,216.27,231.62,234.09,232.11,230.20,236.58,226.05,226.49,220.76,216.67,217.80,210.01,211.70,201.00,193.04,189.49,183.17,170.55,163.88,152.32,142.86,130.51,119.28,108.37
131.14,145.62,153.57,163.86,175.76,184.70,191.02,199.97,204.28,210.34,213.24,218.69,222.40,223.83,226.43,232.35,235.05,240.67,243.66,245.70,247.32,254.03,258.12,261.47,263.87,268.20,267.37,262.88,263.40,258.82,255.05,246.63,239.68,239.10,230.49,228.58,222.73,216.17,214.08,207.85,202.25,194.92,189.62,181.66,174.27,160.56,153.17,144.07,135.62,124.39,112.45,99.01
123.76,134.74,145.67,156.20,164.64,174.09,180.68,191.44,196.09,200.87,203.67,208.25,212.36,212.29,213.23,221.00,224.02,229.84,232.59,233.57,238.48,244.10,247.20,248.82,252.76,257.82,257.89,251.92,250.23,245.51,243.34,238.52,231.14,229.44,223.89,218.33,212.25,208.17,204.08,198.04,193.34,184.29,179.80,170.84,165.77,153.81,147.20,137.30,129.06,117.05,107.20,94.58
128.71,143.22,151.17,162.01,172.53,182.32,191.00,198.22,203.09,208.48,212.95,216.63,220.37,224.06,226.55,231.26,235.26,238.25,244.08,246.83,250.59,257.97,261.62,266.48,268.88,270.95,271.55,267.59,265.03,259.68,257.80,252.41,244.77,241.09,233.42,231.31,226.93,220.29,215.26,206.31,203.30,198.06,186.78,181.14,173.48,162.25,155.16,145.52,133.78,121.83,114.39,100.18
112.89,124.26,132.38,141.23,151.60,159.15,165.85,173.22,176.67,181.18,187.55,189.86,193.76,196.01,197.28,203.68,209.34,212.34,219.16,219.83,222.65,229.37,234.78,237.47,239.94,243.38,245.00,240.66,240.19,237.12,232.54,226.74,221.38,220.32,213.00,211.99,204.35,202.14,197.00,191.01,185.95,179.00,174.91,165.65,161.24,148.12,142.86,132.28,124.81,114.44,103.12,91.97
118.22,135.07,136.01,146.76,168.43,175.50,173.90,190.82,189.07,194.18,200.64,201.91,207.28,211.23,214.66,220.78,220.34,226.18,234.75,237.88,238.19,244.29,251.08,255.52,258.68,258.09,261.84,262.35,261.75,252.05,251.59,251.44,243.03,236.75,233.38,230.01,225.22,220.74,214.85,213.46,208.39,196.82,188.88,187.47,173.57,159.01,158.47,151.00,130.51,122.45,119.04,118.11
123.60,135.86,145.67,154.78,164.88,171.92,178.10,187.39,190.21,196.21,199.62,202.55,206.19,209.85,214.20,219.74,223.29,226.74,232.62,234.65,237.74,247.70,250.84,255.05,258.31,261.24,265.42,262.16,260.85,257.33,254.52,250.83,244.03,241.63,234.78,231.50,227.70,226.60,221.21,215.93,210.64,203.93,193.79,185.57,179.74,170.88,161.84,151.48,141.44,129.12,119.88,106.53
87.11,96.80,105.02,113.46,122.67,132.92,136.82,149.58,151.43,158.26,163.78,167.04,173.16,179.67,183.92,193.93,200.37,205.45,213.06,219.36,229.90,236.86,245.08,250.97,257.13,261.96,265.66,263.28,263.70,260.11,256.22,251.29,243.29,239.49,231.14,225.86,220.91,214.35,208.47,201.85,194.16,184.69,178.62,168.77,159.82,146.87,137.38,125.40,116.62,106.51,94.76,84.08
92.01,101.98,110.26,119.10,129.44,138.70,144.78,157.69,160.88,167.60,172.03,179.04,185.88,189.27,193.49,201.43,209.46,217.37,225.75,229.67,242.05,250.59,258.31,265.37,271.00,277.97,282.07,278.92,275.14,274.27,272.26,265.65,256.74,252.96,246.76,239.70,232.03,224.72,220.41,211.48,203.86,195.53,188.82,178.51,170.79,154.03,145.77,132.03,124.02,114.63,101.32,89.84
121.49,133.96,145.12,153.73,160.70,168.94,174.77,183.09,187.11,190.16,193.37,198.92,201.36,200.53,202.97,208.54,210.77,216.09,221.73,221.05,224.59,229.42,234.78,237.59,240.44,245.60,247.23,243.53,246.68,244.82,241.40,238.53,235.26,235.48,230.08,227.27,222.28,220.23,215.75,214.04,209.61,201.44,198.60,190.07,184.88,172.07,166.24,154.35,146.51,135.07,121.50,108.41
120.77,132.77,144.84,152.95,158.82,167.26,173.25,181.53,185.80,189.99,192.33,196.06,199.92,199.40,201.82,207.76,211.06,213.74,220.81,219.86,221.53,228.35,231.67,235.55,239.91,243.61,245.69,242.25,243.53,242.86,240.13,234.97,232.85,234.33,229.00,227.11,221.69,220.60,216.95,213.01,207.14,200.20,195.82,188.48,184.88,171.14,164.69,154.21,145.84,133.79,122.77,109.02
112.07,124.95,132.83,142.69,148.84,156.26,161.03,171.23,174.20,179.33,180.22,184.57,187.63,189.53,190.18,195.35,198.36,202.41,207.27,206.79,209.46,214.24,215.78,221.21,222.61,225.44,226.56,224.08,225.30,221.43,221.84,218.06,213.18,215.86,210.64,210.46,204.98,205.20,200.41,197.52,195.11,189.02,183.74,175.84,173.60,161.03,155.60,145.87,138.92,126.59,117.15,104.04
117.61,130.51,138.28,146.33,155.72,163.13,168.08,177.89,180.77,185.28,188.04,193.79,197.09,197.41,200.14,205.10,206.79,213.22,219.00,216.63,219.24,225.36,228.73,231.14,234.83,238.42,239.63,234.34,234.31,231.46,230.76,229.32,226.42,228.37,222.80,221.84,216.54,213.91,211.12,208.02,206.20,197.59,194.00,189.21,183.71,172.19,164.79,153.45,145.58,134.89,124.02,110.98
114.59,128.81,136.68,146.41,153.77,160.31,167.22,177.07,177.78,185.00,186.20,190.97,194.59,196.09,198.08,203.06,207.91,210.84,215.67,214.46,217.08,223.40,226.92,228.67,232.64,235.77,237.76,234.83,234.57,232.36,230.00,226.53,222.99,226.88,223.27,218.66,215.56,213.94,211.01,211.45,205.99,200.72,192.21,186.95,185.26,171.49,165.77,155.86,146.45,138.20,126.02,111.32
121.64,134.54,141.91,150.88,160.70,169.92,175.48,183.37,186.20,191.38,196.70,200.49,204.38,205.91,208.22,214.60,217.79,220.74,226.04,227.27,228.67,236.02,239.52,242.40,245.46,248.65,249.00,247.13,247.08,244.39,244.72,237.95,236.44,236.41,232.96,233.14,228.32,228.09,223.56,220.64,216.34,212.25,204.52,198.41,192.96,182.49,176.01,167.33,156.24,143.22,134.63,119.42
116.97,129.53,137.30,144.07,154.40,162.83,168.27,176.14,179.30,182.73,189.13,192.33,195.30,198.40,201.14,205.01,205.88,209.98,216.21,218.63,222.12,225.76,230.36,232.91,236.36,238.92,239.43,238.88,238.47,236.28,236.61,232.40,229.37,227.26,226.64,226.14,223.43,221.11,218.29,214.72,211.23,208.24,200.30,193.94,190.28,180.80,175.57,164.45,153.47,142.59,132.03,117.39
115.88,128.32,138.24,147.11,155.76,162.44,168.29,176.40,180.77,185.78,192.01,194.37,197.27,200.34,203.80,207.79,210.60,214.11,217.57,220.15,225.76,227.91,230.11,232.42,234.96,238.38,242.08,242.68,243.98,244.90,245.25,234.16,230.96,229.00,225.06,226.32,224.22,222.00,221.56,213.83,211.82,208.24,202.42,197.23,194.83,182.86,176.15,167.52,157.00,147.31,134.85,120.42
119.62,131.00,143.38,151.35,157.47,168.11,173.95,182.78,186.82,193.31,195.72,203.34,204.41,205.36,209.04,213.77,219.40,226.00,229.39,229.37,229.87,237.26,242.16,243.51,246.25,252.06,253.03,245.55,248.65,246.22,246.33,241.87,238.29,241.30,236.62,239.94,233.01,228.57,229.11,228.00,225.20,216.11,213.88,205.16,202.41,189.68,183.31,173.37,164.47,153.94,140.62,125.17
119.33,133.84,139.61,149.91,159.02,168.24,174.55,185.22,185.46,194.26,198.49,202.63,206.69,207.61,210.00,217.70,220.00,224.96,230.32,229.46,234.03,237.36,241.12,245.35,247.49,249.33,250.13,246.68,246.59,246.76,245.22,239.20,239.18,239.01,233.60,233.85,231.70,228.67,226.82,224.86,219.80,217.91,210.15,201.96,201.80,189.49,182.72,171.74,164.44,153.10,139.13,124.81
116.78,129.32,140.94,150.14,157.17,164.73,174.83,181.87,186.90,192.31,196.60,201.72,204.75,207.29,207.76,214.67,219.75,222.75,229.87,228.37,230.20,234.36,240.60,240.84,243.02,246.20,249.66,244.90,244.92,244.03,240.61,237.95,233.94,235.85,232.03,232.13,227.30,226.34,225.89,225.28,221.00,213.60,209.15,203.48,199.08,186.27,179.18,168.67,162.86,153.03,138.93,122.43
120.10,130.97,141.60,152.51,157.95,168.34,173.93,185.24,188.83,196.01,196.46,204.24,208.73,211.47,212.21,218.18,221.21,230.11,231.91,231.22,234.02,237.15,241.34,244.09,245.12,250.74,251.29,244.52,245.05,241.12,241.05,236.89,234.00,237.31,230.87,231.28,226.61,221.65,221.84,220.08,218.23,210.30,209.12,202.18,196.98,186.27,180.25,169.71,162.79,152.07,139.46,124.62
120.02,133.70,142.90,152.59,160.65,169.33,178.44,187.45,190.94,195.09,201.16,207.23,211.45,212.23,215.80,221.33,224.96,226.64,232.61,234.18,235.99,239.03,244.75,247.39,247.07,250.83,252.24,247.00,247.74,245.07,243.17,238.03,234.18,238.08,234.29,232.13,228.13,226.36,222.09,222.04,220.20,210.44,207.27,201.79,197.89,185.83,179.85,170.59,163.48,150.81,138.92,124.91
114.48,127.58,135.33,146.40,153.56,162.69,169.25,178.73,181.84,188.66,190.71,196.16,198.39,201.01,206.52,210.68,212.19,218.68,222.23,221.21,223.28,228.57,232.22,233.85,236.76,238.80,239.17,236.02,236.92,233.55,232.16,227.43,223.81,224.66,221.21,219.45,216.16,212.60,210.77,210.65,207.76,199.91,196.70,190.54,185.13,176.05,171.83,162.00,153.44,144.81,131.70,119.04
99.86,111.80,118.23,130.92,142.86,152.27,156.60,166.00,170.21,174.73,179.49,183.14,186.01,188.16,190.91,195.23,200.04,203.19,206.74,205.97,207.40,212.53,216.16,217.41,218.55,223.49,218.87,217.19,217.55,214.19,211.46,206.65,202.63,204.50,201.32,199.46,195.53,191.66,192.75,189.79,186.94,182.12,177.72,172.54,168.30,159.40,155.08,146.70,138.29,129.85,121.08,108.46
107.45,120.07,125.45,139.79,143.67,150.66,155.19,169.33,169.54,177.14,179.69,187.28,189.81,189.84,192.31,196.73,200.66,206.21,208.06,208.03,212.95,214.87,218.59,220.06,222.01,223.95,226.26,222.46,220.34,218.98,216.04,213.36,206.73,210.00,207.18,205.52,199.48,197.49,195.24,193.20,190.18,184.62,181.25,177.02,171.27,161.20,157.20,149.05,142.08,132.23,120.33,107.07
116.83,129.25,137.48,150.10,156.47,166.90,172.49,182.98,187.63,192.57,197.50,202.83,207.20,208.81,211.03,216.83,218.16,222.80,226.72,227.72,230.56,234.36,238.37,243.18,243.79,247.95,246.33,243.74,241.99,237.50,236.07,231.35,228.87,230.05,222.80,220.24,216.82,213.41,210.89,206.31,203.81,197.97,192.44,187.76,184.20,175.45,166.87,157.18,150.33,141.21,129.54,115.97
116.93,131.24,138.36,148.56,158.42,168.25,172.84,182.70,186.76,193.21,199.10,203.42,206.69,210.41,211.81,217.85,219.79,223.52,227.31,227.41,232.17,237.12,240.35,243.29,245.61,248.94,249.18,247.10,244.38,239.71,239.06,234.61,230.52,228.27,225.89,221.36,219.49,213.33,211.83,206.20,203.73,197.59,189.10,186.94,182.65,174.24,169.43,158.81,149.83,139.30,131.13,116.52
114.02,127.20,133.70,146.01,154.43,163.69,169.73,179.08,183.53,188.90,194.20,197.72,202.47,204.22,208.17,213.85,216.91,222.25,223.79,224.11,228.11,231.69,237.39,241.81,244.10,246.52,244.64,242.51,244.25,237.69,235.38,229.84,226.76,229.17,222.05,220.20,216.01,210.54,210.11,206.02,204.20,196.81,190.79,183.99,179.61,172.73,165.02,155.94,147.03,139.18,128.32,115.41
112.81,124.96,132.44,142.39,151.24,161.04,167.73,178.35,182.53,188.45,193.26,197.69,200.84,205.34,207.07,212.49,212.85,218.82,223.43,224.32,229.92,234.73,238.65,243.25,246.56,249.34,249.65,246.20,246.45,241.30,243.17,237.14,230.89,231.40,226.50,225.62,221.44,215.86,213.85,209.75,207.06,202.09,193.23,190.41,183.70,174.94,169.81,160.86,149.45,139.17,130.08,116.81
110.89,122.87,131.19,140.89,150.42,160.08,165.22,173.77,179.57,185.85,191.32,195.00,200.19,202.87,206.09,210.06,213.34,218.05,222.41,224.38,227.11,233.09,239.02,243.43,245.39,248.07,249.06,246.91,248.85,243.59,242.10,237.04,232.56,233.49,227.71,226.32,219.97,217.00,215.56,209.38,208.56,202.28,196.41,190.70,184.17,173.88,169.50,159.11,151.70,139.34,130.92,116.97
108.05,120.37,129.54,138.10,145.04,155.08,160.90,173.28,175.33,181.02,186.55,192.63,196.54,197.47,200.21,205.29,209.02,215.54,217.79,217.83,222.03,228.43,233.05,235.23,235.87,242.23,240.14,237.55,241.30,235.73,233.94,226.74,221.92,222.73,216.48,214.00,210.34,205.80,205.12,200.93,196.92,191.80,183.85,179.88,175.69,167.61,162.81,152.63,145.78,136.78,129.00,112.41
106.53,116.48,128.84,137.44,144.39,153.53,158.93,173.30,176.01,181.84,186.02,191.13,194.83,197.00,199.32,205.25,211.40,214.95,217.56,217.35,222.40,225.80,234.76,234.00,238.74,242.00,241.07,237.74,237.76,236.21,231.60,225.84,223.40,225.28,218.75,215.52,212.46,208.40,204.12,201.06,196.37,189.64,186.55,182.01,175.93,169.00,160.58,151.85,145.07,135.00,123.49,109.18
105.15,115.38,126.12,135.15,142.30,150.90,158.24,168.67,167.92,178.02,181.42,188.27,189.76,194.20,196.40,201.90,204.63,211.42,216.53,215.76,221.44,225.02,231.89,237.15,240.01,243.29,243.74,242.39,243.89,240.41,238.46,232.08,228.87,230.67,223.08,224.02,218.92,215.20,212.88,208.80,205.32,198.22,194.13,188.16,182.80,172.66,167.03,157.89,150.33,138.20,128.88,112.36
97.05,109.17,116.76,125.60,131.55,141.22,145.99,155.72,158.81,165.66,167.30,174.29,177.63,180.41,181.62,187.30,191.37,196.06,199.75,200.30,206.07,209.77,212.72,216.78,219.02,220.42,223.03,219.54,219.61,216.30,214.95,207.97,208.12,207.18,202.63,199.91,193.96,190.17,189.17,184.23,183.93,176.66,173.00,168.30,162.69,154.20,147.05,142.01,138.72,130.60,119.87,104.58
96.90,107.42,114.35,123.37,130.80,140.09,144.92,154.00,157.55,163.05,167.55,172.41,174.11,178.10,181.32,186.60,188.85,194.88,198.71,201.11,205.38,211.14,215.14,220.18,219.54,223.81,224.84,223.65,225.64,221.64,220.74,217.42,212.95,213.58,208.19,206.32,201.19,198.01,197.91,192.33,189.26,184.18,178.01,172.00,166.87,161.03,154.95,146.01,137.88,127.20,121.41,107.35
104.48,115.32,125.26,133.76,140.91,148.12,155.57,166.30,170.49,176.08,181.25,186.45,190.80,192.85,194.83,201.53,204.30,212.81,217.15,217.46,222.19,227.27,233.56,238.16,240.87,245.23,246.83,243.35,242.84,241.85,239.27,236.91,231.31,231.66,226.29,225.58,219.58,216.53,215.20,210.30,206.60,199.21,194.66,190.67,184.25,176.32,167.45,159.30,149.81,139.46,130.05,114.86
101.61,111.40,118.21,125.57,134.41,144.50,148.49,157.65,160.59,167.05,171.99,177.48,178.71,184.72,187.17,192.59,196.60,203.06,207.24,207.59,210.87,217.91,223.61,228.35,233.00,233.34,236.89,234.27,235.76,232.55,230.11,227.86,223.65,225.01,218.52,216.23,212.62,208.41,207.06,200.57,199.73,194.20,186.60,183.04,175.33,170.56,162.93,147.96,142.30,142.30,120.20,111.68
102.22,113.16,121.20,130.27,137.41,147.03,153.17,162.01,166.29,172.15,178.28,181.20,184.44,190.07,193.71,199.36,202.28,206.31,212.81,212.72,219.86,225.40,231.97,235.93,238.52,239.75,243.82,241.60,242.24,238.13,238.92,231.87,230.79,231.48,225.01,222.57,217.50,216.45,213.22,207.15,204.63,197.80,191.70,186.01,181.18,173.23,168.08,157.51,148.85,138.13,130.92,115.26
106.92,119.25,128.55,135.96,145.77,154.02,160.90,170.21,173.05,180.95,185.85,190.56,194.25,198.00,203.44,207.47,211.40,217.08,221.65,223.91,230.49,236.60,242.87,249.16,250.30,253.53,256.03,255.22,257.24,251.09,252.68,246.66,242.49,243.00,236.39,233.82,229.61,226.01,222.65,218.68,214.71,210.72,201.76,197.88,192.38,182.63,177.26,167.04,159.05,146.81,140.43,122.78
104.48,115.88,124.58,133.15,141.61,150.10,155.23,165.53,167.84,175.64,178.77,184.46,186.63,191.81,194.61,197.59,204.71,211.44,216.01,217.34,223.65,230.18,235.51,242.00,244.81,250.39,252.07,249.57,251.88,249.66,248.50,244.53,238.43,239.83,235.52,233.75,229.40,229.08,222.43,219.69,215.00,208.00,202.79,197.73,192.63,183.62,176.57,168.43,156.17,148.50,140.53,123.07
103.31,114.95,121.75,131.10,139.00,147.72,152.43,161.68,164.01,171.40,175.07,178.36,183.70,188.53,191.06,196.57,202.25,205.80,210.95,214.46,219.54,227.20,233.48,239.52,244.46,248.81,252.12,252.21,253.65,250.06,250.03,246.20,241.90,243.28,235.94,235.36,232.02,229.93,226.50,223.57,218.29,213.53,204.78,200.83,195.17,187.11,180.11,171.40,159.86,148.95,139.61,126.24
124.66,134.84,145.01,153.91,159.70,169.24,172.96,180.28,181.18,183.71,187.54,189.48,192.88,197.20,200.93,207.33,213.04,220.77,229.65,230.05,245.23,255.24,266.39,276.41,281.44,294.40,299.71,298.22,298.20,297.36,292.18,286.15,276.26,273.99,264.76,259.02,247.80,236.62,230.52,223.19,214.79,201.64,192.31,182.04,170.66,152.11,140.09,130.73,119.77,106.68,100.02,85.23
99.16,109.20,115.11,123.97,131.21,140.91,145.80,154.02,154.92,161.93,167.07,170.33,173.00,176.82,179.33,183.63,187.63,191.71,196.96,198.43,202.81,208.87,214.48,221.78,223.79,226.14,228.53,227.56,228.83,225.52,224.56,217.00,216.01,216.21,210.24,208.89,203.74,200.09,198.86,194.24,190.00,185.54,179.37,175.33,168.36,160.61,157.29,148.98,139.17,130.70,122.30,108.47
116.97,129.47,139.18,147.79,152.09,162.03,164.16,170.43,172.84,177.08,180.28,183.81,186.60,188.07,192.32,200.60,204.42,211.01,219.08,223.60,235.53,245.71,256.02,265.41,271.53,282.24,290.17,284.89,287.34,287.52,282.09,275.47,264.91,266.19,257.56,250.80,239.87,230.15,223.56,215.78,208.54,196.23,185.55,175.07,167.29,148.96,135.60,126.75,115.73,103.82,97.13,84.20
116.52,130.00,139.90,148.66,152.86,162.98,166.72,175.70,175.57,179.03,181.55,185.85,189.45,190.88,196.50,201.32,207.09,215.80,223.29,226.02,239.38,251.13,259.25,268.42,276.25,286.42,291.25,291.76,293.20,290.35,286.42,281.74,272.66,270.71,262.61,255.39,246.34,239.21,232.94,225.73,216.98,204.47,195.66,185.93,176.98,158.27,146.66,136.42,127.40,115.16,105.00,90.87
111.72,123.13,133.14,139.98,143.75,154.65,156.00,165.42,167.06,171.27,169.96,176.37,179.88,182.48,185.54,192.31,196.16,206.60,211.60,216.07,227.78,238.55,246.78,259.00,260.65,272.24,281.28,275.97,278.92,278.09,275.96,267.23,261.36,258.66,251.37,245.54,234.87,226.89,221.94,215.28,208.12,195.23,189.17,177.78,170.19,151.40,139.79,130.77,119.34,110.07,99.01,87.32
119.50,128.51,140.03,148.25,152.74,162.87,163.78,171.19,174.64,178.08,180.80,185.37,188.92,190.22,195.47,201.43,205.62,215.39,223.08,226.92,240.56,248.70,262.02,268.64,275.80,286.75,295.17,290.70,290.33,292.45,287.36,280.02,274.57,271.66,262.59,256.13,244.82,235.97,230.20,221.21,213.00,198.82,190.82,179.82,170.41,149.25,139.81,126.46,116.93,107.19,94.73,84.34
109.48,120.10,127.53,134.50,142.20,152.12,153.39,160.31,160.10,164.12,169.07,170.39,174.77,178.55,183.52,187.52,192.44,198.64,206.17,211.77,222.18,231.54,242.84,250.88,259.28,265.65,273.18,272.84,273.36,272.31,268.51,261.08,253.65,253.05,245.20,240.42,232.47,223.61,217.37,210.65,202.30,194.81,183.44,174.14,165.08,148.79,137.30,128.04,116.30,105.55,98.15,84.53
109.38,125.26,130.15,129.56,135.79,147.65,152.03,167.69,168.67,171.23,172.80,176.82,181.80,184.70,186.55,195.00,198.34,208.87,216.02,219.76,232.61,240.19,253.46,261.27,268.61,277.74,285.25,281.90,282.78,281.75,280.71,271.02,269.28,264.59,255.19,249.61,238.61,231.04,224.98,219.11,213.40,196.57,192.63,177.37,170.70,150.60,138.93,130.25,119.33,108.78,98.31,85.91
108.90,120.30,126.06,132.00,139.92,151.08,155.68,167.52,166.68,171.07,173.77,176.71,181.84,185.56,187.62,194.74,199.11,207.79,215.82,221.33,234.65,243.73,254.02,262.29,269.90,278.66,288.74,284.10,285.54,283.19,281.82,273.86,267.59,266.27,257.17,252.25,241.46,235.67,229.51,219.66,212.02,201.06,191.26,181.22,170.99,154.26,143.39,131.95,120.92,109.08,98.95,87.21
106.04,118.09,123.49,133.14,137.75,147.19,149.31,154.64,157.20,159.76,163.49,166.30,170.66,174.92,179.18,182.00,187.02,193.88,201.94,208.66,219.51,229.46,239.03,248.24,255.81,263.05,269.32,271.15,269.60,267.29,265.75,260.19,253.50,251.45,242.00,237.19,229.71,222.61,216.67,207.20,199.37,191.97,180.69,171.82,164.08,147.56,137.06,127.61,114.44,105.60,96.18,83.93
119.08,132.50,138.41,147.14,155.54,162.78,165.89,173.49,174.10,179.20,185.23,185.00,189.28,194.00,199.61,204.96,212.16,218.00,228.97,234.34,246.11,257.67,269.82,278.09,286.97,294.68,304.14,301.53,303.27,302.17,298.50,290.40,281.02,280.56,272.64,267.60,257.62,245.84,240.87,232.18,222.07,212.61,200.44,190.39,180.27,161.04,148.85,138.18,124.82,113.15,104.69,90.09
115.43,128.16,136.01,143.17,150.81,158.42,162.79,169.16,171.59,175.33,178.76,181.02,185.05,189.21,192.46,199.21,206.40,214.00,221.98,226.74,238.73,250.49,261.28,272.25,278.63,287.77,295.38,294.61,294.00,291.60,291.45,281.52,275.80,271.75,262.68,256.74,247.68,240.03,233.42,224.76,215.11,205.24,193.46,182.96,174.05,156.25,143.18,132.50,119.60,108.85,99.13,86.21
97.02,110.86,117.41,125.64,131.47,140.60,145.50,153.50,158.14,162.11,165.08,167.80,171.96,173.57,177.10,180.40,182.79,187.83,195.97,193.87,199.06,204.57,211.54,215.37,219.20,223.77,226.80,223.27,221.96,220.73,220.05,213.60,209.26,209.81,206.16,203.40,200.24,195.80,194.74,191.04,187.22,182.12,176.66,172.00,165.87,158.40,153.22,145.15,137.06,128.75,122.02,107.91
99.41,112.06,122.04,129.40,134.77,143.53,150.36,160.33,162.63,168.91,170.52,175.26,178.89,181.73,182.47,188.53,192.98,198.73,201.14,201.56,206.53,210.98,219.43,221.89,224.75,230.24,234.80,227.65,229.53,229.17,226.74,219.91,214.71,220.19,211.09,210.74,205.73,203.04,200.57,198.18,194.49,187.46,183.79,179.23,173.10,164.56,159.71,152.05,144.05,135.72,125.16,110.14
107.54,120.93,126.30,137.03,147.00,155.72,161.11,169.81,174.14,179.00,184.01,187.22,188.66,192.21,196.56,200.02,203.02,207.51,212.80,215.06,219.49,226.04,230.67,237.92,241.17,244.84,246.99,244.12,246.08,241.02,242.92,235.48,232.69,230.71,225.57,224.54,221.33,216.70,216.32,208.06,206.94,201.88,194.49,190.25,185.56,175.37,170.99,162.37,153.38,143.40,134.62,119.07
107.71,121.60,126.49,137.56,145.25,154.99,160.21,170.75,172.84,178.44,181.73,186.05,187.54,191.05,195.90,200.11,201.76,207.88,213.59,214.04,216.91,225.28,230.01,236.97,238.83,244.81,247.21,242.99,244.73,240.62,241.30,233.83,229.90,231.04,224.74,222.09,219.01,216.12,213.01,207.28,205.27,199.58,195.16,188.30,186.72,175.03,169.54,163.44,153.94,144.37,135.71,120.43
108.05,121.59,129.81,139.01,147.35,157.99,162.79,174.23,176.48,181.00,186.13,190.66,192.42,196.33,197.50,202.80,207.06,211.82,216.02,217.46,220.48,227.31,233.82,241.21,242.71,245.23,247.16,246.91,246.63,242.54,242.12,236.04,230.84,232.86,225.46,224.29,219.06,218.23,214.90,210.87,207.87,202.30,196.76,190.28,185.40,177.77,171.82,162.01,154.56,145.03,136.06,120.42
108.85,123.42,129.85,139.46,150.47,159.67,166.21,175.39,177.72,183.81,190.24,192.26,196.94,200.12,202.41,207.55,210.84,215.24,220.74,222.08,226.38,232.67,239.99,244.77,247.52,251.07,253.03,253.21,251.60,250.06,249.88,241.60,239.94,238.27,234.54,235.03,228.95,225.54,222.19,219.43,215.36,209.04,203.00,198.46,193.83,184.97,177.77,169.06,159.10,148.03,140.36,124.33
110.35,123.43,132.26,142.79,151.33,160.42,166.17,174.27,177.10,182.19,187.22,192.11,194.49,196.77,201.68,205.22,206.17,213.57,215.04,218.15,222.18,228.83,232.14,238.08,243.00,244.95,245.73,244.03,245.20,241.68,243.81,236.54,231.17,233.32,226.81,227.06,222.00,218.84,216.21,209.95,207.87,200.56,195.15,193.07,185.17,177.61,170.60,163.11,152.07,142.05,133.87,118.85
108.05,121.49,129.00,138.52,146.58,159.21,162.20,172.47,174.77,181.33,185.53,190.19,192.31,195.93,199.20,201.53,203.33,210.41,214.11,216.06,219.67,224.74,229.17,233.48,237.20,240.44,241.25,240.88,242.84,237.12,236.91,230.78,226.27,226.02,220.78,220.05,215.96,214.76,211.93,206.04,203.92,199.06,190.92,185.61,181.11,174.41,168.88,160.86,149.48,139.92,131.87,119.55
111.13,121.84,129.26,140.36,150.88,159.88,166.37,174.00,177.12,183.00,189.16,191.64,194.98,197.25,199.25,205.41,209.62,212.76,217.27,220.01,224.12,229.63,234.55,240.42,244.81,248.72,250.91,249.33,249.10,247.62,243.31,240.51,235.77,237.50,234.37,229.81,228.59,224.36,221.53,216.27,213.46,209.91,199.90,195.92,191.51,181.57,178.13,165.68,157.20,145.96,137.32,121.17
99.02,110.48,119.42,129.03,136.24,144.63,151.75,160.38,162.79,169.00,172.74,176.15,179.23,182.52,183.37,188.28,190.06,195.36,199.44,197.20,203.80,208.79,213.38,214.22,217.45,222.00,223.58,219.58,220.98,219.97,216.31,211.15,209.82,210.11,204.60,202.34,198.02,194.10,194.65,190.43,188.28,181.84,176.50,171.81,168.44,160.10,155.05,145.36,136.56,127.95,121.00,106.62
102.46,115.73,121.24,130.10,140.13,148.27,154.43,164.35,166.11,171.69,178.00,179.74,183.20,186.78,188.32,193.26,195.06,198.84,204.71,202.81,207.86,212.61,218.40,221.72,223.29,225.43,228.04,226.01,226.77,223.89,223.45,215.87,212.80,213.55,208.50,207.48,205.00,200.25,198.91,193.22,191.38,186.27,179.60,176.14,171.76,165.39,158.42,149.40,140.01,131.06,123.13,110.32
112.93,124.04,132.38,141.77,151.38,160.64,165.87,174.64,178.21,183.36,189.08,191.76,195.93,199.83,201.94,207.65,208.14,213.46,217.25,219.13,224.27,230.08,235.26,239.46,242.08,245.98,248.46,245.62,248.34,242.56,244.74,239.07,235.91,237.12,232.96,230.31,228.00,223.04,221.89,216.19,212.53,206.52,200.42,195.53,190.54,182.20,174.06,164.79,153.03,142.59,134.20,120.60
103.59,114.95,124.04,131.94,137.57,146.82,150.63,162.74,166.21,171.84,171.83,178.03,180.14,182.85,183.17,189.50,192.08,197.33,201.49,201.72,204.02,209.78,216.12,219.53,223.18,227.90,232.41,226.00,226.31,223.14,223.06,217.70,215.68,221.50,215.57,210.32,208.01,203.25,203.07,198.98,195.56,188.22,185.53,180.85,175.31,165.05,158.66,149.08,139.28,132.77,121.08,108.50
110.32,123.33,131.38,142.84,151.27,158.53,166.90,176.30,179.07,184.95,190.38,193.66,197.34,199.02,200.61,206.16,208.72,212.95,218.11,217.08,222.15,227.13,232.69,235.37,239.34,241.37,243.39,241.25,243.08,240.01,236.35,230.15,227.38,231.35,224.96,223.29,218.91,217.34,213.97,210.76,205.66,200.48,193.51,189.41,185.02,175.82,170.47,160.80,149.89,138.77,131.70,117.07
110.04,123.47,132.61,144.59,150.63,160.07,165.65,178.36,180.23,185.40,188.69,194.44,198.49,199.14,199.90,205.99,211.09,216.48,220.22,219.11,223.57,228.54,234.30,238.47,241.95,247.78,249.15,247.07,246.79,244.27,244.52,237.01,234.71,237.81,232.01,231.89,226.05,222.70,218.98,218.08,213.05,204.98,199.83,195.49,188.32,179.01,172.63,162.52,152.74,143.18,133.75,117.00
113.60,127.06,133.63,143.25,153.64,163.25,168.67,176.40,180.21,185.44,192.13,194.20,198.04,201.64,203.44,207.01,211.90,215.23,219.74,221.17,223.18,229.44,234.87,237.54,240.84,244.10,245.18,244.57,245.22,241.87,238.73,233.56,231.93,232.18,226.00,225.96,221.61,219.97,218.10,211.26,207.88,202.32,196.66,191.02,186.87,176.41,169.20,163.22,151.56,141.32,132.14,117.18
112.73,125.50,134.13,144.35,151.61,161.38,165.85,175.60,179.72,185.41,190.10,193.26,196.22,199.11,201.06,207.07,210.28,216.12,219.49,221.30,223.43,228.27,234.61,236.16,240.26,245.20,246.81,244.17,245.98,241.42,237.76,233.73,229.68,233.06,225.59,224.51,220.71,216.04,216.67,212.17,210.11,200.77,197.12,191.61,185.93,176.37,168.50,159.36,152.05,142.84,130.42,115.95
110.02,122.89,132.57,141.99,147.96,158.82,165.01,176.73,176.71,181.84,184.62,192.31,196.15,195.92,200.26,205.42,209.27,215.36,218.36,218.55,222.04,227.78,233.93,238.48,240.35,246.68,247.55,243.02,247.16,243.00,241.82,236.24,233.62,237.50,230.31,230.84,224.50,220.41,218.55,215.67,211.15,203.74,200.83,193.88,189.64,178.90,170.84,161.94,152.20,143.35,131.24,116.52
80.22,88.46,90.26,95.26,101.52,105.38,105.38,107.84,109.64,110.65,114.49,112.90,115.16,114.53,114.91,114.04,114.06,117.07,118.34,119.10,126.92,133.76,141.45,153.05,166.21,178.91,200.68,203.15,208.68,216.07,220.37,220.05,221.45,225.57,220.49,221.58,218.06,218.28,218.33,211.48,209.90,205.23,196.94,193.26,187.11,176.14,167.51,157.61,148.19,136.17,125.30,111.80
111.16,124.66,134.53,143.81,151.92,161.11,166.65,179.29,181.34,186.68,190.92,197.62,201.21,201.47,202.68,208.48,213.08,220.95,222.35,222.48,227.55,230.85,239.25,242.59,246.13,248.17,248.78,246.52,247.05,245.94,244.20,238.17,235.73,237.23,233.05,231.86,225.85,219.21,218.21,218.23,212.90,205.70,201.47,195.56,190.26,178.21,170.70,161.97,152.84,142.78,130.39,117.48
107.56,120.28,129.47,138.23,144.90,154.31,160.03,170.85,173.36,179.33,182.21,188.51,191.76,192.57,194.06,199.20,205.23,211.08,213.83,213.51,218.56,223.88,228.67,232.69,233.94,241.35,241.42,239.01,240.14,239.27,235.30,230.52,227.04,231.95,228.09,224.21,219.24,214.76,213.12,211.09,207.18,198.59,194.93,190.63,183.35,172.26,167.08,154.35,147.12,137.36,125.45,112.65
108.08,127.25,139.61,146.21,151.83,161.37,169.31,178.68,182.00,186.34,192.57,196.42,199.38,202.63,205.01,211.78,214.14,221.56,224.14,226.43,231.01,233.85,240.30,247.88,248.85,253.40,255.00,252.30,254.24,248.56,250.91,243.82,240.03,243.07,237.80,237.52,233.26,229.20,226.95,221.14,217.26,211.61,205.77,199.16,192.85,183.33,174.54,169.01,153.57,145.03,134.24,119.75
112.36,126.46,134.36,145.03,153.01,162.12,167.71,177.77,180.43,186.94,193.26,197.39,200.21,204.56,205.30,213.56,216.53,221.05,225.98,225.66,231.45,237.26,241.53,247.52,249.24,252.44,255.15,252.29,252.98,247.84,247.54,242.27,239.04,240.75,235.19,233.31,228.30,226.00,222.64,218.33,216.46,209.50,202.12,197.52,191.13,182.49,174.18,164.54,154.90,145.50,132.06,119.62
110.75,124.78,135.37,143.89,151.34,160.38,167.09,178.44,181.02,186.94,193.66,197.99,202.20,203.96,205.85,211.81,216.01,221.29,226.95,225.08,231.42,236.54,242.30,244.38,247.11,255.67,255.33,252.37,254.61,249.20,248.85,241.99,239.01,242.25,236.92,232.43,227.32,223.22,223.79,219.92,216.60,210.44,203.09,198.01,193.41,181.03,173.40,164.58,153.64,144.31,134.00,118.70
111.83,126.05,131.69,141.89,150.88,162.00,166.98,177.73,180.42,187.00,192.42,196.57,199.90,203.53,207.45,213.38,213.51,220.11,224.35,224.66,230.87,236.24,242.30,247.89,250.48,252.40,252.22,253.34,256.27,248.70,250.23,242.07,239.87,239.21,234.56,234.02,229.31,224.13,224.24,219.43,214.11,210.23,200.88,195.43,190.07,179.78,173.51,162.93,152.00,141.40,133.12,119.41
104.65,116.62,128.10,137.24,143.68,152.01,158.40,169.50,173.90,179.40,182.16,189.24,193.15,195.14,197.75,203.15,208.43,214.65,218.00,217.59,222.15,227.20,234.25,236.58,240.47,247.03,248.32,243.53,245.20,242.10,238.89,233.15,229.99,232.44,227.88,227.22,220.84,216.52,214.60,211.45,208.17,198.34,196.16,189.48,184.50,171.71,166.05,155.94,147.63,137.64,125.96,112.45
109.71,118.85,135.33,139.03,146.77,161.12,162.09,177.67,177.72,183.56,190.06,193.04,200.81,201.04,204.02,211.63,213.56,220.33,223.50,224.40,228.47,233.85,242.10,244.62,247.81,253.41,256.43,251.02,254.07,250.06,248.11,242.86,238.38,241.59,233.94,233.28,229.06,224.93,223.71,218.83,215.37,207.18,200.64,195.88,190.76,179.66,173.46,163.01,153.45,142.34,131.90,117.39
109.12,122.15,133.88,143.69,151.17,161.45,167.26,177.54,181.57,189.62,193.04,200.26,204.80,205.25,208.37,214.13,217.46,226.15,229.22,226.38,233.63,238.76,246.98,247.65,252.45,258.90,263.49,259.38,260.00,256.14,253.89,248.03,246.13,249.61,244.07,241.13,236.07,229.31,229.26,226.32,224.27,214.41,210.04,202.48,196.43,185.44,178.32,165.30,157.54,147.31,132.91,118.70
107.54,120.43,129.76,140.25,147.83,156.82,162.36,173.85,178.47,183.70,188.09,194.14,197.39,201.32,203.03,208.81,215.00,220.20,225.21,227.02,231.66,236.66,244.10,247.24,249.07,257.12,256.13,253.90,253.85,251.96,250.80,244.25,239.71,243.17,237.15,235.33,228.89,226.29,222.87,221.28,216.39,209.54,203.92,200.01,192.77,183.10,175.76,164.77,154.31,145.03,132.40,118.09
106.02,117.09,125.32,133.99,142.64,149.72,158.32,167.09,172.19,176.59,182.62,185.32,190.85,195.30,197.03,202.42,206.53,210.66,216.45,217.46,223.00,227.34,235.17,239.04,242.54,246.66,246.56,246.29,246.95,243.31,242.43,237.36,234.64,236.52,232.56,229.51,224.40,219.86,218.22,214.48,209.75,203.25,197.91,192.77,187.32,176.48,168.13,158.94,148.95,139.46,128.41,113.53
65.73,74.97,79.81,84.20,84.22,89.74,90.96,97.86,97.42,97.62,102.63,104.94,108.52,105.76,110.07,115.00,119.51,125.26,128.39,134.54,143.84,154.56,165.20,173.40,185.59,194.02,212.05,215.15,221.82,223.04,224.95,227.00,227.08,231.81,223.62,223.06,221.35,217.83,218.36,210.43,210.54,203.27,195.53,189.08,182.79,172.20,161.82,152.74,144.07,131.55,121.82,108.30
109.07,121.49,130.87,139.79,149.11,158.68,165.05,175.11,179.54,184.00,191.48,196.88,200.11,203.30,205.77,210.15,219.06,222.80,226.50,228.21,233.28,239.30,245.75,250.80,254.02,258.50,260.50,258.86,258.10,256.28,254.62,247.99,246.52,247.93,242.92,241.01,234.31,228.99,227.69,226.14,221.84,213.38,208.01,202.18,195.92,184.81,177.61,167.63,157.85,146.09,135.25,119.55
107.49,122.00,128.25,137.27,146.01,155.21,160.65,169.78,176.30,179.61,186.43,191.09,194.16,199.68,203.49,208.06,211.21,217.08,220.66,225.22,230.10,234.44,240.53,244.56,246.94,252.64,252.92,251.10,253.55,248.85,247.63,243.59,242.16,239.89,234.09,236.43,229.71,226.38,224.61,218.84,215.93,209.77,202.07,197.12,191.00,180.16,173.33,163.00,151.01,141.66,132.14,118.60
110.02,123.00,129.77,137.30,149.35,157.81,164.79,172.05,178.04,183.17,192.00,194.88,199.06,202.31,205.77,211.37,216.12,219.91,224.56,226.43,233.00,238.27,245.54,250.60,253.44,256.13,258.94,257.72,256.40,253.21,253.31,247.55,245.80,245.12,239.35,239.07,233.50,229.97,228.28,223.14,218.83,213.18,206.16,199.90,195.06,185.15,177.49,167.82,156.16,143.38,135.59,119.33
107.02,121.51,130.73,140.36,147.63,156.73,164.58,174.72,180.85,185.41,189.87,195.26,198.95,202.92,205.87,211.54,215.24,221.22,226.74,224.97,232.64,235.33,242.92,247.24,249.62,255.36,256.89,251.00,253.92,248.70,248.94,241.17,238.47,242.00,234.31,235.48,228.46,225.60,222.85,218.58,215.00,206.89,202.20,195.88,190.24,180.55,173.36,165.03,154.32,143.57,131.80,118.11
105.55,121.00,127.12,138.13,148.19,157.65,163.09,173.00,178.52,182.99,191.06,192.35,196.66,201.69,206.16,211.29,215.06,218.83,222.71,224.54,231.14,234.18,241.12,246.94,249.07,252.57,254.24,251.21,251.08,247.27,247.94,239.73,238.61,236.40,232.00,234.48,227.72,223.23,220.64,216.82,212.73,205.72,200.12,194.59,189.24,179.89,173.48,164.54,152.01,142.44,131.55,118.31
109.04,120.95,129.63,139.09,147.49,157.29,164.54,172.79,176.71,183.87,192.42,194.94,200.72,205.30,208.29,212.60,214.24,219.46,222.81,225.79,231.54,237.49,243.30,249.05,252.40,254.17,254.06,254.88,254.14,247.94,247.14,241.81,239.35,238.29,233.14,233.42,228.57,223.89,221.84,216.52,211.34,206.52,199.61,194.45,188.32,178.54,171.33,160.31,150.05,140.03,129.10,116.85
104.39,116.28,124.33,134.74,140.00,150.53,156.01,165.50,169.36,176.91,182.48,186.13,191.44,194.49,197.50,202.23,205.00,210.85,216.15,218.33,223.22,225.41,233.21,236.28,238.80,242.64,242.62,240.88,241.85,237.12,235.93,231.04,229.87,229.99,223.04,224.11,218.82,213.78,212.34,206.18,204.79,197.39,191.94,186.78,181.40,171.40,166.60,154.65,145.00,135.98,125.10,111.51
105.77,117.46,127.24,135.13,143.56,152.97,159.06,168.67,172.56,179.23,187.52,190.13,193.00,196.64,201.65,206.24,209.09,214.87,219.69,221.71,223.79,229.32,235.54,240.07,242.12,245.98,246.94,245.28,244.52,240.16,239.71,234.80,232.13,230.41,225.70,226.36,220.31,216.72,214.37,208.83,204.47,200.04,192.60,187.72,182.33,171.81,167.54,155.60,147.31,134.62,128.06,112.26
104.56,116.56,125.00,134.71,142.27,152.12,157.89,165.95,170.18,178.26,182.50,187.41,192.28,194.16,196.29,201.31,208.02,212.71,215.59,217.46,221.58,227.50,231.70,237.15,238.41,244.23,244.66,242.92,243.40,239.25,234.78,232.55,229.96,228.11,224.83,222.58,216.92,213.36,212.49,207.10,204.07,198.13,192.42,186.63,181.28,172.26,163.98,154.72,147.00,137.44,126.12,113.04
103.09,115.31,124.62,133.00,141.85,150.66,158.24,167.30,171.19,177.51,182.20,189.08,191.43,193.75,195.47,201.72,207.18,211.54,217.11,217.00,222.30,225.32,232.45,235.00,237.95,244.35,245.41,241.22,241.92,237.03,236.12,229.65,227.48,228.79,222.69,221.92,215.34,211.62,211.37,208.69,205.65,197.65,190.71,187.27,180.94,171.68,164.98,154.72,146.81,137.06,126.70,112.06
104.24,117.80,124.91,134.16,143.42,151.60,159.36,167.84,173.31,178.01,185.13,188.57,193.20,197.31,199.46,205.01,207.63,214.85,216.00,219.53,225.14,229.27,233.66,236.81,240.52,241.47,239.91,238.38,239.83,234.61,231.25,227.48,223.27,223.26,218.11,216.63,211.38,209.23,207.34,204.19,201.02,193.49,188.96,183.48,177.72,170.29,163.00,155.08,146.77,135.53,126.66,112.29
111.02,123.91,133.06,143.89,151.33,160.58,168.34,178.55,184.10,190.54,197.00,200.19,206.04,208.43,212.45,216.78,223.23,228.16,232.44,234.08,238.42,243.20,248.36,251.85,254.42,256.59,257.10,253.84,255.57,248.93,245.72,242.26,237.97,235.27,231.40,231.19,224.11,221.36,219.24,214.62,213.51,207.12,198.76,193.87,189.61,180.14,171.09,155.32,147.65,134.54,127.47,114.63
102.96,115.07,123.48,133.87,141.06,150.21,157.70,167.26,171.69,177.69,183.70,187.61,191.71,196.02,199.46,205.35,206.48,213.36,215.74,219.21,223.18,226.61,231.82,234.02,238.74,240.22,239.78,239.43,237.59,233.14,233.03,226.05,222.00,221.84,216.61,216.00,211.93,209.38,205.54,202.71,198.01,193.64,186.82,183.64,179.01,169.78,163.20,154.64,142.90,135.59,125.48,113.22
109.18,124.04,131.03,142.78,148.76,159.20,166.82,178.26,181.62,188.96,193.26,200.19,203.77,207.51,209.70,215.87,221.05,227.11,230.00,231.23,235.08,239.64,246.71,251.53,251.35,254.81,254.00,252.16,253.65,249.07,244.72,240.44,235.09,235.73,232.21,228.27,224.36,222.14,219.78,214.83,213.81,204.92,200.02,195.49,191.01,180.08,171.42,163.37,155.59,145.77,133.03,119.01
110.35,124.81,131.23,141.60,149.26,159.81,166.53,176.92,182.95,187.42,196.06,200.10,204.57,208.54,209.48,217.35,220.79,226.42,229.46,232.82,236.96,242.30,247.62,250.42,251.21,256.91,256.53,252.92,252.45,246.89,243.02,240.01,236.46,234.47,230.85,229.11,225.84,220.27,220.51,215.76,212.25,205.14,199.82,196.16,190.39,179.81,174.84,163.08,154.56,144.01,133.14,118.51
102.00,114.35,124.28,134.62,141.33,150.75,156.47,166.82,173.00,177.10,181.55,186.95,191.95,194.25,198.00,203.16,208.29,213.57,216.39,216.34,221.37,225.02,231.87,235.51,235.17,241.92,240.71,236.09,236.78,233.00,226.32,226.06,220.88,222.00,216.09,216.07,211.29,208.56,205.53,202.23,199.48,193.04,187.84,183.64,179.20,169.76,162.96,154.21,147.36,136.12,123.43,111.16
103.45,114.59,124.87,133.22,141.89,152.45,156.12,166.77,171.49,177.08,182.00,187.10,190.55,195.43,198.93,204.29,207.28,211.09,214.05,217.22,223.18,225.64,230.85,235.17,236.96,240.28,237.95,235.73,237.02,231.19,230.05,228.00,221.58,220.44,214.37,212.13,209.12,207.17,206.55,201.11,198.04,191.70,186.40,181.07,176.85,170.04,161.07,154.43,142.78,135.09,125.96,112.01
102.84,115.12,124.87,134.27,141.66,150.62,157.94,167.43,172.65,177.08,183.62,186.95,191.46,194.66,195.78,202.71,209.31,215.08,216.72,216.67,220.60,225.23,232.33,234.85,235.54,242.39,241.30,237.45,239.02,235.64,230.20,227.56,223.45,224.63,218.50,218.82,212.46,208.73,207.04,203.84,202.79,195.26,190.16,183.53,179.72,169.45,163.19,154.03,147.46,137.21,123.57,112.00
103.82,114.18,125.88,135.20,140.91,150.15,156.72,167.93,172.01,179.78,184.29,189.43,192.63,195.01,197.70,201.91,208.47,212.95,217.94,217.67,222.48,225.50,233.14,235.02,236.99,240.79,242.42,238.29,238.61,235.14,232.00,227.42,225.08,226.21,220.03,218.08,211.80,209.89,206.04,205.55,203.33,195.85,189.84,185.22,180.36,168.60,161.91,153.12,147.33,136.47,125.92,111.02
101.61,116.47,123.18,131.94,141.61,151.48,159.88,166.86,171.14,178.44,183.00,186.27,191.45,195.24,197.59,200.58,208.12,213.15,214.25,218.49,222.09,224.90,232.59,234.44,237.76,241.96,241.37,237.88,239.76,233.02,230.05,226.97,225.20,225.84,219.13,218.22,212.79,208.85,208.74,205.65,201.79,196.57,189.41,184.76,178.93,171.57,164.28,152.79,145.84,135.37,125.25,113.22
101.07,113.22,123.37,132.38,139.54,148.97,154.74,165.24,171.23,176.18,179.98,185.92,189.27,191.60,193.89,200.41,203.59,210.75,212.73,214.41,219.02,222.04,228.40,228.25,232.83,238.21,237.69,231.80,231.69,227.04,227.17,220.27,217.08,219.16,214.70,211.59,206.25,203.71,203.30,198.37,196.01,188.74,184.17,180.41,174.55,166.39,159.48,150.80,143.14,133.54,121.20,109.34
105.00,118.51,124.78,135.09,143.89,152.05,158.96,167.39,172.70,177.72,186.08,188.85,193.60,196.56,199.00,206.04,210.43,212.98,216.47,219.67,224.72,229.02,233.48,238.46,238.77,240.86,238.66,238.25,238.20,233.42,232.79,228.53,223.88,221.45,218.06,216.58,211.63,206.49,206.65,202.62,200.64,192.57,186.17,182.50,177.20,170.19,161.97,153.83,145.53,135.15,125.10,110.94
103.28,114.63,125.20,135.42,141.11,152.82,157.69,168.67,172.74,178.73,184.18,188.38,193.94,196.40,199.20,205.01,208.89,213.84,218.00,218.96,223.79,226.50,234.48,235.46,237.39,243.21,240.52,236.58,237.01,234.73,230.60,224.70,222.04,221.39,216.81,217.25,210.22,207.39,205.51,202.36,198.98,191.09,186.97,183.01,177.78,169.45,161.60,153.03,145.50,137.00,125.30,110.65
101.02,113.60,122.12,131.64,138.19,147.79,153.84,165.47,170.07,176.39,179.57,185.85,190.00,192.17,194.14,199.40,202.56,209.35,213.00,213.43,217.95,221.33,226.74,229.49,229.26,234.05,234.40,229.54,228.69,226.17,222.39,219.39,215.59,217.31,211.01,209.35,205.15,199.42,198.44,195.60,193.06,185.30,181.47,176.80,174.43,164.88,156.67,147.99,140.06,131.53,119.64,108.17
77.39,85.15,92.46,97.13,101.02,105.60,109.84,113.76,115.43,120.62,125.94,127.02,133.41,132.52,137.99,139.31,144.68,150.28,154.30,157.69,171.41,176.91,185.00,195.29,205.34,212.23,230.00,232.12,232.42,235.67,238.20,239.13,238.84,241.65,235.01,234.16,233.00,228.37,229.80,224.02,220.64,216.42,203.74,200.26,194.02,182.32,173.33,163.17,153.06,140.51,129.25,114.49
102.53,117.69,120.27,132.97,143.95,149.20,158.11,164.20,169.20,176.78,183.20,185.30,191.09,195.06,196.98,203.04,206.63,209.03,212.85,214.25,219.48,222.48,226.82,230.89,232.03,234.96,233.32,233.82,230.41,226.13,224.14,219.53,217.41,213.33,210.22,208.03,203.89,200.49,200.02,195.24,192.51,187.52,182.00,176.65,173.22,166.37,158.86,150.08,138.65,132.23,123.44,108.46
111.02,123.79,136.17,144.22,152.07,163.25,168.29,181.60,185.26,192.63,196.25,202.77,209.02,211.12,212.51,219.33,226.95,231.49,233.24,233.21,237.69,242.99,249.93,251.81,253.55,257.30,258.49,254.76,253.66,252.29,247.69,241.00,236.78,240.34,234.18,231.77,226.56,222.04,220.93,217.09,212.95,205.08,201.56,194.99,188.35,177.25,169.68,160.70,152.35,140.43,128.41,116.11
111.89,124.04,133.75,145.52,154.16,166.48,170.18,181.82,185.83,191.88,197.72,203.07,208.69,212.21,214.76,221.05,223.99,230.60,233.27,234.36,239.08,245.20,246.49,252.29,252.51,255.44,256.10,249.29,251.37,247.40,245.35,238.30,234.80,234.16,226.92,225.44,225.27,220.33,218.01,212.20,211.56,204.00,197.45,193.61,187.17,177.49,171.13,162.29,153.38,142.77,134.20,120.77
102.83,113.65,123.02,134.66,141.99,148.96,156.46,166.90,171.49,176.34,181.53,187.41,191.09,194.54,196.43,199.45,204.75,211.08,213.69,213.76,219.33,221.96,227.74,229.56,228.41,235.36,232.69,232.22,229.05,228.04,222.18,216.09,214.73,215.64,210.06,210.61,204.00,200.49,198.60,197.27,193.00,187.13,184.59,179.88,174.94,162.81,158.93,150.34,143.95,133.75,121.40,110.06
101.87,111.65,123.08,130.97,138.54,148.03,155.08,164.65,169.85,174.96,180.85,184.91,188.82,192.01,195.75,200.06,202.80,206.52,210.00,210.94,217.61,220.17,223.11,225.96,225.80,231.49,231.86,227.27,225.52,223.06,219.82,214.24,212.06,212.14,206.61,206.00,201.25,198.57,197.28,193.20,190.38,182.65,180.29,175.07,172.15,160.65,156.97,147.25,139.81,130.65,120.34,108.46
101.07,111.66,121.56,130.86,138.96,146.73,154.78,164.65,169.92,175.48,180.10,185.35,190.00,192.52,193.29,199.00,203.65,208.21,212.51,211.25,216.67,219.97,226.63,227.18,228.43,234.05,233.86,226.24,226.28,224.36,220.59,212.87,212.08,213.71,208.00,205.30,203.79,199.26,196.13,192.92,191.11,184.56,179.87,175.25,171.83,161.93,157.00,147.26,139.34,131.31,121.02,106.89
112.00,125.72,131.80,140.43,152.32,162.79,167.49,178.83,183.73,190.04,196.09,201.94,204.13,210.32,212.15,217.61,221.40,227.50,230.87,233.01,237.15,240.58,246.08,249.16,248.11,252.25,251.96,249.27,248.89,245.69,245.20,240.53,235.03,232.96,230.49,227.91,224.01,218.83,216.72,211.99,210.28,201.04,195.50,190.88,185.55,176.82,169.30,158.82,149.34,137.99,129.25,116.36
105.42,118.31,128.02,137.88,143.56,153.39,159.03,171.96,175.33,183.64,185.97,193.33,198.17,199.82,202.83,208.78,211.32,219.27,222.16,221.74,225.57,229.71,236.24,237.29,239.15,243.98,244.25,239.93,237.70,236.21,233.38,228.00,224.70,228.16,220.24,217.00,213.55,209.82,210.04,204.53,201.85,193.26,188.83,183.18,180.35,169.12,161.00,152.01,143.74,135.10,121.85,109.04
107.87,119.33,129.02,138.42,147.98,156.73,164.40,173.67,177.91,183.84,190.97,195.01,199.12,203.38,204.83,209.35,214.37,217.30,222.30,223.23,226.60,232.85,237.00,238.21,241.02,245.07,244.18,239.27,239.30,234.76,232.24,228.32,225.44,222.87,219.72,215.36,213.06,209.20,205.52,203.49,200.74,195.31,189.97,183.88,179.81,172.05,164.71,156.40,147.23,138.13,127.58,114.56
102.59,113.55,122.43,131.59,139.06,148.33,156.97,164.91,168.02,174.47,180.35,185.30,189.53,192.40,195.94,198.71,202.18,207.69,211.37,211.93,216.06,220.43,225.01,225.68,229.49,232.01,231.37,229.68,230.36,222.19,220.59,215.24,210.94,213.02,207.42,208.00,205.29,200.08,199.06,194.47,193.20,186.59,180.51,177.12,171.86,164.88,158.86,151.73,142.58,132.38,121.81,110.21
100.32,112.07,122.65,131.53,138.16,147.00,152.86,165.34,169.06,174.80,179.82,186.68,191.00,191.21,193.04,198.59,204.71,208.54,211.98,212.40,216.82,222.70,228.97,228.43,230.49,234.57,234.48,232.02,229.56,230.46,225.23,221.40,218.39,218.34,214.85,212.21,206.17,203.04,201.56,200.03,196.90,188.66,186.13,181.00,177.19,166.83,161.25,152.32,145.43,134.83,122.64,110.86
103.17,114.95,123.99,134.71,140.70,152.51,158.42,167.86,173.44,178.19,181.81,187.77,191.76,194.59,197.85,203.65,204.95,212.81,216.02,216.92,221.40,222.85,227.64,232.40,232.13,237.63,236.73,230.18,230.57,227.18,224.96,218.50,216.09,216.79,211.65,210.51,204.02,201.04,200.85,196.21,195.49,185.81,185.08,178.87,174.27,164.40,158.15,151.17,142.61,133.09,121.06,109.77
102.26,112.79,125.60,138.13,140.58,149.46,159.15,169.17,173.57,179.97,184.02,189.76,194.59,196.01,197.85,201.56,208.19,212.27,217.89,215.59,220.49,225.14,230.24,229.61,233.14,236.25,234.76,230.85,232.00,227.01,224.36,219.42,213.97,217.55,210.09,209.39,204.71,201.80,199.90,198.12,194.14,184.77,182.33,179.47,175.15,164.21,157.75,149.89,141.23,132.57,122.97,109.04
107.35,113.60,118.07,138.92,144.01,154.26,164.83,166.09,171.35,178.31,184.23,188.73,192.84,196.86,200.26,202.87,206.93,211.69,216.00,217.52,224.51,225.30,229.10,231.17,233.31,236.03,234.23,233.09,233.43,227.04,226.06,220.12,215.23,216.90,211.02,210.06,206.66,202.94,200.48,197.20,192.26,186.34,182.00,177.61,174.90,166.38,160.42,151.48,141.65,133.09,121.71,108.07
110.37,123.89,135.28,146.33,153.01,161.91,172.20,183.14,187.01,191.97,197.20,204.47,205.91,211.00,211.60,215.97,223.60,226.63,231.62,232.50,235.97,239.64,244.59,246.44,248.50,253.33,253.48,248.22,246.83,243.04,242.01,233.85,229.99,230.78,224.85,227.37,218.87,215.11,209.88,211.90,209.03,200.36,197.43,190.39,186.08,176.57,170.00,161.01,150.75,143.39,131.14,116.81
102.61,115.74,124.53,133.54,141.74,149.03,158.24,166.96,173.08,178.02,183.47,186.98,191.67,196.38,196.16,201.56,206.19,209.31,213.40,215.10,221.42,223.14,226.65,229.72,230.63,233.85,232.86,228.69,229.33,225.20,222.68,218.69,213.04,210.32,208.63,208.01,203.86,200.52,198.82,196.79,190.60,185.40,181.96,176.79,173.18,165.71,157.72,148.93,141.80,130.73,123.98,110.68
103.41,116.04,123.66,134.65,142.04,150.76,157.69,167.29,172.57,178.14,182.28,189.13,192.51,194.49,197.73,198.92,205.01,210.11,215.33,215.24,218.08,221.55,227.86,227.70,230.36,233.19,231.39,230.41,227.38,224.10,219.49,216.09,210.30,212.22,207.19,206.16,200.50,198.36,194.55,195.07,191.17,184.40,180.71,175.92,171.02,162.86,157.62,148.68,139.52,129.36,121.63,107.35
101.49,115.12,124.56,132.74,141.35,149.40,156.59,167.29,172.59,177.26,182.58,187.98,193.05,195.41,196.09,200.09,206.34,211.01,213.86,214.77,217.81,221.33,228.09,227.98,229.46,232.44,231.10,227.71,228.47,225.50,222.08,213.85,212.20,213.81,206.37,207.00,200.42,196.47,195.58,193.87,190.70,184.17,179.90,175.07,171.75,162.82,157.14,147.72,141.43,130.25,120.43,109.66
98.60,111.62,117.00,128.41,135.87,145.33,151.08,162.37,165.08,172.01,176.78,181.96,185.93,188.90,192.20,195.94,201.59,204.82,209.88,211.22,214.52,218.00,223.40,224.64,226.89,229.38,229.26,226.37,224.51,222.40,218.63,211.95,210.10,211.69,205.91,203.89,198.64,196.54,191.80,192.77,189.17,182.19,179.20,171.97,169.55,161.53,156.08,147.68,140.51,130.25,120.43,106.89
104.94,115.11,121.12,128.27,138.60,147.56,158.40,163.69,171.13,175.80,184.44,188.47,194.49,198.91,202.62,204.48,208.34,213.00,218.96,218.19,218.83,222.50,227.91,230.26,229.71,230.93,228.88,226.12,228.48,220.64,219.80,214.98,209.94,208.03,203.93,204.38,201.30,196.15,194.88,190.07,188.10,182.94,176.03,172.47,166.69,159.89,153.83,144.90,136.36,127.20,118.23,105.95
103.31,117.72,126.21,135.59,143.56,152.64,159.20,167.24,173.46,179.13,183.41,187.92,192.51,195.44,198.70,203.53,206.90,210.26,214.44,216.75,218.52,223.14,227.43,229.01,232.62,234.70,233.81,228.64,230.87,223.29,221.05,217.01,214.39,213.86,206.89,207.54,203.34,200.38,197.47,192.44,192.07,184.81,181.18,176.17,171.05,163.23,157.81,148.93,141.00,131.85,121.02,109.42
103.77,117.60,122.58,135.15,142.87,151.43,157.93,167.71,172.53,178.00,183.45,187.49,192.02,195.21,196.79,203.21,205.65,210.89,214.01,216.98,218.04,222.70,227.43,229.58,230.18,231.95,229.03,228.64,226.42,221.98,221.04,215.06,211.78,210.79,205.65,206.00,202.14,199.53,195.86,191.88,188.60,187.00,177.99,174.26,170.29,160.58,155.59,148.56,139.23,129.97,121.70,107.94
103.73,116.73,125.72,135.09,141.45,152.08,157.15,169.00,173.97,179.36,183.00,189.62,194.52,195.36,196.46,203.12,206.50,211.07,216.30,215.87,217.94,221.39,227.40,228.90,230.59,233.62,231.66,227.23,227.18,222.80,221.08,214.65,210.76,211.26,206.65,206.24,200.81,197.21,194.62,191.85,190.16,183.98,179.89,175.36,169.94,161.11,155.31,147.99,140.22,131.02,120.15,107.48
105.48,117.05,125.02,135.19,144.42,151.72,160.03,169.16,173.76,179.47,186.12,189.01,192.35,197.47,200.12,203.74,207.56,210.19,214.00,216.01,221.11,223.58,226.99,228.60,230.69,233.00,228.98,228.01,226.04,221.98,223.79,215.93,211.29,211.05,205.51,203.92,200.80,199.75,195.15,192.51,187.86,183.52,177.80,173.22,169.37,162.19,158.03,147.83,140.12,129.39,121.17,109.02
119.54,132.48,143.28,155.24,164.76,174.00,182.00,193.05,199.06,205.55,210.06,215.54,220.87,223.65,227.18,231.76,234.95,239.77,243.83,245.08,250.05,253.66,256.96,260.51,260.13,262.61,259.67,258.12,255.98,252.49,249.44,243.77,240.20,239.79,230.82,233.00,227.71,225.40,222.04,216.94,213.24,206.95,200.81,196.21,192.72,183.48,178.91,168.24,158.08,145.80,137.00,121.04
117.32,132.25,143.92,155.08,162.05,173.28,181.08,193.54,198.50,205.12,209.88,215.57,221.42,223.56,225.14,231.04,235.23,241.35,245.81,245.42,249.45,251.45,257.42,261.09,261.52,263.03,260.72,255.83,254.23,252.87,250.46,242.63,236.58,239.71,231.51,229.93,225.08,221.58,218.34,217.12,214.16,206.87,202.71,197.94,193.83,183.45,177.20,167.00,159.41,148.52,134.83,121.33
117.62,131.50,142.62,155.43,163.11,173.51,180.89,193.35,197.43,204.27,208.10,215.59,219.69,223.04,224.66,229.98,236.00,238.32,245.75,243.94,248.62,251.45,256.39,258.04,259.62,263.32,259.48,256.94,255.55,252.29,249.76,241.75,239.43,237.97,232.77,231.08,223.22,222.61,218.83,218.10,215.57,207.15,204.07,197.34,191.51,182.66,176.41,166.21,156.73,146.11,136.57,121.82
119.11,135.09,143.59,155.82,165.25,174.03,183.35,193.37,198.52,205.12,211.62,217.17,221.11,224.52,228.27,232.40,236.37,239.57,244.81,245.94,250.52,252.72,258.56,262.61,263.01,264.55,261.54,260.01,256.38,254.68,251.79,244.38,240.30,237.17,232.74,232.77,226.12,223.45,221.77,217.42,214.87,209.70,204.00,197.12,193.00,184.72,177.29,167.76,156.97,146.58,137.64,123.07
121.59,134.62,144.31,156.28,165.06,175.64,182.16,194.59,198.24,204.38,211.98,215.93,220.10,225.44,227.85,232.40,234.96,239.87,245.60,246.62,248.65,253.62,257.33,260.85,260.57,263.21,261.20,258.91,256.20,251.45,250.73,242.55,239.44,237.01,232.11,229.72,224.86,223.99,219.36,218.00,214.28,208.72,201.14,196.35,193.19,183.37,176.78,166.37,155.43,146.76,136.74,123.71
120.60,136.03,146.81,158.07,167.32,178.04,183.17,197.43,202.25,208.41,213.85,221.07,225.84,230.27,232.08,239.70,240.63,246.22,250.74,252.12,254.89,256.56,261.28,263.96,265.56,266.90,266.18,259.22,258.60,253.94,250.44,243.26,238.95,241.07,234.31,233.00,226.24,222.45,217.45,216.62,214.39,204.50,200.80,194.37,188.60,179.61,172.80,164.14,154.00,142.95,133.06,117.99
122.00,140.36,149.09,159.03,169.55,176.74,184.76,197.91,204.53,210.66,216.49,221.78,225.38,228.30,229.65,237.00,239.70,246.01,250.46,249.80,254.40,257.10,262.55,263.31,263.49,269.52,266.51,260.19,259.62,254.91,252.45,246.42,241.36,240.35,235.85,234.78,228.04,224.15,222.60,220.05,217.35,207.89,203.79,197.31,193.54,182.65,175.93,166.17,157.61,145.99,135.37,119.97
119.42,134.06,143.39,155.67,165.15,175.05,182.78,192.84,197.23,204.00,210.80,215.23,220.41,222.02,224.54,230.53,233.60,237.52,242.17,243.82,246.76,250.32,253.87,257.39,259.49,261.20,258.98,255.18,254.02,249.61,249.65,242.60,237.40,235.27,231.87,229.68,226.80,222.47,219.33,215.93,211.52,203.89,200.45,194.49,191.42,182.39,174.50,166.69,155.91,145.56,134.62,119.95
119.07,133.15,141.42,153.63,164.15,175.86,181.21,192.17,196.09,202.08,209.61,214.02,216.95,221.38,223.66,230.49,234.10,235.31,240.11,242.13,244.44,249.05,252.23,256.33,255.50,258.05,254.57,251.02,250.71,242.51,243.63,236.60,230.71,230.38,222.32,223.79,219.46,215.30,214.11,209.24,205.45,200.32,191.18,187.46,183.45,173.67,167.92,160.08,148.12,137.90,128.89,115.39
117.35,130.67,144.31,155.29,161.94,173.31,180.43,191.61,197.25,205.10,205.65,213.47,219.28,220.74,221.61,229.46,232.56,237.33,242.30,241.61,244.70,247.70,252.25,255.01,253.69,257.78,256.02,248.58,250.51,243.20,240.61,233.31,229.53,231.82,224.15,223.09,218.22,215.23,213.77,209.50,207.18,198.71,195.67,188.32,184.20,173.93,166.40,157.55,150.42,139.61,127.02,112.61
123.00,137.64,146.17,156.92,168.76,180.03,187.77,196.02,202.02,207.85,214.95,219.66,223.62,227.90,229.31,233.73,239.07,242.59,247.99,249.61,250.83,255.98,259.43,261.63,263.59,264.76,261.97,259.49,257.39,253.66,251.75,243.67,241.35,240.20,234.44,232.65,228.71,224.50,221.69,219.13,215.08,207.97,202.00,196.43,192.77,182.41,176.14,167.03,158.45,147.41,136.53,121.20
126.67,140.22,146.45,158.40,171.14,179.37,187.40,197.04,203.03,210.24,215.95,221.22,223.45,230.76,231.93,240.60,242.12,246.15,248.36,251.98,253.78,256.13,261.30,263.96,264.50,265.81,262.25,261.14,256.81,253.66,250.67,243.61,240.26,238.89,230.63,230.85,225.97,222.17,219.82,216.10,212.76,206.21,200.50,195.13,190.92,179.34,174.41,163.49,153.15,144.03,133.00,118.11
125.06,138.29,150.33,161.47,172.82,181.20,190.79,200.11,205.34,211.80,216.30,223.67,229.02,230.87,233.57,237.80,243.52,247.16,253.73,252.12,255.39,258.63,264.95,266.72,266.60,268.33,267.57,264.01,261.34,257.62,253.95,247.52,243.03,241.92,237.55,235.00,228.63,225.29,222.80,221.05,215.00,208.71,204.44,194.44,193.08,181.14,176.92,165.46,157.05,145.91,135.15,120.17
118.04,132.23,142.17,153.21,163.08,173.82,180.62,190.92,196.15,202.43,210.15,213.38,216.69,220.95,221.37,228.48,230.71,235.28,239.30,241.02,243.40,246.05,250.97,253.19,255.00,255.97,252.07,248.39,246.74,243.00,240.00,232.91,230.06,227.30,223.45,220.59,215.54,213.68,210.95,207.42,203.58,199.45,191.44,186.25,181.47,173.00,165.89,157.54,147.12,135.72,128.56,115.10
119.57,133.15,143.18,153.76,164.51,173.60,181.60,191.27,195.90,203.42,208.10,213.46,217.11,220.06,224.02,227.77,231.55,237.54,241.37,242.55,242.85,248.24,251.41,253.07,253.48,257.23,252.04,248.68,247.23,242.98,240.52,233.02,230.15,228.48,221.37,222.45,216.45,212.08,211.15,208.59,204.62,198.00,191.64,186.46,182.63,173.14,164.00,156.46,148.49,136.82,126.49,113.45
123.91,138.13,146.48,159.14,168.12,179.39,185.04,195.83,200.08,207.52,215.19,217.42,222.61,225.74,229.16,232.61,235.00,239.94,244.09,246.78,247.41,251.85,256.14,259.33,259.34,261.71,258.64,256.04,256.03,250.32,249.56,242.55,237.93,234.05,229.02,230.78,223.89,222.72,219.49,215.57,211.15,206.53,201.41,193.68,190.21,180.85,174.48,164.45,155.29,144.53,134.32,119.37
119.97,134.41,144.17,155.86,166.35,177.26,182.82,193.26,197.08,204.47,209.10,215.00,218.83,222.15,226.31,231.01,232.28,237.10,240.38,243.31,244.38,248.13,252.34,257.13,257.56,257.00,253.74,252.23,252.64,245.08,243.82,238.38,231.90,232.00,224.83,223.79,219.94,217.30,214.46,210.04,208.10,200.48,195.17,188.43,184.74,176.78,169.65,159.85,150.03,139.30,130.65,117.15
120.60,135.42,144.52,155.71,165.59,177.40,184.95,193.40,199.02,205.50,210.43,215.72,220.78,223.39,227.06,230.42,233.89,237.54,245.28,242.53,245.08,249.82,254.94,257.45,257.77,258.43,256.16,255.16,252.42,247.54,243.82,236.91,232.96,232.82,228.58,226.05,220.41,217.75,213.88,212.32,206.63,202.80,196.09,191.27,186.13,176.18,170.18,159.66,150.96,140.46,130.18,116.87
122.77,136.30,147.18,160.00,169.32,178.71,186.39,196.47,201.10,207.54,212.25,216.92,222.32,224.18,224.66,231.81,236.86,241.01,245.41,245.80,245.88,250.07,254.45,256.12,258.21,262.94,261.09,253.39,253.34,248.93,246.17,239.12,234.80,234.96,228.84,227.69,220.64,216.94,215.24,213.96,209.75,202.18,197.36,192.02,186.63,178.01,170.58,161.97,152.31,141.85,130.00,116.30
120.42,134.48,144.36,156.67,166.11,175.91,182.88,193.76,198.28,206.62,211.48,216.04,221.05,223.26,224.50,230.63,235.17,241.35,243.67,243.26,246.92,248.90,255.28,253.57,256.22,258.37,253.86,249.07,246.91,245.07,240.10,234.29,230.22,228.57,223.33,219.70,214.46,209.34,208.03,206.04,203.59,194.03,190.68,182.48,179.51,169.07,162.59,154.56,145.89,136.82,122.38,110.45
119.95,135.37,141.35,154.67,165.48,175.93,181.03,189.10,195.66,201.72,207.93,211.99,215.81,220.48,221.64,228.06,230.26,234.80,238.81,238.65,240.25,245.54,250.05,251.96,251.92,252.02,249.54,246.27,244.24,239.65,236.76,229.31,225.67,220.86,216.57,217.01,212.44,207.53,204.79,203.16,198.02,193.85,186.23,180.60,177.41,166.34,161.64,151.48,141.79,133.18,123.17,109.55
117.66,132.31,144.55,155.29,164.73,176.18,181.34,191.61,196.41,204.41,207.54,213.41,218.11,220.42,220.42,227.55,231.50,237.89,239.53,239.18,240.84,246.13,249.73,250.57,251.87,253.07,250.53,245.79,244.82,241.11,235.53,227.78,224.96,224.50,218.55,216.36,211.40,207.10,204.20,203.98,200.18,191.02,186.70,179.95,177.05,166.14,160.42,150.22,143.03,133.33,121.70,106.93
124.31,142.35,149.69,161.97,172.65,180.74,190.25,202.23,204.95,211.42,214.46,222.66,228.57,230.60,231.69,238.87,241.35,244.83,246.98,250.38,252.20,253.24,258.87,261.62,262.38,266.09,260.97,254.70,255.33,250.86,246.99,242.39,235.31,235.72,229.30,228.41,222.64,220.06,217.04,212.71,210.00,200.84,198.34,192.34,188.45,177.61,170.32,159.48,151.16,142.62,128.76,116.30
118.73,133.73,139.86,152.76,161.92,172.35,178.01,188.22,193.02,198.93,202.97,208.87,213.14,218.05,218.00,222.61,225.50,230.08,230.69,235.85,236.25,238.31,242.57,243.25,246.42,248.20,245.46,242.53,239.74,235.21,233.14,227.26,223.37,221.11,214.11,214.01,210.00,203.58,202.87,198.73,195.58,188.90,184.00,179.78,175.57,165.44,159.70,150.89,141.36,131.00,123.88,109.02
123.85,138.97,148.71,160.21,170.47,180.35,187.48,199.73,203.75,210.95,218.00,221.35,224.54,229.17,231.81,237.53,239.01,242.40,247.93,247.26,251.75,254.53,259.12,259.37,259.39,263.10,256.13,253.78,249.20,245.54,244.48,236.35,231.50,226.63,224.51,221.05,217.22,212.21,209.48,204.47,200.90,197.45,188.92,183.53,180.14,170.79,164.54,154.77,143.42,134.41,124.48,112.72
116.87,133.21,140.73,152.40,159.71,169.92,176.78,187.21,191.60,198.03,201.92,206.20,209.75,213.40,216.01,221.11,222.27,226.77,230.50,232.21,232.13,235.92,240.03,241.12,241.60,241.90,240.05,236.04,236.62,230.08,229.06,222.40,217.79,215.33,210.24,208.87,204.85,201.02,199.14,195.33,192.07,185.05,182.43,174.45,170.99,161.64,156.27,147.60,139.29,130.60,118.87,106.51
122.49,136.93,147.76,159.66,168.67,175.86,186.07,195.60,200.88,207.28,211.01,217.25,220.42,221.46,222.85,228.37,231.66,235.24,242.77,239.25,243.00,244.92,250.59,251.31,250.89,255.48,250.15,246.29,243.43,240.68,238.54,230.06,226.29,226.12,221.27,218.33,212.91,209.02,206.02,202.83,199.36,191.88,189.34,182.22,179.01,168.08,163.37,153.22,145.52,135.94,124.42,110.26
126.09,140.01,149.69,162.11,173.00,182.80,191.09,199.09,207.45,212.27,216.30,221.56,226.28,230.16,232.59,236.24,240.05,242.89,247.17,249.23,251.29,254.80,258.49,258.75,259.65,259.33,256.60,251.07,247.37,242.00,242.67,232.86,229.54,224.02,217.94,218.63,212.87,209.40,205.57,201.90,198.30,192.30,186.08,180.76,177.56,167.14,159.79,151.27,141.22,131.38,121.94,109.64
126.78,141.40,153.44,163.62,174.05,183.66,191.64,203.01,208.73,215.23,218.18,226.56,231.31,231.95,233.62,240.03,244.74,249.33,250.74,251.75,255.24,257.28,261.58,262.84,262.25,264.19,258.91,249.36,249.69,246.09,240.63,231.95,224.44,224.59,217.08,214.52,207.86,204.71,200.09,199.69,195.00,186.60,183.33,175.16,174.00,161.70,154.98,147.90,139.12,129.25,119.62,106.08
130.61,147.26,156.34,167.26,180.54,189.42,198.07,207.64,212.43,217.97,224.32,229.17,232.26,236.81,237.41,241.46,247.19,248.29,254.26,255.44,255.89,258.70,261.46,263.30,263.14,264.62,257.57,252.72,252.62,247.16,243.59,235.99,229.19,225.85,220.91,218.79,213.91,211.52,207.24,204.48,200.59,193.60,186.60,180.94,176.41,166.93,160.22,152.40,144.52,133.21,121.85,109.00
128.14,140.04,151.43,162.83,174.03,184.48,190.59,199.72,204.43,210.44,217.22,222.70,227.91,228.27,228.66,234.08,237.69,241.00,243.31,246.47,246.66,249.30,253.07,253.21,252.55,253.24,249.56,243.98,242.37,236.48,235.26,226.11,221.63,216.39,212.60,211.44,206.17,201.00,198.60,193.79,189.17,184.23,180.85,173.36,169.37,159.89,153.72,144.63,134.81,125.93,115.43,102.40
88.60,99.05,104.32,110.54,115.16,119.27,121.20,127.26,129.32,136.30,143.78,146.35,150.14,154.74,163.03,167.69,170.66,175.64,176.82,179.63,178.33,180.65,183.31,188.67,194.74,196.43,201.14,204.27,203.59,203.04,203.11,202.16,199.98,200.44,194.88,196.16,193.55,192.09,193.26,185.33,184.30,179.20,172.41,168.08,163.81,156.16,148.60,139.65,129.63,118.09,111.00,100.32
132.00,147.11,157.43,172.07,180.50,191.38,199.72,209.75,214.31,221.31,227.20,231.66,235.85,235.75,239.14,243.82,248.57,252.42,256.75,256.01,256.40,258.86,264.07,266.60,265.05,264.20,261.40,254.45,253.07,247.24,243.90,236.41,231.20,226.05,222.58,217.85,212.61,209.54,205.91,203.67,198.50,190.79,186.97,179.07,175.78,165.85,159.25,148.97,139.54,130.18,120.54,107.07
129.55,145.04,154.21,167.63,175.57,188.02,193.94,205.80,209.15,214.53,219.86,225.84,229.63,231.92,232.56,238.65,240.28,245.69,249.24,250.57,249.69,254.10,255.77,259.24,258.94,260.35,254.33,247.89,247.34,240.36,239.02,231.76,224.88,223.02,217.41,213.96,209.39,203.77,202.56,198.04,193.91,188.73,183.17,175.79,171.14,160.86,154.35,145.04,136.82,128.38,118.79,106.51
133.22,148.41,156.68,170.85,181.25,191.44,198.44,207.06,212.08,219.53,225.70,229.13,234.05,235.00,239.14,241.95,246.13,248.82,255.26,255.36,256.60,259.62,264.02,263.23,263.49,264.49,260.19,255.28,253.62,246.89,243.02,234.01,229.42,225.50,221.45,217.08,211.73,208.27,206.24,203.03,197.74,191.88,185.72,179.47,174.39,163.84,158.24,148.27,139.95,128.70,120.00,105.36
130.31,144.25,154.26,166.31,178.10,188.35,195.82,202.94,207.54,214.52,220.79,224.27,228.84,230.22,230.41,237.52,241.05,243.29,247.74,249.20,247.10,252.48,256.34,257.00,258.36,258.00,254.20,250.17,247.52,238.41,237.88,232.26,225.09,222.73,214.95,213.18,209.42,204.75,201.40,197.71,193.10,187.24,181.22,175.57,170.24,160.03,154.93,145.34,135.92,126.50,116.66,103.86
131.24,146.11,157.29,168.43,180.68,191.02,197.80,207.45,210.00,218.55,224.01,228.57,231.89,233.01,236.30,239.35,245.58,248.31,251.35,251.62,252.45,255.95,258.91,260.85,260.72,260.34,255.64,252.00,251.15,243.89,241.46,233.85,226.81,222.95,219.00,215.68,210.37,207.15,202.24,199.48,193.65,188.80,182.01,176.14,171.06,162.11,155.60,147.27,136.47,125.67,117.05,105.12
129.06,145.84,155.72,167.50,180.01,187.62,195.02,205.76,208.78,215.47,221.27,224.19,226.37,230.02,232.18,237.45,240.01,242.87,248.57,247.17,249.20,250.23,254.96,256.86,257.70,257.65,254.17,251.27,248.16,240.68,238.89,231.92,224.51,223.26,216.45,214.35,209.62,205.19,201.30,197.22,192.61,189.49,180.65,175.01,169.52,161.72,153.77,146.67,134.16,125.99,117.05,104.12
132.97,148.55,157.92,170.50,182.28,190.88,199.25,209.01,212.92,218.84,225.73,227.16,232.94,234.34,236.09,240.67,243.40,248.65,251.68,252.44,253.82,256.20,259.08,259.62,262.62,262.27,258.65,254.94,252.79,241.81,243.31,235.10,228.96,225.11,219.02,215.45,212.87,208.15,205.22,197.57,194.88,191.01,182.41,176.51,172.10,162.83,154.81,146.73,137.03,126.09,116.00,104.69
131.61,147.49,155.72,168.87,180.47,189.10,197.80,206.00,211.10,218.01,222.50,226.53,229.11,233.11,234.34,239.60,243.07,244.97,249.69,250.46,253.07,257.29,258.06,261.03,261.43,261.54,257.40,254.19,249.57,244.05,242.17,235.54,228.97,225.57,218.08,219.02,212.13,207.33,206.70,200.00,194.06,191.38,180.94,176.83,173.09,162.50,155.18,147.83,135.07,126.15,116.66,104.29
127.80,142.89,154.56,166.33,176.71,185.40,191.76,201.16,207.85,214.98,215.86,220.12,225.56,225.02,226.92,233.03,235.99,241.63,243.90,243.58,244.01,247.32,251.64,253.07,254.03,256.98,253.30,246.89,245.45,241.87,235.72,228.32,223.38,221.63,215.23,213.12,206.98,201.49,199.55,197.50,191.78,184.30,180.06,173.29,169.19,158.90,150.08,142.79,134.62,124.87,114.34,100.90
133.65,149.58,159.02,171.84,183.44,192.34,199.97,208.58,213.51,221.00,226.15,230.99,234.47,236.48,238.92,242.39,246.66,248.68,252.07,251.96,255.22,258.28,261.51,265.28,265.11,267.59,261.26,257.67,254.91,249.63,247.32,238.44,233.60,228.71,224.01,221.65,216.12,213.01,208.04,202.71,199.06,191.72,185.70,179.49,174.52,164.47,157.29,150.14,140.62,129.53,120.74,106.68
132.61,150.63,162.34,174.29,184.27,193.79,201.48,214.41,218.22,225.21,228.04,234.48,237.70,238.80,240.47,244.64,250.10,253.93,259.82,257.61,258.38,261.98,265.85,269.43,268.66,272.15,268.29,262.55,259.47,254.66,250.26,241.59,233.89,234.48,228.35,224.59,219.21,215.11,210.15,207.69,203.68,194.61,190.92,183.33,179.69,167.80,159.88,150.76,143.54,133.00,120.07,107.28
133.30,147.65,159.30,171.56,182.89,192.31,201.73,208.47,213.19,221.06,224.74,230.11,232.48,234.83,236.54,243.31,245.52,248.49,251.56,251.85,252.68,259.98,262.05,264.70,265.75,266.83,264.38,257.70,256.30,250.33,248.29,238.48,232.82,229.63,223.66,222.17,215.39,213.17,208.22,203.30,200.28,192.04,186.45,179.77,174.93,165.22,158.32,149.34,139.18,128.10,119.51,105.48
132.85,146.97,159.88,170.58,181.71,190.41,197.57,208.94,213.86,217.37,224.44,227.85,233.03,232.85,233.85,239.75,243.97,248.67,252.60,251.25,252.00,256.19,260.68,262.55,263.41,266.36,261.47,256.12,254.70,250.46,245.29,238.20,231.94,232.18,225.14,218.92,215.04,211.63,206.23,204.28,199.04,190.80,188.10,178.83,174.24,164.84,157.80,147.28,139.06,129.71,117.99,104.20
132.59,148.64,159.45,170.66,179.81,191.65,199.04,209.15,214.77,221.05,224.59,229.37,233.62,235.05,235.59,241.95,246.34,251.20,253.73,253.66,256.56,258.52,263.27,265.96,266.99,268.78,267.68,259.31,257.13,252.01,248.94,239.61,232.94,233.81,226.18,222.20,215.84,210.09,208.03,204.79,200.77,191.31,187.52,181.84,177.07,162.93,156.20,147.63,139.23,128.44,117.61,102.73
