102.90,113.18,119.10,127.77,135.10,144.56,148.17,162.79,164.60,172.05,178.03,182.00,186.32,186.57,192.02,200.50,204.61,211.01,215.36,221.00,229.24,237.00,242.87,248.00,254.91,255.52,258.04,252.05,248.90,244.62,236.58,232.16,223.58,217.41,209.25,205.00,197.12,193.26,188.14,182.12,177.72,170.84,165.12,160.64,154.69,147.80,143.60,133.99,126.50,118.87,107.34,98.79
142.87,156.71,169.50,183.34,194.03,204.22,210.80,221.98,226.57,229.79,234.52,236.17,237.54,237.02,235.31,237.54,237.69,239.40,240.05,238.21,232.95,234.34,233.28,232.57,231.10,230.08,222.41,218.04,216.37,207.51,203.04,200.93,195.49,190.90,184.11,184.81,178.36,174.60,172.71,168.32,165.02,161.64,156.89,151.24,148.82,141.29,137.93,129.81,119.20,111.31,103.58,93.41
139.98,155.08,167.76,180.01,190.94,203.91,208.43,218.06,221.05,226.45,230.41,231.98,232.95,234.36,234.34,236.60,235.48,237.17,236.48,233.99,229.44,229.83,229.53,229.71,228.54,227.04,222.00,214.31,213.24,206.65,201.36,194.13,190.10,184.53,179.85,180.25,174.73,174.07,171.48,167.03,161.68,160.59,154.03,148.77,145.58,138.80,134.62,126.85,117.15,109.11,102.30,91.30
138.85,153.38,165.89,178.54,187.30,198.12,205.80,216.54,219.11,225.32,224.74,229.47,233.15,230.05,229.17,231.23,231.02,234.10,234.14,230.05,224.61,228.27,226.31,224.19,223.89,224.57,217.91,210.52,208.60,204.08,196.47,192.26,187.86,187.58,179.51,178.37,171.84,167.97,167.05,165.42,162.46,154.72,153.58,147.85,144.59,135.72,131.02,122.70,118.07,110.14,98.06,88.12
138.71,153.69,165.08,179.74,187.92,198.44,208.00,216.94,220.05,224.08,227.11,230.00,231.46,229.54,230.10,231.46,230.87,231.59,235.03,231.37,227.06,226.59,224.52,224.45,223.21,223.62,217.12,210.44,208.59,201.22,197.25,193.19,186.01,183.17,179.69,176.30,171.72,170.05,166.38,164.64,159.86,154.30,151.99,149.21,142.68,136.61,130.29,123.00,116.38,109.02,99.64,88.65
94.30,105.95,111.83,120.35,131.06,140.04,143.13,154.57,156.67,160.86,167.82,167.93,173.07,176.59,180.25,187.21,191.09,199.32,202.20,206.05,214.48,225.22,229.90,233.33,242.02,240.67,242.66,238.30,234.34,228.27,224.56,217.38,206.69,203.90,196.24,193.04,185.54,180.60,176.48,172.01,165.89,162.00,154.55,150.00,145.00,137.46,132.83,125.67,116.69,108.78,102.77,93.06
105.36,117.39,126.09,136.37,146.71,156.08,161.61,171.76,174.66,183.98,186.17,191.21,199.25,198.60,203.30,212.15,218.40,226.63,230.49,234.54,242.71,253.94,259.39,263.40,271.97,271.15,275.09,269.27,265.06,262.53,254.56,245.52,236.32,232.33,223.14,219.54,207.41,204.71,198.60,196.21,189.11,180.10,176.41,169.65,164.84,155.71,149.22,141.99,131.90,125.26,114.06,103.86
101.24,112.93,119.94,130.70,139.27,147.73,155.71,164.78,166.43,172.00,177.20,181.47,186.14,188.22,192.04,202.23,205.12,213.60,216.63,221.27,228.83,240.64,244.47,250.01,257.42,255.52,259.38,254.02,252.40,247.49,242.03,233.38,223.90,219.72,211.01,207.14,197.02,192.90,187.20,182.86,177.78,171.24,165.28,159.93,155.21,144.89,141.32,134.42,125.92,117.04,107.70,98.29
94.53,108.27,120.34,127.81,136.01,143.02,147.99,160.65,163.25,168.81,172.74,175.96,179.81,182.99,185.93,195.87,195.44,203.77,208.39,212.62,218.28,227.06,231.03,236.28,239.99,241.67,241.99,237.39,233.91,230.52,224.18,217.70,208.25,207.71,201.72,192.35,185.13,184.05,176.01,175.42,168.24,162.03,157.19,150.90,147.00,137.09,133.15,126.83,119.82,114.24,102.83,92.28
147.87,162.75,174.26,190.16,199.48,213.02,220.24,229.54,232.90,239.38,240.24,245.00,247.03,244.62,243.94,248.65,246.52,247.73,250.78,246.03,240.61,242.79,242.30,240.66,238.80,239.21,232.23,223.65,220.44,218.28,212.42,206.74,200.32,197.02,192.72,189.49,184.38,178.34,176.82,175.35,171.17,163.71,163.57,157.54,153.24,144.80,138.08,128.88,123.00,117.39,105.11,95.01
97.42,109.59,114.77,124.31,133.00,142.34,148.40,159.40,159.03,164.17,170.58,171.33,176.23,178.89,182.79,191.64,192.21,201.14,204.88,209.80,214.70,225.54,227.73,234.47,241.31,237.30,241.51,237.35,235.75,228.63,224.44,218.51,208.28,202.51,197.36,193.58,185.33,181.14,176.69,170.58,165.41,161.38,154.56,149.83,145.00,139.01,133.06,126.49,117.41,111.40,103.16,93.19
138.41,153.83,166.11,180.04,188.72,198.76,207.66,217.19,220.78,226.10,229.84,231.21,233.14,231.62,231.81,234.56,235.48,235.48,237.02,233.85,227.64,228.30,229.90,226.63,227.70,225.85,221.11,212.98,209.70,205.42,200.12,193.87,189.26,185.61,179.77,177.63,172.90,170.95,166.64,165.05,161.21,156.11,153.26,148.00,145.03,136.19,133.02,124.20,117.89,108.24,100.18,91.55
139.28,153.83,164.47,176.80,187.24,197.02,206.70,215.65,217.67,222.01,226.24,228.71,229.27,229.16,230.06,231.85,232.00,231.66,234.10,230.71,225.61,226.34,226.92,223.01,224.21,222.18,215.60,210.40,207.86,200.14,198.49,192.51,188.47,181.25,178.39,177.61,171.55,169.67,166.00,161.28,158.34,157.04,149.68,147.15,141.50,136.03,132.26,125.40,114.04,106.30,99.96,91.93
112.04,120.77,133.54,139.46,150.47,158.81,171.33,180.40,177.00,183.15,183.36,194.65,202.54,203.95,207.18,214.71,221.46,229.84,232.12,238.01,247.15,256.33,263.93,265.84,273.22,276.44,275.75,268.80,264.82,262.79,252.01,245.42,236.22,231.81,227.06,219.83,210.30,205.60,200.19,198.06,189.56,182.86,177.41,169.81,167.05,156.21,150.33,141.66,134.35,126.76,115.26,105.77
136.40,151.46,162.93,175.65,187.00,198.46,203.95,214.77,216.57,221.62,225.14,227.01,228.55,229.07,228.27,230.26,230.41,232.00,232.12,229.26,225.52,225.86,225.87,224.27,222.51,221.42,215.86,210.12,205.23,201.06,197.34,191.13,185.71,179.89,177.77,174.47,170.08,166.74,166.21,161.01,157.19,156.24,149.01,143.96,140.03,133.96,131.02,122.53,115.28,106.02,98.41,88.87
139.01,153.24,165.49,177.92,187.07,199.54,206.63,218.13,222.08,224.88,226.81,231.21,234.35,232.24,231.48,232.31,235.08,235.64,237.01,231.25,228.23,227.80,228.48,226.64,224.44,226.38,221.45,210.68,210.89,204.36,201.68,195.17,188.22,186.08,181.00,177.55,173.09,170.08,165.59,164.17,161.03,154.54,153.10,149.48,144.59,135.15,130.36,121.08,118.11,110.02,99.02,87.86
138.31,153.83,163.84,177.49,187.32,198.93,205.55,214.65,217.33,223.93,226.45,228.67,230.49,230.38,230.47,233.85,231.04,234.36,234.37,232.13,224.11,227.66,227.38,226.36,224.96,222.64,218.76,210.20,208.06,202.68,198.30,192.51,186.39,182.57,177.10,175.93,171.35,168.88,165.05,162.05,159.24,155.54,151.40,147.05,141.21,135.35,132.03,123.37,115.43,107.42,98.95,88.57
141.04,155.46,164.15,179.63,190.12,201.32,209.06,218.51,222.04,226.06,231.18,232.18,233.94,233.36,231.71,234.98,235.42,236.24,238.32,235.42,228.09,229.45,232.11,229.46,229.51,225.67,220.57,215.14,211.15,203.84,200.32,196.70,190.38,184.69,178.71,180.55,174.62,171.48,167.94,162.93,160.70,156.60,151.60,147.76,144.70,136.19,133.33,125.26,115.10,107.87,99.64,90.92
145.44,160.52,173.83,189.16,198.01,211.54,218.01,230.12,233.02,239.64,240.61,246.04,247.24,244.14,244.00,247.03,247.03,250.42,251.09,245.03,239.13,242.24,240.52,240.17,237.36,239.35,232.33,223.11,219.64,214.15,209.61,203.33,198.92,196.21,189.43,188.22,180.54,177.54,176.39,174.27,170.04,165.39,162.50,157.29,151.82,142.68,137.36,130.61,124.26,115.77,103.25,95.86
138.25,153.26,166.02,180.00,186.85,199.41,205.63,217.57,221.46,226.10,228.24,232.05,233.73,230.05,232.57,235.28,234.77,237.88,238.17,233.57,230.03,230.08,229.40,227.02,227.55,228.27,221.55,211.48,209.30,206.34,198.44,191.86,185.32,184.35,177.77,176.66,170.48,167.84,165.92,161.51,156.98,151.33,150.27,145.52,141.22,132.14,127.44,121.10,115.83,108.37,95.82,87.46
99.30,111.77,116.76,127.91,135.37,144.22,151.21,161.11,163.53,167.60,173.74,176.57,181.40,184.95,187.10,194.61,198.92,204.24,209.80,212.35,218.30,228.32,233.94,236.95,242.70,241.45,243.25,238.74,235.85,229.73,224.93,217.94,209.30,203.73,198.46,193.61,185.78,181.80,178.04,172.53,166.68,161.03,154.33,149.26,144.81,138.23,131.87,125.92,118.60,111.63,102.40,94.15
141.16,157.00,167.71,180.42,188.73,199.85,207.15,219.11,221.02,225.49,228.18,232.42,233.31,233.56,232.59,234.35,234.00,236.48,236.41,232.69,229.40,231.22,230.27,227.64,228.13,226.32,219.58,213.96,212.44,204.14,200.56,195.43,189.27,185.65,181.76,179.39,172.96,168.03,168.68,165.16,162.11,156.98,152.74,148.10,143.60,137.91,132.44,124.79,115.38,108.93,100.46,90.02
140.21,155.13,164.23,178.73,187.58,201.20,209.12,217.75,221.50,225.08,230.83,229.84,232.72,232.08,232.62,233.08,236.04,236.66,237.72,234.09,229.47,230.67,230.03,228.24,228.12,227.38,219.23,214.93,212.42,206.83,201.47,195.23,191.06,185.19,181.62,180.60,174.45,169.66,168.72,164.10,160.63,159.01,153.45,147.83,144.17,135.59,132.32,125.72,114.44,107.20,100.96,91.84
101.13,111.13,113.09,125.00,131.91,141.21,151.72,159.11,161.91,164.61,171.19,173.33,178.76,182.58,187.77,193.21,195.06,202.27,206.34,211.34,218.05,227.69,231.57,236.81,242.07,241.35,242.03,239.08,236.86,231.26,225.53,220.05,209.68,205.57,199.49,195.97,188.37,182.73,177.05,173.10,167.86,162.10,155.18,150.45,144.22,137.36,133.20,126.76,118.26,109.17,102.59,93.86
96.38,109.02,119.55,127.19,134.63,142.76,147.83,160.01,162.02,166.21,170.43,176.88,182.43,182.00,184.57,194.54,195.67,205.00,209.70,211.27,218.68,226.02,232.14,233.26,238.54,241.75,243.92,234.96,232.88,229.94,223.62,217.04,209.77,205.00,198.91,194.64,184.20,179.35,174.39,172.53,167.09,159.21,155.76,149.05,145.21,136.47,130.74,122.48,116.21,111.07,99.64,92.65
138.81,152.76,164.76,180.61,188.32,199.02,208.12,220.01,220.77,226.63,229.30,231.04,232.57,231.81,232.09,235.31,235.59,236.12,236.23,233.81,227.77,230.02,230.87,229.39,228.21,227.77,221.21,214.44,209.99,206.86,201.42,195.03,189.27,186.85,181.54,178.76,173.10,169.53,169.73,167.15,161.82,156.72,154.84,149.33,146.28,135.95,131.93,123.69,116.39,109.34,101.08,89.02
96.90,112.07,119.68,126.38,137.00,146.12,152.24,161.04,164.66,167.97,174.01,176.77,182.00,184.25,187.26,196.02,196.39,204.16,207.71,211.15,218.79,226.50,232.09,237.07,242.40,242.32,241.13,237.07,234.44,230.38,224.50,219.32,210.83,204.19,197.80,194.61,185.93,180.71,177.81,171.49,166.42,159.51,153.76,148.86,145.36,138.71,133.82,124.15,116.97,111.04,100.28,91.66
146.66,161.64,175.01,190.28,199.40,211.93,217.45,230.29,234.40,238.76,240.00,246.03,245.52,244.72,244.39,247.59,247.94,249.11,250.71,247.43,240.10,241.32,241.87,242.55,239.83,239.71,234.36,226.45,224.74,218.01,212.76,205.01,198.80,196.37,193.31,190.38,182.24,178.81,178.22,175.84,170.14,164.01,162.25,157.61,153.79,144.10,138.70,131.24,123.45,116.11,104.81,94.81
96.30,109.34,115.84,124.33,133.24,143.60,149.21,158.71,159.93,165.76,169.96,174.87,179.40,180.95,184.20,191.47,195.58,201.90,208.49,210.20,216.67,225.50,231.05,234.54,240.28,242.66,244.56,237.93,234.92,232.08,226.68,217.01,207.62,205.53,197.34,191.43,184.35,179.81,174.55,172.88,165.65,158.43,154.01,147.53,143.67,135.15,130.55,123.00,114.28,108.23,99.30,90.20
138.32,152.45,164.98,178.66,187.52,198.06,205.99,218.55,222.41,226.00,229.80,230.87,233.03,230.33,231.25,234.26,234.34,235.85,234.83,232.82,228.08,230.06,231.21,227.56,226.93,225.66,222.32,213.64,209.44,206.60,200.18,195.60,188.85,186.82,180.80,180.50,174.15,167.73,166.93,164.66,161.72,156.54,153.05,149.40,144.92,135.51,131.24,123.97,115.10,110.75,99.62,89.09
145.52,162.27,173.07,186.70,197.95,210.34,216.90,229.14,229.92,237.41,239.28,243.31,245.07,242.14,241.96,247.59,247.08,250.94,249.90,245.66,240.80,243.46,242.32,242.27,238.40,240.47,231.91,223.11,220.24,215.72,210.79,203.30,194.93,193.04,188.16,185.41,178.66,174.05,171.64,169.36,166.03,158.37,156.63,151.61,147.31,138.72,134.32,126.19,118.96,112.11,100.72,91.93
137.61,155.23,164.21,180.21,188.81,199.01,206.18,218.19,219.32,225.89,228.27,232.33,234.71,230.95,230.82,235.05,235.08,236.71,237.19,232.00,226.82,229.80,230.31,228.53,225.85,227.04,221.95,212.71,211.09,205.73,203.49,196.47,190.60,187.88,182.27,178.73,173.40,167.62,167.28,164.76,161.52,156.11,154.30,148.39,144.52,136.37,131.47,122.80,117.46,109.17,98.33,89.56
140.87,154.74,165.56,179.81,191.47,200.42,205.99,215.65,220.19,224.16,226.24,229.63,230.69,230.14,230.93,234.36,234.89,238.30,236.36,234.54,229.31,229.79,230.05,228.67,229.34,227.23,219.92,213.78,211.65,205.10,202.68,194.74,189.40,184.66,181.34,180.71,173.44,170.99,167.60,165.15,161.15,156.89,152.00,147.00,143.61,136.85,132.46,125.59,116.16,108.69,100.26,92.18
138.95,153.63,167.00,180.27,187.77,199.86,207.12,218.75,220.59,226.87,227.20,230.89,234.87,232.56,231.37,234.63,234.83,237.74,236.17,234.05,228.04,231.22,229.01,229.40,226.50,228.24,223.52,212.00,211.44,205.51,200.80,193.88,190.25,187.86,181.34,179.30,172.70,170.02,168.43,166.01,160.43,155.21,153.59,147.76,143.56,135.96,131.55,122.53,117.80,109.93,98.51,89.81
145.36,161.03,172.45,188.94,197.23,210.68,216.93,230.11,233.17,237.15,239.63,242.21,245.46,243.60,241.40,246.05,245.99,246.15,247.31,244.25,238.32,242.03,241.82,240.28,239.07,239.35,232.48,223.08,219.61,213.83,208.81,203.71,197.29,195.18,188.43,187.11,181.80,176.78,176.32,171.47,168.24,163.03,160.35,156.47,151.60,141.01,139.28,129.07,122.67,115.41,102.88,93.24
136.12,150.31,161.25,175.84,183.63,196.49,200.90,212.44,214.98,219.65,220.05,225.98,226.38,226.14,224.24,228.60,227.17,231.97,230.49,227.40,220.27,225.50,222.17,222.17,219.89,222.20,214.83,207.64,206.32,200.25,194.70,189.76,183.97,182.02,175.41,172.70,167.36,165.03,163.51,159.77,158.04,152.32,148.10,143.69,139.12,131.95,128.13,120.22,113.37,107.30,95.88,87.37
147.18,160.53,173.66,188.50,197.91,210.24,217.68,228.58,232.22,236.96,241.21,243.18,245.18,243.84,241.97,246.13,246.25,249.61,249.36,243.25,238.32,242.35,241.81,241.54,238.53,240.42,232.22,224.88,221.17,216.01,210.23,205.00,198.01,195.48,189.02,188.50,181.34,177.23,175.03,175.68,168.81,163.44,161.76,155.72,150.44,143.56,137.75,128.13,122.38,117.34,104.02,93.30
147.79,164.54,173.14,190.06,200.53,212.17,220.88,231.23,233.26,236.60,241.51,244.56,246.59,245.39,246.46,249.63,249.02,249.51,249.06,250.19,240.47,244.00,242.16,243.21,240.67,241.55,231.92,225.50,224.96,216.10,211.01,205.68,201.22,195.30,189.26,187.30,183.45,179.94,177.86,171.70,169.50,165.74,160.61,154.64,152.05,145.62,139.70,131.40,121.31,113.22,106.40,96.13
138.81,155.24,164.51,178.10,188.86,200.57,207.40,216.30,219.11,222.99,228.09,229.44,232.01,230.17,232.11,235.05,236.14,235.69,234.05,234.26,227.85,230.76,229.14,226.74,228.04,226.99,220.20,213.86,211.62,205.24,200.03,194.33,188.51,184.07,178.28,177.50,173.46,168.44,166.97,163.49,158.15,154.99,151.33,146.56,142.01,135.69,131.52,121.71,114.54,108.56,100.18,89.10
144.69,162.52,173.28,186.39,198.65,209.77,217.15,229.80,232.77,237.17,238.25,243.29,245.25,242.10,242.00,247.16,247.75,249.65,250.68,245.03,238.56,241.13,241.03,241.67,238.95,240.01,234.34,224.02,220.95,216.91,211.44,205.30,196.60,198.21,189.53,187.47,181.50,178.49,175.31,174.73,169.12,162.63,161.81,155.71,150.33,142.09,137.90,131.05,124.33,116.43,103.82,94.76
147.09,162.83,173.88,188.74,199.57,210.30,217.69,230.08,232.12,238.00,242.17,246.38,249.02,245.08,245.42,248.48,250.51,250.35,250.26,246.43,243.02,243.30,243.03,242.92,239.91,240.07,233.07,226.38,223.16,217.86,211.85,204.47,199.81,197.00,191.38,188.81,182.00,178.07,175.32,174.77,169.17,165.08,161.55,154.78,151.21,142.00,138.93,131.05,122.59,114.98,103.09,93.61
146.74,163.38,174.15,186.87,199.32,210.80,217.17,229.71,231.39,239.06,239.77,245.06,246.10,243.50,243.56,245.46,247.95,249.56,249.26,244.56,238.82,242.27,239.57,241.75,236.23,237.70,231.56,223.99,219.86,216.90,210.11,205.12,198.04,198.49,189.99,186.45,180.83,175.79,174.80,174.13,168.77,162.93,161.05,156.16,151.35,142.84,137.03,129.87,123.44,115.97,102.18,93.02
143.57,161.28,172.19,187.27,195.43,208.34,216.45,227.79,231.01,235.72,238.25,241.09,243.02,240.93,240.44,244.66,244.86,247.63,247.01,241.90,238.30,239.07,238.60,237.08,235.28,236.18,228.97,220.33,217.06,213.43,207.02,202.94,196.22,194.04,188.51,186.39,178.64,174.43,171.64,170.95,167.31,161.97,160.03,154.00,150.00,141.48,136.61,128.08,121.04,114.39,101.83,93.23
145.10,160.01,171.59,189.64,197.68,209.16,215.74,226.29,231.29,235.73,238.76,238.88,242.03,240.21,242.01,244.37,244.59,244.13,245.81,242.55,237.26,238.41,239.08,236.37,236.46,236.02,229.17,221.90,221.11,214.67,208.47,203.07,196.16,191.76,187.52,185.31,179.41,176.32,174.05,169.92,166.21,162.00,157.88,153.17,148.76,141.65,137.01,129.12,121.26,112.40,104.00,94.37
137.30,152.55,166.21,178.37,187.01,199.86,206.94,217.71,219.49,225.62,228.24,231.35,231.61,230.82,228.95,233.31,234.44,237.70,235.53,232.77,227.68,230.83,229.71,229.31,226.24,227.38,219.42,212.25,210.19,206.46,200.96,194.26,188.56,185.53,181.28,177.20,171.05,168.44,167.24,165.15,161.51,155.56,152.28,147.30,142.76,134.97,130.86,122.77,117.15,108.17,97.08,89.56
144.59,159.73,169.01,191.19,196.58,210.09,214.15,228.21,229.37,237.45,239.75,244.01,244.93,244.97,244.01,247.05,245.73,246.85,245.84,245.54,244.00,241.11,241.50,240.52,238.05,238.02,231.04,225.67,222.85,214.93,211.62,206.31,200.83,194.55,190.52,189.77,185.53,182.13,180.49,174.35,170.66,168.12,162.93,159.11,153.64,145.77,141.33,134.54,125.57,116.02,107.35,97.42
140.25,153.84,164.64,176.38,184.10,198.67,204.69,216.92,218.91,223.66,223.65,227.74,230.22,227.43,228.21,231.29,231.01,235.67,231.66,229.99,223.90,224.61,224.80,221.64,220.93,221.58,219.36,208.04,211.68,205.55,200.66,193.21,187.67,187.46,181.37,179.25,173.49,172.03,167.92,167.24,164.15,156.95,156.32,150.14,146.44,139.86,133.02,123.98,120.10,112.68,99.98,92.72
146.37,163.41,173.00,188.69,200.12,211.14,220.10,231.87,232.88,237.29,240.28,243.82,246.97,246.66,243.53,249.51,249.39,248.87,251.33,246.48,241.30,242.60,243.65,241.17,240.58,241.22,234.13,226.13,221.89,219.10,213.01,206.19,198.93,196.36,190.94,190.03,182.39,178.07,175.51,173.35,169.33,164.00,161.51,154.87,150.72,143.59,140.58,129.44,122.67,114.87,105.00,94.19
146.70,161.25,173.63,189.02,196.16,208.83,214.44,229.49,231.28,237.24,237.80,241.23,244.90,242.40,239.71,242.76,243.07,245.12,246.71,242.26,236.45,237.44,240.16,236.78,235.17,238.32,229.81,222.15,219.79,216.02,209.80,205.83,199.62,195.88,192.01,187.72,183.70,178.90,177.75,175.11,171.05,164.12,165.86,159.67,156.00,145.53,140.55,130.91,124.48,117.21,104.69,95.13
99.85,111.76,119.11,130.43,138.13,146.56,155.12,164.81,167.00,170.14,176.48,180.27,182.12,186.03,186.45,196.06,201.30,207.88,209.39,213.82,220.24,229.01,234.34,238.20,242.42,243.94,243.20,239.35,236.55,232.97,225.89,220.07,210.29,205.65,202.04,196.70,187.47,183.60,176.03,174.72,169.10,161.28,156.97,150.44,147.34,139.52,132.77,125.40,117.61,111.61,101.87,94.37
148.31,165.39,174.75,190.28,200.42,214.79,220.98,231.86,235.16,239.40,242.98,244.50,246.38,246.91,245.38,251.00,248.24,249.23,250.00,248.20,242.49,245.80,244.64,241.83,240.19,241.68,233.91,226.38,223.71,217.44,213.47,206.49,200.74,196.25,189.84,187.63,183.35,178.84,176.41,171.23,164.94,163.25,158.68,153.95,149.50,141.21,139.04,129.77,118.85,111.40,104.74,92.66
98.01,113.16,116.97,132.97,133.54,143.84,147.58,160.33,171.13,173.36,178.04,176.56,187.13,190.43,192.42,196.51,202.24,207.51,209.35,216.70,231.25,244.62,249.30,255.03,259.68,260.62,261.94,258.75,256.16,247.78,244.63,236.88,225.43,219.49,211.74,206.65,199.62,193.15,189.27,183.70,176.95,171.23,164.01,159.10,151.40,145.33,139.61,132.38,123.11,113.46,107.12,97.49
100.08,102.88,118.00,130.25,136.95,140.98,148.22,167.15,169.94,172.82,180.85,177.90,186.68,190.55,191.64,195.06,202.79,206.40,211.15,217.28,231.32,242.00,249.54,253.81,261.45,260.91,260.49,259.17,254.57,247.00,244.99,237.76,225.08,219.24,210.61,206.71,199.21,190.22,188.72,180.88,174.43,171.83,162.73,158.32,153.18,144.63,139.70,131.67,122.00,115.17,105.48,95.85
105.12,118.07,128.51,137.19,145.41,154.55,161.30,174.01,175.91,182.02,184.20,191.13,197.31,197.49,200.44,208.89,215.26,221.63,225.53,229.92,238.10,245.52,253.40,255.37,262.08,264.01,263.62,256.44,254.95,253.67,242.99,237.15,227.18,225.49,215.28,211.98,202.05,195.87,190.54,188.86,182.54,174.38,170.70,162.29,159.70,150.15,143.12,135.09,127.81,123.15,109.48,100.66
100.69,107.35,123.79,134.37,139.85,147.00,154.00,163.51,166.41,171.48,175.86,180.01,184.17,187.38,190.51,197.52,201.14,208.87,213.06,216.58,220.06,228.78,235.92,237.31,243.31,243.40,245.54,240.75,238.16,233.33,225.86,220.42,212.04,209.61,199.32,196.16,185.83,182.00,179.40,172.80,168.60,160.64,155.21,150.57,146.00,139.61,132.46,125.30,119.94,112.18,103.08,92.96
147.58,163.44,174.91,188.22,200.81,211.55,220.18,228.32,232.26,238.61,240.35,243.39,243.68,245.46,244.99,246.33,246.98,248.29,246.95,244.23,241.01,242.24,239.84,238.41,239.71,237.54,231.61,227.66,223.14,217.02,212.22,205.73,201.82,197.09,191.06,190.76,185.95,181.16,179.07,177.75,172.70,170.00,161.82,156.29,154.90,146.76,142.28,134.83,124.47,116.21,108.68,98.62
98.51,110.49,117.41,126.53,136.72,145.99,151.82,161.79,163.69,167.76,174.18,175.14,180.58,184.62,187.22,194.79,198.43,204.85,210.54,213.86,220.42,229.58,233.41,238.88,243.31,243.15,244.12,241.25,237.68,232.61,226.32,221.63,211.04,205.91,201.02,194.83,187.54,184.09,178.04,173.95,167.72,160.90,156.44,151.48,145.60,138.03,132.62,127.35,119.51,111.16,103.46,93.35
142.28,160.21,172.79,181.75,194.31,206.24,209.61,219.46,224.97,227.52,233.39,234.83,236.78,238.50,237.69,243.02,246.98,248.92,251.24,251.10,249.23,255.64,258.01,257.01,258.38,257.20,254.04,242.69,236.16,230.63,220.77,213.36,197.91,193.99,177.00,169.81,158.15,149.08,142.71,137.59,130.25,122.98,118.73,112.07,110.54,106.23,99.73,96.25,91.00,86.82,80.96,73.82
138.31,154.03,163.48,180.24,188.61,201.46,205.19,220.08,220.73,224.51,225.58,229.68,233.46,230.59,230.10,231.39,234.42,234.97,233.32,229.27,226.38,228.85,227.34,225.30,225.89,225.00,219.36,212.17,209.99,204.59,200.21,193.50,188.14,185.57,180.27,179.71,175.86,171.19,171.13,164.47,162.00,159.42,155.60,150.43,145.60,139.09,135.15,127.02,118.83,111.57,100.26,92.18
95.02,105.70,112.02,122.00,134.42,140.43,147.76,156.71,160.70,163.81,169.00,171.45,176.71,180.24,182.58,190.85,196.54,201.76,205.07,212.23,217.39,225.49,231.81,236.81,239.94,240.67,241.75,239.76,235.69,230.16,227.98,219.82,212.00,204.00,199.12,192.60,188.44,183.83,176.62,173.29,166.14,163.78,155.44,149.56,145.58,138.80,133.96,126.85,117.15,110.72,102.62,92.78
112.38,126.37,132.88,144.22,153.17,162.50,171.28,181.60,185.44,188.10,195.44,198.04,204.66,205.68,209.34,216.97,220.23,227.56,233.93,237.92,245.80,252.73,259.56,262.88,267.85,268.43,268.15,262.98,261.87,258.16,249.15,235.24,230.99,198.44,213.23,215.52,208.90,202.57,196.47,190.92,185.97,179.01,172.68,165.05,161.55,156.60,149.84,140.21,130.94,123.02,114.83,103.71
106.07,119.77,127.00,137.42,146.58,154.92,163.37,173.57,175.82,179.39,184.10,188.04,195.13,196.96,200.32,208.06,211.83,220.08,224.61,226.89,233.08,242.04,247.03,251.03,255.88,256.80,258.14,250.10,250.57,247.20,237.63,222.44,220.82,191.65,204.66,207.45,198.83,192.09,187.00,184.89,178.53,171.86,167.72,158.69,153.64,147.56,140.60,133.54,126.10,117.18,108.17,100.60
107.84,117.11,129.29,139.03,146.89,156.52,164.20,176.71,177.07,183.85,187.88,192.92,199.09,199.09,202.30,213.38,214.16,224.29,225.04,231.28,240.03,247.63,255.88,257.48,262.27,264.49,266.38,257.86,254.89,253.01,243.92,237.70,229.51,225.98,218.33,212.13,202.16,196.47,191.66,189.00,182.73,172.68,170.05,163.87,160.31,148.30,143.75,136.34,128.41,119.82,109.49,100.40
148.48,162.61,174.42,187.88,201.70,212.76,222.20,231.08,232.66,238.65,243.07,244.25,247.74,244.40,245.08,246.25,250.14,249.65,250.34,247.54,242.66,242.87,242.71,241.00,241.66,237.84,231.02,226.88,223.95,218.02,211.24,205.88,200.17,195.13,189.17,188.10,182.80,178.73,175.05,171.84,168.63,166.60,160.01,153.00,150.63,143.54,140.89,130.61,122.33,114.62,106.53,94.83
146.17,162.25,172.41,187.64,199.90,211.74,219.49,228.62,231.25,236.02,238.41,240.35,244.23,243.18,242.67,247.21,246.64,246.13,247.89,245.28,238.00,241.63,238.73,238.47,237.03,236.93,228.23,220.86,220.49,215.06,209.01,202.20,197.95,192.92,186.08,186.70,179.89,178.20,174.89,170.84,167.08,165.02,159.23,153.18,147.31,141.78,137.36,129.08,121.07,114.49,103.24,95.08
97.51,108.71,117.18,129.40,133.09,143.68,149.89,163.62,163.52,168.08,172.47,177.72,183.58,183.53,185.22,195.06,197.25,206.19,207.04,212.87,217.83,226.13,232.24,233.35,239.83,243.77,245.49,236.48,235.19,230.77,225.08,218.52,209.80,205.77,199.36,194.28,185.92,181.29,177.28,173.40,168.51,158.42,157.04,150.71,147.50,138.19,132.23,125.24,116.62,112.79,101.02,93.19
138.74,152.90,163.78,178.81,187.56,198.09,206.70,216.89,218.58,224.00,225.84,228.47,231.25,228.35,229.20,231.01,233.12,233.21,232.73,230.76,226.07,228.12,226.55,224.47,222.58,223.61,215.06,209.76,208.72,204.38,197.85,193.68,186.27,184.45,180.35,179.05,173.08,170.11,167.60,165.22,161.94,156.42,152.32,147.05,143.57,137.28,133.54,126.14,118.30,110.21,100.96,90.47
91.93,103.47,111.29,125.00,133.14,147.27,153.57,163.48,160.88,164.27,168.60,170.63,175.41,179.94,183.38,193.77,198.46,204.69,209.19,212.79,218.96,227.86,234.46,236.76,245.40,246.45,248.20,240.63,240.52,234.10,227.78,220.48,212.51,208.17,199.57,196.60,187.55,183.22,178.23,172.63,170.63,161.45,156.22,149.79,145.91,136.12,132.38,125.25,118.60,111.25,100.96,93.13
139.60,152.80,164.35,178.00,188.16,200.21,206.04,218.49,220.24,226.87,226.90,228.79,233.08,229.49,231.39,233.09,231.77,233.05,231.42,232.11,226.26,227.44,227.49,223.78,225.25,222.93,216.57,211.22,210.00,203.89,201.04,194.25,188.82,185.80,180.50,180.28,174.45,170.85,168.00,164.12,161.03,158.24,153.15,148.35,144.84,138.92,134.01,125.96,117.96,107.04,102.08,93.56
147.72,163.00,174.93,187.86,198.29,210.11,218.49,229.90,234.05,238.65,240.58,242.74,245.94,243.67,242.16,245.67,244.38,247.70,247.00,243.29,237.89,239.43,240.01,237.74,233.91,237.66,231.68,222.09,218.39,213.82,210.95,204.53,199.25,197.20,191.70,190.42,182.04,178.68,177.80,174.61,171.40,164.05,162.25,158.22,153.70,146.11,140.94,132.65,124.31,117.07,105.12,97.01
138.83,155.90,168.81,179.03,188.61,200.38,204.02,215.13,219.74,221.33,228.47,231.19,234.08,232.86,230.65,237.06,236.86,244.63,243.03,243.31,247.13,248.36,251.02,250.60,249.11,251.96,249.80,238.44,231.76,223.33,216.32,210.34,193.83,190.25,176.58,166.78,153.22,145.24,138.16,133.73,129.80,120.34,116.16,110.98,108.24,102.73,97.25,93.02,91.59,87.21,78.52,74.52
138.31,151.16,162.83,175.58,186.70,196.21,204.44,213.02,216.00,220.00,224.83,224.84,227.08,226.81,225.36,228.58,228.55,227.69,228.63,227.71,221.50,221.47,223.60,220.31,219.86,220.00,213.95,208.87,206.90,200.37,195.93,189.68,184.04,179.98,175.84,174.92,170.85,167.20,164.75,160.56,157.04,154.43,150.81,143.68,142.27,134.46,132.02,123.63,115.76,106.83,99.33,89.56
99.37,111.04,119.01,129.10,136.01,145.58,152.64,162.60,164.16,169.43,173.42,177.49,183.02,185.35,186.39,194.74,197.25,204.20,207.70,212.91,220.23,227.22,231.97,237.22,241.96,244.61,243.46,235.85,236.58,229.43,224.47,219.97,210.04,206.65,200.19,196.60,188.73,183.56,179.47,173.95,168.22,161.60,158.03,152.74,147.09,140.01,134.65,126.30,119.22,113.60,102.59,93.23
147.67,162.01,173.66,188.22,200.01,213.51,219.80,230.22,232.26,236.96,240.13,243.26,244.90,243.40,243.07,247.74,247.76,248.28,246.60,245.31,238.61,241.37,241.14,239.07,235.54,234.65,230.67,222.57,221.21,213.96,208.56,201.61,196.70,193.46,187.42,184.07,179.98,176.00,173.92,170.00,168.39,161.25,156.04,154.01,147.12,143.09,137.48,128.00,120.22,114.24,103.23,92.03
139.04,155.31,166.51,180.14,189.07,201.82,208.02,218.91,221.18,227.61,226.55,232.41,234.31,231.69,229.46,234.05,235.26,236.58,234.83,231.21,224.96,229.00,227.34,226.02,222.87,225.22,217.82,211.06,207.86,201.72,199.15,195.21,189.72,187.22,182.49,180.42,174.67,169.45,167.63,166.24,162.61,156.54,154.67,148.22,144.90,136.50,131.53,123.75,118.07,111.00,99.64,90.92
147.18,161.60,174.77,188.48,199.90,212.06,216.92,230.42,231.93,237.76,238.03,244.63,246.79,244.25,242.51,246.71,245.35,246.95,247.46,243.98,238.42,239.00,239.73,236.93,235.19,237.07,231.29,219.97,218.07,214.22,210.01,201.26,198.60,196.36,191.05,188.45,181.80,178.54,176.17,174.00,170.88,164.00,162.86,155.42,151.60,143.85,139.43,129.20,124.19,115.41,102.63,94.34
146.86,163.64,173.28,189.71,200.06,213.22,220.19,229.40,231.21,237.19,241.10,244.86,246.13,244.91,242.86,247.07,248.24,247.84,246.21,243.58,240.11,242.24,241.98,240.15,239.04,236.46,229.38,223.89,219.54,213.85,208.78,201.16,197.19,193.17,186.45,185.54,181.95,178.84,174.23,169.85,166.21,163.67,155.47,149.41,147.65,140.87,138.61,129.12,119.47,111.31,101.49,92.03
147.63,164.73,174.93,189.42,202.94,213.82,221.90,230.87,233.81,239.01,243.13,245.49,246.29,245.84,247.54,249.58,248.92,248.65,250.46,246.27,241.05,245.20,240.47,241.77,239.01,238.58,230.99,224.56,220.38,213.74,211.15,205.88,197.43,195.17,187.45,185.06,181.97,177.60,175.33,171.98,167.87,164.60,158.39,153.42,148.49,140.55,137.64,130.63,120.00,112.72,103.25,91.92
93.92,104.48,113.18,123.07,129.40,137.30,147.33,157.47,158.86,162.93,166.37,171.86,177.18,179.07,182.99,190.55,193.66,203.21,207.28,208.47,215.24,224.24,230.71,233.33,239.35,239.70,242.86,236.78,233.62,232.23,224.38,217.09,209.48,207.78,199.62,194.76,186.39,182.19,177.01,174.72,168.43,160.43,158.40,151.95,147.30,140.07,133.82,126.67,119.33,114.83,103.81,93.86
146.51,170.02,174.84,191.44,202.76,211.86,220.99,230.71,233.81,241.35,240.03,244.08,246.34,246.48,245.54,249.45,250.15,251.44,247.52,246.97,241.30,243.20,239.12,239.44,240.23,238.10,232.48,223.27,220.81,213.71,209.31,203.25,196.99,194.26,185.26,185.22,180.77,176.03,174.14,170.42,167.03,161.38,158.66,153.00,148.96,142.52,136.49,128.47,119.57,113.74,101.83,92.44
98.90,109.17,119.92,127.80,135.91,146.29,151.08,161.42,164.54,168.75,172.68,177.91,181.65,183.44,187.32,192.35,195.26,205.01,207.62,211.53,219.40,225.94,233.00,236.41,240.42,240.63,242.44,235.91,234.69,229.01,225.61,219.01,210.79,204.78,199.16,195.21,187.45,181.02,177.67,173.30,167.51,162.19,156.54,151.49,147.41,138.05,132.67,126.14,119.00,112.36,103.32,94.34
148.49,165.15,176.05,189.50,198.93,213.19,221.69,229.65,234.09,238.47,242.53,244.10,246.85,245.49,245.00,247.68,248.36,249.90,248.21,247.32,240.88,243.21,240.67,242.16,240.41,237.07,228.97,224.19,221.84,212.00,211.01,204.71,197.49,189.79,186.76,185.59,180.48,177.16,173.17,170.19,166.03,163.84,157.87,153.69,147.03,141.21,138.13,127.82,120.81,110.91,103.23,89.84
149.40,165.22,175.51,191.21,200.20,213.28,222.17,232.42,233.31,240.63,241.63,245.07,247.29,245.73,245.46,247.34,249.56,251.06,250.00,247.42,241.51,242.60,241.60,240.65,239.35,239.42,229.65,223.73,221.71,214.72,209.75,205.00,196.35,192.23,187.10,187.63,180.95,176.73,174.55,170.88,166.97,164.35,158.90,152.33,148.93,140.91,137.09,130.06,121.08,111.87,103.32,91.27
94.40,105.02,112.29,120.07,127.14,136.36,144.09,153.69,154.46,160.11,165.59,166.72,174.94,174.66,179.74,186.68,192.01,201.06,202.43,203.69,210.16,220.27,227.74,230.41,234.14,237.02,237.05,234.54,232.07,228.42,218.84,212.71,205.93,202.79,197.50,191.41,182.39,177.55,174.29,172.86,167.89,159.01,155.93,150.76,146.24,137.84,134.63,126.04,118.93,112.29,103.77,93.94
149.20,164.40,179.04,191.95,203.04,213.30,221.29,233.69,238.54,241.77,244.64,247.13,250.80,246.98,245.75,248.91,251.25,251.41,251.80,246.79,242.17,244.12,244.60,242.72,240.30,242.84,233.00,223.18,220.08,216.93,208.09,202.07,197.39,195.82,189.43,186.78,178.89,175.16,171.82,170.86,165.60,158.98,157.04,152.86,148.40,138.16,133.54,124.20,117.99,110.54,101.02,89.09
148.95,165.49,178.68,191.39,202.89,215.23,222.25,234.27,239.44,242.26,242.25,248.85,250.57,248.77,246.27,249.76,248.21,252.44,252.23,247.78,242.00,246.08,244.63,243.53,241.68,243.35,234.80,223.52,222.03,216.45,212.05,202.23,196.99,194.99,189.40,186.26,179.07,175.33,173.37,170.66,166.93,159.52,159.24,154.94,147.26,137.30,134.62,124.33,120.34,110.05,100.42,90.82
142.62,159.81,171.41,185.87,194.65,206.79,214.11,224.20,227.71,231.21,233.68,237.76,238.73,238.19,236.62,239.53,241.03,240.39,242.62,237.03,232.57,235.97,233.96,233.31,230.17,232.26,224.80,218.08,213.15,210.01,203.35,195.65,190.38,187.02,180.89,177.63,171.60,168.55,166.00,163.82,160.80,154.51,152.09,146.28,141.03,132.41,128.88,120.07,112.80,107.54,94.76,86.02
136.13,153.94,163.19,173.76,185.54,197.23,199.46,211.02,215.60,215.56,224.44,224.66,228.09,230.43,227.18,233.60,233.00,237.67,238.61,240.53,240.60,242.32,246.14,244.25,245.70,242.59,237.55,228.88,219.66,210.34,205.20,193.60,177.81,170.85,154.74,144.28,135.37,128.80,122.33,116.83,114.93,112.22,107.07,103.77,102.08,100.85,96.08,93.15,89.07,81.10,80.21,73.74
109.88,124.40,132.23,142.27,151.12,161.01,170.58,180.71,182.54,189.76,193.87,197.73,204.08,206.02,207.82,217.17,222.04,229.03,233.65,238.08,244.20,253.03,259.62,264.20,269.77,271.27,272.12,266.76,262.94,258.26,252.77,246.83,235.69,228.58,222.64,217.37,210.61,205.41,200.23,196.01,188.82,183.04,175.96,171.72,165.56,159.45,152.09,145.61,135.60,125.87,116.28,107.35
96.57,110.11,116.36,126.67,134.63,145.06,149.62,160.33,162.86,167.01,170.76,175.32,180.85,182.73,184.88,191.69,196.40,203.48,207.18,209.35,217.37,226.31,229.17,234.61,239.44,240.00,242.00,236.44,234.79,228.35,224.29,218.76,208.00,202.25,196.74,193.96,187.42,181.89,178.53,173.92,167.03,162.86,155.90,151.86,147.08,140.81,136.08,128.76,120.83,111.65,105.26,96.26
140.25,156.44,166.47,180.28,191.37,203.09,209.97,220.55,222.65,227.27,229.90,233.26,235.59,232.59,231.66,233.55,238.12,236.07,237.66,234.67,226.08,229.09,230.79,226.63,226.81,228.04,218.67,213.74,209.48,205.12,198.30,194.94,187.86,185.30,182.04,180.23,174.75,170.14,167.63,166.43,162.19,158.32,153.22,148.76,146.01,136.48,130.94,125.06,116.46,109.34,99.98,90.26
139.79,156.12,168.24,181.96,190.77,202.41,209.69,221.60,223.49,229.67,228.35,234.77,235.27,233.31,234.08,236.32,238.20,239.76,239.21,233.73,228.71,233.21,230.59,229.46,228.05,228.47,222.08,212.71,211.54,204.94,200.00,193.19,188.04,185.54,179.80,178.87,172.03,166.63,165.03,164.54,159.62,152.46,150.34,147.76,143.17,134.18,130.27,120.07,113.95,106.89,97.67,87.24
139.65,154.47,166.68,179.75,190.19,202.04,209.55,219.60,220.05,226.64,227.71,231.19,232.97,232.08,230.34,233.48,233.57,236.38,236.13,229.67,225.14,226.77,228.41,226.82,223.97,226.50,218.83,211.63,208.83,204.55,198.93,192.44,184.82,185.33,181.24,179.14,171.51,170.51,167.51,166.01,161.72,155.91,154.93,146.51,144.53,134.85,131.06,123.37,116.78,109.57,97.05,88.77
148.76,166.77,183.17,196.10,203.54,216.93,227.42,233.08,240.35,243.29,246.90,247.83,249.07,248.16,246.98,252.73,251.02,251.80,253.79,249.85,244.03,248.34,247.88,244.20,243.81,242.17,235.65,228.79,225.18,218.93,215.03,207.97,199.33,194.86,189.27,187.63,180.94,178.10,174.63,170.60,166.47,163.51,157.05,152.11,148.84,141.21,137.71,129.25,118.87,111.43,103.08,93.11
150.63,169.12,181.22,195.56,204.48,215.82,226.37,238.42,240.19,244.68,246.40,249.42,252.00,249.00,247.16,252.29,250.57,254.47,255.00,250.06,244.24,245.84,248.47,244.84,242.99,243.48,237.15,227.77,225.00,219.92,213.60,205.46,198.28,196.73,191.02,188.43,181.80,177.34,175.07,172.70,169.75,161.64,160.11,153.26,149.45,140.42,134.41,125.06,121.08,113.28,100.72,91.02
137.44,152.20,164.30,176.24,186.87,197.73,205.07,215.54,217.67,222.71,223.52,226.61,229.21,225.27,225.47,229.10,231.14,232.11,230.63,225.38,220.77,223.73,223.19,221.05,220.51,221.05,214.59,205.27,203.96,198.65,193.00,188.92,182.66,183.00,174.80,173.73,169.01,165.65,161.60,162.25,158.69,152.32,149.97,146.25,141.57,133.28,127.28,119.41,114.74,108.17,94.63,85.98
140.98,155.90,167.69,180.51,190.77,204.24,208.54,219.74,222.09,227.97,230.79,232.30,234.34,233.05,232.41,236.48,236.28,237.74,236.76,234.65,229.21,231.08,230.42,230.01,227.74,226.42,219.13,212.26,209.40,202.20,199.02,192.67,185.95,180.54,176.50,175.31,171.49,165.58,163.82,160.20,157.71,154.83,147.80,142.52,140.04,132.61,127.91,120.95,111.83,102.70,97.06,87.05
145.84,161.25,173.63,187.45,196.84,208.09,215.80,229.11,230.67,236.33,237.69,240.65,243.61,239.13,240.71,243.88,244.68,245.76,247.70,239.41,235.97,236.02,237.54,236.64,234.75,235.26,225.52,218.50,217.46,212.64,206.16,202.20,194.16,193.34,187.28,187.77,179.52,175.96,173.51,171.82,168.07,160.90,158.49,154.78,150.07,141.21,136.09,126.53,120.25,112.36,101.41,91.79
140.04,156.17,166.03,181.55,190.07,201.36,208.66,220.13,222.19,228.22,229.43,233.19,236.48,232.48,232.05,234.80,235.32,235.92,236.03,233.93,228.27,229.84,231.01,228.01,225.89,226.27,221.69,211.19,208.00,203.25,199.00,192.42,186.68,184.61,179.01,176.08,170.95,164.76,165.30,162.05,159.78,150.14,149.08,145.33,141.51,132.41,128.46,117.52,113.22,106.15,96.18,86.15
141.17,156.54,167.74,182.65,191.44,204.88,211.51,222.20,226.00,229.71,230.71,236.21,237.50,235.85,233.60,236.59,236.54,240.86,239.01,234.39,228.56,231.98,231.51,230.49,228.44,229.06,222.00,214.04,212.20,206.04,199.62,194.99,189.01,188.79,180.43,180.10,174.45,169.53,168.77,168.44,163.62,156.42,155.93,150.55,144.84,138.22,131.85,124.04,117.78,109.79,98.11,90.26
138.65,154.28,166.33,179.33,189.38,201.76,206.53,217.18,218.16,224.18,225.14,229.67,233.34,229.30,229.48,231.28,232.56,234.44,232.65,230.49,225.26,226.53,227.01,222.34,222.75,223.18,216.92,209.57,207.39,201.59,197.31,191.53,186.94,184.04,178.13,175.52,170.95,167.84,164.94,163.78,158.62,155.05,151.70,146.58,141.35,134.54,131.23,122.00,115.52,107.30,97.25,87.80
141.23,155.68,166.05,179.23,192.33,203.39,209.19,219.20,220.79,225.68,230.22,232.56,234.62,232.50,231.17,234.14,234.80,234.45,235.10,232.11,227.17,229.75,228.83,226.01,225.55,223.73,217.08,212.90,209.82,203.96,197.12,192.94,188.61,184.68,178.00,177.49,173.90,170.55,167.87,164.78,160.23,157.10,152.23,147.33,142.51,137.06,133.60,125.57,116.21,108.34,100.66,88.54
109.49,121.76,131.76,142.04,150.81,160.18,169.14,180.00,181.84,186.02,191.46,196.70,202.01,204.12,206.63,215.26,219.66,224.90,229.71,233.62,243.81,250.14,258.77,261.23,266.59,267.29,268.73,262.23,260.27,255.63,248.65,242.00,231.81,229.44,222.75,216.70,208.37,202.25,197.70,195.42,188.40,182.36,175.23,170.29,166.87,159.21,152.19,145.53,135.83,128.55,117.05,107.04
141.22,156.60,170.04,183.98,192.84,204.66,212.36,223.29,225.75,232.13,231.95,235.82,238.67,236.03,236.40,239.14,240.42,243.19,239.84,237.26,231.69,235.36,233.40,234.00,229.11,232.46,225.53,214.98,212.47,208.87,201.80,195.43,189.18,186.49,182.99,178.47,171.41,167.52,164.44,163.25,158.67,152.74,150.62,146.40,140.66,132.19,126.38,118.98,112.80,104.69,94.09,84.69
141.35,157.06,165.60,180.06,192.42,201.32,210.89,221.47,222.97,226.00,232.03,233.62,234.34,235.23,235.64,236.92,238.32,236.70,238.44,234.34,231.20,231.40,231.25,228.27,228.46,228.25,220.41,214.44,209.32,204.17,197.65,192.15,186.10,181.66,178.47,176.78,171.99,169.05,164.55,159.73,157.27,154.62,148.38,144.68,140.29,134.63,130.67,119.87,112.07,104.55,96.61,86.02
136.30,152.32,162.83,174.48,185.97,199.62,203.21,212.60,216.68,222.35,228.13,229.16,231.42,230.23,229.65,233.32,231.19,235.42,236.28,233.62,226.93,231.95,228.54,227.61,225.97,223.22,214.57,205.53,203.82,195.49,190.28,183.98,175.39,172.63,165.22,161.99,156.67,153.57,151.21,146.37,145.53,139.43,137.44,131.31,126.19,118.41,116.11,109.66,102.39,93.48,84.72,77.41
139.18,153.24,164.07,178.39,187.38,199.96,206.49,218.52,219.53,224.10,226.63,229.31,231.11,229.26,230.78,231.80,231.50,233.57,233.63,230.79,223.47,226.11,226.06,224.85,224.40,222.55,217.12,210.04,209.82,202.25,197.68,189.84,186.32,182.45,177.34,175.15,170.14,169.19,166.60,163.22,157.81,155.00,149.89,144.62,141.48,135.18,128.55,123.07,114.54,106.17,99.02,87.73
140.09,154.94,164.79,180.00,191.08,202.36,208.40,219.87,220.41,226.63,227.84,230.59,232.02,231.21,231.41,233.75,234.80,236.08,235.94,234.39,227.63,228.28,228.88,226.95,225.80,225.41,218.11,213.59,211.09,204.45,199.46,193.83,187.56,186.66,179.14,178.46,172.94,168.69,168.15,164.15,159.51,155.76,150.85,147.08,142.43,137.77,130.86,123.44,115.36,107.70,99.01,88.77
141.60,156.54,169.25,183.81,191.76,203.75,211.90,223.57,225.06,231.04,232.71,236.24,238.10,235.47,235.92,241.40,238.03,242.00,241.78,236.32,233.08,235.42,233.48,232.02,231.51,230.59,224.40,214.62,213.38,207.63,202.39,196.17,189.02,184.46,179.55,179.45,172.63,168.44,166.21,165.52,161.00,155.36,152.27,146.75,143.00,134.35,128.63,120.42,113.65,107.04,93.98,85.70
140.46,158.49,168.19,183.39,193.29,205.80,211.12,222.04,226.11,229.96,233.81,234.25,237.31,237.17,239.24,242.00,239.10,241.25,240.35,238.76,234.64,235.65,234.08,234.54,232.00,229.92,223.61,217.51,214.76,204.30,202.07,197.22,190.26,184.72,179.47,178.27,172.19,170.18,168.91,163.49,158.38,157.18,150.84,146.41,142.30,135.37,131.31,122.58,112.16,104.35,97.86,86.61
141.16,157.00,168.40,179.63,191.93,203.00,210.87,220.51,222.73,227.20,231.02,232.82,236.08,235.23,236.07,236.32,239.21,238.16,238.05,235.31,232.31,233.21,231.49,229.42,229.51,228.01,221.42,213.26,209.15,203.90,197.34,194.03,188.35,183.98,178.47,177.05,172.01,168.58,164.73,161.38,157.26,154.69,147.28,142.58,140.47,132.74,129.29,119.34,109.93,104.35,96.65,86.15
143.00,157.14,165.85,181.14,193.69,204.71,209.75,220.79,224.47,227.86,230.50,234.10,236.71,235.60,234.40,237.45,236.24,238.37,236.88,235.36,231.35,231.62,230.60,229.71,228.04,227.08,220.00,213.58,212.20,207.01,203.97,194.25,189.42,185.04,180.28,179.84,174.61,172.66,168.00,163.82,161.24,158.64,152.61,148.27,143.78,137.77,133.73,126.38,115.60,107.70,98.51,90.14
135.88,152.84,164.98,175.96,185.53,196.60,201.85,211.93,215.70,220.15,224.72,226.07,230.36,229.47,229.16,233.86,235.67,239.20,240.68,239.27,242.59,244.72,247.94,246.15,249.16,246.24,240.64,230.36,224.72,217.75,207.54,197.09,178.19,175.35,152.54,144.52,131.24,123.00,119.71,117.02,115.39,108.76,109.17,107.79,105.12,101.64,98.01,93.77,93.04,87.13,82.01,75.17
137.77,153.60,163.48,177.55,186.59,198.66,204.28,215.82,219.89,222.99,225.14,228.14,229.27,229.71,228.33,232.02,231.35,232.64,232.12,230.38,227.68,227.32,226.06,222.43,222.75,223.02,214.11,209.04,206.07,199.61,195.26,188.66,182.08,177.99,175.03,172.53,170.00,161.97,160.91,158.14,153.52,150.21,145.91,140.00,136.52,129.55,125.51,117.48,108.85,101.83,93.19,83.19
139.01,154.72,166.53,181.23,190.41,202.20,210.24,220.04,222.77,228.69,229.89,233.50,234.96,234.54,234.10,237.55,238.54,239.42,238.37,234.17,231.20,231.31,232.01,229.93,228.19,229.37,222.41,214.80,212.08,205.29,199.10,192.84,186.66,185.95,179.03,175.86,170.82,164.79,163.25,162.19,158.53,152.09,149.94,145.09,141.76,133.15,126.82,118.43,114.00,104.81,93.54,83.87
145.40,162.64,174.64,190.21,198.91,211.01,216.36,230.01,235.34,239.08,238.95,244.73,245.95,243.00,242.39,247.12,246.56,250.00,247.65,244.03,239.43,240.01,241.86,240.42,237.22,238.73,230.00,223.33,221.05,215.03,207.87,203.97,196.16,195.06,188.73,187.10,181.89,176.82,174.73,172.31,169.29,161.15,160.01,155.32,149.68,142.41,136.13,126.18,119.55,112.40,101.24,92.05
135.88,152.86,164.01,176.05,185.15,197.40,204.47,215.47,216.82,223.83,225.08,227.98,229.59,228.60,226.93,231.61,231.67,231.39,232.05,229.51,226.63,225.84,226.85,224.20,223.08,224.11,217.41,209.12,206.93,201.43,195.87,189.84,182.70,179.82,176.32,172.00,165.89,161.01,159.96,158.64,154.38,148.49,146.70,140.46,137.44,129.03,124.04,114.56,107.90,101.40,93.30,83.05
143.03,157.09,170.99,183.04,193.26,205.09,213.48,224.47,229.42,232.79,235.26,239.40,240.63,238.30,237.02,240.68,244.18,244.84,247.08,239.14,234.69,238.54,238.16,236.93,235.29,235.31,227.71,218.63,215.82,211.95,204.30,197.74,191.97,188.49,184.88,181.46,174.55,170.58,167.03,167.45,162.78,157.01,153.53,149.83,143.59,133.15,130.02,121.56,113.44,105.76,96.46,88.01
140.98,155.82,167.97,181.73,191.08,203.02,209.47,221.38,225.08,228.23,230.78,233.21,235.30,234.05,232.48,236.35,235.60,237.86,238.17,235.51,230.49,229.79,231.46,228.28,227.86,228.48,220.34,213.72,211.98,206.48,201.26,194.36,189.18,184.62,179.36,179.36,172.68,169.96,169.00,163.68,159.81,156.35,150.95,148.07,144.67,134.77,130.25,123.66,115.12,106.48,100.26,90.79
142.76,156.92,167.53,179.45,190.82,203.18,209.46,220.32,223.58,227.32,230.77,232.14,233.95,233.42,231.55,234.83,236.17,236.93,237.92,234.79,230.46,230.67,230.53,228.32,226.08,226.81,220.24,214.35,211.29,205.66,200.80,194.67,189.71,186.32,180.71,180.69,175.01,169.19,169.03,163.82,160.08,157.20,150.22,147.00,143.28,135.62,131.47,124.17,115.00,106.40,98.49,88.81
143.10,158.86,171.13,185.27,193.83,205.51,213.10,224.54,226.97,232.36,233.24,238.01,239.35,236.60,237.31,242.16,242.89,244.64,243.52,238.30,233.45,237.06,234.47,232.69,231.01,233.83,226.34,217.79,216.32,209.77,201.11,196.64,190.55,188.45,181.03,178.53,172.54,166.09,164.98,163.44,158.83,153.05,150.34,145.15,141.00,132.64,125.10,117.88,112.54,105.99,93.43,82.54
89.20,97.94,107.67,117.63,122.89,130.60,139.28,149.16,149.88,155.57,157.94,163.23,168.05,167.04,171.33,178.93,186.45,194.49,194.66,196.62,208.21,214.77,222.27,225.61,231.05,235.76,236.52,232.17,227.06,226.80,219.32,213.24,205.85,201.30,195.35,191.59,184.05,179.47,174.83,172.41,167.61,161.05,157.00,151.82,147.79,138.32,133.06,125.23,120.67,114.81,104.40,95.01
140.04,155.27,166.68,182.60,190.69,204.02,210.34,220.73,225.89,228.40,229.17,233.48,234.05,232.65,232.40,236.12,236.77,240.51,237.99,235.92,231.39,231.57,231.28,228.59,227.50,230.05,220.84,213.08,212.19,205.16,201.65,194.51,186.13,184.98,178.71,176.65,170.45,166.21,164.76,160.61,159.15,151.74,151.60,143.10,140.70,131.80,124.82,119.08,113.76,104.86,94.34,84.01
140.58,155.77,167.26,182.12,188.29,202.53,208.02,222.34,224.01,229.58,230.64,234.20,235.03,234.31,231.68,237.07,236.17,239.52,237.69,233.11,230.02,230.79,229.44,228.28,226.64,228.71,221.14,211.70,208.39,204.52,200.80,194.83,187.64,184.01,181.73,178.40,172.90,168.19,167.04,164.35,160.64,153.72,154.35,147.71,144.35,135.09,127.77,121.40,116.40,108.78,96.67,87.09
138.62,154.78,165.60,180.80,190.91,203.04,207.04,216.75,222.85,227.41,230.41,230.85,231.70,231.81,233.63,235.00,236.02,237.29,238.21,234.77,231.09,231.22,229.98,228.73,227.32,225.34,218.69,214.25,210.58,205.18,202.05,196.06,192.85,187.00,181.46,180.74,172.54,169.01,164.62,162.46,157.33,156.70,149.56,146.03,138.96,133.09,129.12,121.49,112.20,103.09,96.33,86.82
140.09,156.26,165.60,178.90,189.62,200.82,209.30,217.83,221.58,226.81,230.01,231.90,234.57,233.41,231.62,232.81,235.03,235.19,236.95,234.09,230.21,230.57,230.56,229.01,226.38,225.42,217.37,212.27,209.00,202.53,197.71,190.79,187.00,181.18,176.92,174.63,169.74,166.21,163.48,160.33,156.01,153.29,146.86,142.27,138.57,132.03,128.44,119.27,110.11,100.30,96.00,87.92
141.13,155.76,169.01,182.91,190.28,202.79,211.12,220.91,225.14,229.00,230.93,232.72,235.71,233.53,233.27,237.45,236.76,238.45,240.13,235.03,230.31,233.19,231.03,229.44,227.18,229.27,222.28,213.38,211.01,207.40,199.94,193.98,186.63,183.56,179.14,178.04,170.95,166.42,163.93,162.48,157.69,152.19,150.28,145.61,139.70,131.59,125.57,118.47,113.23,104.29,94.59,84.38
139.59,153.57,169.00,178.76,189.31,199.48,205.18,212.51,221.20,222.04,227.13,230.27,232.45,230.05,228.32,235.93,235.80,240.42,241.93,241.81,245.37,248.76,251.32,251.19,252.36,251.43,247.43,240.87,235.48,231.04,220.30,213.46,200.73,193.81,181.66,169.50,158.94,148.07,136.44,130.92,127.94,122.49,116.76,111.36,111.29,106.93,103.95,99.81,96.21,90.47,85.63,78.92
151.95,165.87,173.42,186.04,196.35,209.24,216.30,229.17,232.47,236.46,237.59,241.85,242.40,239.71,240.71,244.68,245.73,250.06,248.60,242.21,234.47,238.95,237.51,237.12,233.98,234.41,227.77,219.86,218.22,211.40,206.96,199.42,193.09,193.54,186.82,184.40,178.35,172.10,172.12,170.58,165.56,159.77,158.11,153.57,149.03,141.09,133.45,126.63,120.93,111.62,101.12,91.24
142.20,157.80,168.94,182.58,193.31,204.25,212.45,223.50,226.93,231.90,233.94,237.51,240.10,238.44,236.35,240.71,239.64,245.37,244.38,241.75,237.84,238.30,239.75,237.50,236.13,237.12,225.86,219.01,213.32,207.02,202.55,194.55,186.08,181.80,175.07,174.26,167.30,161.31,159.13,155.79,151.33,144.90,143.20,137.82,134.24,123.66,118.87,112.61,106.55,99.90,88.23,81.39
148.19,166.90,177.71,194.01,203.34,215.34,223.40,236.32,238.87,244.72,245.96,249.57,251.13,250.77,250.46,254.37,254.05,257.33,257.78,253.95,250.80,252.23,252.62,251.34,248.89,251.03,240.65,230.24,225.50,218.22,211.94,204.89,196.33,193.84,186.45,183.00,175.86,170.70,167.45,163.09,159.82,152.40,152.01,146.45,141.00,130.36,125.21,117.64,112.02,106.40,93.38,83.19
145.96,161.72,169.32,185.13,198.24,208.80,216.79,226.92,229.13,233.35,237.67,237.46,241.17,241.61,242.74,243.28,245.25,244.26,244.00,242.10,237.35,236.68,238.30,235.67,236.18,233.42,225.09,221.47,216.32,209.54,203.65,198.65,191.94,186.51,184.04,181.32,176.14,173.24,168.44,162.78,160.00,156.32,148.52,148.52,142.66,136.82,132.50,123.91,114.61,106.71,97.86,89.36
139.74,153.06,166.43,179.61,187.36,200.20,204.36,218.60,221.56,226.80,227.11,229.89,232.13,230.29,228.82,233.35,233.34,234.36,233.55,232.73,228.06,228.56,228.69,225.46,224.02,224.74,219.49,210.02,209.07,202.18,198.24,192.28,186.42,184.20,179.20,177.86,172.47,166.36,164.98,163.03,159.62,153.17,151.35,146.49,141.89,134.41,128.22,120.00,114.49,110.04,94.92,87.97
140.24,154.80,167.17,179.36,191.38,202.47,208.10,217.96,221.82,225.62,229.18,230.57,233.66,232.85,231.80,234.08,233.81,234.09,236.29,233.99,229.21,231.95,229.94,228.12,226.42,225.28,216.45,212.53,209.06,203.54,198.59,189.02,185.72,178.81,173.63,171.94,167.07,163.78,161.12,158.50,152.23,151.24,144.18,138.76,134.83,127.77,125.00,116.46,105.55,99.32,95.01,82.35
137.38,154.00,165.60,181.07,189.23,200.06,207.45,218.55,222.25,228.18,228.71,232.00,233.21,230.93,231.55,233.77,235.30,236.21,235.82,231.46,228.30,228.62,229.12,229.13,226.06,226.18,220.23,210.75,208.97,204.07,196.86,192.39,185.88,185.95,179.23,177.79,172.90,166.88,165.95,164.35,160.45,153.01,153.53,146.73,143.41,133.79,128.69,120.42,114.34,108.50,95.72,86.40
144.75,161.15,172.70,184.30,195.36,209.34,215.41,231.04,230.49,235.37,236.88,238.65,242.16,240.34,240.07,244.02,242.30,243.99,244.63,242.57,236.01,239.00,237.04,237.90,236.02,233.81,226.24,219.20,217.68,210.39,207.42,201.31,194.03,190.52,185.01,185.07,178.81,175.11,172.74,168.51,164.15,160.64,156.58,149.72,148.08,141.48,134.62,128.44,117.07,111.23,102.55,92.61
146.65,165.25,176.26,189.90,200.23,213.88,221.33,232.86,236.45,242.24,243.21,243.99,248.94,246.78,247.48,251.53,250.13,255.22,255.36,250.14,243.92,247.48,246.36,246.08,243.21,244.88,236.24,226.74,223.22,215.42,208.97,198.64,192.75,187.54,181.96,179.51,171.33,166.90,164.51,162.25,157.55,150.24,147.85,144.39,137.46,128.82,124.42,117.28,109.90,103.75,91.44,83.82
139.20,153.16,163.82,178.51,189.75,199.85,208.41,217.62,219.11,223.89,228.25,228.48,231.04,230.53,230.95,232.82,234.09,233.31,234.17,231.10,226.06,227.86,228.84,226.37,224.24,223.62,215.34,209.77,207.62,203.06,196.98,192.84,187.43,181.60,177.49,176.18,169.64,168.94,165.52,161.70,155.93,156.46,147.68,143.78,138.41,134.13,130.19,122.72,112.16,105.55,99.37,87.02
138.80,156.16,165.95,181.01,189.19,201.43,207.23,219.74,222.41,225.85,228.45,229.58,232.95,233.57,232.71,237.77,235.65,239.35,238.74,237.15,228.78,233.86,231.86,233.09,231.25,231.39,220.23,212.85,208.58,202.04,196.31,190.41,182.43,179.33,171.05,169.19,162.05,156.60,154.98,151.05,148.06,143.68,139.94,133.42,130.39,122.43,120.90,112.00,103.87,97.62,88.87,80.16
137.77,155.71,165.19,176.41,187.39,197.95,204.45,212.08,219.01,218.01,226.74,225.76,229.26,230.82,228.86,234.36,233.46,239.38,239.21,243.58,243.67,248.85,249.04,251.07,253.00,249.05,246.98,239.74,233.81,224.88,218.50,213.74,198.76,190.06,174.60,168.37,160.11,150.27,138.68,128.51,123.91,121.66,114.24,109.77,109.81,109.49,102.94,99.02,94.92,89.11,83.55,77.08
137.88,153.91,162.86,178.13,186.68,198.72,205.91,216.41,219.33,223.66,226.59,229.71,231.01,230.08,229.10,232.48,230.00,232.28,232.71,231.14,227.26,226.99,227.84,224.20,222.73,222.04,215.80,208.59,204.24,199.21,195.13,188.90,181.79,178.02,173.98,170.66,166.94,163.67,160.59,156.24,153.01,150.22,146.82,140.80,136.97,128.16,125.61,117.83,109.66,101.98,92.01,84.72
138.88,153.44,166.87,180.21,187.97,200.21,206.17,217.38,221.05,226.13,226.82,230.52,233.12,229.09,230.87,233.75,234.02,234.89,234.16,229.84,228.35,226.30,227.62,225.08,224.89,225.57,219.00,211.47,208.24,202.00,198.08,190.71,185.59,182.20,178.02,175.86,170.24,165.42,163.19,163.20,159.13,152.82,152.23,145.84,142.02,133.76,128.14,120.02,114.16,107.52,95.13,85.88
139.18,152.50,162.44,176.16,187.43,197.59,205.76,215.68,217.50,223.13,226.55,228.11,228.96,228.56,228.13,231.67,232.59,231.49,232.14,229.94,224.59,225.32,227.08,225.00,224.66,222.77,215.15,209.02,203.57,199.11,194.52,189.40,184.04,180.36,176.71,176.24,168.61,164.98,164.37,161.31,155.33,155.24,147.26,142.90,139.83,133.65,128.80,121.06,113.56,106.00,97.01,86.98
136.62,152.08,164.76,177.28,184.62,197.25,204.36,215.42,217.47,223.90,222.62,227.27,228.55,227.85,227.11,230.82,229.79,233.69,233.42,227.69,222.00,226.17,223.64,220.51,218.84,221.38,214.76,206.24,205.92,200.03,194.91,187.72,183.56,180.18,174.04,171.17,167.59,162.93,161.31,159.45,156.71,150.27,148.27,144.27,138.83,132.77,125.40,118.11,112.25,105.08,93.62,86.28
138.95,153.71,164.01,177.91,188.85,199.72,207.42,216.31,219.39,222.99,225.42,229.51,231.14,229.53,227.98,231.70,232.50,233.08,233.79,230.49,223.79,226.72,225.64,224.54,222.45,222.18,217.00,208.12,204.73,200.18,195.87,188.52,183.50,182.44,177.02,175.82,168.58,164.76,162.31,161.24,157.49,151.17,149.83,142.17,140.09,133.12,128.81,119.85,112.61,105.55,96.21,87.24
140.43,155.42,166.87,180.68,189.21,202.85,208.84,221.82,222.74,228.08,230.38,231.66,235.26,231.93,233.02,235.54,234.23,237.15,238.66,234.14,229.14,232.11,232.22,230.63,227.19,228.35,220.86,211.52,207.74,203.57,198.06,189.17,183.66,181.07,176.34,172.93,168.08,161.38,161.91,157.41,155.03,148.06,147.14,139.98,136.19,130.25,123.43,117.39,110.07,103.47,92.63,82.64
151.82,167.60,179.77,194.01,204.08,217.11,226.32,236.25,240.10,242.89,247.16,248.97,251.64,250.31,250.42,253.24,253.81,255.57,255.97,252.62,248.47,250.06,248.77,247.46,245.81,245.73,236.17,229.00,224.66,218.63,212.88,204.38,198.93,194.91,188.61,186.30,181.02,174.72,173.64,171.33,166.39,159.71,156.89,151.16,146.41,139.30,132.22,124.87,116.21,111.02,98.73,88.68
142.01,156.59,165.61,180.01,191.02,203.54,207.71,220.44,222.30,226.77,230.49,231.09,232.85,233.00,232.00,236.68,235.60,237.12,237.54,235.21,229.71,229.21,228.59,227.78,227.22,225.16,218.16,212.90,208.68,201.72,201.32,193.09,188.16,181.87,175.93,177.19,172.47,168.11,166.34,161.15,159.13,155.21,150.01,144.90,141.42,135.52,130.11,123.48,110.45,108.68,99.02,89.89
139.12,153.33,164.77,177.73,188.92,199.74,205.06,217.11,219.42,225.39,226.50,228.71,231.92,229.73,228.47,232.13,233.94,234.03,235.75,232.45,224.96,227.02,227.07,225.74,224.18,224.19,216.28,209.34,208.86,200.47,196.37,190.71,185.33,182.08,176.58,174.18,169.19,164.60,162.98,164.15,158.14,153.17,149.62,145.06,140.80,133.30,128.32,119.34,113.51,106.78,96.80,86.35
140.12,156.12,166.34,180.85,189.00,201.79,209.29,222.04,223.33,229.39,228.85,233.24,235.38,233.82,232.95,236.80,234.89,238.30,237.74,233.47,228.79,230.97,229.12,228.32,226.38,228.62,220.98,210.71,208.84,205.12,199.68,194.16,186.47,184.74,179.64,177.14,171.84,167.84,166.24,163.92,159.77,153.55,152.24,148.25,143.53,134.48,128.25,120.30,116.97,107.71,94.70,87.05
140.01,155.27,166.60,180.31,190.54,202.60,208.48,218.66,222.43,226.97,229.93,231.23,232.55,231.37,232.21,234.41,233.50,236.64,236.04,233.45,229.11,232.56,230.00,225.28,227.19,226.98,218.51,211.00,208.41,200.11,197.25,190.07,185.18,177.52,174.90,173.05,166.11,164.35,162.37,156.92,152.33,149.19,144.03,139.03,135.59,128.44,123.75,117.39,109.00,101.77,94.18,85.38
138.25,153.26,164.62,179.00,189.23,202.24,208.25,218.00,217.80,224.96,228.23,230.49,232.86,230.08,229.40,233.93,232.14,234.70,234.02,231.40,226.37,227.78,225.74,227.17,223.65,222.61,217.00,209.42,209.25,199.38,194.74,191.27,185.30,181.32,175.07,173.35,169.01,166.23,164.77,161.00,156.54,154.20,148.69,143.00,139.29,133.87,129.71,121.93,113.27,104.62,97.13,86.47
139.29,153.39,163.38,179.42,189.07,200.38,205.87,217.56,219.46,226.24,228.04,230.59,231.35,232.21,230.36,234.08,235.44,233.42,234.42,231.20,226.46,227.16,228.06,228.71,225.40,224.34,215.15,210.15,208.40,201.70,197.25,190.16,184.35,179.36,175.37,176.24,170.04,166.77,164.92,159.15,156.71,153.57,148.17,144.56,140.72,134.89,129.65,122.10,112.49,104.00,96.01,89.16
140.17,153.87,164.35,177.12,189.13,199.46,206.71,215.74,221.42,225.52,229.46,229.49,231.90,232.03,231.23,232.90,232.88,233.48,235.59,231.18,227.18,227.80,226.82,225.18,224.27,222.04,215.34,209.75,206.90,198.82,195.58,191.23,185.41,181.02,176.64,173.73,170.55,165.32,163.81,160.31,156.52,154.05,147.14,144.06,140.58,134.66,128.72,122.12,112.87,104.35,95.44,87.37
140.46,152.54,167.51,179.98,191.02,200.34,207.40,218.94,220.10,226.05,226.81,230.01,232.96,230.67,230.59,234.67,235.51,237.00,237.24,230.10,226.21,228.96,228.56,226.72,223.16,225.73,218.98,208.78,207.97,201.36,195.90,191.23,184.78,182.01,176.88,176.82,169.50,163.87,163.52,162.43,158.82,152.84,150.10,144.54,140.06,132.57,127.80,118.60,114.00,107.22,93.43,86.77
150.63,167.19,177.20,194.62,202.74,216.83,224.51,237.93,239.25,244.79,247.00,251.51,252.16,251.73,252.96,255.27,255.38,260.84,258.57,255.05,250.15,252.04,253.95,249.82,247.73,249.66,239.17,228.05,224.41,218.69,213.78,203.59,196.02,192.20,185.01,180.24,173.22,168.47,165.75,163.60,159.42,151.01,151.98,146.74,141.28,131.18,124.65,118.51,111.09,104.48,93.48,83.55
139.65,152.23,165.03,178.24,189.07,200.32,207.28,218.98,220.00,225.44,226.81,228.67,232.17,230.44,230.22,233.57,234.96,236.60,235.78,232.69,225.32,227.77,227.30,223.99,224.83,223.62,216.28,209.76,207.39,201.68,198.04,191.27,186.08,181.55,176.95,174.73,169.45,166.98,163.25,160.23,158.34,152.90,148.69,144.47,140.70,134.85,129.19,120.65,112.09,105.12,96.01,87.32
144.31,160.55,174.24,189.76,197.37,210.68,216.31,228.23,231.54,238.47,238.05,241.34,244.20,242.54,240.19,246.33,244.72,245.82,246.22,241.85,238.00,237.64,238.25,236.62,234.92,235.13,230.82,219.91,216.91,211.27,205.78,200.12,193.66,189.42,185.46,180.87,175.55,171.97,170.33,166.15,160.98,155.86,154.78,148.22,144.42,135.95,130.60,122.80,115.25,109.20,95.88,87.46
113.65,126.19,136.70,144.25,155.47,164.11,172.35,182.33,183.97,188.94,196.33,197.99,205.27,205.35,207.48,217.42,220.78,229.30,232.36,233.26,240.80,251.45,258.79,260.49,267.29,267.20,267.03,264.74,261.24,257.16,251.07,241.87,232.95,228.62,222.79,217.20,209.89,206.02,198.28,196.40,191.01,184.05,177.01,170.88,166.23,160.11,153.00,147.05,138.54,129.14,119.52,110.86
147.90,164.13,174.48,189.76,199.90,213.41,218.36,230.71,233.69,239.12,240.20,243.58,246.94,246.08,245.25,249.33,248.20,251.72,251.29,247.63,242.32,243.19,241.78,240.41,239.40,238.44,230.16,223.61,221.52,213.91,208.39,202.00,195.04,190.43,183.37,183.47,176.38,172.54,170.70,167.05,163.49,159.00,153.84,149.79,145.87,138.29,132.85,125.21,117.07,111.09,99.46,88.51
138.57,153.94,164.35,177.69,186.45,198.83,205.23,215.39,219.80,224.72,225.79,227.08,229.71,229.30,228.48,232.18,231.46,231.26,232.43,229.94,225.84,226.92,225.38,224.21,221.61,221.82,214.76,208.78,204.71,198.67,195.53,190.18,183.71,180.03,174.77,172.86,167.63,164.44,162.59,158.82,155.59,152.69,146.11,142.35,138.16,132.85,128.32,119.34,112.31,103.95,96.66,87.05
138.71,153.64,164.17,177.43,186.99,198.18,204.08,216.75,217.83,223.91,225.02,228.06,228.56,228.58,227.66,231.62,232.03,230.23,231.35,229.81,222.64,224.72,224.41,224.29,222.08,220.80,214.11,206.29,206.93,200.30,195.26,188.31,183.33,178.37,173.90,172.15,167.72,166.17,163.15,160.35,155.32,151.64,146.74,142.39,139.04,131.65,127.03,120.60,109.37,103.47,95.46,86.76
138.13,153.10,161.83,175.65,186.95,199.45,205.28,214.70,216.92,223.33,225.42,226.93,227.73,226.27,226.00,231.11,231.70,229.47,230.17,228.05,224.56,224.44,222.55,223.18,221.62,221.02,212.94,206.78,204.16,197.80,193.37,186.87,182.22,178.28,172.31,170.77,168.00,164.22,161.47,156.63,156.47,151.16,146.67,142.71,139.09,132.31,126.92,120.04,111.00,104.40,95.41,84.93
139.40,153.50,163.78,175.65,189.62,200.12,206.40,216.52,218.52,225.22,226.06,228.12,230.65,230.02,230.42,232.11,234.31,233.03,231.74,231.04,224.41,226.85,224.80,223.56,222.27,222.69,213.59,207.65,207.61,199.36,194.09,189.19,183.41,180.83,174.45,172.88,168.67,166.93,163.08,160.80,157.89,152.07,147.83,144.56,139.29,133.72,128.08,120.22,113.51,105.08,95.34,86.31
139.18,154.95,164.44,177.20,190.95,200.08,204.35,218.19,221.00,223.73,226.50,229.34,232.30,229.44,229.84,230.78,230.98,232.65,233.90,229.94,223.89,226.50,226.74,223.49,222.71,222.70,215.67,209.02,206.60,201.44,196.01,187.36,183.22,181.30,177.10,173.08,168.11,164.62,162.93,160.08,157.85,152.05,147.63,144.92,140.29,131.05,127.91,119.82,115.13,105.89,97.49,87.21
147.17,166.48,176.01,192.21,202.79,214.44,219.61,233.14,235.46,241.25,243.35,245.62,247.78,246.88,246.86,253.16,250.88,252.64,253.30,251.81,245.41,247.29,247.16,245.42,244.92,243.34,234.48,224.96,220.84,214.22,206.74,199.49,190.23,186.13,179.40,177.00,170.14,165.32,163.84,160.11,156.26,151.12,148.12,142.61,136.62,128.08,125.42,116.81,110.48,101.98,94.05,84.38
138.45,152.55,164.75,177.72,189.27,199.97,206.60,217.28,218.40,224.32,227.48,227.98,230.26,229.31,227.62,232.86,232.69,234.04,233.38,230.32,225.04,225.57,226.00,223.76,222.81,222.32,214.05,209.38,206.16,198.98,193.87,189.43,182.88,179.39,176.31,174.90,169.01,165.34,161.97,160.11,156.77,151.83,147.41,142.68,140.58,132.44,127.57,120.77,113.17,105.19,96.02,87.09
144.31,160.70,173.18,186.98,195.93,207.23,215.93,225.69,230.12,231.91,236.04,237.89,239.35,239.51,238.83,241.60,240.41,242.60,243.73,238.95,233.75,236.93,233.12,232.72,231.14,230.00,225.62,217.18,214.44,206.16,202.27,195.00,191.86,188.45,182.33,180.57,174.87,171.24,169.10,167.76,163.38,158.52,154.74,150.12,145.84,138.00,132.56,124.06,116.46,110.63,97.95,90.55
138.25,154.72,165.16,177.80,189.84,199.36,206.86,219.53,219.53,226.22,227.06,231.11,232.54,231.10,232.50,233.34,234.92,233.89,235.85,231.32,228.49,227.40,228.33,224.24,225.14,223.38,217.17,209.62,205.77,201.56,195.25,190.02,182.70,180.35,175.64,171.48,167.00,162.27,159.51,158.39,154.92,150.14,146.34,142.30,138.00,128.88,125.14,118.68,109.86,104.04,94.83,83.38
139.27,152.87,165.30,178.87,189.53,201.25,207.19,217.30,219.74,226.37,228.00,229.89,232.02,229.68,230.25,233.09,232.14,234.97,233.60,230.36,225.74,228.18,227.25,227.25,225.11,225.14,216.37,209.58,208.60,201.34,195.88,190.44,186.08,182.73,177.80,176.78,169.71,166.97,164.92,163.44,160.43,153.03,149.78,145.58,141.69,135.00,129.03,121.10,113.60,107.42,95.69,87.09
139.90,155.00,165.86,180.21,186.97,199.09,205.87,218.49,222.57,225.28,225.74,229.71,232.85,229.19,227.19,231.62,231.02,235.51,234.80,229.73,224.52,225.09,226.00,223.44,221.37,225.36,217.42,208.49,206.12,200.59,196.49,190.59,185.88,182.01,177.02,175.23,169.46,165.56,163.86,162.36,159.15,153.06,151.61,146.00,140.90,133.14,127.35,120.74,114.77,106.10,96.08,87.09
146.12,164.51,178.27,191.05,202.71,214.84,220.57,233.56,235.13,241.82,244.35,248.65,249.65,248.05,247.95,252.67,252.11,256.08,254.14,251.81,245.38,249.18,245.73,245.28,242.00,244.29,234.48,223.14,221.05,214.83,210.06,198.31,191.64,190.29,181.95,178.46,173.57,167.90,165.71,160.64,160.64,153.83,152.19,145.62,141.77,132.14,126.81,121.51,114.74,106.37,95.88,87.21
141.40,155.42,165.60,181.20,189.74,201.23,207.78,219.49,222.41,227.80,231.62,230.78,235.15,233.46,232.77,236.68,236.07,239.01,237.23,236.62,233.95,233.93,234.97,232.62,231.49,231.33,222.43,215.96,213.28,206.18,202.47,193.93,189.19,184.02,178.16,176.71,170.48,167.76,164.00,159.20,155.59,154.21,146.35,142.27,138.18,131.10,125.32,117.72,108.67,100.28,93.15,84.65
141.48,153.38,163.92,179.23,192.75,201.11,210.47,222.43,220.84,227.22,230.24,230.70,233.09,234.09,232.88,234.57,236.02,236.00,237.93,236.58,233.00,233.23,235.09,234.69,233.06,233.09,223.29,216.63,215.04,206.89,203.12,198.31,191.38,186.30,179.05,178.71,171.21,168.83,165.71,160.95,156.72,154.51,147.80,142.90,138.16,131.53,126.14,118.11,110.54,101.27,94.73,84.38
137.64,152.43,161.11,174.77,185.61,196.22,204.36,214.31,216.60,221.02,225.46,225.14,227.27,226.24,227.44,229.94,227.98,229.02,230.31,230.33,227.04,226.72,226.42,226.81,224.11,225.94,217.87,211.81,209.47,201.43,200.42,192.72,186.72,180.31,176.79,173.49,170.32,165.31,164.20,159.15,154.74,153.39,147.41,143.59,137.31,131.52,125.45,119.36,109.17,101.18,94.81,84.48
140.26,156.37,169.30,180.77,191.40,203.97,210.30,221.38,224.88,229.03,228.82,233.81,235.32,234.39,234.56,237.80,237.26,242.51,241.66,236.93,234.07,236.07,234.80,234.26,234.35,236.62,230.67,224.44,219.69,214.11,209.25,202.53,197.80,193.33,189.31,186.32,182.01,177.10,175.36,171.73,165.60,160.85,158.29,152.50,147.38,138.93,133.79,125.24,118.42,109.77,98.31,91.55
136.70,152.76,163.27,176.28,185.61,197.50,204.46,213.15,216.60,220.79,223.76,227.14,228.04,228.83,226.93,231.53,229.18,233.81,234.61,232.77,228.35,232.46,232.69,232.70,232.14,232.77,228.44,222.18,220.52,214.11,211.53,203.59,200.21,193.65,189.93,186.27,182.46,176.80,174.94,169.86,164.88,161.06,158.55,150.59,147.31,139.09,135.21,126.09,117.07,108.17,99.04,88.77
134.77,148.92,156.97,171.19,178.99,193.35,198.44,207.28,212.12,217.90,220.05,221.94,224.44,222.14,220.80,225.84,228.97,231.35,230.50,228.55,226.60,228.63,230.37,230.06,229.61,231.23,227.27,220.38,220.77,214.25,210.42,205.41,199.06,197.71,190.21,188.04,181.80,179.55,175.68,173.40,166.60,161.61,158.08,151.65,145.91,137.64,132.00,123.65,114.63,110.28,97.02,87.80
140.63,152.74,162.48,174.05,185.95,197.41,204.69,212.19,213.25,220.23,220.64,222.73,227.50,225.14,224.95,229.73,228.27,229.40,230.87,231.31,228.67,231.81,235.65,233.93,235.47,236.23,233.00,229.17,229.06,224.41,222.28,215.75,212.85,209.24,204.71,202.43,195.90,192.90,190.68,186.27,181.84,178.22,172.00,165.08,161.15,154.69,148.27,138.92,129.31,119.92,108.85,98.62
133.30,147.14,155.82,166.39,178.62,188.00,193.87,202.61,205.85,211.02,212.88,212.98,218.52,218.83,217.75,222.05,221.28,223.37,226.14,225.34,223.68,227.25,229.67,228.53,230.70,230.85,227.85,223.65,223.89,218.11,215.13,209.91,203.79,200.59,194.00,192.60,186.80,182.46,178.88,174.18,170.05,166.39,159.01,154.18,149.00,142.28,134.48,126.66,116.50,109.38,100.60,89.00
129.40,143.27,152.21,164.84,173.68,184.02,188.82,198.64,200.96,207.24,208.72,209.76,213.28,211.81,211.70,217.20,215.37,218.26,220.97,221.02,221.38,225.23,226.14,225.42,228.11,230.01,227.71,222.87,223.28,216.95,212.85,207.33,204.40,199.61,194.99,192.78,187.27,183.24,179.90,172.54,169.96,166.21,161.08,154.15,147.25,141.16,135.59,124.20,115.88,109.02,100.70,89.27
127.91,141.89,150.66,163.22,170.67,180.35,187.26,196.74,199.26,202.94,203.48,206.49,209.33,209.50,208.28,213.97,213.78,217.00,216.57,217.52,217.11,221.82,223.30,225.23,226.42,230.67,227.38,223.66,221.76,218.05,215.47,210.15,205.64,199.25,198.76,196.31,187.93,183.53,180.97,177.10,170.70,167.72,160.64,156.67,150.27,141.40,137.06,128.46,116.18,114.28,99.64,90.55
111.61,124.02,133.36,145.67,154.40,162.89,168.44,180.83,182.70,189.50,192.57,198.31,203.84,205.25,206.79,216.54,219.39,228.47,233.24,234.36,239.53,247.76,253.18,256.68,258.96,261.56,261.66,253.88,251.41,246.60,237.74,230.79,220.12,217.50,209.50,204.50,194.61,189.03,184.18,181.89,176.08,165.76,163.62,155.47,151.65,139.82,134.63,128.10,120.21,113.25,102.18,92.72
111.40,123.41,132.23,143.27,155.24,164.61,170.34,179.75,183.37,188.10,195.45,198.13,203.04,207.54,209.30,217.96,219.86,228.37,233.86,237.65,242.33,251.03,254.57,258.43,263.60,260.93,259.53,255.73,255.05,245.86,241.53,234.08,223.14,216.52,208.50,204.20,197.77,191.64,186.07,180.68,174.15,169.09,162.05,156.06,149.91,142.62,135.47,129.65,120.22,113.44,103.08,95.00
124.26,139.46,152.78,160.96,169.45,179.12,186.05,194.37,199.91,201.10,205.24,207.53,212.51,211.48,213.18,214.98,217.37,221.98,222.93,221.68,225.00,228.99,234.05,231.95,234.16,233.86,231.14,223.61,218.52,217.81,203.57,196.76,183.29,180.80,168.36,164.25,150.00,143.56,133.14,125.90,119.62,112.81,108.42,102.84,99.82,91.66,89.63,83.63,83.29,76.01,72.01,66.19
117.00,130.78,138.59,149.97,159.25,168.29,176.96,186.26,189.10,196.16,202.48,204.89,210.38,213.27,215.10,225.08,228.33,233.81,236.43,243.19,250.05,255.83,261.02,265.00,269.36,270.73,268.76,263.45,259.03,252.16,247.94,241.06,229.09,223.26,215.34,211.32,204.80,198.83,194.08,186.42,179.20,172.24,167.17,162.29,157.49,148.71,142.39,134.38,124.78,118.23,108.26,97.94
112.87,126.21,136.01,148.27,157.58,165.61,177.00,185.78,190.19,195.69,200.64,206.34,210.77,213.78,216.00,226.37,231.61,239.23,244.09,245.95,253.31,260.41,268.54,269.16,273.51,274.09,272.07,266.10,261.96,257.67,246.22,242.24,230.63,227.26,218.67,213.77,202.61,196.21,190.54,187.95,179.81,172.33,166.01,161.97,155.86,144.59,139.09,130.00,123.22,117.95,107.00,96.80
117.15,130.39,141.78,150.01,163.08,170.66,179.64,193.10,195.69,200.85,205.04,212.51,218.68,219.20,222.28,231.80,238.61,244.46,252.12,254.20,260.80,266.17,277.22,278.16,282.82,283.59,280.49,274.47,270.30,266.18,256.46,250.84,237.89,231.55,225.16,220.59,209.38,204.79,199.04,191.32,185.95,178.04,172.88,166.03,160.85,151.48,145.84,137.88,127.91,121.08,113.44,101.14
116.30,129.63,138.00,149.25,158.22,172.04,178.89,190.59,192.43,197.12,205.41,210.09,215.86,217.37,220.91,231.31,233.60,243.39,245.82,251.15,256.63,266.72,273.34,274.22,279.02,279.61,279.25,273.18,268.73,260.56,251.94,244.81,236.64,228.53,221.42,214.55,207.51,201.84,194.56,188.79,182.58,175.39,170.47,163.03,156.54,148.22,141.82,135.67,127.09,119.82,109.42,100.80
103.17,115.49,122.00,131.47,141.06,151.27,157.43,167.15,170.10,172.74,181.73,183.98,189.24,190.08,193.07,203.53,205.51,213.12,214.67,220.66,225.14,233.14,240.03,240.09,245.60,244.27,241.62,239.51,234.10,228.54,221.42,215.87,206.83,198.64,193.66,188.31,181.57,175.87,170.77,163.20,157.20,153.84,147.00,142.94,138.06,131.02,125.10,118.68,110.29,105.19,95.59,88.60
117.62,130.03,139.65,150.63,158.50,170.24,176.53,187.22,191.48,196.43,200.55,206.16,211.38,212.71,215.33,227.06,229.02,236.02,241.46,242.60,251.18,260.22,264.78,266.99,271.89,273.39,272.64,263.21,259.16,252.98,246.01,237.42,225.44,221.71,213.71,206.60,198.56,191.86,187.18,180.16,175.07,166.69,161.61,155.03,150.28,141.87,135.00,128.32,122.26,114.28,104.62,94.37
109.62,119.24,126.75,140.98,148.40,155.36,161.20,171.19,173.10,179.54,187.13,189.11,195.30,200.41,202.97,212.48,215.03,222.28,226.72,231.87,241.17,249.60,255.16,261.63,266.55,263.40,260.58,258.23,254.42,243.70,238.53,230.52,214.87,209.41,198.91,195.16,187.24,179.89,174.67,168.08,162.09,157.08,147.41,141.83,137.36,130.61,124.90,118.70,110.54,102.58,95.35,88.07
108.90,120.74,129.20,139.28,144.68,153.03,158.45,171.82,172.28,179.51,184.29,189.45,196.45,198.00,199.72,211.48,214.31,221.95,225.09,230.08,240.96,246.86,254.12,256.42,261.23,264.39,261.34,252.76,248.24,241.51,234.00,227.00,214.11,207.76,199.12,191.60,182.58,174.84,170.53,165.98,158.82,149.83,145.45,141.01,136.01,124.15,119.42,113.17,106.07,100.81,92.40,84.72
125.32,137.24,146.49,157.65,166.37,175.25,182.94,193.38,195.00,197.37,206.85,207.20,214.34,216.17,219.80,228.56,233.09,239.92,244.18,245.59,253.03,261.94,266.81,273.67,275.43,272.69,272.81,268.79,264.09,255.73,248.58,237.61,224.52,215.87,207.85,202.83,194.25,188.66,179.20,174.03,168.01,161.48,151.99,147.05,142.05,134.35,128.50,122.25,115.16,107.52,102.62,92.65
125.16,138.45,149.09,157.20,170.47,178.20,185.32,195.17,197.39,203.53,209.69,211.40,216.02,217.75,218.56,231.95,232.12,239.00,245.54,246.83,256.42,266.96,270.42,273.03,276.74,277.99,275.75,268.43,263.89,256.29,244.77,236.54,224.02,216.62,209.09,199.72,191.19,184.66,176.88,171.14,164.23,157.06,148.82,144.59,138.29,132.02,126.02,119.10,112.87,105.19,99.64,89.74
128.70,144.52,154.06,165.16,175.42,184.33,191.77,204.14,205.57,211.04,215.67,219.62,224.66,228.48,228.56,238.65,241.23,249.42,253.21,256.63,262.38,270.15,275.04,280.64,281.33,281.58,278.00,272.06,265.11,259.72,247.58,236.52,222.72,217.14,207.66,197.94,185.56,182.16,174.16,169.31,159.66,153.73,145.91,138.85,133.96,126.25,120.54,114.63,106.89,99.50,91.76,85.43
125.80,138.71,149.57,160.70,170.59,178.44,187.30,198.60,199.01,203.44,208.09,210.68,216.78,218.59,218.05,233.08,234.44,242.00,246.10,248.89,253.06,258.50,267.37,267.44,270.47,269.22,266.41,256.63,252.79,247.42,236.50,224.47,211.15,203.58,196.36,187.40,177.10,170.84,163.36,157.58,151.98,141.83,137.28,131.10,127.22,116.25,110.72,106.04,99.37,94.26,85.42,78.23
133.14,147.92,158.34,168.19,178.73,187.21,196.73,207.18,209.30,211.44,218.69,219.65,225.89,228.53,229.84,239.93,242.32,246.40,253.06,256.22,261.48,267.17,274.57,277.11,278.63,276.54,273.15,266.16,260.82,252.12,243.40,234.03,219.67,209.12,201.85,192.50,185.61,178.47,169.33,162.83,155.94,149.03,140.80,133.99,129.83,122.05,114.14,108.78,100.45,95.27,87.14,79.70
129.87,145.00,153.77,164.76,172.41,182.88,191.64,199.72,201.10,205.06,210.02,211.77,217.59,218.06,219.22,229.72,232.23,239.35,243.52,245.46,249.48,255.15,262.35,263.40,265.82,266.58,263.37,254.42,250.06,242.62,234.34,222.80,211.73,206.60,196.02,188.11,176.92,172.13,163.29,160.86,153.10,144.54,137.00,130.25,126.57,115.97,109.44,104.58,97.17,91.24,83.73,74.81
133.99,147.57,157.41,166.39,175.41,186.63,193.98,201.53,204.09,210.32,213.71,216.42,221.16,220.95,225.00,231.16,234.88,243.08,248.81,249.42,255.65,262.55,271.01,273.47,275.05,277.03,277.50,269.28,268.04,262.77,251.81,242.46,231.66,227.27,218.66,211.88,198.22,191.27,184.59,181.46,173.23,162.39,158.32,148.27,143.57,130.83,123.94,115.21,108.12,101.84,90.21,82.80
117.35,129.85,140.06,152.32,165.13,175.29,182.92,192.44,194.61,201.36,207.17,210.74,213.78,214.96,216.45,220.64,224.24,225.00,229.14,228.97,229.53,235.26,238.32,240.30,243.82,244.24,241.25,237.19,236.52,232.08,228.08,220.69,215.54,214.11,203.95,204.38,199.12,197.59,190.25,188.04,182.04,178.84,172.10,166.76,163.22,155.00,149.78,143.54,132.00,125.42,115.12,105.21
124.87,139.52,148.95,159.36,165.60,175.64,181.80,194.59,196.62,200.94,204.19,211.22,218.06,217.90,217.38,227.37,234.34,242.16,248.17,248.36,259.03,267.91,276.52,277.52,284.31,289.91,293.34,283.20,279.16,278.34,268.88,259.89,251.80,245.35,237.90,229.58,218.08,209.91,204.02,200.42,191.48,180.69,177.79,168.29,163.03,148.69,143.41,133.76,127.00,118.93,106.30,96.18
116.02,129.87,139.30,149.35,156.05,164.71,172.15,180.62,182.21,188.37,192.46,197.40,203.25,204.35,206.93,213.66,221.30,227.16,232.81,234.27,245.25,253.22,260.34,264.02,267.72,272.21,274.21,269.42,264.89,262.56,254.75,245.42,238.25,232.43,223.32,219.27,207.06,201.72,194.59,191.00,182.48,174.47,168.47,162.37,155.44,144.62,139.14,130.00,122.71,114.86,103.46,94.15
115.42,131.13,139.17,149.19,155.80,165.32,174.72,183.52,186.40,192.28,197.65,200.20,205.19,208.75,210.79,218.55,224.83,230.02,237.36,240.44,249.72,257.10,266.12,266.60,276.81,277.62,280.32,276.10,271.69,267.69,261.91,253.40,243.97,237.03,231.31,223.47,215.15,207.04,201.82,196.21,188.90,182.94,174.95,169.36,162.34,153.00,146.44,137.13,129.54,120.95,110.80,101.24
116.50,128.81,139.01,147.41,155.35,166.60,173.42,184.01,187.36,191.97,195.24,202.81,208.59,208.00,211.49,220.04,224.64,232.85,239.00,240.19,247.94,256.22,263.75,266.51,271.37,276.65,277.50,269.41,267.20,263.01,255.84,247.07,236.07,233.45,224.27,218.40,207.09,201.43,198.16,192.57,185.60,176.08,173.28,164.51,160.37,147.99,142.67,133.96,126.40,118.68,107.30,98.48
123.17,138.60,144.39,155.62,164.84,177.79,182.72,193.51,196.85,201.20,204.98,210.64,216.45,217.57,220.01,228.96,235.87,241.60,246.35,249.10,255.72,265.82,269.67,273.41,276.99,280.71,279.29,273.47,269.26,263.49,257.53,248.28,235.31,230.24,221.30,216.34,205.29,199.62,193.98,188.09,180.31,174.41,167.87,159.00,154.30,141.35,138.32,127.20,120.93,110.11,103.10,92.78
127.49,141.53,153.11,163.00,170.47,182.63,189.18,198.18,200.87,206.31,209.75,213.06,217.33,218.58,220.68,229.33,233.62,240.15,246.33,244.08,251.37,259.98,265.27,266.25,270.65,272.90,272.42,264.14,261.85,258.12,249.20,239.70,227.85,224.54,216.08,207.96,197.47,188.99,184.77,182.89,174.75,163.98,159.96,149.83,146.37,132.38,126.57,118.97,113.14,103.16,93.49,82.62
117.83,131.37,141.82,151.58,159.39,168.24,174.83,182.70,184.84,188.68,195.13,196.98,200.21,202.00,202.24,210.11,214.08,219.49,224.27,226.76,232.70,238.72,243.50,247.94,250.91,249.69,249.33,244.59,239.59,233.60,226.68,220.77,208.34,201.93,193.77,187.47,177.72,173.05,167.55,161.64,153.45,147.36,141.06,133.88,129.14,118.07,111.46,104.24,97.49,91.24,80.95,72.34
122.15,137.06,145.84,155.68,164.78,174.89,180.01,189.50,190.32,193.57,199.81,202.47,206.67,208.95,209.62,217.26,221.02,227.42,230.08,234.56,242.27,248.02,253.31,254.94,259.49,257.93,254.66,250.93,244.72,237.08,233.08,223.28,209.33,199.74,192.15,185.16,177.20,170.86,163.48,156.16,148.22,143.39,135.09,128.41,122.20,112.15,108.34,99.90,92.11,85.16,79.06,70.01
131.03,144.37,156.63,164.58,174.77,184.39,193.26,203.19,204.36,209.35,212.20,216.45,221.45,223.66,225.22,232.59,236.76,243.67,247.92,249.63,257.60,266.53,271.41,273.54,277.63,276.21,273.99,267.82,262.21,255.45,245.84,238.03,222.99,214.11,204.48,197.08,186.55,179.07,171.35,163.82,155.72,149.40,140.89,133.41,128.02,116.47,110.32,101.60,95.08,89.09,82.28,74.03
131.93,146.00,156.95,170.00,176.51,187.43,193.60,205.06,206.65,210.10,215.03,219.24,222.46,223.14,226.53,235.67,238.30,245.42,249.24,252.29,261.66,268.50,274.02,275.57,277.74,280.32,276.44,268.47,261.86,253.84,245.18,235.97,220.98,213.36,204.47,195.02,183.66,175.03,167.66,163.08,154.98,143.59,138.60,130.17,125.21,111.36,105.99,99.01,96.05,89.69,78.60,68.31
134.65,150.08,162.25,173.57,180.61,191.11,196.82,206.53,212.61,215.60,219.46,223.30,228.59,229.26,228.47,237.93,240.85,245.75,251.29,253.00,259.63,267.62,271.58,271.98,274.66,277.25,271.02,264.52,257.78,250.53,240.01,231.10,216.83,208.61,198.35,190.19,178.01,170.79,162.20,155.43,146.75,138.09,132.19,124.20,118.46,104.12,99.16,91.44,85.59,79.91,72.53,65.00
135.06,148.06,162.43,172.47,179.69,190.59,196.82,206.87,212.12,213.55,216.94,220.42,224.64,224.51,224.45,233.79,237.30,242.79,246.59,248.32,254.39,261.98,265.42,267.53,267.59,271.09,267.73,256.67,251.15,244.05,234.79,225.23,210.06,203.25,193.00,184.29,170.04,162.52,156.20,149.94,142.61,130.92,126.83,117.00,111.63,98.60,92.66,88.00,81.60,76.06,67.60,61.52
135.93,151.11,161.44,170.70,182.46,196.02,193.09,204.88,205.48,209.12,211.54,216.23,221.35,218.55,226.01,225.14,231.09,235.69,231.40,243.40,247.92,252.05,251.51,257.82,261.04,260.26,254.92,249.78,245.51,232.41,228.18,217.52,202.24,190.00,180.25,172.51,164.60,157.70,148.53,138.28,130.94,126.59,114.79,111.99,100.90,95.26,89.89,81.99,76.00,70.33,65.37,58.14
153.17,171.14,182.58,193.76,201.65,215.20,220.88,232.12,231.29,236.92,240.60,242.25,244.27,247.00,247.26,256.22,258.28,263.69,268.17,271.56,275.95,284.02,285.82,289.43,294.35,292.52,283.56,277.41,270.84,257.80,251.18,241.01,220.91,211.47,198.40,190.00,180.58,173.90,164.44,153.84,145.72,139.81,129.10,121.83,117.61,106.68,99.64,92.13,86.28,80.95,73.44,67.91
104.69,119.25,128.84,142.24,150.08,161.53,170.04,183.17,187.13,192.87,196.11,201.53,204.59,204.92,206.05,210.49,214.27,217.80,223.58,217.81,218.94,225.64,226.50,229.93,228.89,234.62,233.82,227.78,226.32,221.22,220.82,216.95,211.40,210.24,205.18,202.63,199.58,196.12,195.90,193.69,192.40,187.07,183.10,179.20,177.63,172.14,168.13,162.25,153.22,147.12,136.53,125.67
89.89,103.32,109.59,118.34,129.69,138.22,144.40,155.01,159.48,165.05,171.06,172.24,175.09,178.13,180.50,185.88,185.04,187.39,191.66,190.09,194.65,196.82,197.75,202.14,203.09,206.64,205.30,202.30,201.70,197.31,198.20,194.37,191.64,187.30,184.10,182.27,179.25,175.31,174.92,170.60,170.18,164.35,162.24,159.89,156.03,151.82,147.12,140.68,133.69,126.21,120.88,109.29
89.56,104.81,107.81,119.22,132.06,136.12,144.81,156.22,162.20,168.08,173.28,177.50,181.62,182.00,184.13,186.51,191.09,193.22,195.06,195.89,199.00,203.05,207.53,209.90,208.66,213.78,216.01,211.03,211.12,207.06,205.88,200.77,199.64,197.04,194.14,192.33,189.53,183.10,183.79,179.89,178.84,174.20,169.65,165.47,163.59,157.31,152.20,144.62,138.19,132.00,120.55,111.40
101.55,115.57,126.12,136.48,146.69,158.11,165.64,178.06,182.58,188.45,193.91,199.61,202.61,204.55,207.79,210.75,214.76,219.02,219.66,222.09,224.38,229.12,231.14,233.15,235.84,237.74,236.00,232.14,233.60,230.42,225.20,218.00,214.20,212.51,207.18,203.02,198.92,193.40,192.28,187.64,184.02,178.49,171.96,170.88,164.76,158.78,152.97,144.22,140.17,131.95,120.74,110.86
106.85,123.41,131.24,142.84,155.62,167.00,174.00,187.83,190.39,197.95,204.47,207.42,211.97,213.23,216.12,222.28,223.33,227.44,229.84,230.67,234.29,240.52,244.79,248.07,249.19,254.06,252.77,251.06,250.46,244.38,243.31,238.37,232.08,229.51,226.49,223.51,218.56,210.61,209.65,205.12,201.10,196.47,188.45,184.95,179.96,172.19,168.18,156.92,148.22,137.64,129.55,117.99
106.33,119.60,130.60,143.75,154.35,164.20,173.61,186.45,191.13,198.01,201.78,206.71,210.87,210.44,214.60,218.76,223.22,227.50,230.87,227.37,232.13,238.38,242.16,245.69,247.16,252.36,254.57,250.70,250.57,248.30,242.89,238.35,234.61,235.61,228.97,225.67,218.33,214.41,213.04,208.24,206.09,199.28,194.88,188.32,184.48,175.00,166.76,158.26,151.29,141.42,131.32,119.15
112.00,128.81,136.34,148.48,159.67,172.88,180.25,191.65,197.61,203.33,207.48,212.00,216.37,218.59,219.66,225.84,228.28,230.63,236.32,234.09,240.15,245.57,250.58,254.89,258.21,260.68,260.65,257.03,258.54,253.43,253.31,248.17,242.68,238.93,234.07,232.14,224.85,218.11,218.05,214.22,209.32,204.82,196.96,190.39,187.88,178.37,172.39,161.51,152.53,144.50,133.79,122.15
115.60,130.86,139.72,153.00,161.45,174.96,182.10,195.49,200.14,206.16,210.40,214.73,219.15,220.86,223.79,227.72,232.62,236.22,240.22,238.42,243.82,249.05,252.52,256.30,259.79,262.67,263.19,258.68,261.23,255.69,254.47,248.85,242.99,239.12,235.36,232.26,224.37,218.92,217.35,212.95,209.34,203.03,197.34,190.13,185.85,179.40,171.77,161.38,151.12,143.13,132.31,121.40
111.20,127.01,136.72,149.19,157.87,169.61,175.84,190.24,193.98,201.68,202.59,209.06,213.40,212.51,213.70,219.91,225.18,230.57,230.70,230.38,233.89,239.21,244.38,245.06,248.20,253.78,254.26,245.23,246.13,243.39,239.53,232.48,225.57,225.69,221.74,214.19,209.46,204.44,201.79,197.63,196.09,187.42,182.48,176.88,173.11,162.54,157.05,146.56,139.52,131.40,120.88,110.45
116.52,131.13,139.90,151.01,163.62,175.82,182.57,193.89,199.32,203.49,209.02,212.08,215.39,217.83,218.20,223.47,226.28,230.49,232.22,234.34,238.21,242.14,246.11,246.45,251.08,253.58,251.51,247.41,246.11,242.20,238.46,233.00,229.26,222.43,216.67,214.41,208.57,204.92,201.00,196.09,193.05,189.02,181.14,174.87,170.19,162.83,157.61,146.41,136.72,127.48,122.89,111.40
119.85,134.77,143.93,154.16,168.03,181.25,185.31,197.09,203.03,206.16,213.35,215.75,219.79,220.05,221.33,225.94,228.71,231.82,235.31,234.36,238.20,243.59,246.62,248.02,251.87,251.64,251.45,247.24,246.59,241.67,239.13,229.60,226.36,221.45,215.11,211.73,206.31,202.19,198.66,193.44,190.71,186.87,179.01,174.43,169.25,160.24,157.43,144.78,135.59,129.32,122.98,107.94
123.17,139.40,148.61,161.45,172.35,185.46,191.86,205.43,208.57,214.40,216.09,221.14,224.02,225.51,226.05,232.77,233.01,237.55,238.56,241.63,243.99,248.87,251.56,255.27,256.73,258.13,257.50,251.46,251.25,244.48,243.67,236.78,232.17,224.24,217.04,216.67,210.60,205.30,202.71,197.01,192.92,188.50,184.76,178.51,172.05,162.66,158.40,149.00,138.72,131.59,121.43,111.45
119.50,132.03,146.22,155.65,165.10,178.39,184.04,197.08,199.62,205.92,207.63,212.05,215.81,214.37,216.12,221.08,224.54,229.92,231.37,228.60,231.70,238.62,241.29,243.89,246.07,248.39,249.82,241.13,240.24,237.12,233.14,225.81,218.43,217.28,210.19,208.13,203.10,197.65,194.65,191.39,186.94,178.62,175.57,168.67,165.87,155.08,149.81,140.80,133.63,126.13,114.63,102.36
121.70,136.69,145.00,156.26,169.00,179.77,187.32,198.91,202.61,206.52,210.04,214.56,215.82,218.25,216.52,222.45,226.38,228.60,232.80,233.65,235.33,239.53,245.31,246.13,247.62,249.21,248.41,244.64,242.33,237.99,233.52,223.00,218.83,217.14,208.43,205.01,198.12,194.62,190.54,185.83,179.94,173.03,168.55,161.82,157.41,148.03,143.17,133.87,125.71,117.96,107.86,97.19
122.19,136.12,147.61,157.28,164.61,173.22,183.17,194.29,196.31,198.76,202.74,206.65,210.39,214.03,216.32,226.29,232.00,237.54,246.20,250.16,258.23,270.95,275.09,279.84,283.80,285.33,284.18,279.95,275.59,267.68,257.86,249.61,237.26,230.18,217.68,209.38,198.12,189.26,181.00,174.55,164.40,154.03,144.56,136.30,130.50,118.19,108.91,101.87,96.13,91.08,80.60,72.72
119.57,132.41,142.62,146.66,164.35,173.00,183.85,189.45,197.23,199.58,203.49,207.33,207.62,208.73,209.98,213.93,220.49,220.97,223.06,224.88,227.85,232.43,236.25,239.01,242.00,242.79,240.84,237.93,236.75,233.45,227.88,225.29,219.61,215.56,209.69,206.34,202.51,199.61,195.66,191.77,187.67,182.57,175.82,169.46,164.71,156.22,150.24,141.45,132.19,123.69,118.12,107.17
114.21,126.83,139.01,149.04,156.73,169.19,175.16,187.22,191.95,198.31,198.49,203.93,207.71,209.25,208.92,212.61,218.23,221.98,226.02,225.40,226.93,233.42,237.00,241.12,242.39,246.13,246.55,242.60,242.13,239.70,233.21,230.05,225.66,222.64,216.45,214.67,212.51,206.96,206.62,201.85,197.02,189.47,186.08,179.63,174.00,163.25,157.31,150.60,140.43,133.81,124.49,111.89
95.88,108.37,116.11,126.59,135.77,145.28,151.17,164.40,166.24,171.75,175.21,180.31,182.00,184.13,183.87,190.41,195.82,197.99,203.01,202.71,206.81,213.02,217.39,219.27,222.81,227.02,229.79,226.53,225.26,224.96,220.42,216.75,215.82,214.46,209.15,206.06,201.82,200.64,199.02,196.16,192.09,186.08,180.62,173.28,170.00,160.70,154.40,146.49,137.06,130.00,122.04,111.16
156.18,175.57,186.99,196.16,204.71,212.80,223.34,226.57,228.55,228.58,231.50,230.78,233.08,235.77,234.44,246.08,247.52,251.27,258.45,260.77,269.26,275.54,280.59,284.02,285.73,280.30,277.66,273.66,263.32,255.50,246.45,233.55,217.11,206.35,195.50,185.00,176.18,168.62,158.62,148.19,138.80,134.47,121.25,114.42,109.04,100.12,95.02,88.77,83.10,76.90,72.92,65.31
158.34,174.01,185.15,194.49,203.71,213.04,220.73,222.61,224.12,223.29,226.02,226.49,229.22,229.86,228.97,236.58,240.98,243.81,251.15,252.01,257.11,268.78,270.77,276.32,277.14,274.61,271.98,262.35,256.16,248.77,236.19,226.35,208.89,201.30,191.11,181.97,170.75,162.20,153.71,147.00,137.00,130.74,121.20,113.16,108.71,99.86,94.11,89.09,83.01,77.23,71.34,65.51
85.44,94.43,102.08,112.00,121.30,131.97,139.53,152.95,156.70,167.04,169.94,176.14,181.62,186.29,185.00,189.19,192.35,193.15,197.59,197.65,202.00,206.74,209.60,213.21,214.89,221.31,221.78,221.46,221.81,218.01,219.11,217.37,219.11,215.64,213.60,210.54,208.08,205.28,205.30,202.89,200.57,197.00,191.09,186.14,181.18,177.02,171.49,162.93,155.08,147.38,138.18,125.80
76.90,86.83,91.24,112.29,113.89,129.56,145.36,161.91,175.58,182.33,187.03,192.52,196.03,194.55,198.64,200.12,198.60,201.68,203.87,205.80,207.47,211.44,215.04,219.76,220.05,227.25,230.32,228.76,232.02,227.13,227.65,225.41,226.74,224.64,221.00,220.47,215.56,212.29,213.60,210.23,206.98,200.56,195.76,191.44,187.54,183.12,173.42,165.85,158.05,149.21,139.46,127.88
74.97,86.65,92.85,109.93,118.23,132.57,147.49,166.38,178.66,184.88,192.00,195.73,200.41,200.82,202.16,203.23,202.67,206.42,209.23,209.95,214.00,216.31,222.44,222.70,225.44,232.62,233.59,232.77,235.31,232.05,233.33,230.15,231.50,230.15,227.78,225.89,219.86,217.85,216.52,212.46,207.77,203.66,198.92,194.02,190.71,185.22,175.93,169.10,158.69,149.79,142.14,127.44
76.22,87.30,95.43,107.42,122.10,133.28,142.95,163.31,173.33,180.35,188.30,192.05,201.80,201.30,205.07,206.40,208.10,212.15,212.84,212.45,212.53,215.03,221.20,219.86,220.52,224.10,222.08,224.18,224.32,220.41,220.74,221.90,219.59,217.81,215.82,214.98,209.86,207.79,206.79,204.79,202.28,196.43,192.77,187.11,184.07,178.90,173.05,164.15,155.94,146.77,137.06,125.80
77.10,87.66,95.88,109.17,126.46,135.79,144.70,169.01,176.82,185.22,193.40,198.12,205.91,207.17,210.24,212.82,214.46,216.52,218.72,215.93,217.25,216.59,224.96,223.18,224.56,226.42,228.05,226.30,224.38,224.21,223.62,222.80,221.11,222.20,218.83,216.90,212.76,210.64,209.35,208.63,205.30,200.63,196.86,192.35,188.83,183.64,174.55,168.24,159.01,150.42,140.16,127.77
90.20,103.47,112.43,126.19,136.82,150.30,159.81,174.52,180.85,189.65,194.56,198.11,205.36,205.12,207.93,210.38,213.40,216.28,217.41,218.40,219.35,220.77,226.21,227.04,228.02,232.33,235.69,232.11,233.75,232.67,228.11,228.04,227.41,226.01,221.33,220.84,215.18,214.40,212.02,208.60,205.30,200.32,196.92,191.04,186.39,180.71,172.54,164.18,156.52,149.48,135.20,125.61
100.32,112.09,128.76,138.18,160.03,173.97,181.41,195.98,201.61,208.15,209.68,216.54,221.82,223.65,223.09,228.32,231.39,237.49,237.86,237.62,237.89,243.00,248.77,246.62,245.73,251.79,252.22,246.50,248.58,244.25,243.59,233.50,234.92,232.59,228.11,226.53,220.91,216.42,213.66,212.62,209.46,202.89,200.52,195.53,189.18,181.25,172.49,166.43,157.61,149.26,139.84,128.32
93.15,103.28,108.85,120.21,134.62,143.89,152.74,165.56,170.07,180.04,186.13,191.13,195.23,198.92,202.04,202.61,208.61,208.83,210.02,212.60,213.22,217.79,219.60,220.84,221.65,224.80,222.81,222.17,220.27,217.01,216.46,212.62,210.04,207.28,204.69,204.28,198.39,196.31,196.22,191.44,189.62,187.75,180.10,175.00,171.60,168.32,162.00,153.42,143.75,134.08,127.57,116.62
97.94,110.16,117.24,129.25,139.59,151.12,159.01,174.52,178.54,189.17,191.60,198.76,204.48,204.47,208.49,211.63,213.88,219.04,221.36,219.40,221.00,223.40,226.92,231.71,230.53,234.57,232.62,228.60,228.48,226.11,225.50,220.15,217.51,217.80,211.93,212.04,207.30,204.07,203.00,200.80,199.12,194.99,191.15,186.00,182.16,175.11,169.75,161.72,150.66,143.85,133.96,123.71
83.01,95.26,101.40,113.28,123.23,134.85,142.56,154.30,154.74,163.42,165.48,169.19,173.98,176.78,179.61,183.70,184.61,189.45,188.90,190.88,193.42,195.32,200.96,204.31,202.87,206.23,204.71,204.94,205.30,201.00,202.71,195.88,194.10,192.28,190.51,187.41,182.82,178.02,179.39,174.77,172.86,169.50,165.00,161.40,157.55,151.57,146.01,138.51,129.32,121.43,114.74,105.36
97.94,110.11,119.92,130.98,138.06,149.16,156.26,168.57,174.81,182.28,185.31,191.17,197.25,198.25,200.94,204.66,207.69,214.02,216.37,217.96,222.73,228.04,233.94,237.07,240.34,244.88,250.54,245.96,246.83,245.69,244.40,237.26,238.90,239.84,235.64,232.74,226.50,223.22,220.84,217.66,215.73,208.43,206.47,200.38,194.93,190.59,181.76,171.76,164.10,156.44,143.13,129.53
95.80,105.76,117.55,125.64,132.88,143.34,150.27,163.13,168.66,175.15,177.10,182.85,189.21,190.37,189.71,195.50,198.01,204.47,205.73,206.53,209.85,215.03,220.38,224.90,229.64,234.87,237.52,235.69,237.07,236.62,236.21,231.49,231.04,232.11,228.84,226.24,222.75,220.27,218.52,216.45,213.96,208.86,207.45,201.36,197.41,190.24,182.78,172.10,163.98,158.11,143.89,132.77
126.25,139.54,148.05,155.86,164.88,174.29,181.14,189.50,191.02,192.37,198.49,199.25,204.69,204.97,206.55,216.90,219.57,228.97,232.79,236.78,246.14,255.00,261.63,265.75,271.15,274.53,276.22,270.07,267.00,263.23,256.13,248.97,237.60,233.02,225.01,218.34,210.26,200.56,194.62,187.13,180.08,171.71,163.68,157.19,151.16,139.70,132.48,124.31,116.18,108.47,98.48,90.26
130.77,146.75,152.61,161.03,171.49,179.63,187.77,194.20,196.81,199.49,205.19,203.89,208.48,212.30,217.08,225.18,226.50,234.65,241.01,244.56,254.71,264.64,271.18,277.72,283.52,285.77,287.22,285.55,283.99,276.10,271.50,262.50,250.38,245.51,236.58,231.23,222.73,216.54,208.89,201.70,193.83,187.07,175.41,168.44,163.69,154.74,146.51,137.87,128.16,119.02,109.90,99.72
121.34,135.72,143.40,151.21,157.20,166.97,172.73,180.43,182.33,185.15,189.53,189.17,194.03,197.77,197.25,208.01,209.90,218.56,222.65,228.41,237.43,245.73,253.01,255.21,264.70,267.85,267.27,266.08,263.49,257.69,253.06,246.34,234.93,231.25,224.15,216.92,209.57,204.17,196.66,188.72,180.68,175.09,166.39,159.36,154.55,143.78,136.89,128.00,119.42,113.00,100.17,91.61
128.89,141.51,148.96,156.63,167.30,175.39,182.99,190.39,190.54,195.37,198.88,200.48,206.04,208.00,211.59,220.20,225.08,232.86,237.03,242.98,251.03,262.98,268.79,273.75,282.31,281.26,287.14,283.40,281.60,275.47,270.68,262.83,251.37,242.60,236.03,231.19,220.23,214.20,207.63,201.56,190.63,186.07,174.73,167.73,162.74,150.22,144.62,134.20,124.28,117.02,107.22,95.90
125.87,140.43,147.14,155.97,163.53,173.00,179.33,189.45,188.60,194.13,195.14,200.64,205.85,205.57,207.07,215.39,222.97,231.49,237.17,240.08,248.87,257.62,268.33,270.51,278.44,283.02,286.75,280.53,278.21,276.52,268.29,261.31,251.34,245.80,239.53,232.23,219.24,212.25,204.79,202.20,193.09,182.17,177.87,170.41,163.37,150.08,142.62,134.03,126.02,118.27,108.00,96.80
117.48,132.57,141.82,146.99,157.15,164.58,168.30,178.08,177.72,180.55,186.32,187.04,191.04,193.66,196.15,206.02,209.90,216.60,221.00,225.58,235.72,245.46,251.75,257.19,264.76,264.83,270.19,269.01,267.57,263.53,259.62,252.22,242.25,235.37,229.17,222.99,214.79,210.24,202.47,194.54,188.73,183.00,174.04,165.71,161.93,152.49,145.00,138.88,127.31,119.97,112.01,102.12
130.03,143.39,152.90,160.10,167.45,179.07,182.95,189.90,188.94,194.09,198.08,199.46,205.77,206.66,210.05,218.66,222.27,229.16,233.66,237.93,248.13,258.16,267.31,272.41,282.71,285.22,291.32,287.37,288.11,282.64,280.24,271.39,263.12,257.11,248.72,245.20,233.21,228.67,223.18,216.08,210.06,201.44,192.67,184.02,177.91,166.09,160.63,151.01,142.44,132.23,120.15,110.35
125.57,137.36,146.24,155.60,162.64,173.03,174.87,183.10,182.51,186.76,190.44,193.54,195.89,199.41,203.94,209.75,214.24,219.32,225.16,228.97,239.91,247.54,255.99,260.62,270.12,273.89,279.58,274.85,275.64,270.41,269.31,259.62,253.31,247.03,239.53,233.94,225.25,221.61,212.90,206.66,200.50,192.04,182.58,175.51,169.74,159.85,153.44,144.17,134.62,124.82,115.28,105.10
118.23,130.94,138.11,145.10,151.03,159.33,166.29,172.05,175.17,176.41,179.77,182.58,186.10,186.82,190.83,197.19,202.23,208.96,214.56,214.77,226.74,234.36,245.23,247.87,255.55,262.46,267.58,264.43,266.01,264.49,257.70,250.57,244.86,243.73,237.54,232.05,222.31,215.10,208.31,207.16,200.20,192.32,185.41,178.44,173.00,162.26,155.43,147.05,139.72,130.46,118.07,106.89
112.89,125.21,132.00,139.03,145.40,154.31,161.06,166.37,167.72,171.17,175.76,177.39,182.72,184.74,189.02,197.47,201.46,209.12,214.90,218.18,231.29,240.47,249.88,256.10,266.45,271.22,276.22,275.68,277.95,273.77,271.94,264.94,258.94,254.07,248.85,243.99,235.48,229.92,223.43,218.83,211.88,204.71,197.10,190.97,183.85,173.57,167.08,157.58,147.11,138.31,125.03,113.27
114.39,126.44,135.34,141.61,148.11,155.76,162.00,172.63,173.40,178.10,179.47,184.46,190.00,190.41,192.39,202.81,207.89,217.85,222.25,225.60,236.55,247.35,258.30,262.86,271.91,277.35,285.81,282.45,283.55,283.72,276.59,270.27,265.19,262.61,256.98,252.58,241.00,234.54,228.83,228.21,219.13,208.06,202.98,195.45,189.84,176.53,167.00,157.85,148.12,139.63,126.81,115.00
117.48,131.21,138.97,147.87,155.08,163.20,169.17,181.11,183.44,188.00,188.74,192.94,199.53,201.30,204.71,214.00,218.56,228.84,233.41,237.76,247.29,258.31,268.37,274.53,282.65,289.39,298.30,292.48,295.39,293.21,290.04,282.45,275.07,274.05,266.00,263.73,249.58,242.03,237.50,232.66,228.08,216.76,209.69,201.25,195.56,182.80,173.10,163.60,154.21,144.03,130.91,119.42
110.16,121.81,127.53,136.88,144.10,152.33,156.21,165.10,166.39,170.99,174.93,178.27,183.22,185.27,187.88,194.37,201.20,207.28,212.85,218.55,229.60,238.11,248.24,252.63,262.42,269.61,276.06,275.64,277.28,277.03,272.08,264.80,262.55,257.42,252.67,248.97,237.67,232.16,227.02,223.38,217.83,208.94,201.65,193.35,188.68,175.31,169.01,160.42,149.70,139.23,129.29,115.60
112.64,126.73,133.02,141.09,149.40,159.91,164.16,171.82,174.00,178.73,183.97,184.70,191.41,195.87,198.57,206.34,210.30,217.38,223.61,229.84,241.51,252.63,262.18,268.57,279.52,282.60,291.67,293.72,294.76,293.60,292.93,284.27,281.78,276.37,270.57,266.58,261.63,253.84,248.77,240.19,234.76,228.55,219.49,209.16,205.72,192.82,186.59,175.41,164.25,152.31,142.09,128.06
112.01,126.48,130.36,137.20,146.25,154.57,160.26,168.07,172.14,176.16,180.07,184.25,190.07,191.01,193.88,202.19,209.27,214.31,220.82,222.80,233.35,244.71,255.36,256.76,268.15,271.90,280.17,279.21,280.23,282.88,279.74,269.97,267.44,264.09,258.50,252.40,245.02,237.55,233.00,225.41,221.21,214.60,206.65,198.25,194.16,180.88,174.60,164.14,154.21,143.18,134.63,120.60
116.02,127.53,136.52,141.74,149.21,157.18,164.88,172.29,172.41,177.54,180.35,185.43,192.85,192.51,196.29,205.88,211.93,218.50,226.13,228.40,242.12,251.10,262.79,267.19,278.47,286.06,294.27,291.49,295.45,293.97,292.66,282.40,281.02,278.44,268.76,265.85,257.62,250.80,244.97,239.35,233.11,223.99,217.60,208.00,204.02,191.67,181.08,171.84,162.59,153.68,139.70,125.59
109.34,122.54,126.40,133.45,140.25,147.34,148.93,156.00,158.05,163.08,165.08,169.05,175.11,177.26,180.31,188.90,194.25,202.16,209.12,214.67,228.82,237.86,250.45,255.93,265.20,274.65,283.80,284.03,287.42,287.61,285.80,276.54,275.41,275.44,267.37,263.50,256.28,248.68,242.74,237.95,232.85,222.27,216.92,206.05,200.96,191.64,182.86,171.74,164.08,152.88,141.45,125.80
114.04,125.00,132.00,136.57,139.63,147.49,152.24,155.72,156.20,160.70,157.05,165.25,168.63,170.55,172.70,179.23,184.97,196.79,203.15,204.94,216.59,227.77,241.46,247.95,257.56,266.07,275.41,276.52,280.77,282.21,278.79,272.24,273.21,271.15,265.65,261.63,252.94,247.41,241.07,237.52,233.60,223.32,217.04,209.02,204.02,193.91,183.93,173.18,165.85,156.40,139.98,126.48
120.81,133.09,137.38,145.34,151.21,160.12,165.71,169.85,170.07,173.30,175.65,178.81,184.11,186.32,187.98,195.53,199.42,209.51,212.81,219.39,231.21,240.05,252.06,261.28,270.68,276.88,287.45,290.77,292.80,292.36,293.02,285.32,284.42,280.86,277.32,273.42,265.35,257.78,252.93,246.87,242.44,232.96,225.50,216.67,210.06,202.07,189.07,180.36,169.53,158.15,143.95,129.88
117.18,130.25,136.40,140.91,150.76,157.21,162.48,167.61,168.76,173.88,178.31,180.23,186.59,188.74,190.37,196.66,200.86,208.12,213.93,216.70,228.65,236.72,248.45,252.81,264.61,271.45,280.12,282.66,286.04,286.42,284.88,277.50,278.77,273.15,268.79,262.49,257.02,253.30,245.42,240.17,233.50,227.98,217.99,210.30,205.87,194.05,186.08,174.64,164.20,153.68,143.20,125.77
109.18,118.71,120.22,126.75,136.95,144.31,143.78,149.83,151.64,157.29,161.47,163.87,169.76,172.68,176.62,183.35,189.10,198.73,207.16,213.06,226.74,238.17,248.65,257.75,267.05,274.64,283.60,289.08,295.06,292.04,292.23,284.53,281.94,277.84,271.11,267.99,261.27,254.89,248.82,244.20,235.54,227.50,219.34,211.37,204.75,192.35,183.99,172.72,161.44,152.12,137.77,123.58
106.74,115.32,118.98,127.20,133.15,140.00,141.40,147.43,149.40,153.39,156.46,162.86,169.10,169.71,170.99,179.08,186.68,196.82,204.92,208.72,222.50,235.38,247.48,255.55,266.48,275.27,287.57,287.33,292.17,293.96,291.73,284.27,283.43,280.52,275.15,269.27,263.14,256.44,250.51,244.24,239.53,228.97,221.40,212.42,207.65,196.02,184.40,172.26,163.81,153.10,139.13,124.04
112.90,123.49,127.01,135.67,143.28,151.61,153.18,159.77,161.48,165.08,170.03,172.70,177.79,181.82,187.03,192.75,197.52,205.91,210.76,220.48,232.08,243.90,254.37,267.20,275.31,284.93,297.85,298.24,303.42,301.21,305.83,296.44,294.49,291.16,285.46,280.45,272.38,265.11,260.30,251.44,245.54,234.57,225.89,217.37,210.71,199.06,185.87,174.45,164.03,151.17,138.08,125.13
108.24,117.89,122.87,131.76,135.15,142.21,148.35,153.21,154.47,160.08,160.91,167.84,171.40,173.53,178.37,184.39,191.03,198.86,203.67,209.09,223.47,232.09,245.09,253.84,260.85,271.41,281.86,281.83,286.21,285.90,286.02,278.60,276.12,272.42,266.38,265.10,254.08,246.38,241.81,233.21,227.76,218.28,212.85,201.88,194.59,181.57,170.30,159.25,152.12,140.09,124.28,112.22
108.67,118.70,123.33,130.46,135.96,143.63,146.01,151.99,154.83,158.49,162.34,167.09,170.75,175.48,181.21,185.07,193.02,200.26,206.64,211.70,226.81,239.74,248.16,258.50,268.78,275.22,287.42,288.34,290.95,290.27,289.61,283.56,280.85,277.74,273.00,265.56,257.31,251.88,244.97,238.82,230.64,222.63,214.08,206.20,196.66,184.23,173.35,161.30,153.94,142.61,127.76,115.21
106.07,116.93,120.55,126.06,133.70,139.82,141.17,147.03,149.90,154.69,159.81,162.50,166.21,172.10,176.50,181.75,187.00,195.90,202.14,208.48,221.84,229.61,241.98,251.96,260.28,265.23,275.94,278.96,278.74,279.87,281.40,273.59,271.31,266.27,264.05,257.56,249.85,243.77,236.89,232.97,224.22,218.52,209.12,202.14,195.35,184.39,174.00,164.17,154.49,141.65,129.81,118.02
101.14,109.33,113.65,120.42,128.44,133.09,137.46,142.61,145.24,151.29,155.33,160.03,164.20,169.94,173.83,179.40,187.47,193.68,200.36,205.91,218.29,228.40,239.99,249.84,258.52,265.45,273.48,278.22,278.58,282.15,280.14,272.81,270.22,265.55,263.43,256.53,250.10,245.45,238.38,235.27,225.87,221.54,211.00,204.63,197.97,188.86,179.41,168.32,160.03,148.37,135.91,122.92
94.87,101.08,105.34,114.34,121.49,126.24,129.25,135.77,139.40,144.69,147.14,152.88,158.53,162.36,167.60,171.43,178.87,187.72,193.78,200.57,213.24,221.08,233.60,245.07,252.20,261.77,271.01,272.12,274.61,277.42,275.33,269.23,266.23,263.37,260.72,254.13,249.23,244.23,236.86,233.24,225.62,219.83,211.92,205.80,198.11,187.67,177.50,168.31,158.09,149.40,135.52,122.81
90.38,101.18,107.04,113.36,118.27,122.09,129.54,136.86,140.12,146.87,147.49,155.50,160.11,163.00,165.56,173.36,182.66,188.69,196.43,199.33,212.61,223.49,235.08,243.02,250.19,262.29,273.28,272.15,274.64,278.03,274.61,268.49,266.82,268.38,263.23,257.42,248.78,243.46,237.12,237.05,230.49,220.15,213.22,206.21,199.12,187.77,179.05,168.31,160.33,150.89,134.65,121.28
99.08,110.02,116.18,122.70,132.06,131.67,138.22,143.14,148.12,156.26,160.08,164.30,167.43,172.13,173.93,180.36,186.39,195.13,201.30,209.66,220.27,231.11,241.63,255.16,261.84,268.96,281.78,283.34,287.77,289.14,285.55,280.69,280.23,277.52,271.64,266.54,261.82,255.19,249.82,247.29,240.97,230.29,222.41,214.19,207.35,198.83,189.69,177.56,167.97,156.73,142.69,129.32
107.38,109.66,120.25,128.71,131.06,140.77,146.35,151.83,153.01,159.70,163.45,166.35,168.24,175.85,177.00,184.33,187.47,195.49,201.08,208.41,219.86,227.34,239.43,249.13,258.19,266.99,278.18,278.96,282.94,284.02,286.06,277.71,275.79,272.55,266.83,262.37,256.78,252.39,246.22,240.03,232.36,225.14,218.28,212.05,203.32,192.00,181.89,173.07,162.43,149.60,138.03,124.60
110.65,124.33,127.35,134.74,139.18,146.03,152.98,158.82,160.08,165.11,167.72,171.54,176.18,180.62,183.77,188.41,194.83,203.33,207.87,214.25,225.80,234.85,244.81,255.92,265.20,271.83,284.40,284.34,292.04,289.51,289.93,285.90,279.35,277.12,275.54,270.19,261.34,257.19,251.18,242.26,239.01,228.60,220.06,214.35,204.22,194.79,183.60,170.00,160.82,150.33,136.80,125.10
97.42,107.65,114.63,122.43,127.32,131.40,139.09,144.20,149.40,155.98,156.03,165.33,169.78,169.19,174.73,179.72,189.62,198.29,205.00,207.33,221.61,231.95,244.90,254.40,260.91,272.22,283.53,282.36,287.57,290.30,285.75,277.41,277.80,279.01,273.03,267.88,257.42,252.34,244.84,242.24,235.47,225.59,218.59,211.03,203.19,190.10,178.92,167.26,160.10,147.30,132.19,120.17
94.02,105.62,110.11,118.13,123.94,131.71,136.48,144.53,148.12,153.05,157.50,162.20,167.84,172.89,176.78,181.80,189.07,195.47,199.58,207.76,218.33,229.72,239.70,248.94,257.50,265.93,277.24,275.63,280.08,279.23,279.72,272.73,267.90,265.97,260.82,255.42,247.80,243.09,237.66,230.54,224.15,217.28,208.33,199.72,192.03,180.45,169.53,159.67,150.66,139.28,125.03,112.45
86.77,95.67,99.62,108.04,113.30,119.97,124.81,131.10,133.81,139.52,144.69,149.40,155.54,157.71,162.93,167.52,174.98,181.12,187.30,192.44,203.59,214.67,224.98,234.61,242.19,247.92,258.80,259.05,261.55,261.96,262.46,254.56,250.88,249.51,245.90,240.41,233.21,227.88,220.51,216.84,210.12,200.86,193.26,185.61,178.90,165.76,156.67,146.51,138.60,127.91,115.26,105.19
87.66,101.02,104.75,113.14,121.66,130.73,135.45,147.20,146.82,150.63,156.16,162.78,167.55,173.22,178.66,182.04,190.47,200.01,203.57,210.12,223.81,233.73,245.34,254.79,264.32,273.47,282.08,285.30,288.95,288.49,286.45,279.42,276.05,272.86,269.16,263.04,255.16,249.82,244.13,237.81,231.33,219.21,213.12,204.36,195.02,183.22,171.19,162.52,152.12,140.73,127.00,115.38
84.31,94.63,100.69,107.06,116.47,125.42,130.43,140.51,142.39,147.60,150.57,158.45,161.76,164.61,168.58,175.28,182.33,192.59,195.26,202.04,213.35,223.27,236.32,245.49,251.67,262.94,275.31,270.14,275.47,277.63,275.12,267.90,265.83,265.05,261.01,254.40,245.10,239.76,233.24,231.21,223.49,211.93,207.51,196.73,190.00,176.40,165.75,156.32,147.73,135.69,120.97,110.49
89.63,99.30,106.61,113.04,120.50,127.31,134.54,145.53,149.16,154.69,160.52,164.05,170.14,172.98,178.24,183.88,187.52,196.74,200.82,208.57,221.05,231.49,243.21,251.59,260.25,273.38,283.29,281.62,285.97,286.22,279.52,278.61,274.09,273.91,268.17,264.55,254.64,249.30,243.91,240.52,232.42,222.42,214.80,205.63,197.99,185.16,172.61,162.61,154.15,142.43,127.12,116.97
86.03,96.05,101.79,111.40,120.00,126.38,130.86,144.92,146.75,153.08,156.31,162.82,166.48,172.73,175.76,184.36,188.10,194.55,199.72,206.69,219.42,230.22,240.83,252.04,258.49,267.84,280.13,279.26,283.18,282.24,281.75,274.40,271.54,270.30,265.75,259.94,251.96,247.49,241.30,238.32,229.31,219.66,211.98,202.83,194.16,183.10,172.99,161.45,152.16,141.83,127.35,115.11
128.41,141.52,151.49,159.54,163.44,171.81,174.64,179.11,179.12,183.04,182.99,186.05,186.81,185.69,186.94,190.88,193.09,200.82,202.27,206.40,211.65,218.96,227.43,233.63,235.85,247.26,247.01,241.82,241.13,239.65,230.41,228.83,216.90,216.34,210.04,202.83,194.55,190.07,185.41,180.75,174.35,166.15,161.40,153.68,146.39,136.01,128.06,118.36,111.41,101.83,89.89,80.89
130.14,142.59,148.71,157.10,165.30,169.26,175.39,179.11,179.61,181.95,184.27,185.37,188.02,187.76,191.02,191.60,195.78,200.48,204.53,207.29,215.60,222.19,230.56,236.50,239.38,246.59,247.95,244.62,243.96,240.30,234.33,229.48,220.73,216.26,210.04,202.79,196.09,190.52,185.31,179.62,172.04,166.18,158.81,154.00,145.28,135.57,126.37,119.04,110.14,99.50,89.50,79.76
91.92,102.96,108.91,118.46,128.46,135.59,143.28,151.56,157.95,163.25,170.58,173.46,178.10,183.08,188.05,192.00,197.70,205.80,212.29,218.41,230.16,238.83,251.31,261.22,269.24,275.88,285.66,289.01,290.24,289.17,290.40,283.60,278.65,276.02,273.85,264.61,259.70,252.98,248.03,241.30,232.80,225.79,214.90,207.29,201.11,185.57,175.93,165.39,153.32,141.99,129.03,115.28
85.91,96.46,101.00,110.86,119.00,129.14,135.37,143.27,148.53,153.39,161.40,163.03,169.54,173.93,177.10,184.39,187.26,193.49,200.24,204.75,217.89,225.50,237.12,246.22,254.59,263.06,271.97,271.54,275.33,273.22,273.94,267.01,263.49,259.56,255.89,249.51,243.02,238.40,233.62,226.02,218.67,210.24,202.32,195.18,186.63,176.31,162.93,152.62,142.00,133.14,119.85,108.98
90.14,101.07,105.80,115.21,124.17,131.80,139.62,150.44,153.84,160.53,166.53,171.73,178.03,182.69,186.59,193.04,197.37,205.68,211.09,217.44,229.21,240.30,250.67,260.38,268.16,276.00,286.64,286.90,287.86,290.29,285.95,279.95,274.05,273.58,267.40,260.69,251.72,245.96,237.39,235.26,227.76,218.55,209.85,198.91,190.28,177.25,168.58,158.26,148.25,135.95,123.07,110.03
85.38,97.45,106.23,114.24,119.34,127.95,135.00,146.18,151.74,159.05,161.89,170.08,176.40,177.45,182.70,189.93,195.39,204.01,210.41,216.17,226.64,237.81,249.34,257.78,263.41,276.73,284.30,282.65,285.70,284.54,280.63,274.24,269.01,269.09,263.70,255.54,246.27,240.26,234.18,230.48,223.57,212.12,205.94,196.10,187.54,173.17,162.50,154.78,145.00,135.59,119.52,108.26
83.17,94.02,98.81,106.32,115.11,123.33,130.38,138.71,143.95,149.57,154.73,157.81,163.53,169.96,173.67,180.04,184.61,191.86,197.95,203.21,215.54,226.72,234.97,244.07,252.66,257.71,267.00,269.09,271.52,268.72,266.55,261.68,255.89,252.72,247.01,241.60,234.09,230.43,225.18,219.60,212.43,203.10,195.88,188.13,179.98,170.45,160.56,150.44,139.17,130.19,117.41,106.94
80.10,89.69,96.43,104.96,110.35,119.04,125.96,137.36,141.32,147.30,153.08,158.15,162.41,166.88,172.04,177.73,182.89,189.79,195.17,200.55,211.65,223.91,233.05,242.10,249.10,259.45,267.23,266.93,268.16,268.33,263.00,259.28,253.03,254.71,246.03,242.14,235.03,228.65,222.17,218.23,211.68,202.57,196.90,187.39,178.47,166.69,158.60,149.20,140.12,130.03,118.96,106.02
80.96,92.01,97.41,107.20,114.81,122.00,127.77,136.47,143.06,148.60,156.39,161.11,165.51,170.45,176.49,183.90,186.94,192.32,200.10,208.96,223.03,231.94,241.81,251.15,258.50,266.36,275.66,276.45,279.83,276.52,275.23,271.65,266.25,264.78,260.99,251.07,245.06,239.27,234.76,225.52,219.09,211.02,204.71,194.36,185.98,177.56,165.44,155.93,145.42,134.85,122.71,109.07
85.00,96.18,101.97,110.32,121.08,128.58,136.01,147.35,152.97,159.85,167.29,170.50,177.23,180.31,187.28,193.83,199.46,208.09,212.68,222.04,234.36,248.20,256.91,270.12,277.72,282.93,294.82,297.43,299.19,296.98,296.14,290.13,282.33,280.96,276.74,269.82,263.21,257.01,250.20,244.57,236.70,228.35,220.20,211.29,200.88,189.64,177.91,169.71,157.92,145.91,132.74,119.64
79.98,89.55,94.59,104.08,113.53,121.79,130.83,141.99,147.67,155.03,161.19,165.02,173.31,176.65,183.41,191.21,195.37,205.23,211.53,218.33,231.67,243.29,254.71,266.18,273.54,281.80,293.63,293.14,296.62,297.19,291.78,289.01,283.49,282.08,275.88,269.14,261.47,254.37,248.64,243.42,235.85,224.01,216.84,208.40,199.72,185.99,176.28,164.35,155.63,144.42,130.36,115.73
79.31,89.81,91.44,101.13,107.07,112.58,116.81,124.92,132.19,138.32,143.39,149.97,157.42,160.82,167.20,176.41,175.55,187.04,193.26,200.42,213.41,225.57,234.00,244.75,255.13,261.70,274.05,272.68,278.12,273.65,272.85,269.94,262.07,261.84,254.40,251.10,242.92,238.00,231.17,225.80,218.66,205.65,200.25,191.48,183.63,170.43,161.11,152.20,141.99,132.50,118.21,106.89
129.69,142.64,153.21,160.20,168.31,175.57,181.57,185.59,186.43,189.69,191.54,192.42,192.59,193.13,194.20,197.20,201.55,205.97,209.48,212.44,218.89,225.00,231.00,234.89,238.54,243.84,242.40,239.57,237.69,234.52,227.26,221.56,211.25,207.20,200.53,194.62,186.78,182.58,178.13,172.56,166.83,160.29,153.73,146.70,141.42,134.81,127.48,119.20,110.89,101.83,93.09,82.35
137.28,152.69,157.69,169.86,175.45,182.58,185.32,188.22,188.53,190.28,193.71,194.37,196.50,197.03,195.26,201.22,203.49,209.06,212.76,213.17,219.97,225.89,233.28,236.33,241.03,246.63,245.33,242.00,239.89,234.34,230.73,225.26,215.00,209.62,205.12,198.91,190.08,186.94,181.22,176.48,171.96,166.69,159.20,152.00,147.05,139.03,130.29,124.10,114.77,104.24,95.77,85.84
106.02,114.63,119.85,119.44,126.56,126.15,124.48,125.72,124.04,120.07,118.73,118.51,118.61,113.70,114.23,113.56,116.69,116.91,119.85,118.44,123.17,125.10,133.30,134.11,133.72,139.43,143.28,148.49,147.09,151.34,149.27,151.49,157.18,166.01,166.59,167.26,171.13,173.35,170.42,170.66,166.11,161.90,153.84,147.67,140.58,128.39,120.80,113.07,105.68,94.87,83.57,74.63
144.59,159.62,168.66,179.07,185.65,193.60,196.33,201.80,202.36,205.57,207.23,208.60,209.95,209.68,210.37,214.93,215.03,219.69,223.56,226.60,232.22,238.02,243.82,247.99,251.03,259.33,256.43,252.19,250.51,247.42,238.76,231.77,224.06,218.68,212.47,206.79,198.00,191.85,187.26,180.71,173.93,165.02,162.11,153.47,146.54,135.35,129.03,119.47,111.09,102.83,91.22,82.49
143.75,158.81,167.22,178.76,185.07,193.21,195.53,204.30,204.86,208.61,208.43,209.77,211.00,211.09,210.79,214.08,216.72,224.18,228.35,229.73,237.69,240.41,250.14,252.11,256.94,261.94,263.15,254.57,252.62,249.90,242.19,235.87,226.61,224.16,216.09,208.85,200.82,193.64,189.40,182.99,177.00,166.83,161.76,156.08,148.00,137.06,129.44,121.02,110.64,101.40,90.96,81.05
143.13,157.42,165.19,176.79,184.17,191.31,196.62,202.24,203.86,206.65,206.48,209.31,209.94,210.49,212.72,218.05,219.97,225.96,229.03,231.82,237.86,246.42,252.72,257.33,260.51,264.84,264.94,260.46,259.47,254.02,249.11,241.01,228.09,222.75,217.35,210.45,204.36,196.77,191.63,184.26,179.20,171.47,163.86,156.35,149.56,139.46,131.49,122.89,113.51,104.81,94.41,84.50
136.78,151.48,159.40,170.45,175.92,181.62,186.64,190.88,193.37,197.10,199.28,201.46,201.14,202.30,202.62,207.12,210.76,216.45,222.17,220.06,226.61,234.95,240.16,246.48,248.11,256.25,256.26,248.17,246.46,242.74,236.63,229.02,219.28,215.86,208.40,201.97,196.17,185.31,180.85,177.55,171.90,161.47,157.51,151.20,144.00,132.41,125.16,116.10,109.08,101.67,88.60,78.10
136.57,153.03,162.34,172.47,176.01,185.33,187.95,195.97,196.88,198.66,200.06,201.82,204.17,204.56,205.73,210.65,211.09,219.09,223.81,222.83,229.26,234.42,240.02,246.35,250.14,256.25,258.94,249.58,249.80,243.81,240.08,231.62,222.77,217.86,210.77,207.37,197.09,190.72,186.10,180.69,175.56,166.21,160.03,152.53,147.08,136.50,131.24,120.75,111.76,102.96,91.35,82.28
141.52,155.42,164.12,173.23,181.24,188.85,193.60,197.00,197.25,201.85,204.38,203.30,205.50,206.02,207.62,212.43,212.60,217.85,224.15,226.38,233.62,239.38,245.46,251.38,256.35,260.56,261.55,256.74,254.92,246.52,244.82,236.86,227.56,222.72,215.56,210.77,202.48,195.65,190.07,185.01,178.76,172.29,161.91,156.20,150.42,140.03,134.74,125.21,113.46,103.45,96.25,85.09
151.16,168.11,175.68,187.60,194.62,205.12,205.55,211.15,211.75,214.71,220.78,216.89,219.70,219.32,222.89,226.59,231.59,235.52,242.74,243.96,249.66,260.13,263.31,269.61,275.48,279.81,279.87,276.26,275.47,267.90,263.03,256.10,245.42,240.42,232.07,228.30,218.01,210.52,206.02,201.56,193.46,185.32,176.01,170.06,162.53,151.64,144.26,134.65,122.54,112.49,102.88,92.78
147.05,160.90,168.44,181.01,186.78,194.03,200.57,204.71,207.12,208.43,211.82,211.45,213.80,214.00,212.85,218.33,220.60,226.49,230.08,230.93,236.48,245.86,249.58,254.91,260.46,263.93,264.19,260.72,257.98,251.81,248.28,239.01,229.62,224.93,216.83,212.60,205.23,198.40,192.51,186.94,179.05,172.65,163.60,157.31,149.21,139.27,130.92,124.20,111.63,103.08,94.40,85.38
146.17,159.14,168.08,180.60,187.80,193.02,197.69,202.07,205.57,205.48,210.52,211.38,209.88,212.08,213.14,217.10,217.37,220.69,226.90,229.86,234.72,241.62,246.56,254.80,258.05,259.00,258.80,255.83,255.01,246.34,243.21,235.80,225.02,219.54,212.62,208.00,199.54,193.01,187.84,181.60,174.84,168.96,159.15,150.88,145.72,136.34,128.00,120.35,109.22,100.30,93.09,82.76
145.52,158.93,167.26,177.87,183.99,190.82,195.17,201.48,203.71,205.22,208.89,210.11,209.30,209.30,209.95,215.24,216.40,224.01,227.88,226.80,233.89,238.60,246.79,248.65,251.10,258.37,259.72,252.37,251.96,244.38,240.88,233.38,222.99,219.21,212.72,205.88,196.66,189.84,185.07,182.15,175.89,166.01,162.23,153.08,146.45,136.21,128.08,120.04,111.79,104.89,92.13,83.38
125.43,136.86,143.54,152.61,160.07,166.48,169.19,174.45,173.64,177.34,179.43,180.88,179.75,181.08,182.43,187.00,189.62,192.90,195.87,197.09,202.20,208.54,213.24,215.20,219.18,224.09,223.90,220.06,219.49,213.52,210.84,204.00,194.50,190.19,185.80,181.21,173.10,167.59,164.35,159.30,153.46,147.25,141.60,134.54,127.63,120.95,114.48,107.56,97.51,91.22,83.67,75.24
127.06,137.03,144.39,154.83,159.91,168.86,171.57,176.78,178.90,179.11,184.33,183.10,184.39,185.40,185.97,191.26,192.72,196.06,201.79,200.41,208.57,213.78,220.58,221.62,228.08,229.54,230.53,227.27,226.37,220.53,219.28,212.00,204.04,200.34,194.14,188.11,180.37,176.82,173.23,167.30,161.15,155.08,148.93,143.89,137.30,126.57,122.12,113.77,103.75,95.38,89.38,79.48
141.91,154.94,163.71,175.45,181.25,188.18,191.61,197.39,198.11,200.28,206.06,205.22,207.54,207.94,208.81,214.11,219.49,222.81,228.63,228.33,237.54,243.68,248.20,250.46,259.39,261.62,263.50,259.62,258.25,251.62,248.60,242.54,231.66,228.71,222.39,216.89,209.12,202.61,197.10,192.26,187.21,180.01,172.47,164.62,158.98,147.46,141.50,131.76,121.04,112.29,104.79,92.70
118.15,134.79,143.96,147.80,150.86,156.39,156.06,152.27,150.66,151.80,152.32,153.67,152.51,153.76,149.04,150.88,152.24,153.84,153.21,153.76,154.32,156.52,154.67,152.43,150.81,146.65,140.62,164.15,183.00,214.41,235.08,234.14,226.12,224.15,214.04,213.18,206.79,205.48,202.51,195.78,194.61,186.56,180.57,172.93,168.39,158.50,147.83,140.00,129.85,118.60,110.05,98.18
137.77,151.27,158.15,168.51,177.10,184.20,189.71,192.57,193.31,195.58,199.38,201.69,201.68,200.82,200.90,205.18,209.09,213.04,218.43,217.95,224.35,234.57,240.43,243.35,248.68,250.35,255.05,252.96,250.28,246.01,241.28,233.26,226.18,221.82,217.37,214.08,205.24,199.46,194.03,187.42,179.78,177.49,169.94,160.12,155.36,144.36,139.85,128.25,118.60,108.23,100.24,88.57
140.89,153.64,161.12,169.62,178.72,185.15,191.05,194.92,196.74,199.18,197.01,200.96,202.57,201.68,201.30,208.90,211.12,214.56,218.89,220.00,225.83,235.14,241.01,244.91,250.80,254.92,255.86,253.30,252.41,248.60,242.53,235.13,228.09,223.06,217.30,214.01,205.01,198.76,193.89,189.27,183.07,175.51,170.66,161.89,156.28,142.97,137.06,127.01,119.52,109.25,99.18,86.98
138.85,151.18,162.79,172.57,176.47,184.53,191.91,195.00,196.90,198.04,197.29,203.02,203.38,202.04,203.04,206.52,210.24,217.20,220.64,218.43,225.20,235.76,240.00,242.03,250.84,253.41,257.86,251.44,251.25,250.46,243.21,235.05,227.20,226.01,216.54,214.14,204.08,198.93,194.16,189.53,182.79,174.64,171.06,161.20,155.24,144.59,137.46,127.02,119.54,110.54,97.94,85.70
139.04,152.12,161.44,170.85,177.18,183.13,187.96,192.75,192.21,195.37,197.01,199.72,200.17,198.73,199.62,203.09,206.90,209.88,215.23,216.46,219.46,229.14,235.44,238.77,243.98,247.19,249.72,245.73,245.58,241.62,235.64,230.08,220.66,217.70,212.04,208.58,200.03,195.72,189.52,184.68,178.06,171.19,166.86,157.88,152.95,141.65,133.96,126.53,116.00,108.16,97.45,87.98
141.04,154.16,162.86,173.00,181.11,187.76,191.32,195.56,194.92,198.12,200.24,202.06,201.65,202.24,203.30,205.06,206.69,211.44,216.39,217.44,224.40,233.08,236.39,238.58,246.81,249.51,254.56,250.06,247.03,242.40,238.29,233.56,225.84,219.32,212.08,210.69,202.39,196.96,193.77,186.30,179.27,173.00,167.17,160.75,154.90,143.34,137.18,128.41,117.41,107.42,99.72,88.14
145.91,161.14,169.66,180.89,186.81,193.26,197.57,201.82,203.03,204.71,205.79,207.47,209.61,207.88,206.74,211.85,216.00,221.92,223.99,224.12,231.01,241.35,245.28,247.65,254.04,258.94,263.96,258.13,257.53,254.03,248.20,240.61,234.96,231.21,224.85,221.72,212.12,207.28,202.04,197.27,191.48,182.62,177.19,168.34,163.72,152.35,143.41,134.97,127.14,116.66,103.23,93.06
150.81,164.56,171.55,183.34,191.82,199.32,201.36,204.56,206.31,207.97,211.29,211.54,212.25,211.74,213.03,215.67,216.90,223.83,226.93,227.68,234.20,245.75,248.52,251.62,260.77,261.74,266.85,262.88,261.40,257.72,252.30,246.40,238.42,233.57,225.88,222.99,215.87,212.25,206.20,198.25,192.31,186.45,179.04,170.50,166.21,154.02,149.09,138.24,127.66,117.32,106.47,95.29
150.05,163.13,171.64,183.97,188.68,198.66,201.47,206.23,206.37,208.66,209.85,212.04,210.83,211.54,211.77,216.67,219.78,223.18,228.24,229.13,236.54,243.76,250.10,254.88,259.89,264.41,266.81,264.21,262.51,258.86,253.53,248.12,237.26,234.61,228.00,226.15,216.15,210.77,204.94,199.81,193.74,185.31,180.83,172.24,165.61,154.18,144.81,137.91,127.00,116.76,104.48,93.47
149.51,164.64,173.44,183.97,189.45,198.40,201.76,206.18,206.12,209.44,208.72,212.04,211.81,210.19,213.04,216.36,218.22,223.18,227.50,229.13,236.54,245.23,249.13,253.31,259.33,264.91,265.70,264.04,263.43,259.62,254.17,247.39,238.20,235.20,227.80,222.73,215.33,210.10,204.79,198.98,193.26,185.56,179.45,170.84,164.83,151.46,145.34,137.20,127.44,117.05,106.30,93.11
143.68,156.21,165.89,176.82,181.71,189.62,192.88,200.19,197.73,201.07,204.09,206.47,206.21,205.00,203.18,210.09,215.15,219.65,223.14,224.72,232.65,239.75,246.35,249.65,256.04,258.37,261.12,257.61,255.36,252.79,247.95,239.82,230.82,228.23,222.25,218.40,207.86,200.90,195.92,192.42,185.65,178.36,172.01,164.23,156.85,147.90,139.23,130.36,120.04,108.50,101.53,89.59
144.26,156.54,165.10,175.97,182.04,189.49,194.33,199.36,198.64,201.00,202.74,205.06,207.23,206.40,208.47,211.70,217.15,219.53,224.64,226.17,232.09,240.88,246.95,250.89,255.84,258.31,263.10,259.28,257.95,255.00,248.58,239.08,231.70,228.11,222.62,217.67,207.66,204.50,197.23,192.17,185.95,176.82,171.17,163.57,156.52,145.72,137.93,129.56,120.44,109.64,99.92,90.43
144.36,158.81,166.60,177.25,184.44,192.00,194.82,198.20,199.54,202.04,204.12,206.79,206.83,205.45,207.87,212.32,214.87,218.83,223.01,226.38,233.41,240.30,245.79,250.38,255.88,261.27,261.84,259.28,258.21,252.41,247.03,240.13,231.70,228.47,221.12,218.66,207.66,203.15,197.95,192.13,186.26,175.86,171.33,163.57,156.52,144.31,136.97,129.56,119.95,111.83,99.92,89.27
140.91,152.76,162.73,172.93,180.01,188.11,189.84,197.72,196.54,197.74,202.18,203.16,203.48,204.22,204.79,211.29,215.08,218.11,223.44,225.25,231.32,238.89,245.73,248.94,254.14,257.50,259.56,256.56,254.80,251.07,245.17,237.08,229.40,226.42,219.06,216.76,204.75,198.04,194.28,188.96,182.99,173.97,169.09,161.01,153.77,142.41,135.82,125.90,119.08,108.23,97.27,86.98
134.63,145.77,153.71,162.44,170.39,178.39,182.00,186.01,186.01,189.25,192.33,194.01,194.49,193.81,196.01,200.26,204.30,207.87,212.33,213.46,218.44,228.09,232.59,235.49,241.51,244.38,246.43,243.98,242.84,237.17,232.82,226.42,218.28,213.97,207.88,202.92,194.16,187.95,183.70,177.79,171.51,165.08,158.48,151.05,145.50,137.06,130.23,120.22,110.98,101.40,91.98,82.57
135.00,149.16,157.69,167.45,175.29,181.43,185.22,189.45,189.91,193.02,197.12,197.77,197.73,199.15,201.08,203.02,207.35,210.65,218.30,219.28,225.00,232.03,236.99,239.59,244.81,251.37,250.72,249.42,247.03,242.00,236.07,229.56,221.07,214.31,209.51,206.65,198.43,191.65,186.40,182.00,175.11,166.36,160.33,152.46,147.32,136.53,130.27,120.42,111.83,103.09,94.26,82.29
135.25,147.25,156.42,167.84,173.36,181.60,184.68,187.93,192.48,193.85,195.26,199.83,198.98,198.41,200.53,204.61,207.99,214.35,218.82,217.91,223.32,232.22,236.69,239.85,244.66,251.19,251.37,247.05,245.20,242.14,234.62,228.18,219.79,216.54,210.38,206.12,196.70,191.17,184.82,181.97,174.00,166.39,160.12,154.18,147.14,137.06,129.88,120.35,112.77,104.74,91.76,84.02
134.85,148.41,157.18,167.17,174.47,182.48,188.53,193.41,194.15,200.20,203.35,203.81,204.84,205.30,207.46,211.62,215.03,219.65,224.40,226.02,232.42,238.88,246.08,250.94,256.59,258.15,258.09,254.44,249.82,247.42,241.88,232.56,220.58,217.89,211.07,207.71,197.25,190.07,184.78,179.78,172.86,164.30,159.70,149.86,144.36,133.66,128.02,118.26,107.20,98.84,91.93,82.35
135.51,147.63,154.98,167.20,173.74,181.46,188.45,194.49,194.49,195.48,200.01,202.25,203.84,204.43,205.34,210.61,215.56,219.20,222.75,225.50,230.02,237.54,245.12,248.01,254.28,255.50,255.44,252.45,248.20,245.49,239.24,231.55,218.43,216.93,210.06,203.89,195.49,188.09,182.57,179.40,171.03,164.03,156.71,149.68,142.56,133.23,127.20,118.71,108.41,97.62,91.01,83.20
139.64,153.31,161.97,173.53,180.14,189.84,193.33,197.34,199.15,201.41,203.83,206.19,208.00,208.41,209.20,213.90,216.76,223.08,225.89,227.86,232.86,241.30,246.98,251.98,254.85,261.29,261.28,254.56,255.81,249.33,245.57,237.54,227.67,225.32,216.09,211.23,203.59,199.04,193.37,186.46,180.62,175.35,165.60,158.27,150.88,144.64,134.63,128.80,116.28,109.48,98.99,88.51
139.81,154.43,162.89,171.40,181.47,188.35,193.19,197.59,198.20,202.25,204.09,205.50,207.18,206.93,210.95,213.94,215.75,218.44,224.93,226.74,233.49,238.40,244.86,249.56,253.81,258.03,255.33,255.19,253.21,247.81,241.87,234.07,224.35,219.58,216.16,210.11,202.89,196.94,192.67,185.93,177.80,172.79,165.13,157.28,151.61,142.86,138.13,128.08,117.15,107.82,99.32,88.54
138.92,153.00,160.08,171.55,179.60,190.23,191.97,197.80,199.90,201.65,204.94,206.09,206.52,206.81,206.82,213.78,215.28,220.51,226.74,227.80,229.87,238.31,243.31,248.93,253.25,256.73,259.31,252.00,252.03,245.41,241.05,232.42,223.04,219.16,212.85,207.40,200.83,193.20,188.79,183.58,176.74,169.81,162.05,155.26,149.66,138.44,134.20,124.62,114.28,105.55,96.54,86.68
138.19,150.89,161.90,171.75,176.24,185.21,191.13,197.02,197.01,200.30,200.41,203.90,205.88,205.92,206.62,211.10,214.39,219.78,223.18,224.12,227.04,234.96,239.63,246.13,249.24,255.44,255.07,250.19,249.76,245.72,241.67,233.53,223.01,222.25,213.60,209.69,201.85,196.31,192.05,187.46,181.47,170.47,167.84,160.20,153.94,144.51,134.39,127.66,118.97,112.45,96.93,89.01
139.27,153.39,163.57,174.11,179.23,186.36,193.69,198.86,199.53,201.53,204.55,206.65,207.09,207.78,206.93,212.90,214.37,220.71,225.06,225.14,231.23,235.82,244.26,250.00,253.03,258.79,259.14,253.27,250.24,249.51,242.96,235.19,225.57,224.98,217.26,213.40,203.81,198.52,193.75,189.45,183.81,173.28,169.45,162.27,156.39,145.24,137.30,128.32,120.34,110.98,99.01,89.16
145.80,159.02,168.72,179.39,189.61,194.61,198.70,203.81,204.53,206.71,210.39,211.77,211.48,211.63,212.90,216.21,220.84,226.24,226.18,231.67,238.10,245.70,249.72,253.19,258.05,263.43,262.05,260.25,260.11,255.00,250.45,245.74,235.33,231.80,223.45,218.52,210.74,208.02,203.79,197.21,190.60,186.32,176.92,170.88,163.36,155.91,148.53,141.69,127.74,119.10,111.33,100.44
142.02,155.08,163.93,175.52,182.78,191.09,195.65,199.56,200.64,203.82,207.12,208.08,210.87,210.24,212.25,216.45,218.12,221.58,226.93,228.81,234.35,242.03,249.51,254.62,255.77,263.80,264.38,259.43,258.80,252.88,250.29,241.46,233.55,229.97,224.44,219.69,211.29,204.43,201.64,196.13,189.69,183.85,176.65,168.19,160.56,153.22,147.22,136.82,125.78,116.52,105.99,95.52
139.82,153.85,161.45,174.61,181.82,189.75,193.31,200.77,200.77,204.17,205.77,208.00,208.81,209.15,210.95,215.11,217.89,223.65,228.82,229.83,236.37,242.54,250.32,254.65,259.02,263.76,266.09,261.54,259.49,254.37,250.11,246.27,235.97,232.01,226.60,221.84,214.02,207.56,202.74,198.98,191.46,184.69,176.82,171.17,165.68,153.64,146.49,138.13,127.64,119.10,107.56,94.37
143.06,153.56,163.49,176.08,182.50,191.21,195.14,200.14,200.87,203.22,209.33,208.08,210.77,210.68,211.45,216.39,218.75,224.36,229.87,231.49,236.69,245.09,250.67,256.44,262.16,265.15,265.27,262.07,261.73,255.92,252.07,245.00,238.11,232.40,226.29,223.73,214.76,207.85,205.00,198.37,192.51,184.50,179.11,171.42,165.92,154.16,147.14,138.45,127.88,118.19,107.62,97.80
136.49,151.92,156.39,163.95,177.87,184.95,187.00,191.00,190.91,194.10,197.31,199.42,201.11,203.42,205.88,209.76,214.37,217.92,222.80,223.29,231.01,237.89,242.08,250.84,254.42,260.28,263.05,258.15,257.66,254.10,248.48,243.77,236.00,232.13,225.40,221.38,215.00,206.83,203.21,198.36,192.04,184.88,177.49,170.66,164.56,154.50,148.35,137.90,128.83,120.22,107.69,98.88
136.06,150.24,157.42,168.36,174.04,182.04,185.73,192.05,193.21,196.58,197.49,198.12,202.00,203.74,205.37,210.20,211.99,217.22,222.27,222.77,230.06,236.22,240.55,247.89,254.17,259.79,263.15,257.86,258.79,250.57,248.47,242.67,234.45,230.49,223.29,219.24,212.98,208.15,202.41,196.01,190.52,183.21,176.28,170.06,164.20,153.22,147.46,137.93,126.66,117.69,106.48,96.34
134.81,149.90,158.11,166.74,173.61,182.02,186.30,192.78,191.77,194.55,197.59,201.63,203.49,203.08,200.82,207.74,212.05,216.89,224.04,224.08,230.50,238.42,245.07,250.06,253.57,262.61,263.43,258.07,256.44,253.51,246.91,242.26,234.03,231.04,225.76,221.00,211.15,206.62,200.82,198.25,191.18,182.00,179.90,172.24,164.83,153.44,145.00,137.30,128.32,118.53,104.24,93.30
137.52,151.45,160.42,169.25,177.34,185.01,189.02,193.96,195.03,196.70,202.94,201.08,203.97,205.06,206.16,210.38,213.55,216.81,222.65,224.06,233.01,240.01,245.98,250.89,255.43,261.85,262.73,260.26,257.24,252.97,249.02,241.93,233.63,229.37,224.40,220.10,212.45,204.62,201.00,196.45,187.77,182.73,175.33,167.59,163.23,154.03,145.25,137.03,126.19,115.62,105.55,94.53
137.59,150.90,163.23,175.15,178.89,186.68,191.41,198.58,198.01,203.97,202.77,206.58,208.78,207.33,207.15,214.90,216.40,224.70,229.11,229.48,233.66,243.66,250.11,257.61,260.20,268.38,268.63,261.17,262.62,258.38,253.95,246.63,237.01,236.12,228.71,223.65,215.43,207.18,203.07,201.09,194.52,184.88,180.55,172.18,165.22,154.78,145.73,136.08,127.58,119.05,104.10,94.81
137.71,152.47,157.89,169.71,176.26,184.13,187.54,192.92,193.51,197.80,201.40,201.91,203.30,203.63,205.63,209.12,213.71,217.70,222.77,224.08,230.76,239.72,245.97,250.93,256.09,261.09,261.68,259.62,258.21,253.21,249.58,241.59,232.56,227.73,224.12,219.67,211.40,204.62,200.25,195.54,189.10,181.57,175.15,166.63,161.47,151.63,144.36,134.24,124.26,113.95,104.55,95.78
135.93,150.21,157.00,169.78,177.12,184.39,187.54,192.75,194.61,196.71,201.84,200.14,202.60,203.53,204.07,210.38,211.19,215.60,220.95,223.18,230.20,238.81,244.79,250.13,255.77,260.43,260.77,258.33,256.89,252.12,246.91,239.55,231.90,229.49,223.81,216.90,209.29,203.97,200.26,194.28,187.62,182.04,173.30,167.41,160.86,151.56,143.56,135.79,124.42,114.02,103.87,94.07
140.16,155.43,163.71,175.93,182.13,192.09,195.14,201.12,202.27,205.80,210.30,210.29,211.75,214.22,214.45,221.84,220.84,228.97,233.99,235.41,242.39,249.88,255.00,261.09,265.91,272.47,274.54,267.24,267.26,260.77,257.34,249.07,241.68,237.42,229.65,223.32,215.62,208.20,203.96,197.80,191.39,182.22,176.39,169.07,161.14,150.88,144.51,133.41,124.62,114.21,100.65,93.72
127.32,138.96,146.76,157.41,162.75,171.19,175.48,182.88,182.48,184.86,186.55,190.54,192.04,192.77,191.02,198.22,198.88,208.27,211.75,211.70,216.11,225.21,229.63,236.35,239.35,246.22,246.91,240.41,240.97,236.68,231.63,224.15,217.01,213.78,206.65,202.89,193.06,186.07,183.74,179.18,172.73,163.98,158.53,152.61,145.77,136.97,129.47,121.75,112.33,105.21,92.89,84.01
136.31,150.24,159.67,170.84,175.79,185.61,187.54,195.76,195.02,199.72,198.96,202.94,204.60,203.67,206.62,210.92,213.24,218.60,223.81,226.75,231.03,239.70,245.35,251.83,256.32,262.15,263.05,258.57,260.05,252.03,249.06,240.75,232.31,229.80,225.23,218.41,212.58,203.98,201.55,196.23,191.17,180.83,176.50,168.32,162.46,151.99,141.76,135.01,123.98,117.44,104.31,93.62
136.68,151.65,158.93,168.57,175.92,184.89,188.73,193.22,195.58,197.88,199.92,202.87,204.80,204.71,207.15,211.19,211.81,218.36,224.47,224.72,229.53,239.84,244.47,250.39,254.57,260.68,262.43,257.51,256.39,251.75,247.84,240.31,233.14,228.65,225.22,221.52,212.47,204.47,201.09,194.37,190.39,181.04,175.51,167.61,161.11,151.72,143.40,134.85,123.58,114.76,104.56,94.02
129.45,142.30,151.56,159.71,165.56,172.66,176.14,183.45,185.81,187.49,189.93,193.65,193.88,193.00,194.37,199.49,201.48,206.93,211.07,210.94,219.92,224.93,233.03,237.51,239.60,247.63,248.17,243.08,242.91,239.64,235.65,230.29,221.90,221.27,213.18,209.78,201.31,195.58,190.39,186.14,180.28,171.47,168.07,161.01,155.80,143.34,137.06,127.06,119.85,110.05,96.42,87.32
129.71,142.36,151.99,162.81,167.89,176.14,178.75,184.07,183.12,188.88,192.00,192.51,193.93,195.56,195.62,200.14,204.95,206.89,214.34,214.72,221.14,228.47,234.56,240.69,245.09,249.66,249.90,248.81,246.49,242.54,237.43,233.38,223.95,221.05,217.08,212.45,203.48,199.90,193.28,190.51,183.90,176.26,169.86,161.62,157.49,148.27,140.13,132.64,122.64,113.36,103.94,92.36
110.07,119.85,121.64,132.54,137.91,138.84,136.50,140.12,141.88,145.09,144.70,145.34,142.89,140.66,141.35,143.78,144.94,150.14,149.40,150.33,152.74,154.55,162.98,164.25,163.25,167.61,168.87,169.12,174.64,172.47,174.23,169.73,177.23,187.80,200.10,205.55,205.30,203.39,202.20,193.13,190.82,181.80,173.73,164.81,159.26,145.60,137.93,128.04,119.82,107.02,100.69,87.46
136.00,151.01,157.89,168.96,172.65,183.21,186.08,192.51,194.12,196.82,198.77,200.96,203.02,202.78,202.32,209.42,210.84,218.87,222.11,222.46,228.79,237.13,242.23,248.34,252.83,261.30,260.87,254.44,254.00,251.64,247.19,240.57,232.23,229.56,223.33,219.48,211.63,202.08,197.46,196.79,191.93,179.88,176.30,167.87,162.31,151.21,143.12,132.70,124.33,117.78,102.53,92.85
134.36,146.32,153.39,165.42,173.40,180.65,184.05,187.52,189.86,192.42,198.13,196.00,199.09,199.18,202.92,205.24,208.02,209.75,217.02,219.35,226.60,232.66,239.73,244.75,249.45,252.36,254.66,251.80,250.12,246.13,242.62,236.50,229.22,222.89,219.01,215.24,208.03,202.24,196.60,191.85,184.01,179.03,171.13,164.54,159.82,148.79,143.11,134.42,122.59,112.45,104.56,92.36
128.27,140.80,147.63,158.03,163.08,173.22,175.97,182.06,182.89,185.07,187.36,190.28,191.18,191.09,191.48,197.14,197.57,204.02,208.89,210.11,215.60,223.30,228.88,233.38,238.61,244.68,247.33,239.30,240.87,235.46,232.70,227.08,218.69,217.28,209.69,206.83,198.70,192.08,188.88,184.17,179.64,168.61,165.10,158.94,151.17,141.44,136.19,127.29,118.51,109.66,99.25,89.04
129.45,140.76,147.36,156.54,164.65,173.37,174.26,179.11,181.84,182.95,188.80,186.94,188.83,190.37,191.51,196.60,196.71,202.32,206.55,208.87,215.38,224.12,227.07,232.23,238.42,241.66,243.29,240.10,238.35,234.20,233.08,225.20,217.06,213.51,208.83,204.79,196.98,193.04,187.41,183.14,176.20,170.18,163.71,157.54,151.24,142.43,136.42,127.40,117.00,105.30,98.98,89.63
136.12,148.64,154.24,165.89,173.44,180.74,184.84,189.23,190.38,192.60,196.96,196.66,198.15,198.91,199.06,202.65,207.18,210.38,217.30,219.66,223.04,233.08,238.45,245.01,247.99,252.41,251.64,248.29,250.58,244.91,241.62,234.92,227.34,223.29,218.25,215.76,204.98,199.47,195.86,192.00,184.39,179.71,170.02,163.98,159.46,150.00,142.44,133.96,123.43,111.45,104.68,94.26
133.69,147.18,157.32,164.76,171.06,179.60,182.65,188.43,189.59,192.84,195.87,197.29,198.12,196.16,199.81,203.57,205.06,211.01,215.78,216.28,224.44,230.52,237.61,242.99,246.66,252.51,254.28,248.21,249.20,244.46,241.17,234.29,226.63,223.49,217.44,213.41,204.88,198.70,195.44,190.70,185.83,177.54,171.83,165.06,159.81,146.77,141.01,131.85,123.00,113.09,102.53,90.87
133.82,145.65,152.63,163.95,171.42,177.55,183.17,186.12,187.26,190.55,193.26,194.83,194.37,196.00,197.52,202.71,202.97,208.54,211.07,216.19,222.44,229.38,234.34,239.71,244.28,248.09,249.02,247.01,246.46,240.84,238.40,231.23,223.01,217.66,213.18,210.23,200.06,195.82,191.17,187.97,180.76,174.98,168.34,161.25,155.13,145.77,138.40,130.25,119.92,109.40,101.55,90.61
130.55,144.20,151.34,160.52,166.90,173.81,178.47,182.33,183.36,186.17,189.74,189.75,190.28,191.89,193.61,195.06,199.88,205.04,207.91,210.43,218.15,224.41,230.78,234.36,237.99,242.55,246.13,243.35,241.98,237.23,234.89,228.08,222.15,217.08,212.23,207.86,201.09,194.83,190.83,186.94,179.78,174.94,168.32,160.85,154.47,146.03,138.36,131.47,119.85,111.14,101.12,90.03
137.00,150.15,160.53,169.09,173.24,181.65,185.53,192.01,192.80,196.21,197.02,199.57,199.57,200.74,203.33,206.12,208.89,215.62,221.00,220.97,226.15,234.14,242.17,246.83,250.19,257.93,258.79,253.55,253.50,248.16,245.90,240.21,230.79,230.05,225.57,218.52,212.45,205.46,202.14,197.50,191.51,182.24,178.68,171.33,163.78,153.95,145.41,136.49,127.91,119.82,105.26,94.87
96.21,105.00,111.83,120.49,116.69,122.00,122.20,121.20,128.39,125.60,128.95,132.10,132.20,127.39,128.13,131.65,133.70,139.81,141.61,140.01,148.22,149.69,155.56,158.05,162.34,168.02,170.14,168.47,174.00,176.53,177.54,183.15,190.63,202.55,208.17,214.60,206.93,203.30,200.01,192.13,188.48,178.03,171.19,160.55,154.18,141.04,132.28,123.56,115.35,106.33,93.78,82.01
135.87,146.11,154.74,162.89,168.32,178.91,180.24,188.88,190.16,192.59,194.64,196.31,198.03,197.69,198.20,203.97,204.40,211.01,215.67,213.06,222.18,230.41,235.30,239.02,243.82,250.64,254.26,248.13,247.95,243.48,237.70,232.16,224.70,223.44,215.08,212.40,203.80,198.56,195.17,190.96,184.70,174.20,171.84,163.52,157.17,147.63,140.04,131.10,123.15,115.43,101.12,91.92
129.25,142.39,153.83,164.98,168.00,175.64,178.54,185.61,188.18,190.28,190.91,195.13,195.98,195.97,198.09,201.79,203.25,210.01,212.20,214.01,217.45,227.04,233.44,237.01,240.20,245.51,247.78,242.55,241.51,239.87,234.78,228.53,220.59,217.52,209.88,206.67,198.04,192.13,186.51,182.72,178.47,169.01,165.03,157.69,151.99,139.60,133.79,125.00,116.08,107.49,95.34,87.05
132.01,145.77,153.58,164.73,171.49,178.49,182.18,186.13,188.66,191.46,193.15,195.92,196.98,198.17,199.01,203.58,205.55,210.68,213.81,216.21,220.00,229.51,235.24,239.27,243.53,246.66,248.57,247.20,243.21,240.03,237.17,229.45,222.32,218.28,211.00,207.97,197.25,193.15,188.53,184.18,176.73,171.90,164.35,157.10,151.63,143.18,136.47,127.48,115.52,107.70,98.23,86.09
128.16,140.04,148.61,157.75,162.59,171.00,174.57,181.01,181.84,184.13,186.03,188.31,188.14,188.43,189.19,193.04,196.84,202.89,206.55,209.82,214.06,220.20,226.95,230.79,237.02,239.89,243.68,241.40,240.60,235.14,232.70,227.90,220.10,219.01,212.25,207.06,201.16,195.26,191.67,187.77,183.45,174.60,170.00,161.97,157.43,147.23,138.19,130.11,122.16,113.36,100.28,89.81
129.69,141.16,148.03,158.93,164.69,170.95,175.32,179.00,179.60,181.95,185.97,186.27,188.80,188.49,190.52,194.20,195.04,203.19,202.14,206.49,214.35,219.11,223.99,228.06,231.01,240.52,243.48,239.40,240.61,234.02,233.00,229.01,221.02,218.69,205.06,206.40,199.14,195.73,192.17,180.83,181.32,172.39,167.72,161.23,152.12,144.50,137.99,130.39,120.42,111.07,101.41,89.83
135.52,148.66,154.55,165.70,173.01,180.10,183.81,188.62,188.79,190.38,196.02,197.10,198.44,199.36,199.01,203.50,204.04,208.84,214.85,217.34,225.21,230.15,235.61,241.08,245.60,253.03,252.35,250.25,249.06,243.66,243.02,234.88,227.79,224.96,221.36,217.80,209.81,201.61,197.73,193.94,187.86,180.54,175.31,168.44,162.43,152.97,146.12,136.56,126.89,115.83,106.78,96.18
137.56,151.49,158.48,169.03,175.51,183.67,187.72,192.05,193.93,196.87,200.30,201.22,201.84,202.53,204.16,208.31,211.40,215.64,221.07,223.71,228.22,235.59,240.16,245.80,250.57,257.16,259.02,254.66,254.49,250.23,245.77,240.10,232.46,228.37,222.99,220.10,212.06,207.62,203.01,197.91,191.89,183.25,177.25,170.76,163.08,155.24,146.37,138.24,127.28,119.94,106.89,96.17
129.97,141.35,150.94,160.33,165.30,171.47,175.65,182.04,182.99,187.10,186.82,191.06,190.79,190.80,192.35,195.49,200.04,205.54,209.31,208.90,213.00,222.00,225.74,230.36,236.22,242.33,244.90,239.59,239.29,235.94,232.43,223.81,218.29,218.29,211.73,207.28,201.80,194.73,190.22,186.59,180.89,169.24,167.89,161.14,154.16,145.77,137.71,129.07,122.09,113.17,99.73,90.09
129.10,141.32,149.24,160.08,165.00,174.04,179.40,184.35,186.55,188.79,194.61,193.99,194.81,194.66,193.50,202.00,201.23,207.52,213.28,214.90,219.28,227.20,233.45,237.90,241.17,245.81,247.16,243.30,241.70,236.46,231.61,226.75,218.58,212.19,207.61,202.83,194.21,187.00,183.62,178.87,171.77,166.36,157.43,151.48,143.84,135.03,129.03,118.70,110.15,101.12,92.65,83.82
129.71,142.35,151.16,161.07,165.22,174.43,178.89,181.74,183.36,185.61,187.67,190.68,193.08,192.21,194.16,198.31,201.10,207.59,210.74,211.80,217.00,221.98,230.02,232.88,237.02,243.02,245.86,242.70,241.81,237.81,233.26,227.27,220.73,216.91,212.90,207.63,201.04,193.35,191.65,186.01,183.00,172.70,168.68,161.21,156.22,146.16,137.20,130.10,122.72,113.00,99.76,88.73
132.77,146.09,151.00,162.66,167.29,176.92,178.54,184.11,186.55,187.67,192.05,192.01,193.08,195.26,194.49,199.36,200.82,206.17,209.69,213.01,218.33,225.74,230.78,236.28,240.63,246.72,246.29,244.36,244.32,238.37,234.93,229.59,222.55,217.27,214.73,209.24,203.25,198.46,193.10,187.39,182.20,176.14,169.26,162.61,156.77,147.41,140.63,131.05,121.24,112.29,102.11,91.02
131.88,143.22,152.88,163.00,165.92,175.41,178.04,184.79,186.95,188.10,189.79,193.79,193.21,194.18,194.15,199.06,200.80,204.78,209.34,212.82,218.25,224.51,231.23,234.94,239.82,245.20,247.39,243.19,243.48,239.30,234.29,227.79,220.00,220.60,213.60,209.03,201.85,196.31,191.77,187.13,183.10,173.10,169.10,162.03,157.17,147.05,139.01,130.14,122.38,112.61,99.74,90.20
138.93,152.07,162.35,173.57,178.44,184.61,189.25,196.01,196.45,198.59,201.79,204.09,201.25,205.65,206.31,209.80,212.87,218.10,222.89,222.89,227.61,237.42,242.54,247.48,251.21,256.89,261.84,257.42,258.19,253.45,246.62,241.87,233.00,231.49,227.18,221.82,213.22,208.93,202.56,198.29,194.12,182.43,179.82,172.19,166.46,157.29,146.37,138.10,130.23,119.71,105.42,95.60
139.64,151.99,159.76,171.48,178.13,184.71,190.22,192.40,195.13,197.49,201.79,200.64,202.14,205.55,207.51,210.67,210.88,216.69,221.45,224.98,230.49,237.26,244.24,248.36,252.72,256.53,259.93,258.64,256.89,251.01,247.95,240.96,234.80,229.86,224.64,222.50,214.61,208.22,205.06,198.73,191.80,185.24,177.49,170.88,165.22,156.59,147.87,138.71,128.13,116.71,107.07,96.83
131.53,142.51,152.12,161.64,166.74,174.87,177.81,183.86,184.72,186.30,189.02,190.63,193.00,193.04,194.14,199.04,200.04,205.00,211.65,211.62,215.98,222.44,229.46,235.24,239.42,244.97,246.13,240.84,241.27,236.89,234.57,228.95,222.04,218.55,212.70,208.91,201.56,195.03,191.85,186.32,182.63,174.24,168.11,161.77,156.77,146.82,138.61,130.27,120.65,112.20,102.20,90.35
132.20,145.13,153.83,163.52,168.87,176.00,180.65,185.80,186.55,189.72,191.16,195.23,195.30,196.43,195.44,200.35,203.00,209.07,213.41,212.43,219.23,227.49,232.94,236.77,240.20,247.11,246.95,245.18,243.85,241.03,236.36,229.87,222.44,219.78,215.23,209.54,201.25,195.03,191.26,189.11,181.40,174.00,169.09,161.45,155.17,146.10,137.91,129.76,120.20,112.54,99.70,90.34
129.27,142.30,151.12,159.45,165.08,174.00,177.23,184.17,183.64,186.50,188.35,191.65,190.78,191.77,192.26,196.38,199.49,205.78,209.25,210.95,216.57,221.45,228.82,234.23,239.14,243.82,245.36,241.97,240.07,236.22,234.72,227.41,218.55,217.45,213.18,209.31,201.56,193.00,191.13,187.17,181.79,171.84,168.40,160.08,155.24,145.67,137.74,128.08,122.33,112.70,100.41,90.80
130.70,142.97,152.19,162.35,165.49,175.14,176.32,183.14,184.23,187.42,189.17,192.33,192.44,191.21,194.79,198.03,200.90,204.94,208.40,211.15,216.95,221.96,227.01,233.31,238.20,243.29,247.08,243.24,241.21,237.29,233.39,226.22,217.85,217.71,212.42,208.06,200.44,195.16,191.48,186.25,183.14,172.70,167.44,161.08,155.47,146.45,137.20,127.82,121.33,112.72,101.32,90.21
130.25,142.04,150.23,160.25,166.93,175.07,177.25,183.22,181.80,185.15,189.62,190.80,192.01,192.00,195.04,197.20,200.36,205.68,208.34,211.09,216.19,222.62,229.00,234.02,239.60,242.89,244.07,242.22,241.54,235.36,233.21,228.67,221.14,217.72,213.22,208.66,200.26,194.06,191.27,185.97,180.87,173.44,167.11,161.48,155.03,144.56,138.00,130.42,120.21,113.11,102.49,91.84
126.06,140.53,147.41,157.17,162.69,172.63,175.51,183.27,187.36,188.22,190.65,192.63,194.06,192.90,195.65,200.60,201.76,207.12,212.08,215.29,220.24,227.07,232.60,237.36,241.23,246.24,248.12,242.21,240.71,236.78,232.26,225.58,217.25,212.84,207.00,201.76,193.21,185.07,182.85,177.14,170.88,161.84,158.29,150.44,143.54,131.59,126.65,117.00,109.38,101.12,90.62,81.01
128.27,141.22,151.43,158.11,163.78,171.55,175.31,180.68,183.47,186.12,184.71,190.37,191.23,190.94,191.00,195.60,198.96,206.65,207.06,207.69,213.95,219.83,226.02,229.90,233.94,241.81,244.68,238.95,239.28,234.94,231.94,225.84,217.25,215.11,210.32,207.23,199.48,193.83,188.29,185.15,180.25,169.01,166.36,160.12,154.04,143.56,136.17,127.25,120.50,112.61,95.88,87.82
141.09,154.84,163.93,177.34,181.59,190.55,194.46,201.85,202.99,207.06,207.00,209.44,210.23,211.00,212.25,217.47,218.33,226.37,227.69,231.66,236.54,244.91,250.71,255.36,260.25,265.48,267.66,261.20,261.77,257.61,251.91,245.12,239.10,232.86,228.27,222.45,215.26,209.34,205.24,198.95,194.16,182.88,178.40,170.74,163.78,153.44,143.56,134.35,126.57,117.96,103.58,91.61
130.39,140.72,147.65,157.38,167.17,172.24,175.24,180.54,180.43,184.72,188.14,190.38,188.88,191.17,191.66,194.55,198.07,200.42,206.31,208.63,215.41,222.27,226.50,231.74,235.77,238.76,240.21,240.47,241.07,234.61,232.24,226.24,218.19,212.12,209.31,205.65,198.93,192.61,188.81,184.23,177.91,173.37,164.14,157.76,153.18,145.42,137.08,129.07,117.48,109.04,100.62,89.19
138.00,150.63,159.45,168.81,177.29,185.19,188.96,192.77,194.49,197.37,201.02,202.16,203.97,205.00,206.02,209.48,211.34,216.48,222.78,224.24,231.53,236.55,243.25,247.16,255.05,256.85,261.84,257.24,257.18,250.39,245.42,240.79,234.05,228.98,225.94,220.78,213.60,208.08,201.49,196.90,192.30,184.20,176.17,170.45,164.03,155.05,146.58,136.89,127.77,117.15,107.07,97.62
128.39,140.80,149.26,156.82,164.47,172.00,173.76,181.74,181.84,184.62,184.04,189.71,191.45,190.54,191.47,193.64,198.18,207.06,207.10,210.79,214.87,219.65,224.88,230.08,233.98,241.59,244.10,237.19,238.48,235.26,231.60,222.64,217.20,214.45,208.96,205.35,198.41,193.21,188.85,182.94,178.87,168.24,165.72,159.00,152.90,142.77,134.63,127.58,119.63,111.77,97.74,88.57
140.80,155.90,160.86,173.07,180.80,189.28,193.21,197.12,199.06,201.44,206.60,206.40,207.79,209.19,209.80,214.37,216.39,221.16,226.15,228.56,234.61,240.84,248.36,252.64,257.39,263.33,262.07,260.09,259.24,253.19,249.83,244.23,235.36,230.34,224.44,221.69,210.64,205.02,199.61,195.56,187.26,181.55,173.07,166.90,160.33,149.89,143.17,134.08,122.38,112.26,104.17,92.36
129.69,140.51,149.83,156.98,164.58,170.56,174.11,179.21,180.56,183.10,187.27,187.49,188.79,189.28,191.02,194.65,196.71,202.12,203.84,206.79,213.28,218.29,223.29,226.27,234.16,238.21,239.30,237.74,235.54,229.58,228.27,222.87,216.34,211.01,206.73,203.92,195.87,191.56,187.09,183.02,176.57,169.31,162.64,156.29,151.86,142.62,135.00,128.00,117.34,109.02,100.09,89.38
139.12,153.91,162.12,171.07,176.77,185.88,187.72,193.89,194.49,198.88,199.20,202.57,203.93,204.78,207.06,209.07,209.75,217.55,220.41,223.38,228.18,235.58,240.30,246.95,252.12,256.67,259.86,255.00,256.44,247.63,247.81,239.49,232.28,229.34,223.45,219.86,211.68,207.24,200.45,194.55,190.03,181.95,176.79,168.67,161.83,153.48,145.50,136.34,127.48,117.39,106.78,96.15
138.95,153.00,159.97,172.13,177.10,185.31,188.31,195.04,196.00,199.48,200.56,201.82,205.23,204.20,205.20,210.04,211.54,216.63,221.30,222.71,229.14,237.74,242.00,247.26,250.89,257.78,260.23,254.79,255.07,249.26,246.76,240.61,233.03,228.71,224.12,219.66,212.76,207.24,202.81,194.14,190.10,182.78,177.65,169.12,162.59,154.03,145.34,136.24,126.72,117.83,106.23,96.25
137.23,148.66,159.38,167.59,174.00,181.47,184.81,191.32,190.85,195.82,195.50,199.30,200.61,199.62,200.55,206.18,209.01,213.60,219.67,218.05,222.73,230.49,237.40,241.98,247.87,252.79,255.16,248.36,247.81,246.71,241.03,235.05,225.94,225.18,219.10,215.23,206.87,199.85,195.58,191.38,185.30,176.03,171.08,165.00,157.54,146.12,137.93,129.07,122.87,112.89,98.84,88.29
136.62,150.14,157.78,168.44,175.76,184.74,186.22,190.66,192.00,195.21,196.98,200.88,202.09,200.90,202.25,208.89,210.35,214.27,216.48,218.96,222.00,233.24,237.02,242.86,246.87,252.16,254.02,250.25,250.96,245.65,244.17,236.29,228.74,225.57,219.35,215.13,208.86,203.00,199.42,194.08,187.11,179.40,174.18,166.83,161.52,150.23,144.01,135.07,125.16,117.00,104.01,93.96
128.70,141.87,148.00,156.17,163.42,170.84,172.82,177.54,180.32,182.60,183.56,187.60,187.39,186.60,188.04,192.11,194.03,199.33,201.31,205.06,210.58,217.44,221.94,227.22,230.20,234.69,237.02,233.52,233.31,230.95,227.27,220.64,211.29,211.52,205.25,200.96,195.01,188.22,183.33,180.06,174.54,165.87,162.98,154.30,151.38,142.41,133.20,125.72,115.88,109.11,96.19,86.33
130.00,140.24,149.24,155.68,161.52,171.23,174.26,176.48,180.35,182.65,183.37,187.11,186.39,186.60,186.87,191.69,194.74,199.44,202.41,204.08,208.63,215.41,221.60,227.08,229.79,234.20,237.01,232.54,232.62,228.82,224.64,219.86,212.43,210.00,204.98,201.02,193.57,188.16,183.21,178.47,174.75,165.68,161.93,156.03,149.77,141.01,131.87,124.40,116.21,108.17,95.75,85.88
138.62,151.54,158.05,167.30,176.40,183.92,187.86,192.17,192.94,196.62,200.41,201.06,201.00,202.78,204.88,207.62,210.87,215.97,219.79,222.30,227.15,233.45,240.30,244.01,248.01,252.48,252.66,251.64,250.77,246.29,242.99,235.70,227.75,223.08,216.75,214.87,207.23,199.12,196.23,191.72,184.20,176.92,169.09,163.13,156.46,147.00,139.18,131.75,121.21,110.05,103.04,91.18
128.00,142.27,150.56,159.59,163.98,170.74,175.45,181.11,181.43,186.01,186.81,188.28,189.93,190.00,191.44,195.92,198.66,203.20,207.97,208.10,212.60,218.91,224.44,228.95,233.03,239.08,240.40,235.44,235.71,232.71,227.71,221.53,214.31,211.69,207.17,201.70,195.26,187.00,183.85,179.98,174.09,165.36,161.31,154.32,148.49,137.36,131.37,122.97,114.35,106.40,96.54,84.38
130.14,142.78,150.60,158.38,165.89,174.42,177.26,183.00,184.72,185.85,188.61,190.94,191.09,191.13,193.04,196.70,199.86,204.12,206.04,208.86,212.85,221.10,225.74,231.21,233.50,239.35,238.29,236.17,236.44,230.18,229.96,220.08,214.77,210.89,204.79,200.58,192.82,186.68,182.73,177.18,171.29,165.42,158.81,153.08,146.22,137.36,130.59,122.59,111.13,105.00,94.83,84.15
134.39,148.22,155.05,165.22,170.77,182.04,185.56,190.38,191.46,193.61,196.02,198.66,199.16,197.70,200.20,203.83,206.86,212.85,216.12,216.53,220.19,228.54,233.69,239.55,242.70,249.07,250.01,246.03,245.77,240.41,236.25,229.18,220.77,218.56,211.70,209.69,200.58,194.14,189.18,183.98,178.13,171.49,164.64,158.04,150.99,141.09,134.63,125.94,116.71,109.18,96.80,87.37
143.25,163.03,168.18,181.00,189.45,197.75,199.01,206.24,208.10,212.49,213.62,214.71,217.15,217.39,218.52,221.89,223.06,230.33,234.39,237.30,241.06,250.46,253.60,261.23,264.68,268.87,272.08,268.78,267.43,260.78,257.24,250.70,241.31,237.21,229.20,225.52,217.14,211.59,207.10,200.90,193.13,187.10,179.74,171.41,164.00,155.60,148.00,139.14,126.06,116.25,106.22,93.91
146.75,162.52,171.33,183.14,188.37,196.24,200.82,207.89,210.26,211.74,215.15,216.48,216.95,218.52,217.68,223.37,225.18,230.63,236.60,238.03,241.62,250.46,255.77,263.14,264.02,271.83,272.62,266.27,266.99,261.91,258.16,251.86,241.10,238.54,231.60,227.55,218.10,212.28,207.63,200.93,194.20,186.46,179.42,172.74,164.98,154.16,145.80,135.64,126.75,117.18,104.24,93.98
145.99,160.70,170.45,180.04,187.88,194.01,200.64,208.19,208.69,211.55,213.04,216.33,218.55,217.02,217.22,221.56,226.61,230.73,235.83,237.08,240.63,249.20,256.60,261.20,264.32,269.45,270.75,266.26,264.76,262.98,256.96,250.03,241.14,238.30,232.94,227.88,218.04,209.88,204.47,201.68,195.27,186.01,179.03,172.70,165.34,152.20,143.95,135.53,124.89,116.10,103.83,92.40
145.50,158.22,166.98,178.03,184.69,193.50,196.81,203.16,204.07,206.52,210.39,213.02,213.18,212.53,213.74,216.52,221.12,227.11,231.61,231.47,235.94,245.81,251.73,256.26,259.46,267.07,269.52,264.02,264.22,259.83,253.92,247.80,239.87,237.68,231.16,227.48,217.86,210.98,207.00,204.12,195.35,187.00,181.29,174.45,165.08,154.78,147.85,139.30,128.83,119.05,105.91,97.62
144.28,157.66,164.08,176.78,185.35,193.69,198.20,202.63,206.69,208.14,212.06,213.46,214.48,215.41,215.47,219.58,221.05,226.82,232.67,234.88,240.01,247.55,253.16,258.23,260.63,265.00,267.37,263.03,262.99,257.28,252.77,246.66,237.40,231.46,226.15,221.28,212.30,206.25,202.55,195.35,187.00,181.84,171.81,164.35,158.69,148.27,143.28,133.00,121.63,112.49,101.64,89.05
142.34,158.75,166.59,179.33,184.11,193.31,197.21,205.81,206.63,210.09,210.29,213.19,213.35,215.00,217.37,219.87,222.38,228.65,233.43,235.36,238.89,247.35,252.34,259.36,262.69,267.17,269.53,264.32,263.64,257.56,253.05,245.35,237.60,234.57,227.69,222.65,213.55,204.90,201.94,195.79,191.01,180.58,174.03,166.21,159.70,148.08,140.21,132.06,124.43,113.00,102.00,89.27
126.27,137.82,147.12,155.42,160.38,168.88,172.41,178.33,181.11,181.69,181.33,185.05,186.46,185.54,185.81,189.93,193.62,198.70,200.23,202.20,208.17,214.71,220.15,224.85,226.88,234.34,234.54,231.35,230.67,227.64,222.45,217.02,210.23,208.43,204.30,198.31,191.85,185.43,181.79,177.54,171.47,163.36,159.73,153.06,148.72,137.52,128.44,121.70,112.70,104.48,93.41,82.20
125.32,139.14,146.49,155.55,162.26,168.02,173.53,179.01,179.29,183.46,185.66,186.70,188.09,188.31,189.08,193.44,195.43,200.26,203.22,204.88,209.06,216.90,222.78,225.58,228.35,234.78,235.64,232.17,230.67,227.20,223.18,216.39,208.90,207.56,200.64,198.13,188.66,182.00,178.36,173.68,168.91,160.25,155.47,148.72,143.68,133.82,124.62,117.62,109.66,101.64,90.27,78.85
126.15,139.46,146.17,154.62,163.82,170.00,173.95,179.00,179.11,182.16,186.08,187.03,187.28,187.68,188.35,191.60,195.01,198.93,203.49,205.00,209.85,215.86,222.99,226.83,228.82,235.19,233.57,232.08,231.46,226.38,219.94,216.95,209.04,204.71,201.84,196.70,188.37,181.84,177.23,175.17,168.65,162.05,155.21,148.08,142.00,133.45,127.56,118.60,107.47,99.69,90.74,82.01
127.66,141.35,145.84,154.43,160.25,167.63,171.49,176.24,176.74,180.71,182.44,186.55,184.84,184.79,186.12,191.63,195.01,197.94,201.68,203.59,207.52,214.67,219.66,223.62,228.43,233.09,235.85,233.33,228.97,227.61,223.58,218.11,209.42,208.63,201.25,198.84,192.31,183.85,180.68,176.78,168.87,164.12,157.49,150.23,145.03,135.25,129.50,120.84,112.38,102.34,92.11,82.87
137.52,150.73,155.56,167.03,174.29,182.56,186.23,189.97,192.31,195.73,200.32,201.56,202.89,202.78,207.02,209.09,212.35,215.67,221.28,223.91,228.48,234.57,241.15,246.11,249.61,255.00,256.22,254.14,255.38,247.32,242.91,240.08,229.89,225.85,218.44,217.01,208.91,201.97,198.04,192.63,186.07,177.49,170.88,164.35,157.58,147.49,141.90,132.32,121.85,112.29,101.19,91.55
136.62,149.04,158.52,166.54,174.60,182.95,185.26,191.44,191.38,197.01,200.55,199.72,203.49,204.02,204.04,209.80,212.06,216.28,221.93,222.28,229.26,237.26,244.38,248.64,251.80,257.33,259.79,256.26,255.99,249.36,247.25,241.17,231.67,226.63,221.35,216.30,209.54,202.60,198.59,193.08,187.86,179.62,172.35,164.35,157.47,146.63,139.06,130.25,118.33,110.26,101.71,90.61
135.88,148.48,155.93,165.95,172.70,181.37,183.41,190.52,191.08,196.40,197.87,199.12,202.60,201.20,201.81,207.66,210.95,215.64,221.17,220.13,227.77,234.80,241.90,244.66,248.90,255.23,259.42,253.65,252.62,249.11,245.36,238.08,228.84,227.73,221.24,216.93,207.54,201.07,195.66,192.88,186.64,177.16,170.30,165.22,157.70,145.00,139.18,128.32,121.05,110.79,99.36,89.89
135.99,148.52,157.01,168.32,173.98,180.85,185.97,191.21,194.16,195.78,197.67,200.25,201.40,202.36,199.84,207.06,209.80,214.24,217.55,218.96,223.62,232.08,236.52,242.44,245.51,253.01,253.05,249.10,246.72,244.24,239.94,232.50,225.14,221.20,215.13,208.86,201.00,195.73,191.48,187.10,179.64,172.18,166.83,159.03,152.51,140.07,133.72,124.65,115.12,107.70,96.42,85.91
121.17,132.14,137.64,148.05,153.69,160.03,164.30,168.86,171.21,174.14,175.76,176.82,178.23,178.71,180.87,182.00,187.40,192.28,195.00,194.74,201.22,209.31,213.58,218.59,222.28,228.04,228.97,225.16,227.25,220.78,218.84,214.31,206.20,204.46,199.94,195.02,190.00,182.57,180.83,176.05,169.78,164.18,156.20,151.21,145.23,135.72,129.24,121.40,111.83,103.62,92.14,83.68
137.06,149.84,157.89,168.08,172.65,183.21,186.08,192.21,193.20,198.12,199.11,201.81,202.00,201.65,203.57,208.60,209.25,216.90,222.02,221.20,226.38,235.85,241.09,246.07,250.78,256.63,261.59,254.42,254.07,248.89,246.01,239.34,231.84,229.26,221.17,216.40,210.00,205.57,198.82,194.55,187.84,177.52,172.04,166.14,159.38,148.40,139.79,129.12,123.20,113.85,99.72,89.90
131.82,146.44,156.00,167.03,173.66,181.11,183.76,189.08,189.91,192.63,196.51,197.02,198.98,199.85,201.01,205.53,206.83,211.02,216.39,217.92,221.35,230.34,235.85,241.02,245.20,250.20,253.87,247.70,249.24,242.32,240.30,233.50,227.11,221.11,216.84,213.01,204.38,200.66,194.10,188.01,183.60,176.14,168.34,162.01,156.89,147.26,139.95,132.02,120.07,111.29,101.55,93.35
137.61,151.48,157.93,168.58,177.55,183.85,187.07,191.44,193.22,197.21,199.90,202.65,203.74,203.04,206.65,210.24,211.95,215.64,221.00,221.78,228.66,235.98,242.55,246.13,251.15,257.63,256.48,254.42,253.60,247.00,243.53,238.11,229.37,225.89,218.30,216.61,208.06,201.38,197.59,192.34,185.40,177.61,169.05,164.45,156.42,147.73,139.06,132.38,120.15,110.63,102.08,90.43
123.81,134.48,144.22,152.09,157.75,164.76,167.93,172.79,176.65,177.89,180.31,182.17,182.86,182.62,183.44,187.17,191.85,196.23,198.93,197.88,204.46,211.53,216.64,220.60,224.20,228.28,230.23,226.90,227.30,223.57,219.70,212.42,205.55,203.10,200.14,195.17,186.97,181.54,177.55,173.22,168.40,161.48,154.43,148.48,142.59,133.96,126.37,119.10,110.55,101.79,90.92,82.07
122.30,133.70,141.41,152.08,155.66,162.83,166.51,173.59,171.94,176.37,175.82,180.49,180.76,180.71,180.83,185.43,189.08,193.24,197.28,197.29,200.56,207.74,213.18,219.18,221.71,225.80,228.32,223.29,222.80,219.32,215.76,209.61,202.20,201.32,196.40,192.42,184.30,179.07,173.67,171.28,166.17,157.44,153.94,146.32,140.66,130.63,125.10,117.92,111.02,101.64,91.00,81.02
136.33,149.79,156.72,167.29,174.16,180.94,187.43,193.02,191.65,194.62,197.21,198.66,200.02,200.81,200.88,204.28,209.09,213.14,218.68,217.88,224.59,230.63,237.02,242.92,246.22,251.28,253.10,249.30,248.21,244.38,240.71,234.00,224.72,222.61,217.57,214.11,205.65,198.31,193.66,188.90,184.17,176.16,170.32,162.80,156.24,147.12,140.26,131.61,121.34,111.61,102.00,91.42
135.96,146.41,156.22,167.60,171.43,180.51,183.81,190.28,190.08,195.17,194.18,197.73,199.15,197.20,197.99,202.12,203.97,210.00,213.56,216.21,218.23,228.96,232.70,236.62,241.47,247.70,250.91,245.49,247.83,243.02,237.54,232.14,222.61,224.72,217.33,212.95,203.57,199.53,196.79,191.06,185.97,175.76,172.54,163.86,158.49,148.07,139.30,131.05,121.59,114.28,102.00,87.98
139.09,152.07,159.68,167.86,177.29,183.62,188.22,193.15,194.65,197.25,202.83,202.27,202.83,201.90,204.36,208.00,209.61,214.98,220.95,221.62,228.16,234.67,241.83,246.11,249.72,254.16,254.03,253.40,251.87,246.98,241.41,237.50,228.88,224.40,218.84,214.46,206.32,199.92,195.58,191.09,182.78,177.18,170.07,163.25,156.27,146.76,139.52,130.55,119.21,109.08,101.98,92.07
135.68,148.17,157.28,165.13,171.69,179.43,184.11,188.16,189.32,191.80,196.77,196.66,198.00,198.54,198.60,203.30,208.24,212.06,216.09,215.30,222.93,230.43,235.44,238.91,242.56,249.65,253.14,248.24,250.70,246.22,240.98,236.58,227.14,226.11,219.54,214.98,207.68,201.76,197.37,194.36,186.63,180.16,172.86,166.57,159.53,149.37,142.21,133.09,123.22,114.21,103.37,93.38
133.54,142.95,153.56,162.61,167.59,176.37,178.87,185.52,186.42,187.18,189.61,193.60,193.77,194.14,192.90,199.22,202.99,208.43,210.12,211.57,216.67,223.58,229.02,234.78,237.02,245.20,248.72,243.77,243.03,241.32,234.88,229.84,221.78,222.45,213.46,210.34,202.20,196.70,194.70,189.76,183.21,174.94,170.85,161.47,156.49,145.17,139.04,128.69,121.82,113.46,98.49,90.20
134.54,147.51,156.44,167.24,172.28,181.20,183.46,191.05,193.00,195.16,194.18,198.60,199.40,197.77,197.88,202.63,205.57,211.63,213.08,214.72,218.40,225.26,232.66,237.15,238.92,246.00,247.75,243.07,242.74,237.12,234.10,229.38,219.32,218.08,212.35,206.78,198.01,192.04,187.76,185.81,178.39,168.47,165.37,158.14,151.16,140.43,133.30,125.30,118.11,109.93,96.01,86.82
136.19,148.60,157.41,166.88,172.70,180.41,183.77,190.69,191.60,193.00,196.38,199.12,198.92,199.81,201.80,207.06,206.71,212.68,218.56,218.22,222.14,231.86,235.16,241.18,243.98,250.60,250.88,246.62,249.10,241.03,238.50,233.01,225.21,221.38,214.69,209.95,203.18,197.29,192.34,186.53,181.22,172.68,167.76,160.70,153.56,143.27,137.35,128.04,119.23,110.16,97.86,87.78
137.36,151.64,158.20,168.55,177.26,185.30,187.48,192.94,193.50,195.30,199.86,198.25,200.35,201.76,203.82,206.39,207.48,212.24,215.87,218.72,222.50,230.22,235.17,238.20,244.86,250.32,250.30,246.16,248.28,242.13,238.53,232.31,222.89,219.02,213.57,211.37,202.39,197.31,194.28,187.17,181.79,173.08,168.18,161.01,155.26,144.92,136.34,128.56,120.30,112.43,101.13,90.35
138.22,150.08,157.00,167.69,176.49,183.86,187.38,193.19,192.82,195.90,199.11,198.66,200.00,200.59,201.36,205.97,207.47,212.19,214.53,218.33,222.70,229.01,234.00,238.16,242.99,247.16,249.44,247.16,246.22,239.57,236.88,229.73,223.79,220.10,213.23,210.24,202.18,197.52,191.65,187.27,180.27,172.31,166.17,159.39,154.35,145.03,137.77,128.70,117.88,110.29,100.65,89.81
136.78,150.14,157.95,168.24,173.69,182.33,188.96,196.58,197.96,199.18,200.06,204.32,203.06,203.65,201.52,206.52,210.37,218.07,220.63,220.23,225.74,233.81,239.30,246.15,247.46,254.88,257.10,252.58,251.06,248.02,242.17,236.60,228.47,225.01,221.02,215.82,207.21,201.41,195.75,192.21,186.90,175.78,171.33,165.02,156.89,146.74,137.38,128.89,119.92,112.01,99.92,89.59
135.03,150.92,155.62,165.58,171.47,179.64,185.84,191.21,193.51,195.00,198.71,201.30,200.56,202.62,200.83,205.30,207.58,211.26,217.50,217.68,222.80,231.58,236.71,241.87,245.07,250.01,251.51,249.90,248.82,244.44,239.08,233.42,225.80,220.24,216.02,211.70,205.14,198.65,194.33,188.10,181.84,176.05,167.72,161.08,154.04,145.01,139.04,127.82,118.22,107.91,98.51,89.49
143.09,157.85,164.05,177.40,182.10,192.27,194.45,198.88,199.36,203.71,206.79,205.81,207.78,209.01,209.35,213.52,213.78,221.82,225.23,227.49,232.86,238.43,243.58,249.29,253.45,257.42,258.06,257.67,257.53,251.79,248.36,241.30,232.55,229.40,222.08,218.33,210.64,204.04,200.00,193.60,189.28,180.14,175.14,166.39,161.42,152.76,143.00,136.01,124.74,114.53,104.58,94.64
138.97,152.55,158.62,172.05,180.68,185.97,190.97,195.36,197.62,198.98,202.77,203.69,203.98,201.88,204.09,207.87,211.40,216.92,221.18,222.30,226.68,234.52,240.61,244.37,247.65,252.06,253.92,251.38,251.53,244.39,241.40,235.20,227.69,224.15,217.22,213.53,206.16,198.67,193.26,188.38,182.01,176.30,169.00,163.48,156.31,147.83,139.95,131.76,119.57,109.46,100.65,89.83
135.33,149.11,157.17,167.36,174.04,182.47,185.61,189.41,191.23,193.85,197.31,198.86,199.09,199.45,203.07,205.00,205.60,212.53,216.91,217.06,223.61,229.58,236.81,240.34,245.35,250.24,252.36,247.75,247.95,242.30,238.42,233.57,225.22,220.10,214.77,210.06,204.04,199.47,194.12,186.68,181.01,175.11,166.21,160.25,154.69,145.42,137.79,128.66,119.24,108.78,100.66,89.55
135.72,147.49,156.44,166.77,171.62,180.41,182.28,190.95,188.94,194.24,193.67,198.31,199.60,199.04,199.64,204.53,204.30,211.63,215.76,216.11,220.24,229.02,234.08,237.97,242.07,249.29,252.25,244.07,248.09,240.75,238.21,230.60,222.43,220.15,214.16,208.66,203.22,197.84,194.55,186.75,183.04,172.70,167.71,161.34,154.26,142.27,136.47,127.63,119.47,109.55,98.95,90.20
143.78,157.00,165.71,177.14,185.00,194.37,198.16,204.01,205.29,208.90,213.71,213.78,212.95,213.97,214.40,218.82,221.92,225.57,231.19,231.08,236.68,244.88,249.21,253.51,260.25,263.43,266.43,264.38,262.41,258.49,251.38,246.48,238.29,231.71,227.07,226.75,216.09,208.47,205.77,201.56,193.64,186.68,179.25,170.56,166.60,157.32,147.71,140.42,128.28,118.87,107.71,95.21
136.36,150.30,156.39,167.29,173.37,181.62,183.18,191.86,192.34,194.59,197.31,199.33,199.85,200.38,201.70,205.87,207.41,212.05,217.19,219.91,224.35,231.22,238.44,241.92,245.98,251.25,253.40,250.94,248.20,244.30,240.63,233.69,225.84,221.93,217.88,213.08,204.53,198.11,195.02,188.45,184.70,173.97,170.56,162.66,156.98,145.00,138.92,128.22,119.97,111.00,100.09,88.46
84.48,94.37,97.02,97.99,105.69,109.04,108.30,107.23,111.36,109.02,112.15,109.73,109.60,110.68,108.90,109.55,107.82,110.37,111.23,115.43,113.60,115.43,122.59,122.00,123.00,127.61,128.08,127.99,129.40,125.77,127.28,128.44,180.85,203.81,205.77,202.24,194.25,191.06,186.10,178.47,173.40,167.19,158.76,151.56,145.28,132.23,126.13,116.76,107.52,96.69,90.47,77.10
135.52,145.91,154.51,165.01,173.35,179.45,183.61,187.00,188.60,192.61,196.16,195.90,195.56,197.31,200.28,204.60,206.48,207.87,214.84,213.19,221.82,228.55,234.14,237.60,243.09,245.95,247.69,246.81,244.75,241.20,237.39,230.99,222.62,219.49,213.04,210.11,203.11,197.43,191.95,186.27,180.54,174.20,166.88,159.18,153.68,143.13,137.99,127.61,117.89,108.42,100.60,88.55
135.44,151.03,157.84,168.12,173.83,181.47,185.27,191.97,192.21,195.56,196.33,199.81,199.73,199.62,201.40,205.70,206.50,212.14,217.11,219.13,223.40,229.84,236.07,239.91,242.77,251.88,253.03,248.62,249.10,241.58,239.35,233.85,224.15,223.02,215.20,213.05,203.53,195.35,194.16,188.88,183.50,173.31,169.53,161.77,156.16,145.65,138.29,129.28,119.71,109.44,99.98,90.14
145.13,158.52,164.13,175.10,183.29,193.07,195.56,200.86,202.00,204.13,206.65,209.86,208.66,209.48,211.36,214.77,217.33,222.97,229.38,228.97,234.56,242.57,247.01,252.92,256.35,261.77,263.04,261.23,260.85,254.24,251.96,245.58,235.14,231.60,225.00,222.50,214.28,208.24,203.71,199.25,192.26,183.47,175.93,168.32,162.61,153.01,145.77,135.83,124.89,115.11,105.19,94.85
134.48,148.27,157.95,166.64,171.19,178.73,183.08,189.62,191.37,193.01,195.03,197.23,197.87,196.03,197.29,201.53,203.63,211.86,213.78,215.75,220.87,227.84,232.44,238.02,240.47,248.29,249.80,244.20,242.33,240.17,235.15,229.00,221.65,219.80,213.32,211.46,201.72,195.72,192.21,187.61,179.74,170.33,169.14,160.64,154.78,143.22,135.00,127.01,118.70,110.92,96.88,87.71
144.01,157.08,165.68,174.90,183.17,193.55,195.24,201.10,199.91,203.59,208.63,210.20,210.30,209.88,212.21,214.22,216.61,222.99,228.01,228.84,235.27,242.01,248.77,254.01,258.06,263.18,264.44,260.77,259.42,254.42,251.58,244.53,235.91,232.26,227.41,222.99,214.11,207.16,203.32,198.20,193.31,185.39,177.79,169.50,164.30,152.03,145.78,136.82,125.40,115.41,103.81,94.05
133.75,146.89,154.24,164.61,171.99,180.28,184.59,186.94,189.56,192.00,193.40,195.51,195.24,196.41,198.71,200.09,205.08,209.40,211.52,213.10,218.04,226.55,232.22,236.91,242.14,247.15,246.08,243.52,242.99,239.30,233.94,228.37,220.84,217.20,209.50,207.96,199.46,194.99,189.69,184.55,177.61,171.07,163.49,157.26,151.65,142.43,134.12,127.09,116.52,106.98,98.05,86.54
134.08,147.25,156.85,166.09,171.03,178.16,183.10,188.48,189.06,192.03,194.16,196.66,197.63,197.02,197.29,200.90,204.02,208.57,214.52,213.10,219.04,226.15,232.56,236.69,242.17,247.08,249.39,244.81,245.67,239.83,234.92,229.97,221.17,219.20,215.23,210.49,201.95,195.13,191.27,186.40,181.47,172.93,166.09,159.52,154.78,143.95,135.16,127.00,117.99,109.02,99.32,87.56
137.77,150.90,159.00,169.19,173.76,183.22,183.50,193.66,192.13,195.67,199.25,199.36,200.14,200.56,201.79,205.57,206.55,211.75,217.63,217.50,224.40,229.46,237.40,241.58,244.90,250.06,253.48,248.39,249.02,243.35,239.97,234.09,225.79,223.00,217.89,212.00,205.24,195.60,194.37,188.69,183.53,172.90,170.66,163.09,156.78,144.67,138.00,128.16,120.24,111.89,99.01,88.24
143.28,155.68,163.05,174.38,181.73,189.87,193.26,198.81,200.88,201.24,204.20,205.99,208.04,208.33,208.09,215.04,214.56,219.13,226.50,226.77,233.57,242.42,245.39,250.89,255.31,258.52,261.77,260.89,259.48,252.30,250.48,243.45,232.59,230.47,224.13,220.78,215.33,207.30,202.31,195.07,190.37,182.06,176.24,168.86,162.01,151.00,145.09,136.31,124.74,112.16,105.57,95.51
141.90,154.20,164.68,174.26,180.76,190.07,191.95,198.31,198.66,201.38,205.36,208.00,207.18,206.37,210.52,213.38,215.46,218.66,224.96,225.08,232.86,241.05,246.08,250.20,254.88,259.79,262.82,258.49,258.17,251.79,248.62,241.41,234.23,230.50,224.41,219.82,213.00,206.79,201.91,196.84,191.04,183.52,175.41,168.11,160.85,151.35,145.91,134.33,124.46,113.56,103.00,93.49
135.01,148.77,158.40,166.52,171.19,179.69,184.02,190.37,191.00,194.83,193.87,198.07,197.89,197.85,198.84,201.69,206.47,210.00,216.41,214.84,220.05,229.63,234.64,236.89,243.07,249.61,251.83,246.42,246.33,241.30,235.31,232.70,223.89,223.32,214.16,210.77,203.89,197.68,192.68,189.06,182.78,172.25,169.50,161.12,155.21,145.42,137.59,127.35,120.60,110.92,98.41,86.73
142.36,155.43,162.02,173.28,182.02,189.53,191.88,198.60,199.02,201.14,205.64,205.65,206.01,207.87,206.89,212.17,213.70,220.49,226.18,225.61,232.28,240.19,246.03,249.34,254.79,258.96,260.55,257.56,258.09,252.25,247.99,243.98,233.85,229.31,223.93,221.11,211.78,206.32,200.11,197.72,190.79,183.86,175.57,168.88,162.00,151.72,145.24,135.07,123.00,113.22,105.12,94.02
144.31,157.69,165.60,175.17,181.65,188.17,194.10,199.72,199.46,203.04,205.18,207.52,206.94,208.06,207.53,212.60,215.19,219.64,227.25,226.31,232.43,240.53,245.97,250.95,254.68,261.67,263.60,258.94,256.89,253.79,249.47,244.75,234.63,232.54,226.77,222.85,213.02,207.17,202.70,197.39,191.17,181.66,176.79,170.42,163.48,152.79,146.26,135.79,124.62,117.24,103.71,93.98
134.94,145.65,155.86,166.69,173.14,177.61,184.23,189.68,189.47,191.38,192.63,196.79,198.31,197.85,197.62,201.02,205.09,210.04,213.77,213.34,219.59,228.47,231.05,235.59,240.68,246.45,250.95,243.77,245.13,240.67,236.41,230.05,220.63,221.18,212.94,210.95,203.87,196.66,192.63,187.64,180.14,172.59,168.16,160.43,154.51,143.68,136.50,127.46,119.55,110.64,98.48,89.11
142.27,155.63,165.19,176.41,182.48,190.60,194.50,201.46,201.23,205.08,206.16,210.44,210.06,209.12,208.52,214.00,217.92,223.32,226.63,226.95,231.62,241.30,245.90,248.97,255.54,261.84,264.09,257.50,257.32,255.22,249.02,242.43,232.86,232.13,225.57,222.15,212.45,205.41,203.04,197.75,189.62,181.52,178.00,169.50,163.67,149.68,142.56,133.84,125.73,115.74,102.49,91.79
146.17,157.17,165.66,178.81,186.14,193.19,198.13,201.54,203.04,206.19,210.11,209.75,211.48,211.74,209.88,218.28,217.61,223.08,228.04,230.26,235.34,245.52,249.69,253.90,258.15,263.84,265.50,262.37,261.30,255.00,251.45,246.03,236.21,232.62,226.53,222.09,214.67,207.65,204.53,197.31,189.71,185.31,176.66,170.84,163.17,154.38,146.70,136.09,123.65,114.34,103.83,93.54
142.69,158.15,163.40,175.86,177.63,186.98,192.35,198.93,198.13,200.82,204.45,206.31,206.90,206.12,206.23,211.38,215.19,220.04,224.77,224.80,229.61,236.46,242.92,248.58,253.84,258.09,263.10,255.41,255.05,251.41,247.49,240.35,232.46,230.85,224.96,220.66,210.00,204.47,201.42,196.51,190.00,179.49,175.82,169.07,161.97,150.60,142.94,133.03,125.36,115.62,102.42,91.35
130.59,142.35,150.00,160.42,166.74,174.64,176.56,181.95,181.96,186.26,187.07,189.19,189.79,190.24,191.05,195.79,197.25,202.41,207.95,209.69,212.91,220.82,224.41,229.58,235.08,239.71,242.00,236.52,237.92,233.03,230.55,225.50,217.08,214.29,208.61,204.17,196.94,192.02,188.22,182.85,177.65,169.58,166.05,156.92,151.29,140.66,132.44,125.32,117.92,109.79,98.39,88.68
139.83,151.38,160.56,170.39,174.01,185.01,186.76,194.26,191.67,197.43,197.06,196.76,200.56,200.80,202.23,207.97,206.19,210.28,216.21,220.00,222.00,233.33,234.69,239.44,243.50,248.03,250.70,247.31,247.52,242.84,242.14,232.14,224.22,221.29,216.21,215.23,204.71,200.90,198.21,184.59,179.11,173.93,166.14,167.00,146.49,132.38,157.58,86.05,288.02,125.21,173.10,79.31
143.42,159.68,169.00,179.79,185.28,191.77,198.81,203.44,204.47,206.52,209.02,210.79,211.94,210.35,210.87,215.80,218.74,224.02,230.26,229.37,233.24,241.28,250.06,251.59,257.03,263.23,265.84,262.43,259.12,259.12,249.99,244.93,234.00,233.28,228.79,224.21,216.13,207.91,204.43,197.12,193.26,182.78,177.99,171.83,163.37,151.40,145.13,134.61,125.87,116.30,104.39,93.21
143.28,158.27,169.81,178.62,185.95,191.23,196.38,202.03,204.41,206.61,208.63,210.24,210.15,213.03,212.14,217.80,216.16,220.66,226.05,228.64,234.16,241.47,246.29,252.98,257.00,263.75,265.11,260.69,257.47,256.33,249.93,243.73,235.31,231.25,229.68,221.61,213.83,208.08,204.04,196.87,191.55,181.97,177.55,171.47,163.78,151.48,145.22,136.06,126.73,114.49,104.39,92.18
142.87,157.21,166.52,178.00,183.58,191.69,195.92,201.80,203.59,204.43,207.15,209.31,209.75,208.66,211.10,214.97,217.52,223.30,225.70,227.69,235.34,240.50,245.66,250.93,253.87,261.72,265.22,259.33,257.00,255.28,250.20,241.68,234.68,231.69,226.98,220.95,213.47,206.95,203.10,195.85,191.98,180.01,175.68,170.94,161.62,151.42,144.22,132.88,125.72,116.10,101.83,91.92
133.09,146.77,154.20,163.25,169.85,178.09,183.22,185.61,187.04,190.24,190.52,193.04,194.18,194.74,195.29,199.96,201.81,206.00,211.65,210.76,215.24,224.24,229.06,233.41,238.45,240.88,244.74,243.40,240.85,238.30,232.28,224.96,218.22,214.06,209.75,207.71,198.96,193.31,187.18,182.51,175.41,170.86,162.24,156.73,150.05,142.72,135.53,127.01,116.18,105.69,97.42,85.96
133.82,146.84,153.91,165.02,171.29,177.12,180.69,186.51,187.67,190.08,193.75,194.09,194.18,195.47,195.45,200.94,201.84,206.53,212.85,212.25,219.39,224.32,229.05,234.03,238.81,244.47,248.00,242.87,242.20,237.74,233.52,228.02,219.80,218.01,213.88,209.09,200.26,194.01,191.09,184.10,179.34,173.46,166.42,159.15,153.57,142.71,136.24,127.58,118.07,108.34,99.04,88.60
142.41,154.54,164.92,175.35,181.00,186.75,191.38,199.55,200.00,203.65,207.00,208.43,207.79,207.09,207.87,213.00,217.22,220.07,227.37,224.29,231.77,241.92,247.92,251.07,255.93,262.15,264.09,260.20,257.70,254.67,249.69,241.96,235.92,233.56,225.82,224.15,214.22,207.62,202.41,198.98,191.93,183.60,178.23,169.94,162.61,152.83,145.38,135.07,126.81,117.18,103.08,93.11
142.47,157.14,165.64,177.07,183.31,190.43,195.23,201.68,202.77,204.80,207.35,209.35,210.04,210.64,210.54,214.52,218.69,224.36,226.72,227.77,233.32,241.75,247.63,253.71,255.98,263.14,266.96,259.01,258.80,255.48,250.45,242.99,234.48,233.14,226.63,222.50,214.44,206.02,201.44,198.34,189.91,182.94,177.48,170.07,164.12,151.80,143.28,133.93,123.46,115.43,101.87,93.06
142.84,155.86,165.19,177.73,182.73,190.91,194.03,201.32,200.80,205.00,205.06,209.06,208.79,208.97,211.01,215.64,217.26,222.89,227.13,227.85,232.86,240.34,246.43,251.45,255.89,261.81,263.40,260.85,258.80,255.57,252.74,243.07,234.55,231.61,225.85,221.52,214.89,206.04,203.00,198.76,192.08,182.04,177.10,169.67,162.50,151.09,143.39,135.15,128.27,113.15,101.18,92.70
135.62,147.30,153.31,165.87,172.31,179.07,183.34,187.17,188.81,190.29,192.67,194.55,194.81,195.13,195.60,200.96,201.68,208.59,212.57,213.35,217.26,224.40,231.04,233.89,240.05,243.13,245.96,243.98,242.51,238.47,233.01,227.98,220.69,215.60,210.72,207.12,198.93,194.10,189.10,185.00,178.99,172.14,165.42,158.82,151.33,142.41,134.45,126.65,117.15,106.53,98.27,87.46
133.02,147.80,155.68,165.22,169.86,178.62,182.48,187.32,190.17,191.97,193.46,194.47,195.00,196.09,195.58,201.10,203.16,208.59,211.69,214.46,218.39,226.05,232.02,234.80,240.21,244.20,246.07,242.59,241.37,238.35,234.47,228.65,220.95,217.19,214.44,207.87,200.94,190.82,188.45,184.36,178.93,170.59,164.60,159.35,153.16,141.20,133.96,126.63,116.84,106.30,98.98,87.05
133.38,146.82,154.25,163.86,169.06,177.13,179.94,188.04,189.48,191.21,192.51,195.13,194.14,194.56,194.99,198.32,198.93,204.20,210.06,209.77,217.25,223.18,230.18,234.02,236.78,244.64,246.29,242.99,239.28,238.13,231.73,229.06,219.40,216.34,210.30,206.87,199.54,193.98,189.51,185.22,179.63,169.36,164.75,160.64,153.53,139.65,135.72,125.94,116.73,107.52,98.39,87.97
136.40,149.50,156.21,166.24,173.95,181.46,184.13,190.07,189.26,192.04,197.47,195.58,198.21,198.30,198.71,203.04,204.56,207.79,215.50,214.97,221.72,227.72,234.14,238.42,244.18,247.69,250.02,246.66,246.25,242.03,236.37,233.32,223.02,218.22,212.68,210.01,203.18,196.96,191.66,187.63,181.52,173.83,167.87,161.19,153.22,144.00,137.48,129.19,117.39,107.65,100.21,90.44
139.22,151.49,160.59,169.76,177.88,185.00,189.16,194.93,193.83,198.24,201.34,202.30,201.36,201.55,204.40,208.22,208.93,212.85,220.08,220.12,226.61,233.11,240.53,244.03,248.82,251.91,256.05,253.73,249.90,246.91,241.03,236.93,229.22,226.43,220.99,216.23,206.81,201.70,197.34,193.71,185.53,179.23,169.50,162.73,158.35,148.79,140.94,132.46,121.49,111.02,102.16,90.52
142.36,154.72,162.74,174.40,180.01,188.51,193.26,196.66,198.34,200.24,202.89,205.57,207.25,207.04,208.46,211.77,214.16,218.24,223.66,223.34,230.02,239.89,244.04,249.78,253.12,257.70,261.09,255.83,256.91,251.72,247.07,241.82,233.56,227.22,223.75,221.90,212.12,205.55,202.57,193.83,190.02,183.44,175.00,169.01,160.01,151.48,144.01,135.62,124.66,113.64,104.81,93.09
137.36,149.82,158.45,168.47,175.41,183.13,187.52,192.42,192.20,194.88,200.24,201.64,201.40,201.48,201.81,206.07,210.34,213.01,219.49,219.24,223.01,229.68,236.71,241.93,245.61,250.49,251.23,249.13,246.56,240.22,238.21,231.31,223.61,219.66,213.30,209.99,201.25,195.92,190.08,184.78,178.63,171.84,165.01,158.38,151.27,141.32,133.51,126.44,115.38,107.48,97.17,87.14
145.58,158.81,167.24,176.24,186.68,193.35,197.37,201.79,203.33,204.25,208.66,209.69,210.49,210.89,212.61,216.54,219.35,223.62,226.99,230.84,238.10,244.39,248.93,252.37,257.24,262.19,265.15,263.64,261.11,255.43,250.32,245.54,236.96,232.17,225.80,223.95,215.23,210.02,203.89,198.60,190.92,185.37,175.57,169.01,162.52,152.51,147.32,136.96,124.40,114.49,106.04,94.83
144.50,157.78,165.42,177.29,187.98,193.91,195.53,201.68,204.42,205.24,209.17,209.61,211.98,212.46,211.65,216.16,218.66,222.17,226.21,230.72,235.69,242.55,248.89,253.65,258.68,263.27,265.76,264.46,261.84,255.13,253.51,246.47,238.30,232.05,227.69,224.16,216.00,209.02,203.18,199.97,191.44,184.46,177.01,170.76,163.25,152.41,148.07,137.30,124.85,114.98,105.54,94.40
138.03,148.56,159.45,168.24,173.42,183.84,185.97,193.75,193.08,193.46,196.43,199.46,199.01,200.24,200.88,205.77,207.59,212.20,215.93,219.86,222.18,231.82,236.03,240.42,245.46,250.67,252.45,248.85,249.21,242.89,239.18,233.14,224.51,222.99,217.08,211.15,202.62,196.98,193.26,187.54,181.99,173.98,169.10,160.96,153.57,144.92,137.00,129.25,119.44,110.64,99.32,89.05
137.74,149.63,159.36,170.43,174.54,183.53,187.55,192.44,191.65,195.53,197.22,199.64,200.66,200.48,200.11,203.79,209.80,213.15,216.30,220.23,222.06,230.23,236.60,240.63,245.66,250.39,251.16,249.51,248.89,243.60,238.80,233.48,224.15,223.66,216.09,213.27,202.70,197.23,193.88,189.90,181.03,173.83,169.26,160.86,155.05,143.78,137.75,129.42,119.51,110.22,99.93,87.32
131.61,144.20,150.15,160.13,165.47,175.45,175.87,181.46,182.70,185.35,188.72,189.72,190.28,190.16,192.00,195.85,197.23,201.81,207.48,208.25,212.62,219.92,224.80,229.26,233.02,239.11,241.11,237.10,238.45,232.70,230.22,225.20,216.68,213.86,208.94,206.17,197.52,193.00,188.22,181.66,178.10,168.47,164.68,156.71,151.33,142.23,134.73,126.91,118.19,107.80,98.08,89.36
144.46,159.25,166.97,179.14,187.11,193.61,198.01,202.83,205.55,206.23,208.06,210.52,210.62,212.85,211.47,216.01,219.18,224.96,228.08,230.29,235.64,242.10,248.74,255.98,259.79,264.12,265.91,265.15,260.73,257.64,252.49,246.08,238.90,233.60,230.52,225.25,215.13,209.06,204.32,200.81,193.51,182.99,178.90,171.55,165.53,155.08,145.28,137.23,125.80,116.04,104.71,93.77
145.78,158.94,169.26,178.57,185.61,195.00,199.28,203.33,205.20,207.40,210.30,210.79,212.53,212.85,213.40,217.01,218.63,225.42,229.58,229.43,236.14,245.06,249.82,256.69,258.97,265.35,268.29,264.76,264.44,258.50,253.33,245.99,240.75,234.10,229.24,224.72,216.12,209.61,206.42,198.66,193.00,185.74,177.72,171.30,165.47,154.02,146.99,136.24,126.65,116.52,104.45,93.94
145.15,158.67,167.59,179.51,185.97,193.02,198.35,203.69,203.89,207.97,206.74,212.25,213.19,211.57,212.81,217.00,219.10,225.85,229.58,230.51,235.59,244.02,247.42,255.36,258.91,264.61,267.64,263.29,263.11,256.32,251.87,246.83,237.13,234.55,228.09,224.45,215.42,210.09,205.66,198.91,192.32,182.28,179.30,168.60,163.96,153.10,145.21,138.06,128.88,114.35,105.26,93.74
142.95,156.70,163.98,175.29,182.02,190.04,193.60,198.66,199.16,201.85,205.46,206.16,209.46,207.51,206.74,212.51,214.22,220.29,225.89,226.38,230.15,239.38,245.52,250.15,252.40,258.28,262.29,259.47,256.84,253.60,248.24,241.01,234.18,230.36,224.40,221.71,213.06,206.01,200.38,195.21,188.22,182.20,175.32,168.40,160.80,149.91,145.23,135.06,124.31,114.77,104.79,92.01
145.12,157.80,167.36,177.56,185.27,192.90,197.25,203.50,202.89,205.51,208.12,210.62,210.54,210.69,209.09,214.80,218.66,222.00,228.18,228.48,233.03,241.59,248.77,253.84,256.70,262.38,265.15,261.22,261.28,256.29,250.31,246.34,236.48,232.66,226.89,221.94,213.94,209.47,203.07,199.49,192.57,183.79,177.79,170.08,163.37,153.06,144.25,136.36,126.53,118.04,103.79,93.51
143.63,157.70,167.01,177.71,185.28,194.16,197.46,202.05,202.55,206.32,209.38,210.11,210.19,209.42,211.63,215.67,218.00,223.08,228.33,230.29,234.10,243.50,249.23,253.01,258.77,261.84,266.36,263.23,263.03,256.98,252.56,244.81,238.35,233.81,227.90,222.81,214.85,207.71,204.16,199.25,193.00,184.68,177.05,171.21,163.17,153.69,146.65,136.75,126.37,114.86,103.94,93.86
142.87,158.84,166.36,176.24,182.01,191.44,196.03,201.72,203.59,205.04,206.49,210.24,209.88,209.54,207.76,213.30,217.41,223.18,225.94,225.57,233.00,241.01,246.01,251.21,256.43,262.57,262.80,260.07,260.77,256.74,250.20,243.31,237.20,235.10,228.32,224.66,214.60,206.94,203.80,199.58,192.78,182.52,178.73,171.48,163.44,152.90,144.59,134.85,125.57,116.73,103.97,91.55
145.25,157.88,168.50,180.24,185.00,193.50,197.59,204.71,204.66,206.55,209.90,213.93,212.01,209.62,210.87,210.15,218.55,222.50,227.17,227.13,232.74,243.18,248.65,253.39,257.44,264.39,268.76,263.13,261.94,260.09,254.97,248.16,238.16,237.20,231.11,227.88,218.16,211.44,206.40,203.74,197.04,186.90,181.95,175.64,168.25,155.43,147.17,137.97,128.02,120.03,106.71,94.51
142.94,156.34,163.45,173.98,180.80,188.31,192.72,197.10,200.81,199.58,205.10,204.80,205.76,205.28,207.37,211.12,211.42,216.79,222.61,223.44,230.23,238.30,245.17,248.36,253.40,256.97,260.25,256.03,256.60,251.48,246.40,241.35,234.34,229.16,223.67,220.22,212.25,204.79,201.11,195.06,189.93,181.14,174.16,168.11,161.92,150.63,144.45,134.47,122.80,114.54,104.69,94.85
141.87,153.57,165.70,175.73,181.65,188.73,193.22,200.18,201.32,204.66,204.20,206.05,208.41,207.19,208.47,211.44,215.57,220.57,225.82,225.02,229.79,239.55,245.58,249.36,253.95,260.93,262.93,257.99,256.33,254.15,244.18,241.15,230.67,231.14,225.14,219.37,211.80,202.99,199.61,196.96,189.91,179.62,175.00,167.30,161.34,149.25,143.20,133.60,124.40,116.21,102.11,90.43
136.33,148.37,155.79,167.76,173.35,180.94,183.22,189.49,191.51,191.51,195.24,196.49,197.50,199.01,197.62,203.20,205.52,209.69,214.00,215.42,221.77,228.47,234.04,238.52,243.99,247.69,251.18,245.17,244.66,240.43,238.81,231.14,222.27,221.38,214.71,211.27,202.94,196.89,193.10,188.35,183.00,172.97,167.72,160.53,153.94,146.32,138.68,129.81,118.41,110.77,100.34,89.20
145.60,156.85,164.83,176.23,184.82,189.86,194.99,199.46,201.25,203.04,206.61,207.24,209.12,210.10,209.61,214.45,216.45,219.27,226.55,228.16,234.80,240.01,246.98,251.29,255.07,262.79,263.03,261.70,257.63,254.18,250.57,245.54,236.91,231.37,227.22,222.87,215.08,207.37,203.63,197.95,190.69,184.17,175.68,170.11,164.34,153.94,146.76,135.83,125.67,113.90,105.34,94.09
142.71,156.25,164.03,174.63,181.89,190.08,193.75,198.60,197.72,201.04,205.46,206.09,207.18,207.04,207.37,211.74,214.26,220.20,223.91,226.00,231.71,238.30,245.35,249.83,254.33,258.04,261.08,258.02,256.68,251.59,250.53,242.64,234.03,230.11,224.45,220.72,211.69,205.72,202.05,195.24,189.78,183.86,174.19,167.93,161.05,152.05,145.66,134.77,124.15,113.85,104.66,93.94
142.58,157.00,163.00,171.84,180.40,189.78,193.85,197.12,199.06,200.85,205.29,206.48,206.52,206.20,209.02,210.54,214.25,217.69,223.66,225.08,230.10,237.72,245.42,249.43,253.67,258.50,261.84,257.98,258.70,252.25,247.94,243.59,234.09,230.29,226.32,220.66,213.76,206.52,202.51,196.43,190.55,183.00,174.27,168.24,161.34,151.49,143.00,134.77,124.04,114.81,103.85,93.26
132.01,143.57,152.03,162.69,167.89,173.90,178.44,184.36,184.07,189.50,188.31,192.72,192.13,191.61,193.33,195.80,198.84,204.38,209.80,209.00,214.22,221.63,227.61,231.91,235.77,240.47,243.19,238.30,238.73,234.48,230.14,225.14,217.41,213.81,209.85,205.20,198.12,191.04,186.39,184.86,178.47,167.90,164.20,156.60,151.17,139.98,132.83,123.79,116.78,107.63,95.38,84.34
144.50,156.42,164.20,175.39,182.82,189.34,194.28,201.01,199.92,202.43,206.09,207.69,207.09,207.79,207.41,211.60,216.67,218.39,226.53,224.32,232.17,240.71,247.10,249.10,254.57,259.06,261.61,259.42,258.26,253.03,248.68,242.29,235.19,230.50,224.41,221.20,213.94,207.53,202.92,196.54,188.86,182.51,175.45,169.20,161.94,153.08,144.31,135.68,125.10,116.08,103.39,93.05
132.19,145.00,152.01,162.29,168.81,175.39,179.78,185.61,183.85,187.75,187.83,191.66,192.63,192.11,194.37,197.65,200.30,205.24,209.31,207.89,213.86,221.92,229.10,231.89,236.01,242.72,244.70,240.16,238.31,234.97,231.71,223.49,217.15,215.84,210.39,205.68,198.31,193.23,188.01,184.39,178.06,168.22,164.21,157.32,150.69,140.87,133.14,124.02,115.52,107.63,93.47,85.21
131.31,143.89,151.09,160.12,166.21,173.00,177.16,182.16,184.32,184.46,187.84,189.84,188.88,188.81,191.13,194.05,196.79,201.14,206.09,207.45,212.60,219.58,225.89,229.94,233.43,238.10,239.52,237.63,237.59,230.49,228.37,222.63,215.87,210.79,205.78,202.24,195.15,189.50,186.66,179.63,173.14,167.44,160.38,153.57,148.14,139.09,132.00,124.52,113.64,103.39,94.25,84.81
142.08,154.00,163.98,173.00,179.98,187.11,192.90,198.24,199.49,201.92,204.00,204.97,205.65,207.18,205.80,211.40,215.15,218.48,224.51,223.23,229.40,239.42,243.67,247.65,253.48,258.60,260.97,257.13,255.26,253.16,246.10,239.94,232.47,230.90,224.09,220.49,209.98,206.48,200.24,196.79,190.43,181.11,175.15,168.00,160.65,150.57,143.38,133.24,124.45,116.21,104.04,91.48
108.08,117.48,116.62,118.11,131.40,139.32,141.16,142.87,145.62,145.17,148.82,144.52,142.87,142.14,140.94,142.05,138.66,144.31,142.64,140.86,148.00,146.99,151.75,157.85,155.08,160.61,160.18,159.00,158.64,153.39,162.79,159.40,175.25,186.60,197.71,202.02,195.51,197.80,197.82,188.77,186.94,180.00,170.04,162.39,157.28,150.28,139.79,127.61,120.04,107.65,99.62,86.73
145.23,160.15,165.72,176.23,185.42,192.60,197.21,199.94,201.80,203.30,207.18,208.39,209.62,208.57,209.95,214.97,217.83,220.17,226.50,228.16,231.53,239.79,247.40,250.84,256.88,262.29,262.99,260.31,260.36,253.44,250.34,244.00,237.61,231.49,228.18,222.40,215.15,210.32,204.17,198.12,192.21,186.26,176.41,170.84,164.15,154.26,148.31,138.23,125.63,116.62,107.17,96.21
142.87,154.74,165.42,174.20,179.60,187.11,191.66,198.22,199.86,202.00,204.36,206.21,207.20,206.04,206.04,211.25,214.48,219.44,222.73,224.32,230.02,238.85,243.99,247.17,252.07,257.99,261.56,254.95,254.03,251.25,247.63,242.39,232.36,233.09,225.22,219.70,211.24,205.50,202.74,197.25,189.16,181.01,176.47,168.60,162.53,150.75,144.01,133.12,125.00,115.02,102.42,92.96
142.20,154.03,163.96,175.01,180.28,186.04,191.51,198.71,199.49,201.81,204.75,206.24,207.89,206.19,206.71,210.95,214.16,219.27,224.66,222.31,230.50,237.88,243.66,247.14,250.68,258.94,262.34,255.81,255.00,251.45,246.01,240.62,233.21,231.05,226.24,219.86,211.47,205.43,200.36,196.65,189.28,179.25,174.89,169.30,163.08,150.46,142.86,132.20,125.40,114.20,101.14,90.93
142.17,154.81,165.50,175.93,181.50,187.95,193.83,200.41,199.97,203.68,202.43,206.94,207.79,205.70,207.80,211.80,214.90,220.41,225.46,225.58,231.04,238.56,245.58,249.58,254.02,258.94,262.49,257.53,256.98,253.43,248.34,244.01,232.20,231.76,225.08,220.79,213.34,205.88,200.81,197.65,190.44,181.18,177.00,169.01,162.36,150.75,142.35,132.46,126.76,116.11,102.42,90.55
142.39,155.42,164.47,174.29,181.47,189.10,192.42,197.31,199.25,200.88,204.75,206.74,206.81,205.88,206.85,211.62,213.78,216.21,222.89,224.01,232.65,238.53,244.62,249.19,253.57,259.67,259.56,257.94,256.49,250.58,248.09,241.97,233.26,228.65,222.44,218.68,212.44,204.80,201.10,194.18,189.26,181.42,174.27,166.88,161.06,151.48,143.39,132.28,124.02,113.03,102.96,93.06
130.08,146.67,154.30,156.98,168.16,173.81,179.05,185.15,185.00,187.88,189.68,192.84,193.42,190.23,191.17,195.89,200.35,203.01,209.31,208.43,214.25,220.47,227.86,229.87,234.65,240.52,242.74,237.95,237.05,235.05,229.94,225.89,217.01,214.13,210.76,205.23,197.25,190.85,187.13,183.81,176.48,167.14,162.86,156.73,149.47,141.03,133.82,123.33,116.50,107.20,95.34,86.33
137.35,150.01,157.99,167.84,175.51,182.40,186.98,190.00,191.17,194.83,198.00,198.34,199.45,198.12,200.61,202.87,205.52,209.62,214.28,215.82,221.61,227.88,235.36,239.18,242.76,247.99,250.68,246.44,244.68,242.40,236.91,231.42,222.79,219.49,217.15,211.60,203.21,196.46,189.97,187.38,181.47,173.42,167.72,159.67,155.00,144.20,136.12,127.57,117.65,107.94,99.72,87.82
144.67,157.29,166.21,173.57,182.62,189.61,194.02,199.06,199.84,202.12,205.94,207.08,206.53,208.04,208.41,214.18,215.28,221.05,225.30,225.89,231.35,240.84,246.71,251.05,253.49,258.52,262.61,259.39,259.53,254.13,249.85,243.70,235.77,230.59,225.00,221.51,212.90,207.06,202.20,196.08,189.53,183.52,175.23,167.53,161.55,151.65,144.31,135.34,125.30,113.22,104.74,94.02
143.68,154.69,164.01,173.73,179.63,188.16,192.21,196.70,198.00,200.20,204.00,205.88,205.30,204.44,207.63,210.86,212.40,218.30,222.74,223.40,228.71,237.95,244.62,248.56,252.36,257.10,261.27,256.91,255.16,250.51,247.63,240.28,234.05,228.84,223.18,220.59,211.52,204.38,201.40,193.50,187.38,183.15,174.86,168.34,159.84,149.40,144.10,133.14,122.70,114.48,102.86,92.20
141.00,153.63,163.34,173.33,177.07,186.89,190.41,198.22,199.16,201.14,201.40,205.60,206.34,204.71,205.92,209.75,210.95,219.97,223.08,221.06,228.97,237.60,240.78,245.78,251.51,256.91,261.45,254.10,253.79,248.50,246.33,241.13,232.23,229.79,223.02,219.44,210.54,203.65,200.16,195.25,188.48,177.34,175.45,166.33,160.64,150.75,140.63,130.46,124.45,114.28,102.40,91.59
133.15,144.73,154.38,163.98,167.17,176.48,179.90,186.04,186.20,190.06,190.72,193.26,195.14,193.20,194.49,198.60,200.77,204.84,211.77,209.69,216.38,222.09,230.87,233.48,238.10,243.40,245.42,240.67,239.76,235.61,232.69,226.60,218.00,216.02,210.95,207.18,198.09,192.20,187.41,184.17,178.40,168.31,164.76,157.38,151.40,141.15,133.75,123.24,116.97,107.28,95.19,85.88
133.84,146.63,154.56,163.77,169.50,178.20,181.65,185.17,186.90,188.90,191.05,193.87,191.90,195.09,192.21,197.80,201.81,204.47,209.30,210.77,216.61,224.98,229.11,232.86,237.61,243.39,245.20,241.81,241.83,235.98,233.14,227.43,218.82,215.68,209.80,208.25,199.27,192.59,188.49,183.33,176.92,172.19,163.48,157.03,151.48,142.27,135.52,124.78,116.11,106.02,98.29,87.66
131.31,144.36,152.59,161.28,167.36,175.76,179.21,185.65,185.27,187.68,189.21,192.09,192.26,192.84,191.23,196.00,197.95,203.59,208.22,208.70,213.22,222.32,225.57,230.18,234.40,239.82,243.02,238.00,239.18,232.11,229.73,225.20,216.19,215.33,206.23,204.94,196.58,191.44,186.57,181.71,175.93,168.34,162.00,157.11,149.56,139.92,132.23,123.85,115.43,107.22,95.02,86.03
142.21,155.57,163.22,175.82,180.25,188.43,192.39,197.80,197.21,200.23,203.42,205.41,205.45,206.66,208.69,212.90,212.79,218.92,223.02,223.83,229.99,239.47,242.85,247.58,253.29,258.94,260.97,256.33,256.53,251.25,248.62,241.30,232.20,229.83,222.95,219.04,210.72,205.80,200.38,193.87,187.68,181.42,172.89,165.85,159.70,150.62,142.64,133.22,123.76,113.36,102.47,91.83
143.84,156.12,165.10,175.15,180.00,188.90,193.06,199.08,201.66,201.10,204.53,206.01,207.56,205.25,206.21,211.98,211.91,218.92,224.51,223.81,230.85,237.78,243.98,248.72,254.29,259.62,261.00,255.93,255.18,251.86,247.78,242.12,233.98,229.54,223.47,219.99,212.15,206.50,199.25,195.85,187.55,181.40,174.42,167.94,162.19,151.95,143.10,133.99,123.85,115.11,103.31,92.14
143.28,157.43,165.22,174.89,180.89,190.65,192.59,200.28,201.10,204.24,204.50,208.63,208.17,206.86,209.02,213.69,215.14,221.22,225.64,226.43,231.54,240.71,245.47,250.16,255.27,261.01,264.32,258.68,258.77,252.39,248.43,244.29,233.64,232.35,226.38,221.81,212.62,206.86,201.90,197.50,191.42,181.11,176.30,169.37,161.20,150.43,143.22,132.50,125.00,116.11,102.83,93.54
143.27,158.05,166.36,176.95,182.65,192.63,194.58,200.68,200.00,204.12,206.97,206.00,208.66,210.06,210.23,215.68,215.56,220.38,224.85,226.74,232.05,243.21,246.34,250.83,256.72,260.11,263.35,259.11,258.28,254.24,249.93,243.60,234.80,232.22,224.93,221.21,213.40,206.83,203.93,196.86,190.92,183.83,176.23,168.80,162.52,152.96,142.84,135.12,123.79,113.60,104.71,94.18
140.86,154.87,161.31,174.00,181.18,190.07,192.37,197.99,198.16,199.22,204.47,204.27,204.47,204.64,205.55,209.80,210.95,216.84,224.80,223.29,230.34,238.42,241.25,246.38,251.86,255.89,258.94,256.78,255.63,249.06,246.02,239.82,232.48,226.68,223.32,219.25,210.19,204.12,200.38,193.98,188.96,180.23,173.07,166.88,160.64,150.15,144.40,133.69,120.84,112.38,103.00,93.65
132.02,144.93,152.90,164.21,168.07,175.48,177.05,184.74,186.19,187.95,189.69,191.56,191.60,192.26,190.06,196.12,198.84,203.27,207.76,207.33,212.81,220.22,225.86,231.00,233.52,241.85,244.40,238.31,236.14,235.30,230.52,223.40,215.93,214.48,208.70,204.13,195.88,190.00,186.90,182.86,175.86,167.03,162.20,154.74,147.83,140.12,132.02,123.03,116.39,107.04,94.76,84.90
132.88,144.92,150.92,162.05,168.07,175.60,178.68,182.15,183.92,185.41,190.71,190.76,190.43,190.96,191.25,195.82,198.28,200.30,204.78,208.86,213.60,219.48,226.11,230.42,233.69,237.60,239.71,235.48,234.97,231.81,228.65,223.02,214.39,212.44,206.71,204.79,193.83,189.00,183.44,179.45,174.52,167.55,162.00,154.21,148.12,138.24,131.69,122.98,112.61,103.41,93.64,85.02
132.44,145.12,153.56,161.97,167.72,175.10,180.36,182.88,183.85,186.97,188.73,189.69,190.91,191.46,191.48,194.25,197.85,201.48,207.00,206.79,214.22,219.74,227.09,230.48,234.52,241.51,241.60,237.86,237.43,231.37,228.25,223.09,215.41,214.20,207.61,204.46,195.48,190.92,185.81,181.04,177.05,168.57,163.11,155.76,149.72,138.20,131.53,123.32,115.88,105.38,95.85,85.29
131.64,145.03,152.03,160.65,167.61,174.18,179.03,182.88,184.07,186.68,189.53,190.52,190.09,190.68,193.21,197.09,197.25,201.36,205.54,208.15,213.10,218.69,225.49,229.31,234.34,239.15,242.62,237.39,237.97,231.23,227.50,222.64,215.00,210.49,205.23,203.01,196.46,191.43,186.20,180.01,172.98,166.15,159.88,151.61,147.92,138.32,131.00,123.37,113.46,104.02,95.21,85.05
141.99,155.79,162.61,172.46,179.89,188.80,192.82,197.21,197.34,200.02,203.09,204.17,203.30,204.09,205.14,209.57,212.80,216.18,222.73,222.89,226.51,235.87,241.81,244.88,250.48,254.79,258.38,254.40,254.70,248.81,247.61,239.01,231.77,227.85,220.74,218.28,210.86,205.09,199.45,192.63,186.70,181.11,172.80,165.19,158.62,149.91,142.02,132.67,121.26,112.01,103.48,91.42
142.80,156.08,163.05,173.85,180.31,188.85,190.02,197.19,198.09,199.46,203.53,203.95,203.69,206.63,205.91,212.08,210.66,217.09,219.58,223.09,229.43,237.63,241.54,246.43,250.89,258.05,259.83,255.88,256.91,247.48,246.66,240.55,231.64,227.72,221.40,220.11,209.00,203.97,200.60,192.76,187.52,180.54,173.22,166.29,159.21,151.11,141.74,133.70,122.78,111.80,102.34,93.49
143.89,156.06,165.60,175.86,181.34,189.65,194.56,200.00,200.66,203.92,204.50,207.95,209.12,207.76,208.78,212.87,216.36,221.71,226.32,226.06,230.52,239.64,244.97,251.34,254.61,261.01,263.93,259.43,256.64,253.16,249.78,242.84,231.82,232.42,224.09,220.27,211.03,206.02,200.49,198.09,191.02,179.67,175.14,167.87,161.42,150.28,143.00,133.45,124.63,115.43,102.11,90.71
