144.45,157.92,164.22,174.26,184.50,190.92,194.37,198.21,197.72,201.21,200.93,201.56,205.55,202.11,202.92,206.21,209.48,213.77,215.03,219.28,226.50,233.86,241.68,247.16,249.76,256.86,259.39,257.40,259.14,253.44,251.20,245.35,238.03,235.60,228.78,224.15,219.67,213.02,207.85,203.20,198.30,193.04,184.70,177.16,168.88,159.38,150.00,139.84,128.71,117.00,107.21,93.09
140.70,154.55,161.82,169.32,180.05,185.61,192.20,194.31,195.17,197.19,197.23,198.49,199.90,198.15,198.20,201.91,204.69,208.04,214.41,215.30,223.27,230.37,237.08,242.69,245.98,252.81,256.73,252.39,251.21,251.73,246.01,240.42,235.05,234.68,228.14,224.37,215.10,209.58,206.12,201.95,194.59,187.54,181.80,176.14,168.87,156.06,146.24,137.03,126.61,116.97,102.59,90.14
145.12,160.42,168.57,177.55,186.59,194.62,197.34,199.67,201.94,204.41,203.04,204.09,204.30,204.40,204.01,208.17,211.05,217.10,221.47,223.46,229.65,238.68,244.97,252.24,254.89,262.55,266.37,263.65,262.80,260.32,255.07,249.61,243.80,240.67,234.36,230.50,224.66,218.83,214.45,209.04,203.65,197.87,190.29,182.63,174.27,165.52,155.44,145.00,131.47,121.66,109.38,96.02
137.90,152.47,157.42,167.84,177.55,183.01,187.84,189.25,189.74,195.02,193.00,193.35,194.92,195.02,195.16,198.82,201.20,204.40,210.06,213.38,216.84,227.69,232.77,240.19,244.25,250.05,253.25,251.10,250.60,247.21,244.63,237.97,232.22,230.42,224.44,223.08,214.74,209.72,207.18,202.09,194.20,189.01,181.40,173.22,167.59,157.76,148.03,137.71,126.85,116.02,105.82,91.08
136.42,151.12,159.77,171.82,176.17,184.82,188.27,192.80,190.41,195.36,192.04,193.66,196.98,193.66,193.60,198.30,200.57,207.78,210.95,212.46,218.76,227.04,231.14,240.52,245.81,251.77,254.66,250.16,253.06,248.81,246.00,238.37,231.70,231.28,224.61,223.49,213.38,212.04,208.08,200.83,197.31,189.31,184.74,176.92,168.34,161.38,148.30,138.45,128.35,117.41,105.11,94.01
136.18,149.47,157.70,167.71,174.27,182.02,184.72,188.31,187.09,191.00,187.97,192.42,193.26,191.09,190.44,194.88,195.13,203.69,207.47,208.66,215.52,225.18,230.84,238.40,241.88,248.21,250.32,247.21,247.72,246.60,241.63,235.05,229.16,228.12,222.85,219.46,211.93,208.47,203.67,198.93,194.13,184.74,182.15,173.10,164.98,155.57,145.96,136.24,123.94,113.99,104.04,91.21
142.00,156.73,162.61,172.36,180.94,188.38,192.92,194.13,195.07,195.53,196.25,197.12,197.09,196.08,194.73,198.54,202.05,206.20,210.32,213.36,221.60,228.25,235.15,243.30,247.80,253.53,255.18,255.52,255.33,250.89,250.15,241.22,237.50,231.81,229.22,225.28,218.68,214.26,209.51,203.25,197.04,192.72,183.92,175.57,169.09,159.02,149.47,139.60,126.91,116.71,105.80,93.94
151.82,168.19,176.26,185.28,193.55,200.06,205.91,208.39,207.88,211.00,209.30,210.01,210.20,212.25,210.74,212.61,217.50,219.86,226.06,229.37,237.54,244.90,254.12,260.19,266.39,271.74,275.77,274.80,274.47,270.65,267.42,259.89,253.58,251.03,245.52,241.00,233.85,229.30,224.27,217.89,211.02,205.41,198.31,190.12,182.21,168.36,161.15,148.85,135.15,124.85,112.16,99.85
151.16,167.36,174.87,184.29,192.92,199.09,204.08,207.88,207.88,209.38,208.97,208.94,210.26,209.80,208.12,212.55,216.36,220.68,224.70,228.16,237.67,245.37,252.72,260.46,264.71,271.71,276.12,273.99,276.05,269.18,267.66,262.05,254.04,249.62,244.49,242.00,233.77,229.16,224.98,217.11,210.64,204.79,196.98,189.53,181.64,169.11,161.14,147.79,134.74,123.04,111.62,99.72
140.94,156.26,162.87,172.56,180.55,186.32,191.21,194.01,192.77,197.31,194.05,197.59,195.90,194.65,193.31,199.06,201.82,208.08,211.02,211.98,220.66,229.17,237.00,243.40,247.78,255.50,259.73,256.07,257.16,255.99,249.06,243.31,237.15,237.08,229.08,227.38,218.40,214.02,209.98,206.01,199.22,191.01,186.46,179.63,172.14,158.90,147.73,137.77,128.65,118.43,102.65,91.01
151.08,163.78,174.45,183.81,191.76,199.20,203.77,205.88,204.28,209.19,206.65,208.15,209.35,207.35,207.18,209.34,214.16,220.05,225.50,226.68,235.69,245.45,253.67,258.38,263.49,271.96,276.37,273.35,273.66,271.88,265.35,259.07,254.33,251.10,247.04,241.87,232.13,228.60,221.65,221.24,212.22,203.35,199.62,190.07,183.08,168.19,157.31,146.00,136.47,125.30,110.42,96.52
129.53,140.43,147.63,154.78,161.97,167.22,166.68,168.07,173.22,169.01,171.49,173.30,170.08,170.84,171.13,169.78,172.29,178.06,178.10,181.03,181.32,184.46,190.19,192.43,196.47,202.47,201.56,198.65,196.98,193.04,192.77,192.42,187.88,189.76,184.39,183.14,178.77,180.95,179.62,173.83,174.43,167.94,164.20,160.42,156.37,144.36,138.18,128.36,120.77,107.35,98.72,88.14
142.08,155.21,163.71,170.70,180.77,188.41,191.54,193.50,194.09,196.09,196.40,196.92,198.22,196.31,197.02,200.85,203.86,209.48,213.12,214.89,222.19,232.16,240.47,244.39,248.73,253.48,257.64,255.36,256.68,254.05,250.15,243.20,238.17,234.20,229.00,226.49,219.33,213.18,207.88,205.51,198.83,192.57,185.31,179.14,170.18,160.85,152.01,141.32,128.70,117.55,108.30,94.89
142.34,157.00,165.22,173.91,180.21,188.22,189.76,193.77,195.43,198.58,195.35,198.24,200.21,198.16,198.13,202.09,203.53,211.57,215.45,217.59,223.23,230.85,238.30,244.01,249.51,257.75,260.77,255.39,256.63,253.69,250.71,243.19,236.43,235.37,230.63,227.77,219.06,214.57,212.35,206.30,199.81,191.01,187.22,179.77,172.41,160.64,151.16,141.48,131.03,120.22,106.25,93.65
142.90,157.44,163.25,172.03,181.57,189.71,193.34,195.06,195.21,197.69,196.01,198.44,199.01,199.45,199.82,203.04,206.06,210.94,215.23,218.33,224.98,232.82,241.07,246.78,250.06,257.51,259.73,257.11,260.55,254.19,251.51,244.62,239.08,236.01,231.08,226.49,220.68,213.58,210.85,206.20,200.74,194.92,186.80,180.62,172.29,161.44,152.76,143.03,130.00,119.52,108.46,94.01
136.69,150.12,157.99,167.59,174.64,181.54,185.85,189.45,190.34,192.51,189.49,193.00,195.18,192.42,192.34,200.09,202.11,207.46,210.44,214.24,219.54,229.90,235.67,243.89,247.01,255.24,257.26,251.87,253.12,250.71,247.21,240.16,235.23,232.00,228.05,222.31,215.64,210.41,204.96,202.12,195.60,186.95,182.00,175.23,168.01,153.40,144.59,135.15,123.47,114.74,99.02,87.64
143.92,160.00,166.78,175.07,183.96,189.89,194.88,197.57,196.74,200.68,200.00,202.34,203.57,201.56,204.07,207.42,212.02,215.87,221.95,222.14,230.36,239.35,248.39,254.06,257.48,264.47,268.07,263.47,265.32,263.06,259.42,250.34,246.68,243.52,238.17,233.86,226.28,221.94,216.91,212.43,206.31,199.90,193.58,185.74,178.23,165.42,155.63,145.50,133.69,123.00,110.45,97.53
144.31,160.03,165.85,174.73,183.97,192.61,194.74,195.97,196.12,199.90,200.52,201.68,204.82,203.81,204.04,207.62,210.24,213.26,221.05,224.02,232.22,240.08,247.42,255.88,258.50,267.59,268.56,264.62,266.59,261.22,259.53,253.07,246.53,244.25,237.76,235.72,227.06,222.69,217.96,212.17,205.65,200.58,194.21,187.52,180.42,169.59,159.03,148.08,135.09,124.62,112.79,99.50
144.80,158.81,167.32,175.21,185.70,191.86,196.65,199.20,200.81,203.50,201.32,204.83,207.91,205.28,205.20,209.77,212.90,217.81,224.13,224.63,233.08,241.42,249.23,254.50,258.38,267.93,270.06,266.09,266.74,264.27,257.62,252.41,246.42,246.79,239.93,235.77,227.20,222.50,218.01,215.13,207.39,199.94,196.24,187.39,179.04,170.41,160.46,148.00,138.00,125.26,113.32,100.45
136.96,152.03,160.82,171.19,176.23,183.93,187.55,192.59,192.80,195.53,194.03,197.65,197.02,196.03,196.74,202.07,204.09,209.75,215.06,215.54,221.04,230.87,238.00,244.24,247.33,256.02,258.60,253.81,254.69,252.20,246.98,240.51,236.23,234.77,228.35,225.82,216.94,213.88,209.48,205.29,200.77,190.44,188.00,180.01,172.90,160.25,151.38,140.21,131.37,122.05,107.21,94.85
143.59,157.69,166.36,176.60,183.60,192.38,196.33,199.06,200.44,203.38,199.32,203.82,206.20,204.07,204.36,208.97,211.95,220.06,224.62,223.11,231.23,238.82,246.62,252.57,257.10,265.32,266.66,263.83,263.70,262.18,257.40,250.53,243.12,243.82,238.38,233.60,225.23,220.19,216.90,212.84,205.73,197.34,194.37,186.25,178.04,166.11,156.26,145.69,135.57,126.10,110.69,98.35
145.41,160.05,169.73,179.74,186.05,192.94,197.20,202.18,202.23,206.70,203.59,207.27,210.02,208.94,209.12,212.24,213.46,218.90,223.81,225.61,234.78,241.25,248.28,254.61,257.12,266.03,268.60,265.00,266.24,261.63,257.29,250.60,246.13,243.56,239.10,234.70,227.00,221.23,217.88,212.02,207.18,197.63,195.65,187.56,180.10,168.24,158.42,145.83,137.10,128.14,112.06,96.69
142.23,154.73,162.19,172.65,182.46,189.49,192.77,194.24,194.03,198.28,198.64,199.90,200.52,200.17,202.30,204.16,207.07,210.44,216.61,218.20,225.94,233.45,240.83,245.46,250.49,255.24,258.27,256.68,256.63,250.78,250.34,241.31,237.65,233.56,229.53,226.13,218.33,214.11,209.15,204.80,198.06,194.81,185.80,178.60,172.05,161.92,154.30,141.51,131.03,119.68,109.93,95.80
141.20,156.82,163.05,172.65,181.34,189.76,191.91,194.31,197.03,198.34,200.77,199.49,200.63,202.42,202.41,204.08,207.89,212.49,217.04,220.38,224.96,232.08,238.40,244.77,248.07,254.77,255.86,255.97,255.98,250.55,247.27,241.02,237.00,233.93,228.53,224.89,217.26,214.02,208.83,205.57,198.01,192.21,185.65,179.66,171.30,163.11,152.54,142.86,130.14,119.82,109.14,96.26
139.06,154.04,161.97,169.81,177.79,185.46,189.61,193.04,193.94,195.87,196.35,199.32,200.55,198.24,197.77,201.24,203.35,208.14,212.21,214.02,221.38,226.30,235.08,239.93,243.29,251.34,252.63,250.32,249.97,246.07,244.08,237.01,230.42,229.02,225.08,220.07,212.87,210.30,204.02,202.16,194.81,187.07,184.56,176.65,167.69,158.83,147.90,138.13,128.84,119.15,107.02,94.76
146.89,158.67,167.82,179.74,188.29,195.88,199.20,203.77,202.81,206.62,205.83,207.65,208.87,208.15,209.06,213.36,217.19,221.82,225.83,226.89,232.69,240.20,247.42,254.19,257.74,264.43,266.10,263.76,264.26,261.22,256.05,249.19,241.57,240.40,237.68,234.14,224.90,217.88,214.25,211.62,205.32,196.47,191.09,183.33,175.87,164.79,155.01,145.03,134.36,124.42,110.22,95.88
147.00,160.55,168.67,179.32,188.77,197.25,201.73,203.48,202.88,206.63,204.80,207.14,210.06,207.85,207.74,211.29,215.08,219.21,223.58,224.18,231.23,239.53,247.63,253.62,257.48,262.46,265.38,262.77,264.25,260.00,255.56,248.07,244.25,243.02,236.14,231.82,225.85,219.94,216.90,211.29,204.94,197.59,192.57,184.46,178.10,167.76,158.40,146.34,135.67,124.84,111.49,99.02
137.44,151.79,163.11,173.67,178.10,187.22,191.17,194.16,194.10,199.18,196.16,197.69,199.12,197.99,197.49,202.18,202.74,207.78,214.00,213.05,220.24,229.87,233.99,240.10,243.85,250.98,251.72,249.00,250.57,247.40,242.54,235.17,231.42,229.94,225.59,222.73,213.27,211.44,205.73,202.97,197.25,185.83,185.15,176.30,171.49,159.11,150.22,141.23,128.50,120.07,106.04,94.64
138.51,153.06,162.75,172.51,180.94,187.77,192.94,193.05,195.21,197.01,197.70,196.60,198.04,197.85,197.91,200.09,204.98,206.70,213.18,213.77,219.51,227.68,234.09,240.01,243.30,251.25,251.29,250.05,250.80,246.84,242.60,236.32,232.04,228.78,223.86,222.14,214.45,210.64,205.00,200.61,195.31,188.48,182.24,175.93,169.94,158.93,151.01,139.79,128.55,117.83,106.17,92.96
145.66,161.62,169.17,179.98,189.18,194.62,201.56,205.15,203.69,207.18,208.15,207.24,208.71,208.31,207.97,212.72,214.44,219.00,223.38,225.94,232.47,239.70,246.59,253.40,257.60,263.25,264.17,262.92,263.97,259.83,255.70,249.38,242.35,240.47,236.18,231.31,223.65,220.06,215.08,209.69,204.98,197.57,190.91,182.79,176.08,166.42,154.69,145.42,133.52,122.80,111.22,100.22
147.18,161.47,169.85,178.03,187.80,196.73,200.26,201.65,203.40,205.27,205.09,207.06,210.75,208.72,208.60,212.60,213.77,218.34,223.29,226.06,230.59,240.01,247.70,252.21,256.01,263.43,262.07,261.22,261.82,258.49,257.50,248.31,242.17,237.74,232.26,232.00,223.57,218.63,215.13,207.51,202.43,197.19,190.07,182.78,176.15,166.36,156.21,145.52,133.82,121.76,112.16,99.61
138.19,154.18,160.88,170.00,179.00,184.84,190.59,194.79,193.21,197.12,196.70,198.22,200.52,197.09,199.72,203.32,205.00,210.62,215.03,215.14,220.00,228.98,237.23,241.27,245.07,252.49,253.58,252.17,251.44,247.69,243.82,236.52,231.69,229.90,224.59,223.09,214.05,208.00,204.45,201.36,194.74,189.01,183.10,177.41,167.61,159.21,148.92,139.18,129.10,118.53,103.86,94.37
145.43,159.88,168.32,179.81,186.21,192.51,199.38,203.53,202.41,205.91,206.32,207.96,211.15,207.09,207.85,211.97,214.53,219.10,223.89,224.15,231.25,238.25,247.08,253.21,256.81,262.06,263.91,262.09,262.50,260.29,255.84,247.21,242.24,239.77,235.02,230.56,223.58,218.49,213.85,210.58,204.35,196.65,189.93,182.33,175.33,164.18,154.47,144.67,135.06,123.17,110.34,96.57
134.08,148.52,158.22,167.34,173.65,181.25,187.49,190.25,189.95,194.08,192.57,196.38,197.01,195.21,196.23,197.68,201.73,208.40,210.05,211.09,218.93,225.58,232.57,236.48,239.05,249.24,247.98,244.40,246.27,244.72,238.61,234.44,228.32,227.18,221.92,217.64,209.12,205.34,201.10,196.31,190.96,182.44,180.25,172.99,164.91,154.94,145.10,135.24,127.20,117.00,103.08,89.81
144.14,158.81,167.04,176.82,185.84,191.37,199.56,201.94,203.30,205.57,207.02,206.90,209.40,207.89,208.25,209.89,212.04,217.55,220.68,224.90,232.69,238.10,248.85,251.18,256.01,262.46,264.03,261.59,262.25,258.37,254.02,247.50,242.53,241.01,236.21,230.11,222.58,218.08,213.89,210.01,202.18,195.35,189.79,183.48,176.18,163.77,153.88,145.41,133.87,124.06,109.00,96.57
144.26,160.75,168.24,178.49,187.00,194.80,198.67,201.11,203.09,205.54,204.39,208.58,206.69,207.87,208.17,211.73,214.67,220.06,223.44,226.29,231.11,239.44,246.71,253.90,257.08,263.80,265.41,263.06,262.68,258.50,255.21,249.51,243.29,239.60,235.19,231.82,223.11,219.76,214.85,208.60,202.32,197.31,189.52,182.24,175.70,164.84,156.16,144.67,133.54,122.45,110.48,97.67
142.58,159.84,167.45,176.58,183.85,192.67,197.95,200.17,202.04,205.65,205.12,206.74,208.41,206.53,206.60,208.48,213.18,218.19,225.00,222.43,229.39,237.32,246.79,250.88,254.89,263.30,266.05,260.85,258.28,258.70,250.89,246.47,241.40,241.27,235.33,230.69,223.21,217.92,213.44,210.11,202.89,193.87,191.40,183.22,176.26,165.42,153.50,143.75,133.02,123.33,109.77,96.40
138.68,150.78,161.70,171.17,178.40,186.26,188.07,193.88,195.02,198.22,197.44,199.62,202.18,199.81,197.31,202.30,204.47,209.99,214.85,214.93,220.38,228.97,235.85,241.75,243.76,251.64,253.87,249.10,249.32,248.89,242.50,238.50,230.46,231.62,226.04,222.80,214.25,208.40,204.45,201.85,196.37,187.56,184.62,177.25,169.85,157.95,150.66,140.46,128.72,120.11,105.48,94.53
140.73,157.28,161.25,173.05,183.52,189.59,194.74,196.89,195.53,200.32,201.85,201.22,203.94,203.30,202.02,206.32,209.15,212.60,219.66,221.62,228.87,235.36,242.99,249.19,252.07,258.31,259.11,258.63,257.13,252.87,249.55,244.40,237.20,234.26,229.05,226.21,218.33,214.41,208.00,204.62,197.63,193.67,183.81,176.07,170.66,159.15,151.08,140.81,128.97,116.02,106.51,94.73
146.09,161.48,167.66,177.54,187.07,194.80,199.80,202.77,202.01,207.48,207.74,207.82,208.97,209.46,212.48,213.74,215.80,220.06,224.15,227.85,233.73,242.70,247.84,254.10,258.77,265.35,266.11,263.60,264.70,259.01,257.42,249.65,243.99,242.40,234.63,232.17,225.08,222.28,215.86,210.29,204.36,197.87,190.82,183.52,176.41,166.71,156.29,146.15,133.56,123.17,111.40,97.27
140.13,155.86,161.62,172.89,180.85,187.88,192.21,197.50,196.82,199.02,200.44,200.00,201.90,200.81,201.97,205.77,207.17,212.15,217.04,216.32,224.66,231.89,240.10,244.50,248.77,253.97,257.12,254.20,254.47,250.06,248.24,241.36,235.05,232.60,227.11,223.46,217.00,213.47,207.29,204.96,197.41,190.23,184.38,176.28,170.77,159.79,150.63,141.09,127.76,118.70,107.38,94.73
149.16,164.02,171.48,180.68,189.99,198.88,202.79,205.01,205.23,209.10,210.24,211.40,212.36,212.53,212.90,214.25,218.30,223.61,228.25,230.59,236.70,244.05,251.87,257.12,261.52,268.82,270.91,265.48,269.32,262.34,261.28,253.78,246.01,244.80,240.13,237.61,228.18,222.79,217.85,213.60,207.85,201.21,193.63,186.76,179.51,168.36,158.32,149.40,135.25,124.78,114.04,101.24
146.74,161.48,169.80,182.16,188.06,196.70,201.79,205.30,204.45,210.49,206.41,210.85,212.73,210.00,210.30,213.12,217.04,223.66,228.81,227.09,233.43,242.74,249.40,255.20,261.05,267.87,270.99,265.09,266.75,262.09,258.99,251.18,244.30,245.18,240.62,235.31,227.27,222.80,218.21,214.11,208.60,199.57,195.01,186.94,179.08,166.63,157.00,146.33,137.03,124.81,110.89,98.72
138.60,152.12,160.21,170.00,178.14,185.05,189.38,191.05,192.35,195.06,196.70,195.49,198.46,196.71,196.89,200.82,205.28,207.15,212.60,214.35,221.78,228.47,234.55,239.93,243.29,251.11,252.72,249.09,249.69,245.93,242.43,234.85,230.20,229.12,224.56,218.80,213.33,210.01,205.29,199.57,191.44,186.14,180.41,173.30,166.24,156.98,148.77,138.06,127.58,118.11,105.34,93.26
140.90,152.41,160.23,169.74,176.40,187.26,190.59,191.92,194.49,196.46,196.37,197.36,199.25,198.50,198.15,203.42,205.06,206.74,212.81,214.41,221.18,228.76,235.44,241.12,243.90,250.34,252.72,250.00,250.41,244.97,242.60,237.12,231.22,228.59,226.32,220.42,215.76,209.23,205.64,200.09,194.44,187.93,182.45,176.17,170.29,160.11,151.38,140.63,129.19,118.27,106.15,93.94
140.98,154.38,163.37,173.64,180.85,188.81,193.06,197.43,195.88,198.31,198.36,199.90,202.24,201.06,200.26,206.23,208.24,212.49,217.48,218.01,223.90,231.26,238.95,245.18,249.69,256.05,258.00,254.53,253.99,250.51,248.20,240.26,235.38,232.20,229.62,223.79,217.52,211.22,207.66,206.49,199.91,191.23,185.97,178.04,171.86,161.28,151.43,141.90,131.37,120.81,107.17,94.85
148.48,161.45,173.44,183.24,190.32,197.59,203.34,207.18,207.04,211.99,210.12,212.85,214.46,212.25,211.06,215.96,218.69,224.64,229.92,231.28,235.33,245.86,251.60,259.09,262.37,268.47,270.25,267.25,268.37,265.83,259.79,255.13,247.62,248.32,242.27,237.45,229.68,223.49,220.86,216.89,209.69,201.04,198.66,189.45,181.47,169.36,158.66,148.66,137.80,127.20,113.22,97.58
140.13,153.57,162.96,172.01,179.57,187.45,189.62,196.22,194.44,198.66,198.64,199.06,202.77,198.60,199.12,205.01,205.62,211.52,216.45,217.95,224.02,231.66,237.47,243.28,248.29,253.40,257.66,250.35,254.19,248.49,246.50,238.93,232.72,232.82,227.26,223.62,215.72,210.20,206.29,201.10,197.27,189.45,185.31,177.07,170.85,157.42,148.34,139.47,130.48,119.85,105.17,93.41
137.71,152.76,160.86,169.96,175.82,186.04,189.45,194.64,193.37,197.19,194.31,198.17,201.26,199.10,199.11,203.18,204.40,212.00,215.41,215.23,222.32,229.63,235.19,242.87,246.05,254.00,254.81,249.15,252.52,247.95,244.31,237.77,232.56,232.00,225.20,222.18,213.22,209.65,205.48,201.56,197.06,186.68,185.52,176.41,169.37,159.03,146.03,137.62,130.15,118.87,104.40,91.09
138.10,151.34,160.33,170.58,178.51,182.54,188.16,194.20,194.37,196.02,196.45,196.42,200.39,198.12,196.54,203.20,205.27,208.08,211.57,214.46,222.11,227.88,236.50,240.48,243.90,251.32,253.31,249.11,247.89,248.68,243.48,237.12,231.81,230.60,226.01,220.74,212.60,207.97,204.36,200.48,194.37,186.87,181.47,175.17,170.31,157.62,147.73,137.24,127.01,117.52,104.55,90.60
148.27,162.56,168.24,178.85,189.64,193.87,200.04,204.08,202.61,206.01,205.57,207.51,208.17,209.85,207.41,211.95,216.00,220.08,225.18,227.34,234.08,241.90,249.54,256.63,259.67,264.33,268.07,264.86,264.38,261.24,257.72,251.45,244.56,241.87,236.32,234.14,226.63,222.04,215.73,210.34,204.25,199.60,190.97,183.48,176.40,167.84,157.76,148.53,133.66,122.58,114.06,99.20
138.85,152.16,161.03,169.50,178.22,185.21,189.61,193.20,194.65,196.03,197.20,197.62,200.41,196.57,197.04,201.84,206.21,209.25,215.23,215.20,221.56,229.06,237.26,241.68,246.24,252.19,256.16,250.27,251.03,248.50,243.87,238.84,230.71,230.42,225.36,222.38,214.39,209.29,206.50,200.52,195.41,187.39,182.58,174.35,168.91,158.40,148.06,139.18,128.16,117.07,105.80,93.01
140.72,151.49,162.44,171.43,179.81,185.32,189.06,193.88,193.55,197.43,196.29,197.21,199.20,198.28,198.01,202.48,205.81,212.42,214.79,216.08,221.36,230.05,235.97,242.17,246.45,252.73,256.47,250.07,252.06,249.10,245.81,237.70,232.94,232.36,224.66,222.93,214.39,209.02,206.30,201.32,195.04,187.62,184.50,176.01,167.87,157.87,148.41,139.26,128.86,118.60,105.55,94.13
136.86,149.51,160.65,169.84,176.82,182.70,188.73,192.35,190.92,195.94,194.18,195.16,196.77,195.88,197.25,198.67,201.43,208.87,213.10,211.47,218.33,227.18,232.86,238.82,242.62,249.05,252.41,247.74,247.63,247.05,241.36,236.01,228.06,229.03,223.93,219.89,212.76,207.62,203.89,200.64,193.79,186.95,181.22,174.64,168.07,157.97,148.22,136.95,127.91,118.00,103.70,91.07
140.01,154.51,165.11,174.13,180.31,188.45,192.75,196.37,197.57,200.03,199.42,200.35,202.56,201.63,201.26,204.36,207.87,212.81,217.08,218.43,224.57,231.04,239.03,245.39,247.82,256.72,257.77,254.28,254.06,252.61,247.10,241.01,235.84,234.20,229.31,224.62,217.75,212.81,209.09,204.48,199.18,191.09,188.00,180.25,174.10,161.07,152.12,141.42,132.19,122.20,107.54,93.77
146.86,163.32,171.06,180.25,188.28,195.00,201.36,204.41,205.24,208.17,206.97,209.06,211.55,209.48,210.95,213.51,217.06,219.99,227.25,229.81,236.03,241.10,248.56,256.28,259.67,266.74,268.84,265.33,267.26,263.53,258.65,252.05,245.51,244.59,237.69,234.80,225.94,221.82,219.20,213.36,209.30,199.57,194.99,187.42,180.24,168.87,157.44,148.68,136.31,126.40,111.40,99.82
136.44,153.42,160.96,169.59,178.00,183.41,189.20,193.85,193.17,198.15,194.86,197.99,199.60,198.40,197.00,201.31,205.43,208.61,213.52,214.17,220.97,229.87,236.52,241.85,246.03,252.29,252.72,251.14,249.74,250.57,244.01,237.45,231.23,231.37,227.04,222.27,214.79,208.85,206.31,202.41,196.74,187.32,184.07,175.39,168.67,158.07,147.85,138.19,129.81,117.00,104.18,91.97
137.88,151.98,160.38,168.69,176.08,185.15,188.83,190.88,191.04,193.96,193.46,195.88,197.09,196.29,196.09,198.86,201.85,206.47,210.23,212.61,219.51,227.48,233.94,239.02,244.04,250.49,251.03,247.76,249.16,246.22,242.39,234.92,230.46,227.80,223.49,220.74,213.97,208.27,203.71,197.43,193.81,186.34,181.47,174.75,166.21,158.78,148.49,137.93,126.66,115.52,104.75,94.01
138.40,151.27,157.88,168.88,176.16,184.53,187.84,190.60,193.04,194.76,193.60,196.31,196.87,197.12,195.60,200.34,199.25,209.31,209.86,213.47,218.08,226.79,231.70,238.67,240.88,250.46,251.91,247.52,250.06,244.49,241.40,235.85,229.40,227.27,222.39,220.06,212.19,207.61,204.96,199.37,194.03,186.94,183.17,175.45,168.24,157.43,147.25,138.61,127.20,117.29,105.12,94.01
137.32,152.12,160.56,170.00,177.02,183.13,188.35,193.88,194.01,197.65,194.81,197.04,198.28,197.06,195.50,202.20,202.41,212.00,212.90,214.58,219.86,228.54,235.72,240.02,244.47,251.85,254.03,249.51,252.00,247.48,245.90,237.12,232.21,231.71,225.59,221.37,214.58,210.92,207.18,203.73,197.80,187.77,185.54,178.40,169.81,161.25,148.56,139.30,129.87,121.00,103.87,94.79
144.59,158.60,167.39,177.23,186.70,192.61,198.98,203.25,203.30,206.70,202.94,205.91,207.76,205.66,206.32,209.60,213.90,219.78,224.27,223.44,230.52,239.07,247.39,253.20,256.14,262.41,265.77,262.39,262.07,261.18,256.73,249.71,242.67,241.11,236.21,232.03,225.20,219.06,216.01,212.45,206.47,197.97,194.01,187.26,179.20,166.64,156.82,146.70,135.83,126.09,110.07,97.99
146.97,160.85,170.29,181.01,189.17,195.09,203.03,204.20,204.83,207.78,208.95,209.33,210.75,209.25,210.58,213.27,217.33,220.99,226.68,227.38,234.39,241.03,250.68,256.26,260.92,266.19,271.03,265.84,266.43,264.46,258.49,252.61,248.65,245.96,241.13,235.44,227.34,223.14,218.84,214.48,208.34,199.08,194.66,187.68,180.97,169.09,157.15,149.05,137.91,126.61,113.53,99.13
142.68,159.00,166.09,174.77,183.38,190.88,195.37,198.03,200.01,202.63,203.04,202.89,207.14,206.09,207.18,210.54,210.92,216.92,221.47,225.62,232.28,240.39,247.52,252.16,257.93,264.33,266.60,264.46,264.89,259.31,256.91,249.06,244.24,239.63,234.01,231.19,223.81,219.92,214.72,208.66,203.00,197.25,190.06,182.52,174.90,163.23,154.78,145.10,131.13,120.51,110.02,97.10
138.00,149.68,157.01,169.00,178.46,184.57,189.48,191.00,192.26,193.35,193.83,195.13,198.21,198.12,199.60,201.02,202.43,207.58,212.90,213.97,221.05,229.03,235.48,242.00,244.52,251.70,253.18,252.01,251.35,247.88,246.59,239.58,234.00,230.53,224.62,220.77,214.44,210.26,206.61,200.86,195.26,190.32,180.89,174.45,167.94,156.95,149.84,139.28,127.42,116.48,105.00,93.11
140.43,154.33,161.07,169.53,180.23,185.78,189.99,192.59,193.02,195.44,196.12,198.22,198.74,196.74,199.26,203.07,205.08,208.39,213.93,215.23,224.24,232.08,237.32,245.28,247.70,251.96,254.53,254.20,254.44,250.01,247.63,239.63,233.08,231.16,225.64,222.62,215.67,211.02,208.43,202.85,195.42,190.72,184.13,175.91,170.18,161.01,151.61,140.29,129.40,118.85,107.06,96.04
138.68,154.29,160.45,170.21,176.21,186.14,188.69,190.54,191.94,196.09,194.54,197.01,198.76,196.02,197.39,200.00,203.05,208.19,212.82,214.67,220.08,228.35,235.13,241.96,245.84,251.81,254.71,248.93,252.36,248.20,245.25,237.93,232.48,232.03,225.60,222.39,215.23,208.59,206.83,201.06,196.47,188.96,184.18,177.37,170.08,159.20,148.31,140.42,128.47,119.05,104.56,92.91
132.38,146.44,154.26,164.45,170.85,178.10,182.57,185.92,185.53,191.13,188.22,193.22,194.24,190.65,192.63,194.06,198.00,204.12,208.56,207.15,216.76,222.18,232.01,237.03,239.89,247.98,249.24,246.91,245.82,244.38,238.58,233.08,226.81,225.30,221.58,218.68,209.42,205.10,199.70,197.95,190.52,182.36,179.29,172.28,164.56,152.51,143.40,132.08,124.34,113.60,101.87,88.41
147.18,161.72,168.91,179.00,188.79,195.60,199.83,202.25,203.05,205.35,206.55,207.23,208.73,207.47,209.66,211.29,215.23,218.83,223.89,225.57,230.64,240.13,247.50,255.19,259.76,266.09,268.83,265.24,266.00,261.84,260.32,252.41,245.90,242.74,238.14,235.42,226.37,223.65,219.32,214.03,207.16,202.12,194.16,186.39,179.62,168.24,158.24,149.21,135.60,124.62,115.21,97.58
146.26,159.36,167.69,179.28,183.52,192.21,198.50,200.44,200.26,205.00,203.97,206.23,207.42,205.20,205.97,210.30,212.85,217.79,222.78,225.16,231.48,240.03,248.21,251.45,255.98,263.59,266.91,262.39,263.83,259.62,254.42,251.03,244.38,241.21,236.70,231.23,224.06,217.82,217.08,210.02,206.52,196.70,191.21,185.95,178.44,165.15,156.05,143.41,135.43,124.28,111.13,97.33
138.93,152.76,157.81,166.68,178.53,186.95,190.06,192.23,193.26,194.12,195.87,195.35,198.46,197.44,197.80,199.97,202.79,208.06,211.52,213.86,221.42,227.77,236.33,242.50,244.39,250.88,251.10,251.29,252.45,247.25,245.52,239.20,235.10,230.34,226.50,224.15,216.54,209.88,206.71,203.22,195.54,191.04,184.46,176.05,171.35,161.05,151.82,142.52,129.99,118.30,109.04,95.46
143.17,158.70,164.47,174.73,185.24,193.41,196.29,197.70,201.21,201.70,202.48,203.20,203.77,203.04,204.73,209.03,214.15,215.67,221.96,224.09,231.25,240.07,247.01,253.88,256.26,263.21,264.76,264.49,264.89,261.26,256.68,250.05,243.99,239.65,235.05,231.66,225.58,220.04,214.11,207.69,202.56,198.60,190.19,182.07,175.84,162.98,155.29,144.31,133.00,121.26,109.77,96.46
137.00,151.21,159.84,168.91,178.00,184.62,187.77,189.64,192.13,194.94,193.26,194.47,197.43,195.82,197.52,198.04,201.38,207.02,211.69,214.24,221.33,229.67,234.18,241.30,245.33,251.02,252.41,250.23,250.51,245.52,245.20,237.54,234.14,228.84,224.96,221.47,215.76,211.10,206.77,200.44,195.23,190.51,184.23,175.48,170.21,160.86,151.86,140.29,129.38,118.85,106.48,93.90
143.84,159.01,163.62,174.26,183.76,189.34,196.54,197.50,196.46,201.19,200.26,201.26,202.41,203.48,203.65,207.46,209.12,214.24,220.05,221.44,226.88,232.88,240.63,246.11,251.68,255.52,261.63,258.79,260.62,255.22,252.05,244.68,239.87,237.26,233.70,231.01,223.81,217.83,212.34,208.10,202.37,195.58,190.00,182.89,174.87,166.19,155.93,144.00,132.97,121.75,110.02,98.18
142.17,155.82,165.12,174.23,183.10,190.21,194.10,196.54,196.57,200.56,198.44,201.44,203.20,201.01,201.48,205.53,208.63,213.18,219.83,220.41,224.96,231.08,240.35,244.91,250.71,255.42,257.19,259.00,259.37,255.69,249.78,244.46,239.01,237.00,233.00,231.04,222.58,215.56,212.47,209.35,202.32,194.16,189.86,180.69,174.41,164.20,152.64,142.86,131.52,122.58,108.30,94.56
139.95,154.20,158.37,170.51,176.73,184.89,188.99,191.32,192.13,196.23,194.26,196.02,198.04,196.70,196.57,203.08,202.97,209.25,211.95,215.11,221.01,229.68,236.18,243.58,246.84,253.00,255.55,252.83,254.10,249.20,246.79,239.29,234.72,232.26,226.92,224.80,216.95,213.47,210.39,203.04,197.04,191.04,186.32,179.08,171.68,163.72,151.95,139.83,129.50,120.51,109.73,95.05
144.68,160.38,167.26,177.54,187.32,192.57,198.96,202.32,202.53,205.00,203.75,205.83,208.20,206.94,207.06,209.12,213.46,220.49,224.88,226.38,231.04,239.57,247.07,255.52,257.16,265.19,268.21,263.32,264.95,262.61,257.10,252.86,245.62,244.59,238.76,236.32,228.04,222.30,217.37,214.11,209.04,199.69,194.92,188.28,180.04,168.75,157.95,148.00,135.82,126.67,112.71,101.91
145.06,159.67,166.64,179.72,183.99,191.56,198.22,202.25,201.48,205.37,203.42,204.94,209.75,205.77,205.24,210.49,212.60,218.44,223.79,226.63,232.13,240.01,247.00,251.75,257.08,264.66,267.65,263.10,264.49,262.55,258.60,250.02,246.55,245.38,239.40,235.54,228.21,222.33,219.06,212.45,208.47,198.34,195.02,187.88,179.47,167.61,156.70,147.35,136.40,127.35,110.02,99.05
139.09,153.05,162.52,169.71,177.00,184.29,187.84,191.84,191.80,197.27,194.03,197.50,197.02,196.02,196.46,198.92,202.06,208.93,212.53,212.51,220.05,227.86,235.68,240.48,246.13,252.41,255.79,253.06,252.62,251.03,247.81,240.67,234.39,232.86,230.43,224.70,216.93,213.18,208.15,204.30,199.49,191.63,186.13,180.01,172.96,160.65,151.11,141.15,134.11,123.22,107.49,94.54
137.99,153.08,160.33,169.00,175.33,182.10,188.30,190.37,189.21,192.68,191.16,194.08,197.72,195.00,195.17,197.85,200.56,205.23,211.21,212.08,219.06,226.61,234.16,239.62,243.21,249.58,253.02,251.44,252.62,248.23,244.17,238.25,233.44,229.82,227.24,224.76,214.84,210.22,205.06,202.27,196.39,190.00,184.05,178.68,171.01,160.00,150.28,141.82,131.03,119.85,107.28,94.34
138.59,152.61,161.70,169.29,176.71,183.86,187.13,190.65,191.46,194.20,193.21,193.69,198.29,196.02,194.76,199.46,199.61,207.61,209.47,212.05,218.77,227.24,234.72,240.20,245.02,252.52,256.16,250.91,252.44,248.16,244.25,238.61,233.98,232.08,227.42,223.09,216.23,210.05,208.57,203.21,199.75,190.28,185.56,179.75,172.24,160.61,150.69,141.09,132.97,121.38,108.05,94.73
147.20,160.56,169.19,178.27,188.81,193.02,199.25,201.31,200.66,204.02,205.29,204.44,205.83,207.18,205.73,210.26,212.12,218.63,221.78,223.44,231.10,239.42,249.20,253.39,258.31,264.09,268.17,266.36,265.73,261.62,261.69,252.68,245.36,242.87,239.06,234.92,228.08,224.24,219.40,213.01,208.15,202.81,196.01,187.02,180.61,170.85,159.81,150.62,139.01,126.63,114.87,103.16
137.59,152.74,159.88,168.63,178.10,183.24,188.27,189.62,192.28,192.90,194.06,194.28,197.09,195.17,194.74,198.92,201.00,205.77,210.26,212.15,220.71,227.04,236.01,238.08,242.77,251.78,253.95,251.64,251.60,247.61,244.62,238.21,234.79,232.09,227.92,223.14,215.39,209.07,206.40,202.00,196.42,191.04,184.48,177.79,172.41,162.01,153.21,140.46,130.74,120.35,107.94,95.80
147.09,162.93,170.55,179.90,188.73,194.83,200.18,203.81,204.27,206.52,205.20,208.78,209.20,208.06,207.95,212.46,214.00,221.20,225.84,225.09,233.86,241.85,250.34,256.22,261.20,269.41,270.07,267.42,267.71,265.75,262.49,255.80,249.19,246.59,242.71,238.00,230.84,225.20,221.47,217.44,210.39,204.12,197.85,191.38,182.18,171.84,161.07,151.54,138.44,127.61,115.80,102.63
133.99,148.86,157.33,166.40,172.53,180.28,184.61,188.92,188.62,192.20,190.21,192.72,194.49,193.60,194.20,197.12,200.68,208.02,210.85,210.79,218.96,228.82,233.48,238.54,243.07,251.53,252.80,248.58,251.00,248.57,243.94,236.30,231.70,231.62,225.75,221.07,214.40,209.48,206.66,200.89,196.16,187.01,185.16,176.48,169.94,158.93,148.05,139.29,128.88,119.64,105.48,93.23
135.77,146.78,154.05,163.48,173.36,180.27,182.89,186.46,187.86,189.17,191.04,189.76,192.61,192.28,194.16,196.12,199.88,204.17,207.94,209.57,218.68,225.06,231.95,237.47,242.84,247.78,250.42,247.82,248.68,245.10,241.51,235.71,231.66,227.98,223.16,219.22,212.43,208.17,204.75,198.83,192.20,187.18,180.07,173.61,168.37,157.33,149.25,139.52,125.36,115.12,105.99,94.20
145.17,159.62,168.05,175.64,186.43,192.00,196.42,198.16,199.20,201.11,203.03,203.71,204.71,204.41,204.02,206.63,210.35,215.08,218.83,222.00,229.37,236.03,244.81,250.46,255.31,262.07,263.25,262.19,262.62,259.98,256.91,249.24,245.00,241.09,237.17,234.62,225.82,220.18,215.52,212.19,204.80,199.86,194.02,185.33,179.77,167.29,160.46,149.38,137.80,125.42,113.14,100.50
139.46,158.68,164.30,174.61,179.54,185.08,191.02,193.38,192.57,196.37,195.43,201.23,202.87,202.23,200.56,205.91,208.66,215.37,219.97,220.63,227.37,236.21,243.84,249.90,254.31,262.09,263.60,259.67,260.74,258.87,254.23,248.13,241.81,242.04,236.36,230.65,223.47,217.28,212.47,210.01,203.69,196.36,190.97,184.26,175.65,164.35,152.75,141.74,134.01,124.23,106.79,94.54
137.12,150.42,159.81,168.68,176.34,182.99,184.66,185.59,187.27,191.98,191.70,191.67,194.24,193.50,194.03,196.76,200.30,205.12,208.91,212.61,217.89,224.96,231.54,237.92,241.81,248.45,251.00,248.52,250.19,244.97,243.25,237.15,232.26,228.71,224.50,221.49,213.10,210.01,204.88,200.82,193.93,190.00,181.47,175.33,169.78,159.54,150.15,140.94,128.41,117.48,107.62,94.40
143.12,155.91,163.42,173.77,183.37,188.04,192.04,194.09,196.08,198.88,199.54,198.43,200.82,201.78,201.94,205.23,206.83,211.44,215.59,219.17,227.71,233.75,242.62,247.29,251.23,258.09,259.24,257.39,258.63,254.56,252.63,245.60,241.87,235.76,232.46,228.78,223.04,216.81,212.81,208.27,203.04,197.23,189.59,181.28,175.85,165.28,156.20,147.03,134.17,122.19,111.36,97.74
148.31,165.15,172.54,182.12,191.05,198.18,201.25,204.42,204.71,209.30,208.90,209.04,211.03,209.82,210.54,215.00,216.27,221.22,225.14,229.71,235.93,245.00,252.24,257.96,262.49,270.20,270.90,269.67,270.38,266.18,264.52,256.63,251.98,247.32,243.20,240.25,231.82,227.07,224.21,217.88,212.95,207.15,198.28,189.99,183.86,174.39,164.75,153.88,140.04,128.86,117.52,104.55
148.33,163.38,171.09,181.00,189.41,196.76,201.26,203.38,204.29,207.53,206.94,209.06,211.02,208.06,210.74,213.01,215.75,222.99,224.70,228.18,233.73,243.07,252.20,258.50,261.46,268.00,272.81,268.42,269.62,266.66,263.71,255.99,249.66,247.32,242.84,239.53,231.37,225.66,223.22,217.33,211.07,206.39,199.44,189.76,183.07,172.90,163.69,151.56,139.84,129.47,115.87,102.12
135.60,150.14,157.00,167.39,176.40,181.89,185.22,188.62,188.90,193.31,192.26,194.20,195.42,194.62,196.09,200.10,202.87,207.51,211.69,214.76,219.00,227.88,235.00,242.91,244.25,253.02,254.65,251.31,253.66,246.45,245.25,237.81,232.86,230.26,223.44,222.41,215.08,209.69,206.02,201.00,195.14,190.19,181.57,174.38,168.19,159.62,148.41,138.08,126.59,116.11,106.02,92.42
139.22,153.40,159.67,169.50,179.07,185.57,189.18,190.76,189.64,194.65,193.04,194.65,195.03,196.25,196.06,200.02,203.22,207.97,212.79,213.40,220.23,226.26,233.56,240.19,244.61,252.17,254.40,252.72,252.64,248.93,246.61,238.38,234.08,231.22,227.09,224.47,214.61,212.66,208.24,203.75,198.11,192.31,186.25,178.63,171.99,163.67,152.74,144.09,129.47,120.93,109.66,97.05
148.48,162.83,172.43,181.84,189.02,198.92,201.46,204.08,204.53,208.17,205.63,208.40,210.85,209.97,210.11,213.19,218.13,222.52,227.80,227.15,234.34,243.50,251.29,258.23,262.18,269.71,274.02,270.05,270.41,268.76,263.25,256.82,250.46,248.65,243.74,238.25,232.74,227.43,222.80,217.35,212.30,205.29,197.44,192.02,184.05,174.20,163.49,152.00,141.04,129.20,116.62,102.18
140.66,152.90,160.64,170.56,179.66,188.28,189.08,191.13,191.70,194.08,194.55,197.67,197.00,196.76,196.79,200.41,205.12,208.86,211.99,215.15,220.74,229.24,236.60,242.94,247.42,253.20,256.07,253.16,255.97,250.05,248.49,241.10,236.41,234.29,227.98,226.11,218.59,212.73,209.57,204.44,197.80,194.43,187.07,179.20,171.76,163.13,153.05,143.13,131.91,120.25,110.79,96.88
134.95,149.25,156.72,168.07,173.77,181.11,183.81,189.32,190.54,194.08,192.26,193.76,196.35,195.26,194.37,199.42,200.68,209.15,212.57,215.20,221.38,228.18,234.89,241.85,244.57,252.00,253.21,249.42,252.88,247.91,245.29,239.38,232.26,232.69,224.22,223.08,214.83,210.20,207.48,201.12,197.02,187.77,184.36,176.24,168.67,158.40,146.74,136.82,128.50,119.02,103.81,90.43
135.42,150.62,156.92,165.00,175.31,182.52,185.59,188.47,189.40,191.85,192.92,193.62,196.79,194.10,195.21,199.11,204.00,209.12,214.73,212.85,220.99,227.07,237.12,241.75,245.39,253.18,253.66,250.60,252.30,249.02,245.25,239.30,231.14,231.35,225.00,223.06,214.54,211.63,207.46,201.53,196.21,190.00,183.53,174.77,167.36,160.02,149.20,138.22,129.39,118.07,104.64,91.76
138.96,153.50,159.81,170.63,177.79,183.83,186.89,191.32,190.31,195.23,194.24,194.66,195.53,194.99,196.24,201.08,201.46,206.16,209.80,214.37,220.05,226.37,235.00,240.52,244.12,252.13,254.83,251.45,252.38,248.79,245.20,239.41,234.54,231.53,227.85,223.62,216.23,211.29,208.87,204.45,197.85,191.61,185.56,178.47,171.84,162.93,150.44,143.21,132.20,120.33,108.66,95.29
138.57,151.33,160.33,166.72,177.63,182.85,187.04,190.42,188.66,193.69,191.39,193.50,195.56,195.53,196.40,198.15,200.96,205.65,212.25,213.66,218.82,227.11,234.55,241.30,245.46,251.86,252.41,251.80,252.12,248.89,245.51,239.84,234.80,231.23,227.55,225.53,215.68,210.47,207.40,204.66,198.07,191.86,185.13,177.63,172.18,161.53,151.60,142.21,131.03,121.21,109.42,96.13
137.82,150.76,158.62,167.16,175.23,181.20,184.23,187.41,187.30,191.59,191.04,193.04,195.58,193.20,192.34,198.04,200.12,204.38,209.34,211.01,215.54,224.80,232.11,237.15,242.03,248.85,252.01,247.88,249.24,245.54,243.59,235.59,230.63,229.03,225.61,221.62,214.72,210.34,205.76,202.61,197.39,188.66,184.57,176.07,170.19,160.21,150.57,140.03,129.69,120.74,108.78,95.35
137.00,150.88,157.50,167.05,174.77,180.47,187.72,188.92,187.00,192.94,190.55,193.75,194.10,192.05,193.02,195.90,200.84,205.29,209.88,209.66,215.93,224.56,231.46,237.12,242.33,247.63,251.24,248.65,249.47,247.26,244.52,237.26,230.20,230.21,225.40,221.46,214.72,208.70,204.71,203.01,195.82,190.51,184.30,177.37,169.10,160.18,151.46,140.68,130.42,119.47,108.04,95.08
137.80,150.08,158.76,167.36,175.19,182.54,187.04,190.18,190.28,193.83,194.31,195.78,196.09,194.66,194.81,198.83,200.90,204.39,209.75,211.44,217.81,225.54,233.57,238.42,243.82,249.16,253.39,248.70,252.34,247.59,243.82,239.85,232.11,231.23,225.84,223.30,215.34,211.85,208.47,202.61,197.04,190.06,185.69,176.82,170.66,161.04,151.60,142.87,130.39,119.36,105.95,95.71
133.70,148.22,153.84,163.78,173.95,180.02,183.10,185.06,184.95,187.42,188.96,188.96,192.94,192.09,191.17,194.80,198.34,203.66,206.49,210.05,216.94,224.24,230.01,235.93,239.92,247.16,248.78,248.08,246.07,243.19,239.40,233.40,229.08,226.65,221.88,218.65,210.68,208.15,203.16,198.67,191.82,186.60,179.14,172.53,167.17,157.00,146.76,138.13,125.92,114.76,104.35,92.42
137.01,150.94,160.46,166.72,175.87,184.20,187.52,191.00,190.31,193.60,190.44,194.31,195.78,194.36,195.16,198.46,201.31,206.09,210.61,211.08,216.52,225.23,234.23,239.00,243.94,250.28,254.33,249.82,252.30,246.95,245.54,236.24,232.82,229.96,226.34,223.91,215.23,212.23,207.80,202.27,197.65,191.09,184.38,177.61,170.88,160.70,151.61,140.01,130.78,121.04,107.15,95.46
142.28,156.52,162.79,174.55,182.07,189.84,192.52,194.88,195.50,198.29,198.60,199.53,201.19,201.53,200.16,205.76,207.06,211.85,215.80,218.22,225.57,232.72,240.98,247.84,251.29,259.31,260.38,258.80,259.62,255.52,254.39,246.55,243.35,238.21,233.12,230.03,223.59,218.84,213.69,208.39,203.42,197.69,190.18,181.73,176.20,167.04,159.01,147.32,135.19,123.07,113.30,98.41
140.07,154.55,161.40,169.81,179.04,182.78,189.61,192.77,191.16,195.47,195.78,196.31,198.40,195.26,196.15,201.20,205.93,207.68,213.59,213.60,221.10,230.10,237.32,244.02,247.75,253.15,255.33,253.95,254.33,251.79,246.71,241.21,235.99,234.00,229.86,227.92,217.86,214.04,209.80,205.29,199.45,193.71,187.30,180.62,173.46,162.81,154.54,143.17,133.54,121.08,110.06,95.04
141.90,155.24,162.73,172.31,181.00,186.51,190.08,193.79,193.88,196.21,197.88,198.16,198.50,198.50,199.92,203.00,206.02,208.90,214.77,217.61,223.61,231.14,238.01,243.61,248.24,255.34,257.80,257.15,257.38,253.44,249.87,244.72,238.12,234.69,232.30,228.76,220.52,217.87,211.54,207.76,201.81,197.23,189.76,182.20,173.69,165.95,155.42,145.73,134.24,122.59,111.83,99.30
144.50,157.84,167.20,175.15,185.97,192.42,196.66,199.00,199.54,201.60,200.55,203.44,204.09,203.35,203.40,208.40,211.62,217.15,222.25,222.81,229.54,239.31,245.73,253.80,256.84,264.80,265.84,263.61,264.49,261.66,257.13,250.89,245.49,244.68,237.43,234.39,226.64,223.18,218.63,214.15,207.45,200.85,194.73,187.98,180.35,170.29,160.01,149.27,136.85,124.65,113.23,101.12
135.67,146.71,159.14,166.39,174.75,180.28,184.74,188.83,189.59,190.52,187.67,192.40,194.26,190.92,192.77,195.92,199.90,206.55,208.58,211.34,217.11,224.54,231.92,238.03,241.70,250.24,252.18,247.88,249.23,247.73,243.26,236.84,230.71,230.87,223.86,221.43,213.65,209.15,206.09,202.77,196.60,188.92,185.07,177.55,171.28,158.62,150.08,139.46,131.05,120.77,106.12,94.54
133.82,148.93,154.03,165.68,171.47,178.27,182.48,186.46,185.69,190.39,188.82,191.85,194.12,191.21,192.50,196.85,199.90,205.30,209.98,210.29,217.31,224.86,232.65,239.28,242.83,249.42,253.31,247.63,247.10,246.98,241.60,236.03,229.59,228.71,223.65,219.91,212.44,206.34,203.93,199.02,195.21,184.72,182.16,174.60,167.07,156.73,146.00,136.36,127.56,117.17,102.18,90.48
134.81,148.19,158.45,165.86,173.98,180.60,185.61,189.24,189.64,193.15,191.46,192.72,194.49,192.60,192.44,198.30,202.60,205.46,210.79,209.99,217.08,225.47,233.35,238.77,243.26,250.16,253.51,247.88,252.12,248.94,243.31,238.03,231.09,231.04,225.06,222.31,215.87,209.90,206.70,201.36,198.15,188.68,186.17,177.54,171.24,159.76,150.08,138.75,130.65,120.77,106.96,91.71
144.59,159.40,167.11,178.19,185.72,193.49,196.89,201.85,199.62,205.06,203.16,205.85,208.01,204.55,205.43,210.02,212.46,219.32,223.49,225.50,231.37,241.05,249.15,254.03,259.94,266.05,268.15,265.23,266.41,264.87,259.33,252.64,247.36,246.22,242.67,235.58,227.02,223.37,219.13,215.75,209.97,200.44,196.33,187.39,182.44,170.16,160.29,148.12,136.78,125.94,112.00,99.96
136.52,152.54,156.82,168.57,176.95,183.36,185.54,189.72,188.37,193.21,192.63,192.77,195.48,195.36,195.58,198.88,200.90,206.02,210.85,214.23,218.75,227.86,233.48,240.34,245.62,251.51,253.87,251.92,252.83,248.60,245.02,237.93,234.14,231.72,225.20,223.18,215.87,214.29,208.69,202.56,196.99,191.04,185.05,178.63,172.10,161.79,151.86,142.52,129.07,117.18,108.00,94.92
142.84,158.03,166.68,175.51,184.62,191.60,197.12,199.75,199.11,203.39,200.57,202.65,205.87,203.68,203.80,208.48,211.63,219.00,222.85,222.65,229.10,240.21,245.90,251.07,255.21,265.00,268.13,262.62,264.46,262.61,258.12,250.89,244.86,247.23,238.81,236.14,228.65,223.49,217.12,214.16,207.80,201.34,197.09,188.81,181.62,170.74,160.33,150.40,137.77,126.66,113.36,101.64
140.13,151.33,156.95,168.24,175.31,179.81,184.59,188.49,187.86,192.08,191.88,193.26,195.07,194.52,196.60,198.93,200.10,205.77,211.52,213.59,221.10,229.92,235.37,242.33,244.97,251.80,253.71,252.16,252.79,250.06,248.20,239.01,235.33,232.02,226.74,224.85,216.18,211.29,206.83,203.00,196.11,192.42,184.14,175.82,169.53,160.05,150.79,140.01,127.95,118.11,107.35,93.41
134.83,147.23,155.50,164.45,170.67,176.92,183.97,186.81,188.32,190.09,189.28,191.65,194.45,190.91,190.59,194.74,197.85,202.95,210.20,207.88,215.36,222.68,232.17,238.21,239.13,247.01,249.70,245.78,246.01,245.73,239.61,234.40,230.03,228.06,223.90,219.61,212.26,207.01,203.08,200.85,193.89,187.32,183.45,176.20,169.07,156.16,148.33,137.64,127.91,117.21,103.73,91.93
136.18,148.71,156.16,165.92,173.95,179.36,184.55,189.04,188.44,192.72,190.68,193.83,193.37,191.32,193.28,196.60,201.41,206.19,210.86,209.75,217.51,225.89,233.60,238.47,241.13,250.57,253.27,248.31,247.55,246.83,241.70,236.95,232.26,229.51,226.38,221.73,214.89,209.72,205.88,203.18,196.46,188.53,184.49,178.36,170.02,159.00,149.58,137.64,129.62,119.92,104.24,91.79
136.88,149.05,157.31,167.71,175.23,183.33,187.46,188.56,190.52,192.72,192.04,195.06,194.83,195.16,194.64,198.66,202.74,206.73,211.29,213.95,219.21,227.02,234.55,238.46,243.84,251.67,254.02,249.56,251.75,249.20,244.90,239.64,235.05,231.81,227.06,223.08,216.84,211.36,206.81,202.23,197.74,190.23,185.35,178.28,171.33,161.76,153.12,142.35,130.91,120.49,108.90,94.34
141.91,155.72,165.71,174.00,182.78,189.51,195.66,198.37,199.02,202.77,201.65,203.42,205.57,202.94,204.47,208.84,212.15,216.54,220.68,221.88,230.26,238.14,245.23,251.85,256.19,261.32,267.23,262.25,262.67,263.39,255.91,251.31,243.48,242.84,238.95,233.62,226.38,220.58,217.44,214.25,207.20,199.38,194.61,187.83,180.55,166.03,156.78,146.39,136.49,125.10,111.36,97.62
144.31,160.03,166.97,178.09,186.51,194.65,199.32,201.11,202.36,204.27,204.17,203.84,205.77,206.87,207.69,212.44,212.87,218.36,223.44,225.38,232.25,242.20,247.62,255.33,259.35,264.87,267.62,268.46,265.35,262.35,259.11,250.91,246.79,243.74,239.72,234.79,228.12,221.94,220.12,214.39,208.97,202.99,195.00,187.77,181.82,170.29,160.15,152.04,136.31,126.02,114.63,101.91
135.59,150.60,159.00,166.54,175.14,182.48,186.45,189.76,190.25,193.87,191.66,194.55,194.37,194.58,195.82,199.73,200.89,207.74,212.13,211.26,218.65,226.21,233.85,240.10,243.77,251.88,254.68,251.29,251.07,249.84,242.26,237.26,233.93,233.28,226.74,223.49,214.29,209.67,206.97,203.54,198.20,189.00,185.30,178.40,172.81,160.65,150.47,141.99,130.70,120.00,107.20,94.05
136.42,150.75,159.59,167.80,174.81,182.78,189.10,190.90,190.22,193.30,192.11,195.02,195.33,195.00,195.21,198.04,203.69,208.96,212.58,212.62,218.82,228.53,235.37,241.21,245.20,251.79,256.91,251.37,253.03,249.83,245.35,239.21,233.43,233.26,227.34,224.08,216.42,212.33,208.24,205.00,198.49,189.99,185.91,180.75,171.42,161.47,151.38,140.89,131.75,120.30,107.07,94.63
143.28,158.27,167.82,177.25,185.28,191.37,197.04,200.45,200.57,203.68,203.30,204.27,206.24,205.08,204.73,209.01,214.72,217.04,222.05,224.01,229.26,239.53,247.00,253.06,256.13,264.21,268.00,264.92,264.08,262.32,256.89,250.05,244.98,244.09,240.68,236.18,226.02,222.90,218.58,214.62,208.40,199.84,195.53,187.11,180.65,168.72,159.00,147.41,136.89,125.40,113.23,100.18
138.42,153.39,158.68,168.58,178.04,186.30,189.08,192.21,192.61,195.13,195.04,196.51,197.72,196.66,197.95,201.16,203.42,209.12,212.17,216.21,220.99,231.46,236.58,243.82,248.45,252.93,255.70,253.81,255.33,249.58,248.91,241.54,234.75,233.44,227.02,226.37,218.08,214.41,210.23,204.47,198.49,192.90,186.30,180.16,173.30,162.96,153.57,144.67,132.14,119.85,109.48,97.74
136.09,148.06,157.75,166.38,175.73,179.80,186.03,188.77,187.76,191.76,190.91,192.94,194.58,193.19,195.06,197.31,199.60,204.78,209.95,212.08,219.67,227.68,234.05,240.52,243.79,249.72,253.87,250.57,250.43,247.81,245.31,237.90,233.31,230.59,225.94,222.52,214.98,210.87,206.87,201.56,196.43,190.67,183.67,177.41,170.06,160.64,150.66,139.85,131.00,119.23,106.10,94.34
141.23,156.73,164.98,176.71,182.45,190.19,193.06,198.81,198.60,204.28,201.06,205.08,206.09,204.63,203.48,207.88,210.37,218.01,220.06,222.61,230.56,238.87,246.01,252.45,256.52,265.41,266.74,262.24,264.02,260.27,257.05,251.54,245.35,243.48,236.43,233.57,226.12,221.33,217.35,211.00,207.51,198.24,194.74,186.63,180.47,169.19,157.55,146.74,136.19,127.14,110.89,97.80
141.82,157.65,165.39,175.73,182.85,190.85,194.54,200.14,198.65,202.73,200.94,204.22,205.91,204.31,204.28,207.61,209.85,218.80,222.61,222.97,229.71,237.72,245.90,251.62,255.36,264.76,267.72,262.01,264.01,261.40,256.63,250.91,245.84,243.85,238.66,236.03,226.24,222.02,217.92,214.11,206.93,198.04,193.21,188.69,179.72,168.24,157.05,147.47,135.37,125.71,111.54,98.98
143.18,157.42,162.79,172.70,184.74,189.40,196.06,198.22,199.49,201.80,203.49,203.18,204.48,202.71,204.71,206.52,210.00,215.41,221.02,221.68,230.56,236.92,246.38,252.24,255.67,261.20,263.23,263.21,263.12,260.49,255.26,249.63,243.76,239.02,236.01,233.31,225.30,220.48,216.68,212.85,205.41,199.81,192.94,185.07,179.55,167.89,159.00,148.07,135.20,125.30,114.11,99.96
142.41,160.08,165.89,175.00,185.39,189.97,197.25,198.64,198.57,203.77,201.70,203.59,203.67,204.27,204.53,207.78,211.57,216.36,222.83,223.14,229.14,238.29,246.97,253.01,256.01,264.25,266.48,262.77,264.12,260.32,256.39,249.66,242.87,243.53,237.26,232.55,226.92,222.44,219.49,214.15,206.93,200.77,194.14,188.40,179.36,169.12,158.98,148.10,135.65,125.90,114.06,100.98
133.09,147.34,156.97,168.00,172.33,177.80,183.81,187.78,188.10,192.28,188.73,192.26,193.33,190.22,190.52,194.49,197.77,205.15,208.12,210.24,215.75,223.81,232.01,236.21,240.17,247.99,251.34,246.45,245.40,247.25,239.89,235.36,228.48,227.92,224.11,221.38,213.08,207.42,205.37,200.41,194.61,186.75,182.86,178.06,170.23,158.09,150.60,138.65,129.29,119.20,105.10,94.01
142.13,157.93,164.94,176.40,183.62,190.07,194.99,198.84,200.61,203.04,200.20,203.09,205.20,203.02,202.02,207.00,209.68,217.71,221.21,220.51,226.42,237.44,244.62,250.97,255.15,263.10,267.78,262.49,263.66,262.10,256.02,249.90,243.52,244.83,237.99,233.65,224.57,223.23,216.60,213.01,206.49,197.10,194.83,187.10,180.65,168.62,159.96,148.41,138.06,126.14,113.07,100.66
139.20,153.05,162.87,173.31,180.36,188.00,192.77,195.69,195.03,200.00,195.26,201.32,200.66,198.40,201.25,204.92,207.76,212.87,216.18,217.59,225.74,235.47,240.19,248.92,250.06,258.21,263.25,258.15,258.94,258.31,252.40,247.73,240.35,238.30,234.44,230.49,222.41,218.52,215.08,210.44,205.15,195.97,192.68,184.36,177.89,165.01,156.73,145.77,135.96,126.25,111.07,96.88
142.17,157.38,163.25,173.74,181.32,188.60,193.60,197.21,197.70,199.62,199.48,201.44,202.09,201.31,200.48,204.38,207.54,212.05,218.59,217.28,227.42,234.00,243.29,247.94,253.14,261.00,263.91,260.77,258.19,258.82,253.89,247.62,242.07,239.99,235.59,231.23,224.72,221.27,215.23,210.95,204.59,198.73,192.57,186.25,179.62,167.01,158.40,147.25,134.61,124.58,111.95,98.49
144.31,157.20,166.11,176.07,184.81,192.75,196.46,199.72,198.64,201.10,198.98,202.36,205.24,203.33,203.03,207.78,210.11,216.04,220.62,222.50,228.43,237.31,245.52,251.38,256.42,263.88,266.06,263.95,265.32,258.94,258.94,248.97,246.02,242.80,237.95,234.42,227.98,224.51,218.69,212.44,208.32,200.73,195.90,188.09,181.14,171.02,160.38,151.86,138.51,126.06,116.36,100.45
142.64,156.58,164.94,175.41,184.56,190.69,196.17,198.08,197.25,200.21,200.66,200.41,200.00,201.06,202.32,206.71,208.31,214.72,217.52,220.48,227.02,235.42,242.74,249.36,254.49,260.45,264.24,261.60,262.84,258.50,257.16,250.71,243.87,240.10,235.76,233.24,224.97,221.88,217.10,212.94,206.31,201.79,193.66,185.44,178.23,170.07,160.61,149.16,136.82,125.67,114.69,100.66
135.34,148.81,155.87,164.45,173.74,179.23,183.22,185.33,185.39,190.04,188.72,189.38,191.46,190.19,189.65,192.67,198.60,201.72,207.19,207.68,213.34,223.26,231.10,236.63,240.05,246.22,249.58,246.07,248.81,245.60,239.73,234.54,229.71,228.84,224.15,219.05,212.71,209.00,204.27,200.48,193.83,188.72,182.39,176.73,170.18,161.15,150.86,140.23,128.32,117.69,108.30,95.04
133.45,147.08,157.04,165.41,171.75,179.36,182.22,186.01,187.03,189.38,186.80,190.43,191.06,188.72,189.51,193.71,196.62,201.88,204.47,205.77,213.12,222.45,228.35,235.03,239.64,245.74,250.17,245.80,246.03,244.07,240.67,233.81,230.63,229.24,224.08,218.63,213.00,207.29,204.62,201.81,196.21,188.47,183.18,176.30,170.00,159.02,149.09,138.84,129.76,119.05,106.83,93.65
133.18,146.01,154.35,162.78,170.52,176.40,181.23,183.13,183.29,186.95,186.10,187.09,188.04,186.90,186.39,191.80,194.47,197.46,201.43,204.38,211.48,220.23,227.43,233.15,237.42,242.50,246.01,243.29,243.52,241.46,238.54,231.62,227.48,224.85,220.24,217.66,209.80,205.64,203.20,197.45,194.09,187.56,182.00,174.18,167.84,158.32,147.87,139.46,128.00,117.78,106.10,94.34
141.17,155.24,164.79,175.87,179.40,189.84,192.63,197.34,196.06,200.00,195.82,200.89,200.64,199.83,200.69,206.31,209.27,215.64,216.41,218.92,224.06,236.44,241.48,248.49,253.05,260.63,266.07,259.46,263.21,258.60,255.81,249.16,242.54,243.25,236.32,233.60,224.96,222.31,218.00,214.46,208.33,198.44,196.39,189.00,180.28,169.50,158.07,147.80,137.83,129.19,111.68,98.62
110.11,124.45,124.90,147.14,154.25,166.82,173.67,187.45,196.24,200.94,205.78,208.63,215.57,218.55,217.31,226.30,227.14,229.61,233.53,235.72,240.56,243.85,250.93,251.47,256.67,254.94,257.51,254.03,252.87,247.43,243.29,236.26,229.53,227.73,219.69,218.05,210.19,207.18,201.65,197.08,190.60,184.84,180.04,173.63,169.85,166.40,158.91,150.48,141.53,133.76,123.04,112.29
105.12,118.96,128.25,140.53,150.62,164.65,173.97,186.32,188.99,197.50,201.53,207.00,214.01,215.60,218.63,223.79,227.74,235.00,236.40,240.44,240.15,245.47,249.20,252.36,257.16,256.11,254.91,253.03,252.51,246.22,241.83,233.62,227.27,224.59,218.71,217.69,208.02,204.63,199.56,195.35,190.55,184.11,179.47,173.95,170.00,162.93,155.32,148.77,139.52,132.67,122.87,111.61
141.11,154.99,162.19,173.22,181.62,187.95,193.06,194.44,194.81,198.71,199.01,198.04,200.12,200.00,199.15,203.92,207.06,211.32,214.46,218.30,225.41,234.36,242.00,246.66,252.42,257.70,262.39,259.90,260.22,258.99,252.24,246.00,241.60,242.26,235.36,232.69,225.75,220.95,216.23,211.74,204.83,199.97,193.96,184.46,178.72,167.36,157.69,146.29,135.35,123.79,111.57,97.31
104.81,119.54,128.72,139.98,153.22,164.35,172.97,185.00,189.20,198.22,203.30,207.34,214.35,216.00,218.80,223.61,230.10,233.03,236.77,237.68,241.02,245.98,252.72,254.13,257.56,260.76,258.04,254.01,253.65,249.61,243.07,235.59,229.90,227.80,221.93,218.00,210.15,206.93,201.31,197.06,190.91,183.88,179.34,174.66,169.52,164.55,159.88,152.84,139.56,122.92,119.28,110.68
123.00,136.61,142.30,151.33,157.89,163.37,167.63,171.11,171.82,174.62,173.36,174.24,176.05,175.41,174.59,178.28,180.23,185.33,190.76,190.55,195.00,205.41,210.54,216.10,218.18,225.70,229.17,225.73,226.75,224.97,222.52,217.37,212.25,212.87,207.18,204.27,196.37,193.71,189.91,186.10,179.98,172.65,167.94,162.27,153.95,145.72,135.68,126.21,117.05,107.30,94.41,83.63
142.70,157.11,166.03,176.48,183.38,189.19,195.50,199.62,199.20,201.32,201.56,201.40,201.56,202.00,200.53,203.93,210.04,210.19,216.76,217.19,225.04,235.30,240.67,247.76,251.86,256.33,259.13,260.40,260.78,257.24,252.51,249.24,243.74,240.63,234.80,230.12,225.04,222.04,215.00,211.81,204.71,198.31,188.96,183.85,176.12,165.47,154.30,143.69,130.61,120.22,109.34,95.86
132.82,144.40,152.83,160.85,168.81,175.79,178.37,181.16,181.82,185.31,183.07,186.10,184.76,183.70,182.63,186.39,188.69,194.49,197.27,197.43,200.77,211.95,219.05,223.38,228.12,235.24,238.93,234.85,233.32,234.36,229.47,222.04,220.47,219.75,214.71,212.28,203.38,199.29,194.62,192.92,186.32,177.61,173.25,167.55,159.05,148.66,140.53,128.14,119.27,109.62,96.80,85.29
148.40,163.77,172.47,183.60,190.39,197.00,201.10,205.80,205.93,207.15,205.65,207.42,207.23,206.46,207.24,210.62,211.40,215.64,218.83,222.08,228.57,239.27,243.58,249.16,253.73,260.86,263.44,263.03,265.32,261.28,258.01,251.54,246.22,244.12,236.65,234.78,228.28,224.38,219.97,214.54,207.01,201.47,192.10,186.68,178.36,165.86,157.81,144.59,133.18,120.37,109.29,97.02
134.65,147.80,157.54,167.11,175.00,182.63,186.49,189.18,189.03,191.04,189.55,191.00,193.66,191.00,188.30,194.25,195.17,199.61,201.76,200.86,206.04,214.58,220.20,223.16,227.85,235.47,239.35,234.62,235.03,234.85,230.08,222.80,217.83,219.40,213.24,210.32,205.06,200.57,197.10,193.13,186.94,180.07,175.05,168.34,161.00,151.70,141.65,133.23,120.83,111.80,98.41,85.80
148.85,163.78,182.13,180.49,196.16,196.42,203.21,214.70,215.46,217.91,214.71,216.60,216.33,214.79,216.69,215.34,218.05,221.88,225.08,225.74,230.08,240.63,244.25,252.51,254.47,262.21,264.71,261.09,264.12,258.51,255.16,249.28,245.69,243.65,238.00,234.92,228.37,226.13,219.94,213.69,209.41,200.17,195.04,189.56,179.78,167.55,157.81,147.30,135.83,124.08,113.89,101.04
154.40,169.07,178.34,189.16,199.53,207.15,213.53,216.40,216.33,218.83,220.82,220.08,221.82,220.20,218.28,220.27,219.57,225.84,228.57,230.87,236.22,242.42,249.40,255.52,257.05,264.75,268.21,266.66,268.09,261.95,260.69,254.10,248.16,244.90,241.93,237.49,230.38,224.16,220.38,216.78,210.30,203.02,197.40,187.02,181.14,170.26,160.80,149.04,135.64,125.42,114.48,101.07
142.09,155.44,167.62,178.60,184.27,194.49,200.41,202.61,203.12,207.18,203.22,207.85,209.07,207.15,205.68,208.15,210.02,217.57,221.71,218.15,224.96,230.85,238.72,242.74,247.94,254.92,256.76,253.27,252.64,251.44,246.61,239.13,235.01,236.01,229.39,225.84,218.22,214.28,207.96,205.52,200.68,192.92,188.04,179.32,171.82,161.77,152.19,142.24,131.64,120.55,106.12,93.94
142.43,158.15,167.11,176.65,184.30,193.66,197.77,204.39,203.86,207.63,204.09,207.82,209.40,208.40,206.20,210.24,212.43,218.08,218.59,222.00,227.78,236.18,241.25,247.99,250.84,258.03,260.17,255.98,256.76,255.15,249.91,244.50,237.69,238.45,232.03,227.77,219.97,216.75,212.21,209.38,204.38,194.26,191.78,183.84,175.39,163.98,151.86,142.80,132.02,123.37,107.06,94.37
141.42,156.67,167.36,175.33,185.01,191.95,195.21,202.41,202.48,205.76,204.95,207.97,208.72,205.65,208.12,210.24,211.10,217.69,220.54,223.79,227.71,235.70,241.63,248.21,250.15,259.11,261.17,256.91,258.80,256.10,250.65,245.62,239.60,238.80,232.43,230.22,219.02,216.70,213.62,209.75,204.38,196.35,191.09,186.45,177.16,165.44,154.95,144.69,135.20,124.62,108.85,96.25
145.23,159.83,168.16,179.23,188.51,195.36,202.28,206.12,205.29,208.71,210.54,210.89,212.23,212.51,212.06,213.96,215.76,221.46,224.89,228.60,233.31,240.67,247.10,254.66,257.16,262.82,266.33,262.27,262.07,258.03,256.85,251.88,244.62,242.17,236.78,234.36,227.54,222.81,218.29,215.06,207.56,200.38,195.48,187.95,182.02,170.82,161.62,150.85,139.20,126.67,116.73,103.48
138.13,153.24,160.11,170.99,180.69,187.13,192.92,195.97,196.10,199.04,201.36,200.73,204.08,204.69,204.36,207.47,209.29,212.42,219.33,219.79,226.00,235.08,239.71,246.66,251.07,256.91,260.60,257.87,256.25,254.42,251.00,244.17,239.27,235.36,231.26,228.48,222.23,218.13,214.08,208.66,202.04,197.04,190.13,183.41,177.65,168.59,160.08,149.21,136.62,124.81,114.83,102.36
123.47,134.27,138.97,152.59,157.50,163.64,167.00,168.01,170.79,174.81,173.10,174.61,178.00,176.47,177.23,179.40,183.58,188.53,192.84,192.31,196.98,206.16,212.46,216.34,219.11,226.88,229.05,226.15,226.60,224.24,221.74,215.01,210.64,209.20,204.60,202.00,193.87,190.80,186.95,182.00,178.23,173.33,167.76,161.06,155.29,146.49,138.22,129.28,119.94,110.15,100.00,87.56
114.74,126.40,131.21,139.18,144.31,150.62,148.93,153.44,153.84,153.06,155.22,155.80,157.71,152.82,154.69,154.39,156.39,158.62,159.62,162.19,162.82,166.00,174.43,173.10,175.51,177.41,177.49,174.55,172.88,172.01,165.87,164.47,160.08,161.45,156.47,153.83,150.08,148.05,144.84,145.50,143.63,139.27,136.40,132.32,129.52,121.92,117.28,109.44,104.64,92.27,86.45,77.39
140.04,156.39,164.05,173.95,182.73,191.44,196.70,200.55,201.81,204.83,204.27,207.62,208.87,207.53,209.34,211.23,214.19,219.21,223.91,226.38,234.01,241.23,247.21,253.57,257.50,262.38,266.65,262.49,264.76,259.42,256.04,249.42,245.00,239.28,235.48,230.29,224.20,218.66,213.41,208.00,203.15,197.91,189.93,181.54,176.48,166.01,155.54,145.12,132.83,123.33,111.43,99.02
137.03,151.40,161.94,172.63,179.48,186.51,191.54,195.53,197.95,199.20,197.04,199.18,202.41,201.06,200.00,204.24,203.77,208.87,212.42,214.27,219.86,225.27,232.18,236.84,239.71,247.83,249.10,245.25,246.42,242.24,240.47,234.36,226.74,224.56,221.27,219.67,210.92,206.62,203.18,196.36,193.20,186.08,179.97,172.05,166.69,156.21,146.11,137.03,126.49,115.60,105.69,93.39
137.52,153.73,159.81,171.42,179.54,187.27,192.66,194.28,195.26,199.27,198.12,199.45,200.55,198.91,198.73,201.24,202.42,205.36,210.49,211.12,218.76,222.95,231.05,234.96,238.40,242.25,245.54,241.85,243.74,239.08,235.48,231.31,223.65,221.01,217.08,211.74,207.91,203.10,198.66,194.06,187.98,183.09,176.08,170.18,163.78,152.51,144.01,135.09,124.72,113.11,104.00,91.35
140.24,154.38,162.25,173.29,181.25,189.51,194.99,199.26,197.37,203.77,202.60,205.66,205.91,204.50,205.00,208.85,209.66,214.19,221.44,221.78,226.82,233.85,238.47,243.92,246.60,254.01,254.79,250.34,249.44,247.52,242.84,235.77,227.95,226.00,221.61,216.09,209.04,201.46,198.67,195.23,189.26,182.10,176.24,168.07,161.40,150.01,141.15,132.91,122.67,111.80,98.49,88.23
145.34,160.43,170.58,183.05,189.93,198.46,202.16,209.75,210.28,214.83,211.29,215.63,216.91,213.80,216.15,218.79,222.04,229.10,232.94,233.08,237.55,245.28,249.97,256.26,261.26,266.58,269.88,262.26,263.43,260.28,254.66,245.46,238.84,237.12,231.86,226.55,217.71,213.66,207.45,205.12,200.41,189.16,186.47,178.08,170.24,158.69,147.00,139.14,129.10,119.40,103.32,90.34
144.78,156.11,166.11,176.71,184.81,193.85,199.00,204.02,201.47,207.06,206.97,209.06,209.75,208.94,209.95,211.90,214.46,219.46,224.06,224.74,229.60,234.85,242.99,246.42,251.64,254.34,256.24,252.74,254.12,248.92,245.84,239.44,231.60,229.17,223.14,220.05,211.91,206.87,202.78,199.12,192.85,184.36,179.01,171.99,166.14,156.17,146.22,137.53,126.25,115.43,104.81,92.44
104.28,118.09,126.56,135.20,148.30,159.24,166.24,179.72,179.03,188.51,193.98,195.93,204.17,207.86,213.04,218.28,219.71,227.11,228.82,233.38,233.63,242.39,246.02,251.29,257.30,256.53,256.60,254.68,253.88,248.36,243.58,237.76,229.79,227.20,218.96,216.04,209.06,207.06,202.07,196.10,189.59,184.23,178.04,171.49,166.31,159.93,150.21,141.68,84.53,77.08,94.49,100.50
105.65,119.11,127.42,138.96,151.48,162.79,171.02,182.00,183.44,191.44,197.89,200.14,205.72,209.38,212.05,216.60,220.86,228.04,229.22,232.48,235.78,241.96,249.20,252.55,257.50,256.56,259.31,256.33,254.70,251.41,246.50,240.35,232.09,228.55,223.40,219.54,212.00,208.58,202.78,199.30,192.87,188.44,181.71,175.28,170.29,166.51,159.21,149.09,141.65,134.85,122.80,112.87
95.41,109.24,118.87,128.97,138.81,148.49,156.20,168.67,173.22,179.64,183.21,187.54,194.08,195.86,199.15,206.24,211.51,215.23,218.58,218.87,223.59,228.54,235.67,238.08,243.74,247.74,249.63,244.64,242.49,241.00,235.31,230.29,224.11,223.11,217.28,212.80,204.02,199.92,196.12,196.02,189.00,178.87,176.78,170.66,164.92,158.14,150.28,143.06,134.41,127.28,116.97,105.80
146.22,161.40,169.76,181.65,188.43,196.47,203.30,207.74,209.34,213.55,210.05,213.58,215.18,213.66,215.75,217.72,219.00,225.00,229.82,229.14,232.66,240.25,247.30,252.41,255.83,259.73,260.64,256.48,256.20,251.56,247.03,239.35,232.44,231.23,225.00,220.64,211.77,210.22,204.01,199.25,194.16,187.10,183.44,176.67,169.62,160.15,148.66,141.24,130.92,121.81,109.04,96.25
141.55,156.54,165.56,179.33,185.27,193.60,199.72,205.00,205.73,209.85,209.15,212.98,213.00,210.24,211.87,213.06,219.01,223.43,225.82,225.47,230.67,236.35,244.31,248.65,249.16,255.71,256.31,251.64,251.31,249.44,242.89,235.97,228.02,227.20,220.86,218.55,208.58,204.24,200.19,198.64,190.38,185.10,181.18,173.22,168.00,157.95,148.66,139.61,129.88,120.42,108.41,95.80
98.62,110.26,117.39,131.10,143.29,152.55,161.07,170.84,176.14,183.47,189.81,193.22,198.01,203.23,205.08,211.24,216.61,221.52,222.04,226.55,232.36,238.81,245.58,250.05,255.00,254.01,257.42,257.47,255.27,252.96,247.70,242.74,236.62,232.26,226.81,222.27,215.96,214.00,206.90,202.81,196.82,192.51,185.31,178.63,173.79,166.96,158.93,150.53,142.06,132.44,122.32,111.40
98.72,111.57,119.22,131.88,142.06,152.55,160.90,171.90,176.88,184.39,188.88,192.85,199.83,202.61,205.29,210.34,217.08,222.44,225.09,226.72,231.61,238.56,245.36,251.91,254.95,257.45,260.46,256.83,255.36,255.29,249.55,243.31,236.65,235.48,229.43,226.00,218.28,213.59,209.03,205.51,198.65,192.17,187.78,180.21,174.72,166.77,159.83,151.17,141.51,133.52,123.56,111.83
101.32,113.64,125.10,136.49,148.66,158.76,168.08,177.79,183.50,189.11,196.00,197.70,204.44,207.20,211.12,215.02,218.55,225.60,226.93,230.87,233.70,239.95,246.81,252.35,256.07,258.80,261.90,260.55,258.50,255.41,250.19,246.66,240.20,235.73,231.71,228.13,221.14,218.07,212.25,209.12,201.68,196.47,188.68,183.41,178.40,172.89,166.00,157.54,147.41,138.31,127.77,116.09
101.77,115.04,124.23,136.47,146.32,157.38,165.42,177.00,182.24,188.00,195.49,197.27,202.43,206.93,208.19,213.69,217.64,221.52,224.56,229.01,232.12,238.76,246.27,249.10,255.13,257.73,259.62,257.39,256.94,253.49,251.29,245.38,239.46,236.22,231.62,228.55,221.89,219.48,211.01,207.78,201.94,196.40,191.32,184.10,179.98,173.67,166.65,158.00,147.83,139.60,127.94,117.72
93.62,106.02,114.83,125.72,136.62,145.36,152.74,162.50,165.89,173.54,178.28,181.25,185.92,187.52,190.78,194.25,199.01,202.04,205.88,206.17,210.11,215.60,222.52,226.00,230.23,233.09,235.68,233.99,233.86,231.19,226.21,222.42,216.92,217.35,211.55,208.74,201.00,197.52,193.01,190.42,183.88,178.36,174.18,167.86,163.57,157.69,151.17,143.54,134.73,126.91,118.44,107.22
95.02,108.71,115.97,125.63,136.21,144.31,153.94,162.59,166.48,173.25,177.37,181.25,186.27,187.22,192.21,195.49,196.79,202.00,204.71,207.14,211.29,216.90,222.99,228.49,229.60,233.57,236.14,233.98,233.26,231.48,228.27,223.56,216.39,215.15,209.99,207.77,200.94,199.12,193.08,188.32,183.41,177.23,173.37,166.86,161.79,154.16,147.51,140.90,131.94,124.40,115.16,104.80
107.02,117.04,124.92,132.32,137.38,149.34,155.91,168.77,172.80,179.33,179.40,181.18,182.70,186.70,191.13,193.54,197.65,204.52,205.51,207.42,212.53,217.70,224.22,226.45,231.53,233.35,236.68,235.10,236.35,233.00,230.29,223.81,220.05,217.92,213.25,209.15,201.42,197.68,194.81,190.07,186.55,177.67,175.39,168.94,163.95,156.04,149.79,142.52,132.10,127.01,116.30,107.19
113.18,124.49,131.47,139.01,149.59,157.09,165.44,176.71,183.21,186.30,191.90,190.09,192.63,196.22,202.41,203.03,209.50,214.11,215.46,218.52,223.45,227.48,235.60,239.11,244.11,245.86,250.14,249.24,246.72,245.10,241.24,238.10,231.14,229.89,224.96,220.08,214.18,210.66,204.80,201.38,195.72,190.65,183.58,177.55,173.44,167.26,157.69,151.48,143.00,133.06,124.04,112.64
106.10,120.27,133.33,142.27,151.17,155.08,168.62,173.53,180.74,183.56,189.03,192.96,199.45,198.20,201.65,203.42,206.65,212.32,212.60,214.67,219.86,225.61,232.24,234.83,240.63,244.18,247.21,244.17,243.42,242.59,237.50,232.65,228.09,225.59,222.77,218.51,210.60,208.87,203.04,196.82,193.20,187.26,181.14,176.07,171.29,163.57,155.93,149.46,138.83,134.24,123.00,112.61
110.17,126.13,134.62,147.34,156.11,165.89,174.89,181.66,186.96,193.57,195.53,201.56,204.84,204.84,206.77,210.39,213.96,221.36,224.85,225.14,229.49,234.87,242.39,244.63,251.56,254.08,260.45,256.22,256.10,254.26,249.42,246.27,241.34,238.42,233.33,229.96,222.44,218.29,214.00,209.48,204.71,195.53,192.77,186.08,181.69,171.94,164.40,156.63,149.65,141.45,127.41,116.91
102.32,115.31,123.48,134.37,144.37,155.04,160.42,170.07,171.73,177.50,182.78,186.21,190.92,192.50,193.94,198.83,201.01,206.93,207.70,212.61,213.78,221.06,228.06,233.11,238.43,240.63,244.48,242.29,245.07,241.01,238.25,232.14,227.90,225.72,220.63,217.41,211.63,206.94,202.67,198.60,194.16,185.70,182.65,175.00,171.03,164.47,155.24,149.35,140.06,131.90,120.60,109.84
104.55,117.72,127.46,138.71,147.23,157.15,165.74,176.78,178.02,184.84,190.04,192.63,197.50,198.98,201.30,206.16,211.06,216.90,220.55,221.33,225.96,233.31,240.90,246.43,251.55,256.83,260.93,256.80,256.98,255.83,250.86,245.31,241.00,241.96,236.40,232.86,223.49,220.30,213.85,212.81,206.46,195.26,192.63,186.43,179.75,171.03,164.76,155.59,148.01,139.14,127.80,116.21
93.54,103.39,112.16,122.26,130.50,138.06,146.39,155.00,157.01,164.28,167.07,171.13,177.02,177.09,179.55,185.31,188.90,196.37,197.44,200.48,204.63,213.12,220.79,225.29,230.73,234.96,240.30,237.92,237.80,238.21,233.67,229.44,223.00,223.66,218.69,214.98,206.60,202.77,198.67,195.43,191.09,181.62,178.20,170.99,164.56,157.88,150.30,142.95,135.83,127.58,117.15,106.40
91.55,101.53,110.75,121.66,127.88,137.77,147.00,154.40,157.05,163.41,165.86,171.72,175.86,177.14,179.67,185.65,189.02,196.70,198.12,201.11,209.34,214.95,225.18,229.46,235.76,239.76,243.15,240.42,241.59,239.84,239.52,233.85,228.47,226.50,223.34,216.83,209.24,205.91,200.60,199.73,191.67,184.04,180.14,172.61,168.63,160.08,151.92,143.75,135.96,127.88,117.88,106.21
81.39,98.01,111.66,122.02,129.77,135.20,142.21,154.21,161.15,168.83,174.18,178.37,179.40,185.60,191.46,195.60,197.29,205.77,208.94,213.60,220.02,228.23,235.98,244.12,249.56,253.40,258.90,256.63,256.01,252.39,250.34,245.02,239.71,236.80,230.49,226.72,219.13,215.80,210.60,205.41,199.49,193.55,185.06,180.32,171.76,166.05,157.06,149.97,139.20,130.38,119.37,109.20
87.14,99.92,106.07,116.78,126.19,134.83,141.57,150.86,154.85,160.00,166.24,169.74,174.24,176.08,180.62,185.61,188.48,196.47,198.86,205.24,210.71,220.17,225.06,233.01,239.37,241.02,246.13,245.73,246.13,244.01,241.03,236.26,230.64,225.85,220.20,217.83,211.07,208.56,203.49,197.65,191.85,186.12,178.90,172.61,167.17,158.96,151.46,145.28,134.48,128.50,115.31,106.00
85.00,98.29,107.35,115.62,124.43,133.26,140.86,151.08,154.83,160.85,163.84,170.00,175.48,176.38,179.48,183.87,191.23,195.90,200.82,202.00,210.61,219.86,227.80,232.33,237.45,241.01,248.57,243.25,244.90,244.09,238.03,234.31,229.21,228.02,220.74,218.28,209.67,205.28,199.81,199.42,192.28,182.13,178.51,171.83,166.88,158.40,150.21,142.34,135.25,127.88,115.52,106.30
90.34,101.97,108.47,117.99,130.30,138.71,147.96,156.54,160.65,167.43,172.72,175.76,182.54,184.69,189.34,194.52,198.11,204.63,211.26,212.98,220.87,229.38,238.00,243.76,251.07,250.57,256.97,256.01,255.92,254.85,250.35,245.73,239.11,233.81,229.80,226.11,219.66,215.61,208.06,205.42,198.32,192.76,185.97,177.16,172.20,165.11,157.41,149.21,139.56,130.97,121.43,110.42
87.37,100.28,105.99,116.21,126.76,135.64,143.18,155.42,156.54,163.05,168.43,171.83,179.78,180.49,183.10,189.48,195.58,201.85,203.59,210.26,217.18,225.74,231.04,236.75,244.63,248.20,251.05,250.26,250.12,248.42,245.54,241.01,233.62,231.25,225.08,221.14,214.46,210.30,204.83,199.25,193.09,187.55,181.57,175.14,169.67,159.78,152.62,144.84,135.13,128.95,117.46,106.63
88.01,100.32,110.39,120.55,129.00,138.24,144.81,158.67,161.25,166.88,172.54,177.13,181.59,184.62,187.00,194.49,199.94,206.71,210.87,213.03,221.78,229.68,237.93,243.46,249.16,254.19,259.38,255.16,255.34,253.25,251.03,243.25,238.32,238.52,232.42,227.22,217.70,214.01,207.20,205.50,199.16,189.61,185.15,177.55,171.81,162.46,155.57,148.07,139.23,131.61,118.85,108.30
68.88,91.98,106.17,123.65,146.32,153.44,160.58,163.23,159.48,170.70,173.33,178.91,184.17,188.74,189.69,197.20,201.24,209.01,213.05,217.31,225.42,235.75,243.53,247.95,256.67,260.84,266.18,263.39,260.82,259.51,257.78,250.34,245.80,247.26,240.05,232.91,224.57,220.51,214.85,214.35,208.54,198.29,192.04,187.00,180.28,170.88,164.20,155.60,146.35,137.20,123.63,113.56
85.42,98.41,107.28,117.07,126.02,133.76,143.01,153.69,156.20,164.16,168.32,174.43,178.04,181.57,185.83,192.32,197.73,204.56,209.77,211.52,217.89,226.72,237.12,237.93,244.40,249.06,252.39,251.64,250.89,249.78,246.13,239.46,234.31,234.48,229.86,225.02,216.63,210.00,204.00,203.42,196.66,190.08,183.98,176.73,171.40,161.21,156.87,148.12,138.60,128.46,118.60,109.20
93.78,106.22,112.87,123.63,132.02,143.59,151.33,160.56,162.08,170.79,176.41,178.39,183.83,188.30,193.17,198.66,202.81,208.69,211.47,216.62,224.16,232.72,239.58,248.43,255.33,256.13,260.35,260.80,262.09,260.45,256.63,250.65,244.35,241.42,234.37,233.63,224.22,222.12,215.75,211.48,204.55,198.64,191.17,183.81,178.34,169.50,162.93,155.05,144.51,136.88,126.05,115.12
93.60,105.39,111.68,123.15,133.54,144.01,150.21,161.01,164.35,171.09,176.03,177.88,183.98,186.76,190.44,196.56,200.57,207.53,209.98,217.26,222.00,232.12,238.92,244.68,253.48,255.21,260.09,259.62,260.80,257.74,255.38,250.12,244.98,241.51,235.93,232.17,224.72,221.90,216.57,211.38,203.58,198.98,191.86,183.60,179.07,169.45,162.66,154.92,145.04,138.29,126.46,116.52
91.20,102.16,111.02,122.43,132.14,141.95,149.21,157.20,160.59,165.80,175.65,177.20,183.22,187.18,190.69,196.11,198.88,206.55,210.23,214.22,223.44,230.70,238.72,243.51,252.05,253.58,260.29,260.23,258.94,256.40,253.97,250.12,245.31,240.30,235.28,230.55,224.74,220.99,215.15,210.05,203.09,199.73,188.74,183.22,177.28,169.59,162.36,154.78,143.69,135.09,124.95,115.12
94.85,108.00,118.47,134.35,138.00,148.12,160.96,163.67,172.96,175.03,184.23,187.68,193.13,197.73,201.00,204.08,208.83,214.11,219.36,223.01,230.64,238.03,246.07,254.16,260.50,263.23,273.54,269.98,271.27,265.48,265.66,259.96,254.57,252.76,246.83,243.74,234.78,231.51,224.50,219.92,215.65,207.15,199.91,192.30,188.86,179.48,169.45,162.75,152.61,143.89,131.31,120.77
131.85,144.09,153.94,163.36,168.24,176.10,179.69,184.02,183.77,186.07,185.32,187.30,186.94,183.81,183.37,186.32,189.50,191.70,196.16,193.26,200.56,205.77,212.87,218.08,222.33,229.22,230.34,225.75,227.64,223.97,219.32,215.60,206.82,205.24,199.25,197.95,188.66,184.62,179.33,176.40,170.06,161.97,159.23,150.59,147.30,135.25,127.35,118.53,110.65,102.84,91.84,80.45
97.25,108.23,117.05,127.25,138.35,146.35,155.87,164.03,165.13,174.18,180.06,182.47,189.08,190.67,193.87,199.14,204.56,210.30,213.93,218.02,223.65,231.23,239.93,244.36,253.03,254.66,262.45,262.39,260.72,259.03,258.31,251.88,246.79,244.25,240.02,237.45,228.35,227.04,219.35,215.41,207.01,201.65,194.20,188.90,182.91,175.41,166.01,158.05,147.28,139.28,129.19,115.88
97.86,109.04,116.36,125.45,137.77,147.58,154.94,164.45,167.00,173.37,180.42,181.74,187.17,191.38,193.01,197.31,205.29,212.08,213.22,217.71,222.73,229.31,238.92,244.00,251.29,251.37,260.25,259.83,259.02,258.31,256.32,253.16,246.42,243.56,238.53,234.83,229.26,225.27,217.62,214.23,206.49,203.19,194.28,188.02,180.94,174.69,166.83,157.50,146.77,138.16,128.43,116.62
94.54,105.42,117.00,126.78,134.65,142.76,151.82,161.55,168.24,170.88,176.08,180.24,186.20,188.52,191.46,197.82,204.47,208.72,211.78,213.38,219.92,228.54,236.60,238.45,246.02,250.17,258.50,254.92,255.86,254.24,251.07,246.94,241.62,241.27,235.85,232.31,223.27,219.25,216.69,212.51,206.73,198.82,193.69,187.40,179.43,170.33,163.60,155.62,146.51,136.50,125.10,113.53
152.05,165.60,174.90,187.84,193.58,201.36,209.31,213.60,214.40,216.07,215.10,214.67,215.28,211.98,207.39,211.45,210.19,214.39,215.82,216.79,220.81,225.68,232.22,235.59,239.20,247.49,248.00,245.71,245.64,242.62,238.50,237.01,230.87,225.80,221.36,219.00,211.56,207.62,204.25,200.57,194.09,188.68,182.88,175.28,169.67,158.90,153.53,143.57,132.24,123.48,111.95,100.24
140.09,153.64,160.55,176.56,180.08,186.82,192.04,200.06,200.17,203.44,201.81,203.16,203.09,199.91,196.82,200.25,202.77,204.96,207.62,205.54,207.53,213.56,219.78,223.14,227.02,235.31,235.36,231.61,230.63,229.40,225.23,219.80,213.40,212.81,208.94,204.36,195.94,192.98,189.86,187.00,182.73,174.48,171.99,164.08,158.03,150.10,139.83,132.37,124.04,116.93,103.41,92.20
140.58,154.16,163.41,174.77,182.04,192.21,196.46,198.01,200.80,202.41,204.53,205.01,205.42,205.20,205.94,206.00,205.88,209.35,213.02,212.43,214.16,220.04,224.88,228.11,234.08,239.52,242.01,236.89,237.55,233.50,230.33,226.37,220.41,218.55,211.40,208.00,200.57,196.47,193.16,189.45,184.84,177.72,173.10,167.11,161.15,151.71,144.12,133.93,125.67,118.00,105.99,94.64
136.46,150.21,158.81,170.19,179.42,187.10,191.70,199.36,201.61,205.29,204.35,206.46,208.17,205.83,205.35,210.58,210.87,213.26,217.27,217.19,220.15,224.83,231.71,237.77,240.42,248.31,247.52,245.12,246.27,241.13,238.08,232.14,225.14,223.22,218.90,215.52,206.62,201.31,198.00,195.25,187.47,181.11,176.30,168.96,163.00,153.68,145.77,138.19,127.28,117.09,106.17,96.54
136.30,151.49,159.48,169.80,179.23,189.16,193.67,200.39,202.62,206.09,206.04,208.54,208.37,206.60,208.06,209.07,211.06,215.56,220.24,216.06,221.12,226.18,232.96,238.30,238.60,246.89,249.44,244.31,243.07,242.00,237.23,231.32,224.32,222.77,218.56,216.15,206.12,199.72,197.20,194.92,187.42,180.49,175.05,170.51,163.11,150.75,143.34,136.06,126.18,117.64,105.44,94.37
139.45,155.27,164.25,178.00,183.98,195.26,197.57,206.94,208.83,211.29,210.24,212.51,215.93,210.89,211.98,214.36,211.85,218.05,219.40,218.83,218.80,224.44,228.67,233.21,235.54,243.13,243.87,239.35,240.07,237.01,232.05,224.90,220.66,218.06,212.81,208.69,198.54,194.28,193.04,188.32,183.04,174.24,171.64,165.32,159.36,149.86,141.53,133.30,122.49,116.76,103.41,93.54
147.11,162.93,171.01,185.32,194.52,202.61,210.30,217.35,219.28,222.52,224.64,223.44,226.15,222.50,222.91,225.84,225.53,230.70,228.65,230.48,231.66,236.35,241.41,245.08,249.63,251.86,250.89,249.58,251.08,246.13,241.35,235.72,228.32,225.47,219.94,215.59,208.34,204.12,199.86,195.42,189.01,182.94,178.10,171.23,165.86,156.73,149.08,139.47,128.06,119.20,108.50,97.51
150.70,167.30,175.09,188.47,197.37,208.60,216.12,222.27,223.76,226.74,229.81,230.15,233.08,229.06,229.24,232.22,232.57,236.19,237.70,236.39,237.41,241.90,247.78,251.61,253.65,257.24,257.03,252.24,254.02,250.70,247.00,239.78,233.17,230.67,226.35,221.07,213.33,209.09,204.07,200.32,194.29,187.28,182.58,174.43,167.19,159.89,153.05,142.64,131.61,122.04,111.66,98.72
135.87,150.53,161.00,169.81,181.46,189.28,195.00,200.44,205.41,208.09,210.21,209.12,213.32,212.53,214.83,215.35,217.63,218.63,220.87,220.64,221.04,226.74,233.08,236.86,239.76,242.00,241.41,240.41,237.51,233.94,230.72,223.33,216.83,213.12,208.95,206.31,197.77,192.38,188.82,185.95,178.72,172.97,165.31,158.22,154.16,142.21,135.62,126.29,114.81,104.62,96.46,87.14
148.86,165.87,173.37,184.76,198.24,205.65,214.22,218.49,224.02,225.06,229.02,226.88,231.62,229.16,229.06,230.16,232.17,233.62,237.55,236.02,236.40,240.10,246.48,249.55,253.18,256.01,254.03,255.48,251.92,248.05,245.08,237.43,231.04,225.50,219.76,217.82,211.10,204.92,199.57,196.15,187.00,185.46,177.69,169.07,163.95,154.01,148.76,136.53,124.34,115.31,106.89,95.26
147.26,165.47,169.85,177.87,185.15,202.98,210.65,218.08,225.94,226.56,225.01,226.74,232.21,225.80,226.11,230.22,230.42,234.00,236.21,232.57,236.10,240.84,245.35,248.28,249.93,255.63,255.52,250.17,249.04,246.13,241.41,233.07,228.67,226.05,221.08,214.01,205.77,201.41,197.08,193.83,185.19,178.27,173.77,167.66,160.85,148.49,141.45,129.20,120.33,112.54,99.28,87.86
150.88,165.50,171.69,182.85,192.48,208.89,218.11,223.23,228.13,233.42,230.17,233.48,237.19,233.85,233.50,235.83,236.72,242.00,244.98,240.39,242.21,245.08,249.58,255.00,255.38,261.08,261.27,254.64,252.41,250.53,244.40,237.70,230.43,228.88,221.82,217.90,207.68,203.57,199.02,196.56,189.21,180.28,176.88,170.43,163.37,151.49,141.69,130.25,124.72,114.86,101.24,88.84
149.77,168.36,179.00,190.52,202.61,210.02,217.96,227.88,230.26,234.40,234.62,235.85,240.14,238.42,237.26,239.92,240.45,244.48,247.80,243.40,243.85,247.84,254.80,256.27,258.59,265.02,262.73,258.17,255.73,253.93,247.29,239.71,233.67,232.03,226.37,220.42,210.45,205.51,202.71,199.25,192.07,182.54,178.32,171.77,165.49,152.78,143.27,131.93,123.75,114.06,102.40,90.25
149.22,165.24,175.23,188.04,199.92,210.60,215.23,223.09,227.54,232.31,234.31,235.41,238.32,237.39,236.36,239.70,240.16,244.70,245.00,246.22,246.01,250.88,253.62,258.47,261.12,263.86,263.00,258.06,258.94,253.92,250.73,243.26,236.22,232.76,225.57,220.69,211.74,207.62,204.00,199.38,193.30,185.26,180.25,172.12,165.05,153.65,144.46,135.19,123.41,115.45,105.80,93.48
126.24,140.58,148.66,160.86,167.89,177.10,184.36,191.38,193.17,198.32,197.95,199.11,202.62,201.72,201.48,206.16,204.96,209.48,210.06,209.35,213.40,216.76,220.27,225.14,226.60,230.05,230.18,225.96,227.44,222.42,220.10,213.04,208.66,204.61,200.50,196.06,189.84,185.07,181.47,175.39,170.06,164.62,159.14,152.12,146.22,137.00,130.00,120.51,111.32,104.40,94.89,83.49
123.55,136.82,145.34,158.49,164.30,171.82,178.68,187.55,190.26,194.65,195.26,195.66,200.93,198.66,198.67,202.08,202.12,207.37,209.58,207.93,212.25,215.23,220.08,223.04,226.34,231.73,231.20,227.41,227.62,224.21,220.00,215.52,209.27,207.63,200.42,198.40,190.29,186.81,183.29,177.18,171.29,165.58,161.01,156.24,149.27,139.60,130.14,120.81,113.32,106.21,94.51,84.59
126.65,139.90,149.38,160.42,168.32,178.36,184.71,193.65,196.01,200.90,202.65,205.06,208.89,207.30,206.62,211.57,214.97,219.44,222.09,220.66,223.16,229.54,235.32,240.14,242.17,249.19,249.88,243.68,243.53,243.30,239.27,231.28,225.57,224.88,218.00,215.43,206.31,201.06,197.31,195.00,188.22,181.11,175.60,169.24,163.08,151.33,143.40,133.56,125.94,116.02,104.56,92.76
123.33,138.71,148.48,159.23,166.78,175.01,182.15,193.67,195.75,200.09,200.41,203.94,206.21,206.17,205.34,209.19,210.34,218.28,221.27,220.04,222.73,229.60,234.96,240.21,241.47,247.70,247.95,244.49,244.36,242.62,240.01,234.54,227.07,225.40,219.46,215.93,208.92,203.83,199.48,197.01,191.13,183.66,178.62,171.96,166.43,153.31,145.09,136.61,127.88,118.61,105.99,95.02
130.08,144.18,151.80,164.12,175.07,187.18,192.75,201.36,206.52,211.48,214.97,215.00,219.02,220.95,220.41,224.83,225.72,228.71,232.62,235.94,238.42,244.35,250.24,253.03,256.64,261.35,261.94,261.30,261.94,255.02,254.91,250.02,244.64,238.08,234.56,233.07,224.54,221.01,217.55,212.61,207.48,203.42,192.77,186.21,181.46,172.24,162.78,153.10,140.87,130.97,122.02,109.56
121.49,133.84,143.59,155.72,163.62,174.00,182.54,192.35,195.92,200.34,200.81,204.01,207.14,207.04,207.28,209.46,208.58,216.00,217.22,214.57,217.18,219.42,225.61,228.71,232.82,238.80,241.11,234.21,235.97,233.21,227.80,221.92,221.29,219.94,216.93,214.19,207.06,202.11,200.60,196.70,192.17,185.53,181.86,175.57,170.39,159.59,153.22,141.74,135.33,125.93,111.83,101.12
130.63,142.86,150.22,165.87,175.33,184.57,195.00,203.07,206.46,212.42,214.45,216.23,218.30,219.74,221.42,224.08,225.39,228.18,230.85,229.71,230.36,235.02,240.01,243.96,246.27,249.05,248.62,245.25,245.41,243.81,240.71,234.88,228.72,225.32,221.14,216.93,211.24,204.24,202.53,199.97,194.08,189.77,183.88,175.14,173.05,162.87,155.46,146.03,136.24,125.92,115.73,103.41
122.20,137.03,149.48,160.38,168.24,179.94,186.39,197.09,198.07,203.04,205.54,210.47,212.51,211.68,210.21,213.22,215.52,218.39,219.97,215.47,215.52,221.00,224.32,225.38,227.11,231.50,234.83,227.22,226.92,228.11,223.37,216.21,213.85,213.17,208.96,205.66,198.30,193.40,193.22,189.23,185.56,178.06,173.99,169.65,167.91,141.15,146.44,138.92,136.01,124.62,112.07,100.32
110.31,123.04,132.00,141.23,151.82,159.48,168.51,176.14,178.37,184.74,188.09,189.25,192.01,192.35,191.85,194.18,196.37,196.70,201.94,198.15,200.16,202.53,207.53,207.71,211.93,214.24,215.06,211.07,210.24,209.27,206.63,200.36,197.00,194.76,193.20,189.18,182.86,180.55,177.77,172.28,168.43,164.84,158.40,154.43,154.18,129.50,135.28,128.69,122.00,111.29,102.16,91.35
127.63,141.09,150.31,163.34,173.53,183.10,191.38,201.52,207.50,211.48,216.09,217.81,221.28,222.10,225.62,227.55,229.19,229.94,235.94,234.05,238.40,242.84,247.76,250.06,254.15,256.70,257.66,258.14,257.02,254.40,249.34,242.53,239.31,234.55,231.85,229.90,222.72,216.53,213.88,208.86,203.65,199.90,192.38,185.72,180.94,170.46,166.08,154.95,142.84,131.18,123.04,110.07
112.64,126.73,139.98,148.12,156.60,167.92,176.01,187.26,191.86,194.47,199.01,203.53,205.78,208.48,208.87,211.62,214.46,219.11,221.68,219.91,224.66,229.80,236.01,241.90,244.23,250.38,252.83,249.88,249.90,251.10,248.03,242.27,239.37,236.16,232.95,228.44,222.17,218.11,214.11,210.42,207.00,200.49,196.01,189.56,183.44,172.53,164.60,155.76,147.79,135.65,122.02,110.69
116.18,127.88,131.24,144.51,160.64,170.70,176.01,188.79,190.39,195.53,204.95,207.18,208.00,210.65,211.61,215.06,215.78,219.00,222.72,225.94,228.96,234.16,239.07,247.41,249.60,254.05,258.79,256.84,257.24,253.72,253.28,248.28,244.49,240.61,235.59,235.13,229.16,223.22,220.87,214.73,212.19,205.68,198.11,189.93,185.54,175.86,169.46,159.62,148.08,136.37,127.06,112.16
109.93,123.71,133.75,144.54,153.70,164.20,169.50,179.94,184.17,187.88,192.20,194.66,196.90,199.02,201.80,204.96,204.92,208.41,211.62,212.21,215.23,220.23,225.40,230.87,235.92,239.08,241.66,239.64,242.07,236.68,236.50,229.10,225.58,221.01,217.86,216.26,210.07,205.91,202.30,197.43,192.92,189.02,182.20,174.39,169.14,160.31,154.81,147.05,134.09,123.86,114.59,101.55
111.11,125.00,133.79,144.90,152.47,163.05,168.36,179.63,182.46,187.58,192.30,195.49,197.75,199.25,199.25,203.39,203.53,208.04,209.27,212.95,216.06,221.21,225.85,231.54,235.21,238.62,243.91,238.54,241.30,237.06,236.18,229.20,227.50,223.62,218.08,215.23,210.64,205.41,202.00,196.33,192.67,186.78,182.28,174.05,170.21,159.93,153.79,144.12,132.85,123.81,112.68,100.22
122.43,138.18,146.26,157.69,170.00,180.11,186.70,196.58,200.19,204.22,209.15,211.40,214.03,215.70,218.32,221.36,223.65,226.42,229.90,229.65,234.45,239.70,244.39,250.80,256.22,258.85,261.08,262.15,261.93,258.12,257.93,251.59,246.94,242.07,238.01,235.28,229.01,226.15,220.23,214.45,209.86,205.18,196.33,191.34,183.70,174.01,167.60,158.00,146.48,134.20,124.49,112.73
125.30,139.23,148.03,162.20,171.81,182.01,188.88,197.69,202.99,205.73,208.06,212.61,213.94,215.86,217.45,220.10,221.00,226.88,228.54,229.98,232.17,239.72,243.98,250.91,252.44,260.82,262.35,258.94,260.95,258.50,255.99,249.07,243.35,239.71,235.92,234.55,224.84,220.74,216.76,212.19,205.88,200.53,197.40,188.66,181.41,172.20,163.71,154.72,143.74,135.09,121.93,110.06
128.75,144.89,154.92,166.23,175.52,185.33,193.13,201.76,203.00,210.09,210.75,214.98,217.60,215.59,217.26,221.21,223.43,228.37,229.37,229.44,231.95,240.30,244.59,249.80,251.80,261.81,263.11,259.03,260.85,260.17,255.83,249.62,243.83,242.24,235.60,234.36,224.51,220.05,217.19,212.25,207.65,198.65,197.69,189.71,181.71,170.75,161.90,154.47,145.78,136.24,120.93,109.40
130.08,146.32,154.21,166.53,176.40,185.30,191.37,199.42,202.68,207.17,210.44,211.18,213.55,215.11,214.57,219.32,218.39,224.11,226.68,224.61,228.28,236.14,240.75,245.28,250.41,253.05,259.14,256.96,258.49,252.86,251.91,245.54,241.92,233.70,230.11,230.67,222.50,217.04,214.95,208.27,202.98,199.11,190.59,184.09,177.48,168.11,161.15,152.32,141.72,133.76,120.00,106.51
135.13,149.38,156.97,170.14,179.34,189.36,197.39,202.54,206.05,208.87,212.17,213.22,214.98,215.52,216.07,217.75,220.37,222.38,225.89,225.50,228.60,233.95,240.16,245.51,248.20,252.24,254.40,254.69,253.05,248.87,247.76,242.99,236.68,231.05,227.34,226.10,216.75,212.44,209.77,203.42,200.12,194.74,188.31,182.63,174.93,167.17,161.47,150.47,138.74,127.58,117.05,104.35
140.46,154.26,162.63,174.63,182.89,192.01,199.15,206.65,208.09,212.55,215.23,215.93,218.26,214.56,216.23,220.06,218.36,221.52,223.54,225.66,227.49,232.43,238.08,242.56,244.90,250.15,252.44,249.88,250.42,245.46,243.73,238.43,235.02,229.01,223.23,222.18,216.07,210.37,208.63,202.47,198.83,191.01,187.75,180.35,175.33,164.79,158.42,147.87,137.32,127.91,116.10,104.92
138.54,152.76,162.83,173.28,181.03,191.76,198.76,205.73,207.54,209.35,210.80,213.18,214.29,213.69,212.00,214.77,216.17,218.40,221.50,220.04,223.11,228.02,234.16,239.71,239.27,246.97,247.48,244.52,245.55,243.28,239.79,233.42,229.37,226.50,221.71,221.35,212.90,207.17,204.40,201.30,196.51,188.31,185.91,180.21,173.01,163.37,156.19,145.66,135.96,129.07,115.52,104.10
139.19,153.94,161.01,173.17,182.00,192.26,195.47,199.11,200.89,203.69,207.00,206.52,206.40,207.27,205.93,209.00,207.18,210.51,213.49,214.48,215.38,221.37,227.07,232.94,236.35,239.30,241.81,241.60,244.17,238.00,237.50,230.48,226.76,221.33,218.56,216.61,213.65,209.29,204.12,198.76,195.82,191.01,186.30,178.10,174.38,166.81,160.61,150.96,140.87,130.65,120.27,108.27
138.68,151.61,162.61,172.36,179.14,187.22,192.04,196.66,198.07,200.24,200.44,199.97,201.56,198.50,198.00,200.77,202.54,204.79,210.34,209.12,213.78,222.41,230.00,234.62,238.77,248.97,253.73,249.07,251.54,250.94,245.49,241.60,238.17,238.52,234.00,232.04,223.29,218.40,216.02,216.21,209.77,202.83,200.94,193.19,189.08,179.61,174.00,160.29,151.61,142.36,127.06,110.35
144.36,156.37,165.00,177.12,185.85,193.60,200.96,201.24,203.42,204.63,206.62,205.22,204.06,205.50,205.91,206.04,207.85,210.77,216.53,218.66,224.84,233.38,241.06,246.98,252.05,260.78,266.44,265.42,267.00,264.98,262.19,257.15,254.59,250.27,248.28,244.29,238.30,234.79,230.95,226.05,221.36,216.23,211.01,204.00,198.01,189.07,182.70,171.03,158.80,146.37,136.07,120.54
81.34,90.79,95.71,102.11,110.57,118.07,121.83,127.77,130.75,136.86,141.82,143.93,149.41,152.32,159.01,163.37,170.49,178.22,184.29,190.08,204.04,214.40,229.01,240.17,249.13,257.19,269.46,272.98,276.57,277.89,276.38,272.62,273.38,266.65,265.32,261.61,255.21,250.65,244.98,242.08,235.21,228.90,221.56,212.25,205.18,195.39,189.16,175.57,168.03,157.19,143.81,130.43
74.30,82.15,88.54,94.92,101.21,106.53,109.04,117.92,120.15,126.04,130.51,132.06,138.41,140.73,145.01,150.15,156.72,164.45,168.91,176.23,189.99,196.94,210.68,218.11,227.48,236.45,249.19,249.07,253.40,255.83,253.02,251.27,250.60,249.05,246.06,240.86,234.61,229.94,222.99,222.85,217.45,207.00,203.81,194.73,190.39,179.85,174.09,161.93,154.03,143.78,130.86,119.04
82.35,92.76,99.62,106.00,112.01,117.92,126.05,134.73,137.23,143.68,144.40,150.44,158.62,160.26,164.15,172.05,178.68,188.02,193.58,196.92,210.95,223.81,237.23,243.53,254.95,264.60,276.73,278.09,281.60,285.03,280.83,275.94,275.27,275.94,272.52,267.90,259.62,253.18,247.87,248.47,241.45,230.15,225.86,216.90,211.06,200.00,191.44,178.77,170.00,159.51,145.24,130.51
80.66,92.48,100.00,109.11,114.20,120.37,129.12,136.93,140.66,146.24,146.44,155.21,161.77,162.41,167.76,173.54,180.24,189.95,195.54,198.83,215.06,226.50,239.87,248.70,257.48,269.68,282.06,282.47,288.43,288.00,286.46,282.09,279.02,282.20,277.16,273.31,263.66,258.45,254.47,253.16,246.08,235.59,230.50,221.73,216.54,204.47,195.53,183.22,175.86,164.25,147.65,134.47
73.25,82.76,87.68,95.71,101.27,110.77,114.13,125.10,125.87,132.03,137.93,139.52,146.00,150.73,155.19,162.44,167.37,176.71,179.77,187.24,200.26,208.25,219.59,230.22,240.97,246.25,257.88,260.23,265.29,264.98,266.00,261.35,260.00,257.96,253.51,252.29,245.84,241.83,236.65,233.19,227.17,219.94,212.51,205.85,200.82,193.35,182.12,172.19,161.21,151.46,137.83,125.73
76.06,84.12,92.66,98.41,104.55,110.55,118.87,130.38,131.49,139.47,142.43,147.51,154.30,156.54,160.59,168.07,174.93,183.15,187.77,192.63,206.42,215.20,227.07,235.38,244.13,254.80,265.56,265.00,269.81,271.91,269.41,264.92,262.72,264.43,260.80,256.45,249.95,244.72,239.20,238.93,232.01,221.89,218.40,210.00,204.02,193.85,184.59,174.56,165.89,153.65,139.40,126.65
77.41,89.05,93.43,102.93,111.32,118.21,122.58,133.87,139.62,145.17,150.96,155.71,162.86,164.61,172.15,176.78,184.57,193.02,197.20,202.16,216.82,226.24,236.60,248.16,255.22,265.15,273.77,276.28,279.04,280.77,279.72,274.37,272.52,272.15,267.81,263.94,256.11,252.72,247.63,244.10,237.23,227.77,224.16,215.59,206.89,198.30,189.49,178.83,166.97,155.00,143.25,128.84
132.97,146.81,155.71,164.65,169.80,176.65,180.24,181.65,183.35,187.11,185.15,189.93,190.00,187.76,190.55,193.22,199.48,203.93,209.07,210.09,218.33,227.00,234.18,241.05,246.45,256.00,259.38,255.69,256.40,256.31,252.69,245.40,239.42,240.43,233.62,228.96,220.51,213.88,211.80,208.49,202.61,193.16,189.53,182.58,175.96,163.44,153.38,144.09,135.72,125.92,111.40,98.98
136.06,148.19,157.43,166.47,173.00,178.10,181.46,187.02,186.70,190.16,189.55,192.51,194.10,191.47,193.35,197.57,201.76,207.42,211.34,211.14,222.28,227.80,238.25,242.71,248.57,257.24,260.74,256.46,257.86,255.38,251.77,243.07,239.01,239.40,231.14,226.31,219.02,213.08,211.22,206.25,200.68,192.43,185.93,181.50,172.74,162.54,152.75,141.95,135.07,123.97,110.06,97.59
80.31,93.41,97.08,106.53,115.45,124.34,130.03,138.64,144.63,150.71,156.08,160.33,165.19,169.17,175.57,180.97,185.61,193.22,196.79,203.04,213.84,221.36,230.21,240.92,247.61,252.69,262.62,263.21,266.39,263.10,265.17,256.59,253.40,253.00,247.20,242.92,235.23,230.60,226.82,219.36,215.46,205.18,200.77,193.67,184.39,174.14,164.05,155.77,146.81,136.52,123.44,112.29
82.05,93.96,98.11,108.19,116.11,123.97,131.55,140.73,145.89,151.74,157.20,161.45,165.68,171.29,174.27,179.81,187.84,195.41,197.65,201.52,213.06,222.00,230.05,239.18,245.51,251.92,260.32,260.49,263.43,262.48,259.72,253.16,250.60,248.67,246.72,239.53,231.51,226.83,222.61,218.63,211.23,203.54,198.48,191.07,182.88,173.23,162.29,153.94,145.99,134.35,120.83,110.54
122.38,136.82,142.56,152.20,158.84,165.42,168.24,171.49,174.04,174.91,175.32,179.62,180.48,178.63,179.01,183.24,183.32,191.17,193.83,195.72,202.43,209.03,215.23,220.86,223.38,231.03,235.59,228.65,230.67,226.91,223.29,217.26,211.02,209.94,201.90,198.60,190.43,184.45,181.57,177.34,172.84,163.99,161.60,151.33,147.99,136.17,126.92,117.21,111.02,101.55,89.10,77.90
129.40,141.77,148.48,157.93,162.25,166.83,168.07,170.00,173.22,177.80,173.68,181.53,181.28,180.43,181.25,186.21,187.88,191.45,196.33,197.16,205.29,212.85,217.83,222.34,226.18,234.18,235.85,231.33,233.38,229.71,225.34,220.48,214.15,212.23,205.62,200.63,194.10,187.11,185.55,180.94,177.07,167.87,163.78,154.99,149.37,138.31,128.81,120.24,113.65,102.59,90.43,79.76
132.14,144.54,151.72,161.24,166.48,171.00,173.95,172.59,177.37,183.12,183.00,185.16,185.06,186.08,188.61,192.01,193.50,199.16,198.76,204.95,209.98,218.19,224.15,228.06,232.81,237.99,240.01,236.73,240.07,234.83,232.56,225.61,217.26,210.74,207.76,204.83,196.01,190.91,187.41,180.85,177.55,170.19,163.44,157.61,149.16,140.29,132.00,124.65,113.37,103.81,94.76,84.53
140.07,154.43,164.15,173.16,179.11,186.17,189.83,192.63,194.03,198.31,197.50,199.42,202.37,200.19,202.55,202.63,207.18,213.49,216.75,218.60,227.69,232.05,241.81,246.42,250.06,257.24,258.29,253.39,254.00,251.48,246.40,239.47,232.80,227.64,224.21,217.30,211.44,204.08,199.90,195.43,189.08,182.99,175.70,168.60,161.55,150.10,141.79,132.32,122.97,113.05,101.49,91.79
136.12,151.48,160.53,169.96,174.66,183.41,185.19,190.90,193.20,195.89,196.86,197.99,200.45,199.36,199.16,201.80,204.35,210.10,215.08,216.42,219.99,226.37,235.64,238.31,242.70,248.09,251.32,246.22,245.37,242.42,240.07,231.35,223.44,222.19,216.48,212.06,204.30,197.63,194.01,189.76,185.17,177.20,173.44,162.80,159.10,147.72,138.41,130.36,122.19,111.83,100.96,85.98
143.61,160.08,168.36,178.51,186.08,192.42,196.08,201.56,204.30,206.24,207.04,209.75,210.09,209.31,211.26,213.60,216.23,221.63,227.04,226.56,232.91,240.29,246.61,252.01,253.43,261.22,263.93,259.37,257.85,253.51,249.15,244.24,236.04,231.62,227.18,221.05,214.48,209.75,204.64,201.00,193.57,184.45,180.38,172.18,166.60,154.83,145.17,137.08,129.19,118.30,103.86,93.65
143.96,158.05,168.76,179.64,184.70,193.26,195.97,203.00,203.02,207.48,206.93,210.28,212.53,210.28,210.00,213.19,216.53,222.99,226.88,227.43,231.51,237.80,245.84,253.21,257.23,262.76,263.15,259.43,259.43,256.08,251.05,244.24,235.67,232.03,228.46,223.09,215.56,208.41,206.04,200.66,195.21,185.01,181.84,173.36,167.43,156.46,147.00,137.30,128.81,119.85,107.12,93.23
144.81,161.15,169.05,179.81,188.56,195.13,199.42,203.20,205.14,207.95,209.12,212.04,213.00,211.99,214.03,215.67,217.46,222.05,229.17,230.54,235.05,244.62,250.46,256.29,259.00,263.15,265.82,262.73,261.87,258.21,253.30,247.07,238.61,234.01,231.02,224.93,218.07,212.25,207.06,202.63,195.39,189.41,182.58,173.53,167.34,159.00,148.93,140.23,128.51,119.47,108.91,96.88
143.74,158.42,168.80,177.07,184.39,194.46,199.81,203.54,207.53,210.49,210.46,212.85,214.77,212.98,215.82,219.10,221.31,229.58,232.73,231.95,236.78,245.54,251.75,257.65,261.77,268.33,270.48,263.54,262.76,260.05,253.31,248.40,238.08,237.26,229.44,225.02,214.36,209.88,206.65,200.94,195.00,185.13,180.89,174.29,168.08,156.52,146.73,138.13,129.44,119.64,106.21,94.83
144.40,158.86,166.17,177.86,188.37,195.56,199.27,205.37,206.02,207.96,213.43,212.33,213.18,214.04,214.83,220.13,221.88,226.98,229.90,234.36,239.43,246.56,253.99,257.33,262.84,265.77,267.44,264.85,263.62,259.62,255.98,247.51,239.84,235.70,230.29,226.89,216.93,212.04,206.67,201.56,194.59,189.65,181.80,173.05,167.43,158.11,150.08,140.72,130.00,119.00,110.31,98.31
145.52,160.12,167.59,177.86,186.51,194.25,200.82,203.48,206.49,208.79,212.47,210.72,212.53,215.34,214.67,217.70,218.22,225.00,229.65,230.49,238.27,244.70,250.94,255.74,261.40,266.55,265.71,264.56,262.03,258.68,254.70,247.07,240.47,234.78,230.67,226.81,218.50,213.24,208.69,203.30,195.29,190.68,181.89,175.39,169.50,160.96,153.12,143.92,130.82,120.34,111.04,98.08
144.92,160.95,167.90,179.74,188.61,196.73,201.36,206.16,207.20,209.39,211.00,211.40,212.85,213.26,215.57,218.48,221.65,227.09,231.68,230.36,237.17,245.96,250.15,256.91,261.67,266.05,268.13,266.33,264.47,259.62,256.20,247.29,242.03,236.92,231.94,225.72,218.68,214.29,209.30,204.88,198.08,192.76,185.30,177.80,170.67,161.64,152.53,142.95,132.23,123.26,111.07,99.16
143.95,156.73,165.74,177.87,185.27,193.13,199.30,203.74,205.14,205.72,209.66,208.96,209.75,209.72,209.88,215.56,214.57,222.51,222.95,228.11,232.44,238.66,243.00,250.07,255.39,260.93,260.50,259.00,257.34,253.16,248.92,245.46,236.03,232.00,228.11,225.75,216.01,209.85,207.28,200.93,195.85,187.86,181.53,174.10,169.54,160.56,151.22,143.17,129.03,120.42,109.08,98.84
141.72,155.13,166.21,177.20,185.05,193.01,197.34,205.12,204.38,209.34,207.04,209.48,212.00,210.95,210.66,216.34,216.02,224.96,226.75,226.92,230.59,240.87,246.34,250.57,255.37,264.46,264.75,259.12,259.34,255.81,252.05,243.52,237.93,235.92,230.08,226.14,217.04,212.45,208.06,203.53,196.89,186.36,184.17,174.87,170.00,157.84,149.46,140.94,130.31,121.30,107.00,96.80
143.38,157.76,166.98,178.91,185.43,193.22,198.76,204.44,205.77,208.48,207.87,211.49,213.01,210.23,210.34,213.28,215.24,221.88,224.27,225.89,229.69,238.56,244.01,247.92,253.00,263.11,263.21,258.54,259.77,256.58,251.10,243.90,238.29,235.17,232.55,226.18,218.06,213.15,208.83,204.17,198.41,187.95,185.71,177.80,170.46,158.09,152.07,140.77,133.00,123.07,109.34,99.46
141.16,156.20,164.58,174.23,183.77,191.25,195.44,198.93,201.19,201.31,205.57,204.12,206.89,206.46,206.01,209.75,211.19,216.37,218.05,221.50,225.64,235.59,239.27,244.92,250.80,254.33,256.40,255.56,256.46,250.58,246.72,241.30,232.22,230.18,224.54,222.80,214.67,208.66,204.41,197.62,192.59,187.00,181.02,172.19,166.43,156.60,149.86,141.78,129.83,120.17,109.90,98.27
136.12,151.27,160.15,170.59,176.98,183.04,188.16,193.04,194.37,196.21,196.09,197.20,197.20,196.42,197.43,201.02,204.42,208.66,210.98,212.46,216.62,223.83,230.60,235.57,239.02,245.95,249.23,244.90,244.48,242.25,237.95,232.62,226.43,222.27,219.79,214.98,205.12,201.44,196.02,192.98,189.03,177.72,175.56,168.96,161.77,151.49,145.15,134.13,126.32,116.69,103.47,92.01
142.56,156.52,166.17,176.71,182.22,189.91,196.02,200.90,199.70,203.77,203.42,206.42,205.65,204.71,204.69,208.09,213.48,217.46,220.73,221.88,226.72,235.30,241.81,244.80,250.35,257.86,259.06,255.98,255.88,254.57,249.58,241.62,235.48,232.85,228.05,222.95,214.83,208.83,206.93,202.20,197.95,186.94,184.62,174.98,170.00,157.80,150.10,139.49,131.53,121.94,108.85,94.64
141.74,155.72,162.79,172.80,180.21,188.60,193.06,198.04,197.04,200.81,201.00,202.07,203.74,201.73,204.38,207.50,208.41,215.03,218.29,218.25,222.20,231.78,237.52,241.68,248.32,254.35,257.53,252.25,254.47,249.35,246.56,238.02,232.78,230.95,223.62,222.93,214.40,206.32,205.55,197.59,193.83,186.39,179.78,172.61,165.86,157.26,150.48,140.86,129.71,120.07,108.24,96.40
139.56,153.72,162.12,174.01,178.06,185.41,191.38,197.00,197.25,200.56,198.31,203.48,204.16,201.36,201.76,206.49,209.32,214.46,217.60,217.08,224.96,230.49,237.99,241.70,246.08,252.69,255.97,253.07,252.81,250.06,245.35,239.78,233.82,229.92,225.44,222.80,213.36,207.33,203.23,200.59,196.04,185.00,180.89,172.59,166.57,156.95,148.19,138.41,130.74,120.02,105.95,95.78
148.49,161.28,170.82,180.81,188.48,196.37,201.56,207.19,205.91,209.07,210.04,210.44,212.85,211.48,210.84,216.33,218.22,222.64,225.55,227.15,234.30,243.21,248.45,254.20,258.63,262.69,266.43,265.51,264.92,259.66,260.19,252.79,246.00,241.03,235.72,231.53,225.58,218.32,213.74,208.02,203.84,195.69,190.51,180.71,175.41,164.71,157.49,147.03,136.31,125.48,115.87,103.95
137.75,152.03,159.01,169.07,176.12,183.81,186.76,192.63,194.04,195.49,195.47,198.24,199.98,198.70,199.27,203.30,204.80,207.59,211.40,214.80,219.46,229.02,232.83,238.42,244.17,249.24,249.73,249.65,250.79,247.13,243.28,237.23,229.43,228.35,221.55,220.23,211.63,206.25,200.90,196.74,192.66,183.92,178.36,171.76,167.19,156.17,149.46,139.27,129.69,119.02,107.91,96.83
137.36,149.04,159.14,169.96,174.03,180.69,186.19,190.97,190.18,194.58,193.79,196.96,197.57,195.93,194.37,199.38,202.20,207.53,211.21,209.88,216.06,224.16,229.01,234.10,240.03,247.32,250.48,246.36,246.43,246.13,239.89,233.07,228.32,226.89,222.03,218.19,210.09,205.65,200.06,197.27,191.21,183.61,178.19,173.28,165.95,156.47,147.61,137.71,128.72,119.10,106.67,95.71
138.03,151.80,160.55,168.66,175.14,184.23,188.18,192.51,191.37,193.71,196.62,197.67,198.76,195.87,196.82,199.90,202.48,208.52,211.01,211.01,217.28,226.24,231.46,236.14,240.24,248.20,251.43,248.34,248.72,246.95,240.78,238.10,229.67,228.88,223.14,220.51,212.14,207.34,203.89,198.96,193.96,186.12,182.02,173.97,166.11,158.66,150.00,138.97,131.80,119.68,107.34,96.80
131.50,145.77,153.18,163.86,170.18,176.05,182.07,187.04,188.22,190.44,190.21,194.03,195.69,193.15,191.43,195.78,198.25,203.97,207.76,208.58,213.27,221.90,227.44,232.90,237.97,242.33,246.56,244.66,243.18,242.00,235.23,230.50,222.77,222.91,217.10,215.23,206.55,199.48,194.73,191.64,185.22,178.49,174.77,165.30,161.53,149.56,141.48,132.38,123.69,114.98,102.42,89.89
135.80,147.46,156.28,166.41,173.48,180.16,183.70,187.30,186.81,190.96,190.54,191.94,192.20,191.40,190.85,195.15,197.45,201.90,207.28,205.42,212.61,219.32,226.07,232.33,236.40,243.03,245.49,244.98,245.54,242.33,239.93,232.28,227.77,224.19,220.41,216.09,209.02,204.07,199.54,196.33,191.13,184.57,178.23,169.52,166.03,157.28,147.34,138.92,130.30,118.60,107.47,95.60
130.82,144.85,153.21,165.72,170.80,175.65,182.78,187.72,188.16,190.92,190.77,193.06,193.00,190.94,190.66,196.90,199.73,204.96,209.16,207.89,213.21,220.62,228.99,234.75,239.47,244.76,248.56,244.18,243.97,244.52,236.58,231.59,226.32,225.14,218.66,214.45,206.82,202.57,196.57,195.02,187.95,178.52,175.07,168.07,162.09,151.16,142.41,132.64,124.62,115.16,102.55,90.52
131.65,146.12,151.80,161.94,170.39,177.52,181.84,185.10,187.26,189.00,190.28,191.26,191.48,192.07,192.98,196.06,197.41,202.43,208.40,208.15,212.71,220.93,228.32,234.24,238.44,242.86,246.49,244.02,244.70,242.40,237.31,230.22,225.04,222.07,217.19,215.15,206.02,202.53,195.36,190.94,186.43,180.45,172.05,163.05,160.03,150.79,143.01,134.16,123.47,111.76,104.39,91.27
135.82,147.76,153.85,164.37,172.98,179.40,182.53,185.15,186.45,186.47,189.16,189.01,190.69,190.80,191.70,194.80,194.01,197.96,201.46,204.40,210.00,217.57,223.43,228.90,232.96,241.21,243.53,242.24,243.58,239.57,237.95,232.00,225.98,222.65,218.55,215.80,210.05,204.16,201.85,195.49,188.35,184.84,177.56,170.34,165.65,156.82,149.97,141.99,129.40,118.83,110.98,97.91
132.70,146.86,153.42,164.68,170.88,178.22,183.05,186.53,188.31,190.91,191.67,191.64,194.06,192.59,192.77,195.90,198.81,203.54,206.00,208.91,213.38,221.29,229.03,234.98,239.13,244.44,245.59,244.48,244.39,240.83,236.78,231.09,224.12,222.74,216.91,212.61,204.92,198.64,194.52,192.02,185.15,179.75,173.08,164.05,158.82,148.71,143.12,134.20,123.23,113.86,103.45,90.14
136.31,149.78,156.67,166.96,174.57,181.00,185.66,188.92,187.52,189.02,191.21,191.23,191.85,191.42,192.40,195.50,195.76,201.70,203.84,205.51,212.13,218.94,225.06,230.87,232.48,240.41,243.61,241.93,243.74,239.27,235.79,230.31,224.93,220.78,216.00,215.06,207.76,201.79,197.95,195.58,187.98,183.70,177.34,169.39,163.37,156.71,149.40,140.13,129.19,119.01,110.34,96.93
135.87,149.62,156.12,166.23,174.23,183.20,184.84,189.61,191.82,193.66,195.54,196.73,198.34,198.16,198.09,202.55,201.70,208.10,212.02,213.22,219.37,224.93,231.81,236.85,241.85,245.64,249.83,247.08,247.27,241.34,240.20,232.26,228.46,222.99,218.51,214.24,207.62,202.20,197.33,192.17,186.78,180.47,174.00,167.36,160.03,151.00,143.84,134.63,123.56,113.14,104.24,93.51
139.28,153.17,161.64,173.08,181.02,189.65,192.00,198.64,196.64,200.47,203.93,202.30,205.00,204.71,204.38,208.34,210.41,215.61,216.93,222.04,225.89,233.81,240.80,245.54,248.41,255.71,256.22,254.59,255.54,250.68,247.07,239.28,234.31,229.40,225.62,220.78,215.57,209.29,202.85,198.84,194.16,186.59,179.01,171.23,164.62,156.37,148.27,138.74,126.91,116.93,107.91,97.01
139.82,152.80,160.64,172.51,179.74,188.51,189.39,194.16,195.17,197.16,198.37,200.06,199.83,202.39,201.02,205.36,204.16,209.44,213.25,214.53,220.20,227.56,233.24,237.68,243.51,246.13,251.29,249.10,251.24,245.28,243.43,235.60,229.90,226.63,221.76,219.66,212.85,209.30,207.19,198.71,193.84,186.75,181.23,173.68,167.84,158.78,151.74,142.00,130.46,120.35,110.42,100.17
135.25,150.30,156.46,167.93,175.41,183.09,189.08,190.39,193.33,194.74,197.02,196.33,198.96,197.44,197.69,201.88,203.54,208.15,211.85,212.53,217.15,227.37,232.03,237.41,241.61,247.05,248.24,249.20,248.02,245.05,240.71,233.82,226.76,224.08,220.13,216.23,207.62,203.36,199.02,195.14,188.04,184.23,175.39,168.96,161.89,152.61,147.09,137.57,126.15,114.95,106.17,95.63
140.87,156.73,164.76,174.14,180.83,189.53,193.71,196.86,199.06,201.68,200.19,201.56,203.35,201.47,200.55,205.24,205.83,211.75,213.59,214.69,220.06,227.88,234.62,239.28,243.90,251.02,253.39,250.25,250.70,248.16,242.69,239.40,231.60,231.09,225.86,223.23,214.76,208.69,206.02,202.36,194.12,188.29,184.35,175.82,169.99,160.31,151.82,143.60,132.02,123.56,110.42,99.57
142.21,155.44,163.05,173.82,182.70,188.92,193.96,196.98,198.60,200.26,202.77,202.02,203.57,202.56,202.24,204.79,205.23,211.01,212.25,213.97,220.05,226.65,235.00,239.70,243.71,249.83,253.78,250.97,252.22,248.21,243.43,239.94,231.81,230.41,224.86,221.07,213.79,208.47,205.41,201.47,194.49,189.11,182.01,174.61,169.03,160.96,150.03,143.96,131.80,121.71,111.02,99.69
138.06,151.82,163.22,174.18,179.01,185.80,191.13,197.01,199.45,199.49,198.98,200.37,202.62,201.25,199.72,204.55,207.91,212.00,216.31,216.67,220.23,227.25,235.00,241.23,245.37,251.91,253.40,250.00,247.54,246.71,241.70,236.09,229.02,228.24,222.99,219.15,208.87,203.38,201.36,195.79,191.07,181.20,178.93,169.85,163.88,154.56,145.50,136.56,126.85,117.21,105.95,92.62
139.46,155.57,163.69,174.27,181.41,189.90,194.47,198.18,199.25,201.82,202.57,202.95,204.43,203.67,202.36,206.49,209.85,212.51,216.84,216.94,222.04,228.28,236.21,242.39,243.81,251.46,253.14,251.64,248.81,247.98,244.64,237.00,230.64,227.61,222.74,217.68,211.03,205.01,202.03,197.47,189.53,183.70,176.32,170.01,162.86,156.49,146.18,136.30,126.85,116.81,107.20,95.21
138.75,152.97,163.11,172.26,179.87,187.88,191.44,197.97,197.00,201.44,200.85,202.51,202.41,202.09,202.08,205.55,206.81,211.73,214.34,216.58,218.75,228.18,233.81,238.29,242.63,250.38,253.16,248.87,248.85,246.33,240.95,234.45,228.27,226.63,220.62,216.45,209.09,203.58,200.06,193.26,188.01,180.61,176.32,168.96,161.99,152.32,144.63,136.01,126.57,115.88,104.81,95.08
144.63,160.60,168.83,177.63,188.04,196.43,200.18,203.84,205.52,206.93,206.93,210.34,211.29,209.12,208.61,214.46,215.75,220.38,223.60,224.83,229.33,236.43,242.79,249.65,253.16,259.62,260.93,261.17,258.91,256.02,252.07,244.10,237.62,234.62,227.77,223.11,216.21,209.95,207.56,201.85,196.50,188.74,181.40,173.51,168.24,157.20,149.58,140.16,130.25,121.05,108.60,97.25
128.69,141.32,150.00,157.66,167.09,173.18,177.90,179.80,181.29,184.36,186.27,185.22,188.47,185.56,186.56,189.62,193.02,196.65,201.20,199.48,203.68,211.44,217.81,222.70,225.36,232.50,234.31,232.61,229.64,228.53,224.06,217.89,211.70,207.71,205.88,199.54,194.06,188.05,184.23,180.06,174.54,169.76,161.99,155.71,149.40,140.60,133.93,124.54,116.25,105.77,97.87,85.59
130.15,143.75,149.70,160.00,168.91,176.03,179.45,183.00,184.20,185.61,186.94,187.38,188.30,188.38,190.07,192.08,194.49,198.34,202.53,203.01,207.18,217.22,221.43,225.86,230.08,235.02,236.21,236.04,235.05,231.05,229.02,223.47,216.02,212.20,206.55,204.71,196.23,192.09,188.69,181.99,176.57,171.28,164.79,158.65,152.97,144.70,135.88,128.50,118.38,108.06,99.64,88.41
148.22,163.11,172.63,183.17,189.21,197.85,202.87,208.20,209.70,213.21,214.15,214.56,217.79,216.84,216.45,221.00,222.46,229.96,232.81,232.42,239.52,249.18,254.07,260.10,266.10,273.47,276.47,272.59,271.11,268.48,260.43,256.81,250.57,246.22,240.48,236.01,228.40,221.54,216.45,211.99,207.47,195.26,191.13,182.78,176.00,165.89,156.34,145.40,135.18,125.96,112.20,102.08
131.70,142.90,151.61,160.15,168.66,176.18,179.80,182.28,182.86,185.56,187.26,186.45,188.69,189.18,189.17,191.88,193.93,197.31,201.00,204.17,207.76,216.52,224.16,229.42,233.21,239.27,241.77,241.23,240.21,237.19,233.60,227.44,221.73,216.27,212.93,211.09,202.81,199.47,193.66,190.23,182.79,178.28,169.66,166.21,158.90,151.16,143.09,135.06,123.20,113.65,105.38,93.92
139.00,151.21,160.11,169.81,177.41,182.99,188.10,193.75,193.79,197.20,197.87,197.45,201.16,198.92,200.56,202.83,207.47,210.05,214.98,216.70,222.28,230.82,239.37,243.82,250.35,255.82,258.31,258.27,256.11,255.16,248.07,241.88,235.59,232.86,231.37,225.41,217.19,212.00,205.88,202.06,197.80,190.91,184.94,177.90,171.02,160.24,152.88,144.50,132.88,122.29,111.13,98.99
129.31,141.74,149.24,161.06,166.36,173.37,178.40,180.24,182.13,184.46,185.85,186.95,186.90,188.04,188.48,193.28,192.67,200.45,201.40,204.92,211.19,218.59,224.88,230.03,235.91,241.45,244.86,243.17,244.52,239.38,235.21,230.85,226.81,223.14,218.75,213.53,207.17,201.02,197.96,194.00,186.72,180.62,175.86,167.28,162.61,154.08,146.15,137.97,124.89,116.11,106.04,96.26
136.01,151.03,157.19,167.00,175.45,182.20,187.81,193.10,192.77,196.47,196.74,196.87,198.44,199.28,200.38,203.93,207.04,212.08,215.68,217.85,223.57,233.38,240.60,246.95,251.08,257.86,260.28,258.88,260.34,255.70,252.96,245.73,241.17,234.80,232.88,227.71,221.17,214.27,210.54,205.57,199.00,193.22,186.82,179.20,172.70,163.27,155.22,146.12,133.82,124.54,114.04,100.50
128.71,141.65,151.08,159.53,163.53,171.43,176.92,181.86,183.40,184.61,185.00,187.27,189.64,187.41,188.52,193.34,195.48,203.19,204.68,205.51,211.82,219.49,225.50,233.64,236.28,244.43,247.01,242.21,244.81,241.59,239.71,233.44,227.04,224.61,221.06,216.18,208.15,204.22,198.84,194.24,190.14,181.80,178.31,170.07,164.56,154.78,144.81,136.62,127.53,120.92,106.23,94.01
135.15,149.68,158.09,165.60,174.57,180.07,185.44,190.79,190.98,194.00,195.83,195.76,197.77,196.08,197.29,199.88,203.01,208.83,213.82,215.43,221.35,228.72,238.16,242.71,249.40,253.79,257.61,257.22,257.85,250.86,248.94,243.34,237.12,234.79,230.64,226.77,217.59,212.42,206.90,204.85,199.28,190.88,186.26,178.23,171.99,160.96,151.54,144.59,132.97,122.64,112.41,100.00
136.19,150.62,158.32,168.08,174.83,182.99,186.96,190.92,192.80,195.06,197.09,196.79,197.37,196.45,197.96,201.68,204.69,210.22,213.84,216.23,223.03,230.52,238.21,243.52,249.58,254.33,257.00,256.63,256.98,252.52,250.15,241.92,239.27,235.44,228.95,224.01,217.34,211.74,207.91,203.74,197.52,190.00,183.66,177.16,169.99,163.09,152.59,144.03,132.28,121.71,112.87,100.44
135.56,148.34,156.59,166.03,174.18,181.00,185.15,189.08,191.26,192.33,193.81,194.83,197.04,194.02,194.16,199.16,201.60,207.14,210.09,212.26,218.40,227.43,234.10,239.17,243.89,252.20,256.01,251.45,252.86,249.06,246.45,238.92,234.23,231.46,226.05,222.10,214.95,208.94,205.57,201.30,193.96,186.64,182.32,175.17,168.18,158.05,150.69,140.70,129.77,120.25,108.91,98.06
134.41,149.75,156.67,167.26,174.72,178.63,186.08,190.98,191.77,193.57,193.38,196.82,197.25,194.88,195.47,199.54,202.41,210.26,210.54,213.40,219.62,226.45,234.34,239.01,243.21,251.85,254.00,250.05,252.20,247.74,244.20,238.80,233.43,231.35,225.80,220.74,214.04,208.08,203.83,199.97,193.57,183.88,181.66,174.00,166.82,158.66,148.60,138.76,129.07,119.64,107.62,96.65
138.68,153.57,161.41,170.58,179.40,187.26,192.04,196.02,197.63,199.54,201.04,201.81,202.56,202.97,203.19,206.40,208.09,215.42,217.20,220.10,226.32,232.48,240.08,244.83,250.23,256.46,258.77,255.36,256.90,252.62,249.83,243.10,236.04,231.49,226.93,223.19,214.16,208.00,205.07,199.21,193.96,186.55,179.92,172.25,166.48,155.43,147.18,139.45,126.46,117.07,105.11,94.26
139.43,152.61,159.20,169.50,177.79,186.87,188.48,193.44,195.14,197.27,200.06,198.93,200.26,201.32,200.61,205.52,205.46,212.43,212.81,218.08,221.42,229.11,235.31,241.63,245.00,251.29,253.15,251.29,252.51,247.03,245.78,238.40,232.65,226.37,222.38,219.16,211.37,203.84,202.36,194.74,191.06,181.60,176.98,168.43,163.48,153.57,144.81,136.53,123.76,113.00,105.12,93.51
138.00,152.28,161.38,170.00,178.54,183.99,191.88,194.51,195.75,198.09,199.38,199.94,201.88,201.38,200.03,202.81,208.39,210.01,215.23,215.76,222.25,230.22,235.80,241.50,246.00,250.77,253.55,252.72,250.54,248.03,243.40,237.69,229.26,226.95,222.85,218.05,209.88,204.02,197.91,194.43,188.81,182.43,175.48,168.19,161.99,151.35,143.18,134.54,122.48,113.65,104.69,92.61
142.76,159.20,173.49,181.14,186.82,194.64,196.74,205.77,208.97,209.61,209.47,210.45,211.68,209.69,210.26,215.19,217.27,221.54,223.91,227.27,232.18,240.58,245.42,252.12,256.35,263.43,266.69,261.66,262.15,258.05,253.95,245.96,239.71,238.10,232.13,228.47,217.02,213.93,209.42,203.73,197.50,186.90,184.27,175.73,169.12,157.95,149.40,138.06,129.69,120.25,105.69,95.08
145.42,159.88,170.00,181.66,187.81,194.65,200.47,205.29,205.36,208.43,208.09,210.72,210.24,209.47,210.75,212.76,216.63,221.27,224.61,225.20,229.90,239.05,245.42,251.45,256.01,261.84,264.37,261.81,259.12,257.96,253.44,245.90,237.55,235.02,232.14,226.43,216.45,212.13,206.65,202.87,196.10,186.45,181.07,175.07,167.97,155.42,147.23,138.74,129.20,119.20,106.79,93.30
150.00,158.82,169.78,181.30,190.21,195.56,196.99,199.38,199.16,199.86,201.01,198.40,198.16,199.49,199.65,203.93,206.04,212.00,214.41,216.19,224.01,230.52,240.30,244.27,248.73,256.32,259.61,259.72,258.56,257.10,253.82,248.24,241.68,238.65,234.46,231.04,223.47,219.02,213.28,209.75,201.40,195.82,189.56,182.02,175.91,168.96,159.88,149.35,138.24,127.56,116.38,104.17
143.89,158.40,167.11,177.53,185.07,191.76,197.12,202.43,201.82,203.69,203.35,204.78,204.88,204.45,203.10,208.09,210.15,214.22,218.76,220.10,225.86,231.26,240.38,246.53,249.66,254.03,255.07,254.61,253.80,250.23,243.90,239.20,232.69,230.05,223.08,221.05,211.34,202.07,199.70,196.60,190.54,181.84,175.51,168.34,162.11,149.91,142.02,135.09,123.76,114.24,102.24,89.84
143.61,160.31,168.22,177.41,185.00,193.23,196.95,202.68,201.80,203.55,205.57,206.39,205.08,205.80,204.98,209.47,211.75,216.34,218.90,220.32,226.81,233.31,240.83,246.06,250.98,256.63,259.59,254.14,253.93,250.80,247.69,241.37,233.05,231.25,226.29,219.66,212.45,204.36,200.00,195.63,188.86,181.69,175.65,169.37,162.37,152.59,142.86,133.72,123.47,114.42,102.58,92.76
143.01,155.65,167.20,176.82,183.60,191.85,194.37,199.48,200.64,203.63,203.57,204.41,206.63,203.69,204.06,208.13,210.54,216.78,220.63,218.52,223.34,233.42,239.18,246.46,250.41,258.21,258.71,255.00,256.46,249.80,247.95,240.24,232.86,229.96,223.65,219.46,212.42,207.08,201.59,196.82,189.86,179.27,175.32,169.84,161.05,151.61,141.87,133.46,124.20,115.83,103.41,91.44
143.75,158.81,166.87,177.50,184.82,194.25,196.38,201.56,201.16,205.55,205.65,206.65,205.55,206.69,207.94,210.54,212.55,217.04,222.12,222.44,227.85,236.22,243.20,249.44,254.14,262.09,263.05,259.62,258.86,254.48,252.04,243.48,237.60,233.45,228.54,223.26,216.21,209.48,203.53,199.57,191.02,184.23,178.23,171.59,163.00,154.16,145.01,136.33,125.63,115.68,104.81,93.65
142.02,155.36,161.97,172.71,182.46,188.73,192.51,195.58,196.37,198.66,201.94,200.56,202.27,202.09,201.95,205.63,206.79,214.11,216.97,218.06,225.52,230.56,237.92,246.15,251.91,256.58,256.63,257.15,256.07,252.68,247.20,240.41,235.31,229.92,224.84,221.82,212.32,207.63,199.84,196.49,190.28,184.74,176.26,167.09,162.93,153.01,146.01,136.62,123.99,113.65,104.48,93.01
140.80,155.60,162.27,173.93,182.91,189.53,194.12,199.12,198.81,200.56,203.03,201.46,202.06,202.83,202.24,207.39,210.30,214.84,219.11,221.71,225.66,236.50,242.86,248.00,255.36,259.49,262.09,260.74,259.31,255.92,251.75,244.24,237.36,233.42,227.48,225.58,216.06,210.24,204.88,198.70,191.17,184.44,178.57,170.00,165.41,154.26,145.33,137.23,125.72,115.97,106.02,95.19
141.48,153.65,164.68,175.82,181.66,188.22,191.76,197.21,196.70,199.98,196.43,199.02,200.63,198.25,198.08,203.06,205.07,211.29,214.46,216.33,220.95,230.72,236.45,243.68,248.36,257.13,260.05,256.34,257.26,252.87,248.68,241.97,236.30,233.42,228.43,226.72,216.06,211.57,208.03,201.81,197.04,186.26,184.74,176.82,171.03,159.88,150.42,141.11,131.67,122.04,109.11,97.84
144.45,158.80,166.39,177.41,182.17,192.28,195.49,196.71,197.25,199.54,199.69,199.48,201.93,200.68,200.16,205.54,206.02,211.82,215.63,217.80,223.00,232.36,238.84,246.56,251.29,258.54,261.49,258.54,258.80,254.57,252.52,244.18,239.08,233.94,229.94,226.42,218.56,215.06,209.10,202.71,198.04,190.08,184.18,178.23,170.88,163.00,152.11,144.09,132.56,122.89,113.99,101.14
138.35,153.55,161.53,172.26,179.01,187.30,192.31,195.78,196.57,198.22,198.60,201.02,200.81,201.00,200.50,204.98,209.80,213.25,216.23,218.13,225.06,232.56,240.10,246.16,251.45,257.62,260.09,256.32,254.72,254.40,250.12,240.10,234.10,231.37,225.58,220.30,211.85,206.78,201.85,196.37,191.09,183.40,177.79,169.78,161.64,152.75,145.21,136.30,125.67,116.39,106.23,95.52
143.00,157.17,166.53,177.86,184.84,191.77,196.36,202.77,202.99,205.22,205.01,207.82,209.70,206.78,206.74,211.59,214.28,221.84,224.41,225.87,230.73,240.79,246.45,253.87,257.77,266.07,267.03,264.19,264.46,260.11,255.89,250.34,240.84,238.76,230.59,227.69,217.81,211.57,208.63,203.07,195.17,188.09,183.34,175.93,168.57,156.73,147.83,141.77,127.48,119.55,108.25,96.66
136.36,149.41,160.10,171.49,175.91,184.01,186.34,192.82,194.79,196.25,195.93,198.04,198.91,197.01,198.06,202.53,204.94,210.07,214.67,214.57,220.47,227.55,236.60,240.71,244.00,254.91,254.88,249.78,246.52,245.94,239.59,235.10,226.74,226.21,218.76,214.96,207.51,199.28,196.01,192.31,186.00,176.66,171.98,166.05,159.88,148.56,140.00,130.03,123.33,113.18,100.32,88.87
138.00,154.30,171.70,179.32,182.01,189.97,198.84,201.11,201.09,204.92,202.85,207.42,207.79,206.07,205.66,211.21,212.05,220.49,222.00,223.22,228.74,237.66,244.10,248.12,255.28,263.11,263.47,260.91,259.11,253.97,250.12,244.03,236.25,234.42,229.40,224.20,216.45,207.76,207.12,199.62,194.73,183.99,179.94,173.83,166.14,153.05,146.10,135.06,127.77,118.87,104.69,93.09
142.84,157.84,166.11,178.02,185.71,191.11,195.88,200.32,200.74,202.87,206.01,205.06,205.88,206.17,204.09,210.06,213.40,215.62,220.05,222.64,228.60,237.26,242.27,246.79,252.79,257.93,258.21,256.46,258.41,252.69,250.48,242.53,234.39,229.11,223.65,220.41,212.90,205.35,201.64,196.65,191.48,184.81,177.05,169.85,163.05,152.01,145.42,136.30,125.04,114.02,106.22,93.04
141.89,155.43,167.30,174.73,184.32,189.53,195.97,200.94,200.87,203.44,204.12,205.76,205.27,203.48,203.67,205.77,213.27,216.92,222.66,220.81,226.42,235.16,244.05,247.42,251.41,256.96,259.94,257.44,255.74,254.47,247.89,242.69,234.69,231.66,228.09,222.03,213.02,204.63,201.42,200.04,190.97,182.48,177.51,171.48,164.20,154.40,144.84,135.36,125.06,114.59,103.39,93.54
141.78,156.01,166.93,177.72,184.05,189.52,195.92,200.38,200.16,203.67,202.43,204.69,205.43,203.55,205.39,207.17,210.62,213.47,218.44,221.05,224.59,233.28,240.35,246.53,250.05,257.93,259.48,255.05,253.31,253.03,246.98,241.35,233.00,229.48,225.83,221.12,211.21,208.09,204.24,198.54,192.42,182.47,176.64,171.29,163.05,152.74,144.07,136.01,126.76,115.62,103.41,91.24
144.16,156.92,164.45,176.78,182.99,192.17,196.01,199.90,200.21,201.73,202.97,202.65,203.86,204.22,203.49,208.06,209.51,215.96,218.32,221.25,224.66,233.85,239.11,246.33,251.38,255.76,259.11,257.60,255.27,253.58,248.07,241.23,232.95,230.59,225.80,221.68,212.73,207.25,201.12,198.02,192.07,183.86,176.39,169.50,163.17,152.61,143.14,135.53,124.82,115.42,105.99,91.92
144.31,158.03,166.05,177.40,181.74,191.45,194.03,196.96,198.20,198.88,196.43,199.38,200.48,198.24,199.06,200.90,203.80,208.15,211.77,213.60,219.11,226.11,235.05,239.40,242.57,250.13,252.94,249.10,251.64,246.29,242.72,237.15,230.69,230.43,224.18,221.62,211.63,206.58,204.04,200.20,194.02,184.17,181.46,176.28,168.67,158.34,149.27,140.13,133.06,123.47,108.56,97.41
145.99,162.09,169.62,179.57,187.11,192.76,199.46,201.70,200.08,202.43,203.68,202.30,204.41,204.02,203.02,204.94,208.25,211.43,216.53,217.37,223.33,231.11,238.95,243.46,248.07,252.99,255.98,254.95,255.93,251.35,248.17,239.58,235.16,232.01,226.74,222.41,214.61,212.23,207.12,200.41,194.70,189.62,183.44,177.10,171.41,161.99,153.59,143.27,134.72,124.33,112.58,100.40
139.31,152.20,163.23,172.79,179.47,188.35,190.91,197.73,197.77,200.82,199.21,202.03,202.12,203.67,201.72,206.55,208.15,214.90,218.04,221.72,224.15,231.57,238.92,244.05,247.70,256.42,259.39,251.25,252.79,250.35,245.20,238.03,229.26,228.35,222.72,218.91,209.25,203.84,199.01,196.45,189.16,180.07,177.54,168.86,162.74,150.33,141.51,133.14,122.71,115.60,100.85,90.43
125.16,137.32,140.73,149.04,154.72,159.70,158.52,160.72,161.93,160.65,161.94,161.47,158.90,158.15,156.00,158.62,155.65,161.64,158.93,159.85,161.64,163.34,168.87,167.73,168.36,169.96,167.55,165.56,165.74,163.49,159.91,166.57,169.50,176.49,179.01,189.26,188.14,194.20,197.65,195.86,192.77,187.30,181.84,174.77,169.10,158.62,151.82,141.06,131.24,119.85,109.48,99.09
137.53,152.07,161.01,172.54,178.94,188.57,190.28,196.31,197.20,198.88,199.70,199.45,201.90,201.38,203.30,208.25,209.35,215.15,216.52,220.64,224.27,232.65,239.08,245.46,249.51,256.10,256.63,253.73,252.07,246.42,243.50,237.86,230.22,226.88,219.86,218.28,210.11,204.48,199.67,192.67,188.28,181.14,173.48,166.14,159.89,148.66,141.48,131.82,119.87,111.00,103.73,90.43
138.61,153.57,163.34,173.82,180.18,185.71,190.97,197.25,199.32,201.60,201.91,203.49,205.55,204.71,203.22,208.20,210.86,215.13,220.57,221.52,226.38,234.48,241.96,246.11,251.10,258.12,261.55,254.01,251.72,252.13,245.12,239.30,232.02,229.68,224.12,220.10,211.70,206.29,201.46,196.81,187.52,180.83,175.09,167.84,161.48,149.41,141.77,132.46,122.71,112.54,101.36,89.05
136.57,151.82,159.78,169.85,177.78,185.85,189.86,196.01,197.25,199.42,199.06,200.44,203.77,201.84,202.31,205.73,208.63,214.55,217.35,219.24,225.53,232.05,239.43,244.12,248.94,254.76,255.85,253.21,250.06,249.23,244.63,237.95,231.32,227.73,222.80,218.83,210.64,201.31,200.20,195.88,189.25,179.74,174.14,168.76,160.55,149.97,141.06,132.82,121.70,111.83,101.02,90.08
140.04,154.33,160.86,172.19,180.01,186.55,191.38,197.04,198.04,199.22,202.61,201.46,203.33,203.09,203.57,207.68,210.64,215.26,218.67,220.79,225.66,234.45,241.12,246.73,251.62,257.24,257.86,257.24,254.00,251.91,247.95,241.37,231.49,229.83,223.66,221.05,211.04,206.81,201.40,197.52,189.56,183.22,174.38,168.67,162.01,151.61,144.40,134.63,124.04,113.53,102.96,93.41
137.42,152.21,158.90,169.76,177.00,185.22,187.26,192.00,192.32,195.16,196.47,197.06,198.24,197.25,199.74,202.89,205.01,208.66,213.81,215.47,220.84,227.24,234.08,239.91,242.85,247.65,252.20,250.52,251.09,244.13,242.59,235.65,230.08,224.15,220.13,216.46,210.02,204.95,199.84,193.26,187.13,181.22,173.77,166.72,159.52,152.03,144.18,135.30,123.37,114.02,104.32,93.65
135.69,148.97,156.44,167.86,175.01,182.88,186.27,191.40,192.63,194.81,195.21,197.20,199.21,198.70,199.82,203.16,206.02,213.93,214.08,217.08,221.68,230.00,235.85,241.68,245.73,253.12,251.72,248.28,249.80,245.00,242.04,234.85,227.66,223.73,217.30,214.90,205.20,200.49,196.38,191.80,184.77,177.41,171.05,164.25,158.55,148.76,139.46,130.63,119.20,111.97,100.60,89.47
134.41,147.12,158.15,167.36,175.58,180.68,186.76,191.60,193.00,197.70,195.82,197.50,199.46,199.46,201.25,203.84,207.39,212.90,217.64,218.87,224.56,230.84,238.03,241.45,246.98,253.66,253.16,250.98,249.02,247.19,242.19,236.91,229.73,226.45,220.27,214.93,208.49,199.96,196.33,194.15,185.95,178.04,174.18,165.50,162.19,147.36,139.64,130.25,119.67,111.62,101.08,88.87
134.63,148.92,157.04,169.58,176.14,183.18,187.42,193.13,194.37,196.00,196.94,198.65,200.32,199.42,199.09,205.06,207.28,212.84,216.89,218.55,221.84,229.49,237.69,243.40,247.24,253.00,253.02,252.24,251.78,246.59,244.59,236.14,228.11,224.72,220.20,218.50,207.39,201.65,198.02,193.79,186.80,178.90,171.92,166.14,159.38,149.84,140.80,131.24,121.00,110.37,103.41,91.27
138.13,152.32,162.36,171.33,178.94,185.19,187.76,189.50,188.90,195.01,195.72,196.24,197.85,197.13,196.73,201.36,203.69,208.94,212.08,212.72,220.66,227.18,234.34,238.10,243.50,247.15,250.58,250.00,248.56,247.26,241.21,236.36,230.12,228.74,225.06,218.69,210.49,204.14,199.09,198.02,190.71,183.86,177.26,170.16,164.68,154.77,146.54,136.13,127.31,116.11,106.07,95.21
136.03,150.28,159.14,167.45,175.41,183.24,187.60,193.15,195.90,197.45,196.79,198.60,202.95,199.90,201.56,204.79,206.63,214.45,218.06,218.12,224.93,231.37,238.30,242.54,246.66,254.40,254.40,250.80,249.80,248.31,242.91,235.82,229.06,227.84,221.46,216.70,207.97,200.26,198.13,193.07,185.65,177.72,173.17,168.36,159.84,148.66,140.43,130.38,122.38,113.22,99.76,91.21
136.95,152.27,161.15,170.84,178.54,185.93,189.50,193.17,193.83,196.64,197.57,197.95,199.64,198.29,200.88,203.69,205.83,212.40,214.76,216.76,221.82,228.12,235.31,238.90,246.79,250.71,254.02,252.05,251.37,247.49,243.29,234.97,229.99,227.97,221.42,217.82,209.95,204.46,201.32,196.02,189.49,181.99,177.13,168.39,163.23,153.59,144.80,137.00,126.13,116.97,105.19,93.41
141.51,156.27,163.37,174.14,182.46,189.81,193.09,195.09,197.96,200.64,200.85,201.48,203.89,204.20,204.86,208.06,209.41,214.11,217.39,220.24,226.38,233.31,238.32,246.01,250.96,257.60,257.16,257.29,255.65,251.10,248.93,241.60,235.03,230.50,226.21,222.40,212.95,209.77,206.19,199.49,191.85,185.43,178.66,172.74,165.11,157.54,147.96,139.26,127.62,117.61,108.16,95.34
140.25,154.26,162.86,174.38,181.00,186.63,192.10,197.19,198.04,201.46,199.97,202.63,204.83,202.98,202.36,206.89,212.00,216.39,219.80,219.53,224.62,234.08,240.45,245.08,250.14,257.07,258.49,256.01,255.64,253.49,247.29,240.42,234.52,233.50,227.72,221.00,213.18,207.80,204.20,201.32,192.59,183.41,180.10,173.95,166.39,155.03,146.29,137.24,127.24,119.27,106.04,92.80
135.35,146.73,159.62,167.36,174.77,181.57,187.22,191.01,192.09,194.49,193.75,195.17,196.56,196.12,195.14,199.54,202.09,207.00,210.49,212.08,216.93,225.26,231.97,236.91,240.14,247.00,248.77,247.50,248.16,245.49,240.10,233.85,228.53,225.26,221.74,217.19,207.86,202.18,199.42,194.65,189.45,179.04,177.09,169.46,163.67,151.48,142.86,134.63,125.73,117.39,104.02,92.03
138.36,151.24,162.63,172.05,177.88,186.01,190.13,196.02,196.89,199.61,200.04,200.59,203.07,199.72,200.55,204.85,207.64,213.53,217.27,217.46,224.38,231.28,238.65,241.63,248.49,255.72,259.00,254.03,254.02,251.29,245.35,239.21,233.38,230.78,223.91,218.50,212.71,207.61,204.46,197.72,192.50,181.86,178.66,171.21,163.62,153.81,142.89,135.15,126.63,116.11,103.08,94.03
138.92,152.87,162.93,173.28,180.08,185.00,192.08,196.31,197.37,198.91,200.24,200.81,203.74,202.37,201.97,205.10,208.87,214.44,218.49,218.08,225.18,230.84,240.63,245.73,249.62,256.70,259.92,254.88,253.40,252.03,245.41,240.20,232.96,232.26,227.85,221.07,213.59,206.34,202.70,199.12,192.52,182.92,179.10,172.35,166.19,152.74,146.25,135.67,126.57,118.23,103.85,93.72
137.75,151.05,157.89,169.12,177.13,184.78,187.72,192.09,193.50,196.31,198.92,196.88,200.39,200.45,203.23,204.41,206.83,210.24,215.78,216.01,222.25,230.67,236.60,241.59,246.95,252.35,253.34,252.54,251.10,247.98,244.23,235.99,229.12,225.04,221.05,217.04,208.81,204.30,199.09,191.48,186.39,179.20,172.03,164.01,158.83,149.57,141.79,132.67,121.08,113.07,102.36,90.93
136.48,149.25,159.14,169.10,176.64,184.05,188.02,193.09,194.28,197.22,197.50,199.26,199.91,200.14,201.34,205.36,207.04,213.22,216.95,218.51,222.17,230.05,237.19,243.52,246.87,252.76,254.28,252.34,251.21,245.46,244.36,236.01,229.40,225.89,218.82,215.70,208.47,201.73,198.31,193.98,187.97,180.54,174.75,164.62,160.07,149.41,141.85,133.00,120.75,112.87,101.53,90.43
136.56,148.07,158.62,166.21,174.03,181.82,185.33,189.19,190.03,193.83,192.82,196.00,197.16,194.83,196.21,198.71,202.92,207.69,211.04,211.29,216.67,223.27,232.76,238.54,240.44,249.11,251.56,247.94,247.40,244.59,238.88,234.23,227.11,225.11,220.71,216.70,208.61,202.43,197.43,196.16,189.11,179.84,175.24,168.24,160.38,151.60,141.99,133.70,124.10,115.13,103.23,91.07
138.65,152.78,161.38,170.18,176.78,184.61,188.09,193.05,195.17,195.60,198.02,196.98,198.60,198.40,200.30,203.92,204.22,210.77,213.46,215.82,223.14,228.66,236.36,242.03,246.48,250.98,254.23,250.06,252.67,246.42,244.61,237.12,229.87,226.57,221.68,219.39,211.19,206.17,201.43,195.43,190.38,182.28,175.70,168.67,164.10,154.74,145.00,136.08,123.97,113.95,105.19,94.18
133.66,146.01,151.74,164.22,170.66,177.72,181.12,185.17,186.97,190.19,189.50,190.91,191.65,192.04,192.38,195.11,198.44,203.73,206.63,207.28,215.52,222.70,227.48,232.21,237.13,243.82,244.90,241.63,243.38,238.30,234.96,230.53,223.45,220.42,214.48,209.99,205.73,197.20,195.02,188.74,182.70,176.78,170.14,164.17,157.01,148.00,140.93,131.93,119.68,110.03,100.34,90.69
138.64,152.05,157.70,168.32,177.91,184.00,186.45,191.26,192.40,194.18,196.36,195.88,196.33,196.79,196.86,202.68,205.18,209.12,212.81,214.93,220.74,226.64,235.51,239.41,245.12,249.29,251.75,251.58,250.32,245.46,242.87,236.03,231.10,226.63,222.52,218.69,210.45,204.38,200.84,195.56,189.06,184.09,177.79,168.60,162.93,152.61,146.41,138.00,125.00,115.69,104.00,94.58
140.23,153.84,162.27,170.53,181.02,187.39,191.67,193.79,197.25,198.39,202.25,200.30,201.14,201.16,202.53,204.95,207.91,211.85,217.59,218.19,225.53,232.55,238.72,244.72,248.41,254.05,255.70,255.39,254.28,251.18,247.00,240.20,233.26,227.74,226.21,221.73,212.12,208.89,202.41,198.60,190.92,186.05,177.50,170.48,165.22,155.47,145.17,138.88,126.66,115.60,107.06,94.37
138.06,151.12,159.62,170.43,178.19,186.08,190.65,194.12,195.88,198.34,198.88,200.20,201.76,200.52,202.73,205.73,207.50,215.23,217.88,220.51,225.84,232.66,238.54,244.79,249.38,255.05,255.69,253.57,252.12,248.52,244.08,238.76,230.93,226.02,222.03,217.96,209.67,202.36,199.92,194.40,188.22,181.22,173.07,166.90,160.03,150.42,142.06,133.81,121.82,112.36,102.77,89.27
138.03,150.69,157.84,169.14,176.26,183.04,187.54,193.40,195.78,197.72,198.82,198.31,201.94,202.24,201.00,204.60,205.55,212.42,214.95,218.21,223.62,231.14,237.03,244.01,247.41,254.02,253.62,251.64,252.35,247.54,244.88,236.02,230.98,226.97,220.51,218.58,209.23,203.04,198.08,193.37,187.84,179.74,173.51,166.44,160.38,149.47,141.60,133.60,121.81,109.90,102.88,91.44
134.89,149.31,160.58,172.00,180.36,186.10,189.76,196.33,196.37,198.64,200.25,201.00,202.92,202.61,203.71,206.77,209.50,215.52,217.09,221.65,226.38,232.35,237.86,246.29,249.69,254.53,256.56,253.67,256.18,250.00,245.98,240.61,231.05,228.04,222.64,220.05,210.54,204.63,200.90,194.65,189.36,181.47,176.23,168.24,160.61,149.40,140.86,134.30,122.02,112.54,103.79,91.93
140.60,153.76,159.66,171.71,179.25,186.51,191.37,197.08,199.08,200.36,200.96,201.64,203.49,204.12,205.35,208.83,211.29,216.09,219.82,222.64,227.77,234.80,241.51,246.79,251.53,255.00,257.60,256.40,255.99,251.96,249.16,239.35,231.25,228.47,224.64,219.31,212.46,206.16,201.65,194.81,189.74,183.02,175.11,168.24,161.62,151.99,143.96,134.62,124.74,113.77,102.63,93.49
138.54,154.16,162.35,172.00,181.30,187.01,192.60,196.11,196.02,199.30,202.97,202.25,204.48,204.62,205.04,207.87,211.29,212.98,220.08,221.12,226.93,236.36,239.92,246.84,249.07,256.14,257.20,255.22,254.24,250.84,246.29,239.18,230.96,229.09,222.64,218.69,211.21,204.79,200.44,195.62,187.49,181.25,175.82,167.15,161.15,150.53,144.22,133.02,123.04,111.89,103.02,92.31
136.82,150.95,160.86,170.79,177.41,186.21,191.11,194.74,195.13,198.01,200.66,201.65,203.36,200.01,203.30,206.66,209.35,216.12,218.89,218.33,223.90,231.49,238.85,243.85,249.90,253.58,257.93,253.69,252.16,250.46,244.24,236.92,228.79,229.09,223.30,218.51,210.64,204.20,199.45,196.98,190.03,179.23,176.15,168.58,161.55,149.83,141.28,132.00,123.71,114.40,100.90,90.09
133.14,145.84,156.63,166.88,173.53,182.39,184.84,193.65,194.00,197.46,196.31,199.44,201.40,201.68,201.99,206.19,205.91,212.87,216.82,219.86,222.89,230.08,239.27,245.80,248.49,254.79,256.26,249.78,249.42,247.80,244.01,234.35,228.53,224.51,219.86,214.84,205.57,199.62,195.42,189.43,184.22,175.11,172.04,162.19,157.70,145.13,136.34,127.66,118.60,111.04,98.43,86.37
138.13,150.42,160.25,168.68,177.73,186.20,188.94,192.61,195.06,196.76,199.00,198.60,201.23,202.04,202.07,206.09,206.89,212.45,217.42,217.70,224.18,230.55,236.76,242.39,247.20,252.20,252.42,251.41,253.02,248.24,243.03,237.17,228.32,225.44,219.21,216.95,208.28,202.81,199.90,192.34,185.65,179.90,172.96,166.15,158.94,150.08,142.30,133.54,121.84,111.65,103.08,93.23
138.05,151.75,163.13,173.44,178.54,189.24,191.15,194.86,197.57,201.31,201.10,203.20,205.39,203.63,205.00,208.54,210.79,215.13,219.15,220.78,227.47,233.62,239.38,247.40,248.85,258.16,258.24,254.39,254.34,252.07,246.29,238.60,229.99,227.61,223.27,217.86,210.34,203.90,201.79,194.51,189.42,180.23,176.71,169.04,161.91,148.93,143.00,133.45,123.17,113.95,102.42,91.92
137.18,152.16,161.38,173.53,179.40,187.26,191.46,197.01,198.00,200.81,201.01,202.61,202.97,203.63,203.59,208.89,210.74,218.55,221.20,220.27,225.29,234.73,241.96,245.38,251.23,259.00,259.06,255.00,253.44,250.93,244.59,238.80,232.11,229.27,224.02,221.40,212.51,203.16,202.07,194.98,189.76,181.55,176.18,169.64,162.86,150.28,141.60,132.50,123.75,114.24,100.00,91.00
139.18,152.07,162.52,173.22,180.65,188.67,192.63,199.25,198.60,200.00,204.36,203.48,205.76,204.38,206.04,210.24,210.94,216.19,221.20,224.18,228.11,235.44,242.03,247.41,251.03,257.29,257.45,255.88,255.00,252.38,249.63,241.30,233.81,229.34,225.02,220.93,211.27,205.08,201.56,195.26,189.75,182.43,177.23,169.85,162.27,151.65,142.51,134.74,123.04,112.31,103.31,91.09
139.29,152.97,162.64,171.90,177.48,185.54,192.08,196.47,195.47,197.72,196.31,199.12,201.40,199.81,200.56,203.19,205.77,211.82,215.23,216.01,224.44,229.92,237.76,242.10,246.43,253.60,255.52,253.24,251.75,250.05,245.95,240.01,232.41,229.44,226.93,220.42,214.87,208.06,203.48,200.56,193.29,186.00,179.63,173.35,167.89,155.32,146.56,137.57,129.03,118.68,106.17,94.43
137.23,149.93,160.58,168.96,175.62,183.34,188.28,191.86,193.84,195.93,195.42,196.66,199.49,198.29,196.16,199.88,204.17,207.93,214.44,214.45,219.35,226.55,233.43,238.03,244.68,251.25,252.98,249.35,247.07,244.66,241.12,236.08,228.11,225.59,222.15,217.60,209.04,203.04,200.83,195.21,187.47,180.49,174.35,168.57,163.00,150.28,144.06,132.70,123.22,115.68,104.81,90.27
137.97,151.54,161.20,170.60,177.79,184.91,190.16,195.47,195.78,199.90,197.80,200.38,200.26,199.64,197.99,202.43,207.28,212.17,215.73,216.45,222.05,228.11,237.66,242.00,244.92,253.20,254.05,251.34,250.42,249.95,243.85,236.43,231.11,228.13,224.51,219.10,209.29,203.16,200.66,197.34,190.66,181.91,177.23,171.09,165.32,151.92,143.68,134.73,125.03,116.93,104.55,92.09
136.30,149.91,158.96,170.14,175.05,182.43,187.04,192.87,192.48,196.01,194.49,197.01,197.65,196.46,196.60,199.67,204.12,209.62,213.01,211.52,219.01,224.96,232.22,238.47,242.57,248.36,250.93,248.56,247.65,245.08,239.87,232.38,226.93,224.44,220.49,216.61,209.62,201.80,200.00,196.38,189.81,180.85,175.85,168.08,161.45,150.23,143.00,133.54,124.52,114.63,103.00,90.87
139.04,153.16,161.48,172.04,180.88,187.49,192.26,194.24,196.35,200.26,203.53,200.84,202.92,203.00,207.20,209.10,210.24,213.93,219.18,221.12,227.85,234.20,240.20,244.86,251.45,255.44,255.99,256.70,254.95,249.26,244.62,239.89,231.82,226.02,222.25,217.75,210.75,205.51,200.32,194.74,187.88,181.74,173.99,166.60,158.47,152.31,143.38,134.01,123.37,112.81,103.77,90.35
135.34,148.00,159.22,168.34,174.04,182.26,184.95,192.17,190.01,194.37,193.28,195.21,197.09,197.25,195.16,200.04,202.14,207.17,212.27,212.08,217.22,223.33,231.04,238.10,240.17,248.09,248.87,246.59,247.75,241.94,238.10,233.26,226.64,225.02,220.95,216.17,206.41,200.81,196.92,195.13,188.86,178.06,173.67,167.03,160.86,151.12,141.23,132.61,123.33,113.37,102.59,90.80
139.30,153.11,159.45,171.29,179.18,185.69,190.16,193.66,193.33,196.47,199.61,199.46,200.26,197.91,198.28,203.63,205.07,211.29,214.11,216.67,220.47,228.21,235.85,241.07,246.13,250.16,251.94,249.66,250.57,246.56,243.03,236.56,230.12,225.22,221.71,217.75,209.66,204.01,199.48,196.70,189.50,181.33,173.00,167.30,162.63,152.83,144.68,135.77,123.24,113.74,106.53,91.59
135.06,147.87,159.88,167.73,175.73,181.14,185.95,188.82,190.82,195.49,193.71,195.06,197.09,197.31,197.62,200.25,203.04,209.06,210.94,212.14,217.89,225.52,230.53,236.32,241.11,246.95,250.17,246.89,247.50,242.16,237.55,230.78,226.93,224.47,219.00,215.59,207.40,201.01,198.64,193.71,188.43,178.89,174.24,167.51,159.25,150.81,140.80,132.00,124.20,114.59,101.83,89.59
137.48,153.00,157.94,169.58,177.42,185.15,188.53,191.80,192.77,195.13,198.74,196.25,200.14,199.42,199.44,204.12,206.24,208.84,213.85,215.87,220.51,227.50,234.16,240.71,245.69,250.29,252.41,250.64,248.24,246.03,242.57,236.21,230.17,224.50,219.94,217.41,211.26,204.02,201.72,194.65,186.94,182.17,175.10,166.98,161.34,151.08,144.07,135.92,124.87,112.61,105.36,93.72
123.45,133.70,143.95,149.00,154.49,160.64,160.25,161.19,163.92,162.27,161.55,161.12,161.24,157.42,156.05,159.30,159.53,163.88,161.77,160.31,162.93,161.25,166.38,163.37,163.13,167.50,167.00,162.05,163.78,159.26,157.99,156.54,156.54,165.25,172.80,179.49,181.01,184.70,194.20,191.06,189.16,185.61,181.03,175.82,169.99,156.95,149.31,137.93,131.53,118.60,106.47,95.67
137.93,150.95,160.24,171.45,176.48,183.90,186.76,193.38,192.15,195.98,194.00,197.27,199.45,198.02,197.80,202.37,205.24,211.09,215.56,214.67,221.40,226.81,232.69,239.01,243.77,251.83,251.67,248.93,247.81,244.39,241.46,233.81,228.22,224.83,220.38,216.09,208.66,202.94,199.91,196.33,189.53,179.79,175.41,167.59,161.47,153.03,142.35,134.20,125.21,116.21,100.45,91.44
141.28,154.35,163.84,174.61,180.28,189.23,192.20,198.15,198.16,201.14,201.01,202.09,203.92,202.81,204.92,207.42,210.41,216.21,220.24,219.92,224.70,233.21,237.80,244.75,249.26,256.80,262.09,255.57,255.93,251.00,247.12,240.44,233.89,231.66,226.17,223.02,215.37,210.06,205.24,199.16,193.06,183.08,180.81,171.90,167.51,156.58,144.31,135.42,128.02,119.97,104.80,93.91
137.77,152.32,162.19,171.09,177.63,186.56,190.18,195.17,195.49,198.12,197.73,199.92,201.94,200.60,201.85,205.55,207.09,213.68,216.02,215.75,220.47,230.24,235.31,240.80,246.11,251.19,255.22,250.65,251.88,249.09,243.21,237.26,228.89,227.32,220.49,220.38,210.07,205.15,201.11,195.02,189.66,181.11,177.50,171.33,162.74,152.11,145.43,134.20,124.31,116.04,103.12,94.64
138.81,153.17,161.98,172.63,179.74,187.28,191.93,193.49,194.54,197.31,199.54,200.32,200.04,201.69,201.80,205.91,207.07,212.05,215.08,218.01,221.10,228.88,235.67,243.08,246.79,252.64,253.51,251.81,252.03,248.01,245.46,238.48,230.93,227.07,221.96,219.24,211.53,205.78,200.45,195.89,188.66,182.79,175.14,169.54,162.66,153.47,146.10,137.77,124.33,114.28,106.78,94.76
137.12,149.72,160.08,169.07,175.82,185.44,190.00,193.06,193.51,197.09,197.50,199.82,202.83,200.00,201.69,204.75,205.80,213.32,217.15,218.22,221.82,230.87,237.05,242.72,245.77,253.03,252.16,249.54,251.59,246.60,243.18,234.03,227.04,224.83,221.08,216.06,207.87,200.06,197.20,192.09,184.53,178.52,174.04,165.48,159.14,148.38,140.90,132.44,122.81,112.36,101.24,90.09
139.06,152.08,161.60,171.19,178.89,185.78,189.03,191.85,191.76,197.20,198.44,198.91,199.49,198.60,202.09,204.31,205.12,212.17,213.21,217.06,222.09,228.64,235.31,241.85,244.81,251.38,252.80,250.88,250.72,244.93,243.80,236.10,230.01,225.50,221.36,218.22,210.01,207.24,201.11,195.26,187.10,181.89,175.05,169.25,162.80,153.77,144.89,136.40,123.33,113.89,105.12,93.91
133.06,148.41,157.05,168.24,175.73,184.71,189.08,194.09,192.75,196.11,196.99,198.06,200.17,198.59,201.80,203.93,205.73,210.61,215.97,217.04,223.09,230.10,235.33,240.03,246.22,252.12,253.13,249.61,248.68,243.58,242.87,234.44,227.69,225.09,219.67,214.46,209.00,198.76,198.04,190.91,184.62,177.72,171.49,165.34,158.70,147.57,139.72,130.10,120.93,112.06,98.73,88.59
140.52,153.83,161.94,173.42,180.31,187.45,192.57,196.16,195.89,199.74,200.44,201.11,203.00,201.47,200.64,206.00,208.06,213.85,218.01,218.34,225.53,232.36,237.81,243.79,249.48,254.47,257.78,255.03,253.31,249.57,245.69,239.29,232.94,229.73,223.90,220.17,213.34,206.74,203.19,197.99,191.26,183.76,176.56,168.43,164.02,154.54,145.50,136.31,126.06,117.24,106.68,94.11
142.28,155.90,164.45,174.26,179.74,187.60,191.46,196.23,196.29,198.91,201.40,201.56,202.61,202.09,203.18,206.32,208.29,212.92,217.82,219.28,225.49,233.24,238.88,244.62,250.00,254.88,256.80,254.14,253.67,249.34,246.00,239.73,234.31,230.87,226.42,222.14,213.82,207.86,203.16,197.04,191.67,184.11,178.94,173.44,165.47,155.22,147.15,138.00,127.66,114.97,106.08,93.91
137.30,150.00,161.64,168.83,177.50,182.85,187.07,193.30,194.61,196.11,194.80,198.57,199.12,198.16,199.42,201.56,204.08,210.30,214.93,215.46,220.81,226.27,234.61,240.97,243.82,250.89,253.31,248.93,248.71,246.42,242.00,235.05,229.73,225.87,223.22,216.82,209.38,203.42,199.98,195.58,190.08,178.87,177.28,169.84,162.25,150.31,141.28,133.66,124.35,116.73,102.96,90.55
137.61,153.95,159.05,172.57,178.06,186.75,185.97,195.90,192.90,198.30,200.57,199.46,202.28,201.93,203.59,205.35,206.93,212.20,215.42,218.55,224.83,231.53,238.67,243.40,247.08,251.87,254.56,252.72,252.41,246.64,245.07,237.86,232.40,227.97,225.20,220.98,212.72,206.12,203.19,196.47,191.11,184.76,176.24,169.17,162.11,152.86,146.03,137.99,124.52,114.13,105.00,94.54
138.66,151.57,161.03,172.15,178.28,186.50,189.93,194.12,195.17,198.24,196.90,199.64,201.90,199.20,201.81,205.23,207.76,213.12,215.76,218.56,222.33,230.49,234.61,241.75,246.09,253.71,254.71,252.73,252.42,247.62,245.41,236.36,230.85,227.07,221.37,216.02,209.31,205.41,201.80,195.69,189.66,182.54,176.78,169.14,161.38,153.94,143.56,135.79,124.62,115.16,104.40,92.70
137.57,150.56,158.78,170.53,176.08,184.39,188.48,190.79,193.42,196.60,195.63,197.80,198.84,197.47,198.60,201.56,204.56,208.87,213.36,213.85,219.51,226.72,233.94,239.84,243.37,251.37,252.11,250.45,249.58,244.25,239.57,234.06,229.19,223.57,219.48,214.11,207.69,204.27,199.06,193.69,186.96,178.71,173.52,166.93,160.56,152.90,144.14,133.12,123.86,114.04,101.59,91.29
135.59,148.97,158.32,168.34,175.16,182.70,188.09,193.04,192.13,196.70,197.09,199.04,198.77,197.99,200.57,204.12,205.09,211.62,214.67,215.52,220.51,228.84,235.33,242.16,244.88,251.02,251.31,247.49,247.78,244.26,240.00,233.24,225.58,223.62,217.25,215.42,205.65,200.81,197.10,190.52,184.86,177.51,173.92,165.00,157.81,148.22,138.52,129.00,121.26,112.70,101.08,90.26
137.71,152.46,159.76,171.41,179.29,185.27,189.74,194.14,192.75,196.58,198.59,199.70,199.46,200.19,201.80,204.92,204.41,210.83,213.59,216.60,222.19,229.65,234.30,242.33,245.69,252.64,253.51,250.20,249.82,246.00,246.49,235.51,228.76,226.07,221.05,217.81,208.87,204.53,201.10,193.66,186.82,182.56,174.35,167.55,160.51,152.16,144.22,135.28,124.34,114.11,103.87,92.76
135.33,149.26,157.31,166.90,174.35,182.32,184.91,190.09,190.80,193.31,194.01,196.51,197.65,195.78,197.96,199.40,203.59,206.95,211.68,212.08,218.21,225.30,230.43,236.25,239.93,246.33,247.78,246.11,245.52,241.25,237.19,230.49,224.54,222.41,216.36,212.51,204.30,199.67,197.09,191.65,186.68,178.28,172.89,165.42,158.29,149.93,139.43,132.91,123.33,114.16,101.07,90.14
134.20,148.22,155.19,166.93,172.24,181.01,183.74,188.16,189.74,192.61,192.07,194.66,196.71,195.01,195.29,198.65,200.68,206.02,208.39,209.75,218.36,223.99,229.31,235.97,238.08,246.91,246.08,242.99,242.89,239.07,235.05,230.18,222.73,219.61,215.42,211.29,206.24,198.15,195.51,189.02,183.48,176.92,170.43,162.89,157.88,146.41,139.56,131.24,121.76,113.03,98.66,90.74
136.12,149.90,156.49,168.18,177.34,185.00,189.62,191.69,194.18,196.22,199.36,199.25,201.25,200.96,202.51,205.41,206.85,213.06,216.97,216.69,222.64,231.01,236.25,242.24,246.04,249.82,252.52,250.38,249.59,246.36,241.03,234.30,227.31,224.22,218.29,215.80,207.47,199.12,196.92,190.98,183.85,178.60,171.42,162.93,156.65,147.96,141.40,130.21,119.36,110.03,102.46,90.55
136.30,149.88,159.20,170.26,177.77,183.58,189.50,193.09,194.83,197.41,200.30,199.61,202.09,200.81,204.02,204.20,208.46,213.19,217.17,217.83,223.09,230.15,237.54,242.37,247.89,251.20,253.81,250.39,249.39,248.85,241.53,235.51,227.40,226.74,219.33,216.90,206.94,201.21,197.01,193.06,185.05,179.14,172.70,163.37,158.15,147.51,141.04,129.10,121.20,112.61,100.88,88.36
136.24,150.42,159.52,168.08,175.07,184.36,189.07,191.67,195.36,194.76,197.50,198.16,199.44,199.48,201.76,205.16,207.16,212.14,213.18,216.94,222.32,230.41,235.19,242.33,245.94,250.34,250.67,248.78,248.28,244.02,240.97,233.89,227.09,222.14,218.40,213.02,206.02,199.09,197.16,188.88,184.17,177.80,171.09,163.00,157.31,148.35,140.58,131.59,120.11,109.29,98.84,89.05
135.82,151.25,159.00,167.80,174.45,182.46,186.46,191.40,192.82,194.44,194.43,197.61,200.06,197.03,198.36,201.02,204.42,212.21,211.99,212.25,217.04,226.64,231.04,238.52,240.28,250.22,250.05,247.99,246.91,244.25,238.88,232.62,227.09,224.22,219.02,214.55,207.06,200.94,196.47,192.59,188.35,176.18,174.05,167.45,160.64,150.57,141.68,132.03,124.42,115.31,100.72,90.05
138.05,154.20,159.22,169.86,177.50,185.59,191.00,193.40,194.44,197.36,201.23,198.98,200.64,200.26,201.43,203.18,209.25,210.64,214.71,215.74,221.36,230.78,237.19,241.94,245.54,250.58,251.85,251.91,250.19,247.63,243.39,236.09,228.90,224.61,222.51,217.70,210.71,205.10,199.32,195.26,188.27,182.00,175.60,168.60,160.65,153.08,144.20,135.35,122.97,114.53,105.12,92.02
136.01,146.58,160.22,170.48,176.71,182.65,189.89,192.85,193.87,195.43,194.03,194.65,197.09,196.46,198.07,200.35,203.05,208.19,211.40,213.01,216.36,225.79,231.70,237.74,242.08,248.79,250.14,248.26,247.78,244.90,239.89,234.80,227.61,225.28,219.02,215.06,208.21,204.83,199.01,195.35,188.28,181.29,175.28,168.13,162.31,153.00,144.62,135.36,125.10,115.32,106.30,95.38
138.22,151.35,159.25,168.19,177.12,183.20,189.51,192.35,192.00,195.97,197.09,198.17,200.25,197.10,198.46,202.80,205.87,210.95,214.97,214.98,220.31,228.37,234.09,241.57,245.66,250.43,250.16,249.60,249.99,245.07,243.07,237.15,229.26,225.21,221.62,218.91,209.30,203.50,198.06,194.10,188.66,181.07,176.39,168.08,160.31,151.48,144.40,134.48,124.15,114.98,104.40,93.48
137.27,150.07,157.18,168.00,177.79,183.87,187.95,191.48,192.04,194.83,195.60,197.09,199.09,198.35,197.75,201.92,202.12,207.79,210.60,213.90,218.06,228.32,232.61,238.25,242.17,247.20,250.83,248.16,248.93,242.29,240.63,234.80,227.71,223.61,219.80,214.77,208.00,200.42,198.76,191.60,186.13,182.63,173.83,165.92,159.96,150.03,141.87,135.15,122.16,112.02,104.69,92.85
136.62,151.74,158.82,170.55,178.06,185.04,189.26,193.05,194.79,197.21,200.52,198.21,201.02,201.55,202.48,205.54,208.43,212.25,216.45,218.77,225.20,230.76,236.36,243.58,247.59,252.05,253.34,251.48,249.69,244.99,241.62,235.51,229.61,225.02,218.58,215.30,206.63,200.74,198.25,192.09,185.08,178.51,171.23,164.37,159.77,149.84,142.37,132.54,121.67,110.39,101.84,90.14
136.00,150.23,157.04,170.00,176.64,184.82,189.21,191.85,193.04,196.33,198.60,198.12,200.48,198.49,200.01,204.22,206.40,211.44,215.08,216.63,221.56,229.48,235.55,241.12,244.38,250.58,251.91,250.23,248.85,244.18,240.07,234.36,228.27,224.18,218.06,213.46,206.37,201.02,197.23,192.04,184.17,180.37,171.86,164.14,158.53,150.30,141.60,132.10,121.10,109.11,101.53,89.94
138.76,153.81,162.93,174.29,177.92,187.11,189.75,197.02,197.25,199.81,200.26,201.30,202.30,200.02,199.62,205.83,209.42,213.60,217.57,216.92,223.09,229.01,237.54,243.48,246.27,253.14,257.49,252.38,250.60,249.07,242.51,238.30,231.14,230.18,224.59,219.67,211.54,205.41,201.40,198.74,191.67,181.80,179.41,170.43,164.65,151.85,144.51,134.42,125.71,116.11,103.37,91.27
138.62,151.21,161.79,170.26,176.41,184.13,188.69,194.65,195.66,198.20,195.65,199.62,201.81,198.12,198.98,203.87,205.87,210.38,214.01,215.28,220.08,227.86,235.23,239.93,243.31,251.96,252.94,248.07,247.32,246.34,240.35,235.72,229.86,227.38,220.95,219.01,210.16,203.92,199.42,196.49,190.39,180.18,178.04,170.02,162.11,150.65,141.66,133.60,124.74,114.95,103.08,91.39
136.82,150.72,158.42,168.25,177.37,183.81,188.74,193.60,194.20,195.83,198.28,198.32,199.25,201.32,201.36,205.36,207.29,211.75,214.56,218.08,222.83,230.93,235.31,241.23,245.82,250.41,250.95,248.87,248.24,243.96,243.02,234.23,227.38,223.99,217.52,214.56,207.61,201.79,196.40,193.20,185.53,179.00,172.28,165.95,158.09,149.09,141.03,132.55,119.71,109.66,102.70,91.29
136.52,150.57,158.40,167.22,178.60,183.39,189.86,193.04,194.12,194.14,199.90,198.60,199.81,199.85,198.91,201.80,205.77,210.72,215.13,216.02,222.30,228.58,237.19,240.69,245.51,248.21,251.88,248.92,247.26,244.24,240.45,233.45,226.51,223.02,218.25,214.85,206.48,199.37,196.38,191.21,184.36,180.14,172.15,165.10,158.35,148.71,141.82,132.02,119.85,110.22,101.83,91.79
128.10,143.11,150.99,159.06,166.43,175.38,177.50,182.86,182.82,185.71,186.13,188.28,190.22,189.55,190.98,192.75,195.89,201.11,204.12,204.92,208.66,216.90,223.50,228.24,231.87,236.52,239.15,234.55,234.88,231.95,228.55,220.30,215.11,211.52,208.06,203.21,195.17,188.72,186.70,181.60,176.40,168.87,163.29,155.62,149.69,140.13,133.69,125.03,115.41,106.51,95.60,85.59
137.08,151.38,157.10,169.01,177.91,184.50,189.99,195.04,196.39,196.95,201.94,201.56,201.81,204.07,201.96,207.42,209.80,213.38,216.45,220.34,226.92,232.42,239.74,246.08,246.60,254.47,254.10,252.61,252.05,247.88,244.23,238.38,232.82,227.07,222.47,217.87,210.06,204.30,200.20,195.25,187.96,182.12,176.88,169.71,162.59,151.49,144.10,135.13,122.07,112.16,102.73,91.01
125.87,142.44,152.84,161.45,169.33,179.01,183.79,189.19,190.92,193.49,193.13,196.06,196.94,196.60,196.66,200.81,204.92,210.47,213.78,213.94,218.66,228.60,234.34,238.65,241.40,247.20,252.38,247.70,245.65,243.48,238.41,231.68,223.99,223.26,215.57,211.95,203.87,196.16,194.02,190.41,184.20,174.90,172.66,164.91,156.52,147.09,137.74,129.71,120.22,110.79,97.45,88.87
129.28,142.64,150.90,161.82,166.24,174.98,179.40,182.17,181.73,185.69,187.00,188.92,188.62,189.17,189.19,193.02,195.35,200.39,204.75,205.41,207.88,215.15,221.56,227.11,230.59,235.77,239.01,233.63,235.17,231.02,226.81,221.96,214.67,209.98,206.93,204.50,197.71,190.16,185.07,179.81,175.28,168.39,163.37,156.44,149.41,140.80,133.45,123.65,114.02,106.25,95.90,85.44
138.57,151.33,160.46,169.71,177.34,186.02,189.04,194.09,193.15,197.43,197.20,198.66,198.60,198.02,199.25,202.51,203.81,209.35,213.02,214.41,219.67,227.20,233.21,239.37,244.05,248.85,251.18,250.02,249.63,245.64,241.67,235.02,229.80,227.06,222.18,217.26,209.69,204.17,199.91,195.53,190.19,181.32,178.07,170.19,162.46,151.00,144.00,135.93,125.90,116.11,106.23,92.66
129.63,142.80,150.36,158.91,167.72,175.07,177.16,180.85,182.60,184.86,186.85,187.68,190.39,188.68,190.79,193.02,194.83,200.24,202.56,204.50,207.76,218.69,221.55,226.43,231.81,236.43,239.27,236.24,235.31,230.43,228.57,219.13,215.06,211.06,204.92,203.40,196.37,190.67,187.52,181.34,174.09,169.50,163.49,155.54,149.21,140.94,134.21,126.18,115.26,105.36,97.32,86.53
128.83,142.28,151.16,160.70,165.92,174.04,176.57,183.04,183.52,186.10,184.48,188.90,190.14,187.38,190.06,193.66,194.99,201.68,204.79,205.68,209.68,216.69,221.81,228.82,231.49,237.69,239.42,233.73,234.80,231.23,227.77,222.03,214.87,213.84,208.00,205.83,194.12,189.64,186.55,183.41,176.87,167.72,165.06,158.32,151.45,139.65,132.00,124.06,116.85,108.23,94.13,84.15
135.30,149.41,158.70,168.24,173.14,183.29,186.56,193.55,192.37,195.00,194.45,199.61,200.52,198.31,199.15,203.49,204.45,212.14,213.48,216.00,220.06,226.49,233.45,239.89,243.39,249.39,252.16,246.08,246.13,243.56,239.14,232.95,225.43,224.02,218.33,214.52,204.29,198.88,196.43,191.13,186.21,176.67,173.76,166.05,158.24,146.81,138.65,130.39,121.71,114.87,100.28,88.36
139.27,153.39,165.20,174.69,175.82,183.83,181.16,190.98,192.26,190.07,195.00,197.09,196.06,194.65,195.73,198.09,202.92,209.06,205.20,210.20,217.83,220.57,232.03,235.33,238.85,245.20,246.97,244.47,243.19,241.54,238.80,231.49,226.42,224.22,222.43,215.93,209.00,205.15,198.73,192.21,190.26,178.04,172.97,169.29,163.22,155.67,142.41,132.91,127.14,121.81,99.82,90.09
134.27,148.30,156.44,164.03,172.90,181.59,186.27,190.00,191.09,192.04,193.00,194.76,195.27,194.79,193.21,196.76,201.02,206.12,207.48,210.04,214.40,221.01,228.32,232.02,236.86,244.01,246.16,242.40,242.89,240.47,236.54,231.04,224.08,224.21,218.26,215.96,207.10,200.83,197.95,193.35,186.02,177.79,174.77,168.08,161.11,152.01,144.27,135.59,123.79,115.12,103.46,95.04
136.88,151.12,156.55,168.08,177.00,187.09,189.68,191.69,192.77,194.00,195.87,195.49,198.12,197.96,196.98,201.42,203.18,208.83,210.87,213.77,218.96,225.26,231.49,237.15,241.75,246.45,248.56,248.17,249.97,242.85,242.85,233.77,227.97,225.39,219.69,216.93,210.23,204.63,201.31,194.98,189.81,182.15,174.10,169.94,162.19,152.74,145.56,138.68,125.64,117.28,107.49,95.21
130.38,143.29,151.95,162.41,166.71,174.63,178.04,182.80,183.44,186.26,185.02,186.97,189.71,188.09,187.95,192.05,194.03,199.21,202.18,202.74,208.01,214.70,222.28,227.30,230.84,235.47,239.27,235.60,235.82,232.13,228.79,224.37,217.75,214.72,211.00,208.73,199.25,192.26,190.44,187.13,180.77,171.68,168.81,160.37,155.01,143.53,137.93,128.89,120.62,111.77,97.91,86.68
126.87,143.28,152.09,162.50,168.24,174.66,177.10,181.84,181.57,184.57,183.96,186.56,188.32,185.99,185.00,189.27,190.98,198.12,201.00,202.04,206.63,213.77,218.55,224.90,229.51,235.37,239.17,235.00,236.40,232.78,230.72,224.70,217.67,216.52,213.18,208.20,198.88,194.13,192.27,188.44,182.00,172.98,170.07,162.78,156.72,147.36,138.18,130.55,120.42,113.60,100.32,89.81
130.86,142.71,151.42,160.38,167.43,173.95,178.14,182.32,181.22,183.81,183.98,186.78,187.54,185.56,185.04,188.73,192.85,197.16,201.82,201.52,206.89,214.01,220.02,225.80,227.98,236.17,237.95,237.03,234.48,232.25,228.71,223.65,216.45,217.25,210.54,208.34,199.85,194.88,190.22,187.95,180.92,172.89,168.40,162.03,155.93,146.82,137.64,130.19,120.70,111.95,99.73,89.36
134.62,148.93,156.60,167.94,174.73,181.46,186.82,190.63,190.44,193.83,193.88,197.47,197.50,196.73,199.46,202.41,203.79,208.69,211.37,214.04,219.35,227.27,231.78,239.00,241.67,248.89,250.06,246.06,245.54,241.66,238.55,231.51,224.18,220.93,216.69,212.20,205.46,200.01,195.72,190.26,184.48,179.20,172.79,164.92,157.28,147.41,140.09,132.19,120.83,111.76,100.28,90.80
130.25,142.64,152.07,162.60,168.81,176.92,178.55,181.96,183.20,185.92,187.30,188.37,187.86,187.63,187.52,193.09,193.23,198.03,201.47,204.08,208.08,216.94,221.33,226.31,231.48,235.92,238.67,235.82,236.78,233.04,229.79,223.44,219.49,213.28,209.65,205.12,198.65,195.50,190.44,184.77,179.51,173.91,165.53,159.26,154.77,145.10,138.03,129.36,117.80,108.71,99.18,89.20
135.67,150.07,159.21,167.24,176.16,182.61,189.16,191.44,194.79,197.72,200.25,200.20,202.02,201.24,204.41,208.87,210.24,215.70,219.92,221.78,224.96,235.30,241.17,245.94,251.25,257.03,258.38,254.49,253.62,251.14,244.10,237.69,231.04,228.65,225.53,219.78,209.00,204.02,198.34,194.01,186.94,179.04,173.66,164.20,159.62,148.05,141.69,132.38,121.20,112.22,101.53,89.50
121.74,133.51,139.52,144.92,150.28,154.99,153.59,157.69,158.93,156.95,160.11,158.40,156.54,153.94,153.50,155.46,157.47,162.19,164.01,161.81,165.11,169.07,179.41,177.23,183.32,188.49,192.17,190.68,195.67,194.08,194.74,197.59,204.88,207.63,208.01,210.34,206.00,207.04,206.71,200.01,196.82,191.60,186.27,179.33,172.82,160.35,150.75,139.06,132.85,120.60,109.29,98.62
