154.02,166.94,178.10,188.18,195.32,205.10,208.59,211.98,214.41,213.60,215.11,217.51,219.32,216.54,214.90,219.46,222.70,227.71,229.31,230.85,237.54,244.82,253.80,257.71,262.00,267.69,269.60,266.60,265.86,261.96,257.01,248.52,239.38,236.33,229.21,223.22,214.26,206.73,202.03,193.88,187.26,179.00,172.59,164.17,157.00,143.61,136.96,127.44,117.72,108.24,96.18,86.58
137.84,151.08,157.80,166.97,174.18,183.25,184.74,189.50,190.43,190.38,191.25,193.40,194.25,193.05,191.32,196.79,196.64,201.36,204.35,206.83,212.29,218.50,226.02,231.14,233.70,237.19,239.18,235.60,237.50,232.21,228.55,219.69,213.08,209.75,201.36,197.59,190.18,183.04,178.24,172.70,166.08,160.12,153.83,144.09,138.92,127.00,120.95,113.16,104.94,95.78,86.68,76.54
151.38,165.42,175.50,183.97,192.28,201.59,203.57,208.83,209.30,210.01,212.95,214.22,214.44,211.91,212.46,218.29,217.67,224.18,228.33,227.64,234.92,243.26,249.42,254.57,259.47,264.01,264.37,263.80,262.65,257.56,254.59,244.70,237.32,232.22,224.66,220.95,212.36,200.89,197.39,190.17,184.72,175.80,169.17,158.93,154.25,140.80,133.96,124.82,115.02,104.45,96.25,85.02
152.27,165.08,173.22,184.20,192.41,200.82,202.12,208.09,207.97,208.52,212.43,212.32,213.06,211.10,211.65,215.80,217.81,222.09,225.53,226.92,233.82,242.24,248.97,252.72,258.14,261.47,265.65,261.02,260.76,255.93,251.81,244.86,235.72,231.22,223.67,217.92,211.63,203.67,196.15,187.52,181.57,175.69,167.24,158.90,152.82,140.12,134.47,125.42,114.24,104.80,95.60,83.95
133.99,145.84,155.08,163.05,171.14,176.78,179.90,185.61,186.17,186.25,186.94,188.22,190.18,187.61,188.28,189.97,192.52,198.16,201.00,200.02,207.47,214.31,219.10,223.89,226.77,233.31,234.04,231.59,230.10,227.18,222.27,215.80,208.71,205.07,198.49,192.98,187.32,180.69,173.93,169.46,161.90,155.12,148.00,141.66,136.01,124.87,119.04,110.15,101.21,94.09,85.80,74.46
149.97,164.14,173.57,182.80,190.34,200.11,203.40,204.41,206.83,205.64,207.54,210.77,212.60,209.62,210.64,214.83,217.57,220.45,224.70,222.99,230.16,240.47,244.23,250.65,255.70,261.20,262.25,260.00,258.04,253.01,250.44,241.63,233.12,229.63,221.35,215.75,208.08,201.65,194.83,187.18,180.62,174.64,168.08,158.80,151.22,140.00,132.10,122.69,113.46,105.60,96.18,83.74
151.16,163.78,172.03,182.00,191.47,199.09,201.19,205.97,207.06,207.45,208.66,210.46,211.45,210.87,209.61,214.54,213.55,220.27,221.73,223.89,230.44,240.15,244.26,248.65,254.07,257.39,261.54,259.30,257.62,253.24,248.20,240.31,233.52,227.04,220.87,217.08,206.24,199.62,194.08,185.32,180.62,173.83,165.60,157.03,150.95,139.81,131.70,124.02,111.31,102.53,96.21,83.73
134.63,149.97,154.56,164.21,170.86,178.66,180.77,184.40,184.10,186.04,188.22,189.64,190.63,187.88,190.08,192.59,193.60,195.90,199.85,201.09,208.47,216.01,219.67,224.84,229.39,232.64,235.99,232.56,231.08,227.04,223.99,216.67,209.46,205.25,197.85,192.33,187.54,179.11,174.18,168.18,161.21,156.35,148.76,141.11,135.56,124.87,118.85,111.11,101.08,91.84,85.29,75.15
135.21,148.12,154.64,165.64,169.76,178.71,184.33,186.60,184.20,186.57,186.10,190.19,189.28,188.61,189.01,194.01,197.01,198.44,202.80,200.26,208.59,214.03,220.51,224.93,230.15,232.44,235.85,232.42,231.15,227.78,222.61,217.50,208.69,204.47,199.29,193.72,185.52,178.40,175.41,169.19,163.22,156.24,150.12,142.44,136.03,124.46,119.10,110.11,102.34,93.94,82.76,74.40
135.21,146.70,156.00,165.31,171.86,179.80,182.54,188.44,188.00,190.37,188.00,191.02,191.23,190.00,189.43,193.21,195.50,200.48,204.56,202.63,210.45,216.58,222.25,226.89,232.13,235.61,238.95,233.85,232.96,232.22,225.30,219.20,210.72,208.01,201.14,195.21,189.17,181.20,177.01,172.35,165.60,158.37,153.05,144.35,140.53,126.56,119.60,111.83,104.40,95.41,85.99,75.69
152.05,168.24,175.21,185.54,194.14,200.36,205.83,208.69,208.90,210.98,212.25,212.44,214.55,211.99,213.81,217.59,220.27,222.99,227.04,229.26,233.69,242.40,248.74,252.79,259.73,263.37,265.41,264.03,261.59,257.16,252.86,245.31,235.80,232.33,225.66,220.03,210.60,202.81,199.06,191.73,185.32,177.29,170.56,159.68,156.27,143.54,135.37,126.25,116.21,105.36,97.74,87.82
151.92,166.01,177.00,185.98,193.26,200.90,205.92,211.19,210.79,212.60,212.73,215.57,215.19,215.29,214.46,217.19,220.74,225.00,228.48,229.71,236.10,242.32,249.72,257.39,259.49,266.31,266.37,261.55,262.93,258.14,254.01,245.49,237.39,231.92,224.52,220.23,210.28,204.29,197.31,193.20,185.78,176.38,169.52,161.44,155.42,140.80,134.62,124.45,116.36,108.30,95.60,83.01
150.03,164.47,172.63,183.13,190.95,198.71,202.47,207.13,208.19,208.41,210.30,210.88,213.03,210.92,212.04,216.00,216.61,220.17,224.59,224.12,232.00,240.39,246.83,250.22,254.12,260.09,259.06,260.23,256.91,253.03,250.02,241.82,234.05,227.61,220.47,217.06,207.78,200.56,194.08,188.31,180.35,173.40,165.60,157.75,151.48,139.09,133.54,124.20,112.68,101.20,95.35,81.41
148.52,160.58,170.75,180.80,187.00,195.36,197.63,203.00,203.49,204.83,205.83,207.28,208.12,205.39,205.29,208.86,210.23,217.08,217.91,220.80,225.32,232.91,240.45,246.34,248.94,254.40,256.88,254.28,256.68,250.50,248.07,239.99,233.24,228.04,221.35,215.67,209.46,201.91,196.60,191.44,185.01,174.77,171.05,162.27,156.31,144.01,137.28,128.69,119.82,111.40,100.30,88.84
154.31,167.41,177.72,187.88,196.46,203.80,206.93,211.01,212.73,213.90,217.19,215.93,217.61,215.68,215.60,221.14,221.82,226.37,228.16,229.97,237.99,244.95,251.54,256.63,261.30,265.75,267.30,264.38,264.09,258.37,254.13,247.11,239.44,230.78,224.14,219.42,213.26,203.67,199.12,191.09,184.36,179.63,168.43,159.91,155.24,144.81,138.29,127.39,115.12,105.19,97.13,85.44
135.47,146.41,154.87,163.88,171.64,178.28,181.91,186.20,184.95,187.21,189.10,190.91,189.17,188.80,188.60,192.00,195.13,198.32,202.55,201.70,208.15,214.58,220.72,224.18,229.43,231.35,234.65,233.03,229.39,228.60,223.81,217.71,209.61,204.25,199.32,195.21,185.78,177.79,172.54,168.96,163.23,155.57,149.40,142.44,137.36,124.92,118.85,109.77,102.88,94.02,84.48,74.52
134.48,148.06,154.62,164.11,172.04,179.33,180.71,187.04,185.69,186.39,187.84,191.09,190.39,189.21,188.60,193.16,194.76,198.71,200.68,202.36,208.32,215.30,220.48,224.06,229.61,232.71,235.17,232.86,230.33,227.38,222.93,215.15,208.20,205.91,198.60,193.66,185.01,178.47,173.07,168.61,163.15,154.02,149.41,142.01,135.68,125.06,119.27,110.02,101.83,93.61,84.20,73.08
150.55,165.42,172.14,181.80,190.96,199.72,200.88,205.48,205.85,208.15,210.01,211.98,210.87,209.31,210.30,214.25,216.30,220.34,222.75,224.59,231.69,239.10,243.97,248.91,254.07,256.91,259.89,259.85,256.01,254.03,250.20,240.28,231.47,228.30,219.32,216.39,207.42,198.91,194.15,187.00,180.00,172.41,164.51,157.38,151.61,138.44,132.38,123.42,112.11,102.08,94.37,82.49
137.77,150.01,158.15,166.78,175.07,182.48,184.68,188.48,188.66,190.23,193.69,192.09,195.13,192.52,193.50,196.47,198.66,201.26,203.12,204.46,210.72,218.93,224.66,229.30,233.45,236.58,237.26,235.44,234.27,230.78,226.50,220.41,213.17,206.29,201.10,196.02,188.77,181.89,176.87,171.16,164.40,159.20,151.17,143.03,138.80,127.77,122.77,113.60,103.82,94.54,87.66,77.41
151.73,164.79,175.51,182.88,194.24,199.45,203.59,207.09,208.56,208.70,210.28,211.81,212.62,212.23,211.77,216.00,216.49,221.39,225.06,225.42,232.69,241.00,246.89,252.12,257.13,261.12,263.10,262.05,258.50,255.20,250.54,241.42,235.05,228.71,220.99,217.09,209.03,201.10,195.36,189.21,181.22,176.17,167.66,157.49,152.41,139.54,134.03,124.91,114.06,104.12,97.13,86.28
134.74,145.87,155.03,163.05,171.06,178.32,179.27,185.15,184.27,185.65,187.41,188.09,190.68,186.60,188.16,191.51,192.63,196.54,199.01,201.25,207.89,214.16,219.08,223.22,226.15,231.89,234.61,231.04,230.67,227.26,222.55,216.02,209.09,205.07,197.97,192.94,184.71,176.60,172.19,168.08,162.89,155.64,150.01,142.23,136.82,124.19,118.19,109.44,102.11,92.80,83.26,73.25
136.18,149.03,156.16,165.08,172.99,179.81,183.14,189.02,187.84,188.90,189.91,191.19,192.59,190.91,190.54,194.58,195.78,202.30,203.50,203.97,209.47,217.52,223.13,224.66,231.37,234.96,239.27,234.03,232.64,230.87,224.36,219.27,208.61,206.17,200.69,194.13,186.04,181.82,175.51,169.59,163.25,155.54,151.48,143.63,135.59,125.26,119.85,110.05,101.41,94.20,84.53,75.29
154.16,166.97,174.87,185.40,195.00,202.05,206.66,208.87,210.60,212.08,213.46,215.70,216.33,213.84,213.56,216.45,220.42,222.63,226.99,227.77,232.25,243.52,249.06,252.68,257.39,261.60,263.53,260.36,260.77,255.16,251.55,242.86,235.05,230.77,222.04,218.72,209.72,199.74,197.33,188.81,180.89,175.93,166.82,159.25,151.48,140.16,133.02,125.03,112.87,104.00,97.35,84.53
135.48,149.12,155.87,164.62,172.74,179.74,180.68,185.65,185.65,186.27,189.47,190.32,189.61,188.38,188.83,192.20,194.59,197.31,202.61,201.36,207.63,214.97,220.44,224.18,229.64,232.97,234.09,232.28,231.39,227.37,223.89,217.04,209.62,203.48,198.41,192.17,184.84,178.44,173.97,168.96,161.32,154.15,150.08,141.45,137.44,123.48,118.00,109.90,102.69,92.80,83.60,75.24
138.23,149.51,157.08,165.98,173.44,181.14,184.04,187.63,186.94,189.28,191.25,193.02,191.07,190.96,191.67,192.72,196.60,198.77,203.67,203.39,210.00,216.70,222.81,225.21,229.86,233.24,234.34,233.03,231.16,228.67,224.20,217.08,210.09,206.49,199.92,193.84,187.45,178.68,175.41,168.40,161.72,157.85,149.27,140.55,136.46,126.53,120.34,111.57,101.64,92.76,85.87,74.95
135.92,147.87,154.95,162.59,170.84,177.34,180.71,185.83,186.59,185.16,188.62,190.12,190.07,186.85,188.81,192.01,194.06,197.80,200.94,200.86,207.51,215.52,219.78,223.29,227.48,230.41,233.45,229.39,227.59,226.72,223.49,215.37,206.24,203.77,197.28,191.84,185.46,177.10,172.88,167.36,160.82,155.21,146.77,138.29,134.08,123.76,118.46,110.26,100.22,92.14,84.05,74.24
134.00,146.60,154.98,164.71,170.08,179.36,179.39,185.43,186.08,187.43,188.25,189.84,189.84,188.73,189.71,191.78,193.94,198.98,201.46,201.70,207.18,214.41,220.10,223.62,228.67,233.19,234.06,230.77,229.73,227.47,221.45,215.96,207.65,204.48,197.20,191.94,185.04,178.13,173.42,167.11,161.89,152.55,148.17,141.77,135.37,123.47,116.97,108.07,100.96,93.23,82.38,72.86
136.85,150.46,156.39,167.00,173.69,181.80,183.31,187.30,189.50,188.11,190.92,192.04,191.86,191.02,191.94,195.88,196.31,200.81,201.53,203.67,211.01,219.60,222.00,225.89,231.35,234.06,235.60,234.29,231.91,227.02,225.08,218.22,211.18,205.04,198.18,194.16,187.86,179.94,176.05,167.69,162.64,157.69,149.19,142.64,135.79,125.93,120.22,110.35,100.28,93.43,84.85,75.15
137.19,149.25,156.37,166.01,174.73,181.14,183.10,187.55,188.09,190.25,191.48,191.85,191.84,190.95,190.06,193.35,196.60,200.19,203.65,203.03,208.86,217.83,221.90,225.44,231.41,232.56,235.42,234.34,231.01,227.64,224.02,218.16,209.35,205.30,198.71,192.77,189.24,178.10,174.43,168.00,162.10,156.87,149.28,142.17,135.34,125.87,119.24,109.88,99.62,91.01,85.56,73.98
153.81,167.59,176.82,186.90,196.82,203.81,206.32,211.90,212.85,214.41,215.82,216.52,217.26,215.86,216.31,218.55,220.38,226.05,227.86,229.80,236.78,245.01,249.20,253.65,259.28,262.43,263.61,263.32,259.46,255.78,253.03,244.63,236.41,230.43,223.23,218.91,208.93,201.72,196.23,189.65,181.02,176.66,167.80,159.48,152.43,140.43,134.73,123.99,112.95,102.59,96.26,85.07
153.64,167.76,177.91,186.51,195.62,203.67,208.43,212.40,213.15,215.52,215.03,215.95,215.52,215.23,215.38,218.39,222.50,225.08,230.34,229.31,236.60,242.98,250.17,251.87,258.99,261.89,263.70,262.09,261.81,256.97,250.45,244.50,236.23,229.44,224.56,217.75,209.50,199.97,195.24,191.48,182.86,176.58,168.67,160.64,153.94,140.00,133.41,122.78,115.16,104.81,95.13,82.62
152.00,166.68,177.10,186.68,193.40,203.21,205.99,211.59,210.62,213.21,212.81,215.11,215.37,214.15,212.61,218.94,218.28,223.45,227.79,229.75,236.41,243.56,247.76,251.34,259.09,262.99,264.03,261.08,260.38,255.23,250.83,243.31,235.05,229.46,223.29,217.00,210.24,200.37,196.46,187.00,181.91,174.89,169.18,157.81,151.16,139.90,132.85,123.33,113.53,104.29,94.26,83.57
135.47,147.53,156.28,164.98,171.21,179.40,183.53,188.18,187.95,190.54,189.24,191.86,192.38,191.15,191.23,194.58,195.58,198.83,203.21,202.08,208.34,217.64,220.84,226.32,228.40,233.64,236.28,231.77,229.65,227.38,222.46,215.52,207.86,204.48,198.52,191.31,185.84,179.54,175.18,169.01,160.86,154.24,151.34,141.51,135.99,122.98,116.52,108.24,101.61,94.34,82.87,72.53
136.21,148.95,156.31,166.11,172.26,180.41,183.74,187.54,188.60,188.67,191.02,191.04,191.90,189.86,189.02,194.54,195.53,197.82,203.54,204.61,210.02,216.57,222.27,225.40,230.79,233.24,235.03,231.80,231.11,226.92,223.39,217.12,208.89,204.36,196.89,193.19,185.87,177.34,173.37,166.98,162.93,154.05,149.35,140.60,135.07,124.15,118.31,108.98,101.52,92.35,81.61,72.62
136.57,150.90,159.02,167.76,175.51,182.01,186.12,191.94,191.64,192.59,192.92,195.60,196.11,193.79,192.59,197.22,198.01,203.03,204.98,206.31,211.75,219.09,224.74,227.16,232.14,236.14,238.67,234.20,233.11,229.39,225.44,217.96,210.11,206.60,200.94,195.72,187.07,179.39,176.17,169.76,164.34,157.29,152.80,143.39,136.88,124.90,118.81,110.98,103.31,94.87,83.38,74.81
144.40,158.71,165.85,175.89,184.17,189.27,195.41,201.53,201.63,201.48,203.25,204.38,206.16,201.56,203.59,206.60,209.12,212.94,215.67,214.45,220.04,229.58,234.62,239.28,243.67,247.19,250.32,244.44,244.18,242.00,236.30,228.09,220.29,215.96,210.85,205.28,195.02,189.77,185.80,178.04,171.02,164.01,159.21,151.03,143.56,132.52,124.31,116.85,108.17,100.42,88.46,79.08
153.64,169.04,176.31,187.95,197.23,204.24,208.66,210.30,212.42,214.11,217.10,218.16,216.95,215.93,215.75,220.06,221.05,225.20,228.18,228.88,235.26,244.02,250.73,254.03,259.03,263.22,264.12,260.42,259.49,255.13,250.53,244.07,233.91,228.82,222.14,217.88,208.93,201.25,195.53,190.19,181.00,177.00,167.72,159.20,153.45,139.59,133.87,124.45,113.22,103.81,96.13,84.31
138.01,152.05,157.89,167.61,176.48,184.30,186.46,189.28,191.19,192.41,194.25,194.62,195.06,193.83,193.22,199.45,199.72,203.59,205.24,207.24,211.07,219.32,224.00,227.38,233.01,235.77,238.40,235.19,233.27,229.19,225.53,218.87,211.03,205.92,198.85,196.09,189.27,180.16,175.91,170.66,163.38,157.54,148.30,143.53,137.24,128.14,119.10,110.06,100.77,93.77,85.88,75.13
142.30,155.93,165.42,174.32,180.36,189.10,191.61,195.97,198.88,198.22,200.14,200.81,202.87,199.01,199.06,202.12,206.31,210.30,210.87,212.23,219.92,225.57,232.61,233.98,240.21,244.10,245.08,241.87,240.35,237.12,232.18,224.88,217.35,213.22,205.91,200.42,193.89,186.43,183.07,174.43,169.50,160.61,154.95,147.43,141.03,129.20,122.69,113.16,105.12,96.13,85.44,75.64
137.46,151.49,158.62,166.97,175.41,183.99,185.70,189.89,190.38,190.32,193.83,194.59,196.03,193.94,192.21,197.59,198.03,201.10,204.92,206.48,212.28,217.45,224.27,226.18,232.23,237.08,237.51,233.56,233.15,228.84,226.93,217.88,209.30,206.60,199.58,194.49,188.14,179.32,175.33,167.60,164.54,155.72,151.48,143.59,138.18,125.03,118.04,111.31,101.53,92.44,84.40,73.16
137.64,149.68,158.15,165.71,172.28,181.71,182.16,188.57,188.79,188.10,191.38,191.86,194.61,191.00,190.13,193.94,196.33,199.45,204.20,203.44,208.29,216.16,222.32,223.76,228.53,233.43,235.17,231.69,230.99,227.78,224.11,217.15,207.41,204.66,197.75,193.49,186.68,178.21,173.66,167.89,162.00,155.26,149.16,142.89,134.63,122.54,117.89,109.29,99.32,93.48,85.02,74.79
135.96,146.67,158.40,165.85,173.79,181.18,184.02,188.88,187.66,189.26,189.36,191.67,193.79,190.63,190.65,194.26,196.43,200.61,203.67,203.35,208.20,218.01,222.77,224.32,230.12,232.54,236.24,233.08,232.47,229.53,223.73,216.00,208.15,205.88,198.28,193.96,184.62,178.27,173.74,168.12,162.08,156.54,149.16,141.87,135.71,123.11,118.90,108.47,100.01,90.76,83.95,72.86
136.95,149.21,157.00,166.37,173.18,181.62,184.76,191.72,189.51,189.43,191.27,193.28,194.73,189.45,191.13,195.00,196.60,200.21,205.27,204.89,209.06,217.83,222.04,224.96,229.56,235.72,234.29,232.40,230.78,227.41,225.08,215.98,209.17,205.04,199.02,193.21,186.75,177.72,175.89,168.94,163.69,155.80,150.66,142.94,135.79,124.82,119.00,110.48,101.83,92.44,82.73,75.45
143.21,158.03,165.17,175.82,183.32,190.98,192.08,198.77,197.29,199.16,200.87,202.65,202.09,200.83,201.34,205.16,205.72,209.72,213.47,213.93,220.66,227.71,233.50,238.17,242.33,246.83,247.74,245.66,243.19,238.67,236.03,227.53,219.27,216.71,208.17,202.43,196.47,188.29,185.00,178.31,172.41,163.22,157.66,148.95,143.09,131.70,123.79,114.14,105.70,97.35,87.05,77.80
151.98,170.33,177.12,188.60,193.31,204.66,207.66,211.80,211.36,214.00,214.22,218.16,218.33,215.57,215.06,218.82,222.00,225.62,230.50,226.92,232.31,242.91,248.52,253.71,259.00,263.47,265.28,261.96,258.03,256.63,250.84,242.10,234.80,232.09,223.59,218.08,208.47,202.25,196.16,189.81,182.26,174.66,168.81,160.22,151.46,139.86,133.56,123.11,114.28,104.69,94.40,83.15
136.56,148.92,157.81,167.72,172.54,177.00,184.36,185.01,185.32,186.99,188.32,189.77,191.47,188.66,189.84,191.85,194.29,197.34,199.69,200.32,205.51,212.16,219.54,223.14,227.97,233.62,236.58,232.65,232.02,228.09,223.90,217.22,211.62,208.84,202.53,196.33,188.90,182.33,179.84,173.53,168.19,160.38,155.79,148.00,141.16,132.00,122.80,114.61,107.23,99.05,89.69,77.47
152.90,165.47,174.96,184.76,194.00,203.19,202.47,208.25,203.20,208.95,208.40,209.35,212.19,211.00,211.07,214.58,214.03,219.92,220.78,223.90,230.29,238.77,243.46,248.57,253.92,260.00,261.90,258.71,260.23,253.80,252.12,244.11,238.38,231.52,223.61,220.06,212.95,206.04,201.44,192.76,186.97,179.77,171.33,164.76,157.17,147.71,140.25,130.83,119.57,110.68,102.62,89.45
138.20,153.58,161.72,170.45,177.29,184.66,188.81,190.69,192.92,193.09,195.62,196.95,197.14,196.39,196.66,197.95,200.56,202.92,206.63,207.80,214.01,220.34,225.14,231.29,234.61,239.89,242.17,240.48,238.61,233.94,229.10,223.52,214.97,210.92,205.06,197.52,190.66,185.10,178.60,173.51,167.49,160.85,152.79,146.11,140.58,128.44,121.41,112.33,104.65,96.42,87.20,76.90
124.28,133.14,136.75,143.22,151.74,160.08,162.48,161.15,164.48,166.36,166.97,166.82,164.56,166.31,163.60,168.59,167.60,171.90,171.03,173.76,178.10,178.68,185.80,185.97,191.71,193.09,195.13,193.38,197.57,197.27,200.93,204.02,222.31,221.53,217.62,215.08,209.88,205.06,202.48,192.98,190.97,182.39,173.01,164.81,159.38,149.83,140.73,131.52,120.22,110.91,102.55,90.96
127.40,139.45,148.03,155.24,159.39,167.92,169.29,172.47,175.93,173.73,173.68,176.56,174.87,175.57,173.65,176.78,178.35,182.89,182.66,184.02,188.69,189.01,193.49,195.78,198.00,205.08,207.20,204.30,208.06,210.10,210.12,214.29,223.90,227.69,221.50,221.42,213.77,210.89,204.57,198.60,196.99,186.43,178.46,170.65,165.25,150.30,142.02,131.89,124.45,114.23,104.01,92.27
124.56,138.18,145.72,151.38,155.32,165.00,168.43,169.31,172.10,171.42,173.52,172.42,173.62,170.42,171.11,173.05,173.28,179.07,179.01,179.18,181.14,187.28,190.85,192.01,194.49,196.82,205.30,206.70,206.17,208.02,206.62,214.35,221.29,228.01,219.91,217.04,212.81,207.17,203.42,197.31,192.31,184.38,176.91,168.34,162.74,151.86,140.80,129.25,123.94,110.77,101.98,89.63
154.21,169.64,178.73,188.32,194.26,201.69,204.95,209.25,209.51,212.06,215.08,215.23,216.19,214.67,214.61,215.70,219.15,221.35,225.96,227.11,235.46,241.47,246.79,252.80,256.24,261.66,266.72,263.35,262.49,257.72,253.44,247.49,237.69,232.90,226.18,218.21,209.83,202.68,197.43,192.21,185.24,178.10,169.81,161.47,155.16,142.66,133.54,125.80,115.17,105.54,96.18,85.33
136.80,151.61,159.71,167.87,174.14,180.89,182.66,187.56,187.68,189.10,191.04,192.51,193.40,191.93,191.21,192.63,195.82,199.01,200.93,204.14,211.01,214.87,220.42,226.38,229.65,233.94,238.42,236.03,234.85,229.92,226.92,221.82,211.45,208.24,202.20,195.49,187.39,181.87,176.60,170.99,165.37,159.76,151.17,144.35,138.96,126.40,119.62,112.00,103.58,94.11,86.59,76.55
152.16,167.05,176.05,186.45,194.16,202.20,206.21,207.63,209.40,211.21,213.60,214.14,214.95,214.11,212.95,214.62,218.87,220.49,224.21,227.38,234.14,240.65,246.00,252.23,256.91,261.96,266.33,262.67,260.97,256.96,252.72,246.64,236.16,232.22,225.18,217.82,209.24,203.49,197.04,191.39,184.40,176.95,168.69,161.64,154.67,143.02,134.32,125.16,115.45,104.85,97.00,84.88
155.62,167.16,176.31,187.40,197.43,204.92,206.87,211.90,210.76,212.51,215.64,215.52,217.64,214.24,214.98,218.32,219.58,225.32,228.67,229.21,237.44,245.31,250.51,256.22,261.40,266.83,267.60,266.33,264.97,258.21,256.14,247.93,240.61,233.03,226.12,222.19,214.67,206.69,201.31,194.00,186.26,179.69,170.75,162.27,154.86,146.49,137.89,128.32,117.05,105.65,99.98,87.66
135.87,148.37,156.04,165.01,172.99,179.67,180.16,186.97,187.40,188.81,190.70,190.60,193.20,189.00,190.08,194.28,195.56,199.37,203.07,202.68,210.24,216.02,222.99,227.07,230.95,236.02,238.73,233.42,231.95,229.71,224.64,218.56,210.06,209.33,202.20,195.23,187.77,179.48,176.26,170.66,166.39,157.41,152.16,143.96,137.77,126.21,120.70,111.83,103.47,93.90,86.68,74.00
134.83,149.58,157.16,165.46,172.15,180.60,183.86,188.82,188.67,190.69,190.28,191.37,192.04,190.78,189.17,193.93,196.01,198.40,202.04,204.57,208.58,216.60,222.85,226.57,230.36,235.49,239.60,236.16,232.02,230.37,226.11,220.06,212.06,209.07,203.06,197.52,189.00,181.76,177.26,172.45,166.11,157.80,153.65,145.34,139.71,129.07,121.20,112.45,104.69,97.51,86.12,76.01
152.07,165.85,173.29,186.12,193.60,201.31,205.39,207.18,207.86,210.23,211.02,212.61,213.41,212.29,211.01,215.33,218.25,222.85,226.64,227.90,233.93,242.89,248.07,254.24,259.62,264.85,265.05,264.15,263.06,258.12,254.31,246.81,237.40,232.41,223.81,221.82,212.20,205.06,200.00,193.28,185.97,179.60,170.51,161.03,154.81,144.31,137.75,127.74,115.26,105.12,98.31,86.76
133.20,146.10,155.21,162.81,169.07,175.86,178.83,184.77,183.15,184.88,184.38,187.52,186.68,184.76,185.05,189.65,191.67,196.56,200.57,198.49,204.92,211.29,217.02,222.03,226.36,232.25,233.91,231.39,231.03,227.56,222.72,216.46,208.00,205.00,196.02,191.85,185.61,178.87,175.21,169.54,162.93,155.82,150.28,141.74,136.88,126.30,119.71,110.31,104.64,95.69,85.62,76.16
152.84,167.04,177.25,189.34,192.63,202.28,205.65,211.62,210.49,212.46,212.78,214.67,216.30,214.79,213.12,219.53,219.97,225.73,229.16,227.97,234.10,243.51,250.11,254.77,260.25,267.30,269.80,265.28,264.22,262.05,257.74,247.39,239.89,237.45,227.55,222.99,214.04,208.14,202.04,195.06,189.56,179.47,174.64,166.35,158.78,146.74,138.60,128.47,120.03,111.61,99.20,88.68
157.20,172.74,178.94,191.03,199.25,208.35,209.70,213.49,217.89,216.23,218.28,217.95,219.69,219.76,217.39,222.05,221.45,227.70,231.56,233.94,241.54,248.28,255.39,260.49,267.42,272.12,275.05,272.27,270.09,264.01,262.10,255.33,246.27,239.46,231.85,228.45,219.15,210.11,205.66,199.46,192.35,184.72,176.50,167.53,162.98,151.92,144.06,132.19,121.51,111.02,102.70,89.84
112.38,124.79,129.85,135.24,142.52,146.86,146.09,152.32,154.00,153.88,157.26,156.92,154.51,153.64,151.92,153.95,154.01,158.76,159.00,158.32,160.82,165.25,169.12,167.30,172.82,175.65,176.03,177.75,183.70,181.62,186.21,190.91,207.17,216.02,211.98,213.04,208.87,203.07,202.83,194.37,189.10,181.84,173.28,164.62,157.85,147.61,139.46,128.72,118.56,109.48,99.93,89.81
153.63,168.36,174.00,185.61,194.55,202.25,203.63,207.15,209.30,210.80,213.06,211.97,214.35,211.73,210.77,216.81,215.80,220.79,223.95,227.38,234.48,242.54,248.89,253.84,258.52,264.70,267.17,265.00,265.22,260.30,257.61,249.63,240.19,236.22,229.90,224.04,215.57,206.31,202.79,193.68,187.45,179.95,174.26,165.42,158.34,147.49,140.66,130.00,120.74,110.48,101.18,89.31
151.49,165.08,172.39,182.22,191.98,200.26,200.42,205.09,204.59,207.71,208.39,208.95,209.95,209.77,209.31,213.93,213.34,218.76,222.51,226.76,230.71,239.00,245.22,251.55,256.82,260.97,264.94,262.07,261.22,257.38,255.36,245.20,238.38,231.81,226.17,221.92,211.63,205.73,200.14,193.08,186.63,179.07,171.77,162.80,156.52,147.25,138.51,130.39,119.40,107.84,100.50,89.05
149.27,164.65,173.95,182.33,190.08,198.00,202.23,206.30,206.83,207.04,207.06,212.16,210.05,207.76,208.54,213.00,214.40,220.79,224.96,221.36,232.02,240.74,246.13,253.02,257.86,263.15,267.54,263.93,262.36,259.24,255.20,247.81,238.32,235.92,229.49,223.57,213.72,206.89,201.31,196.33,189.17,182.26,174.32,165.13,157.33,148.61,140.01,130.15,120.60,110.17,100.09,89.50
149.91,163.48,170.88,182.13,190.42,196.47,199.58,202.83,204.84,205.53,207.79,207.39,208.09,207.51,207.20,209.51,212.46,218.01,219.94,220.23,230.64,236.97,244.76,249.73,256.28,261.05,263.49,260.77,260.03,257.50,253.34,244.46,238.21,231.37,227.67,221.50,214.76,204.62,200.26,193.55,186.12,178.91,173.22,165.42,156.98,147.71,139.70,129.71,119.10,110.11,102.00,89.31
151.16,163.08,173.00,183.17,191.02,200.39,200.96,205.30,204.92,207.33,208.49,209.17,208.61,208.20,209.77,212.04,213.77,218.34,221.68,223.44,232.42,239.25,246.97,254.34,258.12,263.70,264.98,262.51,263.87,258.05,255.31,248.65,239.10,234.57,227.48,223.90,214.85,206.79,202.05,193.85,188.18,182.17,172.45,162.73,157.56,148.60,140.80,130.97,118.87,109.04,102.32,90.21
150.12,163.98,172.31,181.46,188.99,197.22,199.74,204.59,205.55,206.17,206.66,206.35,208.39,207.82,207.62,211.81,212.42,216.90,220.02,222.38,232.88,238.73,245.20,252.42,257.16,260.98,264.60,263.42,261.64,257.77,254.66,247.26,240.00,233.90,229.02,223.91,214.72,207.93,201.46,193.83,187.61,181.18,171.35,166.01,158.52,148.95,141.32,129.10,118.34,106.55,103.08,90.70
148.76,162.61,168.88,178.77,186.72,194.25,198.71,200.77,201.56,201.52,204.47,204.19,204.96,203.65,204.96,207.70,208.39,214.97,217.18,220.24,229.58,234.00,241.51,248.94,253.27,259.34,261.17,260.00,260.29,254.26,253.39,244.50,237.12,230.03,226.31,220.20,211.09,205.23,198.91,193.35,184.98,178.93,171.68,163.20,156.11,147.14,139.86,129.73,117.71,108.50,101.04,88.81
118.07,126.30,130.38,138.81,146.99,151.61,151.46,153.73,155.36,155.88,159.66,156.60,157.75,157.00,155.44,159.15,157.99,159.18,163.89,163.17,167.92,167.09,171.08,172.35,177.39,180.14,182.46,180.83,182.50,182.18,181.25,185.06,197.59,208.20,205.12,206.62,203.87,202.42,199.90,192.61,191.21,183.96,175.51,165.25,159.62,150.81,140.72,130.42,118.07,111.02,99.98,90.51
122.29,131.03,138.96,143.02,153.57,155.79,159.81,161.15,161.25,163.29,165.85,163.01,161.25,162.41,161.08,163.29,163.37,168.58,169.58,171.82,175.16,175.86,181.59,188.85,189.81,192.50,201.21,201.32,203.53,202.27,200.72,201.78,207.07,207.47,204.44,206.65,201.80,203.89,197.52,193.54,188.18,183.97,172.68,166.83,159.67,150.88,142.00,131.75,119.77,109.88,103.59,90.27
148.73,162.69,169.68,178.89,187.81,195.13,196.38,202.47,202.41,203.81,205.46,204.96,207.15,204.44,205.10,207.47,210.84,217.31,218.08,220.03,229.59,236.07,244.49,250.34,255.08,261.64,265.15,260.86,261.12,256.98,254.43,244.81,238.52,233.06,227.18,221.58,214.37,206.04,201.36,193.98,188.10,180.29,173.42,166.15,159.01,150.08,139.79,130.68,120.35,111.95,101.87,89.89
147.41,161.12,170.55,179.23,185.24,195.69,198.00,202.20,204.04,203.53,204.96,207.87,206.69,205.24,204.94,208.39,210.79,217.35,219.92,221.11,230.00,237.03,243.66,250.32,255.38,262.76,264.37,261.14,262.55,257.97,256.63,246.91,239.25,234.96,227.14,223.18,213.02,206.77,201.32,195.26,188.10,183.44,172.15,166.72,159.06,148.85,141.15,130.25,121.81,112.70,100.34,90.20
148.95,160.00,168.76,178.94,187.22,193.98,197.47,200.82,200.23,200.82,203.57,203.38,205.23,204.09,203.93,207.71,209.80,213.18,218.21,218.93,227.31,233.35,242.24,247.27,253.48,258.79,262.19,258.94,258.90,255.95,250.91,243.52,236.89,232.82,226.83,222.09,211.47,202.74,198.22,194.20,186.72,179.40,173.17,163.40,158.34,146.63,138.06,128.14,119.88,109.08,100.02,89.07
129.87,141.35,151.16,159.05,165.30,173.46,173.53,178.62,178.14,180.03,178.87,180.69,182.20,180.07,180.60,183.21,185.95,191.73,195.00,195.02,201.02,207.96,214.05,220.49,226.04,232.14,233.35,229.75,231.78,228.97,224.66,217.52,210.54,207.23,203.09,197.22,189.81,182.44,178.26,174.14,168.67,158.11,155.71,146.82,141.28,130.83,123.49,113.36,106.30,99.30,90.03,79.91
149.28,162.11,169.81,179.85,189.10,193.94,200.56,200.48,201.00,202.83,206.52,204.36,205.62,204.55,206.40,208.34,212.08,214.68,218.29,219.15,228.48,237.59,244.66,249.23,256.01,259.62,262.97,261.90,259.76,257.78,252.49,247.64,238.14,233.62,227.69,222.11,214.71,207.09,201.56,196.90,187.20,182.46,173.07,165.11,158.67,147.96,140.80,131.24,121.34,110.21,102.32,89.81
147.36,162.23,167.80,179.14,188.15,194.99,197.82,201.16,200.10,201.60,204.59,204.71,204.96,204.88,205.02,208.47,207.74,213.14,218.39,220.10,228.06,234.06,242.04,247.50,254.15,259.24,262.73,260.80,259.43,254.40,252.36,244.02,236.17,231.37,227.22,220.54,212.94,206.94,200.00,192.76,186.25,179.62,172.82,163.78,156.40,147.58,140.13,129.00,117.66,110.17,100.02,89.10
147.17,160.46,168.29,178.47,188.48,193.60,197.02,199.99,200.00,201.04,203.40,204.22,202.74,203.09,202.34,206.32,209.47,213.77,216.75,217.83,227.27,232.72,241.40,247.59,252.36,258.90,260.86,259.45,257.96,254.42,250.42,242.84,235.47,230.85,225.11,221.38,211.63,203.42,198.15,194.28,187.11,180.01,172.59,163.77,157.31,144.84,138.00,128.00,120.20,110.28,100.62,87.37
152.59,167.87,174.40,186.68,193.19,201.56,205.73,208.15,208.60,211.68,211.97,211.01,213.49,212.46,213.71,217.56,215.97,221.45,226.14,228.67,237.22,244.86,251.91,258.38,263.59,269.78,272.79,269.09,269.61,264.28,263.01,254.66,246.40,240.76,234.39,228.04,219.79,212.66,208.74,200.80,194.18,184.57,177.79,170.18,162.75,153.47,144.09,134.47,123.94,113.14,102.11,90.70
149.62,164.83,172.19,181.84,192.51,198.98,200.45,204.52,203.59,204.89,206.07,206.52,206.55,206.71,206.25,211.46,213.40,215.87,220.64,222.73,229.92,238.42,244.38,251.75,257.00,263.66,266.63,264.32,263.74,259.03,254.70,246.61,239.93,234.48,227.08,223.86,214.72,208.61,202.92,196.94,189.13,182.15,175.32,166.83,159.89,151.42,141.66,132.38,121.46,112.22,104.40,90.80
131.24,145.36,153.44,160.03,166.21,173.31,178.01,180.62,181.84,182.50,182.63,182.53,184.33,182.02,183.20,186.63,188.40,191.67,195.88,195.76,202.20,209.47,216.81,221.63,226.32,232.66,234.54,233.21,232.88,229.37,225.82,218.55,211.51,207.51,203.30,196.79,188.73,183.02,176.11,171.68,166.17,158.65,154.02,148.00,141.76,129.50,122.10,114.93,107.35,97.95,89.11,78.26
145.77,158.03,168.15,177.10,185.70,191.04,195.04,197.65,198.34,199.10,201.72,201.26,202.94,200.35,201.56,204.79,206.63,211.02,215.95,216.61,224.51,232.08,240.47,245.06,251.13,255.97,258.77,256.89,258.19,252.94,250.20,240.47,234.36,228.60,223.04,218.16,210.32,202.89,197.39,190.28,184.30,177.23,169.06,161.74,156.20,145.03,138.00,130.14,118.70,107.04,99.92,87.68
145.91,157.88,167.04,177.10,182.48,190.13,192.21,198.43,199.69,200.35,199.30,201.19,202.92,200.06,199.90,203.21,206.77,211.62,215.26,215.67,224.74,230.26,239.76,245.28,249.56,257.16,259.14,255.13,254.47,252.16,248.26,240.85,231.66,229.58,225.02,217.31,209.89,201.56,196.84,189.49,185.46,175.51,170.63,162.19,156.24,143.54,136.57,126.49,118.07,108.66,96.18,86.35
146.32,157.78,164.30,172.61,182.94,186.94,191.67,194.49,195.41,197.49,200.72,199.18,200.83,198.31,198.71,202.30,205.45,210.04,212.81,214.04,221.42,228.82,236.03,243.10,249.30,254.19,256.85,254.03,255.23,251.84,245.65,239.25,231.40,227.86,222.33,216.49,208.13,201.64,196.54,189.04,183.45,174.61,170.00,161.31,154.49,144.17,136.18,125.22,116.52,108.41,96.80,85.15
146.65,160.01,166.39,176.80,185.54,190.67,195.18,198.93,198.00,200.80,201.00,201.70,202.87,201.56,201.64,203.81,208.06,210.29,218.01,216.42,226.00,232.38,239.92,246.22,251.10,256.80,260.11,260.00,256.83,255.02,250.46,244.08,235.13,231.19,225.04,219.32,211.03,203.65,198.91,193.50,184.84,179.82,172.01,163.25,156.72,145.25,139.05,129.07,118.60,108.37,100.02,88.26
143.27,157.54,163.05,173.12,180.09,186.32,190.18,194.94,194.28,197.84,197.49,199.06,199.46,197.72,197.44,199.42,203.03,206.93,214.11,211.81,218.75,229.11,236.09,242.10,246.38,252.04,255.73,253.57,251.15,251.46,244.77,238.08,228.83,227.56,221.05,216.02,206.17,200.09,194.24,190.79,181.66,175.93,169.62,161.01,155.08,142.84,135.53,125.00,116.21,107.52,97.50,85.28
145.25,159.01,167.59,177.16,184.13,192.78,195.50,198.30,198.06,200.80,202.87,201.11,203.69,202.74,202.79,205.36,208.37,211.82,217.46,216.82,225.36,234.41,239.75,246.35,252.60,257.10,261.05,257.29,257.77,254.77,249.54,242.26,236.03,229.83,224.38,218.66,212.31,204.36,198.16,192.26,186.53,177.86,169.45,162.27,156.85,147.22,138.23,129.00,118.42,108.08,98.81,87.69
147.53,161.21,168.15,177.55,187.04,194.03,196.80,199.46,199.90,201.76,203.21,203.97,203.71,203.54,205.64,207.51,210.09,213.59,217.20,220.58,229.27,236.93,242.23,251.10,255.41,259.51,262.49,260.46,260.05,254.59,253.57,246.10,238.61,231.93,224.18,221.08,213.18,206.02,201.02,193.38,187.11,181.04,170.67,165.16,157.00,146.71,138.52,131.40,117.99,107.71,99.16,88.96
147.03,161.15,166.44,176.38,187.26,195.72,197.59,201.70,201.02,200.83,202.27,202.54,204.32,203.73,203.90,207.35,206.79,215.87,215.20,220.06,226.77,234.03,242.85,248.00,254.76,260.31,262.09,260.85,262.23,256.02,252.67,244.46,236.24,230.38,224.96,220.07,212.06,204.01,199.90,192.40,186.97,177.52,172.66,164.76,157.43,146.28,137.57,130.14,119.15,108.17,101.13,89.68
153.21,168.88,174.69,184.62,194.37,201.54,206.53,210.00,210.19,211.00,212.90,212.42,213.03,213.93,210.68,216.48,217.39,225.25,227.73,228.32,236.50,246.59,252.69,260.16,265.10,270.90,273.70,272.80,271.23,268.25,264.55,257.24,246.87,240.84,236.91,230.42,222.58,214.85,209.19,203.12,194.73,187.54,181.52,171.13,164.56,154.30,146.33,137.06,123.00,114.13,104.94,92.62
148.40,161.40,167.30,177.41,185.10,194.31,194.99,199.73,202.20,200.90,201.46,203.53,204.48,204.13,202.18,207.00,207.66,214.68,217.59,221.47,229.53,238.80,244.40,251.10,254.69,261.63,263.17,260.97,262.55,256.53,256.29,247.34,238.80,233.79,228.25,222.25,214.85,206.52,201.40,195.78,188.53,180.07,174.55,164.91,160.43,147.96,139.32,128.46,119.97,111.02,100.00,87.92
129.69,141.88,148.55,157.93,164.92,170.41,174.04,178.68,178.02,179.11,179.81,179.36,180.61,179.69,179.27,182.99,185.27,188.69,193.84,193.35,200.20,207.58,213.00,220.64,223.89,230.05,231.62,228.58,230.54,226.38,221.77,214.85,206.90,204.88,199.04,195.36,187.11,180.28,177.54,170.58,165.68,158.09,152.87,143.89,139.99,129.39,121.66,114.06,105.00,97.08,88.24,77.10
128.55,140.43,147.73,156.08,163.00,169.01,170.85,176.21,175.87,177.63,177.23,180.29,181.02,178.01,177.41,182.48,184.05,191.63,191.32,193.50,200.35,208.00,214.25,218.90,224.02,229.05,233.83,228.47,229.46,225.66,222.32,216.93,209.02,206.31,199.42,196.65,187.13,181.32,175.93,170.76,165.61,157.41,153.31,144.97,138.32,129.42,121.04,112.93,104.74,95.52,88.14,76.85
145.40,157.81,167.01,175.87,184.32,189.76,195.06,199.42,199.81,200.19,201.12,202.16,203.21,203.21,201.24,206.04,206.34,212.48,214.68,217.30,224.51,233.50,241.48,246.71,250.23,257.24,259.73,258.50,258.03,254.78,250.57,242.54,235.19,229.71,225.28,219.40,209.82,202.09,197.68,192.77,186.19,175.86,171.33,162.61,155.93,144.16,137.57,128.14,117.89,109.00,98.81,87.14
151.08,165.95,173.40,182.04,193.35,199.53,203.12,205.01,205.97,206.31,208.37,209.80,210.04,210.60,211.53,214.19,215.47,218.25,224.32,226.87,237.29,243.91,250.87,256.84,264.17,267.48,270.90,270.22,269.18,264.14,260.76,252.62,244.25,239.02,232.18,229.24,218.66,211.60,206.52,197.97,191.77,186.46,176.65,168.00,160.75,150.40,145.41,133.00,122.80,109.59,104.56,91.02
144.59,158.98,168.67,178.07,187.01,191.92,196.09,200.20,199.01,202.00,202.16,202.09,203.81,203.81,204.62,207.54,209.29,216.71,219.32,220.41,227.79,236.04,243.67,250.28,255.62,260.39,264.49,260.52,261.73,257.28,251.98,245.54,235.93,233.08,228.02,222.70,212.90,205.57,199.72,193.46,187.63,177.72,173.08,164.44,157.50,145.84,140.09,129.71,120.74,109.79,99.64,87.86
146.99,162.25,169.43,179.07,186.94,193.26,197.95,200.85,199.90,203.04,202.20,205.65,207.96,204.36,204.71,208.29,210.28,216.34,221.46,222.35,229.05,238.47,244.39,250.16,255.36,262.86,266.66,263.55,261.02,258.41,255.28,246.86,239.53,233.94,227.80,222.80,214.40,205.60,200.35,196.09,188.04,179.14,172.93,164.55,157.89,147.12,138.76,130.70,118.42,111.40,100.40,89.20
145.96,159.62,166.83,176.82,184.72,193.22,194.14,199.16,198.49,200.36,202.19,202.63,203.11,203.21,203.67,206.93,207.71,214.44,216.63,219.97,228.48,236.14,241.62,247.82,253.43,259.90,262.99,260.31,259.09,255.03,253.90,244.05,235.85,230.56,224.50,219.40,212.46,205.41,197.52,192.04,185.30,176.40,171.57,164.15,156.46,145.62,138.64,126.78,118.23,107.52,98.76,87.46
145.96,160.31,171.21,179.87,185.92,194.28,196.06,200.41,203.03,203.60,202.97,203.55,203.81,203.95,204.45,207.55,209.89,217.04,220.43,221.06,230.33,237.69,244.90,252.73,257.24,264.46,269.36,265.58,267.05,262.45,259.38,250.45,243.31,239.89,232.70,228.96,220.00,212.08,206.63,200.77,195.00,185.46,179.00,171.17,164.66,152.27,143.89,136.40,126.48,117.69,104.56,92.78
145.12,160.82,167.76,176.21,184.20,192.00,198.46,198.56,199.28,201.43,203.00,204.44,205.20,202.04,202.31,205.65,209.09,214.83,220.10,220.99,227.64,236.22,244.35,249.97,255.36,259.68,264.37,261.58,260.32,256.33,252.86,243.91,236.60,232.86,224.01,220.05,212.58,203.39,199.75,192.52,184.68,178.07,171.73,162.08,156.73,146.99,136.57,127.42,117.80,109.20,99.01,88.60
146.11,158.40,168.44,178.62,184.10,193.26,196.51,199.40,201.11,202.99,202.87,203.11,204.12,204.01,205.51,208.31,211.46,216.97,220.20,220.66,229.27,236.12,243.31,249.88,254.20,259.88,262.38,260.93,260.93,255.45,252.51,243.77,237.17,230.93,224.51,220.66,211.74,205.23,198.01,192.17,186.25,178.28,169.94,162.59,154.94,144.81,137.31,127.49,117.11,106.78,100.12,87.46
149.48,165.51,173.74,185.81,191.23,198.85,201.31,205.37,206.12,208.12,209.99,210.28,211.90,209.61,210.32,214.44,215.70,222.04,224.96,225.73,235.33,243.43,249.69,255.71,260.72,268.34,271.36,267.53,267.05,261.88,260.11,250.02,244.04,238.13,232.65,226.95,216.15,207.97,205.01,197.09,191.54,182.13,177.01,167.94,161.47,147.87,140.39,129.07,120.93,111.20,100.09,89.04
146.15,160.33,168.58,177.37,186.04,191.56,196.00,200.96,201.02,202.20,203.79,204.01,204.47,203.58,202.99,206.49,209.34,213.03,216.21,217.86,227.20,234.40,240.75,247.40,253.02,258.37,260.35,256.86,257.63,252.34,249.61,241.55,232.77,228.67,223.59,215.81,207.86,200.85,196.60,188.32,183.36,173.28,169.37,160.56,154.87,142.44,134.62,122.98,116.08,106.53,96.01,83.76
148.53,161.31,172.04,179.78,186.68,195.39,196.16,203.34,203.16,204.66,205.20,206.67,209.19,206.16,205.12,209.95,211.01,219.86,221.20,221.20,230.83,240.10,245.75,251.96,256.03,262.07,264.60,260.19,261.62,255.44,252.61,245.60,236.91,235.00,226.93,219.66,212.46,205.04,200.00,191.47,186.14,177.23,171.76,165.42,156.54,145.91,137.13,128.02,118.70,108.12,99.20,86.98
147.43,161.93,170.66,182.04,189.42,194.55,200.25,204.98,204.13,206.79,206.09,207.65,209.12,205.68,205.98,210.23,211.54,217.04,220.99,223.04,231.81,238.00,245.09,254.13,258.21,266.96,268.34,264.27,263.18,259.33,257.12,249.38,241.92,236.88,233.38,227.55,216.82,210.30,205.00,200.36,194.20,186.27,180.28,171.27,164.20,152.23,146.10,135.33,125.99,116.09,106.48,93.38
133.84,144.94,153.21,161.98,168.25,177.55,179.78,185.22,183.98,185.54,186.78,188.73,189.28,186.05,187.04,189.87,192.67,197.70,200.96,201.41,205.78,214.46,220.98,226.38,228.22,235.30,237.31,233.39,234.95,230.99,225.27,219.18,210.64,208.59,202.83,198.01,188.32,183.88,177.86,173.12,166.98,158.39,154.00,146.51,139.20,128.10,122.97,113.88,105.04,97.13,87.71,78.06
132.31,143.13,151.65,160.42,167.43,174.41,176.82,182.79,181.30,183.21,183.41,185.19,184.55,185.56,182.82,188.22,189.62,195.94,197.57,198.64,204.46,211.06,217.38,221.38,226.37,232.80,235.00,230.83,231.17,227.90,223.02,217.19,209.27,206.89,200.04,195.21,186.53,180.34,176.23,170.53,164.17,156.18,152.63,144.63,138.06,127.28,120.03,111.63,104.66,96.05,84.77,75.69
151.05,165.80,172.35,183.66,192.75,198.28,200.64,205.65,206.94,207.20,210.87,211.73,209.47,210.04,209.48,213.59,215.36,219.15,224.01,223.22,232.57,240.10,246.40,253.25,256.01,260.64,263.50,261.29,261.12,255.97,252.20,244.17,237.01,230.23,225.60,218.41,210.86,201.91,197.25,190.17,183.17,177.26,169.05,161.90,154.77,144.51,139.13,129.00,118.70,107.86,100.24,87.62
150.71,164.51,174.06,184.72,187.96,198.40,200.00,207.85,210.30,208.47,209.15,209.75,212.19,209.77,211.63,213.18,216.21,220.69,224.96,223.64,230.89,238.30,245.64,249.26,255.93,261.40,263.42,258.77,258.82,256.33,251.39,242.51,233.42,232.42,223.49,217.71,208.71,202.95,196.84,192.21,184.39,174.29,170.00,163.40,154.31,142.00,134.26,123.97,116.39,108.16,95.60,84.50
155.24,171.71,179.40,192.03,199.81,209.60,211.81,217.11,216.67,218.80,221.62,221.92,222.73,222.28,222.19,226.43,226.38,231.71,234.39,236.91,241.58,250.05,256.01,260.29,266.12,270.68,272.42,267.90,268.02,261.66,255.67,251.27,240.35,233.45,226.00,221.38,213.83,203.59,199.37,190.69,183.85,176.82,168.66,162.60,155.26,143.22,135.34,126.87,115.62,104.74,97.31,84.81
140.12,152.61,162.12,170.99,178.10,186.19,189.23,195.00,194.59,196.94,197.31,199.00,200.36,197.09,196.46,200.26,204.73,207.17,211.95,209.98,216.71,224.14,229.01,235.23,237.98,242.64,245.55,241.10,240.16,237.44,231.19,224.90,216.32,212.76,206.49,203.04,193.58,186.82,182.22,177.00,170.50,161.77,157.49,150.86,143.34,131.85,125.03,115.11,108.69,101.18,89.63,78.79
153.45,167.60,177.42,188.04,196.43,205.53,209.51,215.50,215.11,215.75,219.40,218.71,218.52,219.43,217.48,222.01,223.40,226.64,230.56,230.49,238.30,244.52,251.75,256.33,259.68,264.55,266.10,261.63,259.48,256.87,250.46,242.23,233.21,226.83,222.99,216.51,207.52,199.42,193.98,187.39,179.69,174.00,166.34,156.11,151.38,139.01,130.48,122.33,113.16,102.73,93.26,81.40
146.03,159.89,166.97,179.00,186.66,195.66,197.59,201.68,203.53,205.68,207.24,206.52,207.27,207.10,206.29,211.63,213.00,218.33,219.61,220.80,223.67,233.50,237.95,241.32,247.01,250.17,252.86,247.54,246.48,241.92,237.12,230.31,222.04,214.08,209.51,204.79,196.21,189.18,184.17,176.82,170.07,165.08,154.55,148.56,141.45,131.95,124.91,117.15,105.68,95.46,89.50,77.16
144.46,158.82,167.92,179.40,185.59,192.33,195.50,203.15,203.08,204.07,205.64,206.65,206.01,205.27,205.60,207.50,211.03,214.11,218.63,215.28,219.67,228.69,235.29,239.72,243.52,248.07,249.93,245.13,244.81,240.35,236.71,229.45,219.70,217.92,211.08,205.80,196.21,190.28,185.54,181.80,173.76,164.77,159.70,154.56,145.58,133.96,128.41,119.23,111.16,102.30,91.71,81.74
146.51,159.86,166.90,179.12,188.90,195.97,198.66,205.65,204.41,205.25,209.62,210.54,209.09,209.48,209.69,212.98,213.60,216.36,222.77,220.73,225.81,232.31,237.67,241.68,246.78,248.39,248.05,245.20,243.42,237.26,236.58,229.26,218.10,214.23,206.89,201.94,193.19,186.97,183.25,175.91,169.96,163.92,155.42,148.22,141.79,132.02,125.59,117.03,104.92,96.21,90.27,80.75
143.92,158.32,168.67,178.35,185.72,194.62,196.85,202.57,204.27,206.07,207.79,209.32,209.35,207.96,207.88,212.27,212.79,215.87,219.44,220.07,224.88,233.35,236.58,240.20,245.10,249.70,249.82,243.53,242.57,236.03,233.46,229.44,217.10,215.64,204.88,200.36,191.85,186.08,182.19,175.41,168.93,162.01,155.08,149.05,141.03,131.22,123.76,115.74,104.14,98.35,88.89,80.05
154.30,170.39,179.05,188.86,197.31,206.69,210.30,216.12,216.09,219.02,221.43,221.55,223.06,219.86,219.65,225.00,225.38,231.53,232.08,233.06,236.30,245.11,250.20,255.95,260.32,264.12,264.43,259.89,259.11,250.11,248.24,240.01,230.76,223.73,220.03,213.01,205.20,197.25,193.66,185.10,179.11,170.47,165.11,158.93,149.97,140.36,132.19,123.02,111.66,103.24,92.36,83.38
134.10,148.17,156.54,166.77,172.12,182.20,186.39,189.26,190.10,192.88,193.87,195.44,196.02,194.25,195.36,199.81,199.49,204.20,206.29,206.31,211.45,216.00,221.27,225.80,230.50,234.83,235.77,229.24,229.17,223.33,217.30,211.55,204.60,203.09,193.22,188.32,180.34,175.35,169.96,164.27,158.40,151.65,145.13,137.93,132.01,122.10,115.11,107.62,99.64,92.23,80.78,72.42
133.46,148.73,156.98,165.87,172.70,180.01,186.82,190.17,190.16,193.63,194.67,196.77,197.50,195.83,196.16,199.25,201.79,204.92,211.44,208.17,212.20,217.87,223.23,227.61,229.84,236.37,237.17,232.12,231.22,225.56,218.68,212.84,205.00,202.30,193.87,189.25,182.26,173.63,168.96,164.94,159.21,150.62,146.29,138.65,132.23,121.66,114.95,104.81,97.29,91.81,79.06,69.86
131.21,145.91,152.86,163.05,169.19,177.00,179.32,185.85,187.93,189.28,191.69,192.01,193.72,192.04,194.43,198.46,196.60,203.71,205.00,204.75,208.49,215.59,218.84,223.57,226.15,230.77,232.48,227.71,227.98,221.27,218.28,210.83,202.74,198.67,190.26,186.13,178.21,171.06,166.94,162.43,156.82,149.94,142.09,136.57,130.17,119.01,111.65,103.37,94.58,87.80,79.06,70.01
145.77,162.43,167.71,179.98,187.02,197.39,200.69,205.83,206.65,210.06,211.62,212.25,214.40,214.16,216.01,219.33,219.15,225.83,226.08,229.45,232.88,239.13,245.20,250.35,254.70,257.56,257.74,251.86,254.95,246.46,242.23,233.62,225.25,218.30,212.00,205.68,198.73,191.00,186.78,178.84,172.07,165.42,156.58,149.93,142.67,130.75,124.48,114.11,104.45,92.76,85.99,77.90
144.25,159.52,168.18,178.44,186.82,195.58,200.96,207.39,207.30,211.29,211.78,213.06,217.26,213.49,215.24,217.35,219.97,226.32,228.65,228.04,232.74,240.75,246.76,253.36,257.64,262.19,260.46,255.93,257.11,252.40,244.18,236.86,227.71,224.15,219.27,212.42,201.16,193.21,188.86,183.37,177.79,168.05,160.52,151.65,143.89,131.24,122.26,114.02,105.93,96.18,84.08,74.33
134.18,148.22,156.60,165.89,173.03,180.09,185.61,191.82,193.55,193.49,197.61,198.93,199.22,198.44,199.49,204.30,202.79,209.51,213.01,212.94,218.33,224.98,230.87,235.23,236.88,244.44,242.89,239.27,239.04,232.91,228.81,220.66,213.26,210.24,201.44,196.24,186.34,180.28,176.24,169.25,163.17,155.22,148.79,143.17,136.24,123.44,116.97,107.04,100.21,89.54,80.05,72.25
140.46,158.49,165.60,176.66,181.80,193.02,195.27,202.25,205.85,206.71,207.12,210.00,211.80,210.34,211.62,216.21,216.68,222.63,227.17,225.84,233.21,239.59,246.36,251.81,251.38,261.28,261.22,254.01,254.95,249.06,241.83,234.65,225.58,224.27,218.25,208.69,200.57,193.05,187.26,182.17,175.39,166.76,160.08,152.04,145.52,131.64,123.17,113.30,104.62,98.08,85.23,75.64
141.16,156.39,164.20,173.93,181.66,190.24,194.03,200.12,201.16,203.39,207.87,208.15,209.77,209.77,211.12,215.39,215.26,221.46,225.23,225.96,233.06,238.44,246.01,254.47,254.10,259.62,258.21,257.23,255.20,250.83,245.78,239.07,229.34,222.42,216.67,211.61,204.17,194.49,190.04,184.36,175.84,168.58,158.78,153.81,145.58,136.01,127.39,118.07,106.85,97.02,89.59,78.39
130.23,142.09,148.97,158.69,165.68,171.29,177.20,180.71,181.00,184.20,185.07,185.22,187.42,185.72,187.83,190.07,193.88,197.31,203.68,200.86,209.86,214.70,222.41,227.18,230.63,236.08,238.82,235.64,232.62,231.26,225.66,219.69,212.31,209.12,205.30,196.82,191.09,183.83,179.74,175.93,168.57,161.24,155.21,148.64,141.65,129.29,121.33,112.72,106.83,96.77,85.99,75.45
85.88,97.94,107.00,117.14,126.40,138.09,144.00,157.28,163.53,168.39,175.68,179.64,185.07,188.31,192.02,198.16,202.20,209.06,209.62,211.52,217.11,224.06,230.42,234.17,237.24,242.43,245.25,239.77,244.20,237.74,236.28,230.49,225.22,224.18,220.87,214.55,207.18,201.63,199.81,196.02,191.13,179.57,176.18,168.86,165.08,155.65,147.09,139.01,132.19,121.62,112.54,102.79
88.02,101.67,108.67,119.27,129.63,139.46,145.13,159.73,163.01,170.39,176.82,179.51,185.37,189.01,193.24,198.57,199.25,205.07,207.87,210.40,217.42,220.47,224.96,230.78,234.80,234.06,236.89,234.88,235.05,229.39,227.97,223.93,218.55,214.61,210.86,204.78,200.60,195.62,191.51,184.59,180.31,172.68,166.21,161.55,156.46,148.41,142.21,132.97,125.93,117.03,108.17,97.67
97.51,112.36,117.64,129.10,140.29,149.83,157.11,167.29,172.49,178.62,188.31,189.59,196.92,198.57,202.12,208.25,211.12,215.11,218.69,221.93,224.80,228.95,235.59,240.02,242.62,240.40,244.32,244.79,242.00,239.01,234.65,228.63,223.71,220.01,217.57,211.92,206.35,202.20,197.41,191.39,187.38,182.43,173.40,169.73,163.22,153.24,145.66,137.13,129.87,119.88,111.76,101.32
97.67,112.00,122.04,132.03,140.29,149.00,159.03,171.83,176.01,181.47,188.82,193.04,199.01,200.55,202.31,208.22,213.57,219.87,221.84,222.14,225.40,230.80,238.45,241.10,243.73,244.75,249.48,241.91,242.40,241.37,236.18,228.96,223.49,225.11,220.51,213.18,207.39,201.16,196.79,195.06,190.39,180.31,175.41,168.51,162.69,155.72,144.31,136.82,130.75,121.64,112.16,101.18
100.66,113.51,122.43,132.44,143.14,154.95,160.00,172.54,178.66,181.87,190.44,193.51,199.68,203.30,205.83,211.97,215.86,222.42,221.55,223.22,228.64,234.94,237.01,243.53,244.81,244.64,246.68,244.38,244.47,239.26,236.02,231.29,224.51,223.43,219.66,214.16,208.59,203.30,199.09,194.03,190.21,182.94,174.65,170.66,164.65,157.78,146.86,140.13,132.31,122.65,114.27,104.14
97.74,113.23,124.62,140.25,150.70,158.24,161.40,172.26,178.87,185.69,188.56,196.57,201.19,204.47,206.78,211.15,216.00,221.29,222.80,222.87,226.02,230.33,237.62,240.69,243.00,246.86,248.16,244.97,243.91,244.90,236.58,229.94,224.77,224.80,221.82,216.00,207.06,203.83,199.84,198.37,192.38,184.11,179.69,174.84,166.82,159.88,151.60,144.09,136.47,128.63,116.00,107.91
96.10,111.13,121.76,136.53,149.89,156.59,158.15,168.94,173.42,182.00,187.86,190.88,195.03,199.44,202.68,206.00,209.77,215.06,217.70,219.99,223.65,227.00,232.55,237.54,241.88,243.02,246.44,242.00,242.87,239.89,235.80,229.09,223.62,223.00,220.05,214.90,208.15,203.59,201.31,197.31,190.09,184.26,178.35,171.98,166.03,158.81,151.21,142.52,135.42,125.77,116.39,105.95
107.35,121.93,130.42,139.28,150.08,159.26,165.92,179.41,179.84,189.24,191.38,198.07,203.90,203.89,205.80,212.27,215.70,219.64,223.06,223.49,228.25,235.51,240.26,242.55,246.63,253.12,251.85,246.48,249.54,247.26,243.52,237.23,231.49,232.00,225.81,219.66,214.85,210.42,205.73,202.53,197.95,188.45,185.27,180.29,174.50,166.98,156.31,149.91,142.41,133.87,122.07,111.00
107.30,122.12,131.03,140.03,151.18,159.48,165.77,179.21,180.77,189.07,192.00,198.57,205.06,203.11,205.88,211.68,216.02,220.79,222.04,223.73,229.26,234.70,241.51,243.71,247.12,253.02,252.40,248.97,249.00,249.10,244.88,237.70,232.62,232.22,226.97,221.45,216.39,212.23,205.97,204.43,198.60,189.93,187.84,181.04,174.90,166.69,157.94,150.12,143.13,134.79,124.26,110.92
104.24,117.17,127.03,136.37,145.91,154.81,161.62,171.17,177.55,182.70,188.82,191.67,196.73,198.66,202.55,205.23,210.12,214.25,219.44,219.54,226.23,229.61,234.62,239.23,241.83,246.74,249.82,248.21,247.11,244.27,242.42,236.60,232.69,229.84,224.54,220.10,213.35,207.76,204.20,201.31,196.03,189.69,184.01,176.65,172.61,163.49,156.46,148.06,138.45,131.40,122.65,109.66
102.30,114.59,122.78,133.30,142.41,150.42,157.29,166.51,172.04,177.53,183.00,187.26,190.51,193.42,196.04,198.16,202.43,206.20,209.77,211.63,217.44,222.04,226.06,229.67,233.01,237.61,242.33,240.14,240.63,238.25,235.42,231.39,226.77,224.50,220.63,214.97,209.15,204.55,199.60,196.21,192.21,187.76,180.69,174.41,170.03,161.34,154.35,145.52,138.03,129.36,121.66,107.94
106.67,118.68,128.41,138.41,149.05,156.39,165.34,174.52,180.25,185.35,189.84,194.74,199.32,200.64,203.77,207.40,210.85,216.06,219.33,221.72,225.82,231.70,236.71,240.80,243.83,249.07,252.66,251.25,251.72,248.42,245.94,242.03,236.78,234.98,230.59,225.36,218.01,212.90,208.84,204.90,199.46,195.02,188.86,183.53,176.65,168.81,162.34,153.00,144.47,135.09,126.57,113.64
109.29,122.41,131.59,142.00,149.35,159.42,166.90,176.50,180.56,185.22,190.76,193.94,198.01,200.03,202.30,205.35,210.85,215.13,218.69,219.72,225.74,231.23,237.44,242.99,246.00,252.12,257.41,254.33,254.40,251.81,249.69,246.91,242.00,239.42,234.98,230.87,223.38,219.01,214.85,211.10,206.23,199.83,193.89,188.68,183.10,174.66,167.30,158.40,150.90,140.43,132.03,119.04
102.69,114.27,122.80,133.42,141.43,152.12,158.47,168.31,171.84,178.04,184.32,188.68,190.83,193.04,196.56,200.12,204.83,208.09,212.85,213.71,219.11,223.51,230.42,234.96,236.78,241.81,245.49,244.77,243.66,240.84,240.00,235.97,229.90,227.79,222.52,218.21,211.83,207.50,202.04,199.46,196.02,190.06,182.48,175.68,171.49,163.11,156.42,148.95,140.73,131.32,122.02,109.12
106.40,118.85,128.89,138.51,148.66,157.70,165.92,173.08,178.07,183.07,189.93,194.37,196.31,197.75,201.41,205.20,208.93,213.05,217.35,220.11,226.34,232.22,235.54,242.47,245.05,252.48,256.83,254.40,255.69,252.61,250.57,246.86,241.23,239.00,234.79,228.37,223.19,219.27,214.65,211.44,204.98,199.46,193.04,186.60,182.46,172.84,166.87,158.15,148.41,139.71,130.60,118.23
106.08,118.85,129.03,137.97,146.73,156.55,163.37,172.35,176.78,181.22,189.11,192.76,196.74,197.20,200.73,203.49,207.71,211.12,215.33,217.47,223.79,230.22,234.79,240.07,244.09,250.74,255.72,253.67,254.18,250.84,248.29,244.66,239.15,237.01,232.05,227.27,221.17,217.04,213.71,208.40,204.42,198.60,191.90,186.56,180.75,172.63,165.24,156.11,148.08,138.60,128.44,116.50
106.32,118.11,128.32,138.00,147.25,156.37,163.60,172.80,178.49,182.79,188.22,192.94,196.21,198.57,201.31,203.04,207.64,212.46,216.91,217.67,224.59,230.78,235.36,240.52,245.37,251.44,254.92,254.92,255.08,251.45,249.21,246.03,239.93,238.60,232.72,228.88,222.95,219.32,214.16,210.09,204.86,198.98,192.60,186.76,181.14,172.42,165.28,157.29,148.68,139.22,129.50,116.06
103.87,116.84,127.58,137.31,146.12,155.79,163.11,172.41,174.83,182.73,186.27,191.47,197.61,195.56,199.26,203.59,208.54,213.47,217.62,218.25,222.01,226.77,235.65,240.97,245.28,249.93,255.15,253.97,252.73,253.66,249.69,244.25,240.20,237.30,233.62,229.90,222.00,217.59,211.18,208.83,202.76,196.90,192.20,185.32,181.33,173.31,164.56,155.36,147.80,139.53,127.14,116.50
105.12,117.89,127.06,137.00,147.18,155.66,162.78,171.90,176.41,181.40,188.35,191.60,195.35,196.33,199.61,202.56,207.28,210.94,214.59,216.58,223.09,228.45,234.36,239.84,243.35,250.05,254.01,251.58,252.67,250.22,247.63,243.03,238.68,237.49,231.47,227.04,221.00,215.26,211.77,208.09,203.31,197.23,191.13,183.81,180.24,170.91,164.05,156.12,146.24,138.18,128.16,115.62
104.18,116.66,126.06,136.47,145.50,154.49,162.20,172.70,176.10,183.09,184.55,191.09,198.13,198.31,197.73,204.31,210.23,216.19,218.89,220.10,225.14,231.54,240.65,244.30,250.05,255.26,260.72,255.88,258.00,257.30,252.96,247.17,242.86,244.18,239.07,234.83,226.37,222.03,216.93,213.25,211.14,201.21,197.09,189.95,184.25,176.34,167.86,158.82,152.19,142.90,132.19,119.57
105.00,118.00,124.84,133.36,145.84,156.72,162.52,172.05,176.38,181.47,186.64,190.87,197.01,198.85,198.88,205.00,208.58,213.38,219.91,219.94,228.02,232.12,240.42,244.81,250.78,255.29,258.50,260.50,258.71,258.33,253.31,248.52,244.01,239.51,235.99,233.81,227.38,222.09,218.22,213.85,208.15,203.02,194.54,189.74,184.09,176.32,170.00,160.46,150.86,142.41,132.50,119.82
106.21,118.19,125.28,137.36,146.58,156.31,164.47,174.63,177.56,184.04,187.88,192.05,198.44,198.12,201.06,206.65,211.45,217.37,219.78,222.83,228.28,234.02,242.39,249.02,254.03,256.44,260.34,260.28,261.22,259.11,257.67,250.93,246.73,242.53,238.43,235.75,228.43,222.97,218.45,214.58,209.70,202.99,197.95,189.27,184.39,177.60,170.45,161.01,150.23,141.06,132.22,119.50
106.12,118.00,125.72,136.69,148.82,158.11,161.83,174.39,180.04,185.60,190.08,195.16,199.11,199.49,202.20,207.63,212.51,216.90,220.51,222.87,229.22,233.60,244.64,249.06,251.73,258.90,262.07,258.88,261.38,260.07,255.91,248.65,245.20,245.84,237.40,236.54,225.74,222.18,218.07,214.45,210.89,200.86,197.50,189.91,183.58,175.45,167.84,158.00,150.23,142.39,129.03,117.89
104.79,117.41,125.72,136.01,146.10,157.88,161.91,172.80,175.73,183.86,188.04,192.51,196.88,200.81,202.20,207.14,212.15,216.93,220.19,224.66,228.56,235.28,244.92,249.32,254.01,258.43,263.43,260.54,261.82,259.48,256.80,252.68,246.66,246.05,239.84,236.30,228.85,221.89,218.83,214.53,210.39,200.26,195.06,186.70,182.88,175.07,166.21,156.77,150.12,140.87,130.08,118.27
97.94,111.40,118.53,131.38,140.43,153.79,161.21,171.62,173.12,181.00,184.38,191.44,196.58,197.40,200.81,205.29,212.04,217.25,220.20,222.19,229.92,236.14,245.02,247.39,255.91,260.00,265.69,263.75,264.94,264.19,260.93,255.42,250.67,250.48,243.30,240.41,232.13,226.49,222.19,219.24,214.95,206.34,201.10,193.75,188.16,178.93,172.19,162.86,154.08,145.56,132.59,120.28
139.27,154.62,163.13,172.59,178.76,186.94,190.21,196.79,197.12,198.01,198.07,202.27,204.96,199.72,203.39,206.74,211.65,216.69,221.21,223.40,230.18,238.82,245.20,250.71,257.42,263.70,268.02,264.61,264.05,262.15,256.85,251.18,240.78,238.17,229.22,225.16,216.11,207.94,203.79,196.47,189.55,177.55,172.56,164.48,156.31,142.62,134.62,122.30,113.95,104.09,89.89,79.25
134.24,142.89,151.01,162.83,170.39,177.34,178.19,181.99,184.46,186.20,189.91,190.68,193.22,192.75,192.17,198.93,201.06,204.92,211.86,211.62,220.20,230.22,236.17,239.14,247.27,251.64,255.33,254.10,252.52,247.63,246.64,238.80,230.37,226.38,219.86,216.12,207.71,199.20,194.54,185.04,179.82,172.05,164.48,154.64,147.87,136.89,127.78,119.04,108.34,99.02,90.62,79.76
142.30,154.99,164.79,173.90,182.00,190.22,192.59,197.85,200.00,200.25,201.16,205.46,207.85,206.77,207.55,213.58,215.03,220.95,225.67,226.74,236.39,244.66,253.00,258.21,264.82,271.01,274.87,271.06,270.30,267.02,262.07,254.92,246.91,244.61,237.53,230.31,222.70,215.03,208.14,200.41,194.49,186.30,180.10,168.86,164.15,148.68,141.60,130.03,119.36,109.02,98.62,85.38
141.60,154.03,159.77,171.09,177.46,187.26,189.04,193.50,195.82,196.99,199.90,201.56,204.50,204.02,205.06,208.59,211.65,217.11,220.48,223.81,232.11,241.13,246.98,253.67,259.43,265.33,268.06,266.85,266.37,259.54,258.00,251.37,244.03,239.01,232.13,227.38,218.29,210.74,205.42,196.40,190.38,184.72,176.24,167.03,160.07,150.08,143.39,131.52,119.82,109.64,100.96,88.60
142.13,155.13,163.41,172.63,181.33,188.28,192.77,200.24,199.12,202.60,203.44,207.21,209.35,206.52,209.12,213.86,216.45,222.85,227.38,227.77,238.21,246.88,254.00,258.96,264.61,271.59,274.37,270.69,269.14,267.25,262.07,255.00,247.26,243.67,235.60,230.56,221.56,214.57,210.06,203.79,196.50,186.68,180.77,172.00,164.35,151.21,144.06,132.61,123.04,111.65,100.62,87.37
140.36,157.44,164.78,173.00,182.78,187.60,193.13,196.57,200.24,199.81,200.00,204.52,207.18,205.12,205.41,210.34,213.78,219.69,223.14,224.96,234.54,241.51,250.46,254.17,261.40,267.54,268.61,264.59,263.43,259.05,253.57,248.65,240.69,235.36,230.01,222.27,212.90,206.73,200.47,195.00,187.38,178.88,173.07,165.34,156.95,142.62,137.28,127.40,117.32,107.69,96.18,85.73
142.90,156.68,166.21,176.78,182.28,190.04,194.45,201.01,200.82,203.84,203.75,207.64,209.95,208.31,209.77,214.16,219.80,225.14,229.87,231.17,239.84,248.16,256.08,263.80,266.92,275.05,278.00,272.81,273.44,270.00,265.29,256.86,249.62,245.90,238.54,233.60,224.02,215.75,211.29,204.44,198.56,189.00,182.99,174.64,166.40,153.39,145.40,135.62,125.36,116.30,102.12,90.43
136.56,148.53,157.54,166.96,172.65,180.47,184.02,190.95,193.21,194.16,196.82,198.04,202.71,200.00,201.76,206.69,210.37,216.90,222.68,223.44,232.00,239.70,247.94,253.94,257.10,266.18,268.37,263.15,262.23,258.79,254.05,247.31,239.21,236.48,229.62,223.16,215.60,206.53,201.25,196.09,188.52,180.24,173.62,164.54,157.99,145.00,137.52,127.48,118.70,109.17,96.67,84.48
137.36,151.60,161.00,169.33,176.69,184.23,188.53,193.71,196.06,200.03,202.61,204.78,206.65,205.38,208.41,215.08,218.50,224.74,231.04,230.82,238.56,248.16,253.06,263.80,265.01,273.25,274.57,268.99,269.45,263.96,259.09,252.87,243.12,240.25,232.02,225.22,216.84,208.37,204.61,197.09,189.21,180.76,174.93,167.51,157.08,145.67,137.06,127.78,119.68,106.98,98.23,86.21
125.03,138.06,144.27,153.42,161.15,168.44,171.19,176.98,179.74,181.84,184.14,185.00,189.00,187.81,191.09,196.54,196.89,204.04,208.66,211.57,218.44,226.38,231.35,239.37,241.63,246.99,248.02,246.06,243.66,239.18,237.12,231.68,221.73,217.64,212.25,205.27,197.99,188.61,185.22,180.54,172.53,166.42,157.89,150.03,144.31,132.31,126.48,119.95,108.02,98.11,90.35,81.10
126.89,140.16,148.03,156.02,162.69,170.99,173.30,181.50,182.36,185.07,187.67,191.64,192.88,192.68,195.43,200.32,202.53,209.89,215.67,215.13,223.89,229.65,236.58,241.76,246.62,251.73,255.00,247.35,248.21,243.70,240.88,232.20,224.29,223.00,213.64,207.76,198.22,190.54,186.82,180.85,174.75,165.74,161.44,153.73,143.41,133.00,123.98,115.66,109.04,99.05,88.23,78.11
133.99,149.08,155.80,165.41,172.70,181.02,185.06,189.64,193.31,195.88,198.70,200.28,202.07,203.84,207.24,210.15,213.84,219.71,225.02,225.84,236.04,242.17,250.99,256.20,260.58,266.60,266.33,262.38,260.19,255.41,252.42,245.22,234.93,228.55,225.08,216.09,207.88,202.04,196.41,188.68,182.18,173.54,166.53,160.08,150.95,138.06,131.75,121.74,110.82,101.86,92.42,80.78
134.66,147.65,155.13,164.45,172.03,181.57,183.98,189.93,194.81,195.33,197.99,201.46,203.39,203.04,205.77,211.12,214.85,221.88,225.74,226.24,234.62,241.03,249.93,255.16,257.03,265.22,266.15,260.28,258.88,255.14,252.37,245.25,233.83,229.94,224.52,215.56,207.56,199.85,194.14,186.95,179.78,172.35,166.43,158.82,150.12,137.74,130.75,121.40,110.14,102.18,91.24,80.06
131.70,144.36,150.66,160.08,170.79,177.65,180.49,186.70,188.81,189.55,196.81,196.79,198.04,199.48,202.80,206.71,209.20,213.04,219.13,222.90,230.02,236.33,243.68,247.69,252.61,259.67,259.90,256.20,253.90,246.01,244.28,237.01,226.11,223.44,214.87,210.39,201.90,194.20,189.03,182.07,175.31,168.11,160.80,153.77,146.82,134.83,127.28,118.38,107.02,97.91,90.05,79.76
124.33,136.30,144.31,153.44,161.30,168.32,170.59,176.92,179.03,182.53,185.10,186.55,189.13,189.66,192.98,195.42,197.29,201.36,209.85,208.74,217.22,224.12,229.98,234.85,239.59,243.35,244.66,240.53,238.16,232.22,231.10,225.40,216.12,212.87,205.34,199.09,191.06,183.81,180.19,172.98,166.17,160.65,152.41,146.21,139.71,127.32,120.77,112.04,103.46,94.37,85.38,75.60
124.20,135.00,143.85,152.90,159.70,165.98,170.58,166.09,165.08,178.55,182.43,187.11,189.49,189.17,191.64,195.13,197.65,205.34,210.00,208.06,215.71,222.77,228.97,232.42,237.89,242.44,244.31,236.05,237.47,232.54,230.42,221.22,212.94,209.29,202.23,194.67,185.72,180.19,175.57,172.19,164.60,156.92,149.58,140.94,134.17,123.17,114.44,107.62,100.24,91.02,81.54,71.11
139.81,155.05,161.55,172.59,183.14,189.49,193.94,200.44,202.36,205.42,208.87,210.79,213.00,212.72,214.48,219.89,221.46,229.31,233.96,235.59,244.70,250.41,259.03,262.36,268.00,271.71,271.33,269.87,268.26,263.42,257.39,250.71,239.28,233.77,227.06,221.49,211.57,203.67,198.18,193.07,185.85,178.84,168.44,158.69,153.21,140.80,132.83,124.53,113.28,103.23,93.30,84.12
134.06,146.99,152.86,163.93,172.05,178.53,182.92,188.61,190.96,193.21,198.04,199.06,202.02,199.70,201.10,206.62,211.70,215.23,218.98,222.63,229.20,235.75,243.45,248.24,252.86,258.16,257.87,257.62,255.00,248.65,245.46,240.24,230.85,225.52,220.01,214.85,204.60,197.25,193.20,187.77,180.34,173.08,166.01,157.16,150.84,138.01,132.02,123.07,112.45,103.32,94.37,83.01
139.20,148.03,157.95,167.71,181.87,188.50,193.71,198.20,197.59,201.81,205.42,207.97,210.19,211.99,213.91,217.83,220.86,226.37,232.02,233.12,240.68,248.34,255.63,261.63,266.15,271.52,271.67,269.39,268.60,264.05,259.72,253.29,242.79,237.01,231.16,226.38,217.71,210.49,204.98,196.46,190.55,183.33,174.45,165.12,157.38,147.14,138.52,130.80,117.75,108.68,99.72,88.84
140.06,153.17,163.29,172.82,180.06,188.82,193.20,199.81,204.53,206.46,210.19,213.02,214.77,213.90,215.39,220.10,225.58,230.22,233.79,236.10,244.00,252.23,260.60,264.52,270.72,274.37,275.38,272.61,269.70,263.15,259.49,253.22,242.71,237.00,229.51,225.58,215.13,206.34,201.81,195.42,186.98,180.22,172.57,164.35,157.01,142.36,138.01,127.63,117.24,105.17,98.81,83.77
133.42,147.53,156.32,165.01,172.19,180.89,184.78,192.35,194.67,196.76,198.84,201.36,203.68,204.20,204.19,210.44,214.44,220.05,223.60,227.20,231.74,240.07,246.68,251.32,256.60,261.05,262.73,259.60,258.12,253.33,248.32,241.01,230.42,228.12,221.00,216.46,209.02,200.08,195.44,188.80,183.44,173.97,168.37,158.50,152.84,141.32,134.18,123.17,114.49,105.39,94.40,83.01
133.28,143.89,154.46,164.47,171.21,179.00,183.85,189.75,193.28,195.50,198.70,200.47,203.16,202.70,204.73,209.06,210.86,217.70,222.05,223.67,231.71,238.89,244.46,251.24,254.29,260.78,262.18,256.67,255.48,252.20,244.92,239.00,230.59,227.75,219.49,216.01,205.10,199.09,193.93,187.83,181.28,171.49,167.55,158.80,152.40,140.73,132.20,123.56,114.77,105.95,93.62,83.45
133.93,147.87,156.44,167.33,174.04,181.46,185.92,194.16,196.02,198.57,201.02,203.05,206.74,205.00,207.27,214.13,216.00,223.49,226.38,227.06,234.07,241.37,248.34,252.41,258.50,264.60,265.85,260.65,259.05,254.48,248.79,242.59,234.96,230.34,222.09,218.63,207.89,200.96,195.83,190.71,185.27,174.52,172.03,161.23,154.95,141.48,135.06,125.06,116.11,108.41,94.02,84.06
135.20,147.14,153.76,166.44,175.45,181.10,185.56,193.37,196.02,196.47,201.25,203.04,205.01,206.64,206.23,211.57,214.46,220.81,225.06,226.01,233.62,241.47,248.65,252.41,258.12,262.27,262.09,260.39,258.21,253.86,248.09,241.62,232.22,226.91,222.62,217.01,208.70,200.04,194.54,188.73,181.66,174.18,168.83,158.68,153.03,142.13,136.34,125.67,113.86,104.74,96.32,86.16
136.40,151.08,156.71,168.08,175.93,183.31,189.56,196.58,197.80,200.58,203.77,206.18,209.66,209.90,211.80,215.52,218.36,224.01,231.14,230.79,237.17,246.98,251.25,256.60,261.70,264.70,266.33,264.01,259.96,255.86,251.84,243.90,234.08,228.54,222.58,216.52,207.27,199.27,193.71,188.85,182.39,173.30,166.60,157.29,150.28,140.07,131.85,123.60,112.16,102.08,93.02,82.73
134.41,150.08,157.92,166.36,174.26,183.07,187.88,193.93,197.23,199.61,202.00,204.97,209.03,207.99,209.95,214.89,216.61,222.77,227.43,228.41,234.48,243.52,249.93,253.39,258.81,263.90,262.49,260.32,256.70,252.51,248.16,239.38,229.17,225.70,217.86,212.40,205.38,196.06,192.31,183.34,178.40,173.29,164.69,154.46,146.66,136.12,129.07,117.39,108.58,100.62,92.20,81.84
140.98,152.95,161.52,172.86,181.14,190.21,195.36,201.21,202.41,205.07,210.01,209.86,213.35,214.15,214.76,221.27,222.00,228.74,234.69,235.38,241.78,251.05,255.38,260.82,265.84,271.11,270.11,268.46,265.00,261.00,255.03,248.52,240.41,234.61,227.78,222.25,214.22,206.20,201.56,192.85,185.59,180.85,171.03,162.34,155.03,145.43,139.04,128.88,116.39,104.92,96.93,86.68
136.75,149.86,159.11,169.53,175.15,183.37,188.15,195.36,198.34,200.06,203.23,205.91,208.02,207.27,208.72,213.40,216.47,222.04,226.74,229.53,235.54,243.58,250.38,253.22,258.82,263.08,266.17,259.86,257.41,252.05,248.39,241.60,231.63,227.31,219.92,215.60,207.47,197.02,194.83,187.77,182.21,172.80,166.21,157.00,151.56,138.25,131.59,123.17,114.24,105.48,93.09,83.01
131.59,144.40,152.08,162.63,170.31,177.77,182.43,189.28,190.07,192.75,195.06,198.34,200.52,199.11,200.96,205.97,208.93,213.96,218.49,218.75,226.90,234.47,241.13,245.41,249.00,255.08,255.67,251.20,248.52,243.19,238.56,234.62,224.74,220.64,213.60,210.01,200.50,192.03,187.88,180.94,175.73,165.02,161.00,153.08,145.65,134.06,127.09,118.07,109.55,99.02,90.14,79.56
131.18,145.61,154.01,163.13,169.05,178.34,183.08,188.01,192.77,192.28,196.16,197.65,200.82,199.22,202.09,205.52,208.75,213.68,218.39,219.43,226.56,235.29,240.65,245.13,248.29,253.31,254.91,250.80,247.16,242.91,238.61,233.62,225.25,220.91,213.68,208.37,200.12,192.11,187.52,181.47,174.42,168.19,160.58,153.60,146.99,134.18,127.74,119.04,109.02,99.50,91.24,81.30
137.30,150.27,162.00,170.52,176.71,188.09,190.34,197.31,199.49,201.32,203.86,205.57,207.70,206.98,210.23,214.40,218.19,224.52,231.25,229.14,237.29,244.92,250.49,254.57,259.77,265.84,268.93,261.40,260.00,256.01,250.06,244.39,232.77,227.22,222.80,212.68,204.63,196.64,192.75,186.94,179.45,170.66,165.64,157.80,149.62,137.18,127.61,117.60,109.81,101.19,88.02,77.62
137.77,150.47,161.41,170.82,178.64,187.54,190.65,198.01,200.23,203.22,205.91,206.81,208.61,208.73,210.98,214.39,219.11,225.08,230.38,228.79,237.54,244.81,252.12,256.78,261.73,265.93,269.31,261.94,260.89,255.63,252.01,244.59,233.03,227.20,222.47,213.27,205.97,197.36,192.76,188.35,180.29,169.55,166.24,158.45,150.05,136.47,129.00,117.39,107.82,100.42,89.96,79.23
139.43,151.73,160.12,169.80,177.00,185.73,190.87,195.86,197.31,199.81,202.09,203.44,204.73,205.00,208.41,214.08,214.84,221.61,225.84,227.43,234.62,242.69,248.16,254.10,258.19,261.81,264.43,260.57,258.01,253.30,249.01,242.50,234.14,228.12,220.74,217.30,207.71,199.90,196.82,188.80,180.70,174.83,164.71,158.11,150.60,141.15,135.33,124.63,113.76,102.26,95.69,84.38
137.46,153.10,157.81,168.51,176.91,188.06,189.83,196.12,197.45,198.98,204.79,203.49,206.41,205.57,210.06,213.90,215.67,221.06,226.92,226.60,234.92,240.20,248.50,253.66,257.64,262.09,264.52,258.59,258.09,253.12,249.76,240.19,231.95,225.89,218.66,213.12,202.61,196.58,190.96,182.86,176.74,169.81,162.37,155.24,145.06,136.65,128.50,119.36,109.38,100.21,90.05,81.61
138.65,154.67,160.06,172.05,178.01,188.96,190.00,196.56,198.88,200.38,204.64,205.55,205.45,206.02,208.60,214.25,215.14,220.91,225.62,227.42,235.27,240.25,245.69,254.19,256.36,264.50,263.70,258.07,258.12,252.30,249.28,240.20,230.49,224.84,219.02,210.47,202.61,195.06,190.26,182.43,176.23,167.87,162.37,154.35,146.51,134.18,125.50,118.11,109.11,99.32,88.46,77.83
134.45,148.96,156.49,167.45,173.12,181.84,184.94,191.45,195.80,196.86,198.30,199.36,199.97,200.50,202.42,208.15,209.82,214.39,219.86,219.64,229.00,233.44,240.43,246.94,248.17,257.44,256.91,249.44,248.47,245.18,240.87,233.00,223.88,220.49,214.02,203.67,195.56,187.58,184.62,179.63,170.43,162.11,157.08,151.17,142.02,130.00,122.92,113.30,105.00,96.01,84.86,76.06
137.59,151.00,158.15,168.16,175.64,183.88,188.73,193.78,194.99,196.47,200.61,202.28,202.77,202.54,203.59,209.62,210.77,217.26,221.46,221.38,228.57,231.21,241.53,247.92,249.39,256.46,257.61,250.91,249.00,246.86,243.81,233.99,225.02,220.17,213.47,206.63,196.60,188.27,185.71,177.88,173.37,162.93,156.98,148.66,142.41,130.63,121.82,113.70,106.57,94.83,86.27,76.90
144.42,159.89,167.61,174.67,184.82,194.54,196.82,202.99,204.27,207.02,208.96,211.57,212.84,213.25,214.60,217.00,221.60,229.30,230.49,229.62,239.35,246.05,251.83,259.94,259.11,269.36,268.91,263.49,263.06,256.49,253.44,244.23,235.05,230.85,222.07,216.41,207.28,199.49,193.46,186.87,179.78,170.08,164.20,157.18,149.58,137.06,129.40,120.02,110.55,102.20,90.48,81.58
135.69,151.08,158.47,166.09,175.00,183.96,187.52,192.92,193.93,197.59,198.65,201.36,201.40,201.85,203.96,207.20,208.72,216.69,220.20,217.59,226.06,231.23,239.27,245.08,246.71,253.99,254.33,249.04,247.52,243.90,239.01,230.84,223.65,220.30,211.94,204.79,196.43,188.68,182.52,177.72,170.56,162.29,155.79,148.17,141.36,130.05,123.65,113.95,105.26,95.60,86.45,78.26
134.95,151.33,157.42,165.75,172.68,180.94,184.76,191.80,194.81,194.83,196.33,198.91,198.91,200.12,202.07,204.41,208.09,215.54,219.33,215.60,224.83,229.46,236.76,243.79,244.63,250.20,251.56,246.03,244.90,242.37,237.00,228.74,221.06,217.96,212.33,203.02,195.53,187.63,181.04,177.75,169.31,161.03,155.08,149.37,142.79,130.63,120.07,111.87,105.38,96.61,84.97,77.10
135.12,150.27,157.28,165.85,175.96,181.32,187.45,188.88,190.92,194.79,197.44,198.24,198.31,200.26,202.20,204.39,206.06,210.98,217.64,215.75,223.33,231.23,237.26,243.24,244.09,248.29,249.42,248.77,245.42,242.16,235.77,227.18,220.04,214.89,209.06,202.09,195.01,186.94,181.54,176.23,167.54,163.52,153.39,148.11,140.03,129.87,123.20,114.62,105.69,94.83,87.86,78.52
138.62,154.56,162.31,171.97,180.22,185.71,191.97,198.12,200.64,203.67,203.54,206.21,208.83,207.62,209.75,212.95,214.34,221.42,228.27,224.51,230.05,237.78,246.00,251.21,254.08,261.02,260.98,257.07,254.91,251.45,243.85,237.86,229.20,225.80,218.75,210.95,204.68,193.40,190.18,184.61,178.06,167.26,162.20,155.08,147.18,138.13,129.28,118.09,109.88,102.79,90.52,80.92
147.18,161.90,168.83,180.36,188.86,196.99,200.61,206.01,208.41,211.06,214.46,216.36,217.94,218.84,221.35,223.79,223.40,230.49,233.59,237.93,244.18,250.57,256.35,264.20,267.00,273.01,274.36,269.03,269.47,261.82,257.86,250.08,241.59,235.26,228.97,222.19,214.67,206.31,201.79,192.78,187.93,178.90,169.92,164.00,154.25,145.13,136.56,127.49,115.25,106.89,99.98,87.73
133.38,148.81,157.08,166.68,174.45,180.29,186.02,190.07,192.82,194.59,198.04,200.37,202.30,200.18,202.94,206.13,207.29,213.36,218.60,219.49,226.93,232.57,240.30,247.01,250.32,256.67,255.89,252.73,250.71,246.98,242.17,234.25,226.29,222.25,217.37,207.40,199.61,194.12,190.02,184.26,178.40,166.90,162.64,157.76,149.89,138.00,129.77,121.33,113.44,106.00,94.26,83.23
132.65,147.49,154.55,165.47,172.28,179.77,182.78,188.18,189.42,192.85,193.88,196.70,199.06,197.31,200.55,201.10,202.85,212.47,213.60,215.82,223.00,231.08,236.50,242.10,246.94,252.41,254.06,248.52,249.39,243.73,239.14,232.42,222.71,220.51,213.78,206.63,198.25,190.52,188.37,180.10,177.65,166.71,162.05,156.46,149.05,137.13,129.69,120.88,113.57,104.58,94.67,83.67
131.06,143.22,151.92,161.62,167.59,174.87,178.07,185.06,187.09,188.80,191.21,192.63,194.92,192.42,193.26,197.20,199.94,205.00,210.71,212.19,220.08,224.59,232.64,237.17,242.03,246.66,249.00,243.58,244.38,238.85,234.70,226.72,220.62,215.23,211.23,203.11,194.58,188.61,185.59,178.28,173.35,163.68,160.45,153.38,146.32,135.25,126.49,120.54,111.76,104.56,93.52,81.12
126.06,141.40,149.58,157.11,163.99,172.31,174.40,179.01,181.18,185.15,186.26,188.10,190.42,189.08,189.40,194.54,196.12,204.66,206.93,210.15,215.63,221.94,229.26,236.33,240.03,244.30,244.40,240.92,239.77,235.93,230.00,223.65,216.23,213.38,206.16,198.30,191.00,183.98,180.94,175.60,170.53,160.44,157.18,151.56,143.29,130.83,123.94,115.74,106.22,100.13,88.57,78.89
124.40,139.71,144.53,156.20,161.82,169.54,174.66,176.57,180.00,180.23,184.01,182.94,185.40,185.44,187.26,191.25,192.77,197.82,201.69,202.74,209.98,214.97,224.24,228.69,231.22,236.18,239.27,233.53,234.06,229.65,226.49,218.40,212.56,206.83,199.30,195.51,187.30,180.62,176.48,169.29,164.94,158.11,151.38,146.29,139.46,130.65,124.43,115.97,104.81,97.80,90.14,80.89
139.09,152.46,161.53,173.14,178.81,186.55,191.51,196.66,198.34,199.58,202.94,203.08,206.48,203.94,204.71,210.30,211.60,220.73,222.85,223.11,230.67,238.52,247.63,253.01,255.49,261.07,261.81,258.12,258.43,254.70,247.08,239.01,232.25,228.27,222.39,215.76,204.98,198.44,196.82,188.72,184.01,172.31,169.19,163.36,154.51,144.16,136.01,125.26,117.39,110.72,97.95,87.13
139.54,154.35,160.64,171.12,179.36,187.95,189.16,193.63,196.89,199.09,200.26,203.04,203.30,203.30,205.28,209.19,212.46,219.58,222.32,224.12,231.42,238.25,244.20,249.97,254.61,262.88,261.90,256.49,256.91,250.05,247.41,238.17,229.45,223.65,215.93,212.00,202.61,196.47,192.50,184.81,180.01,172.01,164.64,157.47,150.96,141.04,133.81,125.25,113.44,103.94,97.31,86.35
143.78,158.27,166.90,177.69,186.25,192.61,195.60,201.01,202.81,204.64,206.79,208.31,211.57,208.63,211.68,214.95,217.41,223.02,225.39,229.37,236.03,243.12,251.87,255.38,260.29,266.67,268.26,261.40,259.65,253.87,247.88,240.05,232.77,227.74,221.56,213.55,204.97,196.46,193.79,186.68,181.18,171.17,165.52,158.38,152.74,140.43,129.32,122.05,113.60,106.33,93.05,82.80
122.19,132.88,140.43,151.40,156.02,163.59,166.83,171.83,173.00,175.80,175.35,177.87,179.74,178.40,179.11,182.88,183.36,192.35,194.74,196.09,202.20,206.79,213.02,217.83,221.62,227.61,227.78,223.18,223.37,219.22,212.08,205.14,197.02,193.37,188.67,182.02,175.18,169.45,164.48,160.11,154.77,145.34,142.23,134.62,127.58,117.18,109.93,103.00,95.72,89.00,77.65,70.09
86.40,97.42,107.84,117.07,124.40,135.38,141.65,157.28,161.23,169.19,174.43,180.80,187.84,189.02,192.82,200.00,206.49,213.21,216.37,217.25,226.11,232.82,243.07,247.87,251.45,257.31,264.64,261.60,261.84,262.67,256.83,252.29,249.20,250.26,247.63,241.83,232.56,227.11,223.04,222.06,213.40,204.17,200.08,190.01,182.70,170.24,162.89,151.79,144.01,134.11,121.20,110.65
92.72,103.00,111.40,119.87,129.02,139.72,144.92,155.63,159.66,167.43,174.90,177.23,183.53,189.64,195.16,201.25,203.36,210.30,214.45,217.88,227.01,234.29,240.13,245.37,253.53,257.00,262.43,261.96,262.41,259.49,257.69,255.13,250.12,249.00,244.04,239.97,232.02,228.57,224.66,217.18,211.65,204.75,196.82,188.32,183.04,173.30,162.05,157.81,146.73,114.04,122.00,111.16
95.90,107.97,116.11,127.26,136.65,147.36,154.08,164.94,170.18,177.07,183.47,188.04,193.93,197.39,198.73,206.12,208.54,217.50,219.69,224.29,227.41,235.27,242.00,247.89,252.29,256.42,258.31,255.71,256.64,253.34,252.11,245.69,239.38,237.15,233.32,228.82,222.18,215.24,211.07,208.00,201.76,192.00,187.97,180.85,174.26,165.10,155.71,148.82,139.79,130.06,120.42,109.04
98.62,112.38,122.29,132.56,141.17,149.56,158.62,169.71,173.44,181.84,187.42,191.45,197.46,199.91,202.61,207.24,214.77,220.24,224.29,224.15,231.09,239.17,246.10,249.82,254.95,259.01,262.55,259.51,258.13,256.96,252.42,246.79,241.95,241.25,237.67,229.65,222.99,218.39,213.05,211.68,202.07,193.26,188.31,181.18,174.79,166.51,157.01,149.34,140.87,131.64,120.33,109.81
100.66,114.02,121.26,131.47,142.43,152.20,159.20,170.23,171.97,179.05,186.12,189.91,194.20,200.32,202.67,205.92,210.64,216.98,220.66,224.56,227.98,236.56,243.02,249.11,254.24,254.18,257.62,257.00,257.00,254.44,252.05,245.46,239.84,236.13,231.14,228.32,221.51,217.38,211.02,205.57,198.20,192.30,185.15,179.30,172.94,164.45,156.52,148.66,136.82,128.02,120.10,109.17
102.08,114.91,121.64,132.64,143.81,151.70,158.71,171.30,174.00,180.85,187.78,191.27,197.02,199.72,201.56,207.69,211.93,217.81,222.02,224.96,231.31,235.72,244.00,248.90,251.68,258.77,260.49,258.54,256.53,254.18,252.52,246.29,241.30,239.03,233.82,228.97,219.83,214.96,211.25,206.17,198.81,190.52,186.13,179.89,171.68,162.12,154.93,146.89,137.57,128.97,120.62,109.44
97.42,110.92,117.83,128.41,138.92,146.99,155.33,164.03,168.65,175.84,179.61,184.38,189.59,190.07,194.18,199.14,203.42,208.78,213.74,214.35,221.78,226.88,235.93,238.41,243.08,250.05,254.83,249.24,248.36,248.20,243.90,238.19,232.79,230.00,226.74,221.06,213.38,208.83,203.50,200.82,193.35,185.30,180.34,175.14,166.43,157.54,150.99,142.37,134.89,125.87,117.05,105.51
136.68,148.49,157.14,166.93,176.82,183.85,187.86,191.60,192.82,195.13,197.09,196.99,200.00,198.84,199.29,203.09,204.20,211.01,216.46,217.88,224.37,232.04,239.94,247.40,251.00,258.00,260.76,259.88,259.39,256.16,252.42,245.66,237.74,235.19,229.98,226.07,217.70,209.31,204.63,200.32,192.28,185.08,176.64,169.37,163.60,147.87,141.23,133.15,119.94,111.02,101.13,87.57
147.63,155.76,160.51,171.41,180.87,190.65,194.31,197.37,198.04,201.00,201.36,202.06,205.65,203.79,206.02,208.86,210.51,217.75,220.23,222.61,228.97,236.60,242.99,250.15,254.81,262.67,265.19,262.24,265.59,261.66,257.86,252.00,245.42,243.20,234.52,233.08,223.66,217.28,212.20,205.68,196.62,190.16,181.04,174.66,166.51,156.03,147.41,136.42,126.18,113.64,104.00,91.78
134.09,147.28,155.47,165.53,173.24,179.23,185.95,190.82,191.64,193.26,196.54,197.25,199.48,197.65,199.28,204.20,205.83,210.47,214.03,214.23,220.57,229.89,235.09,240.03,246.27,251.51,252.66,252.03,249.73,248.32,243.85,237.22,230.76,229.14,222.95,217.68,207.01,200.41,197.50,191.32,184.71,177.23,171.29,161.89,153.70,142.39,135.59,123.15,114.62,103.82,93.17,82.04
135.00,148.49,153.44,165.13,172.53,180.41,183.85,189.13,189.89,193.54,197.31,197.80,198.29,198.66,199.54,203.06,203.19,208.66,212.98,213.46,218.52,226.57,232.41,237.47,242.01,245.55,246.64,246.40,245.54,240.67,237.98,232.40,223.57,219.43,215.08,211.15,203.93,194.81,192.51,185.40,179.96,174.20,165.42,157.70,150.15,137.89,131.73,122.53,110.54,100.62,92.85,82.42
139.79,153.39,160.90,173.22,179.42,187.75,188.66,194.44,197.06,198.77,199.49,203.39,204.89,202.03,201.85,205.80,209.31,215.15,218.00,217.04,223.18,232.41,235.30,241.17,246.55,252.11,253.81,252.74,253.25,246.13,243.99,238.43,233.08,230.67,223.27,219.79,213.08,206.31,202.09,197.25,189.81,183.00,176.14,167.66,161.53,149.91,142.44,132.91,122.33,113.51,103.46,91.83
148.39,161.91,170.52,181.02,189.71,196.46,202.55,208.17,208.40,210.62,213.14,214.45,216.37,214.89,213.85,220.19,219.61,225.94,228.01,229.40,232.70,241.36,244.66,251.78,255.95,259.49,260.28,257.42,257.61,251.10,249.10,241.51,235.02,231.25,223.04,223.61,213.04,207.23,204.61,196.98,190.91,184.50,177.54,167.36,162.60,150.21,144.45,133.70,121.50,110.92,104.01,92.14
140.46,154.16,159.48,171.23,178.51,186.87,189.55,196.23,195.83,198.56,201.91,202.36,202.59,203.58,202.36,206.20,205.88,211.37,212.85,214.01,218.98,224.96,228.89,232.48,237.54,240.83,242.77,239.65,239.71,232.88,231.81,224.85,219.54,213.80,209.61,206.90,198.60,192.20,188.90,181.65,175.86,171.06,164.62,155.33,151.01,141.33,135.48,125.32,115.69,105.34,96.25,86.15
142.70,158.27,166.93,178.62,187.41,195.69,199.00,205.77,207.12,207.23,210.19,210.00,211.85,210.62,211.19,214.67,216.69,221.65,222.85,223.89,225.58,232.82,236.54,242.22,247.24,250.32,251.45,248.78,247.58,241.85,238.82,231.05,225.02,222.18,214.29,212.22,205.20,199.01,194.70,188.38,182.02,177.02,170.07,162.89,156.19,145.91,140.39,130.05,118.80,108.91,99.74,90.05
137.09,152.32,159.21,168.19,174.29,184.23,186.12,193.33,193.37,197.40,198.09,201.56,200.24,201.02,201.79,204.02,205.68,213.86,214.11,215.18,221.62,226.15,232.65,237.17,237.59,246.59,246.07,239.26,242.41,234.61,231.48,224.86,216.38,214.02,208.40,203.04,195.53,188.05,184.98,179.57,173.11,165.13,159.40,154.21,146.25,135.79,128.32,119.25,110.63,101.97,89.89,83.01
146.32,163.13,168.19,175.97,187.47,196.00,202.43,204.08,209.29,210.21,213.22,215.93,215.80,214.67,217.15,220.47,223.14,228.84,233.28,232.17,239.53,246.62,252.79,258.24,260.28,266.22,266.09,262.13,261.12,256.20,250.32,243.40,235.21,233.21,225.49,218.80,211.62,203.69,197.80,193.83,186.82,179.11,171.35,165.50,157.94,145.12,137.93,127.00,117.48,107.82,95.63,87.46
126.12,138.71,147.36,153.81,162.11,170.46,172.97,181.25,181.22,184.23,185.04,188.32,189.24,189.43,191.13,194.33,198.08,202.83,206.25,205.00,214.87,218.58,225.89,230.48,233.42,238.65,239.04,234.79,234.69,229.84,226.36,217.52,211.40,210.38,202.06,196.79,189.81,182.99,179.48,174.32,167.55,159.31,152.64,148.72,140.29,128.23,119.52,111.07,105.76,96.34,85.49,76.61
124.81,139.28,145.17,153.00,160.08,166.53,171.29,176.60,179.77,181.34,184.62,185.93,187.81,188.60,190.12,193.44,196.66,201.76,204.12,204.43,213.00,215.72,226.04,230.08,231.77,239.45,239.77,235.85,234.21,230.36,225.57,217.28,211.92,209.19,203.07,195.58,188.13,182.60,178.88,171.03,166.53,158.78,151.65,146.60,139.52,127.99,120.62,110.86,104.31,95.13,85.43,75.69
141.82,156.54,163.71,174.83,180.51,190.34,193.04,199.81,202.57,203.77,206.18,210.02,212.36,210.44,213.49,218.91,218.59,227.26,230.15,232.36,239.89,245.17,253.62,259.56,260.85,270.08,270.60,263.06,263.80,257.24,251.72,246.46,235.05,235.30,225.49,218.66,212.12,202.20,197.85,189.62,187.10,175.93,169.73,163.22,154.94,141.74,134.06,122.97,114.49,105.93,92.70,83.95
138.51,152.97,162.29,172.63,176.11,185.61,191.85,198.11,199.18,202.09,203.02,206.63,208.97,208.66,209.77,214.58,215.41,223.22,226.60,228.78,235.26,240.63,248.64,253.80,255.93,264.01,264.68,258.04,258.57,253.57,248.48,238.72,232.42,228.44,220.00,215.80,207.18,198.84,193.69,187.60,183.41,169.96,166.60,159.93,151.27,138.96,130.43,119.11,112.54,104.24,88.09,80.01
144.20,160.96,170.88,179.35,188.51,196.11,200.38,204.63,205.76,208.63,212.84,214.85,215.64,217.15,219.54,222.19,226.56,230.33,234.96,238.41,246.03,253.92,259.05,264.36,268.16,273.39,276.00,272.92,270.31,265.11,259.73,252.46,242.79,238.84,232.12,224.44,216.11,209.04,201.04,196.56,189.99,182.73,172.17,164.15,158.24,144.84,136.40,126.25,116.73,106.83,98.08,84.02
144.28,159.53,170.01,179.57,187.02,195.53,200.26,203.11,206.04,208.20,211.03,214.06,215.71,217.75,218.75,220.93,225.34,229.56,234.36,237.74,245.82,252.58,258.25,263.80,268.37,273.48,275.09,271.65,269.94,264.64,259.38,253.03,243.31,237.39,230.76,223.65,216.00,208.73,201.38,197.09,189.26,181.18,172.26,165.02,157.80,144.03,135.77,125.50,116.73,106.38,97.42,83.87
135.09,151.17,161.41,170.70,178.60,186.68,190.52,192.59,193.78,196.58,200.19,198.95,202.00,202.28,204.47,206.49,211.15,214.17,219.11,221.44,228.41,234.30,239.44,245.00,248.49,253.87,255.81,252.41,251.15,245.90,242.00,236.21,226.88,223.38,216.48,210.04,201.93,196.76,189.38,185.52,177.88,171.41,163.32,157.11,150.05,137.38,130.27,121.06,112.77,102.18,93.01,81.39
134.37,147.43,156.29,165.56,176.50,182.02,185.26,188.66,187.42,189.62,192.72,194.99,196.42,196.74,198.08,200.39,205.24,210.00,213.00,217.81,225.11,229.58,235.78,241.96,245.59,251.03,253.34,250.06,248.49,244.01,239.01,233.42,223.61,221.46,214.03,208.54,200.68,194.73,188.47,183.07,177.61,171.42,162.74,155.80,151.27,137.31,131.02,120.88,111.36,103.32,93.43,82.54
134.74,148.55,156.67,166.68,175.73,182.13,184.50,189.28,187.68,189.17,192.42,194.49,196.29,196.00,198.49,200.19,205.83,210.24,212.82,217.45,224.59,229.99,236.50,241.48,246.00,249.35,253.88,249.24,247.95,244.29,239.08,233.57,223.89,221.90,214.25,208.06,200.47,195.04,189.01,183.01,177.72,170.89,162.20,155.60,150.01,137.41,129.53,120.78,111.76,102.00,92.96,81.91
140.46,156.12,165.15,175.55,184.72,192.09,194.50,199.01,197.47,198.60,202.16,205.19,207.18,206.55,209.25,211.68,216.19,222.01,224.13,227.78,236.86,242.46,248.71,254.49,258.21,263.95,267.02,262.94,260.16,257.42,252.76,245.78,236.25,233.66,225.51,218.94,211.05,205.54,198.57,193.79,187.17,180.06,170.85,164.79,157.29,144.73,137.46,126.59,117.59,107.56,98.05,85.49
141.11,155.93,163.05,173.25,181.29,189.68,193.08,196.51,199.40,204.01,202.78,206.64,207.04,205.91,210.60,212.08,214.95,221.78,224.08,226.83,232.13,237.50,249.28,249.88,255.74,262.49,263.28,257.53,253.90,253.31,245.20,240.80,232.86,228.09,220.04,215.26,207.17,198.92,195.13,188.47,184.17,173.22,168.43,159.45,154.74,141.21,133.14,121.07,113.65,104.24,95.26,83.29
90.61,99.20,106.90,110.75,114.93,116.11,114.87,119.64,119.52,118.90,118.38,118.71,119.95,114.28,117.55,116.10,117.18,120.35,123.15,119.71,117.75,122.35,128.39,125.60,126.49,129.87,128.16,123.43,120.07,118.13,112.04,111.09,110.48,105.68,99.72,95.52,92.85,91.41,88.89,89.11,84.65,82.54,81.57,85.48,92.57,106.23,106.51,101.02,92.20,86.31,80.78,70.06
137.30,151.80,161.94,170.39,178.21,185.28,188.79,191.93,194.16,196.43,199.46,202.27,202.09,202.43,204.92,207.10,211.12,213.74,218.44,220.78,228.37,234.56,240.28,245.86,248.65,254.92,256.53,253.28,251.15,246.98,241.85,235.54,227.04,222.17,215.24,208.69,201.72,195.49,189.13,184.09,177.75,171.83,162.50,154.56,148.41,135.25,128.70,119.11,110.22,99.40,91.24,79.62
136.69,151.79,161.64,168.57,177.05,185.44,188.37,191.41,192.98,195.37,198.95,200.14,201.53,201.85,202.39,206.70,209.16,213.18,217.51,218.91,227.74,234.03,239.87,244.24,246.56,252.98,254.66,251.59,250.32,246.40,240.98,234.55,226.72,222.00,214.39,208.12,201.26,193.83,189.21,184.05,177.79,171.59,161.97,154.72,147.65,135.88,128.50,120.42,109.90,100.18,91.97,80.23
144.20,159.53,166.87,177.55,185.15,193.35,197.63,201.99,204.92,207.42,209.15,210.28,213.49,211.55,211.40,215.70,219.49,225.79,227.17,230.85,236.61,243.53,250.87,255.52,259.93,266.72,267.09,260.02,262.07,257.10,251.01,242.92,235.69,231.52,223.47,218.51,211.63,203.44,199.09,189.93,186.50,176.14,169.50,161.01,155.00,141.83,134.06,124.23,114.63,103.59,92.91,84.81
140.04,153.72,163.49,172.42,179.80,187.45,194.16,196.22,198.44,201.16,200.74,203.55,204.94,205.97,207.53,208.87,210.45,216.23,217.81,222.93,227.13,234.94,242.71,245.35,251.11,256.13,254.40,251.10,249.74,245.23,240.60,233.42,225.50,218.56,212.34,207.42,201.02,192.51,188.22,179.71,174.64,168.32,158.78,150.76,146.54,132.61,125.69,116.52,107.35,97.84,87.64,77.65
143.68,156.87,167.24,175.33,184.62,190.68,196.57,201.94,201.79,205.57,205.62,208.69,210.00,208.63,209.82,214.36,218.66,221.72,227.70,226.68,233.08,240.14,249.11,254.68,257.62,261.61,264.01,259.56,254.95,252.52,242.54,238.45,230.34,225.39,220.74,211.54,203.59,195.27,189.91,187.38,180.14,169.65,161.90,154.56,148.35,135.10,128.69,117.07,109.79,101.41,88.12,77.23
141.13,156.59,165.52,173.85,181.14,188.51,194.61,198.95,202.04,204.02,206.63,207.17,209.97,208.89,211.99,215.76,216.00,222.18,224.24,228.11,234.61,240.62,248.65,253.50,255.88,261.70,262.39,258.24,256.02,251.45,245.52,236.62,228.16,221.42,214.29,211.43,201.30,195.53,189.40,183.48,177.89,170.31,159.45,153.73,147.17,135.96,127.01,118.36,107.34,97.91,88.29,77.93
108.81,118.11,127.63,130.65,135.13,135.68,137.77,139.67,140.91,138.81,137.99,134.38,137.64,132.67,134.27,134.72,134.30,139.28,140.76,136.97,134.27,137.83,143.17,139.71,142.64,143.84,140.00,134.18,132.14,132.88,124.04,122.19,116.69,113.89,105.55,100.44,95.86,94.87,100.69,126.04,135.99,152.75,145.34,141.76,142.17,126.15,119.67,109.73,102.61,91.24,81.79,73.16
127.86,140.60,148.01,157.01,163.49,170.89,175.55,179.48,182.10,184.59,185.07,187.77,190.07,190.39,193.02,197.52,198.12,205.24,209.20,211.21,218.33,222.99,230.50,235.49,240.30,243.82,245.45,239.84,240.23,235.67,230.08,223.18,214.11,208.72,205.07,198.96,191.48,183.22,179.85,174.89,171.41,161.15,154.69,148.17,141.40,129.42,122.10,112.45,105.38,96.18,84.90,76.06
134.54,149.03,153.94,162.61,171.21,178.72,183.04,186.01,190.37,191.60,194.73,194.83,197.00,194.80,198.34,203.34,206.34,213.46,217.31,219.53,228.35,236.43,243.77,248.94,251.25,259.42,260.10,256.13,256.07,253.15,247.08,239.71,231.23,227.63,221.62,215.20,208.47,200.86,197.25,189.53,183.97,177.67,170.42,160.46,155.01,144.81,135.53,125.16,115.69,104.62,93.65,84.59
108.42,117.03,123.32,129.25,130.70,135.00,134.63,139.00,136.69,136.34,132.06,131.95,134.62,127.58,125.54,125.18,127.78,132.38,130.73,128.95,131.37,129.85,137.44,135.77,135.60,138.76,140.12,138.51,136.56,135.83,134.48,138.51,140.41,145.83,155.97,162.12,174.93,182.99,185.61,183.70,179.77,171.48,169.85,160.65,155.22,141.06,133.54,123.18,115.87,104.96,92.14,82.42
126.85,137.28,150.23,158.07,161.12,169.26,178.55,184.33,186.22,190.38,189.17,193.33,196.77,197.10,198.12,205.08,207.68,217.09,221.00,222.43,231.39,240.01,248.90,253.41,258.57,265.01,267.71,261.66,261.47,259.51,252.07,240.52,229.94,228.55,221.71,215.28,206.18,198.60,193.51,185.30,180.35,169.76,162.96,154.46,147.83,135.01,120.55,111.83,103.77,93.94,80.89,71.59
104.92,113.60,117.24,122.05,128.04,130.27,131.10,131.46,131.06,130.70,129.03,126.57,129.29,125.10,125.20,124.82,126.02,130.36,130.74,128.00,129.38,133.06,136.53,140.89,140.29,143.12,140.60,140.00,143.38,139.64,140.76,136.82,143.28,148.79,157.58,181.01,186.68,190.55,193.61,188.66,185.31,178.75,169.71,162.05,157.55,143.74,133.15,123.00,113.86,103.25,92.78,83.38
138.06,153.39,161.55,170.50,177.91,186.60,191.47,194.82,197.43,201.16,202.37,205.18,208.02,206.13,209.61,211.34,216.12,223.62,226.63,228.48,234.78,245.07,251.03,257.90,260.80,266.41,271.16,263.32,264.52,261.85,255.28,243.58,237.26,232.55,224.90,221.17,209.83,203.38,197.37,190.16,184.13,173.67,168.15,158.80,149.50,136.37,128.10,116.76,108.19,98.01,85.99,76.94
140.16,156.82,165.17,173.97,181.80,191.21,196.70,196.87,200.25,204.17,205.19,205.29,209.86,207.71,211.63,215.98,218.04,224.32,228.54,230.22,238.02,246.34,253.53,260.35,263.46,267.01,271.47,265.89,265.77,262.43,257.13,246.13,237.90,232.88,224.89,220.08,212.43,205.29,197.43,192.84,184.62,177.60,169.12,159.30,151.80,139.82,131.87,119.10,109.77,99.70,88.96,80.10
141.04,155.59,163.81,176.34,182.78,189.18,194.31,198.65,200.77,204.14,207.55,207.28,210.00,209.10,211.62,217.04,219.32,223.60,229.11,231.77,237.99,245.08,253.03,259.79,264.47,269.07,270.44,266.31,264.60,262.27,258.64,248.49,239.10,235.78,226.46,221.72,213.76,207.30,201.06,195.29,187.38,180.04,169.06,162.89,155.72,141.60,135.59,124.28,112.06,103.59,92.23,79.92
130.10,149.05,156.98,166.44,169.76,174.64,182.33,185.17,187.49,190.95,192.01,193.60,196.40,195.17,196.47,202.67,204.46,212.80,215.41,216.39,224.75,232.12,240.41,246.02,248.47,257.13,259.73,255.20,253.43,251.18,244.82,237.74,231.80,228.27,221.08,214.11,206.40,199.82,195.88,189.65,185.15,175.64,169.39,161.48,153.70,142.13,132.40,124.20,115.88,104.09,91.59,81.63
121.20,131.49,139.28,147.41,154.03,160.31,164.21,168.01,167.61,172.70,173.28,173.77,177.08,176.00,179.00,183.37,186.27,190.56,196.09,196.02,203.39,210.41,218.83,223.38,227.86,232.86,235.78,232.01,230.77,228.48,223.57,216.31,209.54,206.19,201.10,195.13,187.86,183.92,178.39,174.87,168.67,158.71,154.51,148.60,141.48,130.03,123.37,114.04,105.80,94.92,88.09,74.73
133.81,148.84,155.93,163.71,171.49,178.84,184.20,186.63,189.79,192.50,196.09,195.88,197.84,198.18,200.34,206.06,208.15,214.24,220.10,221.81,227.90,236.30,245.49,249.71,256.69,261.08,263.69,258.77,259.08,255.23,248.65,241.59,235.36,229.31,222.95,217.79,210.49,203.84,200.04,193.55,188.35,178.28,172.54,164.01,158.05,145.61,137.13,128.32,117.15,106.04,96.26,86.02
137.36,149.69,156.82,167.15,172.70,180.38,185.32,190.02,194.03,195.01,196.33,198.44,200.77,199.91,203.16,207.86,210.66,219.46,221.21,224.13,232.01,240.68,248.29,254.10,258.31,263.87,265.07,260.02,261.23,259.09,254.72,244.18,238.01,232.23,227.22,220.37,212.00,206.83,202.41,194.31,188.22,181.47,174.69,164.84,156.68,146.45,140.35,128.69,118.70,108.78,97.98,87.92
131.55,145.40,154.01,162.96,169.71,176.37,182.46,183.35,187.26,190.06,193.01,191.76,195.56,196.64,198.74,202.71,203.05,208.89,215.13,217.81,226.72,231.66,241.21,244.86,249.66,253.34,255.98,252.45,252.00,247.65,242.33,235.05,229.12,221.11,217.61,210.06,204.42,197.52,192.21,186.45,180.69,174.59,164.76,155.93,151.61,141.16,134.06,122.56,112.54,102.86,93.05,82.08
132.55,144.45,153.64,162.36,168.22,175.03,179.72,184.02,184.29,188.88,190.52,192.00,194.25,194.73,197.08,200.82,201.07,208.06,213.55,215.68,223.93,229.31,239.18,241.87,246.14,251.83,253.95,248.85,246.29,243.31,238.76,230.14,223.99,217.41,213.38,206.05,198.76,190.96,188.14,180.85,175.52,169.57,160.11,152.11,146.69,137.87,129.00,119.02,110.06,99.32,89.47,79.51
134.62,149.40,154.51,165.01,172.03,179.03,183.60,186.32,187.76,191.54,194.47,194.65,196.29,199.02,200.35,203.95,206.71,213.06,215.71,218.23,226.31,233.69,241.02,244.13,249.24,253.05,254.66,250.73,249.45,245.02,239.18,232.07,223.89,218.05,210.19,206.83,199.14,190.79,186.63,179.75,173.95,167.34,158.49,151.60,144.37,134.85,128.14,118.60,109.04,98.84,90.74,79.40
145.12,160.63,169.53,179.74,185.92,195.03,198.52,201.81,205.63,208.47,211.48,212.91,214.97,215.34,217.37,222.43,224.11,231.25,235.68,237.77,246.24,252.44,262.39,265.11,269.62,276.13,278.00,269.19,268.40,263.60,257.39,249.87,240.21,236.14,228.98,220.24,211.08,204.62,199.36,194.16,187.39,177.52,171.68,162.52,157.20,143.22,134.85,125.57,116.04,106.28,95.67,84.22
132.38,143.63,154.78,163.99,168.67,175.90,179.63,184.62,184.07,188.73,189.17,190.91,193.44,193.16,194.82,200.25,201.24,207.02,212.17,214.15,220.78,227.61,236.32,238.83,243.45,247.49,248.01,242.55,242.40,236.69,229.96,224.51,216.34,209.29,205.06,198.60,190.96,184.39,179.10,172.98,168.12,160.70,152.07,147.68,140.91,128.84,123.15,112.93,105.12,96.21,86.68,76.32
69.23,76.66,86.54,95.43,99.62,106.63,114.28,128.81,132.38,139.28,145.50,149.08,152.80,158.52,163.38,172.89,177.61,187.01,194.79,204.17,219.91,230.17,240.17,252.40,260.71,274.77,287.26,287.39,291.62,289.40,288.80,288.62,283.73,281.60,277.03,270.09,264.19,258.38,251.03,246.34,241.62,225.80,221.44,209.58,205.38,187.22,179.40,164.40,155.08,144.37,130.23,116.28
70.09,81.02,88.89,94.30,98.72,106.93,114.76,127.44,130.08,135.37,141.78,145.91,149.27,154.98,159.53,169.01,174.27,183.93,189.01,196.23,212.93,223.03,234.48,245.05,256.60,262.95,277.02,277.48,283.25,283.03,284.93,278.63,274.99,273.56,269.68,263.42,255.89,247.68,245.13,237.52,232.26,220.23,214.79,204.30,197.52,183.36,172.75,160.03,151.16,140.25,125.20,114.42
71.51,80.53,85.51,94.13,101.84,107.90,113.28,123.00,126.06,130.65,138.06,138.60,143.03,148.76,156.12,159.84,163.78,171.33,179.40,186.32,201.10,212.91,221.36,232.55,241.59,248.09,260.27,264.70,269.01,267.51,267.32,261.40,257.42,257.00,251.80,246.48,240.69,234.83,230.29,220.91,216.48,208.02,198.60,191.65,184.45,170.50,160.59,150.94,141.65,129.03,118.07,106.98
86.28,94.26,99.32,108.19,115.85,122.93,127.88,136.88,139.71,144.06,149.45,151.72,155.72,158.93,164.21,169.71,174.83,181.52,188.68,193.75,208.43,220.58,230.33,241.75,249.10,258.31,272.62,273.97,278.60,277.11,276.07,272.07,269.07,266.10,261.73,255.98,249.56,243.82,240.03,233.83,226.24,217.11,209.42,200.58,192.37,179.03,169.40,160.03,150.08,137.64,126.83,113.23
88.14,98.41,104.85,114.84,123.41,128.89,135.93,145.91,146.25,152.80,160.08,160.43,165.60,167.61,173.66,178.73,183.52,190.59,198.98,205.30,221.33,229.65,241.02,252.67,261.96,270.75,283.56,288.46,289.35,288.84,287.86,283.01,280.28,277.31,273.13,265.03,260.50,253.65,249.30,243.24,235.30,225.89,215.74,206.32,199.61,187.97,176.34,164.22,155.91,142.90,128.81,115.97
89.50,99.36,103.25,114.06,122.41,129.31,136.62,142.64,144.36,146.77,154.40,155.54,159.26,163.53,167.06,172.07,175.42,182.66,185.92,193.01,204.71,216.69,226.38,237.04,245.39,251.79,265.00,269.26,270.25,271.53,270.96,264.20,259.02,258.27,254.14,249.13,243.82,236.91,232.62,227.71,219.69,214.26,204.60,197.01,187.32,177.19,168.12,156.98,148.31,136.09,126.37,113.21
92.11,105.51,109.66,117.69,128.22,138.24,143.85,150.84,152.84,157.99,162.00,161.41,163.98,169.12,171.29,176.08,179.05,184.74,190.37,192.77,205.48,212.31,221.81,234.47,241.60,244.05,256.86,261.75,264.08,262.92,263.46,259.73,254.58,250.46,250.08,243.31,234.76,230.36,225.23,221.62,213.81,207.18,199.46,190.70,184.97,176.98,162.31,154.05,144.90,135.09,121.08,105.72
103.45,116.56,122.64,134.33,141.11,151.16,156.82,162.11,164.77,167.71,172.46,173.16,176.48,179.64,182.50,186.34,190.38,196.00,200.48,205.07,217.82,226.08,235.29,250.46,257.10,264.60,274.93,278.68,282.88,279.33,280.77,277.00,272.92,271.40,266.83,263.47,255.48,250.95,245.73,240.96,235.31,225.22,218.29,210.60,201.12,190.00,179.62,170.24,160.07,147.96,134.73,123.00
88.96,106.37,114.98,129.69,135.28,142.78,146.15,148.93,155.80,157.29,159.70,158.05,162.27,163.37,167.60,169.81,171.84,176.00,181.42,185.71,194.31,202.77,212.06,221.68,230.97,236.93,247.80,249.05,252.51,252.66,250.38,248.07,246.13,243.68,241.06,236.44,228.99,226.32,220.91,218.29,211.69,203.04,197.02,191.05,182.58,173.31,161.47,153.76,144.13,133.75,123.75,109.25
102.42,115.68,125.87,134.03,140.73,149.51,155.71,165.22,167.67,172.53,175.07,180.28,182.99,184.74,186.32,189.97,195.86,200.84,207.35,208.71,221.29,230.71,244.62,252.86,262.37,271.92,283.66,283.19,285.90,291.71,286.43,282.00,279.95,280.83,276.03,270.72,261.28,256.53,250.44,250.14,242.17,231.16,227.37,215.93,208.89,196.21,184.10,173.10,164.47,153.00,138.22,125.28
100.44,112.20,120.15,128.32,137.53,146.12,152.03,162.26,163.31,167.69,173.99,175.07,179.40,181.08,185.44,189.21,189.84,195.23,200.26,205.24,218.80,227.79,239.38,248.04,257.40,265.66,277.22,279.97,282.08,283.88,285.39,279.52,277.03,275.08,271.49,267.26,260.19,255.70,249.47,244.61,237.52,230.78,221.82,213.77,205.34,194.83,182.78,173.66,163.37,150.34,136.78,123.88
95.80,104.31,111.83,119.85,132.23,142.76,149.49,158.52,159.51,162.86,168.88,169.03,174.57,178.60,180.07,186.34,187.07,196.56,201.41,206.53,220.74,230.63,242.74,253.40,263.43,268.84,283.98,286.40,290.83,290.26,291.76,287.26,284.54,281.15,276.05,273.25,268.13,262.99,256.63,252.45,244.39,236.62,228.11,221.68,210.95,201.73,188.77,179.36,167.15,157.62,142.64,128.32
81.39,93.34,105.08,115.21,118.98,128.58,138.23,150.57,155.08,160.44,163.00,168.59,173.62,173.88,175.16,182.48,190.65,198.15,203.66,207.41,220.82,232.30,245.52,250.71,262.69,271.45,286.71,284.86,289.31,292.07,289.50,286.70,284.69,284.12,279.95,277.09,266.18,260.13,254.68,253.22,246.34,234.08,229.12,221.24,214.87,200.69,192.00,179.98,169.18,157.99,142.23,127.13
68.80,80.28,90.67,97.06,105.36,113.60,120.67,133.28,134.71,140.80,146.56,149.05,154.03,157.62,161.28,167.45,171.72,181.04,186.12,190.90,206.16,214.84,226.01,233.57,244.10,252.44,264.70,266.03,269.46,271.02,270.82,266.34,266.00,263.66,258.99,255.99,247.58,243.13,236.00,233.65,226.55,217.86,211.98,203.81,198.91,185.60,179.74,167.93,157.03,145.78,131.50,118.51
54.12,61.01,71.78,79.20,84.31,89.81,101.04,113.18,116.78,124.87,127.13,133.30,138.85,139.56,144.81,150.71,158.40,167.69,172.10,175.86,191.05,201.64,211.73,217.44,229.11,236.78,249.48,249.99,252.74,253.03,250.14,249.72,248.81,245.55,239.21,238.58,230.31,228.21,221.77,216.94,212.40,202.63,197.97,189.99,185.15,170.84,166.21,154.16,145.09,136.18,122.02,109.55
59.41,68.24,79.12,87.05,92.35,101.51,111.40,126.92,128.32,134.41,139.82,147.87,154.43,156.60,160.25,169.71,176.23,187.28,191.78,197.09,215.46,223.75,237.70,245.28,257.29,264.78,279.06,277.78,284.45,284.89,282.20,281.06,278.40,275.84,269.16,268.88,260.72,254.45,246.83,244.97,239.59,226.68,223.68,214.22,207.69,192.28,184.17,173.88,163.78,151.08,135.59,123.31
53.34,57.27,66.48,73.98,78.49,97.84,104.75,118.90,120.21,127.06,131.55,133.06,143.96,148.68,154.51,161.97,173.01,179.03,184.49,193.50,208.29,222.89,234.39,244.43,256.46,261.55,276.03,280.03,281.37,284.25,280.36,279.57,277.07,273.15,269.82,267.73,259.46,255.83,249.03,246.07,236.02,228.56,220.47,212.85,206.17,193.26,185.27,171.75,161.20,149.59,136.72,121.76
137.93,158.00,163.71,170.32,175.45,186.17,188.82,192.90,193.21,195.42,195.43,196.12,196.22,194.51,196.24,197.69,198.76,201.32,205.51,205.24,210.64,217.04,219.79,224.72,229.08,233.56,235.76,233.45,232.77,228.11,224.86,218.33,210.60,208.60,200.19,198.16,189.28,185.30,182.33,174.77,169.85,163.95,158.47,149.68,144.90,134.71,128.43,119.57,110.32,102.61,90.43,81.49
147.19,162.69,172.03,184.38,187.58,196.42,199.88,203.97,205.55,207.56,206.94,209.16,209.62,207.24,206.40,210.52,211.70,215.56,216.59,215.68,220.91,226.77,231.39,235.08,239.84,244.56,248.46,243.30,242.05,240.93,233.94,229.14,220.95,217.06,211.68,207.87,198.85,193.24,190.04,186.39,180.28,170.00,167.20,161.76,154.08,140.35,133.41,124.60,117.02,106.78,95.46,85.91
132.06,145.34,153.05,161.61,167.55,174.52,178.63,185.04,182.88,185.43,185.97,187.63,187.93,184.33,185.33,187.64,187.26,191.94,192.78,192.21,195.76,201.72,208.28,210.24,213.60,216.57,219.92,215.64,215.63,213.32,210.10,206.04,196.49,195.21,189.34,183.44,177.23,172.99,168.16,165.10,159.76,153.06,147.09,142.41,137.20,125.67,118.53,111.31,104.32,92.85,86.54,77.03
151.22,165.00,173.30,185.85,191.95,202.41,206.04,210.00,210.79,211.38,214.09,212.76,212.42,211.88,212.19,215.76,214.22,220.10,221.82,221.18,224.12,233.35,235.32,240.65,246.17,249.93,251.58,249.16,249.44,244.64,242.25,235.59,228.00,222.79,218.24,213.03,205.04,200.85,195.53,188.96,184.17,178.07,169.24,162.98,155.71,144.63,139.27,130.46,118.47,107.81,101.53,88.96
149.70,164.79,175.84,186.53,191.41,199.65,205.06,212.66,212.87,215.60,213.69,215.84,216.92,215.43,214.37,219.49,217.52,223.02,226.00,223.83,228.04,236.22,242.03,246.22,250.46,258.00,259.02,251.10,253.06,250.05,246.74,240.00,233.52,230.22,224.72,218.19,211.38,204.46,201.64,194.24,188.90,179.79,175.39,169.10,160.59,147.26,141.15,131.61,124.02,112.29,99.04,90.21
146.00,159.31,168.01,178.46,186.72,194.16,197.57,201.94,203.40,203.69,209.01,207.18,208.02,207.25,207.63,211.95,211.62,214.71,215.68,218.76,222.30,229.16,234.44,240.76,245.33,249.03,250.86,252.62,251.09,247.07,242.33,238.25,229.90,225.80,219.49,216.78,209.12,203.79,197.65,193.55,185.73,180.85,172.41,165.08,159.09,148.86,143.54,134.39,121.76,111.77,102.83,92.05
148.31,163.88,171.43,183.36,190.06,197.12,202.78,207.87,207.86,211.34,214.67,214.01,214.48,213.78,215.23,216.84,218.93,219.92,223.79,224.35,230.54,236.60,241.62,247.78,251.68,256.80,260.46,258.49,256.60,251.39,252.46,244.24,235.49,229.56,224.86,222.64,213.71,207.07,202.24,194.33,189.64,184.56,176.24,168.69,162.61,152.31,146.54,136.00,124.42,115.36,104.79,94.01
145.28,162.82,168.67,182.16,188.17,198.32,203.34,207.18,210.00,211.28,212.62,213.36,213.81,216.23,216.23,220.86,219.24,222.41,224.15,227.98,229.16,238.00,241.63,247.72,254.23,257.97,259.15,256.56,256.14,248.20,247.15,238.16,230.97,225.32,217.19,215.98,208.59,200.89,196.70,188.29,184.46,178.47,170.43,162.98,156.35,146.70,140.07,130.27,119.27,109.77,99.49,88.59
137.91,154.32,162.56,174.14,181.47,188.66,193.75,200.00,201.64,204.31,205.29,205.66,205.51,205.00,204.61,207.86,208.47,211.95,214.67,213.66,216.90,224.86,229.08,236.01,238.92,243.96,245.33,241.01,239.63,235.93,231.23,224.84,216.06,213.47,206.71,203.77,194.65,188.88,182.01,180.45,173.77,166.24,161.47,154.56,148.97,139.05,131.23,121.40,113.00,103.75,92.85,80.99
146.63,162.61,172.29,184.76,191.69,198.12,205.36,212.25,214.02,216.46,216.79,217.18,218.83,216.00,218.05,220.62,222.95,227.06,230.78,227.71,230.78,237.93,244.71,248.39,251.02,257.39,258.26,253.31,252.37,249.06,241.13,233.15,224.64,222.77,218.05,210.01,200.59,195.62,189.59,187.30,179.69,169.05,165.66,159.78,152.84,141.79,132.85,123.07,118.19,108.71,94.89,83.95
153.77,169.71,178.71,188.07,197.36,205.24,208.93,212.60,213.02,215.52,213.58,213.46,215.23,211.25,212.35,212.87,215.45,218.56,221.06,219.54,222.99,229.87,234.36,240.10,244.39,250.23,252.72,248.13,247.39,244.90,240.09,235.24,226.00,222.87,218.45,211.68,205.23,199.09,193.85,189.25,184.81,177.42,172.01,164.47,160.42,147.46,140.04,131.06,123.91,113.65,99.18,88.55
150.71,165.13,174.73,187.84,193.05,199.92,205.65,210.24,210.79,213.10,211.52,211.24,211.87,209.40,209.03,210.71,211.83,213.15,216.01,218.36,221.88,227.50,233.21,239.10,242.13,248.07,247.59,246.71,243.46,241.13,238.89,234.44,225.94,219.71,214.98,209.02,203.27,198.31,193.26,188.22,181.21,177.12,169.07,162.52,158.69,147.38,138.03,131.67,120.34,110.02,98.41,88.60
141.03,154.55,163.42,175.35,180.88,188.25,193.21,197.59,198.92,200.04,198.76,199.11,200.12,198.09,196.16,199.36,199.65,205.29,208.06,207.61,209.61,215.93,221.45,226.32,231.80,236.14,237.61,234.36,233.53,229.73,224.62,219.46,213.78,209.15,204.89,199.96,191.69,185.87,182.94,177.20,172.00,163.98,159.38,152.19,146.29,137.80,130.75,120.83,113.16,103.60,93.96,82.30
133.88,149.84,156.01,165.42,172.05,179.95,183.92,188.45,188.57,190.95,189.97,189.99,191.18,189.19,189.91,191.09,189.84,195.56,196.81,199.28,201.10,207.01,210.52,216.60,219.49,226.32,227.17,222.10,222.57,219.20,216.63,210.79,204.41,199.55,193.35,190.32,183.88,177.05,174.03,168.68,162.75,157.04,153.42,147.51,140.51,131.50,124.02,114.73,106.23,97.69,87.69,78.29
143.74,160.29,170.70,179.78,190.04,198.30,201.59,207.41,207.85,208.85,209.47,209.86,210.15,208.32,206.32,212.29,211.92,216.37,216.08,218.52,221.02,228.37,232.08,239.17,245.20,249.44,249.29,248.65,246.59,242.61,240.35,231.18,226.05,220.06,216.07,209.04,201.53,194.49,191.23,186.68,179.23,172.70,166.29,156.59,152.95,142.28,134.53,127.12,115.12,107.07,96.90,86.47
142.27,158.15,166.48,177.78,184.53,191.19,196.66,200.82,201.21,204.19,201.97,203.30,204.69,202.00,201.92,205.12,206.55,212.01,214.36,212.60,220.20,223.04,229.17,235.33,238.55,247.46,246.84,241.63,239.02,240.71,236.03,228.22,219.54,216.54,211.55,206.49,198.60,191.61,187.18,184.09,177.14,167.57,163.78,157.62,149.40,135.51,129.65,121.04,113.81,104.01,90.26,81.25
145.78,162.63,173.95,181.60,189.72,197.96,201.06,207.28,208.49,209.77,210.72,210.00,212.95,209.29,210.92,211.62,214.11,220.05,220.66,220.82,227.04,233.17,237.40,244.11,246.11,253.67,255.18,248.21,249.01,245.60,240.52,233.69,226.87,224.63,217.71,212.29,203.32,198.66,193.01,188.81,181.39,173.40,167.97,160.11,153.73,141.01,134.20,124.49,114.93,105.38,93.05,83.02
154.49,171.71,178.77,189.53,199.46,208.60,214.25,217.81,220.34,221.63,226.05,221.11,224.50,223.18,224.50,226.63,228.32,232.33,236.33,237.45,242.07,248.82,256.46,260.23,264.89,266.69,268.60,267.44,264.38,258.77,255.38,246.34,237.49,232.31,225.18,219.60,212.87,204.08,199.62,193.04,185.35,179.25,169.29,161.00,155.39,145.96,137.28,127.81,115.02,103.46,95.67,85.00
153.05,169.64,177.28,189.23,198.49,207.55,211.03,215.80,215.41,217.83,220.29,218.56,221.02,220.51,220.48,221.14,223.22,229.17,230.85,232.26,235.67,243.66,248.51,254.00,260.20,263.34,262.03,260.69,258.57,255.00,250.80,243.21,232.73,227.98,221.72,219.01,210.52,201.84,196.70,190.29,182.49,176.07,167.60,161.06,154.90,142.77,136.07,127.12,113.95,103.83,97.16,83.95
140.01,155.08,162.61,171.72,180.69,186.17,192.59,194.83,196.36,197.95,202.01,199.62,200.88,201.22,199.61,202.77,204.56,205.09,209.80,211.09,215.41,220.51,224.96,229.00,235.02,238.38,237.80,237.93,233.63,230.43,226.75,221.78,211.62,206.24,200.21,196.60,187.18,183.92,177.80,170.84,163.48,159.08,149.33,143.89,137.21,125.93,121.26,113.30,101.67,90.97,85.38,75.33
139.00,152.97,163.13,172.70,179.12,187.39,190.59,195.04,197.65,198.83,198.59,199.37,202.48,198.88,199.61,201.08,204.00,208.19,211.38,212.00,214.11,219.02,226.43,231.60,236.35,240.42,241.02,237.24,235.75,231.64,227.37,218.05,213.38,208.10,202.80,197.49,187.54,181.34,177.10,169.17,165.48,156.35,151.40,144.28,137.57,126.25,118.87,110.22,102.42,94.87,82.87,73.01
131.06,145.42,154.81,163.23,171.05,178.87,182.83,184.36,187.41,188.67,189.56,189.00,190.72,189.25,190.85,192.94,194.03,197.88,201.44,200.84,204.94,211.95,216.54,220.86,224.66,228.16,229.27,227.41,225.60,219.83,217.06,209.62,202.43,195.92,189.86,185.81,177.51,172.82,166.86,162.00,154.74,149.22,141.68,135.77,130.14,118.60,113.74,107.71,96.34,87.82,79.40,70.41
149.69,165.00,173.08,184.59,193.69,201.80,205.22,209.34,210.38,213.47,214.76,214.22,217.22,214.72,216.37,220.01,222.12,223.66,228.04,230.76,234.62,241.96,248.43,253.65,257.75,261.40,262.97,260.97,258.49,252.98,251.39,243.19,232.08,226.00,220.00,214.16,205.77,198.01,194.26,187.32,180.54,175.16,163.89,157.54,149.91,138.80,132.94,123.43,112.75,102.61,92.20,81.12
142.87,162.00,167.91,179.07,186.59,192.90,195.90,201.25,203.67,206.94,204.35,206.63,207.14,205.35,207.30,211.09,212.60,216.33,222.00,221.58,225.85,232.77,239.35,245.71,249.34,255.56,255.43,250.57,251.80,247.02,243.00,233.42,225.40,220.64,213.68,208.46,199.61,193.66,188.85,184.09,177.55,167.72,163.36,154.92,147.87,136.06,126.59,118.53,109.90,101.41,90.14,79.06
142.97,159.66,172.57,182.45,188.32,195.66,200.09,205.97,205.97,207.42,207.00,210.06,212.23,210.01,211.12,214.11,215.23,222.40,224.52,227.40,230.63,239.72,245.28,251.18,253.55,262.84,263.03,259.56,261.23,253.87,250.64,242.54,234.03,231.46,224.66,219.20,210.38,203.49,198.02,193.00,185.73,175.73,171.73,164.94,155.17,145.34,135.48,127.35,116.73,109.59,97.74,87.66
146.84,160.00,171.68,181.42,188.45,197.59,200.23,204.71,205.08,210.76,209.97,209.44,213.04,210.72,212.20,217.08,220.06,223.30,227.90,228.90,233.35,240.83,248.28,254.64,259.59,265.07,267.15,263.46,263.41,258.26,253.31,247.16,238.31,236.07,228.32,223.99,213.78,205.98,203.16,197.99,189.00,181.07,174.43,166.72,159.45,148.00,139.62,129.36,120.02,110.05,99.64,89.59
149.91,163.23,172.72,179.69,188.92,195.49,201.16,205.85,206.48,209.75,211.01,211.34,213.88,213.93,214.48,217.86,219.35,222.95,227.27,230.36,235.13,242.71,248.51,256.82,259.51,266.99,266.69,264.47,265.16,259.66,255.33,248.36,240.22,234.80,228.62,223.65,215.33,208.95,203.68,196.21,188.99,182.66,174.60,166.43,158.24,148.53,141.32,130.65,119.64,108.78,101.41,88.77
140.04,152.64,160.11,171.76,179.74,188.32,190.04,193.50,195.27,198.15,201.72,200.00,202.94,203.10,205.50,209.09,211.29,214.61,216.45,220.73,225.68,233.31,237.12,244.56,248.58,252.98,254.47,252.77,252.05,246.22,245.42,234.52,227.97,223.44,216.60,213.36,203.92,198.65,193.79,186.39,179.14,172.35,166.00,156.87,150.57,142.21,133.75,125.10,113.72,105.02,92.96,84.40
142.24,157.11,165.71,177.55,184.02,192.02,196.70,205.24,204.40,208.15,209.40,212.20,215.20,213.78,214.28,219.32,219.91,227.76,231.66,231.04,235.09,243.48,248.56,256.78,260.02,266.48,268.24,261.85,260.30,256.13,250.31,243.26,232.96,231.09,223.71,216.60,207.88,202.07,195.83,192.23,183.74,174.42,169.10,159.80,152.95,139.53,132.64,122.53,112.80,105.15,91.08,81.74
135.68,151.43,160.10,171.57,176.92,185.65,189.61,195.02,199.04,200.25,201.16,204.71,205.91,205.66,206.32,210.38,212.76,218.55,222.32,222.80,227.17,234.69,238.60,245.01,248.76,255.89,257.60,251.37,250.68,246.62,240.98,232.85,225.14,220.23,213.71,207.93,201.70,192.03,188.29,183.70,176.32,165.89,162.09,154.08,145.96,135.91,127.12,117.10,107.82,100.45,86.73,78.10
141.87,156.54,165.10,176.57,182.50,192.43,195.58,203.75,204.94,208.01,210.20,210.65,212.40,214.09,214.68,218.75,219.24,224.86,228.11,230.08,236.89,242.87,247.68,253.00,258.38,263.09,265.56,260.25,258.03,253.44,250.80,241.93,232.44,224.44,218.84,215.54,207.42,198.71,195.17,187.67,180.55,174.00,166.69,156.89,152.00,141.48,132.41,123.37,111.11,101.77,92.76,83.63
138.06,153.06,161.45,173.77,179.30,187.24,191.27,197.69,199.25,203.33,202.70,205.70,207.15,204.59,206.63,211.01,215.14,220.64,223.27,224.18,227.80,235.48,241.30,246.98,251.05,257.23,258.16,252.92,250.71,247.98,244.18,235.77,228.09,224.86,217.11,213.32,203.10,198.70,192.63,186.75,181.00,168.96,165.36,159.18,150.27,139.04,129.71,122.49,111.89,104.74,92.23,82.86
138.42,153.00,161.25,173.28,180.75,186.32,190.10,197.37,199.27,200.82,202.71,205.38,205.65,205.16,206.32,209.68,213.40,216.95,221.00,223.29,226.81,234.64,239.02,244.79,251.02,255.99,256.70,254.87,252.79,247.49,244.14,236.46,228.53,224.70,220.74,213.93,204.42,198.40,193.88,188.13,181.24,172.74,165.53,160.51,152.08,141.24,133.65,125.30,114.28,106.51,94.37,84.40
139.79,154.24,163.77,173.67,179.81,189.53,193.19,199.06,200.86,204.50,204.98,205.98,208.54,207.53,207.15,213.12,215.38,221.38,223.45,225.47,229.37,238.32,243.74,249.36,252.74,258.94,259.79,255.54,253.69,249.80,244.62,237.54,227.27,224.64,220.08,213.18,204.79,198.49,191.27,187.95,181.11,170.42,165.60,158.67,150.75,137.90,132.14,121.85,113.14,105.85,92.02,82.29
141.42,155.08,164.81,175.11,183.18,192.20,194.55,202.60,201.88,205.20,206.67,207.82,210.00,209.76,211.02,215.62,215.59,222.04,225.06,228.76,231.80,240.19,243.29,252.42,254.56,260.97,258.79,257.66,257.42,251.07,246.72,238.56,229.87,224.41,218.44,213.12,205.12,199.42,194.18,186.01,179.12,171.68,165.70,157.85,150.16,140.06,132.41,124.33,112.16,102.16,93.34,83.77
131.55,143.60,151.40,159.48,168.68,174.40,178.35,183.66,185.61,187.61,191.86,189.84,192.44,192.60,193.87,196.16,198.12,203.27,208.19,208.81,214.28,219.05,225.41,230.02,233.32,237.29,237.54,235.05,235.00,229.53,228.78,220.64,211.98,205.09,201.16,196.66,189.10,183.81,178.27,172.74,166.78,159.81,151.60,145.60,141.17,129.32,123.43,114.77,104.12,95.21,87.62,79.08
104.24,113.22,116.73,122.97,130.92,132.22,133.79,133.75,133.99,135.03,137.84,135.52,133.84,133.84,134.26,137.12,136.69,137.24,138.51,135.83,138.88,142.95,143.75,147.83,148.84,148.76,155.72,152.00,149.79,152.54,150.08,155.71,163.25,170.53,175.28,192.42,197.43,201.69,199.45,192.26,188.11,180.05,172.68,163.49,157.19,146.58,138.80,129.25,116.73,108.21,98.41,86.61
146.63,161.21,169.57,181.14,188.18,197.74,200.34,206.46,208.75,210.04,214.03,212.51,216.02,214.25,218.98,221.35,222.77,227.59,232.11,233.34,241.63,245.08,251.03,256.63,259.99,265.81,265.98,263.49,261.04,256.40,254.12,246.40,237.54,232.62,225.73,220.03,212.27,205.01,200.59,193.24,186.27,179.18,171.13,164.78,156.89,145.91,137.91,128.84,117.07,107.52,98.08,89.04
145.50,160.29,170.66,179.36,185.27,194.36,199.38,205.65,208.03,208.60,211.63,210.92,215.84,213.12,215.47,218.89,220.64,228.11,230.54,231.95,237.19,243.23,249.78,252.68,258.49,265.19,264.75,259.65,258.94,254.61,250.50,244.11,233.38,229.71,226.28,218.49,208.43,201.72,197.45,191.31,186.40,174.14,170.00,161.99,155.54,142.87,135.72,125.92,116.52,106.73,96.38,86.56
135.88,149.59,156.89,166.97,172.54,181.32,187.04,193.04,194.83,196.09,197.20,197.99,200.34,200.19,199.97,203.42,206.04,213.82,214.34,215.23,221.21,227.32,232.13,237.32,239.91,246.14,246.40,242.29,241.30,235.91,233.94,228.45,217.26,214.71,207.70,203.36,195.36,189.02,184.74,177.16,172.13,162.79,158.43,153.17,145.77,134.85,126.14,118.90,108.72,101.53,89.20,81.02
127.44,140.89,148.34,159.77,166.64,173.95,178.10,184.72,188.10,190.55,193.04,192.51,195.45,194.52,197.09,200.12,200.49,206.34,210.06,212.76,216.08,222.43,228.33,232.77,236.23,239.88,239.30,236.91,234.34,229.68,224.24,218.24,210.00,204.36,198.22,192.11,184.29,177.51,173.22,165.87,160.33,155.13,148.00,138.97,135.07,125.90,119.40,109.04,99.37,91.44,81.86,71.03
134.95,147.53,154.94,165.92,175.51,180.16,186.60,190.06,192.20,196.57,199.83,200.08,201.25,199.72,201.41,204.28,209.12,210.04,215.45,214.97,218.52,227.08,233.73,236.86,241.12,244.73,245.96,242.16,240.21,236.58,229.98,225.11,214.23,213.04,207.07,201.25,190.65,184.09,179.77,176.67,169.25,161.05,155.27,147.05,142.64,132.00,123.71,115.88,107.42,98.48,88.65,76.55
142.41,159.11,166.97,178.44,185.44,194.16,199.32,206.46,208.12,209.24,213.03,212.47,215.13,214.23,215.06,219.39,222.80,224.52,230.29,230.78,236.03,241.70,250.19,253.31,256.40,263.50,260.09,259.22,255.97,252.16,246.40,240.10,229.89,226.63,220.77,214.41,206.24,197.31,193.30,185.97,181.84,172.70,165.30,157.81,151.40,141.06,133.03,122.12,114.20,105.48,94.37,84.59
143.39,157.69,166.02,176.64,187.26,193.89,198.98,203.80,207.10,209.35,212.93,212.00,215.13,215.04,216.10,219.60,218.69,224.38,231.17,231.49,234.83,242.89,248.31,252.94,257.22,262.23,260.69,259.37,255.97,251.72,245.54,237.97,230.20,225.16,217.33,213.79,204.88,199.53,192.42,185.32,179.01,172.41,164.20,155.88,151.16,141.01,134.46,123.99,112.54,101.08,96.14,84.50
132.85,146.28,154.40,164.03,170.85,178.84,184.07,189.74,191.67,193.02,194.74,197.59,199.25,199.01,198.66,202.68,204.02,210.47,214.41,214.14,217.08,222.43,230.00,233.57,236.91,242.59,242.33,240.02,236.48,233.21,227.71,223.13,213.06,210.04,204.07,198.80,190.54,183.24,179.01,173.22,167.57,158.55,153.85,147.09,140.91,131.14,124.34,114.98,105.48,97.99,87.00,78.39
130.21,144.80,153.29,162.89,168.25,176.48,180.62,187.01,187.00,190.28,190.94,192.28,194.49,193.58,194.49,198.88,200.64,205.55,208.43,209.09,212.60,218.82,223.04,228.83,233.63,238.10,240.42,233.75,234.76,227.75,224.61,218.28,209.47,206.93,200.41,198.01,188.10,181.80,177.45,173.10,168.67,159.21,154.56,147.41,141.15,130.42,122.43,115.16,106.32,99.30,88.60,78.75
132.85,145.77,152.95,163.60,171.83,177.18,182.21,188.61,191.01,192.44,195.43,194.43,198.72,197.74,199.15,201.72,204.59,206.96,211.12,214.00,215.87,223.99,226.89,232.79,234.56,241.59,240.62,239.57,236.58,231.77,229.38,220.23,213.69,208.08,202.57,197.10,190.01,182.15,178.22,172.80,164.68,160.02,153.39,143.59,140.24,130.92,122.67,116.30,104.48,96.14,89.11,79.85
132.19,145.99,154.49,164.20,172.03,179.20,183.58,187.93,189.45,191.38,193.31,194.28,196.51,196.43,197.20,200.69,202.41,206.17,210.60,210.74,215.52,222.19,225.84,231.22,235.97,240.00,240.02,238.00,236.30,232.74,228.21,220.63,214.44,209.15,203.07,198.32,191.44,183.60,180.94,175.41,168.24,163.20,154.40,147.30,142.87,132.31,126.63,118.79,108.08,101.02,90.87,81.34
138.77,153.63,162.05,172.70,179.66,188.28,192.04,198.04,200.53,202.83,203.16,204.97,207.23,206.53,206.83,211.86,214.22,217.35,222.19,221.92,226.37,233.75,239.61,244.01,248.02,252.24,254.40,250.45,248.46,245.18,239.08,231.85,225.84,220.79,214.55,210.19,200.84,192.90,189.45,185.43,178.52,169.01,164.60,157.00,150.63,138.95,132.19,122.02,115.16,106.07,93.23,83.02
141.28,155.96,166.60,177.55,184.39,191.16,196.40,204.55,206.20,207.62,209.50,211.40,213.00,211.51,214.03,216.68,218.82,226.00,229.71,228.46,233.63,239.78,244.70,250.17,253.62,257.19,259.14,256.68,255.16,251.10,246.52,236.86,226.63,222.31,217.68,212.73,205.77,195.67,190.06,186.82,181.01,171.09,166.47,157.43,151.16,139.84,131.02,121.83,113.76,104.69,93.91,83.55
134.03,147.83,155.22,165.71,174.16,180.74,185.65,189.53,192.72,195.00,197.80,197.74,200.82,197.96,198.92,202.09,204.02,208.85,213.46,214.97,219.67,224.88,231.19,236.81,238.80,242.01,243.74,242.04,238.82,235.48,231.26,224.16,215.98,212.46,205.55,200.80,194.55,185.39,183.11,176.96,170.29,165.31,157.54,150.62,144.46,134.46,127.88,118.71,109.66,101.12,91.29,82.22
103.24,110.54,117.15,123.31,127.42,135.18,136.01,136.78,135.88,137.09,140.52,137.24,138.74,133.45,132.38,134.94,132.85,135.10,134.39,134.10,137.77,139.18,140.04,139.27,139.46,143.18,142.09,140.87,140.73,138.92,134.27,134.30,136.00,146.05,144.14,162.29,177.34,196.70,193.15,190.39,187.26,181.02,172.93,163.88,158.70,145.91,136.53,127.10,118.00,107.52,96.80,87.09
118.33,128.74,134.63,139.23,149.38,153.87,154.06,158.15,157.50,157.81,161.01,158.90,157.72,155.59,154.56,155.97,153.71,155.86,158.84,153.63,154.84,156.08,156.32,162.54,156.52,153.08,151.16,149.34,148.69,144.46,142.69,141.82,141.15,145.80,156.39,159.67,179.45,190.19,191.05,192.23,186.68,182.48,174.29,165.86,162.78,150.88,143.09,131.23,120.02,109.04,101.18,88.81
147.63,164.64,172.24,183.64,191.95,199.48,206.65,211.18,213.55,217.37,220.78,219.35,222.87,221.46,225.38,227.26,231.42,233.42,239.20,240.64,244.20,250.80,257.42,264.17,267.65,271.67,271.03,270.12,265.29,260.91,256.68,248.78,240.13,233.33,226.88,221.00,212.70,205.64,200.58,193.44,185.70,180.06,172.54,162.59,156.55,148.66,138.35,130.00,117.75,109.79,99.81,87.14
146.18,160.07,168.57,178.90,186.59,194.91,199.45,206.32,208.85,211.46,212.91,215.59,217.59,216.81,218.50,220.68,221.94,227.11,232.43,233.57,237.01,245.23,249.76,257.24,261.34,265.45,265.01,262.49,262.67,255.83,252.55,245.49,235.72,229.90,224.18,219.46,211.15,203.16,198.20,194.70,186.97,178.18,173.62,163.40,157.26,147.41,139.20,131.55,119.44,111.45,99.02,89.87
136.52,149.31,158.05,170.19,174.64,183.50,186.04,192.01,195.23,197.85,199.22,200.30,204.02,202.32,201.59,208.08,207.85,215.15,218.79,218.76,223.34,228.36,233.17,238.95,241.66,247.63,249.72,245.01,243.82,240.10,234.87,226.77,219.45,214.73,210.30,203.84,198.01,190.52,186.27,180.75,175.29,166.87,161.12,152.03,147.05,137.31,127.61,120.20,112.92,103.28,90.38,82.22
103.12,113.44,117.43,123.91,126.91,135.38,134.83,134.85,136.12,134.94,135.07,136.06,136.62,133.21,137.12,133.15,132.00,134.95,136.47,134.85,136.42,136.34,139.00,141.51,138.65,142.51,142.44,140.62,143.56,137.53,135.98,136.50,137.75,142.04,143.01,157.95,176.14,192.84,197.95,192.00,188.29,182.51,173.90,166.00,158.15,148.79,139.32,130.05,119.44,106.47,97.67,88.53
134.27,150.62,156.63,166.93,176.98,182.99,187.26,191.09,193.46,195.90,200.48,199.62,202.06,202.30,203.06,205.06,206.81,210.24,216.12,218.11,222.30,229.19,233.21,239.00,241.85,246.73,247.31,245.38,242.67,238.21,234.26,228.28,220.68,214.27,208.25,203.86,196.65,189.74,184.46,181.16,173.67,166.17,159.08,151.82,146.44,137.32,129.00,119.85,109.59,101.12,94.02,83.38
133.76,149.21,156.60,166.90,173.08,183.00,184.46,192.51,195.63,197.77,197.96,200.47,204.19,201.72,203.27,208.03,207.71,216.27,216.23,219.32,222.93,228.60,233.68,238.10,242.87,247.81,250.15,243.51,244.44,238.66,235.38,226.14,218.33,214.40,207.45,203.04,194.88,188.04,184.76,177.05,170.85,164.13,158.39,149.88,143.35,134.01,125.90,118.38,109.88,99.62,89.47,82.22
134.39,147.80,155.55,165.47,171.48,181.46,185.56,188.32,191.46,194.26,196.37,197.20,199.64,198.32,198.20,202.51,203.36,210.01,214.17,215.52,218.23,225.50,229.87,236.60,240.43,242.89,245.10,241.54,239.94,234.80,232.23,224.80,215.75,211.08,207.62,201.36,194.79,187.45,183.92,177.34,171.24,164.16,158.80,150.23,144.36,134.33,127.78,119.85,109.17,100.72,89.94,82.22
136.18,149.37,156.63,167.72,176.05,183.87,186.56,192.85,193.66,197.23,200.12,201.10,203.44,203.01,205.36,207.55,208.37,213.78,217.18,219.21,224.44,228.43,235.97,240.41,243.30,248.94,247.78,247.13,246.08,240.69,234.95,229.39,222.02,215.24,209.46,207.17,197.62,193.15,187.49,180.37,173.95,168.15,159.52,153.06,147.25,136.57,130.25,122.12,111.83,101.87,92.23,82.46
134.03,149.47,156.98,167.55,173.18,182.28,186.95,192.92,194.31,196.94,198.25,199.53,202.61,199.06,200.42,205.87,208.29,213.57,216.58,216.19,220.27,226.45,232.70,239.24,242.12,247.35,250.20,245.46,242.55,239.17,233.81,226.50,218.44,217.59,209.29,203.97,195.42,189.62,185.32,180.80,174.55,165.60,161.94,153.42,146.66,135.53,128.08,119.51,111.29,103.16,90.43,78.89
133.90,147.19,154.74,165.22,174.20,181.28,186.27,190.78,190.92,194.24,196.80,197.27,198.39,197.73,200.57,202.62,206.63,210.68,214.95,216.02,220.11,226.60,230.73,237.07,239.64,244.10,243.19,244.08,242.14,236.72,232.08,225.00,217.86,213.01,208.10,201.09,195.13,188.37,183.31,177.55,171.41,167.76,157.10,150.42,145.34,135.00,128.08,120.21,109.29,100.28,93.43,81.86
134.65,147.51,157.00,167.11,171.47,183.10,183.85,191.69,193.00,195.49,197.06,199.72,201.06,199.45,200.26,204.96,205.97,213.12,216.34,216.06,220.19,226.30,232.14,237.76,241.95,248.39,248.47,243.85,240.75,238.65,234.47,225.30,219.54,215.08,209.62,203.42,195.88,190.19,185.44,179.07,172.70,165.22,161.97,152.12,145.28,135.35,128.00,118.00,110.68,102.00,89.69,82.22
134.63,149.40,159.83,169.07,174.60,182.21,187.18,193.00,196.85,198.98,198.91,200.52,201.94,201.59,203.94,206.85,208.17,216.45,217.70,218.89,222.99,229.17,234.48,240.83,245.08,250.73,251.64,244.44,243.99,241.55,238.08,229.71,220.12,217.60,210.04,204.78,197.23,189.50,186.60,182.00,176.08,165.22,160.82,152.30,147.27,136.33,126.75,119.87,109.71,103.08,91.41,82.20
134.16,147.87,155.21,164.23,175.11,182.04,189.17,193.66,196.57,198.85,204.00,203.96,206.90,206.20,208.87,214.22,214.22,219.82,225.25,225.86,229.40,238.00,244.46,250.00,254.47,259.31,258.68,257.03,252.41,248.89,242.03,235.59,226.68,222.00,215.06,209.68,200.85,194.16,189.71,182.18,175.11,167.92,159.88,153.57,144.54,135.59,128.74,117.21,108.75,98.35,89.81,80.40
131.61,148.17,154.30,167.36,174.57,182.98,188.04,194.33,195.44,199.42,202.20,202.39,205.83,206.19,208.63,215.82,214.56,220.91,222.47,226.92,229.02,237.02,242.62,248.81,254.43,260.55,258.31,255.78,254.03,247.16,243.74,236.03,226.06,222.97,213.04,209.46,199.62,193.93,190.79,182.89,175.39,167.82,160.70,152.86,145.00,134.95,126.66,118.38,108.91,99.30,88.51,80.75
137.01,151.80,161.25,171.49,178.18,186.97,191.01,197.65,200.06,203.36,203.91,206.31,210.02,207.07,207.51,212.05,213.93,220.81,223.65,223.11,228.35,235.47,240.78,245.78,248.58,254.69,256.63,250.24,248.89,244.59,240.01,232.64,223.99,221.65,213.18,208.49,200.25,191.95,188.07,181.73,175.64,165.42,161.93,154.64,147.96,136.03,127.76,118.07,110.31,103.32,88.57,80.10
135.38,148.52,156.92,167.05,174.57,182.43,185.00,189.32,191.04,196.21,197.04,197.36,198.25,199.68,200.83,204.56,205.46,211.40,215.00,216.12,221.33,225.14,230.93,237.26,241.31,246.01,245.72,242.40,243.53,235.46,233.21,225.76,217.06,210.58,206.83,201.80,195.02,188.57,185.31,177.40,171.70,165.36,158.40,149.12,145.60,135.62,127.58,119.71,109.13,100.57,91.18,82.00
134.08,149.00,156.63,165.85,174.03,182.49,185.56,190.71,193.04,195.97,197.23,197.84,199.99,199.86,199.72,203.38,207.74,211.63,214.80,216.67,219.82,226.76,231.87,237.86,241.96,246.22,246.74,243.82,241.25,236.18,232.66,225.11,218.36,213.66,208.47,203.38,195.37,189.42,184.44,180.16,171.76,165.75,158.15,150.08,145.25,135.34,127.32,119.77,107.06,100.85,93.06,80.60
134.27,148.69,156.32,166.08,173.82,182.20,186.82,192.50,194.25,196.87,198.09,200.01,202.59,202.62,204.00,206.90,209.06,213.21,216.28,217.41,221.18,230.50,232.54,241.45,243.84,249.65,248.13,244.05,241.54,237.54,233.40,226.02,218.15,212.78,207.76,201.73,193.60,188.22,183.10,177.77,170.47,162.00,156.34,149.88,141.72,133.54,124.84,118.15,107.56,98.02,89.89,80.81
132.24,147.08,154.87,166.21,174.03,180.31,184.66,191.51,192.21,194.65,195.78,197.95,200.36,201.06,200.66,204.71,207.74,211.26,213.79,216.60,220.48,226.21,232.36,237.03,241.17,246.53,245.96,243.34,240.52,236.24,233.28,223.89,217.83,213.36,208.79,203.53,193.71,188.09,183.81,178.49,173.77,165.50,158.52,151.57,146.00,134.06,127.06,118.95,109.48,102.00,91.71,81.39
132.85,146.35,157.50,166.00,175.05,182.48,186.50,193.50,195.88,197.39,201.73,199.68,203.89,202.78,204.01,207.80,208.73,213.68,218.56,220.59,224.18,230.27,234.94,240.48,244.72,249.95,248.07,245.33,244.97,239.82,234.92,227.73,218.72,215.67,209.82,203.58,195.36,187.24,184.29,177.67,170.99,162.44,159.54,150.23,145.12,133.51,125.78,119.00,109.11,100.04,89.55,79.93
133.15,146.77,154.69,165.42,174.20,182.21,186.98,191.15,193.83,196.35,199.54,199.20,201.23,200.52,203.55,205.73,208.47,212.43,217.12,217.44,222.12,229.49,233.86,240.26,242.84,246.71,245.98,245.73,241.31,238.08,232.28,225.89,217.85,212.28,207.18,201.78,195.41,187.63,183.13,177.10,169.52,165.00,156.72,148.01,143.03,133.06,126.05,118.66,108.50,98.98,89.64,78.85
120.35,130.38,137.93,144.10,149.21,155.96,156.21,156.54,157.69,158.84,160.58,159.01,158.82,156.40,157.33,157.00,154.99,158.40,160.20,158.35,154.56,155.50,162.19,163.62,159.31,161.25,157.81,154.38,152.90,149.19,146.89,147.90,149.41,149.25,160.70,162.15,182.00,195.29,201.85,198.04,196.82,189.91,182.01,174.72,166.88,156.11,146.10,136.01,124.74,112.49,102.61,94.24
133.30,148.73,155.62,168.30,174.18,181.11,185.04,192.51,193.75,196.51,200.06,199.48,202.60,200.88,202.02,206.40,209.82,214.11,218.08,217.46,221.65,229.02,233.75,239.02,243.19,247.33,247.76,244.81,242.24,238.03,232.94,226.74,216.93,214.44,208.01,203.19,195.00,188.02,184.09,179.01,172.59,163.98,158.24,151.03,145.60,134.54,126.21,117.10,108.26,99.48,90.03,80.78
135.19,148.57,157.54,168.40,175.35,183.00,186.30,193.00,196.02,197.97,201.66,202.04,203.74,203.09,205.51,208.20,208.75,215.20,219.21,218.82,225.63,231.46,234.45,239.84,244.70,247.82,248.92,244.48,244.76,238.52,234.94,227.27,220.37,214.89,208.04,203.02,197.61,190.82,186.29,178.47,172.01,166.21,158.76,150.96,145.60,135.91,127.74,119.64,109.29,101.24,90.55,80.65
145.17,161.06,169.14,179.12,188.29,195.88,199.58,204.63,207.37,210.84,212.25,214.89,215.39,215.15,216.67,220.17,220.15,226.42,230.98,232.11,236.91,244.48,248.52,255.16,259.42,263.80,265.01,260.57,258.65,254.61,249.82,241.10,233.57,230.05,223.67,218.15,210.44,204.69,200.06,194.29,186.10,178.35,171.60,163.93,155.96,146.26,139.45,129.08,119.00,111.07,99.72,90.82
132.85,147.14,155.00,163.11,172.51,178.51,183.88,188.35,191.76,193.08,197.12,196.31,197.57,197.47,197.34,200.20,201.79,205.65,212.17,212.90,215.75,223.93,229.02,233.60,236.07,241.83,240.78,239.04,237.53,233.00,228.27,222.47,216.33,209.10,204.01,199.55,191.95,187.10,181.43,176.48,169.55,163.67,157.49,148.77,144.28,134.85,128.14,119.82,108.78,99.30,92.46,81.32
133.42,148.49,155.76,166.59,173.49,182.22,186.81,192.04,193.83,195.89,198.91,198.59,200.17,201.30,203.96,206.25,207.42,211.01,215.04,217.94,220.27,226.93,232.77,237.03,240.25,243.40,244.97,241.67,239.27,233.77,230.56,222.95,215.34,207.97,203.18,198.36,191.98,185.88,181.04,174.13,168.02,161.51,153.52,146.99,142.36,133.09,125.00,116.66,106.85,96.32,88.96,79.26
131.83,144.31,152.83,164.78,171.73,180.10,184.72,189.21,193.20,195.73,197.59,199.36,201.68,201.16,200.41,203.63,205.68,212.08,214.39,216.83,221.50,225.44,232.26,236.68,241.03,244.01,243.02,239.70,236.63,234.09,228.71,221.58,214.52,209.12,203.39,198.76,190.18,183.25,177.79,174.41,166.21,159.26,152.82,146.49,140.91,129.63,122.09,115.11,105.10,97.08,87.64,78.41
131.10,146.45,154.95,160.64,169.06,179.61,179.78,188.48,191.38,195.23,197.59,196.02,200.66,198.73,198.71,201.19,205.92,210.09,211.90,213.84,217.85,223.99,229.07,234.37,239.74,244.97,243.82,241.03,238.48,235.53,231.82,226.06,217.17,212.42,207.08,201.80,194.59,186.30,182.52,178.47,172.82,162.79,158.42,150.70,145.10,135.34,128.46,119.85,110.86,102.11,92.28,81.22
135.53,151.16,160.33,171.33,180.09,184.55,190.78,198.73,199.49,204.92,206.05,205.34,208.94,208.31,209.10,214.04,214.97,219.86,223.66,223.24,228.43,236.86,240.05,247.24,250.14,255.23,255.84,248.22,248.07,244.05,239.68,231.28,221.40,218.22,210.40,207.62,196.37,188.96,184.71,182.32,173.67,163.25,160.53,150.36,145.99,131.95,123.17,116.47,108.07,99.30,86.45,75.59
140.66,153.31,161.05,173.93,182.04,189.17,194.09,200.20,202.61,204.47,208.61,208.48,210.20,210.28,210.24,214.09,216.45,219.87,224.96,226.06,231.16,233.86,241.62,247.34,250.71,253.51,252.24,250.34,247.89,243.28,238.91,230.23,223.76,219.53,213.04,206.62,198.48,191.67,186.45,182.80,174.40,164.21,161.20,150.37,146.49,136.17,126.32,117.63,108.23,99.86,91.92,80.50
144.35,158.24,167.29,180.07,186.97,196.00,201.16,206.12,208.40,209.67,212.40,214.41,215.93,214.25,217.30,219.15,221.65,228.54,231.39,231.11,233.21,240.24,247.34,252.99,255.98,261.45,261.56,255.64,256.63,250.77,247.73,239.00,231.60,228.27,222.40,218.28,209.47,201.82,195.72,191.39,185.56,175.45,169.45,162.20,154.73,142.41,135.33,126.67,118.11,108.90,97.98,87.66
142.30,158.90,166.69,180.80,187.64,196.09,202.16,207.86,212.15,215.35,217.42,217.51,220.60,219.51,220.47,224.09,227.41,233.21,234.45,236.28,238.95,247.70,252.30,258.04,260.22,266.18,266.49,262.59,260.68,255.92,250.65,242.33,233.81,229.27,223.00,217.11,209.12,202.57,197.50,192.35,184.36,178.36,168.91,160.03,154.98,144.00,136.62,126.92,116.39,106.44,97.00,87.21
147.49,162.12,171.14,182.00,189.02,198.70,203.15,210.49,212.60,213.86,218.45,216.71,220.58,217.80,218.68,223.89,224.01,229.26,232.79,234.88,239.27,246.11,250.74,256.70,260.31,266.72,264.07,261.28,261.87,255.55,252.41,244.72,238.42,231.77,224.96,221.18,212.88,205.07,200.80,194.61,188.47,179.60,174.00,165.85,160.00,146.99,140.47,131.11,121.56,113.23,99.30,89.36
147.50,162.78,173.22,184.20,190.92,201.64,207.17,214.11,215.46,218.05,221.35,222.03,223.49,222.41,223.43,228.12,229.46,237.23,240.67,239.00,242.14,250.14,255.98,261.63,263.61,269.80,269.45,264.37,262.15,259.33,252.41,246.02,237.36,233.57,228.27,221.52,212.53,204.07,198.76,196.33,189.51,178.89,172.97,164.23,158.90,146.54,138.09,129.34,120.62,111.41,96.33,86.02
148.61,165.08,172.80,185.87,194.09,202.95,207.51,214.57,216.12,219.22,223.16,222.99,224.18,224.32,226.81,228.83,229.90,234.34,240.69,239.84,244.08,249.82,257.28,261.51,264.97,269.41,269.01,264.43,263.76,258.43,255.23,247.16,237.92,232.11,227.04,222.64,211.75,204.24,200.86,194.40,187.41,180.89,173.03,164.56,158.45,147.36,139.09,130.74,120.93,111.83,100.32,87.93
141.77,157.01,164.05,176.41,186.17,192.51,198.92,205.24,206.46,209.12,211.93,211.86,214.25,215.08,216.40,219.74,219.82,225.58,227.49,230.46,233.95,241.17,245.45,248.89,254.10,258.31,258.71,253.71,252.67,246.24,242.24,235.23,226.61,220.64,215.68,212.05,203.30,196.06,192.13,185.30,178.88,172.63,164.58,156.35,150.76,140.76,131.95,124.31,113.56,105.15,94.20,84.90
141.01,156.67,165.56,177.12,183.99,194.65,199.02,203.92,207.16,208.00,210.72,211.99,214.96,213.86,215.80,219.33,221.22,226.02,228.48,228.83,231.23,238.35,242.04,248.85,251.73,256.22,256.24,253.72,250.89,246.00,243.25,234.44,227.04,223.09,217.25,211.40,204.64,196.60,191.77,185.93,181.02,172.28,167.37,158.53,152.08,142.90,132.91,125.16,115.32,105.82,96.21,85.07
136.82,153.50,162.05,173.74,182.00,186.81,196.09,201.30,203.38,205.27,207.82,210.06,210.39,209.77,212.53,213.88,215.82,220.84,223.27,223.95,228.27,233.65,238.55,244.92,247.74,251.80,250.97,248.57,244.75,242.54,237.70,230.53,223.09,219.16,214.02,207.29,199.49,191.44,187.10,183.81,176.65,167.60,162.50,154.99,149.05,138.44,131.24,122.65,113.36,103.59,94.34,82.62
138.76,152.95,160.35,172.25,180.23,189.86,193.83,199.69,203.25,204.98,208.06,207.93,210.24,210.46,211.14,213.86,215.03,220.41,221.42,224.29,227.67,233.94,238.66,243.67,248.09,249.80,248.12,246.98,245.42,240.17,236.54,228.11,222.38,215.76,210.71,205.66,198.93,192.42,188.18,181.47,174.48,168.13,161.24,153.69,149.40,136.42,131.71,123.03,111.36,103.77,94.64,84.40
138.22,153.95,162.39,173.44,181.16,190.25,195.80,200.01,203.16,206.48,209.89,210.24,212.71,213.02,214.60,217.59,217.46,222.87,224.56,228.02,230.41,238.01,243.53,250.57,250.65,254.03,252.67,251.37,250.20,244.27,241.46,233.32,226.00,219.46,212.41,208.33,201.16,194.04,189.76,183.83,177.23,170.77,162.69,156.67,150.63,139.81,132.97,124.20,112.87,104.09,96.17,85.04
132.48,149.01,157.89,168.19,175.78,182.57,187.77,194.79,196.74,199.48,201.56,203.09,205.14,204.38,208.01,208.72,209.09,217.04,217.57,220.27,223.62,228.35,235.44,239.18,242.54,247.49,245.17,243.04,242.33,235.10,231.32,223.91,215.68,211.10,206.17,199.62,193.26,185.99,182.41,176.47,172.35,164.00,156.54,148.81,144.78,132.31,126.21,118.09,108.85,101.12,90.14,80.66
127.88,142.44,149.40,160.61,166.93,175.26,178.94,183.58,186.04,188.45,192.66,191.46,194.13,193.55,195.17,197.34,199.62,204.61,206.16,208.06,211.95,219.23,223.66,229.08,230.41,236.76,237.01,234.62,231.63,226.55,224.18,216.53,210.75,206.07,201.12,196.12,190.16,183.34,178.97,173.54,170.04,162.00,154.43,147.51,142.52,133.63,126.57,118.79,108.69,99.50,91.09,82.62
129.87,143.13,149.91,159.68,168.32,174.77,180.23,184.17,187.54,189.59,191.23,192.51,195.60,192.72,194.54,197.91,198.01,205.34,207.10,207.87,213.32,219.26,225.02,230.71,231.66,237.54,237.29,232.13,232.62,230.22,225.36,217.09,209.35,204.55,199.74,194.34,188.04,181.82,177.28,172.63,168.67,160.11,156.24,147.76,141.55,131.69,123.88,115.26,108.30,99.04,88.46,81.12
134.62,147.85,156.82,168.29,174.00,180.85,186.27,190.54,194.37,195.72,196.25,200.41,201.36,199.90,201.48,205.79,207.71,213.22,217.34,215.57,219.97,227.24,233.36,239.91,242.03,248.94,248.94,243.31,241.85,239.87,233.02,225.62,219.86,217.52,210.66,205.08,198.56,191.51,188.66,183.85,177.72,168.43,164.08,154.33,150.08,137.48,130.61,122.33,114.28,106.51,91.98,83.01
127.63,141.42,151.21,161.61,166.39,175.33,179.40,185.43,190.54,193.21,194.08,194.44,198.30,196.25,199.06,203.06,203.71,210.30,214.19,216.02,222.97,229.62,235.23,239.24,242.12,248.07,250.84,244.71,242.39,241.60,233.42,227.64,220.77,215.06,209.29,204.25,195.13,187.40,182.70,180.49,172.19,159.70,158.22,148.84,144.56,131.94,123.71,116.04,107.52,97.13,87.09,75.69
146.99,163.29,172.29,182.39,192.13,201.68,204.83,209.75,212.62,215.23,219.61,219.69,220.19,221.42,223.43,225.76,227.97,232.24,236.23,240.01,244.20,250.89,255.86,262.06,264.71,270.54,268.21,266.45,264.92,259.59,254.23,248.62,239.51,233.91,227.13,222.32,214.72,208.86,203.89,196.77,189.27,182.70,174.39,166.60,160.42,151.21,142.87,131.76,121.82,110.05,102.12,91.55
146.77,161.77,174.79,183.50,189.97,198.82,203.77,211.02,212.76,216.67,219.01,220.19,223.02,220.06,222.99,226.24,226.53,235.77,239.04,239.37,243.39,249.20,255.56,259.77,263.37,270.19,269.90,263.43,261.94,258.02,252.74,247.32,237.41,236.09,230.16,223.73,214.41,208.08,205.10,196.98,192.44,179.00,176.32,168.24,160.51,150.14,142.28,131.58,123.85,113.72,101.14,90.45
146.21,162.36,171.42,183.77,190.32,200.94,203.42,212.20,215.54,216.63,217.66,220.34,225.22,222.91,223.18,226.38,226.93,236.44,238.65,239.08,241.47,249.16,255.26,260.05,261.09,269.74,270.80,263.53,261.77,258.96,253.21,246.01,237.89,234.96,229.54,222.70,212.46,207.37,203.03,196.23,189.17,179.40,176.48,166.18,160.15,149.72,141.65,132.40,123.18,114.02,101.24,91.55
136.46,149.57,157.84,168.32,178.00,186.68,191.44,195.90,198.04,200.82,204.66,205.36,204.88,206.52,208.85,210.46,212.85,216.58,221.65,220.91,225.27,231.20,236.22,241.60,244.14,248.10,248.81,246.29,244.03,238.30,234.35,227.48,219.86,215.84,210.54,206.83,199.48,191.85,187.52,182.15,174.79,171.03,162.25,154.01,148.06,138.92,131.53,124.74,113.16,104.29,94.37,83.68
140.58,157.20,167.34,178.24,186.25,196.16,200.50,208.90,211.25,214.01,215.35,218.33,219.89,218.56,220.10,224.59,226.74,232.73,235.31,234.80,237.81,245.75,251.86,255.67,258.98,265.35,268.20,259.73,256.36,254.50,247.19,240.20,231.53,230.22,221.68,215.41,207.06,202.27,194.61,192.40,184.30,174.73,169.52,161.51,155.54,142.52,136.36,126.00,119.04,109.04,95.27,84.05
135.15,149.60,161.12,171.54,179.51,187.24,193.26,199.06,203.00,205.65,209.31,208.06,209.10,210.30,212.21,213.49,216.61,222.14,225.16,227.07,230.59,238.17,243.03,248.08,251.64,254.02,253.60,249.51,246.35,243.89,238.53,233.23,222.41,217.71,213.34,209.61,198.98,191.44,188.30,183.09,176.78,170.00,162.19,155.72,149.56,138.06,130.82,122.80,111.41,101.98,93.98,83.05
136.13,151.42,160.70,172.26,179.62,186.01,193.00,199.48,202.68,205.51,209.02,210.77,212.20,210.06,212.61,215.74,220.38,223.26,228.64,226.31,230.23,238.25,243.83,249.56,251.38,256.59,256.04,250.08,246.97,246.47,239.13,233.62,224.74,220.86,214.11,209.61,201.68,194.03,190.07,185.71,179.00,171.42,164.47,158.08,149.72,140.58,131.67,122.20,112.64,104.29,92.91,84.17
145.36,162.11,172.15,185.39,193.31,201.19,207.45,214.22,215.93,220.86,223.32,223.89,228.98,226.06,229.01,232.44,235.24,240.98,243.60,245.31,249.16,255.23,261.38,267.53,272.36,277.16,276.10,272.98,271.58,267.37,260.73,252.74,243.30,240.88,234.23,227.98,218.20,212.68,206.34,202.63,194.76,185.31,179.00,170.42,161.83,151.35,142.24,133.99,123.97,113.15,101.82,90.47
145.25,161.19,169.43,180.69,189.75,199.72,203.48,210.34,213.51,215.93,219.21,219.74,223.33,222.30,224.29,227.71,230.34,235.19,237.62,239.64,243.03,249.15,255.43,262.07,265.05,270.57,271.07,265.75,263.10,260.41,256.60,250.00,240.00,236.14,228.55,226.00,217.61,210.38,204.56,198.31,192.72,184.55,178.19,169.10,161.55,150.00,142.84,134.83,122.65,113.00,100.17,91.27
139.18,151.08,160.52,170.80,179.48,186.19,193.20,196.06,200.00,201.56,208.93,206.30,209.85,207.78,210.24,215.65,214.97,217.41,224.08,223.40,228.67,236.32,242.17,246.10,249.19,254.02,254.25,251.05,249.32,243.56,240.67,234.92,228.48,223.57,217.28,212.45,204.35,198.15,192.51,187.88,179.78,175.10,166.34,159.20,154.24,143.14,136.88,125.50,116.69,106.23,97.53,86.21
137.00,152.96,161.52,172.35,178.51,187.11,192.00,198.59,203.00,204.55,206.53,209.16,212.32,209.99,211.62,216.31,217.06,220.95,226.21,226.34,228.28,235.13,241.03,247.54,248.81,257.09,256.19,251.03,251.64,245.02,241.51,234.27,227.04,222.91,217.91,212.76,203.92,196.66,193.60,189.19,182.18,174.39,168.24,159.22,153.81,140.89,135.07,125.30,117.07,106.63,95.59,84.58
130.61,145.77,154.31,163.05,168.31,176.95,181.69,187.17,190.71,193.44,195.00,196.65,198.91,198.48,199.49,203.59,204.73,211.62,213.60,212.20,219.00,222.44,228.96,233.26,234.31,242.94,242.16,237.20,238.10,234.03,229.92,221.82,214.05,210.49,206.69,201.94,192.52,185.63,181.22,179.98,172.54,162.94,159.82,151.33,145.34,134.47,126.85,116.16,110.06,101.40,89.69,80.75
130.60,146.12,154.03,163.42,169.50,178.06,184.30,187.54,191.23,194.10,197.01,196.47,199.46,200.11,201.00,204.12,204.24,208.48,211.98,214.46,218.56,222.64,230.23,233.62,235.60,241.91,240.71,238.77,238.81,233.00,228.65,223.79,216.02,211.70,206.60,200.85,192.23,185.83,182.58,178.52,170.42,163.64,157.85,151.03,146.10,134.47,128.16,118.11,109.73,100.42,91.27,82.57
136.36,152.76,160.00,172.07,178.51,186.94,192.33,199.18,203.92,205.80,206.79,210.77,211.00,210.52,210.24,214.11,216.69,223.02,225.01,225.18,230.78,236.91,241.00,248.21,250.05,255.77,255.33,249.95,247.55,246.83,240.71,235.47,226.14,223.79,217.71,211.68,204.02,195.56,192.75,189.64,182.20,172.65,167.50,160.00,153.22,140.17,134.37,123.71,115.88,105.69,95.00,84.86
137.54,153.18,162.82,173.95,180.25,189.72,194.83,201.60,203.71,207.58,208.49,212.29,214.17,212.35,213.66,217.51,219.13,223.75,228.56,227.20,232.95,239.38,244.56,249.61,252.79,257.12,258.84,253.02,252.06,249.16,243.67,234.92,228.32,225.42,220.23,213.00,205.19,198.24,194.74,191.09,183.44,173.57,169.06,161.01,154.47,142.05,135.03,125.23,119.04,107.42,95.51,86.15
138.22,154.03,162.83,172.94,180.65,190.80,195.82,200.49,203.16,207.94,210.10,211.03,213.23,211.97,214.40,216.63,218.40,224.89,228.11,228.74,232.72,240.47,244.59,248.65,252.69,257.84,258.16,252.77,252.67,248.79,244.56,235.94,226.50,223.52,218.25,213.56,206.81,199.48,195.90,188.35,184.17,175.76,169.96,161.94,154.43,144.10,135.60,128.16,118.46,109.49,96.26,87.13
140.07,156.92,164.00,174.18,184.72,190.66,196.96,203.93,206.49,209.12,213.24,212.60,215.47,214.40,215.68,218.10,218.93,224.02,230.08,228.81,234.79,240.92,247.32,250.91,254.02,258.64,259.01,255.56,253.25,249.80,245.31,239.72,230.49,226.26,221.06,215.80,207.00,199.61,196.37,191.31,185.54,175.64,169.78,163.11,156.73,144.42,137.64,128.00,119.04,108.47,97.32,86.28
138.85,153.57,164.08,173.00,181.82,189.81,195.93,202.41,203.96,208.37,209.41,212.31,213.59,211.60,212.66,215.78,220.00,226.38,227.77,227.56,231.77,237.50,245.90,249.65,251.75,258.03,258.94,252.40,250.64,249.95,243.98,234.34,228.83,226.72,221.00,215.13,206.01,201.06,195.62,191.64,184.55,175.00,170.01,162.27,156.25,144.00,136.47,127.28,118.07,109.60,97.08,87.28
141.03,158.70,167.30,177.55,188.28,196.70,201.47,206.81,211.63,215.23,221.62,219.11,221.14,222.93,224.38,227.04,229.37,233.73,237.19,239.59,242.83,249.78,254.42,260.72,265.11,268.42,268.02,264.69,261.23,257.26,250.48,244.03,236.08,228.85,223.24,218.69,210.62,204.63,199.62,193.35,184.13,178.68,170.01,161.31,154.94,145.67,138.22,127.14,116.76,105.68,97.14,86.27
132.62,148.49,156.24,169.01,175.90,185.61,189.93,197.95,200.00,202.12,207.28,204.71,207.29,208.92,210.05,212.43,213.89,218.50,223.65,225.74,229.71,232.42,238.31,244.13,249.01,252.20,252.07,248.28,246.20,241.21,237.99,228.55,221.73,215.42,209.40,205.55,197.40,191.67,186.27,181.62,174.23,167.16,160.45,151.83,146.60,135.34,131.24,119.57,109.48,99.62,90.93,81.12
134.77,150.45,156.54,168.96,174.72,184.02,189.49,194.13,197.36,199.20,203.44,202.08,204.12,204.94,206.02,210.01,208.47,212.05,215.46,218.22,223.68,228.76,234.20,238.58,242.01,246.56,248.76,243.05,242.92,236.58,234.73,228.87,220.13,217.35,211.45,206.40,199.47,192.59,189.41,183.22,178.06,170.88,163.20,156.60,151.21,139.49,132.23,123.89,115.62,105.00,93.13,84.08
141.16,158.05,167.39,180.89,188.18,198.01,203.38,213.05,217.39,219.78,221.21,221.81,223.77,223.52,225.43,228.41,229.61,236.92,240.31,239.57,241.96,250.80,255.50,259.86,264.20,271.81,270.82,264.05,263.43,260.28,252.74,245.65,237.40,234.08,227.22,223.57,212.51,205.68,201.69,198.22,190.07,178.53,174.66,166.41,160.12,147.58,137.97,128.04,121.20,112.93,98.23,87.37
145.66,161.14,170.24,181.65,190.97,200.12,206.16,211.65,214.22,217.71,221.12,220.59,222.87,222.97,223.09,227.90,228.27,234.07,238.25,238.61,240.52,249.69,253.51,260.19,265.24,267.49,267.62,264.27,260.55,257.39,253.16,244.17,236.13,232.65,226.79,219.91,212.22,205.80,200.00,194.25,187.27,182.26,173.97,165.48,158.38,146.49,141.82,132.74,119.22,109.79,100.32,90.09
143.54,158.26,167.26,180.28,187.64,196.74,202.20,208.48,209.27,213.24,216.67,217.92,219.13,219.39,219.74,224.15,224.74,233.23,233.45,234.17,236.89,244.20,249.73,254.42,258.50,263.83,264.58,259.11,258.49,252.44,249.55,240.03,232.59,230.53,221.85,217.68,209.12,203.92,198.49,192.39,186.39,176.53,171.23,163.68,156.44,144.94,137.77,129.03,118.15,110.02,97.01,88.29
143.06,159.71,168.50,179.94,187.58,196.22,203.04,211.65,210.79,215.26,216.23,216.91,219.71,219.24,220.53,225.14,226.17,231.39,234.44,235.21,240.02,245.60,250.80,255.44,258.02,264.71,265.77,259.56,256.25,254.17,249.23,241.51,233.69,228.48,223.29,217.49,209.61,201.19,196.54,193.15,185.81,176.18,172.65,163.09,158.07,143.53,137.88,127.19,117.20,108.98,96.46,85.21
140.09,155.63,161.45,174.26,182.10,193.28,194.74,202.63,206.55,207.27,209.66,210.05,212.62,213.69,213.02,217.57,217.23,225.09,225.38,227.04,232.23,238.35,244.52,248.21,251.60,256.91,256.42,251.08,250.46,245.54,242.84,235.19,226.72,221.96,215.86,211.34,204.12,197.61,193.34,185.95,179.00,173.01,165.80,157.87,153.31,142.47,135.77,125.24,114.35,104.40,95.02,84.53
131.88,148.81,156.73,169.76,177.10,186.72,191.93,197.77,202.14,202.25,206.24,206.95,209.47,207.87,208.33,211.52,214.35,221.94,223.40,222.50,227.40,233.23,239.29,243.12,244.50,252.69,251.53,246.25,244.27,240.71,236.19,230.59,222.23,219.46,211.69,205.68,197.77,188.96,185.72,182.48,174.67,168.24,160.82,153.64,148.98,136.85,128.76,118.36,110.14,103.41,87.64,79.51
143.34,161.01,168.36,182.66,188.29,199.92,205.83,212.27,215.52,216.76,222.20,220.23,223.77,224.63,225.01,228.04,230.20,235.21,239.43,240.25,244.77,249.65,256.29,260.31,264.01,270.12,269.13,265.00,262.96,257.51,254.50,245.41,238.41,231.74,226.05,219.32,213.18,204.01,199.61,193.71,185.61,180.83,171.92,165.47,158.76,146.15,140.16,128.89,117.78,108.23,97.12,86.21
141.91,158.15,165.92,178.24,186.13,192.50,198.48,205.83,208.20,211.28,215.00,213.93,215.33,216.42,217.51,221.38,223.57,225.89,231.10,232.61,235.79,243.20,249.34,252.70,255.89,260.28,258.82,258.00,255.63,248.94,246.11,239.77,230.11,225.83,220.07,215.03,205.85,197.70,195.06,188.69,184.07,174.66,167.76,161.83,153.64,143.84,135.91,125.16,114.53,106.02,96.88,87.24
141.32,157.81,167.26,178.62,186.51,195.13,200.86,205.92,206.70,211.03,213.90,215.87,217.38,218.08,219.23,220.88,224.15,227.01,229.71,231.80,236.91,241.62,247.41,251.75,255.00,259.67,261.20,256.02,254.81,249.65,244.97,240.03,230.34,225.57,218.68,212.51,205.00,198.92,193.63,188.80,181.73,175.85,168.19,160.03,154.03,141.74,134.13,124.72,115.68,105.44,95.08,83.60
143.17,158.43,166.21,177.79,184.62,194.06,197.99,203.89,207.12,210.32,213.08,213.22,213.82,213.93,216.11,219.54,219.32,225.27,226.37,229.13,233.21,238.61,243.20,249.20,252.61,256.52,259.06,255.03,253.16,246.59,242.39,236.58,229.22,225.00,220.11,215.96,208.40,201.66,199.02,190.91,183.45,177.91,169.78,162.43,156.47,145.34,138.51,130.00,117.69,107.94,99.18,89.84
142.01,157.43,165.56,176.11,186.12,196.02,198.22,204.30,204.85,208.06,211.55,211.59,213.72,213.49,215.81,218.71,217.81,224.77,227.38,229.26,231.82,237.74,241.75,247.69,251.72,255.13,256.22,251.91,253.16,246.10,242.87,237.62,228.16,224.11,218.56,216.75,208.63,200.26,196.46,191.15,184.11,178.49,168.05,161.31,154.47,145.12,139.28,130.42,117.72,107.47,99.16,89.11
142.27,156.00,165.60,177.60,185.40,193.04,197.95,204.55,204.20,207.80,210.24,211.45,214.66,213.12,214.87,218.71,217.86,222.64,225.18,226.97,230.36,236.03,241.48,246.05,251.78,255.00,254.91,252.03,251.72,245.80,242.99,234.34,225.79,223.60,217.51,213.88,206.24,201.20,197.09,189.86,183.12,177.02,169.06,161.22,155.86,144.92,138.84,129.14,119.08,108.67,97.95,90.34
145.58,160.44,169.50,183.41,188.90,199.21,203.42,210.00,211.45,214.22,218.51,219.01,220.42,220.23,220.00,225.08,224.51,231.51,234.65,235.99,239.23,245.28,251.37,257.24,260.11,266.54,265.09,259.89,259.31,252.60,249.55,243.39,236.21,229.80,223.00,218.63,210.40,203.50,198.83,194.49,187.84,177.23,173.53,165.53,158.42,147.80,138.85,128.80,118.07,110.05,97.25,86.31
142.21,159.36,167.87,179.18,186.40,195.26,200.89,208.63,209.88,212.85,215.68,216.02,217.31,217.01,217.75,220.43,223.13,228.40,228.78,232.43,235.76,242.00,246.22,252.74,255.82,260.86,261.01,257.93,255.27,250.57,247.25,241.17,231.21,229.46,221.88,216.95,210.69,203.86,198.64,193.61,188.35,178.68,172.19,166.17,158.65,146.71,138.76,128.57,120.35,110.39,99.54,87.21
143.13,160.53,169.16,179.81,188.73,197.59,202.25,205.76,208.15,210.64,214.03,215.67,217.82,217.62,218.66,219.65,223.02,226.45,229.38,230.49,236.30,240.52,246.33,251.60,254.28,258.50,262.07,257.34,255.55,249.83,245.73,241.36,231.23,227.85,221.01,215.87,208.43,202.60,195.37,191.97,185.30,179.13,170.84,163.77,158.62,145.42,137.64,127.13,119.02,109.11,99.49,86.95
140.42,157.87,166.15,176.62,186.70,195.17,199.01,206.21,206.71,210.30,214.36,215.41,216.28,216.90,217.39,220.06,223.54,226.46,229.31,232.03,235.53,240.20,246.03,251.05,254.61,258.16,259.28,256.22,255.07,248.94,245.07,239.15,229.98,224.96,219.92,213.06,205.23,199.62,194.20,188.30,182.46,176.24,167.92,159.18,154.03,142.14,135.25,125.04,115.55,105.42,95.82,85.71
142.04,156.65,167.03,176.07,184.76,193.89,200.47,206.12,208.24,211.97,214.03,215.03,219.13,216.67,217.33,221.90,221.38,228.84,231.41,231.11,236.41,242.17,247.16,254.06,256.63,262.00,261.26,256.70,254.69,251.29,245.54,238.25,229.84,226.38,217.95,215.23,207.28,201.93,196.99,191.09,184.39,174.94,168.51,162.81,154.98,144.31,134.63,127.40,117.20,107.91,96.05,86.28
139.53,152.27,163.75,174.94,182.13,188.83,193.29,202.08,203.89,207.66,210.11,210.15,213.33,210.72,212.47,216.52,218.44,222.57,226.63,225.89,229.49,235.72,242.07,247.40,250.68,255.16,255.67,250.19,248.91,246.40,240.67,231.92,224.83,222.73,214.16,212.51,202.43,197.10,191.64,186.05,180.31,170.91,165.77,158.62,152.87,139.46,132.52,122.80,115.00,106.48,92.40,82.66
146.58,162.01,170.70,184.10,191.67,201.30,205.80,211.99,214.39,218.30,221.33,221.84,223.26,223.64,225.08,229.11,229.14,233.75,238.13,240.11,243.28,250.53,253.39,259.21,264.08,267.37,267.86,267.02,264.84,258.50,254.88,246.62,240.05,233.69,227.76,222.28,213.41,206.49,202.60,197.31,189.24,182.82,174.26,165.53,160.70,148.49,141.48,131.21,118.85,110.64,99.69,90.80
136.42,151.33,159.70,172.73,179.74,186.32,194.49,200.94,203.06,204.71,206.41,208.73,208.21,210.68,207.23,214.71,215.57,219.49,223.22,226.02,228.97,233.81,240.31,243.94,248.65,252.81,252.99,250.91,247.55,243.73,237.69,233.11,224.38,220.74,214.95,209.75,199.74,193.69,189.10,185.73,177.79,171.24,163.98,156.03,151.17,138.18,130.78,122.49,112.26,104.58,94.11,82.80
144.68,160.10,169.00,181.14,190.28,198.30,205.73,211.38,214.76,217.15,218.79,220.04,223.99,222.27,222.47,225.23,227.56,235.34,238.56,238.30,241.02,248.82,254.02,258.90,261.91,269.15,268.97,264.03,260.97,260.42,252.60,244.36,235.94,231.66,226.64,221.81,211.63,206.02,200.26,197.12,188.32,180.00,173.22,167.16,158.03,146.69,138.60,128.36,118.38,110.32,98.27,88.87
146.18,161.28,168.57,182.54,190.54,201.42,204.30,210.95,213.93,215.72,220.48,219.67,222.52,223.66,223.79,227.61,227.90,233.31,235.93,240.44,243.40,247.70,254.37,259.62,262.55,269.00,268.31,264.38,262.02,257.41,255.23,246.01,237.76,230.71,225.70,221.88,212.42,206.53,202.56,195.78,187.97,180.00,171.82,163.13,157.94,146.74,139.81,130.51,118.95,109.77,99.82,88.77
144.36,161.05,170.24,180.77,189.95,198.76,205.00,208.90,211.48,213.81,218.51,219.15,221.05,221.46,222.77,224.15,227.66,229.51,233.35,235.31,242.24,246.13,250.35,256.07,259.11,264.69,266.58,262.19,260.35,255.47,250.38,244.81,234.06,230.79,223.64,217.91,208.54,203.59,196.65,192.17,184.76,179.40,170.85,163.25,157.28,145.25,136.70,126.06,117.17,107.81,98.37,85.84
143.59,158.96,169.11,179.37,187.68,197.10,202.00,207.06,209.62,211.22,215.39,216.46,219.20,219.15,220.95,221.90,225.04,228.64,231.57,233.63,239.00,244.05,248.89,253.69,256.56,261.64,263.30,260.49,257.70,252.77,247.89,243.37,232.46,227.69,221.38,216.02,207.48,201.88,195.13,190.43,183.70,177.34,169.64,162.20,156.16,143.40,135.69,124.63,116.91,106.21,97.10,84.60
142.21,157.89,167.87,177.91,187.45,196.02,200.86,205.63,208.06,210.38,213.88,216.68,216.91,217.08,218.72,220.48,223.64,226.02,229.38,231.35,236.61,242.33,247.24,252.41,255.41,259.38,260.97,258.24,256.38,250.58,246.08,240.36,230.71,227.17,219.32,213.66,206.24,199.74,193.34,188.35,181.84,175.56,168.36,161.01,153.60,141.99,134.50,123.82,114.86,105.12,97.08,85.00
142.89,158.62,169.81,179.88,188.31,196.50,202.48,207.47,209.57,211.85,216.09,217.18,218.36,218.69,220.54,222.06,224.64,227.92,231.39,233.48,238.32,243.79,249.45,254.13,256.56,261.45,262.64,260.19,257.26,252.38,247.19,242.54,231.39,227.56,221.42,215.34,207.76,202.16,195.17,190.08,183.58,177.12,168.96,162.00,154.98,143.67,135.06,125.54,117.04,106.51,96.33,84.77
144.93,161.34,169.25,179.48,188.92,198.20,201.47,206.58,209.90,211.92,216.84,215.52,216.16,217.28,218.59,222.41,224.04,228.63,231.45,233.21,235.42,243.26,247.31,252.30,257.50,260.51,262.25,259.72,257.24,251.79,247.89,241.27,233.50,228.97,223.18,217.19,211.69,205.51,201.00,194.05,185.40,180.85,172.07,165.01,159.18,148.61,140.80,131.22,119.40,109.60,99.41,90.76
143.28,159.18,169.04,179.11,188.01,196.76,201.66,205.73,206.90,209.75,213.55,215.11,217.67,215.96,217.00,219.57,221.76,224.11,228.22,229.60,234.80,240.52,244.40,249.33,252.81,257.39,259.41,255.15,253.90,249.78,246.06,238.89,231.29,227.73,220.48,213.97,208.31,201.36,195.29,191.51,185.08,177.56,170.88,163.05,156.85,144.10,137.97,128.38,118.21,109.44,99.04,86.54
138.92,152.61,161.48,173.77,182.46,191.13,195.53,201.46,202.01,205.87,210.00,209.61,210.30,211.12,214.44,214.89,217.50,220.95,225.28,227.13,229.63,235.23,240.67,246.13,250.46,254.02,254.00,252.16,248.65,245.46,240.21,233.47,225.39,218.18,213.18,210.79,202.20,195.53,191.15,186.13,179.43,170.66,164.20,155.62,150.60,139.03,133.02,125.18,113.72,104.17,92.11,84.15
136.13,152.55,161.24,173.42,179.36,188.28,193.63,200.74,202.25,205.77,207.74,208.58,208.39,208.96,211.81,214.22,215.03,221.42,223.89,223.32,227.50,233.48,238.81,244.66,246.98,252.16,251.78,248.92,245.37,242.87,235.55,231.21,222.73,219.49,212.93,206.09,199.88,193.21,188.90,183.83,178.06,168.08,163.37,155.47,149.34,137.46,130.27,122.32,112.33,104.05,90.80,81.84
146.01,162.25,171.98,183.12,190.26,200.20,204.02,210.34,212.80,215.64,217.25,218.11,222.17,219.69,220.64,225.54,226.59,231.22,234.65,236.58,238.93,245.12,250.92,255.39,260.19,264.88,266.15,261.22,259.49,256.16,251.79,244.18,236.62,233.42,225.21,220.60,213.00,207.85,203.30,197.09,190.34,182.40,174.63,167.28,161.64,148.03,142.00,131.50,123.07,112.15,100.66,90.44
138.80,155.05,161.64,173.11,181.34,188.47,194.74,203.04,203.92,205.92,207.15,208.40,210.51,210.54,211.10,214.36,216.67,220.41,224.40,226.63,228.54,234.31,240.66,244.90,247.98,253.62,253.95,250.71,248.81,244.44,240.67,232.69,225.89,221.82,215.78,212.92,203.01,195.76,192.61,186.36,180.70,170.84,165.39,160.11,154.15,140.25,135.15,125.78,116.39,107.22,96.02,85.09
137.53,151.08,159.71,171.33,177.92,186.69,193.40,197.99,200.96,203.27,205.35,206.83,209.15,207.45,208.94,211.28,214.00,219.99,223.24,222.99,227.43,234.23,239.87,241.87,246.45,251.02,251.31,248.20,246.24,242.00,236.02,229.39,220.78,219.13,212.00,206.21,199.62,192.38,188.25,184.89,175.41,169.20,162.86,156.08,148.96,138.68,131.58,120.07,111.32,104.40,93.65,82.38
145.00,160.15,168.67,181.20,187.77,196.31,202.23,208.31,208.91,212.81,215.54,215.47,217.22,216.68,218.39,222.27,221.82,228.59,230.89,234.03,235.24,242.89,247.41,251.62,257.67,261.20,261.27,258.04,258.07,252.52,248.16,240.93,234.78,227.07,221.45,217.11,210.77,205.77,198.85,192.82,186.30,180.02,172.20,164.84,157.88,147.14,139.74,131.03,118.79,109.12,102.31,90.25
137.52,152.61,159.76,172.80,179.62,188.13,192.57,197.29,199.97,202.48,207.09,205.34,206.25,207.87,208.19,211.53,211.29,216.00,219.54,221.42,225.22,232.13,236.72,242.00,243.61,248.68,249.01,246.73,245.79,239.47,235.59,229.98,222.73,216.95,212.68,208.31,201.56,195.41,190.07,185.30,177.72,172.74,163.27,156.47,151.82,139.92,134.35,124.35,113.85,104.22,95.52,85.62
146.56,161.64,171.33,182.61,190.16,199.11,205.34,212.88,212.73,216.53,217.37,219.21,222.83,220.66,222.00,227.31,228.18,235.05,236.54,236.26,239.42,247.69,251.79,257.45,260.36,266.33,267.03,261.22,260.49,256.67,251.45,244.47,237.03,235.34,228.00,222.61,213.85,207.24,201.81,197.20,190.54,181.89,177.07,169.25,162.00,149.16,140.29,132.41,122.79,112.27,99.72,88.84
138.84,153.26,165.34,171.47,179.52,185.71,195.18,200.82,202.71,205.20,208.00,208.49,210.89,210.15,210.15,214.45,216.62,221.82,225.84,224.86,228.30,234.18,241.17,243.71,247.41,254.16,252.72,248.32,247.51,244.25,238.05,231.16,222.79,219.53,215.80,208.01,198.66,193.99,189.51,185.24,178.32,169.43,163.98,156.60,150.90,139.03,130.94,121.61,113.99,104.29,92.35,80.95
137.57,153.67,161.04,172.00,178.54,188.30,191.63,197.69,198.73,201.90,204.20,205.06,206.94,207.04,209.27,211.97,213.08,218.16,219.58,222.46,225.00,231.57,234.76,241.65,245.33,248.07,248.85,245.39,244.56,239.56,236.00,228.95,222.04,217.46,211.55,206.01,200.96,195.04,190.32,184.26,177.89,170.66,163.62,156.03,150.88,140.03,133.20,124.47,113.88,104.14,95.35,84.72
143.01,158.62,168.63,180.21,188.51,196.00,201.82,206.79,207.15,211.91,214.35,214.31,217.51,217.04,217.79,221.94,223.04,227.02,231.37,231.70,235.14,242.12,246.83,253.30,256.34,260.21,262.41,255.33,255.27,249.21,247.59,239.14,232.00,228.48,223.79,218.52,208.89,203.57,198.04,193.06,186.68,178.91,170.42,163.02,157.81,145.24,139.23,128.84,117.43,109.66,99.72,89.00
144.92,160.31,168.58,182.28,188.85,199.48,202.20,208.60,211.08,214.44,219.92,217.79,219.24,220.51,221.53,224.96,226.04,231.70,234.16,236.61,239.92,246.76,250.17,258.02,260.26,263.40,265.59,261.11,257.80,254.62,250.45,241.55,233.75,227.91,223.60,220.01,209.75,204.28,199.11,192.21,185.78,180.60,170.07,163.49,156.39,144.31,137.99,129.10,118.51,109.34,99.20,88.65
136.49,150.99,159.08,170.43,177.14,184.81,192.00,198.07,202.37,203.38,204.41,206.74,208.12,206.40,208.69,210.69,212.46,217.92,222.19,222.52,225.79,232.26,236.60,244.14,246.01,250.19,252.61,246.03,244.05,242.56,235.05,228.60,219.00,216.93,212.20,206.37,197.52,192.13,188.32,183.36,176.17,167.49,163.23,154.29,149.34,137.06,130.38,120.34,111.49,102.02,90.47,82.07
137.20,151.85,160.44,171.33,180.37,188.10,193.19,197.95,201.11,203.30,205.68,205.64,207.62,207.74,209.62,213.56,214.22,219.37,222.43,223.62,227.06,234.14,239.44,242.53,247.52,250.06,249.16,248.36,246.36,241.68,235.76,229.82,221.46,217.81,211.62,208.01,198.83,193.19,188.96,183.07,174.90,170.47,161.45,153.73,149.09,138.16,133.02,121.84,109.66,101.64,93.01,84.31
138.05,152.32,161.47,173.48,178.84,187.17,192.17,198.60,200.12,201.68,205.66,205.41,208.83,208.33,207.52,211.05,210.92,217.59,220.52,222.41,226.86,229.97,237.15,241.81,243.40,249.77,249.47,244.81,243.66,240.78,236.54,230.49,222.73,219.43,213.52,207.62,201.04,193.96,188.37,182.78,178.04,169.31,163.92,155.64,150.63,139.26,132.83,124.82,112.61,104.55,95.02,85.23
137.03,150.63,160.96,170.67,179.69,186.82,191.45,198.96,201.24,203.01,205.43,204.17,208.66,207.55,208.08,212.85,211.27,219.02,219.44,222.55,224.76,230.18,236.68,242.16,246.07,249.71,250.13,246.22,243.31,241.30,236.92,228.63,222.20,218.25,213.46,208.29,201.14,193.66,189.26,185.15,179.21,170.14,164.01,156.01,151.48,140.09,133.54,125.14,113.89,105.80,94.58,85.15
144.73,159.89,169.01,179.78,188.13,196.51,203.22,207.63,209.88,213.91,217.00,216.30,219.02,218.63,220.06,224.14,225.41,230.26,233.62,234.58,236.02,245.40,249.58,254.47,258.63,262.82,264.80,260.93,256.26,252.67,247.95,240.96,231.40,228.08,220.74,218.40,211.08,203.74,197.91,190.52,184.56,178.60,170.50,163.05,156.03,145.83,138.00,128.00,117.14,107.06,98.68,87.68
136.06,149.41,159.02,169.92,178.49,185.32,190.79,197.06,200.81,200.80,204.13,204.80,206.20,205.57,208.49,212.51,213.51,218.00,220.43,220.87,224.37,231.42,235.26,239.92,244.43,248.65,249.33,245.75,243.80,238.65,235.17,226.37,219.62,216.67,209.04,206.18,197.20,191.70,185.44,180.14,175.48,167.92,162.11,154.56,147.87,138.22,131.73,121.70,110.94,102.18,90.71,81.58
138.60,153.31,160.21,172.57,180.62,189.24,193.66,199.01,202.41,204.66,209.57,207.42,209.40,209.10,213.08,215.13,214.85,219.21,223.51,224.36,228.30,234.96,238.42,243.31,247.32,251.06,251.40,250.64,247.08,242.46,237.23,230.97,223.30,217.91,211.61,207.99,199.80,194.61,189.43,183.13,176.82,170.88,161.97,156.00,150.21,138.96,133.22,122.53,110.37,102.46,94.11,82.87
137.77,153.88,162.50,173.98,181.80,189.62,195.92,200.04,203.04,204.50,210.62,207.18,211.06,210.77,212.06,216.75,214.67,220.51,223.09,226.42,230.20,234.95,238.87,244.37,248.73,253.00,252.96,250.45,248.68,241.53,238.47,232.14,225.84,219.06,213.53,208.46,201.12,193.85,191.09,182.16,177.37,170.58,162.48,156.98,150.69,140.73,133.41,123.98,112.79,103.48,94.37,84.17
135.53,152.78,161.82,170.58,179.01,188.27,192.77,198.40,201.31,201.32,205.51,205.10,208.22,207.00,206.42,210.46,213.53,219.17,220.38,222.04,225.20,229.56,235.95,241.66,243.94,250.05,248.92,244.84,245.69,242.50,237.00,231.66,223.27,219.17,214.68,211.02,202.15,195.14,191.26,187.52,180.01,171.70,166.39,159.48,153.58,143.09,136.95,126.30,117.96,108.23,96.33,86.73
144.59,161.48,168.18,182.46,189.76,199.15,204.00,208.37,211.47,213.34,216.00,216.04,219.48,219.40,220.42,223.89,224.04,229.98,232.43,234.44,237.26,244.72,248.52,254.42,259.72,262.27,262.39,259.62,258.71,252.02,248.58,243.66,233.14,231.11,222.14,218.56,211.47,203.81,201.00,194.59,186.72,180.27,171.94,163.71,157.05,146.76,139.74,132.23,119.62,110.60,101.41,89.20
135.64,151.92,160.86,172.31,177.25,186.55,190.31,199.61,199.09,202.83,205.38,207.47,209.89,207.24,210.34,213.43,214.40,220.86,222.38,221.20,224.34,233.90,235.47,242.00,245.52,251.14,251.44,246.71,245.82,240.75,235.54,227.78,220.62,216.51,211.47,207.13,197.65,192.77,187.97,183.17,177.56,166.46,163.25,156.27,148.14,136.82,130.00,121.26,111.99,104.92,91.21,83.73
145.25,160.33,171.49,183.37,190.59,200.38,205.06,213.00,215.06,218.29,221.11,223.26,225.42,222.20,223.08,228.79,230.84,234.96,239.74,238.00,241.75,248.13,254.43,259.61,263.73,270.09,269.13,263.90,262.88,259.31,254.17,246.13,236.14,234.44,228.25,221.85,212.21,204.66,200.24,195.24,189.36,180.42,174.94,166.37,160.64,147.41,141.40,129.02,121.85,111.73,98.09,87.02
137.83,153.26,160.72,171.82,179.25,190.41,193.58,199.48,202.81,204.78,207.41,207.14,210.54,209.34,210.38,214.57,214.03,219.92,223.60,223.22,226.99,233.79,239.01,243.53,246.56,251.72,251.03,246.98,245.60,241.50,236.24,230.47,222.70,216.69,212.82,206.06,200.41,193.46,188.43,182.16,175.93,169.85,162.83,155.57,149.37,139.45,132.92,122.29,113.55,104.04,93.11,83.49
146.89,161.21,173.10,186.02,192.28,202.04,208.41,216.82,216.67,220.45,222.46,223.24,225.70,224.84,226.24,231.14,233.33,238.38,240.68,239.35,243.82,250.89,257.24,262.09,265.51,269.55,271.46,265.20,264.34,259.92,253.65,245.25,237.53,234.10,226.38,224.36,214.04,205.77,200.87,196.99,190.55,181.33,174.94,165.53,160.59,148.49,139.04,131.05,120.93,110.07,99.25,87.93
146.49,161.25,170.42,181.16,188.56,199.11,202.60,209.38,209.91,214.97,216.00,218.30,220.29,219.94,220.06,223.57,224.89,232.65,236.62,235.20,237.93,245.02,251.07,255.93,258.99,265.24,266.00,260.16,259.68,255.38,250.89,242.50,236.22,231.51,225.46,221.46,213.00,208.17,201.68,196.86,191.85,181.04,176.47,168.57,161.05,151.79,141.23,133.33,124.20,114.28,102.00,92.65
144.94,158.38,168.47,181.23,189.53,199.27,201.64,208.90,211.81,214.67,217.49,216.49,219.60,219.35,221.12,226.31,224.90,231.69,234.80,236.14,237.74,244.31,249.26,254.47,259.82,263.90,263.37,258.80,257.49,250.86,247.52,239.17,232.01,226.04,221.42,216.23,207.54,200.84,195.98,189.52,183.93,174.03,170.29,162.27,155.86,144.05,137.27,128.47,117.72,107.80,98.49,87.86
144.31,158.20,169.06,180.92,186.30,195.66,202.20,208.87,212.48,211.52,216.13,215.87,218.76,218.39,217.86,223.13,224.09,232.02,233.14,235.73,235.52,245.08,248.08,254.01,255.42,263.04,262.38,255.99,254.49,251.05,246.48,240.28,229.13,225.59,219.73,214.35,205.00,198.60,195.13,189.23,183.27,173.00,169.61,162.29,154.50,144.47,136.24,127.14,117.21,109.59,97.01,87.56
143.39,160.11,169.50,180.80,189.71,197.95,202.08,206.24,208.97,211.80,216.72,217.22,220.23,219.43,220.41,221.71,224.57,228.41,231.62,234.09,238.05,243.81,248.21,253.43,256.16,261.00,261.91,258.43,255.52,249.00,246.03,238.21,230.27,225.00,218.55,212.42,204.96,199.18,194.31,188.31,181.37,174.64,167.36,160.12,153.18,142.62,135.09,125.80,116.73,106.63,96.33,84.60
141.35,157.76,167.16,177.00,184.77,193.75,198.16,202.53,204.71,207.09,210.34,213.04,214.56,213.84,214.90,217.64,219.58,222.69,225.74,227.85,232.96,238.30,242.01,246.95,249.82,254.58,255.79,252.30,249.36,246.22,239.92,234.39,225.89,222.89,216.59,209.31,202.83,197.40,190.68,186.08,179.92,173.31,165.92,159.39,152.61,142.00,134.48,124.58,116.30,106.67,97.02,85.16
122.38,133.15,140.42,147.28,155.05,158.78,160.53,162.46,163.11,163.22,165.85,165.10,164.03,165.05,162.31,161.23,159.88,164.08,161.01,161.15,162.16,161.97,164.58,165.41,160.78,163.48,157.00,155.71,154.40,148.49,151.34,147.80,157.89,172.93,182.12,195.92,203.06,205.28,204.25,195.48,192.57,185.40,176.24,169.92,163.22,154.74,144.59,133.03,123.71,113.65,102.88,91.68
146.99,162.89,173.37,185.54,191.94,202.09,205.98,212.56,213.25,215.11,218.96,221.88,222.08,221.92,222.65,225.18,228.25,231.25,236.14,236.14,241.78,246.76,252.68,256.82,260.02,265.41,265.19,261.48,260.56,254.66,250.39,242.24,234.68,232.40,224.66,217.83,209.77,203.93,198.93,193.24,188.11,178.94,172.94,166.17,158.69,148.01,139.18,128.95,120.93,111.62,99.08,87.66
148.43,165.22,177.25,186.13,194.28,203.67,210.64,214.71,216.45,219.26,223.89,224.97,227.65,226.72,227.85,229.79,234.18,236.32,240.71,242.01,247.51,252.13,257.24,263.47,266.02,271.04,272.02,267.29,265.54,259.83,253.65,249.07,238.00,233.14,226.05,218.49,211.73,205.35,199.37,195.04,187.45,180.14,172.19,165.52,157.87,146.56,140.51,131.10,119.60,108.17,99.13,86.76
124.20,151.42,165.89,180.25,188.11,193.21,197.82,203.57,206.01,210.22,212.24,213.68,215.60,216.09,216.47,217.83,222.30,225.62,228.48,227.85,234.36,239.71,245.74,248.92,252.30,256.91,256.85,252.51,249.74,246.17,240.53,232.22,225.00,220.17,215.15,209.09,201.38,194.45,189.97,183.70,178.77,172.70,164.02,158.03,152.12,138.60,130.63,122.02,113.60,104.62,92.42,80.78
135.52,161.15,172.72,188.28,197.59,204.38,208.95,214.97,218.28,220.54,227.34,225.14,227.85,228.53,229.51,232.24,233.24,237.42,242.84,242.64,246.98,255.00,260.22,264.89,268.49,272.81,270.19,267.44,265.40,261.32,255.38,246.60,237.60,232.31,227.52,221.96,215.23,209.29,202.48,193.83,188.31,183.63,174.77,166.51,159.20,149.03,141.65,132.85,120.35,109.22,98.67,87.28
135.98,150.07,157.42,168.67,174.45,183.67,187.41,196.00,195.79,198.60,200.85,202.78,203.09,203.39,203.04,207.53,209.70,215.36,218.08,217.55,219.92,227.25,232.11,236.10,238.80,244.62,246.48,241.27,239.29,235.87,230.38,224.93,216.08,212.96,206.70,203.96,194.59,187.42,183.58,178.52,172.90,165.34,159.13,154.39,146.41,134.46,127.74,120.03,111.65,102.30,89.56,81.50
141.78,155.54,167.04,178.60,186.39,192.82,198.31,206.47,210.06,210.62,214.39,213.79,215.18,215.76,217.30,219.78,221.23,226.92,231.22,232.45,235.97,243.00,247.32,252.29,256.09,260.76,259.77,254.37,254.02,248.36,242.00,236.40,227.50,223.40,217.08,213.49,203.50,195.21,191.02,186.66,179.77,172.15,163.69,156.71,151.33,138.20,130.98,122.98,112.06,104.02,93.30,83.15
140.66,155.60,164.68,178.02,184.39,194.83,197.59,204.00,205.23,208.25,211.43,211.80,213.80,213.28,212.43,218.10,219.40,224.09,228.53,227.27,231.68,238.83,244.43,249.24,252.77,256.97,257.12,252.72,252.49,246.83,243.56,235.14,227.64,223.56,215.30,212.31,203.31,196.73,192.01,187.20,180.54,174.38,164.61,158.27,150.79,140.90,134.63,125.06,113.89,105.42,96.38,85.91
148.48,162.41,172.79,183.79,192.59,201.53,208.06,214.44,217.20,218.83,222.64,224.02,225.21,225.51,224.66,228.84,231.22,235.38,242.39,239.35,244.17,249.30,256.28,261.85,264.37,270.47,271.06,264.46,262.82,260.10,254.47,246.81,237.31,235.34,228.62,224.09,213.55,207.29,201.92,197.63,190.07,180.94,174.73,167.29,161.32,146.05,139.65,130.18,122.25,111.00,97.99,89.27
140.89,157.38,165.25,176.14,185.18,194.52,198.74,206.04,205.88,210.06,213.60,213.00,214.09,214.20,214.61,217.35,217.28,224.35,228.44,229.54,232.65,241.01,246.88,249.05,253.41,257.72,259.08,252.87,252.29,247.42,244.74,236.02,227.72,222.95,216.33,212.45,203.97,198.04,194.54,186.32,179.39,172.82,166.71,159.05,152.07,141.01,135.35,126.06,113.72,103.97,94.87,86.28
144.51,159.30,168.27,180.31,186.21,195.75,200.00,207.27,210.06,211.15,213.60,215.34,216.48,215.76,215.75,220.60,222.04,224.35,230.10,229.81,233.65,240.02,244.72,250.80,253.15,258.86,260.23,254.57,253.50,249.04,245.31,236.60,229.67,224.11,219.72,215.03,206.12,200.58,194.86,189.55,182.02,175.09,168.44,162.46,155.62,143.38,136.13,128.41,117.59,109.20,97.02,86.01
142.79,155.71,165.68,175.86,182.13,192.44,195.58,202.77,204.07,205.65,209.70,209.62,211.02,210.23,211.14,215.93,215.39,220.22,222.99,223.71,226.02,233.85,237.49,240.75,245.18,251.11,250.38,246.97,247.39,241.81,237.95,230.47,224.01,219.62,212.80,209.47,200.32,193.89,190.79,183.83,178.81,170.46,165.30,158.27,151.45,140.87,132.97,125.32,114.61,106.96,96.46,85.01
136.49,151.49,158.90,169.33,176.24,185.61,190.51,196.45,197.12,199.15,201.30,203.38,204.48,202.61,204.53,205.79,207.14,211.63,217.11,215.52,218.67,224.18,229.27,232.57,235.48,241.15,241.91,238.72,237.93,233.60,228.95,222.75,216.28,211.12,207.39,201.59,195.36,188.16,185.39,178.89,174.05,165.95,161.15,154.38,147.17,136.56,131.59,123.00,113.44,105.38,94.67,84.39
137.18,153.24,161.52,172.54,177.12,186.45,191.04,199.25,200.35,201.85,204.09,204.71,207.54,205.00,205.00,208.48,208.48,216.00,215.20,216.17,219.00,224.76,229.40,231.55,235.76,241.60,244.76,238.27,238.50,234.55,229.17,223.39,216.00,213.89,208.39,201.16,195.72,189.27,186.64,181.02,175.45,166.37,163.52,156.22,149.51,137.32,129.26,121.06,115.87,107.56,94.37,83.73
136.30,149.70,158.42,169.66,178.14,185.63,188.83,196.46,196.74,198.01,201.14,201.52,203.50,202.42,203.77,204.02,205.60,209.86,213.46,213.24,217.09,223.40,227.69,231.95,236.02,239.10,238.50,236.00,234.68,230.78,226.46,221.17,212.72,208.75,205.37,201.44,192.26,186.94,180.29,177.52,171.29,166.21,159.25,151.82,146.10,135.06,129.36,120.74,111.41,101.71,93.01,83.74
139.61,153.06,160.21,170.84,179.90,186.03,193.34,196.38,199.02,201.16,203.67,204.28,205.77,205.55,204.57,208.89,209.32,211.99,218.05,217.19,221.88,225.40,229.79,234.20,237.89,242.01,242.53,240.85,238.10,232.76,230.87,225.06,216.52,210.10,207.39,203.77,195.89,189.55,184.84,180.24,172.74,167.36,161.81,153.06,147.58,139.09,132.54,123.23,112.20,103.25,94.37,84.17
135.56,151.33,159.73,171.24,177.12,185.00,190.31,198.04,199.55,200.55,203.04,204.85,205.18,205.36,203.93,207.17,210.24,215.39,217.39,216.52,220.24,226.05,231.48,235.17,238.17,244.77,244.10,238.73,237.26,233.70,228.66,223.18,212.72,212.42,208.48,200.56,193.66,187.36,183.02,177.20,171.97,162.11,158.40,151.65,145.04,133.54,126.19,118.00,110.72,102.94,90.35,79.40
136.42,151.40,159.10,169.62,178.34,184.82,189.32,194.62,194.20,197.80,200.64,201.61,200.80,201.32,202.74,206.85,206.78,209.61,216.17,214.27,217.59,224.16,228.97,234.44,237.26,240.07,242.03,239.01,237.26,232.85,230.36,224.56,215.75,211.62,207.62,201.94,193.55,189.24,185.69,180.03,174.77,164.76,161.01,153.03,147.41,138.54,130.38,122.10,112.58,104.02,94.34,83.95
139.84,152.33,164.00,172.82,180.10,186.27,191.32,198.86,199.65,202.59,202.83,205.09,206.20,204.55,204.14,207.85,210.23,213.41,218.28,217.17,221.27,228.43,232.94,236.93,239.41,246.84,249.00,244.36,241.63,238.21,233.21,229.53,219.57,217.00,212.46,206.01,199.38,193.20,189.18,183.61,178.49,167.67,165.22,156.67,151.09,140.09,133.03,122.53,114.83,106.04,95.19,84.01
134.72,149.11,157.00,166.37,173.95,180.97,186.27,190.41,191.54,193.83,197.20,195.93,196.01,196.74,197.34,199.21,202.55,205.00,209.06,209.12,214.00,221.25,224.83,229.08,233.60,237.26,238.88,236.77,234.39,229.38,224.76,219.83,213.41,207.42,203.59,197.50,193.30,185.44,182.22,175.93,170.07,164.15,156.03,150.88,144.39,135.38,127.91,119.62,110.05,101.04,91.08,81.61
135.99,149.01,157.85,168.29,175.16,184.17,185.95,191.09,191.21,195.21,196.65,198.35,198.60,199.04,200.04,202.88,204.13,207.42,211.54,215.34,216.46,222.87,228.35,232.44,236.76,240.48,240.47,239.56,238.05,232.76,229.40,221.60,216.06,209.20,205.24,201.02,194.29,188.32,183.39,177.50,170.70,166.09,159.08,151.82,146.21,135.82,130.12,122.12,109.99,101.83,93.43,83.24
143.39,152.07,155.86,172.00,177.79,188.86,184.45,193.04,195.89,197.39,197.37,199.47,201.49,199.81,202.61,205.85,207.06,213.04,214.95,213.77,218.68,226.92,230.00,234.76,237.45,243.94,246.36,240.19,237.50,235.77,231.35,223.14,216.95,212.51,204.01,200.96,193.31,192.11,184.71,178.39,172.66,164.98,159.48,151.65,145.17,135.37,128.44,120.21,111.77,103.59,90.61,81.84
