93.41,99.72,104.24,109.25,111.07,114.61,113.36,110.05,110.94,110.45,108.24,106.90,107.67,107.00,110.37,116.52,131.24,147.50,163.92,173.67,193.99,206.79,219.46,226.82,235.58,242.21,252.52,252.00,254.47,253.14,252.07,248.03,244.77,244.12,237.99,234.64,229.43,222.27,217.19,214.62,207.87,200.64,193.66,186.08,182.36,168.60,162.93,153.12,143.00,132.31,121.76,110.35
93.74,99.46,105.69,111.21,111.00,115.00,112.89,113.23,111.23,111.02,109.55,111.00,109.27,108.85,110.34,114.48,126.02,140.91,154.92,168.34,189.93,203.42,218.77,226.74,240.84,248.21,253.02,253.33,259.89,257.79,257.53,255.76,249.00,246.72,241.87,240.43,233.08,225.86,224.18,220.29,212.94,206.04,200.02,190.13,187.02,173.95,166.07,157.85,145.17,136.01,124.02,111.65
98.79,108.04,112.01,116.93,120.77,124.62,123.18,122.15,122.89,122.09,122.49,124.17,120.49,126.18,130.21,140.86,150.66,163.53,177.80,187.45,209.48,216.57,229.56,236.40,241.96,248.39,257.39,257.45,262.69,257.73,254.94,250.35,244.64,242.13,238.20,233.53,227.38,221.05,217.89,213.14,208.47,198.71,192.88,187.00,179.94,167.89,162.01,152.04,141.36,130.65,118.85,107.80
99.72,107.07,114.24,119.50,123.00,124.58,123.69,125.99,123.91,126.59,126.02,130.00,131.24,135.37,139.82,149.60,159.25,175.82,191.02,203.30,218.79,232.12,237.40,248.82,253.03,260.32,267.37,267.98,268.56,263.21,261.12,255.49,250.58,247.92,242.69,236.69,228.53,221.82,217.28,213.46,208.02,196.90,193.21,184.17,178.81,166.96,158.69,149.16,136.94,127.48,116.18,106.04
51.31,54.56,57.22,56.60,52.77,52.04,47.51,43.29,42.49,41.11,42.95,44.41,46.32,53.60,61.13,71.85,84.08,97.59,116.25,127.10,150.46,157.75,162.73,174.23,179.00,179.72,171.06,174.87,172.51,167.43,163.60,160.70,154.47,151.79,148.76,141.82,139.18,139.84,133.54,124.04,125.10,116.76,111.16,106.33,100.69,91.48,87.78,81.94,73.25,70.18,65.30,59.01
131.97,141.76,150.08,156.59,161.79,168.40,168.81,171.48,173.83,178.94,181.07,188.35,191.23,196.01,203.53,213.18,222.19,231.23,240.05,248.17,254.89,264.12,267.66,272.36,275.36,279.95,276.55,270.97,268.02,262.72,254.56,252.38,241.60,237.72,228.88,221.27,214.46,209.35,200.48,195.97,190.32,183.52,175.41,171.23,163.88,154.04,144.81,137.71,127.68,122.18,108.47,98.79
136.97,148.97,154.35,161.40,170.88,176.64,177.56,180.34,178.91,181.66,188.61,191.47,196.16,199.16,205.08,210.51,216.75,224.70,234.92,240.14,249.01,258.38,263.06,270.60,271.53,277.01,278.21,276.39,273.44,268.54,264.60,258.24,249.61,244.60,239.14,232.17,224.52,219.74,211.85,206.32,199.57,193.19,186.04,178.21,172.65,162.10,154.35,146.00,133.45,125.10,117.62,106.78
123.02,133.87,140.53,148.05,149.94,155.97,156.67,158.86,162.11,163.78,164.54,168.43,170.26,169.28,176.48,178.04,182.48,190.52,199.25,205.30,219.24,230.08,238.11,246.71,254.02,262.56,267.23,263.05,264.26,263.94,260.99,255.13,251.79,249.48,241.30,238.45,230.43,225.74,218.36,214.28,210.38,201.56,197.43,188.48,183.50,170.06,163.88,153.39,144.50,134.48,122.26,111.80
108.25,119.22,125.03,130.00,135.00,137.79,139.17,138.85,138.35,139.00,140.73,143.00,144.84,143.28,148.22,155.13,160.11,168.51,176.18,184.20,196.31,207.54,216.67,227.59,233.35,238.27,246.10,247.52,247.51,250.35,247.55,243.74,240.83,239.43,234.56,230.08,226.15,219.40,213.81,212.55,208.06,202.48,196.16,189.21,182.78,173.59,166.83,156.87,147.34,138.20,126.51,114.98
107.84,116.52,122.72,129.00,132.91,135.38,136.82,135.65,137.28,137.20,137.08,140.07,143.13,142.64,147.85,153.50,159.15,167.71,177.80,187.22,203.00,215.94,225.14,236.03,243.48,253.00,261.84,261.62,262.59,265.80,263.69,257.26,257.11,256.73,250.22,245.49,241.47,235.09,229.39,228.43,224.09,217.35,211.98,206.00,199.88,190.92,181.73,171.72,163.37,152.09,138.19,125.40
111.61,119.89,124.02,128.08,135.00,140.09,139.62,137.79,141.15,139.44,140.39,141.01,143.93,145.89,149.58,157.00,161.11,169.30,179.07,190.39,202.23,216.32,223.81,239.01,243.56,250.01,257.02,258.29,255.39,258.60,257.87,254.48,252.10,247.95,243.23,240.43,236.33,229.61,227.14,222.80,219.58,214.01,207.47,200.19,194.37,188.77,181.73,170.88,160.29,148.95,138.42,124.74
119.20,128.80,136.31,144.54,148.72,154.38,154.95,156.89,157.43,160.55,161.90,163.88,168.11,167.69,173.63,179.20,185.46,196.42,207.23,212.19,224.96,236.24,241.30,249.01,255.18,259.38,262.49,261.66,262.74,259.35,256.24,249.47,247.11,244.02,238.25,231.35,227.72,222.97,218.05,214.61,212.31,205.88,200.26,194.12,189.10,181.91,174.23,164.14,155.86,146.49,132.20,122.81
125.61,137.80,144.00,151.40,158.42,164.71,168.01,172.82,175.90,177.07,181.22,185.57,183.86,187.75,191.21,193.31,198.59,204.61,210.58,213.76,221.00,226.29,232.94,239.18,243.05,249.32,250.64,248.50,246.05,244.46,242.30,236.91,229.98,226.63,221.46,218.33,209.85,206.29,199.58,198.34,193.50,187.97,183.33,178.57,175.84,164.47,159.38,153.45,141.48,132.97,123.15,112.26
126.76,139.27,143.85,152.55,159.40,166.87,169.33,173.07,172.61,176.82,178.07,181.62,181.96,183.70,185.15,187.86,187.64,196.16,201.00,202.34,206.60,213.60,218.25,224.08,228.67,236.54,240.21,235.47,236.10,235.57,234.36,230.22,226.15,226.42,221.14,220.23,212.61,210.64,205.29,204.71,200.89,195.27,190.88,185.61,183.17,175.82,168.32,161.55,150.60,141.16,132.97,120.88
127.02,138.18,144.00,150.15,157.17,161.31,163.37,166.36,165.34,167.90,170.34,171.83,168.24,168.15,170.26,171.33,175.57,179.80,183.64,186.87,196.38,205.00,210.66,219.54,226.02,232.13,243.80,245.05,246.88,247.63,245.25,244.14,243.53,241.36,236.92,235.38,228.06,225.23,218.91,216.78,212.76,211.56,203.04,199.45,196.38,187.28,182.00,172.41,161.84,152.96,141.51,130.60
102.88,113.36,134.30,135.60,140.94,137.18,155.08,143.56,149.28,152.55,145.01,150.70,145.62,142.79,146.11,145.89,157.69,157.10,163.25,167.03,179.36,183.36,197.20,207.15,214.44,223.11,233.47,235.20,237.01,240.74,234.78,236.32,237.93,232.11,236.36,233.66,228.04,222.09,217.89,220.19,214.26,203.53,197.69,205.65,189.62,182.02,176.74,171.14,155.21,142.64,152.19,145.06
106.53,116.11,122.53,127.00,136.69,135.64,134.20,135.68,137.54,137.93,136.42,138.62,135.20,135.15,135.94,137.23,140.09,144.52,153.38,157.81,174.29,185.00,199.40,209.72,224.70,233.79,244.38,246.38,250.12,250.20,249.80,248.31,247.59,245.86,241.13,241.60,234.76,231.00,227.06,224.02,221.45,214.84,210.15,205.06,198.84,190.63,184.62,174.07,164.01,154.54,141.72,129.85
115.97,123.17,131.97,137.57,139.60,144.51,147.22,148.27,148.95,149.35,150.14,155.04,154.03,151.92,155.08,160.37,164.30,173.10,181.20,190.07,205.64,220.69,233.31,242.87,250.80,258.63,267.46,267.49,268.76,269.45,266.65,262.10,256.27,256.70,249.13,248.08,239.71,236.32,232.36,228.23,224.38,218.00,213.00,206.07,200.58,191.47,183.22,174.04,165.22,154.92,142.64,129.07
128.55,140.94,148.97,156.72,162.98,171.75,172.98,171.40,174.03,177.28,180.06,184.81,183.02,184.49,189.51,191.71,200.04,206.50,213.05,220.72,232.08,241.94,248.92,259.00,266.39,269.46,272.62,271.59,270.08,267.15,259.67,255.83,247.63,243.82,235.44,231.14,222.33,219.01,209.65,208.06,201.30,195.50,188.22,181.04,177.18,164.98,159.93,152.05,142.17,135.00,121.92,113.76
129.08,141.03,146.32,155.56,163.88,172.49,174.45,177.28,178.07,182.02,185.74,186.02,189.25,189.42,191.17,195.76,199.81,203.77,207.51,210.44,215.36,224.51,228.42,234.27,237.92,245.29,246.45,243.26,243.35,240.44,235.72,232.55,224.90,220.12,213.26,210.24,202.48,201.00,192.59,187.83,180.42,178.53,168.57,163.20,159.42,149.84,145.46,137.00,126.49,119.02,112.00,101.61
141.09,152.46,161.32,169.94,178.10,186.85,189.51,192.84,193.55,194.70,197.80,199.86,197.00,197.36,201.40,201.23,205.87,208.06,211.55,216.70,225.04,232.77,240.41,247.82,255.08,259.38,264.78,267.26,267.20,266.03,262.43,258.94,256.22,251.58,243.51,243.73,236.93,234.55,227.31,223.40,217.80,215.13,204.48,199.61,194.65,185.01,178.40,168.58,157.05,148.38,138.08,126.92
131.37,139.95,152.08,158.22,165.22,171.75,173.30,178.01,180.23,182.43,183.44,186.94,187.01,185.43,187.38,188.81,195.07,198.01,205.98,205.83,217.00,226.72,236.14,243.21,250.20,256.74,263.10,262.55,262.35,263.09,258.59,254.24,251.21,249.23,243.09,242.22,233.94,231.31,223.71,224.63,218.48,213.71,205.55,200.55,196.16,186.40,178.72,170.23,160.43,151.16,139.82,127.01
129.77,141.53,147.47,156.12,163.37,170.41,175.87,178.03,178.93,182.20,186.27,189.01,188.88,189.43,195.23,197.95,203.80,205.36,214.71,217.71,226.77,236.76,241.17,250.34,255.43,258.88,262.49,263.52,261.28,258.63,254.15,250.50,245.37,242.51,236.40,234.08,227.07,224.27,217.08,213.36,207.71,205.70,197.02,193.21,187.49,181.18,174.00,164.54,153.56,144.39,134.85,123.81
109.44,118.66,126.21,133.26,136.31,143.38,149.04,151.71,149.57,156.89,157.27,163.78,166.40,167.51,171.03,173.83,176.96,186.57,190.13,194.52,204.45,210.79,217.61,223.65,229.51,235.97,236.88,232.43,231.77,229.51,224.32,218.56,214.77,213.02,205.91,203.63,193.76,188.72,184.66,184.20,179.51,171.35,168.43,161.34,158.09,150.16,142.86,135.95,126.57,118.42,109.42,100.66
128.72,138.57,150.57,157.17,160.08,171.56,171.68,177.28,178.06,181.02,186.21,187.58,190.42,192.94,196.73,201.43,206.24,213.28,218.01,223.14,232.81,238.92,245.20,254.92,257.86,264.34,267.93,263.60,263.47,257.16,253.28,248.82,240.33,236.58,229.24,222.04,216.06,207.65,205.22,195.01,191.23,187.41,178.22,175.24,169.16,161.38,154.38,146.01,137.61,128.16,119.00,108.16
132.67,146.21,153.03,159.11,164.58,170.07,174.14,171.41,172.51,171.69,172.93,177.00,177.00,177.77,181.46,185.80,191.23,198.13,207.93,213.18,231.82,243.01,253.06,261.96,268.37,277.89,283.27,280.64,277.72,278.47,271.58,267.03,261.84,258.94,251.92,245.12,236.02,229.99,224.64,224.96,218.44,207.87,204.25,195.27,191.61,180.85,173.62,162.39,153.81,144.20,132.38,120.02
125.72,135.69,143.09,150.79,153.84,162.05,164.00,164.73,165.37,165.75,166.18,171.62,171.07,171.29,177.89,184.39,193.62,204.47,213.28,222.30,243.02,254.23,261.77,270.29,274.33,278.79,281.79,281.11,277.68,272.44,270.17,262.76,258.01,255.55,248.07,241.57,232.61,227.72,222.60,221.29,217.64,203.60,200.41,193.37,188.04,178.16,169.31,159.67,152.82,142.39,130.94,118.19
121.76,133.22,141.06,149.21,155.44,160.20,164.62,167.97,167.11,171.33,171.83,178.71,180.07,183.44,185.80,196.37,205.14,216.69,226.79,235.85,252.44,266.08,270.69,277.75,285.57,287.84,287.06,286.01,284.18,275.80,273.21,268.20,259.43,258.54,250.80,242.00,233.80,227.98,224.06,222.77,219.32,205.08,200.59,193.87,187.41,176.41,165.11,155.62,145.96,137.09,126.57,112.04
114.34,125.67,132.14,139.46,146.37,152.46,157.08,161.84,160.88,163.77,164.58,168.61,169.01,170.00,170.70,179.75,184.74,191.47,200.06,207.51,222.17,230.05,237.50,243.12,244.99,250.13,251.43,245.54,243.59,237.19,231.37,227.56,220.64,217.68,213.58,207.39,199.72,192.85,189.53,188.48,184.27,176.23,171.83,165.05,160.10,151.70,143.56,135.09,124.49,118.00,107.30,96.18
119.82,128.80,136.48,141.60,153.06,161.72,161.15,165.87,168.67,169.01,173.63,174.66,177.10,178.73,181.04,183.41,187.49,192.51,193.22,199.42,209.06,220.13,223.90,233.57,239.14,246.47,243.66,240.63,241.11,236.41,233.17,226.92,216.63,214.62,206.55,204.08,196.33,191.42,187.54,181.28,175.35,175.48,169.17,160.43,161.42,146.12,144.47,155.22,145.34,121.06,110.77,99.40
125.88,139.83,149.40,158.03,163.88,172.80,174.45,180.68,181.84,184.88,187.72,192.32,193.02,194.49,193.60,200.42,204.92,213.00,215.67,218.58,224.40,234.68,238.55,245.98,249.97,253.81,261.16,257.11,258.31,253.65,251.61,245.55,235.48,237.78,227.06,221.28,214.25,207.55,201.82,199.09,193.57,185.55,182.12,175.05,168.86,158.81,151.21,142.68,134.00,125.92,114.56,104.06
103.00,114.76,118.41,125.50,132.85,140.17,142.44,147.17,145.34,149.91,155.24,154.35,155.54,159.14,159.71,163.47,168.47,173.65,176.82,180.85,185.32,191.44,197.43,204.43,206.30,214.11,218.33,213.41,214.98,212.06,213.38,212.15,206.70,210.35,205.65,200.86,197.59,192.44,188.74,186.04,179.64,175.93,169.09,164.40,159.14,151.43,144.47,136.19,127.35,117.00,109.59,100.00
104.29,112.54,121.74,123.41,132.59,137.00,139.28,139.62,139.34,135.56,138.23,139.99,138.03,139.52,140.01,144.20,149.31,154.02,160.64,166.74,175.41,184.36,187.58,198.44,199.94,208.63,213.23,215.46,217.42,218.56,219.67,219.78,223.40,224.90,221.82,217.62,214.26,207.80,205.73,200.59,197.06,192.44,185.84,182.58,177.20,164.81,160.31,150.72,141.51,132.61,124.20,111.46
105.70,114.56,122.56,128.04,131.58,137.13,138.92,140.29,140.46,144.97,148.12,148.48,153.44,156.67,162.61,167.54,174.87,182.22,191.80,195.89,212.20,223.09,229.01,238.25,245.95,256.26,259.93,258.79,259.24,255.89,254.70,250.60,240.47,239.40,235.79,227.50,222.07,213.38,210.30,204.41,202.05,197.31,188.62,181.71,178.04,167.33,161.98,153.81,145.07,134.84,127.14,116.82
106.53,115.28,120.15,125.99,130.94,135.83,138.42,137.09,137.82,141.90,145.91,149.12,152.03,159.38,167.11,174.48,180.36,189.26,204.36,212.20,224.54,237.89,242.74,252.67,257.80,261.58,264.57,263.49,262.21,256.60,254.02,250.00,239.56,235.78,230.60,223.89,219.04,209.07,204.75,202.37,198.08,192.76,185.32,177.99,174.24,166.44,160.78,153.38,144.39,136.00,125.90,115.16
122.16,135.06,143.17,147.80,154.43,159.08,159.70,163.13,162.74,162.52,164.40,163.53,166.09,163.57,163.78,171.59,176.40,181.01,190.19,194.74,212.62,224.80,235.41,246.13,253.16,258.86,272.26,274.01,273.18,269.65,268.88,263.21,256.76,254.61,245.54,237.76,229.31,225.28,219.15,216.91,210.74,200.80,196.46,188.25,184.26,170.49,165.37,155.08,146.82,134.46,126.57,112.27
108.69,120.00,126.57,132.65,140.43,144.01,144.53,148.01,148.12,148.38,149.40,150.27,151.95,150.66,151.09,157.21,159.82,164.78,171.81,176.24,192.28,202.34,214.08,224.18,228.57,238.41,254.42,253.71,255.28,253.85,253.31,250.07,243.19,243.00,237.08,230.55,223.61,218.30,214.05,210.46,207.27,198.72,193.94,185.01,182.24,168.18,161.61,153.73,142.52,132.42,123.00,111.36
114.77,125.30,133.03,141.36,145.84,151.82,153.21,157.72,156.59,158.46,161.05,161.42,162.00,164.81,164.08,169.54,173.10,179.81,184.25,190.82,201.16,213.18,221.35,236.33,241.37,252.13,264.01,263.79,265.32,264.09,265.19,261.62,256.39,256.74,251.98,245.52,238.91,233.42,231.05,223.91,219.32,212.93,206.39,199.90,194.03,182.48,173.46,164.00,151.92,142.95,133.76,119.08
116.21,126.44,134.83,143.21,146.51,153.31,155.42,160.23,159.81,162.08,162.74,166.78,167.07,167.72,171.14,175.07,180.03,186.68,196.16,197.62,209.75,221.55,230.05,239.60,249.51,258.80,267.65,267.57,269.56,268.52,266.63,262.61,257.45,259.77,253.06,246.89,240.45,233.09,228.84,225.04,221.29,213.18,206.78,198.15,193.37,180.80,172.36,164.07,153.53,145.42,131.49,120.00
115.04,130.23,128.71,136.09,143.03,147.30,156.11,150.10,160.00,159.89,161.38,165.48,162.66,165.02,165.13,170.58,168.67,179.74,177.50,180.28,189.27,199.91,203.15,213.30,214.16,225.32,233.44,229.14,231.66,229.69,232.46,229.05,225.23,229.53,224.18,219.86,215.14,207.94,207.27,203.03,199.30,191.13,191.23,179.64,179.57,169.19,160.96,155.24,143.35,135.77,125.18,114.18
133.21,146.25,154.56,161.82,166.48,177.18,177.20,175.01,175.76,175.14,179.45,179.18,184.17,184.57,182.12,189.59,187.93,195.58,202.28,205.64,211.65,221.46,226.64,234.78,242.20,250.14,253.44,250.80,253.24,245.23,246.06,242.42,235.13,234.34,224.57,223.79,215.56,213.04,208.89,202.54,198.48,195.36,187.58,181.55,178.14,171.14,164.34,155.12,147.58,138.41,127.82,120.03
150.21,168.86,170.58,175.45,184.56,186.87,190.19,187.39,186.13,184.26,181.47,181.04,176.50,177.34,174.18,175.39,179.85,180.89,188.16,194.14,217.22,235.38,248.09,255.55,258.28,258.55,254.91,255.18,248.03,248.65,241.85,235.55,234.08,229.27,226.38,220.91,216.33,210.46,207.37,206.16,203.12,194.31,187.39,187.38,178.73,172.90,166.41,158.40,150.22,140.01,133.15,118.41
138.09,149.37,156.03,161.62,168.08,171.64,175.82,172.98,171.19,169.07,166.68,164.56,163.05,162.50,162.12,162.27,165.21,167.06,172.29,179.00,196.88,214.67,227.34,232.57,237.90,236.38,233.59,232.22,226.01,224.08,220.64,216.91,214.44,208.47,204.79,201.14,197.57,193.21,189.32,188.82,186.36,178.47,172.29,172.07,165.52,159.01,152.71,146.66,139.84,128.57,122.00,112.81
141.11,154.33,160.45,166.82,174.00,179.51,183.61,179.60,177.80,176.78,180.47,176.78,175.16,176.31,178.93,183.10,184.17,193.20,198.16,209.47,230.71,240.87,247.16,254.44,256.32,263.09,259.60,254.56,253.56,249.24,244.02,237.55,234.31,229.39,222.41,219.46,212.85,208.01,202.60,201.07,196.86,191.45,182.57,177.75,172.00,163.69,157.00,150.38,139.43,129.03,122.49,111.83
129.85,142.58,147.80,155.47,161.01,166.14,167.69,165.03,165.46,164.15,163.36,165.56,164.60,164.77,162.01,167.84,172.19,179.32,188.15,193.07,206.53,219.74,228.37,238.47,245.72,256.35,258.80,255.84,253.82,252.39,247.37,244.38,237.41,236.46,230.83,222.38,218.52,211.12,204.71,205.51,201.00,192.11,189.34,180.28,176.51,164.47,158.38,150.36,140.80,131.73,121.70,111.09
122.25,131.89,139.01,144.68,152.55,158.11,157.50,156.19,159.45,156.95,159.01,160.96,159.03,162.29,163.22,171.00,176.16,186.14,194.08,199.92,216.28,233.08,242.51,253.86,261.34,270.12,271.45,274.47,271.15,267.93,263.25,259.09,250.38,248.70,240.95,233.81,228.11,222.43,215.59,215.60,209.47,200.83,194.94,187.67,185.18,172.53,165.03,157.08,146.51,138.24,127.58,116.21
109.11,118.60,125.25,132.44,139.90,146.18,145.61,146.81,146.12,147.27,149.58,149.16,149.12,155.22,157.44,163.57,167.08,176.48,185.91,192.21,208.24,225.61,231.66,246.40,249.62,257.61,261.20,261.49,257.42,256.30,250.51,245.52,236.03,234.39,227.98,221.33,216.52,209.88,204.78,203.06,195.78,188.68,184.01,177.41,172.73,162.63,157.89,148.22,139.59,129.25,119.51,109.34
112.27,122.33,129.27,136.95,144.17,151.16,154.21,159.20,161.06,164.27,166.69,172.10,173.73,178.90,182.16,188.86,196.70,206.94,212.20,220.41,232.11,244.95,250.20,260.39,264.33,270.35,272.80,272.03,268.40,266.07,260.35,255.28,246.11,240.20,232.73,224.76,217.52,211.59,206.02,203.96,198.70,191.04,185.40,177.89,174.43,161.28,155.79,147.23,137.00,130.15,118.81,108.34
121.26,131.48,137.36,143.96,152.27,160.07,159.88,164.20,165.56,167.45,170.23,173.16,176.88,179.14,182.78,187.54,196.09,201.79,214.08,217.86,229.27,244.50,249.33,259.02,262.13,271.22,275.86,273.13,269.98,268.53,263.39,257.22,247.89,244.77,236.45,229.44,221.82,215.14,206.41,204.63,198.03,189.62,183.47,175.64,170.63,157.08,150.88,142.43,131.32,123.41,114.61,102.83
134.54,148.49,150.81,157.85,169.05,175.00,175.42,175.91,178.28,178.03,184.36,183.31,186.94,191.23,195.31,199.25,207.77,213.04,223.65,227.77,240.26,255.16,259.46,268.73,273.00,281.97,282.24,282.18,276.90,277.03,271.81,266.32,255.88,249.72,243.32,236.70,227.90,220.15,213.88,207.02,199.41,192.13,183.41,175.29,169.85,157.20,151.16,142.00,129.36,120.74,114.06,101.71
144.59,157.20,163.05,170.88,179.51,181.28,182.44,181.65,180.00,181.60,184.72,186.53,187.49,186.50,189.02,193.31,201.47,208.17,217.08,221.17,237.26,250.57,254.26,265.81,271.74,276.93,279.45,277.61,273.67,271.06,266.26,260.02,248.09,244.05,235.16,230.77,221.00,215.20,205.94,200.26,192.90,187.95,178.10,169.75,164.14,149.04,144.22,135.00,124.31,115.00,105.70,95.46
152.46,164.20,173.76,181.71,188.37,193.05,193.66,193.34,193.26,192.67,194.51,194.79,197.09,196.16,196.74,199.45,203.53,211.25,219.08,225.33,237.86,247.74,254.03,262.07,269.22,277.48,280.00,275.78,273.43,271.47,264.75,258.12,251.10,248.86,240.64,233.96,223.61,219.49,212.19,208.08,199.69,190.54,182.00,172.84,168.69,156.27,146.70,138.05,125.88,119.82,108.81,98.95
144.31,156.31,162.96,171.11,174.90,183.36,184.55,182.79,182.39,180.92,182.24,184.62,184.04,184.39,185.83,188.52,192.78,197.13,206.62,212.82,222.48,233.48,239.63,248.00,254.53,262.23,268.60,266.18,265.20,265.15,263.64,257.60,252.69,250.95,244.18,238.47,230.87,226.74,218.08,216.91,208.79,199.12,193.65,185.35,181.97,165.22,157.92,149.91,138.71,129.25,118.27,106.22
125.61,137.64,145.25,151.82,157.11,164.12,163.05,162.89,162.53,164.01,163.20,166.43,169.20,171.01,172.17,176.82,182.20,190.12,193.51,198.86,208.69,217.83,223.22,230.85,237.99,245.71,251.35,250.59,255.16,252.21,251.33,245.70,243.13,245.46,237.60,234.41,228.88,226.37,220.44,216.11,211.93,203.71,199.42,187.68,184.94,174.64,166.43,157.97,146.40,137.38,123.63,115.21
115.07,123.57,128.32,134.71,140.43,146.69,145.91,147.17,144.92,146.24,150.21,152.78,153.00,161.01,163.13,168.58,176.23,182.86,190.52,195.78,211.82,221.45,225.57,231.46,239.35,245.42,251.29,251.05,252.40,250.74,248.94,247.00,244.00,241.97,239.11,235.54,229.51,225.27,220.86,219.44,212.85,207.45,203.06,196.06,193.40,182.39,178.21,169.81,158.60,147.22,135.09,124.84
116.52,124.87,131.19,136.62,136.56,141.40,140.29,138.28,134.33,132.46,131.31,130.65,131.21,132.38,131.03,133.84,144.90,151.58,158.38,167.45,186.08,193.88,199.99,207.87,215.93,224.08,233.95,233.08,234.79,237.12,236.93,236.58,235.54,237.23,233.48,227.67,223.81,220.54,214.97,216.11,211.15,201.79,199.49,193.19,188.40,177.10,171.03,161.79,151.17,143.96,130.31,119.40
118.70,134.08,139.98,150.43,156.16,166.14,171.06,176.24,178.40,181.46,185.78,185.15,188.73,193.89,194.25,199.02,200.86,206.12,205.06,202.25,200.82,199.82,203.00,200.80,194.49,186.96,169.92,148.22,126.18,100.50,73.00,53.71,30.08,31.30,38.28,47.01,54.23,64.38,71.59,77.52,82.46,87.98,90.21,94.24,99.00,101.83,102.93,97.51,93.94,90.74,88.23,80.81
121.26,133.99,140.04,150.33,157.00,166.38,174.18,181.47,182.63,186.97,191.04,192.90,196.01,201.01,201.68,207.78,208.37,213.22,211.57,211.98,206.77,207.34,208.70,205.80,199.04,189.00,168.94,147.08,121.38,96.26,68.26,45.28,13.93,22.63,31.95,42.30,51.43,61.52,67.54,74.55,79.83,84.72,87.21,91.39,94.43,99.57,99.02,95.82,92.27,87.21,85.70,78.11
142.77,158.27,166.15,178.62,187.24,198.46,207.97,216.01,220.48,224.36,234.48,236.24,241.59,243.85,248.09,252.25,256.69,263.87,265.51,264.52,268.15,271.66,270.73,271.97,273.78,270.04,247.35,230.78,221.18,207.86,189.53,160.61,89.02,64.40,55.71,61.10,64.20,73.25,83.36,87.37,93.09,96.77,98.18,100.66,108.47,113.95,115.12,114.39,111.21,105.95,103.70,95.19
134.13,147.80,158.96,169.07,180.34,190.21,199.85,216.31,217.80,222.50,229.73,236.55,244.63,246.11,250.11,260.73,266.17,272.86,277.58,280.59,283.65,285.16,292.06,290.27,291.34,285.71,257.78,228.97,208.95,190.43,166.09,147.32,126.04,121.49,113.57,109.59,107.79,106.96,107.34,106.53,107.97,105.48,105.10,103.95,105.60,105.77,106.61,102.63,98.48,95.90,90.44,83.86
129.52,145.13,153.94,164.21,175.41,185.72,196.42,208.73,215.06,218.77,228.13,233.21,241.17,242.40,247.70,257.64,266.03,269.82,277.46,276.57,281.26,287.50,290.08,292.67,292.84,286.25,257.96,231.21,208.74,190.54,163.77,147.14,124.33,117.99,111.04,107.94,103.28,102.55,101.08,101.83,102.62,100.85,99.04,98.73,101.07,100.09,99.02,96.80,92.10,88.12,84.15,76.69
60.03,63.06,60.31,62.94,63.29,61.77,60.21,55.04,49.65,50.22,50.48,46.49,43.29,47.38,52.81,55.07,67.27,71.85,87.21,104.29,136.31,153.10,172.70,188.22,206.46,216.92,238.92,248.28,256.63,255.70,258.57,256.68,257.77,256.75,254.89,251.92,244.25,240.03,234.80,234.71,228.73,220.27,215.78,210.11,206.02,194.55,189.16,180.65,166.72,157.51,145.42,132.00
65.31,70.46,71.18,75.15,73.82,75.80,74.32,70.35,71.20,71.55,77.28,86.37,95.19,107.84,118.44,135.09,148.07,157.29,173.05,181.73,197.20,201.10,206.34,213.18,219.15,226.34,234.36,231.32,232.82,230.08,227.22,226.45,226.21,225.53,227.37,220.55,219.11,212.84,209.15,205.63,200.94,196.47,189.32,187.21,181.57,171.66,164.81,157.04,148.93,137.36,128.28,114.39
85.16,95.34,97.84,103.08,105.23,106.55,105.69,106.04,104.48,103.94,105.48,110.44,113.44,123.31,128.55,142.62,152.40,157.84,173.07,181.46,190.59,193.79,197.49,199.56,203.67,205.85,215.60,215.08,212.51,211.40,208.43,206.50,205.88,204.25,203.91,198.37,198.04,193.22,187.80,183.35,181.32,176.34,170.10,164.54,161.62,149.64,143.96,137.41,128.06,119.52,110.94,99.13
44.27,50.70,51.11,63.13,77.67,83.10,81.84,80.32,77.18,83.38,97.67,100.18,103.77,104.39,105.02,108.98,113.44,108.08,109.86,107.67,103.73,102.08,95.88,91.27,81.01,77.03,34.93,24.84,44.42,71.20,83.01,98.23,121.08,127.14,132.31,134.85,138.92,138.92,140.36,147.00,149.58,147.12,142.69,141.90,138.65,131.37,124.04,118.27,109.29,98.02,94.40,80.78
109.11,118.09,124.81,132.61,135.62,142.30,143.09,144.09,147.14,146.01,147.87,151.92,150.89,156.67,160.20,167.76,172.07,183.17,186.07,194.47,190.59,198.98,203.53,204.95,196.90,194.88,206.52,195.58,188.35,189.89,182.39,180.47,177.34,170.66,170.06,168.63,164.40,159.10,155.16,152.09,149.80,142.24,138.92,134.54,129.32,119.55,114.53,107.82,104.24,93.68,85.16,76.84
135.42,146.87,153.65,162.08,169.76,173.30,175.41,176.03,177.56,177.26,179.08,178.54,180.69,182.99,186.17,190.98,198.07,204.40,213.24,217.08,226.15,229.05,237.15,238.30,244.40,242.30,246.34,241.05,236.41,235.72,228.83,223.89,218.05,210.54,208.93,198.86,194.18,185.61,179.25,173.90,166.46,159.33,148.60,146.25,137.77,126.83,121.40,110.35,102.62,93.94,87.00,77.41
132.52,148.38,154.18,165.34,175.82,185.04,190.54,199.45,198.91,204.69,205.22,208.89,214.29,211.29,210.68,210.01,207.99,208.12,202.16,189.13,174.66,166.78,156.72,144.63,133.20,119.40,86.76,64.40,47.76,36.40,26.93,31.26,47.01,55.04,68.48,73.82,81.74,89.27,95.44,102.08,109.84,116.18,115.43,121.26,124.46,129.73,128.38,124.02,118.11,112.29,110.22,98.76
116.97,127.81,132.28,138.24,140.43,145.34,145.34,143.00,140.73,139.82,142.89,143.95,145.99,149.40,152.76,161.14,169.33,178.27,186.59,198.12,214.35,225.09,235.31,249.39,257.15,264.04,275.49,273.89,277.24,274.30,273.31,268.91,263.10,261.20,255.70,248.91,240.67,235.28,229.96,226.55,220.08,212.08,205.80,197.09,190.80,174.77,168.81,161.21,147.51,137.00,126.18,113.28
93.98,104.00,104.75,109.12,110.28,113.56,112.45,110.68,107.71,107.78,109.66,110.04,114.98,119.00,125.73,132.44,140.53,148.30,154.32,163.88,182.52,196.92,203.02,217.56,223.81,228.32,241.85,246.92,246.62,247.94,249.51,249.45,248.07,247.26,246.24,241.34,235.77,230.64,229.12,225.58,220.06,212.26,203.09,196.23,192.02,180.25,173.61,164.40,149.59,141.11,129.40,118.51
77.16,82.22,81.57,84.72,87.32,86.37,87.46,85.04,83.65,87.56,89.01,92.96,97.58,108.81,116.78,126.40,139.18,152.16,162.79,176.23,197.63,210.58,218.80,230.23,242.53,245.60,257.19,261.82,263.49,260.89,259.60,260.53,257.93,254.24,250.77,248.51,244.70,237.92,234.79,229.79,226.01,219.01,212.41,202.14,197.25,185.27,179.40,167.63,156.54,145.80,136.24,123.02
74.43,80.95,80.61,84.17,85.59,85.16,86.41,85.63,85.88,91.21,93.05,102.11,108.27,119.54,126.67,140.98,155.08,166.19,177.69,187.83,209.68,219.78,231.70,237.92,248.24,255.56,265.22,265.18,268.84,268.26,265.82,264.61,260.30,261.63,255.26,253.65,246.68,239.82,235.69,233.57,230.76,220.69,215.45,207.17,204.41,187.45,181.14,163.25,155.90,144.81,130.55,123.15
69.26,75.58,78.49,80.53,78.92,82.87,83.38,85.04,86.83,90.80,95.26,100.81,109.25,118.41,122.29,135.99,144.84,154.73,165.50,175.89,191.31,203.08,211.00,219.31,225.86,233.66,240.52,246.11,248.78,245.07,247.16,244.79,241.62,242.84,237.19,237.23,229.69,226.06,221.46,219.01,214.39,205.72,199.58,193.37,189.69,176.39,169.01,158.49,149.57,139.40,126.37,115.57
84.15,93.01,94.24,98.23,101.02,105.62,106.30,113.72,116.83,125.10,132.82,140.62,148.22,162.23,167.82,182.70,190.98,200.44,211.26,221.00,240.64,248.96,257.70,266.33,273.72,278.66,286.27,285.02,285.72,279.95,279.87,275.07,270.07,269.31,261.02,257.41,249.56,245.74,240.68,235.44,229.82,221.47,214.57,207.39,202.68,189.71,182.46,170.77,160.42,150.63,136.95,125.69
99.02,107.20,111.97,118.27,121.26,125.25,126.83,136.62,140.58,147.73,153.39,163.44,172.07,181.47,186.56,199.53,211.43,221.55,231.25,237.12,252.38,261.58,269.74,275.03,279.26,291.03,292.07,285.59,289.26,284.11,279.55,277.15,268.27,269.24,261.22,254.59,246.42,241.05,235.44,231.23,225.86,214.44,210.52,202.36,198.32,183.70,175.79,165.74,156.98,147.28,132.38,119.57
107.54,119.21,122.97,128.80,133.21,136.42,138.25,143.56,146.33,153.70,158.40,165.36,173.46,176.78,183.70,193.54,204.79,214.25,221.43,228.32,242.40,252.58,262.39,265.32,273.25,278.28,279.59,277.75,278.79,273.67,271.58,265.37,258.94,258.99,252.96,248.97,240.19,231.87,225.62,221.42,215.24,207.76,199.15,190.96,184.95,173.01,166.21,154.62,144.54,133.02,124.08,113.17
82.01,90.09,94.15,100.65,103.24,107.91,107.78,114.39,117.24,119.02,120.93,124.04,124.00,129.50,131.13,139.29,143.13,151.21,159.71,163.00,172.41,181.21,189.23,190.95,193.81,196.70,209.15,209.30,209.77,209.40,205.77,203.20,198.57,197.21,189.99,179.78,174.35,167.52,164.14,157.16,153.94,144.90,140.91,136.82,130.30,120.24,114.59,108.69,101.12,94.73,88.41,78.52
128.28,137.32,144.53,152.55,159.30,168.15,167.76,174.77,174.95,179.82,184.11,189.64,192.35,197.61,202.27,208.70,219.15,225.21,232.95,239.37,249.88,259.09,268.56,273.10,280.22,285.46,284.34,282.03,283.64,276.74,275.36,270.75,261.87,256.83,250.94,248.34,239.11,232.76,226.88,222.25,213.49,206.16,197.01,187.64,180.56,167.31,160.45,149.65,140.09,128.22,118.14,105.80
125.28,135.95,142.95,151.65,157.50,166.60,165.39,170.91,171.94,178.68,180.47,189.79,190.39,196.70,200.02,205.65,215.63,222.81,228.95,236.21,244.07,252.62,256.76,263.08,268.54,277.35,278.00,270.50,269.68,265.28,262.02,253.81,247.14,245.28,238.31,230.69,223.32,216.51,213.44,210.28,202.31,190.71,185.07,173.93,168.96,154.03,148.00,139.79,128.55,122.41,112.00,96.88
124.08,133.72,140.17,148.66,157.00,162.93,166.51,173.07,173.97,180.34,183.21,193.08,196.42,200.38,205.24,211.04,222.05,229.83,234.40,240.42,247.50,254.91,262.27,266.19,272.04,275.33,277.20,271.30,270.16,266.30,261.58,252.49,247.16,244.86,236.24,231.59,223.49,216.11,210.92,207.85,198.98,189.11,182.40,177.43,170.19,156.78,148.06,142.51,131.32,120.97,113.65,102.12
110.55,122.12,129.47,131.55,140.03,146.18,146.35,148.49,151.01,153.38,157.55,163.38,164.79,172.00,177.55,183.74,195.17,202.24,210.84,217.35,228.79,238.88,245.42,253.15,257.67,264.62,266.48,267.17,266.13,264.88,260.69,258.18,250.58,250.55,247.39,239.02,236.48,228.97,226.32,221.65,215.82,209.25,204.01,195.17,190.52,184.02,174.64,165.15,156.00,145.40,136.47,124.48
106.68,113.99,118.68,127.03,134.47,139.84,136.00,132.57,131.59,134.61,139.71,143.17,148.01,155.08,163.42,169.45,178.73,188.66,199.56,210.72,224.97,235.87,242.00,252.05,260.16,264.37,271.90,270.82,271.01,270.44,269.00,262.43,259.67,257.49,253.06,251.15,246.15,238.10,234.52,231.04,226.53,222.02,214.41,208.59,204.90,198.04,190.69,181.18,170.56,161.64,152.32,138.22
125.67,136.50,145.34,150.99,154.62,157.31,164.01,165.15,165.95,171.40,170.32,179.30,179.89,183.39,184.00,195.03,198.65,206.65,213.91,217.27,224.41,234.79,235.85,241.85,245.71,249.65,250.87,248.60,250.83,244.50,243.98,237.93,232.50,233.03,228.25,222.77,215.70,208.17,206.63,203.21,199.32,191.59,185.06,175.90,174.16,160.90,154.03,147.34,140.25,133.15,122.33,110.02
135.33,148.49,157.18,162.96,170.02,175.73,178.47,179.63,183.60,186.02,185.53,191.86,192.85,195.80,197.23,207.18,210.49,216.07,223.08,227.02,232.40,240.41,243.96,247.19,252.05,255.42,252.16,248.49,250.95,243.40,242.17,236.43,228.25,227.95,223.49,217.62,213.02,204.88,200.90,194.09,187.54,180.42,173.17,165.25,157.85,149.22,138.92,130.70,124.68,116.04,105.02,94.76
142.02,152.43,161.25,169.76,177.14,180.69,186.59,187.47,189.20,195.49,196.82,198.48,200.16,200.28,204.71,210.79,212.90,219.87,222.73,228.04,236.36,243.40,244.37,248.16,249.51,249.34,251.35,244.81,245.95,239.00,237.86,231.68,223.65,223.18,214.37,210.01,205.91,199.47,195.03,188.45,182.78,175.03,165.60,156.68,149.81,135.83,127.81,119.52,111.63,102.70,94.05,81.12
136.47,150.03,156.54,167.03,174.27,179.74,183.39,190.06,190.26,196.58,201.53,204.61,208.57,210.64,213.46,219.33,226.42,232.61,237.01,239.28,244.32,253.31,256.13,260.01,263.03,266.56,268.26,257.44,256.20,250.53,245.38,241.07,232.40,231.71,224.86,220.08,214.28,206.19,200.89,195.01,189.10,181.60,170.88,162.20,156.52,142.77,131.70,123.60,115.41,104.04,94.54,82.13
125.14,138.29,143.54,153.40,158.91,165.95,166.48,170.99,173.76,178.14,180.62,187.54,192.04,196.99,200.41,209.10,216.59,223.91,229.92,236.22,246.06,255.15,260.03,266.63,271.13,274.90,275.09,269.61,271.66,266.29,263.88,257.41,252.45,250.54,245.20,237.61,230.54,225.27,220.23,214.98,208.00,198.20,189.26,181.22,174.87,161.97,152.62,141.32,130.65,122.09,108.21,96.57
117.48,127.74,136.50,141.90,147.92,155.21,155.19,159.70,161.99,168.32,173.05,177.49,182.46,189.55,194.62,203.86,210.95,221.00,226.55,234.05,248.67,254.37,262.98,271.18,276.10,277.35,280.75,277.79,280.85,273.83,274.15,267.44,263.91,257.24,255.18,251.45,245.02,239.60,236.70,230.18,222.58,214.11,208.87,198.83,193.37,180.62,172.00,157.65,148.28,136.82,124.35,110.37
104.58,114.84,120.74,126.91,131.21,135.83,139.46,143.93,144.75,150.22,155.56,161.15,168.02,175.21,180.29,190.26,195.00,204.92,213.18,220.27,232.90,243.24,249.42,260.05,263.23,269.47,272.90,270.44,274.90,268.12,271.15,265.07,258.96,260.25,254.14,251.46,247.52,241.85,240.60,235.26,229.40,220.06,216.33,208.93,204.55,192.85,182.33,171.30,162.19,154.02,137.61,124.33
102.88,109.48,118.85,125.17,129.73,133.93,135.72,144.96,147.26,153.18,160.33,166.09,173.40,181.21,186.01,193.37,201.20,207.17,211.99,224.35,235.64,244.38,251.75,258.81,264.68,271.02,276.63,274.35,274.39,272.42,272.38,265.91,264.05,263.53,257.19,255.97,252.25,246.43,244.14,238.37,235.47,227.27,222.52,215.54,209.25,196.47,188.32,177.78,169.03,158.37,143.34,128.66
102.73,112.93,117.71,124.33,130.38,138.40,142.44,149.25,149.34,156.59,160.98,166.05,169.36,175.41,179.89,189.38,196.01,205.00,210.24,219.02,230.41,239.80,249.58,255.07,259.00,266.44,271.31,269.20,269.90,268.66,267.17,261.23,257.80,257.42,252.74,249.10,244.73,239.03,235.02,229.87,227.02,219.48,210.95,206.05,197.46,187.78,179.30,168.60,159.48,148.76,135.42,122.80
104.79,114.61,120.93,126.76,132.97,139.29,144.18,147.00,146.49,151.92,153.18,159.14,160.58,164.44,168.36,178.35,187.27,195.03,200.96,207.24,217.72,227.06,238.17,243.42,249.39,253.22,259.00,253.95,253.80,252.66,251.78,244.46,242.00,242.39,235.87,232.76,228.18,223.14,218.83,215.68,211.12,202.23,196.35,191.71,183.22,173.37,166.00,155.59,146.48,136.82,125.94,113.28
106.21,117.52,124.72,129.87,136.24,144.69,147.35,149.93,149.12,156.73,156.59,163.53,167.29,169.00,173.97,182.13,190.67,202.24,206.30,212.80,222.25,235.03,244.38,247.78,254.34,258.80,265.41,258.28,259.75,258.12,257.16,250.05,246.72,246.13,240.44,238.10,232.25,226.46,220.99,218.56,215.04,205.50,200.19,193.20,185.27,177.02,167.45,157.85,150.00,140.58,126.63,114.76
115.55,127.20,134.06,140.36,149.79,157.18,163.25,169.67,171.23,177.46,182.00,190.52,193.79,199.02,203.84,212.53,221.14,230.80,236.95,243.65,255.20,264.97,275.90,279.57,285.82,291.89,291.57,288.23,290.08,283.92,282.33,275.03,267.88,267.48,258.88,254.80,247.70,241.27,237.54,231.45,225.50,217.35,207.30,201.20,194.54,183.85,176.01,163.88,152.05,142.77,132.50,118.22
108.25,117.63,125.87,132.09,138.46,146.11,150.34,157.95,161.28,166.33,171.06,179.39,183.86,186.70,191.72,200.96,207.87,220.74,225.69,231.95,243.52,251.88,261.92,265.92,272.42,277.71,280.62,275.12,276.93,273.25,270.65,263.55,256.64,257.67,249.39,243.40,238.32,233.63,227.20,224.50,217.25,209.12,200.39,195.88,187.30,176.47,168.43,158.45,148.72,139.14,125.67,114.63
107.45,119.51,126.18,132.64,139.20,148.00,153.12,158.03,160.51,167.36,172.70,179.71,181.86,188.09,192.52,201.47,210.40,218.05,224.66,229.12,241.35,250.34,261.30,265.85,269.43,275.12,278.41,273.39,275.49,271.81,268.96,263.62,257.12,256.90,249.10,244.63,238.65,229.67,226.63,222.43,215.37,207.54,200.93,194.13,186.78,174.29,167.72,157.43,146.73,139.28,127.48,113.11
103.71,113.60,122.59,128.79,138.13,146.40,150.28,156.95,159.30,165.68,169.54,178.55,179.77,184.50,186.78,195.00,201.49,210.22,213.05,219.40,226.01,232.56,240.47,241.01,243.99,250.35,253.12,248.91,248.20,244.81,238.16,233.63,227.11,225.61,219.11,216.27,207.39,202.05,198.67,195.48,191.45,181.73,179.37,168.19,163.95,154.01,146.10,139.18,130.38,122.15,112.33,99.72
116.28,131.05,141.36,146.97,156.72,163.87,170.85,179.01,182.69,188.13,190.25,202.27,205.41,207.56,210.66,217.34,228.11,235.15,238.46,241.03,248.89,252.94,262.38,265.19,269.22,276.38,273.77,267.48,267.44,263.43,257.45,250.00,243.28,241.68,233.70,228.37,221.65,213.25,209.40,205.14,201.19,189.28,185.17,178.47,169.06,157.05,150.63,142.02,132.97,124.06,111.50,99.82
116.39,127.77,137.93,145.67,154.95,162.11,168.22,175.65,180.71,185.31,190.29,199.42,203.74,204.32,209.77,215.96,225.66,231.09,236.89,239.99,247.35,253.44,261.28,262.55,267.23,271.12,269.22,265.05,261.82,261.86,252.00,245.58,239.38,237.21,230.05,224.62,215.84,212.29,208.43,204.57,197.09,189.17,184.07,177.52,170.82,157.01,151.83,141.66,132.94,124.04,110.86,99.13
114.40,126.21,133.14,141.51,152.41,159.68,164.44,172.41,177.02,183.71,189.61,198.86,201.14,205.83,210.58,218.11,227.30,232.82,238.82,244.59,250.84,257.56,263.75,269.47,269.79,271.53,277.03,269.90,266.58,262.64,258.21,251.10,244.53,240.47,232.82,229.54,224.20,217.28,214.24,207.50,201.16,193.88,185.61,178.90,169.53,161.03,152.12,142.84,131.14,122.16,112.36,99.30
111.04,122.71,132.31,139.05,146.41,156.85,159.71,170.07,174.32,181.14,183.97,196.21,199.04,201.85,207.89,215.29,224.24,232.05,238.16,240.52,248.28,256.56,262.55,266.27,270.05,276.02,275.18,267.06,270.05,265.03,259.76,251.33,246.22,244.01,237.59,232.24,224.27,218.84,214.45,209.75,205.22,195.16,189.47,179.57,173.57,160.64,153.06,142.62,134.83,124.81,111.83,98.13
110.06,122.89,130.25,138.00,147.36,154.94,158.96,172.10,174.96,183.98,187.68,199.92,203.33,207.94,216.04,222.80,233.31,242.04,246.79,251.73,262.79,267.90,276.21,281.26,287.61,290.80,292.80,289.50,286.59,284.00,279.42,270.65,262.07,261.74,254.95,250.64,243.59,234.64,230.26,224.76,220.95,209.38,202.71,194.10,185.13,170.58,164.62,153.44,142.23,129.28,118.71,105.21
105.17,117.18,124.08,129.80,137.77,146.33,151.00,163.37,166.40,175.35,179.42,191.94,195.82,198.37,207.12,215.03,225.84,233.89,241.37,246.00,255.45,263.78,271.86,279.31,280.67,287.60,288.96,284.48,283.99,280.94,276.55,271.04,263.05,261.63,253.85,250.89,241.41,236.14,233.21,228.53,223.38,211.61,207.16,196.95,190.88,175.48,169.09,157.76,146.70,135.00,122.38,108.93
93.94,104.58,112.31,117.59,124.34,133.24,138.09,147.65,150.70,159.15,165.42,172.14,177.72,183.35,188.50,198.54,204.98,214.16,222.30,227.01,237.46,245.25,254.57,261.60,266.45,272.25,272.46,268.79,270.25,265.94,263.80,257.78,251.75,250.73,243.87,243.01,232.77,227.44,224.62,220.51,215.19,206.89,200.30,190.21,185.05,170.88,165.30,153.56,144.39,134.62,123.46,107.62
88.06,97.62,103.87,106.96,115.69,122.59,127.68,138.29,144.03,151.16,160.08,165.94,172.80,181.79,189.19,197.77,204.92,215.11,222.79,229.06,243.39,252.29,260.25,267.30,273.99,282.60,283.94,280.23,284.30,274.54,277.09,270.65,262.41,260.97,254.09,251.77,245.09,238.30,234.96,227.61,222.48,215.04,206.06,199.54,190.26,178.89,170.43,158.15,146.73,136.12,123.76,111.02
89.07,98.51,104.29,110.21,113.72,121.76,127.06,138.42,143.56,153.85,159.88,170.75,179.23,183.50,191.13,203.36,211.01,222.63,231.60,237.84,253.03,259.76,272.36,278.15,283.38,292.55,298.61,292.32,294.52,290.56,290.33,281.55,274.84,277.26,268.68,265.63,257.41,248.94,245.29,240.30,234.72,223.89,218.16,207.88,202.04,186.57,177.28,164.62,152.90,145.17,130.31,116.36
84.05,93.47,99.70,103.47,107.47,114.98,120.44,131.61,135.59,147.03,149.45,161.04,170.53,176.24,184.35,195.66,203.54,217.87,227.44,234.01,248.49,258.64,269.90,275.97,280.86,290.51,298.61,291.98,296.92,289.26,289.32,282.99,275.31,280.52,269.09,264.41,256.86,247.15,245.99,240.55,237.26,224.66,220.13,210.46,203.06,187.88,178.03,166.94,157.04,148.14,134.03,119.01
83.76,92.07,96.05,100.00,106.00,111.61,115.35,125.60,129.02,136.86,145.99,155.86,165.11,174.32,181.16,194.10,206.02,217.72,227.75,232.61,249.72,263.69,274.00,281.44,290.03,297.20,302.58,297.73,303.22,296.72,297.07,287.59,282.29,282.46,275.07,271.46,265.97,259.54,254.14,247.88,240.19,233.21,222.41,215.46,207.15,194.65,185.17,172.70,160.51,148.65,136.09,119.92
75.80,83.10,87.46,91.27,94.92,99.28,101.41,110.02,114.48,122.15,126.29,135.98,145.99,155.44,162.11,175.82,186.55,197.21,208.14,214.11,231.97,243.91,254.94,262.62,269.19,280.40,284.85,278.60,283.38,279.47,276.15,271.02,264.09,266.54,258.54,254.02,248.34,240.85,237.20,233.32,227.84,217.37,211.60,204.31,197.72,183.73,174.10,163.32,155.04,144.31,130.30,118.00
79.06,87.02,88.26,92.62,99.86,102.46,104.31,108.63,112.36,119.52,125.10,131.67,143.85,153.33,162.78,177.10,187.72,200.41,211.62,218.28,239.63,251.33,265.68,273.64,286.23,295.05,296.00,295.70,296.81,293.32,293.00,284.74,280.86,282.67,273.98,270.15,264.71,258.77,254.76,247.32,242.10,233.09,225.00,217.00,209.69,200.68,190.44,177.14,165.72,154.62,140.36,128.32
74.15,82.86,84.50,87.09,92.35,95.90,97.99,104.04,107.02,113.60,120.20,126.18,136.34,144.97,153.94,165.75,175.82,187.42,197.09,204.80,223.65,233.42,244.20,254.66,261.19,268.21,274.96,273.72,273.59,270.20,269.60,263.05,260.85,261.09,255.16,249.93,246.79,239.43,234.08,232.70,226.59,216.81,210.80,202.41,198.06,187.26,179.05,167.29,158.98,149.22,135.00,122.26
82.57,90.79,94.02,99.72,103.32,109.00,110.89,118.42,121.81,129.87,135.10,145.34,154.21,160.12,166.36,180.55,189.90,202.20,211.05,218.10,234.16,243.56,257.05,264.46,269.58,279.03,284.90,284.16,282.85,282.36,276.83,273.88,271.45,272.92,262.80,260.28,253.16,249.65,244.29,240.63,235.34,227.20,223.29,213.22,210.06,197.96,192.63,179.85,171.96,158.90,145.60,130.25
86.68,94.87,100.40,104.56,107.91,114.06,118.87,124.74,128.32,134.26,142.80,149.84,158.76,167.07,174.89,186.08,196.24,205.00,215.96,224.74,241.36,250.39,262.51,271.01,273.48,280.94,286.36,286.47,286.21,281.13,280.40,276.94,273.00,271.46,265.45,261.87,257.80,249.47,245.25,242.44,237.24,228.00,224.14,217.71,210.72,202.04,195.00,181.73,173.30,162.24,147.30,134.63
81.30,90.93,93.62,100.12,103.00,108.16,110.00,117.32,119.33,127.63,130.86,137.48,147.14,153.48,157.28,170.51,177.34,189.84,198.04,205.64,218.33,231.04,238.07,246.95,249.36,261.28,269.07,270.12,269.74,267.66,265.11,262.10,258.94,261.27,254.17,251.32,245.90,239.93,235.48,236.17,229.30,222.89,217.41,210.28,204.71,195.17,187.40,175.11,165.25,157.43,140.66,127.91
82.98,91.44,97.31,104.02,109.62,114.34,110.42,119.50,124.33,130.05,134.18,140.58,151.48,154.51,158.15,170.03,178.04,189.16,198.07,203.92,218.69,228.53,236.97,246.46,250.41,260.02,266.72,263.18,267.38,265.37,261.84,258.68,256.63,258.85,250.84,250.24,244.18,240.20,235.29,232.96,229.22,218.23,216.49,207.95,203.71,193.04,185.24,175.73,166.36,156.28,141.35,129.12
83.49,92.85,96.19,100.42,103.77,107.63,110.02,116.11,117.72,122.45,124.46,131.23,138.60,144.06,149.47,157.87,163.69,172.79,179.62,185.46,197.80,208.49,214.62,218.50,225.58,233.62,236.24,235.99,241.35,239.73,235.58,231.55,231.62,234.39,229.86,227.38,221.46,221.06,214.90,214.03,212.30,202.14,196.31,190.22,187.47,176.88,171.42,160.06,152.43,143.39,128.88,118.41
91.92,101.24,104.17,109.57,110.45,114.95,116.04,118.81,123.22,126.53,129.03,136.36,142.00,146.73,152.09,163.25,168.47,177.89,186.80,192.21,205.73,214.25,224.06,228.40,236.32,245.09,247.48,245.69,251.02,251.45,247.40,242.53,242.12,248.08,240.16,239.04,235.31,232.08,228.01,224.66,222.27,212.71,207.76,201.19,197.41,187.49,181.82,168.81,161.38,151.92,136.65,123.56
93.86,102.79,106.00,110.68,111.61,116.21,118.47,119.82,120.55,125.43,127.66,134.18,138.51,146.22,150.57,161.90,172.59,178.53,189.42,197.12,210.30,219.97,227.38,233.83,245.01,252.48,258.01,253.65,257.24,258.65,254.24,249.91,248.81,251.14,245.12,241.08,235.00,232.86,227.07,225.14,222.80,212.58,208.49,199.60,197.50,186.27,177.72,168.05,159.01,150.21,135.36,124.96
95.08,103.81,105.68,108.24,110.11,113.89,113.81,112.26,114.14,116.35,118.90,125.10,130.18,138.20,142.13,153.03,162.64,166.74,176.87,187.84,199.56,208.73,215.23,225.22,234.79,241.45,245.20,243.34,250.00,248.93,246.87,241.63,239.46,240.84,237.26,236.45,232.12,226.38,222.20,220.59,216.39,208.00,201.81,195.53,192.77,180.89,174.23,163.88,153.52,146.54,132.46,120.31
99.96,107.56,106.89,110.77,108.91,109.08,105.65,97.67,94.19,89.89,88.75,89.38,91.68,96.32,96.02,102.62,109.60,114.77,119.41,125.45,133.33,140.36,147.87,151.82,154.00,157.93,183.22,179.21,179.49,188.51,196.92,198.46,205.29,214.45,214.14,214.19,210.26,208.47,205.83,207.62,205.46,196.90,192.26,188.69,183.17,173.74,168.96,161.03,149.97,139.81,126.65,115.31
104.28,112.49,114.13,112.79,108.78,106.40,101.04,86.01,77.67,72.03,64.78,59.81,56.36,61.74,67.12,73.50,82.04,92.42,104.69,115.69,134.17,146.82,153.12,166.97,177.79,186.13,193.06,195.83,199.15,206.32,209.83,205.97,210.58,212.61,212.12,206.40,205.77,202.57,200.42,197.10,191.05,185.78,182.99,177.99,173.10,162.20,156.00,146.86,139.19,127.58,117.39,105.12
96.67,107.79,111.02,120.70,128.00,135.65,139.09,149.68,153.88,157.62,164.98,167.26,174.64,180.04,182.88,190.07,195.04,201.56,209.88,214.41,225.83,234.48,241.87,248.39,254.00,258.19,265.17,264.92,264.68,262.69,263.00,258.77,256.01,253.24,246.83,243.31,239.35,234.09,230.87,225.22,222.41,213.94,209.33,203.00,198.15,187.03,181.22,169.66,158.00,148.77,138.29,124.45
96.84,109.04,112.77,122.29,128.44,137.52,141.33,147.08,152.12,154.32,160.11,159.30,163.49,166.90,168.40,172.80,174.42,182.01,185.93,193.08,203.00,211.29,221.14,228.47,232.59,236.60,246.17,248.05,248.65,249.57,246.10,242.61,243.05,238.14,236.92,235.23,230.18,227.71,224.80,222.40,219.18,212.61,208.50,205.72,198.73,191.76,187.36,178.00,168.43,158.67,148.49,134.47
94.87,104.48,107.91,115.60,123.94,128.57,133.26,139.22,141.06,143.95,151.72,154.43,160.85,164.54,168.15,173.74,179.12,181.02,185.93,190.07,197.20,205.06,211.56,216.19,220.86,223.56,229.34,234.36,232.05,230.08,226.15,224.02,221.63,217.45,213.19,208.96,208.85,203.67,199.02,195.48,194.05,188.06,184.01,176.46,172.14,166.17,159.41,150.00,140.58,129.40,121.43,110.55
105.70,116.69,122.98,131.64,137.28,143.69,148.45,155.93,160.56,161.72,168.88,173.83,179.01,181.11,185.88,186.07,185.65,183.66,183.33,185.07,188.16,193.61,204.08,210.32,216.23,224.01,230.02,232.61,229.14,228.71,226.40,222.04,218.19,218.77,214.37,213.26,211.21,211.48,210.64,205.73,200.94,197.85,193.96,188.96,185.30,177.18,171.55,161.62,152.46,141.65,132.91,120.21
108.30,120.81,126.85,134.03,139.09,146.51,149.11,153.53,156.21,159.66,163.44,167.73,173.57,177.34,183.31,186.60,191.67,195.49,202.31,204.09,209.35,214.90,219.67,222.43,227.64,233.33,236.80,236.76,235.33,233.93,231.23,225.89,224.59,217.35,215.67,213.78,211.44,206.98,206.71,199.40,196.33,190.52,187.30,182.12,177.80,168.15,160.65,153.53,145.77,135.79,123.23,114.20
58.69,62.68,63.82,62.82,60.30,59.03,56.59,50.22,47.04,46.82,43.91,47.42,54.67,60.37,70.34,83.02,100.17,114.61,128.00,136.42,154.43,164.20,174.16,184.23,194.79,201.20,203.44,207.29,214.67,219.35,214.11,218.23,224.02,226.24,224.50,222.25,225.94,224.15,225.47,223.79,221.77,215.14,214.28,210.30,205.65,195.58,187.41,178.04,168.44,156.06,141.17,125.77
63.15,66.29,68.60,68.88,68.35,69.12,68.25,69.31,69.89,76.22,81.30,91.24,98.41,109.88,120.37,136.96,146.03,160.08,174.07,184.78,199.74,210.26,219.31,226.63,230.64,235.38,251.23,252.69,253.34,254.40,252.20,253.10,256.43,258.82,257.26,252.97,252.07,252.36,249.13,248.94,244.86,235.08,233.24,224.47,222.62,210.24,200.03,188.11,177.71,164.00,148.14,132.46
57.00,61.85,59.41,59.93,60.30,60.02,60.42,60.46,65.00,69.58,78.77,85.80,95.27,107.07,118.90,133.03,148.49,160.61,172.59,185.88,202.28,213.00,220.10,228.99,238.89,242.49,250.34,259.08,263.32,261.00,259.76,258.85,261.23,261.90,261.49,255.49,254.88,251.94,251.77,250.51,246.62,236.52,232.94,226.92,220.95,208.97,200.50,187.45,175.76,162.48,150.42,134.65
60.90,64.07,65.51,66.91,66.19,67.88,71.11,74.97,77.88,84.96,90.74,102.18,113.53,123.57,133.12,149.00,160.12,171.30,185.71,193.33,210.34,222.25,229.71,238.21,244.46,252.05,260.05,256.55,260.34,263.05,259.72,256.81,256.32,259.12,256.22,254.57,250.19,246.66,247.81,243.90,239.71,230.41,226.57,219.92,214.11,202.67,192.44,180.41,171.28,159.20,145.41,129.19
47.00,51.87,48.08,51.62,48.66,51.97,57.38,58.60,61.10,66.12,77.37,84.38,94.49,107.15,120.70,133.65,140.09,150.80,161.31,173.05,189.45,199.42,207.62,218.01,225.20,229.38,239.08,240.52,244.40,244.32,246.97,243.40,247.00,247.32,245.25,242.99,241.63,237.12,236.33,236.24,230.10,224.76,218.89,212.87,208.52,196.77,189.38,177.42,164.88,155.21,142.04,124.90
53.71,55.80,57.01,55.44,57.27,57.31,57.98,64.03,68.15,73.06,81.34,91.71,102.70,111.40,121.80,134.71,145.50,157.01,166.97,178.22,198.88,208.17,219.61,225.57,237.54,244.61,251.43,256.44,260.25,266.68,263.21,261.01,267.09,266.23,267.04,263.30,260.52,255.27,256.24,255.89,250.89,244.66,239.88,231.68,230.87,215.93,207.93,194.61,182.70,170.66,154.16,140.19
131.94,146.82,154.35,165.22,175.52,184.55,188.22,197.01,201.76,205.06,208.02,211.74,215.46,215.08,218.91,222.61,225.39,228.37,230.90,231.54,232.40,233.81,240.17,241.83,243.31,245.28,239.52,235.19,231.91,229.16,221.68,213.71,205.01,198.65,189.66,186.45,182.26,176.41,171.29,168.58,164.47,159.93,153.39,147.34,146.74,133.06,129.03,122.02,113.09,111.29,98.62,90.09
118.11,131.10,139.20,148.52,155.86,164.30,168.88,179.18,182.69,187.60,189.08,196.02,198.34,198.93,203.38,205.28,209.35,215.61,218.44,219.06,222.32,227.55,231.78,235.26,235.85,242.76,240.10,234.98,235.05,232.20,227.11,220.04,211.23,209.40,201.12,196.00,192.27,186.23,181.82,181.84,178.00,170.14,164.26,160.00,158.11,143.28,138.54,130.51,122.00,115.92,104.62,94.30
114.97,128.32,135.36,147.28,154.43,163.34,167.34,177.08,181.71,187.28,193.00,196.57,200.12,203.00,208.00,214.05,219.49,225.74,231.14,234.78,241.63,250.46,252.20,257.42,265.09,266.92,269.88,268.82,266.19,265.22,261.46,256.59,250.03,250.14,242.26,236.21,231.20,228.27,223.14,217.83,214.34,202.47,196.92,187.32,185.73,172.70,164.15,155.28,142.44,134.63,123.91,109.64
106.23,119.81,127.48,138.81,142.64,154.03,158.78,168.13,173.22,177.16,180.85,189.27,193.60,195.26,198.41,204.41,210.87,219.27,222.99,229.43,236.88,242.92,249.72,253.84,260.42,264.88,268.99,265.27,265.17,263.86,259.98,258.09,249.48,249.02,242.53,238.32,230.48,226.63,224.88,218.06,213.46,203.21,199.16,192.35,185.87,173.95,166.52,156.08,147.38,138.11,126.85,111.00
113.60,127.31,131.88,142.14,152.61,160.08,165.22,173.22,178.60,179.39,187.26,187.24,191.01,195.36,196.79,204.16,206.37,211.08,216.91,224.96,230.20,237.78,242.51,247.32,251.98,257.56,256.56,257.53,256.91,251.81,250.06,246.89,240.95,235.54,232.61,226.32,222.61,220.73,216.00,207.52,205.23,199.49,193.31,185.31,183.37,172.53,168.00,156.92,146.41,137.48,128.02,114.49
112.01,125.87,133.79,142.47,151.03,159.54,164.76,174.01,177.34,181.07,185.41,188.02,193.87,192.35,197.09,202.16,208.57,212.85,219.32,222.14,228.22,237.07,243.19,246.29,251.01,256.56,256.98,257.30,255.12,256.10,250.03,245.42,239.08,236.96,230.87,225.94,220.64,217.35,213.41,211.22,206.02,199.61,193.71,185.01,182.94,172.24,165.10,156.32,146.03,137.83,124.40,111.66
114.11,127.13,136.30,145.50,154.90,160.56,165.34,172.90,176.24,179.77,182.54,184.36,188.61,188.04,188.79,192.04,193.23,193.81,195.82,202.61,205.20,209.60,214.76,219.02,220.33,226.18,227.26,224.11,219.39,218.63,216.15,213.21,209.12,207.28,203.03,199.61,196.70,193.75,191.69,186.94,185.46,179.39,175.11,171.35,167.50,159.22,151.58,146.77,136.85,129.45,120.55,107.02
113.84,128.39,134.74,145.66,151.70,162.69,166.63,171.06,173.63,177.18,179.81,180.57,184.81,186.26,187.04,190.07,189.61,189.25,193.13,199.20,201.31,205.80,208.13,213.23,213.95,222.55,219.53,218.15,216.33,212.80,210.64,205.30,203.00,199.81,196.16,192.92,190.65,187.26,187.41,180.81,178.63,173.49,169.00,162.56,160.65,151.48,147.00,142.68,130.87,123.31,115.73,102.62
120.22,134.63,141.01,149.70,158.52,166.53,171.27,176.88,177.89,180.60,184.18,183.21,187.04,186.87,185.43,189.07,187.30,187.38,191.64,194.10,193.83,196.82,202.95,205.73,206.77,209.94,215.67,212.44,209.48,209.62,208.43,204.89,202.03,201.42,198.39,197.20,192.80,190.34,186.60,183.76,183.00,177.50,174.06,167.37,164.60,156.85,151.79,145.56,135.20,129.25,118.44,107.52
132.55,148.93,155.54,165.70,174.43,184.10,187.00,195.72,197.16,198.12,202.30,203.16,204.66,205.80,204.83,208.34,207.88,210.54,211.80,213.47,213.93,216.52,221.06,224.01,225.62,230.59,231.71,228.55,227.77,227.38,227.25,220.23,219.92,215.59,212.80,211.28,208.89,205.83,201.79,199.55,197.57,190.52,187.02,181.22,179.55,170.55,163.75,155.54,144.78,137.06,127.04,114.93
138.92,153.05,158.40,170.67,179.75,187.72,191.65,197.52,201.42,204.50,206.49,208.87,210.15,210.28,208.59,215.00,215.42,216.45,221.65,224.15,222.99,231.32,235.67,239.91,243.67,243.76,248.51,245.73,245.17,242.33,242.61,236.40,234.14,231.94,226.75,224.29,223.86,218.55,216.21,209.68,208.02,201.32,195.78,188.16,185.95,175.79,168.67,159.77,147.67,136.47,128.81,115.73
141.28,157.28,164.66,175.42,183.99,192.85,198.31,205.27,210.12,211.70,214.98,216.70,217.10,220.05,219.65,224.21,225.94,227.64,232.86,236.60,237.36,242.60,247.34,253.46,256.46,258.03,260.97,257.30,254.89,253.95,252.41,247.62,242.53,239.93,237.06,230.49,230.67,223.79,224.76,217.22,212.21,205.79,201.11,193.04,188.81,180.22,173.46,163.34,151.80,140.03,129.87,118.14
138.22,152.08,159.97,171.92,180.71,192.57,197.09,202.77,206.02,211.57,214.04,217.62,220.29,222.04,225.79,229.05,234.39,239.47,243.66,247.63,255.22,260.41,264.59,269.00,275.80,275.36,275.18,275.54,274.71,269.44,268.26,259.22,253.95,251.03,244.29,241.46,239.30,235.05,231.31,223.49,218.98,214.11,205.77,198.86,193.60,184.02,175.68,165.30,153.95,142.27,133.41,119.81
126.57,139.81,150.84,159.03,165.41,174.81,181.60,189.13,193.31,198.96,203.65,208.06,210.44,213.24,217.83,222.41,226.81,231.20,239.41,241.66,248.24,254.03,258.81,265.15,267.56,270.42,271.02,267.43,266.18,263.94,259.67,252.67,246.00,246.02,239.77,234.97,231.21,227.04,220.42,215.61,211.10,200.66,195.76,189.17,183.77,171.60,165.39,155.01,147.38,138.06,125.64,112.54
121.34,137.38,144.40,153.16,160.20,167.94,172.74,176.71,180.80,184.23,190.14,192.94,193.79,198.36,203.08,206.40,211.01,216.30,224.22,230.67,239.94,243.30,250.08,253.44,259.24,262.69,265.35,264.02,265.24,260.23,259.02,255.92,249.69,247.10,241.90,237.03,233.49,228.53,225.63,217.95,212.90,207.96,197.67,191.23,187.10,177.05,169.19,160.70,150.42,138.10,130.42,117.89
118.80,127.95,138.00,151.16,157.88,173.53,177.25,182.65,185.07,186.68,192.17,195.49,201.46,202.63,206.18,212.02,218.83,223.22,234.39,237.84,243.87,253.07,258.40,265.71,270.42,272.87,277.52,273.54,275.41,272.87,269.36,265.34,261.07,259.68,253.55,246.63,244.47,240.13,235.09,231.14,226.04,218.51,210.64,202.92,197.43,187.00,179.01,167.76,160.56,147.34,137.88,124.84
105.12,115.52,119.60,125.24,129.99,133.36,136.47,139.61,140.68,144.01,148.22,151.95,155.56,157.16,161.30,165.11,170.29,175.76,181.96,185.00,192.20,199.64,207.14,208.86,214.31,218.18,221.65,221.46,220.74,221.81,218.04,214.85,216.39,219.78,215.23,214.77,211.54,208.49,208.69,206.93,203.21,198.60,193.71,187.27,183.13,173.76,168.24,159.20,148.93,140.90,129.81,117.64
111.00,124.63,126.14,134.18,139.18,144.81,147.57,148.41,150.62,153.15,159.48,161.05,165.19,171.82,175.41,179.20,185.05,189.38,193.55,200.48,207.66,214.44,222.44,223.08,231.01,236.02,236.66,236.58,234.80,235.03,234.45,232.11,233.06,233.81,229.83,230.22,227.04,225.57,226.61,219.80,219.46,213.01,208.12,200.89,197.23,188.25,180.10,170.55,159.40,148.34,139.62,126.67
94.02,101.67,106.63,112.02,115.69,117.83,119.52,123.33,125.32,128.57,132.85,137.01,140.01,141.45,145.60,152.41,155.12,158.14,163.69,166.60,172.89,181.43,185.15,188.01,192.78,198.88,203.09,199.25,200.03,200.82,200.20,198.28,197.59,202.28,198.09,195.92,196.96,195.26,197.19,195.23,192.00,188.05,183.87,176.82,173.37,163.25,155.66,149.60,141.17,132.44,121.08,109.88
107.42,114.59,115.62,120.33,124.45,128.88,131.19,132.23,135.96,137.52,141.91,144.27,149.03,153.84,154.47,162.16,167.09,166.37,171.98,178.37,183.98,190.68,195.13,201.33,205.80,209.78,210.40,213.05,212.19,214.40,212.20,210.12,210.54,211.48,208.79,208.79,206.02,204.35,205.91,200.06,196.51,195.24,187.88,181.54,179.30,169.53,163.78,155.32,143.68,135.25,126.04,114.49
111.04,121.71,126.78,131.55,135.03,137.54,139.99,142.62,144.84,148.69,150.96,155.26,157.85,161.44,163.29,169.50,173.61,176.78,179.81,184.81,193.55,199.81,206.01,209.29,215.23,222.80,224.47,223.59,225.11,227.31,224.64,223.89,221.64,224.15,220.10,216.00,215.04,212.62,210.35,204.88,203.93,195.49,192.52,184.17,181.80,170.67,162.27,152.88,144.01,135.69,126.02,113.77
108.30,119.10,119.55,125.90,132.40,135.13,138.29,140.12,140.60,142.62,148.66,150.00,153.38,157.01,158.83,165.24,169.50,169.32,174.83,179.92,185.24,190.70,196.46,201.84,207.28,210.09,215.41,217.19,215.42,215.80,215.75,215.61,210.79,211.68,207.78,203.83,203.42,199.65,199.91,193.98,189.13,184.68,180.14,172.70,166.29,158.91,152.32,142.64,133.26,124.15,117.39,104.48
122.87,135.80,145.33,152.47,159.82,168.51,174.64,182.62,187.03,189.45,192.63,195.14,198.31,199.15,205.91,209.32,210.12,217.08,222.06,225.57,232.09,237.49,242.43,248.45,253.75,258.80,261.35,260.49,256.38,251.11,247.11,241.40,234.54,233.62,224.59,219.34,217.19,209.62,206.39,199.61,197.49,188.86,186.32,178.53,174.66,166.11,160.13,150.73,145.69,139.29,124.34,107.94
116.43,128.51,137.19,146.11,152.55,163.29,169.62,177.91,182.92,186.36,189.50,193.04,199.46,199.48,203.49,210.05,212.25,221.11,225.79,227.98,235.68,242.62,248.17,255.38,259.94,264.41,267.01,265.58,263.80,258.12,252.72,246.66,238.65,237.17,226.92,224.59,219.18,210.95,208.14,200.25,196.49,189.06,184.62,177.43,169.45,163.48,156.60,146.99,143.14,137.53,123.85,107.15
104.56,119.57,129.76,137.19,147.58,153.52,161.01,169.96,177.00,183.74,191.65,192.59,196.04,201.38,207.17,214.39,220.12,223.78,231.55,236.54,243.40,255.00,260.41,266.93,272.62,274.71,278.92,280.35,276.25,272.17,268.83,261.19,255.15,252.34,243.66,239.42,234.54,230.26,222.95,219.01,211.01,207.14,195.06,187.00,183.70,172.93,162.89,154.35,144.06,133.54,123.71,112.04
95.52,105.85,116.40,123.00,130.92,140.07,145.22,155.18,160.08,165.30,172.31,179.32,184.20,185.78,191.48,199.01,207.61,216.09,222.78,229.05,238.30,249.15,254.87,262.49,266.63,270.99,275.76,270.12,272.46,266.95,263.65,253.40,248.62,246.64,238.47,233.39,229.43,223.40,218.16,211.48,209.35,199.70,192.59,186.82,181.12,168.12,161.94,152.61,142.17,133.75,119.85,108.21
96.14,106.02,111.97,118.51,125.18,132.31,137.30,147.22,153.05,155.63,162.43,169.92,175.35,180.08,182.62,191.27,200.49,209.40,216.54,221.88,236.93,244.17,252.72,258.04,264.43,270.96,270.65,262.55,263.88,259.14,253.40,244.38,240.86,239.30,231.23,223.79,220.32,214.20,211.70,208.28,202.01,195.35,191.45,185.41,179.51,168.40,162.31,152.41,145.10,135.25,122.61,109.11
103.94,111.46,117.63,122.67,128.60,131.18,135.33,142.20,145.50,148.69,154.99,161.38,167.60,169.31,173.49,180.77,190.97,198.98,206.47,215.14,230.11,240.07,248.85,254.89,262.36,268.74,273.73,267.90,270.23,264.46,259.36,253.24,249.39,247.78,240.31,233.53,229.21,222.28,219.57,214.83,209.54,201.65,196.41,192.31,186.02,173.42,166.08,155.91,146.32,137.28,124.62,111.33
102.42,108.07,111.09,118.38,122.20,126.65,126.18,131.24,136.88,139.56,147.57,149.35,155.32,161.23,164.79,168.63,174.39,179.61,185.69,191.38,200.94,212.73,217.70,225.50,232.69,238.08,247.63,245.08,246.34,241.30,243.52,237.23,236.33,230.36,226.37,220.84,218.00,215.60,212.93,207.07,204.02,199.01,192.85,190.60,185.07,175.38,167.69,158.15,148.96,138.13,127.48,116.30
126.85,137.91,147.50,155.32,157.70,159.20,156.17,156.26,155.16,156.54,156.82,163.62,164.35,166.60,168.24,174.32,177.71,182.22,181.23,184.62,186.68,198.22,199.48,209.31,218.44,232.78,249.66,255.03,253.19,249.04,243.61,238.25,222.04,215.24,209.31,208.00,206.65,201.61,198.44,195.65,193.58,189.52,185.32,182.45,179.39,171.06,163.25,154.94,148.65,138.00,127.95,115.36
137.19,152.43,157.84,168.11,176.01,183.98,187.56,187.56,187.95,188.22,191.93,192.80,194.83,194.37,192.11,193.93,199.53,198.60,198.12,199.70,200.93,201.49,209.31,211.62,215.06,217.61,220.43,220.23,219.40,219.79,216.45,211.70,214.67,214.35,211.25,210.64,211.80,207.97,208.15,204.98,202.20,198.82,193.23,189.02,186.98,176.62,174.32,166.48,155.19,147.28,138.20,123.10
139.44,155.42,164.02,174.57,180.00,187.84,192.00,196.70,196.06,199.45,202.89,201.00,203.48,203.39,199.72,203.18,206.01,206.47,203.92,204.07,205.10,205.53,206.40,207.28,212.48,215.54,210.75,211.34,213.14,206.55,203.81,201.76,199.60,200.04,198.73,193.50,195.26,192.76,192.60,192.17,190.19,185.07,182.22,181.46,174.65,170.66,165.92,158.03,149.90,144.84,132.10,119.08
136.12,151.21,159.00,169.45,175.65,185.15,188.80,194.36,195.24,199.32,201.94,201.94,204.28,206.20,203.50,207.18,208.63,209.58,207.96,208.00,211.99,212.14,215.08,216.10,219.01,223.22,217.09,215.65,219.02,210.04,209.99,206.09,205.41,202.94,199.42,195.45,198.01,194.36,196.90,191.85,189.48,184.11,180.25,178.10,172.41,168.30,164.28,155.46,146.16,138.22,128.83,116.52
130.60,146.21,151.72,160.85,169.11,175.23,182.04,185.01,186.12,189.06,191.72,192.21,195.58,194.12,193.79,198.01,196.23,200.80,200.12,198.81,199.58,202.20,204.12,208.15,210.89,213.02,210.45,214.03,210.62,205.85,204.36,200.48,199.20,197.31,191.89,195.41,191.93,191.04,190.38,183.76,184.72,179.07,174.07,171.45,165.01,160.07,155.97,148.25,138.52,130.97,124.26,111.25
145.44,159.53,163.00,177.09,182.98,191.86,196.37,202.73,205.35,205.65,212.49,211.92,214.83,213.05,212.34,218.63,218.01,219.18,217.94,220.08,221.92,226.59,227.06,232.12,237.00,237.41,239.60,240.84,239.76,232.59,230.23,227.13,224.80,222.95,219.39,218.41,215.68,211.14,211.53,207.78,207.87,202.56,197.00,190.91,185.88,179.45,174.20,164.84,154.18,144.59,136.62,123.11
135.43,151.45,154.47,165.08,176.82,189.34,193.89,201.10,204.61,205.65,202.56,202.77,213.36,215.45,214.22,213.88,217.35,223.52,219.61,221.90,224.54,236.18,238.38,241.17,254.70,255.00,254.19,257.45,257.67,253.58,251.02,246.87,247.13,243.42,237.26,238.46,236.36,235.44,230.87,224.47,222.52,218.74,209.88,207.28,199.49,191.48,189.01,176.30,164.58,155.47,145.24,131.61
118.15,132.83,141.65,149.63,160.88,169.85,176.82,186.01,187.26,193.26,198.54,201.80,204.95,206.81,209.12,213.49,214.39,218.50,222.99,223.89,224.85,232.94,233.94,243.30,245.60,248.64,252.45,255.67,256.22,249.93,252.00,244.35,238.56,240.80,233.14,233.21,228.97,225.73,225.38,218.51,214.40,208.06,197.65,192.23,187.13,176.48,168.08,158.15,146.54,135.92,129.85,115.62
103.74,117.21,122.58,132.23,139.54,145.99,152.90,160.11,161.55,167.11,172.01,174.87,177.53,179.51,180.03,189.08,189.53,193.55,196.64,202.41,205.53,211.14,214.04,218.33,224.20,227.67,232.65,237.54,238.30,232.74,231.48,231.22,226.50,224.86,221.47,216.93,216.52,210.01,209.25,202.43,199.46,193.15,187.75,178.00,175.41,163.48,154.47,146.70,135.47,125.54,117.28,103.25
108.23,120.77,125.90,138.40,141.51,150.66,153.83,163.25,166.90,169.85,175.69,179.29,183.92,186.57,188.10,194.76,197.59,200.94,209.75,215.54,222.65,231.02,236.60,245.55,253.87,259.07,266.59,266.72,267.71,267.99,266.95,263.50,263.60,260.07,256.16,251.02,250.05,244.93,245.66,235.37,232.72,226.28,220.95,211.02,204.08,191.67,183.70,172.20,160.38,147.08,137.21,122.54
103.85,113.32,118.80,125.54,130.06,136.31,139.34,143.38,141.06,144.01,148.55,148.65,149.57,152.32,152.30,156.40,160.16,161.52,167.29,171.12,181.33,189.56,198.83,207.35,216.54,224.76,234.47,234.54,236.04,236.91,237.61,235.72,233.89,234.29,232.12,228.01,227.18,224.45,222.52,217.67,215.56,209.06,202.57,196.09,191.02,177.89,171.77,162.79,151.65,141.21,131.06,117.35
121.83,134.20,140.07,151.40,157.47,166.30,168.57,169.81,169.25,168.72,171.33,170.43,173.28,173.37,173.53,177.61,181.16,179.23,182.66,185.39,192.57,196.42,205.50,211.09,218.84,224.01,231.19,231.42,230.26,232.36,230.59,224.96,227.30,227.90,223.65,223.16,220.84,219.18,221.35,215.18,212.98,208.50,201.04,193.98,190.91,180.14,174.04,162.89,151.72,141.66,131.85,117.48
127.32,140.13,147.23,157.17,164.88,174.77,178.10,184.81,185.00,185.85,188.13,189.76,193.44,192.80,196.06,198.12,202.07,202.57,204.14,208.06,216.36,219.15,229.21,234.18,238.95,244.28,247.98,250.43,248.50,248.94,246.42,244.68,242.40,241.42,241.59,239.01,238.38,232.64,235.05,230.71,229.19,225.80,217.72,213.02,207.18,196.16,189.04,180.18,168.13,156.72,144.51,129.84
114.20,128.71,135.35,143.06,152.80,161.74,167.60,175.51,177.55,180.04,189.41,188.10,193.26,196.60,198.08,205.48,211.75,212.81,217.19,222.87,229.27,238.11,243.53,249.21,256.84,260.40,261.01,262.02,260.99,258.96,255.62,251.85,246.09,243.19,239.41,234.39,233.38,229.30,228.32,221.90,215.70,208.12,200.26,192.33,185.73,172.65,168.02,155.47,143.41,131.40,125.87,112.07
114.42,125.13,133.72,143.59,150.23,159.20,165.05,174.05,178.04,181.69,187.38,191.60,195.04,197.10,202.68,207.80,213.57,218.72,227.52,232.14,243.58,250.60,257.10,266.13,271.06,273.09,273.91,273.66,270.15,266.76,262.12,257.89,252.86,248.02,245.08,241.12,237.00,234.61,229.51,221.81,216.93,210.66,201.24,192.59,185.83,171.33,163.34,151.48,139.79,127.32,120.07,104.81
96.02,104.04,110.00,116.02,123.03,128.25,133.75,140.46,142.87,147.26,155.43,157.41,161.00,165.60,169.45,177.28,182.16,188.96,196.09,203.60,214.11,225.28,228.85,235.79,240.58,246.29,250.06,251.70,249.62,248.32,246.60,240.55,240.67,234.01,231.40,226.34,222.04,219.92,215.15,208.90,202.16,196.03,187.63,180.55,172.29,161.82,148.61,140.58,130.80,117.92,109.18,96.51
85.09,92.09,94.37,96.75,98.29,97.94,105.11,104.58,109.11,112.68,111.73,120.22,121.43,125.40,130.70,134.74,141.99,150.34,155.27,163.44,178.44,187.49,194.31,201.53,210.02,219.09,228.42,225.63,227.02,224.11,224.61,215.08,211.74,209.80,202.04,198.08,195.27,188.10,182.53,177.55,171.29,163.08,155.32,146.81,138.74,124.31,115.21,105.65,98.98,90.80,84.76,76.84
96.88,104.00,109.24,117.18,119.36,123.43,124.84,127.05,129.69,130.86,134.03,138.92,143.14,144.09,148.38,154.99,161.01,169.96,174.32,183.32,195.88,203.93,214.20,221.46,227.07,235.30,244.52,240.14,245.98,240.35,241.76,234.83,234.55,232.94,227.18,220.81,218.50,213.85,209.15,204.79,201.00,192.90,190.91,179.61,176.41,165.42,154.72,144.13,134.65,123.26,113.44,100.90
95.48,104.31,105.11,113.16,116.21,114.35,119.33,117.65,120.10,119.10,123.99,129.03,130.60,134.41,138.65,145.09,151.20,158.66,162.34,170.65,183.70,193.31,203.59,210.19,216.38,222.05,232.95,232.20,233.14,229.68,231.14,228.02,225.89,220.78,216.36,211.93,209.48,206.02,201.56,199.49,193.66,189.76,183.81,176.82,175.10,165.52,156.37,150.23,139.28,126.21,117.89,108.25
91.39,97.02,95.75,95.27,102.90,109.66,108.23,105.08,112.75,115.00,121.04,123.00,129.83,137.41,140.39,149.63,157.04,162.69,170.24,179.03,194.74,202.41,211.53,219.28,223.13,230.17,239.55,240.05,242.17,240.02,240.01,233.73,232.08,232.33,228.18,225.68,222.73,222.03,218.23,213.94,212.20,208.54,202.23,198.46,192.85,179.98,170.99,159.29,144.93,133.96,125.17,112.90
103.00,115.76,117.18,126.61,125.10,127.06,125.94,136.47,141.06,154.28,164.35,171.64,171.60,179.00,184.00,188.05,192.52,198.07,206.16,213.24,224.96,232.73,240.13,246.76,254.95,259.46,264.80,262.49,264.38,261.96,262.68,258.37,257.13,252.69,250.33,247.76,245.80,240.19,241.07,231.94,227.18,221.94,214.25,209.39,203.82,189.19,182.40,171.03,158.70,145.12,135.20,120.83
103.32,112.87,124.74,130.70,133.70,145.09,145.72,154.81,157.38,165.60,171.03,177.50,185.31,185.57,191.02,199.22,205.65,209.75,219.13,224.90,232.77,238.76,247.42,253.55,262.20,267.23,274.17,268.60,268.81,270.83,268.20,264.09,262.00,260.49,254.67,251.92,250.74,246.07,243.82,236.75,235.47,225.20,223.33,213.82,209.31,194.16,187.83,177.89,163.93,155.93,141.03,126.24
106.07,118.11,121.17,129.03,138.08,144.81,152.20,160.59,163.52,166.96,172.84,179.69,184.29,188.43,193.84,199.18,208.97,212.13,216.45,221.16,231.67,240.75,245.73,251.87,258.81,264.02,270.65,271.16,268.56,270.30,267.38,265.84,263.03,258.18,257.03,251.72,249.90,243.77,241.30,233.85,230.79,222.87,216.15,209.68,205.30,194.31,184.81,174.67,167.36,151.08,154.21,130.92
94.89,104.56,111.54,120.83,125.73,133.41,139.46,148.12,153.05,156.59,160.43,168.00,173.57,174.20,180.02,184.61,191.88,197.09,203.20,207.06,215.00,224.35,230.41,237.66,245.28,249.90,252.34,252.30,248.22,247.13,243.40,237.21,232.23,230.60,226.06,222.83,221.56,215.67,212.72,205.30,204.60,195.29,191.23,185.30,180.49,167.36,162.31,155.08,144.42,136.47,124.54,109.37
103.71,115.52,120.27,129.52,139.59,147.32,151.16,159.14,163.15,166.90,177.12,178.87,184.13,187.38,190.63,200.12,206.34,210.49,217.85,222.87,234.39,242.40,252.41,258.57,267.23,271.91,276.59,277.72,270.17,272.52,267.61,260.65,259.28,252.77,248.65,243.48,241.35,235.83,232.48,222.65,220.31,213.80,206.71,199.61,194.62,179.32,173.83,164.10,152.16,140.35,132.55,116.30
99.64,111.45,116.08,125.60,134.47,141.79,145.78,152.90,156.26,162.08,167.84,169.84,176.23,181.18,183.33,191.64,196.42,202.57,210.84,217.27,226.38,238.30,247.03,255.57,262.34,268.29,269.01,264.62,259.47,254.57,251.60,243.34,238.35,233.49,227.09,221.43,221.73,216.00,211.26,202.11,199.83,191.13,187.11,179.78,173.05,164.44,156.06,148.41,136.19,128.39,119.27,104.01
98.60,109.29,113.60,122.04,128.86,134.24,137.00,142.89,146.89,148.12,153.01,157.50,160.46,162.81,169.04,175.01,179.01,187.11,192.02,198.93,214.01,226.00,234.34,245.70,252.02,260.50,267.26,262.03,259.46,256.42,254.00,244.56,242.44,239.11,231.45,225.89,225.08,218.74,213.24,207.18,201.70,194.81,187.45,182.50,173.63,163.49,155.12,145.72,135.93,126.19,113.90,101.21
95.13,106.83,109.11,114.00,120.07,124.53,128.72,132.19,134.84,137.46,144.47,148.45,149.40,153.95,158.15,163.03,167.60,172.65,179.81,186.39,195.13,204.92,208.54,218.21,223.04,230.36,240.30,237.84,239.45,239.71,240.79,237.55,234.97,231.26,230.36,227.25,223.62,220.79,218.66,210.34,207.18,201.00,195.90,188.69,184.00,170.42,161.52,149.84,138.58,128.00,116.11,103.37
93.54,101.87,105.48,110.34,118.51,121.43,122.59,125.54,128.13,133.21,137.00,139.13,142.41,148.03,150.81,156.00,158.37,162.11,169.81,175.51,183.98,193.23,200.32,208.74,213.43,223.49,232.03,232.36,233.03,233.21,235.21,231.71,233.26,232.47,229.16,227.18,224.34,220.55,221.69,214.76,212.72,207.79,200.26,195.16,191.23,179.48,169.96,158.43,147.03,134.38,124.04,110.35
112.40,119.04,122.43,129.85,131.24,133.30,133.41,137.06,136.70,140.13,140.73,145.89,148.00,148.30,149.27,155.96,158.82,163.78,167.20,171.49,181.00,189.27,197.73,205.85,212.29,221.37,232.11,233.98,239.35,240.41,245.20,242.40,247.02,247.65,247.32,245.84,242.42,241.11,241.12,236.03,235.51,226.29,221.77,214.90,211.14,197.04,186.27,173.52,163.13,151.82,137.90,124.15
104.79,114.55,115.62,122.98,123.23,124.49,130.31,129.03,132.82,134.27,138.71,140.72,143.54,145.23,146.99,151.08,157.11,157.69,161.40,163.77,171.12,181.21,186.53,193.54,195.35,205.20,216.63,216.47,218.66,219.21,222.27,222.27,224.88,227.14,226.37,224.70,220.91,220.74,221.07,215.29,212.61,207.37,200.81,196.16,192.00,180.29,171.82,161.38,149.50,138.80,128.10,113.00
106.04,114.39,119.85,123.69,124.33,128.89,133.54,135.37,139.85,142.86,147.76,151.40,154.78,154.51,157.44,165.24,170.59,173.90,178.60,178.73,187.04,196.62,204.28,210.19,219.02,226.98,234.83,234.48,236.33,241.91,242.44,240.60,244.32,246.97,242.98,241.51,239.02,235.77,232.81,230.97,225.84,218.08,211.34,205.77,199.04,186.00,178.37,166.03,154.83,145.72,130.60,118.60
99.86,111.83,113.75,120.15,123.81,128.14,131.37,135.92,140.13,143.14,148.08,152.07,155.33,155.59,158.22,163.86,171.13,172.80,178.04,182.46,192.42,198.88,208.28,211.30,218.93,228.04,239.05,240.03,241.02,246.79,246.90,247.49,248.50,252.05,246.95,244.97,241.15,236.69,235.72,230.34,224.88,217.15,209.47,204.88,198.18,184.07,176.32,163.03,152.55,143.39,129.88,115.07
98.99,110.02,113.75,121.66,126.21,130.25,137.13,141.35,143.69,146.17,149.16,155.86,158.38,159.86,161.40,166.37,173.95,177.50,185.13,187.88,196.73,205.12,213.82,217.12,223.93,230.00,248.62,251.78,255.22,254.43,256.76,254.58,255.89,256.76,250.23,250.71,245.93,239.01,238.30,231.18,227.13,220.20,212.00,204.48,196.58,182.53,175.86,164.48,150.16,140.43,126.56,112.45
100.65,107.79,111.20,121.24,125.99,132.57,135.00,139.01,141.99,144.70,151.17,154.18,156.24,156.98,159.36,164.68,169.76,174.45,179.34,184.02,193.60,203.27,213.03,218.19,224.74,235.72,254.62,257.62,260.16,261.77,263.37,257.96,255.31,252.62,248.29,246.45,243.00,235.61,232.60,227.04,221.65,216.60,207.42,202.32,195.14,183.01,174.26,161.92,149.72,138.95,126.25,113.32
91.79,99.16,104.18,110.37,117.39,121.74,124.62,128.80,129.69,131.97,136.18,139.72,144.46,143.22,145.00,151.48,153.57,158.86,162.03,165.33,175.03,183.17,188.05,197.40,207.51,214.08,224.88,225.14,229.09,230.08,230.33,225.22,222.32,219.24,215.70,211.34,209.97,204.46,202.48,196.60,194.25,186.94,185.00,174.73,168.36,158.62,148.22,141.15,130.03,121.79,109.60,98.79
103.71,114.91,111.83,118.51,127.14,131.75,132.32,135.68,134.63,138.52,142.94,145.50,146.51,148.22,148.77,154.35,159.00,158.69,164.20,166.40,173.67,180.94,188.38,197.29,201.32,209.70,217.08,220.33,224.11,225.57,229.17,227.61,230.01,230.77,227.50,224.74,224.37,220.27,221.42,214.67,211.40,204.94,201.00,192.21,190.28,178.33,169.10,158.43,145.50,135.48,123.17,113.07
98.41,108.47,113.00,116.06,122.30,126.62,131.23,137.12,137.36,140.52,144.06,150.57,150.42,152.07,153.81,159.05,163.37,167.94,170.42,173.42,183.74,188.77,196.73,201.80,208.31,217.09,225.16,226.72,229.34,235.85,235.41,233.42,235.99,238.02,234.39,232.17,231.02,225.73,225.89,220.24,216.39,212.08,207.24,199.42,194.56,182.46,170.75,160.65,149.12,139.62,126.04,113.85
86.76,102.83,117.65,133.30,155.64,178.39,187.38,210.34,225.06,232.74,241.96,256.03,262.82,266.63,274.36,279.87,284.01,285.34,292.33,289.50,283.70,287.04,283.11,279.63,279.55,271.19,253.31,239.24,233.65,222.85,211.05,200.26,178.28,172.36,160.33,152.05,143.89,134.62,121.83,106.61,96.08,81.41,66.22,54.92,48.33,40.01,41.18,41.05,41.19,40.31,41.23,38.83
91.84,99.46,103.24,111.33,115.38,121.02,122.80,132.54,134.50,142.44,145.61,151.33,156.06,158.75,163.69,171.06,174.29,183.38,185.28,193.46,205.18,214.35,220.73,230.34,235.48,244.97,253.24,254.33,259.46,260.63,263.01,259.38,261.07,262.24,257.12,257.42,252.41,249.56,245.84,237.12,236.22,226.64,221.33,210.54,203.97,188.66,179.57,169.03,158.05,148.65,135.72,122.38
89.59,100.21,103.41,108.00,114.48,123.98,125.50,133.20,138.03,141.76,146.81,152.74,158.29,161.55,165.01,170.29,179.82,183.37,190.26,195.14,205.83,213.64,222.00,228.21,236.37,243.82,250.14,250.60,254.26,255.00,252.17,250.46,250.83,250.05,246.14,243.59,242.60,236.58,235.27,224.38,220.11,211.46,203.39,194.16,190.69,177.09,170.19,159.11,146.99,137.36,128.32,114.11
90.14,99.57,99.20,105.57,111.62,118.07,120.21,127.01,131.38,136.17,142.61,146.03,149.31,155.56,159.26,165.50,172.05,173.66,178.44,186.70,201.16,207.55,217.14,222.91,230.89,241.07,248.50,250.46,252.25,255.00,251.72,252.06,250.57,250.19,245.95,241.87,239.55,233.66,234.10,223.89,218.98,210.05,204.36,196.95,191.67,178.89,172.84,160.82,147.61,139.27,126.65,114.28
101.98,110.80,113.37,118.87,124.17,128.81,132.38,139.56,141.01,145.60,148.35,152.07,157.89,161.30,164.11,171.16,178.09,179.81,186.50,192.57,204.69,212.00,222.10,226.82,235.05,241.41,253.21,256.60,257.26,258.85,257.39,257.26,256.25,253.34,248.94,243.99,242.89,236.30,235.27,224.18,219.99,212.61,207.21,196.88,191.85,178.44,169.20,159.67,148.00,137.62,128.06,113.72
43.28,62.65,87.09,104.02,119.44,137.77,151.49,173.74,181.53,190.26,197.25,202.99,208.81,209.62,215.41,216.36,218.69,219.35,221.30,218.22,214.11,211.40,214.89,216.10,215.06,212.22,219.80,205.10,200.02,205.55,202.06,202.07,203.07,202.41,199.30,196.02,195.27,188.85,182.36,177.18,170.51,159.88,154.16,147.18,141.44,133.15,127.64,123.60,117.95,112.07,104.28,97.74
40.01,58.83,84.12,98.00,114.49,132.55,144.25,166.93,174.66,183.98,189.45,196.84,202.27,202.51,207.96,212.29,214.67,213.69,216.45,213.69,210.95,211.93,215.87,217.61,223.52,226.57,240.16,228.32,220.62,224.51,222.52,219.08,218.18,219.97,212.94,208.68,207.78,199.09,191.82,188.00,179.78,165.10,159.14,149.86,142.06,130.60,122.38,117.21,111.33,104.20,95.96,88.65
58.83,72.50,86.37,100.85,113.36,129.10,141.01,157.31,166.51,173.14,180.62,187.38,192.27,193.35,197.34,203.79,209.76,213.23,218.33,217.08,221.38,228.64,231.62,235.09,245.46,249.83,242.40,231.59,227.85,226.81,220.15,218.05,212.85,213.51,204.08,200.94,195.30,188.04,183.20,178.00,169.25,157.66,149.21,138.71,130.60,111.33,105.55,96.00,86.68,77.49,72.40,63.03
90.51,104.92,119.15,130.51,141.20,155.71,166.57,182.39,193.21,198.49,207.46,214.79,217.92,221.12,223.23,230.80,235.48,241.54,245.45,244.07,246.73,249.95,248.94,250.49,250.24,246.60,248.09,241.47,238.25,233.36,229.71,221.54,216.06,212.95,207.97,203.20,196.02,190.60,182.66,178.03,169.65,160.11,146.82,134.83,125.78,100.72,89.20,75.80,66.48,57.38,48.37,40.61
85.56,97.99,114.98,124.62,138.65,150.01,162.93,181.02,190.63,199.53,206.65,215.23,222.33,222.00,227.55,233.62,241.02,244.72,247.48,246.66,248.47,255.93,254.53,258.64,259.79,261.22,253.58,245.05,238.16,231.04,224.52,219.72,210.87,207.07,199.12,194.50,186.68,178.37,174.94,169.14,162.27,147.03,138.80,125.54,113.53,92.72,85.62,78.10,73.98,67.36,59.03,52.63
104.40,111.49,115.45,117.89,118.26,120.42,114.83,105.77,107.91,104.00,111.00,112.00,115.94,118.09,120.11,124.65,126.29,128.66,138.51,136.86,145.34,154.33,156.54,165.39,173.63,181.57,191.13,198.00,201.76,196.03,199.62,184.97,185.32,182.28,177.59,174.90,167.89,162.37,162.93,162.75,159.36,157.75,155.55,152.50,149.70,150.21,142.28,136.31,132.40,124.65,119.87,106.57
102.55,108.68,115.97,114.63,114.02,112.07,104.48,91.92,93.64,87.66,95.69,98.35,98.60,104.24,107.70,112.54,118.95,124.06,128.46,135.21,150.57,159.31,169.17,177.00,185.80,193.72,212.43,216.67,223.89,229.10,233.96,232.11,236.85,240.76,239.91,238.47,235.68,232.66,234.05,228.95,225.40,219.86,210.06,204.38,195.25,179.25,173.07,162.27,152.32,142.17,130.19,117.55
102.79,110.72,109.59,114.86,115.75,104.68,102.11,76.38,88.64,98.09,102.20,104.35,112.51,121.75,130.06,132.67,140.16,145.84,154.69,160.16,173.92,184.94,191.64,198.83,209.07,212.08,223.28,224.45,229.92,228.48,227.11,219.15,218.83,218.79,211.40,207.62,205.85,203.59,199.54,195.06,191.76,186.14,181.81,175.05,173.28,166.00,159.11,152.07,142.69,131.73,125.43,110.11
99.13,106.92,110.68,108.52,108.41,95.52,95.75,77.10,93.11,106.02,108.00,111.52,123.82,130.29,139.52,143.03,149.47,158.22,164.20,170.58,183.79,195.14,201.36,208.87,218.26,223.89,233.43,233.55,238.67,236.58,233.80,227.79,224.72,225.84,219.94,216.12,211.59,207.53,205.24,197.20,197.70,192.13,184.82,178.73,176.78,171.05,163.78,156.00,146.22,135.83,128.89,113.77
81.30,82.68,85.76,89.04,90.43,92.01,90.97,96.66,101.83,109.18,116.16,120.88,132.41,139.05,145.80,152.61,160.64,165.37,173.93,178.93,194.49,202.77,211.19,216.32,228.53,236.13,241.96,248.81,253.21,254.95,252.05,253.02,257.01,256.04,249.71,245.66,244.64,240.26,237.02,228.46,221.93,214.22,206.61,199.90,198.20,185.30,177.05,168.67,159.26,146.89,138.57,122.15
77.23,81.84,80.23,89.50,91.20,96.33,97.12,107.30,108.41,114.13,121.40,128.10,134.77,140.66,144.96,150.94,161.31,166.19,174.20,179.36,189.16,197.36,204.41,215.64,219.60,223.89,239.56,243.07,246.08,247.19,249.93,248.05,253.03,255.88,253.86,249.99,248.74,242.51,239.93,233.48,231.22,221.45,215.23,208.47,201.44,188.67,182.79,174.10,161.40,150.05,140.91,127.09
89.44,92.42,89.89,93.51,97.45,99.99,96.57,96.02,100.22,102.69,109.29,113.28,119.36,122.43,124.04,130.75,136.93,140.80,146.37,152.27,169.57,180.90,192.90,211.94,233.03,255.67,268.21,265.63,260.41,260.00,259.37,250.46,249.06,247.50,242.00,241.63,238.77,232.78,231.17,226.24,223.33,218.00,214.35,206.89,204.24,191.13,184.55,174.67,162.83,151.49,142.23,124.43
87.14,89.27,84.48,84.58,87.13,83.60,74.25,72.67,74.32,76.92,84.38,87.28,91.68,96.65,102.62,109.22,111.36,115.52,121.04,129.07,145.42,162.80,181.07,205.08,221.94,237.90,245.59,244.01,244.17,242.00,243.82,236.58,237.69,235.31,230.63,230.02,229.46,225.30,222.81,217.11,214.25,211.14,204.22,198.36,195.48,182.02,176.21,167.03,154.92,144.92,134.30,119.33
97.20,102.22,101.07,95.34,88.60,74.33,63.06,45.61,45.54,45.35,50.99,58.08,61.20,66.22,74.25,77.47,86.84,93.52,100.98,109.04,132.97,161.47,187.11,207.33,219.60,238.01,247.31,244.26,245.81,244.72,244.25,238.88,239.94,239.64,234.03,232.57,231.95,227.88,224.95,220.68,216.28,211.99,208.73,201.88,198.06,185.32,175.87,168.34,158.93,148.76,138.18,118.87
86.21,92.18,91.41,92.27,76.24,67.96,50.91,36.06,30.02,23.19,17.49,12.21,13.04,6.71,2.24,11.18,24.33,39.05,41.63,55.23,66.27,80.36,94.76,126.32,152.08,179.27,202.28,203.58,209.31,204.47,205.29,200.96,199.82,199.90,195.41,198.16,194.76,193.26,189.89,187.18,184.17,182.44,177.23,172.93,169.86,161.64,156.73,147.56,142.27,131.03,121.49,109.04
87.01,93.62,95.43,93.92,78.71,68.68,56.61,34.48,30.36,21.21,15.81,13.60,18.68,9.22,9.22,7.21,16.40,32.14,36.06,49.24,60.54,73.01,86.35,120.10,145.46,174.10,200.12,200.06,207.19,202.25,202.32,196.70,197.01,196.79,193.60,195.36,191.44,190.91,187.95,185.95,183.00,182.07,178.32,172.53,171.33,165.19,157.28,150.53,142.43,133.18,125.30,111.13
134.24,152.62,161.91,177.10,192.09,205.50,215.59,230.23,236.14,238.95,246.01,245.02,250.53,249.01,245.58,246.53,246.02,243.25,244.63,236.95,230.38,235.30,235.76,221.33,145.34,67.21,109.08,150.96,171.92,180.94,186.04,192.67,198.93,204.62,197.45,195.26,193.58,193.57,192.66,187.07,183.35,177.34,172.59,168.00,166.58,162.09,159.45,152.19,149.35,142.00,134.54,124.08
127.62,146.70,163.62,174.54,184.50,199.45,210.40,225.50,230.22,231.53,234.17,236.59,236.86,233.66,226.45,227.01,222.39,217.87,217.75,209.55,190.54,183.45,172.54,165.42,158.46,141.40,117.92,122.49,143.60,163.08,177.81,184.98,194.67,200.56,197.96,195.50,195.35,189.41,183.81,181.22,179.11,172.12,167.20,159.80,160.33,157.04,152.50,146.81,144.36,141.42,132.28,123.69
118.61,137.79,151.48,166.69,178.54,189.08,200.96,215.47,220.01,223.79,227.78,226.99,227.86,223.58,223.28,225.23,219.92,218.45,216.67,211.48,199.90,198.15,188.88,189.81,179.48,177.50,192.11,220.27,217.83,212.76,217.86,212.12,209.62,209.30,203.42,196.22,194.00,188.69,180.37,175.50,170.42,163.05,159.14,153.64,152.11,145.77,140.89,140.29,135.82,131.76,123.15,115.41
50.00,50.96,44.72,45.61,38.90,34.71,31.24,31.14,39.60,45.00,54.12,62.36,69.12,79.31,84.12,89.87,97.35,103.16,106.02,110.37,115.11,114.76,116.73,116.40,131.52,146.22,185.31,198.56,201.80,205.29,206.53,208.89,214.67,219.57,219.79,221.53,220.51,218.84,219.43,216.60,217.62,212.46,209.61,204.08,200.30,192.51,184.39,174.10,165.08,152.87,142.64,128.84
120.60,137.91,152.20,165.34,178.04,190.80,196.73,209.57,211.94,215.23,219.87,221.82,225.36,221.23,224.88,225.08,226.77,230.20,230.69,228.01,228.22,235.54,239.53,246.79,255.98,256.97,246.44,236.14,231.00,229.12,222.81,214.98,212.05,207.54,202.83,197.25,189.20,184.59,181.80,175.93,169.52,162.27,157.00,149.31,147.80,142.34,138.81,133.00,131.90,125.32,118.07,109.20
122.59,138.71,153.40,169.01,177.39,192.75,202.47,216.84,223.22,224.96,228.40,234.02,236.25,235.21,236.48,238.56,237.79,240.17,236.93,237.66,237.24,239.89,238.40,236.73,231.78,224.57,213.32,206.25,205.88,202.94,200.81,198.93,197.04,196.23,191.86,187.21,181.21,181.25,173.44,169.01,165.74,157.47,150.94,148.55,146.24,139.72,138.00,133.65,132.97,127.29,118.97,114.35
85.80,85.59,84.53,80.22,76.22,69.30,59.24,51.43,44.60,42.58,39.56,38.21,37.64,38.08,37.44,33.60,27.29,25.00,20.00,12.21,19.24,46.84,85.23,117.52,146.18,174.75,207.47,208.75,213.25,215.29,222.07,218.68,221.44,221.82,221.37,220.98,218.55,218.20,216.45,213.58,213.33,208.12,202.89,197.99,192.04,181.34,172.00,162.39,153.06,142.41,132.57,116.21
130.61,146.49,158.11,169.81,183.85,195.17,202.39,214.24,213.80,218.18,223.81,224.83,226.85,221.49,223.02,223.26,219.54,217.85,215.08,211.80,198.12,189.53,179.01,172.59,156.24,170.70,172.53,169.78,175.93,188.32,192.85,193.60,200.23,206.30,203.57,203.90,198.71,199.64,195.83,193.79,190.39,186.08,184.39,176.48,172.57,170.51,165.51,160.65,157.31,147.87,142.64,133.42
53.85,41.98,37.22,30.02,15.03,3.16,17.03,51.31,66.94,84.17,103.08,118.22,129.52,140.29,153.84,166.24,174.93,185.22,198.08,206.63,220.24,224.29,229.46,230.82,228.41,233.56,230.50,218.98,220.05,216.71,212.72,208.40,207.78,201.56,204.17,193.81,193.68,192.31,194.74,190.92,192.35,190.76,185.78,181.46,179.18,172.68,168.36,158.69,149.28,142.62,131.05,117.00
133.26,150.08,158.15,171.14,183.29,190.39,196.42,211.85,214.69,215.63,219.43,218.30,219.28,217.47,217.87,215.54,212.55,210.06,205.55,201.01,189.84,179.14,172.41,164.77,166.69,169.07,180.85,190.60,208.81,217.41,219.49,224.96,232.45,235.05,232.02,229.68,228.06,227.09,221.06,213.59,208.72,204.92,196.13,188.18,185.05,170.45,165.71,154.28,148.12,139.52,132.46,122.30
129.84,144.51,155.00,165.13,179.34,190.39,195.58,206.34,208.50,212.05,215.19,217.57,219.87,211.85,212.08,212.16,207.55,204.94,202.20,192.77,180.62,170.51,170.18,170.47,182.46,181.55,192.57,196.33,210.39,219.83,222.85,224.76,228.13,231.46,227.07,227.27,220.84,217.35,217.15,210.68,204.92,191.90,187.68,178.40,171.61,157.47,149.16,141.03,132.10,125.16,115.52,105.39
128.25,144.22,157.84,169.12,178.88,190.42,201.42,211.90,217.31,217.34,224.20,225.42,226.81,226.57,224.51,223.49,221.84,219.01,217.90,215.23,211.28,210.15,211.01,214.70,221.27,224.24,229.90,228.66,231.28,229.19,227.59,227.44,230.71,230.18,223.18,218.40,217.82,212.42,208.37,198.60,191.02,184.05,172.59,162.93,157.04,135.92,129.07,119.37,110.42,103.70,94.09,85.87
128.43,143.60,159.05,170.19,179.27,192.42,200.39,211.29,216.84,221.08,225.75,230.83,232.47,229.17,229.24,229.43,228.48,228.56,225.28,224.18,217.45,220.98,218.96,221.24,224.70,227.37,227.97,222.58,224.16,220.74,219.13,216.62,213.65,213.97,206.58,203.23,198.04,193.96,187.75,179.60,171.96,160.70,152.05,141.16,130.15,106.83,97.67,89.94,83.74,79.31,73.59,70.00
105.19,119.24,135.18,147.53,159.30,177.55,192.08,207.70,217.68,221.21,228.56,232.64,237.41,237.36,234.10,239.10,239.14,240.75,238.66,236.18,228.87,231.39,230.63,234.36,234.36,232.11,215.08,202.25,198.76,196.70,194.54,192.28,189.01,186.94,180.87,178.40,173.57,167.11,162.41,152.09,141.89,136.19,127.02,115.04,106.79,92.42,87.00,82.07,78.52,77.18,73.16,66.27
102.93,121.75,135.09,151.64,164.55,181.02,194.83,210.04,216.89,222.39,229.53,235.77,236.89,237.54,237.74,242.62,241.47,241.81,241.01,237.69,225.26,228.53,222.20,221.84,220.73,215.34,200.44,190.72,183.58,180.85,174.41,165.85,155.47,154.74,146.34,142.27,138.19,132.74,122.49,112.16,102.08,83.57,67.45,44.92,33.12,29.61,37.64,48.27,53.01,57.49,59.06,61.52
109.08,126.25,143.56,155.93,169.01,186.97,199.42,214.48,222.19,228.25,237.55,241.60,243.25,242.74,242.69,248.20,246.04,246.84,243.31,244.03,230.18,232.42,227.01,225.53,220.15,217.31,201.06,190.04,183.29,171.54,165.24,157.69,146.69,144.20,137.93,129.25,123.69,114.97,102.80,92.62,79.16,60.64,43.17,25.81,21.54,44.41,52.63,61.29,66.07,68.01,68.01,66.13
114.49,128.81,139.94,155.76,170.42,186.01,198.34,215.33,221.74,227.43,236.08,241.08,244.47,242.17,242.37,246.03,246.89,244.84,242.24,242.37,228.40,229.42,228.74,224.98,222.73,219.99,202.27,187.68,177.16,172.54,162.78,154.43,149.05,149.12,143.03,136.36,121.51,113.60,104.56,92.66,73.74,57.63,44.60,37.58,38.08,59.08,64.40,72.42,77.01,75.27,73.25,73.06
121.34,139.09,150.08,167.48,180.71,195.06,208.36,226.77,234.44,240.05,249.71,251.86,256.67,256.12,257.77,256.91,260.28,259.76,257.07,250.84,241.60,239.40,234.01,230.22,225.64,221.46,204.16,193.96,186.94,171.19,166.78,156.20,151.24,145.69,138.80,125.78,113.15,102.22,103.12,97.84,88.09,93.54,91.02,94.25,95.52,96.83,97.12,94.64,92.66,87.42,86.58,82.54
133.45,151.12,164.00,180.55,194.65,208.48,223.52,233.21,237.97,245.20,252.02,251.64,255.04,256.84,253.12,258.70,255.63,250.78,246.85,243.84,228.67,223.08,220.20,213.35,203.67,194.20,167.67,153.31,138.24,121.49,106.10,89.38,78.60,87.98,99.36,119.85,124.79,128.86,128.02,123.22,116.81,109.17,102.34,96.83,93.35,84.63,88.24,84.53,82.01,80.32,75.17,70.33
46.87,60.03,68.95,80.43,92.91,102.79,112.02,134.53,138.06,146.44,155.21,162.52,170.88,173.51,179.20,184.98,192.42,198.73,200.12,201.70,205.91,212.21,218.08,220.20,225.94,228.97,231.80,232.94,232.40,231.95,232.59,229.38,226.72,218.68,212.62,196.31,191.85,183.81,181.69,178.54,176.92,174.64,172.00,166.14,161.53,155.08,146.22,139.67,129.26,123.45,114.21,102.42
130.00,155.05,171.94,186.13,197.25,207.53,215.41,236.18,241.75,246.76,250.17,253.95,257.07,255.88,254.03,258.09,252.83,250.34,245.13,241.67,226.34,220.55,214.28,208.12,197.73,185.61,161.21,148.65,137.10,118.15,105.48,92.76,94.73,100.90,113.09,121.49,125.61,127.91,131.40,128.19,128.84,120.77,112.41,101.86,97.19,83.86,81.02,78.64,75.01,72.18,64.88,60.96
131.49,151.40,166.03,179.01,196.38,208.52,221.04,234.14,241.23,246.46,250.06,257.26,258.15,254.20,253.65,256.85,255.55,249.93,246.62,240.47,226.82,222.69,219.23,204.94,201.30,190.80,163.29,154.81,140.36,128.76,118.00,107.91,102.04,111.02,123.85,136.78,141.78,142.41,147.03,141.16,139.19,124.62,120.74,110.68,103.75,84.31,83.52,78.59,70.71,66.12,62.36,57.69
126.21,146.25,159.91,174.45,188.22,201.70,215.80,227.38,236.68,240.23,246.24,248.97,253.03,253.58,252.79,253.50,251.41,245.29,244.56,237.12,218.40,215.76,211.27,201.42,198.08,182.48,158.40,151.16,142.34,135.34,126.14,126.70,130.00,137.93,134.83,139.78,140.23,139.83,138.20,133.69,126.25,118.60,106.38,95.52,87.60,59.54,54.71,47.41,43.32,44.01,43.05,43.93
74.17,82.68,84.05,90.03,99.08,107.22,115.00,129.10,135.62,145.04,152.12,159.36,169.16,169.07,174.75,178.47,187.38,192.82,197.88,198.82,204.12,206.63,216.01,213.02,218.96,220.77,224.15,219.11,215.67,215.23,207.80,204.32,202.36,200.11,197.40,189.52,189.24,186.13,188.22,189.26,189.27,188.28,183.96,180.19,179.20,167.36,161.06,152.19,142.62,135.67,119.57,109.90
75.29,82.49,83.05,91.21,101.36,111.80,120.34,137.93,141.36,149.24,156.29,162.39,169.96,171.90,175.64,183.33,188.60,196.00,197.70,197.47,203.68,208.03,213.12,215.19,220.32,219.97,221.11,221.36,222.50,216.21,214.73,213.19,211.62,211.15,206.70,201.25,202.07,197.96,192.26,189.42,187.26,180.60,177.05,171.98,168.00,158.52,149.97,144.20,133.12,123.91,114.00,101.95
80.53,93.41,99.20,110.89,120.44,131.89,140.12,159.38,161.40,170.58,177.05,185.97,194.16,196.62,200.37,209.85,216.02,220.95,226.99,224.96,231.97,235.68,242.55,244.30,248.11,252.04,255.29,251.37,251.53,246.27,243.77,236.88,228.06,225.83,217.17,209.15,207.17,199.74,194.44,192.26,188.52,180.31,177.80,173.49,168.27,160.65,153.55,145.78,134.42,127.12,115.28,101.71
144.85,165.41,178.40,193.31,203.35,220.88,235.64,246.98,255.65,255.84,261.96,262.61,261.81,260.00,258.52,260.30,254.10,250.20,249.16,241.37,224.57,224.08,215.78,209.48,208.12,203.42,182.54,166.54,158.03,148.45,136.78,123.55,103.17,93.74,85.87,71.70,58.83,38.83,20.62,12.17,20.62,41.44,53.76,67.23,77.28,92.85,95.27,98.48,95.57,93.54,93.04,86.98
145.58,165.68,178.93,190.39,201.69,214.13,222.80,230.79,237.15,240.66,242.25,243.97,241.50,238.01,233.53,232.91,224.18,220.91,218.19,209.68,191.91,192.28,185.46,177.90,172.01,163.60,147.15,135.68,125.30,115.85,105.00,91.71,76.06,65.30,55.79,45.40,32.00,23.19,15.00,19.65,32.39,45.69,56.30,69.30,78.39,94.19,96.21,97.80,98.18,97.98,93.90,89.47
146.10,166.08,176.14,189.49,203.34,214.56,223.40,229.46,235.72,237.43,240.65,240.75,238.29,237.92,230.79,231.87,222.63,219.51,214.57,206.55,191.80,188.28,184.74,179.28,173.08,167.36,145.60,136.17,127.68,117.04,105.51,95.34,77.83,65.51,59.09,44.27,32.89,25.24,27.59,30.00,43.05,57.20,66.07,75.18,87.10,105.11,107.62,110.11,104.05,105.48,104.66,98.86
135.98,152.61,167.05,176.47,190.07,203.00,210.00,219.86,224.52,225.44,233.19,231.91,233.03,229.44,229.99,227.69,227.32,225.57,223.02,220.10,209.85,213.23,211.77,207.14,203.57,200.14,197.31,191.66,185.07,175.73,171.09,170.88,161.25,156.54,146.41,137.84,135.34,143.42,147.31,148.00,145.50,148.82,147.20,145.41,143.56,147.05,144.03,142.13,138.35,132.31,126.83,117.61
130.38,145.62,158.80,170.47,183.66,196.00,202.88,216.39,221.24,222.80,230.22,227.69,231.23,227.27,226.68,230.26,229.71,227.73,228.24,223.01,214.77,218.30,218.02,216.32,217.08,220.00,210.79,201.88,198.12,196.47,193.21,190.41,189.17,196.57,198.16,199.49,185.28,174.26,166.98,157.75,155.59,149.03,143.39,142.77,141.13,140.47,136.56,134.63,128.79,123.26,115.69,108.98
126.25,143.38,154.84,169.65,180.75,194.65,202.89,215.41,220.64,225.04,227.37,228.88,232.13,230.71,231.01,232.77,230.41,231.39,230.14,227.11,218.81,223.14,217.88,219.79,216.33,219.15,204.96,201.53,200.64,193.55,190.82,187.10,179.32,177.10,173.42,170.42,166.24,161.97,150.62,149.48,142.61,136.03,132.23,131.37,129.54,129.63,124.10,121.84,120.42,117.46,109.12,100.72
119.52,135.57,148.39,160.86,174.90,188.77,196.62,209.44,216.15,218.10,223.43,225.98,229.31,225.50,225.14,230.97,227.04,227.04,226.05,225.06,215.30,218.56,213.59,212.25,213.85,214.44,198.25,187.86,186.19,180.40,177.88,168.60,156.27,155.32,153.81,152.55,147.57,141.45,141.50,142.30,142.69,138.71,134.89,133.36,133.38,133.30,131.05,126.19,125.00,119.02,112.93,103.81
60.14,56.60,46.96,36.69,27.73,18.44,24.04,55.11,65.80,75.82,90.74,99.46,109.04,118.90,130.21,134.20,143.96,153.64,159.84,163.29,175.64,184.10,192.04,197.41,202.25,213.04,227.71,228.40,234.65,238.19,243.23,246.91,255.89,253.82,245.78,235.77,230.71,227.47,227.75,219.32,220.58,216.34,213.04,206.12,206.83,198.08,191.09,183.22,172.66,163.00,150.99,137.36
133.00,151.20,165.85,180.83,195.29,208.89,219.36,229.86,233.56,235.37,240.78,240.68,239.60,240.05,237.03,240.09,237.02,235.64,232.14,223.44,215.26,213.30,203.97,202.42,194.54,188.68,178.88,173.49,161.38,152.46,135.06,127.44,113.95,117.66,138.08,143.63,152.76,155.00,154.12,158.69,157.04,154.30,152.08,150.00,150.00,142.90,141.77,136.78,132.37,127.01,120.28,108.46
128.14,144.00,156.18,172.94,189.04,203.91,214.34,226.56,229.56,232.49,236.40,238.40,241.81,240.92,239.85,242.84,239.76,238.91,238.21,232.03,223.66,222.25,217.37,217.37,219.08,219.25,208.22,188.68,184.78,183.97,177.51,170.86,152.71,147.12,147.09,146.75,147.96,148.66,146.32,141.68,140.80,140.01,134.73,131.97,131.10,129.40,125.00,122.20,114.98,108.17,106.25,96.77
119.52,136.88,147.46,163.15,177.20,190.19,200.11,213.88,219.45,223.99,231.67,230.95,232.97,233.09,233.94,237.59,237.69,237.39,235.80,234.39,225.80,228.96,224.93,227.07,225.52,228.44,217.18,207.86,207.85,204.14,201.19,192.33,183.32,184.62,183.36,178.10,167.60,159.01,151.43,141.66,128.50,122.20,106.40,101.67,101.24,100.42,98.08,97.08,92.57,89.94,87.32,80.23
136.89,154.74,166.71,184.61,200.93,214.40,225.80,238.73,247.50,246.98,255.52,255.95,260.93,257.75,259.70,262.61,264.49,259.62,264.23,261.90,255.52,259.72,257.99,257.09,251.96,254.02,252.10,241.12,233.62,231.76,224.08,221.06,214.44,211.69,205.78,196.16,185.73,164.40,148.07,132.31,125.92,118.93,109.66,109.66,109.48,110.11,104.00,102.59,100.40,95.19,91.40,82.80
132.31,151.65,165.08,180.88,196.57,209.35,222.81,236.33,245.08,246.89,255.15,253.85,257.49,257.03,256.43,259.02,257.63,258.77,257.50,255.77,245.51,248.36,248.94,246.66,241.76,238.42,227.25,218.71,213.93,204.41,196.73,187.86,172.43,166.29,158.37,152.95,144.54,135.96,124.58,112.04,100.04,94.13,83.15,76.11,77.52,77.93,82.10,85.29,86.13,86.35,82.22,77.10
63.13,67.18,71.42,74.28,77.20,79.08,82.35,90.26,92.02,101.12,108.16,115.25,124.74,133.22,142.76,147.87,155.26,162.93,170.14,178.19,187.36,198.20,204.94,212.44,220.62,226.61,237.61,239.27,241.94,244.18,246.62,243.04,245.08,241.68,239.89,232.81,226.50,220.08,219.24,207.89,206.79,200.34,194.06,183.66,182.13,172.65,167.49,158.71,149.69,136.78,130.86,116.90
81.39,86.83,91.30,96.94,101.02,102.65,105.69,108.91,108.63,112.45,115.43,122.78,125.60,131.40,138.24,141.06,149.91,152.63,158.11,166.14,176.66,185.27,190.98,194.66,203.49,207.27,217.15,218.07,218.84,223.04,223.95,223.09,228.97,228.00,228.37,227.65,229.32,225.66,225.11,219.42,216.37,211.70,205.16,199.25,192.57,179.52,170.43,163.08,152.27,142.04,131.47,116.52
81.27,89.14,94.03,98.49,100.96,105.04,104.35,106.62,107.04,105.21,108.25,108.56,112.38,112.02,117.99,122.61,125.10,131.59,136.47,141.78,155.47,163.15,170.14,178.04,182.24,190.43,201.00,202.09,205.27,208.47,213.78,211.77,215.23,221.47,222.93,222.14,222.06,218.63,221.33,218.94,216.04,213.02,208.12,202.59,196.65,181.21,175.79,163.42,153.06,142.64,130.60,118.21
106.53,120.34,132.28,144.52,159.71,171.03,184.36,201.00,208.17,219.78,228.97,234.44,244.18,244.66,251.62,254.95,262.00,265.35,273.65,272.38,271.31,276.99,281.85,284.61,282.00,282.77,277.89,267.23,259.56,257.42,245.33,234.61,219.92,221.29,213.78,207.85,195.93,188.05,178.71,174.20,164.11,151.08,139.85,129.80,118.93,96.30,83.00,70.88,62.20,50.61,41.00,32.25
105.77,120.81,131.31,143.03,156.54,170.43,178.73,197.00,205.24,216.36,227.48,232.59,240.00,245.93,250.87,253.51,260.31,266.33,271.41,273.13,277.83,282.79,286.92,291.25,290.66,293.42,288.01,280.86,273.34,266.13,261.60,249.00,234.00,231.91,224.18,219.15,207.42,199.49,191.69,182.86,174.54,162.19,152.03,143.34,132.48,112.36,102.11,89.05,78.43,67.01,57.45,47.38
115.43,131.76,143.56,158.49,173.05,188.61,201.30,215.03,219.86,233.08,242.86,246.01,254.92,258.94,264.36,266.10,273.47,280.14,282.08,283.47,283.32,290.00,291.76,297.32,296.97,294.34,288.43,281.78,274.77,265.05,258.54,245.11,225.50,222.04,210.72,205.88,196.73,188.16,177.16,166.21,159.20,149.70,135.83,125.78,118.11,98.23,89.69,75.43,64.54,53.54,44.20,35.17
117.39,135.01,152.80,163.22,176.71,185.92,199.40,216.76,221.42,231.23,240.11,246.73,252.49,253.18,258.77,263.18,268.63,271.18,277.50,277.74,276.81,281.35,283.04,286.11,285.95,285.46,276.88,266.18,259.48,251.45,242.49,229.53,210.76,209.70,198.74,190.22,178.55,172.53,163.29,153.15,145.60,133.42,123.79,114.11,102.49,82.04,69.46,57.49,49.25,37.58,26.25,18.97
116.04,133.75,146.70,157.46,168.19,181.04,196.06,210.02,213.90,227.30,233.50,240.25,244.01,248.92,251.92,256.31,259.17,263.35,266.81,271.04,270.27,273.38,277.65,277.50,276.31,275.04,266.60,257.75,250.51,243.13,233.90,223.43,206.93,200.24,190.47,183.10,173.95,165.41,156.67,147.63,137.64,128.89,116.48,107.67,97.74,76.66,65.80,51.62,41.23,32.14,22.14,15.62
113.25,128.22,140.09,149.70,166.46,172.10,186.76,204.63,214.44,225.53,231.97,239.64,246.94,249.84,256.68,262.23,267.53,272.80,274.09,275.41,274.35,278.72,282.84,285.90,284.00,284.48,275.26,265.55,260.00,251.23,242.99,230.05,216.78,213.55,205.83,198.16,185.78,178.47,170.80,161.44,153.50,140.13,131.86,118.61,106.61,82.13,69.64,55.71,43.29,29.27,20.25,10.82
106.04,121.15,133.54,146.25,156.71,165.68,182.12,197.09,202.60,213.86,224.74,230.42,233.50,239.53,245.70,253.34,260.40,262.97,270.66,271.45,276.00,279.37,286.43,287.77,290.43,290.04,282.18,280.04,274.04,267.97,262.24,253.30,241.35,238.77,234.29,227.34,220.19,214.87,204.39,196.62,188.92,176.50,165.60,148.65,140.12,116.42,100.08,79.81,58.14,43.01,31.38,19.24
102.45,116.73,127.41,140.89,149.47,161.31,170.63,188.73,198.65,205.10,212.00,218.39,228.95,231.31,234.78,242.64,247.51,252.52,257.98,258.30,261.00,264.95,272.33,274.93,276.68,281.02,277.02,272.41,268.49,263.43,258.64,250.99,241.61,241.51,233.94,229.27,222.15,215.34,209.40,203.11,196.00,185.00,173.44,162.82,154.46,133.27,121.51,105.23,90.09,74.17,60.13,49.09
108.12,122.98,134.63,150.48,160.88,172.82,185.40,203.34,210.10,217.33,226.72,233.75,240.44,242.17,244.62,252.23,255.16,261.49,266.02,265.71,268.94,274.20,277.84,278.68,279.35,283.56,279.45,272.15,267.07,261.66,256.04,247.17,235.16,236.58,228.04,223.44,213.22,204.28,198.58,192.51,185.44,170.84,164.66,153.84,145.41,125.02,114.54,100.85,89.87,78.10,65.12,53.81
122.69,137.90,152.32,164.10,177.79,187.93,198.84,212.51,218.36,225.58,231.62,235.64,241.75,239.11,240.66,245.60,246.79,247.43,253.62,251.68,251.18,252.41,256.73,256.56,256.47,257.78,252.00,243.25,236.33,232.82,224.72,217.45,205.57,203.33,194.83,187.95,180.36,171.29,163.59,160.22,151.01,139.95,131.59,120.62,110.16,83.35,71.42,50.61,37.85,20.62,9.22,10.82
32.02,34.89,34.13,35.13,39.45,41.62,42.43,53.71,56.04,64.01,70.61,76.97,85.15,93.41,103.08,107.69,116.52,124.65,133.81,142.43,156.52,166.43,178.68,186.66,196.82,203.07,218.06,225.68,228.62,234.05,238.16,237.78,248.36,250.94,254.81,255.99,253.93,255.04,254.85,257.93,252.49,250.80,245.55,242.07,236.05,228.55,217.92,206.01,196.16,181.62,168.87,154.05
26.63,29.83,30.07,32.89,38.83,39.62,43.05,56.44,63.39,68.35,82.20,88.73,96.66,109.18,119.08,126.46,138.41,147.87,157.49,167.30,182.21,193.83,206.66,215.87,224.18,230.87,248.93,251.60,254.42,258.95,264.01,261.96,269.47,273.24,277.54,278.26,275.83,275.18,273.54,273.00,266.81,262.94,257.03,248.82,243.30,229.14,221.05,211.62,197.31,185.01,173.83,157.18
15.26,17.69,17.03,21.54,26.31,30.02,34.71,48.26,55.17,63.29,75.00,82.22,91.41,103.37,111.83,121.51,128.81,138.46,149.16,158.52,171.86,179.72,189.76,197.73,206.05,212.81,222.48,227.63,227.34,231.05,234.89,235.05,237.70,238.30,231.46,230.59,223.43,215.78,208.63,199.49,195.76,192.67,186.12,179.78,175.84,165.22,160.08,154.00,143.14,133.96,128.70,115.39
8.06,10.05,8.60,10.05,11.05,18.44,26.83,43.46,49.37,57.49,69.12,81.69,94.70,104.04,114.84,127.42,141.77,151.35,161.31,170.02,184.45,194.06,207.47,216.10,223.47,232.45,242.62,242.22,244.86,246.83,247.39,250.06,250.00,253.18,244.71,236.93,226.57,214.67,204.36,197.77,187.30,180.51,174.43,169.71,165.95,157.17,152.59,147.99,136.69,129.25,122.07,111.40
131.38,151.80,163.13,177.61,190.52,203.30,214.02,221.47,227.11,230.05,234.39,236.36,234.46,233.41,229.39,231.05,227.18,226.26,222.04,219.49,208.40,209.01,206.23,202.36,202.60,198.17,188.38,179.98,174.62,163.27,156.35,149.93,132.97,125.36,112.29,101.00,85.88,65.60,43.32,44.28,65.97,87.28,102.39,110.45,120.88,129.25,125.40,127.35,121.43,118.71,113.53,104.01
144.52,167.60,178.04,192.00,206.04,219.53,228.97,241.77,244.39,250.50,253.50,254.01,252.23,247.78,244.97,244.57,240.26,240.10,234.35,230.71,216.69,218.00,213.33,209.80,205.87,204.41,193.83,183.04,177.91,169.81,163.62,154.99,141.85,133.65,125.00,114.48,101.61,86.83,68.68,62.64,85.00,99.16,105.55,112.59,118.04,124.81,123.60,122.29,114.06,112.38,110.22,101.51
158.07,178.93,195.21,210.44,227.37,240.31,249.58,262.19,265.61,270.38,274.71,274.02,275.19,272.01,269.09,268.08,264.17,261.23,256.83,248.34,230.60,226.61,221.45,215.01,209.10,200.81,185.16,174.35,164.71,155.04,145.87,135.98,120.70,111.73,104.55,95.02,86.76,77.42,73.06,76.55,78.92,80.23,89.50,97.58,105.02,115.97,120.93,121.10,119.54,117.15,113.16,104.24
150.92,168.86,188.48,206.01,216.00,229.03,238.20,252.00,256.81,261.20,263.03,265.36,264.75,260.02,260.51,258.14,253.31,249.04,244.72,237.49,217.83,214.13,205.55,200.19,193.33,183.81,167.09,156.08,147.53,136.95,127.48,118.19,102.04,92.72,88.01,78.60,71.57,64.13,61.72,67.07,72.37,76.69,86.83,96.34,104.92,114.59,119.20,120.78,120.07,117.64,113.00,104.64
165.08,187.00,200.68,216.27,232.96,246.73,256.52,267.74,272.00,277.35,282.81,279.09,283.62,279.66,275.73,276.63,269.94,267.65,261.96,252.24,230.87,225.02,215.13,202.41,193.42,181.41,159.88,145.91,134.47,118.22,107.70,94.26,71.34,63.25,53.37,45.88,39.66,47.04,54.20,68.88,79.06,91.09,100.96,111.89,118.09,129.99,134.30,134.54,132.50,128.43,126.48,115.80
54.04,58.82,60.75,62.97,65.86,67.68,67.60,67.08,71.78,69.78,74.63,78.57,83.63,91.26,97.95,105.30,114.42,126.02,133.51,145.46,166.82,181.73,190.88,202.20,213.93,224.89,243.96,248.29,252.51,251.60,257.56,255.55,255.52,259.12,255.56,253.58,248.29,243.02,243.07,236.28,235.20,228.97,223.79,216.31,213.04,208.46,201.94,187.45,187.77,168.12,160.29,154.73
149.97,169.31,182.32,198.71,211.46,228.83,240.95,251.29,254.66,259.39,267.09,267.85,270.14,268.25,266.23,267.32,263.71,258.85,255.29,242.50,227.04,218.19,205.35,189.26,179.57,159.18,122.93,95.04,71.34,50.00,33.12,13.42,36.77,57.38,72.01,85.62,98.49,108.04,122.00,130.39,138.13,138.60,143.67,146.32,151.99,154.74,153.52,151.03,149.81,143.54,139.17,130.54
71.40,74.63,78.75,80.01,83.95,84.12,84.22,75.39,73.35,66.01,66.07,59.84,58.05,58.05,61.00,66.71,73.08,84.31,99.76,115.43,142.80,157.42,175.28,189.06,205.88,219.54,246.14,252.12,256.46,257.12,256.04,250.80,234.34,231.68,220.04,216.61,212.12,207.62,209.38,205.97,204.92,203.54,201.72,195.49,195.86,191.70,188.56,178.02,169.33,162.87,147.99,138.23
88.10,98.01,101.55,107.06,110.05,115.43,117.18,115.11,112.00,107.70,99.25,92.66,80.52,65.01,53.37,50.09,46.87,45.62,52.55,60.42,105.76,127.42,144.59,160.25,175.87,192.35,213.28,219.46,225.51,226.82,231.35,227.02,220.64,217.62,216.28,212.32,210.21,204.95,204.38,200.73,199.48,194.00,194.79,188.32,186.26,178.19,170.16,167.29,158.69,151.17,141.72,130.94
92.96,100.17,104.48,107.70,115.62,121.20,122.19,119.47,114.02,108.00,103.37,93.94,80.60,65.95,54.08,49.19,40.31,36.07,39.40,52.04,100.09,122.41,140.93,154.87,170.33,188.00,207.39,211.43,220.91,219.54,222.38,216.93,210.11,205.80,204.40,200.04,196.12,193.26,193.40,188.35,186.50,182.66,181.07,175.11,173.67,167.82,162.56,159.25,150.62,143.03,133.21,122.38
157.80,176.01,187.56,201.38,214.87,229.46,237.92,248.89,254.68,258.10,267.23,267.53,270.82,268.00,267.40,269.88,266.99,267.12,266.10,262.37,252.24,250.05,243.08,236.54,232.96,224.89,205.88,190.52,180.31,169.25,163.60,164.40,163.48,167.87,167.32,168.05,172.19,170.46,176.39,173.88,174.64,173.28,171.09,169.19,168.08,168.59,166.18,159.00,151.92,146.00,140.43,130.00
141.09,160.35,171.71,184.62,198.64,210.40,217.37,229.90,233.01,235.29,244.29,246.34,248.20,246.76,248.31,251.07,250.46,250.46,252.55,246.68,240.60,242.55,239.02,239.38,237.53,233.21,232.02,227.11,224.00,215.74,215.60,208.75,197.50,199.42,192.92,190.63,190.38,187.96,186.40,181.57,179.62,178.10,170.56,169.84,165.59,164.16,157.20,151.65,148.38,139.81,135.09,124.81
138.51,157.38,167.71,179.51,196.60,206.96,216.12,228.27,234.55,237.24,246.01,246.60,250.51,249.06,249.88,252.24,252.24,255.88,257.18,251.35,246.79,249.83,249.58,247.99,248.20,249.03,250.46,243.30,241.30,235.21,231.23,222.79,211.99,213.44,203.69,200.35,196.16,193.13,192.37,190.07,185.65,181.25,176.41,171.19,167.17,166.86,158.14,153.21,147.50,139.28,134.03,127.14
137.77,156.28,169.00,183.81,195.78,207.54,217.60,230.00,234.97,241.65,245.07,248.21,251.79,250.68,251.25,256.44,254.70,254.58,252.41,250.35,240.61,242.92,238.53,235.42,233.08,233.79,235.84,225.66,225.06,215.56,218.29,211.74,204.35,211.24,197.99,196.22,191.65,187.46,187.17,181.01,178.64,169.76,166.82,159.78,157.66,153.94,149.48,143.59,137.30,133.54,127.80,120.15
136.57,154.55,166.33,180.50,193.66,205.73,215.56,227.18,231.49,234.69,242.03,244.81,249.88,249.44,250.69,250.25,254.20,253.73,254.59,250.23,245.54,248.68,246.25,246.20,247.36,244.29,240.15,239.63,237.54,236.91,237.19,231.67,229.84,228.21,222.43,219.34,214.98,210.05,205.24,200.63,195.14,189.79,180.85,176.14,171.42,164.23,158.46,154.69,149.57,140.76,133.75,124.31
139.18,157.87,173.66,186.50,197.91,212.15,221.78,233.75,242.43,243.94,251.08,253.30,257.45,260.01,257.96,262.15,260.42,261.20,258.14,257.26,245.08,246.43,241.02,237.45,236.30,231.81,225.02,222.58,222.18,216.48,217.70,213.74,213.04,210.09,206.20,205.97,202.54,203.18,200.09,191.48,188.82,183.41,177.65,173.62,169.78,162.63,152.96,150.84,143.40,137.13,128.84,121.43
137.56,157.26,166.21,179.81,193.85,204.88,213.94,225.06,228.11,232.47,239.27,240.30,245.41,246.38,244.29,247.92,247.59,247.76,246.71,240.90,231.02,233.38,231.05,229.05,229.58,226.55,214.70,211.09,207.89,203.49,201.43,199.33,197.43,197.72,190.91,192.63,189.95,189.76,187.49,182.98,181.57,175.14,169.85,167.69,163.25,157.18,151.95,147.58,137.36,131.91,126.48,116.47
139.05,154.51,165.28,180.60,190.85,203.67,211.74,224.74,229.34,231.81,240.19,243.00,245.97,247.68,245.25,249.80,248.49,248.52,245.31,244.52,233.21,235.34,230.93,228.59,228.60,225.58,217.57,213.38,210.85,206.00,205.35,200.09,196.96,193.55,188.51,187.00,185.17,183.09,181.95,173.67,174.83,170.42,163.64,161.06,160.11,154.32,149.86,144.10,135.96,130.25,125.42,115.95
146.49,164.03,177.61,188.04,201.88,211.82,221.65,233.08,239.04,241.70,249.44,253.06,256.33,254.89,252.06,258.31,255.01,255.64,255.55,253.31,244.18,247.95,244.50,240.40,240.30,240.17,235.30,227.63,227.48,220.37,218.50,213.05,210.10,208.41,203.71,200.00,196.23,192.35,192.51,186.22,185.83,176.82,174.38,168.24,169.03,162.41,157.42,152.49,144.42,139.30,133.20,123.46
137.00,154.35,164.58,179.23,193.68,204.07,216.18,226.32,232.16,234.62,240.88,242.62,247.32,246.02,245.07,246.66,244.97,244.00,243.00,238.21,227.98,231.77,228.32,225.18,225.44,221.82,214.03,209.31,205.77,200.57,201.82,196.16,192.57,191.95,185.43,180.70,179.20,175.21,171.49,165.34,162.05,157.54,150.23,147.05,144.90,141.48,134.20,132.38,125.16,119.10,115.73,107.33
156.92,174.64,187.39,203.48,219.26,233.08,243.96,258.59,264.07,267.04,276.46,276.50,281.68,279.26,279.06,282.12,280.01,280.53,279.04,274.34,262.09,265.22,261.34,257.11,255.42,251.80,241.62,234.25,227.41,221.65,221.58,215.82,209.47,206.97,201.56,195.93,190.66,184.17,181.29,174.01,170.56,166.21,158.32,155.00,151.99,149.51,145.25,140.55,134.62,127.19,123.13,115.11
139.92,159.01,168.24,183.92,199.25,213.04,221.33,231.68,237.74,241.87,247.33,250.65,254.85,252.58,254.34,256.70,254.64,257.61,254.70,251.34,242.39,245.23,242.89,240.30,240.13,237.02,232.18,221.47,220.86,212.93,214.08,205.41,201.30,204.98,195.25,191.85,185.57,180.69,182.52,172.24,169.96,163.82,157.28,147.05,141.79,134.83,127.56,119.81,112.81,103.94,98.18,91.08
140.13,160.33,171.19,183.45,198.12,213.58,221.18,232.38,236.21,242.53,250.17,251.06,253.71,250.87,251.59,253.93,250.69,251.81,250.58,246.64,239.38,239.00,235.85,233.62,232.36,232.36,224.50,214.62,212.51,206.83,204.64,201.64,198.73,200.12,195.72,194.49,193.04,189.69,192.52,187.13,186.03,181.89,177.63,171.23,167.43,160.51,151.17,145.60,138.18,127.88,118.47,110.26
133.18,147.96,159.21,171.86,184.07,195.73,205.09,215.60,220.62,224.38,228.30,232.01,233.32,231.77,230.79,233.66,230.93,230.47,231.09,225.66,216.54,215.45,216.21,213.46,211.99,212.31,206.60,199.32,192.90,196.73,193.44,188.73,192.28,195.90,195.58,194.83,193.74,191.09,191.05,193.02,191.27,185.59,182.16,177.28,173.24,169.66,160.82,154.32,145.46,134.79,126.37,114.23
147.60,167.86,177.12,192.08,205.00,217.59,229.16,239.71,243.66,247.83,255.08,255.00,259.20,257.27,259.62,262.25,260.65,258.50,258.10,253.78,243.82,244.56,243.09,240.68,237.99,235.37,232.02,226.00,224.35,222.83,216.75,212.41,216.39,215.15,212.43,211.73,211.74,211.01,208.69,205.06,206.17,200.64,192.09,190.06,184.46,179.34,173.37,163.81,156.02,143.35,136.82,123.22
135.68,155.44,164.64,178.54,188.77,200.93,211.01,224.22,227.71,232.02,237.49,239.27,241.68,239.75,241.13,243.40,242.89,244.12,242.21,236.86,229.86,229.46,226.91,225.06,222.73,218.01,211.73,205.81,202.47,199.70,195.33,190.44,187.88,187.96,184.95,185.54,182.33,180.31,176.82,174.27,171.03,166.33,161.53,158.83,153.47,143.56,140.46,132.50,126.19,117.28,111.89,102.18
147.56,166.97,180.47,193.83,204.19,218.21,230.38,244.47,252.04,254.87,263.21,266.59,270.19,269.13,268.88,271.64,270.56,270.98,269.92,263.41,255.98,256.56,250.50,246.79,243.10,237.33,228.27,219.32,214.62,209.35,203.65,197.50,193.93,190.16,184.11,183.37,179.18,176.82,171.90,166.21,164.66,158.94,152.12,147.73,144.09,132.70,125.60,122.02,114.27,110.68,104.45,94.07
153.87,170.45,183.84,200.10,210.54,224.84,234.62,253.16,259.62,263.10,274.13,274.85,279.02,279.02,279.02,284.62,283.86,287.76,282.99,280.19,272.08,272.40,265.01,262.12,256.85,251.79,238.95,229.51,222.23,215.36,208.61,200.17,193.68,187.45,182.01,179.78,174.79,169.92,164.92,157.16,153.94,147.22,139.61,135.06,130.42,121.31,116.18,110.94,105.11,102.59,97.74,91.53
151.63,172.41,185.15,200.12,211.98,227.71,238.88,257.78,261.61,268.40,276.01,278.35,284.57,286.57,286.43,293.29,292.75,295.98,294.38,290.39,276.12,277.46,270.97,265.97,262.55,255.98,235.49,225.41,217.42,208.78,203.67,193.37,183.35,179.69,171.51,168.24,159.02,156.46,148.19,144.18,140.80,129.96,122.49,118.19,110.98,100.72,97.33,92.66,90.43,88.46,83.26,79.10
143.75,165.89,175.07,191.65,204.00,216.97,227.26,243.46,245.90,252.83,261.09,263.83,266.54,268.96,270.02,277.32,275.29,277.72,273.91,272.02,263.76,262.73,257.93,255.43,251.43,242.40,230.85,219.99,209.29,200.17,198.86,185.61,174.20,171.05,162.27,157.94,151.74,146.65,143.18,135.03,130.70,124.06,114.93,113.89,105.82,101.04,94.37,92.40,88.14,84.15,82.46,75.66
135.34,153.12,161.61,176.41,188.18,199.21,208.39,222.27,227.85,231.92,239.27,241.37,246.16,243.53,244.81,248.13,248.24,249.73,248.20,247.29,238.03,237.52,237.23,233.35,229.71,227.88,212.46,205.50,199.91,192.09,185.80,177.37,167.29,165.37,158.32,153.59,145.17,139.98,138.23,133.81,132.38,128.08,124.02,120.74,117.78,113.44,108.12,104.56,100.62,96.67,91.21,83.22
155.72,174.77,187.56,201.00,217.02,227.48,240.24,253.54,257.70,260.54,268.90,269.07,272.11,269.14,268.17,273.78,273.12,272.88,269.47,265.84,255.74,257.50,252.96,252.40,248.52,244.74,234.18,223.18,217.44,211.28,203.18,196.73,187.40,188.22,179.78,175.33,170.53,166.64,165.53,163.69,161.11,155.39,150.62,147.73,144.22,136.69,131.40,127.28,121.20,115.87,112.29,103.02
70.83,74.55,72.24,73.41,75.21,73.74,70.26,57.27,50.80,41.23,37.74,27.78,19.70,14.87,20.12,26.00,36.77,47.51,60.11,73.78,97.51,113.14,123.57,140.60,154.46,168.86,192.84,200.61,212.85,218.91,226.32,231.25,246.84,250.31,255.34,255.78,256.16,259.74,262.19,260.57,262.05,258.82,255.25,253.06,250.25,240.88,235.42,228.33,213.38,204.30,190.68,173.42
65.30,67.08,67.48,67.07,68.51,67.94,64.41,54.01,47.68,38.48,33.29,25.50,18.38,10.30,11.40,16.16,27.29,35.47,46.53,60.13,80.06,92.96,106.40,118.11,131.80,145.12,168.15,175.93,186.01,192.84,199.65,204.01,218.75,223.00,226.06,228.35,230.87,232.94,235.31,231.64,234.83,231.01,227.30,224.66,223.60,214.53,211.01,201.56,187.38,179.90,168.58,155.26
101.32,109.27,110.42,112.64,115.85,117.65,117.15,107.12,101.24,94.85,92.28,82.38,75.80,65.80,59.82,54.67,45.49,41.59,47.93,53.49,72.17,87.86,106.02,121.02,136.34,154.50,186.05,190.92,200.39,207.78,215.62,219.11,234.01,239.05,242.98,244.72,246.89,249.04,247.03,248.28,251.00,248.39,243.08,239.21,235.16,228.88,222.33,212.15,201.44,188.96,176.16,165.56
182.70,207.08,219.67,231.48,244.56,262.93,273.67,283.77,287.04,292.68,293.20,294.64,299.37,293.80,289.58,292.77,290.00,285.73,278.18,269.43,254.92,246.98,241.17,231.48,221.35,209.12,191.05,178.99,175.64,167.59,166.43,161.45,161.23,160.98,157.62,159.66,161.89,163.78,162.53,161.30,161.05,162.61,160.33,159.84,156.85,155.31,149.91,144.63,138.29,132.38,128.16,118.56
179.32,200.47,212.43,229.01,245.62,259.24,268.20,278.73,281.43,290.51,292.86,294.70,295.82,293.99,293.63,295.26,291.43,289.21,283.34,275.41,261.54,258.12,252.00,242.17,233.69,224.08,201.93,186.36,179.57,171.01,166.03,158.52,153.59,157.69,152.46,151.82,149.19,149.09,147.49,150.08,150.27,145.15,145.73,140.43,139.09,137.44,133.02,129.07,122.97,116.50,114.02,105.55
161.41,182.02,194.65,208.97,223.33,236.02,244.76,257.26,258.04,263.05,268.20,272.07,270.15,270.19,267.68,269.82,268.49,267.56,264.17,259.24,248.24,246.01,240.63,237.50,231.95,226.81,209.00,196.29,188.43,179.89,173.53,164.22,154.62,155.24,151.33,150.76,149.68,146.41,145.50,147.65,147.00,144.55,143.75,140.80,137.77,137.32,135.25,129.84,122.72,117.69,113.46,103.31
154.69,174.83,185.59,202.41,212.08,226.18,234.98,246.68,249.54,254.20,259.42,261.84,261.73,261.26,260.36,260.29,262.35,262.13,258.31,254.92,248.21,244.76,242.03,236.32,233.54,229.64,215.86,203.57,198.35,189.42,182.46,171.76,160.63,158.01,151.54,152.74,148.93,148.00,144.85,142.84,139.46,140.06,135.57,134.06,133.24,133.22,132.88,127.19,117.78,112.16,110.42,97.80
152.00,171.23,182.43,197.40,209.01,222.39,231.14,244.30,245.97,253.16,256.97,260.32,264.00,262.99,261.96,265.48,264.21,263.23,264.62,260.05,254.05,252.17,250.14,246.94,245.37,240.90,231.01,217.80,216.57,205.43,201.16,191.02,182.02,175.93,172.70,168.96,167.94,166.03,163.95,158.49,155.87,154.21,148.64,145.77,145.25,144.17,140.94,134.53,127.01,117.39,112.04,98.72
149.72,170.56,182.00,197.00,207.35,221.22,226.74,242.64,242.33,251.10,251.73,259.42,260.68,260.65,260.23,264.31,265.28,264.60,264.43,260.85,254.89,255.67,251.35,252.34,247.49,244.73,234.62,225.20,220.59,213.18,208.31,198.25,192.44,192.38,186.68,184.13,178.16,175.15,174.64,176.40,173.22,165.56,165.08,163.27,159.45,149.20,146.73,137.77,131.02,119.42,113.07,100.24
137.12,156.06,164.78,176.79,192.01,202.39,211.02,219.64,222.08,227.38,231.81,234.96,236.68,234.21,236.32,239.20,241.60,239.46,240.13,235.64,231.87,230.36,229.05,227.71,224.44,222.18,214.15,204.85,199.06,196.73,189.08,181.02,175.73,174.00,170.05,166.43,163.60,162.83,160.02,159.59,154.84,156.06,150.47,149.40,147.12,139.06,137.80,130.42,116.93,104.81,100.42,88.60
134.54,151.54,162.37,173.42,186.45,197.74,204.09,215.70,217.49,223.89,225.89,231.19,233.08,231.82,232.14,234.83,235.70,236.55,236.93,233.45,230.34,227.98,228.22,226.42,223.32,221.00,212.25,202.79,200.88,193.79,188.28,182.16,175.78,174.73,169.58,165.51,163.71,159.48,160.65,160.80,156.28,151.72,150.42,144.37,139.90,128.97,123.32,114.56,107.06,101.98,91.05,81.41
132.14,149.50,161.40,175.03,186.89,197.52,206.65,216.68,219.67,225.72,229.58,233.82,234.65,235.42,232.66,237.49,239.07,238.91,235.99,235.08,230.49,230.12,228.53,227.11,224.64,223.60,213.69,205.10,199.97,193.19,191.02,183.22,177.49,178.03,174.57,172.20,171.23,170.45,168.03,167.50,165.10,162.34,161.11,157.08,153.70,142.44,134.74,124.31,113.72,103.77,95.52,85.73
136.69,153.76,165.05,176.92,192.82,203.09,212.76,224.41,227.06,234.62,241.66,242.84,242.74,246.62,243.39,249.97,251.11,250.49,246.11,241.14,234.55,233.12,232.02,224.24,219.57,211.85,196.31,185.61,177.71,169.46,159.96,153.56,146.22,145.00,144.51,143.18,143.27,147.80,145.96,152.09,147.67,141.65,134.13,126.15,122.54,120.37,115.52,111.54,105.76,99.99,97.74,88.39
145.00,164.77,176.95,191.85,203.07,218.79,228.18,241.65,248.20,253.53,260.25,262.05,268.00,269.36,269.00,274.65,274.57,274.73,276.57,272.25,267.08,264.74,264.74,259.86,256.75,249.24,236.41,221.82,216.06,209.35,201.56,193.31,187.88,186.01,181.01,179.32,177.05,176.17,173.00,173.99,170.00,169.53,165.11,158.86,154.38,140.07,130.36,118.26,106.78,100.12,94.56,85.04
137.30,155.71,165.49,182.12,191.66,204.20,212.92,226.29,230.34,237.78,239.03,246.68,250.60,250.38,251.77,256.82,258.16,259.34,258.59,258.90,256.19,255.05,255.63,255.07,253.18,249.74,244.03,232.42,228.27,223.46,218.36,211.25,207.69,207.68,206.52,202.71,198.93,196.92,193.13,192.43,187.49,182.88,178.55,174.00,165.86,153.40,144.59,133.33,121.25,110.64,101.24,88.73
124.17,141.77,149.48,163.37,173.61,184.53,193.57,203.60,208.87,215.59,218.28,225.00,228.23,226.35,228.97,234.24,235.49,239.15,239.64,237.14,237.77,237.03,238.52,240.02,238.05,236.80,233.55,225.16,224.64,220.13,214.35,210.23,205.34,207.10,204.24,201.76,197.80,194.56,192.82,191.85,189.07,182.49,178.89,173.11,166.21,151.53,145.10,133.24,123.00,108.00,102.18,86.68
131.75,149.45,160.08,173.00,183.88,197.57,207.54,217.01,223.44,231.37,233.77,241.57,244.46,244.90,247.78,252.93,254.26,257.24,258.81,255.64,256.91,257.98,259.79,257.60,260.05,261.32,258.24,247.81,247.41,242.32,238.13,229.80,224.86,226.24,224.18,219.02,215.41,213.22,210.72,209.62,205.45,197.16,195.43,187.28,181.60,165.00,157.66,144.36,134.18,119.02,107.45,91.79
87.46,99.54,109.24,118.11,129.07,138.54,147.87,157.47,159.15,168.11,172.24,175.80,180.35,182.73,184.81,187.68,192.42,195.50,192.63,196.43,196.57,202.20,206.24,210.77,214.22,214.24,216.33,216.61,215.72,213.18,210.23,206.37,204.27,200.94,194.49,192.35,191.44,191.08,186.68,178.10,172.61,167.63,157.81,149.26,140.06,131.04,125.72,114.91,105.08,95.48,94.02,82.62
126.18,141.48,156.04,168.86,179.32,192.75,205.06,218.22,223.02,232.69,234.83,242.67,245.99,248.60,250.32,256.40,258.79,263.35,264.59,266.66,264.20,268.02,270.93,272.27,271.12,273.21,268.30,258.99,257.56,250.92,247.40,236.91,231.35,233.54,229.84,228.47,221.79,219.86,216.06,214.71,213.14,206.89,200.47,192.61,187.46,174.01,164.20,153.08,147.87,126.05,118.36,103.39
122.19,138.93,152.12,164.79,175.32,190.18,201.56,210.86,221.44,227.34,232.70,236.93,243.40,244.63,248.28,250.06,255.10,258.50,259.72,261.09,257.39,261.93,264.25,263.25,264.32,261.84,257.60,252.00,246.90,242.40,237.54,227.27,223.29,221.98,220.48,217.41,216.49,214.68,212.85,206.74,205.16,200.57,195.17,187.52,183.87,172.66,163.25,153.59,142.24,130.83,116.73,104.94
116.21,131.52,142.41,156.05,166.11,176.62,186.39,200.42,203.49,209.09,215.46,222.77,227.37,226.61,229.96,234.31,235.83,239.40,244.72,243.74,241.05,246.01,247.81,246.27,248.36,245.97,240.26,234.55,230.53,225.59,220.91,212.45,208.09,206.95,203.18,201.01,198.40,196.22,193.85,192.15,188.96,188.16,182.85,176.07,172.90,164.01,155.65,147.28,134.32,124.06,114.00,99.72
124.62,141.82,151.48,162.51,173.49,183.87,193.04,201.55,206.62,210.44,217.37,222.04,222.83,225.34,226.97,231.98,234.27,237.99,240.71,240.03,239.64,243.80,246.79,247.81,247.95,246.83,246.01,242.12,240.07,234.88,233.45,224.96,221.46,221.07,221.35,217.42,216.45,214.16,213.35,214.87,212.25,208.35,201.46,198.00,194.73,186.76,177.67,167.63,159.88,146.70,137.20,119.00
128.22,143.96,151.12,162.93,173.60,184.29,192.39,200.49,202.88,208.25,215.13,218.00,221.71,222.00,223.45,230.83,230.87,234.83,237.61,237.31,239.41,243.53,246.33,246.43,249.69,249.24,249.95,245.15,244.64,239.71,240.41,232.33,231.21,230.46,228.06,227.90,226.82,226.31,225.14,221.71,221.58,218.76,214.27,207.20,204.97,195.92,189.69,178.01,166.09,153.31,143.53,127.53
116.47,130.73,136.82,146.01,154.15,162.03,169.67,175.32,179.18,182.52,188.04,192.26,194.43,195.26,197.82,203.12,203.38,208.22,208.75,211.93,213.06,216.79,219.02,221.44,224.75,226.24,227.50,223.45,227.71,222.85,225.53,218.23,217.95,219.69,217.34,218.81,214.71,211.99,212.29,210.45,207.99,205.32,202.24,195.58,192.90,181.02,173.73,163.84,151.40,141.40,131.10,115.95
124.62,137.64,148.53,156.92,165.25,173.53,181.55,189.71,192.75,199.45,200.64,207.51,209.69,208.31,210.29,215.52,220.23,221.35,223.81,224.74,227.71,231.69,235.16,236.04,240.13,242.84,244.48,238.66,241.12,242.00,240.88,234.61,235.92,238.76,238.42,236.14,231.04,229.64,229.75,230.33,224.18,219.76,217.08,208.81,205.55,190.80,180.10,168.67,156.54,145.45,130.70,116.09
131.64,142.76,151.60,153.45,167.76,171.71,183.79,194.28,200.00,199.25,209.32,215.00,219.61,218.84,218.52,218.11,222.90,226.74,229.90,229.22,232.73,233.81,238.10,239.63,243.74,244.74,248.57,244.38,243.95,244.83,246.88,242.72,245.52,248.60,244.81,242.42,243.95,241.03,242.08,237.93,230.37,230.00,221.38,216.33,212.13,198.91,190.32,175.93,162.82,151.33,140.46,123.69
145.80,163.02,172.00,183.85,193.78,206.04,211.45,217.08,222.90,223.81,228.06,231.22,230.23,229.46,228.64,229.16,232.23,232.26,231.09,230.87,229.58,231.80,229.64,229.65,232.96,233.01,235.85,230.02,230.73,230.41,233.91,227.40,230.43,234.61,230.31,232.71,230.56,230.53,232.72,226.77,224.14,219.80,213.14,210.30,203.73,190.78,181.71,170.75,160.15,147.80,134.62,123.02
149.01,162.05,176.05,186.97,196.16,208.57,215.23,218.28,222.38,224.86,228.18,230.52,230.59,227.11,227.02,225.61,228.74,227.38,225.58,218.15,215.08,214.14,214.31,213.66,212.47,213.32,210.69,206.60,207.95,205.60,206.04,202.74,205.98,209.47,208.50,208.09,205.30,206.81,205.92,206.09,201.85,199.84,193.09,191.23,184.95,172.63,167.76,157.81,148.49,138.40,123.79,110.86
152.40,170.33,183.00,196.64,207.96,217.02,222.31,230.72,234.05,238.38,235.67,242.33,240.00,238.03,235.97,234.27,235.33,234.09,230.53,225.22,219.49,218.23,214.46,212.66,211.44,209.40,202.16,197.67,197.29,191.78,195.27,193.87,195.73,198.98,205.24,207.28,205.29,206.85,204.56,208.06,204.71,195.04,194.49,186.72,180.56,167.24,158.40,150.47,141.23,133.28,118.80,106.51
151.00,166.29,177.75,187.88,200.81,210.95,217.80,226.24,229.34,233.04,238.14,238.52,238.67,239.03,240.40,238.13,242.43,241.51,239.06,235.05,228.97,231.25,227.53,228.27,226.15,224.96,218.00,215.15,209.82,208.58,205.88,202.47,200.00,200.73,198.16,197.74,194.62,192.42,191.02,192.11,187.17,185.69,178.47,174.87,170.84,163.71,157.47,150.81,140.80,133.88,121.59,111.83
160.80,178.13,191.05,204.71,214.03,230.06,235.93,245.84,251.03,253.07,258.24,260.16,262.41,263.13,265.34,268.01,266.36,267.92,266.59,261.22,256.02,256.13,253.16,252.44,250.80,249.35,241.63,231.21,229.84,223.13,222.04,217.83,213.95,211.90,210.02,205.06,203.95,201.31,199.92,195.93,192.77,189.84,183.22,179.64,176.18,165.08,160.80,153.55,145.23,136.50,124.68,113.77
143.56,162.83,173.31,186.25,199.32,210.47,218.69,228.00,233.35,237.23,245.33,248.41,253.20,253.45,256.89,256.91,262.45,263.10,261.60,258.44,256.60,257.80,254.83,255.34,251.87,249.77,243.53,232.96,228.09,222.41,217.95,209.46,202.07,201.36,196.02,189.91,188.11,183.70,181.71,177.59,173.36,170.08,164.84,158.32,154.98,146.25,139.78,133.27,126.51,117.15,108.24,98.31
145.00,162.36,170.84,184.23,197.04,209.03,218.76,230.05,233.94,241.37,246.89,254.88,257.50,256.13,260.60,261.90,267.23,269.67,271.54,268.48,266.33,267.51,266.55,266.27,262.48,259.94,254.92,241.77,237.54,233.15,225.58,218.00,207.79,207.88,202.30,197.95,193.05,186.98,185.05,182.72,178.04,170.70,168.40,163.62,158.78,149.86,143.00,134.50,127.28,120.33,109.00,99.62
138.31,156.27,165.34,175.96,190.09,202.98,211.29,221.46,228.82,233.79,240.63,245.00,249.66,251.80,253.14,258.52,260.60,263.41,263.05,262.50,263.47,264.01,264.82,263.77,263.23,261.05,253.16,244.14,241.02,235.17,231.14,222.41,211.29,209.12,204.00,200.63,196.76,191.15,188.66,181.96,179.47,176.37,168.81,163.88,159.25,150.22,144.18,136.40,126.32,120.81,108.42,99.02
137.64,154.87,167.36,179.07,189.76,202.79,214.39,225.68,229.56,239.53,242.71,249.95,252.87,255.64,258.72,265.38,265.45,273.31,272.21,272.35,268.89,277.19,274.31,276.02,277.74,271.74,265.65,259.28,256.12,245.35,241.35,228.32,219.35,216.00,207.63,204.98,199.90,196.01,192.96,183.00,181.18,175.85,169.00,163.17,157.50,148.39,142.66,136.31,126.19,118.71,107.97,96.38
128.16,144.52,155.86,169.00,178.49,188.94,200.77,212.29,217.88,226.05,228.08,235.73,239.43,241.21,242.43,248.07,251.64,256.56,255.99,257.26,256.69,261.27,262.89,262.62,261.93,262.92,255.12,247.26,241.87,236.14,230.22,218.52,210.06,207.17,201.76,194.54,188.27,184.62,179.20,175.01,171.83,164.21,160.37,154.43,149.75,138.06,132.23,124.81,117.55,109.88,100.32,88.09
125.06,142.30,153.94,168.24,176.71,188.47,199.25,211.65,218.05,226.02,229.43,235.26,239.17,241.05,242.71,250.80,253.16,258.55,259.86,260.86,261.03,264.62,267.93,268.73,269.86,269.18,261.05,254.47,248.86,242.74,237.06,224.41,213.88,212.02,203.38,200.53,192.04,188.22,183.17,175.33,172.80,166.15,160.80,153.40,149.31,138.65,130.27,123.07,116.50,108.46,97.10,86.31
131.18,148.73,159.42,172.03,184.81,197.72,209.40,220.24,223.40,233.69,236.62,242.60,247.88,250.45,252.24,259.62,261.43,266.81,269.06,270.68,270.36,276.49,279.33,282.07,283.59,282.64,278.04,275.18,272.25,261.38,258.92,246.59,239.01,234.69,229.68,224.96,219.11,215.04,208.47,201.31,199.49,194.76,184.46,178.14,173.30,160.86,152.61,144.13,135.12,123.99,112.92,100.08
132.32,144.22,150.21,169.09,178.97,195.17,202.09,211.63,218.00,225.80,232.86,237.19,241.30,243.35,244.63,252.30,256.25,261.64,263.41,266.33,266.59,275.07,277.72,281.15,282.77,280.01,276.02,274.64,271.43,264.32,262.84,249.78,241.45,239.27,233.56,228.25,224.29,219.66,213.22,209.03,202.87,198.65,189.71,180.56,175.80,164.15,156.92,145.73,136.85,124.58,116.48,101.83
119.77,135.09,145.50,156.98,167.84,178.47,187.64,199.83,208.41,213.00,222.63,229.20,232.74,233.81,238.01,246.68,247.62,252.80,257.73,261.23,266.29,271.95,273.92,280.12,281.90,284.41,280.88,275.11,273.79,263.47,262.36,256.35,245.60,239.52,236.13,229.82,224.11,220.15,216.33,208.22,202.27,199.90,190.02,179.62,176.03,162.02,154.83,144.93,132.94,122.58,112.16,100.24
108.58,121.20,132.64,141.09,151.82,161.45,169.86,182.91,188.81,193.64,199.27,207.33,209.42,212.21,215.14,223.30,226.74,233.06,236.24,238.37,243.31,249.55,252.49,257.71,258.13,263.83,263.23,254.67,253.78,247.59,244.31,237.35,228.71,228.49,222.50,216.93,211.07,206.89,204.02,200.81,195.80,186.70,184.48,172.19,168.62,155.55,145.00,135.96,127.26,117.61,106.04,95.43
111.22,124.23,135.07,145.25,156.16,166.93,176.11,187.17,191.09,198.22,203.63,210.65,213.97,216.06,221.52,229.17,232.36,237.08,241.68,244.71,248.45,254.23,257.03,264.01,265.35,265.84,265.44,260.16,258.33,252.61,251.81,244.61,235.02,232.48,227.08,223.83,221.46,215.46,212.08,208.20,203.68,198.60,189.26,182.48,178.51,165.11,155.35,146.37,134.46,125.04,115.55,103.28
117.99,132.88,143.93,156.54,164.71,177.34,186.27,198.96,206.16,212.16,215.23,225.89,228.71,230.02,233.79,241.67,248.77,255.00,258.17,259.94,264.28,272.39,275.26,278.68,282.45,286.15,286.63,277.95,277.71,272.42,269.90,259.28,250.84,254.12,246.01,241.83,234.61,229.94,227.71,226.74,220.06,212.28,206.50,199.12,194.13,178.02,166.65,157.41,147.67,135.72,124.53,111.07
107.86,121.06,131.37,140.60,152.20,162.37,168.67,180.68,186.27,190.43,197.96,205.37,207.86,211.68,215.64,222.43,224.96,231.77,234.62,238.90,243.40,249.39,252.72,257.84,260.35,263.03,263.19,257.39,256.91,251.31,250.69,244.52,236.60,235.55,229.84,225.18,222.73,216.54,214.27,211.90,206.04,199.06,194.64,186.32,181.69,168.96,160.55,151.38,141.03,130.31,119.62,106.22
113.03,127.48,138.70,147.87,159.48,169.06,176.49,189.74,195.01,200.96,206.65,213.86,219.26,219.92,225.42,232.67,235.26,242.40,245.93,248.57,256.18,261.02,264.37,269.13,270.82,275.20,277.76,271.80,271.63,263.83,264.07,257.86,251.21,249.77,244.90,240.11,235.82,230.87,229.17,225.08,219.54,212.14,206.79,198.52,194.04,181.02,171.33,160.82,149.46,140.46,127.88,113.56
108.07,122.07,130.36,142.13,149.88,161.83,169.07,178.90,184.13,189.61,194.34,201.80,208.02,207.86,215.68,219.02,225.89,235.31,235.27,240.28,246.02,254.02,257.24,263.79,266.81,268.79,274.47,268.49,269.74,265.19,263.80,259.12,253.57,252.34,247.89,246.02,241.95,237.84,235.55,231.04,227.11,221.29,215.06,207.86,203.04,187.10,179.43,169.25,158.11,149.33,135.37,123.33
101.77,114.34,122.87,128.71,141.35,151.33,159.38,172.26,174.92,178.44,183.85,189.32,196.16,199.32,203.57,210.75,213.04,220.04,221.56,226.38,231.62,241.25,245.77,251.75,254.24,258.96,264.07,257.33,260.45,254.80,255.54,248.48,247.42,247.34,241.48,239.64,238.17,235.73,235.14,228.62,225.50,218.33,210.24,206.83,200.21,187.93,179.98,169.25,157.63,149.31,137.46,123.18
100.50,112.81,119.97,129.14,137.03,147.35,151.33,161.12,166.11,169.10,177.54,179.21,184.25,187.55,191.37,195.66,198.64,206.90,210.84,214.22,218.45,226.05,227.55,234.47,238.01,240.50,239.01,237.32,236.59,234.00,233.42,227.78,227.38,227.13,222.51,223.14,222.73,217.42,215.37,211.53,209.07,202.06,195.56,191.45,186.81,174.93,170.43,160.51,148.65,140.09,128.70,117.63
116.83,129.40,136.96,148.03,153.73,165.36,170.18,179.29,185.04,185.85,191.64,196.62,200.26,199.25,204.19,205.65,212.85,218.81,221.17,222.35,226.08,232.59,235.46,238.21,240.92,242.00,242.62,239.92,236.81,235.26,235.23,229.21,229.54,231.68,227.08,226.74,224.32,221.61,219.22,218.59,217.01,207.51,203.19,198.64,194.15,180.37,174.87,163.08,156.32,147.87,134.06,122.93
146.41,162.27,173.74,184.39,198.73,208.72,216.93,223.79,231.35,228.48,237.02,238.76,240.74,242.24,242.00,244.63,247.34,246.56,246.85,243.52,241.66,242.84,241.25,242.21,239.84,241.07,237.49,231.14,228.40,228.18,224.12,224.18,223.49,228.67,227.79,223.65,223.81,222.04,222.41,219.43,216.53,215.23,208.69,202.99,198.16,186.27,182.21,170.08,160.33,151.92,138.29,123.49
143.95,161.15,175.57,186.34,200.82,213.33,220.69,233.64,242.00,242.94,250.46,254.47,258.28,260.93,262.56,266.11,267.20,267.71,267.80,264.01,258.66,260.65,254.42,253.67,247.55,244.38,233.94,226.59,221.69,217.15,212.88,208.10,204.07,202.08,201.76,198.81,199.65,196.62,196.70,196.82,192.20,189.49,185.02,179.75,177.72,164.45,159.79,150.31,140.07,132.85,122.58,111.02
143.39,160.11,172.04,185.16,202.06,212.22,219.54,231.40,238.08,243.98,250.35,257.41,260.68,257.40,262.37,265.36,267.17,269.82,268.87,265.84,261.28,259.24,258.12,254.39,251.24,247.20,239.71,224.54,220.10,217.83,212.85,203.30,195.60,197.67,195.25,190.67,186.97,184.48,181.60,182.53,182.48,175.21,173.54,166.09,163.25,152.74,146.22,138.44,126.00,116.91,110.06,99.70
141.16,161.99,172.54,184.74,196.70,210.98,220.97,231.52,239.25,244.76,248.36,257.33,259.01,260.16,261.59,267.42,268.82,270.38,269.82,271.28,265.84,271.12,267.24,268.15,266.91,261.54,251.03,247.33,242.44,231.11,227.56,217.81,206.40,201.69,195.47,193.75,190.38,189.34,184.56,177.67,177.72,175.48,168.87,162.87,158.14,148.41,143.42,134.16,124.34,114.34,104.35,93.74
138.81,158.94,169.80,182.13,193.22,207.62,217.42,229.71,232.69,241.60,245.42,253.16,255.85,256.16,256.44,263.88,264.28,267.29,270.11,268.51,263.87,267.47,266.02,265.82,264.85,264.57,257.00,247.70,244.00,235.85,231.80,221.10,210.95,210.64,205.00,200.80,196.94,196.04,192.21,187.83,188.62,182.20,178.64,170.43,167.87,158.00,149.01,140.77,132.10,121.06,110.72,98.90
133.41,150.14,163.42,177.25,186.95,197.67,207.04,221.65,227.95,233.42,237.64,247.84,250.28,249.87,252.39,259.98,260.77,264.11,267.51,266.18,267.29,271.01,271.40,270.05,271.02,270.48,263.01,255.49,251.29,243.21,237.81,228.01,219.62,218.84,212.92,209.24,203.54,199.90,196.02,193.55,190.95,183.41,181.74,173.07,170.95,157.29,148.41,140.25,131.11,120.44,109.48,98.08
120.07,137.32,145.96,158.04,167.84,177.91,185.44,196.03,202.04,207.63,214.35,220.34,223.23,226.01,227.40,234.80,235.34,239.17,242.33,244.74,246.79,249.51,249.58,253.67,254.24,253.21,250.69,243.82,240.53,232.74,231.62,222.77,213.21,210.15,204.16,200.39,198.35,194.81,190.79,184.46,182.70,176.79,171.68,163.03,159.25,150.75,141.69,132.91,122.87,113.05,106.12,94.24
121.85,140.19,155.42,165.75,177.39,188.28,195.21,208.37,212.15,220.74,222.44,233.42,237.12,237.39,241.01,246.07,249.02,251.47,258.30,256.14,260.91,264.46,268.00,268.56,268.31,272.24,267.80,257.80,255.33,249.93,246.64,236.09,225.20,227.11,219.43,213.72,209.57,204.75,201.81,200.74,195.13,187.42,185.17,175.73,171.84,159.03,147.47,140.42,131.24,122.71,110.02,99.02
124.04,139.62,150.34,161.01,172.00,183.81,190.82,203.53,209.85,214.67,221.38,228.57,231.04,234.80,237.76,243.07,247.52,250.93,258.09,257.60,264.23,266.54,271.50,274.55,273.40,275.88,273.76,263.70,258.80,252.74,247.81,239.85,229.69,226.74,221.33,213.00,209.10,203.25,199.84,196.33,192.31,184.84,179.42,169.96,164.58,154.56,143.21,134.48,125.00,115.25,108.05,96.17
124.34,139.52,150.42,160.59,171.40,181.89,190.04,200.34,208.74,212.00,216.91,222.41,227.48,229.27,230.60,238.08,237.93,242.84,248.21,248.64,253.00,255.13,259.51,261.47,263.04,264.20,261.12,253.06,249.65,244.49,242.87,235.34,226.49,222.85,217.28,214.85,209.77,207.96,206.24,200.88,194.49,190.12,185.28,178.02,172.15,164.40,151.92,144.78,132.37,123.49,114.28,102.55
128.02,143.53,153.38,165.01,175.91,187.43,195.82,204.01,212.08,216.33,221.50,227.04,230.83,235.09,239.30,243.18,244.66,250.86,254.02,255.23,258.44,264.30,265.20,267.37,270.39,269.43,265.45,258.56,256.96,249.24,248.20,240.79,230.00,227.48,219.53,218.59,212.90,211.98,208.06,203.36,197.59,191.11,186.49,176.71,172.49,162.54,152.40,145.41,135.34,125.20,113.60,102.96
129.12,146.21,156.25,168.88,179.48,190.98,197.34,208.87,215.75,220.24,226.00,231.87,235.94,239.02,240.67,246.79,249.90,252.69,257.61,258.75,259.42,266.33,267.53,269.19,271.65,271.52,266.56,261.23,256.22,249.21,246.02,238.40,230.36,226.38,221.42,214.22,213.02,209.15,206.18,198.30,194.34,192.20,183.88,176.51,169.58,158.82,149.46,143.06,132.82,124.19,114.04,102.18
130.74,145.24,158.81,169.14,177.91,190.23,196.38,209.00,215.67,221.65,223.89,231.26,236.08,237.32,239.00,244.44,247.84,251.29,257.70,255.56,255.43,262.99,264.28,263.03,265.34,265.07,262.73,252.99,250.80,242.87,237.99,230.49,222.99,223.27,214.76,210.84,204.45,202.05,198.08,197.04,192.78,182.46,180.71,172.86,166.78,155.39,145.21,138.31,130.60,123.56,111.89,103.59
135.38,149.20,162.05,173.49,185.78,195.26,203.04,214.28,220.23,226.21,229.54,235.79,239.43,238.88,240.26,243.18,251.87,250.57,257.01,257.18,257.50,261.23,266.87,264.94,265.41,264.78,263.43,258.05,252.34,249.87,242.62,235.30,228.14,229.80,219.54,216.42,211.26,206.73,204.20,203.18,196.79,190.91,187.41,178.31,172.29,158.93,151.18,145.42,135.72,127.53,117.88,106.04
132.02,148.71,157.81,168.44,179.01,188.60,196.57,207.88,211.98,215.84,219.69,224.32,228.56,228.57,231.08,235.60,236.10,240.05,242.74,243.53,242.87,246.83,247.31,245.62,246.09,245.54,239.91,234.09,231.00,225.96,222.50,214.39,208.48,205.35,198.91,196.66,193.26,192.90,188.48,184.01,180.49,176.66,173.42,165.89,159.54,152.33,144.25,137.56,129.56,120.37,111.68,101.08
142.13,159.18,171.21,182.22,192.28,205.24,213.69,223.99,229.61,233.05,240.42,242.10,246.35,248.36,249.61,254.72,254.88,257.32,262.09,258.54,261.04,262.39,261.20,265.18,263.21,261.35,257.40,250.27,244.52,241.27,236.61,228.04,222.04,218.52,214.39,210.49,207.62,205.97,199.72,196.70,192.39,189.75,184.29,176.82,172.57,162.98,155.72,148.57,141.65,132.83,120.28,107.70
145.17,160.21,172.79,184.84,194.16,208.54,215.63,227.38,234.10,236.18,242.56,243.02,249.69,250.51,252.46,258.21,255.80,260.55,261.93,262.61,261.66,264.32,261.46,265.15,265.01,263.49,256.89,249.91,246.83,239.18,235.41,228.33,222.60,218.11,213.22,209.42,208.94,205.41,204.19,196.90,194.01,188.69,185.15,178.22,174.32,166.76,156.63,149.63,142.24,132.61,120.93,111.57
140.43,156.46,168.29,178.00,188.88,200.35,209.27,217.92,225.26,228.48,233.42,237.60,239.80,241.60,244.77,244.10,246.45,248.04,252.87,252.83,252.19,253.74,256.74,256.86,256.46,253.00,253.34,244.49,238.61,236.58,230.05,224.37,218.16,216.06,209.62,205.20,201.80,200.24,194.49,191.05,185.92,182.15,179.23,172.94,168.59,157.95,148.69,141.87,136.82,126.59,119.00,107.06
132.97,147.73,159.03,170.53,180.06,191.64,198.12,207.06,211.45,216.46,220.48,227.41,226.29,231.25,231.85,234.61,233.45,238.72,239.60,241.48,238.30,241.36,242.42,245.05,243.29,248.00,242.33,231.47,229.43,225.06,218.80,213.38,205.76,207.07,201.10,196.06,191.88,189.27,185.60,182.73,176.24,172.20,169.00,162.59,157.01,149.68,141.32,134.73,127.57,118.85,111.40,100.62
136.97,151.33,164.84,174.61,183.81,196.06,205.02,214.76,221.46,223.16,228.28,232.70,235.49,235.64,236.29,243.07,242.12,243.12,247.54,243.48,245.69,243.61,247.63,247.78,247.24,247.42,243.82,233.57,230.93,226.64,222.14,214.89,209.50,208.96,206.32,202.18,196.47,194.08,189.53,188.90,187.58,177.10,177.29,169.58,166.40,155.21,147.05,141.60,134.97,125.24,115.52,104.71
130.00,144.56,158.38,166.74,177.79,189.21,196.09,204.61,211.14,213.56,217.12,222.50,226.23,226.14,228.25,229.51,231.86,234.97,239.08,235.27,235.37,236.14,239.01,242.00,241.85,242.74,239.84,230.98,230.08,224.96,220.10,213.18,207.80,207.06,203.38,200.38,195.04,191.78,189.45,185.24,183.73,175.51,174.23,167.15,162.46,150.01,144.40,136.62,131.19,121.20,110.06,101.18
133.20,148.05,159.93,169.76,180.27,191.94,198.41,209.12,211.70,217.33,220.84,225.14,226.34,229.42,231.14,233.07,238.93,240.09,243.53,242.05,243.24,246.45,247.24,251.80,252.24,252.41,250.71,246.13,242.62,236.17,234.08,227.63,221.40,218.10,213.06,209.34,205.08,202.81,198.91,195.56,188.85,184.20,177.77,172.33,168.60,157.08,149.93,140.60,132.77,124.33,115.25,104.24
128.50,141.87,153.44,163.08,172.70,185.00,190.41,201.99,206.81,211.14,213.78,219.97,221.74,225.11,228.47,230.49,234.80,239.07,243.04,241.01,244.90,246.09,246.47,253.03,254.03,254.92,252.96,248.78,245.90,240.14,236.43,229.27,222.40,220.00,213.86,209.12,203.16,200.57,196.51,191.76,187.54,181.66,175.68,169.17,164.44,152.69,145.77,137.57,128.41,120.34,110.60,100.44
128.16,142.17,152.43,162.43,171.97,182.39,191.32,200.00,207.25,209.86,215.93,217.70,221.95,227.04,230.34,235.05,236.10,241.31,244.35,245.35,249.76,252.34,256.10,260.42,262.38,265.63,264.49,257.61,254.13,248.17,244.63,238.17,232.44,229.89,222.55,217.87,211.10,210.32,206.00,198.15,192.75,186.56,180.01,174.55,169.07,156.95,149.84,141.23,131.18,121.93,112.97,101.87
117.62,130.54,141.23,150.27,160.70,170.34,177.42,188.47,192.51,197.87,203.49,208.97,213.18,218.19,219.79,224.12,229.38,234.71,239.18,239.87,245.42,249.93,254.14,255.86,258.32,261.49,261.22,253.12,250.70,246.13,241.05,233.24,225.50,223.89,219.54,210.35,206.63,200.35,197.95,192.21,184.30,179.08,173.07,166.17,160.38,148.35,140.80,130.29,124.02,114.59,104.24,94.54
104.39,115.16,122.71,132.41,142.44,152.32,162.00,170.49,176.05,182.28,187.97,196.60,199.45,204.27,211.82,215.37,221.96,227.20,233.14,237.19,243.51,247.97,253.48,258.01,261.22,263.43,263.55,259.13,255.77,250.68,246.26,238.54,230.85,224.61,220.45,214.57,207.65,204.01,200.89,191.86,185.06,179.07,171.56,164.25,158.40,146.84,137.03,127.35,119.08,109.60,98.39,89.94
103.31,116.84,125.93,135.48,144.42,156.11,163.92,174.77,181.02,188.22,194.43,200.81,205.36,213.34,221.27,226.05,230.87,238.47,243.40,246.87,252.72,259.62,261.69,269.14,270.71,269.77,273.18,266.08,265.38,258.30,256.12,246.63,237.23,232.95,225.21,219.94,213.18,206.31,204.25,195.13,188.32,181.11,173.31,166.48,158.69,145.78,136.46,126.81,119.10,108.66,97.86,89.36
101.18,112.92,122.07,133.81,143.00,155.43,162.56,177.20,183.62,191.17,196.70,205.97,212.00,219.15,224.90,230.21,237.76,246.59,250.24,256.01,263.14,268.46,273.61,278.61,282.46,286.57,284.18,278.61,276.24,271.06,267.35,256.83,246.08,240.84,236.04,227.68,221.23,212.27,208.15,200.26,192.31,183.56,175.26,166.23,160.31,145.60,136.06,125.25,117.44,106.78,97.27,87.37
99.98,112.00,121.04,132.61,144.18,152.40,163.15,177.54,184.45,191.31,197.67,207.62,212.15,216.54,224.51,229.10,238.30,244.07,250.35,251.21,257.86,266.13,270.60,273.77,278.37,281.16,279.41,272.59,265.56,262.84,255.80,246.88,238.47,233.93,225.79,219.01,210.21,201.01,194.12,189.91,180.18,170.66,163.05,155.62,149.20,130.55,123.97,114.07,105.54,93.23,84.88,77.16
101.77,115.75,126.49,139.18,148.97,160.51,168.43,184.66,191.56,200.17,208.27,214.70,222.14,229.10,233.35,239.68,246.40,255.14,259.31,259.33,268.15,273.07,277.85,282.64,286.25,289.36,285.95,275.22,271.94,267.06,261.03,251.53,238.80,234.76,227.48,218.40,207.80,199.16,193.31,187.38,177.61,167.17,159.30,149.26,143.89,126.85,115.04,107.38,100.57,92.85,83.22,75.96
104.56,118.30,128.02,139.71,148.61,160.55,170.04,184.20,191.39,199.67,205.24,215.76,220.78,224.32,230.43,236.91,244.93,251.91,257.11,257.78,262.32,268.63,273.16,278.88,278.55,280.70,277.35,268.09,263.69,259.82,252.51,241.00,227.49,225.72,216.37,207.76,198.60,189.13,183.48,177.72,166.74,157.11,151.01,142.68,136.88,120.10,111.13,106.83,102.94,96.26,88.12,80.08
111.02,124.43,136.33,143.39,151.49,162.23,165.11,178.55,182.48,186.32,188.90,196.60,200.25,206.13,208.09,215.67,219.11,224.51,229.46,232.50,237.77,243.58,248.05,252.55,254.59,258.63,260.89,252.96,254.47,249.34,245.90,239.74,232.62,230.71,223.54,216.57,211.90,200.21,198.37,193.83,191.93,184.88,180.90,178.35,174.04,169.05,166.11,159.36,154.81,147.96,138.22,126.56
105.17,116.81,127.20,135.21,139.46,150.08,154.43,164.01,166.33,173.22,176.92,182.70,187.97,192.21,195.58,202.59,208.87,215.59,221.79,224.72,232.54,238.89,245.80,250.19,255.22,256.94,262.09,257.96,259.09,257.67,253.84,251.20,243.08,241.54,236.04,229.21,223.54,210.84,208.28,204.16,199.70,194.13,188.47,184.01,180.36,175.87,171.05,166.09,162.83,154.56,143.28,130.46
93.78,102.59,105.19,111.99,118.95,123.57,128.97,133.76,137.13,142.62,148.52,150.81,158.82,163.62,170.16,180.24,189.59,195.73,207.50,213.47,229.21,240.78,249.90,257.13,264.41,273.12,286.79,283.32,285.46,287.61,284.97,285.34,282.21,280.59,276.12,271.04,262.61,252.61,246.22,238.05,231.60,226.53,219.65,216.12,209.75,205.12,202.36,195.88,185.16,175.07,165.48,152.12
77.23,83.38,85.60,90.00,93.98,97.62,99.98,105.39,108.25,111.02,117.18,121.10,127.82,133.72,138.85,149.77,160.65,174.41,189.27,196.82,215.08,225.33,239.13,245.08,252.94,263.14,276.35,275.76,276.85,281.43,278.63,273.25,270.52,265.96,261.28,252.20,242.57,236.02,233.81,225.84,220.58,220.42,214.77,208.61,205.43,200.61,195.90,190.38,180.62,170.48,161.38,146.40
58.69,63.95,62.24,67.23,71.57,73.03,75.93,81.06,84.02,90.87,98.15,102.24,112.01,120.80,130.10,144.59,160.51,179.05,196.79,213.78,237.93,251.24,265.98,272.84,287.00,294.94,308.81,310.93,315.43,314.87,313.08,307.05,303.82,298.84,293.25,282.45,275.83,267.05,264.78,259.41,252.29,248.94,243.31,234.55,233.81,227.11,222.83,213.41,204.75,191.44,181.21,164.92
120.83,137.13,142.94,153.39,163.88,170.48,177.10,179.25,181.25,179.21,179.43,179.12,174.42,174.26,167.74,161.92,150.12,137.75,121.38,106.74,93.23,93.49,98.48,104.14,109.60,118.23,138.06,147.46,157.21,166.48,176.78,186.90,205.85,213.46,222.08,226.93,233.50,235.93,242.66,241.41,241.05,240.43,236.14,233.49,230.44,225.82,219.02,211.53,199.32,191.01,179.39,161.64
117.72,131.91,139.34,148.19,154.21,162.35,165.76,169.07,173.22,173.31,172.33,173.00,172.01,167.66,161.99,159.31,149.41,141.24,133.36,123.23,122.16,125.02,130.17,132.94,139.52,152.05,167.76,174.24,182.46,189.19,197.31,201.16,217.80,221.73,226.11,226.37,228.60,232.77,233.86,236.14,237.81,230.60,227.98,224.44,222.91,214.72,206.20,198.76,187.30,181.46,168.18,151.65
117.00,136.49,146.00,151.24,161.01,165.22,172.24,178.73,180.94,182.70,180.71,180.69,180.85,177.08,174.29,173.25,168.01,165.34,158.86,154.72,150.01,151.21,153.83,160.56,168.59,180.16,193.75,196.70,205.85,212.16,219.13,223.65,233.44,239.89,240.63,240.03,242.26,242.16,244.93,245.20,242.55,239.30,234.05,228.35,231.28,219.10,209.95,201.85,192.20,183.50,169.10,154.43
115.41,130.08,135.92,146.54,157.17,162.11,170.55,174.01,176.46,179.14,182.32,182.99,183.99,184.36,185.61,185.70,183.10,177.42,176.40,172.26,168.72,170.47,173.00,179.00,190.26,197.09,197.49,208.09,216.95,218.34,224.18,223.60,234.39,234.10,235.27,238.03,240.30,239.06,241.30,235.28,232.95,231.32,223.66,219.32,216.68,207.66,204.04,192.57,180.14,172.03,162.79,147.23
107.94,121.76,129.14,139.62,149.20,157.42,162.36,166.58,170.53,173.73,175.03,177.34,178.88,182.22,183.70,186.97,185.15,184.36,185.46,183.31,179.74,185.40,184.45,187.52,187.10,190.79,201.85,207.15,213.77,211.46,210.84,209.07,214.67,217.08,213.81,214.35,214.44,213.86,212.43,207.23,202.81,203.39,194.65,189.51,186.51,180.68,173.67,165.61,153.52,146.58,139.78,124.47
97.02,108.06,118.00,126.40,135.94,142.44,150.24,154.87,158.62,161.24,164.75,166.17,168.02,170.07,170.08,170.58,170.66,168.47,163.71,160.56,153.77,153.76,154.08,152.76,152.28,152.41,166.93,161.00,158.15,155.67,160.25,162.39,166.09,166.09,160.70,163.23,168.30,166.81,165.10,156.60,157.26,157.08,152.90,149.49,147.01,141.48,135.15,127.10,119.97,113.14,107.91,97.25
95.00,108.23,115.75,125.28,133.73,141.42,147.63,150.27,155.26,156.28,158.82,162.31,164.01,165.08,162.61,165.15,164.44,161.99,159.01,154.51,149.89,151.35,150.65,150.81,151.60,156.25,152.05,147.22,143.60,141.06,141.82,136.03,141.21,146.49,140.58,139.20,140.06,137.80,141.11,135.03,134.45,132.38,128.22,124.65,125.06,118.09,113.85,108.00,102.04,96.21,92.03,81.61
104.39,121.70,127.44,139.52,150.36,159.46,163.51,171.81,173.97,177.54,182.13,185.00,186.02,188.32,185.16,190.07,189.17,187.77,186.00,182.60,176.10,181.60,177.20,179.61,174.50,178.31,176.05,170.02,167.36,163.98,161.45,157.92,146.22,151.98,147.12,146.11,145.65,144.27,144.01,138.05,137.44,135.52,131.38,129.65,128.43,120.20,116.46,111.73,102.69,97.01,94.41,83.60
113.00,129.81,138.13,153.77,162.48,172.70,179.54,191.09,191.93,197.08,199.92,205.01,205.08,205.99,208.02,212.51,210.66,217.70,216.15,211.75,208.06,216.98,211.55,215.01,214.70,216.98,207.45,198.84,197.23,189.45,185.53,176.31,167.06,166.31,160.03,155.32,152.43,150.55,150.00,144.54,143.00,140.66,135.59,134.13,130.74,124.81,121.28,114.74,103.79,97.74,98.49,84.10
116.18,131.48,141.69,153.05,166.14,176.82,183.10,193.79,198.44,203.09,207.97,211.62,213.97,218.41,218.45,226.95,228.57,231.03,229.65,225.84,224.27,230.27,229.59,232.11,232.77,230.34,217.33,206.02,199.65,193.55,189.07,179.30,168.72,166.05,157.51,155.87,152.41,150.87,149.27,146.70,144.05,142.02,136.89,134.95,132.82,127.46,124.68,119.10,109.29,103.41,97.98,85.71
103.82,120.07,129.00,139.63,148.95,161.01,167.29,179.40,181.55,187.02,194.10,196.92,198.50,202.08,205.08,210.28,214.37,218.51,223.62,219.86,221.55,226.06,226.12,228.11,228.84,227.65,221.38,214.05,208.47,202.65,193.83,188.28,176.71,174.77,167.74,164.77,159.08,156.17,154.56,154.05,148.66,142.27,141.35,137.30,137.08,129.29,124.26,117.80,110.60,104.58,99.36,87.21
103.46,117.04,125.72,134.47,145.83,154.72,161.81,169.92,173.73,175.64,184.61,184.55,189.27,194.08,194.66,199.46,203.19,205.78,209.31,204.68,203.27,207.17,204.96,203.65,200.36,196.70,182.57,172.41,167.76,154.93,150.42,142.27,134.37,132.85,124.45,123.37,122.15,120.54,123.75,118.07,118.51,119.64,112.80,112.07,111.83,107.33,106.22,100.66,93.00,86.01,84.22,76.32
105.93,119.10,127.58,137.88,146.76,154.94,160.55,171.29,174.15,179.51,184.76,190.85,193.00,195.16,197.80,205.52,209.01,213.78,217.11,216.90,219.01,223.22,222.32,225.08,225.21,221.92,211.61,201.81,195.58,186.04,180.36,171.07,159.02,158.03,149.93,146.32,141.48,138.13,138.25,133.54,130.15,125.90,123.17,119.15,115.11,110.14,105.38,100.02,94.87,89.63,81.88,75.43
111.07,125.16,130.06,141.40,153.64,162.83,170.56,177.51,182.58,187.28,195.04,197.96,202.87,207.55,210.06,219.39,222.85,227.56,233.24,236.14,239.43,245.66,246.22,246.91,245.10,245.98,237.59,228.89,224.59,216.91,212.93,202.16,194.03,187.77,177.80,175.00,172.49,166.02,162.73,157.94,150.62,147.87,140.13,137.28,131.55,124.65,119.60,111.36,104.58,98.76,90.69,82.30
107.63,121.15,130.03,137.48,149.21,155.86,163.05,171.96,176.14,180.35,185.95,191.40,195.26,197.70,202.00,207.76,210.85,218.29,222.89,223.90,225.75,229.61,232.47,234.06,229.94,230.63,217.81,212.60,209.25,202.57,193.26,187.07,174.14,170.99,165.56,160.46,157.10,151.65,147.05,142.01,138.93,133.96,127.14,123.47,117.90,109.20,105.99,98.86,92.66,88.41,81.79,73.98
103.46,115.88,120.70,124.33,131.47,136.08,139.30,145.60,147.00,150.87,154.02,158.55,161.01,167.69,172.24,176.77,180.56,187.77,196.82,201.07,208.73,215.80,221.65,228.65,232.96,240.03,242.63,241.83,244.97,243.52,242.10,236.58,231.77,229.40,224.88,221.65,218.93,212.85,212.25,210.00,209.09,203.42,199.91,194.59,193.88,188.22,182.27,175.11,166.42,159.30,148.10,133.15
110.03,120.22,127.53,133.65,137.31,144.93,146.28,152.55,155.88,158.78,161.01,164.51,166.69,172.79,177.14,182.91,186.13,190.32,198.91,203.03,210.77,216.58,222.06,227.13,231.91,236.63,237.80,236.60,235.77,235.16,231.08,226.29,221.68,218.66,213.72,208.78,206.81,201.47,200.64,198.60,197.65,192.32,189.74,183.63,183.98,177.77,172.66,166.24,159.30,149.93,140.25,127.03
115.74,128.32,136.74,141.48,145.77,154.32,157.47,161.99,164.68,168.43,172.70,175.29,179.78,181.66,186.27,191.27,194.28,198.34,204.71,210.77,218.96,222.71,228.06,231.01,236.54,239.45,239.12,235.85,235.15,233.03,228.53,225.18,218.39,217.61,212.00,205.88,203.65,200.09,196.16,193.60,194.62,187.39,186.39,182.69,182.28,175.28,170.50,164.15,157.88,150.63,139.43,126.66
122.48,132.38,141.51,149.77,153.53,162.12,166.81,169.94,172.54,174.95,179.98,181.96,183.70,186.60,187.24,194.20,197.95,200.55,208.47,213.68,219.33,221.92,224.89,230.24,233.45,235.52,231.48,229.59,227.04,225.06,222.18,216.93,209.35,206.17,201.22,199.32,193.15,189.26,185.71,185.31,183.36,178.36,176.31,173.28,174.41,169.07,164.14,158.14,150.72,143.35,136.12,122.35
116.38,128.89,137.80,145.58,150.37,159.53,164.92,170.42,172.59,177.59,181.07,186.43,187.97,188.02,188.94,193.38,196.58,205.29,207.56,208.29,212.88,219.46,220.60,225.44,223.52,227.98,227.48,219.91,217.64,214.09,211.15,202.71,199.32,199.48,195.41,185.61,184.57,178.23,178.62,177.91,175.97,171.94,170.02,165.08,164.35,161.40,156.01,149.20,144.20,137.01,127.58,118.14
118.85,132.02,140.73,149.40,152.20,161.45,167.09,174.15,177.60,180.03,183.61,188.22,191.13,192.85,192.23,198.73,200.12,207.52,210.21,213.78,218.07,223.79,226.26,231.35,228.24,231.55,231.87,226.91,223.79,216.68,214.70,209.15,203.49,200.80,197.31,191.44,188.16,180.56,180.38,178.62,177.34,174.00,170.06,166.09,167.09,162.93,157.33,151.45,144.31,137.57,128.66,118.34
115.11,127.58,137.28,143.50,150.62,158.26,163.98,172.03,177.79,180.85,187.49,191.93,193.60,197.12,199.70,205.77,211.63,217.95,223.51,225.00,232.13,237.36,242.69,245.54,246.83,251.72,248.81,244.44,241.14,233.77,232.00,223.18,216.67,211.60,208.09,200.48,195.39,190.43,188.82,185.40,183.00,178.07,174.26,170.10,168.12,163.13,157.17,151.40,145.34,137.06,128.32,117.75
114.59,126.75,136.94,143.54,148.81,159.51,164.12,176.26,181.71,185.40,189.99,194.62,199.65,200.36,203.65,210.49,215.93,226.01,230.49,231.31,240.13,246.53,253.16,254.10,257.60,262.51,260.09,254.10,251.28,246.09,243.53,233.86,227.50,225.01,218.52,211.98,206.02,198.01,196.40,193.46,192.42,186.01,181.73,177.07,172.99,169.10,161.25,154.69,150.00,141.03,129.65,119.04
103.59,114.49,124.33,132.14,140.00,149.72,154.39,162.52,171.40,175.03,182.57,189.62,195.17,198.41,204.97,215.24,219.08,226.88,233.21,240.66,246.53,255.99,257.80,263.06,264.78,267.93,271.31,268.78,266.18,259.43,255.64,251.75,244.74,239.94,230.08,225.26,219.82,213.74,210.49,205.06,200.68,195.44,189.86,181.20,182.53,171.83,165.53,154.40,148.49,139.30,129.24,116.61
101.59,111.73,118.93,124.49,136.42,143.84,150.28,156.08,162.73,165.50,176.00,179.33,186.95,191.23,196.23,203.48,212.32,215.23,227.18,230.57,235.05,244.91,249.10,256.16,260.23,266.08,260.11,256.43,254.42,250.07,247.51,241.35,233.42,230.77,221.76,216.69,210.94,203.89,200.90,198.16,190.91,188.68,179.69,176.96,173.00,164.44,160.64,149.21,142.09,132.14,124.35,111.40
102.96,115.43,124.04,131.24,137.10,143.18,148.00,156.55,161.05,166.82,171.71,178.04,183.70,188.74,193.05,203.06,211.44,217.83,222.91,230.73,238.38,246.50,247.87,251.38,254.89,258.09,261.28,262.34,258.94,251.88,248.09,244.04,236.78,231.23,223.32,218.51,213.38,205.04,204.17,201.25,195.49,190.17,184.76,181.14,176.47,168.67,160.18,153.26,144.54,137.32,126.78,114.91
103.31,115.04,124.82,132.64,137.10,145.04,151.82,160.25,166.38,171.19,175.14,182.48,186.70,190.83,195.88,203.57,212.46,218.39,225.22,229.22,237.78,245.07,245.90,253.16,253.81,255.63,261.84,259.14,255.84,249.80,248.28,240.96,235.03,230.84,225.76,220.64,214.41,209.77,206.05,202.47,197.95,193.60,188.73,183.32,180.29,169.85,165.37,156.08,150.45,141.91,131.03,118.85
96.57,106.30,114.24,121.04,126.53,134.21,139.29,145.96,152.01,154.73,161.34,167.28,172.53,176.34,179.67,191.02,193.60,203.35,207.41,212.08,217.28,226.61,228.23,236.36,240.67,244.81,242.10,238.30,236.62,231.08,229.33,222.43,217.39,214.28,208.47,203.48,199.16,193.87,190.38,187.32,185.24,178.91,173.07,169.01,166.72,159.91,153.24,147.17,139.14,133.30,121.67,113.04
103.37,113.95,120.81,126.48,133.27,140.93,146.18,154.32,160.24,163.13,168.83,172.42,179.20,183.83,187.63,196.70,198.73,208.48,213.32,222.03,228.18,234.75,238.02,243.99,246.01,248.94,254.06,251.00,250.00,242.26,240.53,236.93,231.09,225.57,220.06,215.42,213.15,208.28,203.95,197.31,196.37,190.88,184.17,179.62,179.01,171.99,165.37,158.62,149.93,141.95,133.03,122.00
