131.61,146.41,156.22,167.84,177.56,185.53,189.84,196.37,198.88,200.32,203.96,203.69,205.77,209.26,208.06,213.74,212.42,216.82,221.11,223.65,229.47,234.97,245.42,249.87,254.01,258.65,262.41,261.71,260.32,257.50,254.89,248.52,243.77,238.72,234.04,228.60,223.43,218.49,211.54,204.53,201.10,195.56,185.53,176.95,173.76,164.77,155.21,147.63,137.36,129.19,118.60,105.36
132.00,147.68,153.38,164.75,175.52,185.28,190.18,197.23,196.92,200.82,203.23,203.22,206.32,206.90,208.47,210.62,213.49,219.40,220.27,223.40,227.44,234.62,244.20,247.54,254.56,255.65,262.03,262.09,263.43,258.68,256.70,248.56,244.12,239.83,234.29,230.02,223.22,219.80,212.17,207.17,200.68,196.00,185.44,179.98,172.68,165.74,154.73,147.08,136.78,128.28,116.10,104.39
131.61,146.22,154.83,167.08,173.42,182.78,191.21,197.04,197.25,203.03,201.16,206.02,209.38,207.48,206.74,211.63,214.01,219.54,223.45,222.90,227.98,234.10,244.48,247.42,252.07,260.45,265.19,260.20,260.65,260.10,255.78,248.89,245.37,242.74,238.14,232.62,223.09,219.16,212.80,208.83,203.06,192.40,187.52,179.32,174.45,165.03,153.39,146.58,138.00,130.38,116.62,103.75
138.92,153.06,161.99,174.03,183.39,192.44,199.62,205.80,209.69,214.00,212.08,214.37,217.90,216.53,215.87,221.04,224.83,227.63,232.01,232.03,237.07,244.17,254.80,260.02,267.07,267.25,274.06,272.59,271.74,271.28,268.20,261.09,255.64,252.34,245.60,241.27,234.29,230.53,224.15,217.99,210.40,202.71,194.83,188.80,183.20,173.05,163.49,154.55,144.28,135.51,122.48,109.66
131.64,144.37,152.41,164.26,175.03,181.71,188.51,195.62,195.87,200.34,201.94,203.21,206.73,205.70,206.83,211.95,212.13,216.91,218.80,220.95,226.42,231.81,242.29,247.04,253.62,255.04,261.55,260.16,259.15,256.86,255.88,248.20,245.60,240.64,234.64,232.00,222.64,219.40,211.81,206.52,199.12,192.33,185.65,180.21,172.41,164.92,155.05,146.77,137.32,129.03,116.82,105.68
138.84,154.16,165.41,175.03,183.85,190.60,199.45,208.47,207.39,213.02,211.09,213.77,218.83,219.11,218.83,222.08,225.30,231.21,234.14,233.08,238.21,246.89,256.33,259.08,264.49,271.28,277.24,272.00,272.61,273.06,267.08,259.09,256.82,254.13,249.18,243.28,233.54,230.59,222.64,219.32,212.88,202.94,197.68,187.92,183.31,171.12,161.48,153.94,145.77,137.06,122.04,110.64
138.77,154.98,162.24,174.07,183.10,192.09,201.32,205.37,206.02,210.34,213.32,211.63,217.61,218.55,219.04,221.20,224.84,228.58,231.69,232.47,237.01,243.65,254.47,259.99,266.75,265.20,273.72,272.88,273.12,273.09,266.91,261.08,255.82,250.71,244.39,241.78,235.05,229.40,222.50,216.83,208.87,203.59,193.75,187.07,181.84,173.85,163.42,154.92,142.71,133.36,123.82,110.42
142.86,156.37,161.94,172.89,185.00,197.34,204.20,210.06,208.78,209.39,212.17,211.59,215.74,216.12,217.83,223.83,223.04,229.39,229.59,234.34,240.67,245.67,253.31,261.35,267.69,269.82,275.96,273.94,273.72,270.25,269.31,261.28,256.70,252.79,247.46,242.87,234.93,230.67,221.95,216.17,209.15,204.32,194.43,186.94,182.99,173.40,165.53,155.13,142.30,135.33,122.18,109.08
137.44,147.25,155.00,164.68,178.28,182.36,192.85,196.90,203.09,203.53,208.58,212.27,214.11,215.46,213.47,218.26,219.57,228.57,227.71,230.36,234.92,237.26,249.04,252.68,256.42,262.02,264.89,259.05,260.45,259.83,254.89,248.36,244.07,241.85,234.10,230.08,219.28,214.87,208.66,205.85,201.79,190.60,185.78,179.34,173.93,162.19,154.78,145.83,135.96,130.15,116.67,105.99
135.37,149.57,158.60,170.59,180.94,189.79,197.23,203.00,202.67,206.52,209.75,210.61,213.28,214.44,217.22,220.68,222.46,227.37,229.22,232.95,237.93,242.99,252.96,260.21,265.77,266.08,270.97,270.84,269.08,264.61,265.59,257.27,251.85,246.89,239.40,235.13,229.08,223.09,216.92,211.01,204.27,199.75,189.84,185.13,177.72,168.91,161.41,151.08,138.92,132.44,119.57,109.04
140.87,154.00,162.87,172.88,183.36,193.20,199.72,206.89,208.27,210.77,214.11,214.67,218.02,219.16,217.42,222.44,224.62,229.31,229.71,235.08,238.67,244.10,254.28,260.22,267.49,268.81,274.24,273.07,274.20,269.47,269.07,264.70,256.46,252.24,246.17,244.27,234.80,230.73,225.11,216.45,209.85,203.79,196.90,190.68,182.54,172.80,164.03,154.40,143.50,135.52,121.92,112.27
131.49,147.36,156.60,167.17,173.22,183.10,189.16,197.29,198.44,201.56,202.48,203.83,208.41,207.00,208.08,211.12,213.00,217.95,221.18,223.14,228.13,233.03,242.68,247.93,255.00,258.80,263.74,260.19,259.95,258.55,257.00,248.47,244.75,241.54,236.21,231.85,222.60,219.74,213.18,206.31,201.46,192.92,188.00,179.69,172.63,163.17,154.05,148.06,138.19,129.87,115.97,105.36
140.07,154.31,165.19,175.76,183.53,192.32,199.01,207.62,209.25,211.75,212.85,215.11,220.62,218.76,215.56,221.73,225.85,230.51,232.17,232.81,238.52,244.63,253.97,258.28,263.21,271.00,278.00,271.76,272.38,272.41,267.90,260.60,257.10,255.49,249.07,246.09,234.39,230.23,222.41,219.34,212.85,202.20,198.24,188.83,185.24,172.74,163.37,155.05,144.53,135.48,123.36,110.68
132.92,148.35,154.26,164.81,175.28,185.78,190.87,196.90,198.30,201.72,205.76,203.92,207.39,207.58,209.02,210.05,215.60,218.60,220.80,223.23,227.26,234.72,243.21,249.26,255.26,255.69,262.06,261.01,262.09,258.63,255.81,250.58,246.01,238.10,236.58,232.79,225.32,222.70,214.76,206.60,200.88,195.14,185.46,179.62,175.07,165.85,155.46,148.07,136.86,128.32,117.18,107.00
118.27,133.09,144.14,154.63,161.40,168.67,173.22,179.74,179.23,185.27,187.03,186.21,189.83,191.04,192.44,193.83,196.40,202.09,203.81,205.20,212.25,218.22,227.98,234.36,241.75,243.82,248.50,248.65,249.16,246.01,244.56,238.05,235.91,229.49,224.86,223.81,214.56,211.29,208.08,201.26,194.49,189.17,180.57,174.73,166.51,159.15,147.57,141.38,130.02,121.76,110.60,100.40
137.53,156.55,163.77,173.23,183.11,193.00,199.25,207.61,208.36,213.46,213.79,214.29,217.83,216.60,218.00,224.64,224.77,227.44,232.86,232.08,236.32,245.02,254.91,258.96,266.19,272.20,273.98,273.26,276.02,273.42,267.53,263.07,256.30,252.45,247.80,243.99,234.97,229.96,223.58,217.22,210.86,202.74,196.11,189.55,180.85,172.05,162.93,154.35,145.84,136.89,121.70,110.63
136.18,152.45,158.81,172.25,183.37,191.44,199.55,204.79,203.96,208.31,212.61,213.10,215.47,217.12,218.34,221.07,222.87,228.53,231.81,233.68,236.13,242.99,253.95,261.07,265.34,270.45,273.70,272.62,272.24,266.85,267.07,257.80,253.79,251.23,242.89,240.45,232.07,226.81,220.06,215.98,208.02,203.49,194.06,185.87,180.49,171.94,163.08,154.39,143.00,133.22,122.87,110.02
137.56,152.74,158.43,170.42,182.02,188.77,203.49,203.00,207.48,208.12,210.01,211.21,214.48,217.88,220.06,224.36,221.92,226.38,232.56,235.59,237.26,245.46,253.62,260.73,267.11,269.60,272.92,272.36,272.84,266.18,266.00,258.68,252.40,249.11,239.85,239.53,231.49,227.72,220.91,213.32,208.08,201.90,193.71,184.02,179.40,172.57,162.02,153.17,142.76,134.83,122.02,110.14
135.37,151.25,168.12,176.23,185.30,196.51,194.74,209.12,205.77,213.06,205.23,215.23,217.92,216.92,216.23,218.08,223.61,230.05,227.92,233.14,235.05,241.27,253.88,262.23,261.81,269.01,272.26,270.13,270.15,266.81,262.02,255.63,251.02,247.48,243.40,239.01,228.48,225.06,219.94,213.35,210.85,200.02,194.54,187.11,181.47,169.01,161.28,151.61,144.31,135.57,121.50,108.24
128.16,142.76,153.85,163.44,173.08,184.84,188.88,197.43,204.60,201.14,204.94,207.86,211.29,210.68,212.41,214.01,215.24,216.67,220.05,222.72,229.96,236.07,241.91,247.76,250.53,257.10,259.48,257.42,257.45,255.16,250.20,246.60,239.88,236.04,230.08,224.20,217.42,211.93,206.05,202.43,196.65,190.00,182.43,176.41,170.95,160.55,151.35,143.18,133.99,124.62,115.10,103.08
132.85,146.33,152.83,163.93,176.71,181.66,190.52,197.65,198.44,201.33,204.41,205.41,208.04,208.60,208.72,213.71,216.68,221.65,223.65,225.06,230.00,236.41,246.66,251.11,255.27,260.00,264.27,260.65,260.80,261.32,254.02,248.05,243.74,240.65,235.32,229.84,220.55,216.31,209.47,208.28,201.30,194.13,184.49,179.20,171.84,162.87,154.47,147.03,135.09,127.39,115.69,104.14
135.77,149.93,158.82,169.36,178.07,189.20,194.16,200.06,201.12,206.23,211.02,209.65,210.77,213.78,215.14,218.82,220.29,222.85,225.62,230.36,235.21,240.57,248.94,255.23,261.19,263.97,267.85,268.03,267.57,263.78,259.33,253.48,249.30,242.99,237.88,234.20,227.17,222.00,218.16,210.74,203.23,198.37,188.13,181.60,177.10,167.24,159.77,150.03,139.18,131.19,120.42,107.22
131.24,145.62,155.21,163.98,174.75,183.18,191.66,196.42,198.67,202.20,203.30,203.21,207.16,208.78,211.57,213.66,213.33,218.82,221.64,224.66,228.35,235.44,242.64,248.50,254.37,256.07,262.27,262.05,259.45,255.92,254.71,248.93,244.05,237.80,232.24,229.96,221.58,217.59,211.01,205.70,198.41,193.05,184.29,177.55,172.00,164.78,155.05,147.31,136.12,129.25,116.81,106.21
130.25,143.28,153.46,163.27,171.35,180.68,187.86,197.16,197.23,200.84,200.36,204.19,206.89,206.39,205.68,209.29,213.15,219.53,221.06,221.63,227.79,234.36,242.63,246.86,252.23,256.80,261.05,258.04,255.57,257.34,251.24,244.76,239.44,238.81,233.62,227.50,219.54,215.00,207.07,205.83,199.12,190.08,184.57,177.26,171.82,161.01,152.79,144.93,135.24,126.49,115.88,105.12
130.86,146.44,153.88,165.52,175.29,182.48,187.68,197.00,197.27,202.98,202.09,204.00,207.97,206.32,207.96,209.88,212.72,220.00,220.57,221.18,228.97,233.50,242.67,247.88,252.39,255.88,261.81,258.79,258.56,259.04,249.20,244.00,238.90,236.22,233.62,226.92,218.84,215.98,209.02,205.36,200.26,190.91,184.95,176.73,172.03,162.37,154.15,144.12,137.57,128.55,116.36,104.69
129.97,144.26,155.08,166.36,173.52,181.69,187.84,196.17,197.34,199.92,201.43,205.00,207.87,207.29,207.42,209.54,213.93,218.32,220.24,221.42,227.26,233.23,243.18,246.66,251.53,258.00,262.69,261.73,256.98,257.53,249.91,243.40,240.22,238.21,233.01,227.88,218.05,213.93,207.58,206.34,199.27,189.64,185.40,176.65,171.27,160.85,151.49,143.27,135.34,129.29,114.83,104.04
136.56,151.86,158.76,171.42,181.84,190.26,196.73,203.69,203.07,208.01,211.10,209.75,215.38,215.13,215.68,219.01,220.95,228.02,228.66,231.19,235.26,241.58,250.34,257.42,262.15,266.11,269.54,267.42,266.00,265.45,261.87,255.07,249.13,248.36,240.96,236.93,229.61,224.11,218.00,212.26,206.31,199.48,191.86,183.20,178.63,168.40,160.65,152.43,141.06,132.26,121.38,109.27
133.21,148.03,155.12,165.75,177.46,186.30,191.69,195.94,198.70,201.70,203.58,203.31,207.74,208.19,208.90,212.45,216.02,219.35,223.49,223.83,228.47,235.15,248.52,254.26,259.82,263.76,270.20,268.37,268.51,266.66,264.41,255.05,251.70,248.65,243.21,239.77,229.81,225.89,220.13,215.19,209.06,201.73,193.33,186.95,178.04,169.65,160.26,150.63,139.56,131.38,120.84,108.41
129.63,145.91,153.12,164.60,174.64,181.46,187.81,197.43,197.70,199.81,202.27,202.97,208.56,207.70,207.16,214.98,216.81,222.33,219.01,221.69,225.42,231.53,240.03,246.45,251.00,256.28,262.62,257.57,258.12,255.98,253.95,243.50,239.52,238.38,231.66,227.86,220.05,214.77,208.80,205.04,198.67,191.27,183.81,177.52,171.28,161.45,154.18,145.58,134.71,127.25,116.73,104.89
129.88,145.43,151.65,162.25,174.75,182.43,188.31,194.08,196.62,198.21,201.56,201.92,203.81,206.07,208.84,209.24,210.58,217.92,218.32,223.62,226.38,232.26,240.22,248.39,252.24,254.00,257.73,259.33,258.01,255.86,251.91,244.72,237.26,234.09,230.55,227.02,220.34,214.24,210.04,202.43,199.53,192.35,182.99,174.75,170.31,162.48,153.01,144.84,134.71,125.71,116.52,103.74
136.07,151.22,160.51,169.94,180.40,191.41,198.49,206.06,204.83,208.80,210.19,211.14,215.20,217.12,216.64,222.17,221.65,226.59,227.75,233.62,238.03,243.53,253.57,258.86,265.69,266.55,270.84,271.63,270.05,267.54,266.09,258.31,254.88,249.15,242.68,238.58,231.26,226.06,220.38,213.93,207.15,202.61,192.72,185.88,179.81,170.88,161.72,153.18,142.04,133.36,122.59,110.11
130.00,145.45,155.68,165.05,173.46,182.46,191.93,197.80,198.67,201.91,201.81,206.41,208.92,209.34,207.35,213.05,216.11,222.95,224.61,223.49,228.16,234.93,246.88,249.97,255.25,261.40,265.66,260.68,261.08,258.50,252.86,246.81,242.20,240.67,235.65,229.06,220.30,216.04,209.03,207.23,200.57,193.00,186.26,177.23,172.26,161.52,153.05,144.59,134.81,128.74,116.16,104.28
131.05,143.41,151.85,162.61,172.61,181.89,189.26,195.41,194.36,198.30,201.10,201.30,206.60,208.75,206.20,211.12,214.09,217.17,219.97,222.80,227.27,232.48,242.17,247.88,253.25,255.00,259.05,259.94,256.97,255.00,254.49,246.73,240.74,235.77,229.87,226.72,219.51,215.06,210.54,203.96,195.90,192.78,182.54,175.51,170.21,162.12,152.16,144.31,134.53,126.66,114.79,104.17
131.55,148.25,157.05,166.43,173.48,183.88,190.70,197.25,198.76,203.04,203.39,204.98,210.23,208.49,207.27,213.93,214.46,220.05,222.09,222.80,227.34,234.96,243.30,246.38,253.48,258.12,264.39,260.38,260.28,257.72,256.46,250.05,245.97,241.41,237.26,231.53,223.45,220.20,214.46,207.29,201.80,193.64,185.70,180.07,174.24,165.53,154.43,146.37,136.88,128.89,115.57,104.81
132.24,149.27,154.67,167.72,176.03,186.04,190.38,196.87,198.43,201.56,205.46,203.04,208.87,208.31,209.95,213.78,212.45,216.84,219.13,221.27,228.30,232.44,240.52,247.73,252.06,255.95,261.47,258.80,261.73,256.72,253.19,248.07,243.12,239.89,232.97,228.71,223.99,218.80,212.81,206.01,200.01,192.78,183.98,177.41,171.13,164.66,154.69,146.51,136.13,127.94,116.00,103.87
140.94,157.61,166.65,178.28,187.13,195.90,202.24,210.45,212.00,215.70,216.81,218.52,222.23,221.08,219.43,225.66,225.94,231.14,233.01,235.51,241.42,247.74,258.32,262.61,267.69,274.93,280.24,274.00,277.20,275.12,270.30,264.85,257.80,256.48,249.47,244.25,235.44,231.57,227.04,219.43,215.35,203.48,197.69,190.60,184.50,173.95,163.31,152.97,143.76,136.56,122.65,109.37
128.74,144.59,152.50,164.27,174.18,182.33,187.78,197.57,197.89,201.00,202.70,203.93,208.20,207.46,206.85,212.36,213.88,218.01,221.45,220.62,225.32,232.26,243.40,247.87,251.81,256.97,260.25,258.05,257.17,256.72,253.31,246.47,242.05,238.02,233.00,228.12,220.23,214.34,208.43,205.68,198.01,191.66,182.95,177.46,171.47,161.37,153.88,145.50,135.21,127.09,116.42,105.30
132.82,147.01,155.76,167.17,176.82,184.09,190.54,198.04,200.00,203.34,204.80,206.52,210.46,211.29,211.12,215.76,215.13,218.87,222.64,224.70,230.34,235.44,245.03,249.19,256.10,259.56,263.19,263.25,264.01,260.92,256.30,251.64,247.35,241.46,236.10,231.17,225.01,220.33,213.91,207.62,201.36,193.37,186.32,180.25,174.00,164.35,155.98,147.34,138.22,131.24,116.43,104.66
136.18,151.60,161.82,174.29,181.14,190.06,199.18,205.80,206.65,213.14,211.21,215.03,218.76,217.83,217.08,221.65,224.64,230.02,232.42,234.01,241.02,245.81,256.72,258.80,264.20,270.77,274.02,272.64,270.60,269.87,264.89,258.90,253.73,250.01,245.88,239.14,231.04,225.40,216.36,215.84,209.29,199.90,193.60,185.33,182.04,170.58,159.01,149.94,143.00,134.48,119.00,107.82
137.52,152.16,163.53,174.54,181.10,191.04,198.98,206.12,208.06,212.90,211.48,214.95,218.28,217.12,218.23,224.20,226.23,230.83,234.04,235.42,239.51,247.49,253.33,260.77,266.18,272.53,275.86,271.43,273.24,269.61,265.83,259.26,253.10,253.29,242.86,241.23,233.21,226.63,220.23,215.39,211.05,199.46,196.81,187.61,181.89,170.29,159.67,151.43,142.47,135.53,119.10,109.29
126.83,135.99,149.64,166.43,181.25,188.14,193.33,196.73,194.73,200.89,205.83,203.54,207.15,207.07,210.44,210.80,215.03,218.66,223.97,223.79,229.20,236.70,247.94,252.57,259.68,260.87,268.06,267.33,265.42,265.75,264.43,254.43,251.92,248.11,242.35,238.21,230.67,226.29,219.53,215.42,207.29,201.80,190.97,185.15,178.63,168.24,161.05,151.45,140.86,132.42,120.70,108.52
128.72,148.39,156.97,165.01,167.76,187.68,187.97,198.16,195.87,200.24,203.16,201.80,205.88,208.03,207.69,211.73,212.43,219.24,220.95,223.43,226.29,230.67,242.06,248.57,251.91,257.66,261.09,259.47,259.31,257.10,255.62,248.04,242.60,237.88,234.89,228.02,221.98,217.08,210.34,205.23,198.03,193.96,184.39,175.91,171.06,164.00,154.04,145.99,135.72,125.87,116.43,104.32
131.03,145.42,153.06,163.78,175.21,184.02,191.69,196.96,197.61,201.53,205.29,205.39,211.19,210.49,211.02,213.85,218.50,221.17,223.13,223.14,228.37,234.02,244.20,248.02,253.33,256.87,258.31,260.73,258.94,254.02,250.11,244.93,240.13,235.01,229.12,226.34,218.45,215.26,207.89,201.07,196.35,190.32,183.09,173.98,168.08,161.52,152.59,143.03,133.75,125.72,115.60,103.58
138.23,152.53,159.01,172.45,183.15,192.13,198.07,206.06,206.58,208.58,214.76,213.47,216.92,219.31,217.28,221.11,226.15,229.08,231.04,232.57,238.37,244.81,253.79,259.72,264.12,268.78,274.78,271.14,268.39,270.19,264.70,256.46,252.52,248.72,244.49,239.08,230.87,225.44,216.93,214.37,208.63,200.83,193.40,186.22,178.84,169.01,159.06,151.00,141.06,132.28,121.59,108.50
130.48,145.00,155.26,166.69,173.48,182.06,189.55,196.01,197.29,203.11,201.56,203.69,207.95,207.28,208.54,213.51,213.04,219.54,221.00,221.38,226.53,233.48,242.22,247.78,253.27,256.22,262.48,260.10,262.06,256.67,253.51,249.99,244.29,240.80,233.59,229.10,221.78,220.49,211.19,206.53,200.80,194.00,185.84,178.68,173.07,162.98,152.79,145.36,135.64,127.91,115.10,104.24
134.32,146.74,153.18,165.12,176.69,182.94,191.17,196.09,196.80,200.74,202.71,204.16,208.00,206.60,208.40,210.62,214.28,219.49,221.05,221.92,226.12,233.57,242.40,249.61,251.79,256.73,262.21,259.74,260.97,258.32,254.13,247.69,241.90,241.25,235.34,229.09,222.25,218.05,211.54,208.28,200.20,192.44,185.08,179.61,171.92,164.05,151.65,146.29,136.24,126.32,115.35,105.26
137.93,154.81,163.42,173.22,182.94,192.04,198.54,204.64,206.04,209.47,212.98,211.54,216.92,216.90,219.48,222.62,223.76,230.26,229.16,231.80,236.91,244.39,252.29,258.86,265.77,266.36,271.91,271.53,271.91,267.85,266.36,257.65,253.62,248.20,242.84,240.01,231.47,228.18,220.66,214.98,209.62,202.18,192.20,186.22,180.28,171.97,162.79,153.73,141.66,134.01,121.81,110.22
140.43,153.84,164.35,174.93,184.10,194.16,201.73,211.09,213.18,218.50,219.15,222.09,225.84,224.40,225.00,229.31,230.03,234.65,238.81,239.24,242.03,247.92,257.41,260.86,268.17,274.03,279.87,272.42,275.19,272.22,267.44,261.61,258.49,255.13,249.27,245.25,233.69,230.36,222.89,218.69,213.36,202.28,198.16,188.53,182.22,170.84,163.27,153.05,143.38,135.21,121.20,110.07
130.51,145.58,153.71,164.77,173.25,182.01,190.16,196.79,197.12,200.85,201.70,203.81,207.85,207.20,206.93,210.20,213.08,218.52,219.04,221.84,226.92,232.31,240.88,246.95,253.12,256.07,261.22,261.38,258.38,257.03,255.00,248.28,243.07,239.77,234.06,231.29,221.62,217.75,209.86,207.00,198.81,192.28,185.00,178.44,173.10,162.59,152.01,144.22,136.50,128.63,115.26,103.58
132.91,146.86,153.38,164.51,170.04,183.81,187.36,190.96,190.92,191.51,192.59,194.05,197.59,197.72,198.32,203.80,205.51,211.21,214.87,216.61,222.14,227.78,238.07,244.66,251.18,251.51,257.77,259.33,257.95,257.24,254.17,248.36,244.20,238.82,235.47,230.25,222.62,217.91,212.70,206.09,199.25,194.01,185.44,178.19,171.06,162.12,152.83,145.26,134.18,124.65,114.02,102.32
132.38,146.70,155.05,167.37,171.21,183.31,187.32,192.43,192.04,193.40,193.44,195.23,198.83,198.03,200.50,203.55,208.08,210.64,215.43,218.55,222.51,228.35,238.93,245.70,251.45,252.94,258.80,260.03,259.26,257.20,256.26,248.20,245.12,239.02,234.31,229.99,222.77,220.66,213.17,207.51,200.01,192.84,185.28,179.01,172.01,163.11,153.73,144.01,135.67,126.40,114.83,103.59
132.10,145.00,153.57,164.10,174.00,183.25,188.86,196.54,196.98,201.06,204.38,202.70,206.52,208.00,208.49,212.42,212.62,217.52,219.54,223.93,228.71,233.69,243.30,247.03,253.72,258.94,261.81,258.86,258.95,256.94,255.22,246.79,242.16,237.55,233.55,228.71,222.06,216.60,212.16,205.29,199.26,192.13,186.30,177.16,171.94,162.98,155.26,147.05,134.81,126.83,116.69,106.08
118.34,131.87,139.95,151.82,158.49,165.22,171.30,177.56,179.52,182.01,185.71,185.04,188.88,187.22,188.52,192.68,194.16,197.87,199.62,203.18,208.19,211.03,221.16,222.83,229.39,236.58,238.76,236.55,233.75,234.78,228.86,224.02,220.42,216.00,211.38,207.89,200.34,192.60,190.28,185.83,182.00,173.36,168.01,162.36,155.98,145.33,137.91,132.28,121.67,116.25,103.41,95.29
118.19,131.37,140.23,151.00,159.29,167.04,171.06,179.03,181.42,182.32,186.43,185.07,190.42,189.26,189.08,192.52,193.20,198.71,200.04,203.06,208.72,212.46,219.64,222.50,227.00,235.92,238.44,234.20,234.92,234.62,228.43,222.85,218.49,216.84,210.77,208.25,199.81,194.49,190.04,184.84,182.02,172.53,168.67,161.79,155.96,144.62,139.28,129.56,123.07,115.88,104.81,95.19
135.35,148.76,159.18,169.07,179.94,187.07,196.98,201.81,204.30,207.39,207.42,210.92,215.15,214.85,215.19,216.32,219.65,226.05,229.06,227.80,234.45,240.44,250.57,252.40,259.46,266.27,269.08,266.61,264.25,266.99,260.97,254.85,251.62,245.99,245.47,239.25,220.69,220.34,223.44,210.28,203.94,198.98,193.26,183.02,178.99,166.14,158.27,151.60,140.46,133.41,120.30,106.89
137.64,153.63,162.15,174.00,184.01,192.35,200.11,206.02,207.85,211.85,213.81,214.97,217.59,216.67,217.34,222.61,225.36,231.19,231.22,234.54,238.66,245.02,253.57,258.59,266.05,271.23,275.11,270.30,271.49,269.41,265.21,257.33,253.74,251.38,246.62,241.88,232.55,228.46,222.87,214.95,210.16,201.06,194.43,187.88,180.62,170.58,162.39,152.74,143.39,134.09,122.09,111.07
126.30,139.01,147.14,157.16,166.94,176.11,182.66,189.50,189.76,193.87,195.80,197.77,201.93,200.39,201.04,202.43,207.50,213.49,215.13,215.11,219.35,224.62,235.03,238.56,244.23,248.29,253.21,249.02,248.62,250.45,242.79,235.67,234.34,231.66,226.28,222.06,212.16,207.74,202.20,199.01,194.18,183.92,180.00,173.46,166.08,154.21,146.82,140.13,130.46,123.00,111.76,100.09
132.74,145.84,153.48,165.85,175.03,182.92,190.28,198.01,197.43,200.81,203.04,202.70,207.00,209.39,207.20,211.01,214.31,221.10,223.58,222.73,228.47,235.05,244.13,248.24,253.22,258.26,262.38,260.85,260.00,259.09,254.83,248.85,242.79,240.15,235.10,231.19,221.84,217.08,207.62,206.83,199.58,194.10,186.12,179.23,173.22,163.67,155.23,147.67,136.89,127.99,118.11,105.17
130.42,145.43,152.98,162.93,173.67,181.66,190.00,195.16,197.10,198.84,203.03,203.57,206.20,204.60,207.20,210.64,215.36,218.66,218.80,221.72,227.42,232.82,243.98,248.36,253.16,255.86,260.32,260.84,260.62,258.36,255.16,248.28,241.81,238.05,233.93,229.48,221.33,216.13,210.34,207.09,198.64,193.71,185.26,178.88,172.45,163.51,155.08,146.65,136.30,126.02,117.32,105.12
130.97,146.82,153.68,166.74,173.00,184.88,188.22,195.21,196.94,202.19,201.97,205.34,208.03,207.76,206.16,211.40,210.68,216.58,219.97,223.73,229.10,233.38,243.88,248.76,253.20,256.72,263.82,260.50,259.96,257.51,251.45,246.29,241.25,241.02,233.75,228.84,220.42,216.07,209.95,206.04,200.88,190.63,186.02,177.08,171.92,162.25,152.80,143.06,135.07,129.20,115.68,104.55
130.86,144.89,154.26,165.65,173.36,182.43,188.22,197.43,197.41,201.76,200.16,206.20,208.54,207.21,206.31,209.03,214.34,220.13,222.06,222.42,225.85,234.29,242.00,245.45,253.57,255.97,260.38,257.70,258.12,257.34,256.43,246.87,244.10,240.63,235.14,231.19,222.35,218.45,211.82,206.55,201.07,192.51,187.22,178.72,173.28,163.23,153.03,145.88,137.01,129.83,116.25,104.12
132.77,146.22,154.43,165.15,175.82,186.32,192.09,198.77,198.40,201.31,203.09,204.42,206.12,206.49,207.12,211.81,210.42,215.06,220.60,221.14,228.65,234.09,241.82,247.40,250.71,256.46,261.70,259.77,259.08,258.52,253.66,247.65,241.87,239.51,236.33,230.84,222.90,218.63,211.85,206.89,201.80,191.51,186.04,180.31,171.76,165.42,155.60,145.66,136.12,128.72,116.50,106.23
136.68,149.24,152.83,167.53,173.68,184.74,195.35,197.75,198.40,200.68,201.56,204.09,206.49,207.08,207.48,211.86,214.22,221.52,222.83,221.62,225.72,233.95,244.07,248.76,253.05,258.68,263.47,259.13,260.62,261.51,254.68,249.00,244.30,243.61,236.78,233.11,223.13,220.06,214.19,210.62,203.21,193.44,189.11,180.01,173.93,163.44,153.57,146.28,138.29,129.40,115.45,104.00
132.59,146.34,153.79,166.17,176.05,183.01,189.78,198.56,196.35,201.56,202.74,203.83,207.76,208.00,209.69,212.17,217.08,220.42,222.65,222.80,228.41,236.04,244.17,249.72,254.10,258.40,263.93,262.92,259.68,262.18,257.39,249.56,245.40,242.24,236.10,231.63,222.85,220.66,212.90,208.85,200.94,196.02,186.90,179.47,173.46,165.30,154.74,148.41,137.80,128.69,117.39,106.04
131.24,146.77,154.46,165.42,175.09,184.20,190.91,198.01,197.01,201.02,202.48,204.53,207.20,208.81,208.83,211.81,216.76,217.66,222.60,221.88,227.92,234.09,244.05,249.10,255.03,257.42,261.46,261.23,261.23,257.95,255.22,249.10,245.59,241.28,234.36,232.01,222.87,220.13,211.95,207.28,202.63,194.20,186.82,178.81,172.59,164.05,153.84,145.67,136.31,129.38,116.93,105.00
118.11,131.10,139.34,148.14,158.11,165.39,173.00,178.04,177.14,180.14,185.54,185.56,187.56,189.02,189.45,192.02,195.17,198.60,201.81,203.01,207.27,213.78,220.81,226.43,231.86,234.10,238.03,238.65,236.48,234.78,232.24,226.42,222.19,215.72,212.78,206.04,200.58,196.77,189.93,185.83,180.61,176.92,166.72,161.14,156.08,148.00,140.06,131.22,121.49,115.26,106.28,95.01
112.97,129.38,145.40,153.84,164.30,179.28,173.95,193.83,191.05,198.41,198.60,203.07,208.63,210.30,207.46,213.28,211.53,220.81,220.04,225.14,223.01,228.35,228.27,233.00,236.84,235.54,233.31,231.21,227.08,220.38,217.96,209.09,196.82,190.02,180.94,174.86,170.36,162.25,157.88,149.41,145.34,141.36,133.54,126.25,125.92,122.29,117.00,108.68,101.82,96.32,88.77,80.45
133.30,146.63,155.90,164.23,176.11,186.02,191.76,197.20,198.31,201.94,205.50,205.70,208.06,210.79,210.66,212.79,216.09,220.08,222.87,223.51,229.26,236.95,243.66,251.84,255.93,257.01,263.80,264.09,262.57,260.69,258.59,251.67,247.76,242.66,237.90,231.81,225.97,220.27,214.70,209.15,201.14,197.00,186.70,180.28,174.10,165.41,156.25,147.96,136.33,129.77,118.70,106.32
127.91,143.84,152.24,164.20,170.88,180.68,188.47,194.81,196.06,200.16,199.81,203.59,205.46,204.57,207.17,210.02,213.69,219.97,221.16,221.01,224.12,233.03,242.44,245.80,251.45,256.70,261.34,258.68,257.16,258.07,252.62,245.38,241.03,238.41,234.36,228.66,219.44,214.16,208.39,206.81,199.49,190.28,185.06,176.82,171.49,161.48,150.10,143.34,134.63,127.01,113.90,102.88
131.37,144.92,154.73,165.48,173.76,182.73,191.17,197.77,196.94,202.48,202.30,203.74,210.00,209.31,208.06,211.99,215.00,219.53,224.76,224.21,228.01,236.85,243.82,248.36,257.42,256.75,260.84,262.49,260.72,259.49,255.27,247.73,244.74,239.43,233.42,229.24,222.27,218.69,211.07,206.06,199.88,192.26,184.57,176.82,170.88,162.98,152.98,144.31,135.96,127.58,115.12,103.59
119.42,134.81,145.00,153.83,166.14,179.39,181.91,191.69,199.21,202.57,208.00,211.15,211.57,214.35,215.23,217.26,221.33,226.77,228.82,235.34,234.97,237.12,233.42,235.03,238.10,235.59,237.92,230.72,225.82,217.89,211.29,205.23,191.85,181.52,166.72,160.96,154.40,149.19,140.58,135.52,135.07,128.46,125.30,120.77,127.00,124.33,114.83,117.11,114.06,104.28,90.43,91.93
133.96,150.28,159.29,175.48,181.18,188.45,196.08,204.00,205.20,210.21,209.82,211.99,215.54,216.45,214.77,219.32,221.73,227.90,231.08,229.26,235.19,243.25,250.45,256.84,261.73,269.47,274.93,269.26,271.67,270.38,266.12,258.57,254.37,252.29,245.51,241.17,232.56,227.17,220.55,218.56,211.46,200.74,195.90,187.22,179.97,169.54,160.70,151.82,143.40,133.20,122.07,109.29
137.64,153.72,162.05,175.00,183.17,191.63,199.72,206.53,207.00,212.53,212.46,216.67,219.42,217.50,218.83,222.95,225.27,230.54,234.02,233.48,238.84,245.45,255.81,260.46,265.85,272.68,280.08,273.59,275.47,272.84,268.31,260.30,257.42,256.81,250.00,244.90,235.54,231.21,222.99,219.35,215.41,202.09,196.42,189.49,182.20,170.24,160.44,153.38,142.64,134.89,121.41,108.69
136.34,151.85,160.35,171.70,182.06,189.40,197.95,205.41,204.92,211.00,209.66,211.01,214.83,215.13,215.28,218.89,223.79,229.21,232.22,230.67,237.08,243.99,254.56,257.99,263.91,270.01,275.36,271.53,274.05,272.25,266.00,258.31,255.38,253.87,248.28,242.10,231.68,227.64,220.91,217.75,212.20,201.12,195.97,187.95,181.04,170.29,160.80,152.64,143.93,134.46,120.84,109.84
128.44,142.95,152.86,162.05,170.18,180.38,187.00,194.18,194.12,199.41,198.24,200.24,205.62,203.90,206.01,207.42,211.29,216.36,219.82,218.89,224.56,230.97,239.38,247.02,252.74,256.25,261.44,257.39,258.12,255.65,252.94,244.35,242.00,239.70,233.05,226.81,219.15,214.98,208.66,206.31,200.26,189.40,183.85,176.82,171.21,161.64,149.78,142.27,134.54,127.63,111.99,102.42
131.47,145.45,152.83,163.71,174.14,182.02,191.32,196.60,197.31,200.12,202.74,203.30,208.89,206.90,207.62,209.58,215.23,220.77,223.00,222.31,227.44,233.81,243.46,247.16,252.40,258.79,261.20,260.03,260.53,259.62,253.67,247.95,242.55,241.07,237.07,231.14,221.88,217.08,211.53,208.39,202.20,192.26,185.27,179.57,172.01,162.27,154.18,145.17,135.59,125.67,116.62,105.93
136.70,153.47,160.52,170.58,180.68,191.66,197.63,205.54,205.01,209.91,212.42,212.19,216.01,217.28,216.30,221.69,222.80,230.02,231.53,232.62,237.49,244.29,254.26,259.17,264.34,269.07,274.77,270.14,273.67,272.15,265.15,258.85,253.79,253.24,245.42,241.00,232.56,227.18,219.97,216.54,210.05,203.18,194.49,185.53,180.43,170.29,161.15,151.49,140.13,132.31,120.83,108.98
129.71,145.24,151.65,162.50,171.33,180.54,187.54,194.29,195.69,197.59,200.82,202.36,204.64,205.38,204.98,208.46,211.29,215.75,218.72,220.73,225.41,231.22,240.38,247.97,253.18,254.33,260.12,260.49,258.66,257.45,255.89,247.70,243.76,240.24,234.23,230.34,223.08,218.19,211.75,205.77,200.94,191.40,185.07,178.00,172.35,162.48,152.64,144.50,134.37,127.03,113.60,104.12
128.16,142.14,150.30,160.31,167.92,181.04,187.97,191.13,191.95,198.00,198.30,197.50,202.18,202.77,201.10,207.70,206.93,213.28,213.26,216.02,222.02,229.21,235.72,243.58,247.42,251.44,256.22,256.22,254.06,251.79,251.56,244.25,239.08,235.46,230.41,225.06,219.24,215.75,208.06,202.88,196.49,190.92,182.13,175.51,169.11,159.39,149.48,145.01,130.86,123.91,116.81,104.14
137.48,150.33,160.65,172.45,180.23,190.12,197.31,205.54,206.97,211.40,210.11,213.58,218.20,216.28,215.75,221.96,221.38,230.20,233.24,228.85,235.91,243.53,253.85,258.32,264.38,269.56,275.28,272.64,273.08,272.38,267.04,258.77,254.23,253.31,247.15,241.66,233.65,228.32,220.48,217.49,212.80,201.94,196.98,188.28,181.62,170.85,158.84,152.07,141.69,133.36,122.77,110.34
129.77,145.09,150.92,162.26,174.23,182.99,189.13,195.35,196.33,198.73,202.07,201.46,205.81,205.43,206.70,210.39,212.51,218.83,219.66,221.82,227.38,234.69,242.05,248.52,253.87,256.60,261.68,260.16,261.22,258.60,254.83,247.95,241.21,239.92,232.40,229.90,222.73,215.96,209.62,206.78,199.62,194.49,183.64,177.00,173.11,162.31,154.69,145.80,135.48,126.12,115.73,102.80
133.42,147.46,158.49,170.42,176.65,186.82,194.52,200.25,204.46,207.63,207.06,212.14,213.81,212.94,212.05,219.32,220.78,225.85,228.54,230.38,236.33,241.68,252.25,257.33,263.11,267.15,271.86,267.68,267.92,266.24,264.47,258.18,252.87,248.62,242.80,237.62,229.92,223.44,218.05,213.59,207.93,197.25,192.05,183.15,178.44,166.83,157.41,148.85,140.46,132.44,117.72,105.93
134.53,149.11,158.14,171.64,181.73,187.54,195.00,202.27,204.02,204.71,210.39,207.62,211.48,214.22,213.85,217.83,220.23,224.24,225.49,228.37,235.83,240.45,250.31,254.92,261.28,264.39,271.40,270.30,266.49,265.06,263.54,256.81,252.00,246.98,241.05,236.14,230.12,226.88,218.58,212.00,204.27,200.14,189.84,183.37,178.06,169.06,158.40,151.18,140.16,130.82,119.27,108.00
124.91,139.09,147.57,157.29,166.51,172.97,182.60,188.31,189.45,192.87,194.73,196.66,199.81,196.74,198.49,202.14,206.65,212.00,215.24,214.04,219.54,224.90,235.47,236.81,245.02,249.83,255.43,252.45,251.81,252.10,245.20,238.42,235.23,232.74,227.50,223.78,212.88,209.61,201.91,199.86,194.58,184.95,178.90,170.59,166.21,155.08,146.78,138.22,130.92,122.53,112.29,98.90
121.80,137.36,143.54,155.57,163.27,174.03,177.56,190.00,191.26,194.16,196.81,198.65,203.38,201.56,200.35,203.67,208.86,213.88,212.90,215.11,220.59,227.13,236.33,240.84,246.66,251.44,255.33,252.22,254.10,252.41,248.36,241.01,236.10,236.02,229.65,226.14,216.83,211.80,205.37,202.87,195.24,188.66,180.25,173.57,167.55,156.47,148.81,139.85,131.24,121.34,113.37,100.60
127.77,141.35,149.35,157.69,169.59,177.23,184.32,191.08,192.21,196.38,197.57,197.91,201.85,201.81,202.16,206.04,209.51,214.77,215.13,216.79,223.66,227.20,239.05,243.19,249.02,250.84,255.57,255.15,254.17,253.34,250.53,242.99,239.35,234.07,230.02,224.83,218.28,212.19,207.04,200.80,194.54,189.07,181.32,173.90,168.22,157.05,148.33,139.63,130.17,122.38,109.44,99.86
130.21,140.16,150.42,163.81,170.34,178.89,185.53,190.41,192.66,199.00,196.70,201.12,205.20,203.77,202.20,208.48,210.38,215.67,217.41,219.32,220.73,228.54,239.60,241.59,249.56,254.33,261.20,256.60,257.39,257.42,251.87,245.72,241.86,241.30,235.48,229.96,220.59,215.72,210.12,204.97,200.02,189.76,184.44,177.34,170.31,159.84,149.09,140.07,131.18,125.32,108.52,98.41
127.91,142.17,150.88,162.11,171.28,180.01,185.81,194.91,197.40,199.20,200.09,204.08,206.78,205.73,206.53,210.61,212.45,221.11,220.86,222.80,226.72,231.80,241.57,244.32,250.53,255.89,261.28,258.37,258.80,257.42,253.16,245.29,241.95,240.47,233.32,229.40,218.55,213.59,207.79,204.62,199.28,188.04,182.46,172.28,168.34,156.01,146.73,138.23,129.69,122.20,109.29,99.20
125.87,143.56,156.54,168.19,177.34,185.35,192.77,198.06,202.70,205.80,213.05,210.49,211.14,214.58,217.08,220.29,220.62,224.51,225.94,228.04,230.97,238.60,247.42,253.16,257.00,259.31,263.77,264.59,261.22,260.44,256.20,249.73,243.32,236.29,234.36,226.51,221.04,216.34,207.06,202.63,197.04,189.97,176.38,172.41,166.77,158.22,148.93,138.92,128.27,119.00,110.32,99.32
134.83,148.12,154.93,167.36,179.82,190.37,198.73,206.70,207.52,213.33,217.28,216.94,220.05,222.38,222.04,228.25,227.07,232.70,233.05,235.76,241.37,247.49,254.37,261.44,266.83,269.67,271.88,272.35,271.74,266.90,264.33,260.25,253.97,245.42,242.03,235.93,230.71,223.57,219.11,209.02,202.14,195.58,186.00,179.90,172.41,163.17,152.51,142.64,133.41,124.28,113.02,103.73
125.04,139.12,147.61,159.13,165.92,176.12,182.78,187.67,191.43,193.61,195.54,198.16,199.25,199.61,200.64,203.35,206.00,209.99,216.36,215.37,218.52,227.30,234.45,240.48,246.87,251.21,258.57,254.14,253.31,255.88,249.51,242.98,238.08,237.17,231.18,226.37,218.05,212.51,206.74,202.31,195.35,185.24,180.38,171.29,165.47,153.56,143.28,135.19,126.02,117.18,104.66,93.94
131.03,145.62,154.21,165.50,175.10,186.08,192.52,199.83,201.07,204.66,207.28,207.65,212.72,213.56,215.14,220.51,219.53,225.96,228.00,230.23,233.50,240.30,248.93,255.28,260.89,261.82,267.51,264.68,267.37,264.25,261.20,252.07,247.82,243.67,237.80,234.31,225.87,221.21,212.85,206.90,201.26,191.05,183.20,175.86,167.24,156.82,147.63,138.51,128.02,117.75,106.89,97.06
123.23,139.17,146.77,156.08,165.41,176.03,182.49,191.82,192.77,196.50,198.29,200.83,205.24,205.12,206.60,211.46,211.22,218.28,219.46,222.00,225.58,232.48,238.76,245.81,253.16,253.48,257.56,256.72,259.54,253.65,253.82,246.01,240.21,235.58,229.13,225.66,218.36,212.23,205.08,196.86,194.06,185.42,176.18,168.62,160.46,149.94,140.00,129.81,118.68,110.22,100.00,89.05
123.57,136.50,143.84,154.78,167.80,175.03,182.21,191.02,192.28,196.15,198.30,202.37,206.31,206.85,206.00,213.80,215.41,220.23,221.98,223.18,228.04,234.64,242.05,248.65,251.62,256.74,261.96,257.86,258.02,256.36,252.16,243.83,240.75,237.86,232.44,227.11,217.81,211.62,207.28,199.94,194.49,184.14,175.03,169.07,160.85,147.96,140.21,128.97,119.44,110.82,100.12,89.04
121.02,133.46,141.60,154.33,160.59,172.19,180.23,189.45,192.09,196.74,195.21,202.25,205.88,205.55,203.49,210.09,212.91,219.02,221.01,221.11,225.56,232.44,241.93,245.97,249.90,254.54,260.05,256.86,257.28,256.01,251.10,246.01,239.77,236.91,230.33,227.18,216.45,212.14,204.71,202.42,194.88,183.83,177.28,168.55,162.00,148.45,137.88,127.20,119.21,110.57,97.59,85.23
126.27,140.80,149.90,161.94,168.76,180.24,188.79,197.22,198.66,204.17,205.68,207.29,213.95,213.49,215.06,219.92,221.27,227.56,230.01,232.65,235.51,243.00,249.61,255.48,262.01,262.97,267.75,267.80,268.00,263.47,262.21,255.65,251.02,245.07,239.38,235.91,227.27,222.03,214.37,207.21,200.32,192.11,183.39,175.82,168.44,156.02,144.09,134.77,122.32,114.20,100.69,90.45
123.97,137.93,148.61,157.27,166.03,174.07,184.23,191.76,195.50,198.57,200.96,205.00,210.20,208.12,209.47,214.57,218.25,224.74,226.88,226.76,229.87,237.80,247.39,251.60,257.56,263.34,266.31,263.21,262.69,262.48,257.97,247.81,245.52,243.18,235.70,232.79,221.58,216.31,210.00,206.04,199.06,188.30,181.33,171.09,164.76,150.31,140.16,129.88,120.83,111.80,99.32,87.28
124.23,138.00,147.26,157.88,167.71,174.52,185.61,192.34,194.26,199.84,200.90,205.06,209.02,208.66,211.40,214.22,218.66,223.89,226.64,227.73,232.96,237.54,247.32,254.65,255.84,259.88,262.41,262.37,261.68,261.09,256.69,248.81,245.08,239.88,234.92,229.71,221.92,215.59,209.55,204.00,196.70,188.35,179.07,170.85,162.86,150.03,140.47,130.18,119.20,110.86,98.86,88.10
130.00,144.00,154.01,165.13,174.89,183.04,192.51,201.11,203.81,208.72,210.46,215.20,220.91,220.10,218.29,223.18,229.92,235.05,237.17,236.68,240.88,246.45,255.44,257.09,264.68,268.70,272.34,268.69,267.47,267.15,261.00,253.31,249.47,245.98,240.43,235.69,224.02,219.49,213.89,205.83,200.82,191.05,184.09,175.64,167.43,154.01,143.54,133.12,124.33,114.35,100.24,89.87
140.09,155.21,160.80,172.96,184.81,193.66,202.62,211.98,213.55,216.46,219.80,222.61,229.03,230.05,230.15,235.44,242.01,246.02,247.19,250.57,250.83,259.49,265.37,270.19,274.77,277.84,277.74,278.00,276.02,272.20,268.38,260.73,255.16,247.88,242.03,238.20,229.63,222.80,216.91,209.12,201.64,193.29,185.07,175.62,168.59,157.42,146.51,136.62,125.24,115.28,103.08,92.05
139.30,150.22,161.51,171.68,180.94,190.78,198.15,205.80,208.14,211.42,214.23,218.83,224.21,225.02,225.55,229.62,233.55,240.85,240.67,244.39,244.56,251.03,259.85,262.39,264.66,270.63,269.46,263.28,262.76,262.59,256.13,246.08,241.42,237.90,231.25,227.27,218.00,211.95,205.80,200.45,193.04,184.09,178.97,168.81,162.78,151.24,141.01,132.40,123.02,114.24,101.12,89.89
130.08,143.69,164.55,172.61,177.87,186.08,196.45,196.73,195.97,203.81,213.00,213.19,220.63,221.27,222.69,220.81,228.81,233.47,236.48,235.80,241.42,246.42,254.17,257.67,263.59,266.85,265.35,263.49,260.42,260.22,253.24,242.55,238.32,232.17,227.67,224.40,215.34,209.12,201.26,198.01,190.59,186.13,175.39,168.34,160.64,151.42,141.57,133.27,121.83,112.01,101.00,91.39
129.10,145.34,150.81,161.53,173.28,177.55,181.64,190.04,193.13,198.85,198.57,202.70,207.80,208.06,211.44,212.13,216.54,221.31,227.55,228.81,233.06,238.21,246.17,248.50,251.98,254.91,254.89,250.69,249.16,246.29,242.33,233.03,228.11,222.93,216.01,214.05,204.66,201.16,195.39,188.61,182.15,177.00,167.04,162.53,155.71,146.22,135.72,127.64,119.04,110.16,98.51,89.01
139.26,150.43,157.62,169.01,179.08,185.84,191.40,196.06,197.03,201.81,202.51,204.62,209.00,208.93,209.46,212.36,216.47,218.51,222.00,223.67,227.70,231.40,238.73,243.73,246.98,252.00,254.78,250.57,252.72,247.54,242.76,235.64,230.78,224.56,221.82,217.50,209.40,204.30,196.37,189.93,183.88,178.24,169.59,162.02,156.16,145.09,136.21,127.81,118.02,107.52,97.80,87.66
144.31,161.28,169.81,180.42,189.91,198.22,206.63,212.90,214.40,221.03,219.18,223.45,228.65,227.90,226.72,232.76,237.17,243.18,246.91,246.15,251.18,255.73,266.41,271.01,274.63,281.26,284.19,276.63,278.37,277.95,271.09,261.54,255.27,251.94,247.12,241.03,230.17,224.66,217.90,215.60,207.28,195.02,191.64,182.33,175.45,164.35,153.06,143.39,134.47,125.71,110.48,99.82
121.75,135.15,143.17,152.40,163.37,171.01,179.00,183.70,185.60,191.13,193.26,195.47,200.39,202.23,204.24,208.39,212.85,218.43,222.41,224.06,228.81,236.86,246.20,251.51,256.82,261.08,265.11,260.20,259.33,257.64,254.77,242.01,241.11,235.59,230.59,225.06,217.22,212.47,206.49,201.26,195.17,188.73,179.74,172.15,166.94,157.49,147.12,140.29,129.26,118.85,111.21,98.41
106.68,116.25,125.93,133.41,141.24,148.01,155.01,160.86,161.72,167.84,167.73,172.28,179.01,178.60,181.32,187.39,195.14,201.06,204.46,208.94,219.72,229.79,241.51,247.73,255.56,263.09,271.28,268.79,271.06,269.98,266.55,258.07,254.02,252.25,244.07,239.40,230.31,223.04,219.40,213.64,207.15,197.65,191.32,183.70,176.83,164.98,154.03,146.16,138.68,129.07,114.95,104.12
112.02,118.43,141.01,148.66,159.25,177.54,177.49,177.91,170.49,169.33,174.47,179.12,185.78,187.22,186.02,187.75,197.25,205.77,205.25,213.96,221.58,229.51,243.73,249.97,258.14,260.23,267.45,270.82,270.60,268.96,265.59,256.33,254.03,244.73,241.75,236.21,224.59,222.18,214.46,209.00,201.76,194.49,185.60,178.14,170.19,160.61,151.21,142.34,133.02,123.49,113.22,102.04
122.98,136.65,142.87,152.90,163.78,180.35,175.15,171.05,169.99,174.18,178.63,174.45,176.40,178.66,180.95,181.47,187.48,196.37,200.32,203.93,214.83,221.54,232.40,239.68,246.45,249.03,256.86,258.01,259.33,254.23,254.38,245.98,242.37,235.99,230.31,229.31,218.21,213.49,206.86,200.81,192.78,185.71,178.21,170.88,163.17,154.31,144.59,135.15,123.98,116.11,106.94,96.05
123.15,137.99,146.54,156.40,164.76,174.24,178.10,182.91,185.27,184.61,194.16,192.41,196.86,196.42,198.80,202.88,201.02,206.93,207.34,213.40,216.98,218.01,221.54,223.33,227.78,223.65,218.98,216.45,208.33,202.14,198.01,188.83,174.56,165.20,159.81,154.57,149.58,143.56,139.46,133.52,130.97,127.81,122.19,116.02,111.80,107.78,101.83,93.65,87.85,80.43,75.31,68.35
130.17,144.97,150.28,156.26,162.34,169.12,173.46,173.66,171.23,175.32,172.70,176.01,178.16,180.01,181.57,186.12,191.66,199.04,203.44,206.17,214.77,222.69,235.00,241.37,246.97,252.45,260.72,258.00,258.82,258.13,253.16,246.97,244.03,237.70,234.30,228.41,219.24,214.90,207.09,203.57,196.54,187.02,180.68,172.59,165.51,153.40,141.48,132.82,124.02,114.79,102.62,91.59
134.46,146.77,154.54,164.62,169.81,178.71,179.69,181.22,178.47,182.46,178.89,182.04,184.86,187.52,189.42,192.75,195.80,204.71,208.04,212.87,223.26,229.37,239.75,249.21,255.98,259.36,265.12,264.88,268.33,264.25,263.76,256.32,252.19,244.01,241.01,236.92,225.20,221.82,216.59,209.35,203.03,194.92,186.55,177.29,170.66,158.00,147.41,136.01,126.14,118.36,104.01,92.80
139.18,145.67,157.47,165.19,173.95,173.07,181.89,181.66,175.00,178.10,176.16,175.32,179.40,181.14,182.15,188.10,190.91,197.25,201.16,206.16,218.56,226.06,236.56,244.64,251.91,260.60,266.33,266.23,268.56,265.45,261.77,256.10,253.78,248.58,244.79,240.47,225.89,219.54,218.13,213.08,206.53,196.82,191.18,184.17,172.03,161.41,149.88,137.19,127.94,118.26,104.94,93.02
134.10,153.55,161.53,169.75,180.77,182.96,183.87,176.56,175.87,182.43,180.27,181.40,185.32,180.65,183.60,188.32,194.21,198.40,205.32,205.12,217.75,227.69,239.91,246.11,254.92,263.21,272.36,270.11,271.49,271.27,265.67,257.60,255.38,253.34,248.08,242.84,233.36,225.85,217.94,217.71,211.26,201.00,194.62,184.53,176.24,162.86,153.59,139.59,131.55,120.80,104.79,93.38
133.30,147.33,153.16,161.94,170.60,176.59,182.02,181.96,179.74,183.31,184.07,183.10,186.82,188.38,192.82,193.49,197.65,204.38,210.11,217.02,228.48,237.62,248.57,258.23,266.32,271.66,279.96,281.78,280.45,278.74,274.72,268.82,263.19,258.38,254.83,249.61,239.74,232.42,226.30,221.35,213.05,205.77,197.25,187.26,180.28,166.69,155.05,143.54,132.25,119.87,109.22,96.46
134.08,148.19,155.87,163.42,173.67,181.82,186.78,187.11,185.93,190.03,189.26,190.32,194.03,195.58,198.40,201.70,205.36,213.85,219.70,222.80,237.70,243.85,256.68,263.18,272.47,275.44,284.40,286.43,286.53,284.97,282.24,273.88,269.55,263.88,259.72,253.85,242.83,237.74,231.24,225.66,217.82,209.57,200.64,191.48,184.91,171.16,160.38,147.46,136.56,127.06,112.45,100.69
122.59,137.24,140.86,150.79,158.08,165.39,169.14,171.27,170.06,173.14,174.98,174.42,178.04,180.02,183.14,187.30,191.63,199.11,204.27,209.09,221.84,227.47,239.95,249.30,256.32,260.41,268.00,269.61,270.56,269.79,267.16,260.78,257.42,249.23,244.11,242.12,232.54,225.60,219.61,214.67,207.07,198.12,190.52,181.47,174.79,164.00,153.71,141.61,130.63,119.82,109.66,97.08
123.94,137.46,143.39,152.43,158.52,166.30,171.03,174.48,174.61,178.03,178.07,178.34,181.96,184.70,186.70,191.02,195.50,204.00,208.28,211.37,222.64,232.05,243.81,251.11,258.86,264.11,272.47,272.61,274.21,272.37,268.80,263.18,257.70,253.31,248.04,243.31,233.69,227.61,221.06,215.20,207.97,198.98,191.67,182.78,174.23,163.29,152.74,141.42,132.38,122.80,110.91,99.01
119.40,131.75,135.37,145.44,152.84,160.06,163.60,168.67,165.13,170.24,171.84,171.41,177.91,178.44,182.52,185.59,190.78,194.36,199.12,205.80,218.07,225.73,236.60,245.39,252.23,254.85,264.78,263.80,266.60,263.08,262.61,255.26,250.80,245.18,239.93,236.38,226.14,221.72,216.15,207.56,201.46,195.06,185.85,176.23,170.18,161.01,149.75,138.75,128.41,119.71,105.57,95.19
124.66,138.29,147.65,155.01,163.29,169.12,174.75,180.14,179.30,183.88,183.31,186.59,191.47,193.07,195.89,199.91,206.19,212.21,218.83,218.89,230.11,238.14,250.46,258.31,263.87,272.15,279.59,276.52,277.31,274.41,269.16,263.28,258.12,254.26,249.20,242.57,232.20,226.40,219.16,215.08,209.62,197.21,191.64,183.87,175.10,162.54,152.87,142.05,132.54,123.88,110.54,98.68
122.41,137.30,140.69,150.60,158.52,165.89,171.81,174.81,173.30,175.18,179.08,179.14,183.92,186.12,190.07,193.68,199.18,205.46,210.79,213.56,224.40,232.08,242.17,249.82,257.28,260.25,266.59,267.06,267.71,266.00,262.06,254.61,248.71,244.82,239.28,233.69,224.16,220.29,212.05,206.55,199.67,193.83,184.49,175.51,168.01,158.09,147.41,137.88,127.14,118.47,106.15,95.27
121.08,135.35,138.92,147.96,154.20,159.67,165.74,168.44,166.83,171.47,171.24,174.45,176.95,178.36,180.03,184.98,193.19,200.38,204.47,207.04,218.59,227.20,240.20,246.66,251.84,258.68,266.32,262.83,263.04,264.09,258.59,250.24,247.42,244.17,239.01,233.35,221.62,217.59,210.11,206.90,199.22,190.09,183.66,174.59,166.71,154.43,145.72,136.08,126.25,116.11,103.04,92.11
125.21,138.42,146.66,155.24,161.03,168.76,172.59,174.87,176.80,180.23,180.35,181.59,185.71,188.52,186.39,192.60,196.43,205.83,210.72,215.10,222.39,232.81,242.12,248.31,255.60,260.97,265.35,262.83,263.14,262.03,256.91,250.60,243.29,239.14,233.82,227.02,217.08,213.23,206.97,201.20,193.34,185.54,176.48,170.00,161.64,149.31,137.84,127.20,121.07,111.33,98.08,88.68
119.20,132.97,139.30,147.26,151.82,160.38,163.25,166.93,167.03,171.35,171.21,172.84,176.23,177.88,179.03,182.54,188.41,195.92,199.09,205.30,212.05,219.76,229.14,236.97,242.67,248.20,253.44,248.05,250.57,247.82,244.12,237.70,231.37,228.35,221.05,215.75,206.12,200.96,197.02,189.93,183.70,174.29,166.82,160.63,152.64,140.89,130.18,121.08,114.00,105.48,94.02,83.44
127.58,149.62,147.28,165.95,172.63,176.01,179.21,185.08,186.70,190.18,193.04,192.51,194.52,199.09,200.28,202.92,208.01,213.84,218.29,224.15,232.22,241.68,249.61,258.45,264.68,267.27,272.42,271.22,270.84,267.94,265.58,257.05,250.44,247.24,242.00,233.86,224.15,223.73,214.41,207.87,198.71,191.40,181.04,172.24,165.20,152.97,141.83,132.56,122.00,113.53,102.08,89.63
99.05,111.99,121.20,132.48,142.90,151.61,162.00,175.11,182.12,191.60,198.01,203.21,207.95,211.10,213.01,215.68,218.83,222.93,223.29,223.22,223.79,227.30,233.26,235.58,233.48,237.77,232.17,228.11,225.00,217.59,213.38,204.25,196.82,190.07,183.61,179.05,173.69,168.96,162.63,159.77,155.08,151.33,145.77,142.30,137.91,133.09,126.38,122.04,115.43,107.65,101.51,90.96
118.11,132.23,138.71,148.03,156.55,165.89,169.96,175.28,177.49,179.00,185.30,186.53,189.27,195.80,199.62,200.88,205.00,210.64,217.19,221.06,230.48,239.77,247.74,255.07,260.46,263.80,269.43,266.60,265.00,262.61,258.03,249.69,242.20,238.67,232.82,225.80,217.92,212.25,205.55,198.09,191.11,187.20,175.96,167.49,160.08,146.69,136.12,126.83,116.81,107.47,96.69,87.21
115.74,131.24,138.06,150.48,155.32,165.68,169.96,176.82,178.34,183.22,186.01,190.07,193.22,198.81,202.00,205.20,210.95,217.71,221.82,227.11,236.73,243.00,250.00,259.62,264.92,269.24,271.55,268.00,267.37,262.49,259.94,250.24,245.25,237.60,233.06,227.30,217.22,213.38,207.25,200.30,192.27,185.04,175.41,169.28,159.67,146.87,136.12,126.40,119.21,109.20,97.01,85.80
118.00,132.10,139.61,150.66,158.62,167.45,172.71,181.43,185.27,192.44,193.05,200.12,203.16,204.71,209.48,214.77,222.15,229.96,234.96,237.36,246.87,253.54,261.82,269.43,269.54,279.08,283.44,277.11,274.80,271.36,265.41,257.65,249.74,247.70,240.13,234.61,221.65,214.97,209.75,205.23,199.00,186.82,180.76,170.48,163.23,147.49,136.49,127.91,121.49,110.35,98.18,88.64
115.43,127.48,136.47,144.46,158.45,166.05,171.03,176.49,177.29,184.17,189.47,189.49,196.31,197.89,201.40,205.79,208.46,216.36,221.38,223.61,230.22,237.51,245.10,250.38,252.81,257.85,262.01,254.52,253.65,252.84,245.33,238.03,230.63,229.02,222.41,214.35,205.01,198.36,192.90,188.61,179.69,170.47,165.20,156.05,149.62,137.19,127.06,117.90,111.54,102.16,91.55,82.49
122.92,137.64,144.50,155.21,167.59,173.57,180.74,188.31,190.43,197.27,199.32,204.04,208.60,211.09,214.52,217.85,226.37,230.38,234.23,238.47,246.86,251.44,259.02,266.18,268.99,271.86,276.29,272.47,270.22,265.05,261.51,254.05,245.05,238.10,231.04,226.37,216.37,209.02,203.82,198.86,188.22,182.33,172.82,163.62,157.05,145.83,135.37,127.10,117.00,107.42,99.20,88.87
86.49,97.67,105.68,114.61,118.53,128.13,130.23,135.72,141.01,142.86,148.00,147.61,150.85,150.31,154.26,157.71,163.37,169.84,167.76,171.09,168.02,177.91,186.32,188.25,191.38,190.79,187.64,186.87,184.74,181.23,171.12,162.93,153.64,146.73,137.87,131.71,127.49,122.00,114.55,106.74,107.45,101.86,98.49,93.41,91.92,86.13,81.32,75.00,70.34,62.24,59.03,53.31
125.16,138.88,148.17,157.50,168.11,175.86,183.31,192.26,194.28,202.19,202.61,209.35,213.01,214.73,219.02,225.00,229.60,237.13,242.44,245.20,253.31,260.40,268.49,275.59,277.90,284.43,287.66,280.07,280.92,277.60,269.67,261.11,251.86,249.95,243.13,234.17,224.96,216.02,211.82,205.88,198.00,187.64,182.04,173.22,165.70,151.82,142.41,134.85,124.91,116.97,105.59,93.72
124.45,139.82,147.18,158.32,169.85,179.51,185.32,194.36,198.24,203.30,208.39,210.86,215.42,219.18,223.06,228.53,234.78,244.24,247.54,251.64,259.35,267.00,274.61,280.96,286.30,289.93,289.71,287.65,284.99,281.97,276.52,266.91,258.47,251.34,243.81,237.08,228.44,221.65,215.52,206.74,199.83,192.84,182.02,174.04,165.22,155.82,145.84,136.56,127.02,119.08,106.48,96.61
119.02,135.52,143.09,152.76,163.08,173.63,179.07,188.90,192.76,197.68,203.69,207.12,213.96,216.02,221.17,228.40,233.08,242.98,247.58,253.39,262.45,271.49,276.74,284.11,288.50,292.33,292.73,288.38,285.81,281.97,277.35,267.10,258.28,250.07,244.23,236.21,227.24,220.29,214.39,205.65,199.61,189.91,180.50,172.94,165.33,153.48,144.01,135.15,124.78,117.24,106.30,95.27
119.05,134.79,140.91,152.08,165.60,172.19,181.04,189.39,192.90,199.90,206.04,208.39,216.37,219.11,223.95,229.82,238.47,242.00,250.67,256.24,265.16,273.24,279.52,286.15,291.69,293.46,294.27,288.49,286.94,284.10,276.22,266.58,257.72,250.89,243.19,235.14,226.01,218.49,210.38,204.22,195.36,188.68,176.21,169.29,161.55,151.75,140.87,132.28,123.55,113.36,105.22,93.54
124.92,141.87,151.65,161.37,171.81,181.47,189.76,202.09,205.78,212.61,214.34,222.71,229.60,229.56,232.40,241.75,249.57,258.80,266.85,268.70,277.50,284.56,297.39,298.75,303.49,310.04,308.48,300.54,299.98,296.66,288.29,277.12,267.37,263.00,254.08,246.79,233.68,222.39,218.28,213.93,206.31,191.85,185.02,177.29,167.94,155.08,144.92,136.01,128.44,118.73,109.48,98.68
134.42,152.05,161.01,170.31,181.07,190.71,199.20,207.41,208.86,212.95,219.01,220.64,225.97,230.50,230.71,238.41,244.19,248.48,255.77,259.02,264.09,271.53,277.22,282.63,287.09,288.20,287.26,283.99,279.33,274.39,266.54,256.84,246.98,238.76,230.11,223.65,214.72,208.12,200.20,189.19,184.20,178.33,166.44,157.84,152.59,142.34,135.20,125.51,116.11,108.67,101.24,90.25
135.79,149.90,160.42,171.68,181.33,190.63,197.06,205.41,209.15,214.28,220.23,222.87,228.60,228.63,231.46,236.32,240.42,245.18,249.48,253.79,261.22,265.84,272.05,277.22,278.89,283.10,283.32,277.71,274.12,266.90,260.45,252.24,239.02,232.65,223.29,216.39,206.07,198.91,190.21,183.41,176.71,169.04,161.04,152.61,146.00,134.30,128.14,119.51,111.65,103.37,95.19,85.60
144.92,154.56,168.18,179.55,185.00,201.31,201.94,217.02,218.63,220.51,225.25,228.76,235.48,237.88,238.65,244.40,251.53,256.56,260.65,265.84,271.77,276.74,285.21,287.14,292.39,295.38,294.46,288.03,283.11,277.04,272.53,259.38,249.87,242.16,234.10,223.19,215.14,206.55,200.19,188.88,184.86,175.38,164.58,156.54,152.51,142.00,133.20,124.26,115.45,109.29,97.45,89.19
138.81,152.40,168.51,177.55,186.23,196.56,203.30,215.34,215.45,222.25,228.16,232.16,236.48,237.97,239.17,244.00,248.49,252.49,261.27,262.56,268.57,275.94,284.26,288.43,289.72,294.68,293.54,287.10,282.94,278.45,269.48,258.38,247.24,240.95,233.07,224.29,213.64,206.16,197.85,190.78,184.88,173.79,166.39,158.04,151.43,139.13,130.73,123.31,115.62,108.08,98.08,87.28
144.27,159.53,169.85,180.68,188.82,199.61,208.36,215.86,219.01,224.09,226.43,232.22,233.64,236.21,239.71,243.56,247.92,252.57,257.11,258.04,267.93,273.25,279.58,282.60,285.33,287.77,286.82,281.22,277.03,273.70,265.32,254.10,245.29,235.93,228.97,219.57,209.40,200.52,194.14,184.84,178.64,170.00,161.97,152.51,147.87,135.36,128.14,121.38,112.81,104.69,97.08,86.28
145.77,163.72,174.41,184.76,194.20,203.58,209.35,216.67,221.40,226.01,231.20,234.42,237.76,237.59,241.25,243.38,248.65,251.10,256.36,258.18,262.91,269.25,275.18,280.28,285.33,288.25,287.14,280.52,278.99,272.04,264.27,257.26,243.61,236.32,227.69,218.65,208.22,200.64,193.20,187.32,178.73,170.82,161.93,154.35,147.71,135.52,128.81,119.67,111.83,104.05,97.25,86.01
143.14,159.36,169.84,179.72,188.45,197.02,204.19,212.33,216.12,221.11,225.79,228.83,230.72,232.72,235.42,237.93,241.70,244.95,249.80,251.86,255.78,262.49,268.76,274.54,278.30,281.60,280.77,272.68,272.26,266.85,259.20,251.10,238.38,231.70,222.71,213.46,204.63,197.45,189.23,184.02,175.82,168.61,159.13,153.00,145.28,135.21,128.41,120.50,113.04,105.36,98.47,87.20
126.19,141.68,150.45,160.02,169.85,179.75,187.84,194.86,197.91,202.36,206.18,209.15,215.75,215.19,217.35,221.27,225.79,232.17,234.87,234.67,245.05,247.89,258.04,258.04,261.58,263.71,262.21,254.62,252.62,245.84,239.78,228.11,218.00,211.99,205.80,195.58,185.63,178.02,172.41,165.28,161.42,150.63,143.27,136.62,131.31,122.38,116.21,111.04,103.25,96.42,90.24,81.63
144.22,160.08,170.66,180.94,191.51,199.67,206.60,213.77,217.08,221.53,225.66,229.39,230.12,231.37,233.93,236.30,240.19,244.56,249.07,250.46,255.52,261.96,265.09,270.38,271.15,275.27,273.16,268.15,262.37,256.19,248.29,239.71,226.36,220.74,212.04,202.79,193.55,186.13,179.63,172.80,165.08,157.69,150.01,141.99,136.17,125.94,119.71,112.27,105.17,98.06,91.71,83.44
139.34,155.60,165.87,176.01,185.00,195.50,201.32,208.20,211.51,214.04,219.78,222.42,224.12,226.05,228.56,230.46,234.18,238.40,242.79,243.82,249.16,255.48,259.28,263.49,266.29,268.50,266.31,261.49,256.26,249.93,242.00,233.57,221.35,214.11,206.63,197.52,188.13,180.89,173.22,167.00,159.18,152.27,143.84,137.93,131.59,122.33,115.57,108.24,102.65,95.63,88.00,80.23
140.17,153.77,165.61,176.17,186.39,195.89,201.00,208.06,210.95,214.11,219.35,221.82,223.64,224.98,226.29,227.24,231.66,236.18,240.20,243.39,248.50,254.14,258.02,263.14,264.28,267.76,264.80,260.82,255.48,247.88,241.30,232.91,218.84,212.55,203.02,195.44,186.13,180.07,172.33,165.77,157.69,151.18,142.84,136.56,130.27,119.97,114.63,108.45,101.64,94.76,89.47,79.65
148.52,164.81,173.57,185.18,196.94,208.14,213.53,221.33,220.51,226.17,225.56,232.71,235.67,235.97,236.10,240.85,244.62,253.16,252.00,256.13,260.86,265.24,271.50,278.88,278.99,280.41,278.24,272.62,268.43,259.42,257.58,242.67,228.71,224.15,214.74,204.98,194.83,187.17,180.69,172.89,167.09,159.67,148.79,143.68,135.38,127.88,122.12,116.04,107.34,100.77,95.77,85.59
135.87,151.58,158.32,169.81,180.31,188.69,195.24,200.14,199.49,205.18,206.32,208.89,211.85,213.24,212.36,216.68,220.04,224.88,224.66,226.59,233.85,238.08,244.01,246.49,250.58,248.71,246.83,246.43,240.69,232.57,226.93,216.64,204.98,200.01,191.21,182.32,174.23,167.30,161.62,152.55,146.78,143.95,131.65,127.05,122.64,115.32,107.30,103.17,95.60,88.20,85.09,76.37
140.43,155.47,165.00,175.64,184.98,194.59,198.04,204.62,207.06,210.68,214.11,215.52,216.12,218.19,219.78,221.23,224.20,226.83,229.37,232.13,237.60,242.89,245.54,249.88,250.32,255.67,252.03,247.13,241.90,235.00,228.88,220.64,207.18,202.27,192.20,185.55,176.16,169.07,161.53,156.19,148.52,143.03,133.93,128.00,122.53,113.17,109.13,101.61,96.03,89.89,83.55,75.96
138.06,154.02,164.76,174.26,183.81,191.64,197.82,202.95,205.72,207.76,213.18,213.59,215.19,216.52,216.23,219.65,222.28,225.75,228.97,229.92,235.59,238.89,243.65,247.72,248.81,252.21,250.32,244.30,240.44,234.04,226.38,218.19,205.57,200.06,192.35,182.48,174.73,168.18,160.64,154.21,147.68,141.45,133.30,127.48,121.02,113.30,107.00,100.44,93.96,88.09,82.46,74.25
140.66,155.04,162.81,174.60,182.13,191.31,195.58,203.73,201.64,203.83,204.36,206.29,208.83,209.40,207.93,211.74,217.15,220.27,221.36,220.23,225.04,230.84,234.94,239.14,242.03,242.25,241.41,237.59,234.65,226.63,221.62,213.51,201.61,195.49,189.38,180.83,171.74,164.68,158.98,151.40,145.60,138.22,131.18,124.34,119.42,109.55,102.73,97.08,91.24,85.99,79.18,72.25
72.11,80.16,85.42,91.92,98.66,108.41,114.77,127.01,134.97,144.00,151.64,158.15,166.09,170.14,174.75,182.57,189.62,195.00,200.12,202.41,208.37,212.53,221.40,222.03,222.43,225.16,223.19,222.64,218.93,219.75,216.23,213.86,212.04,208.28,204.71,201.23,196.33,193.99,193.54,187.77,184.44,179.95,173.64,171.17,167.59,163.69,156.02,149.47,141.01,135.15,125.63,115.52
80.01,88.81,94.87,102.08,110.32,120.33,125.88,139.30,148.19,157.63,166.47,172.45,182.89,185.22,192.42,200.08,205.83,211.59,217.35,217.95,223.89,230.43,237.01,239.20,241.01,243.68,240.47,239.83,238.30,238.55,234.55,229.56,228.65,226.68,223.57,218.11,212.64,209.77,209.69,204.09,201.68,194.99,189.65,185.35,181.60,175.79,168.65,162.79,155.44,145.01,136.57,124.48
48.27,55.15,62.43,69.46,72.01,77.90,80.01,89.20,92.66,93.21,99.64,101.24,106.17,106.55,105.12,104.58,109.79,113.85,107.56,105.55,107.82,108.23,109.77,105.55,106.23,106.89,107.35,105.08,106.02,105.12,102.84,100.44,99.40,101.04,98.11,96.80,94.53,94.70,95.02,94.92,93.86,94.05,99.62,98.06,97.45,98.73,97.08,94.81,91.35,84.05,82.35,75.95
77.49,85.84,90.43,98.23,106.51,117.71,124.17,135.35,143.01,152.86,161.84,168.76,176.82,183.39,189.04,192.80,198.00,203.77,207.62,211.81,214.46,219.40,221.54,226.27,228.72,230.69,229.46,229.42,229.30,224.08,220.20,217.31,215.45,210.85,209.01,206.65,199.82,195.93,194.83,189.56,187.13,182.39,176.30,174.04,167.94,162.15,156.02,148.84,142.28,135.34,125.90,115.00
77.49,86.28,95.46,102.00,111.62,119.60,127.46,143.39,151.60,161.20,169.94,177.34,185.54,188.48,196.70,203.53,208.48,218.39,222.31,220.27,223.65,228.32,232.78,237.45,235.85,241.35,242.63,236.28,237.13,234.55,229.03,225.84,221.25,222.99,217.45,212.55,208.08,202.94,199.29,197.65,195.50,188.47,184.32,181.32,177.05,170.85,161.21,156.59,148.55,141.44,130.46,120.60
88.96,97.87,107.90,118.60,125.06,136.97,145.34,163.62,171.72,182.53,189.08,198.71,208.90,210.84,217.15,223.64,229.13,238.19,242.71,244.17,246.29,251.45,256.22,261.16,260.16,267.38,265.22,258.19,256.46,254.61,248.82,241.36,238.80,238.31,235.42,228.66,220.23,214.79,212.87,208.02,206.65,198.73,196.57,193.33,186.12,179.64,170.58,165.32,157.50,150.81,138.81,128.89
79.51,89.69,97.00,105.02,114.00,122.80,129.38,145.50,154.67,163.77,171.84,182.28,188.00,191.13,195.78,202.89,208.56,215.81,220.12,219.49,223.71,226.72,231.40,234.35,235.17,242.23,240.84,237.01,235.54,233.81,231.72,224.29,222.77,221.29,217.37,213.55,207.07,203.69,200.96,197.25,195.97,188.83,184.62,180.35,176.20,170.91,162.60,156.32,151.03,142.89,130.75,121.43
82.15,91.35,96.01,106.89,116.06,123.58,130.25,146.16,154.55,163.25,171.17,177.00,184.22,191.48,196.70,202.00,205.57,212.12,216.48,216.36,220.64,223.09,228.97,230.46,234.73,237.50,236.41,235.80,234.88,230.53,229.01,224.64,221.92,219.01,214.83,213.78,206.09,203.00,200.48,193.15,192.31,187.26,183.31,178.90,174.69,170.32,163.42,157.78,149.94,141.99,131.64,120.93
82.64,92.76,99.30,107.79,116.62,126.61,133.41,148.48,157.76,166.39,175.10,179.69,187.28,192.63,196.70,202.20,206.46,213.52,217.34,220.48,222.73,226.76,232.74,232.77,234.88,239.71,240.08,237.26,237.65,232.23,230.23,225.18,224.44,221.01,220.27,214.67,208.15,202.18,201.68,195.89,191.76,187.07,184.39,180.31,177.46,170.66,165.17,157.54,150.60,141.09,130.65,121.31
88.41,99.30,106.17,116.46,128.14,136.97,145.22,161.64,168.36,177.56,184.88,191.93,198.17,201.56,206.20,213.19,217.95,225.53,230.67,231.50,233.94,238.80,244.38,249.23,249.59,252.74,254.70,248.20,247.52,243.19,237.92,232.22,229.47,227.17,224.12,220.13,211.19,207.30,203.95,198.91,196.42,192.63,188.10,182.89,178.88,174.47,166.37,159.81,149.41,144.36,136.12,124.00
88.07,99.25,107.65,118.73,128.08,136.50,145.12,163.87,170.14,178.68,184.17,193.04,199.67,201.64,207.93,211.98,218.01,223.83,229.90,228.49,234.78,237.41,243.53,246.42,248.17,253.00,253.58,247.98,246.92,243.82,239.88,233.24,228.54,227.97,225.06,218.52,213.02,207.13,203.59,200.26,195.82,191.32,186.53,181.66,180.24,173.07,162.93,158.00,150.55,144.31,134.11,122.38
84.34,95.19,103.95,112.89,122.05,132.40,140.35,155.33,163.37,173.07,178.54,186.96,195.23,197.84,202.25,208.15,212.85,222.85,227.26,226.42,230.85,235.87,240.80,243.92,246.16,249.82,249.58,244.62,242.19,238.73,236.17,229.21,221.90,223.43,219.24,212.87,207.10,200.96,198.60,194.12,191.64,184.70,181.18,176.57,173.28,166.23,159.15,154.32,146.00,139.53,130.14,120.33
84.38,94.70,101.86,112.58,123.69,134.72,141.99,156.32,165.31,172.56,181.60,188.41,196.54,200.19,206.87,211.57,213.84,223.43,227.63,229.26,235.05,238.00,243.40,248.16,250.51,255.88,251.72,248.36,245.28,242.54,239.00,231.95,227.34,222.68,219.39,214.84,209.00,203.30,201.00,194.61,192.30,188.90,181.11,177.16,174.64,169.80,161.45,156.39,148.52,140.87,130.25,120.49
82.22,93.41,99.72,112.16,120.67,131.22,139.92,155.57,162.82,173.57,180.45,186.14,193.51,196.98,202.31,207.33,212.90,220.24,226.05,228.32,231.61,237.97,242.12,245.05,247.35,250.60,248.71,246.81,244.81,240.68,236.41,230.70,225.49,218.69,215.13,213.24,207.35,203.07,198.65,194.49,191.54,183.20,182.10,175.57,171.97,166.02,158.15,152.97,147.85,138.95,129.69,119.07
90.92,100.45,107.20,114.95,124.84,133.15,144.17,161.38,169.76,178.53,181.69,189.21,198.28,200.56,205.87,211.12,216.76,225.44,232.47,229.71,236.19,238.80,247.19,250.89,251.51,258.12,256.75,251.61,248.67,246.56,241.25,235.61,231.87,232.67,229.40,221.79,214.24,207.87,205.57,202.92,198.17,193.91,189.23,183.98,179.55,171.51,166.97,158.82,151.99,142.69,131.59,120.28
79.08,91.44,99.82,109.25,119.10,129.25,136.78,153.64,162.34,171.41,178.49,185.00,192.66,195.69,203.42,208.83,212.94,220.47,226.81,228.11,231.22,235.27,241.68,246.45,246.98,251.96,252.36,245.37,245.18,240.05,235.23,229.33,223.27,220.43,216.01,212.64,205.81,199.48,196.70,190.95,189.64,183.96,181.07,174.41,172.68,166.00,159.36,153.01,146.00,138.16,131.53,118.47
85.15,97.02,103.41,112.07,127.26,134.65,142.77,158.40,166.68,175.07,184.59,188.85,198.04,204.00,208.15,216.97,220.49,228.04,230.18,234.06,238.46,243.40,246.29,252.52,255.41,258.52,257.49,255.05,254.87,248.77,246.09,239.01,235.41,230.71,226.74,222.17,217.08,211.46,209.83,201.11,200.32,194.99,190.08,185.15,180.42,174.29,166.01,160.31,152.98,145.72,131.80,121.76
77.23,87.09,95.52,104.56,115.66,124.34,131.85,150.08,159.33,168.15,175.41,181.14,189.28,195.17,199.72,205.73,212.90,219.37,226.04,225.57,232.36,234.80,241.67,246.29,247.62,253.24,252.52,249.72,247.24,245.02,239.57,234.04,228.90,224.96,222.32,219.06,210.61,206.18,203.32,198.98,196.36,192.42,186.45,182.46,178.68,170.70,163.60,157.93,148.41,142.80,133.24,123.41
83.65,95.05,105.95,115.88,123.94,136.47,144.73,164.83,173.97,182.16,189.65,198.41,207.09,209.25,216.90,222.46,224.98,238.14,241.36,241.83,248.36,252.58,255.63,261.54,264.01,269.90,268.78,262.43,263.19,257.15,251.32,246.59,239.42,237.17,233.45,227.27,219.83,215.93,212.93,208.85,205.57,198.13,196.57,191.67,185.92,180.97,173.42,166.08,157.80,151.01,138.70,127.35
77.20,86.98,93.64,102.70,112.90,124.54,130.23,146.17,152.63,163.95,171.06,177.10,184.56,190.18,196.92,202.60,207.39,214.45,218.82,220.66,226.29,230.59,234.80,238.66,241.47,242.24,243.03,242.98,240.83,235.37,232.94,226.28,224.77,218.11,215.08,212.29,207.23,203.84,200.02,193.88,191.38,187.61,182.24,176.28,175.28,169.20,162.36,155.39,147.60,140.86,128.39,118.71
82.42,90.82,100.24,110.14,120.22,130.74,140.03,160.53,168.19,176.82,182.15,189.16,198.66,200.61,208.19,213.19,217.64,228.64,232.17,230.50,236.21,240.42,247.24,249.62,252.04,257.67,254.43,251.01,248.85,246.27,240.69,234.40,229.37,227.68,225.22,218.79,210.38,206.49,204.79,200.59,196.04,191.02,188.35,183.22,180.69,173.98,167.39,160.31,152.16,144.09,132.62,123.07
87.32,95.80,105.02,115.57,123.71,133.22,142.72,159.15,166.83,178.02,181.69,191.67,199.25,202.87,207.27,213.02,218.92,228.02,231.74,230.99,234.92,239.72,247.17,251.53,252.68,258.31,257.09,254.05,251.03,248.94,242.59,239.92,233.42,233.63,227.69,224.32,216.93,208.93,209.38,207.04,202.08,194.91,193.21,186.82,182.79,176.24,168.34,161.45,154.06,145.04,133.96,123.15
87.21,96.21,102.53,115.04,123.07,133.76,143.22,159.11,165.11,176.26,182.00,189.83,195.43,199.42,204.16,211.57,216.28,226.11,229.40,228.97,232.14,235.54,244.00,249.20,249.54,253.64,255.16,249.61,247.41,245.07,242.32,235.03,230.33,227.56,225.29,219.70,213.71,206.87,205.91,202.74,199.65,191.47,189.49,185.04,179.40,172.74,165.95,159.52,148.85,144.25,132.01,122.09
77.99,85.09,91.66,101.14,110.80,120.37,129.28,142.44,153.05,162.81,172.70,178.00,187.52,192.77,200.12,205.80,212.25,218.02,223.62,227.63,231.21,233.93,241.24,244.01,247.42,249.88,247.32,246.53,242.59,236.54,232.80,228.82,222.10,216.13,215.06,208.17,204.53,199.54,194.65,192.38,188.88,185.99,180.47,175.73,173.35,169.43,159.68,153.73,145.12,138.22,129.42,119.92
81.32,91.39,100.84,113.46,120.35,132.24,138.24,157.99,167.15,176.79,184.78,190.12,200.10,204.46,211.07,217.41,220.17,230.11,233.43,236.45,242.30,245.25,250.32,254.19,257.29,261.28,260.09,254.92,253.18,247.58,244.56,238.02,234.18,229.37,224.45,220.23,213.02,208.40,208.09,201.44,199.02,192.59,191.82,185.41,182.49,176.62,167.03,162.79,154.83,148.37,135.37,124.89
90.76,101.86,111.79,119.51,132.10,142.61,153.44,166.82,176.80,183.48,190.52,197.69,206.09,208.97,215.41,220.20,225.75,232.55,238.53,239.42,244.00,248.85,253.80,258.12,260.22,263.47,262.69,260.35,258.12,251.96,247.42,243.10,237.97,234.36,229.43,224.77,218.22,213.95,211.40,207.25,202.23,196.82,193.38,188.72,183.85,178.08,170.16,163.77,155.79,147.63,134.03,123.57
89.89,100.12,107.91,119.50,130.38,142.06,152.09,165.53,174.94,182.39,190.28,196.02,203.53,207.76,212.58,220.34,224.20,230.29,235.38,236.85,241.25,247.42,251.91,255.26,258.28,262.29,259.60,257.19,254.92,249.90,246.25,240.42,234.83,231.57,228.57,223.00,216.90,213.71,210.74,206.31,200.96,195.01,189.97,186.43,182.63,178.54,170.16,161.90,153.44,144.09,135.09,123.65
88.20,98.73,106.04,118.85,129.77,140.16,147.30,164.30,169.54,178.18,185.78,190.38,201.06,203.04,208.08,216.15,216.31,225.80,228.53,232.94,237.26,240.69,246.86,249.24,252.62,257.15,256.01,250.78,250.91,243.29,241.45,236.23,232.62,228.32,223.66,218.51,211.63,207.85,206.24,199.46,198.16,191.80,187.63,182.39,177.50,172.72,165.10,158.47,149.16,141.60,131.52,122.38
69.46,78.23,83.49,92.66,99.49,107.30,111.83,123.91,132.44,136.30,144.73,148.55,155.50,157.18,158.40,161.30,167.17,170.43,170.06,173.00,172.70,174.75,180.55,179.00,181.84,183.74,182.16,178.36,174.39,174.26,170.86,169.00,164.01,162.31,158.15,157.75,153.21,157.00,156.49,153.44,155.19,152.90,150.63,149.28,149.68,147.96,143.56,138.29,130.17,123.42,116.02,106.83
85.00,93.02,102.88,112.41,122.81,135.16,142.76,159.14,167.61,178.40,184.55,189.27,197.72,203.59,209.54,215.68,220.10,228.54,232.44,233.56,238.89,245.97,249.55,253.90,258.18,262.82,263.70,257.50,256.56,250.14,249.16,242.87,237.62,234.03,231.08,227.11,220.29,217.25,214.31,208.41,203.74,199.42,195.53,189.97,185.07,179.20,171.19,165.13,155.72,150.33,137.91,126.15
82.68,90.74,100.40,111.07,118.80,129.62,138.00,156.28,165.53,173.57,179.81,189.61,196.95,200.41,205.29,211.62,217.61,225.29,231.82,230.03,236.50,239.21,248.21,251.07,252.56,258.69,258.88,252.35,251.34,247.15,241.65,237.60,232.40,231.70,227.67,221.46,216.36,210.62,208.24,203.25,201.19,194.00,190.68,187.26,182.82,176.80,168.75,160.53,154.69,147.27,135.59,123.58
90.45,94.37,109.20,119.10,128.41,137.06,146.81,162.83,170.80,179.81,188.13,194.62,203.22,205.80,211.01,217.28,222.66,232.00,238.60,236.58,241.85,246.62,252.86,257.00,259.05,264.71,263.40,258.94,258.21,253.16,248.81,242.32,237.93,238.25,232.43,226.43,218.12,212.90,210.76,206.66,201.11,198.04,192.92,188.90,185.15,178.13,172.03,163.11,153.39,144.56,135.01,126.32
82.38,94.67,99.14,108.93,121.21,130.51,138.65,155.42,163.38,172.72,181.46,188.10,196.33,202.97,209.25,214.56,219.00,227.07,232.22,236.21,239.40,243.82,251.37,257.77,258.60,263.01,262.05,258.12,257.42,251.67,249.66,242.40,239.92,233.64,231.77,227.62,220.52,216.01,213.58,208.35,204.98,200.66,195.21,191.26,186.04,181.53,172.53,165.86,156.02,148.03,139.18,129.07
77.83,89.94,94.64,107.49,116.82,123.00,135.24,149.91,157.99,167.07,172.53,182.70,191.86,194.14,202.07,206.31,210.11,220.06,225.18,224.32,231.21,236.43,241.41,245.69,248.04,251.64,251.25,247.32,246.61,243.31,238.93,232.36,227.64,228.42,223.24,219.15,212.25,208.85,205.80,202.32,196.51,191.06,187.38,184.59,177.99,172.39,165.58,159.62,152.32,144.01,133.41,123.49
82.54,92.63,103.16,110.32,120.65,128.14,137.48,154.21,161.82,170.06,174.41,183.41,190.97,193.66,199.74,204.66,209.88,218.25,223.13,221.72,227.20,232.90,237.93,241.05,244.18,251.15,249.40,242.61,243.82,239.92,234.55,229.87,226.21,225.00,221.01,215.42,210.51,204.24,200.53,199.27,196.01,188.79,186.20,180.62,174.87,169.73,162.37,157.28,148.95,141.22,130.92,119.57
92.05,105.38,109.00,121.15,133.28,144.36,151.57,169.54,179.07,188.04,195.53,203.69,210.24,215.70,220.19,227.04,230.31,237.19,243.81,244.81,252.41,255.38,262.79,265.75,268.94,275.07,271.09,268.68,266.19,264.52,259.62,254.96,249.87,245.10,241.83,236.91,230.17,226.01,222.80,218.32,213.56,208.63,202.30,197.16,193.54,188.66,180.01,173.14,162.56,156.21,146.29,131.85
84.22,95.21,102.70,113.88,120.21,131.73,141.03,157.14,164.40,172.29,180.24,186.68,194.91,197.95,204.55,208.49,214.22,220.98,225.26,228.66,233.19,236.64,241.76,245.60,248.09,253.02,251.29,248.07,246.56,242.39,238.67,234.17,230.67,227.71,224.38,219.02,213.02,208.34,207.27,201.63,196.96,191.21,189.02,184.61,177.87,174.89,165.56,157.54,152.95,143.56,132.62,122.10
79.62,88.53,97.01,107.54,115.97,123.69,132.31,148.22,157.38,164.92,171.70,177.87,186.51,188.17,193.22,200.34,202.63,212.00,213.79,216.19,220.91,225.66,230.76,232.81,235.33,242.26,242.74,235.48,234.37,231.62,226.04,222.17,218.16,217.45,214.19,207.17,201.10,197.40,195.42,190.79,187.84,181.60,178.47,175.21,171.68,165.48,158.82,149.78,143.11,136.49,127.53,116.21
79.62,89.87,98.79,106.10,114.14,123.31,132.44,147.00,156.24,164.03,170.60,177.45,185.17,185.81,191.89,198.31,204.41,211.57,215.75,215.10,219.97,224.90,229.34,233.08,234.77,239.57,240.78,233.50,233.08,231.23,224.44,220.34,217.04,216.09,213.01,207.69,202.02,197.69,194.34,191.82,187.58,182.51,178.27,174.10,169.25,164.79,156.59,151.01,144.01,137.32,128.00,117.17
88.41,98.76,107.08,116.04,127.63,138.01,147.23,161.28,169.50,178.90,188.35,193.88,203.42,205.91,214.28,219.15,223.45,231.04,235.67,237.86,241.30,247.76,251.80,254.57,258.49,259.92,261.28,258.90,255.39,252.41,248.70,242.27,237.78,234.08,232.95,228.08,219.49,215.08,213.93,208.69,204.64,199.90,195.51,191.37,185.31,178.91,171.49,163.20,155.27,147.32,137.48,126.10
83.24,92.09,101.64,109.66,119.92,129.99,137.56,153.44,161.79,171.77,179.07,187.38,194.21,196.38,202.41,208.22,214.45,222.11,226.92,226.64,232.12,235.42,242.10,245.12,247.42,251.40,249.72,245.57,243.31,241.87,236.91,230.93,226.42,226.60,221.63,215.47,210.15,205.83,203.96,200.56,195.27,188.74,186.10,182.79,175.21,170.45,161.03,155.67,149.68,142.71,130.65,120.81
87.13,97.64,104.24,114.48,124.20,136.00,144.89,160.65,170.85,180.06,189.17,195.49,204.38,207.97,214.40,219.43,224.80,230.72,236.32,238.45,245.36,248.21,255.03,258.50,260.57,262.69,262.07,260.53,257.94,251.72,249.39,245.35,240.17,237.13,234.01,227.32,219.99,216.48,214.35,208.61,204.02,199.00,194.79,192.13,184.04,179.05,171.30,162.83,156.31,149.16,137.03,125.72
80.02,88.14,93.35,104.36,112.16,120.93,127.99,145.58,151.34,161.42,170.24,175.23,183.13,187.26,194.14,199.45,203.12,208.69,214.23,217.92,222.77,223.03,229.90,232.78,234.10,238.46,235.59,233.46,231.25,226.06,225.41,220.59,216.91,210.68,208.96,202.39,198.01,193.00,193.21,185.17,183.56,179.34,173.00,172.19,164.83,159.45,152.55,146.15,139.95,132.40,121.20,111.80
77.78,88.87,92.05,103.79,111.73,119.44,129.25,142.87,152.43,159.38,170.05,174.72,181.16,186.20,192.75,197.52,201.20,206.53,212.66,216.37,219.92,223.03,229.16,232.11,233.42,236.93,234.92,231.09,229.71,224.54,223.81,218.75,214.89,208.32,206.97,203.97,196.74,192.42,190.54,185.05,181.22,177.37,170.88,169.74,163.47,158.15,152.12,144.84,139.27,130.80,120.50,112.16
89.14,98.49,108.47,118.36,128.10,136.21,146.77,164.92,172.56,183.48,192.02,201.68,211.48,212.44,218.22,226.81,233.31,240.35,245.20,248.03,250.46,254.88,261.60,265.42,266.81,271.36,271.02,265.09,262.82,260.22,254.21,248.72,244.75,243.42,238.35,232.55,224.88,218.16,217.83,212.84,209.77,202.39,199.10,196.36,188.86,181.80,174.45,166.40,159.33,149.93,139.98,129.19
85.04,93.62,102.18,114.02,121.64,133.03,140.94,156.78,167.00,176.62,186.68,191.93,203.35,205.65,212.00,217.80,223.29,231.00,235.30,238.81,244.52,248.29,252.72,257.77,256.96,262.99,262.21,256.89,255.22,249.95,245.23,242.03,236.35,233.48,229.53,223.65,217.80,212.85,210.15,205.27,199.74,194.33,190.08,187.61,181.34,173.67,167.30,159.29,153.94,144.01,133.93,123.24
83.60,93.94,99.18,108.08,121.70,131.24,138.23,154.25,163.62,172.05,182.73,189.84,198.09,202.79,208.63,215.76,220.78,225.69,232.36,235.31,239.13,245.84,249.48,253.43,254.85,260.13,256.67,254.28,251.72,245.36,242.94,238.35,232.36,228.08,225.20,221.89,212.70,210.24,206.81,201.10,197.77,193.21,187.78,184.38,178.10,172.57,163.05,156.54,150.00,142.44,132.28,121.33
74.30,84.40,92.89,101.43,109.60,116.21,125.00,140.12,148.66,158.42,164.23,173.61,181.14,185.26,191.00,197.73,201.20,211.24,212.46,215.93,219.02,224.00,228.23,232.72,233.56,239.08,238.21,230.67,230.08,226.81,223.96,218.69,214.15,210.16,207.39,204.38,195.36,191.67,189.26,183.81,182.99,175.93,173.44,168.62,163.11,157.58,148.07,143.21,136.06,130.86,118.53,110.39
83.68,93.90,100.24,109.12,117.95,128.14,136.69,156.29,164.94,172.17,181.18,190.51,200.69,204.02,210.24,216.21,223.81,230.53,235.31,238.21,245.79,248.17,252.41,256.20,256.73,261.47,259.30,257.62,255.23,250.20,246.48,242.32,237.69,233.03,230.36,224.44,218.10,212.00,208.09,203.25,199.53,193.93,190.31,185.88,180.47,172.33,165.24,158.22,151.49,143.03,131.87,121.04
82.28,91.01,99.20,108.26,119.02,127.01,137.91,150.92,160.61,169.19,179.08,186.32,195.89,200.80,207.42,213.23,219.42,224.97,232.65,235.42,240.17,246.81,250.45,252.69,256.40,258.50,256.43,256.16,253.90,248.29,244.03,236.91,234.80,228.18,226.38,221.65,215.74,210.49,208.48,202.41,197.96,194.36,185.31,182.51,176.78,172.28,165.17,157.05,148.66,140.81,130.73,121.04
80.10,91.71,98.08,108.47,115.73,124.81,133.36,152.12,162.11,170.00,178.13,189.28,197.20,200.56,206.20,212.14,219.66,227.76,233.69,233.38,240.75,244.99,250.91,255.16,256.38,261.27,260.63,253.30,250.16,248.91,243.59,236.89,235.33,231.42,227.30,222.07,214.67,210.76,207.63,204.09,199.81,192.77,189.49,184.53,178.85,172.19,163.96,156.52,151.27,141.40,130.00,121.20
68.94,77.34,80.78,89.11,95.69,103.46,110.32,123.46,133.96,142.64,150.08,155.65,166.24,171.09,176.73,182.22,189.00,193.61,200.12,204.19,209.75,212.98,218.49,220.95,223.18,226.45,225.50,225.20,222.32,217.52,215.19,210.75,208.52,202.04,201.65,197.50,190.69,188.31,183.64,180.35,175.16,171.70,166.98,162.56,160.00,154.26,146.24,138.88,134.18,125.80,118.14,107.56
82.30,92.80,100.90,106.53,118.98,129.03,138.25,151.45,161.34,172.03,180.18,187.03,197.84,201.85,209.80,215.23,222.50,229.73,235.78,239.08,243.97,249.13,253.29,256.63,259.38,263.07,260.42,259.52,258.79,251.64,247.03,243.56,238.47,236.24,230.18,226.11,218.52,214.39,211.85,207.95,202.79,195.03,191.84,187.63,182.20,174.35,166.14,157.00,153.53,143.89,134.18,122.10
80.06,90.25,99.09,109.79,116.00,124.79,134.54,152.95,162.81,171.19,179.91,190.44,198.16,201.31,208.20,217.28,220.93,232.02,234.55,238.88,245.25,248.21,254.18,260.01,260.58,267.20,266.84,258.43,259.49,256.53,249.69,245.51,240.31,239.29,234.13,228.04,221.45,216.28,212.44,206.74,206.06,196.84,194.14,191.64,182.70,175.07,166.34,159.26,152.00,144.25,132.14,122.25
79.70,88.46,96.61,107.23,113.05,124.62,131.24,148.17,159.33,169.65,176.95,185.85,196.12,198.91,203.87,212.30,216.91,226.59,233.14,235.85,240.01,245.20,252.37,255.31,255.78,262.84,262.45,254.89,253.51,251.45,245.28,240.02,238.30,235.54,230.87,225.39,218.07,211.03,210.24,205.10,202.56,194.83,191.38,185.78,180.55,172.43,165.46,158.03,151.43,142.71,132.32,121.08
78.23,87.82,96.33,105.48,111.80,123.97,130.55,146.49,155.50,165.22,171.17,182.10,191.67,196.57,201.56,208.06,212.94,221.47,227.90,231.46,237.03,240.42,247.42,250.44,251.03,256.43,254.66,250.11,249.30,245.42,242.85,235.77,234.18,229.10,226.37,220.15,214.54,209.62,206.37,200.81,199.02,190.71,188.81,183.22,178.68,170.88,163.13,154.92,148.64,141.16,130.25,119.85
83.60,92.11,98.74,107.91,118.60,129.50,135.57,152.16,163.42,170.91,181.40,188.51,198.04,203.42,212.00,217.02,221.47,229.94,236.71,240.83,249.88,252.62,256.86,261.12,263.07,267.53,265.97,262.77,261.20,257.31,253.90,248.91,244.81,238.65,235.17,231.37,223.03,219.64,216.04,209.04,206.63,202.80,194.06,189.59,184.57,177.46,169.25,161.00,155.32,147.41,135.09,123.04
80.32,91.22,98.68,107.30,115.49,125.42,132.97,150.36,161.72,170.14,177.14,188.31,195.41,200.48,207.18,215.39,220.93,230.52,234.37,236.58,243.85,250.20,254.70,259.62,261.09,268.49,266.06,258.49,257.31,255.86,250.71,243.81,241.46,238.54,236.56,228.84,222.07,216.12,213.03,208.47,206.24,198.21,195.42,192.07,183.27,175.97,168.37,160.46,153.00,145.40,135.15,123.07
79.98,90.44,98.73,108.05,116.40,124.45,132.85,150.99,159.53,170.05,178.07,188.22,198.04,202.34,208.06,215.03,222.27,231.40,238.80,239.60,242.87,250.99,255.72,260.89,262.62,267.71,267.92,261.55,260.89,256.33,252.07,245.52,243.06,241.96,237.26,230.49,223.24,217.34,214.44,210.34,207.06,197.91,196.22,192.35,185.32,177.18,167.72,161.64,154.24,146.54,135.48,124.17
78.39,88.28,94.92,103.28,112.73,121.41,129.99,146.99,156.18,164.76,173.12,184.72,193.02,196.35,203.96,209.31,217.11,225.38,230.65,231.14,237.23,243.25,249.82,251.75,253.01,258.57,258.90,254.33,252.48,249.16,242.55,239.30,235.00,232.43,230.63,223.58,217.35,210.75,207.51,205.41,201.90,193.66,189.69,185.40,178.35,171.42,164.68,157.10,148.39,141.51,132.02,120.33
79.88,91.81,95.90,104.92,115.25,124.96,131.91,147.72,156.82,165.32,174.61,183.00,192.28,196.95,204.75,211.54,216.54,224.98,229.92,233.81,237.40,244.25,248.29,253.67,255.67,259.80,259.39,255.15,255.02,248.93,245.52,240.23,236.70,232.59,228.18,224.88,217.48,214.11,210.06,204.08,201.56,194.66,188.79,183.50,178.91,172.26,164.03,157.56,149.79,141.35,133.14,122.02
79.40,89.20,97.27,105.48,115.39,124.46,131.93,149.46,156.59,166.17,174.89,182.78,192.84,197.77,204.01,211.52,216.04,222.99,230.22,232.28,238.01,244.02,248.70,253.58,255.24,258.31,258.31,255.05,254.47,249.09,244.01,238.29,236.60,232.36,229.13,223.49,217.45,211.29,207.79,203.30,200.14,195.51,189.42,185.08,178.90,172.86,164.92,155.26,148.79,140.73,131.13,121.02
74.17,81.15,87.78,94.92,103.58,110.94,120.95,134.94,143.39,152.87,163.71,169.31,181.14,186.94,193.16,201.72,207.13,214.95,220.68,225.08,232.36,234.96,240.68,244.20,246.50,251.73,251.25,248.34,248.85,243.53,241.11,234.40,233.06,228.14,225.84,220.91,215.52,210.30,206.77,201.72,199.90,192.34,187.47,183.97,177.37,169.80,162.36,155.29,149.91,140.91,130.92,118.70
79.92,87.57,97.42,105.65,112.70,124.26,132.52,149.41,159.14,168.81,176.71,186.46,194.49,197.16,204.83,212.87,217.85,227.71,233.11,234.62,239.94,244.66,250.67,253.71,256.83,261.28,260.95,254.85,254.54,252.55,246.76,240.41,237.12,235.26,231.26,226.06,217.75,212.20,211.09,206.65,204.07,194.49,193.38,187.01,180.47,174.40,165.08,158.81,152.16,143.39,132.25,120.15
81.27,91.20,99.30,105.00,116.69,125.32,133.75,149.97,160.38,169.37,180.21,186.39,195.75,202.06,208.73,214.72,220.10,227.44,233.81,237.59,241.29,248.03,253.31,258.25,260.97,261.12,260.82,260.86,258.68,252.72,247.68,244.07,239.73,237.00,232.08,227.40,221.12,216.45,213.49,208.59,203.02,198.40,193.13,188.80,181.25,175.14,167.97,160.42,154.51,143.14,134.95,122.12
75.43,82.76,87.66,97.74,107.38,115.12,122.48,137.44,144.51,156.05,165.85,171.21,180.43,183.13,189.42,195.85,202.79,208.69,213.97,217.42,220.53,225.57,229.68,233.00,236.91,239.35,239.72,236.13,234.78,229.94,226.05,220.91,216.42,216.02,211.75,207.33,200.37,197.99,194.55,187.11,185.78,178.90,174.73,171.76,164.98,159.22,150.80,146.03,139.61,131.61,123.00,113.36
77.10,84.20,89.44,98.81,107.54,116.52,122.41,138.71,148.03,157.31,166.42,173.97,182.46,185.44,192.63,198.67,204.69,211.12,217.83,218.83,222.70,227.04,233.73,237.97,240.21,243.08,241.66,239.91,236.91,235.26,229.51,223.09,220.51,217.83,213.68,209.19,202.83,200.20,193.81,191.32,188.04,182.43,177.23,174.64,166.57,161.55,155.43,148.12,139.71,133.66,124.34,113.72
73.76,84.17,87.86,97.51,107.12,114.95,122.38,139.06,147.38,155.97,165.22,170.70,179.08,182.99,188.99,195.39,198.01,205.76,212.14,214.31,221.82,222.38,229.31,231.61,232.54,238.08,237.59,233.14,230.99,227.18,223.57,218.39,217.08,214.26,212.13,206.42,198.25,194.16,191.13,186.81,184.09,179.48,174.11,171.33,164.94,158.62,151.65,145.50,139.32,132.85,122.20,112.27
73.01,87.97,80.08,95.80,108.30,111.00,130.36,141.66,151.80,157.33,167.22,172.47,181.30,186.13,190.80,197.27,201.22,208.15,211.60,218.36,222.55,224.80,231.01,234.20,235.61,240.55,238.60,235.85,232.94,228.25,227.04,223.22,219.49,216.23,212.28,206.32,199.61,195.65,193.60,187.07,184.46,180.75,174.52,171.47,166.38,161.55,153.94,145.09,140.46,132.00,122.00,113.15
74.03,83.93,90.52,100.85,106.04,116.06,123.56,141.88,150.10,160.65,166.29,175.38,181.59,185.78,191.42,199.12,201.12,211.87,214.76,217.35,223.00,226.81,231.71,235.26,236.08,241.88,242.24,233.65,235.79,232.59,226.27,220.49,217.95,216.93,212.81,205.91,200.32,196.09,194.73,190.28,187.80,179.69,177.10,175.33,169.06,161.98,153.38,148.17,141.21,134.79,124.40,114.56
82.80,91.71,100.00,108.71,117.60,128.41,138.05,154.78,163.11,174.18,181.73,188.48,199.01,203.92,210.28,215.24,220.64,228.48,233.08,237.77,242.53,247.63,251.96,256.85,258.32,260.77,260.35,255.83,255.89,251.72,249.10,241.90,238.81,233.48,231.14,226.60,218.83,215.24,211.12,207.69,203.03,198.60,192.92,190.02,183.11,176.49,169.06,162.61,156.25,147.87,136.13,125.69
80.23,90.91,94.83,105.12,116.21,125.30,131.46,148.52,157.70,167.00,175.48,183.31,190.98,196.50,203.16,209.48,214.15,222.12,226.02,231.20,235.42,238.47,245.10,249.35,252.18,256.20,252.67,249.66,249.13,244.72,240.60,234.79,230.49,227.30,223.99,220.97,211.68,208.93,206.79,200.81,197.80,192.04,188.49,184.61,178.35,171.19,163.48,159.14,150.31,141.23,132.97,122.35
82.04,93.52,96.63,108.45,122.89,126.15,133.88,150.08,158.82,165.94,178.66,186.08,193.20,198.44,205.35,210.89,215.61,221.33,229.26,232.59,236.24,241.58,246.40,250.84,251.40,256.22,254.50,251.64,249.59,244.66,242.54,236.78,233.62,227.25,226.45,222.00,213.19,211.01,207.68,203.04,199.02,193.50,187.81,185.71,177.55,173.97,165.89,159.24,150.99,142.34,134.24,122.98
79.56,90.91,96.61,106.08,116.46,125.90,133.42,150.05,160.78,169.50,178.49,186.27,195.27,197.72,205.20,209.61,215.64,222.28,228.45,230.36,236.30,238.80,244.36,249.16,251.83,256.74,255.52,251.03,249.23,246.42,240.44,235.21,231.87,231.14,225.85,220.66,213.04,211.03,207.27,203.49,198.93,192.76,188.40,185.41,179.51,172.80,166.08,160.46,150.45,142.89,132.37,120.78
82.61,93.19,100.40,109.04,118.66,131.19,138.40,156.52,166.09,175.29,184.02,190.13,200.00,205.24,210.75,217.49,219.20,228.84,232.94,237.70,242.39,244.81,250.88,255.52,257.16,261.77,258.79,257.01,256.60,249.24,249.05,242.40,238.92,234.27,232.31,226.92,221.60,216.39,214.97,207.51,206.13,199.61,194.28,192.01,185.83,179.11,170.74,166.01,156.20,147.98,139.12,126.91
74.95,83.19,87.32,95.44,104.10,114.27,122.38,140.72,149.12,155.21,166.87,175.84,183.86,189.77,197.29,202.09,208.72,217.61,220.86,224.52,229.02,231.64,238.88,244.05,247.20,250.01,247.34,245.20,242.74,243.39,236.30,230.63,228.06,224.52,223.66,219.24,211.63,208.40,205.70,200.26,198.88,193.44,187.45,185.61,178.87,174.91,165.86,158.38,150.62,143.35,133.24,123.81
81.01,90.43,97.62,109.20,119.00,129.69,136.07,154.51,165.53,174.20,179.61,190.54,197.94,201.80,207.17,214.77,217.85,227.32,232.16,235.53,238.44,245.66,248.85,252.29,254.37,259.96,258.60,255.07,252.44,248.71,245.95,239.29,238.42,235.47,231.25,225.18,218.41,213.26,212.14,208.10,203.63,196.31,194.26,191.44,184.18,179.34,169.12,163.23,157.08,148.56,136.49,125.87
81.25,90.96,97.08,107.15,117.21,128.80,134.95,153.58,162.25,171.82,181.20,189.55,199.21,199.72,206.16,211.85,219.54,227.26,233.31,234.00,235.77,242.39,249.00,253.03,253.95,260.43,259.02,253.81,252.58,250.58,244.48,239.14,234.79,234.61,233.81,225.20,218.16,212.53,210.32,207.15,203.97,197.63,194.25,190.10,183.01,177.41,169.75,163.23,153.94,145.89,137.44,125.17
83.01,93.51,102.36,111.46,120.67,130.92,139.44,160.70,168.81,177.07,186.78,195.82,203.81,206.23,212.08,219.17,224.24,232.80,238.20,239.25,244.86,247.52,253.31,257.34,260.23,267.25,266.07,259.54,259.59,255.88,252.63,244.26,242.24,240.35,236.03,230.97,223.52,218.36,216.93,214.39,211.97,202.80,199.61,196.16,189.26,182.54,175.24,167.30,160.05,151.54,141.43,129.08
81.02,90.05,99.74,108.71,116.39,127.57,135.96,155.90,165.19,173.63,180.48,189.31,198.98,201.02,207.12,212.93,217.64,225.68,231.02,232.96,238.42,241.66,246.91,252.01,253.03,259.62,258.64,251.92,251.13,249.15,244.71,238.60,237.50,235.21,229.86,224.95,217.28,211.08,210.30,206.35,205.34,196.01,194.49,189.34,185.07,178.35,168.81,163.44,154.12,146.41,135.99,125.21
79.76,92.54,97.12,107.06,119.00,129.56,136.82,154.21,164.56,173.42,182.24,188.99,198.31,200.17,207.12,213.38,217.80,225.08,231.59,232.22,239.53,241.96,248.57,253.16,255.19,259.98,260.64,254.96,253.24,249.23,244.77,240.24,234.96,234.46,231.92,224.89,219.24,213.79,213.08,207.28,205.91,199.53,194.20,191.04,186.27,178.00,171.27,164.64,156.44,148.76,137.80,128.70
82.93,90.80,102.18,115.55,122.44,128.84,139.18,149.89,158.70,170.00,181.11,190.88,198.46,198.01,207.55,213.17,218.44,225.98,228.04,232.14,237.76,241.96,248.82,251.06,253.65,261.09,259.61,253.43,253.39,249.03,245.45,240.63,237.70,234.79,232.83,226.04,220.84,213.94,211.40,207.94,207.97,197.91,196.01,191.44,186.05,180.89,169.59,159.25,151.86,143.03,134.32,123.71
74.55,89.87,93.47,100.08,117.18,126.61,132.22,147.41,159.22,166.31,178.54,184.36,192.43,199.55,205.04,211.56,214.80,222.18,229.80,233.31,240.41,245.05,248.89,254.07,256.73,259.88,260.91,260.77,259.34,253.31,251.64,246.13,243.58,238.55,236.24,234.34,227.13,222.77,220.49,214.97,212.01,207.64,201.07,197.68,191.05,186.60,177.88,170.60,160.70,152.74,142.44,131.89
71.70,82.64,88.57,97.91,108.30,119.15,124.06,142.86,152.00,159.77,168.51,176.66,184.44,191.13,193.60,200.25,204.64,211.53,217.34,220.23,227.67,230.70,237.54,239.14,242.56,248.20,248.92,247.39,244.18,242.00,238.10,234.23,231.14,228.33,226.30,220.23,215.60,211.46,207.20,205.93,201.04,194.81,192.43,188.10,182.96,176.88,169.80,160.11,154.39,145.78,135.21,124.08
73.08,82.02,90.44,98.31,106.83,117.48,124.04,141.82,150.75,161.01,167.19,176.88,184.50,189.04,194.37,201.10,206.66,215.93,221.89,220.78,226.79,232.45,238.61,241.09,244.01,249.72,251.10,247.39,245.95,242.26,238.40,234.62,231.04,231.02,228.96,222.16,215.06,212.08,209.06,205.54,203.95,195.87,194.10,188.86,180.47,177.52,169.06,161.12,156.21,148.00,135.15,125.16
76.06,84.69,91.27,99.98,112.20,121.51,128.41,146.65,156.54,165.01,171.47,179.91,188.90,192.09,198.20,204.28,208.59,218.96,221.78,223.40,229.17,233.65,240.42,244.97,247.27,253.02,253.01,248.56,249.30,246.89,242.99,238.83,235.23,232.43,230.05,223.62,217.82,213.55,210.87,206.89,205.16,197.01,195.06,190.39,184.77,179.64,170.82,163.13,154.38,147.01,135.93,125.16
79.61,87.46,94.11,104.24,114.91,124.02,132.50,148.41,157.43,165.30,177.34,181.02,189.47,196.66,200.47,205.35,213.03,218.19,224.72,226.61,231.87,237.01,242.86,245.49,250.84,253.80,253.90,253.44,252.45,247.32,243.82,239.80,237.19,232.02,229.22,225.96,221.06,217.86,215.29,208.71,205.62,200.73,193.74,191.02,185.42,180.90,172.59,165.60,155.62,148.14,137.52,128.16
78.11,89.27,93.91,102.83,115.11,125.04,133.15,152.12,158.40,169.19,177.72,183.61,192.44,197.73,205.54,208.12,215.80,222.15,227.80,229.39,235.09,242.30,247.95,250.06,254.68,257.53,257.34,254.16,252.86,250.15,247.03,240.52,235.60,234.13,229.84,226.15,219.43,217.11,214.14,209.75,206.77,201.99,194.20,191.76,188.14,180.77,174.00,167.17,157.10,149.68,140.22,130.03
76.03,89.54,95.67,105.10,113.22,123.66,132.61,153.38,160.05,169.25,178.93,184.11,195.88,198.12,204.35,210.16,215.59,222.14,226.88,227.53,236.93,241.09,248.36,250.80,255.00,257.60,258.09,255.55,253.95,249.70,245.07,240.63,238.02,234.45,232.14,225.69,222.04,218.28,213.02,209.46,206.55,198.60,196.73,193.20,187.77,180.71,174.95,164.58,159.91,151.33,138.28,127.74
76.06,84.81,95.90,105.36,110.39,121.46,130.06,151.33,158.09,168.07,175.23,183.99,191.23,195.72,200.44,207.74,212.36,224.01,226.92,227.97,232.77,237.17,243.18,249.05,251.24,258.01,257.39,252.79,252.86,249.10,245.38,238.40,237.93,235.65,231.29,226.93,221.56,215.01,213.80,211.37,207.25,198.04,198.12,191.38,187.22,180.89,171.11,165.46,157.04,149.97,137.01,125.72
82.42,93.47,100.02,109.57,121.66,130.00,141.28,157.00,164.71,172.65,183.84,192.34,199.54,204.08,210.10,217.96,221.42,229.43,232.65,236.91,241.77,246.89,252.77,259.02,262.36,265.75,264.50,263.75,264.74,257.30,253.54,249.65,247.13,240.97,239.47,234.73,230.46,226.97,223.22,218.55,214.28,209.75,202.70,198.28,192.31,187.39,179.35,172.47,161.15,155.60,143.56,132.44
77.16,87.09,96.10,108.81,113.65,124.40,134.08,151.33,158.82,169.86,174.93,184.50,195.00,196.37,203.75,208.39,214.39,224.50,225.89,229.24,234.73,239.24,245.20,250.65,251.44,259.38,258.01,254.96,254.00,250.68,245.81,242.77,238.90,236.93,233.42,227.42,222.50,216.76,216.45,211.07,208.47,198.71,198.60,193.76,187.18,182.12,172.71,165.06,159.05,150.94,136.82,126.91
66.24,65.44,84.02,83.19,87.32,100.41,112.54,128.00,136.48,142.77,148.35,163.23,171.27,176.30,180.94,189.26,195.93,204.61,209.20,213.74,213.72,221.55,227.40,231.45,233.85,236.78,236.62,235.99,232.80,229.16,225.50,221.90,219.20,216.46,211.01,207.89,204.07,199.08,197.80,193.83,191.60,187.42,181.73,176.62,175.17,167.33,158.05,154.32,146.65,139.43,131.21,120.83
75.29,87.85,96.05,105.60,115.43,129.10,134.30,154.81,162.29,169.64,177.03,182.78,194.49,197.87,205.94,209.61,216.45,222.39,230.29,230.60,235.51,241.01,246.68,250.02,252.87,258.55,257.82,254.77,255.55,250.74,245.60,241.00,240.07,236.78,233.45,228.67,222.50,215.97,214.70,211.48,210.22,201.01,198.20,193.69,187.11,181.47,173.23,166.14,159.36,149.48,138.22,127.29
71.45,83.93,95.34,96.21,108.23,119.64,130.86,151.64,164.47,174.03,179.81,188.06,197.39,199.62,208.34,214.08,221.20,231.08,235.52,237.55,243.61,248.16,253.62,257.79,258.80,263.76,265.32,260.62,260.57,254.85,251.02,246.29,241.20,238.21,237.19,230.55,223.49,217.64,216.62,213.76,209.16,201.31,199.83,197.08,190.08,183.39,175.57,169.61,160.80,152.11,143.01,129.10
80.11,88.41,96.46,107.12,117.27,126.67,137.83,153.31,160.22,172.47,178.35,185.63,194.26,197.69,204.92,209.62,217.87,225.94,229.73,232.00,236.28,241.68,248.49,255.19,254.57,259.86,261.59,256.13,256.44,253.65,249.09,243.40,241.81,240.63,236.29,230.99,223.62,219.53,218.15,212.61,211.01,203.00,198.72,193.24,188.96,182.17,174.77,168.32,157.00,149.93,138.92,129.29
79.06,90.43,96.02,104.09,117.64,126.67,137.08,154.03,161.97,174.04,185.10,189.08,198.07,203.04,209.50,217.70,221.65,226.92,234.09,237.47,241.65,247.07,254.09,258.52,261.24,262.99,262.23,260.99,260.69,252.73,249.57,244.64,241.07,234.96,231.68,227.80,224.84,218.19,216.63,211.92,208.06,203.54,198.25,193.31,188.32,182.15,177.14,167.55,158.40,151.16,141.09,129.71
88.68,99.01,109.12,119.02,130.42,142.41,150.80,168.76,177.61,186.82,193.79,201.07,210.46,213.10,218.75,225.52,228.37,238.87,243.23,246.86,251.05,255.02,262.37,264.27,270.15,273.65,272.69,268.20,267.73,262.77,259.21,253.40,248.90,245.25,242.60,236.33,230.49,225.73,222.73,218.56,216.11,208.46,205.23,200.06,194.64,187.39,180.71,173.59,165.22,156.73,144.46,133.72
78.77,89.14,98.09,107.81,115.52,127.58,137.59,155.47,166.33,175.35,184.29,192.57,202.16,204.69,210.06,218.04,220.86,231.49,235.99,239.59,243.74,248.71,254.71,258.79,261.22,266.90,265.93,261.08,260.80,256.63,250.80,246.08,243.82,240.28,237.79,232.11,225.23,220.00,218.01,213.40,209.83,203.02,201.09,196.22,193.05,184.23,177.23,171.16,162.80,154.55,141.88,130.00
78.64,96.43,97.53,114.02,116.16,131.73,140.09,156.46,166.86,174.09,185.18,190.16,198.12,205.04,210.72,217.08,220.97,229.43,234.96,238.25,243.77,248.60,253.05,258.57,262.09,266.01,263.11,259.02,260.25,254.24,250.98,245.51,239.57,234.04,230.93,225.79,221.27,219.13,214.77,208.29,206.53,201.10,196.08,192.35,187.30,182.94,174.92,168.07,157.97,150.33,141.77,130.23
84.22,95.82,102.59,113.65,126.51,136.97,145.42,162.69,170.88,178.21,185.56,192.35,201.06,205.32,211.01,218.15,222.46,229.47,235.77,237.74,240.56,247.89,253.30,257.26,262.38,264.91,263.60,261.22,259.25,255.77,251.46,246.71,239.10,238.30,233.07,228.81,222.20,218.91,216.54,210.61,208.71,204.17,196.76,194.36,188.45,181.60,174.19,168.24,158.77,150.21,141.09,130.42
84.59,94.34,101.36,112.54,123.33,133.12,141.79,157.81,166.96,176.30,184.79,188.73,196.60,200.21,207.07,212.90,214.55,224.56,228.71,232.47,236.05,241.11,246.83,249.61,253.03,258.31,257.12,252.67,252.96,248.72,242.99,238.21,235.23,232.62,228.65,222.38,217.59,211.59,210.72,205.65,202.30,197.37,193.00,188.22,183.44,178.03,170.14,161.47,153.70,146.51,137.10,125.10
76.06,86.82,99.05,99.04,106.96,116.81,128.14,150.89,160.46,168.67,179.08,183.34,194.62,195.26,202.67,207.48,213.86,224.56,228.86,228.66,236.03,239.77,245.49,250.59,251.92,256.16,256.77,254.02,252.18,247.63,243.17,236.91,234.91,232.57,229.40,223.06,218.05,212.61,210.04,207.52,203.75,197.09,193.23,188.90,184.50,178.36,171.41,164.35,156.85,148.66,139.06,127.24
77.65,86.61,91.84,101.00,115.32,123.71,132.64,149.66,158.90,164.88,178.13,182.02,190.16,198.01,202.43,209.61,213.60,219.91,227.90,229.17,235.20,238.32,244.63,248.65,251.41,255.78,254.03,253.30,251.34,245.93,242.39,236.62,232.86,228.25,226.38,221.92,217.04,213.36,208.40,205.76,201.12,195.79,191.97,188.14,183.37,178.47,171.03,164.30,155.32,147.96,138.45,126.66
76.90,86.47,92.36,102.47,114.07,123.07,133.21,149.35,156.42,166.60,176.82,181.99,191.89,197.65,205.41,209.34,213.51,221.60,226.61,231.04,236.32,240.84,245.77,249.54,253.03,256.46,255.20,254.26,253.01,247.29,244.61,238.60,234.01,230.87,228.32,222.41,217.62,213.02,211.87,204.62,203.67,198.76,193.31,188.68,183.53,180.35,170.43,165.59,156.47,149.25,139.22,127.91
72.25,81.74,90.82,101.21,110.35,122.38,129.53,145.34,154.15,165.02,174.26,180.21,190.16,193.65,198.04,204.95,210.76,217.99,222.35,222.74,230.44,233.04,240.10,243.80,246.85,250.15,251.37,247.97,245.46,242.27,238.11,233.45,229.12,227.77,224.56,219.32,212.21,208.97,205.25,203.30,199.09,193.26,190.07,187.04,182.28,176.05,170.08,164.18,154.30,146.29,137.28,126.56
81.41,91.20,99.72,111.02,119.62,130.02,140.24,156.98,163.11,171.05,179.57,185.27,194.62,195.92,199.65,208.48,211.77,220.77,223.59,225.27,230.79,235.08,242.26,246.26,247.59,254.02,253.07,248.65,246.44,244.75,240.60,236.24,232.82,229.94,228.01,220.08,213.51,210.26,207.93,205.04,201.31,192.04,190.13,187.63,184.04,176.57,166.88,161.00,153.46,145.91,136.37,123.37
87.01,97.53,103.95,114.91,126.40,136.68,144.42,159.91,169.59,177.90,186.19,191.19,197.84,203.58,209.98,215.67,221.64,228.18,232.90,235.80,240.52,244.35,250.28,255.39,258.94,263.21,261.35,260.30,257.73,252.41,250.51,244.90,241.35,237.74,235.05,230.84,222.25,219.18,216.32,211.24,208.81,202.56,197.28,193.98,186.82,184.10,175.97,170.59,160.22,150.75,142.87,131.24
86.16,97.59,104.28,116.07,123.98,134.32,143.54,160.80,169.16,177.05,185.00,191.48,199.00,202.34,209.25,215.81,219.67,229.31,232.14,233.93,240.52,243.95,250.74,254.10,257.26,263.84,262.83,256.96,257.84,254.08,249.23,245.13,238.95,239.51,237.62,230.18,221.12,218.23,215.94,211.26,208.94,200.64,198.16,194.33,189.17,183.10,175.55,167.55,160.80,151.63,140.46,130.10
92.27,101.98,106.40,118.46,131.22,141.35,151.61,165.08,175.82,184.71,193.75,200.57,206.40,213.30,218.28,224.50,228.08,237.35,241.14,245.70,250.15,254.88,260.99,265.71,269.01,272.33,271.28,271.77,269.60,263.40,261.61,255.88,252.24,247.89,244.48,239.89,233.07,229.24,227.72,220.07,217.08,212.88,207.04,203.04,196.98,192.01,183.07,177.12,166.60,160.10,147.12,136.31
89.09,99.48,106.23,117.10,126.53,137.00,146.25,162.26,171.60,180.09,191.02,195.02,204.42,207.91,212.47,219.49,224.90,232.11,235.55,238.27,245.29,247.61,254.63,260.34,260.78,268.16,269.27,264.25,264.68,257.15,255.07,249.32,244.81,242.67,239.64,235.26,228.97,222.99,221.24,215.86,213.12,206.52,201.60,196.21,192.60,185.72,179.61,171.71,163.95,155.71,145.26,133.00
87.05,98.41,105.02,115.55,126.59,136.57,144.12,162.00,170.07,179.81,186.01,193.85,202.27,206.93,211.15,219.20,224.02,230.85,234.20,238.03,243.20,248.13,254.53,258.18,261.87,267.37,264.49,262.35,261.84,258.43,254.03,248.20,245.05,240.67,239.14,234.80,227.26,222.66,218.66,213.23,211.21,207.09,201.01,195.00,192.26,187.13,177.99,172.57,161.05,154.83,144.46,131.55
79.91,89.69,96.26,106.51,114.98,123.89,132.28,147.76,156.71,166.96,174.66,179.41,190.04,191.21,199.86,208.20,212.93,218.93,226.37,225.22,232.02,237.62,243.74,246.61,251.37,255.33,256.85,252.26,252.13,248.29,243.04,238.30,234.96,235.00,230.60,226.29,218.34,213.01,211.29,207.06,205.53,197.43,193.94,189.26,186.69,180.83,172.35,166.86,158.15,151.01,142.52,129.73
83.60,94.40,101.07,109.00,122.10,130.60,139.28,153.83,162.00,168.58,178.24,182.53,190.69,195.36,201.06,206.60,211.01,217.51,223.08,225.11,231.22,234.40,240.02,244.07,247.70,251.56,251.07,248.34,247.63,244.97,241.13,235.31,231.39,227.07,226.81,221.72,214.34,211.01,208.72,202.73,198.93,194.58,189.45,187.30,182.61,176.00,169.73,162.73,155.21,147.22,136.86,127.35
82.20,91.02,101.98,112.00,119.87,128.22,137.24,155.24,160.78,171.13,177.03,185.88,193.26,195.06,200.57,206.77,213.32,219.22,225.89,224.96,229.39,234.44,243.53,245.42,247.00,254.12,252.11,248.47,247.37,245.93,240.01,234.76,231.66,230.83,226.93,223.06,215.23,210.04,207.41,205.41,199.80,194.73,193.58,188.02,183.77,176.12,169.55,162.00,155.31,146.99,139.01,125.30
83.60,92.13,101.04,110.98,120.42,130.29,135.24,154.99,163.78,170.05,177.42,185.41,194.51,194.52,200.36,205.57,211.02,221.11,223.89,225.22,228.97,234.76,240.78,244.50,246.29,251.72,253.51,246.86,247.49,242.84,240.63,232.90,230.93,231.03,225.84,221.96,214.77,209.33,207.64,203.80,201.04,193.72,192.51,186.97,184.04,177.80,170.29,162.27,156.04,147.18,136.24,125.87
81.58,93.39,101.40,110.54,118.51,127.44,135.59,153.58,161.81,169.45,175.07,183.10,192.26,194.54,199.29,205.18,209.33,217.99,222.64,222.47,228.83,231.62,238.30,241.51,244.39,250.20,250.54,246.22,245.23,242.00,239.58,233.40,229.16,228.02,224.56,219.86,212.76,208.40,206.35,203.38,200.00,193.75,190.77,185.59,181.18,176.82,168.68,161.40,154.21,148.25,135.77,125.40
85.80,94.09,101.08,111.13,120.55,131.02,139.18,155.21,162.27,170.75,176.78,182.58,191.38,194.81,198.57,206.17,210.72,217.92,221.60,223.23,227.43,231.89,237.40,240.52,244.66,248.71,247.59,244.86,244.66,240.57,239.03,232.18,227.11,227.34,223.65,219.11,213.94,207.30,206.20,200.28,197.59,192.34,187.96,184.69,179.18,175.78,166.90,162.11,154.15,145.12,137.31,127.35
60.81,69.58,72.72,77.49,81.74,89.20,92.07,109.04,119.42,116.76,121.43,123.02,127.09,127.06,130.02,134.97,141.42,145.00,145.12,146.49,145.41,148.38,153.39,151.21,153.45,157.92,157.20,151.08,152.32,150.60,145.99,145.77,144.01,144.85,139.40,137.71,139.62,137.20,140.80,139.62,142.41,140.80,143.27,145.21,144.78,145.09,139.29,133.76,128.02,120.50,111.40,103.81
78.59,88.53,93.24,103.37,112.07,121.20,129.19,142.43,148.93,158.49,165.85,172.10,180.57,185.69,192.51,197.44,200.49,207.79,213.36,214.76,222.23,225.49,228.43,235.23,237.01,240.75,240.13,237.86,237.93,232.36,231.31,225.89,223.89,217.15,215.93,210.62,205.55,201.72,199.18,195.06,192.60,188.83,184.49,180.28,175.14,170.70,161.74,158.32,148.07,141.45,133.15,124.31
85.43,94.09,100.24,111.40,120.07,132.20,137.84,150.44,160.02,165.95,174.04,181.08,188.45,192.60,195.27,202.18,206.69,213.35,218.28,219.15,222.61,226.37,234.02,236.12,239.99,242.17,242.03,239.21,241.60,235.23,231.45,229.40,223.44,220.19,217.79,214.77,208.08,205.55,202.83,198.40,194.40,189.50,185.22,180.21,177.34,172.93,166.30,161.40,151.01,144.27,135.15,123.45
81.79,92.01,101.12,111.22,118.27,126.91,135.53,151.58,158.69,166.82,171.74,180.01,187.56,190.42,194.81,200.93,204.88,213.41,216.91,216.75,221.05,225.72,231.48,236.37,237.39,241.60,242.86,239.57,237.40,235.67,229.83,227.85,223.60,222.06,217.41,213.66,206.85,203.89,199.91,197.31,193.08,189.45,185.65,182.22,176.57,172.82,164.40,158.62,149.90,144.78,132.57,123.22
89.20,99.93,107.06,117.14,126.82,136.97,144.42,163.38,169.94,177.91,184.46,192.35,200.12,204.00,208.90,217.23,220.11,230.22,231.80,233.02,237.08,241.37,246.61,251.38,253.50,258.79,257.53,253.10,254.24,248.65,247.39,240.05,236.59,235.00,231.35,227.77,219.74,217.06,215.13,208.00,207.33,202.57,198.08,194.13,188.94,185.27,177.12,172.46,160.29,154.83,144.05,134.48
91.05,100.65,105.17,118.60,128.32,138.80,146.33,162.83,170.41,179.33,188.73,192.05,201.36,208.19,213.66,218.19,222.64,229.11,233.79,237.26,242.63,245.42,250.65,255.99,257.01,263.55,261.22,258.92,257.33,252.86,250.28,243.43,242.39,236.96,235.02,231.39,223.19,219.59,217.41,211.93,208.63,204.88,201.47,197.50,191.92,186.90,180.62,173.82,164.30,157.84,147.51,136.33
87.48,98.47,104.85,115.32,126.75,136.08,142.95,160.80,168.07,178.53,186.00,194.74,203.00,205.00,210.06,217.41,221.73,230.78,234.72,235.42,241.57,242.40,250.50,254.03,256.83,261.68,259.37,256.91,255.57,252.44,248.81,243.26,238.68,238.21,234.18,229.54,221.93,219.32,216.12,213.19,209.80,204.42,199.81,195.21,191.27,187.18,180.31,173.22,163.68,155.28,147.03,135.77
84.53,92.65,103.48,112.95,121.08,131.24,137.93,156.21,167.17,174.27,180.97,189.62,198.28,201.16,205.39,214.60,218.83,226.72,228.60,232.59,235.67,241.08,244.29,248.49,250.84,256.44,254.07,250.46,251.59,246.45,246.07,238.25,234.93,232.90,229.33,224.44,217.86,214.23,213.05,207.24,205.48,199.18,197.20,193.35,189.16,183.11,173.76,169.59,162.12,154.40,143.18,133.33
82.46,95.02,100.96,110.64,122.07,132.08,138.76,156.16,162.29,172.70,183.45,187.83,198.76,203.18,208.75,214.71,220.03,227.01,231.85,232.88,237.26,243.07,246.91,252.24,254.66,257.82,256.75,255.20,256.16,249.34,248.13,240.63,238.82,232.59,232.14,228.41,221.63,218.08,214.41,210.29,207.86,203.74,198.98,195.45,190.52,186.59,177.89,171.96,163.05,154.98,142.95,132.50
82.20,92.66,98.27,107.79,117.64,129.07,136.08,151.86,160.59,169.03,179.12,187.45,195.66,200.47,207.35,215.67,220.33,229.31,232.20,235.36,239.02,243.61,247.54,252.00,254.01,259.73,257.87,254.03,252.00,246.45,244.56,236.32,233.47,230.36,228.66,224.37,215.59,211.81,210.19,205.46,204.17,197.99,194.00,190.94,185.30,180.83,174.65,169.05,159.77,151.60,144.10,132.23
81.57,92.18,97.16,108.23,119.04,127.35,135.83,152.97,160.85,170.29,176.82,186.39,194.91,196.85,203.19,208.95,213.32,222.32,227.98,227.71,230.98,235.17,240.60,245.51,247.39,252.23,250.19,246.27,248.20,241.87,237.51,234.08,228.12,227.30,224.38,222.00,213.40,209.48,208.91,205.12,202.27,194.88,193.58,188.90,183.36,178.40,171.96,165.44,157.31,150.75,139.99,129.47
84.17,93.30,98.41,109.13,121.83,130.38,136.06,152.90,162.60,170.75,180.71,189.08,196.99,199.42,206.53,212.24,219.54,226.82,229.32,231.33,235.55,240.63,245.20,248.52,252.60,254.77,255.38,251.62,250.69,244.26,242.07,238.40,232.42,229.98,228.78,222.74,217.46,210.61,211.40,205.54,204.44,197.43,194.25,190.34,184.09,181.60,174.16,168.59,158.90,150.96,142.24,132.46
85.05,93.47,99.64,109.44,120.54,128.23,137.77,152.51,161.28,170.91,179.34,185.00,194.91,200.19,205.66,214.40,217.37,224.97,229.46,230.59,237.12,240.45,244.30,247.32,250.46,254.62,251.44,249.61,249.16,242.98,239.89,236.10,230.00,228.01,225.64,221.60,216.30,211.04,208.81,203.59,201.02,195.43,192.00,187.26,182.63,179.27,171.94,165.92,157.95,149.89,139.81,127.77
70.18,78.16,82.46,89.94,99.33,104.58,112.87,128.16,135.45,143.56,153.46,158.62,166.43,172.93,176.95,184.45,190.19,195.21,199.45,202.89,208.87,209.12,216.23,216.16,219.59,223.66,223.38,220.74,220.59,214.97,212.94,211.07,207.28,204.80,203.21,199.25,192.13,189.93,186.08,181.16,179.80,175.65,170.16,169.09,164.15,160.64,154.04,149.59,141.99,135.36,126.57,116.36
56.72,71.61,80.36,88.36,112.36,110.34,130.36,135.93,153.52,153.39,163.49,172.20,174.75,181.02,183.41,187.07,203.36,210.54,209.20,210.58,219.97,219.16,228.81,231.11,232.91,237.02,232.23,225.75,226.10,222.63,215.19,217.80,214.26,204.42,207.13,202.09,198.92,188.61,183.86,191.46,185.87,169.50,168.65,179.30,163.29,159.14,147.12,146.03,129.71,124.10,141.89,130.27
81.99,91.40,97.98,108.05,116.97,125.50,133.20,148.31,155.80,166.60,174.26,182.01,189.11,196.70,203.84,209.30,214.16,221.65,227.38,231.04,234.30,238.80,242.40,248.24,248.85,252.49,251.88,248.36,249.05,241.66,239.71,233.48,231.50,226.38,222.44,219.48,213.70,210.74,205.64,199.54,197.65,193.66,187.24,185.00,178.04,173.67,167.04,160.11,152.16,144.53,135.48,124.95
78.00,86.47,93.19,104.10,112.29,121.49,129.40,144.09,153.45,162.73,171.74,177.14,186.55,192.42,200.38,206.62,209.80,216.11,221.45,225.57,229.65,234.20,239.95,242.56,244.01,249.19,248.00,244.17,244.01,237.81,235.60,230.20,228.01,223.89,220.20,215.23,209.62,207.15,204.47,199.44,195.27,190.16,186.45,182.92,176.98,172.82,166.17,159.20,152.82,143.56,132.44,123.43
78.49,88.32,92.57,100.80,110.64,118.42,126.49,142.23,149.21,158.11,167.48,175.32,183.45,186.78,193.60,201.47,207.46,214.01,221.71,220.54,225.21,230.18,235.58,241.68,241.12,245.42,244.56,242.47,241.12,238.84,233.28,227.61,226.56,223.51,220.51,216.83,208.78,203.34,201.94,199.37,194.26,190.78,184.91,182.78,176.11,171.23,164.94,158.32,149.48,142.64,133.96,123.48
75.13,82.42,88.65,97.51,107.80,116.30,122.49,136.50,145.26,154.57,164.00,168.66,178.22,184.10,189.04,196.76,199.62,208.02,212.08,218.15,223.90,228.48,233.79,236.03,238.67,241.07,242.00,237.93,236.21,232.22,229.80,228.00,223.27,220.23,218.32,213.93,208.15,202.94,202.24,197.25,193.93,189.03,182.22,180.34,174.55,170.66,162.59,154.72,148.06,139.82,131.04,122.19
76.54,84.88,90.80,98.49,107.62,116.47,125.30,138.68,148.45,155.50,166.77,171.81,181.04,186.49,193.04,200.57,207.97,213.55,221.00,221.27,226.15,231.11,239.01,240.69,243.39,246.64,246.34,245.20,244.77,241.21,238.42,232.82,230.78,226.51,226.72,221.56,215.68,210.20,208.12,204.55,200.45,196.98,190.21,185.71,180.43,176.88,169.12,160.18,155.03,145.13,135.92,123.71
72.90,81.00,89.55,96.94,103.46,112.04,119.51,133.72,143.54,154.35,158.29,170.42,180.50,182.40,188.48,197.09,203.09,212.43,216.54,217.12,224.14,229.19,233.03,240.07,240.01,244.27,245.46,240.26,242.40,239.75,234.44,232.17,228.67,227.20,226.17,221.72,213.22,209.80,207.79,204.53,201.10,193.83,191.67,188.67,182.46,174.38,168.96,159.67,152.86,146.00,135.42,124.58
66.73,74.20,95.38,94.05,106.25,109.81,120.65,136.44,144.85,155.05,162.25,173.57,183.21,185.81,195.67,204.13,209.39,221.06,224.36,228.35,234.47,238.80,243.53,250.45,250.05,257.24,259.08,252.91,253.55,250.00,247.49,241.12,237.69,237.30,234.03,229.71,223.81,217.88,217.31,215.02,211.81,202.20,201.53,196.88,188.22,182.56,175.57,168.37,161.00,153.16,141.04,132.44
71.20,80.60,86.82,93.74,102.84,110.77,117.17,135.09,142.14,151.61,159.21,166.18,176.78,182.01,186.32,196.06,202.47,210.54,214.67,219.32,223.14,228.65,234.36,238.82,241.03,247.63,245.39,243.91,243.98,242.00,237.92,234.62,232.82,232.42,229.62,227.44,220.48,213.53,213.46,209.25,208.63,202.43,197.25,194.09,187.76,182.57,173.22,165.68,158.11,151.35,140.58,127.63
142.94,158.11,168.07,177.43,189.28,198.91,202.25,210.20,213.86,218.23,225.79,226.85,232.22,231.77,234.56,239.71,237.77,247.34,245.93,249.30,253.81,257.03,257.73,261.08,264.59,262.19,256.07,256.04,252.51,239.71,235.51,226.37,212.95,204.12,194.47,187.24,182.56,176.80,169.64,159.35,155.79,148.00,137.30,132.28,127.95,121.21,112.81,105.68,99.02,92.11,88.53,79.98
146.77,162.08,170.32,181.80,191.61,201.41,208.60,215.33,216.71,217.34,220.29,224.96,226.13,226.29,228.45,232.57,237.89,243.09,244.39,245.35,250.86,256.10,263.60,265.16,270.54,273.65,272.81,268.00,266.58,259.00,250.89,241.30,227.67,225.50,214.56,205.01,195.49,185.30,178.47,172.24,165.22,153.83,146.41,138.41,131.49,122.26,115.45,108.23,102.45,94.24,89.01,80.41
145.17,159.54,168.29,179.39,189.00,198.52,203.38,209.94,209.16,212.01,214.26,215.14,218.51,217.67,216.90,223.89,226.89,231.39,233.11,234.64,241.35,244.31,253.16,257.53,259.62,260.43,263.21,258.03,255.49,249.42,246.56,235.24,222.52,218.23,211.46,202.51,193.26,183.53,176.92,169.05,162.11,152.82,145.88,136.09,131.94,122.33,116.36,110.02,100.98,93.47,88.39,80.11
139.20,155.00,163.41,174.69,182.99,192.75,198.41,203.20,201.69,206.48,209.34,210.12,213.66,214.67,215.56,220.51,221.21,229.24,230.99,232.31,236.78,244.97,248.81,255.34,260.39,258.80,259.62,257.69,257.41,247.35,243.99,232.80,224.45,215.64,208.57,201.00,192.84,186.32,180.41,170.00,163.88,156.02,144.89,138.84,134.53,124.39,116.56,111.76,102.96,96.54,90.92,81.39
143.95,158.11,165.89,177.29,187.18,197.31,203.73,207.71,209.47,214.31,215.60,217.62,219.34,221.90,224.59,230.71,234.10,238.40,239.00,242.00,248.13,254.34,260.46,267.60,273.83,273.00,273.42,269.48,270.51,259.02,258.38,246.15,236.14,227.80,221.39,214.40,205.88,197.96,192.61,180.32,176.82,167.93,157.32,150.76,144.70,136.65,128.04,123.18,111.88,104.28,98.31,89.47
144.36,161.99,170.06,179.90,190.82,199.46,206.95,216.89,219.54,222.61,225.25,228.67,232.11,232.03,232.91,239.10,246.62,249.69,253.03,254.05,263.41,269.14,280.06,279.58,282.78,291.38,290.93,283.54,281.81,277.99,270.27,261.35,250.91,248.17,240.20,230.84,217.18,210.87,204.56,196.86,189.18,179.66,172.18,164.23,159.14,146.41,141.03,132.31,123.97,114.48,106.00,96.25
144.01,155.91,167.11,177.10,189.19,196.82,202.71,210.00,211.91,215.96,217.30,220.41,226.42,226.06,225.55,232.00,236.61,242.79,242.67,244.01,251.77,259.03,267.82,269.70,274.88,276.28,280.50,273.79,272.31,267.06,261.24,251.05,243.25,237.92,232.65,224.08,213.36,204.36,199.06,192.84,185.83,175.87,168.32,161.62,154.15,141.85,137.21,127.46,119.51,111.40,103.60,93.65
129.69,146.28,156.26,163.36,173.08,182.18,189.43,200.48,204.57,208.89,213.32,218.50,224.96,225.01,228.28,233.91,238.32,245.12,247.94,249.06,257.11,264.15,271.65,273.47,278.57,281.02,280.82,278.03,272.93,269.36,263.60,251.87,242.07,235.65,228.32,219.24,208.39,203.69,195.45,187.68,182.00,173.42,166.19,157.49,152.41,139.52,134.03,126.53,119.04,110.68,101.87,93.06
140.81,156.20,166.01,176.82,183.00,194.81,200.87,210.30,213.04,217.57,218.00,222.62,225.80,227.00,228.36,235.23,238.80,244.50,247.95,250.55,255.49,262.46,269.36,274.00,280.86,284.32,284.41,278.73,278.52,272.35,266.63,257.60,252.10,246.03,239.91,232.90,223.23,216.95,210.15,203.68,195.39,185.55,179.32,171.19,166.14,153.64,145.00,137.93,129.44,120.74,109.48,99.93
134.16,149.16,157.29,167.52,176.71,187.11,194.10,204.86,204.52,208.63,214.66,215.76,220.78,224.12,225.38,233.08,233.53,239.82,244.73,247.76,252.94,260.52,266.75,271.94,276.62,277.48,278.30,276.22,277.16,269.90,264.57,258.99,248.52,242.26,234.26,229.44,222.35,215.86,208.93,198.66,194.16,187.01,177.75,169.80,163.27,153.00,147.05,138.96,129.63,119.97,112.02,98.68
132.83,146.86,155.59,166.30,175.87,185.40,192.82,201.81,205.10,210.44,213.91,216.21,220.02,224.32,226.42,233.38,237.07,241.35,247.13,248.08,255.31,263.09,270.93,273.01,277.33,280.44,280.94,278.03,277.00,271.98,267.71,258.84,250.84,246.00,238.17,232.44,223.49,217.30,210.05,203.16,196.54,190.08,178.39,172.24,166.34,156.31,149.00,139.30,130.60,121.02,112.29,99.76
132.46,147.05,156.34,167.22,176.31,186.42,193.26,203.92,206.65,212.12,213.80,219.11,226.06,225.84,226.37,235.08,239.17,245.25,248.91,250.91,256.44,264.85,273.53,274.43,279.26,284.81,285.70,279.87,281.86,278.00,271.67,261.81,255.89,251.80,245.35,238.31,229.17,220.48,215.34,209.86,205.24,193.26,186.94,178.77,171.07,161.25,151.33,142.52,133.20,126.40,114.77,103.48
132.50,145.34,155.76,165.52,177.55,185.78,193.62,203.97,207.85,214.45,215.67,221.29,227.84,227.70,229.20,238.10,242.22,248.34,254.40,253.90,261.02,268.16,277.35,279.03,283.66,288.80,290.45,284.92,284.29,281.44,275.57,267.64,260.98,256.32,248.39,244.18,234.05,227.00,220.10,215.11,209.07,197.00,188.69,181.12,175.07,162.12,153.73,143.69,135.57,128.22,116.11,103.59
125.16,141.43,149.69,161.03,168.66,180.28,186.08,195.92,200.24,206.87,206.83,213.48,220.04,222.00,225.22,233.03,237.97,245.17,249.16,252.81,262.69,268.15,278.19,279.95,287.31,295.04,295.81,289.17,289.35,286.72,281.86,273.21,268.23,261.70,256.91,250.32,240.78,231.62,228.22,221.08,214.95,202.18,195.66,188.10,181.18,169.25,157.28,144.37,134.21,127.91,113.17,102.16
127.24,143.00,149.35,159.96,172.63,181.02,188.47,195.93,199.92,207.33,210.45,214.77,221.38,224.38,228.36,233.42,235.34,243.73,246.33,254.06,262.49,267.90,278.26,285.70,288.47,292.55,292.04,292.49,292.10,287.90,280.51,275.59,269.68,262.50,256.63,248.58,244.10,235.28,229.13,223.52,214.37,206.46,196.01,187.36,181.16,170.00,159.39,148.12,137.93,127.35,115.16,103.12
127.13,143.18,151.65,163.36,171.96,180.09,187.32,198.82,201.02,209.51,209.31,215.72,221.68,221.08,225.28,233.08,237.60,246.11,249.45,252.13,258.96,268.78,275.75,282.54,284.38,290.35,295.04,289.61,289.54,286.67,281.31,273.18,267.86,264.43,258.13,251.06,240.88,234.96,228.32,225.42,217.10,205.62,198.74,191.13,182.73,168.58,159.48,147.58,140.01,129.71,116.25,102.96
120.95,133.60,132.85,145.50,160.46,167.66,172.04,182.10,179.62,189.02,191.80,198.16,202.41,206.20,210.16,215.72,223.06,227.80,231.94,236.18,244.46,251.77,260.25,267.44,270.15,274.43,276.92,276.80,273.91,271.77,268.29,261.16,254.52,248.32,243.82,239.93,232.47,224.22,218.58,212.49,205.78,201.19,190.80,182.27,175.93,163.03,155.08,144.54,134.00,124.33,112.65,101.02
112.93,126.91,133.20,144.13,155.64,162.66,167.36,174.35,176.82,183.33,186.94,189.40,195.88,198.25,204.02,207.63,214.95,222.79,225.26,229.90,237.22,244.83,253.80,259.93,263.43,267.35,272.03,269.22,270.12,265.34,263.82,255.85,251.03,245.15,239.35,235.05,228.33,221.38,217.08,210.09,204.16,196.35,189.28,181.32,174.96,163.20,153.38,142.84,133.30,125.24,110.89,99.82
115.32,127.48,136.47,146.01,155.00,163.92,168.08,176.17,177.05,184.59,186.27,192.26,196.33,199.11,203.79,207.29,213.01,218.96,222.06,228.66,237.70,243.85,252.14,260.25,263.13,269.42,276.33,273.99,273.44,271.40,268.42,261.94,257.19,254.43,247.95,243.29,236.10,230.22,224.40,216.82,212.82,204.00,197.01,188.81,181.71,170.29,158.50,150.01,138.19,131.31,115.11,104.14
107.00,120.83,127.40,135.67,143.59,150.71,155.62,162.37,162.78,167.80,169.81,173.30,177.23,179.54,179.78,182.63,188.28,194.36,197.23,198.32,208.00,213.18,222.19,227.11,230.33,237.12,243.56,241.10,241.28,243.52,239.27,231.62,230.85,227.63,222.87,219.05,209.88,206.41,201.68,199.01,190.42,184.36,178.07,171.29,165.32,156.60,144.01,134.74,127.44,117.48,105.55,94.37
119.52,134.08,140.09,150.38,159.10,165.95,168.36,176.40,178.22,182.83,185.17,188.74,191.56,194.56,196.82,199.15,205.12,209.39,213.30,215.81,226.77,233.01,244.52,250.43,253.15,263.82,270.00,268.13,268.92,270.90,265.71,258.59,256.46,255.72,250.57,244.31,236.75,230.59,224.15,222.55,214.48,207.46,200.16,194.28,185.40,173.09,162.50,151.61,143.03,131.37,118.33,106.02
111.52,123.32,129.81,139.27,147.30,155.71,156.82,163.60,161.38,168.12,168.15,171.08,174.50,174.64,178.04,178.47,183.22,188.88,194.31,196.62,205.88,211.77,220.95,229.39,234.62,241.81,247.59,247.98,250.17,251.02,246.00,241.07,238.41,238.12,232.71,228.64,220.48,215.42,210.24,209.35,201.10,192.75,187.88,179.87,171.29,161.48,149.77,140.43,132.09,120.15,109.22,97.62
112.79,126.92,136.40,145.80,155.60,165.05,175.19,189.79,194.81,203.71,207.42,211.81,218.58,219.16,220.58,225.94,228.98,233.50,237.23,236.24,237.92,240.68,245.35,248.21,247.04,251.53,246.98,240.44,237.59,231.53,224.54,216.92,205.57,201.23,196.54,187.84,179.48,175.07,170.07,166.82,161.07,155.60,149.31,147.80,143.01,137.20,130.60,126.29,118.07,110.06,104.04,94.87
