120.42,133.51,141.65,154.46,159.30,168.44,175.62,182.20,184.05,189.07,193.94,199.44,202.74,206.65,209.34,213.85,217.61,223.00,228.32,230.14,235.98,240.68,246.42,253.03,254.89,258.71,259.88,254.70,254.13,247.95,246.60,239.83,233.08,232.69,224.66,220.06,217.28,212.08,206.32,200.81,200.06,191.00,185.00,179.94,173.22,161.82,155.82,147.14,138.77,131.10,117.21,106.44
112.75,124.04,128.41,139.28,145.42,155.76,159.14,165.60,169.85,174.47,179.61,185.15,186.76,191.05,195.00,197.87,201.70,208.73,211.40,216.72,221.65,226.64,232.43,239.35,239.93,242.54,244.23,240.35,240.17,232.74,231.61,226.63,218.44,216.19,209.77,206.52,203.30,195.49,192.44,188.32,183.83,180.07,170.88,167.00,160.35,149.63,144.20,136.01,127.95,119.67,108.67,96.42
110.48,124.40,130.65,140.42,147.49,155.91,160.25,167.59,169.68,177.49,181.99,185.15,186.81,193.87,198.28,199.36,204.78,210.24,213.66,219.74,225.38,231.04,233.45,240.75,244.36,246.03,244.27,244.77,241.15,234.30,232.11,227.08,221.06,216.84,211.21,207.89,204.36,199.62,195.67,188.61,184.69,180.01,171.45,166.69,160.86,151.56,144.55,137.59,126.66,117.65,107.17,97.17
110.07,122.25,132.25,139.62,146.49,155.96,160.38,169.39,170.18,178.08,179.79,186.13,189.68,195.33,197.00,200.82,206.79,212.25,217.83,218.22,226.74,231.32,238.48,244.01,244.90,248.92,249.06,244.47,243.84,239.27,232.21,227.71,219.61,220.23,214.85,208.63,203.08,197.40,194.28,191.01,187.18,176.48,173.77,168.15,163.36,151.34,141.43,133.70,127.66,119.71,105.91,96.51
119.52,133.76,139.70,151.09,160.90,169.25,174.77,184.01,187.26,192.59,199.96,203.69,207.06,213.35,217.59,220.91,226.37,231.56,237.36,242.33,248.94,257.61,262.37,267.44,272.36,272.85,271.03,271.01,269.80,261.82,259.79,254.44,244.12,240.88,236.24,231.14,228.35,223.14,216.54,210.29,205.50,201.01,191.13,186.82,179.90,167.60,160.46,152.12,142.34,131.64,119.77,109.02
79.31,89.19,93.19,102.42,110.89,118.90,125.10,136.69,142.78,151.60,160.03,167.57,175.93,180.14,188.22,196.47,203.87,212.25,222.14,227.08,235.53,245.60,253.62,260.01,267.22,272.42,276.37,272.89,276.01,272.44,270.18,266.02,261.08,259.56,254.28,251.07,243.26,239.34,232.65,228.85,223.18,215.82,208.83,202.41,194.58,184.62,176.62,163.08,154.85,144.42,131.04,118.23
80.10,88.26,93.61,101.52,110.22,119.55,124.81,136.06,141.51,151.70,159.86,166.88,174.43,180.68,190.97,196.58,204.88,215.03,223.89,228.55,237.67,245.57,254.33,262.27,267.59,270.41,275.64,275.07,277.24,272.81,272.66,265.94,261.20,259.79,254.20,250.19,244.62,241.02,234.54,229.79,224.20,217.08,210.24,204.08,195.06,185.83,176.71,165.56,155.93,145.34,132.83,118.14
115.73,132.59,139.20,150.37,158.98,168.08,175.41,184.00,185.95,192.88,197.75,202.07,206.35,211.88,218.05,220.49,224.61,230.00,238.50,241.86,251.20,255.54,261.56,270.12,273.08,273.89,275.59,275.02,271.12,266.01,264.17,258.02,249.47,248.03,242.04,235.21,232.69,226.60,221.77,214.85,209.69,203.49,193.35,189.38,182.73,171.03,163.68,155.43,145.60,136.62,121.71,112.16
118.97,131.89,137.57,150.33,159.66,169.85,174.13,183.39,184.17,190.85,196.76,200.12,207.00,213.02,218.05,220.34,226.28,232.13,236.58,242.17,248.36,255.00,258.65,267.55,270.93,270.56,269.46,266.95,266.45,256.59,254.26,248.13,239.45,233.69,228.18,224.15,219.15,214.22,207.28,200.69,198.41,191.67,182.54,174.29,168.36,160.05,153.57,142.64,134.46,124.15,114.14,102.63
119.01,131.14,139.52,148.73,158.32,170.06,174.75,182.22,185.54,189.76,197.73,200.69,203.77,212.90,217.01,219.21,226.38,231.81,237.20,241.78,248.77,255.07,260.69,264.94,270.25,270.82,269.23,267.47,265.99,256.73,254.00,248.91,238.60,235.24,228.53,225.50,219.54,213.96,209.72,200.81,198.12,191.64,182.32,175.57,170.91,160.80,153.88,142.84,135.09,125.67,113.05,102.42
115.43,131.14,139.59,147.98,156.44,167.28,173.37,181.33,183.60,191.23,195.41,201.30,205.83,208.89,214.95,218.65,226.21,231.39,238.77,239.29,248.21,254.72,260.03,265.84,268.26,271.18,268.78,266.13,263.78,258.70,253.67,246.85,236.78,235.42,229.37,225.08,217.87,213.60,207.06,203.42,198.13,190.12,183.63,178.06,169.92,157.43,151.99,140.87,134.13,124.10,113.84,101.67
107.65,121.49,128.39,137.93,145.96,154.26,160.55,167.60,169.58,176.20,183.25,186.45,190.00,195.93,200.47,203.68,206.81,213.18,219.69,224.96,230.08,236.86,241.63,249.90,253.45,254.66,253.14,251.44,250.88,245.49,241.68,237.50,227.97,224.52,219.22,215.76,212.46,207.28,202.00,196.42,191.44,185.28,175.64,173.11,164.76,154.16,149.20,140.77,131.03,121.25,112.16,100.69
107.48,120.02,129.25,138.05,145.09,154.20,158.15,167.37,171.92,178.90,180.10,187.97,192.04,192.44,198.96,202.47,209.40,213.17,221.00,223.60,229.39,235.65,240.50,247.12,248.34,252.99,252.00,248.48,246.91,242.22,235.36,231.32,224.21,221.61,214.09,211.77,204.20,198.30,194.13,190.23,187.13,177.39,171.84,165.41,158.69,148.56,141.72,131.11,125.80,116.85,105.19,94.92
118.19,132.03,135.45,147.15,157.00,166.87,170.70,182.61,183.10,188.32,193.94,200.84,205.72,210.74,212.20,218.83,224.85,232.86,237.47,240.85,249.10,256.67,261.38,266.20,270.42,273.40,273.09,268.00,263.30,260.05,254.61,250.03,239.58,237.76,231.62,226.07,219.32,212.25,208.47,202.54,199.46,189.53,183.74,177.91,171.03,158.84,151.27,141.41,132.98,123.71,112.68,103.10
114.95,131.55,136.01,146.41,156.08,165.76,170.19,181.65,182.22,188.43,195.97,197.77,203.59,209.54,214.77,218.67,221.64,228.65,234.08,240.65,248.47,252.52,259.36,265.32,269.97,271.41,268.60,268.07,264.68,258.01,255.27,249.62,241.70,235.14,229.80,226.36,221.46,215.60,209.09,201.65,196.37,192.43,182.50,176.01,170.14,157.29,151.83,141.60,132.38,123.17,112.61,101.12
77.47,87.10,92.11,101.83,107.70,116.52,124.39,136.42,144.01,152.90,159.67,168.32,177.54,181.59,187.75,198.12,204.45,215.24,222.60,227.27,237.54,247.49,256.47,261.02,267.04,272.92,278.00,275.31,274.55,273.50,269.41,265.57,261.54,262.94,254.88,248.71,243.00,238.14,233.00,227.85,223.29,215.19,208.57,202.30,195.73,185.13,176.14,164.45,155.94,143.68,130.86,118.22
75.66,84.58,89.14,98.08,106.83,112.80,119.87,135.16,140.66,150.89,159.25,164.91,173.81,180.55,189.28,195.80,203.54,210.77,222.62,226.36,239.38,248.36,254.23,262.88,268.90,272.25,279.87,280.22,280.37,276.35,273.03,270.71,264.00,263.35,257.07,254.13,247.61,241.25,236.28,232.57,225.89,221.05,210.61,206.00,198.60,186.53,179.75,166.90,156.77,145.60,133.24,118.61
115.28,131.24,137.44,148.52,156.89,167.59,172.66,182.48,183.13,190.13,196.06,199.69,204.47,209.47,216.53,218.83,224.27,228.32,233.54,235.70,248.07,253.40,259.24,268.80,268.78,272.33,271.45,268.53,266.91,260.23,258.63,250.68,240.61,237.95,230.73,227.18,220.74,215.39,209.26,202.14,198.40,193.60,183.77,177.72,170.04,159.36,150.42,142.62,133.18,124.65,113.07,104.10
114.49,129.45,136.69,146.28,154.02,164.75,168.24,179.35,181.18,190.18,193.35,199.25,204.12,206.29,211.99,217.11,222.75,228.79,233.94,239.44,245.79,250.54,258.31,262.76,266.05,272.68,270.30,262.77,265.41,256.33,252.69,248.12,238.20,236.13,229.08,225.64,218.19,212.28,207.07,202.74,196.66,186.87,183.00,175.60,169.03,155.42,147.80,138.31,132.38,122.59,110.07,101.24
115.07,127.81,137.44,147.34,157.41,165.68,167.87,179.20,183.29,190.67,195.16,198.59,206.01,207.62,211.70,217.67,223.57,229.27,235.82,238.30,245.90,253.29,258.85,264.05,267.56,270.21,268.52,265.04,265.00,258.68,255.57,247.49,240.33,233.45,228.97,225.30,218.90,212.51,207.08,200.34,195.00,188.48,181.73,174.23,166.97,156.39,150.03,139.09,131.59,123.17,111.00,102.11
117.43,133.96,139.54,144.96,147.73,165.25,170.75,185.53,184.94,190.39,199.00,200.14,207.87,208.66,213.86,218.83,223.18,230.67,237.32,239.40,247.70,256.04,260.93,266.33,268.89,269.36,271.15,269.46,267.61,261.56,255.26,249.47,242.40,235.51,232.00,225.39,220.93,211.52,209.02,203.39,198.60,190.95,181.55,177.55,168.34,158.15,149.16,140.09,133.14,122.92,112.36,103.08
79.65,89.27,92.20,95.96,102.88,116.84,123.49,139.05,142.72,152.64,163.23,166.93,180.27,183.88,187.32,199.32,207.09,215.13,224.32,226.92,237.86,249.23,255.10,262.19,267.62,271.27,275.36,274.84,274.97,274.12,270.93,263.37,260.97,257.39,253.00,247.62,241.91,235.54,232.40,227.41,221.95,214.77,205.91,200.00,191.27,182.91,175.29,163.49,155.67,144.18,131.02,119.41
116.21,129.69,137.13,146.70,155.62,164.56,171.03,178.24,179.36,189.17,194.76,199.42,203.60,206.32,211.24,215.73,221.77,226.64,235.02,235.42,246.91,252.98,258.14,263.05,267.22,268.80,267.53,267.03,262.15,257.62,252.73,246.08,238.14,233.82,227.98,222.69,216.67,212.32,203.38,200.48,193.61,187.67,178.44,171.83,165.05,154.26,148.45,137.31,131.24,121.34,110.45,98.74
112.61,126.92,134.83,144.51,152.12,160.82,167.09,174.93,177.79,185.56,189.02,194.64,198.36,202.62,207.82,213.38,218.34,222.99,231.50,230.49,240.40,246.07,252.39,257.41,261.01,266.27,267.04,261.58,258.47,254.34,249.13,242.17,235.05,234.09,227.08,221.45,214.48,207.41,201.46,201.00,194.80,187.00,178.06,172.26,165.51,154.31,146.69,136.94,130.77,121.40,109.08,98.01
108.58,125.42,128.27,145.50,151.82,160.80,168.32,174.00,179.85,181.62,188.45,196.11,196.40,201.14,205.09,209.09,217.20,219.86,226.64,233.34,239.26,245.45,251.29,258.07,261.38,262.77,263.80,261.27,257.24,253.48,248.68,242.91,233.34,229.07,225.94,220.69,214.67,209.66,204.92,199.46,191.73,188.04,176.74,171.55,165.48,154.30,147.50,137.87,129.54,118.60,109.64,98.99
113.74,128.81,134.62,145.99,154.35,163.05,167.63,176.62,178.87,185.22,190.39,195.13,200.12,202.63,205.85,212.64,218.00,223.29,228.83,231.90,239.87,246.22,252.77,258.79,260.52,265.98,265.41,261.30,259.51,253.24,250.67,242.46,235.00,233.60,228.46,221.51,215.13,206.66,202.41,200.36,195.63,186.12,180.70,172.63,164.84,153.55,145.91,136.56,131.03,120.70,108.42,98.81
111.51,128.23,133.93,145.00,152.69,162.48,166.21,174.26,177.28,183.81,189.11,191.02,197.52,201.36,206.79,211.29,215.70,220.48,225.94,230.72,239.08,244.59,250.45,256.70,262.61,262.46,262.03,260.31,258.28,251.07,249.10,240.63,234.70,231.45,225.23,219.86,213.68,208.87,202.71,197.31,192.51,188.30,178.55,169.73,164.30,154.03,147.12,138.58,128.55,121.08,107.52,99.04
115.60,128.69,134.41,142.43,151.18,158.04,164.47,172.70,175.57,185.80,190.28,193.34,198.98,202.16,205.24,210.30,216.01,222.14,226.05,232.24,238.40,246.74,251.39,257.72,261.62,263.69,263.15,261.43,260.65,254.02,250.71,243.52,235.31,233.21,224.54,222.83,216.60,211.28,203.06,198.76,193.66,186.68,181.14,173.44,165.47,154.67,146.81,137.77,129.39,121.33,108.93,99.73
113.17,126.14,133.45,144.37,152.80,161.15,167.72,176.17,179.49,185.60,189.61,192.94,198.86,201.26,207.39,211.07,215.68,221.82,227.37,232.42,240.23,246.13,252.41,258.85,263.75,264.80,267.71,264.43,264.07,258.59,255.84,248.56,241.30,240.01,232.82,227.22,222.79,218.33,211.62,204.88,202.70,194.12,185.80,181.14,172.98,160.56,153.50,142.90,136.47,124.90,113.78,103.46
75.17,85.60,91.42,100.02,107.86,115.94,123.43,138.31,142.56,151.92,161.64,169.03,177.91,181.34,188.53,195.72,206.23,213.57,222.28,227.34,238.17,247.82,256.53,262.15,266.87,276.10,280.59,277.03,280.28,276.45,272.09,266.83,261.54,263.50,256.72,252.23,245.81,240.68,236.68,232.01,225.94,217.01,211.60,206.02,196.66,186.90,177.00,166.03,157.00,145.34,132.00,119.36
76.90,86.02,90.76,98.81,108.81,116.38,121.10,135.33,142.84,151.45,160.33,165.05,174.32,180.10,188.83,195.04,203.67,212.34,218.48,226.43,235.99,246.44,253.60,260.07,267.17,270.52,274.65,275.19,277.58,271.23,271.46,266.07,260.32,257.32,254.02,250.01,243.84,238.56,234.33,228.63,224.36,217.80,208.69,202.71,195.00,185.00,174.40,166.01,156.60,145.17,132.10,120.24
117.29,133.26,137.93,148.12,159.30,169.18,171.40,182.32,183.41,189.18,195.27,197.12,202.06,208.37,213.82,217.80,217.45,225.89,231.35,236.78,247.73,253.93,258.45,265.35,266.54,271.92,270.41,268.13,266.13,261.96,259.05,252.00,243.58,240.47,235.38,229.87,224.59,217.08,211.40,205.68,200.45,190.87,186.87,179.95,169.50,164.62,150.76,144.53,131.93,125.90,114.06,101.83
120.21,136.24,144.63,152.27,163.62,173.97,179.63,187.39,191.78,197.25,200.72,206.04,210.64,214.14,219.10,223.64,229.46,234.05,240.15,245.84,253.66,258.52,266.03,272.06,275.52,276.80,278.63,276.03,273.85,269.61,266.84,259.79,249.88,247.23,241.66,237.07,231.23,226.74,217.80,213.00,208.12,200.86,193.04,185.22,179.36,166.21,159.40,148.93,141.80,130.86,120.67,110.02
78.09,87.82,97.08,104.74,111.02,121.28,127.19,142.58,147.87,157.00,165.42,174.01,182.17,187.17,194.67,200.55,208.00,218.67,227.17,229.61,239.79,247.97,256.67,262.95,268.90,276.70,277.92,273.38,276.70,275.88,268.96,264.60,258.47,257.19,251.62,248.58,241.92,236.38,232.09,230.01,221.21,211.04,209.20,201.41,192.38,182.58,174.83,164.16,155.22,143.89,130.05,116.90
77.94,86.83,95.13,103.12,109.40,117.00,125.92,140.80,147.12,155.66,162.94,169.50,178.54,183.01,192.57,200.36,208.19,215.23,223.29,228.47,238.48,246.73,254.47,260.77,267.69,271.56,275.05,272.79,274.36,272.06,269.36,262.77,257.70,258.09,251.75,248.40,240.69,236.24,231.78,226.11,222.19,213.66,205.77,201.56,195.13,182.54,175.17,164.62,155.93,144.93,130.51,117.03
79.40,88.53,94.73,103.17,111.83,120.78,125.67,141.43,146.74,154.55,163.95,170.85,177.00,184.68,193.00,200.50,206.82,214.48,221.69,230.03,240.21,247.07,255.03,261.19,267.59,270.99,275.87,273.31,273.91,271.01,270.60,264.71,259.62,255.84,251.28,248.36,242.10,234.55,232.04,227.20,220.19,213.58,205.32,201.47,195.13,182.78,177.49,165.71,155.01,143.78,130.97,119.25
75.60,86.59,91.08,98.98,109.48,117.65,123.00,136.50,141.74,151.11,161.70,167.55,174.98,181.11,190.68,196.65,203.90,211.01,221.61,228.06,237.51,246.59,254.68,262.09,268.57,271.43,275.80,276.83,276.03,273.79,273.25,267.42,262.07,260.64,254.91,251.02,246.88,238.58,234.79,229.06,223.56,218.82,207.78,203.25,195.26,184.76,175.64,164.58,155.79,143.28,133.54,117.72
73.11,82.22,87.05,94.94,105.38,111.36,118.38,131.13,134.36,143.56,150.76,157.54,164.20,170.59,177.67,183.66,192.04,197.70,206.63,211.29,222.32,227.49,237.01,240.60,246.60,249.90,253.60,253.71,252.49,248.46,244.95,241.91,238.03,236.30,232.18,226.02,219.15,215.30,211.02,209.15,201.42,197.25,189.16,185.69,177.12,167.93,161.48,150.23,139.74,131.24,121.20,108.72
80.78,89.02,96.80,105.76,114.06,121.81,129.56,143.40,149.79,158.66,166.01,173.95,181.96,186.68,196.47,201.88,211.37,216.16,228.04,231.63,243.12,251.31,258.12,266.60,270.22,274.31,277.35,276.01,276.45,274.12,268.49,264.61,260.02,260.22,254.19,248.71,242.83,236.66,231.81,228.21,221.11,216.11,207.69,201.41,196.03,182.46,176.65,165.32,156.16,144.81,132.52,118.34
77.16,87.09,92.02,101.19,111.83,118.81,123.98,136.31,144.06,151.43,160.12,165.74,173.83,180.95,187.86,195.90,201.73,207.69,215.46,222.31,233.45,240.01,248.65,253.02,259.51,264.36,264.87,265.65,267.42,261.23,260.29,255.12,251.75,249.20,243.02,240.01,232.64,227.98,224.12,220.15,213.46,207.76,199.44,195.17,187.68,178.24,169.99,159.01,150.21,138.88,128.84,115.25
78.64,88.07,92.11,101.53,109.38,116.52,124.74,137.89,143.76,151.34,159.00,164.84,171.51,176.80,183.58,190.80,197.09,203.59,212.47,217.80,225.46,234.44,241.83,248.89,253.80,257.42,260.44,257.24,258.91,254.95,254.37,250.28,243.99,243.48,238.03,235.85,228.08,224.72,218.74,214.39,208.87,205.46,195.58,191.09,186.00,175.03,168.05,157.85,149.12,139.18,127.44,114.91
81.32,91.84,97.01,104.68,112.02,123.76,128.80,143.66,150.37,160.05,168.00,174.59,183.15,187.30,196.02,202.20,208.87,218.91,227.25,230.99,244.05,252.00,258.15,264.33,268.93,276.90,280.07,274.31,276.64,272.75,271.53,265.75,259.93,258.44,254.24,248.48,244.20,238.62,232.94,226.61,222.09,214.62,209.44,203.00,195.36,185.65,177.60,163.11,158.07,146.37,132.00,120.51
79.26,88.46,95.34,103.70,112.61,119.44,127.48,141.99,147.28,157.50,165.95,172.35,181.46,186.46,194.49,200.36,208.14,217.46,225.75,230.53,239.20,249.39,255.23,262.73,268.49,271.81,277.36,275.36,273.48,271.28,268.83,263.49,258.52,256.88,253.31,248.89,241.35,235.68,231.25,227.08,221.16,214.55,206.60,202.32,193.55,184.10,175.32,164.45,153.44,145.09,132.82,117.61
75.60,84.65,91.79,97.75,106.40,114.98,121.70,134.36,140.94,149.57,155.50,163.68,170.21,174.26,182.02,189.43,196.40,206.12,213.51,216.04,225.20,235.05,239.38,249.02,253.93,259.40,263.11,261.00,263.73,260.60,256.28,254.12,247.39,248.07,242.74,238.90,234.78,229.94,224.40,220.86,216.45,209.39,200.00,196.09,189.49,178.13,170.86,160.35,151.85,143.03,127.41,118.70
75.39,84.85,89.55,98.02,107.34,115.43,121.24,133.36,138.71,148.73,154.16,160.53,167.11,173.07,182.58,188.31,193.84,202.07,207.88,215.81,222.77,231.23,238.03,246.90,251.43,254.47,258.68,258.51,260.45,255.41,256.28,251.45,245.20,244.48,238.47,236.39,230.29,225.02,221.62,216.69,211.62,205.77,198.12,192.38,186.27,176.60,169.10,159.02,147.73,139.46,124.66,114.14
74.43,84.08,89.94,97.74,105.04,113.65,120.62,132.67,138.71,147.73,153.06,161.25,168.12,173.05,178.31,186.32,194.99,202.41,210.00,213.32,222.48,230.36,236.41,245.10,247.95,255.69,255.27,253.01,253.44,251.02,248.94,243.46,239.40,238.40,233.03,230.18,222.99,216.72,214.72,212.30,205.83,198.91,193.08,185.08,177.73,169.00,161.40,152.40,143.13,133.63,120.49,109.79
75.60,84.48,90.27,97.51,105.38,115.04,119.71,132.59,138.71,146.74,153.44,159.66,167.72,173.24,179.89,188.22,194.31,201.47,209.83,215.68,222.64,231.66,237.80,245.07,249.34,253.00,255.89,252.66,255.98,251.80,250.64,243.91,240.84,238.25,233.14,229.01,222.95,218.90,214.80,210.22,205.35,198.92,193.05,184.29,178.14,170.50,162.61,151.48,143.95,133.00,122.59,110.68
73.98,83.60,90.05,99.82,105.69,113.00,120.21,134.85,139.79,149.12,156.21,162.93,170.53,173.54,179.64,187.38,192.90,201.38,210.24,213.34,223.65,230.85,237.41,243.84,250.91,255.18,262.89,258.07,259.42,257.10,255.14,250.46,246.76,246.29,244.92,240.05,231.60,227.72,224.20,222.06,215.96,208.95,201.70,196.62,192.35,177.50,171.30,161.25,153.63,142.09,129.65,116.39
82.00,92.11,96.67,106.28,116.00,124.62,131.75,144.70,148.22,158.82,166.02,173.11,179.74,187.52,193.51,201.43,207.58,214.34,225.06,228.60,236.43,246.26,252.39,258.52,264.82,267.76,273.59,271.52,273.76,269.26,266.20,261.09,255.16,254.66,250.39,244.79,239.03,232.96,228.64,225.02,218.72,214.76,204.79,199.62,191.94,182.49,175.07,163.19,154.63,143.74,131.21,118.46
79.51,89.36,97.74,104.58,112.81,121.26,128.70,143.03,150.14,158.42,164.07,172.54,180.24,183.04,191.44,199.01,205.76,213.66,223.58,225.43,234.64,242.00,250.33,257.47,262.82,267.27,271.12,268.65,268.49,267.88,260.65,259.12,252.45,251.73,246.97,245.06,235.00,230.89,226.61,224.86,217.97,210.85,204.01,199.32,191.97,180.24,172.41,160.29,153.08,143.09,129.24,116.02
77.08,86.37,94.15,101.87,108.47,115.39,123.97,137.64,145.09,153.39,159.68,167.09,174.29,180.94,185.93,194.52,200.55,210.44,217.56,221.10,232.05,240.45,245.73,253.66,259.11,264.09,267.20,262.38,263.49,261.60,258.41,252.67,249.13,248.56,244.24,238.66,232.05,225.84,222.52,218.59,211.92,204.62,199.16,193.83,186.12,176.65,166.63,156.32,149.49,138.95,124.17,112.97
75.39,84.85,92.31,100.02,107.54,114.56,122.65,136.40,142.20,151.72,156.21,164.78,172.72,176.87,182.53,189.89,196.46,206.62,214.28,216.90,227.20,235.68,243.98,248.29,254.20,260.78,265.19,260.74,264.36,261.56,258.37,254.21,249.80,249.82,246.01,240.60,234.68,230.03,224.51,222.27,216.95,208.31,201.88,197.96,190.54,179.10,170.99,160.53,150.63,141.29,126.66,115.21
76.06,86.31,90.62,100.02,108.08,116.78,125.22,134.62,142.17,149.94,157.66,163.25,170.33,177.53,185.07,194.64,199.30,204.22,213.91,219.00,226.74,238.21,242.40,249.05,255.26,258.31,261.47,261.20,260.43,254.80,255.38,249.30,244.35,242.72,240.21,234.56,230.08,224.12,220.51,213.85,208.66,203.15,195.06,190.38,182.78,174.00,165.72,156.32,146.26,135.37,123.66,112.01
77.52,88.19,93.41,101.53,111.16,118.70,126.62,138.60,142.71,151.65,160.51,165.92,173.40,178.71,186.05,192.38,196.98,203.81,215.23,218.76,228.66,235.64,241.60,249.15,257.39,258.82,263.97,262.29,264.20,260.77,262.77,255.77,251.07,250.67,247.12,241.37,236.08,232.76,226.63,224.72,219.92,214.15,204.27,199.61,192.42,183.58,174.47,164.94,154.32,145.22,131.93,117.92
75.17,86.03,89.38,98.88,108.05,115.32,120.93,135.38,139.52,148.71,156.67,160.70,168.67,175.65,182.16,190.68,195.67,203.87,209.48,216.02,223.99,233.50,239.26,244.75,251.88,254.23,258.16,257.03,256.13,251.62,250.31,246.81,241.42,238.21,232.54,231.37,225.04,220.33,216.19,211.90,204.20,200.30,191.76,187.10,180.71,171.42,163.78,153.58,143.76,133.06,122.80,111.16
76.85,85.70,92.07,97.13,107.94,114.95,123.26,134.11,140.93,149.88,156.70,162.78,167.76,175.57,182.32,189.47,195.02,204.00,211.12,216.37,223.86,234.00,240.93,247.83,252.46,258.27,261.05,259.98,262.94,257.29,257.30,251.70,246.33,246.13,241.30,238.80,232.00,226.37,221.89,219.00,212.12,207.51,198.48,193.24,186.70,175.93,168.88,158.29,149.31,137.24,126.48,113.15
75.45,84.05,92.35,98.18,106.10,114.87,120.74,135.13,140.73,149.03,154.81,163.41,168.58,176.15,182.92,190.69,197.75,207.45,214.19,216.52,224.20,234.96,239.48,247.07,250.55,259.54,261.01,255.97,258.52,256.80,252.29,246.87,241.28,242.30,237.69,232.94,226.29,220.68,217.70,212.40,207.87,199.20,194.83,188.49,182.04,170.58,162.00,153.69,144.09,135.93,123.04,109.25
76.40,85.73,90.20,99.54,109.22,115.12,121.30,134.74,140.91,149.46,156.78,163.00,169.33,176.78,184.91,191.82,195.36,205.65,211.86,219.13,226.26,235.24,241.24,249.05,253.73,256.22,260.86,260.44,264.09,257.84,259.14,252.60,247.80,247.01,240.93,239.42,232.73,229.13,224.20,218.33,215.06,205.88,199.44,193.31,187.60,178.24,169.18,160.22,150.33,139.98,126.40,114.59
76.11,84.50,91.05,97.10,107.71,115.35,123.37,136.21,140.01,149.09,157.00,163.48,171.33,176.23,184.81,191.06,198.22,206.34,214.97,216.00,226.55,235.05,242.22,247.78,252.88,260.60,262.43,259.93,261.84,259.62,258.31,254.12,247.01,248.85,242.87,239.00,233.31,228.04,221.02,219.36,213.71,207.21,200.41,195.03,187.60,177.20,168.36,160.06,150.08,139.28,125.99,114.04
83.24,86.45,91.84,100.81,110.48,121.46,129.42,143.74,150.34,157.92,166.43,171.41,179.40,184.26,192.34,199.00,207.62,217.00,225.14,229.24,239.71,246.66,252.88,261.47,266.85,269.05,272.66,272.55,272.27,268.52,267.32,260.51,256.24,253.19,251.35,245.58,238.08,233.99,227.49,226.00,221.00,214.01,205.00,200.55,192.04,179.80,174.04,163.11,154.93,141.90,131.95,118.14
75.13,83.87,91.09,98.51,105.59,113.57,120.81,135.19,141.01,149.41,155.86,164.55,170.82,174.77,182.94,188.60,196.22,204.71,213.65,214.89,225.84,231.87,240.21,248.85,252.45,258.31,262.86,258.90,259.28,259.48,256.10,251.81,247.13,247.78,242.76,239.07,230.44,227.13,221.00,217.83,213.53,205.29,198.76,193.21,186.68,176.92,168.24,156.60,151.11,139.26,124.04,113.25
82.04,91.76,96.02,107.42,115.26,123.98,130.25,145.21,150.90,158.93,167.24,172.54,180.81,187.17,195.14,202.89,205.77,213.26,222.95,229.44,238.88,245.60,253.65,259.31,266.05,270.33,274.40,273.54,275.66,272.37,270.20,266.96,263.49,259.28,256.86,251.45,246.07,242.10,237.81,231.40,226.93,222.25,212.53,206.94,201.59,190.39,183.39,171.23,160.38,148.79,136.40,123.43
80.06,90.14,98.37,106.53,114.53,122.48,130.61,144.69,151.16,159.20,165.68,174.45,181.82,185.31,193.21,200.82,206.70,217.92,224.40,227.85,237.03,246.33,252.45,259.51,263.23,269.21,274.40,271.09,270.19,268.75,263.53,260.32,254.87,254.24,249.71,245.81,236.62,233.86,229.68,226.38,219.86,212.81,207.15,199.72,193.81,183.39,174.04,164.14,154.47,143.57,130.46,117.83
82.80,92.96,97.08,105.55,115.25,124.96,130.74,145.07,151.72,159.46,167.14,174.35,181.18,186.78,191.92,200.37,206.34,213.24,221.39,228.95,238.14,246.34,255.00,259.94,265.19,269.16,276.26,273.25,273.88,272.68,271.12,264.68,263.61,262.35,256.30,252.05,246.09,241.35,237.19,232.05,226.77,222.00,214.31,208.06,202.37,191.05,182.92,170.48,161.00,150.03,138.16,124.46
81.39,91.48,96.02,106.51,115.69,123.41,132.23,144.27,150.62,160.31,166.43,172.80,181.23,187.22,194.31,202.60,206.62,214.45,222.95,230.08,237.24,249.20,253.15,261.96,267.28,271.07,277.19,274.65,277.28,271.83,272.15,264.43,263.00,260.07,256.70,252.07,248.07,244.68,237.92,233.19,227.27,224.29,213.36,208.40,201.56,191.46,183.31,172.79,161.79,149.68,138.22,124.02
78.26,81.39,94.81,99.72,108.17,114.24,121.17,135.64,142.71,152.07,155.05,167.06,172.53,176.03,184.62,190.39,197.34,207.18,214.40,218.04,225.25,234.14,242.00,248.65,252.29,257.39,264.02,259.33,262.47,258.28,257.10,253.14,248.16,249.18,244.01,240.13,233.01,227.30,224.98,221.12,215.23,208.39,202.43,197.20,187.64,176.79,171.48,158.64,151.42,138.92,124.91,114.98
79.71,90.14,96.90,105.54,111.36,119.01,133.54,145.52,153.94,165.53,168.81,177.52,183.96,186.82,193.01,199.72,208.40,217.18,225.63,228.04,239.49,246.86,256.20,262.84,268.33,273.10,277.75,275.51,276.70,276.38,269.47,265.27,262.94,261.34,259.42,251.64,246.46,240.65,236.60,231.25,227.34,220.05,211.99,206.83,199.90,188.05,180.18,168.31,159.67,149.59,134.65,122.02
81.32,91.27,99.16,107.17,116.11,124.20,132.31,146.24,151.21,160.46,166.46,175.65,182.39,185.69,193.40,201.56,207.48,216.59,226.42,228.02,238.77,246.74,254.50,260.05,264.71,271.63,276.88,274.17,274.31,274.53,270.74,267.32,261.47,263.01,257.60,251.43,246.81,241.00,237.51,234.00,229.71,221.24,212.87,208.00,200.04,189.97,181.81,170.34,162.51,150.75,135.96,123.91
81.40,92.20,95.90,104.04,115.25,124.46,132.44,145.09,151.83,160.25,168.65,174.16,182.17,185.07,195.75,200.00,208.86,214.44,224.98,229.03,239.30,248.24,254.70,262.59,266.01,269.80,276.28,272.37,276.28,272.27,270.12,266.87,262.95,260.46,257.29,254.77,248.28,241.70,236.00,233.50,225.50,222.35,212.28,207.62,200.30,188.66,182.78,170.89,160.38,149.09,136.62,123.75
77.80,87.80,92.76,105.12,111.77,122.48,130.70,141.87,145.40,159.00,166.34,171.33,179.25,184.84,193.04,201.56,206.04,214.85,222.80,230.10,238.38,246.22,252.62,260.40,267.15,270.35,275.15,270.90,276.02,270.87,271.46,265.67,260.11,259.93,254.47,252.57,244.79,238.56,235.42,231.89,226.27,220.08,210.76,205.72,198.22,187.28,177.02,167.29,158.15,145.60,133.36,120.20
84.02,92.35,101.32,108.41,116.18,124.65,133.00,147.27,151.16,160.08,166.36,175.11,182.98,184.36,192.57,200.64,207.42,217.59,225.88,228.01,236.21,244.80,253.65,260.89,265.05,269.92,276.44,273.91,273.81,273.34,271.36,264.91,260.38,261.22,257.95,251.91,245.12,239.21,235.29,231.45,225.64,220.60,214.39,206.16,200.26,189.65,179.48,167.54,159.22,149.28,134.37,119.97
81.50,91.24,99.09,106.98,115.04,125.36,132.65,146.32,152.07,160.58,166.90,175.78,183.81,189.55,195.45,203.15,208.72,217.08,227.37,231.62,239.02,249.90,255.86,263.69,268.17,274.39,280.07,277.63,279.47,276.59,273.47,268.68,265.32,267.41,258.65,255.52,248.01,245.08,238.21,238.21,229.58,222.04,214.73,211.02,203.32,191.94,182.02,172.00,163.05,152.03,137.32,124.74
80.78,89.27,96.01,103.02,109.20,117.59,131.76,145.12,151.54,159.81,168.22,173.93,182.01,189.11,194.40,203.00,207.63,214.24,222.62,229.17,240.22,248.94,256.10,264.12,268.22,274.45,279.87,277.95,281.60,276.81,275.63,273.58,267.33,268.60,263.79,259.73,252.56,247.76,243.82,236.88,232.11,226.72,217.01,211.98,207.19,194.49,185.81,174.19,162.05,153.29,137.32,124.53
79.83,89.11,94.02,100.66,113.89,122.07,128.74,143.06,147.26,155.54,166.51,172.41,181.04,187.47,193.96,201.49,208.73,216.11,223.81,231.40,240.20,251.87,256.59,265.82,269.88,273.56,278.00,277.06,279.61,274.70,273.06,269.07,263.83,261.54,257.34,253.16,245.08,242.84,236.02,232.12,225.80,218.56,210.26,205.24,198.30,187.88,177.34,167.74,156.26,144.09,134.18,119.55
81.40,91.39,99.01,106.63,115.75,123.71,133.24,146.56,153.17,161.52,169.50,176.57,183.88,187.75,196.40,204.35,211.14,218.51,229.16,230.53,242.59,248.70,258.14,262.32,269.07,275.07,280.43,276.92,278.84,278.00,272.46,267.69,264.64,263.60,261.73,254.58,248.28,245.46,238.14,235.36,229.96,222.15,217.08,211.18,202.20,190.34,183.63,171.84,162.59,149.63,136.69,123.69
82.87,93.96,98.08,107.47,116.62,124.89,133.51,148.01,155.50,162.19,171.30,180.69,189.02,193.51,200.35,208.08,214.15,224.18,228.47,236.00,245.96,254.01,263.45,270.03,275.31,281.60,285.11,283.45,284.43,282.71,279.82,275.57,271.06,272.30,267.06,263.87,256.13,251.10,249.04,238.88,235.17,227.71,221.14,214.37,206.63,195.58,186.75,174.29,165.32,155.12,137.64,126.15
82.05,93.06,96.83,105.36,117.83,125.30,133.30,146.22,151.54,161.25,171.76,176.73,185.32,192.48,200.20,206.18,213.02,219.92,229.73,235.85,244.90,253.95,260.11,268.66,274.57,280.72,284.26,281.30,284.55,280.85,280.79,275.29,269.02,268.16,264.56,261.02,254.02,250.06,243.99,238.85,233.27,227.02,218.19,212.51,205.28,196.56,186.95,174.94,163.52,153.44,139.32,125.87
79.62,89.63,98.23,105.69,115.32,123.79,129.50,144.84,151.03,159.89,169.14,176.14,185.15,188.10,197.23,203.67,211.59,218.16,226.05,232.12,240.39,249.85,256.43,265.11,269.24,275.26,280.71,276.70,280.71,277.35,273.99,270.90,263.77,264.76,260.50,255.93,249.71,245.35,241.23,237.26,230.36,225.20,217.45,208.60,202.94,191.92,183.77,171.14,161.45,150.33,137.36,123.32
80.41,91.01,97.65,106.78,116.18,124.04,130.60,145.23,150.40,160.85,169.19,175.41,182.16,188.10,197.12,203.86,209.44,217.35,226.14,232.36,241.36,250.48,256.83,264.20,270.17,273.18,278.54,276.59,276.34,275.29,274.96,269.00,264.25,263.37,259.39,255.63,248.89,246.33,240.68,232.82,230.24,224.29,215.18,209.54,203.00,193.00,183.22,172.70,161.79,152.09,138.06,125.24
81.02,92.05,97.14,104.74,116.76,125.03,133.75,144.94,151.57,160.01,171.45,175.89,184.84,191.38,198.00,206.04,210.54,217.28,225.85,232.46,242.40,250.38,258.49,264.98,268.67,275.41,279.69,277.03,280.18,276.64,275.14,270.34,265.27,264.88,260.46,255.69,250.71,245.34,239.28,236.58,229.11,224.54,214.00,208.08,200.23,192.11,184.14,172.54,162.00,150.15,137.32,124.34
79.31,89.00,92.48,101.86,114.04,121.81,129.07,142.90,149.12,158.20,168.58,171.42,180.69,187.75,196.50,202.83,209.62,217.18,225.85,232.47,242.54,251.45,257.49,264.77,270.31,273.36,278.10,278.18,278.82,275.91,274.15,270.41,264.66,263.01,259.24,254.80,249.42,243.04,238.41,233.42,228.18,225.04,211.52,208.96,200.39,190.52,180.90,171.03,160.00,148.00,135.20,122.80
81.54,92.63,97.99,106.30,115.52,123.46,131.83,146.00,150.57,160.42,169.01,175.91,183.13,189.19,195.36,204.38,210.20,216.32,225.89,231.04,242.42,250.01,256.88,263.61,269.31,273.23,277.02,278.52,279.52,275.48,275.86,269.68,264.49,264.62,259.42,256.56,250.00,244.01,239.71,237.74,231.02,223.93,216.06,210.44,203.33,192.27,184.10,171.96,161.32,149.40,137.23,124.65
82.04,90.62,97.19,105.36,114.81,124.26,132.00,146.73,152.30,162.41,168.31,176.34,185.30,189.68,197.39,204.95,209.34,220.27,227.68,231.59,242.39,249.27,256.33,264.71,269.31,273.39,281.23,276.05,276.92,277.03,276.02,268.52,266.36,266.99,262.50,255.89,249.37,245.34,239.82,236.01,230.60,223.93,216.19,210.85,203.87,191.84,184.02,171.71,163.52,151.45,136.33,123.94
78.77,89.11,94.15,101.87,110.75,118.85,125.40,140.66,146.39,157.42,164.35,170.66,179.57,184.61,191.02,200.12,205.91,213.59,222.47,229.61,238.45,247.13,252.72,260.57,267.23,271.76,276.59,275.18,276.52,272.66,271.90,265.65,259.70,258.10,254.47,251.91,245.86,240.41,235.15,229.89,225.89,218.68,210.77,204.09,198.04,187.04,179.12,167.11,158.23,147.19,134.62,120.34
82.76,92.14,101.39,110.32,117.27,125.20,134.41,148.95,155.26,164.44,171.48,179.60,187.26,192.98,199.42,207.25,213.14,222.14,229.00,234.52,244.14,250.89,259.24,265.58,271.69,277.52,283.80,279.30,281.11,279.72,276.84,272.95,267.42,268.51,264.26,259.31,252.69,249.47,243.91,239.80,234.76,224.89,220.48,214.77,208.41,195.02,187.02,175.51,167.45,154.24,140.80,125.48
85.84,95.21,100.57,111.49,121.26,129.54,136.01,148.12,155.47,163.93,174.03,180.69,187.07,194.09,203.04,210.79,214.84,220.95,231.04,237.00,245.10,256.22,259.72,269.90,274.80,278.87,282.97,283.59,283.98,280.07,279.89,276.18,271.01,269.90,263.14,260.98,256.40,252.62,246.89,240.80,236.30,230.70,220.51,216.49,208.93,198.15,188.80,177.71,166.19,156.08,142.64,128.46
79.51,89.56,94.34,104.66,110.75,120.81,128.06,144.59,150.95,159.66,165.75,175.32,181.84,189.27,195.03,202.98,213.10,221.46,229.51,233.93,241.05,251.05,259.06,265.75,270.67,278.51,282.49,278.98,280.12,278.77,274.80,271.88,268.04,268.48,262.41,257.19,250.60,244.98,241.75,236.52,232.54,221.27,216.37,210.20,202.74,191.51,183.20,170.07,160.44,149.21,136.53,123.17
80.16,90.61,98.31,107.07,114.62,122.26,132.64,147.80,152.53,164.35,169.25,178.24,186.13,190.92,196.02,204.75,211.74,221.52,229.03,232.22,243.34,251.46,259.31,267.03,270.36,278.69,284.02,280.18,279.02,278.65,274.69,271.60,268.03,269.53,261.34,257.26,251.15,245.10,242.04,239.27,232.17,223.38,217.22,211.57,205.77,192.94,182.85,172.43,163.98,152.19,138.22,122.49
80.99,89.87,97.49,105.39,113.76,121.76,130.80,144.09,150.84,161.03,169.50,175.57,186.07,190.37,199.16,207.09,211.32,219.82,227.69,234.79,244.74,255.63,260.07,270.38,274.59,281.17,285.67,282.29,283.11,278.78,280.23,275.04,268.96,267.42,263.23,257.18,253.07,248.24,243.21,238.21,233.06,226.00,216.30,211.40,204.42,192.44,183.90,172.56,162.16,152.03,136.86,124.45
81.40,91.21,98.41,108.26,116.67,125.67,133.22,148.61,155.57,164.58,173.28,179.05,188.31,191.92,198.65,206.89,214.02,221.29,229.49,234.91,247.32,252.34,262.49,268.20,274.00,280.98,283.39,282.45,285.00,281.90,279.63,273.47,271.39,269.48,264.31,260.74,253.66,247.78,245.35,238.83,233.39,225.32,220.99,213.49,206.07,194.37,185.93,173.48,165.95,154.39,137.57,125.50
34.48,41.19,42.01,45.88,52.92,58.82,63.07,71.18,77.10,82.98,90.25,99.04,101.98,112.15,118.47,127.20,134.84,139.62,145.65,153.03,161.14,170.14,175.01,185.15,188.94,189.28,192.03,191.05,194.64,190.24,189.69,185.15,178.00,174.48,169.96,164.73,157.32,158.00,153.44,144.16,141.45,135.92,130.92,121.20,118.02,109.73,101.53,97.01,89.01,79.40,75.50,66.24
78.77,88.07,94.15,102.30,111.66,122.20,131.03,146.21,154.40,159.08,163.17,174.54,181.01,187.88,197.77,203.38,211.26,217.70,226.93,232.45,240.61,250.02,257.82,264.49,269.62,274.59,278.79,278.49,280.92,278.11,275.18,269.21,263.59,263.46,258.26,254.06,248.89,242.13,238.43,231.77,228.45,221.95,213.69,207.35,199.09,189.25,179.40,168.07,158.96,146.75,135.07,120.93
78.45,89.11,95.26,102.53,110.92,121.34,128.27,142.64,149.77,159.70,165.15,174.42,182.53,188.14,195.17,202.39,209.47,218.69,226.93,231.14,242.16,251.87,258.33,264.56,271.31,276.50,281.46,276.46,278.52,276.02,274.90,270.20,264.49,263.90,258.71,253.94,247.74,242.39,238.02,233.28,228.12,220.98,212.46,207.85,199.01,187.49,178.83,167.97,159.05,147.36,133.42,120.44
80.95,91.09,95.46,104.66,115.88,125.04,133.82,144.59,153.21,160.65,171.83,174.93,184.46,190.25,199.11,205.00,209.75,220.11,225.80,233.81,242.86,252.16,257.93,265.66,271.39,274.77,280.41,279.42,280.64,278.58,277.61,271.58,267.33,264.92,260.32,258.14,251.72,248.52,242.26,235.60,231.40,223.79,216.36,212.14,203.40,192.50,184.36,173.60,162.81,151.63,138.68,124.81
74.85,83.49,90.62,100.04,106.93,114.63,123.69,137.57,143.06,153.50,159.88,169.71,176.71,180.42,188.45,194.93,202.07,211.47,219.46,222.31,232.13,242.21,249.16,255.16,260.69,266.79,273.00,268.38,269.19,268.29,265.86,262.62,256.24,257.39,251.86,247.20,241.51,235.26,231.46,225.97,222.28,213.04,207.46,202.57,195.23,182.99,175.57,163.37,154.38,144.31,129.07,116.78
79.65,90.00,96.05,104.81,115.97,125.61,130.97,145.60,152.90,161.04,168.67,174.80,183.37,188.81,197.23,205.06,209.30,218.44,224.90,233.91,240.42,251.51,256.29,265.19,271.06,274.54,280.17,278.36,282.66,275.14,277.19,271.49,266.53,264.07,259.39,255.27,250.95,246.09,241.45,234.27,230.99,224.27,216.00,211.57,204.47,192.51,184.84,173.36,163.37,152.07,139.28,124.84
79.61,89.38,92.36,103.08,112.81,123.04,129.69,143.18,147.49,157.49,166.94,174.35,182.43,187.77,197.57,204.08,209.69,218.56,226.61,233.36,241.68,251.68,259.05,265.34,270.97,276.70,278.16,278.54,283.77,276.34,278.52,270.91,267.48,264.25,259.70,257.10,249.95,243.40,239.37,233.42,231.73,225.22,215.00,209.99,201.16,190.69,183.36,171.42,160.85,150.24,136.42,123.41
80.16,90.44,97.74,109.04,114.53,123.91,133.02,147.46,152.86,163.84,170.47,178.34,184.10,189.34,198.40,205.29,211.59,220.34,227.27,233.31,244.44,252.03,257.82,265.84,270.13,276.94,281.60,279.85,282.61,277.15,276.09,271.15,266.29,264.41,263.01,257.70,251.27,247.48,242.24,237.29,233.34,225.18,217.31,213.36,206.31,194.79,185.42,173.93,165.20,154.21,139.23,125.10
77.49,87.62,95.52,102.77,111.00,119.47,128.04,144.39,149.78,158.32,166.24,174.64,181.80,187.68,194.06,202.41,210.41,219.86,228.27,232.47,242.43,250.86,257.26,265.00,270.45,275.93,281.26,278.16,280.04,278.03,274.43,271.76,264.52,264.94,259.73,256.09,249.42,244.64,239.10,237.84,232.17,222.42,214.45,211.29,201.92,190.41,181.53,170.11,160.46,149.24,135.65,121.00
80.72,90.62,96.05,105.30,115.00,123.22,130.94,147.05,150.66,160.24,171.03,175.82,183.97,189.62,194.00,205.01,211.12,219.01,224.11,234.18,244.23,249.61,257.28,265.96,271.49,276.80,279.25,278.40,280.71,277.77,276.59,272.53,266.07,263.88,260.71,257.39,251.92,244.97,242.54,236.37,231.25,223.57,216.37,212.08,205.57,192.63,185.72,174.10,162.31,151.49,139.13,125.20
80.78,90.91,94.58,106.02,113.55,123.60,130.67,144.09,151.83,159.00,169.18,173.57,182.32,188.86,196.65,203.59,208.06,215.26,222.93,232.14,242.14,248.56,255.84,262.94,270.12,273.48,277.89,277.60,278.73,275.02,274.32,270.11,266.18,261.74,258.44,254.61,249.70,244.29,240.55,232.94,230.67,223.22,214.59,209.58,203.27,192.07,184.76,172.26,162.05,149.48,137.44,123.69
80.06,88.14,97.95,106.67,115.69,124.46,131.37,147.53,152.64,162.36,169.18,178.49,185.01,189.61,197.84,205.15,211.91,220.66,230.21,233.31,240.41,250.68,258.65,265.28,269.64,277.35,282.46,278.77,279.49,281.26,274.96,272.24,266.32,265.77,263.91,256.70,250.88,244.79,241.40,238.80,233.42,225.57,218.16,212.80,204.00,193.30,184.62,172.20,164.15,153.22,137.35,125.04
76.84,87.73,97.99,110.00,114.97,120.97,134.63,146.33,149.68,160.65,166.33,177.89,185.00,188.60,196.45,204.09,209.86,221.27,227.25,232.23,241.17,250.42,257.30,264.21,269.61,275.96,281.06,276.88,280.86,279.04,276.81,271.02,265.00,266.41,260.42,256.98,250.88,246.13,242.61,239.10,233.21,224.70,217.81,212.12,204.35,193.85,184.26,173.49,163.87,154.21,138.24,124.90
79.40,87.09,95.34,104.74,111.77,121.83,129.03,144.45,149.93,161.25,167.36,176.65,184.25,190.56,196.84,205.20,211.38,222.41,230.87,233.33,244.93,254.15,261.27,267.59,273.36,280.03,284.32,279.89,281.20,277.46,277.48,273.13,267.16,266.59,262.55,258.02,252.51,244.72,241.68,236.60,232.28,222.65,216.67,210.72,202.68,191.67,181.81,170.95,161.61,151.16,134.36,121.49
77.16,85.70,92.10,101.53,109.29,119.37,127.41,140.25,145.28,156.00,163.60,170.67,177.29,184.14,191.86,198.71,207.18,214.95,221.65,228.87,238.40,246.45,253.03,259.66,265.80,272.41,275.12,273.36,273.47,271.12,270.84,266.19,261.34,260.41,255.52,252.01,245.08,239.20,235.48,231.04,224.38,218.63,211.10,205.43,197.29,185.73,178.00,167.17,155.17,146.12,132.88,120.22
76.54,86.68,94.25,102.24,110.07,118.09,126.14,141.66,147.49,155.57,165.31,171.35,180.69,185.40,192.75,201.56,206.77,215.74,223.24,227.80,239.38,246.34,254.57,262.26,267.53,272.25,275.95,274.30,275.77,273.70,271.75,267.57,261.82,261.09,257.31,252.67,245.64,240.09,235.67,231.81,226.28,220.08,212.17,206.65,199.97,188.31,178.51,167.92,158.53,147.14,134.83,120.21
77.67,87.56,95.75,103.83,111.40,120.33,128.19,143.95,149.01,159.70,166.15,176.65,182.50,187.58,193.94,203.67,210.92,220.48,228.64,232.25,240.01,250.41,257.79,265.32,271.01,277.72,283.01,279.55,280.63,278.60,274.15,270.19,268.13,267.15,261.96,258.31,251.48,246.08,241.05,236.76,232.08,225.42,217.81,210.66,204.36,193.30,182.78,172.53,163.03,152.85,136.47,122.93
80.11,89.10,95.34,103.31,113.76,122.04,128.23,143.13,148.22,157.84,169.33,174.24,181.11,188.73,197.23,204.14,209.46,218.40,228.00,233.57,242.55,252.16,257.60,267.00,271.71,276.12,279.65,279.73,279.58,276.47,276.44,273.78,268.36,263.97,261.71,257.40,251.48,245.78,242.10,236.39,232.54,226.05,216.48,210.06,204.63,191.70,183.60,173.74,160.55,151.38,136.70,125.10
78.45,88.23,96.83,104.40,112.16,122.43,128.41,145.50,150.48,160.64,167.76,176.80,183.70,187.09,196.06,205.22,212.06,222.14,229.65,233.42,243.82,252.55,260.20,267.48,275.05,279.09,283.43,281.77,282.87,280.61,277.46,274.00,267.56,267.30,264.58,260.25,252.16,247.03,242.44,240.17,233.46,226.21,217.68,210.23,203.84,192.92,182.07,172.41,164.02,152.46,137.93,123.76
82.10,92.72,99.30,107.00,115.74,126.04,134.12,148.52,153.88,163.02,169.24,177.72,186.66,190.51,198.60,206.65,211.02,221.44,230.01,233.62,244.01,251.88,259.85,266.58,270.83,277.92,283.72,279.35,280.67,278.64,277.35,274.12,268.16,269.03,264.08,260.60,252.80,247.54,243.12,238.89,233.62,227.08,221.01,213.02,206.62,195.47,186.76,174.43,166.33,153.38,138.96,126.83
82.80,90.82,95.75,107.86,116.93,125.67,131.64,146.01,154.78,162.59,172.46,178.53,186.68,191.84,198.06,204.92,213.00,220.23,227.77,233.55,242.33,250.39,260.54,265.48,271.07,279.51,284.43,280.49,282.94,278.45,276.87,273.12,271.02,269.90,264.66,260.62,253.12,249.73,246.62,240.21,233.43,227.08,220.20,214.22,207.10,195.30,188.09,175.93,166.41,156.06,139.61,127.58
80.22,90.35,97.19,106.74,114.13,123.66,132.91,147.17,154.16,164.05,169.94,179.01,186.75,189.99,196.40,206.18,212.06,221.21,227.91,233.55,242.40,252.00,259.28,264.68,271.88,279.95,285.35,280.13,282.64,279.81,276.06,273.98,267.42,270.20,263.65,258.80,254.19,247.81,244.20,239.02,236.21,225.44,221.45,216.81,208.40,197.31,187.22,175.01,166.72,156.47,139.70,127.05
81.34,91.76,97.19,106.45,117.46,126.09,132.06,148.27,153.50,162.79,171.98,176.24,184.04,191.19,199.01,207.71,209.40,221.27,229.16,234.94,242.51,252.87,257.24,266.31,273.72,275.96,280.85,280.72,282.29,278.77,277.32,272.46,268.26,267.03,263.50,258.79,254.03,250.49,244.20,239.35,234.05,228.88,218.71,214.96,204.59,195.49,186.81,176.01,166.09,154.03,140.86,127.24
79.63,94.73,96.26,108.56,117.28,124.95,132.92,148.00,152.00,163.19,170.86,175.57,184.33,189.86,196.06,205.46,209.25,219.02,226.80,232.94,242.14,250.41,258.00,264.70,271.67,276.28,281.26,278.16,279.58,278.30,276.08,272.07,269.46,268.00,262.15,257.01,254.00,247.86,244.12,237.70,231.95,227.27,219.94,213.32,206.18,195.56,188.05,174.96,164.23,153.39,141.32,127.01
79.40,90.34,94.26,102.20,112.61,122.33,130.27,144.46,149.24,158.42,166.21,173.67,182.46,187.42,196.49,204.57,210.54,218.56,227.55,233.57,242.13,251.75,258.99,266.74,272.42,274.59,279.47,280.06,282.64,277.33,277.15,273.86,267.03,264.43,263.07,259.20,252.49,246.60,241.02,236.14,232.85,226.23,216.23,211.60,203.16,192.85,183.83,171.69,162.52,150.80,137.93,123.69
77.16,85.80,94.00,102.32,109.88,118.34,126.30,142.70,147.11,158.35,165.33,174.39,180.75,187.02,192.21,202.20,209.00,216.67,223.83,231.70,238.55,249.58,257.19,264.20,269.61,275.20,280.64,277.31,281.49,277.71,273.88,271.41,263.21,266.09,259.63,256.02,248.36,243.79,240.51,233.62,230.56,221.44,215.60,209.60,202.61,190.13,181.40,170.85,161.21,149.64,135.91,121.49
79.32,90.21,95.08,102.31,111.49,121.02,129.38,142.79,148.77,158.70,169.20,173.49,180.10,188.16,197.75,204.71,209.33,218.51,228.16,233.85,243.40,252.92,260.10,266.18,272.71,276.90,281.97,280.72,282.43,278.41,278.63,274.61,269.09,265.82,261.73,258.94,253.58,247.94,243.85,235.05,232.66,226.10,217.60,209.19,203.18,194.15,184.33,171.75,162.79,151.43,137.64,124.06
80.52,89.05,94.87,105.08,115.28,124.79,132.44,145.21,150.03,158.66,170.34,176.98,183.81,191.37,199.11,208.22,214.48,220.74,229.93,236.93,246.66,254.10,261.77,268.48,275.04,280.00,282.68,283.57,286.92,281.63,282.02,277.06,270.41,270.14,264.37,262.19,255.89,249.01,246.60,239.94,236.93,230.06,220.19,214.26,207.54,195.60,187.84,177.50,165.60,152.33,139.78,125.73
80.23,90.05,96.26,103.47,115.21,121.75,131.88,143.56,150.63,160.80,170.10,178.00,184.81,191.27,200.32,206.77,214.48,221.60,231.14,236.21,244.35,255.56,261.22,270.84,275.81,278.61,284.61,283.98,286.57,282.96,281.85,274.24,272.41,267.86,265.51,262.21,256.38,250.88,246.53,240.57,235.98,228.48,220.08,215.36,206.46,196.65,186.17,175.15,165.89,153.69,139.95,126.15
80.78,91.44,99.98,108.68,117.61,125.92,133.54,148.00,155.26,164.68,172.24,180.35,188.66,190.52,199.12,208.08,216.90,222.58,230.87,236.95,245.99,255.52,261.40,270.12,275.43,278.61,285.41,284.70,285.66,283.60,281.54,276.90,270.75,273.65,268.00,263.28,255.69,251.35,246.05,243.40,238.03,231.01,223.64,216.38,210.20,197.06,188.96,177.55,167.43,156.28,143.56,127.48
90.27,81.54,103.73,105.02,115.35,127.86,133.06,147.87,155.26,163.53,173.25,178.18,185.95,193.66,201.10,208.84,213.53,220.47,228.71,237.04,244.61,255.91,260.31,268.48,274.88,279.59,284.26,284.02,285.04,281.68,281.33,276.59,272.09,269.21,263.64,262.95,257.11,253.43,245.46,241.67,234.92,230.02,221.92,215.43,207.12,198.40,189.45,179.60,167.97,154.64,142.86,128.32
84.76,94.53,100.18,108.47,117.00,128.06,135.93,148.92,155.29,164.45,173.10,179.40,186.01,193.37,200.93,208.97,214.98,223.14,231.55,236.95,245.75,256.19,261.28,270.60,274.55,280.75,285.09,282.89,283.14,282.90,280.86,276.13,272.35,272.15,266.66,262.99,256.43,251.25,246.42,243.35,235.64,230.23,222.73,215.87,208.03,196.99,188.47,177.41,168.16,156.20,141.91,129.07
77.93,88.77,96.40,103.08,112.45,120.42,127.62,145.15,150.03,158.96,168.51,175.79,183.97,188.18,197.39,204.04,212.85,220.84,230.15,234.39,242.44,253.30,260.12,266.27,272.84,277.03,281.03,281.89,282.91,281.20,279.57,275.07,267.62,268.30,264.17,260.23,252.37,247.39,242.85,238.43,233.81,227.19,218.51,212.05,203.63,193.44,184.23,173.17,163.57,151.01,139.79,124.58
79.03,88.57,94.07,103.08,111.07,120.17,128.41,142.37,148.27,157.31,165.30,171.68,181.80,186.78,194.62,204.28,207.46,219.25,225.02,232.56,243.29,251.51,257.53,263.90,271.62,276.88,279.80,278.18,282.41,276.22,277.80,272.37,265.93,265.42,261.75,257.03,250.24,245.94,242.69,236.62,233.85,226.18,217.27,211.01,203.33,192.44,184.81,173.25,161.77,151.01,136.97,125.32
77.65,88.19,94.85,102.53,111.07,118.33,128.55,143.34,148.22,158.03,164.78,174.19,179.81,185.13,194.49,202.77,209.90,219.31,227.07,229.69,240.26,249.65,257.77,264.12,270.22,276.99,279.96,277.83,280.50,278.11,275.41,270.42,266.02,266.66,262.67,260.84,251.45,245.20,241.63,238.40,234.07,224.32,218.59,211.49,203.87,193.87,182.07,171.40,162.73,152.07,137.06,124.23
39.81,47.41,51.00,55.44,60.21,68.73,71.12,84.21,93.09,98.37,103.74,112.81,115.85,122.98,128.63,137.06,148.38,153.94,162.26,167.26,177.34,186.81,193.76,196.65,202.00,205.79,209.62,205.20,207.27,203.79,203.39,196.70,189.43,192.61,185.69,178.94,173.54,170.95,168.88,162.36,160.06,153.84,147.34,140.46,137.08,126.06,120.50,109.60,102.18,94.58,86.61,76.94
77.79,88.57,92.66,102.11,110.44,120.43,128.08,142.34,147.83,157.89,164.16,173.57,181.80,186.20,193.75,202.81,209.07,218.11,227.71,230.78,240.15,251.44,257.24,262.49,268.76,276.29,280.67,278.41,278.57,277.24,275.63,271.18,264.66,265.36,260.22,256.35,249.47,242.19,238.85,235.51,230.22,224.04,214.02,208.40,200.60,192.33,182.27,170.31,160.64,149.37,136.18,121.76
80.62,91.71,96.26,104.39,115.16,124.45,132.31,145.40,151.56,159.66,168.81,175.41,183.00,189.27,196.50,205.57,210.54,217.04,228.25,232.64,239.74,251.00,255.70,263.43,270.84,274.36,279.01,278.99,280.02,276.68,276.23,270.93,265.86,265.80,258.63,256.53,251.67,244.70,242.00,236.35,229.87,224.70,216.00,211.34,204.53,193.60,184.63,173.74,163.37,152.24,138.44,125.21
82.22,94.02,99.30,107.45,117.48,127.35,135.24,149.40,156.21,166.43,173.42,180.06,189.65,193.26,200.14,209.10,216.11,225.39,234.41,237.26,246.14,257.64,265.32,272.08,276.81,282.71,286.75,285.48,285.62,284.93,282.52,278.41,273.76,274.12,268.40,263.03,258.19,251.80,246.52,243.30,237.86,230.50,222.43,216.15,210.95,197.63,189.84,177.07,166.21,155.88,142.21,127.66
79.70,88.60,97.91,105.77,114.16,123.37,129.85,145.96,150.96,162.26,168.75,175.93,183.92,188.22,195.92,202.94,208.78,217.61,225.67,231.66,241.01,250.07,255.81,263.03,270.28,275.77,279.31,278.44,277.91,276.13,275.05,269.24,265.13,263.62,261.04,256.43,250.57,245.10,239.75,236.70,231.41,223.62,217.30,211.61,204.83,191.23,185.00,173.03,164.14,152.12,139.61,123.79
78.10,88.46,93.19,102.90,112.18,122.00,127.95,141.09,149.16,157.31,166.93,172.18,181.11,188.73,196.74,203.71,209.29,217.19,227.20,233.57,241.70,252.16,257.00,265.71,271.20,276.13,279.60,278.00,280.51,276.24,277.58,270.10,266.81,264.21,261.73,256.13,251.86,245.90,241.05,235.27,230.67,223.47,216.12,211.91,202.20,193.29,184.09,171.35,162.11,150.62,137.87,125.60
79.16,90.14,97.14,105.42,114.93,122.49,132.28,146.18,149.90,161.01,169.09,176.07,184.25,189.93,196.51,205.35,212.25,219.61,227.61,234.44,245.37,252.36,260.10,266.18,273.79,276.81,281.68,280.61,283.64,280.14,280.53,274.77,269.67,269.42,264.85,260.30,255.44,249.74,245.51,241.70,237.00,230.59,221.38,215.75,207.33,198.60,187.80,176.92,166.60,157.10,142.56,127.91
79.76,87.97,95.90,106.51,113.16,122.72,131.64,145.73,152.07,162.63,168.69,177.75,184.86,188.04,199.11,204.20,211.59,222.75,228.53,232.82,240.48,251.13,259.06,265.71,272.05,279.26,282.88,279.16,282.20,281.15,279.03,271.76,268.36,268.09,264.20,261.94,253.84,247.17,244.50,240.28,236.89,227.31,221.23,215.13,206.40,194.28,185.56,174.94,166.96,155.65,140.16,126.25
80.23,90.01,96.21,104.06,114.53,123.32,131.40,143.75,147.85,158.62,169.10,174.42,182.04,188.04,196.60,204.52,210.19,217.22,225.38,231.64,241.01,251.03,257.39,263.94,270.28,274.08,279.30,279.42,280.77,278.06,277.33,271.58,266.05,264.43,260.00,258.01,252.11,247.00,242.83,236.25,232.73,226.26,218.39,210.47,204.80,194.02,187.09,174.73,164.13,152.90,140.41,125.48
77.49,90.79,97.13,104.94,113.36,124.02,129.32,145.06,149.33,159.84,168.22,173.93,180.01,188.51,195.36,204.80,209.70,218.55,226.38,229.93,240.47,249.90,257.03,263.74,267.71,276.29,279.81,279.33,281.26,275.73,275.61,271.71,266.65,265.00,260.63,258.07,251.00,245.49,241.68,236.02,231.20,224.08,219.48,212.04,203.33,194.31,183.98,174.00,166.11,154.12,138.58,125.87
79.40,90.27,94.85,102.53,114.97,122.59,130.73,143.84,148.65,159.91,167.29,174.54,181.04,188.28,195.72,204.71,210.58,216.82,226.63,231.01,240.03,249.37,257.53,263.49,271.01,273.66,279.06,276.50,279.95,276.25,275.26,269.43,266.63,263.50,259.77,256.13,250.93,246.14,241.07,237.89,230.23,226.32,216.49,210.87,204.56,194.55,186.76,173.85,164.20,152.11,139.60,124.34
77.32,85.42,92.63,102.04,109.46,117.63,126.25,140.39,145.67,155.98,163.48,174.04,181.57,184.30,193.15,198.70,208.66,217.62,224.02,227.97,238.37,248.82,256.02,260.89,267.54,275.83,278.83,276.66,279.40,277.00,273.88,269.60,263.59,264.60,258.38,255.49,247.81,243.19,238.17,235.17,231.81,220.84,218.08,210.34,201.06,189.01,180.56,169.78,160.51,148.22,135.09,120.88
76.01,83.57,91.55,101.12,107.52,115.57,126.13,138.65,144.36,154.43,162.46,171.33,177.16,183.85,193.01,198.08,206.39,216.09,222.27,226.32,235.97,245.20,252.51,260.45,265.84,273.76,277.20,275.05,276.01,274.75,270.45,265.65,262.05,261.47,255.05,253.93,245.28,240.67,236.07,233.86,229.09,220.55,213.18,208.56,198.46,186.80,180.92,167.50,160.00,148.19,133.73,119.51
74.63,85.05,91.18,101.24,106.55,114.76,124.04,138.62,145.62,154.74,161.70,169.39,178.23,184.17,190.38,198.31,203.74,213.97,220.64,225.69,238.01,244.98,252.16,259.52,266.05,270.68,277.20,271.36,273.91,271.01,268.63,265.59,260.50,259.94,255.88,251.24,246.20,240.10,236.52,232.17,226.72,217.99,211.55,207.19,198.18,186.96,178.53,167.03,159.53,147.00,132.40,118.11
76.58,86.98,91.02,100.24,107.30,116.50,125.42,137.64,145.60,153.45,160.96,170.05,175.60,184.76,191.85,199.46,204.94,215.39,222.95,226.36,236.70,246.11,252.87,259.38,265.86,273.49,274.71,271.89,275.77,272.42,269.94,266.05,260.49,258.27,255.29,252.76,246.33,240.83,236.23,231.46,226.11,218.22,210.01,207.14,197.85,189.11,178.04,169.01,157.38,147.18,134.37,119.55
76.06,86.47,91.22,99.57,108.00,117.32,125.04,137.57,146.65,152.28,161.38,169.55,176.88,183.93,191.43,199.47,203.35,211.87,222.16,225.50,236.41,244.09,253.40,260.28,264.56,270.90,274.64,271.86,274.61,270.00,269.47,263.76,259.73,259.51,252.76,250.46,245.28,239.01,235.99,230.87,224.22,218.02,209.10,203.59,197.25,188.01,179.00,167.43,156.25,147.31,134.39,119.54
84.05,94.30,100.96,111.22,117.69,128.08,136.57,150.48,157.31,166.07,173.62,181.89,190.00,194.37,203.10,210.89,218.30,227.90,234.62,240.03,249.39,259.39,265.35,272.41,279.87,286.51,290.24,287.92,289.08,288.20,283.40,280.60,274.80,274.57,267.90,266.63,260.60,256.20,252.79,244.86,240.80,231.92,224.21,219.04,210.72,201.40,190.07,180.07,171.77,159.23,144.51,128.14
78.77,90.44,95.19,104.02,115.11,120.43,129.19,142.06,150.14,157.62,167.17,174.64,180.23,187.92,195.45,205.12,209.68,216.62,225.18,231.68,240.36,251.29,255.38,264.76,269.86,275.05,278.49,278.61,279.35,276.51,275.62,272.26,266.53,264.61,257.96,255.80,251.40,245.69,243.46,235.37,232.72,225.66,217.38,209.77,203.23,193.75,184.70,174.27,162.74,152.63,139.52,126.50
81.34,91.00,94.53,104.14,114.91,121.75,127.91,142.86,151.21,157.81,165.50,174.42,183.39,187.03,194.49,203.07,210.72,220.13,225.74,230.26,237.77,248.72,255.98,263.69,268.49,276.57,279.59,276.74,276.96,277.50,274.01,269.01,266.18,266.18,262.07,258.37,250.91,244.64,242.17,237.92,232.71,224.11,220.42,212.85,206.20,193.33,185.15,174.29,164.84,154.63,139.79,126.44
80.06,89.14,99.04,108.41,117.03,118.70,130.54,144.53,152.04,159.30,168.88,176.92,182.00,186.81,195.56,202.48,211.95,217.35,226.74,231.70,242.04,250.25,258.12,263.28,268.63,274.93,280.03,278.35,278.26,277.24,274.89,270.12,267.59,266.19,261.87,257.16,251.07,245.28,242.39,236.63,231.68,224.61,218.02,211.40,204.42,193.94,186.01,174.24,164.45,152.46,140.43,126.37
80.06,91.42,98.51,106.96,115.97,122.02,132.42,144.73,150.71,161.97,167.94,178.66,185.69,188.85,198.00,204.44,212.32,219.20,229.39,231.62,242.54,251.10,259.86,267.17,271.77,278.80,282.06,280.79,279.84,282.26,276.90,271.44,268.60,269.47,262.65,258.14,252.66,250.54,244.46,240.33,234.14,227.00,220.86,214.46,206.40,196.16,187.97,175.10,166.98,155.71,140.94,127.66
80.23,87.30,97.95,107.48,112.71,119.85,128.56,140.04,148.66,159.89,166.00,173.61,182.78,186.04,194.24,203.04,207.96,217.70,224.24,229.84,237.54,248.20,253.03,261.20,268.04,275.59,279.09,277.06,279.08,277.20,273.83,269.24,265.63,264.88,258.51,257.30,250.60,244.72,242.57,233.81,233.00,224.24,218.00,210.44,202.74,192.94,185.22,173.49,164.61,154.49,138.08,126.59
83.93,93.02,101.92,109.00,119.20,125.36,135.83,149.09,156.28,163.77,172.47,181.71,187.39,194.45,202.61,210.23,217.52,225.28,232.49,240.80,249.55,257.31,265.03,272.33,276.99,285.84,289.83,286.01,288.20,285.05,283.70,278.77,275.47,274.80,268.49,264.55,259.62,254.17,251.88,244.77,239.58,231.04,225.86,219.04,211.40,200.23,190.10,180.02,170.76,159.93,145.01,130.25
82.30,92.18,99.05,108.00,115.74,124.00,132.56,149.16,154.03,165.10,170.84,180.75,187.77,192.21,198.60,206.62,214.16,222.28,233.42,236.81,246.64,255.23,263.49,269.62,277.04,280.41,284.21,283.52,285.20,282.93,280.06,275.28,270.12,269.60,266.25,262.07,255.00,251.35,245.49,243.40,237.00,228.46,222.44,215.42,208.25,196.33,189.53,177.90,168.24,155.71,141.38,127.19
82.61,94.94,95.46,106.07,114.42,128.46,130.61,148.00,153.77,161.20,170.46,179.49,185.40,192.23,200.11,207.28,211.88,220.42,228.81,234.46,245.40,254.61,261.37,268.04,271.88,280.49,284.75,281.01,282.33,280.59,279.80,275.09,270.15,267.30,261.09,258.79,256.33,249.19,246.92,239.82,234.96,225.87,220.13,213.78,205.24,196.76,187.30,174.90,167.59,154.78,139.23,127.44
82.38,92.20,97.62,106.89,117.41,126.18,134.54,146.15,153.05,161.47,172.07,177.28,185.59,193.24,199.53,207.18,209.99,220.33,229.26,236.64,246.02,253.55,261.56,267.17,273.25,279.29,282.29,281.84,282.06,281.89,280.79,276.59,270.51,267.42,263.44,259.60,253.92,248.29,245.95,240.52,236.02,227.86,221.05,215.03,205.09,196.66,188.50,177.20,167.00,153.71,142.43,127.94
75.74,84.60,92.76,101.12,108.71,115.97,125.24,139.52,145.60,154.81,160.21,170.66,176.92,180.85,189.77,197.57,204.61,215.41,220.54,224.75,236.10,242.99,251.88,257.10,264.01,270.93,274.54,270.51,272.62,270.27,267.06,263.89,258.64,257.56,253.16,249.57,243.88,238.30,235.36,230.18,226.14,216.30,211.23,205.68,198.70,187.76,177.67,165.30,158.60,148.01,132.97,119.60
85.73,94.89,101.55,109.55,120.84,129.52,138.22,150.27,158.27,166.41,176.71,183.86,189.79,199.12,205.37,213.74,217.11,226.43,232.70,242.53,252.45,262.13,267.30,275.68,280.12,287.17,290.00,288.60,289.76,286.85,288.50,284.12,279.02,273.60,267.44,264.76,261.08,253.31,252.61,245.12,239.68,233.93,224.56,219.49,210.24,200.94,192.90,181.00,168.94,158.37,146.24,130.30
84.15,93.94,99.61,107.71,118.85,127.48,137.32,147.50,155.35,163.89,176.14,179.94,189.21,197.31,203.04,212.16,216.36,224.61,233.24,241.27,250.52,260.86,266.99,274.56,281.00,284.99,287.94,289.07,289.04,287.56,287.33,282.21,278.46,273.54,268.67,266.33,260.77,254.75,250.39,245.20,241.07,234.62,224.72,218.75,208.87,202.81,193.20,180.32,169.52,158.91,145.77,129.62
83.23,92.44,98.13,106.78,119.33,127.58,136.97,147.05,156.16,165.10,175.33,180.19,188.07,195.82,201.94,212.51,216.01,224.41,232.22,240.52,249.78,258.21,265.04,272.24,278.34,283.95,288.48,288.06,290.07,283.57,287.46,281.26,277.72,273.79,269.42,265.00,260.16,255.22,251.02,243.82,240.01,233.79,225.67,218.66,210.34,201.79,192.61,181.04,171.47,157.01,144.31,130.97
76.54,86.21,93.48,102.88,110.07,119.54,126.83,141.87,149.21,159.30,167.03,175.29,183.10,187.62,195.03,204.79,210.02,220.42,228.04,233.02,244.01,251.75,260.74,268.67,273.65,279.47,283.59,280.57,286.51,283.94,279.06,276.28,272.41,268.08,266.06,260.89,256.87,250.16,245.20,238.21,231.94,223.54,216.97,210.00,204.53,197.47,186.60,175.00,166.36,153.53,139.43,125.13
79.40,90.14,97.01,105.95,114.20,123.60,132.85,146.11,153.42,164.20,170.34,181.04,190.04,194.28,201.26,209.12,215.54,227.88,234.80,238.31,249.65,257.58,266.92,273.36,279.58,285.24,291.45,286.74,289.58,289.01,285.10,279.24,275.54,276.83,272.61,266.32,260.89,254.89,249.30,245.55,237.45,227.27,222.65,213.52,207.24,200.42,191.66,178.02,170.29,157.31,142.00,128.16
79.08,90.26,97.51,106.78,114.93,122.81,131.97,145.60,154.01,163.78,168.19,181.02,188.96,192.72,202.41,210.38,215.38,228.43,237.19,241.14,249.90,260.60,265.59,274.99,278.79,285.70,293.23,287.68,294.04,289.39,286.76,281.37,275.53,277.13,271.28,268.48,262.49,255.52,251.29,244.84,239.76,228.00,223.27,216.78,207.86,199.61,190.26,180.41,169.94,159.05,142.00,129.96
75.50,87.98,91.44,100.46,107.47,119.44,126.13,139.79,147.26,155.00,164.20,170.67,178.90,186.08,194.49,201.49,205.73,215.14,221.46,228.81,240.47,249.01,254.03,261.17,267.53,274.20,278.52,275.59,278.35,274.57,274.39,268.92,263.12,261.51,255.36,253.71,249.06,241.96,238.41,230.24,228.60,219.86,213.01,207.78,200.12,190.03,178.47,169.52,158.62,149.40,135.62,122.41
75.95,85.70,91.42,101.24,110.02,117.24,123.91,138.68,146.01,153.21,163.23,169.17,179.51,185.07,191.94,198.21,205.36,213.46,222.41,228.84,239.63,247.78,253.18,260.77,265.71,270.30,274.65,273.85,275.96,272.57,271.30,267.42,262.77,260.28,252.79,251.11,246.85,240.17,237.50,229.86,226.27,218.83,213.28,205.00,199.06,186.55,180.27,167.09,158.42,148.30,134.54,121.26
76.38,86.77,91.41,99.98,110.46,119.60,126.57,139.00,144.55,153.18,164.76,171.33,178.04,185.00,193.79,202.16,207.06,214.61,223.09,228.85,237.92,248.07,253.34,263.76,268.61,272.39,275.12,276.27,276.55,273.91,271.98,268.15,262.51,260.56,257.16,252.72,247.98,243.31,236.28,232.70,226.81,221.45,212.94,206.00,200.35,189.21,180.94,169.36,158.77,147.41,136.47,122.05
79.71,89.14,97.58,106.04,114.95,123.17,131.03,145.07,152.05,161.42,167.60,177.02,186.94,190.24,196.82,206.77,212.40,222.15,230.29,233.33,242.43,251.59,259.79,266.85,272.81,279.89,284.25,279.86,282.30,280.86,276.81,272.15,267.61,267.87,263.91,260.77,252.58,247.89,246.13,239.89,235.27,226.14,220.08,215.26,207.07,195.06,186.47,175.03,166.77,154.00,139.34,125.59
80.00,90.05,96.34,106.23,113.23,122.64,131.03,145.79,151.35,162.69,169.36,177.49,185.42,189.25,195.79,205.00,210.62,222.00,230.29,234.39,244.17,251.34,258.82,264.86,271.31,278.21,284.75,278.73,281.35,280.77,279.04,273.03,268.01,269.74,265.00,258.77,253.45,249.80,243.99,239.89,235.76,226.42,220.29,215.60,207.42,195.26,187.88,174.77,166.69,155.26,140.06,126.02
78.29,88.46,96.21,106.04,113.46,122.49,130.74,145.99,151.18,161.38,169.58,176.92,184.61,188.66,198.17,205.29,213.27,221.62,230.33,232.28,242.79,250.13,259.33,266.84,272.42,278.57,280.49,281.49,281.44,281.31,277.89,271.81,268.02,268.41,264.39,258.38,253.57,248.94,243.31,241.51,234.78,228.55,220.05,213.94,206.78,193.87,188.35,175.11,166.74,154.35,142.64,125.72
77.25,87.86,93.15,102.11,109.66,117.66,128.69,143.17,148.49,158.38,165.70,175.11,181.28,186.27,197.40,203.69,212.01,219.86,228.27,232.69,243.00,252.81,259.11,266.33,272.38,279.03,282.00,280.06,283.37,280.40,278.47,274.27,268.34,268.96,263.23,259.83,252.44,244.97,241.94,237.66,233.60,226.38,216.95,212.44,204.36,193.49,184.09,172.51,162.86,152.55,138.10,123.71
87.32,88.20,102.65,110.68,109.04,109.00,133.00,142.34,148.12,159.70,163.81,174.61,181.84,187.17,194.76,203.19,212.85,220.78,230.93,233.31,242.44,252.87,261.18,267.31,273.66,278.92,283.75,281.06,283.83,280.72,276.09,274.42,267.44,271.02,262.55,261.28,254.10,245.86,241.10,240.83,233.60,225.66,218.71,212.42,204.68,193.10,183.17,172.42,162.56,153.22,137.06,122.92
82.08,94.01,103.09,110.26,118.73,126.15,137.44,152.50,157.00,170.06,175.01,182.78,190.31,197.09,205.91,213.12,219.79,228.35,238.80,244.02,254.77,262.23,270.77,277.68,283.60,285.62,290.06,292.58,297.20,285.16,275.77,301.60,277.63,274.37,279.96,274.23,265.32,261.31,254.28,248.27,241.76,236.00,226.75,224.61,214.40,203.01,194.16,182.43,171.19,161.01,146.32,132.31
79.25,89.00,94.53,104.79,114.91,122.02,129.47,142.20,148.53,158.42,168.72,172.59,181.40,188.22,194.16,201.53,207.65,214.87,224.18,231.28,238.85,250.45,253.49,262.23,269.16,271.66,277.22,275.54,279.11,274.18,273.21,268.33,264.21,262.19,257.85,254.20,249.83,243.68,240.67,236.03,229.53,224.86,215.18,210.64,203.54,193.26,183.58,172.00,161.45,150.95,140.42,124.72
79.76,90.26,95.71,102.96,114.59,121.20,128.89,142.76,149.16,158.93,168.55,173.07,180.45,186.12,195.29,203.87,207.48,214.46,225.34,229.67,238.40,247.87,255.00,262.84,269.43,270.11,274.91,275.28,276.18,274.10,271.67,267.47,261.30,261.12,257.39,253.80,248.22,243.19,238.47,235.01,229.12,224.19,213.26,208.91,203.08,190.55,183.93,173.67,161.79,149.25,138.44,124.20
78.72,89.01,93.78,104.00,113.30,122.10,129.36,143.00,150.12,158.43,166.33,173.40,180.35,186.51,195.51,203.48,207.99,216.08,225.16,230.80,239.01,248.29,254.59,263.03,267.92,272.21,277.27,275.80,277.42,275.73,272.68,267.40,264.43,262.55,258.57,254.57,248.86,243.67,241.09,235.60,230.24,226.13,215.03,210.43,203.60,193.26,184.56,173.60,162.81,151.01,140.25,124.78
78.26,87.46,94.37,104.05,116.40,124.42,131.53,140.87,146.37,156.00,168.24,174.24,181.95,187.11,194.76,202.48,209.06,215.93,225.06,231.42,238.83,249.63,256.30,262.88,269.14,272.80,277.31,277.05,277.19,274.39,272.72,267.08,262.64,263.07,256.91,255.67,248.73,244.81,239.74,236.14,230.83,225.09,214.15,210.54,201.79,192.77,183.50,173.00,162.12,150.95,137.64,124.95
76.06,86.02,91.18,99.72,110.92,118.34,125.28,139.28,146.01,155.29,163.78,172.54,179.34,186.55,195.14,201.36,208.74,215.68,226.74,230.33,241.13,250.48,258.31,265.81,272.53,275.54,279.52,279.31,279.32,277.48,274.49,270.65,264.76,263.75,259.83,255.27,251.23,244.90,239.82,235.49,232.11,225.16,215.23,210.00,203.59,191.54,183.22,171.40,161.01,149.09,138.00,123.56
79.62,88.46,96.57,104.00,112.27,121.66,129.65,145.12,151.21,160.59,167.45,176.92,183.99,189.69,197.57,207.35,213.68,224.22,230.59,237.74,245.69,255.54,264.21,271.46,277.42,282.29,287.21,284.95,287.14,283.64,281.85,277.52,270.83,271.60,267.08,263.10,256.42,251.94,246.56,242.67,237.02,228.54,221.96,215.10,209.75,195.13,186.95,175.97,165.22,154.56,141.82,126.57
83.01,92.36,98.49,106.92,117.17,127.28,133.72,147.80,154.74,162.79,173.05,178.77,188.52,193.00,203.00,210.85,215.23,224.40,233.12,240.26,249.02,259.05,263.71,272.66,278.92,282.58,288.44,288.44,289.86,285.48,287.09,280.81,275.47,274.19,268.43,265.41,257.26,253.95,247.65,244.97,239.76,233.00,224.59,218.51,212.44,199.48,191.39,178.47,169.20,156.82,142.62,129.55
79.40,88.87,93.05,101.02,112.27,121.20,130.87,142.43,147.31,158.35,169.12,176.49,182.69,190.00,199.37,207.66,215.13,219.43,230.22,236.54,246.55,256.12,264.09,273.13,276.20,282.94,285.46,286.53,289.00,284.52,282.18,280.36,273.18,271.12,267.15,263.76,257.44,253.55,245.07,244.40,235.47,230.67,221.47,216.28,208.40,198.09,189.26,175.70,164.64,152.19,141.88,125.72
76.16,86.28,92.20,100.17,108.71,117.39,124.90,139.62,146.22,154.77,163.49,172.49,178.27,184.27,192.57,198.60,207.86,216.38,226.97,228.32,238.30,247.73,256.46,263.39,267.17,274.84,278.45,275.94,276.28,277.12,272.25,268.42,262.91,264.17,260.16,255.22,249.18,242.77,237.36,235.05,228.14,221.44,213.97,208.60,201.84,190.59,182.39,171.06,159.85,149.25,135.79,121.80
79.40,88.14,93.19,102.88,113.15,121.33,128.25,141.82,148.41,158.07,165.06,172.79,180.62,184.81,192.07,200.57,208.66,215.64,224.61,228.14,238.21,246.59,255.36,261.16,266.39,271.45,277.71,273.44,275.77,275.22,272.80,267.30,262.05,261.20,257.85,254.00,246.84,239.82,238.27,237.12,229.01,222.43,214.11,208.71,202.25,189.53,182.73,170.07,159.68,150.23,137.79,125.32
75.24,84.08,91.55,99.62,106.47,115.83,123.79,138.18,146.45,155.00,160.03,171.48,178.81,182.57,191.85,199.21,205.73,214.11,224.50,227.76,238.67,247.70,254.75,261.43,267.37,273.88,278.63,272.72,278.21,273.43,273.51,267.88,263.46,261.96,257.39,253.87,247.54,241.02,237.02,233.09,228.95,219.35,213.96,207.80,202.56,187.84,180.40,167.72,160.31,149.33,133.36,121.79
76.90,86.21,89.59,98.06,106.53,115.97,125.25,138.01,143.96,152.12,162.29,170.02,178.91,185.30,193.20,199.82,205.45,214.53,221.72,228.81,238.50,248.00,254.02,264.05,265.97,273.72,277.71,274.76,279.41,274.31,273.15,269.01,265.96,260.92,257.63,253.03,247.74,244.01,237.81,232.01,227.38,221.77,214.14,207.93,200.96,189.76,182.24,170.03,159.93,148.52,136.93,121.59
74.95,84.31,92.01,99.33,107.23,115.32,125.61,138.05,143.03,155.27,162.86,171.82,177.91,182.40,190.82,198.57,207.33,216.78,223.08,228.04,238.55,246.90,254.68,260.85,267.03,274.61,279.33,275.59,276.28,275.47,273.31,268.88,263.70,264.38,259.86,255.42,248.20,241.37,237.89,235.85,229.90,221.77,216.89,210.85,203.12,191.64,180.94,168.88,160.65,149.09,136.03,120.60
76.69,86.45,91.78,101.12,107.42,117.46,126.14,139.74,146.24,155.62,163.48,172.93,180.22,183.77,191.70,200.25,208.06,217.52,225.39,230.63,239.58,250.53,256.16,264.09,268.61,275.51,281.40,276.21,279.08,276.70,275.18,270.41,264.55,265.20,260.11,255.99,249.10,244.56,238.21,235.28,230.84,222.44,216.01,208.00,203.03,191.01,182.00,170.24,161.77,150.63,137.08,123.02
76.53,85.15,90.55,97.95,109.79,118.11,126.13,138.11,144.51,153.88,163.36,172.01,177.73,184.74,193.26,200.81,209.94,216.09,225.22,230.05,240.14,249.36,258.19,264.70,268.89,273.27,279.40,276.70,279.29,276.13,273.31,269.86,264.28,265.63,260.05,255.33,247.81,244.98,237.47,238.01,229.17,222.43,214.06,208.40,201.82,191.04,182.00,170.14,159.62,148.19,135.79,121.81
79.31,88.36,95.08,102.73,112.00,121.81,129.56,142.44,149.01,158.60,164.78,173.79,182.04,185.70,194.15,201.12,207.17,216.53,227.04,229.62,239.73,248.29,256.38,262.64,267.79,274.59,278.30,275.31,276.73,274.59,273.31,269.60,262.27,264.37,260.74,255.49,249.21,243.29,240.02,238.42,230.71,223.56,216.48,211.02,204.30,192.31,185.73,174.42,161.79,152.54,138.71,124.79
79.62,87.32,92.35,100.98,110.14,119.04,127.09,140.06,144.59,155.32,163.05,171.03,179.07,182.91,189.28,198.93,205.32,214.11,222.95,226.00,235.05,244.62,252.25,261.11,264.50,270.25,274.78,270.30,273.91,273.47,270.70,266.09,262.76,263.06,257.13,253.21,247.68,243.07,237.20,236.12,228.99,222.32,215.24,209.00,203.92,192.23,183.02,172.81,162.86,150.87,138.10,123.81
75.13,83.10,88.26,97.59,106.62,116.02,123.37,134.83,141.41,152.90,161.55,167.89,175.19,180.07,188.68,196.31,202.79,210.54,219.91,225.20,234.45,243.83,250.35,256.81,263.14,269.44,274.78,270.60,273.08,268.26,268.99,264.62,260.05,258.68,254.20,249.39,245.54,241.07,235.92,232.02,226.95,219.40,211.30,206.62,200.39,189.04,180.07,170.18,159.18,148.00,135.20,122.87
75.27,84.29,91.24,101.40,108.93,117.89,125.00,140.23,145.03,156.73,162.60,172.03,181.00,185.54,193.08,201.36,207.96,218.15,226.11,232.50,240.03,251.79,258.09,263.43,272.31,277.71,280.71,279.15,280.49,277.63,275.28,272.05,266.02,266.33,262.25,259.07,251.18,243.65,238.80,237.08,230.37,224.88,217.50,211.48,203.21,191.54,183.10,170.88,160.11,150.31,136.12,122.41
76.38,84.97,91.35,98.49,108.17,116.04,123.37,136.40,143.96,153.26,163.88,170.06,175.93,182.47,189.02,198.04,204.69,212.01,222.25,228.97,237.70,248.76,255.05,261.46,266.81,270.17,276.37,276.05,276.64,273.47,273.77,269.39,263.34,261.45,258.04,254.64,248.91,241.03,237.17,233.00,227.55,220.99,213.34,207.86,202.04,188.48,179.18,169.54,158.84,147.67,135.64,121.51
74.33,82.73,91.92,100.18,106.79,114.93,122.98,138.24,143.61,154.64,161.05,170.60,175.41,181.24,191.39,197.85,204.71,215.06,223.40,227.69,236.93,247.62,254.33,262.55,267.48,272.62,278.44,275.43,278.00,275.07,272.61,268.32,263.76,263.79,258.63,254.85,248.77,243.99,238.53,233.53,230.22,220.06,215.13,209.46,202.94,189.86,180.71,169.81,159.62,148.66,134.37,121.20
74.95,83.95,88.57,97.51,106.83,116.11,122.72,135.67,140.36,151.64,161.00,166.31,174.41,180.89,189.16,196.62,202.56,210.16,219.08,227.30,235.23,245.07,251.79,259.12,266.03,270.22,273.24,274.30,274.93,273.06,269.61,266.33,261.60,258.69,254.77,253.29,247.54,242.24,237.26,231.19,226.38,221.12,212.00,206.78,199.49,190.02,181.22,169.40,159.20,147.00,135.72,119.85
73.35,83.86,89.01,96.88,107.42,114.54,120.27,135.92,140.36,150.31,159.25,164.30,173.30,179.78,188.14,195.00,199.90,208.47,218.69,223.39,232.88,243.12,248.94,255.50,263.53,268.39,270.95,269.68,272.62,269.03,267.53,262.65,258.50,257.11,252.64,248.92,243.77,240.21,234.14,228.82,224.29,216.68,211.21,204.35,197.21,187.13,179.54,168.12,156.82,145.50,133.03,120.90
75.11,85.44,88.46,97.51,107.12,116.38,123.07,135.52,142.86,151.65,159.96,168.08,172.35,182.00,190.31,197.43,204.63,212.12,218.68,225.79,237.60,245.46,252.72,260.02,265.42,271.15,275.77,272.92,273.63,271.18,270.07,265.96,261.91,259.76,255.50,251.32,246.90,241.59,236.46,231.42,224.88,220.86,211.03,205.00,200.38,188.77,180.47,168.88,158.14,147.58,134.00,121.25
74.89,83.55,90.26,98.27,106.61,115.80,122.20,136.52,144.14,154.04,159.14,169.12,176.18,181.25,189.40,196.51,208.06,213.55,224.96,226.38,236.78,244.49,254.52,260.75,266.15,270.70,275.86,274.18,274.02,274.80,270.41,267.25,261.12,261.22,258.03,253.22,247.15,240.83,235.17,235.93,229.22,221.12,214.05,206.89,200.77,188.01,180.87,169.07,160.22,148.03,135.77,121.02
73.59,83.63,91.44,97.42,106.40,114.83,121.51,136.97,141.60,153.08,159.66,168.58,176.71,179.07,190.54,197.73,205.41,214.11,220.84,225.60,235.77,243.83,252.44,259.52,264.36,270.45,275.57,271.59,275.70,272.52,269.09,265.63,262.41,261.84,257.00,252.67,245.64,241.60,235.29,233.00,227.38,220.23,214.14,206.65,199.72,188.18,178.94,168.50,158.75,148.27,133.72,120.10
76.49,85.16,94.02,102.83,108.50,117.02,125.87,140.43,147.05,156.00,161.40,172.79,180.07,183.29,189.68,197.88,203.53,213.55,221.07,227.02,237.36,244.44,252.05,259.38,264.58,270.16,276.40,272.03,273.25,272.18,269.94,265.69,262.19,260.36,256.63,251.34,246.78,240.30,237.92,233.81,229.58,220.17,214.85,208.28,202.94,189.50,182.16,170.58,160.35,151.49,136.00,122.49
78.29,87.21,93.62,102.63,109.62,120.81,127.04,140.36,145.34,157.18,162.63,171.98,179.01,184.29,192.21,201.12,205.41,215.75,223.62,228.71,237.86,246.73,253.84,261.77,267.60,271.22,275.86,273.61,277.42,273.23,273.75,268.51,263.66,263.45,257.45,254.06,249.28,243.09,238.46,236.14,231.35,221.38,216.01,210.44,203.30,192.42,183.04,172.66,163.40,152.32,137.93,125.17
77.37,86.31,94.43,101.49,108.91,117.99,126.81,140.73,147.11,155.76,162.89,171.97,179.62,184.27,191.44,199.90,205.65,214.11,225.16,227.07,238.46,245.60,255.34,260.80,266.99,271.67,277.65,274.22,275.96,275.75,270.53,267.22,263.50,263.59,258.95,255.88,246.73,243.80,238.52,236.86,231.26,221.68,216.09,210.11,204.39,191.37,182.95,171.17,162.56,150.21,137.57,122.92
77.82,87.69,93.04,101.97,110.02,120.35,125.90,139.71,147.05,154.64,165.05,169.12,178.44,184.18,190.21,200.28,207.02,213.55,221.43,228.06,237.89,246.62,253.24,259.93,267.48,272.12,278.21,272.75,277.24,272.43,272.99,269.27,263.89,263.59,257.11,253.95,250.16,244.17,240.78,234.83,228.78,222.17,215.04,210.05,204.96,193.55,183.61,171.27,162.60,152.90,137.27,124.26
74.52,85.76,89.02,98.18,107.70,116.04,122.80,135.83,143.27,151.92,161.03,168.22,176.37,181.18,189.95,198.60,203.42,212.90,220.91,227.71,236.22,245.41,252.96,259.59,266.54,272.97,277.35,273.91,277.15,273.39,273.30,267.28,263.15,263.06,257.58,253.02,247.63,244.29,238.10,231.66,227.47,221.61,214.41,207.35,200.35,188.80,181.60,169.25,159.39,148.92,136.56,120.54
73.76,80.81,86.53,93.74,104.74,111.80,120.22,131.58,139.00,145.84,157.49,164.48,169.25,176.78,182.95,190.92,198.12,206.34,212.73,220.53,230.32,237.92,245.80,254.06,258.80,264.32,268.56,266.99,267.29,264.37,262.39,261.08,257.07,254.00,249.00,246.07,241.62,235.65,231.23,227.13,220.04,215.34,207.62,201.09,194.54,184.84,177.02,165.25,154.80,145.36,132.03,118.70
73.60,82.49,88.28,97.74,106.02,112.61,121.28,134.62,142.84,149.37,158.15,167.90,174.93,177.46,185.93,192.75,202.62,211.63,219.86,223.29,233.28,241.96,251.03,256.27,262.21,267.80,272.72,269.79,271.41,270.67,267.57,263.87,257.96,260.78,254.95,249.73,243.99,236.22,233.81,230.78,226.46,217.88,212.15,203.71,198.98,186.96,176.82,167.20,157.44,146.24,131.61,118.34
76.03,84.21,91.39,97.95,108.05,116.10,124.62,136.52,144.03,152.95,162.39,168.81,175.73,183.07,193.49,198.93,206.20,212.98,222.64,229.44,238.14,248.07,254.10,262.39,268.46,272.41,276.55,276.54,279.66,274.87,274.85,269.15,263.46,260.93,258.02,253.71,249.20,244.59,239.31,234.05,229.46,225.63,213.59,208.47,202.24,190.54,183.07,170.76,160.86,148.92,137.18,123.13
75.64,86.09,90.80,97.62,107.91,116.93,123.33,137.00,143.95,152.88,161.01,169.19,176.71,183.50,192.01,199.33,206.81,213.86,221.92,229.65,236.61,248.09,254.48,264.09,267.68,273.58,276.98,275.77,278.78,274.16,273.19,268.90,263.15,262.67,258.72,257.03,248.94,244.90,240.35,235.70,229.06,224.64,215.08,209.03,202.08,191.13,183.33,171.21,160.44,149.57,136.95,123.07
74.63,84.48,91.09,98.23,106.30,115.76,122.48,137.24,142.06,154.30,159.54,169.07,176.24,181.60,190.14,197.77,206.34,215.93,224.41,227.84,237.86,247.14,252.69,261.93,267.25,274.05,278.63,274.77,277.46,274.52,272.15,269.65,261.77,264.71,259.08,254.42,248.78,243.18,239.17,236.25,231.57,222.87,216.00,206.98,201.95,190.37,181.14,169.33,159.66,149.89,136.21,122.12
74.43,84.17,90.21,98.60,106.98,116.28,122.25,137.18,142.78,150.88,160.20,168.24,175.57,182.22,191.88,197.69,207.24,214.76,223.34,227.73,237.55,247.29,254.38,263.04,267.23,274.02,277.05,275.36,276.34,274.40,272.85,267.08,263.61,263.87,260.05,253.07,248.57,243.53,239.08,235.24,230.73,223.29,215.15,208.19,202.08,191.01,180.94,170.01,160.03,148.27,136.47,123.18
74.43,83.35,88.01,97.02,107.52,115.25,121.82,133.38,139.71,149.97,159.21,164.98,172.45,180.56,186.64,196.42,199.02,209.04,216.02,225.22,232.22,243.33,249.88,256.83,261.28,267.32,271.71,270.80,273.00,267.85,268.08,266.11,259.33,257.96,251.81,249.34,244.48,238.21,234.79,230.56,225.61,219.28,210.61,205.53,197.59,187.54,179.61,168.24,156.42,146.16,133.79,121.26
74.71,82.22,88.64,96.67,108.76,117.10,127.10,138.41,144.20,151.05,159.53,167.48,175.14,180.85,187.95,195.92,202.97,211.12,221.47,225.57,233.36,244.71,252.79,257.99,264.85,270.98,276.73,274.24,274.59,274.36,272.88,267.69,264.80,264.91,260.07,256.00,250.46,244.26,240.63,237.98,232.81,225.89,217.95,211.15,205.09,194.49,187.00,176.03,164.12,153.72,140.12,126.02
75.61,86.15,92.70,101.86,108.63,119.07,126.49,138.13,143.59,154.73,159.82,170.48,175.35,182.32,187.58,198.56,201.56,213.22,220.44,225.74,233.11,243.28,250.14,258.05,263.11,269.02,273.91,272.00,275.79,271.09,270.05,264.09,260.32,259.80,256.83,252.51,246.89,240.03,237.74,234.57,229.69,220.48,215.72,208.94,202.25,190.44,181.96,171.74,160.45,152.11,137.93,122.56
78.01,86.93,91.29,101.08,110.77,118.66,123.66,138.92,145.25,152.59,161.53,167.59,174.89,180.43,188.77,197.80,203.22,210.00,217.47,225.18,234.83,244.93,250.20,257.77,262.43,267.15,271.62,270.80,273.59,270.60,268.96,265.20,260.32,257.56,254.92,250.73,246.48,239.84,236.55,231.31,227.20,223.45,213.33,207.33,203.04,191.73,182.00,172.35,158.75,149.16,138.20,122.41
76.94,86.35,94.07,103.37,107.91,119.05,125.71,140.66,145.28,156.20,161.97,170.29,179.30,182.02,189.64,199.25,205.36,213.38,220.69,228.11,235.42,245.78,250.60,259.56,263.82,270.30,273.24,272.37,275.14,272.47,270.71,266.01,261.70,262.62,255.56,253.55,247.95,242.84,238.03,234.27,229.71,222.05,215.06,207.62,202.71,190.59,165.11,169.05,92.97,143.41,140.46,125.13
77.47,84.86,94.26,103.32,109.42,118.19,125.22,140.36,145.50,156.72,162.94,171.29,180.62,182.18,191.09,198.83,205.97,215.23,222.66,226.38,235.60,245.46,253.16,258.32,265.37,271.27,275.28,272.66,276.63,274.24,271.18,266.03,263.33,264.52,257.40,252.40,248.13,243.30,237.12,235.59,229.92,221.38,215.11,209.57,202.24,190.59,165.19,167.87,94.37,144.25,139.28,125.04
75.01,84.15,89.14,96.15,108.37,113.65,121.04,133.87,140.06,147.96,159.66,164.35,172.47,178.64,188.17,195.33,203.03,208.60,218.55,223.11,233.53,241.76,248.96,257.24,261.98,267.66,270.49,272.05,272.62,269.61,267.73,262.77,258.41,256.22,254.59,250.32,242.60,239.59,233.54,229.33,224.08,219.83,207.94,205.53,197.00,187.49,178.62,167.69,157.29,145.43,135.20,120.27
74.09,85.00,89.16,96.88,107.42,115.16,120.50,135.35,139.98,150.40,158.62,165.61,173.18,179.25,187.67,195.56,201.73,209.12,216.93,224.80,233.81,243.52,249.32,257.02,260.93,266.84,270.42,270.01,272.80,268.54,268.21,263.49,256.78,256.22,252.98,249.45,242.40,237.70,235.27,230.85,225.14,219.20,209.51,205.24,197.77,186.89,178.75,166.88,156.54,146.41,133.79,121.85
75.01,84.69,89.11,98.41,105.17,116.48,121.61,134.41,142.00,151.82,158.67,167.29,175.00,180.14,187.62,195.80,204.80,212.91,220.33,227.02,234.14,244.18,252.05,259.41,263.01,268.15,274.83,270.01,274.18,270.76,270.60,263.93,258.52,259.62,254.88,251.87,247.10,238.21,236.92,230.41,226.43,218.01,212.19,206.81,198.34,187.30,178.13,168.67,158.15,148.27,133.72,120.88
74.97,84.60,90.61,99.16,107.00,115.11,124.02,136.97,142.00,152.43,159.03,168.22,175.91,180.18,187.24,195.62,204.36,214.37,222.03,225.38,234.96,243.18,250.53,257.78,263.60,270.39,273.65,271.65,273.31,273.59,270.11,266.01,259.26,260.23,255.49,250.57,243.99,240.38,235.94,233.42,228.04,218.05,213.22,207.35,200.55,188.82,179.07,167.36,159.67,148.22,135.09,120.67
78.00,86.16,90.69,100.24,109.18,116.90,125.71,138.64,145.53,151.95,164.40,169.53,175.87,183.14,193.00,197.44,205.29,212.87,221.55,229.44,239.17,247.19,255.31,261.86,266.09,272.18,275.19,274.97,276.88,274.24,273.79,268.78,265.98,260.58,259.02,253.16,248.81,244.70,238.85,234.56,228.35,223.65,213.55,207.97,201.56,190.54,183.25,170.99,160.20,148.95,136.69,122.98
75.82,85.00,90.93,98.06,108.78,117.46,122.65,135.15,143.13,152.04,160.88,166.40,176.28,182.16,189.71,197.19,202.63,210.60,219.01,227.53,236.13,244.63,252.05,259.77,264.05,270.70,274.21,270.84,272.15,269.31,270.20,265.41,260.11,257.89,253.14,250.38,244.23,238.66,235.54,230.22,225.64,217.87,210.34,205.16,197.44,186.17,178.39,168.01,156.26,145.91,133.30,121.59
79.31,86.21,94.92,101.61,111.61,119.54,125.06,139.28,145.91,155.68,162.61,169.07,176.08,181.82,189.45,198.93,203.80,213.35,219.70,226.11,236.14,242.43,249.16,257.18,263.96,267.99,272.68,271.05,273.34,270.90,270.11,264.97,259.05,258.24,253.34,250.71,245.08,241.05,237.32,232.69,228.83,219.83,213.46,205.12,201.81,190.69,180.16,170.42,160.85,150.00,137.38,123.97
79.31,89.99,97.65,104.40,112.27,121.20,128.58,143.01,149.82,158.67,166.43,172.75,180.21,186.17,193.33,201.61,207.41,215.98,223.83,232.00,243.13,247.29,256.13,261.77,268.64,274.20,278.50,278.51,278.10,274.82,274.00,269.39,265.38,263.83,260.63,256.28,250.93,245.23,240.56,235.97,233.17,225.53,218.22,212.19,206.65,193.51,186.46,175.82,164.45,155.33,140.09,126.61
72.20,81.54,89.56,96.08,103.46,111.61,117.80,131.55,138.10,146.24,153.26,162.25,170.14,173.42,179.69,190.18,195.06,204.44,210.30,217.10,224.45,232.07,241.93,247.68,252.39,260.20,264.07,260.86,263.03,259.86,256.91,252.64,248.78,248.56,244.66,241.12,233.26,229.27,227.15,221.07,216.46,209.85,202.99,196.65,190.23,180.28,172.01,159.77,151.01,142.56,129.03,115.85
73.33,80.96,87.69,94.89,103.16,110.45,118.47,130.60,136.31,145.00,153.73,160.33,168.05,172.26,180.83,188.28,194.44,201.82,210.10,216.39,225.49,233.45,239.76,247.08,254.06,256.04,262.08,260.16,261.08,258.50,256.85,253.65,246.71,247.35,242.92,239.01,233.40,228.47,224.15,221.53,215.78,210.00,201.60,197.80,190.67,178.47,171.13,161.01,151.33,140.43,128.80,115.26
72.73,81.01,87.64,95.13,102.45,110.57,116.11,132.03,138.45,146.49,152.97,161.21,168.24,172.41,178.73,188.28,194.49,203.71,212.28,214.39,226.90,234.44,241.22,247.14,250.46,258.03,262.55,260.11,261.60,259.08,257.29,252.64,249.74,249.63,245.08,240.24,233.08,229.09,225.40,221.38,215.87,208.93,202.99,199.58,191.45,178.35,172.41,160.00,151.79,141.01,128.14,114.98
70.34,94.81,86.82,96.75,114.76,109.84,120.43,132.31,135.77,144.36,152.07,159.97,167.89,173.28,182.78,190.12,195.48,201.02,212.61,215.76,224.29,235.42,242.00,248.20,253.12,257.96,260.76,260.95,262.55,258.95,257.33,255.07,246.55,249.06,242.05,237.70,235.84,229.27,225.08,219.34,217.41,212.14,203.21,197.61,190.39,180.25,173.35,161.91,150.81,139.46,129.99,116.81
79.40,89.84,95.90,103.45,113.28,121.60,129.85,143.57,148.01,157.20,167.20,173.07,181.73,185.17,193.00,200.85,209.68,216.09,225.04,230.57,239.58,247.72,256.32,263.39,268.00,270.82,277.67,276.06,278.18,274.39,272.00,268.51,262.97,265.21,259.42,255.00,247.32,243.90,239.21,236.88,231.05,225.32,215.50,211.02,203.36,194.08,185.28,174.47,164.11,153.21,139.30,124.79
79.03,89.05,95.48,103.79,111.16,122.53,129.03,141.35,147.00,157.17,164.20,172.86,180.58,184.01,193.85,199.99,207.56,217.08,224.80,230.24,237.66,248.34,254.19,262.15,266.90,274.36,277.86,274.47,277.03,275.26,274.80,267.90,263.70,263.89,257.39,255.36,248.92,244.46,239.30,236.19,232.11,224.88,217.71,210.38,204.04,192.31,184.68,175.70,164.25,153.18,138.22,126.91
80.16,89.49,95.27,102.73,113.16,122.05,129.25,140.89,148.48,155.43,166.86,171.94,178.73,186.51,191.32,202.08,205.30,212.71,219.94,229.84,238.52,245.70,254.95,261.84,264.48,270.08,273.66,273.13,274.42,269.74,271.68,266.60,262.82,260.28,255.41,253.56,247.63,242.79,237.93,231.42,227.38,222.83,214.71,208.17,201.02,192.67,183.29,173.00,161.05,150.07,138.22,125.06
77.83,90.60,94.83,105.22,109.66,117.99,126.67,142.58,148.27,157.85,161.48,172.24,179.81,183.10,191.32,200.81,206.41,216.91,223.26,228.71,236.60,245.35,252.23,259.86,264.68,271.09,277.08,270.23,275.91,271.12,269.74,263.25,261.01,263.01,254.80,253.25,245.35,239.93,237.66,231.31,228.98,217.83,215.72,206.90,201.56,188.96,179.78,170.56,162.81,150.33,135.67,123.17
77.62,89.04,93.17,101.83,113.16,121.66,127.06,140.80,146.54,154.80,165.86,172.70,179.04,187.00,195.00,203.65,210.49,219.02,224.04,232.42,240.42,251.43,258.12,266.07,271.41,276.62,278.00,277.76,281.03,276.24,277.84,269.48,263.78,263.01,258.90,257.42,248.43,245.46,239.41,236.03,231.57,225.62,214.66,209.61,201.40,192.38,182.46,171.83,160.85,150.33,136.82,122.25
81.27,92.09,95.63,105.76,115.43,123.23,131.10,144.62,150.24,160.46,170.06,176.24,183.41,188.09,196.95,204.12,211.05,218.66,227.04,233.82,244.31,250.64,258.56,265.32,271.05,276.63,278.99,279.01,277.95,276.35,276.49,271.31,266.00,265.59,261.20,257.48,250.94,246.55,241.67,237.86,232.50,226.14,218.19,211.95,206.12,194.46,186.51,174.80,164.76,152.86,141.21,126.65
77.06,85.44,92.20,97.94,108.93,118.04,123.97,137.91,144.09,151.60,162.79,167.87,174.81,181.95,189.18,197.88,205.12,211.01,218.68,224.88,234.65,243.00,251.45,257.96,263.55,267.74,270.91,270.01,269.70,268.48,266.74,262.39,256.63,256.53,252.69,248.17,241.03,237.01,232.62,228.53,222.28,218.25,209.15,204.69,198.02,186.14,178.87,166.77,157.32,144.64,133.81,120.65
76.84,86.13,92.02,102.18,109.81,116.61,124.65,140.25,147.14,154.90,163.13,171.45,180.01,183.86,190.07,197.95,206.23,215.78,223.89,227.07,235.77,242.59,254.68,260.34,263.55,271.11,276.01,273.63,274.64,272.81,267.61,263.14,258.94,260.42,256.87,251.05,244.92,238.91,236.21,232.44,226.05,218.06,212.20,207.18,197.74,187.81,180.68,167.72,159.18,147.73,132.24,119.55
80.00,89.55,94.76,103.74,112.70,123.00,129.87,142.00,147.41,155.47,163.44,169.59,179.61,184.74,191.76,199.88,207.18,217.28,222.73,227.08,237.20,247.24,253.33,261.09,264.46,268.65,275.52,271.74,274.47,271.31,269.16,264.57,259.14,259.15,254.96,249.16,245.12,240.47,235.67,231.61,226.87,218.18,211.78,206.85,200.20,189.50,181.07,170.07,161.06,148.82,135.59,122.58
74.55,83.82,89.50,98.01,104.69,114.48,121.25,136.06,141.60,150.73,156.28,165.11,171.75,177.12,185.22,192.96,198.32,207.47,215.86,219.74,229.00,236.76,243.26,249.74,254.57,261.70,264.01,261.37,262.84,261.09,259.23,254.26,249.20,247.94,244.13,240.88,235.48,230.67,226.32,222.04,217.80,210.15,202.62,197.25,191.64,179.39,170.00,161.30,152.80,142.89,126.48,115.17
76.56,83.55,92.11,99.08,107.42,115.28,122.16,136.68,143.22,151.99,157.65,166.87,173.63,178.97,183.48,190.70,198.60,207.54,215.67,220.04,227.71,235.68,246.07,251.37,255.00,263.34,267.32,264.49,266.18,265.51,262.18,257.53,253.87,254.91,249.65,246.13,239.70,233.00,230.69,227.55,222.81,215.54,210.45,204.95,198.31,184.01,177.92,165.46,158.40,146.09,132.38,119.02
77.99,86.65,94.05,103.87,111.76,120.42,126.32,142.56,145.00,157.19,164.05,174.39,182.10,185.00,193.83,200.09,207.79,218.60,224.72,230.22,239.28,248.27,254.68,261.05,268.57,272.41,277.19,272.80,275.05,274.39,272.80,265.93,260.74,261.63,257.16,251.02,244.25,239.72,236.52,233.21,227.17,217.59,212.46,205.50,198.09,186.82,178.13,166.41,158.52,147.71,134.08,119.89
78.23,88.23,94.20,104.45,111.31,119.68,128.13,142.86,149.66,157.65,164.83,174.64,182.54,186.60,195.26,201.93,210.76,219.58,228.02,229.84,240.36,250.17,255.52,263.09,267.86,274.65,279.16,275.11,277.67,274.59,272.24,267.30,262.50,262.48,257.29,252.62,246.76,239.75,237.40,233.42,227.26,219.54,214.13,207.58,200.14,188.66,177.54,167.80,159.76,148.49,133.96,121.61
80.02,92.35,97.75,106.79,115.00,123.76,132.14,145.40,151.99,159.18,168.24,175.57,182.86,189.68,196.56,202.16,210.60,219.37,226.42,229.16,240.17,249.33,255.52,262.35,266.75,272.90,277.16,273.94,275.03,274.63,270.50,266.27,260.17,260.92,256.53,253.07,246.68,242.99,237.41,234.18,228.27,220.10,214.46,208.27,201.76,190.92,182.33,171.29,162.01,151.92,137.01,123.85
79.51,89.99,94.87,103.23,114.02,123.15,129.10,143.13,148.66,157.00,167.04,172.26,178.10,187.13,196.86,202.55,208.78,215.37,223.32,232.48,240.25,248.78,255.05,263.43,267.33,271.45,275.97,274.22,274.34,272.12,271.00,265.14,262.45,258.50,254.38,251.15,245.54,239.73,233.82,230.85,225.11,219.64,211.08,205.88,199.25,186.04,178.62,168.40,156.89,145.42,134.61,119.75
79.81,89.45,92.61,106.79,111.89,123.00,127.66,142.43,151.43,159.40,166.05,171.99,182.99,188.11,193.99,202.88,208.00,219.92,226.24,229.81,239.75,247.40,255.55,261.23,267.09,272.15,275.43,273.10,276.40,271.45,271.01,264.62,259.37,260.25,254.72,250.86,244.52,237.84,235.34,230.77,225.08,218.49,209.80,204.09,197.65,186.21,177.72,167.00,157.20,146.35,133.46,119.36
81.99,92.10,94.24,104.81,113.51,120.74,128.97,141.22,147.34,159.38,168.44,173.76,180.75,187.92,193.66,203.07,212.00,217.22,227.11,232.42,241.81,248.78,258.03,263.93,268.90,273.98,276.44,274.43,277.89,273.20,272.52,266.19,260.73,258.04,254.95,251.11,244.74,237.74,236.64,229.44,223.90,217.89,208.41,204.57,196.89,185.71,180.05,166.09,157.92,144.26,133.82,119.34
83.74,94.59,99.62,108.76,118.53,129.63,137.91,151.16,155.01,166.21,175.07,183.58,190.70,196.62,206.31,212.87,221.38,229.24,235.54,243.99,251.79,260.64,267.81,276.85,280.73,283.99,289.36,286.22,288.50,284.43,282.43,276.33,270.56,269.47,263.92,261.72,254.89,248.21,245.12,241.01,232.81,226.50,219.18,211.22,205.01,192.44,185.72,173.65,162.36,152.27,138.97,124.74
82.73,93.96,101.83,110.28,118.70,129.44,137.20,150.55,157.00,165.75,177.43,183.08,191.85,196.50,204.83,211.93,219.67,228.57,234.08,242.24,251.21,260.07,267.27,274.55,278.35,283.94,288.51,285.24,286.68,281.43,280.41,275.54,269.25,268.00,263.41,258.95,252.52,246.01,244.81,239.35,233.07,224.96,218.16,211.01,202.48,192.60,184.29,173.18,161.61,151.48,138.19,123.48
86.70,98.11,102.30,113.60,122.59,134.24,141.42,154.55,160.56,168.66,179.01,185.99,195.04,199.86,206.23,216.40,223.89,230.08,238.50,244.35,253.87,262.39,270.85,274.87,282.29,287.14,290.50,287.12,290.13,287.31,283.20,278.84,274.59,273.03,267.15,262.50,257.30,250.42,247.01,242.84,236.75,231.29,222.79,217.08,211.68,198.91,190.83,177.34,167.36,157.84,143.96,128.57
85.15,96.77,100.12,109.11,118.23,129.50,135.33,150.31,157.21,164.73,174.43,180.88,187.88,193.79,202.18,209.46,214.93,223.39,231.62,237.99,247.20,255.41,262.23,268.02,274.65,277.91,282.45,280.03,282.65,277.65,275.00,271.16,268.78,263.15,259.02,255.22,251.59,245.60,240.44,236.78,231.04,224.66,216.49,211.70,204.98,193.35,185.60,173.08,163.52,151.61,139.70,124.28
83.49,93.06,98.60,107.91,119.04,126.18,136.01,148.08,156.05,166.09,177.00,182.28,191.32,198.00,203.57,211.15,219.49,226.79,233.64,241.75,250.05,259.24,265.80,272.15,276.52,284.48,282.49,284.89,285.00,280.86,279.29,274.42,267.80,266.36,263.41,258.86,251.67,246.22,240.92,237.51,230.84,224.10,214.97,208.15,200.86,191.93,184.39,171.29,160.18,148.39,136.93,122.49
82.15,92.76,97.16,107.04,117.92,126.65,135.18,148.95,156.73,164.00,174.65,180.83,187.07,194.47,202.18,210.44,218.52,225.55,233.21,239.27,248.82,258.25,264.46,269.61,274.82,278.36,281.78,282.19,281.19,278.20,279.80,271.07,267.23,264.64,261.23,256.46,249.61,243.90,239.42,234.39,227.61,224.11,215.06,208.81,201.46,191.00,180.71,169.78,159.51,148.79,135.09,121.61
82.07,90.62,97.01,106.89,116.82,124.54,132.00,148.06,153.81,163.44,173.01,181.10,187.00,193.13,201.59,209.35,217.37,223.44,231.53,237.97,247.81,256.53,262.43,268.17,274.85,277.79,280.64,281.64,282.12,277.40,277.08,269.32,265.19,261.96,259.15,255.45,246.68,242.07,238.21,234.96,227.90,222.72,212.28,207.04,199.92,188.92,180.68,167.19,158.15,149.16,135.03,121.26
82.30,91.21,98.18,108.60,115.74,125.00,133.15,148.22,156.17,164.88,173.97,182.02,189.53,193.46,200.41,210.06,217.31,224.76,233.35,237.19,247.29,256.72,263.43,269.90,275.05,279.29,283.44,279.95,281.45,278.21,276.32,270.54,265.24,263.47,262.03,254.10,247.89,242.84,238.83,233.96,227.18,222.41,211.01,207.96,200.81,190.39,180.47,168.81,158.64,147.41,135.86,121.81
87.20,97.35,106.74,115.21,123.31,133.84,142.56,158.15,164.92,176.01,182.44,191.06,199.38,202.12,211.68,219.69,227.69,236.68,244.09,247.40,256.89,266.02,275.33,277.78,284.56,290.29,294.48,289.25,291.29,290.34,285.30,279.09,276.59,274.69,270.49,265.48,258.60,252.42,248.02,244.24,239.59,231.15,225.23,219.15,212.43,198.92,191.17,177.79,170.70,157.95,144.93,127.91
79.91,91.24,98.15,107.52,115.84,123.17,132.74,148.01,155.08,165.05,173.31,180.29,187.54,193.04,200.41,208.63,214.45,224.93,231.80,236.66,245.80,253.56,260.28,268.22,272.59,279.03,281.33,276.44,277.62,275.07,271.93,266.02,260.82,260.77,256.59,249.65,244.18,239.57,234.25,230.60,224.27,217.19,209.46,205.29,198.15,185.80,175.84,166.24,156.32,146.82,132.06,118.85
87.66,99.30,104.01,115.41,126.85,138.45,142.56,156.55,167.26,173.57,184.40,191.17,197.70,205.60,213.58,221.84,228.37,234.92,242.12,249.74,258.77,267.62,274.53,281.77,286.70,289.91,294.38,291.55,293.97,289.56,287.56,282.60,277.83,274.08,269.71,266.06,261.17,253.87,251.29,244.62,238.82,233.08,223.18,218.23,212.21,200.10,191.38,180.07,169.20,157.62,144.22,129.40
48.10,50.45,57.28,58.25,66.48,74.20,77.32,90.21,97.13,105.10,112.90,118.42,123.91,131.47,134.37,145.80,151.60,161.64,166.43,174.52,184.39,192.34,195.21,205.45,209.03,210.44,213.66,213.38,213.40,205.12,206.40,200.01,195.04,193.37,181.18,180.31,176.82,171.40,169.03,159.26,160.08,152.00,145.25,140.24,133.45,124.91,118.70,110.07,102.62,91.39,87.28,79.40
83.02,94.02,98.31,108.85,118.07,129.03,136.03,150.37,157.81,166.44,176.78,184.72,192.20,196.15,204.88,212.84,221.42,228.71,236.46,241.66,249.21,259.08,266.12,273.54,276.90,282.85,285.85,281.60,283.05,280.24,277.42,270.82,265.67,265.17,260.77,256.97,247.10,243.73,238.30,234.88,228.19,220.48,214.25,206.52,199.72,188.22,179.03,170.85,158.47,149.64,135.92,121.26
87.69,97.99,106.23,116.71,124.47,134.11,144.93,157.42,165.47,175.31,183.99,192.59,201.93,203.04,211.09,220.30,228.25,235.37,245.66,249.11,258.03,266.37,274.85,279.30,285.45,290.76,294.39,290.69,289.38,288.74,284.11,277.65,275.05,272.83,269.60,264.12,256.42,251.55,246.73,243.29,236.52,228.47,221.58,216.67,211.15,197.59,190.41,176.16,167.43,154.74,142.43,126.49
77.10,86.41,94.07,102.42,108.66,118.13,127.09,140.94,147.41,156.92,160.91,172.47,177.54,180.90,187.49,196.33,201.63,210.62,215.86,220.18,229.92,235.27,243.73,249.10,250.97,259.05,262.69,255.92,258.63,257.45,250.89,247.23,244.64,244.00,238.60,234.65,229.44,222.17,219.43,214.39,211.98,201.54,197.77,193.57,186.55,174.04,167.71,154.57,148.19,140.91,123.42,112.79
81.25,92.66,100.18,110.45,120.15,127.32,137.53,154.16,160.26,171.29,179.51,189.17,196.08,198.12,209.12,218.22,224.01,234.27,241.68,245.55,254.83,264.37,270.84,279.36,282.46,288.76,292.03,286.57,288.85,286.01,281.04,275.57,269.52,270.12,264.76,261.02,251.25,245.67,243.66,235.03,231.42,222.91,216.09,211.02,203.18,189.45,181.11,169.33,161.05,149.00,136.69,120.93
83.22,95.71,99.85,109.13,122.58,130.00,138.36,152.46,160.86,170.18,181.00,187.68,196.41,201.54,209.90,216.39,224.44,231.49,240.87,246.61,254.85,263.71,271.49,280.00,281.63,287.85,287.39,288.88,288.77,286.44,284.01,274.47,270.71,267.35,262.46,259.28,250.45,246.40,242.62,238.32,229.00,223.99,216.72,209.02,200.86,189.79,182.78,169.10,157.75,149.91,137.44,122.98
84.43,95.08,100.30,109.99,121.43,131.24,139.61,154.93,161.47,172.41,181.00,188.32,195.69,201.22,209.81,218.08,227.71,234.03,241.10,246.99,256.91,267.54,272.99,281.02,282.97,289.25,291.02,289.61,289.95,286.40,284.04,278.30,271.90,272.64,267.32,261.09,254.42,250.07,244.47,237.99,232.36,227.65,219.32,213.47,205.00,193.66,182.89,172.74,162.96,151.33,138.80,124.10
85.96,96.51,103.25,114.13,123.07,134.62,141.72,155.76,162.61,171.19,183.52,189.01,195.33,201.34,209.30,218.32,224.72,230.01,240.85,247.01,254.95,262.06,270.02,277.97,282.89,284.29,288.12,287.17,287.00,284.89,282.55,275.86,272.33,269.36,264.98,260.28,254.81,250.45,244.77,238.41,234.18,229.87,220.05,213.70,207.16,196.39,188.67,176.40,166.68,155.05,141.15,128.08
78.77,100.65,102.00,113.53,108.89,125.67,137.23,151.74,160.12,165.77,177.08,184.02,190.54,196.76,205.06,213.33,218.63,228.76,235.69,242.07,250.67,259.31,265.01,273.25,276.63,282.07,284.57,279.69,282.46,277.98,274.39,270.12,266.61,264.25,260.19,251.45,248.65,240.76,234.96,230.59,225.85,218.83,208.92,207.09,198.64,185.61,177.63,167.29,156.54,147.33,132.14,121.24
83.68,92.23,98.79,110.68,119.44,130.05,138.23,150.28,160.25,169.58,177.49,184.39,192.67,197.95,206.12,216.21,222.00,230.08,235.38,241.91,251.10,258.56,264.28,269.90,276.52,280.22,282.09,277.71,278.79,272.62,270.35,264.71,260.02,258.31,252.04,248.67,241.98,236.28,232.62,225.08,220.49,214.83,206.04,202.42,193.33,182.57,174.10,162.93,154.25,143.27,131.10,118.96
84.72,95.44,100.69,111.20,124.34,132.61,140.80,155.21,163.08,173.28,182.91,189.79,196.76,203.42,212.70,221.00,225.57,232.86,241.85,247.88,256.70,266.09,272.52,278.15,282.31,285.54,287.57,284.97,284.94,281.95,279.03,271.07,266.56,262.71,257.39,253.12,246.79,242.40,237.17,231.04,225.14,220.17,211.80,203.48,197.41,188.05,177.89,167.04,159.00,146.24,133.56,120.30
84.88,97.10,101.98,109.33,123.49,131.03,142.62,153.79,162.11,172.04,182.22,189.17,194.59,203.73,210.87,219.66,226.50,234.46,243.08,247.19,258.19,267.86,272.92,278.77,283.56,285.80,287.57,286.38,285.56,281.05,278.13,272.24,267.98,264.17,259.09,253.67,248.21,243.07,237.55,233.02,224.85,219.61,210.64,206.18,198.09,186.81,179.11,166.74,156.95,145.91,132.92,120.07
82.57,92.01,98.79,107.28,119.08,127.91,136.47,151.60,157.17,167.72,177.49,184.25,191.37,197.72,202.77,214.34,220.77,226.92,234.03,240.85,248.20,258.99,264.85,270.15,273.28,277.11,278.63,277.70,276.52,272.92,271.33,265.82,258.12,254.42,250.60,246.56,240.22,236.40,231.02,226.24,220.77,215.10,204.85,201.00,194.81,181.22,174.24,165.44,153.73,143.41,132.74,118.09
81.61,92.20,100.21,109.20,119.34,129.24,138.54,154.54,160.08,171.74,179.61,190.21,196.09,200.30,209.34,215.56,224.21,233.75,239.97,243.03,252.44,261.14,267.13,272.93,277.41,282.80,286.04,280.51,281.26,276.88,272.44,266.24,259.37,259.05,254.57,248.87,242.89,237.74,232.38,228.73,224.02,214.97,208.40,203.30,193.33,182.32,173.54,164.07,153.94,145.42,130.29,116.66
78.09,89.07,95.52,102.96,114.53,122.38,131.13,146.71,153.17,162.69,172.89,179.45,187.04,191.13,199.81,206.34,214.85,221.92,229.02,232.54,241.20,249.19,255.48,262.41,266.05,268.82,270.65,268.41,269.27,265.63,262.57,255.69,249.78,248.89,244.93,240.63,232.47,227.79,223.33,219.39,214.59,207.51,199.28,194.93,186.63,176.01,168.55,159.08,149.58,139.01,127.62,113.56
80.99,90.55,98.66,107.45,118.07,127.63,133.96,150.90,157.81,167.49,176.92,186.25,193.22,199.25,207.24,212.08,219.57,230.01,236.08,240.07,248.42,256.58,264.00,269.71,272.12,276.74,279.18,275.44,275.80,273.19,269.22,261.93,257.40,254.06,250.46,247.32,238.30,233.17,230.54,225.02,218.05,211.85,204.55,199.27,190.16,181.14,170.29,160.12,147.67,162.54,124.58,114.59
80.01,88.96,98.49,106.61,115.45,124.46,134.11,150.57,157.62,168.15,175.50,185.52,193.00,197.80,206.01,212.14,220.05,228.69,236.24,239.15,248.47,255.67,263.95,269.13,272.98,277.26,278.74,275.41,274.49,274.15,266.87,263.50,256.33,255.14,252.68,246.95,237.40,233.86,229.26,223.90,218.66,211.55,203.80,199.92,191.00,179.07,172.53,159.86,152.32,141.03,128.80,115.26
80.53,89.45,95.51,107.06,115.41,124.49,134.20,152.32,157.71,167.53,177.26,185.15,193.87,196.04,205.87,213.65,219.13,227.74,234.69,240.31,249.21,257.10,262.76,269.63,273.77,278.36,278.65,275.62,273.77,271.31,268.69,263.19,256.96,254.59,250.89,244.97,238.42,234.08,229.09,222.19,218.28,211.08,203.22,197.96,190.21,179.69,172.24,160.45,152.16,141.48,128.55,117.04
77.18,86.84,91.21,99.98,112.87,121.51,128.41,143.38,150.57,159.39,171.47,175.09,183.96,190.59,198.54,204.98,210.54,217.30,226.26,229.39,239.85,246.53,251.75,258.12,262.25,264.71,268.33,264.97,264.37,260.77,256.63,254.57,246.45,245.13,239.48,235.67,229.10,225.14,220.33,214.89,209.27,206.70,195.73,190.76,184.39,175.31,168.67,156.73,147.43,137.20,124.79,112.27
82.86,92.20,100.90,109.22,119.62,128.76,137.74,153.38,160.18,172.73,181.65,189.10,199.22,201.82,210.42,219.78,224.01,235.05,242.99,246.61,255.43,263.41,269.71,276.55,280.81,284.75,288.40,282.42,283.65,279.87,275.15,269.71,262.38,261.86,257.64,252.99,243.61,239.11,234.80,230.67,224.74,217.80,211.44,205.73,196.16,185.43,177.59,167.03,158.15,148.14,132.97,120.55
83.29,93.01,99.62,108.17,120.30,131.64,138.71,154.29,161.94,172.63,184.76,189.55,197.25,205.78,216.19,223.65,229.32,236.50,245.69,251.07,260.71,269.13,272.04,280.32,286.40,287.56,289.69,288.18,290.76,282.12,281.58,275.07,268.34,264.48,259.48,257.00,249.24,244.79,240.41,233.57,228.27,221.58,212.95,206.90,199.65,188.90,181.34,170.50,159.20,147.61,135.48,122.33
79.43,89.69,99.90,108.27,117.02,127.49,134.27,153.38,159.08,171.45,180.01,188.83,197.22,200.36,209.67,218.76,226.98,234.30,243.02,246.20,256.02,263.29,271.49,276.59,281.00,285.46,289.31,285.35,283.99,281.58,276.13,271.80,265.33,265.84,260.62,255.70,248.16,242.50,239.74,234.55,230.06,220.19,213.55,206.24,199.65,188.96,179.81,169.20,161.11,148.85,135.37,121.02
82.22,91.39,98.60,106.17,116.10,126.15,136.47,153.68,160.85,172.05,179.94,189.50,198.31,202.41,211.09,217.08,225.88,234.08,242.54,246.17,256.73,263.60,271.56,276.48,280.77,288.03,291.30,286.48,286.42,284.76,277.12,273.13,266.69,265.85,260.72,258.09,249.61,242.74,239.71,235.93,229.92,220.18,216.95,207.27,201.31,190.67,181.91,169.61,162.27,149.89,137.13,120.93
79.32,89.40,98.35,107.02,115.17,126.04,134.27,152.00,158.45,169.26,178.83,187.39,196.37,202.30,209.90,217.09,225.38,234.54,243.02,244.36,255.34,260.98,269.71,275.01,279.69,286.27,288.32,284.20,285.30,281.15,276.89,271.71,266.37,264.23,260.76,255.42,246.81,242.16,238.47,234.01,226.81,219.01,213.71,209.75,200.73,187.64,181.29,168.59,158.27,147.80,135.33,121.04
80.65,90.05,95.63,106.67,116.21,126.65,134.01,151.48,157.75,170.10,181.00,185.78,196.33,202.55,210.84,219.17,223.32,232.66,241.05,248.07,255.74,263.83,269.03,277.28,280.96,285.16,288.42,286.02,286.92,281.58,278.78,274.85,267.82,262.88,258.71,255.50,248.81,245.16,239.88,232.69,229.90,221.81,213.83,207.08,201.21,188.31,180.42,171.17,160.03,149.48,135.53,123.84
80.65,88.57,94.02,103.41,118.13,126.44,134.46,150.69,159.80,168.15,181.37,186.68,194.02,202.08,211.62,217.83,226.13,232.23,242.14,246.45,257.01,264.05,270.04,277.72,283.32,285.48,287.17,287.12,286.80,284.40,282.63,274.00,269.07,265.71,262.00,257.40,250.12,244.84,240.60,236.19,229.67,224.38,215.52,207.80,202.04,190.07,185.30,171.71,161.21,148.49,137.44,122.98
77.67,86.82,94.73,105.32,112.07,121.76,131.70,149.00,157.21,167.37,175.10,184.02,194.08,198.60,204.36,215.14,220.20,232.90,237.14,244.25,252.41,262.80,266.92,275.01,278.61,286.22,288.43,282.04,285.87,281.02,277.35,272.25,267.59,264.91,259.82,255.44,248.70,244.73,240.43,234.83,228.69,220.05,215.23,210.11,202.48,191.48,181.29,170.39,161.38,149.94,136.47,122.78
76.22,84.10,90.47,100.42,110.57,119.51,127.35,145.66,152.78,163.25,175.48,182.63,190.39,199.10,205.78,216.94,219.92,230.31,237.31,246.11,256.70,263.71,270.73,278.04,282.82,285.18,291.62,289.11,292.02,288.03,288.06,280.19,275.57,271.53,268.50,264.25,258.77,255.44,249.71,245.90,239.43,233.57,224.96,217.82,212.05,198.43,190.42,180.80,168.43,157.17,142.86,130.00
78.89,77.08,89.20,100.04,100.46,124.08,128.47,143.78,152.12,164.76,175.76,182.33,190.63,197.06,205.55,212.21,218.93,227.90,236.80,241.85,250.25,258.21,265.00,273.93,277.65,281.81,284.89,283.18,283.75,279.47,277.85,271.75,269.45,266.05,259.79,255.63,252.00,246.91,239.38,234.01,230.02,225.86,215.06,212.00,203.35,191.97,184.45,172.80,162.59,150.92,138.44,125.43
68.25,76.85,83.63,91.76,99.01,108.78,117.00,133.15,142.00,150.55,159.20,166.97,176.65,180.10,188.56,195.41,201.21,210.34,219.28,222.89,230.53,238.38,244.59,250.88,254.45,260.00,264.43,261.28,262.19,258.75,256.73,252.36,247.07,247.35,241.63,237.84,233.08,227.11,224.36,220.91,216.45,206.63,202.39,197.99,189.62,178.53,171.98,160.82,153.32,142.44,128.44,117.72
132.38,145.12,152.43,161.34,168.32,174.43,178.21,185.28,186.05,191.64,193.66,197.68,199.42,202.43,205.68,210.29,216.67,221.01,227.86,231.77,245.37,249.78,257.74,262.84,265.04,271.60,272.00,267.38,264.32,257.82,251.00,245.33,231.61,225.54,218.79,211.15,203.36,193.05,185.46,181.60,174.14,163.01,156.60,146.81,140.86,124.91,117.02,108.24,102.63,94.37,84.69,76.24
127.88,142.95,150.42,159.71,166.87,176.71,178.27,184.84,187.52,193.04,194.28,198.44,202.57,204.84,207.17,212.85,219.02,225.68,231.95,237.07,247.25,252.34,261.84,268.67,271.15,274.59,278.48,269.82,269.52,259.51,253.80,244.70,231.08,225.66,214.67,207.12,198.34,189.93,181.95,174.81,169.84,157.16,151.92,140.93,135.06,117.69,109.29,101.21,96.84,89.68,80.53,71.84
132.77,148.49,153.83,164.76,172.46,182.63,184.20,191.64,189.42,196.60,200.66,202.23,204.75,210.62,214.90,216.62,224.18,229.16,237.06,242.42,252.01,258.79,265.05,273.85,277.12,282.31,280.85,277.22,272.87,266.44,259.62,252.00,238.55,234.36,221.56,218.06,209.66,201.81,190.59,183.12,177.91,168.34,158.40,150.71,140.80,128.28,119.97,111.07,102.04,93.62,87.00,77.47
119.37,131.80,137.88,148.01,154.78,163.53,165.50,169.92,171.27,177.56,180.54,181.73,185.88,189.43,192.34,195.66,199.72,207.39,213.97,219.15,229.87,234.10,241.51,246.59,249.69,254.10,254.12,250.51,249.15,242.55,237.15,229.49,218.40,211.38,201.43,196.60,189.71,181.79,174.96,167.86,160.10,152.01,143.40,134.83,129.03,115.43,106.83,97.53,92.27,84.58,77.79,70.77
125.87,138.71,145.91,156.00,162.96,170.43,176.48,180.28,181.02,188.15,191.02,195.02,198.57,202.31,205.41,209.38,217.70,223.24,229.90,235.79,244.56,253.24,261.77,265.41,270.07,277.48,275.41,272.03,265.37,260.39,253.29,245.54,230.17,226.34,212.62,205.93,194.31,187.97,175.82,171.19,164.20,153.47,143.67,134.54,126.40,114.35,107.02,97.67,92.66,84.34,75.71,70.46
123.15,138.46,144.93,156.47,161.76,169.06,172.97,176.98,180.55,185.39,189.01,191.65,194.28,198.92,201.16,206.16,211.68,214.98,223.71,229.97,241.05,244.08,251.56,257.51,260.20,266.10,267.93,260.02,256.86,250.11,242.59,234.80,222.40,216.60,203.89,198.01,191.67,183.86,174.26,165.95,160.64,150.65,144.54,136.00,128.70,113.77,108.05,100.62,94.05,89.00,75.33,70.60
126.91,142.23,148.34,160.33,164.54,173.67,177.72,185.81,185.40,193.42,193.75,198.71,202.56,205.92,208.41,214.05,219.92,226.12,232.26,236.61,248.02,256.87,264.32,267.35,273.27,277.54,279.96,270.93,269.65,260.74,253.50,246.87,232.65,227.85,217.10,209.42,198.24,190.12,182.10,175.76,170.84,155.57,153.00,141.99,136.82,121.66,114.28,105.08,100.12,92.11,82.22,73.82
128.70,143.54,151.01,161.55,169.12,178.90,181.46,187.56,189.59,195.07,198.13,203.53,204.82,207.24,211.48,215.15,223.11,229.98,237.70,240.09,251.70,258.94,269.14,274.59,275.81,281.52,282.93,276.85,274.36,267.90,258.66,250.38,237.63,232.82,222.01,212.36,202.27,195.41,186.80,180.71,174.23,161.64,156.01,145.42,137.64,123.56,115.49,106.78,103.37,95.75,82.76,76.66
121.49,132.00,137.03,146.69,160.42,168.67,168.57,172.70,179.05,181.20,185.80,189.00,191.69,195.78,196.92,204.01,211.81,218.22,222.32,227.04,236.17,243.00,253.00,257.47,261.44,265.20,267.69,259.79,261.84,251.29,242.61,238.21,225.02,218.60,207.16,200.69,191.26,182.88,175.60,167.86,165.06,154.30,150.22,138.09,134.24,121.74,112.04,106.62,100.42,92.11,75.54,71.69
122.33,143.41,148.79,158.94,169.96,175.82,176.47,183.37,184.69,192.59,193.61,198.65,201.95,206.42,206.63,215.41,219.83,227.50,235.47,239.94,253.57,259.68,268.74,275.05,279.25,285.45,287.90,281.35,280.52,275.14,267.16,257.15,247.61,240.47,234.34,223.44,214.41,207.94,202.65,190.65,186.27,175.65,167.28,159.13,149.78,137.91,130.29,121.50,115.39,105.12,93.41,84.85
116.69,131.50,134.46,146.33,154.04,164.60,166.17,170.04,171.66,177.16,182.61,182.63,187.39,193.15,195.87,200.55,207.20,213.57,218.24,221.27,232.16,240.30,247.81,256.63,261.01,262.29,264.20,259.79,256.10,248.96,246.66,237.00,224.15,217.19,210.04,203.16,196.39,188.32,181.47,172.31,167.53,160.53,150.05,141.61,136.03,124.62,118.09,109.77,102.30,94.58,85.62,77.16
115.55,129.19,135.59,145.00,153.59,162.79,165.59,170.75,171.42,177.75,180.92,183.44,188.02,193.94,198.20,200.02,207.17,211.85,217.59,225.08,233.99,241.55,250.45,257.48,262.53,263.95,266.06,263.60,259.68,253.33,248.17,240.42,228.37,220.13,213.04,207.55,199.84,191.86,183.70,175.86,170.79,162.00,152.86,146.00,138.71,126.12,122.11,112.00,105.08,96.42,89.55,79.20
114.21,126.66,135.00,141.66,150.44,160.61,161.60,168.67,169.52,175.41,180.43,183.53,186.03,191.38,194.13,201.11,208.61,214.65,223.66,226.91,236.12,247.89,256.13,261.77,265.33,270.78,273.03,269.01,265.80,264.00,255.62,246.87,236.60,234.61,225.69,219.27,212.26,204.16,194.24,191.34,184.07,175.25,168.27,157.78,149.68,137.09,130.30,122.15,114.74,107.20,96.54,86.84
110.60,123.33,127.77,139.03,146.82,155.59,158.23,161.61,162.80,171.14,175.41,177.48,182.36,187.72,193.05,195.79,203.01,207.78,216.36,222.70,232.78,240.68,249.93,255.43,261.23,261.49,265.24,264.76,260.65,252.64,249.87,242.99,231.23,223.50,216.92,210.15,204.88,197.61,188.73,181.28,175.07,168.62,161.20,151.82,146.48,134.10,126.19,115.69,109.62,100.18,92.35,85.07
109.07,121.67,127.48,139.18,144.17,154.55,155.62,161.37,162.61,170.18,173.36,175.80,180.60,186.70,189.62,194.74,200.02,207.96,215.02,222.04,230.95,242.39,247.94,256.43,261.31,265.05,268.13,264.55,264.08,255.44,253.53,246.91,237.03,231.28,221.82,217.56,212.49,205.64,196.94,192.32,185.10,178.16,170.32,161.40,154.95,144.25,136.82,126.78,119.10,109.55,98.41,90.14
110.04,124.79,130.82,140.12,146.17,155.94,157.41,163.75,165.11,169.59,176.01,179.03,184.38,188.13,192.85,197.29,203.77,210.95,220.20,225.00,236.91,246.09,254.53,261.54,266.02,272.33,273.63,272.05,269.42,262.67,260.77,253.65,243.53,240.35,228.56,225.06,219.23,211.15,203.07,198.44,192.20,181.65,177.05,169.10,161.70,149.69,142.23,131.73,122.64,113.46,104.12,93.54
113.23,122.58,131.31,138.71,146.22,151.58,153.88,156.46,159.14,165.42,172.53,173.10,178.54,182.33,190.08,192.34,200.36,206.64,215.20,223.13,234.65,242.10,251.87,260.56,268.56,270.77,275.73,272.62,270.43,264.33,263.22,254.72,244.72,239.83,232.26,226.53,221.90,216.45,207.82,199.22,193.44,187.41,178.39,170.30,164.19,153.44,145.40,135.01,126.57,119.10,108.81,99.85
106.10,120.10,125.42,133.18,142.87,151.60,153.06,160.90,161.47,165.89,172.28,173.54,178.97,184.39,188.77,192.85,199.11,206.78,215.08,221.58,232.25,240.07,251.29,257.24,266.08,270.51,272.41,268.90,272.73,265.93,264.85,256.04,246.40,242.74,235.51,230.52,225.63,218.91,211.97,203.00,200.52,192.96,185.71,176.92,170.29,159.40,153.29,143.14,136.19,125.42,116.18,104.92
64.66,71.20,77.28,85.23,90.43,98.98,107.00,124.63,131.19,143.84,152.40,163.23,172.90,177.67,187.72,194.31,203.77,212.80,220.29,224.21,231.73,239.45,245.90,253.67,257.00,263.23,268.04,264.33,266.87,267.11,264.97,259.93,257.56,259.79,256.55,252.80,247.99,244.10,240.17,237.26,233.94,225.74,220.05,213.33,208.06,198.20,191.65,180.92,172.24,160.45,146.44,131.55
68.82,75.93,80.89,88.19,97.00,106.62,114.35,129.00,138.29,150.78,164.37,170.99,180.09,189.93,198.81,207.63,216.02,221.38,230.05,237.02,247.07,254.57,262.65,269.90,273.25,277.85,284.53,282.90,285.77,281.62,281.13,277.74,275.07,274.08,269.49,269.44,265.32,260.86,256.32,251.32,246.97,242.76,234.35,225.32,221.38,213.84,205.00,192.90,182.33,170.86,156.92,141.23
73.68,85.15,88.84,96.88,101.71,110.98,120.93,137.48,143.01,156.54,163.53,173.28,182.44,186.60,196.29,204.02,213.40,221.54,226.28,231.66,240.17,247.40,252.98,260.28,264.12,270.29,275.07,270.05,274.14,270.39,268.63,264.05,260.02,264.39,257.49,257.20,252.03,251.02,245.60,241.85,239.58,230.34,225.18,219.64,214.72,204.98,197.21,186.72,179.01,168.08,152.00,137.08
72.44,78.71,87.69,95.75,102.49,109.44,120.44,137.32,144.84,156.42,162.82,173.31,182.13,187.26,194.02,204.12,211.68,219.49,226.35,231.25,239.10,247.19,254.70,260.31,266.33,269.67,276.83,270.68,274.17,272.77,269.61,266.10,264.11,264.88,260.28,257.85,254.43,252.26,247.94,245.05,242.17,233.53,229.89,225.08,218.15,209.68,201.23,190.13,179.63,168.67,155.22,138.51
72.95,80.52,86.70,94.37,103.32,112.77,117.69,134.26,142.61,153.45,164.21,170.24,179.00,184.84,194.67,202.79,208.93,217.04,223.66,230.76,239.08,246.84,254.33,259.59,263.18,267.53,273.18,271.55,274.06,270.65,270.84,265.15,267.05,265.14,262.39,258.37,254.47,253.84,247.35,247.65,243.29,237.15,230.67,225.14,222.00,211.37,203.84,193.37,182.66,171.12,157.18,143.13
103.31,115.69,123.17,130.08,139.59,147.34,151.24,155.03,157.28,161.64,165.08,166.24,169.00,173.48,176.78,181.22,186.43,193.66,199.40,207.54,219.97,229.42,237.59,246.42,254.17,254.57,259.45,261.85,262.23,256.82,251.81,249.90,240.67,238.03,232.64,225.61,221.82,216.58,207.85,203.86,196.94,192.15,185.65,179.21,171.59,163.87,157.14,146.74,137.03,127.39,118.11,106.89
59.68,65.00,73.01,79.71,82.22,89.19,96.21,114.07,122.65,133.69,138.64,148.22,155.98,162.29,171.33,179.78,187.13,196.45,200.88,207.42,215.19,223.22,229.65,236.92,239.37,243.35,252.39,249.01,251.73,250.00,251.45,246.02,248.62,249.26,248.72,244.70,240.75,239.01,237.08,234.61,233.26,223.14,222.04,218.30,212.93,203.12,197.31,185.40,176.79,165.98,151.48,137.20
57.78,65.76,74.46,80.01,87.09,94.26,102.88,116.71,125.54,136.36,142.80,154.05,161.31,165.89,172.80,180.36,189.04,195.33,204.96,206.53,214.93,221.82,227.71,236.24,238.88,242.84,249.15,248.94,251.00,249.10,248.08,245.52,245.72,249.06,246.17,246.56,242.00,240.35,237.30,239.18,233.86,226.82,223.89,218.34,214.95,208.13,198.71,188.53,179.40,168.57,155.33,139.20
62.29,73.35,78.52,86.68,91.83,103.46,108.67,121.25,133.00,140.94,152.74,158.68,167.26,176.78,183.83,192.40,197.12,204.71,211.30,216.69,224.14,232.44,236.24,243.96,245.84,249.37,256.22,254.42,257.98,254.61,257.12,254.57,253.31,254.02,249.02,251.29,249.57,249.21,246.76,241.30,242.50,236.89,232.12,227.27,222.43,214.72,209.07,197.99,187.80,173.44,159.25,144.81
64.35,73.01,80.78,86.47,94.85,103.24,109.17,125.72,134.46,145.34,154.69,161.70,172.24,177.37,185.31,194.10,199.10,205.18,212.81,218.60,226.01,232.94,238.73,243.99,247.24,250.46,257.16,255.77,256.42,255.78,255.92,253.55,252.44,254.70,251.33,249.93,246.52,247.20,242.99,240.03,240.92,233.32,228.54,224.01,219.54,212.25,204.50,195.43,183.46,172.68,158.49,143.27
70.09,78.43,83.02,91.42,99.36,109.08,114.48,129.08,138.95,148.19,157.41,165.15,175.33,181.64,188.00,195.36,203.63,209.94,216.94,218.34,225.55,234.94,239.71,246.88,248.93,252.94,256.38,255.67,256.43,255.27,255.00,251.86,250.70,250.20,248.24,246.72,246.20,243.58,240.51,237.99,236.40,230.22,224.72,218.96,214.89,207.04,200.08,190.79,181.22,167.19,156.97,141.23
71.69,79.40,89.84,95.02,101.59,111.61,119.62,133.00,139.28,153.10,157.38,171.40,175.51,183.32,189.08,196.60,205.41,213.77,221.33,223.40,227.50,236.52,242.42,248.85,253.03,254.66,258.31,254.52,257.47,257.12,256.12,248.85,247.49,251.86,248.34,244.46,240.80,240.42,237.19,236.17,233.32,225.21,221.77,216.34,210.24,202.47,195.42,187.09,176.64,165.02,150.99,135.68
73.11,76.58,93.21,94.76,102.42,109.22,117.48,135.24,142.94,155.08,158.80,170.00,175.09,180.35,186.45,193.09,201.42,208.41,215.64,217.06,223.30,232.28,239.95,242.16,244.30,247.65,252.10,247.50,249.02,248.36,244.13,240.26,237.35,241.60,236.24,233.17,230.17,227.61,224.24,223.24,220.24,213.24,209.57,204.89,199.81,191.44,185.41,176.24,165.95,154.43,143.84,128.41
76.84,84.34,91.98,100.21,108.05,117.55,123.00,136.24,143.14,152.64,161.01,170.48,176.88,183.27,189.28,197.21,203.40,209.98,216.00,216.93,224.72,233.69,238.00,242.62,245.20,252.07,253.16,249.24,252.16,250.80,251.75,245.03,244.29,244.76,240.68,238.44,237.67,235.48,232.91,229.01,226.59,222.19,215.11,212.53,206.52,200.36,192.17,183.29,173.25,162.54,150.47,136.74
118.60,131.14,142.64,151.20,157.65,166.19,172.98,176.26,179.45,181.40,182.43,185.27,184.81,188.04,190.42,197.03,197.09,204.71,212.85,215.63,224.29,233.45,240.24,248.20,250.48,253.50,255.36,251.07,250.89,246.79,242.03,235.17,224.15,222.81,213.22,206.37,200.42,191.21,186.45,180.31,176.18,165.92,159.71,153.57,147.63,133.96,128.08,119.36,111.83,102.39,93.39,84.81
121.46,135.28,145.84,157.08,161.92,170.18,177.00,182.72,183.37,185.31,186.20,186.56,187.60,190.71,190.41,192.63,198.92,203.30,207.13,214.37,220.95,230.33,237.17,241.25,248.82,251.64,253.44,245.86,247.39,240.30,233.81,229.63,214.39,214.22,206.32,202.43,191.94,186.81,178.85,173.42,169.10,162.05,157.81,149.68,145.25,133.21,127.14,119.02,112.31,102.59,91.08,82.30
68.88,77.94,76.40,85.38,92.07,110.94,119.67,129.39,137.36,142.64,152.55,158.14,166.24,172.41,176.40,185.21,190.91,195.66,200.88,201.84,207.39,214.44,219.04,222.25,222.43,225.59,226.81,226.50,229.40,229.01,231.11,226.76,227.20,229.94,226.14,226.15,223.04,220.74,218.22,217.17,217.34,216.69,211.54,204.36,200.77,194.81,190.59,184.25,170.66,161.99,152.04,136.96
79.01,88.39,95.52,100.65,107.30,115.13,122.80,133.66,139.36,145.50,153.81,162.75,167.37,172.57,176.62,182.00,185.80,191.84,196.74,194.18,196.43,198.44,202.25,201.68,203.08,207.08,202.94,200.94,204.36,198.46,202.62,197.09,196.09,201.20,195.50,193.89,195.06,192.32,192.02,193.58,195.41,193.35,183.85,184.32,182.21,175.33,172.10,165.71,158.45,150.28,137.30,125.71
112.27,125.32,137.32,147.80,153.94,161.12,167.69,172.54,176.01,180.71,180.07,185.44,189.00,190.37,193.78,199.37,205.00,211.74,217.57,222.07,231.60,241.07,246.68,255.07,258.14,265.66,266.03,262.69,259.49,253.97,246.89,239.85,229.17,225.84,218.90,209.35,202.00,201.11,192.76,187.72,183.29,175.29,170.06,162.29,156.49,145.03,140.13,127.61,124.56,113.36,103.58,91.81
87.37,93.56,97.98,106.02,113.23,122.12,127.19,135.42,140.91,145.21,151.03,157.28,163.64,166.07,170.49,174.11,176.03,181.43,182.26,185.00,187.26,190.06,191.08,194.83,196.16,197.80,198.31,194.83,195.51,191.69,189.90,188.69,194.54,194.98,193.61,193.55,193.49,190.63,191.43,190.97,189.53,189.49,187.07,187.95,185.28,182.48,176.92,167.84,159.45,148.66,141.17,127.91
95.80,107.42,115.97,125.67,134.71,143.14,149.26,157.54,163.48,168.81,177.72,182.08,184.49,187.07,191.85,197.25,200.57,208.12,210.44,215.96,219.92,225.68,230.42,235.77,236.86,236.41,228.12,177.03,161.38,162.69,157.51,156.20,154.74,155.86,152.43,150.23,145.10,144.52,145.91,144.50,138.32,133.66,131.55,123.69,119.87,108.19,106.10,101.87,90.09,83.24,77.20,71.87
58.14,68.26,73.68,77.10,82.97,89.94,89.40,99.14,102.62,110.44,119.40,126.53,130.31,136.57,138.71,147.73,147.87,153.18,155.76,159.29,165.66,166.24,165.08,168.60,171.60,171.41,172.45,170.14,172.07,170.99,172.54,167.45,167.09,169.61,165.95,166.43,167.55,167.36,169.61,163.23,165.68,167.34,162.66,163.69,161.70,162.80,158.81,152.74,147.46,140.00,129.29,118.21
117.21,130.74,142.27,147.96,158.40,167.84,170.66,178.28,180.45,183.92,186.81,189.87,192.04,192.59,196.82,200.17,202.20,209.35,215.02,222.00,227.67,239.84,246.64,251.73,258.63,261.08,265.41,267.02,261.89,257.66,256.91,249.21,243.07,239.77,234.29,234.96,223.65,219.99,215.75,209.23,206.83,204.71,194.28,183.92,184.45,171.05,163.41,157.38,148.53,135.83,124.60,115.26
120.07,134.54,144.78,154.21,163.25,171.29,176.65,183.81,184.30,188.66,194.24,193.51,197.47,198.95,204.16,204.94,210.77,216.49,221.24,228.04,237.20,248.07,254.56,261.47,268.97,272.18,274.30,278.65,275.12,269.45,265.59,261.86,255.18,253.44,245.17,241.60,233.21,229.83,225.50,219.00,214.11,213.58,205.06,197.03,190.00,180.00,170.58,161.62,151.08,135.20,124.62,113.32
114.98,128.23,140.46,148.95,156.73,166.53,169.14,177.34,179.97,182.83,185.35,189.24,190.25,190.44,191.95,197.75,203.15,209.77,214.44,220.38,229.40,240.57,249.59,253.27,259.23,269.92,273.12,272.81,271.43,271.53,267.87,261.91,255.03,256.04,248.71,239.25,234.52,226.52,224.29,217.70,212.72,209.42,197.10,194.61,189.07,179.91,165.80,160.01,151.16,136.49,126.29,115.28
114.59,127.39,137.03,147.05,156.03,164.47,168.29,173.22,176.50,177.50,181.11,182.00,182.04,186.34,187.88,191.94,197.25,201.78,211.62,221.08,233.94,246.00,253.81,267.40,277.22,282.82,292.62,291.25,292.12,288.88,283.11,271.45,257.95,254.47,246.71,241.10,237.81,228.43,225.51,218.76,216.34,212.20,205.41,197.29,190.97,185.87,176.23,165.49,156.17,145.72,135.09,122.20
107.80,122.38,128.79,138.68,148.48,156.39,158.11,165.85,168.07,171.14,173.18,175.51,177.69,177.72,181.91,187.11,192.10,199.08,207.78,215.13,229.58,240.10,248.24,261.54,270.19,275.41,279.01,277.06,275.54,269.60,267.51,251.07,244.70,242.33,235.00,230.85,227.14,224.15,221.12,211.29,209.77,203.81,198.22,193.93,189.21,181.07,171.57,164.62,153.67,142.37,133.15,121.04
104.00,117.62,128.55,134.63,140.58,151.60,155.08,160.08,161.99,165.42,160.38,157.89,159.53,163.08,165.10,168.76,168.81,178.63,187.93,194.26,207.93,218.83,232.31,239.94,251.41,257.45,268.00,262.76,257.56,254.33,246.68,239.02,232.42,232.55,230.18,224.16,220.93,211.95,214.65,211.68,208.40,200.57,199.49,195.54,187.49,180.01,172.53,159.96,152.16,145.06,131.13,120.80
105.69,117.96,130.08,137.13,146.77,154.18,159.13,166.33,170.10,172.24,171.99,175.64,179.30,177.40,180.01,186.13,192.75,196.60,205.43,217.89,234.78,244.70,254.19,263.40,266.83,279.86,278.74,275.04,269.74,268.16,255.33,250.39,241.63,239.93,233.35,230.89,228.85,224.59,222.73,219.92,213.94,208.35,205.68,196.95,196.21,187.10,178.60,167.03,159.15,146.22,136.47,124.20
103.59,115.60,127.26,137.46,142.41,152.82,156.21,162.00,158.93,164.20,157.38,153.03,154.43,150.47,153.11,157.89,154.77,161.61,164.05,176.11,185.54,195.00,205.55,219.02,236.58,230.20,224.27,238.14,229.47,229.62,220.74,215.19,218.36,217.69,213.44,213.24,209.88,207.18,207.33,202.87,202.43,192.09,191.93,188.52,183.11,176.51,165.76,156.97,148.22,139.18,121.20,114.63
104.92,116.83,126.78,138.92,141.99,154.24,157.43,161.05,160.59,163.37,158.90,152.12,154.43,152.59,152.61,157.49,156.43,161.68,164.00,176.16,187.80,193.94,205.09,220.60,237.20,227.98,224.18,238.65,228.95,229.65,219.49,213.19,218.00,215.42,213.46,212.04,209.35,203.33,206.01,200.86,199.01,194.29,193.21,189.74,183.20,172.65,165.85,156.87,147.01,137.80,121.20,113.76
104.69,117.41,127.77,139.09,145.15,155.80,160.08,170.00,173.76,179.47,181.84,182.12,179.72,179.01,178.77,184.84,186.94,199.49,206.23,214.19,222.73,231.35,238.40,248.65,255.02,261.40,255.34,243.68,235.48,221.71,218.06,212.87,200.66,198.49,193.50,192.61,190.65,188.49,187.32,181.42,180.97,173.42,168.62,165.34,161.83,151.49,142.05,132.02,124.81,114.13,103.08,93.92
110.86,123.32,134.46,144.17,154.51,166.19,169.05,181.79,182.06,189.27,190.32,193.88,195.17,197.28,201.00,205.88,211.61,215.20,225.72,228.95,240.95,246.15,256.78,262.49,269.03,272.44,274.57,274.14,269.31,255.00,248.81,235.38,222.20,218.25,209.38,206.49,202.30,196.09,193.85,190.56,188.09,181.62,171.66,164.98,160.33,149.70,139.52,128.97,119.10,108.78,96.26,86.49
93.06,112.29,123.00,131.19,142.34,152.00,159.77,168.32,169.12,175.41,175.00,180.94,181.34,184.57,189.45,191.48,198.13,202.89,210.30,213.06,223.81,229.58,236.85,242.84,246.73,250.60,253.67,250.89,248.07,241.11,231.23,222.08,211.29,204.41,198.32,188.35,185.31,182.58,176.34,171.61,168.32,161.38,153.63,149.48,144.01,132.77,123.94,117.10,104.00,92.01,81.34,72.07
107.56,120.50,131.24,140.36,150.34,161.21,163.77,175.55,177.12,182.01,186.94,190.23,193.60,194.54,197.31,201.68,208.34,213.91,221.21,225.57,233.42,240.83,244.73,251.15,256.81,258.31,264.52,260.05,258.63,253.16,247.78,238.00,222.03,215.45,206.65,197.95,196.38,187.86,183.85,174.52,170.84,163.84,154.98,150.34,140.62,128.25,120.31,108.26,96.38,84.53,78.06,67.90
107.91,123.75,132.77,144.09,153.03,163.36,168.86,181.32,185.31,189.40,193.85,201.00,203.97,205.30,205.85,213.02,219.45,225.09,232.73,234.29,242.26,248.92,253.57,257.45,262.65,265.75,267.75,260.46,259.36,255.00,249.26,242.67,233.21,233.00,225.43,219.65,213.71,206.31,202.25,196.16,191.23,181.80,175.73,164.35,155.43,133.45,126.65,111.22,97.00,81.02,74.09,63.64
111.07,125.87,135.93,145.03,156.92,167.66,173.52,182.99,189.53,191.92,200.53,203.54,206.71,208.86,211.44,216.32,222.91,227.43,235.72,237.20,246.40,252.45,257.61,261.73,268.26,265.20,268.56,266.09,262.50,257.12,251.64,244.90,235.27,229.98,225.39,221.31,216.04,210.01,203.93,195.87,189.45,186.14,175.24,165.68,154.72,136.75,131.11,114.04,99.48,82.39,77.20,65.31
113.27,128.23,140.16,152.45,159.35,171.41,179.03,190.07,193.22,200.20,203.00,209.35,214.15,215.86,217.46,223.49,231.24,238.48,244.99,246.62,256.81,263.71,267.99,271.43,276.85,279.42,282.31,274.66,270.38,267.24,258.55,251.18,240.61,239.45,228.55,220.06,215.75,210.10,205.15,198.98,193.94,184.88,177.54,170.66,164.81,150.00,142.35,130.82,122.78,112.11,99.86,89.94
114.02,131.50,140.66,151.49,160.53,173.61,178.31,191.11,196.21,200.86,204.36,211.15,213.24,216.54,218.05,225.89,231.29,238.55,243.85,246.43,255.99,261.87,267.79,271.45,275.18,276.99,279.08,269.01,267.98,262.06,255.04,248.82,237.07,235.34,225.80,217.81,213.21,206.65,200.89,194.28,190.12,182.63,175.05,169.25,163.62,149.24,141.32,131.03,122.33,114.39,100.90,89.94
119.00,138.23,147.80,159.05,169.78,179.78,189.76,198.65,203.67,207.51,214.60,218.79,222.17,226.88,227.85,233.95,240.28,245.33,251.86,255.33,264.17,269.18,276.03,281.86,284.71,285.28,285.17,282.06,275.07,269.76,264.36,256.81,245.20,240.16,231.25,224.06,218.69,214.89,209.06,200.56,196.31,191.86,181.04,174.83,169.71,157.31,148.92,138.71,129.44,117.15,108.85,95.46
112.22,126.61,137.83,150.66,161.15,168.66,178.90,182.88,187.54,193.34,199.42,204.25,208.87,210.34,216.68,218.01,223.45,227.40,233.93,238.82,246.29,251.94,254.40,260.99,265.68,266.08,263.54,260.55,255.44,249.29,244.10,235.38,224.06,218.21,210.34,206.02,201.16,196.33,190.90,183.44,179.25,175.00,165.53,160.73,154.51,143.66,138.32,128.02,117.18,107.42,97.75,86.98
111.29,128.14,138.51,149.34,159.30,171.62,174.61,185.92,189.23,195.56,200.20,204.41,208.52,210.19,213.90,220.00,224.44,231.08,234.92,238.52,246.81,252.52,257.19,261.37,266.07,268.33,265.41,258.81,255.71,250.72,242.59,233.56,222.79,219.01,211.09,202.61,200.81,196.74,189.28,181.60,177.63,173.76,165.12,157.80,152.47,140.46,135.35,123.60,116.39,107.79,97.02,86.61
120.21,136.21,148.60,157.47,166.39,178.14,186.27,196.10,200.53,206.87,210.84,216.58,220.76,219.54,221.11,226.87,233.14,240.75,245.75,247.88,255.20,261.20,267.25,269.47,272.41,276.80,275.41,267.71,264.56,259.72,252.94,242.87,231.37,229.05,220.05,210.79,206.31,201.97,193.50,192.61,188.16,177.23,173.03,164.35,161.99,146.51,138.64,128.47,122.02,111.65,100.57,90.21
116.76,130.73,145.03,156.68,162.34,174.29,181.47,189.84,194.37,200.30,202.56,208.60,212.45,214.77,215.42,222.10,223.96,230.55,236.70,240.02,248.65,253.39,257.51,260.28,264.85,267.93,266.33,258.21,253.58,246.74,240.42,232.00,217.57,216.04,206.23,200.82,196.40,190.97,186.57,179.75,176.07,170.07,164.28,156.47,152.23,139.18,132.31,124.66,116.76,108.23,96.32,86.31
128.16,144.20,156.97,169.50,179.01,188.38,197.34,206.32,210.54,216.84,219.75,227.43,229.46,228.65,232.66,236.55,243.01,248.82,255.15,256.49,266.06,271.12,280.01,282.68,286.06,287.70,282.00,275.01,269.28,262.36,251.44,242.85,230.38,227.98,220.34,210.58,208.06,201.49,196.23,191.46,188.48,181.96,177.25,169.92,162.98,150.22,143.81,132.88,126.78,114.49,102.62,90.80
128.13,143.96,155.87,166.54,176.71,189.99,193.81,202.25,205.94,211.95,215.75,219.32,221.82,223.77,225.36,229.65,231.82,238.01,241.76,247.40,256.31,261.61,266.53,272.55,273.24,272.04,264.22,259.49,253.62,242.92,240.13,228.57,221.60,215.13,208.24,203.00,201.68,197.85,190.28,181.60,179.81,178.93,168.72,163.87,159.18,149.48,144.51,133.20,122.72,113.95,103.41,94.11
136.70,154.15,165.64,178.14,188.16,199.40,206.67,214.65,216.67,223.18,227.31,228.32,231.39,233.09,236.44,237.47,241.17,246.22,251.60,253.92,259.62,266.12,270.72,273.88,275.00,269.11,263.75,258.40,252.73,245.60,244.13,233.42,225.38,221.49,215.70,212.94,214.01,206.70,201.06,195.72,190.32,190.08,183.04,173.07,173.22,161.40,153.00,142.79,133.02,123.17,113.27,101.65
44.10,49.04,51.74,54.13,59.41,63.56,65.51,70.26,73.55,78.09,81.01,84.15,86.83,88.65,88.96,90.87,95.59,99.02,102.84,101.60,101.83,112.92,114.07,123.94,130.21,141.48,162.37,171.40,180.31,183.48,189.86,195.88,199.62,203.35,204.24,203.54,202.36,199.06,196.60,196.87,192.48,194.55,187.17,184.70,180.42,173.66,166.90,158.90,150.44,141.35,131.95,120.02
47.51,52.61,56.09,61.59,65.44,71.51,73.11,81.49,84.22,91.68,91.41,100.72,104.39,106.83,111.61,115.43,123.04,125.42,131.88,132.46,140.80,146.76,152.32,163.40,173.00,184.01,201.02,199.81,209.12,210.05,214.66,213.55,215.57,221.44,215.82,214.01,213.25,209.09,209.47,207.91,204.27,201.30,196.10,191.38,185.87,178.24,170.30,161.51,152.86,142.87,132.52,122.41
49.65,56.08,62.27,67.74,69.72,76.94,83.44,91.59,97.33,102.53,109.86,114.40,119.23,127.42,130.98,138.29,145.25,151.27,154.81,162.05,177.20,184.74,187.26,194.21,198.60,208.66,220.05,219.45,219.78,223.04,226.04,224.36,228.11,231.37,223.16,223.27,219.13,217.50,215.26,212.24,210.09,202.97,198.92,194.37,188.10,179.61,173.37,160.86,154.77,145.22,133.70,121.70
56.09,63.29,66.07,74.67,81.01,89.02,94.03,101.07,109.84,117.27,123.13,130.00,136.65,141.32,144.84,153.18,159.93,163.22,174.50,177.12,185.61,192.75,198.91,207.02,207.13,219.08,225.20,223.43,227.77,227.06,224.04,224.02,221.68,226.00,218.84,217.87,213.77,208.79,205.34,207.62,201.72,197.06,192.51,185.93,184.22,173.25,168.57,156.46,146.25,136.24,128.44,116.25
59.51,67.88,70.66,77.78,84.17,93.06,99.04,109.77,116.02,122.97,128.50,138.60,144.40,149.72,154.12,160.56,165.48,171.27,180.28,183.11,191.69,198.15,202.87,211.60,212.45,220.78,228.08,225.86,230.78,229.27,229.14,229.98,230.49,232.54,226.88,225.09,220.81,218.84,214.46,215.13,208.37,205.57,199.90,195.36,189.17,180.06,174.38,164.37,152.85,143.54,134.33,120.04
59.21,66.85,74.65,81.84,86.40,95.01,101.24,114.59,120.93,127.82,134.06,142.62,146.86,152.16,157.84,160.70,173.83,177.25,183.87,188.35,194.65,199.15,207.12,210.54,216.53,222.25,225.00,225.22,226.72,227.65,225.73,224.01,225.04,223.29,218.90,214.98,213.38,211.61,205.45,207.04,201.38,196.43,191.76,185.46,181.47,170.03,164.21,155.43,145.34,136.80,127.57,114.74
65.76,75.66,83.24,90.80,98.51,106.40,111.40,125.30,132.20,141.29,147.41,155.72,162.63,170.34,174.90,179.12,190.39,195.17,200.30,206.04,215.42,221.27,226.32,229.03,236.29,239.89,245.95,244.28,245.69,241.68,242.25,235.68,236.93,235.91,229.92,229.73,223.77,221.51,216.10,212.76,208.83,202.99,197.39,190.21,187.00,175.31,167.36,158.50,150.57,140.16,128.46,114.48
68.10,76.42,82.76,89.68,96.18,106.93,112.16,124.42,130.98,138.81,147.12,156.43,161.32,171.05,173.22,179.28,189.72,195.56,202.20,206.93,213.68,223.00,224.86,228.55,233.31,241.60,245.96,241.70,244.40,241.81,239.80,236.28,236.78,238.14,227.50,228.33,224.02,220.08,214.70,214.61,207.41,203.48,196.40,188.67,185.85,177.56,167.67,158.50,148.73,138.24,129.07,115.45
70.18,80.62,87.37,96.10,103.32,110.54,120.37,131.64,137.82,146.11,153.65,163.34,168.24,173.30,176.73,184.32,196.09,198.77,206.49,208.61,215.20,222.51,228.06,233.31,235.60,242.13,245.28,239.75,244.17,241.00,239.04,235.48,235.61,234.79,228.87,225.67,222.41,216.47,211.42,212.48,205.29,201.73,194.99,189.66,182.00,174.00,167.59,157.69,147.34,137.44,127.95,112.00
118.81,135.67,143.59,155.00,165.25,175.79,181.73,188.16,193.26,198.01,201.12,206.89,210.75,210.52,211.12,215.06,221.65,227.56,231.62,234.55,239.71,247.74,254.75,257.39,263.23,269.69,274.00,268.49,270.41,269.68,267.33,261.49,261.01,262.46,256.69,255.89,250.46,246.59,239.88,239.82,236.01,227.25,224.72,216.15,210.00,198.49,189.76,178.55,165.53,152.76,141.90,128.66
119.71,135.36,144.81,155.24,163.36,174.42,179.57,187.77,191.05,195.35,197.77,203.65,206.40,206.74,207.29,210.94,216.67,220.32,227.18,227.69,234.64,241.06,248.07,251.33,258.29,264.61,268.43,263.60,267.03,265.09,263.59,257.16,255.39,257.39,252.79,251.72,247.75,244.66,238.95,236.75,232.94,226.72,222.95,213.24,209.75,198.91,191.13,180.76,167.11,155.56,144.37,131.03
121.04,138.50,145.88,157.87,164.88,175.56,182.89,190.39,195.21,198.12,200.04,208.06,208.72,210.20,209.60,213.38,221.46,225.08,229.27,232.14,236.18,242.79,250.24,253.06,258.54,264.84,268.56,266.19,267.85,266.00,265.85,258.99,258.86,262.19,257.11,254.85,250.06,247.40,239.38,241.50,235.31,227.98,224.83,217.08,211.99,198.18,190.63,180.48,169.39,156.01,144.46,129.40
124.20,138.75,151.56,162.82,167.59,178.90,184.84,194.65,197.95,203.03,203.35,210.29,212.40,213.78,216.64,219.40,223.77,227.26,230.47,235.59,241.90,248.70,252.88,258.12,263.69,270.60,274.59,270.75,272.59,268.29,269.70,262.49,261.84,263.12,257.85,256.28,253.65,250.87,245.52,241.09,239.08,229.87,227.97,216.95,214.35,201.30,190.07,176.24,168.59,155.72,140.06,125.78
127.86,144.37,156.28,168.15,172.56,183.37,189.55,199.32,200.23,205.20,206.94,211.99,214.35,215.13,217.51,220.62,223.14,228.06,232.62,234.93,241.10,246.40,252.25,257.34,263.05,266.32,269.99,267.40,272.25,267.17,268.63,261.77,260.71,263.11,255.05,255.16,253.55,248.65,241.96,241.41,236.70,233.45,227.06,216.95,214.15,200.36,190.91,180.31,168.62,158.11,141.87,128.70
127.20,143.56,152.35,163.25,172.65,181.54,187.56,195.00,195.53,199.42,204.88,207.39,208.25,211.61,213.43,215.41,222.03,222.65,227.71,230.89,237.00,243.85,249.65,256.13,260.99,265.22,271.00,271.09,273.49,272.01,273.89,268.69,267.62,266.76,264.05,262.77,260.86,257.11,252.07,248.79,243.10,242.32,231.04,226.75,222.00,208.02,198.71,186.68,174.66,161.61,149.28,131.49
118.61,133.14,142.17,151.92,161.03,168.80,174.90,181.59,183.37,186.43,191.18,193.55,196.65,197.73,199.32,201.59,204.83,209.46,214.25,216.91,223.14,230.42,235.61,240.85,246.99,251.64,256.70,259.22,260.60,257.78,259.37,254.58,255.23,255.08,249.81,249.06,247.24,242.99,237.93,234.89,230.76,225.27,216.09,211.47,202.30,187.54,177.91,162.25,151.65,137.91,125.72,110.42
123.02,141.33,152.07,163.87,170.11,180.03,186.72,192.35,197.13,200.00,200.26,206.74,208.63,206.98,206.25,212.60,216.13,222.95,228.02,228.36,234.83,240.95,249.69,253.84,259.39,267.30,271.27,270.97,275.05,272.35,273.65,268.08,267.62,268.74,264.20,261.94,260.05,251.37,249.20,249.88,247.55,235.94,233.24,224.51,218.89,200.04,191.93,181.16,171.21,159.13,141.87,129.47
125.16,142.09,149.86,161.23,171.49,181.22,185.95,190.21,193.54,196.00,201.12,204.25,204.62,205.41,204.98,211.44,215.19,218.08,225.50,227.48,232.16,238.92,249.10,253.15,258.44,267.85,272.39,270.65,273.23,271.89,271.46,267.32,269.26,268.00,264.91,261.86,258.21,254.57,252.56,247.72,243.02,236.14,229.63,222.12,217.01,204.20,195.88,183.71,170.47,158.22,143.56,128.06
124.66,142.21,151.72,161.72,168.08,178.13,184.25,189.62,191.23,195.73,198.30,203.89,205.12,205.50,206.00,210.85,215.41,219.37,222.72,225.75,233.27,240.42,247.00,254.45,258.77,264.44,271.71,269.18,272.44,269.67,272.34,264.26,265.15,264.46,260.92,260.13,256.03,251.64,247.63,245.06,241.01,234.39,226.21,218.16,215.15,198.96,190.63,176.91,167.29,153.60,139.26,123.00
123.47,143.10,149.25,157.31,163.77,173.95,182.51,187.66,186.51,191.21,195.23,199.25,203.00,202.83,204.88,208.79,211.29,217.28,223.32,224.54,233.11,240.24,247.52,252.80,256.87,266.42,275.22,268.48,274.32,273.09,273.54,266.99,268.56,270.30,263.55,261.93,259.12,254.79,252.62,246.29,245.45,236.23,227.80,219.97,214.87,198.34,191.70,176.11,167.59,152.97,136.88,123.02
121.28,137.77,145.34,153.67,160.35,172.03,179.40,182.73,181.66,189.08,188.94,195.78,197.84,199.42,201.90,205.18,208.03,214.56,220.84,219.83,228.37,236.18,244.10,250.05,254.70,264.38,272.12,266.91,272.72,271.30,269.98,264.88,264.02,269.36,262.19,259.94,256.63,251.45,249.72,246.13,243.39,235.03,226.18,217.64,212.85,197.57,187.26,175.21,167.29,151.83,133.51,120.22
119.75,134.63,141.29,150.59,158.94,168.07,173.57,179.18,180.94,183.58,187.07,192.10,193.71,194.00,194.20,198.83,205.55,208.37,216.57,216.45,223.71,232.78,243.29,245.80,253.25,265.15,273.89,272.03,275.54,278.17,274.12,270.51,271.09,273.03,268.87,269.42,264.70,256.70,253.44,250.48,244.61,241.17,230.08,220.74,216.00,200.12,188.99,173.17,162.26,145.91,130.60,115.16
122.00,138.11,148.25,155.05,162.79,172.90,176.77,183.58,186.00,190.12,190.95,197.69,198.60,198.81,199.90,205.06,209.07,214.34,220.06,223.14,231.69,238.32,244.25,253.24,257.60,268.21,278.76,273.10,279.21,274.93,275.95,271.64,269.79,273.97,268.16,266.33,261.46,255.55,252.84,249.10,248.01,236.37,229.44,219.79,214.83,198.88,187.11,173.67,164.62,150.30,134.06,120.54
122.56,137.52,144.63,154.40,164.00,172.99,178.40,181.60,184.22,188.16,190.32,195.47,197.45,197.77,199.12,203.00,207.58,214.35,219.66,221.42,230.26,239.35,247.12,251.68,260.52,268.00,277.28,271.49,276.81,276.15,278.17,271.74,269.67,273.30,267.06,263.09,262.41,255.43,250.86,247.59,244.91,235.19,226.13,217.91,212.00,197.29,186.55,172.10,161.62,148.57,133.20,116.73
122.20,136.21,141.90,151.49,159.55,168.61,173.28,175.97,177.89,179.63,186.69,189.42,191.05,194.26,193.16,198.12,202.98,209.82,214.31,217.81,225.23,232.59,243.95,249.15,254.89,264.44,272.62,271.93,274.71,274.12,274.40,271.77,271.62,272.26,265.36,260.10,258.32,251.87,249.85,243.83,238.60,232.25,222.17,211.75,203.86,189.19,179.61,164.73,153.81,139.47,126.02,109.77
111.13,124.20,129.25,138.52,148.37,156.21,159.22,163.88,164.40,169.33,174.59,176.59,179.34,180.71,183.40,185.80,191.65,195.26,201.31,204.27,215.14,223.30,230.50,236.65,242.84,248.31,258.12,260.41,261.31,259.30,259.47,255.18,252.05,250.88,245.64,240.30,236.46,230.89,224.47,221.06,212.27,205.20,191.40,185.91,175.84,158.43,146.86,136.47,124.17,111.83,101.21,91.42
116.40,129.54,139.03,148.71,155.71,162.50,167.84,172.65,175.52,182.21,182.48,186.94,190.87,189.65,192.01,197.09,202.27,208.08,213.08,216.58,225.75,234.80,241.13,250.08,254.03,263.35,275.88,271.65,277.03,273.47,271.28,267.34,262.37,263.59,258.31,254.10,248.43,238.47,235.76,229.87,225.70,212.85,202.16,193.96,182.20,161.30,154.73,139.99,133.66,120.34,107.04,95.63
110.44,125.73,130.25,138.18,148.68,155.60,160.42,163.03,165.68,168.43,173.57,174.54,178.06,181.73,181.75,185.54,189.49,196.42,202.36,204.47,213.55,220.04,228.71,235.92,240.63,247.55,254.33,254.95,257.93,254.88,255.49,251.88,245.35,247.01,239.17,234.54,232.04,226.75,219.01,212.71,206.93,200.42,184.76,179.14,170.66,154.78,145.34,132.85,121.66,110.54,99.72,89.05
117.02,133.42,139.70,149.38,155.82,163.23,168.59,173.73,175.51,179.36,183.81,186.20,188.37,190.80,191.09,194.28,199.06,205.24,211.47,213.22,223.76,231.93,240.09,244.40,249.93,258.29,268.20,264.20,266.75,265.80,265.60,260.46,256.14,256.13,250.57,245.55,239.03,233.75,229.44,223.28,216.63,206.97,196.31,185.80,179.74,160.53,150.31,139.39,127.53,119.85,105.72,92.91
120.07,133.06,139.62,149.04,155.71,163.42,168.36,173.44,175.09,181.62,182.73,187.86,189.52,192.11,193.07,195.89,199.81,207.42,210.87,214.97,225.01,231.57,237.70,246.74,251.72,258.63,269.70,264.44,270.76,264.82,264.76,260.35,254.69,255.15,249.38,242.67,236.33,230.53,228.58,222.06,219.02,206.55,194.61,187.97,178.23,158.62,148.31,136.53,127.95,118.22,104.14,91.76
119.27,131.70,136.78,147.41,154.87,162.83,167.63,169.43,171.83,175.93,181.89,183.02,185.74,187.77,189.79,193.83,194.99,200.48,203.71,212.23,220.17,228.71,234.80,241.83,247.33,253.51,260.43,258.54,260.95,257.44,257.12,254.89,251.62,247.15,246.01,239.03,235.44,228.32,224.56,214.66,210.47,202.74,190.51,181.14,174.35,157.21,147.58,136.03,125.36,112.45,101.59,92.44
119.02,131.95,138.00,147.51,156.20,163.22,167.59,171.61,171.72,177.20,182.28,183.61,187.95,189.51,193.26,193.37,195.73,203.30,208.21,213.05,221.65,230.52,236.62,242.07,249.06,253.29,260.00,261.45,263.59,260.44,259.79,255.18,253.43,248.65,244.29,241.51,237.30,230.26,224.86,217.59,213.02,204.85,193.77,183.31,176.03,157.70,148.25,137.06,127.53,114.69,104.04,92.91
114.63,127.22,132.23,141.40,148.41,155.65,158.70,164.03,165.28,170.74,172.79,178.06,178.27,180.60,182.22,184.77,191.21,193.68,199.61,202.74,210.05,218.28,225.97,233.42,237.02,243.70,250.54,250.05,249.99,248.73,248.58,246.27,240.21,240.05,235.34,230.48,223.54,219.66,212.79,209.70,203.91,194.05,183.47,177.37,167.26,152.21,139.53,128.22,120.50,111.45,99.30,89.20
116.11,127.76,132.32,142.47,152.05,159.18,162.11,168.51,169.33,173.18,177.52,180.43,181.28,184.10,185.00,188.04,193.26,198.09,202.71,206.81,215.13,220.20,228.97,233.77,239.37,246.07,251.79,252.17,253.00,251.32,252.46,244.75,243.18,241.30,235.97,230.05,226.55,220.78,216.52,210.47,204.62,193.83,186.25,178.87,169.45,153.53,142.94,132.24,121.64,113.28,102.79,92.44
125.16,136.68,144.81,154.35,160.13,168.08,173.62,176.14,179.07,183.74,182.86,187.80,191.04,190.09,190.67,197.27,200.89,207.24,210.34,215.62,221.50,228.46,236.05,240.68,245.90,253.12,260.05,254.26,256.26,258.29,253.16,249.72,245.80,246.02,241.02,238.48,229.98,221.49,221.10,213.86,207.93,199.01,189.79,179.05,170.95,154.78,146.34,133.15,122.32,112.61,103.08,94.05
125.25,138.03,144.10,153.17,162.00,168.61,172.24,176.18,175.05,180.14,182.94,186.81,189.21,189.52,191.95,194.37,197.85,203.89,209.99,211.52,219.58,227.48,232.09,240.97,245.08,251.77,257.53,253.00,254.95,253.69,254.20,249.13,246.72,245.12,243.06,235.48,230.33,224.59,220.64,217.12,206.34,198.88,188.99,180.85,173.74,156.49,147.14,134.18,125.92,116.85,105.00,93.38
125.51,139.46,144.09,153.05,162.34,170.42,173.08,175.90,178.36,180.28,185.53,185.61,189.64,190.71,193.00,197.80,201.00,206.63,207.35,213.78,221.37,228.08,233.08,238.47,243.81,250.68,258.55,255.31,257.34,253.01,254.49,250.51,248.32,244.90,240.03,235.47,231.94,225.61,222.08,213.60,206.65,199.54,187.22,179.62,173.42,159.45,147.72,135.88,124.48,115.02,105.55,94.81
117.46,131.04,137.77,147.28,151.48,161.28,163.78,168.00,170.60,172.42,176.28,180.32,183.37,182.79,183.60,188.05,191.01,196.73,202.09,201.84,209.04,216.83,221.84,227.14,231.60,236.32,242.86,236.48,236.32,239.14,234.10,230.08,226.29,225.62,221.17,215.04,208.12,198.49,196.98,190.54,183.00,173.42,164.62,156.54,149.16,136.56,123.07,115.16,108.47,101.53,91.68,81.06
123.24,136.69,142.00,150.88,157.76,166.01,170.07,173.51,174.48,178.26,181.80,185.71,185.31,188.73,192.63,193.57,196.74,203.20,205.87,210.15,217.81,224.40,228.18,233.75,238.10,242.40,246.03,243.18,243.99,240.71,239.28,236.38,232.11,228.02,224.15,221.07,215.45,205.73,204.07,193.71,186.81,179.63,166.59,160.56,152.01,138.84,131.03,120.70,109.71,101.53,94.19,84.15
121.49,136.62,139.43,149.03,156.44,161.12,168.15,171.28,171.42,172.45,176.95,177.73,178.14,182.02,184.48,185.88,189.40,193.85,198.09,202.41,207.51,216.52,220.74,227.78,231.21,239.02,242.40,242.62,239.10,241.41,238.52,235.60,232.65,232.64,226.99,223.81,218.39,214.76,210.04,200.34,193.61,189.41,175.23,170.77,160.03,146.54,137.01,129.36,117.80,110.64,100.84,89.74
122.54,135.87,142.41,152.41,157.00,163.60,166.76,170.19,172.73,174.94,177.55,179.89,181.14,183.93,182.91,187.54,189.64,194.86,198.40,202.48,210.02,217.09,221.55,228.05,232.14,240.92,244.38,242.32,241.48,241.46,238.32,235.26,233.96,233.75,229.26,222.04,219.65,212.14,210.20,200.96,194.33,187.07,176.18,170.86,160.38,145.77,136.50,126.53,118.02,108.27,99.04,88.57
120.00,133.42,139.30,148.56,154.00,161.64,164.15,171.72,170.29,176.78,176.82,180.62,183.13,184.27,184.59,189.13,193.35,198.15,200.10,202.59,207.62,216.23,219.78,225.51,227.98,235.15,239.42,235.67,234.36,236.00,231.16,228.40,221.84,226.18,220.27,211.93,206.93,199.45,194.26,188.22,182.00,172.53,164.47,156.00,148.63,135.21,124.28,118.07,108.27,100.00,90.82,79.40
138.00,150.33,155.86,167.30,174.27,180.65,185.15,189.71,191.13,192.42,195.16,198.65,200.80,202.03,202.24,204.79,210.06,214.40,219.06,220.42,229.79,235.14,241.17,248.56,251.56,258.12,264.58,266.76,264.27,265.24,261.55,259.05,255.49,254.44,248.28,245.66,241.11,234.48,229.27,222.55,216.81,207.63,198.92,189.83,180.42,167.69,155.80,147.15,137.32,127.20,115.43,101.39
121.31,133.14,140.73,148.96,154.99,162.96,167.00,169.71,170.91,175.23,177.41,183.22,182.91,184.98,186.68,189.81,193.46,196.46,201.53,202.43,209.01,217.19,220.32,226.53,230.23,235.48,238.67,238.30,234.39,234.93,230.85,228.28,225.79,223.62,218.36,213.35,206.02,199.04,194.37,187.95,181.02,172.70,160.15,154.95,146.75,134.08,124.45,116.21,107.04,99.72,90.14,77.83
132.85,145.12,150.53,159.96,168.75,176.10,180.95,182.95,180.04,183.64,188.61,189.02,191.48,193.37,197.31,196.58,201.04,206.02,208.54,212.84,215.46,223.62,230.36,236.89,238.65,247.20,252.61,250.46,254.06,252.87,251.64,248.01,242.64,243.73,236.24,234.75,228.27,224.45,219.23,211.00,202.41,196.94,185.40,179.29,168.72,156.40,144.10,137.00,124.42,116.73,108.75,96.02
121.76,135.01,141.83,149.84,156.52,166.05,168.32,170.76,173.05,174.93,176.82,180.76,181.60,183.85,184.94,187.02,190.10,197.02,199.62,202.94,206.24,212.88,217.59,224.84,230.70,233.48,240.17,239.13,240.48,242.24,236.14,234.78,233.85,230.85,225.20,222.08,214.11,208.58,206.31,200.24,190.78,182.02,172.53,165.95,156.72,143.42,134.62,124.33,115.35,110.91,99.36,86.68
123.69,136.01,144.42,152.20,157.03,164.56,168.67,172.46,173.79,176.01,178.87,182.17,183.39,184.69,185.41,187.52,192.57,197.46,200.48,202.25,206.52,213.82,219.46,226.53,230.59,237.49,240.17,241.02,240.68,242.54,239.77,235.77,233.91,229.90,227.44,223.81,213.68,209.40,205.38,200.38,191.26,181.89,171.97,165.80,155.65,142.09,134.06,124.17,115.74,106.89,97.64,85.98
125.50,138.71,145.22,152.86,159.91,166.81,173.16,176.17,180.16,180.71,184.22,187.09,188.05,191.01,192.33,195.06,200.38,202.63,207.07,210.15,216.11,222.44,226.13,230.84,235.82,241.21,244.52,244.68,241.12,240.62,235.05,234.17,230.38,228.60,222.19,213.69,208.08,202.83,194.08,186.97,178.47,171.68,162.00,155.26,146.99,132.00,123.99,117.00,107.12,99.33,91.68,81.01
118.33,131.31,137.32,145.77,151.92,157.03,162.86,163.64,166.38,168.07,171.23,173.05,172.24,174.89,177.28,177.34,181.04,183.20,188.73,190.68,195.41,201.38,205.18,212.47,215.86,220.79,223.59,225.42,222.71,223.49,223.44,218.76,218.01,214.46,209.06,204.63,201.23,197.63,190.69,182.10,177.54,169.74,158.70,150.88,144.42,135.53,124.58,115.95,106.38,99.46,90.21,81.84
133.15,147.03,150.48,162.63,168.67,174.83,179.97,181.81,181.86,186.53,187.88,191.40,191.92,192.92,194.74,196.12,199.29,203.71,208.12,210.04,213.26,220.95,226.64,233.39,237.50,244.35,247.98,247.92,248.82,248.34,246.45,243.46,235.85,238.89,231.23,228.01,222.41,218.84,212.51,206.55,197.72,191.06,179.34,172.07,164.64,150.08,142.09,133.06,122.64,112.29,104.69,91.71
126.44,139.40,142.67,152.00,161.45,168.37,169.10,174.07,175.00,177.34,180.35,182.85,184.40,185.06,188.25,189.00,192.48,195.80,199.45,202.83,208.15,214.67,218.66,225.94,230.89,237.26,242.13,237.32,241.12,240.03,238.02,236.09,232.86,231.00,226.00,220.69,212.61,207.29,202.70,195.67,187.42,179.01,169.37,163.40,155.55,142.41,133.22,124.02,113.99,106.04,96.33,86.54
123.79,135.60,141.78,151.00,156.11,164.44,168.59,170.88,174.23,177.12,177.23,183.48,185.31,184.46,187.01,188.56,194.46,198.93,201.25,202.61,207.88,213.69,218.40,225.94,225.57,230.93,235.47,235.14,233.33,230.52,228.97,227.00,221.46,215.57,213.68,208.09,200.85,190.90,187.75,181.22,174.93,165.00,156.24,149.21,141.79,127.24,119.00,109.93,105.36,95.46,87.05,76.92
123.41,136.47,142.00,150.27,158.05,164.92,166.37,171.23,173.67,177.63,177.75,183.50,183.44,184.20,186.94,187.45,192.90,198.49,200.57,204.40,206.73,214.60,216.90,224.11,227.85,230.63,233.62,236.18,234.72,229.58,230.78,225.85,223.79,216.00,212.25,205.87,202.14,190.59,188.60,179.61,174.45,166.51,156.55,147.25,141.23,127.19,119.44,111.13,104.75,95.13,87.66,78.41
128.71,142.41,145.50,155.72,163.48,170.03,172.53,176.66,176.82,179.54,183.81,185.00,186.13,188.10,189.40,190.39,195.60,197.65,201.84,204.90,208.32,217.20,219.01,225.87,229.20,235.08,239.43,237.95,238.25,236.92,232.86,233.04,226.63,224.40,221.33,216.37,209.02,202.27,197.95,189.76,183.90,177.49,163.25,155.93,148.68,138.22,127.20,118.51,109.59,99.90,93.61,82.39
133.46,145.66,152.86,161.38,168.15,178.55,180.28,183.85,184.72,186.50,189.79,193.61,194.51,194.45,197.65,200.09,203.79,208.60,211.32,213.04,217.18,224.96,230.26,237.07,241.42,246.98,252.42,247.49,250.69,251.51,246.68,243.81,239.87,238.02,232.65,226.99,219.58,212.98,206.90,202.92,195.58,184.23,175.29,166.48,159.26,145.80,135.24,125.00,118.09,107.94,99.05,87.09
124.20,137.31,143.28,151.57,159.29,164.58,168.96,171.97,172.80,176.16,177.01,182.36,181.69,183.85,183.20,186.96,191.47,194.08,197.10,198.16,204.63,211.03,215.33,222.97,224.86,231.01,236.32,234.07,233.08,234.55,228.35,226.50,223.79,225.87,215.87,211.92,207.17,198.70,195.66,189.91,181.47,174.52,161.55,158.46,149.04,136.50,126.81,119.00,110.14,100.66,94.83,82.22
121.75,137.41,146.29,152.41,154.15,164.64,171.19,172.14,172.96,174.75,177.88,181.55,182.18,182.96,185.00,185.85,191.65,195.00,199.25,199.61,202.94,210.86,213.90,220.79,224.83,231.25,234.76,230.33,232.69,231.81,229.34,222.19,219.92,220.64,212.44,211.52,202.92,195.56,194.50,185.74,180.21,170.65,162.86,153.16,146.29,133.21,124.08,116.52,108.91,99.98,91.21,80.08
129.19,140.89,145.43,152.45,154.65,164.05,167.50,172.15,172.56,173.62,175.10,181.60,182.57,182.26,182.01,185.81,188.35,192.17,193.79,199.25,202.04,210.30,214.67,220.20,221.29,226.11,230.83,230.53,232.36,229.87,225.44,223.27,217.81,216.83,211.68,207.09,200.48,193.49,189.91,183.10,175.84,169.25,158.49,152.46,146.60,131.11,121.94,115.00,107.94,98.66,89.40,80.06
121.84,135.34,139.79,148.35,156.46,163.53,166.97,168.07,169.94,171.90,175.38,177.23,178.99,182.12,186.04,182.62,187.54,192.52,192.51,198.00,200.89,208.60,210.24,216.45,219.54,222.51,225.08,222.87,223.04,219.49,219.21,214.28,207.79,202.30,195.90,192.15,188.48,181.23,177.79,166.63,162.12,155.31,141.99,138.24,132.09,121.66,111.89,105.12,96.93,90.52,83.01,72.17
122.58,135.25,142.23,150.01,156.11,164.44,166.36,170.39,171.17,174.93,175.00,181.07,181.29,182.46,183.70,183.81,190.26,195.13,195.83,197.01,202.23,208.04,211.53,216.78,220.06,224.15,225.80,226.15,226.72,223.47,219.01,214.70,207.95,207.21,202.23,195.04,187.22,181.69,177.51,170.48,165.39,155.55,148.53,141.74,132.03,121.26,110.02,104.31,97.42,91.55,84.08,74.06
132.97,147.28,154.02,161.37,167.33,175.41,178.53,182.63,181.39,184.17,185.54,189.40,189.65,191.18,192.20,193.04,198.88,203.82,206.32,207.35,211.44,216.76,223.18,228.97,231.80,239.07,244.20,240.36,241.63,242.13,237.01,232.09,229.26,226.81,223.27,216.93,210.85,203.48,199.08,193.33,186.68,178.54,167.71,160.26,151.86,140.06,129.69,120.62,114.04,103.39,98.08,85.91
131.70,146.99,151.29,161.00,169.39,174.66,179.39,181.22,182.58,184.20,185.78,188.66,189.17,191.47,192.59,194.04,200.00,202.95,206.02,207.00,211.45,218.40,223.18,229.87,231.14,239.10,244.20,240.26,240.42,241.10,236.58,232.45,227.41,226.32,220.59,217.87,209.35,202.01,199.86,192.43,186.39,176.82,168.76,161.06,152.04,138.05,128.79,120.67,113.99,105.12,96.51,84.60
132.62,148.17,151.65,159.67,170.34,176.47,180.45,179.82,181.22,184.59,187.01,187.28,188.99,193.38,191.69,195.35,196.02,200.41,203.04,206.81,212.76,218.28,220.24,230.29,231.19,238.88,241.45,240.22,239.85,238.72,238.56,233.67,227.04,222.99,219.86,215.45,211.27,203.38,201.30,190.97,182.08,177.72,166.14,160.61,150.00,138.13,130.39,123.07,113.16,102.24,95.82,84.96
127.88,139.90,145.33,154.93,162.83,170.06,172.96,174.45,174.63,175.92,178.90,178.91,179.51,182.70,186.12,185.88,191.09,191.66,194.74,198.96,203.81,209.48,212.76,219.72,221.05,226.05,230.60,229.12,228.56,228.25,224.16,220.03,215.96,212.14,205.76,205.30,198.09,194.49,187.28,179.25,171.40,166.15,154.98,146.65,140.13,128.66,122.54,115.26,103.08,96.13,89.20,80.72
123.07,134.03,139.71,149.11,153.94,162.41,166.48,169.16,169.25,170.88,174.11,176.24,177.26,180.38,181.47,182.54,184.62,190.65,192.48,194.81,200.48,204.25,210.06,211.73,216.60,220.74,222.14,219.31,217.86,215.11,217.56,211.42,204.89,199.54,195.58,189.45,185.84,179.91,175.11,165.68,157.93,151.48,140.58,137.23,128.19,117.89,109.64,103.12,96.01,88.87,80.66,72.50
129.02,142.21,148.41,156.87,165.19,171.54,175.09,177.37,179.01,181.08,184.53,186.51,189.21,190.54,191.64,192.26,198.08,201.40,204.13,207.40,210.77,213.96,220.78,226.72,229.03,235.55,235.08,232.77,233.21,230.78,226.06,221.58,215.34,211.85,207.88,204.53,194.74,189.84,181.47,175.39,167.43,161.55,151.34,144.22,136.82,122.70,117.44,110.68,102.39,92.78,87.21,77.34
132.25,146.89,152.03,160.73,167.59,174.43,178.91,180.94,180.62,184.09,184.78,188.09,188.53,189.69,191.45,192.20,197.13,199.21,203.48,206.70,211.90,219.21,222.83,228.60,232.11,237.70,240.24,239.60,240.85,238.76,234.96,229.73,226.24,225.36,216.61,214.01,207.20,201.55,196.82,189.01,182.36,174.35,164.76,156.67,149.97,134.97,125.77,117.62,111.72,101.52,94.34,80.65
131.49,144.90,150.03,158.78,166.01,175.73,176.15,178.37,179.36,183.36,184.81,186.43,186.96,191.13,192.61,191.91,196.24,200.68,202.30,207.97,210.30,218.04,220.44,225.14,230.23,234.34,234.46,235.59,234.76,230.59,227.41,224.24,216.68,213.18,205.88,201.33,195.17,189.34,185.60,175.00,167.67,160.18,149.68,142.95,136.30,124.48,117.65,109.22,100.18,93.72,85.87,74.95
129.85,143.14,147.05,156.27,162.54,168.96,172.79,175.15,174.27,177.26,179.62,180.24,181.11,187.00,186.95,185.35,187.96,190.59,195.23,198.93,203.81,209.77,213.12,220.23,225.50,226.81,231.04,231.62,228.89,229.51,224.83,222.61,216.72,216.06,211.08,203.18,200.26,193.98,188.22,177.49,172.35,165.47,154.21,147.08,141.01,128.82,119.23,112.04,103.62,94.75,87.92,78.41
126.37,138.92,143.13,151.18,159.81,166.39,168.72,172.26,171.40,172.42,176.37,176.78,179.11,178.28,181.84,182.88,185.93,189.39,191.37,195.21,201.32,206.24,211.43,217.35,220.18,225.94,231.14,229.53,229.12,226.40,225.84,220.54,215.34,212.81,207.04,203.00,196.76,188.30,184.70,177.56,168.66,163.81,151.65,146.28,137.80,124.78,117.27,108.47,101.41,91.71,87.28,76.22
129.40,142.64,147.36,154.24,162.83,170.48,172.24,174.75,176.32,176.64,181.60,182.04,182.36,184.00,186.10,187.02,190.08,194.49,197.25,200.23,207.78,211.88,215.70,221.71,226.27,232.24,237.93,235.76,234.45,231.81,231.32,228.27,221.46,219.31,212.02,207.06,202.07,194.36,191.05,180.24,172.90,167.60,155.93,151.00,141.51,128.41,119.22,110.86,103.23,94.67,90.43,79.81
139.26,151.01,157.94,168.43,174.24,181.47,184.26,185.54,186.66,186.82,188.32,190.59,192.11,191.92,192.82,193.19,197.31,202.79,205.64,207.69,213.10,220.41,227.90,233.11,236.40,245.46,251.53,247.41,249.10,249.88,246.98,243.00,240.05,241.13,235.36,231.70,225.46,220.27,215.13,212.62,203.91,196.56,186.60,179.11,170.45,157.84,148.93,138.68,128.41,120.22,110.48,97.64
135.20,148.95,153.10,162.26,171.96,177.63,181.39,184.57,182.91,185.31,189.27,190.85,192.09,193.35,191.80,194.64,200.01,203.69,207.87,209.40,216.84,223.43,229.40,235.79,239.70,245.20,250.51,247.01,249.48,247.97,246.36,242.32,238.81,233.73,229.14,223.62,217.18,210.30,205.01,199.58,190.08,182.44,173.22,165.10,155.96,141.35,133.46,123.04,114.39,103.28,98.90,87.05
134.03,147.73,152.84,161.99,170.11,176.08,180.42,182.72,182.20,181.84,186.13,185.93,188.68,190.68,191.56,191.92,194.86,199.90,203.74,206.35,211.01,216.68,226.04,232.00,237.51,242.99,246.02,243.76,244.52,242.47,240.09,234.92,231.17,230.20,223.27,217.72,214.39,208.72,201.94,193.89,187.00,181.47,168.08,162.61,152.98,138.44,132.50,123.07,111.36,102.70,97.02,85.43
127.05,143.28,147.36,153.55,162.34,169.12,172.01,175.60,173.64,176.48,179.20,180.28,180.69,182.85,184.39,185.54,188.68,194.76,193.35,201.94,206.20,212.21,216.37,222.47,227.01,232.23,237.95,237.01,238.14,235.93,230.97,228.71,221.42,220.69,214.28,209.50,203.96,195.23,191.69,182.94,175.93,169.50,158.32,149.93,142.71,128.76,121.67,114.55,103.79,95.63,90.52,78.41
128.60,143.39,148.10,157.89,164.26,171.71,174.72,176.98,176.40,179.49,182.15,183.01,182.56,187.22,186.04,190.28,193.37,196.12,197.59,205.14,211.40,217.92,223.22,231.08,234.34,240.67,244.74,241.34,242.60,238.21,240.26,234.92,229.92,225.36,219.86,216.00,207.17,203.18,199.91,186.68,180.29,172.00,162.12,154.16,146.10,132.28,127.06,115.43,107.30,99.32,88.84,80.41
128.08,142.37,148.49,155.57,163.29,171.00,173.73,177.45,176.14,177.61,181.11,183.66,184.00,186.45,187.45,187.84,193.51,198.30,203.84,203.48,210.77,220.91,225.32,230.24,234.10,242.92,248.50,244.36,242.68,244.26,239.06,235.68,231.40,229.94,221.65,219.08,209.86,202.31,198.16,191.38,185.00,171.70,164.14,156.16,147.41,131.37,123.18,114.73,107.30,97.95,89.09,77.08
129.97,142.14,146.75,154.87,164.20,169.28,172.29,176.82,176.95,178.27,183.00,184.23,185.00,186.30,189.32,190.39,193.04,197.80,202.20,206.34,212.21,220.02,224.54,235.05,236.58,244.47,249.30,243.82,247.64,244.35,241.17,241.35,234.47,229.17,224.35,220.29,210.54,204.57,200.57,193.28,183.50,173.30,161.45,156.26,148.52,135.09,125.00,117.46,104.39,96.02,90.47,80.06
130.05,141.01,142.90,153.39,159.80,166.09,171.03,173.74,171.76,177.50,177.10,181.80,184.10,183.81,185.56,186.12,189.95,196.40,200.17,200.00,207.86,216.60,224.90,229.53,234.09,242.00,246.62,243.84,245.60,245.23,238.92,235.87,230.33,227.79,223.40,215.67,208.87,201.70,196.60,192.77,182.22,172.70,163.52,153.50,146.51,132.59,122.61,112.64,105.57,97.53,89.02,78.10
127.68,140.42,144.47,152.16,162.48,169.73,172.31,172.98,175.24,176.17,181.03,179.61,182.95,183.90,187.54,187.96,191.88,196.11,199.62,203.73,210.24,218.25,223.90,229.53,236.86,243.02,245.82,245.15,246.16,241.63,243.12,239.27,231.25,228.53,220.98,218.63,211.00,206.93,197.72,190.39,183.56,174.43,163.48,155.88,145.60,134.41,122.79,117.24,106.92,96.05,91.40,79.18
126.83,140.07,144.55,153.67,161.53,168.86,171.48,172.79,175.15,176.48,181.47,182.57,180.37,185.72,187.81,187.46,191.66,196.36,198.84,205.73,213.69,219.78,225.28,233.21,235.87,242.16,250.46,248.09,249.29,245.22,243.94,241.30,234.25,229.81,222.80,217.22,214.16,207.20,201.02,193.85,185.17,176.98,164.78,156.06,147.87,134.62,123.84,117.00,105.04,96.46,90.61,79.62
116.28,128.89,134.20,141.16,147.50,154.43,157.21,159.08,160.16,162.54,164.62,165.41,167.11,170.77,171.72,173.57,175.56,180.01,183.20,187.80,195.93,202.01,209.40,213.59,220.24,225.44,231.81,229.86,227.78,224.47,225.26,219.86,216.09,215.10,207.06,203.04,196.06,190.21,186.46,175.96,169.14,162.34,153.67,144.51,137.53,124.06,117.03,108.05,98.15,89.44,83.01,73.82
124.56,140.16,143.14,152.61,160.88,167.71,172.13,173.31,175.31,176.92,179.69,181.57,184.59,184.72,187.32,189.59,191.38,199.40,201.08,207.28,213.15,220.81,228.33,235.16,241.23,246.92,255.16,246.62,245.23,237.54,241.75,238.47,237.12,233.64,224.36,221.24,216.46,211.73,205.35,196.29,190.59,180.85,168.08,159.71,150.44,135.88,126.46,118.27,107.97,97.91,90.43,80.41
129.47,143.89,148.17,157.47,164.98,174.14,175.33,177.91,179.47,182.89,187.17,187.45,189.65,192.78,196.92,197.10,200.06,203.66,207.79,214.84,222.64,229.54,239.01,243.05,252.93,259.62,264.59,262.05,262.37,258.50,258.09,255.78,247.61,248.01,237.49,234.01,227.75,222.41,214.01,204.98,197.47,187.26,173.25,164.37,156.68,142.27,133.02,124.68,111.83,102.22,90.80,82.71
130.92,143.68,149.86,158.55,165.94,173.61,176.95,180.68,179.45,182.50,186.95,186.34,189.08,194.74,196.54,200.26,199.12,207.08,209.35,213.94,223.43,233.56,241.08,244.40,255.84,263.09,268.00,264.28,266.23,263.61,262.46,260.02,252.60,249.09,244.01,236.28,233.03,222.66,216.19,208.41,199.53,192.66,176.18,168.25,161.32,146.01,135.15,124.65,114.79,103.48,95.72,84.38
124.34,137.61,140.87,149.00,157.88,164.02,168.24,170.84,169.99,173.46,177.00,177.91,182.78,181.34,187.42,187.75,191.05,196.03,200.38,205.02,214.31,220.15,228.05,235.05,242.89,248.09,253.85,254.18,254.53,251.03,250.17,245.49,239.95,236.71,232.02,226.11,219.67,212.20,204.02,200.26,189.20,182.17,168.32,161.90,151.74,138.00,126.72,118.09,106.98,99.08,89.90,80.60
129.62,143.28,148.93,156.18,165.89,174.26,175.76,181.66,178.81,183.66,187.60,188.79,189.53,195.88,196.73,199.65,203.42,207.62,210.79,217.08,226.63,234.67,241.87,250.28,257.78,264.62,270.28,269.88,272.34,268.54,267.45,262.49,255.99,254.96,246.00,242.16,234.80,228.18,219.45,212.20,203.22,194.31,180.85,173.61,163.27,149.58,135.37,127.48,114.02,103.12,97.25,83.35
130.10,141.90,146.22,156.73,166.18,173.25,177.01,181.16,179.82,182.72,187.76,189.21,190.54,194.64,196.06,200.28,203.09,208.66,212.64,217.19,226.63,236.18,243.19,251.81,258.44,262.41,271.22,272.46,274.14,270.51,270.41,266.61,258.80,254.78,248.00,241.46,235.65,228.98,222.19,214.18,206.37,197.85,181.66,175.73,165.47,148.65,137.18,125.87,114.87,103.75,96.13,84.31
129.40,143.13,146.22,154.15,164.05,172.15,174.07,177.99,177.16,180.62,187.81,185.59,188.11,194.10,194.18,197.61,198.60,204.45,209.30,212.98,223.65,231.37,240.66,245.99,255.81,263.03,269.11,266.45,268.78,265.80,265.91,262.41,252.83,254.14,243.19,238.05,233.62,226.06,219.71,211.29,200.82,194.14,178.66,172.41,161.08,146.99,136.19,123.47,112.81,102.34,93.74,81.61
130.38,143.00,146.15,156.43,163.98,168.67,173.61,177.14,178.52,184.57,185.15,188.92,189.64,192.51,193.93,197.50,201.76,207.19,211.59,213.88,223.24,234.10,242.99,247.48,254.91,263.23,272.26,270.41,271.31,269.46,265.85,260.46,256.20,257.38,248.81,243.07,234.06,225.40,219.24,213.03,206.29,193.31,183.92,173.51,165.08,146.10,136.03,124.02,115.73,103.58,97.35,85.44
122.80,135.79,142.28,150.60,161.01,165.74,170.18,173.10,172.24,175.41,181.11,180.69,184.23,186.53,189.27,191.94,196.58,199.94,204.75,210.15,219.10,225.88,233.19,238.72,247.51,254.95,264.38,263.42,264.66,261.30,260.95,257.03,248.68,249.78,241.08,236.36,231.60,224.24,218.01,209.48,201.25,193.87,178.87,168.96,160.64,145.91,135.07,125.22,112.75,102.11,94.40,82.68
123.11,137.24,139.18,148.14,159.23,165.31,171.29,173.90,174.14,176.05,181.40,181.25,182.70,185.31,187.42,193.31,194.31,200.81,204.42,211.15,218.92,225.94,233.94,240.67,246.16,255.54,265.75,261.93,264.71,262.61,263.59,255.77,251.96,249.69,240.28,237.92,230.53,222.72,216.95,209.30,200.37,190.97,179.34,170.00,159.48,143.54,133.75,125.67,112.18,103.08,93.60,81.74
126.24,141.23,144.47,153.94,163.49,170.32,175.60,176.05,176.11,181.16,183.63,183.48,187.42,190.16,192.57,196.60,199.90,204.31,209.16,213.84,222.55,231.61,237.55,246.52,256.85,264.55,272.11,271.31,274.70,268.26,269.78,266.44,260.09,261.63,254.56,251.33,246.79,235.76,232.11,224.88,219.32,209.85,197.23,183.31,176.05,157.56,149.16,136.36,124.47,112.06,101.00,89.44
126.44,139.18,144.31,155.94,162.43,169.50,172.89,177.29,177.05,181.95,182.20,185.78,191.40,191.94,190.37,197.00,197.95,206.04,210.30,213.71,221.62,229.65,237.69,245.57,252.07,263.15,273.93,268.75,271.77,270.04,269.03,267.09,260.75,262.48,256.22,249.95,241.24,234.36,230.48,227.75,218.68,210.04,198.04,184.40,175.39,156.42,145.91,135.71,125.51,114.28,100.72,87.14
128.00,142.21,150.00,158.47,165.17,172.26,175.90,181.20,181.82,187.77,188.66,192.05,195.53,196.90,196.85,201.42,204.80,209.98,216.45,218.13,229.03,236.93,246.42,253.01,260.92,272.72,280.51,273.88,276.23,275.49,271.66,272.02,264.71,264.85,256.80,250.49,242.26,235.80,229.53,225.52,214.27,202.34,189.86,181.57,173.11,154.05,142.35,128.00,121.26,110.07,96.60,84.02
130.21,142.04,147.71,157.95,166.23,174.03,177.00,181.34,181.22,185.65,188.04,191.23,195.14,195.36,198.16,202.97,206.61,211.99,215.54,218.83,229.92,237.13,245.02,253.16,263.80,271.18,279.83,278.26,279.61,277.06,277.72,271.18,265.12,266.54,258.15,254.25,244.25,236.21,230.56,225.81,216.01,205.65,194.00,183.83,174.83,155.66,142.36,130.05,121.81,110.44,99.13,86.70
129.14,141.51,147.05,157.04,166.77,172.03,177.16,179.78,182.10,185.37,188.32,192.26,193.87,197.01,197.34,201.70,208.40,210.30,217.01,219.15,230.22,239.18,249.97,252.76,258.91,273.48,281.02,276.13,278.03,277.36,275.39,269.36,264.71,266.02,254.96,250.51,241.59,235.77,228.74,221.60,214.68,204.16,191.51,181.65,173.57,155.12,141.87,126.06,118.70,109.66,96.46,84.96
127.57,141.15,147.08,156.37,164.15,172.31,173.97,179.40,179.81,184.17,187.20,190.37,192.00,195.49,199.16,200.85,205.06,212.24,215.41,219.13,229.53,237.36,245.12,254.10,263.96,269.79,281.44,277.61,281.16,273.49,273.34,263.49,260.29,267.92,261.09,256.44,247.16,238.41,234.09,227.00,219.11,208.59,195.36,184.32,174.66,155.93,144.07,133.14,121.76,110.42,99.64,88.20
127.28,141.65,150.24,158.42,164.78,171.16,176.40,179.48,181.47,185.70,187.02,192.82,193.79,197.57,198.52,202.61,206.01,211.62,217.28,219.36,232.40,238.25,247.34,252.70,260.34,273.77,283.59,277.85,280.40,280.01,278.69,272.81,266.63,267.78,261.03,254.94,247.24,239.77,233.99,228.69,220.53,208.20,198.64,185.97,177.54,157.89,146.45,132.09,125.16,110.45,99.32,87.09
126.57,141.03,146.54,154.87,163.08,171.07,175.51,178.34,181.04,183.13,189.50,190.00,192.41,197.10,198.31,201.43,204.47,210.01,214.85,221.27,232.33,239.27,247.12,256.13,262.29,275.49,283.32,276.70,281.47,277.09,277.25,275.07,269.30,265.48,259.09,252.12,249.02,241.96,233.81,224.19,216.10,209.77,195.78,185.70,174.27,157.81,148.03,135.06,120.77,109.66,100.88,88.09
125.80,140.25,146.51,154.78,161.40,171.56,174.18,178.75,180.56,182.28,187.00,192.63,193.05,194.16,194.12,203.04,203.19,212.45,213.21,219.62,229.59,237.50,246.13,255.31,263.52,267.19,278.61,278.92,281.63,277.24,278.68,272.62,267.90,267.58,259.28,252.18,246.91,237.26,235.17,229.02,221.62,208.49,198.39,186.53,176.57,157.21,147.08,133.38,123.49,112.07,100.12,88.29
125.26,139.54,144.50,154.51,161.00,169.25,174.45,175.28,178.01,182.00,186.68,187.61,190.07,194.74,194.50,200.17,204.71,207.45,210.66,218.08,227.06,235.75,244.72,251.07,261.49,270.22,280.13,275.05,279.69,274.64,277.22,271.53,266.13,263.61,256.25,251.77,243.40,237.78,231.84,222.27,214.98,206.79,194.16,182.62,173.08,156.72,144.64,133.14,119.27,108.85,98.49,86.98
122.59,136.88,142.13,151.00,158.04,167.04,168.96,173.88,175.84,178.07,182.78,183.21,187.83,189.28,191.13,195.69,197.57,205.06,207.06,212.51,223.81,229.65,237.12,244.91,252.68,264.52,273.76,266.56,271.68,268.29,267.23,263.21,262.43,258.05,251.91,245.23,238.88,233.59,228.04,220.33,212.68,204.42,191.85,180.01,172.07,153.48,144.31,130.00,120.70,108.90,95.82,83.49
122.25,135.47,141.95,150.05,156.54,164.66,168.24,173.14,174.67,177.19,178.28,184.20,187.28,187.28,188.88,191.09,197.10,203.49,208.31,210.28,221.42,228.41,236.37,241.21,250.50,261.64,269.56,265.20,268.17,267.85,265.05,261.43,259.72,257.15,251.88,242.85,238.08,230.17,224.63,220.12,212.36,202.14,189.00,179.20,173.42,150.21,141.76,127.61,119.20,108.90,94.56,80.66
125.78,140.12,146.51,159.66,167.11,173.63,175.37,180.22,180.36,183.44,187.77,187.97,188.77,193.94,194.08,198.25,201.10,204.79,210.77,214.52,225.40,231.09,241.18,246.22,253.00,264.76,272.43,269.00,270.76,269.12,269.26,266.01,262.76,261.20,258.43,250.30,246.64,243.42,236.13,230.46,224.01,216.18,203.59,197.09,186.96,171.51,158.60,146.16,133.63,121.71,111.40,97.67
128.16,141.77,147.41,156.16,164.98,172.20,177.49,179.92,182.63,183.48,189.55,192.05,194.54,198.01,201.30,204.16,205.18,210.89,217.59,223.99,231.86,240.31,248.64,257.71,265.06,275.77,283.56,279.33,282.45,280.63,281.92,277.22,270.21,270.00,259.82,257.15,251.62,242.67,238.30,229.40,222.01,211.29,196.31,186.45,179.45,160.10,148.55,135.38,122.07,109.79,100.45,87.32
130.73,144.46,148.17,156.60,164.88,171.76,176.92,180.62,181.57,183.31,189.52,190.68,195.36,198.76,200.35,203.77,206.97,212.25,217.25,223.08,233.03,240.93,250.73,257.00,266.00,276.59,286.25,279.84,283.11,280.61,281.60,275.69,271.77,269.64,262.00,256.86,252.29,242.74,237.69,230.63,222.77,212.73,196.62,185.61,181.07,159.02,146.76,133.45,124.47,111.02,101.40,91.24
129.40,142.76,147.25,156.42,164.68,172.79,177.41,182.10,184.11,187.00,192.00,190.71,193.26,197.73,200.08,205.10,206.79,212.95,216.11,224.54,235.23,242.89,249.51,256.19,265.44,272.80,282.80,282.34,283.77,279.96,279.70,278.16,274.02,269.58,264.57,257.78,251.00,245.60,240.55,233.94,225.56,215.75,200.89,190.54,184.27,166.53,157.61,144.10,131.03,117.95,109.04,95.26
123.79,139.82,144.84,152.35,161.12,169.94,173.24,176.24,177.13,179.63,185.91,185.56,190.38,194.50,197.31,201.30,202.73,209.95,213.78,218.52,230.33,239.27,247.70,252.01,261.96,271.46,283.73,278.74,282.99,279.80,281.44,274.49,271.27,268.54,262.01,255.07,250.71,245.51,237.50,227.76,223.51,213.58,201.72,189.97,181.04,163.51,149.01,136.01,126.21,112.33,101.00,89.27
122.71,138.11,143.11,151.85,158.40,167.29,170.21,172.07,172.96,177.67,182.78,182.51,185.95,187.60,191.98,195.56,197.84,203.11,204.38,211.53,223.57,231.92,236.09,243.99,251.44,260.16,268.51,267.04,269.33,264.20,267.03,261.81,257.96,256.56,251.34,241.81,237.17,233.12,225.57,217.80,210.77,200.90,189.27,179.82,171.12,153.95,143.40,131.05,117.38,104.66,97.51,86.83
123.17,137.01,140.87,150.24,159.25,165.66,170.21,174.52,175.11,177.28,182.78,183.97,186.12,189.31,192.75,195.17,195.09,204.28,208.04,214.76,223.75,231.08,236.81,244.26,253.57,262.65,271.07,267.44,269.82,266.79,269.01,261.49,256.59,256.30,248.65,244.88,237.53,231.95,226.81,218.82,211.55,203.19,189.76,181.64,172.79,156.92,143.22,128.50,119.42,107.52,97.59,86.73
124.84,137.54,145.04,153.67,159.68,168.05,170.66,175.80,177.48,180.65,183.04,187.63,192.21,192.63,193.66,198.70,203.11,209.06,213.69,215.82,225.80,234.17,242.00,248.92,258.86,267.27,277.07,273.09,277.09,273.91,273.54,266.44,263.75,263.76,257.39,252.03,244.50,237.66,234.00,225.01,218.05,206.04,195.45,185.97,177.78,156.92,145.25,131.47,122.61,111.02,98.33,86.73
124.53,138.00,146.26,156.31,165.41,167.53,168.63,174.89,176.92,181.60,183.85,187.04,189.79,194.33,195.90,200.14,200.93,208.54,214.16,215.29,226.24,236.00,242.04,249.97,258.49,266.61,277.79,272.66,276.42,273.83,273.65,268.13,263.34,265.32,259.37,251.54,243.82,238.91,231.62,228.96,219.18,204.71,194.47,185.65,178.34,157.80,144.92,130.70,123.00,109.04,99.48,85.59
125.80,135.07,146.09,150.23,158.04,168.31,171.14,173.24,178.00,180.11,184.09,186.39,191.21,192.32,195.09,197.12,201.12,205.80,211.87,215.00,225.60,237.17,242.54,250.06,258.66,268.03,277.78,273.08,276.06,273.37,271.77,267.12,265.00,263.71,256.22,251.63,243.71,237.07,230.67,224.84,217.42,207.85,194.50,185.93,176.78,155.63,147.41,133.60,121.94,110.17,100.69,87.46
124.04,136.89,142.43,151.17,158.03,166.58,171.83,175.01,176.51,177.88,184.88,184.57,188.68,190.92,192.20,198.04,201.11,204.16,210.01,215.68,225.41,233.03,241.23,246.48,255.88,267.75,274.37,269.32,272.79,272.25,270.00,265.69,263.01,260.60,254.21,250.48,241.00,236.48,228.27,223.40,215.42,207.54,191.71,184.04,175.31,155.76,147.28,132.20,120.33,107.56,100.34,86.21
122.26,134.35,141.01,150.75,157.69,167.11,170.58,173.49,174.23,179.57,182.45,184.88,187.48,189.45,192.57,196.81,198.91,205.88,211.00,214.01,223.33,234.20,239.10,247.30,255.97,262.73,274.47,270.50,274.24,270.30,271.46,264.68,261.82,258.52,252.98,246.29,243.00,232.85,227.22,221.39,216.60,204.88,192.90,183.18,175.28,155.62,142.09,130.92,119.21,107.91,97.62,85.44
122.59,138.00,144.31,152.07,160.91,168.22,173.08,174.93,175.93,179.57,185.59,185.46,187.39,193.22,193.91,199.58,201.30,205.19,211.48,215.13,225.40,233.81,243.74,250.35,256.98,268.48,280.05,271.56,275.79,272.36,269.74,266.43,262.71,260.57,253.82,249.57,243.21,237.17,230.59,224.74,216.36,206.65,194.93,185.41,175.41,157.33,146.51,134.97,122.02,108.85,97.33,86.76
124.20,138.29,142.39,152.32,159.26,167.36,172.57,174.98,177.16,177.29,184.46,184.46,188.00,193.40,192.57,196.24,202.23,207.10,211.10,214.23,224.00,232.28,244.08,249.10,258.05,268.07,277.46,270.96,273.94,274.24,271.81,266.95,263.47,263.34,253.31,249.30,243.08,237.68,231.16,223.81,216.39,207.62,193.51,185.07,173.95,157.10,145.09,132.56,121.02,109.29,101.20,88.12
121.92,137.75,141.29,151.48,158.67,166.87,171.05,175.56,176.05,179.72,184.39,185.00,186.82,191.40,194.49,196.60,200.88,208.19,211.40,216.98,226.77,233.77,241.30,249.09,258.44,266.33,276.52,274.42,278.73,272.92,272.20,267.34,263.01,261.09,255.18,249.90,244.20,235.48,229.42,222.61,217.01,205.27,193.07,183.96,174.95,156.54,143.84,130.36,120.42,110.03,97.62,84.29
124.74,138.58,142.02,150.33,161.38,167.67,172.35,176.20,175.48,179.03,183.99,185.32,188.10,193.40,194.51,196.47,198.91,206.20,211.15,217.90,226.07,233.08,240.60,247.70,257.22,265.00,275.31,270.42,274.40,272.00,274.20,266.27,263.93,260.38,254.01,248.78,243.58,236.86,231.78,221.84,215.10,207.48,193.84,181.57,174.52,156.32,146.77,129.19,121.30,109.33,109.42,86.83
124.45,139.18,144.01,152.55,160.26,167.59,173.61,175.82,176.14,180.69,188.22,186.39,189.19,194.14,197.25,198.71,203.48,206.29,211.29,215.52,227.40,234.10,244.90,249.61,259.25,269.36,279.11,274.00,278.74,276.22,274.53,266.83,267.86,264.55,257.23,251.10,245.64,238.10,232.56,225.04,217.64,210.74,196.31,184.17,175.91,158.78,145.28,133.46,121.08,109.66,99.01,84.97
123.46,135.64,142.62,150.66,159.33,166.15,169.09,174.18,175.01,179.62,181.04,184.94,188.10,190.54,190.97,194.49,200.53,204.79,211.03,211.08,223.59,231.18,240.31,246.90,254.23,262.03,270.86,270.07,271.67,270.38,269.22,263.18,260.65,261.22,253.82,246.64,241.32,231.01,224.51,222.46,216.39,204.17,193.34,181.20,171.69,154.38,142.30,129.19,122.09,107.30,97.12,82.87
127.91,140.91,150.63,159.66,166.82,174.93,177.77,184.76,186.17,189.97,188.27,195.49,198.44,198.91,199.61,205.12,209.50,214.90,218.01,219.92,230.08,238.03,244.23,252.69,260.84,269.86,277.95,271.12,275.49,272.88,272.50,266.48,264.14,265.67,258.70,253.44,247.07,242.16,236.58,233.19,225.18,215.06,205.87,196.04,188.31,171.30,157.81,145.52,134.62,123.31,110.45,95.19
122.98,139.63,146.03,150.76,159.33,169.20,168.96,176.05,176.05,179.25,184.33,186.45,190.71,193.22,193.09,198.92,201.02,208.66,212.76,216.75,226.50,233.77,245.18,252.21,261.09,268.12,278.45,276.81,278.30,276.26,275.53,273.25,266.73,267.90,259.37,256.28,248.12,237.84,234.14,228.41,222.71,209.02,195.56,187.80,176.69,158.32,148.01,133.41,122.87,110.42,99.82,86.28
123.33,136.01,141.80,151.18,159.45,167.72,171.05,174.84,177.00,180.36,184.39,188.22,190.39,193.75,194.36,199.62,202.12,211.90,213.56,220.32,231.66,238.65,245.64,256.11,265.32,273.25,281.51,277.35,281.04,278.20,277.72,271.41,265.71,265.35,258.31,252.96,242.25,234.03,231.22,223.49,215.50,201.40,192.32,181.07,170.88,151.21,141.40,128.06,117.64,104.81,93.81,83.19
121.63,138.06,143.62,152.75,161.53,166.05,174.75,174.90,178.89,181.03,187.30,190.19,191.23,194.13,193.94,198.76,204.71,206.85,214.72,218.19,230.67,235.79,247.25,253.06,261.72,272.09,283.18,277.36,277.26,278.86,275.12,272.00,266.96,268.38,260.00,254.61,250.67,238.25,234.89,230.01,220.74,212.62,196.21,188.68,179.28,160.52,151.21,137.23,125.48,113.27,101.83,86.02
124.81,138.71,145.09,153.42,161.60,169.25,173.57,177.23,178.32,182.01,185.57,187.45,191.32,195.04,197.02,201.66,204.43,207.69,212.73,218.93,229.53,237.00,244.75,251.83,259.24,271.01,281.90,277.51,277.82,276.15,275.39,272.95,269.22,267.92,259.33,252.13,247.54,239.84,234.09,229.14,222.17,209.48,194.79,187.01,177.92,160.22,148.01,133.33,123.75,111.79,99.41,86.83
122.35,138.52,147.50,155.05,166.47,170.43,174.95,180.24,179.40,183.39,187.54,190.24,191.89,194.74,195.53,200.69,203.38,208.72,211.46,217.60,226.81,233.81,241.30,251.10,257.86,265.11,274.57,271.12,276.03,273.21,274.45,270.60,266.94,267.33,266.54,258.80,252.45,249.33,240.87,237.02,229.69,220.79,207.68,198.40,191.76,173.57,160.11,148.06,136.09,121.64,110.11,96.17
122.80,138.13,147.57,152.78,165.42,171.01,176.71,178.06,176.78,182.70,188.11,187.32,188.94,195.30,196.40,201.14,203.04,205.23,211.12,217.04,225.08,231.98,241.76,248.85,255.54,264.12,276.41,270.07,274.34,273.00,271.71,270.17,265.71,267.38,263.71,256.54,250.24,246.99,241.75,234.68,227.50,222.50,206.01,198.92,190.85,171.14,159.70,147.00,135.42,121.70,112.16,96.00
123.07,135.01,142.67,151.21,158.81,167.08,169.50,173.25,174.23,180.08,183.92,185.42,190.07,193.01,193.29,198.59,200.00,207.18,210.34,216.12,227.02,235.28,242.05,249.82,260.66,267.79,277.35,274.53,276.90,272.00,275.43,270.22,265.69,263.34,256.46,251.02,245.76,240.07,233.63,226.24,218.56,206.93,194.01,184.38,177.10,157.09,144.18,130.86,120.25,108.81,97.62,86.83
121.33,134.85,140.72,151.82,158.53,165.47,171.83,172.17,175.85,177.87,183.10,185.17,189.65,190.63,192.77,197.57,199.62,207.85,210.00,215.13,226.00,229.71,244.09,251.10,261.20,272.20,280.96,270.96,276.57,274.56,273.91,268.90,267.53,263.52,259.56,250.14,241.91,233.44,230.67,222.77,218.76,206.96,195.39,185.53,178.04,156.21,144.84,131.06,119.97,109.79,98.41,86.09
123.98,142.21,145.21,155.08,161.45,170.43,172.36,177.34,178.23,182.17,185.84,187.32,192.11,190.95,193.20,196.79,203.96,208.20,212.78,216.06,225.29,233.95,244.97,250.16,257.18,264.61,275.38,275.19,274.49,279.33,274.59,268.40,265.77,265.24,261.01,253.02,245.33,239.34,235.98,229.65,222.64,212.88,200.82,194.54,184.84,159.88,150.99,137.62,126.25,113.53,103.39,90.80
122.97,136.94,141.48,151.82,159.51,169.33,172.13,175.45,176.66,180.19,184.46,184.71,189.10,191.44,195.33,198.04,201.81,205.32,210.15,216.00,227.97,234.16,241.29,248.78,260.50,270.74,279.41,274.87,278.35,274.42,275.64,269.31,267.15,265.96,257.47,252.07,245.71,241.13,235.38,226.30,221.35,208.83,198.65,187.18,179.64,160.08,144.50,133.82,123.17,110.48,99.32,86.40
121.76,135.21,144.09,150.48,159.20,165.60,170.58,173.00,176.47,179.49,183.04,188.31,189.65,192.05,191.19,198.22,200.60,206.86,211.60,212.90,226.00,232.74,243.18,249.01,258.72,268.65,278.52,271.56,275.33,273.39,272.12,267.85,265.41,267.66,258.50,252.00,242.83,235.97,231.54,226.55,218.56,205.62,197.40,185.27,174.73,157.00,144.84,132.00,123.15,111.83,95.63,85.42
117.39,135.59,146.24,153.40,157.03,166.44,168.39,173.03,177.54,178.93,186.08,187.02,189.50,190.07,191.44,194.05,199.27,203.68,208.06,214.41,222.65,232.21,241.12,245.20,255.27,262.55,274.05,270.51,273.25,272.68,272.12,265.37,259.90,259.01,254.47,246.76,242.05,235.09,230.55,221.36,213.38,205.83,190.06,182.28,173.22,154.35,143.69,130.61,118.88,108.81,97.13,87.05
122.12,135.10,143.02,147.49,157.44,163.11,167.90,172.04,174.01,178.73,181.80,183.90,187.42,190.98,189.28,194.81,200.14,204.75,210.68,211.01,223.49,229.82,239.89,244.46,255.57,264.32,275.44,270.21,272.66,272.42,268.48,265.56,262.64,260.50,256.28,248.04,242.86,236.73,229.02,225.21,215.14,206.32,193.89,186.01,176.59,157.16,142.80,128.74,115.28,103.08,89.07,79.63
123.00,136.65,143.61,151.42,157.80,167.45,170.56,174.50,176.96,179.98,181.11,187.88,189.53,194.10,194.33,196.79,201.36,208.01,213.38,215.13,225.18,234.07,242.30,248.10,257.80,269.48,280.50,273.79,280.45,276.56,275.33,268.84,265.15,268.16,261.47,252.11,245.97,238.31,233.93,229.24,220.06,207.69,195.72,187.11,179.01,158.32,145.36,129.63,121.84,110.11,97.95,86.21
123.71,138.66,141.99,150.56,160.75,166.48,171.71,173.85,175.64,179.01,184.30,184.62,189.19,192.34,195.47,197.13,202.81,206.67,213.04,217.31,226.07,235.70,244.40,248.29,257.42,268.56,281.96,274.80,279.12,277.41,275.39,270.21,264.28,266.07,257.80,252.57,245.80,239.82,234.67,227.37,220.79,209.75,195.90,188.32,177.03,160.08,148.72,134.65,121.81,110.94,100.40,87.48
123.22,138.10,141.91,151.40,159.88,166.74,170.84,174.45,176.17,179.03,184.05,184.84,186.40,193.26,196.25,198.64,201.52,207.53,211.14,218.36,226.29,235.59,242.63,250.57,258.91,267.38,279.96,275.15,278.73,275.75,277.27,270.70,265.71,266.63,256.64,252.91,245.96,239.60,235.85,228.08,220.49,210.00,195.82,188.94,178.47,159.91,150.27,134.95,121.04,109.86,100.17,87.30
118.04,131.31,139.45,144.90,156.16,162.46,165.52,169.31,171.02,175.90,179.66,182.47,185.28,187.54,190.60,194.37,198.88,206.32,211.00,216.21,225.73,234.96,241.87,248.39,260.23,269.43,279.61,280.26,284.18,277.09,277.85,273.38,263.87,262.57,255.13,249.42,240.43,232.65,227.49,219.87,209.70,195.78,183.87,173.07,161.91,144.20,132.85,121.10,109.38,99.70,90.80,79.10
121.25,136.00,142.47,149.91,158.50,166.15,171.29,173.22,175.19,177.01,183.81,184.17,187.45,191.71,194.88,197.85,200.64,204.90,210.87,215.35,227.27,233.60,243.58,248.46,258.21,268.49,276.57,272.95,279.55,276.05,275.31,270.31,265.68,265.92,258.31,254.23,249.58,242.44,234.47,225.79,221.84,214.00,196.76,187.26,178.62,157.03,150.08,135.09,120.57,111.40,101.20,89.05
128.46,143.03,149.78,156.95,166.69,172.20,176.47,180.25,184.02,187.80,192.57,194.58,196.90,200.35,201.88,207.47,211.25,214.46,219.87,227.20,236.92,244.77,253.01,261.84,271.81,278.43,288.46,289.87,290.99,287.09,288.12,283.09,276.81,276.00,266.69,260.99,254.40,249.88,243.58,236.54,229.96,220.91,207.82,195.72,186.87,165.71,153.48,138.80,127.48,115.69,105.21,91.53
124.81,139.70,148.76,157.29,163.23,173.22,178.89,183.00,184.84,188.35,189.75,196.33,198.98,199.06,199.65,205.91,210.09,216.07,222.55,224.12,234.61,244.44,249.70,262.91,272.74,283.02,295.45,296.16,294.54,292.14,287.70,285.67,274.39,272.66,265.93,256.44,251.24,246.22,242.16,235.64,229.44,217.18,209.77,197.85,188.09,164.83,153.65,137.77,126.61,116.66,102.55,91.09
127.76,140.12,147.38,158.71,167.84,177.00,179.64,183.44,183.81,187.26,190.52,194.59,196.43,199.45,200.20,205.36,209.83,216.11,219.36,223.32,232.14,238.38,245.81,253.95,263.31,268.88,276.13,275.41,277.36,275.60,274.12,268.70,266.09,265.93,261.20,254.97,247.98,241.07,238.48,234.20,228.72,213.82,208.19,195.79,189.76,171.86,162.86,147.67,138.20,122.61,112.06,96.88
122.92,136.69,142.23,150.36,158.81,166.51,170.84,173.22,177.34,178.63,185.15,185.97,190.55,193.75,195.00,199.18,203.49,208.46,212.04,217.89,229.65,238.42,246.08,252.69,258.44,273.76,282.97,275.28,281.86,281.00,277.50,273.94,270.22,268.48,263.21,255.56,252.05,243.81,239.61,231.86,223.76,214.58,201.47,189.42,182.70,164.83,150.63,136.13,123.98,113.90,100.96,86.98
122.07,135.64,140.90,148.41,159.02,166.09,169.01,172.63,173.61,177.37,181.81,185.52,189.17,192.33,194.16,198.04,202.41,206.02,212.55,216.23,227.71,235.00,244.19,252.88,258.37,271.14,282.06,276.09,280.25,276.05,277.09,272.95,267.82,264.15,261.31,254.38,249.27,242.74,238.66,229.71,223.64,214.46,201.42,189.41,181.04,162.94,149.37,134.63,124.04,112.45,101.52,89.20
122.64,135.12,139.29,145.96,156.98,164.92,169.11,173.51,174.07,175.93,182.46,182.46,185.97,190.59,192.40,195.73,198.64,203.77,209.62,215.34,225.20,231.14,240.01,246.95,255.15,262.23,273.36,272.41,275.29,272.94,273.76,270.77,265.41,260.86,256.33,248.17,245.60,238.83,231.86,228.04,218.90,209.98,196.70,188.96,181.12,157.99,148.34,131.58,119.85,108.23,100.32,86.33
122.09,135.76,139.65,150.05,158.78,165.61,170.85,174.61,174.61,178.68,184.48,185.02,189.11,193.21,193.60,197.80,200.42,206.89,212.72,216.60,227.26,233.94,242.94,249.73,257.72,268.48,278.63,273.27,278.26,275.80,276.07,269.98,268.60,264.32,260.93,254.23,247.10,244.19,236.76,227.07,221.22,213.06,196.82,188.96,180.55,162.27,149.03,135.07,122.48,110.65,101.55,86.21
121.26,136.52,141.74,151.16,158.78,165.61,170.70,174.04,175.89,179.20,183.73,186.13,189.28,192.82,194.26,199.02,203.86,209.31,213.86,217.28,229.12,235.14,247.43,253.21,260.23,272.62,282.84,277.85,280.93,282.31,280.71,275.63,271.45,268.84,263.43,256.60,250.58,247.48,240.44,232.73,225.40,215.57,200.12,191.05,184.91,163.15,151.82,137.77,123.49,111.83,103.37,87.92
122.09,135.76,143.17,151.00,158.40,167.03,171.77,174.60,177.12,180.32,183.41,186.43,191.39,193.02,195.53,198.67,203.69,208.41,211.83,217.41,229.34,236.56,244.66,254.23,262.84,270.83,281.90,280.13,284.45,280.04,277.85,274.96,269.65,269.97,261.77,257.39,251.64,245.20,238.08,232.74,227.20,213.08,201.92,192.07,182.94,162.81,152.09,137.62,128.44,112.43,101.24,87.05
118.23,131.04,139.46,146.49,152.74,161.83,166.01,167.31,171.66,174.96,179.01,183.14,188.92,187.32,191.17,195.13,200.26,207.53,212.44,215.74,227.09,234.65,244.88,253.48,261.84,269.92,280.69,282.21,285.16,280.87,282.11,272.88,267.90,269.58,261.08,252.63,245.29,234.03,231.45,222.75,214.17,201.04,188.90,177.63,164.50,145.01,135.98,122.20,112.07,101.65,87.97,79.18
120.20,134.61,141.01,149.35,157.00,164.92,169.45,170.60,175.01,177.49,184.17,183.53,187.84,191.80,194.58,196.38,201.65,205.46,211.09,216.52,227.40,234.27,244.25,250.01,256.40,265.35,279.57,276.08,281.82,279.80,276.24,272.71,267.16,267.92,261.44,252.12,249.82,244.52,237.32,228.95,223.54,215.52,199.20,189.43,180.00,159.42,152.03,136.97,123.71,108.81,100.44,87.69
122.32,133.96,139.86,148.50,157.17,165.10,168.32,170.88,172.65,175.31,181.84,182.73,186.10,191.64,194.62,196.11,201.33,205.08,210.79,215.67,226.07,235.28,243.52,250.17,256.91,267.71,278.26,275.80,277.89,279.37,276.97,272.97,268.23,265.77,259.28,253.67,247.89,242.44,235.54,229.87,225.89,214.09,201.42,188.74,182.78,161.03,149.97,136.69,124.65,111.29,101.36,89.87
120.92,136.01,141.15,147.87,158.47,165.60,167.61,171.42,174.96,176.92,184.07,184.95,191.08,192.21,195.21,196.70,201.01,206.18,214.02,217.70,228.64,237.46,246.08,251.78,261.14,273.54,285.79,276.81,280.85,281.70,281.26,276.59,273.73,270.80,265.80,259.76,254.15,245.51,242.41,235.02,227.38,217.08,203.84,193.87,185.27,164.79,152.85,138.06,125.92,113.85,102.14,86.58
118.13,130.97,142.76,152.05,160.12,167.60,169.19,174.38,177.14,178.94,183.31,188.73,193.20,193.79,193.26,200.82,204.57,212.61,214.28,220.34,228.48,238.40,245.46,253.66,261.07,272.83,284.20,276.03,284.94,282.82,279.61,275.33,270.80,273.88,265.51,258.81,255.23,247.36,244.66,238.17,233.57,219.15,210.10,199.45,193.78,171.23,157.05,143.92,132.38,120.83,109.02,92.14
119.04,134.35,142.64,146.21,157.54,164.68,169.80,171.71,172.26,174.56,181.62,185.61,188.66,193.06,196.43,198.16,200.06,207.74,213.51,217.01,228.60,237.62,246.08,252.51,261.64,271.49,284.29,281.11,283.62,280.63,283.19,279.21,270.87,269.53,265.70,257.26,253.48,248.89,241.67,232.17,228.48,216.46,207.47,195.50,184.02,161.82,151.48,136.42,125.99,112.01,102.24,88.14
122.02,133.82,136.52,143.17,156.26,163.29,158.62,164.01,173.46,171.70,178.51,175.57,181.28,184.10,182.80,190.41,197.39,198.09,208.73,212.47,221.58,230.84,238.89,246.73,253.21,261.47,273.54,273.12,274.35,274.39,272.24,268.79,264.69,263.15,260.91,251.03,247.95,239.13,233.05,228.43,221.92,211.02,199.28,189.90,179.96,158.15,147.71,133.06,123.55,110.48,101.64,87.01
117.48,130.97,136.21,145.62,152.32,160.56,165.02,167.33,170.05,175.23,179.61,180.07,184.72,186.32,189.19,193.49,197.34,202.61,206.90,213.85,224.44,231.92,239.71,248.01,257.47,266.40,278.76,273.98,277.62,273.92,276.38,270.84,269.25,267.62,259.47,252.62,249.95,243.43,237.19,228.43,222.85,213.26,198.34,190.87,179.05,160.53,151.70,135.53,122.53,111.02,99.13,85.84
125.40,141.48,146.54,157.00,164.20,171.33,176.48,179.48,180.94,183.53,187.77,188.96,191.61,195.47,194.47,201.85,204.80,210.01,217.08,218.16,228.99,237.56,246.83,251.60,258.80,271.49,283.01,278.17,279.22,282.39,279.22,275.09,272.31,274.93,271.81,260.77,258.44,251.62,248.24,244.64,236.86,229.24,216.31,207.04,200.86,180.28,169.05,155.54,141.85,129.40,118.47,103.00
115.11,127.02,134.42,142.23,148.57,157.70,159.76,164.56,167.59,171.05,173.67,178.19,180.47,182.39,183.04,190.13,192.42,199.48,204.55,206.89,219.64,227.92,234.52,243.30,249.39,257.82,269.43,269.68,273.15,269.13,269.60,264.59,258.37,261.43,256.02,247.12,241.88,233.68,229.58,224.40,217.31,206.12,199.11,185.41,174.77,154.02,142.51,132.50,120.42,108.78,97.62,84.17
112.54,125.63,129.52,137.13,145.50,154.03,157.08,161.05,162.11,165.60,171.13,170.31,175.10,179.30,181.64,184.76,190.47,192.76,198.24,204.71,216.08,222.95,231.80,238.88,246.08,258.80,271.46,266.02,269.60,270.20,267.71,263.50,258.40,256.78,250.80,242.99,235.47,226.97,219.48,214.45,204.50,194.21,181.43,172.63,159.15,142.00,130.11,117.00,107.12,96.61,86.21,75.50
118.70,133.60,140.00,149.12,155.26,165.85,168.87,173.09,172.59,179.63,183.13,186.26,189.01,190.91,193.83,199.01,203.53,208.63,213.78,217.22,228.97,236.92,246.68,252.20,260.86,272.96,286.04,280.47,282.91,284.78,283.45,278.38,271.15,273.09,266.10,258.60,252.69,247.32,243.53,236.86,229.46,216.84,205.81,193.04,184.18,164.98,152.87,136.89,125.60,113.74,98.79,84.48
120.80,135.96,140.06,148.65,156.08,167.04,170.85,172.74,175.86,179.10,183.77,185.23,190.29,192.34,194.25,199.72,203.15,209.12,213.59,216.23,226.29,239.73,246.38,253.45,259.37,271.58,285.38,281.22,286.36,286.21,283.43,279.66,274.14,276.01,269.43,261.58,258.38,246.91,247.42,238.56,234.79,223.89,208.31,197.27,188.94,167.30,155.57,138.22,129.65,116.47,104.20,89.05
120.93,135.24,140.47,150.24,157.41,163.25,168.59,173.30,175.00,179.08,183.22,184.23,189.19,191.85,193.83,198.60,203.42,208.13,215.33,217.47,227.79,237.70,246.66,253.95,259.86,272.84,284.78,280.06,285.08,283.70,282.69,276.93,271.04,271.00,266.92,262.00,254.95,246.36,242.16,236.29,229.92,219.33,206.02,193.79,186.51,165.25,150.80,137.38,127.28,115.52,102.20,86.09
112.15,125.92,131.37,138.31,147.26,154.01,157.78,162.10,163.29,168.39,171.90,174.93,180.27,179.74,180.48,186.05,191.37,196.16,201.70,204.50,215.54,222.99,231.91,239.27,248.57,255.48,264.68,266.29,267.92,266.85,267.37,262.49,254.79,257.33,253.34,246.55,239.00,231.16,227.47,225.06,216.95,206.32,195.04,183.83,175.21,151.92,142.34,128.35,119.51,107.56,95.13,81.41
115.45,127.02,131.10,140.86,149.00,156.05,162.12,164.35,166.51,168.19,174.05,174.09,177.16,180.94,184.22,186.89,192.28,196.31,203.54,206.87,219.24,226.28,234.34,242.32,249.73,258.66,270.56,272.18,273.39,271.31,270.42,266.00,262.43,262.09,255.79,252.10,245.15,239.74,234.88,227.71,217.60,211.63,197.52,189.17,179.18,158.90,149.48,134.16,121.02,107.19,99.62,85.38
114.74,124.33,134.32,144.53,147.98,156.73,160.08,165.39,167.07,171.75,173.10,176.95,182.00,179.90,181.03,186.55,192.75,197.20,205.27,208.04,219.05,227.01,234.34,243.53,248.74,258.37,269.63,269.00,273.34,271.49,270.25,265.71,261.35,265.16,257.77,251.79,244.01,235.00,233.57,229.69,220.51,210.89,199.06,189.17,180.06,157.88,147.08,133.75,123.79,111.57,101.40,85.98
114.07,128.69,132.94,140.46,149.21,157.85,160.42,163.82,166.05,168.68,175.01,175.17,178.52,184.62,186.19,192.07,191.21,197.25,203.79,208.03,216.79,227.86,236.68,242.56,250.20,261.68,272.20,268.97,272.09,271.83,271.46,265.94,264.22,262.25,256.29,250.91,244.66,237.08,234.14,227.41,218.22,210.00,198.91,187.28,179.49,159.01,150.55,135.42,122.11,110.35,99.14,84.60
110.57,123.02,130.17,136.56,144.90,152.07,155.54,160.64,160.56,166.21,166.97,171.23,176.82,177.61,179.23,185.69,189.40,195.17,201.01,205.53,213.41,225.50,232.16,243.40,249.70,258.72,269.55,273.01,274.65,269.31,271.07,265.07,260.20,261.36,253.01,246.08,236.97,230.89,223.75,218.28,210.62,196.90,185.59,171.98,164.23,144.28,131.06,115.32,108.05,97.95,86.45,73.74
115.11,128.38,134.47,142.41,148.68,156.49,161.53,166.68,166.03,171.68,173.67,178.47,181.16,182.80,184.69,189.10,192.01,198.91,204.00,206.05,218.32,226.50,235.60,243.30,251.46,262.45,271.60,268.78,272.01,272.03,272.86,266.48,263.33,264.55,255.19,250.49,245.18,236.86,232.82,226.36,221.11,210.38,200.84,188.85,179.04,161.23,147.26,134.24,120.30,110.54,95.80,82.76
116.09,128.00,134.48,141.60,149.89,158.11,161.83,166.01,166.64,172.70,176.41,180.03,183.31,186.50,185.56,191.42,195.86,201.97,208.72,209.34,222.85,230.29,237.93,246.83,252.69,266.92,275.59,271.46,277.00,274.88,274.96,270.51,265.66,266.33,258.37,254.07,245.42,236.60,231.19,224.24,218.05,205.18,190.06,180.42,175.60,151.33,139.81,125.16,115.97,104.45,92.91,78.09
115.43,128.72,132.57,140.80,150.65,157.49,161.84,165.47,167.37,168.36,176.23,177.12,180.14,184.02,186.56,190.71,193.31,200.10,204.19,209.42,218.69,226.05,237.19,244.12,250.32,262.01,272.24,269.26,273.66,274.87,274.64,266.63,263.07,263.45,257.77,252.24,248.13,237.66,236.32,230.31,221.35,215.70,201.04,191.32,182.50,163.77,151.08,136.12,123.23,112.38,98.51,85.70
112.07,124.31,129.81,139.82,148.03,154.21,158.75,161.04,165.13,168.58,172.24,174.69,179.43,181.34,183.18,187.88,190.97,198.56,205.35,205.18,217.09,226.77,236.32,243.77,250.80,263.01,275.59,275.12,277.99,276.93,276.54,269.58,265.66,267.09,258.60,250.42,243.90,234.94,229.26,221.21,210.54,201.80,185.95,177.37,166.82,145.06,132.62,120.21,110.57,98.13,89.16,74.97
122.59,137.19,141.09,150.33,158.78,168.30,170.50,175.64,176.59,182.99,186.98,188.86,191.54,196.90,196.35,201.56,207.71,209.40,217.55,222.27,234.27,243.81,252.61,260.28,269.08,278.45,290.37,289.09,295.48,291.00,291.49,288.18,285.03,279.58,275.59,268.70,264.46,257.01,254.01,246.42,240.17,229.06,212.72,203.81,196.66,172.05,160.38,144.09,131.55,117.55,108.02,92.14
111.80,124.62,130.36,139.04,145.88,153.84,156.58,159.39,163.69,166.88,170.84,174.26,177.91,178.52,179.30,187.83,190.41,196.16,202.41,206.69,218.56,226.88,235.05,245.76,252.62,262.29,272.59,276.88,277.32,274.88,275.70,272.12,267.23,263.90,258.07,248.42,243.85,235.42,228.36,223.04,214.89,199.68,187.42,178.06,166.60,143.22,134.41,116.82,109.08,95.52,87.10,76.03
125.67,139.29,145.12,154.54,162.80,171.33,175.52,178.52,181.84,183.96,189.08,190.95,194.86,198.72,200.25,203.35,208.24,214.16,221.65,224.88,235.59,241.67,253.16,258.03,266.29,277.61,289.68,284.26,288.77,287.39,287.43,280.86,277.36,275.28,270.30,264.26,261.73,254.15,250.06,242.44,237.00,229.92,215.04,205.06,196.54,178.10,166.33,151.18,137.93,124.89,112.00,97.58
125.77,141.76,148.81,159.53,164.22,173.05,175.33,180.77,183.81,188.41,192.11,195.78,198.60,197.65,198.09,204.25,210.30,217.11,223.47,223.91,236.40,242.85,252.21,261.23,268.56,275.54,286.09,283.77,286.02,283.99,284.36,277.58,273.54,275.39,271.33,262.57,255.69,249.27,245.81,240.84,236.92,225.14,213.51,203.33,195.88,173.03,165.41,150.24,140.98,127.88,113.60,95.29
109.37,121.49,128.89,135.06,142.79,148.68,153.94,158.60,160.53,166.17,167.57,171.17,173.18,176.15,176.14,182.19,188.68,193.93,199.48,203.81,211.87,223.54,226.92,237.80,245.72,253.58,262.61,266.10,267.27,267.87,267.29,261.70,256.67,258.16,250.01,243.66,238.21,229.56,225.20,218.63,212.06,195.63,188.40,179.79,168.32,145.17,135.64,124.35,110.39,99.40,89.09,78.16
108.67,123.85,127.44,137.18,141.44,149.21,153.42,158.27,160.33,163.89,167.82,171.40,175.10,177.05,176.30,182.63,187.83,194.49,199.25,201.10,213.85,220.81,228.73,236.08,244.79,255.73,265.22,261.02,266.99,265.38,265.01,260.57,255.98,259.33,251.05,244.01,237.08,227.18,223.44,215.29,208.69,196.24,185.81,176.48,166.21,145.34,135.25,119.00,109.77,100.81,88.65,75.29
111.83,122.15,130.25,137.06,142.86,150.69,154.46,159.02,161.30,166.60,168.12,173.22,176.50,178.53,179.21,183.31,187.32,194.25,199.61,202.27,213.94,219.66,229.84,236.28,244.05,254.62,264.60,262.03,266.09,266.09,264.15,260.46,254.97,255.80,251.06,241.66,234.31,227.74,221.03,216.33,207.55,196.86,186.27,174.84,165.85,143.61,133.60,116.85,109.77,99.62,86.27,75.27
110.72,123.11,128.44,134.81,142.84,151.48,154.56,159.77,161.82,164.01,168.50,170.43,175.37,177.99,179.48,183.56,186.59,192.10,197.40,202.42,212.27,221.01,227.88,236.54,243.40,251.73,262.00,261.36,266.12,264.12,266.20,259.43,256.40,252.46,246.98,242.70,236.88,226.00,221.47,213.04,208.22,197.31,184.74,174.83,168.66,143.17,130.11,118.85,108.04,97.99,87.86,75.00
125.03,142.69,145.17,152.84,160.63,167.36,170.86,176.23,178.14,183.39,187.04,191.46,193.23,198.06,198.98,204.01,209.68,214.70,221.33,223.02,233.24,241.58,251.79,256.76,265.91,279.69,287.92,283.20,288.02,286.47,287.14,280.44,276.48,279.95,273.00,265.66,262.19,253.19,247.68,244.90,236.91,228.11,215.52,205.20,196.47,175.82,163.25,146.41,134.54,120.93,110.60,98.06
114.86,127.28,133.24,141.87,148.93,157.20,160.65,164.64,167.09,172.82,175.42,178.28,183.41,185.19,186.70,191.64,195.93,201.78,207.51,211.22,220.78,232.11,238.11,246.00,252.96,266.02,277.04,272.84,278.78,276.73,278.76,272.26,268.29,267.00,262.49,251.64,249.70,237.78,233.81,227.00,219.18,203.38,193.57,181.47,172.41,150.40,137.30,122.49,112.16,102.02,90.80,77.47
115.88,127.48,133.36,143.41,149.40,157.69,161.62,163.98,168.11,173.08,175.42,179.20,184.68,186.02,186.68,192.51,196.03,202.47,208.69,210.44,220.69,231.23,238.65,247.11,254.77,266.32,276.01,273.03,276.55,276.47,275.22,268.49,265.80,268.21,260.69,251.29,246.00,235.64,231.37,225.11,217.81,203.59,190.52,179.54,172.00,149.91,140.16,123.94,114.87,101.83,90.45,78.77
122.64,134.95,141.68,150.57,159.67,166.87,170.26,175.00,175.82,181.00,187.52,186.82,191.21,194.64,198.36,199.38,203.19,210.04,216.45,219.86,233.47,239.43,250.49,257.34,267.42,277.46,288.46,286.84,292.50,291.45,290.95,286.02,283.05,280.89,275.19,267.81,262.43,257.62,253.66,243.39,237.07,227.38,211.95,202.41,192.17,168.44,157.26,140.46,129.00,114.61,105.42,89.84
121.75,133.06,141.16,148.35,156.44,165.08,170.21,172.00,176.47,177.05,179.81,182.83,184.46,186.04,188.04,193.04,196.22,201.79,205.06,208.14,219.86,224.98,233.07,239.04,247.32,256.07,266.08,259.79,265.41,262.65,261.55,258.97,256.16,257.87,252.97,245.62,242.40,237.76,234.08,227.79,224.29,218.01,209.51,198.60,194.18,177.99,169.94,153.33,143.00,131.21,121.59,106.37
118.21,131.93,140.26,148.41,154.03,162.86,167.36,171.96,174.35,179.08,182.61,186.40,190.78,192.75,192.03,198.59,202.18,211.07,216.30,216.23,230.33,239.15,247.64,256.63,264.15,275.41,287.90,285.71,290.88,289.70,287.72,283.20,279.18,282.26,274.99,264.97,258.86,247.42,242.14,235.53,227.20,213.08,203.42,191.31,181.28,155.39,145.91,126.81,117.24,105.55,93.39,82.66
121.83,134.83,142.02,152.64,159.26,166.90,170.84,176.30,177.07,180.49,184.17,188.81,191.02,193.26,196.65,202.07,206.24,211.44,217.71,223.79,233.79,240.25,248.62,259.43,266.34,274.93,287.14,286.78,288.00,287.17,286.57,279.87,278.26,276.93,273.12,264.78,259.79,251.98,248.68,244.00,238.20,227.30,216.07,205.41,198.59,175.23,162.44,148.03,136.50,121.30,111.61,94.63
120.17,133.99,139.62,147.35,155.54,164.14,167.09,169.76,172.26,177.41,183.08,184.09,188.18,191.88,194.47,199.02,199.91,207.15,214.37,220.17,227.43,237.70,246.92,252.68,260.25,272.44,287.45,283.67,288.78,291.03,288.59,283.40,277.91,275.54,272.01,262.37,256.83,248.21,243.04,234.68,224.76,213.81,198.66,187.95,178.73,155.59,143.78,128.02,114.98,102.88,93.21,84.31
119.08,132.57,139.74,147.80,153.15,162.39,166.24,169.65,172.90,178.21,178.87,183.70,189.62,191.38,193.06,197.41,202.04,209.25,214.84,218.11,228.55,237.23,247.11,254.28,264.49,274.42,287.29,280.94,286.63,286.92,287.98,280.53,277.32,277.08,271.66,264.37,258.06,248.00,243.58,235.03,226.59,212.40,200.82,186.27,178.06,153.57,141.45,127.22,117.02,104.92,91.35,78.45
118.27,130.86,137.06,144.73,151.86,161.01,162.83,169.01,172.24,175.57,177.54,183.27,187.26,188.61,191.03,195.17,200.36,206.90,210.24,217.92,227.56,235.75,244.91,252.69,263.42,271.05,283.75,280.23,284.09,282.58,285.92,277.52,275.18,274.57,270.82,263.40,255.04,243.50,238.60,232.36,224.02,206.89,200.23,184.48,176.64,151.35,139.13,124.02,114.59,104.80,90.87,79.00
118.15,133.54,139.39,148.00,156.39,164.58,167.71,172.19,174.61,179.40,180.31,183.24,187.13,188.82,193.21,196.81,200.86,205.04,211.12,216.91,225.81,241.47,244.25,256.56,265.55,274.12,284.68,285.18,287.85,283.11,284.40,280.47,279.42,278.93,270.88,261.82,258.69,253.24,247.46,239.76,233.24,220.06,209.17,198.17,189.71,163.71,150.10,141.03,125.36,112.07,102.32,89.20
112.65,124.78,131.94,140.00,145.99,154.30,156.68,162.80,165.39,168.00,172.07,175.60,178.92,180.36,182.01,187.26,189.99,197.87,203.54,204.63,216.09,223.66,233.23,242.40,247.52,260.87,270.75,265.48,270.56,272.36,270.77,265.14,262.32,262.91,257.62,250.02,245.11,234.31,229.26,220.20,214.22,202.30,190.16,179.04,170.76,148.19,133.99,121.40,109.84,98.81,88.29,74.33
113.99,128.08,131.24,141.77,148.41,156.89,160.86,164.20,168.36,171.40,175.93,177.25,182.69,184.10,185.00,190.56,194.91,200.77,207.39,209.48,221.46,229.30,239.28,246.81,253.95,264.59,277.36,275.22,279.30,278.22,279.81,271.89,269.07,271.05,262.77,255.05,251.80,242.39,235.51,228.16,221.85,205.92,194.34,184.69,174.04,150.21,140.13,122.33,112.70,101.83,90.25,77.03
115.00,125.80,132.44,139.74,147.85,157.11,158.76,163.51,166.47,170.60,175.23,176.23,179.72,180.97,181.74,188.43,192.11,200.16,205.57,209.41,219.42,226.27,237.23,246.48,253.16,262.65,273.10,275.12,279.41,276.92,278.49,272.25,267.87,269.31,261.50,257.77,251.83,241.95,240.10,233.32,226.11,217.04,203.16,195.13,183.10,158.47,150.66,133.96,123.00,109.04,97.14,84.05
113.00,126.76,131.97,140.68,148.45,155.90,159.62,163.41,165.41,169.50,174.24,176.14,181.18,183.58,185.27,189.68,194.10,199.00,203.16,210.26,222.83,227.74,239.21,246.03,256.67,264.88,276.07,275.14,279.30,278.86,281.26,274.52,270.02,268.82,262.09,256.24,251.20,242.53,234.20,227.04,218.29,204.48,196.12,180.94,170.19,148.81,138.40,121.75,109.46,100.65,89.14,76.69
122.64,137.44,145.17,153.11,159.79,167.84,171.64,178.10,179.51,184.46,184.55,190.41,194.83,195.43,198.01,200.90,206.67,214.03,219.27,222.50,232.36,243.19,249.99,258.61,267.87,277.15,287.59,286.50,290.00,287.84,286.94,281.66,281.06,279.87,273.54,266.69,262.62,254.40,251.13,246.73,240.07,228.44,217.94,205.32,198.91,175.33,161.47,148.22,136.72,123.33,108.90,92.66
122.54,136.01,143.13,153.22,159.45,165.20,171.01,178.89,180.24,183.08,186.01,191.76,195.37,196.06,196.66,201.76,207.33,213.96,218.68,219.27,234.08,241.63,251.45,261.40,266.54,276.05,288.21,285.35,290.24,291.67,289.91,283.85,281.30,283.02,276.18,267.27,264.20,252.30,250.00,247.65,241.58,228.04,219.45,209.31,199.75,178.47,165.12,149.03,135.09,125.77,110.11,94.67
124.43,139.46,141.87,150.79,160.01,170.49,174.00,178.00,178.84,181.37,188.30,189.65,191.80,196.37,198.60,202.78,206.24,213.32,217.51,221.60,232.22,239.59,251.46,260.89,266.87,278.33,286.32,286.33,291.25,290.49,290.90,283.49,281.82,278.86,274.61,270.15,265.83,257.03,254.02,245.06,241.46,231.77,217.12,207.85,200.68,179.48,166.21,151.49,139.54,122.49,112.89,95.48
121.43,135.06,140.12,146.49,156.29,164.01,167.72,171.76,174.66,178.10,183.70,185.54,187.49,190.85,193.87,197.21,201.11,206.35,215.84,217.95,230.36,238.82,250.00,256.82,264.00,276.70,289.55,287.50,292.10,291.33,291.80,287.34,285.06,283.30,278.21,270.68,265.05,256.03,254.89,245.08,238.21,230.59,214.97,201.33,192.63,170.07,158.53,142.69,127.02,117.32,104.56,89.87
113.46,126.44,130.51,139.95,147.14,154.39,156.60,163.13,165.42,169.96,171.81,174.04,177.59,180.24,182.58,186.72,189.10,197.23,199.61,206.62,217.41,226.88,233.39,242.53,249.15,261.52,273.08,269.97,277.08,272.00,275.15,268.80,269.47,267.61,261.35,256.67,249.72,240.02,240.47,231.29,225.75,215.82,205.09,190.55,183.25,159.02,147.96,134.03,120.21,110.16,99.69,85.00
114.27,127.76,138.71,144.70,148.03,161.76,162.74,168.18,170.70,172.65,179.61,182.02,185.28,184.98,187.88,193.41,196.21,201.33,207.35,211.62,222.80,233.09,240.21,247.41,257.94,263.82,275.36,274.45,280.37,275.94,277.46,271.36,269.97,271.18,262.62,260.93,254.66,245.39,243.98,236.18,233.31,220.99,210.00,199.67,192.46,170.16,156.73,143.67,130.21,119.11,109.04,91.42
111.54,137.28,140.94,155.03,169.37,170.41,171.76,175.21,179.74,182.80,187.88,190.01,193.68,197.52,197.57,200.74,206.29,213.03,217.81,222.10,227.90,237.54,242.99,253.54,261.22,266.92,275.49,275.33,275.63,276.12,274.48,268.70,265.14,264.78,259.05,253.55,246.55,240.60,239.83,232.86,226.45,217.02,208.43,197.50,188.37,167.93,158.05,144.75,134.16,120.83,108.72,93.74
115.52,129.87,135.60,143.84,152.19,160.59,162.79,167.59,170.29,173.74,174.98,179.11,182.33,185.78,188.37,192.96,193.31,202.77,206.12,210.77,222.14,228.55,238.72,245.51,254.02,263.10,274.57,273.56,279.06,274.80,277.20,272.25,268.57,265.76,260.26,256.88,254.85,245.46,242.60,233.79,228.97,220.10,209.65,197.16,188.88,169.03,156.60,140.36,128.81,115.97,104.00,92.01
122.38,138.22,144.80,152.59,161.21,170.66,173.67,178.23,182.63,184.55,185.91,190.68,194.88,194.49,198.30,204.12,208.81,217.61,222.81,222.99,233.69,243.59,254.70,260.12,268.20,280.83,291.89,289.03,295.06,293.49,293.83,286.25,284.38,283.79,278.71,272.44,268.49,258.86,255.91,250.15,243.04,233.26,223.04,209.35,200.00,178.22,166.15,149.40,137.82,124.34,111.20,96.14
115.52,129.69,135.83,144.94,152.31,160.26,164.20,166.69,171.19,174.55,177.72,180.24,182.92,186.20,186.99,191.32,196.21,201.56,208.54,212.25,223.08,232.05,236.68,247.83,258.21,264.32,276.62,274.24,278.15,275.76,275.31,272.07,267.76,268.70,263.19,258.44,254.56,246.08,241.00,235.03,231.04,219.05,207.71,197.85,189.69,167.07,156.35,142.27,128.13,114.98,105.34,90.05
113.32,128.72,134.46,141.23,148.95,153.26,157.10,165.32,166.68,174.01,175.60,179.60,181.84,183.88,187.36,192.01,197.20,201.06,207.89,210.00,224.06,230.42,238.91,248.24,255.16,262.01,273.78,274.40,276.66,276.06,276.16,270.13,269.52,269.65,263.03,256.13,253.07,246.45,241.17,237.92,229.90,218.28,208.95,197.45,191.86,166.37,156.85,141.41,132.59,116.28,105.34,90.09
115.95,132.44,137.91,148.50,153.00,160.58,165.68,170.07,173.33,177.50,179.01,182.54,188.05,187.63,187.52,194.79,199.30,207.08,212.36,212.94,225.23,231.46,241.35,249.65,258.00,268.73,279.08,277.46,281.79,279.32,279.97,273.88,271.40,273.03,266.58,260.80,256.07,247.03,246.13,239.10,234.39,219.92,212.61,200.20,192.85,170.82,159.03,143.18,131.59,120.10,103.45,88.05
117.00,130.25,138.60,145.91,152.80,160.70,167.07,170.75,172.53,178.68,179.23,182.70,187.54,188.10,188.73,194.88,200.57,207.18,213.78,213.24,224.35,232.78,244.20,252.05,259.09,268.16,279.11,278.72,282.72,282.33,279.55,273.12,272.53,276.88,268.07,261.54,256.26,247.27,246.05,240.52,233.50,222.11,212.57,200.17,193.55,172.68,158.62,144.09,132.14,118.85,104.66,87.64
112.29,126.40,131.19,140.89,147.53,155.24,158.15,162.05,165.05,167.61,173.30,174.07,177.55,182.10,182.32,189.19,189.59,197.77,201.66,207.35,219.74,228.41,234.83,243.19,250.55,264.21,275.81,271.32,280.40,276.35,279.03,273.53,269.90,268.89,262.55,255.86,252.24,239.52,240.02,231.94,225.58,215.23,198.12,188.22,182.04,159.39,144.55,127.61,118.34,104.24,95.21,82.07
112.16,126.25,130.65,139.40,148.19,154.21,158.29,161.28,165.05,169.37,171.96,176.82,180.49,179.63,180.69,186.56,191.97,198.66,203.35,208.12,217.45,226.45,235.02,244.76,251.75,260.72,272.24,275.05,279.63,277.61,276.38,272.95,270.17,267.08,260.46,255.89,250.29,241.92,238.30,231.69,225.98,211.68,201.02,187.83,177.89,155.91,141.65,126.53,117.27,106.44,95.43,81.04
113.30,126.48,132.97,141.40,148.19,155.86,159.39,165.15,166.11,171.09,172.86,178.22,179.94,181.02,184.48,189.45,193.85,197.40,205.97,208.87,221.35,227.71,238.10,245.72,255.00,266.58,277.61,276.59,283.65,279.37,280.72,274.39,272.20,272.27,265.86,257.40,256.49,246.20,240.69,236.52,229.42,218.01,202.48,192.28,185.83,161.79,146.32,134.42,120.90,107.04,97.58,80.81
114.14,128.79,133.60,144.06,152.41,158.86,164.12,167.31,169.43,173.22,179.23,181.11,182.91,186.13,188.86,194.29,196.82,202.25,209.31,212.36,224.70,231.29,242.13,248.89,258.07,270.33,280.41,277.07,280.09,281.51,280.45,275.19,271.49,274.91,269.06,259.77,259.24,250.33,245.12,238.73,232.66,224.84,212.00,200.19,193.00,173.00,160.07,144.73,130.25,116.73,107.81,92.36
116.52,131.48,135.45,144.84,152.90,160.18,163.96,166.11,170.74,175.11,180.45,181.07,185.31,187.22,189.50,195.02,197.50,204.48,211.90,214.15,222.28,233.45,243.53,249.37,258.15,269.06,280.11,277.35,284.11,285.57,282.43,277.02,276.92,274.64,268.99,260.86,257.40,252.60,249.39,240.30,235.52,225.20,212.14,203.38,192.61,170.30,161.08,146.10,131.03,116.50,104.92,91.24
114.23,129.42,135.15,144.17,149.91,160.08,165.05,168.15,171.41,174.26,178.00,182.73,184.88,186.51,187.41,194.49,198.91,207.18,212.85,213.59,226.37,231.81,241.61,249.29,259.04,270.03,279.95,278.33,285.81,281.82,284.01,276.37,273.47,276.82,269.64,263.46,260.51,248.82,249.51,240.00,237.19,223.83,214.98,203.35,194.02,171.03,158.37,146.29,131.64,122.10,106.30,91.18
117.55,132.14,133.33,143.56,148.56,157.46,162.02,164.20,169.16,173.93,180.68,182.66,183.83,187.80,185.81,194.74,197.31,202.48,210.43,212.98,223.38,230.03,242.72,251.96,258.86,271.19,280.58,276.15,282.45,281.78,281.31,274.64,275.05,275.04,269.02,262.18,258.26,249.24,247.40,238.30,232.08,225.04,211.81,202.25,193.22,171.23,160.65,145.12,132.26,119.47,107.04,93.90
111.73,128.75,133.96,146.77,149.40,155.47,157.00,163.81,167.04,173.65,174.05,180.35,180.03,181.22,186.82,192.76,197.31,202.08,207.41,209.80,221.01,226.83,238.03,248.56,258.21,266.00,279.59,279.89,283.80,281.78,286.30,279.55,276.16,275.96,268.42,264.71,258.44,247.98,246.43,237.76,232.12,219.89,208.06,197.85,187.26,163.13,151.91,137.03,128.41,115.97,104.39,90.14
118.93,132.77,137.18,147.14,152.27,161.12,163.60,170.43,172.31,174.73,181.46,183.62,185.85,190.44,189.10,197.44,198.04,206.53,213.00,214.67,225.69,234.52,244.19,251.51,260.16,272.48,284.38,278.22,284.02,282.85,284.18,277.25,275.41,277.87,271.55,265.22,260.85,251.68,250.94,241.88,236.54,226.37,213.94,202.28,194.16,175.68,161.48,145.89,133.09,122.00,106.40,91.29
114.40,128.46,132.00,139.52,148.66,158.07,159.52,163.36,166.39,170.56,176.57,177.10,179.63,183.58,185.06,191.13,193.87,200.06,205.53,212.08,221.82,228.12,238.53,244.38,252.41,266.18,276.55,272.81,277.35,278.03,277.58,273.36,271.00,268.43,262.55,256.50,256.26,248.39,248.09,237.21,233.43,223.00,208.02,199.88,191.59,172.68,161.00,144.50,130.51,119.20,107.04,93.43
111.09,124.95,131.23,141.61,146.84,154.64,157.99,164.12,167.11,169.36,171.23,177.20,180.24,181.62,181.59,189.40,192.39,200.41,205.41,208.17,218.36,228.08,233.67,245.77,254.57,261.16,275.26,272.36,278.17,274.09,277.60,269.70,266.55,270.30,262.24,255.77,252.56,241.54,243.96,234.36,231.95,218.51,208.15,195.41,187.77,164.98,152.64,137.91,123.37,116.00,102.46,87.69
123.71,136.85,143.03,152.12,158.64,168.02,172.45,176.95,178.89,184.17,188.06,192.85,196.47,196.82,197.25,202.24,206.20,213.94,217.34,219.48,232.36,237.02,247.34,254.66,265.55,272.05,280.14,277.84,281.02,282.19,281.02,273.31,271.54,273.06,269.27,261.28,254.91,248.08,248.57,243.56,236.91,226.92,218.01,204.71,199.97,178.81,169.12,154.32,142.09,130.83,117.34,103.59
111.22,124.04,131.19,139.32,145.77,154.33,157.71,163.03,165.75,170.07,172.54,178.24,179.79,182.46,182.01,189.68,193.21,198.39,206.00,207.45,217.17,225.33,232.69,242.42,251.46,258.71,269.85,269.48,273.37,272.00,273.42,267.35,264.76,265.20,259.51,252.12,247.63,240.48,239.00,231.23,226.99,214.48,204.06,193.42,185.31,159.00,149.16,134.42,124.62,111.76,99.98,83.76
116.25,129.56,136.69,145.34,150.10,160.33,161.82,167.09,170.48,176.50,179.00,183.87,186.01,187.21,189.20,194.99,198.76,208.19,211.70,214.87,225.61,234.13,240.20,252.45,258.50,267.27,279.02,278.48,283.92,283.05,283.75,275.77,273.79,274.91,268.27,261.24,257.61,248.39,246.83,238.87,236.48,221.08,208.87,199.92,190.79,167.07,153.03,138.03,126.87,115.28,101.12,86.02
114.11,128.06,131.59,141.01,146.37,157.71,158.81,161.04,163.59,167.89,174.59,175.55,179.42,183.00,182.79,191.67,193.00,199.04,203.02,209.40,214.68,225.09,235.44,241.17,251.14,260.95,271.16,268.03,275.50,277.05,273.54,266.54,266.12,266.51,258.80,255.43,252.41,244.71,241.62,232.50,226.89,215.23,204.53,194.25,183.96,161.97,151.20,136.88,125.10,112.09,101.98,84.88
110.57,125.10,133.30,138.22,145.77,154.04,158.29,163.82,167.15,170.85,172.82,178.53,181.84,180.60,182.47,188.83,191.00,199.10,205.06,208.41,218.76,225.94,232.96,243.12,250.14,257.19,268.00,268.82,273.51,272.41,273.22,268.93,265.01,264.87,261.09,252.20,248.21,237.00,237.49,232.05,224.01,214.35,202.47,193.31,183.77,160.75,147.98,132.97,122.61,112.38,98.18,84.15
112.64,125.40,132.02,140.07,145.52,155.00,156.77,164.61,165.48,170.48,174.13,177.91,181.69,182.99,183.53,187.95,193.37,199.46,206.40,205.78,219.32,226.42,234.34,243.98,254.92,260.93,270.14,270.20,274.32,273.76,275.81,268.92,268.96,266.67,262.91,255.08,250.50,242.16,239.08,233.19,228.97,216.02,204.69,193.21,185.65,161.48,149.05,132.61,123.33,110.02,99.05,83.01
115.43,128.44,132.10,141.16,149.81,157.70,162.52,166.93,169.53,171.98,180.19,179.36,181.73,184.84,186.90,192.67,195.17,200.85,207.76,212.51,220.76,228.97,239.82,247.39,253.44,264.85,275.41,272.71,278.22,279.08,278.45,272.12,270.00,268.40,264.19,257.62,255.78,243.63,244.52,235.94,227.86,217.17,202.60,194.74,185.65,163.23,151.05,135.07,119.33,108.78,99.25,86.38
114.02,127.78,135.83,143.18,148.27,157.49,162.05,166.82,171.14,173.37,176.05,181.52,183.92,186.17,187.77,193.75,197.61,204.92,211.19,212.22,222.04,231.64,238.61,248.07,256.48,265.73,273.83,274.59,279.10,277.06,278.21,272.72,268.92,272.17,267.37,256.70,252.98,242.00,241.90,234.83,230.36,217.81,205.78,194.55,187.30,160.52,148.40,134.77,122.20,108.34,99.72,84.50
113.60,125.17,132.83,140.46,146.65,155.94,158.11,165.24,167.05,172.66,174.05,180.24,182.65,183.25,185.18,190.68,195.26,201.47,207.46,208.47,220.66,228.71,235.28,246.63,254.02,258.44,271.02,272.66,275.84,274.12,275.66,271.01,264.46,267.53,261.62,254.59,249.97,241.57,237.70,232.08,226.74,211.01,203.03,193.40,180.85,158.38,145.62,130.91,118.60,105.93,95.34,81.22
112.36,127.42,130.74,140.72,148.33,156.03,159.70,164.26,167.97,171.29,175.62,177.18,179.66,185.06,183.93,191.13,193.79,199.06,206.65,208.61,218.45,225.34,236.58,243.45,250.80,261.47,273.88,268.21,275.27,274.93,273.15,266.58,266.25,267.07,260.46,253.31,249.83,240.87,239.43,231.23,224.13,212.73,199.10,185.32,181.11,157.54,145.72,129.50,117.69,105.11,96.08,80.11
113.53,129.24,133.21,140.52,148.48,157.05,162.60,163.78,169.46,173.10,175.62,180.11,183.36,186.87,188.69,191.44,197.52,201.70,211.23,210.06,221.65,228.45,237.92,246.83,254.66,264.62,274.96,273.44,279.20,277.65,277.52,272.34,267.92,269.70,263.03,257.96,250.32,242.12,240.62,231.95,224.54,213.18,197.80,190.09,179.42,155.76,143.01,128.86,116.04,104.36,93.38,80.45
111.76,126.53,130.75,140.98,146.73,155.36,160.10,165.32,167.84,171.29,175.78,181.16,184.09,185.61,185.32,191.38,195.23,201.14,210.00,208.71,221.06,228.74,238.92,245.22,255.27,260.38,269.92,273.82,276.99,276.97,277.28,272.08,269.26,267.93,263.14,255.71,250.39,242.99,239.37,231.91,229.14,215.50,202.60,190.82,184.25,159.13,145.99,131.75,119.57,107.35,95.21,78.75
124.33,138.92,147.87,156.92,164.22,171.84,176.03,183.37,183.81,189.53,192.85,197.40,199.30,200.00,201.08,206.47,212.66,217.02,222.99,225.06,233.38,241.00,245.80,257.24,264.47,269.32,276.89,278.37,278.35,277.46,277.27,270.80,268.00,267.20,262.55,256.72,251.45,243.31,243.74,240.42,234.62,226.04,218.44,209.88,202.47,181.03,170.32,158.15,145.80,131.59,120.54,104.40
126.49,139.32,148.76,155.39,162.89,173.83,175.96,181.66,183.15,187.88,191.59,196.70,198.34,199.62,200.86,207.12,210.44,216.11,223.00,222.31,230.85,240.00,247.40,256.60,263.10,269.74,276.59,274.96,278.61,276.59,276.84,269.05,265.02,266.90,262.57,256.53,251.51,243.77,243.25,236.10,234.05,223.45,215.93,206.31,200.20,181.14,167.92,156.85,145.22,133.72,120.80,104.35
115.02,127.02,135.09,144.31,149.11,160.07,161.60,167.59,171.40,176.14,175.76,182.72,185.95,187.56,188.14,195.43,198.84,207.69,211.59,213.59,224.44,234.48,238.95,249.83,259.47,262.39,274.36,275.27,279.18,275.50,277.97,271.19,270.06,270.74,263.37,256.36,251.91,242.89,241.13,232.56,226.26,210.24,202.31,189.19,178.22,154.99,142.27,125.20,114.02,101.51,89.81,76.84
117.80,129.71,138.00,145.77,154.16,162.31,165.08,168.22,171.97,176.32,182.46,184.77,186.56,190.83,193.40,198.01,201.76,205.64,211.46,217.35,226.29,232.57,246.22,251.08,259.02,269.97,279.09,278.28,282.51,285.08,280.77,277.03,275.59,271.91,267.19,260.36,255.69,248.65,244.40,236.58,226.34,216.67,201.42,191.09,181.02,156.73,145.99,128.28,113.23,102.11,95.89,80.62
111.63,123.91,129.32,137.88,146.89,153.95,155.72,160.65,163.00,168.24,171.82,175.32,178.44,180.07,181.84,187.28,190.60,196.76,204.35,204.71,216.00,223.09,231.70,237.98,246.47,255.34,267.19,264.09,268.13,269.08,267.81,263.14,260.43,260.16,254.57,247.92,244.17,235.31,232.36,223.18,217.12,207.16,193.04,182.86,171.72,147.58,136.12,120.81,109.02,99.01,90.55,74.63
114.59,128.32,134.62,145.25,151.16,159.11,165.64,167.59,174.14,176.34,179.57,183.83,187.04,188.16,190.13,196.46,202.92,208.61,215.24,214.90,228.95,237.17,245.23,254.23,264.09,271.27,282.69,282.70,287.63,287.25,286.11,281.78,280.26,279.73,276.09,265.75,261.88,249.80,248.76,240.60,232.82,218.50,206.17,192.35,182.99,159.02,144.84,129.02,117.39,104.24,93.04,78.16
