3.61,9.85,15.00,20.00,25.55,39.20,47.01,87.09,115.83,145.09,167.09,180.89,192.35,198.41,207.01,213.19,222.75,228.43,236.40,239.93,245.80,252.22,259.46,260.43,263.52,265.94,263.42,254.64,254.75,247.20,241.32,235.01,226.77,223.66,216.36,211.60,205.12,199.68,195.06,191.11,186.45,179.81,174.01,168.29,162.29,152.09,147.12,138.22,128.60,118.73,110.82,99.69
18.60,23.71,34.01,38.08,44.65,50.25,61.68,85.09,92.97,113.72,130.12,148.86,172.07,190.17,200.63,210.22,221.78,226.63,234.10,238.95,245.07,251.70,259.46,260.63,262.68,267.79,261.11,255.14,252.12,249.21,241.17,234.36,228.40,225.38,218.29,213.22,205.87,201.08,195.48,193.37,187.54,179.39,174.40,167.74,159.01,151.75,144.46,135.88,126.76,117.89,111.00,99.86
5.66,9.49,14.14,16.12,25.94,36.07,41.88,82.15,113.64,140.43,164.21,179.85,191.23,199.48,207.42,214.37,221.21,228.85,233.08,240.11,246.22,251.25,258.49,258.38,262.48,264.68,261.20,255.34,254.15,247.58,241.60,233.81,228.84,223.62,217.25,211.65,206.65,200.96,196.50,189.65,187.62,179.72,173.36,169.10,163.05,151.63,146.29,136.49,125.78,119.05,110.64,100.24
8.00,8.06,13.93,18.38,25.00,30.87,41.01,79.16,105.38,136.17,156.01,171.84,183.62,186.60,195.92,202.54,210.20,216.60,222.16,224.54,230.23,235.67,243.98,246.42,247.94,251.35,247.20,239.20,238.44,236.22,227.72,221.82,214.76,210.16,205.06,199.25,192.76,189.38,184.62,180.23,176.74,170.47,166.21,160.10,154.06,143.03,138.68,128.39,121.20,112.70,104.48,94.37
5.83,8.25,13.04,17.03,21.95,31.62,41.76,79.12,106.89,136.12,157.08,172.79,184.72,190.42,199.64,205.65,212.57,219.97,224.88,228.62,235.14,242.32,247.16,249.24,252.62,254.92,252.02,244.05,244.18,238.95,232.42,224.20,217.28,213.48,208.63,204.56,196.37,192.42,187.86,183.00,181.62,172.00,168.60,161.77,156.92,146.70,139.32,132.41,122.98,113.77,105.69,97.20
8.25,8.06,12.37,17.80,21.21,31.32,37.58,81.99,111.09,142.20,165.22,182.40,192.15,197.65,204.82,213.00,221.58,229.71,233.42,236.18,243.04,249.58,256.60,258.80,262.35,264.09,260.51,254.31,251.88,247.88,242.25,233.94,225.08,222.19,216.62,210.62,203.30,199.20,194.24,190.47,186.00,179.97,174.00,166.83,162.63,151.33,145.17,135.99,128.14,118.70,110.64,99.64
38.29,32.76,12.04,26.93,45.61,58.82,93.54,107.42,103.74,136.53,160.80,179.94,193.87,199.72,208.86,215.98,224.18,230.17,238.95,241.12,248.62,253.39,259.79,261.45,262.49,267.93,264.76,259.83,257.03,252.12,244.25,238.02,229.17,228.42,220.05,216.02,206.34,202.18,198.20,194.15,188.60,183.13,176.47,169.19,165.58,155.21,145.10,138.66,128.44,120.07,112.40,103.32
7.07,8.60,14.04,17.80,23.19,32.76,44.10,85.70,111.02,143.35,166.63,181.34,191.01,197.95,205.34,211.62,220.27,227.20,235.32,236.28,242.40,248.45,255.20,256.56,259.86,263.86,259.56,252.98,250.45,247.75,240.61,232.79,225.47,222.19,216.00,210.64,203.39,199.64,194.43,191.01,186.82,179.78,173.57,166.93,162.41,151.92,143.28,136.12,126.61,119.89,109.33,99.20
75.29,83.55,92.20,98.08,105.95,108.07,105.48,86.88,75.66,81.02,101.97,116.21,134.08,140.03,147.83,151.34,161.38,166.72,167.87,169.59,168.24,172.19,173.00,172.00,167.24,165.89,158.90,152.74,145.84,144.78,138.00,131.76,123.66,121.00,114.59,114.21,110.54,107.20,103.32,102.34,99.86,93.94,90.61,91.21,90.43,93.47,90.27,88.29,86.68,82.01,79.16,71.03
9.43,8.00,11.31,15.30,23.41,34.66,44.60,85.38,110.69,142.58,164.40,176.98,191.13,196.89,202.98,210.02,221.22,227.27,231.60,236.78,243.51,248.29,256.74,257.90,259.61,261.84,260.75,253.13,248.74,247.00,241.10,232.88,225.00,220.51,215.70,210.58,203.09,198.17,194.65,188.48,185.10,177.34,172.24,168.58,162.29,151.08,144.10,135.91,127.28,118.33,110.04,101.24
7.00,10.00,15.30,19.21,24.74,32.25,41.76,93.60,121.94,149.70,170.07,183.39,195.92,200.66,208.97,216.60,223.61,232.43,238.62,243.77,247.88,254.24,263.03,265.75,266.72,268.40,266.31,259.63,257.26,252.96,244.20,237.47,228.37,225.73,220.27,214.11,207.89,201.94,198.16,195.02,190.44,182.49,176.49,171.83,165.85,155.12,147.96,138.57,130.23,118.70,112.16,103.45
11.18,11.40,13.89,17.72,23.77,33.42,43.05,88.07,120.30,149.77,169.04,188.04,199.12,204.47,213.04,221.05,227.30,237.77,242.84,245.69,251.37,261.05,264.71,267.24,271.30,274.24,272.05,261.09,261.62,258.50,249.66,242.21,232.38,230.52,224.38,218.30,211.01,205.43,200.69,198.01,193.49,184.09,182.22,175.51,169.03,156.26,148.00,142.30,132.28,124.04,116.25,104.29
10.00,10.82,12.17,17.89,20.25,30.41,41.23,80.28,110.02,135.98,155.56,172.03,181.80,185.93,191.38,200.21,208.00,217.04,222.38,223.61,228.55,236.01,242.16,243.15,245.66,251.09,246.27,238.65,237.64,236.21,227.34,220.08,212.87,210.38,205.36,198.57,192.90,185.61,182.52,180.85,175.35,169.14,164.47,160.18,153.81,144.13,137.48,128.50,119.75,113.30,106.02,95.08
8.25,9.43,15.52,19.21,25.08,34.79,49.82,95.08,122.18,150.08,169.85,185.07,196.40,198.81,208.61,215.60,222.95,231.05,237.31,238.30,246.86,252.29,259.98,262.19,263.21,267.93,265.19,256.56,252.35,250.46,243.61,234.65,227.73,226.32,218.55,213.35,205.41,203.03,195.58,193.83,189.03,179.54,175.05,170.29,165.34,153.18,145.13,138.81,127.63,120.97,113.60,101.32
8.54,12.53,15.23,18.44,29.00,36.67,47.07,88.02,118.19,149.80,169.76,182.04,194.65,199.54,207.48,214.11,221.68,230.84,236.40,240.09,245.73,252.67,259.86,260.89,264.69,265.38,262.19,255.41,257.12,249.07,245.90,235.85,228.83,225.20,217.10,213.06,207.13,203.06,197.87,191.80,187.83,180.49,175.01,170.07,164.65,154.78,145.60,138.00,129.40,119.62,113.16,102.11
76.38,88.26,93.54,98.79,106.53,112.61,106.89,87.92,77.93,87.09,108.37,124.92,144.05,148.06,153.06,159.36,166.47,169.74,174.75,176.71,174.75,175.11,180.19,178.88,171.82,169.10,164.18,153.72,148.95,146.09,139.56,134.36,130.00,128.08,121.75,114.49,147.28,126.85,133.96,101.13,103.00,99.32,94.37,93.94,90.96,92.72,89.82,87.86,86.93,83.22,80.45,71.11
8.94,9.22,14.04,18.38,28.86,34.53,45.18,94.43,127.58,153.01,171.47,185.32,197.37,203.67,209.91,216.21,224.04,231.64,239.03,241.85,246.72,255.07,260.50,262.09,264.52,268.88,265.12,257.77,256.56,253.21,244.66,237.69,229.98,226.21,219.37,216.01,206.71,201.64,196.65,193.60,187.80,179.67,176.18,170.75,165.89,153.01,147.09,138.51,127.78,121.31,111.65,100.88
8.54,7.07,16.28,18.11,25.94,41.11,45.28,97.08,117.28,141.69,160.75,170.94,184.11,190.26,197.40,202.09,210.61,218.00,221.47,227.14,233.42,240.19,246.08,247.33,251.43,252.49,251.07,245.23,241.40,237.17,230.87,224.15,217.01,212.72,207.51,202.25,196.64,191.85,187.95,182.17,179.03,172.70,166.48,160.59,155.05,147.05,138.24,130.00,121.76,113.51,104.94,95.38
8.54,10.00,12.04,18.44,28.64,38.21,53.85,96.90,126.61,151.61,173.25,186.68,197.59,201.90,211.74,217.49,227.70,233.86,241.37,241.01,248.36,254.26,264.28,263.77,266.54,273.00,267.15,260.00,257.62,255.41,244.49,238.65,232.05,228.37,221.36,216.78,207.89,204.47,199.58,195.60,189.86,184.72,177.79,171.90,165.06,156.12,148.63,139.85,129.40,120.81,111.16,101.64
18.36,23.02,26.83,30.48,39.56,49.16,52.92,76.49,93.94,113.32,137.23,159.91,180.69,191.41,204.73,213.55,220.64,232.65,236.23,240.35,246.98,252.83,259.36,262.07,265.20,268.56,264.49,254.88,254.12,249.72,241.48,235.44,229.16,225.89,218.58,211.36,206.12,198.60,196.06,190.68,187.00,179.97,174.41,169.65,161.72,151.85,145.72,136.40,125.94,120.83,109.04,100.22
20.10,24.19,26.63,31.26,36.25,41.73,50.70,74.04,85.21,106.04,126.09,157.00,175.26,185.32,198.60,206.65,216.45,226.51,230.70,235.03,240.47,247.39,254.33,254.54,257.03,259.62,258.69,251.91,249.07,244.90,234.58,230.29,223.57,220.64,214.71,209.31,200.32,193.55,192.44,188.82,184.20,175.89,172.35,163.00,159.70,149.79,141.66,134.21,124.91,116.52,107.49,98.84
8.49,7.81,12.37,18.79,30.00,36.67,48.51,98.23,123.07,145.00,165.89,179.47,189.06,196.06,204.27,212.14,218.16,225.20,231.37,236.14,242.43,247.84,253.75,256.22,259.92,263.18,256.22,253.85,251.31,245.60,240.85,231.45,223.65,219.67,213.60,209.07,203.09,197.74,194.16,188.25,183.10,180.16,172.47,166.15,161.40,151.79,143.41,135.15,126.50,117.71,109.60,98.47
7.07,9.43,12.65,17.46,26.25,37.36,46.01,92.11,118.09,142.84,162.11,175.51,185.83,190.38,198.88,206.17,211.77,220.20,224.93,229.51,234.34,241.81,246.78,248.85,251.92,256.16,252.76,243.48,242.25,238.93,233.38,225.11,216.60,215.86,208.57,202.70,196.82,192.51,187.54,183.04,181.01,170.66,167.86,161.28,157.87,144.92,138.08,130.75,122.58,113.90,107.34,97.02
6.71,8.00,13.45,18.38,29.27,38.01,46.75,87.69,112.45,139.49,159.77,172.79,185.88,193.04,199.42,207.24,213.12,221.10,225.57,229.84,233.89,243.31,246.94,249.88,252.11,257.30,254.13,245.31,244.46,240.21,232.96,224.54,217.00,216.17,209.26,204.16,197.52,192.51,187.54,185.56,181.89,172.74,167.19,162.16,156.85,145.78,140.09,132.56,123.15,116.02,106.48,97.62
19.10,22.36,32.20,31.62,42.95,57.71,72.95,129.27,148.39,168.00,182.65,196.79,209.09,213.51,221.82,230.43,237.78,246.08,253.14,255.05,264.11,270.15,278.84,277.41,281.46,286.67,282.78,273.54,270.84,267.01,257.28,248.71,241.92,241.30,232.44,225.28,215.93,211.86,205.30,201.00,194.46,188.31,183.73,177.48,170.04,158.90,151.72,143.68,133.02,124.92,114.87,103.59
18.68,23.02,30.87,29.73,44.29,56.57,70.61,125.54,144.78,163.44,179.40,190.92,203.89,210.23,219.13,227.22,233.39,239.53,248.34,248.65,259.05,264.52,271.53,272.95,274.85,278.30,275.44,266.65,264.26,260.02,252.80,244.75,236.00,233.38,224.40,220.20,212.30,208.54,201.47,195.47,189.52,185.00,177.87,172.59,166.21,156.46,149.83,138.65,130.11,121.71,113.14,101.79
6.00,8.06,12.81,18.11,24.41,32.45,41.76,91.09,116.62,142.27,161.72,174.94,186.57,191.85,198.12,205.41,213.33,219.11,226.36,227.30,234.33,240.19,247.41,249.11,250.05,255.63,252.41,242.89,241.51,239.27,230.49,223.89,217.41,215.11,210.24,201.49,196.42,193.09,186.95,182.92,179.35,170.48,167.71,162.73,158.42,145.12,138.19,130.91,122.25,114.02,105.70,96.18
7.07,10.77,11.40,18.38,25.32,33.12,41.04,90.09,115.35,139.01,161.19,171.97,181.96,189.02,195.92,204.16,209.09,216.97,222.28,227.07,230.54,237.76,243.02,247.46,250.05,253.21,247.78,241.40,241.30,235.19,231.47,223.79,214.02,213.19,204.88,200.94,195.27,190.69,187.38,181.03,179.36,171.27,165.85,160.59,156.16,144.40,138.45,130.77,121.33,113.22,106.15,95.86
7.07,7.28,10.82,18.38,27.66,38.01,50.22,91.44,120.93,153.16,173.46,191.40,199.48,205.38,213.59,223.57,232.24,240.01,246.40,246.56,252.66,260.72,269.31,269.61,270.23,277.25,272.80,265.34,262.07,257.31,250.11,243.82,233.91,231.86,226.00,219.26,211.12,207.71,203.09,198.39,195.24,186.12,181.08,172.61,168.68,158.32,149.65,142.89,132.14,123.65,113.11,103.37
7.81,9.43,12.65,19.70,27.29,37.66,45.28,92.96,119.20,151.64,172.36,187.46,201.20,206.00,212.46,219.87,227.69,236.01,242.76,243.61,250.29,256.83,264.80,265.16,268.70,272.01,269.16,260.30,258.43,255.07,246.76,239.62,228.76,230.02,222.25,217.38,212.25,205.53,201.26,194.76,193.00,183.85,178.47,172.82,166.74,156.12,148.93,143.21,131.89,121.08,114.04,104.06
10.00,9.49,11.40,18.25,31.11,35.36,44.91,87.32,120.07,152.40,174.66,190.59,200.56,206.83,216.10,222.73,229.87,238.17,244.81,248.82,255.89,262.16,269.16,271.31,272.87,276.84,273.56,264.32,263.42,256.14,251.34,245.45,234.83,230.79,223.29,219.46,213.71,209.40,203.84,198.65,193.08,186.82,179.63,175.33,169.30,157.62,150.75,141.77,132.02,125.30,116.36,105.55
10.77,10.63,14.04,19.21,30.27,39.46,47.41,90.48,117.27,144.68,174.56,189.19,200.77,207.51,213.93,221.77,232.05,240.10,243.82,247.26,252.64,259.92,267.53,271.03,273.91,276.10,271.56,265.00,264.02,258.50,252.41,242.74,235.42,231.62,225.32,220.31,212.43,206.61,201.63,198.46,193.55,186.69,181.80,176.32,169.50,157.71,151.61,142.17,130.39,123.00,115.87,103.48
8.49,9.49,9.85,16.49,28.32,38.95,43.42,83.01,111.04,142.36,167.26,180.28,189.59,197.59,205.06,214.14,219.49,227.64,231.86,237.01,243.19,248.91,255.26,255.88,259.03,261.40,258.80,252.96,251.15,245.29,240.38,232.11,224.10,222.00,212.29,209.46,202.15,198.17,195.04,187.56,184.10,177.88,172.36,166.35,162.56,150.03,144.59,135.09,125.87,119.10,109.59,97.74
7.62,8.60,11.40,17.46,24.60,36.50,44.91,79.93,99.02,134.48,156.52,170.66,179.48,187.21,196.79,201.16,209.20,215.36,221.05,225.14,230.50,236.21,242.33,244.76,247.07,249.61,246.22,239.94,239.27,231.25,227.04,222.17,213.18,209.15,201.68,199.90,194.18,188.85,185.00,179.77,175.05,170.70,163.36,158.77,154.67,142.64,135.01,128.41,120.10,111.65,104.39,93.39
7.00,7.62,10.44,15.23,24.02,32.70,40.61,77.49,104.92,136.00,157.41,170.77,180.94,187.77,196.66,203.21,208.85,215.62,219.11,226.51,230.00,237.93,244.10,243.87,245.90,249.19,245.51,240.42,239.08,234.20,229.11,219.33,212.94,210.88,202.20,198.81,193.02,188.13,184.36,180.25,176.39,169.75,164.47,158.71,154.04,144.17,135.91,129.12,120.07,112.72,105.55,93.94
5.39,8.49,11.00,16.97,22.56,33.14,40.80,77.79,104.04,136.42,157.17,170.29,180.71,186.60,193.55,202.87,210.54,219.24,221.93,225.08,231.05,236.52,242.54,243.25,246.83,251.03,247.42,239.30,239.64,235.31,227.80,220.78,212.23,211.29,202.36,199.18,192.90,188.85,184.45,178.44,176.82,170.00,165.42,158.32,154.56,142.68,136.44,129.07,119.95,112.54,104.39,94.26
7.07,9.43,11.70,20.00,28.07,36.69,48.01,87.64,117.00,152.32,173.95,190.03,202.18,207.62,216.90,224.96,230.49,241.92,243.25,247.63,254.02,263.49,265.98,271.27,272.08,276.93,274.05,264.51,266.09,256.97,252.42,244.00,235.72,232.17,223.81,220.86,212.98,208.75,203.68,197.43,195.82,187.86,182.04,174.72,169.50,157.81,150.00,143.02,131.89,125.24,114.35,104.36
9.22,6.08,13.89,13.60,22.02,33.54,41.98,75.59,101.18,132.01,156.47,169.96,182.79,185.53,196.35,201.90,207.47,215.67,220.05,222.41,228.35,235.46,240.35,243.21,244.81,249.39,245.73,238.21,238.30,233.09,226.81,218.59,210.49,208.66,202.87,197.49,190.87,186.69,181.84,179.45,174.41,166.44,163.92,157.81,152.32,142.84,134.12,127.32,118.70,109.66,103.87,95.05
6.71,13.45,16.16,19.42,41.68,47.01,44.05,75.66,112.16,144.09,168.02,188.68,205.70,211.90,222.04,228.48,235.72,241.07,249.18,255.28,261.84,267.97,275.39,277.71,280.86,284.70,282.82,275.44,271.83,267.56,257.18,249.51,241.35,239.13,230.95,225.94,219.99,213.02,209.55,201.30,199.58,193.35,186.30,178.23,174.14,163.42,155.64,146.51,134.16,130.25,117.61,107.97
7.81,10.82,16.64,20.40,29.00,40.25,51.20,90.82,121.79,150.15,178.44,195.89,205.01,212.25,220.02,227.90,239.00,246.34,253.71,254.67,261.23,267.17,275.02,277.03,279.12,283.59,279.26,272.81,269.31,265.63,258.38,250.06,242.13,239.71,230.90,226.02,218.83,215.14,209.46,205.09,198.76,192.08,185.26,180.60,174.14,162.23,155.66,146.40,135.98,127.04,118.85,108.25
5.10,9.22,13.00,17.20,25.08,33.62,42.80,78.55,102.18,128.06,154.06,167.84,180.95,185.92,193.61,201.31,208.25,214.17,220.82,222.41,227.41,235.71,240.47,243.31,246.78,246.07,246.01,238.60,235.48,232.24,224.32,219.91,211.57,209.75,201.59,197.20,190.55,185.83,183.79,177.42,173.77,167.59,162.29,156.54,152.21,141.78,137.24,128.02,117.71,111.02,104.71,93.51
8.49,10.44,15.81,19.03,28.65,39.70,47.01,86.00,115.74,142.09,169.06,187.30,199.25,207.93,218.66,224.54,232.48,237.12,242.49,247.99,255.42,261.73,269.67,271.49,273.00,274.03,273.00,266.00,264.47,259.02,253.19,242.79,235.33,233.06,224.01,218.16,215.00,210.19,204.00,199.25,194.88,189.41,179.74,174.73,169.68,158.05,152.55,143.18,133.66,124.33,115.12,104.35
5.39,12.53,20.00,32.31,48.92,64.88,83.22,135.93,156.16,174.73,193.22,202.92,212.19,219.32,228.37,236.28,246.13,251.83,259.08,260.72,270.85,278.17,283.44,288.73,290.95,292.62,288.90,281.11,278.74,273.22,266.37,259.47,251.46,245.75,235.94,232.02,223.65,220.20,212.36,207.06,201.72,195.87,187.54,181.22,176.01,163.92,156.12,147.32,138.35,126.06,118.53,107.81
8.00,8.94,14.56,21.40,28.07,40.26,47.01,86.76,117.64,149.00,173.97,194.20,204.88,213.22,219.86,229.30,235.94,245.28,250.92,253.51,258.99,268.92,272.25,274.53,278.00,284.41,280.81,270.56,268.75,264.05,257.17,248.29,238.03,239.78,229.09,226.11,216.90,212.23,207.91,203.10,199.55,190.17,184.95,179.33,174.00,161.53,155.26,146.70,136.12,127.14,119.08,107.20
5.39,9.22,15.30,21.21,30.41,41.44,48.47,86.40,113.02,142.72,171.61,186.78,202.01,207.71,217.35,224.19,235.08,240.71,246.86,250.14,254.66,263.50,270.03,272.25,273.40,278.62,272.31,265.20,265.80,259.08,251.05,243.56,234.96,234.02,225.14,220.74,215.87,210.21,205.04,198.95,195.74,186.59,180.31,176.47,169.53,158.86,150.65,144.10,134.47,125.64,115.52,104.81
6.08,8.06,13.04,18.03,26.48,33.60,44.42,73.68,98.90,127.14,152.75,169.50,180.71,188.07,196.47,203.03,208.60,214.27,219.13,224.29,228.98,234.29,241.48,243.13,245.01,247.41,245.73,239.30,237.50,233.34,226.93,221.40,211.97,209.47,201.10,197.85,190.97,185.65,183.00,179.01,174.38,168.77,163.45,156.44,152.95,142.17,135.96,128.47,120.81,111.52,104.20,94.09
7.81,8.25,14.14,21.10,30.41,39.05,47.17,86.38,115.43,146.39,171.23,187.41,198.76,208.24,216.02,223.95,231.40,238.32,245.54,249.28,254.61,261.84,268.78,269.70,273.25,276.72,272.97,265.55,263.41,257.51,252.72,244.18,235.48,233.46,225.40,219.01,213.38,209.20,203.60,199.25,193.04,186.90,180.71,174.66,168.18,160.12,150.84,143.01,133.20,124.04,116.78,103.32
5.39,8.49,11.70,18.03,27.20,35.11,42.01,79.76,104.06,128.46,155.91,169.66,181.60,186.22,192.35,201.14,209.51,215.03,220.49,222.85,227.43,233.93,242.14,243.51,245.28,249.77,243.74,238.80,237.67,232.36,225.79,217.47,211.53,207.56,203.42,198.73,191.44,186.27,182.79,178.06,174.77,167.61,163.84,157.70,151.33,141.79,135.83,129.50,118.46,111.16,104.81,94.64
4.47,7.62,12.17,17.20,22.47,35.01,43.57,78.52,104.40,131.61,158.09,171.40,182.20,186.01,193.34,199.58,207.02,216.18,221.63,223.62,231.37,235.05,243.33,244.97,244.68,249.06,245.62,238.25,239.64,233.03,227.62,219.00,212.92,209.77,202.94,197.36,192.28,188.09,183.70,179.08,175.39,168.32,162.93,157.55,153.15,140.43,135.62,128.69,120.62,112.68,104.35,94.05
8.54,8.60,11.70,20.62,29.00,41.59,46.57,89.29,115.16,153.69,180.41,196.02,208.80,216.93,223.79,231.19,238.58,246.40,252.98,258.41,262.50,271.27,279.32,278.76,282.18,285.57,282.97,275.73,273.31,268.41,260.44,251.56,243.56,237.93,232.00,227.56,220.41,215.06,209.88,205.55,200.86,193.87,187.77,181.60,174.93,163.60,156.60,147.63,136.21,128.16,120.00,108.17
5.00,6.40,13.00,20.62,26.25,36.12,47.43,86.40,115.43,148.30,173.07,189.42,202.25,207.85,214.28,223.02,230.23,240.25,246.68,248.29,255.37,260.44,269.00,271.65,273.13,276.48,274.18,265.05,262.77,259.65,251.87,243.90,235.14,232.28,225.26,219.10,213.38,208.31,200.21,198.70,192.26,188.88,180.28,175.03,168.55,157.05,150.42,142.43,131.95,123.11,114.83,103.31
6.71,10.05,14.76,22.36,29.43,38.08,50.21,89.14,113.53,144.31,172.31,188.62,203.04,209.06,217.01,224.59,234.55,241.67,246.62,246.90,255.23,263.15,270.21,271.04,273.98,279.57,272.44,266.49,265.11,262.20,252.69,244.25,235.77,234.34,226.05,223.06,214.66,208.69,203.25,199.90,195.27,188.22,183.48,176.08,170.00,159.86,152.53,144.53,132.77,125.10,117.07,105.32
8.06,9.85,14.56,18.03,26.91,32.20,47.17,82.15,106.10,135.37,163.08,183.39,198.22,205.24,214.22,221.92,231.01,238.10,243.74,245.23,251.44,260.03,264.26,267.53,271.21,272.81,271.56,264.82,260.86,259.02,251.25,241.34,234.34,231.72,224.86,219.18,210.72,206.29,200.45,197.25,193.72,187.04,180.95,174.56,168.12,156.98,148.92,139.74,132.02,123.66,115.42,104.12
4.47,8.06,11.66,19.72,28.07,38.90,52.43,86.33,115.95,147.00,171.29,192.26,203.16,209.17,217.04,222.93,231.31,240.85,244.81,249.65,256.52,262.24,269.65,270.60,272.86,276.00,272.84,263.40,265.00,260.89,252.40,242.83,235.28,233.26,224.29,219.35,213.15,209.61,202.39,199.08,196.23,185.91,181.60,173.98,168.50,156.16,150.24,141.15,131.38,123.08,116.04,105.48
4.12,8.25,14.21,17.46,25.30,34.06,43.60,82.98,108.02,142.79,166.87,186.34,199.90,204.25,214.45,221.14,231.21,239.23,242.40,245.46,253.33,261.02,267.53,270.74,272.12,275.22,272.86,263.46,263.80,257.58,251.11,241.46,233.26,232.36,224.96,217.42,212.05,208.00,201.92,197.57,194.03,186.63,181.14,174.16,168.65,157.03,149.62,141.74,133.30,124.79,114.11,104.36
4.12,8.49,12.17,18.60,26.00,37.00,49.73,86.27,111.32,146.77,170.58,188.69,202.97,208.66,215.75,223.24,230.49,238.08,245.49,249.35,255.38,262.25,268.57,270.02,272.80,275.20,271.81,266.73,265.20,258.99,252.29,242.62,235.44,233.94,225.97,220.57,215.39,206.90,204.09,197.84,193.98,188.22,181.54,175.33,171.06,157.71,148.79,142.39,132.91,122.41,116.25,104.62
2.83,7.21,14.32,17.72,30.00,38.64,48.01,85.80,111.87,149.79,172.24,192.17,201.72,207.89,218.52,225.69,232.65,244.07,247.92,250.51,254.95,263.01,268.54,272.71,272.73,279.27,274.90,266.22,266.74,259.62,252.44,244.77,236.81,236.09,226.27,221.18,213.24,208.83,204.02,199.67,195.74,186.34,182.21,174.66,169.94,157.84,149.88,140.93,131.31,123.02,115.55,106.08
5.00,6.40,8.94,17.46,28.32,38.28,48.17,86.28,108.37,142.04,168.60,185.74,197.20,205.24,213.35,221.05,226.89,234.78,241.02,244.18,250.19,257.26,263.88,267.82,268.34,273.13,269.22,259.42,260.77,252.84,248.47,241.55,232.11,228.64,220.69,216.94,209.07,204.01,200.41,193.87,190.94,183.70,176.57,171.07,166.34,155.24,149.12,140.13,129.69,122.44,114.13,101.97
9.85,13.45,25.81,24.19,47.10,65.46,77.70,124.81,147.14,166.36,181.52,195.00,205.20,210.15,220.10,227.40,234.45,241.42,247.42,253.15,259.23,265.20,271.50,273.60,278.96,280.47,277.22,266.73,268.54,259.82,255.70,246.22,238.21,235.54,226.93,223.40,212.87,207.65,205.18,197.31,193.88,184.23,179.81,173.52,166.90,156.17,147.43,138.68,130.00,120.81,113.18,104.24
5.00,16.40,22.36,30.81,49.01,63.32,79.92,123.15,144.93,165.39,182.49,194.28,206.19,211.06,219.32,226.75,236.17,242.99,249.10,250.45,258.44,263.53,273.53,274.82,277.36,281.81,277.87,269.14,267.44,262.65,255.31,247.31,238.11,235.92,226.83,221.61,211.77,207.59,203.00,198.04,191.13,186.07,178.33,172.36,165.25,153.84,148.11,140.87,130.03,122.00,115.32,103.32
74.06,84.06,90.92,94.19,101.64,106.15,105.95,87.66,81.44,78.29,104.71,123.49,141.68,145.72,156.29,158.27,165.68,172.05,174.26,172.29,171.01,170.14,172.29,169.10,171.21,167.22,159.59,147.43,144.63,138.92,131.90,123.85,122.49,116.91,111.40,110.64,109.37,105.69,102.53,102.16,99.08,92.78,90.43,90.27,87.24,92.35,90.08,92.20,85.33,84.76,79.51,68.73
23.85,17.46,15.81,29.07,56.09,83.01,96.05,133.15,161.72,166.51,183.25,192.38,201.46,208.54,215.36,222.12,230.67,233.21,243.97,246.62,257.19,260.82,269.05,270.42,274.24,277.35,274.17,266.29,263.91,258.80,251.79,243.68,236.03,230.36,224.59,218.96,209.12,207.39,201.53,194.37,189.95,184.68,176.30,170.53,163.92,153.83,146.97,138.29,130.48,120.22,111.83,100.60
2.83,5.83,13.00,20.62,25.96,33.14,45.18,75.64,102.26,131.55,165.20,184.68,198.13,207.82,215.84,220.64,230.24,236.61,243.52,246.34,252.76,260.91,267.80,269.70,268.64,275.20,270.35,265.02,263.89,256.97,249.35,241.61,233.11,230.97,224.15,219.71,210.32,206.29,201.20,197.27,192.00,185.74,178.14,172.70,166.69,156.54,148.01,140.94,129.63,122.16,113.02,102.16
4.24,5.00,14.21,20.59,28.07,34.18,45.28,76.66,101.97,131.67,165.03,185.27,200.32,208.90,216.67,221.82,228.49,237.49,244.07,247.89,254.58,259.43,267.59,268.07,271.45,275.88,270.68,262.62,261.81,256.45,248.85,243.39,233.98,231.70,222.99,218.58,211.15,204.94,202.37,197.50,191.86,186.43,179.75,172.19,168.32,156.18,147.31,138.57,129.47,123.23,113.44,102.63
8.94,17.00,18.11,26.08,34.89,41.01,50.16,75.66,101.39,129.03,159.89,183.07,200.56,210.54,220.06,228.67,237.50,245.10,251.53,253.48,259.49,265.40,273.02,276.02,278.58,281.43,277.50,271.00,268.29,264.20,253.16,246.83,239.13,238.14,230.55,224.56,216.47,210.28,205.78,201.16,194.37,189.21,182.96,175.05,169.85,157.31,150.88,142.14,132.41,124.47,116.21,104.09
11.40,16.40,25.00,37.58,54.33,69.58,87.24,135.00,153.70,170.07,186.90,195.78,205.18,213.06,221.22,227.76,235.20,243.53,252.69,256.33,263.14,268.74,278.00,277.89,279.89,285.04,282.68,275.11,272.01,267.04,260.09,251.86,244.00,238.08,230.50,226.01,217.34,212.66,207.33,201.72,195.72,188.86,182.00,174.29,168.36,158.32,152.71,144.31,133.27,124.68,113.23,105.48
8.06,13.89,18.38,23.35,33.84,40.82,49.65,80.45,107.52,134.97,165.15,188.51,203.16,208.03,217.01,225.89,234.10,243.59,247.68,251.64,258.15,263.60,271.90,274.96,276.03,280.72,277.72,268.13,267.45,261.84,252.24,247.12,238.42,236.41,229.68,221.08,215.80,208.89,205.92,201.72,195.14,187.86,183.47,176.64,170.02,159.00,151.92,141.99,133.60,125.16,116.18,104.02
8.06,15.62,15.81,21.84,33.24,41.63,50.25,78.24,105.00,133.72,165.80,188.73,200.01,210.83,220.08,226.05,235.49,240.63,246.34,252.13,259.05,265.66,271.40,275.39,273.65,280.32,276.67,268.89,267.88,261.63,254.28,247.03,238.42,234.80,226.30,222.01,218.13,209.62,207.97,200.48,195.49,187.45,183.52,176.60,170.65,162.01,152.11,141.82,133.15,125.94,116.50,105.21
17.49,22.36,24.19,29.41,34.99,40.02,44.91,61.72,76.94,93.56,114.21,142.05,169.05,186.68,203.59,212.06,222.89,232.05,238.72,244.50,249.10,255.38,263.59,266.07,265.66,268.42,263.62,260.26,257.78,252.04,245.02,238.21,227.84,226.74,218.59,216.30,209.41,204.71,199.90,193.38,187.77,182.00,175.41,168.60,162.59,153.84,145.34,137.80,128.44,120.34,111.83,100.90
17.00,22.36,24.02,29.53,35.81,41.48,47.38,62.24,77.39,93.68,115.11,141.60,166.78,187.52,203.69,213.58,223.33,233.00,238.54,243.52,249.61,256.63,264.05,267.27,265.04,268.92,265.82,259.86,256.96,252.07,245.33,241.00,230.02,224.84,221.58,214.57,209.33,202.43,199.73,193.26,186.39,182.58,175.82,170.45,163.86,154.94,146.74,137.24,128.36,120.70,113.23,102.94
9.43,15.26,24.04,35.51,51.04,63.51,75.89,126.57,143.59,169.01,182.06,195.89,204.75,209.23,216.91,223.39,235.80,241.10,246.52,250.80,254.57,264.20,270.48,273.47,274.96,280.88,274.77,265.20,264.66,262.05,253.22,243.74,236.10,235.85,226.00,221.53,210.58,206.12,202.07,197.69,190.25,183.10,178.84,171.01,165.60,152.27,147.53,138.13,128.41,120.88,112.64,102.00
10.00,15.62,23.60,35.90,49.03,61.59,76.58,127.20,143.78,169.11,182.54,195.47,204.40,208.85,216.89,224.15,234.61,239.78,246.98,249.00,258.57,260.60,270.04,273.72,274.33,281.11,274.15,267.86,263.82,262.37,250.64,245.25,236.04,236.28,226.10,218.20,210.54,209.12,199.62,197.57,189.83,182.50,177.63,170.66,165.03,153.56,146.51,137.46,130.14,120.42,114.59,102.04
9.49,16.55,24.21,35.78,49.09,62.30,76.84,128.28,144.31,167.04,182.20,194.14,203.04,208.31,215.71,222.83,231.81,237.26,245.84,249.54,255.14,260.27,266.60,272.26,273.27,278.30,271.55,267.54,262.99,256.70,248.50,243.81,233.35,233.05,225.06,218.34,211.53,206.65,198.02,196.56,190.54,183.17,176.78,171.96,164.15,153.81,146.24,135.67,129.02,119.97,113.22,101.98
5.39,13.00,19.03,23.32,31.40,41.11,51.35,79.92,102.65,134.24,162.93,184.20,197.00,207.06,214.97,222.66,230.89,238.32,244.29,249.18,257.63,262.62,270.49,272.08,272.24,279.21,275.75,265.00,265.35,259.73,251.98,244.38,237.12,235.21,225.33,221.47,211.19,208.66,204.83,195.47,194.74,186.34,180.56,172.90,166.36,155.63,150.62,143.53,129.00,121.28,114.98,103.59
6.08,13.89,17.09,23.19,31.38,39.82,50.60,81.49,103.77,133.79,161.84,182.78,198.60,206.13,217.91,223.02,233.64,240.68,245.10,251.31,256.07,262.49,269.00,271.18,275.51,275.49,273.70,263.74,264.43,259.26,252.73,244.08,237.02,233.09,226.38,219.79,212.91,208.31,204.45,201.06,194.37,185.13,179.29,174.86,168.44,157.56,149.03,142.62,133.00,122.07,115.21,104.09
8.54,12.53,17.09,22.00,33.54,40.31,50.70,81.05,102.32,134.40,162.63,183.22,197.20,207.06,215.36,223.19,232.31,238.17,243.48,249.40,255.39,260.89,267.37,274.12,272.97,276.57,272.43,266.66,264.68,258.33,250.41,246.43,236.02,232.23,224.41,220.08,211.49,208.41,204.89,199.61,193.31,187.26,181.00,171.82,166.01,155.47,147.76,141.60,131.73,122.43,114.59,104.08
10.63,13.15,13.60,23.85,32.25,40.79,52.20,80.11,103.75,132.19,161.30,182.49,198.71,206.31,215.63,223.04,232.44,239.38,245.96,247.98,256.52,261.52,268.40,272.62,273.79,276.07,272.80,266.63,264.66,257.19,249.10,244.20,235.09,232.74,225.02,220.19,211.40,207.35,204.94,197.89,193.22,190.07,179.51,172.13,166.09,156.65,150.66,140.43,131.00,121.84,116.28,103.75
36.06,24.08,33.54,32.70,48.37,57.27,72.80,130.73,140.46,168.43,182.73,191.42,200.90,208.01,216.67,223.22,233.08,238.91,245.81,249.20,255.63,261.62,267.32,270.96,272.21,277.92,271.18,266.02,263.84,259.20,253.31,246.33,234.96,230.65,223.01,217.70,210.64,205.24,201.21,197.49,189.55,183.33,178.73,173.05,165.68,152.83,144.59,137.23,129.07,120.95,111.99,101.79
34.83,23.19,32.31,32.20,47.38,56.72,70.72,126.57,139.29,164.14,178.01,187.86,196.76,205.53,213.46,220.58,227.02,232.12,238.40,244.12,250.05,255.93,261.49,267.01,266.60,269.67,265.76,261.56,257.51,251.01,244.05,239.30,227.97,226.74,217.88,212.72,207.51,202.14,195.89,192.38,185.57,179.94,172.74,168.86,161.14,150.00,141.06,134.09,125.42,116.81,108.81,97.53
34.54,23.35,32.65,31.58,46.39,55.54,68.01,126.76,138.05,164.00,176.82,186.45,197.04,203.19,212.25,217.62,225.85,231.87,236.89,244.95,249.83,254.39,259.94,263.15,266.19,270.25,264.50,257.61,257.00,251.43,245.16,237.26,228.02,224.54,215.86,210.12,203.57,198.18,194.37,190.07,184.77,177.10,172.14,166.76,160.38,148.61,139.27,132.38,124.79,117.61,107.54,98.48
7.62,13.15,17.09,22.02,29.73,39.01,47.13,81.47,105.44,132.03,163.17,180.90,199.56,208.35,215.96,223.89,230.78,239.71,244.81,248.89,254.66,262.00,268.29,271.18,273.81,276.49,274.35,265.96,263.09,258.60,254.34,245.08,235.20,232.72,223.66,221.06,214.95,206.86,202.77,198.07,192.77,184.36,179.55,173.95,167.31,158.05,148.25,140.91,130.86,122.59,114.87,104.18
7.00,13.00,16.76,21.40,30.59,39.05,47.51,78.45,105.48,131.70,162.89,182.58,200.11,206.93,216.62,223.89,231.58,239.38,247.49,247.54,254.77,262.48,268.56,270.66,272.72,276.70,272.68,267.69,264.46,260.02,253.21,243.21,233.57,234.10,225.46,220.20,213.78,206.17,201.54,200.08,194.55,184.20,180.75,172.00,167.84,156.35,148.35,140.72,130.94,123.79,115.43,104.29
6.08,8.54,13.93,21.40,25.96,34.93,42.94,80.23,99.30,128.13,159.09,179.82,197.21,205.18,213.04,222.30,227.77,234.01,238.90,245.98,251.59,256.56,265.28,266.66,269.70,272.59,269.46,260.97,257.67,256.08,248.03,240.51,232.81,229.84,223.23,216.63,209.01,204.08,199.22,195.16,189.62,183.25,176.01,169.78,165.51,153.91,146.99,137.48,128.27,119.36,112.33,99.82
5.00,13.00,15.56,18.25,29.73,34.66,42.54,76.12,100.85,128.84,158.26,180.94,196.35,206.23,214.11,223.11,229.68,235.76,242.99,245.77,251.18,257.00,266.15,268.07,269.09,272.04,269.15,259.98,259.08,258.14,248.46,241.11,231.73,231.08,222.04,215.59,208.52,203.01,199.88,193.28,189.55,182.48,175.14,169.85,164.92,155.21,146.99,138.05,127.48,121.17,113.23,101.49
6.40,6.71,3.61,9.85,26.40,26.00,46.69,77.10,105.26,134.30,152.97,182.99,198.49,217.11,225.40,233.11,240.69,248.09,254.40,258.86,266.39,275.11,280.47,280.62,285.41,287.36,285.38,277.05,276.49,269.83,261.27,252.49,245.72,243.53,233.62,230.20,221.30,215.26,210.76,206.29,202.61,193.00,187.00,179.20,174.35,161.25,153.72,146.01,135.37,128.08,119.10,107.33
8.06,10.82,13.45,12.08,30.27,35.11,44.10,75.17,102.20,133.30,157.50,182.88,200.86,206.67,215.60,223.06,232.03,239.12,245.57,247.10,253.31,260.76,267.82,268.41,270.49,273.66,272.05,262.37,263.10,257.77,249.84,241.01,233.85,232.43,225.14,217.96,209.89,205.29,200.82,197.31,191.67,183.44,177.91,170.18,165.22,155.13,146.99,138.08,129.65,119.87,112.45,102.32
14.14,17.49,19.85,24.33,30.08,34.83,40.50,58.03,68.88,85.96,105.42,140.60,169.12,190.38,203.86,216.28,226.57,235.64,239.14,242.84,249.37,256.74,263.03,266.73,266.74,271.90,267.60,259.09,258.03,253.34,244.56,238.25,230.10,228.73,223.32,215.20,209.06,203.09,199.15,194.55,188.73,182.10,177.20,169.10,164.83,152.41,145.99,136.89,127.35,119.85,111.76,100.69
5.00,5.83,12.08,16.12,24.70,33.30,38.90,72.99,95.26,125.64,163.11,180.41,195.88,204.83,211.48,219.57,227.27,231.22,240.14,244.76,251.75,256.91,264.80,265.14,266.54,271.27,266.69,259.72,256.22,252.29,246.76,239.08,231.01,226.32,220.66,213.18,206.93,201.95,198.82,192.63,186.08,181.76,173.42,168.87,162.44,152.51,145.17,135.68,126.85,119.34,111.40,99.01
5.10,5.39,12.53,17.49,24.19,31.78,38.83,74.24,94.37,126.19,163.11,179.34,195.97,204.92,210.89,220.22,226.81,233.82,240.71,245.08,251.96,256.04,262.83,264.27,268.31,271.01,266.75,259.51,255.84,251.43,245.54,237.41,229.21,228.00,220.84,214.35,208.43,201.06,198.73,193.00,187.22,180.85,174.64,169.20,163.05,151.33,143.69,135.57,129.56,119.57,111.31,100.22
8.00,5.66,9.85,19.21,26.40,34.93,47.07,88.87,115.83,152.69,177.18,192.94,206.71,212.33,220.06,226.38,236.86,244.40,248.39,254.04,260.28,267.53,274.53,276.48,277.42,282.76,277.87,272.42,265.66,263.82,256.36,250.39,239.57,237.36,229.00,223.61,218.00,212.36,205.91,200.81,193.93,188.53,181.89,175.33,170.43,157.70,150.00,139.98,132.61,122.29,115.77,105.00
5.39,8.94,13.04,19.92,26.31,33.12,39.62,65.73,88.14,125.90,158.32,180.43,195.25,205.57,212.21,221.28,229.11,235.49,241.86,244.31,249.24,256.76,263.75,266.18,268.31,270.65,267.87,261.24,259.07,252.79,244.39,239.92,229.71,228.18,219.32,213.08,208.79,202.14,197.80,193.75,188.32,182.00,173.81,173.95,166.82,138.22,143.76,135.09,128.14,118.68,111.40,99.98
10.00,12.65,18.03,19.85,23.09,28.46,34.06,53.94,68.36,86.82,111.13,148.68,177.99,195.49,207.15,216.54,226.37,235.42,240.35,244.10,249.16,255.97,262.49,265.05,268.90,269.98,268.54,258.21,259.43,253.16,247.93,240.52,229.80,228.83,222.85,217.56,209.46,203.11,201.22,194.98,191.67,182.01,176.92,171.68,166.03,155.12,146.16,139.20,128.70,121.82,113.27,101.83
2.24,8.06,11.05,18.60,25.06,33.06,36.40,75.01,93.91,129.03,158.32,186.04,203.35,210.76,218.63,227.38,234.83,242.69,246.03,246.66,254.61,264.58,269.45,273.59,275.19,278.52,275.77,265.34,265.20,260.78,253.18,244.90,236.04,232.21,226.77,218.79,212.06,207.00,202.04,198.12,194.12,182.20,179.71,171.59,166.64,154.64,146.03,139.86,128.43,123.55,114.86,103.16
1.41,6.32,12.81,17.00,26.02,30.08,37.44,70.68,84.85,119.71,156.21,185.06,202.62,209.89,218.05,225.50,234.29,241.45,247.14,249.90,256.53,262.68,268.15,270.19,273.71,278.19,272.81,265.24,264.43,259.67,253.58,242.59,235.77,232.94,225.80,218.56,212.05,207.17,201.16,196.16,191.23,183.21,178.73,171.73,165.01,153.94,147.90,138.93,130.10,121.12,113.57,102.47
2.00,6.71,12.04,18.11,28.16,31.62,38.95,72.99,89.68,124.65,163.68,194.24,212.62,221.05,228.65,237.12,246.33,254.17,258.19,262.07,268.29,274.05,281.81,286.09,287.64,290.95,287.09,277.50,277.02,272.72,265.34,254.95,246.66,244.24,235.72,229.40,221.38,216.36,212.51,205.08,201.25,192.39,187.28,179.30,174.41,161.31,154.51,144.81,137.88,127.61,118.42,107.79
9.22,14.87,19.42,24.08,28.84,35.61,42.15,62.17,76.49,103.23,136.52,174.81,202.19,214.98,227.07,233.21,244.39,251.81,255.99,259.77,266.18,274.40,281.28,282.63,282.41,286.37,286.71,274.19,274.20,266.99,259.86,250.77,241.91,243.51,233.08,226.36,217.79,213.38,207.46,203.42,196.35,189.76,184.76,175.39,169.31,158.05,150.69,143.42,134.62,126.32,115.28,105.77
19.10,24.08,27.20,40.52,57.00,74.22,86.82,132.74,150.78,169.67,185.33,196.65,207.76,215.39,222.73,231.04,240.52,248.51,255.43,259.14,266.32,269.67,279.96,282.58,284.04,289.39,285.41,276.41,275.18,270.28,262.77,253.29,246.24,243.21,231.81,226.93,218.22,213.06,208.87,201.97,195.82,190.80,183.00,175.21,169.84,156.54,149.03,141.51,131.64,123.44,115.21,104.40
2.24,6.40,8.94,18.03,25.00,31.91,38.90,65.28,90.80,127.76,162.79,181.65,196.88,207.20,216.18,224.34,231.35,239.74,244.00,247.81,254.03,261.20,266.00,270.09,272.52,275.86,272.09,263.83,263.61,256.89,251.16,241.42,235.05,230.36,221.55,218.51,211.68,204.62,200.56,193.83,190.66,182.15,177.14,170.79,163.93,154.31,145.50,137.28,128.70,120.80,112.06,101.12
3.16,7.62,9.43,15.56,24.04,30.27,37.48,62.80,82.33,107.35,148.98,172.24,187.07,198.34,205.28,212.31,221.74,227.55,231.62,236.78,244.35,249.61,255.99,258.94,257.93,261.05,258.68,250.74,248.28,244.40,240.26,231.39,225.58,220.73,214.37,207.28,200.30,195.66,192.00,186.00,181.25,175.33,168.67,163.22,157.50,146.28,139.79,132.64,123.41,115.77,107.00,95.86
4.12,5.83,12.81,17.03,26.48,34.71,38.01,70.01,84.48,121.81,165.50,186.95,204.84,216.94,227.48,233.38,243.82,251.18,257.87,262.62,266.07,273.43,281.15,284.69,287.12,288.90,284.29,278.06,277.18,270.21,265.19,256.01,246.17,244.17,234.03,228.90,221.14,214.16,209.27,205.54,200.37,192.34,187.42,178.71,171.98,160.53,153.52,145.22,135.98,125.40,116.36,106.02
19.10,22.02,30.59,38.95,53.76,63.95,80.06,126.72,146.48,169.71,190.32,203.65,213.62,219.66,226.63,236.68,247.08,254.33,260.50,263.71,271.76,277.31,286.25,290.06,289.61,295.58,293.26,281.22,280.18,276.80,266.56,258.44,249.19,248.45,236.35,233.53,222.75,216.45,211.98,206.02,199.25,192.52,185.40,178.08,172.57,158.15,152.43,144.20,133.09,125.80,117.46,107.52
6.71,8.94,15.23,21.63,35.81,43.97,51.01,79.76,100.41,144.40,171.47,194.81,210.09,218.94,227.71,236.71,246.40,253.90,261.87,263.62,269.28,276.64,284.63,287.92,289.01,295.02,292.16,281.95,280.40,274.61,264.68,258.80,247.63,248.34,236.91,231.23,224.09,217.75,214.11,207.17,201.40,195.02,187.97,179.72,174.04,160.96,154.62,145.91,135.34,127.66,119.88,107.30
59.51,59.36,64.14,77.80,90.55,108.42,123.41,150.08,161.45,176.31,185.97,200.77,210.15,214.67,222.15,230.49,239.21,248.31,253.25,257.51,264.61,271.15,277.63,281.19,285.55,291.10,285.16,276.07,277.85,268.88,261.84,253.30,245.08,243.50,231.19,226.98,217.12,211.68,208.24,202.60,197.73,185.91,183.22,174.55,168.67,153.68,145.66,138.24,130.42,121.20,112.61,103.00
58.26,58.52,62.13,74.30,90.93,106.92,124.39,148.07,159.15,172.36,186.68,196.46,204.98,211.23,219.27,225.36,238.80,239.73,249.84,252.05,258.99,265.66,275.05,277.35,278.00,283.24,278.65,270.93,269.32,266.60,255.78,248.07,239.01,239.53,228.32,224.51,212.87,208.40,202.41,199.83,189.06,186.34,176.12,169.04,163.71,150.48,146.11,135.92,125.42,117.00,111.16,100.66
10.44,11.40,17.46,23.54,36.88,40.80,47.01,87.02,108.27,139.28,170.94,195.16,207.62,218.19,226.60,235.37,243.76,252.29,256.64,262.55,267.98,274.80,283.25,285.50,289.75,291.33,289.11,281.26,278.61,271.27,267.37,255.82,247.82,245.02,234.95,230.20,222.34,216.15,212.78,207.47,202.18,193.55,187.52,177.79,172.36,160.46,154.00,145.60,135.88,127.12,117.00,106.93
9.22,8.06,17.09,20.10,34.99,43.86,50.01,82.86,82.28,113.74,143.93,178.40,212.85,223.08,234.71,241.13,248.07,252.77,259.02,264.85,271.06,278.21,285.70,286.79,288.38,291.38,288.62,280.98,277.54,271.53,265.01,255.70,248.07,242.33,235.01,230.23,223.14,216.42,213.01,205.45,199.25,191.65,187.04,178.83,173.69,161.82,152.55,143.81,138.05,126.67,117.24,105.80
9.22,7.07,16.12,21.21,34.66,43.42,48.08,81.49,79.92,113.28,141.82,177.52,209.99,217.28,228.79,235.52,242.16,249.82,257.19,257.11,265.42,272.61,280.40,281.78,279.46,285.57,281.49,276.57,271.03,268.68,260.10,248.96,241.30,238.65,231.64,226.02,215.42,212.47,208.20,201.36,195.76,187.22,183.20,175.82,168.32,158.69,147.87,140.89,133.65,123.98,115.16,103.46
9.22,9.43,17.20,20.52,33.14,41.68,47.20,80.23,78.19,110.48,141.01,174.83,208.28,215.03,224.77,233.21,241.00,245.46,253.21,254.80,262.21,268.03,276.52,279.95,278.96,281.51,280.07,271.77,270.49,264.91,258.94,248.85,239.35,236.76,228.18,225.36,214.80,210.23,205.06,201.32,194.79,187.20,182.00,174.55,167.67,157.06,147.87,140.94,132.64,123.49,114.81,104.32
7.62,12.37,16.55,25.50,37.59,47.13,53.08,87.20,104.89,135.83,169.94,190.91,206.02,216.92,225.16,234.76,242.79,250.05,257.70,261.09,269.48,276.33,283.23,285.35,287.06,291.80,287.84,278.99,275.54,270.75,266.42,256.30,246.34,244.03,234.30,232.18,223.38,216.68,211.32,203.67,198.31,193.64,183.41,179.07,171.84,161.44,154.78,145.00,136.50,125.40,118.23,105.95
7.21,11.18,16.12,21.38,31.30,38.90,43.05,65.01,84.53,121.26,153.50,178.22,198.77,211.85,218.83,229.30,238.41,244.49,251.00,255.00,259.56,266.81,273.54,276.06,275.41,281.90,277.48,268.79,267.75,264.62,254.91,246.81,237.90,237.86,227.73,222.90,215.06,209.90,204.89,199.44,192.35,185.92,180.07,174.38,168.24,157.00,148.96,140.00,129.81,122.89,114.04,103.85
69.40,77.39,79.51,81.54,82.76,79.01,76.94,63.15,67.12,80.81,112.07,138.68,166.01,178.90,190.95,199.62,208.81,211.37,215.62,211.85,209.54,207.63,211.02,202.41,204.36,203.54,191.13,179.07,177.19,171.19,155.60,150.23,142.28,142.94,136.03,130.18,124.40,125.25,121.63,121.85,121.04,119.42,119.47,119.10,119.64,123.00,122.15,117.27,112.93,106.10,102.14,90.61
19.85,24.21,33.54,44.41,57.49,65.86,81.84,124.31,141.60,168.91,185.15,203.53,214.37,221.33,228.02,238.47,247.86,254.28,263.10,262.01,271.69,277.15,285.66,287.56,290.07,293.38,291.29,281.60,280.01,275.54,266.27,256.60,248.49,247.36,236.35,229.37,221.38,214.72,211.30,206.69,201.00,191.61,186.53,177.49,171.30,157.84,150.84,141.11,132.85,127.25,115.38,105.00
6.08,12.65,18.36,24.76,31.30,39.01,46.32,75.69,93.02,119.10,150.40,174.29,190.65,202.67,212.61,220.97,230.93,239.64,244.17,248.82,252.52,261.07,266.63,271.12,272.90,274.82,269.83,263.29,261.52,255.48,248.92,242.87,234.26,233.00,222.72,217.28,211.01,204.31,198.46,194.88,189.48,180.85,177.63,170.88,164.44,151.60,145.91,137.62,128.14,118.93,111.40,100.62
25.94,47.93,44.01,56.29,54.04,55.76,61.35,73.74,90.74,101.91,152.41,174.86,200.12,216.39,226.74,235.51,245.37,253.00,259.59,263.10,269.54,275.96,283.54,285.24,287.14,290.17,285.69,277.42,276.35,271.77,265.48,257.22,247.83,242.43,233.00,225.85,219.80,216.59,211.38,205.24,196.33,192.31,183.97,178.18,172.66,158.62,153.45,144.53,133.82,125.03,117.61,107.45
24.52,46.32,44.72,57.28,54.08,55.00,60.42,73.66,89.89,104.40,150.81,176.23,201.04,216.01,228.27,236.33,245.15,254.89,261.66,261.02,271.27,277.42,284.25,285.30,285.89,292.37,289.40,277.72,278.11,273.10,266.03,255.31,247.19,247.07,235.42,228.76,219.06,216.23,211.60,206.52,199.48,191.23,184.38,178.81,171.47,159.20,151.01,143.38,132.46,127.61,115.60,108.05
14.87,21.26,28.65,38.64,54.74,66.64,78.75,117.63,133.93,157.38,176.05,195.58,206.04,213.04,221.04,228.04,242.17,247.29,255.15,255.74,262.38,269.99,277.32,280.08,282.02,283.00,281.95,272.75,270.54,268.78,257.39,247.61,239.60,238.17,230.36,222.41,215.34,208.75,204.62,199.57,193.93,186.89,179.74,171.84,165.59,153.39,145.34,138.65,128.72,123.07,113.28,102.18
30.41,35.74,42.64,56.30,70.34,87.05,100.90,130.87,145.34,163.23,180.54,190.09,201.04,207.89,217.70,226.37,231.69,243.53,248.94,252.94,260.62,265.93,274.85,277.00,280.04,284.54,283.30,272.79,274.82,268.93,259.54,250.89,242.04,241.60,230.08,225.72,216.95,213.12,208.39,199.75,196.12,187.21,182.01,173.08,169.19,154.98,149.00,140.80,131.05,122.54,114.11,103.82
9.22,14.21,21.54,28.02,38.28,47.80,53.82,83.01,97.74,127.94,158.38,186.17,203.34,212.76,222.99,232.59,244.18,252.04,257.01,259.11,265.51,274.54,281.19,283.52,283.45,288.90,288.14,276.59,274.21,271.43,264.23,254.12,244.72,244.66,237.49,228.63,221.82,214.77,210.24,205.30,199.67,192.84,185.78,178.44,171.21,157.93,152.84,144.93,135.06,124.89,117.04,106.78
8.25,15.30,21.10,29.00,37.34,47.04,53.85,82.13,97.62,125.88,158.32,179.61,200.32,211.44,220.24,231.04,239.77,248.81,252.96,256.74,263.32,270.16,277.61,280.91,283.24,289.21,284.29,274.64,274.64,268.81,262.99,254.56,243.19,243.29,233.07,229.17,220.87,213.36,210.24,201.79,198.01,189.97,184.07,178.90,170.95,158.46,152.64,144.69,133.60,125.32,118.46,106.78
6.32,10.30,17.03,24.04,33.97,39.66,47.80,73.50,92.66,113.17,148.66,183.81,203.68,214.19,223.27,232.83,245.60,255.01,261.84,262.67,266.81,275.39,283.43,284.93,287.79,291.56,287.18,279.71,278.15,273.72,264.85,257.56,246.62,246.56,236.93,232.22,223.26,216.92,211.73,206.34,202.20,193.26,188.35,180.21,175.05,160.18,153.81,145.50,134.63,128.79,120.93,107.65
72.45,77.99,86.02,89.45,90.43,97.84,94.92,85.09,75.00,67.01,75.93,97.74,124.10,146.70,156.78,169.74,188.11,191.13,194.83,190.17,186.98,186.72,189.00,182.69,178.07,177.45,162.11,158.03,150.33,147.09,137.93,132.25,128.27,128.47,121.33,117.80,112.90,106.96,105.57,106.23,102.59,97.06,94.43,94.56,91.83,94.26,92.35,92.10,88.57,84.02,81.71,70.77
5.66,11.66,17.03,21.93,32.53,40.72,45.28,70.18,89.02,112.89,141.03,171.73,192.28,210.77,222.46,231.59,243.25,249.61,255.79,260.65,265.11,272.96,279.41,282.67,284.40,288.25,282.48,275.41,273.03,268.99,261.49,254.35,245.46,240.97,232.14,229.00,221.24,215.86,210.72,204.79,198.44,193.20,185.97,179.36,173.81,161.25,153.39,144.20,133.54,127.48,117.80,105.76
7.21,11.31,17.49,24.74,32.56,41.59,48.17,73.03,91.22,116.97,146.45,171.01,189.01,201.64,212.76,218.94,225.23,234.01,240.42,245.20,251.75,258.24,265.63,267.75,270.30,272.62,268.65,261.28,258.12,254.28,250.51,241.60,234.46,231.48,222.30,216.90,210.41,204.62,198.54,194.61,187.42,182.91,176.14,168.08,163.48,151.00,145.84,136.88,128.00,118.41,111.83,99.30
16.55,22.83,28.32,39.41,50.60,63.01,75.27,111.40,128.38,155.77,175.03,192.21,204.09,213.06,219.23,228.04,239.35,247.32,253.95,254.59,263.29,268.93,279.87,279.12,280.12,288.13,283.94,273.07,273.00,268.88,260.12,250.30,243.94,242.61,232.54,226.38,217.45,212.64,208.03,201.56,196.21,186.68,183.07,174.87,169.59,156.29,150.23,140.91,131.59,124.46,114.24,105.00
13.04,18.11,27.07,34.18,46.67,58.18,73.38,108.24,124.82,150.89,170.08,189.25,203.49,211.78,219.80,228.97,240.29,245.51,253.62,256.22,261.12,270.45,277.46,279.93,282.90,285.57,282.21,273.07,272.04,267.75,259.46,252.60,242.87,241.87,230.05,225.79,217.97,212.25,207.46,202.41,196.86,186.97,182.58,173.07,169.18,157.09,148.86,141.95,130.73,123.31,114.76,105.54
11.40,18.25,25.24,34.66,45.65,54.34,66.37,101.79,120.93,145.11,167.26,187.38,199.32,206.69,215.08,225.89,234.67,240.69,246.38,250.22,257.53,264.17,272.80,274.01,277.28,279.42,277.12,269.07,268.15,263.87,255.25,248.32,238.40,237.70,227.18,222.77,214.79,209.25,201.56,199.69,193.35,184.57,179.81,171.09,166.21,153.18,146.99,138.23,130.03,120.25,112.06,103.59
12.65,17.26,28.28,36.72,48.27,56.61,69.07,108.47,129.20,152.64,170.70,188.22,200.73,211.29,219.06,228.19,239.18,244.63,251.60,255.88,261.94,270.05,276.25,278.20,282.21,284.68,283.01,276.37,272.53,268.07,260.50,251.51,241.92,242.74,232.01,227.04,218.55,213.88,208.87,203.89,197.74,188.30,182.62,174.38,169.53,156.89,148.95,140.29,133.06,125.16,115.57,106.78
11.40,17.89,22.80,29.15,44.00,53.76,64.03,97.53,119.02,143.57,168.44,185.83,199.48,208.74,216.67,227.11,234.62,243.59,249.77,252.79,260.76,267.00,273.21,276.74,277.71,281.78,278.30,271.05,270.25,264.09,258.37,251.02,242.16,238.30,228.35,225.33,218.04,212.36,207.23,201.88,194.10,187.30,180.35,172.54,168.77,155.71,148.97,140.46,132.38,123.86,116.04,102.96
2.24,8.25,13.93,19.21,24.74,30.59,37.12,55.47,66.10,86.28,115.17,148.66,173.05,196.99,211.52,220.73,232.42,242.51,247.25,250.83,257.78,263.14,270.76,273.80,276.28,277.04,274.39,267.23,268.20,262.61,255.89,246.16,238.55,238.20,229.01,224.59,217.08,209.85,206.41,202.11,198.65,189.02,184.36,174.42,169.50,158.00,149.84,143.29,134.06,125.00,116.67,107.42
8.06,13.34,24.19,32.65,43.14,54.12,64.54,101.53,123.15,152.03,174.14,194.31,207.39,218.36,226.23,234.62,248.89,255.64,262.39,265.35,272.26,279.50,287.38,290.26,293.80,296.70,294.00,287.04,283.77,280.75,273.86,263.77,253.66,253.55,243.33,237.99,227.69,224.72,217.57,214.35,206.19,197.77,193.21,182.73,176.88,163.23,155.76,147.99,139.09,130.42,121.02,111.31
7.21,10.63,15.81,22.36,35.13,43.32,53.41,80.23,101.43,131.06,158.15,178.51,193.31,205.92,216.57,222.80,232.80,239.71,246.03,250.02,257.70,263.43,271.49,273.58,276.35,278.52,278.00,270.63,267.32,263.23,256.85,249.27,240.07,237.14,229.94,223.49,218.29,211.70,207.97,200.06,194.28,190.52,181.69,174.81,170.58,158.71,149.35,143.00,132.80,124.31,116.02,104.55
15.13,20.10,27.66,34.01,46.86,58.52,68.15,109.44,127.64,147.32,168.63,180.68,191.31,201.78,210.64,217.11,226.72,233.35,241.05,246.91,255.33,262.42,269.18,272.52,273.81,278.10,279.51,271.95,269.46,263.05,258.38,251.29,242.51,241.48,231.05,227.34,220.72,214.97,208.06,202.62,196.43,189.76,182.41,177.00,171.13,158.66,152.30,143.45,133.65,124.04,118.34,106.61
5.83,8.49,16.12,23.02,31.02,36.12,45.49,77.03,97.08,120.95,147.80,174.32,193.61,205.38,215.86,225.14,237.00,243.19,248.24,252.48,258.25,265.32,274.57,277.55,280.20,282.85,279.30,273.38,271.01,266.96,259.80,251.44,240.10,243.04,233.60,227.85,221.89,215.82,209.38,206.05,199.08,191.60,185.07,175.69,171.42,158.90,152.11,143.66,133.56,125.77,116.81,107.20
5.10,11.66,15.62,23.26,33.00,41.44,48.26,79.62,96.69,126.10,154.50,181.07,201.90,213.55,223.67,234.76,246.56,255.88,261.18,262.38,271.53,277.85,286.14,289.11,290.45,297.15,293.46,284.29,283.24,282.00,270.36,261.47,254.42,254.57,245.11,239.93,230.02,225.61,218.75,217.25,208.66,203.79,194.18,186.53,180.28,167.36,161.14,151.95,141.23,132.74,123.07,111.63
2.00,7.62,14.42,19.10,26.57,32.56,41.59,69.92,85.45,110.79,142.09,172.03,191.77,202.56,211.04,221.18,231.37,238.76,246.43,249.39,256.32,262.69,269.54,271.49,274.37,279.18,275.36,268.16,266.67,262.24,256.10,248.73,240.19,237.59,231.66,225.94,218.67,212.72,208.28,202.37,198.29,190.16,185.71,174.16,170.07,157.69,150.33,142.41,133.41,125.77,117.07,106.07
3.61,11.18,14.56,21.10,30.23,38.01,50.00,71.18,95.48,118.70,152.80,185.13,201.07,213.27,224.90,233.86,242.00,250.89,257.26,260.99,269.71,275.06,284.00,285.95,287.79,294.21,291.66,282.06,281.58,275.48,269.41,261.09,255.10,250.49,240.22,236.03,229.99,227.41,219.06,213.12,207.82,200.66,191.90,186.17,179.42,167.91,159.25,152.59,139.79,131.65,122.97,112.45
16.49,8.49,15.23,27.02,42.95,52.63,60.13,103.32,131.88,152.23,171.01,185.56,196.41,203.42,213.38,222.28,235.85,243.82,252.79,255.20,263.94,272.41,279.61,285.21,287.86,293.44,291.53,283.62,283.32,279.40,271.15,262.61,253.71,254.37,242.98,238.92,231.31,226.52,220.37,217.62,209.50,202.56,194.74,186.95,182.43,167.29,160.51,151.61,141.43,133.42,126.06,113.22
27.78,17.89,12.53,12.17,15.81,23.77,29.68,59.46,66.71,78.03,112.38,165.28,191.88,205.83,218.28,227.49,238.38,246.14,254.49,257.38,262.96,270.21,278.06,282.58,284.96,290.49,288.06,278.19,277.03,276.37,265.66,258.21,252.25,252.83,243.07,238.92,228.97,225.30,218.28,215.60,207.17,201.25,193.02,187.61,179.45,166.59,160.33,152.12,138.85,132.97,124.00,112.36
4.12,5.00,10.00,10.05,16.28,20.00,26.57,39.56,51.62,72.62,96.15,144.52,178.44,194.28,207.93,214.87,224.24,233.44,238.80,240.28,248.60,256.39,262.61,269.24,271.12,273.94,273.76,264.05,266.19,261.20,253.43,244.73,238.00,237.54,228.12,224.01,217.41,213.82,209.80,203.04,198.93,190.08,184.63,174.81,171.77,159.67,151.70,143.18,134.63,126.15,116.97,108.30
4.12,6.71,9.22,13.60,18.03,22.47,22.02,37.12,43.66,58.05,93.49,143.00,184.84,205.01,216.45,225.11,236.48,245.28,250.74,255.00,261.91,269.55,277.79,280.06,282.29,288.72,285.57,277.09,276.74,271.88,264.49,259.00,251.29,248.89,241.10,237.12,228.62,223.40,218.87,213.32,206.52,201.36,193.57,185.08,180.83,169.59,159.81,151.21,141.74,132.64,124.20,112.38
6.08,6.32,7.81,12.04,16.12,18.87,21.38,36.24,46.01,64.41,94.59,144.12,190.25,207.62,220.44,226.92,236.26,244.14,250.40,256.01,260.54,269.67,274.66,281.76,283.18,286.02,285.05,280.09,280.26,273.27,267.32,258.75,250.07,249.32,241.68,235.60,229.53,223.86,220.23,214.45,208.81,202.09,193.13,186.78,180.06,169.12,159.82,150.56,142.17,133.00,123.49,113.14
6.71,3.61,5.66,7.28,16.28,21.40,21.47,44.78,63.29,96.21,136.46,162.29,177.88,190.38,200.85,208.93,217.96,229.20,233.81,238.72,246.29,252.61,261.09,265.38,267.44,271.03,270.41,261.47,260.05,255.78,250.45,243.02,235.31,233.94,224.64,218.84,213.78,209.16,206.49,198.41,193.22,189.81,182.17,176.14,169.33,159.36,150.10,141.66,133.45,124.34,118.14,106.40
7.28,2.24,2.24,6.71,14.32,17.00,24.08,40.79,57.87,89.89,136.42,172.72,190.01,198.64,209.39,215.54,228.27,233.93,243.81,244.07,254.70,262.02,269.98,271.31,273.10,282.64,276.90,271.50,266.55,267.19,255.74,247.65,243.08,243.23,232.96,226.57,219.65,214.48,212.27,207.39,201.56,195.50,185.07,179.74,172.63,162.53,154.69,146.00,134.77,127.80,121.49,109.20
112.45,125.00,131.03,139.20,147.18,154.32,154.87,167.50,177.07,184.39,198.73,221.82,215.74,197.00,184.94,185.41,186.30,187.38,192.51,193.05,200.81,209.55,214.67,217.85,220.49,226.57,232.65,230.33,227.79,226.55,221.23,214.41,207.28,205.29,198.01,193.02,184.17,176.46,170.07,167.91,161.07,148.22,140.00,130.14,121.67,100.22,90.05,80.16,69.08,61.07,54.78,47.38
9.00,11.31,12.65,14.87,18.87,21.21,22.80,32.45,38.08,48.84,70.83,107.06,158.04,188.11,202.24,206.09,218.94,224.98,232.13,234.36,242.87,249.33,256.28,259.72,261.40,265.20,264.23,257.15,254.40,255.03,245.72,237.78,231.29,231.94,225.85,220.48,211.86,206.63,202.95,197.77,193.02,189.24,180.29,173.31,168.34,160.44,150.80,141.32,132.02,124.91,118.07,105.12
7.07,8.49,12.65,14.56,17.20,22.20,24.74,34.41,40.50,52.35,75.58,111.83,167.63,200.68,213.82,222.41,233.12,240.63,247.40,248.28,256.44,266.39,270.53,275.77,274.75,282.29,278.66,273.25,273.31,269.07,259.14,252.00,246.26,245.98,237.69,230.27,226.04,221.36,216.01,209.25,204.98,199.12,191.48,184.91,179.05,170.00,158.03,149.16,138.52,130.86,123.49,112.61
7.21,10.20,10.00,13.04,19.31,19.85,25.63,34.67,38.21,47.93,72.78,120.60,170.42,194.09,207.17,215.15,225.40,232.66,237.50,242.87,249.57,255.89,261.77,270.14,267.71,271.77,268.64,265.19,263.73,257.28,253.22,244.90,237.12,234.93,229.84,223.71,218.63,213.70,210.04,202.56,198.32,191.67,185.92,179.23,172.65,162.66,154.30,144.50,137.57,128.43,120.30,107.00
6.32,8.06,12.65,13.45,18.25,21.84,25.24,35.13,39.62,51.11,70.94,121.08,170.18,193.50,206.83,214.16,223.61,233.21,237.26,241.60,247.81,256.46,261.96,268.00,268.50,271.25,269.22,263.88,263.09,258.84,254.49,245.15,237.88,235.67,231.45,223.89,218.06,212.96,207.55,204.24,198.01,192.51,184.84,178.02,173.23,163.20,153.38,145.87,137.06,129.00,120.88,107.63
5.39,4.24,6.71,9.22,13.93,19.00,26.00,38.08,47.68,76.32,123.02,158.15,179.40,192.35,200.90,209.06,218.66,227.77,232.71,236.18,241.92,250.06,256.80,260.03,262.07,266.90,264.04,259.56,257.77,252.49,246.09,237.70,231.18,231.23,222.32,218.34,213.33,208.36,203.42,196.16,190.79,188.83,180.00,174.18,166.43,156.67,152.07,143.60,133.84,125.63,118.22,107.62
8.06,11.70,13.15,17.80,20.62,23.02,27.66,37.48,40.00,48.10,66.07,93.54,158.03,194.21,207.78,215.39,228.66,237.53,245.70,245.84,254.19,261.16,268.51,269.85,271.67,276.29,275.57,270.09,269.47,265.51,257.61,248.65,244.73,243.00,239.14,232.11,223.56,219.61,212.62,210.60,204.88,199.09,190.31,185.27,176.71,168.19,158.50,151.74,142.69,132.00,124.78,114.39
7.62,11.70,13.04,16.12,19.72,21.21,25.50,33.60,37.58,45.10,53.76,77.49,116.85,163.37,190.85,201.53,212.73,222.31,228.32,231.25,238.47,245.61,252.25,255.20,256.47,261.81,260.91,253.44,251.77,249.44,243.35,236.13,231.95,231.40,225.61,219.53,212.71,209.29,203.54,199.44,193.31,189.71,181.28,176.41,171.06,161.81,152.41,144.92,135.00,127.09,120.03,109.04
4.12,5.39,11.70,14.14,16.97,19.65,24.19,28.43,34.67,41.11,55.58,64.50,100.13,153.83,184.84,197.39,210.06,218.05,219.15,228.09,235.38,241.57,248.65,252.42,254.56,257.00,256.28,249.70,248.62,246.81,240.83,234.37,229.22,223.14,222.08,217.27,212.17,208.58,202.47,196.47,193.38,187.00,180.31,176.71,167.36,158.78,150.62,141.95,129.10,121.76,127.91,118.53
13.93,13.93,17.26,21.00,32.25,40.31,47.01,83.43,103.08,132.85,162.34,184.13,197.12,206.48,218.68,225.08,237.62,245.81,254.75,257.33,264.75,274.24,282.86,285.57,288.13,291.62,291.41,285.83,282.36,280.45,273.02,264.15,259.86,255.49,247.40,241.96,233.69,229.53,224.54,220.00,214.74,209.39,202.54,195.74,189.26,177.00,167.72,159.20,151.65,141.74,133.14,119.10
17.46,13.34,16.12,20.10,29.27,37.95,46.04,83.67,100.62,130.25,157.71,180.31,193.02,202.62,212.90,220.06,230.27,238.61,245.70,251.91,257.82,267.05,272.81,278.38,281.22,284.02,282.47,278.13,277.22,272.30,265.14,256.76,252.37,247.42,240.25,235.58,228.18,224.20,219.80,215.26,210.24,202.09,197.95,191.00,184.78,172.66,164.30,157.41,148.72,138.11,129.62,118.21
16.12,16.12,18.03,20.59,25.55,33.42,38.90,70.38,99.16,122.77,159.05,180.32,195.93,204.40,214.44,222.99,231.14,241.60,249.27,253.29,260.99,268.46,275.09,278.55,281.44,284.74,284.68,276.81,275.41,271.03,266.09,258.31,252.51,246.73,241.87,239.89,230.97,224.86,220.07,215.93,210.61,204.50,197.39,192.51,186.59,175.90,166.51,158.48,148.22,139.20,133.21,118.00
21.19,20.25,18.97,19.72,25.81,29.07,36.40,65.52,88.60,126.65,157.69,180.68,193.85,203.04,214.57,220.34,229.46,238.60,245.25,251.03,259.99,266.33,271.83,276.51,276.20,280.40,280.51,274.40,273.03,265.20,263.10,255.88,247.41,244.64,238.67,234.62,227.43,222.71,219.33,211.54,206.17,202.31,195.00,190.85,184.49,174.01,164.47,158.00,148.41,140.46,130.54,119.71
22.09,20.62,19.72,21.40,24.04,31.38,40.16,71.06,97.62,130.15,164.20,181.12,195.02,202.63,213.91,219.66,230.31,236.32,246.45,248.32,257.61,263.71,269.67,275.18,276.48,279.59,279.46,271.74,268.42,268.00,261.37,254.61,248.11,242.92,241.13,235.60,226.38,222.93,217.02,211.97,207.27,203.84,193.33,190.87,185.19,175.41,166.14,157.18,149.34,141.03,132.23,120.02
27.29,25.50,23.09,25.02,28.02,32.76,40.61,72.37,100.28,135.15,165.87,181.47,195.36,203.03,210.89,218.71,226.97,235.26,241.85,244.80,252.05,259.20,265.86,269.61,270.42,276.18,276.52,267.23,265.55,262.92,258.59,249.06,242.01,240.28,236.24,231.22,222.04,217.88,213.23,209.16,203.93,199.42,194.10,187.81,182.39,173.51,165.39,158.32,150.31,141.77,133.81,120.07
19.24,19.10,15.81,15.26,14.04,14.32,17.49,26.00,35.51,52.47,76.48,114.63,152.16,169.00,181.84,194.62,202.74,210.85,216.11,225.79,231.40,235.14,241.41,246.68,249.56,252.56,251.81,246.38,243.08,241.02,238.56,230.93,227.34,223.40,219.21,215.18,205.73,205.62,198.88,193.50,190.07,186.01,181.01,177.72,173.00,165.25,155.46,149.47,142.13,134.46,126.04,114.97
22.36,20.25,19.00,18.38,17.69,18.03,21.84,32.56,41.63,67.62,100.40,139.18,168.24,184.38,199.02,208.83,218.94,225.62,231.48,236.48,243.00,247.92,255.41,260.51,261.84,263.88,263.86,258.91,257.28,252.77,246.79,240.48,236.89,232.55,229.07,224.13,215.37,213.40,208.78,205.20,200.00,196.85,189.20,183.83,180.14,174.75,164.25,159.23,152.12,142.23,136.31,124.63
18.68,16.28,16.76,17.03,15.65,16.28,20.00,29.73,39.32,62.39,91.92,128.81,154.03,169.25,180.54,190.87,198.71,207.61,212.80,216.17,221.18,226.65,233.12,235.37,235.87,242.00,241.13,234.20,234.08,228.88,225.64,218.82,215.08,211.98,207.97,204.61,197.00,195.02,190.68,188.01,186.04,180.37,174.98,171.47,165.75,160.64,152.96,148.52,141.42,134.35,126.44,115.60
21.47,19.85,19.92,21.10,18.79,19.10,22.20,34.48,47.01,67.19,94.34,130.21,154.63,169.00,181.73,191.44,200.57,208.75,215.00,217.75,224.29,228.71,232.77,237.67,239.60,243.21,240.26,234.05,234.31,230.18,228.40,219.49,217.62,211.85,209.62,206.85,198.34,196.62,190.82,189.78,187.42,181.71,178.07,172.90,170.43,164.56,157.01,151.65,143.74,134.95,130.03,116.02
21.26,23.35,24.04,24.08,23.26,28.28,31.26,46.23,61.22,81.94,116.35,146.03,174.73,187.58,198.88,206.62,215.34,222.77,229.10,236.14,243.67,247.01,249.95,255.34,257.23,263.61,260.25,253.27,252.39,248.24,246.34,238.10,238.38,229.30,228.04,224.04,218.58,215.60,210.28,207.07,203.04,199.12,194.24,191.44,186.08,181.80,170.99,164.77,157.44,150.33,142.30,130.38
24.08,23.77,25.32,28.30,27.66,31.38,34.23,54.42,71.56,96.90,122.12,146.51,165.59,173.62,183.67,192.85,201.36,208.31,213.68,218.58,227.76,229.98,236.68,240.35,241.62,247.65,245.20,238.83,237.00,234.02,229.71,223.24,221.11,216.54,215.24,213.24,202.61,201.65,197.44,195.13,193.31,188.02,183.39,177.37,175.39,170.84,160.61,155.24,147.63,140.80,133.18,121.40
23.19,24.35,25.50,27.51,28.02,36.67,57.14,107.71,135.67,150.15,160.11,167.86,177.29,180.76,186.04,194.24,198.57,205.14,211.26,214.35,218.33,222.64,229.39,230.60,234.39,238.21,237.19,228.83,225.86,224.15,218.92,211.81,207.18,204.88,202.79,198.12,190.00,187.45,185.84,182.43,179.18,174.63,171.33,165.30,164.45,157.99,152.74,145.00,138.23,130.63,122.43,111.49
20.10,22.47,24.70,31.40,31.02,34.99,36.12,66.76,96.13,116.11,137.01,156.47,169.50,173.35,181.91,189.24,195.93,202.57,207.86,212.04,216.78,219.91,224.88,229.26,229.00,234.09,230.53,222.43,222.12,220.18,213.93,207.54,204.47,200.81,198.20,194.59,186.95,182.70,182.54,181.23,178.10,172.70,170.66,168.34,166.82,158.98,151.61,145.69,139.62,132.24,125.23,113.57
80.71,82.10,83.55,92.07,111.51,116.36,118.60,88.60,67.18,48.75,55.47,69.92,83.02,87.20,94.43,98.41,107.91,111.65,116.07,116.47,118.27,116.30,117.80,115.85,113.09,111.66,105.95,102.53,103.08,104.12,101.91,98.37,96.33,88.39,89.94,88.23,83.67,84.85,79.03,87.64,86.49,79.25,80.50,78.00,85.59,85.28,91.27,97.94,99.76,108.12,85.91,108.07
23.02,22.85,22.09,22.36,28.43,29.73,35.06,65.00,89.64,127.13,152.05,167.31,178.28,185.18,192.50,197.69,203.68,208.80,214.35,220.05,226.50,231.31,233.46,236.91,241.01,241.05,240.71,235.77,234.56,229.17,223.66,216.60,213.60,208.17,205.65,205.80,195.49,194.37,191.85,188.52,186.08,183.97,179.75,177.10,172.63,167.24,159.70,154.67,146.71,139.23,128.88,118.11
17.00,18.87,19.10,20.62,19.03,20.88,29.15,65.30,91.44,128.08,152.76,167.50,182.18,186.55,193.34,199.62,206.24,212.04,219.36,223.34,228.35,232.81,239.87,240.63,242.77,246.46,245.07,237.17,235.53,233.03,226.93,220.31,216.90,211.62,209.75,206.65,198.65,196.16,193.04,189.02,187.21,183.01,181.52,177.63,173.68,168.19,160.33,152.76,145.84,138.13,128.51,117.39
22.09,20.59,22.67,21.54,22.36,27.46,34.89,70.66,99.72,125.87,150.33,170.18,187.00,191.72,200.06,206.93,213.74,222.51,227.31,230.85,240.97,244.02,251.37,251.87,254.57,256.81,255.99,248.24,247.52,243.82,238.32,232.02,226.60,221.27,216.92,213.24,207.51,206.61,204.41,198.24,196.12,191.27,187.04,182.78,179.60,174.80,163.71,159.45,150.55,143.22,132.85,121.38
21.02,20.59,22.02,21.19,23.09,29.43,34.89,68.43,98.51,125.87,151.43,171.40,186.04,192.57,201.02,208.20,216.83,220.91,228.35,230.38,240.13,245.02,249.84,255.20,253.65,258.16,255.00,250.44,247.69,244.90,239.38,233.02,225.79,221.77,219.70,215.75,208.90,207.18,203.65,198.60,197.61,191.91,187.83,184.62,178.47,173.61,165.34,160.86,152.78,145.67,135.07,122.92
22.14,22.63,22.36,21.10,24.19,27.86,36.88,70.83,99.61,124.68,152.20,170.43,186.90,193.46,198.49,208.00,216.12,220.51,228.78,231.47,240.44,245.28,249.02,252.07,254.24,258.19,255.98,250.12,249.78,243.88,238.67,233.02,226.05,221.92,219.02,215.10,207.64,206.83,202.83,199.49,197.52,192.13,188.49,182.63,180.42,173.05,165.85,160.21,151.18,143.78,132.28,121.38
32.31,20.12,24.60,23.32,23.09,27.73,35.51,69.92,98.18,123.31,149.91,166.78,184.10,188.11,196.31,205.55,211.68,218.23,225.30,228.40,236.39,241.91,246.52,250.91,251.92,254.19,253.00,245.88,245.42,242.66,235.68,229.86,223.67,220.87,215.80,212.81,202.80,202.60,202.15,198.76,196.60,188.09,184.98,183.29,174.77,175.35,164.88,160.55,152.79,145.03,134.01,122.25
21.59,21.38,24.17,26.25,27.02,33.62,41.30,71.34,93.41,119.85,141.13,162.75,178.66,188.16,197.02,203.97,212.42,221.88,227.37,229.43,236.71,241.15,247.58,250.78,251.00,258.92,255.31,247.41,247.88,245.07,238.14,233.62,227.66,221.42,219.66,217.95,208.66,205.12,203.79,199.97,198.28,191.88,187.61,185.92,182.63,176.05,166.83,161.38,153.39,145.53,135.37,122.64
22.14,23.02,21.59,24.60,27.66,31.91,40.52,69.26,90.00,114.83,134.39,156.20,171.68,180.42,188.16,195.09,202.20,209.40,216.75,220.12,227.27,231.52,236.92,240.48,242.51,247.52,244.81,237.49,236.78,232.74,229.99,221.77,219.86,213.21,211.15,208.15,201.56,198.57,194.88,191.38,191.44,185.71,180.19,177.91,175.16,169.74,162.09,155.21,149.49,141.60,129.71,118.61
23.60,23.02,26.25,29.00,32.39,38.08,48.27,74.46,95.52,117.55,131.65,150.95,167.87,176.78,186.21,195.49,202.37,210.58,218.01,217.80,223.66,232.42,236.58,239.53,241.87,247.19,247.75,240.71,239.01,237.26,231.81,225.20,220.23,218.25,214.98,211.06,204.27,201.36,199.53,194.70,193.54,187.68,184.17,182.51,177.34,172.66,165.05,158.93,151.99,143.41,132.56,120.34
28.28,28.30,30.41,34.44,40.16,46.04,56.09,84.86,103.75,121.02,142.56,160.75,177.05,187.41,193.89,202.81,212.32,220.74,226.60,232.12,239.64,245.90,251.84,254.81,257.39,261.12,262.43,256.70,253.43,249.80,244.66,239.44,234.18,231.23,228.33,222.70,217.49,212.98,210.34,205.65,205.29,201.54,195.00,193.00,190.07,183.70,176.83,168.16,159.67,152.59,142.02,129.19
29.00,26.00,31.14,35.51,38.08,44.82,55.32,85.59,103.75,123.00,139.30,160.46,173.57,184.95,193.00,202.23,210.49,223.22,224.00,231.73,236.93,245.81,250.24,253.34,255.27,259.48,261.00,252.80,253.95,249.65,244.14,238.25,231.70,229.06,224.36,221.23,215.34,212.53,210.38,207.00,206.42,199.74,195.92,192.32,188.10,182.16,174.66,168.34,160.12,153.48,141.95,128.32
27.89,29.43,35.23,39.05,48.47,58.01,69.08,97.17,114.02,133.54,148.50,165.50,177.28,186.63,193.83,205.39,211.06,222.63,226.50,232.38,239.31,246.13,251.07,256.03,255.55,261.77,264.52,254.95,253.03,249.19,245.07,239.94,234.97,231.95,227.65,223.61,215.18,213.78,210.45,205.73,205.80,199.49,196.92,194.28,189.99,183.24,176.73,169.05,161.07,154.33,141.15,129.54
28.60,29.07,37.66,38.90,48.01,54.04,61.61,92.66,106.61,127.35,140.43,154.87,167.54,174.42,182.82,194.86,202.30,208.57,216.04,220.51,226.34,235.05,240.83,242.71,244.17,248.36,247.58,243.08,242.39,238.83,233.57,229.14,222.70,220.49,217.17,213.06,205.41,203.04,200.81,197.25,196.25,192.77,188.35,185.43,179.52,177.16,168.40,162.93,154.06,147.73,136.82,123.56
29.21,30.59,32.98,39.96,47.42,53.85,66.00,91.92,107.54,127.02,140.77,153.46,166.43,175.01,185.54,193.83,200.82,208.27,215.41,220.77,227.43,233.14,239.71,241.35,244.80,248.56,249.90,242.17,241.63,237.26,233.11,227.02,223.96,218.94,217.52,213.43,205.55,203.59,199.81,195.37,195.06,189.99,187.63,184.05,180.14,176.31,169.05,160.70,154.33,148.27,135.09,124.02
27.20,28.02,32.02,38.33,41.59,53.04,63.53,90.71,109.20,131.13,146.24,163.05,178.40,186.45,193.61,203.08,212.01,222.79,229.03,231.70,238.27,247.69,251.81,255.48,258.80,262.56,263.09,255.89,254.64,253.16,247.24,241.22,235.05,233.65,229.10,224.32,218.01,215.03,213.79,210.12,210.28,203.68,199.72,196.76,193.13,187.54,179.10,173.08,165.47,157.18,146.01,132.42
64.78,81.54,79.12,78.85,86.28,85.70,85.00,85.38,67.90,64.03,66.73,81.54,97.45,104.39,106.48,116.93,124.48,132.03,136.85,144.01,144.81,144.69,149.05,152.16,153.88,153.84,153.06,148.92,147.46,145.06,141.03,136.61,132.00,132.55,125.72,125.32,122.97,124.56,123.69,121.84,122.33,121.56,118.66,120.10,117.39,123.00,117.63,114.28,109.29,105.70,102.59,98.29
23.54,26.25,32.76,38.08,48.09,59.77,72.80,108.91,122.92,140.89,154.21,168.62,179.47,185.78,193.28,200.90,209.42,215.42,222.51,226.81,233.50,240.13,245.60,250.20,253.19,254.95,258.40,250.60,246.71,246.46,240.13,234.67,229.40,228.32,223.90,218.36,211.54,211.01,206.79,203.11,202.98,197.37,193.60,191.65,186.04,182.72,177.39,170.84,163.38,153.87,141.51,129.40
25.18,29.53,35.81,42.95,54.74,69.40,86.83,120.90,137.30,150.57,162.10,178.06,186.10,192.00,199.46,208.72,215.37,222.31,230.14,235.14,243.02,247.52,252.24,257.50,259.05,265.56,264.07,258.94,256.76,254.12,249.39,242.12,237.59,234.37,229.53,224.59,218.93,216.49,213.53,207.07,208.83,203.03,202.00,197.01,191.32,186.70,179.63,172.07,166.01,155.57,145.17,133.73
23.19,26.40,34.21,46.10,61.52,75.00,91.71,127.22,142.27,158.15,167.20,181.28,192.00,197.70,204.55,212.45,220.10,227.41,233.77,238.77,246.27,251.94,258.81,260.49,264.86,269.43,270.38,263.00,260.72,258.54,252.62,244.62,240.63,239.77,234.76,229.94,221.12,218.55,216.52,212.98,208.63,204.75,202.81,198.16,194.46,189.86,182.69,176.23,165.68,157.84,147.00,134.32
23.77,28.43,35.47,46.01,58.52,69.35,84.86,112.81,123.75,139.46,148.17,160.33,169.78,175.33,183.12,191.44,200.00,208.47,215.08,217.80,226.76,234.14,240.07,243.99,245.51,251.73,251.47,244.71,241.92,240.47,235.16,227.63,223.34,221.29,220.01,212.51,208.40,203.00,201.26,198.48,197.12,190.71,188.09,185.56,180.08,176.51,169.14,163.45,154.56,147.14,136.21,123.46
25.00,30.08,36.12,47.54,59.03,72.11,87.68,113.00,123.49,138.11,147.65,159.67,168.67,177.87,184.11,191.51,199.70,207.69,213.36,217.83,229.21,235.08,239.75,244.76,246.22,250.91,251.39,246.38,244.66,239.94,235.26,229.44,224.32,218.59,218.75,215.59,207.71,206.16,202.70,197.75,197.31,192.42,187.54,185.97,181.14,176.88,168.87,165.60,154.35,145.91,137.64,125.04
23.54,26.31,36.72,46.40,54.71,69.35,84.60,112.64,126.48,139.13,149.21,159.31,170.58,176.57,183.38,190.79,198.41,208.17,214.95,216.48,225.74,232.61,240.00,242.59,243.37,251.75,251.29,245.05,241.76,240.28,233.36,226.89,225.00,221.72,218.18,213.55,206.89,205.68,202.06,198.76,196.42,191.25,187.88,186.43,179.75,176.83,168.72,162.61,154.56,146.12,136.03,123.49
30.00,36.14,43.57,50.54,63.78,77.16,88.01,115.43,125.90,142.56,151.25,163.11,175.57,178.89,182.89,194.74,203.96,212.56,218.04,224.02,231.42,239.30,245.35,248.89,251.44,257.87,258.90,252.84,252.51,249.99,242.85,235.00,232.24,228.64,225.76,222.66,215.84,211.59,209.17,204.12,203.81,199.08,196.24,192.20,189.27,183.92,178.04,171.19,161.00,153.81,144.06,129.99
30.81,38.08,47.52,55.95,69.43,79.85,92.27,118.51,132.01,144.85,153.06,167.49,178.90,183.21,190.03,200.68,208.06,218.77,225.25,229.84,238.12,248.07,254.17,260.35,262.41,269.68,268.13,261.28,261.73,257.93,253.43,246.95,242.62,238.76,235.92,234.16,226.23,224.64,221.84,218.05,215.04,208.60,208.00,206.21,200.52,197.21,188.94,181.47,172.82,166.23,150.33,138.88
46.40,53.25,69.89,66.48,77.52,90.14,106.00,128.32,135.69,147.87,150.81,164.45,175.07,181.23,188.88,196.09,205.57,216.54,221.84,225.73,235.69,244.66,251.80,255.00,258.66,264.33,268.29,258.09,259.11,256.46,253.06,246.84,240.10,241.30,237.41,235.05,226.75,224.04,222.41,221.11,218.00,214.41,213.04,209.03,204.12,198.86,191.05,184.36,175.60,167.84,153.39,141.01
35.23,40.71,48.17,57.25,66.84,78.71,89.45,111.66,119.36,130.05,142.97,151.48,160.42,171.40,175.05,185.05,193.66,202.79,207.62,216.59,226.26,233.75,239.64,244.74,248.85,253.31,253.44,249.05,251.10,246.10,239.20,236.78,231.62,226.55,224.85,225.32,218.55,215.56,213.59,212.87,211.10,205.65,204.36,199.46,196.03,192.01,184.46,178.47,167.72,161.15,148.19,135.76
42.94,49.01,57.01,67.90,78.00,90.00,102.04,123.48,133.14,142.30,152.27,162.41,169.45,178.21,182.92,192.34,201.70,209.62,214.98,221.78,233.14,238.03,245.28,249.13,251.79,257.88,258.56,255.16,253.40,250.64,245.71,240.41,238.21,236.38,230.79,228.69,224.59,223.18,222.19,216.95,216.72,209.95,210.89,206.21,200.57,197.77,191.05,182.73,174.32,165.87,151.82,139.81
37.01,43.46,48.17,58.87,68.01,80.41,92.02,112.87,122.02,133.45,143.68,151.22,162.01,169.54,176.47,185.00,192.60,200.04,209.10,214.39,225.62,233.14,241.62,245.52,248.22,252.16,254.24,249.82,250.46,246.34,242.39,234.93,233.23,228.32,229.94,225.96,222.00,220.06,217.20,214.22,213.64,209.50,206.74,203.68,200.32,194.58,189.01,180.89,173.90,163.57,152.78,139.52
37.22,43.83,50.25,58.18,67.48,78.45,86.45,107.35,114.42,127.28,132.10,141.99,152.27,157.80,163.37,173.37,180.24,188.62,194.70,198.39,207.18,213.93,221.23,226.50,228.08,233.21,233.12,229.22,230.79,224.93,224.54,216.82,217.35,213.02,214.52,211.65,204.94,205.04,203.00,200.88,201.68,197.27,195.33,192.07,188.48,184.78,177.28,171.06,162.27,154.02,142.61,131.61
61.03,70.66,82.46,96.77,110.42,121.76,132.31,150.44,159.15,167.26,176.16,182.10,190.55,195.26,202.37,209.55,216.59,223.23,228.22,235.47,243.67,250.51,256.91,263.21,264.84,269.03,270.76,264.20,266.74,259.33,258.82,253.82,249.27,247.70,245.17,243.82,237.69,234.34,234.63,232.13,229.47,225.66,224.70,220.00,215.41,209.25,202.28,193.75,185.43,174.81,160.64,147.73
62.13,75.13,85.87,100.90,114.93,129.19,140.09,156.25,163.02,172.28,184.30,189.59,198.12,202.09,209.94,216.01,220.73,230.59,236.91,240.67,251.40,255.20,264.17,268.60,271.49,274.30,274.49,270.85,272.53,266.99,265.05,257.38,255.54,249.28,248.20,246.86,241.00,240.84,238.35,235.38,233.21,228.90,224.61,222.00,217.61,210.54,204.36,195.17,186.30,173.67,160.59,147.80
58.90,71.17,80.06,94.94,106.10,118.85,130.03,149.62,155.21,165.08,171.01,179.03,186.13,190.23,195.72,202.89,210.11,217.38,224.40,226.95,234.02,240.11,248.57,251.75,253.80,257.86,259.20,252.72,256.22,250.45,247.32,240.25,235.75,235.37,232.56,228.19,224.63,220.42,219.80,216.81,216.54,211.61,208.37,206.89,200.32,196.02,186.27,180.01,171.21,162.64,148.10,137.44
58.73,72.80,82.01,96.25,106.40,117.75,127.04,142.87,150.42,158.76,163.11,172.93,180.76,183.25,186.04,195.26,201.20,209.99,214.14,217.95,225.61,229.14,237.64,241.30,244.68,247.99,246.10,241.11,242.89,237.26,234.09,227.43,223.91,222.17,218.04,217.80,212.25,207.18,207.28,204.47,203.60,197.61,197.40,193.26,188.10,183.15,175.32,168.86,160.64,152.46,139.81,127.20
67.20,79.91,89.19,101.82,114.28,128.13,137.91,153.38,163.25,170.47,177.00,185.72,193.51,196.98,202.25,209.30,216.34,221.68,227.72,235.05,240.02,244.79,253.48,257.16,260.76,263.01,262.45,256.70,256.30,249.73,248.85,240.52,237.93,234.54,232.57,227.86,222.63,218.00,219.16,214.27,211.47,207.10,204.22,203.12,197.31,192.31,186.51,177.14,168.24,157.04,145.89,134.63
55.36,64.94,75.47,88.51,100.84,112.36,123.23,138.45,147.51,155.62,163.11,171.84,179.40,184.49,190.43,196.10,203.21,211.75,215.18,220.00,227.73,231.04,240.01,242.91,245.82,248.47,245.96,241.12,243.99,235.44,233.85,225.74,221.25,218.44,216.32,213.71,208.28,205.51,202.89,201.10,198.96,194.76,193.54,189.00,185.40,179.49,173.28,165.25,157.43,148.12,136.24,127.95
63.63,75.06,79.65,87.62,104.81,111.63,125.20,136.01,146.58,153.94,163.42,167.72,175.09,178.62,183.37,189.59,196.89,201.61,206.52,211.54,219.13,221.84,230.02,234.03,235.21,238.17,236.22,232.40,230.82,225.59,223.40,215.37,211.57,208.00,206.81,202.83,195.50,194.37,193.38,190.28,190.52,185.28,179.69,178.89,173.28,169.19,164.22,153.39,138.13,123.56,116.18,100.00
62.39,71.47,82.07,92.85,104.00,113.32,123.04,137.44,144.10,153.65,160.70,167.72,174.18,177.79,184.20,188.86,195.89,202.87,207.89,211.01,218.58,221.38,229.31,233.11,234.08,236.19,234.29,233.08,231.23,226.10,222.40,214.22,209.61,207.52,204.48,200.06,194.86,191.77,191.06,190.60,189.27,183.62,179.98,177.05,171.13,167.86,161.97,151.08,135.65,120.97,115.17,97.08
65.52,77.67,83.76,86.31,94.11,104.86,114.28,130.38,139.46,147.41,151.82,162.34,168.58,171.41,178.04,185.27,190.56,199.58,203.71,206.17,213.04,217.87,224.62,228.53,229.49,233.08,232.00,225.25,225.68,222.06,216.17,211.14,204.40,205.23,199.74,195.74,191.00,185.61,187.45,187.07,184.36,178.00,174.45,173.28,167.62,160.85,153.64,148.25,141.68,132.97,122.81,109.04
65.12,74.46,86.59,100.12,109.59,124.00,132.00,148.76,159.00,168.86,176.14,186.55,194.74,196.56,204.16,212.85,218.13,227.56,233.33,235.37,244.81,249.33,257.61,263.14,262.13,267.80,265.07,257.29,256.85,250.45,247.88,240.83,234.20,233.26,230.08,224.14,217.41,215.03,213.00,209.75,210.06,200.52,198.18,194.93,190.96,182.54,175.03,167.72,161.94,151.16,139.18,126.18
65.00,76.69,82.22,96.94,107.84,120.21,120.49,142.36,152.55,156.82,169.09,175.50,182.60,186.94,195.60,200.94,206.87,213.52,218.30,223.08,229.61,237.86,244.39,248.45,251.10,252.05,250.06,244.98,243.91,235.85,233.65,226.23,221.44,219.54,213.01,212.85,206.65,201.80,198.82,200.93,194.45,188.92,181.89,181.02,178.35,169.26,165.68,156.32,147.46,137.89,130.38,119.15
65.30,74.11,82.22,94.37,107.33,117.52,127.09,142.61,150.88,160.11,168.29,177.23,183.22,189.97,195.92,202.60,208.40,217.18,222.43,227.34,234.20,238.83,246.48,250.48,253.21,254.79,253.21,249.01,247.16,240.30,236.91,230.49,224.96,222.05,217.52,214.56,208.89,204.50,203.94,200.41,199.01,191.09,189.45,185.61,180.55,172.59,165.50,158.14,149.70,140.00,130.00,119.52
66.48,76.79,86.77,99.25,108.47,120.02,127.44,146.24,154.65,164.05,171.99,179.90,189.02,193.21,200.63,206.41,213.78,222.73,225.97,233.45,239.35,243.21,252.18,254.81,257.65,261.70,258.65,253.48,251.73,245.60,238.47,235.10,230.33,228.43,225.22,215.39,213.60,207.80,204.92,202.43,200.20,194.06,189.06,186.96,182.51,175.11,169.05,158.53,150.08,141.60,130.59,119.34
79.16,91.27,98.76,110.42,122.11,132.67,140.36,155.71,164.26,170.76,180.10,187.98,193.30,198.80,205.25,211.29,217.22,226.27,229.92,235.29,241.50,245.94,256.01,259.03,263.06,264.34,260.55,256.01,255.54,248.96,245.75,237.66,230.93,227.32,221.22,217.00,213.04,209.75,207.97,204.36,198.12,193.83,189.17,185.27,182.70,172.00,165.80,157.26,147.27,137.64,130.02,116.71
71.20,82.15,89.54,101.83,113.85,125.00,132.61,147.18,154.72,161.99,171.54,178.39,186.08,190.59,197.52,203.79,210.21,218.33,221.90,225.23,231.93,238.55,246.71,249.36,252.24,254.57,252.51,248.24,249.19,241.81,238.66,229.31,223.65,222.28,216.00,212.95,208.63,205.83,202.60,198.76,194.74,187.68,183.58,179.92,175.41,167.04,159.25,153.70,143.81,133.88,123.79,113.99
71.25,83.17,91.55,101.60,113.86,123.45,132.74,149.05,156.04,166.11,173.67,179.66,188.16,193.31,199.12,204.98,213.52,218.55,224.59,227.27,236.01,240.10,249.78,252.25,256.64,259.05,257.60,254.14,251.00,246.91,241.10,235.16,229.84,228.11,223.49,219.02,214.40,209.02,207.93,203.74,200.28,196.01,188.05,183.50,179.21,170.56,163.96,154.05,146.00,137.99,126.04,113.32
63.79,73.76,82.15,92.80,102.20,114.02,123.97,142.76,149.97,161.64,166.60,179.39,186.01,191.47,197.39,203.96,214.15,222.80,228.27,231.97,237.81,246.98,256.30,256.70,262.00,266.32,266.61,258.07,257.09,255.47,250.71,240.29,237.04,236.76,232.11,226.10,223.46,217.46,215.06,211.46,211.27,201.73,198.07,194.25,187.22,176.71,168.81,161.28,153.87,144.89,130.97,118.81
74.97,88.23,98.01,111.22,119.97,130.23,139.99,156.89,166.21,173.95,180.69,188.68,196.98,199.42,208.15,213.18,217.94,227.63,234.06,235.93,242.86,250.53,258.99,261.38,265.15,271.02,270.25,264.49,263.80,261.61,253.84,248.82,241.35,243.82,236.77,232.01,226.74,223.14,219.58,217.46,214.01,202.56,202.41,196.31,189.90,177.45,171.11,160.73,152.16,142.62,130.65,119.71
75.00,86.68,97.74,109.20,119.20,128.27,138.08,155.42,163.17,169.05,177.41,187.20,193.91,196.16,204.00,209.48,215.50,225.51,229.90,232.35,239.77,246.08,255.47,259.67,260.20,267.78,267.38,258.52,259.01,257.56,251.28,245.35,240.14,240.19,234.34,230.59,226.12,220.97,217.52,214.31,212.71,202.74,201.11,194.26,187.24,178.24,170.70,160.85,155.08,144.27,129.71,118.41
73.68,84.72,94.05,106.51,115.92,127.42,134.47,150.00,158.45,166.23,176.40,181.89,188.32,193.79,200.96,208.61,211.85,218.89,223.50,231.20,237.70,244.10,250.80,255.84,259.54,263.69,263.10,259.19,257.33,254.40,251.05,243.12,241.13,238.50,230.49,229.08,221.89,220.13,218.55,212.46,208.47,200.34,196.22,193.17,186.45,177.55,169.10,159.52,150.36,139.31,128.44,117.83
72.90,84.17,92.20,106.02,116.40,128.39,136.01,154.24,160.59,170.39,181.03,187.02,195.25,197.96,205.18,212.51,221.92,226.72,232.78,238.45,244.00,252.67,261.12,265.19,269.67,272.59,270.83,268.52,266.05,265.06,259.51,249.84,244.70,242.99,237.14,234.34,228.88,224.85,220.38,215.68,212.14,205.77,198.06,195.26,188.43,178.73,172.03,162.52,151.54,143.68,132.38,118.83
72.24,82.22,93.94,107.00,115.69,127.28,139.59,158.40,165.30,176.65,183.88,194.13,201.48,205.35,210.10,216.06,226.28,233.60,241.24,240.75,251.02,258.00,267.25,269.74,275.18,279.83,278.30,272.21,271.67,272.61,263.00,255.23,251.06,248.74,244.20,236.33,230.97,225.09,221.58,221.21,215.84,205.81,203.04,199.25,190.16,182.48,172.13,161.62,157.54,145.89,133.56,120.54
68.68,79.40,88.57,100.34,112.45,125.23,134.13,152.62,162.83,172.96,180.10,191.02,197.77,202.87,209.17,219.20,224.63,232.02,238.95,242.50,250.97,259.75,266.18,268.58,274.02,279.55,279.30,275.18,273.80,270.97,265.66,258.03,252.92,252.52,245.10,239.63,235.14,230.64,226.60,223.23,218.00,209.38,204.38,199.94,193.07,183.45,174.64,164.76,158.00,146.99,132.52,121.79
70.01,81.71,87.05,100.85,113.22,123.89,133.22,152.53,160.53,171.83,182.43,189.01,197.25,203.94,209.30,218.49,223.29,228.32,235.59,242.39,249.83,256.26,265.59,266.93,272.83,277.72,276.83,272.25,270.05,267.59,263.33,256.80,251.11,246.98,241.34,235.87,232.08,228.21,223.58,218.32,213.41,206.25,201.32,197.75,190.80,181.84,173.40,164.20,154.99,145.77,133.30,120.62
72.73,83.55,92.13,103.48,117.39,128.80,139.82,157.69,167.59,178.71,186.82,196.03,203.96,207.71,214.00,221.94,229.43,236.14,245.05,248.21,255.01,262.82,270.60,274.43,279.55,284.02,284.09,278.23,275.93,273.93,267.37,261.18,252.05,250.67,246.48,241.02,235.36,229.46,226.51,221.18,218.96,210.26,205.87,200.19,193.08,184.05,176.47,166.21,158.11,146.01,136.12,123.33
72.18,83.01,93.34,104.24,119.81,130.77,141.80,159.96,169.58,178.81,189.66,197.40,204.71,209.97,215.57,224.74,229.51,237.26,243.38,248.85,255.20,262.73,269.88,275.57,279.03,281.23,281.43,276.94,277.56,271.89,267.59,260.41,253.95,250.39,243.26,240.28,233.03,228.18,226.13,219.80,214.71,209.38,204.01,196.47,191.37,181.82,173.49,163.88,155.24,145.72,134.12,119.85
73.82,87.09,95.13,109.12,123.20,136.31,146.21,166.14,174.29,185.32,196.31,203.59,213.14,218.08,223.14,231.46,237.60,244.23,251.51,256.07,263.62,271.83,278.17,282.41,288.00,291.00,289.08,285.85,282.70,278.60,273.65,267.24,260.19,255.23,248.68,244.63,237.79,234.27,229.45,222.08,220.41,213.43,206.82,200.86,195.00,185.60,178.93,167.69,158.82,148.19,137.06,121.60
56.44,66.10,72.35,83.19,92.54,103.58,111.77,131.32,139.43,150.88,158.78,171.12,180.25,184.36,191.17,200.66,208.41,216.09,223.32,224.02,231.09,239.18,246.45,249.80,255.39,260.93,260.60,254.61,254.21,252.69,244.50,240.00,232.82,231.97,226.10,221.38,215.11,212.81,208.89,204.38,200.32,191.13,188.13,181.20,176.40,168.24,160.00,150.55,141.23,134.83,121.20,110.60
60.83,69.81,79.40,89.36,97.99,110.32,119.42,142.79,152.64,164.45,172.73,184.81,193.83,198.57,206.89,215.59,220.69,230.87,237.86,241.27,248.56,256.05,263.77,266.60,270.38,277.13,273.91,267.64,269.00,266.92,261.40,253.71,246.62,246.45,239.06,233.91,226.29,221.04,219.27,214.37,212.25,202.57,199.45,193.01,185.44,176.48,168.86,159.53,151.11,142.00,127.41,116.91
64.41,73.25,83.22,95.01,105.11,117.44,129.03,150.27,161.01,172.18,183.63,195.00,204.44,210.44,217.06,225.09,231.40,240.87,248.56,250.06,258.86,265.18,274.83,276.14,281.04,287.72,285.94,279.03,280.45,276.18,268.60,262.27,254.57,254.77,245.49,242.57,234.39,229.84,226.10,222.05,218.11,209.12,206.16,198.00,192.43,182.33,173.37,165.06,156.98,146.69,133.96,120.78
62.13,71.20,78.82,89.05,100.22,110.98,124.40,141.29,153.57,163.89,178.09,185.32,195.02,204.12,210.79,217.34,225.40,230.05,239.31,243.46,252.69,258.41,268.91,270.28,273.86,278.11,277.20,273.01,269.70,268.29,260.95,255.07,248.29,245.08,239.47,234.58,228.97,223.19,219.46,214.46,210.76,204.83,196.35,191.42,185.73,176.85,170.00,158.96,148.52,139.62,128.02,116.87
61.29,70.11,76.32,87.00,98.41,108.46,118.13,140.87,151.35,161.61,172.29,181.60,193.72,200.30,207.06,213.35,220.54,227.31,233.00,237.93,247.65,253.00,262.91,263.47,268.33,272.66,270.74,264.52,264.20,262.69,256.81,250.80,243.99,241.02,237.17,229.19,224.13,217.10,214.76,211.73,206.40,197.00,193.60,187.32,182.43,174.00,165.85,155.05,145.17,137.77,125.30,113.64
61.13,70.21,77.67,89.59,99.82,110.48,120.77,141.85,152.07,163.42,173.22,184.50,194.16,198.64,207.96,212.90,223.09,227.61,235.51,239.30,249.51,253.36,264.80,268.00,271.15,274.35,274.31,267.94,267.59,266.54,257.73,251.80,245.72,245.70,237.84,231.04,224.98,218.16,215.61,212.60,207.23,199.45,194.04,187.84,183.60,174.56,165.01,155.44,148.07,137.77,124.58,114.18
56.60,66.27,73.93,83.49,96.14,107.23,116.30,136.49,147.09,157.49,172.86,181.40,191.32,199.02,207.42,215.45,222.25,228.53,236.41,241.20,248.82,256.22,262.79,266.27,272.12,274.76,274.77,270.60,269.55,265.70,261.87,253.34,246.40,243.52,236.21,233.32,225.57,223.00,217.28,211.63,208.29,200.34,194.93,187.95,181.76,172.42,164.76,157.49,146.24,137.23,125.16,114.02
69.35,97.17,92.05,112.26,131.05,130.60,146.22,164.79,174.06,183.20,192.51,200.03,209.20,214.02,219.69,226.07,232.50,238.52,247.00,251.29,257.26,266.18,273.92,277.52,280.20,287.47,285.73,278.26,275.07,273.19,267.56,259.19,256.35,252.46,242.74,238.20,229.71,226.59,223.40,218.66,214.11,204.06,201.14,193.40,187.77,176.82,170.84,159.36,150.78,141.06,127.91,117.03
73.78,86.31,97.98,111.02,122.11,135.09,146.28,166.48,176.40,184.59,191.77,200.69,208.22,212.46,215.68,226.61,234.39,242.60,248.20,250.57,258.80,263.03,272.95,276.24,279.95,287.54,286.23,277.24,278.09,276.52,267.61,259.11,252.98,253.24,243.99,241.11,230.02,228.32,222.30,220.24,214.95,205.23,202.20,193.55,188.66,178.44,170.00,161.45,152.20,141.77,130.30,117.07
52.35,68.66,80.52,91.44,109.27,118.27,120.17,138.22,147.76,157.19,171.40,177.61,187.56,191.67,203.35,210.80,219.02,224.72,232.70,234.96,246.07,253.71,261.44,263.49,269.70,273.01,274.87,270.15,266.60,265.80,259.70,254.00,247.12,244.35,236.02,233.09,225.00,219.83,216.02,212.17,207.37,198.82,194.54,187.40,180.55,173.30,165.76,156.11,146.12,136.69,125.99,114.28
52.04,67.68,80.80,92.66,107.91,117.00,122.29,136.33,148.07,157.26,170.80,178.08,189.26,192.27,201.94,209.03,218.75,225.14,234.85,237.72,246.02,255.16,263.10,264.39,268.34,273.76,274.07,269.36,266.60,266.44,259.20,252.55,246.22,243.90,238.38,233.90,226.99,218.16,215.72,213.59,207.58,200.00,194.76,188.90,181.60,172.35,164.58,155.05,146.54,136.37,124.82,113.00
64.29,75.95,84.88,98.74,111.61,122.48,133.84,156.11,166.88,175.25,185.41,191.94,201.82,206.94,213.27,219.66,226.37,233.31,241.58,245.20,254.56,259.93,269.76,272.43,277.90,280.70,280.35,275.75,273.74,271.83,267.03,260.00,252.56,250.51,241.60,238.32,230.71,224.74,220.78,218.10,211.78,203.03,199.04,193.00,186.89,175.42,168.29,159.20,149.47,140.72,127.77,116.02
52.20,62.03,70.26,77.16,90.76,101.02,111.95,132.20,142.68,155.26,165.20,176.21,187.21,192.04,198.30,207.50,217.00,224.96,233.07,236.21,244.24,252.98,261.84,264.94,268.02,274.85,274.61,268.58,268.60,267.17,259.62,252.41,246.87,245.70,239.03,233.83,227.86,221.42,215.93,214.17,208.09,199.12,196.22,190.94,183.36,172.28,165.05,156.27,147.14,136.82,125.00,113.23
56.08,66.31,72.84,81.02,93.34,105.02,114.06,133.33,146.70,158.71,170.45,181.40,190.21,199.49,205.77,214.76,223.18,229.65,239.77,243.82,252.39,259.86,268.15,274.02,278.00,281.97,280.37,281.31,278.60,275.05,269.03,262.82,254.59,251.85,244.56,240.03,234.04,229.27,223.99,217.79,214.37,208.93,201.00,194.76,187.80,178.53,172.00,160.38,150.31,141.45,130.61,117.43
51.62,61.35,67.18,77.83,86.21,94.81,105.12,125.02,134.48,146.75,158.15,168.32,178.28,183.77,195.88,205.38,214.85,221.65,230.52,236.23,246.29,254.34,264.43,269.98,272.88,276.63,279.47,274.54,272.05,270.96,267.15,260.93,253.16,249.62,243.02,238.44,232.55,226.53,221.96,216.64,211.15,204.16,198.60,189.40,185.92,173.67,165.85,157.43,148.22,139.74,125.92,113.88
49.73,58.26,68.00,78.16,86.65,96.54,107.04,127.14,135.57,147.92,159.33,172.70,180.02,186.03,191.86,200.66,209.48,218.00,227.54,228.14,237.12,244.05,254.37,258.12,260.10,270.28,267.25,262.09,261.19,260.65,254.20,246.45,237.63,240.63,231.90,226.01,220.20,215.41,210.11,207.97,202.79,193.26,190.79,182.98,177.67,166.59,160.11,149.91,142.27,132.24,121.76,107.63
52.20,62.77,70.04,80.05,92.66,104.40,114.28,133.15,144.78,157.61,167.72,180.06,188.22,199.32,206.89,215.19,221.81,230.82,238.47,243.59,254.10,262.57,270.87,273.81,279.03,283.30,284.30,278.36,279.31,274.96,271.33,261.73,256.49,253.25,244.99,240.65,234.54,231.08,225.68,217.57,215.67,207.27,201.06,193.09,187.52,178.40,170.76,159.00,148.95,141.35,128.02,115.97
48.85,59.40,67.23,75.03,86.65,98.41,106.23,127.00,136.12,148.72,157.04,171.19,179.63,186.78,195.36,201.76,209.51,217.55,226.00,231.95,240.30,247.73,256.60,260.02,262.61,268.21,267.71,264.00,263.25,260.38,256.45,247.41,241.21,238.25,233.00,229.03,221.30,216.81,210.89,207.33,202.71,194.81,189.49,183.74,176.37,167.73,160.10,151.35,142.67,132.23,119.57,112.07
42.05,51.62,53.91,58.31,65.31,71.70,77.47,82.01,86.38,92.54,101.97,110.72,119.47,126.37,129.63,140.43,155.24,169.66,179.71,190.41,203.21,212.98,223.34,229.17,234.48,238.21,244.81,245.42,246.86,243.06,240.88,235.26,231.64,229.03,223.65,220.10,216.06,210.85,206.24,201.07,197.62,189.20,182.88,179.51,172.46,163.62,155.00,145.80,136.62,128.04,116.11,105.76
51.62,62.48,70.34,80.60,90.70,102.34,111.40,132.59,142.95,156.39,167.86,176.59,185.81,195.18,202.71,211.68,219.18,227.78,234.83,239.15,251.53,257.86,266.54,269.70,274.72,279.42,280.03,274.35,273.89,272.35,267.12,259.12,250.94,249.40,242.61,237.26,230.26,225.56,220.72,216.93,211.54,202.63,197.95,189.99,185.21,176.05,166.52,157.69,149.69,139.00,125.80,114.77
51.55,59.46,70.68,79.00,88.64,101.12,112.26,134.17,145.62,158.55,167.26,178.37,190.44,195.48,201.08,210.44,219.15,230.50,237.17,239.85,248.94,256.40,265.51,269.86,273.59,281.79,281.78,273.30,276.01,273.09,268.00,258.79,251.56,252.51,240.17,239.46,231.40,225.82,220.51,217.67,212.85,201.73,200.21,191.76,186.70,173.53,166.21,157.18,148.22,139.46,126.06,114.13
49.37,58.52,65.07,74.69,88.57,98.72,106.53,127.24,135.07,147.23,159.70,171.01,178.23,186.50,193.31,202.48,211.15,218.29,223.51,230.95,240.62,246.29,255.24,261.63,264.25,266.09,267.20,265.32,265.45,260.30,257.73,249.20,241.57,238.65,230.47,228.84,221.92,217.72,212.60,207.06,203.38,196.31,189.76,182.53,177.10,167.08,159.25,152.32,141.01,131.10,120.00,111.07
48.51,58.18,64.03,74.63,87.21,97.14,105.42,126.49,135.37,148.12,157.70,170.21,180.28,186.12,191.64,200.96,212.29,219.10,227.44,228.32,238.31,244.31,254.69,258.23,261.92,268.61,268.79,262.15,261.77,260.86,256.00,247.11,240.05,240.57,234.45,227.40,220.51,215.24,209.29,207.76,203.38,194.55,191.80,182.33,176.79,166.83,160.46,150.85,141.79,133.26,120.88,108.81
74.17,87.71,99.02,113.76,125.32,137.59,148.81,167.05,175.23,186.82,192.52,202.07,211.09,217.82,220.59,229.94,237.41,245.42,251.34,255.74,264.34,270.42,280.18,282.18,286.78,295.37,295.47,286.20,287.29,284.60,279.04,270.42,261.22,262.55,250.91,246.14,238.55,232.79,228.48,224.62,221.46,207.66,206.00,197.61,191.64,178.14,171.29,160.03,136.31,101.79,112.51,118.51
39.81,44.55,50.25,59.03,68.35,76.58,81.02,100.57,110.98,121.02,126.29,137.21,145.41,152.55,162.27,167.86,180.57,186.82,193.75,198.93,208.85,211.37,222.43,221.11,226.36,234.54,234.88,226.91,227.09,227.14,219.69,215.81,211.05,210.05,204.12,200.57,191.77,186.03,184.81,183.20,180.23,171.16,166.71,162.82,162.05,151.64,149.04,135.59,115.97,93.68,82.10,86.28
53.60,61.91,70.04,80.23,92.78,102.59,112.31,136.33,144.47,160.21,168.22,182.51,192.11,198.12,206.65,213.51,224.38,230.95,240.60,244.30,255.55,261.12,270.73,274.35,278.54,285.28,285.88,278.60,277.46,276.24,270.18,260.43,255.36,255.41,245.25,240.44,233.56,229.40,223.04,219.15,215.54,204.24,201.53,194.31,186.13,175.52,170.06,159.01,149.58,139.29,126.59,115.92
50.93,58.69,66.71,77.62,88.12,99.61,110.37,131.37,141.60,156.18,163.69,178.33,187.66,192.63,199.20,206.83,216.91,227.85,237.07,236.25,247.03,255.57,264.76,266.54,270.84,278.13,279.87,272.03,271.36,271.27,263.91,255.03,247.78,248.92,242.26,235.79,227.85,221.42,217.91,214.35,210.79,201.59,197.23,188.66,183.12,173.00,165.42,155.43,147.85,137.41,125.51,112.54
50.33,59.62,66.03,76.92,89.38,103.09,111.04,130.30,142.02,152.40,165.77,175.48,183.66,194.61,199.81,209.88,216.75,228.01,235.23,239.15,248.65,254.16,264.57,269.23,271.31,278.74,277.41,272.04,272.36,270.41,265.53,258.14,250.30,249.24,239.01,235.93,229.26,223.90,218.56,213.83,210.51,201.11,197.16,188.90,183.10,173.57,165.22,155.91,145.24,136.97,124.31,113.21
61.66,73.11,87.46,91.92,95.72,117.41,126.53,151.92,165.42,174.77,190.08,195.97,203.89,211.90,217.64,227.17,234.40,242.16,250.25,256.03,263.41,271.45,279.71,284.12,287.33,292.11,292.12,289.75,288.73,285.25,279.33,273.12,265.19,262.84,251.33,248.68,241.60,235.91,230.78,224.85,220.34,211.48,206.34,199.01,193.05,182.65,175.41,164.73,153.06,145.25,133.14,120.34
61.61,69.35,86.83,91.07,92.42,114.13,126.12,149.79,165.42,174.01,186.51,195.73,202.97,210.00,214.67,224.41,233.00,243.20,249.78,251.45,260.00,266.27,278.41,279.20,284.34,290.99,291.92,285.57,285.48,284.55,276.57,267.10,260.11,260.85,250.13,247.20,238.42,231.61,227.72,224.52,220.15,208.84,206.16,197.31,191.42,180.04,173.52,162.69,152.12,143.42,132.20,118.44
60.84,73.66,83.01,94.01,108.46,123.91,133.26,154.16,163.51,175.57,183.63,193.30,201.56,210.15,216.84,221.92,229.49,238.01,247.41,249.27,260.38,267.43,278.35,277.41,283.55,290.40,290.66,285.10,283.80,283.18,274.54,267.40,260.64,258.94,249.82,244.12,237.74,233.08,227.74,223.04,218.83,209.77,205.24,196.33,191.23,180.83,174.16,162.01,152.24,142.39,131.55,118.81
49.37,52.43,55.07,51.09,54.20,56.86,56.44,58.90,61.61,70.52,79.20,88.39,100.00,107.70,118.56,128.80,139.95,150.21,157.66,162.11,175.57,182.01,189.47,194.49,196.60,202.70,207.00,206.69,205.00,204.36,202.04,194.25,190.21,189.84,183.01,179.95,174.62,172.26,167.90,162.69,160.58,156.35,151.92,147.05,140.73,130.59,124.26,118.93,111.07,105.48,95.26,84.60
55.87,69.29,77.10,91.24,105.12,118.30,128.39,149.20,155.65,165.74,183.13,188.82,197.41,205.53,208.97,216.72,226.27,232.48,239.07,243.26,253.40,258.63,269.78,271.55,275.81,283.43,281.50,275.86,273.79,273.36,268.75,260.26,253.27,250.94,242.59,237.78,231.04,225.44,220.42,217.71,213.30,203.75,198.36,193.31,186.27,175.25,169.10,158.09,148.81,139.49,127.88,114.20
56.60,70.71,79.56,92.80,108.30,120.35,130.73,153.05,159.53,169.31,186.08,195.39,202.09,209.40,214.56,223.09,229.11,236.68,244.10,247.32,259.12,263.06,275.59,277.97,280.07,289.93,288.47,281.03,279.16,280.01,271.83,266.06,257.28,256.96,246.89,243.51,236.68,231.73,226.14,221.38,216.36,208.00,202.48,195.21,190.42,178.92,171.73,160.80,152.07,141.68,130.92,117.52
48.09,58.14,64.44,71.84,83.73,92.28,102.30,120.07,131.70,145.65,157.95,168.67,179.45,188.38,194.16,203.42,211.43,221.11,228.41,233.63,242.23,249.21,258.94,263.62,265.65,272.53,272.62,269.27,267.49,265.24,258.52,254.33,245.20,244.26,235.31,232.36,224.88,221.65,215.63,209.70,207.56,199.06,192.27,185.42,179.74,171.14,163.23,153.72,144.90,134.45,123.97,111.20
45.34,51.89,56.01,65.92,77.23,87.71,98.48,114.93,125.26,134.97,146.74,158.05,167.69,177.13,183.81,189.84,197.59,205.27,212.36,218.74,228.18,234.73,243.66,246.42,250.06,254.01,255.49,251.13,250.70,247.34,244.73,238.00,233.45,229.44,222.62,217.08,210.49,208.03,203.27,197.61,194.81,187.75,181.89,175.33,171.83,161.90,153.73,145.17,136.69,127.66,117.95,106.12
42.44,50.80,59.91,68.12,74.24,85.59,93.02,112.54,123.13,135.43,152.97,161.47,170.77,178.03,183.85,192.60,200.96,209.34,216.64,222.09,230.00,236.14,246.00,247.87,251.34,258.31,260.89,251.25,251.80,252.20,246.61,239.18,232.56,232.13,223.01,220.74,213.77,208.06,204.40,199.46,196.01,187.67,184.77,176.40,172.20,161.52,155.47,147.15,136.78,128.55,117.00,106.63
58.01,61.10,79.03,88.77,102.61,116.50,124.28,149.21,159.24,171.13,182.46,190.87,200.10,206.31,211.81,219.02,228.78,233.81,242.51,245.86,255.41,262.62,272.01,273.51,283.10,286.68,284.68,282.35,280.86,276.48,270.98,264.30,258.12,255.07,246.40,241.50,236.35,231.70,225.20,220.24,215.33,208.95,201.43,197.09,189.62,180.14,173.22,161.28,152.28,143.17,131.53,118.60
31.38,36.80,53.60,61.68,73.78,98.60,113.60,113.16,128.72,134.66,152.19,163.25,174.32,183.92,196.02,202.00,208.09,214.76,223.75,232.12,238.85,247.58,254.70,258.16,264.01,266.54,267.15,266.74,264.71,261.96,255.92,248.21,242.67,238.05,232.69,227.85,223.65,218.66,213.78,207.20,203.50,198.77,191.55,182.78,178.63,171.19,163.40,152.78,144.42,134.61,123.33,111.97
29.21,36.88,54.57,63.13,73.25,99.46,114.21,113.36,132.10,136.13,151.21,163.72,176.18,184.17,194.74,202.03,212.76,217.27,227.59,230.56,240.33,246.59,257.13,259.25,264.37,269.00,269.24,265.15,262.36,264.97,254.57,249.21,243.17,240.90,235.83,229.86,224.01,219.74,214.19,211.56,205.55,199.20,191.98,186.10,180.94,172.00,164.56,153.55,144.51,136.56,124.06,112.36
28.79,34.37,52.63,60.01,70.04,91.59,106.98,108.81,125.00,129.62,142.06,154.80,166.86,172.00,185.00,190.87,197.96,204.63,212.45,215.78,226.38,234.03,241.15,244.66,248.16,253.65,253.39,250.91,249.69,247.41,241.46,235.05,227.85,226.81,221.60,217.47,211.05,206.34,201.25,199.48,194.49,187.01,182.89,175.69,169.33,161.53,153.58,145.01,138.29,128.71,117.35,106.94
51.86,56.92,60.07,67.62,75.93,83.57,94.00,115.38,130.91,147.05,155.80,163.11,169.85,180.43,189.40,196.33,205.83,213.22,223.22,229.68,239.14,246.08,255.78,257.77,262.61,267.80,268.82,265.17,263.30,261.22,256.94,251.88,244.83,240.47,233.56,229.51,223.73,219.83,214.72,209.12,204.44,196.31,190.78,184.74,180.55,170.07,164.22,153.45,142.86,134.85,123.00,111.62
56.36,69.20,78.45,89.45,105.10,120.22,129.87,152.47,161.99,173.10,181.96,192.31,200.68,205.70,212.68,220.49,227.66,234.80,243.31,246.13,254.66,262.02,271.63,273.13,276.90,285.28,286.51,278.47,278.22,277.65,270.15,261.87,256.26,256.97,246.59,242.26,234.80,231.23,225.02,221.84,218.06,206.65,202.81,197.28,190.66,179.47,173.85,163.03,154.35,142.97,131.40,120.42
42.64,51.92,59.03,69.63,77.70,87.66,96.34,116.10,129.28,143.40,156.28,166.52,176.48,188.50,196.79,205.55,215.06,222.69,229.90,237.00,247.81,254.18,264.15,267.33,273.35,277.48,278.96,274.99,274.78,271.12,268.43,260.43,251.62,250.51,243.19,239.64,233.81,227.34,224.15,219.20,215.26,205.46,201.85,195.00,189.68,179.30,171.43,161.45,152.19,141.20,130.10,118.07
52.80,63.00,72.92,86.31,101.24,112.00,123.97,145.24,154.16,163.99,175.79,184.59,191.97,200.12,204.98,212.85,221.64,225.01,234.61,239.77,246.95,255.16,263.87,268.15,269.98,274.83,274.13,272.97,270.77,268.63,264.61,257.42,250.38,246.56,239.08,236.93,229.51,226.12,219.74,216.23,212.08,204.71,198.29,190.59,185.97,174.95,171.83,161.01,148.52,138.80,129.06,118.33
51.20,62.80,75.47,85.45,98.95,110.55,122.65,143.74,154.40,166.08,176.08,183.41,193.21,200.06,203.07,213.68,217.92,225.74,232.43,239.42,247.42,256.26,262.19,266.03,270.85,275.88,276.13,272.15,272.41,267.48,263.87,257.23,249.93,247.36,239.64,234.05,229.00,225.63,220.64,217.12,213.32,203.02,198.66,191.38,184.63,177.55,169.10,159.33,147.90,137.57,130.19,116.78
50.96,61.52,70.21,81.58,93.01,106.07,114.63,135.60,148.66,159.36,173.49,180.55,188.18,199.49,205.77,215.02,221.68,227.79,236.03,242.00,250.89,255.98,267.16,270.76,276.39,281.35,282.82,277.22,275.19,273.81,267.78,261.02,257.03,252.87,244.72,240.78,233.26,228.96,224.14,218.63,213.96,207.18,201.10,191.44,188.05,178.10,171.21,161.15,150.33,142.27,129.36,116.69
48.51,61.62,69.46,81.15,90.43,104.20,115.25,134.33,144.42,157.28,170.84,177.81,186.21,195.23,202.61,211.01,217.01,222.89,233.86,235.72,246.62,251.56,262.55,266.10,271.63,279.26,279.51,270.30,270.65,271.53,263.01,256.46,252.24,250.67,242.13,236.73,228.97,227.53,221.00,216.62,211.12,201.90,200.03,190.32,185.17,175.15,166.82,157.28,147.65,139.28,126.06,115.16
50.01,60.44,71.59,82.08,91.14,102.42,112.54,134.24,144.55,157.84,169.01,179.01,185.39,194.49,200.12,208.04,215.68,226.55,232.46,235.77,245.98,250.00,263.35,264.20,270.78,276.92,278.64,271.77,272.26,270.08,264.69,256.29,250.08,250.80,242.16,237.44,228.35,225.08,221.58,216.76,214.27,202.20,199.84,194.61,184.76,172.53,165.00,157.47,149.21,140.01,126.19,115.88
50.99,62.37,69.72,85.45,99.48,111.65,126.15,145.24,156.60,167.19,175.85,186.59,193.77,202.20,205.65,213.15,222.45,228.62,235.36,240.98,251.10,257.12,266.63,269.43,272.24,279.45,281.04,275.04,274.00,272.28,266.34,260.05,253.16,251.96,242.24,240.63,233.64,229.53,224.56,219.66,215.59,206.90,202.09,195.02,190.92,178.36,172.96,162.63,152.82,143.56,130.73,118.23
52.20,60.67,72.42,83.53,98.99,111.61,125.10,145.15,155.01,165.41,177.86,186.81,192.84,202.05,205.08,214.79,219.53,228.40,235.85,242.87,249.28,256.48,264.43,269.20,271.54,278.88,280.03,276.22,273.78,269.88,266.58,260.97,254.88,251.01,243.24,238.41,233.11,228.84,224.24,219.15,215.39,206.53,201.84,195.29,189.36,179.27,174.03,161.99,151.01,142.77,131.49,117.99
49.09,63.56,73.41,84.12,98.25,109.38,121.70,143.56,150.96,164.16,174.03,182.22,190.52,197.44,204.24,210.64,216.92,223.54,231.25,237.97,246.95,253.16,260.85,264.49,270.48,275.05,274.71,271.47,271.29,268.08,264.64,256.28,251.68,248.07,240.48,237.80,230.05,226.52,220.34,217.68,213.24,204.75,200.52,192.28,188.00,180.31,171.01,159.77,151.27,141.03,130.18,119.40
54.64,67.68,75.93,87.66,101.55,116.40,126.87,152.40,162.34,174.09,183.88,193.60,200.57,210.47,216.10,224.08,233.08,241.13,247.12,253.33,260.19,267.32,278.35,281.55,284.99,292.37,293.20,288.06,289.11,285.77,279.55,272.08,265.09,264.12,255.35,252.83,244.29,239.20,236.39,231.81,228.16,218.94,214.40,207.25,199.81,189.45,183.20,174.16,160.73,150.40,139.47,126.66
50.99,63.13,71.18,84.02,97.53,111.40,122.41,142.23,152.04,165.05,173.67,182.32,190.55,198.04,202.71,211.81,217.15,225.53,233.21,236.88,244.97,253.01,261.68,264.87,269.90,275.18,277.20,269.23,271.76,267.88,262.67,256.38,249.61,248.81,238.76,237.01,230.54,227.20,221.33,216.63,214.53,205.51,200.12,194.10,188.77,177.80,172.04,161.79,151.38,142.90,131.18,119.04
52.04,60.83,70.94,83.68,99.25,112.65,120.37,144.50,155.26,164.79,174.64,184.61,194.06,199.61,204.47,213.78,221.16,228.57,235.00,238.90,245.60,254.89,263.75,266.42,270.96,278.47,280.32,272.62,272.07,270.72,265.15,256.85,251.88,251.18,242.50,241.42,233.08,226.81,224.08,220.08,216.93,206.89,204.94,195.87,190.18,179.57,173.00,161.93,154.16,145.23,130.14,119.42
53.15,62.82,73.25,84.53,98.02,112.36,124.84,145.13,154.55,164.92,175.86,183.44,192.42,200.56,206.29,215.24,221.96,224.90,236.50,239.38,248.24,256.67,264.62,267.37,272.88,278.17,278.92,272.96,274.65,271.67,266.09,261.02,253.02,253.29,243.74,240.44,233.14,229.53,223.65,220.64,215.67,207.00,202.39,198.00,191.70,181.28,174.64,164.76,152.12,143.13,132.40,118.79
50.09,61.01,70.38,85.56,97.14,110.07,120.81,142.87,154.03,163.05,173.57,184.81,191.67,198.44,202.36,211.02,218.11,227.56,233.90,237.41,245.18,252.61,263.76,265.19,270.01,276.57,278.24,272.62,272.03,270.91,263.01,257.95,252.22,250.68,245.65,239.24,232.54,227.61,222.50,221.10,216.72,205.83,202.94,195.94,190.87,179.37,173.95,161.48,151.65,142.44,130.42,118.60
50.96,62.80,72.92,80.31,95.88,107.65,121.02,144.22,153.29,163.86,176.31,187.28,192.66,199.74,205.24,214.56,218.82,225.00,235.52,240.47,248.09,256.03,264.12,268.41,273.80,276.18,279.26,275.73,274.64,271.68,266.84,261.73,253.44,250.65,242.66,240.84,233.65,229.11,224.29,221.62,217.33,209.29,204.44,197.04,191.65,179.72,173.10,164.15,154.65,143.00,132.77,120.28
52.15,62.07,69.86,81.57,99.33,111.88,122.59,141.35,151.03,162.23,175.00,184.20,191.72,197.82,203.96,211.70,218.04,224.62,231.77,237.31,245.73,252.84,263.90,265.83,269.45,274.51,275.33,272.15,271.64,269.22,265.20,259.62,251.37,251.23,242.29,238.52,232.88,228.62,223.99,220.10,216.09,208.63,201.26,195.17,190.47,181.60,174.63,162.36,152.32,143.00,132.57,119.57
53.26,62.77,75.01,87.73,98.72,113.23,127.19,148.22,160.33,168.83,180.18,187.56,198.09,205.14,207.88,217.33,226.17,233.21,240.48,245.52,253.65,260.16,272.03,274.85,278.24,285.90,286.19,282.51,278.52,280.49,273.12,266.33,261.84,261.26,252.68,247.63,239.77,234.78,229.43,228.32,222.41,213.90,209.69,202.02,197.70,185.84,180.43,168.34,157.28,148.22,136.57,122.38
54.41,63.64,69.12,82.42,96.05,106.47,116.36,138.57,148.93,161.08,172.96,182.70,191.85,199.99,204.59,214.36,222.08,228.48,237.54,240.80,252.30,258.68,268.90,273.94,278.57,283.73,284.18,282.39,280.12,279.33,272.98,267.73,260.82,258.57,251.01,246.98,240.13,235.60,231.19,225.28,221.00,214.01,208.61,199.90,195.78,183.18,175.28,166.60,154.51,143.03,133.70,120.28
53.14,63.66,70.94,80.06,94.24,103.41,114.28,136.13,146.76,157.94,170.94,179.20,189.21,194.16,202.04,210.60,217.35,223.66,232.88,236.92,246.29,254.79,263.83,268.21,272.64,278.00,278.62,275.54,276.12,273.02,269.26,263.23,256.13,254.31,245.66,243.31,237.54,231.60,227.40,221.42,217.52,209.69,204.47,196.46,190.23,178.81,173.00,161.90,153.15,141.32,129.00,117.75
51.86,63.95,73.05,84.86,99.02,111.16,123.00,144.47,156.16,164.47,175.01,183.04,190.78,199.64,206.74,213.33,219.10,226.36,232.76,240.47,247.36,254.95,262.91,269.00,273.00,278.16,278.87,274.31,274.43,270.66,268.79,263.05,255.93,252.05,245.82,242.10,234.96,231.42,226.86,222.27,217.81,210.79,205.55,198.49,192.20,183.37,174.35,164.76,153.39,143.85,133.15,120.97
54.20,65.01,75.58,86.68,95.08,109.55,122.09,144.31,154.39,166.14,174.77,184.86,193.71,195.53,203.09,211.01,217.82,227.01,234.47,237.49,248.24,252.12,260.82,267.20,269.26,276.52,279.73,270.54,273.48,271.01,266.48,259.34,251.73,253.53,243.83,242.74,233.62,229.11,224.12,221.98,217.33,205.77,205.00,198.09,192.40,180.37,171.19,162.23,153.33,144.00,131.50,119.10
52.01,61.85,72.37,84.05,96.80,109.24,120.93,143.68,152.98,162.51,173.00,182.89,190.96,198.84,204.01,212.44,217.82,225.27,232.82,236.39,246.83,254.52,262.82,266.69,270.28,277.63,279.46,274.49,274.61,270.60,266.53,260.80,255.00,252.17,243.12,241.41,235.05,232.25,226.81,222.14,217.66,208.48,204.66,197.34,190.96,181.66,173.28,164.35,153.21,143.03,133.15,120.21
53.31,64.12,73.36,87.32,102.46,116.04,128.44,147.99,161.90,171.61,183.04,190.63,200.37,208.83,215.06,223.30,230.22,234.48,245.20,250.68,258.43,266.63,275.97,279.69,283.13,291.14,291.62,287.85,286.04,284.45,279.80,272.66,266.85,263.23,255.12,250.89,245.57,241.13,236.68,230.85,227.69,220.68,214.65,208.09,200.17,188.50,183.17,171.19,161.40,149.84,139.52,125.51
50.99,62.94,71.81,85.43,99.32,111.11,123.13,142.67,153.06,164.68,176.82,183.74,192.01,199.81,205.98,214.66,218.69,225.26,234.39,240.05,247.31,256.07,264.32,267.92,273.25,278.24,279.58,275.96,276.02,274.19,269.12,262.07,256.12,254.53,245.28,240.87,237.08,234.36,228.62,223.73,219.24,213.27,206.95,200.81,192.85,183.71,178.53,166.60,156.52,145.13,135.25,120.77
52.20,62.24,70.58,84.48,96.38,112.41,123.76,143.13,153.44,164.58,175.52,184.98,193.42,197.84,203.09,211.15,218.51,226.64,234.96,239.35,246.94,254.91,264.05,267.33,271.36,278.10,281.43,274.14,274.12,274.02,269.01,263.35,255.93,256.27,248.91,244.30,238.21,233.68,229.51,225.02,219.71,210.76,207.97,200.96,195.67,185.01,176.62,167.03,157.01,146.03,133.82,121.83
50.01,62.43,73.78,85.99,98.49,114.04,120.00,147.00,154.81,168.12,176.80,187.30,196.16,202.09,207.97,216.16,225.21,229.90,237.97,242.79,251.13,259.04,266.54,270.50,277.20,282.06,285.06,280.15,279.52,277.42,274.59,267.25,259.51,260.39,251.91,248.40,241.62,237.31,232.36,228.76,225.61,215.50,212.08,205.00,198.28,186.60,179.69,169.05,161.38,149.97,137.88,125.04
43.86,56.46,63.07,74.46,89.10,101.08,107.35,127.91,135.88,147.34,156.24,164.88,174.27,179.94,184.46,190.92,198.44,203.48,210.28,215.28,220.27,227.59,236.97,241.60,244.62,250.74,252.51,247.01,248.39,245.28,241.60,235.33,229.58,229.82,220.78,219.80,213.48,209.02,204.97,202.43,197.99,191.54,187.76,180.28,175.11,165.89,160.44,150.16,140.58,132.46,121.25,109.22
49.65,60.54,71.02,82.76,96.25,108.07,119.40,142.21,152.54,163.03,171.82,181.66,189.93,198.04,203.58,210.79,215.95,223.68,231.62,236.91,244.11,253.13,261.74,264.85,270.14,275.80,277.50,274.50,272.66,270.48,267.06,261.32,254.58,253.60,246.07,243.26,236.71,232.21,227.15,222.99,219.01,210.76,206.63,200.01,193.31,184.07,177.49,165.32,157.80,147.36,133.30,121.67
49.09,61.40,68.01,80.81,94.15,107.91,117.61,139.01,150.00,159.40,172.10,178.85,188.10,194.93,203.16,209.91,218.01,223.08,231.50,235.77,244.72,251.80,261.08,265.28,269.09,275.86,277.35,271.80,272.15,269.70,266.36,260.43,254.64,254.88,243.74,241.34,235.92,232.94,228.18,222.44,220.20,210.04,205.87,200.20,194.73,185.33,178.71,166.97,157.44,147.22,136.12,122.33
50.16,63.03,74.33,85.56,98.43,113.00,120.49,147.20,159.70,172.57,179.45,193.20,201.88,207.04,211.62,221.49,230.02,239.20,247.16,251.00,259.89,267.40,278.00,280.46,286.40,295.30,295.94,289.56,291.23,290.37,282.45,277.40,270.14,269.87,261.49,259.94,251.56,246.00,240.26,238.38,234.92,224.70,223.23,213.91,207.37,195.72,187.77,177.59,168.02,157.18,145.09,130.17
48.27,58.52,64.12,73.35,84.22,96.66,105.80,125.71,133.66,147.15,158.75,169.58,179.75,188.56,193.60,202.31,210.23,218.26,226.92,230.63,241.21,247.32,257.86,262.09,265.71,272.94,273.56,269.63,269.58,268.02,263.77,258.36,253.71,252.00,244.47,242.53,236.58,230.71,227.27,219.17,218.05,209.78,204.39,198.12,192.38,182.33,173.74,166.51,151.95,144.00,132.55,119.27
44.60,56.61,64.76,74.95,97.50,106.12,116.73,136.12,147.01,158.11,172.20,178.68,188.82,197.09,202.07,212.44,218.01,222.99,229.92,235.31,245.97,253.81,264.04,265.41,272.05,276.92,277.79,274.35,271.14,271.92,268.79,262.38,256.35,252.91,247.78,243.28,237.47,233.79,229.65,225.88,220.74,214.45,209.01,202.83,196.16,186.60,179.63,169.65,158.78,148.03,137.32,125.73
46.87,55.61,63.53,72.06,82.46,93.35,103.62,123.97,133.22,145.34,155.94,167.03,177.29,185.08,192.35,201.69,209.89,217.08,227.72,231.40,239.71,246.79,256.88,258.80,263.69,272.72,274.85,266.61,269.31,269.71,263.10,258.37,252.29,252.46,246.02,243.07,236.24,231.01,225.49,223.21,216.36,209.35,205.35,198.01,192.42,181.11,173.49,164.45,154.69,145.12,132.19,119.55
49.03,55.36,65.95,73.82,83.02,93.05,104.80,125.94,133.36,146.25,155.05,166.87,177.78,185.02,191.23,200.87,210.24,218.40,228.09,229.68,237.95,246.94,257.03,259.89,265.37,270.89,274.69,269.41,270.22,270.02,263.19,258.94,251.98,251.28,245.88,241.00,235.44,231.62,226.77,224.32,218.52,210.28,207.23,198.98,191.72,181.52,175.55,166.09,155.71,147.96,133.06,120.31
54.13,61.61,58.22,59.46,73.11,104.56,117.27,135.10,148.06,164.55,173.05,183.99,192.57,202.20,208.06,215.11,221.02,229.26,236.54,244.79,254.28,261.45,270.30,273.59,279.09,284.99,288.34,282.25,282.85,279.97,277.13,270.70,265.58,264.36,256.87,254.57,248.57,244.64,240.35,234.25,229.59,222.27,217.37,211.44,206.62,197.45,187.47,176.98,167.50,155.01,142.80,130.82
38.08,47.27,51.31,57.98,66.61,75.00,82.01,97.87,107.28,118.19,125.73,137.99,149.34,163.57,173.12,184.11,191.38,201.47,213.24,222.04,234.39,242.53,252.69,255.36,262.19,268.02,271.45,267.78,268.79,265.35,263.41,257.70,251.77,248.29,244.03,241.29,236.32,230.93,227.22,221.56,218.82,212.33,206.74,198.58,195.47,186.25,176.05,167.55,157.00,147.46,135.53,122.30
38.33,43.66,53.76,60.41,70.26,77.83,84.50,101.00,109.11,120.21,130.67,148.63,159.08,170.06,177.87,191.25,204.69,216.33,226.74,234.34,245.76,254.56,265.94,268.40,276.35,282.88,288.18,280.96,283.03,281.11,276.28,270.14,263.60,263.66,258.50,254.61,247.80,242.80,238.47,235.21,233.24,223.83,220.00,211.57,205.06,197.19,187.07,177.25,168.08,157.00,142.78,129.31
33.94,40.85,49.04,55.04,62.37,69.46,78.06,95.69,102.30,116.62,124.62,140.70,153.01,161.60,168.77,183.85,197.01,207.18,218.39,221.49,236.86,242.54,253.25,257.96,263.87,270.36,272.15,266.11,266.67,267.03,263.06,255.24,251.29,251.75,244.56,242.04,234.02,230.42,224.18,221.35,220.20,209.55,207.12,197.96,193.21,184.05,177.00,166.34,157.27,148.00,134.50,121.51
39.36,46.40,52.89,61.52,72.90,79.25,85.00,105.12,114.04,126.62,137.01,153.38,164.98,177.81,186.97,198.60,209.20,220.17,229.17,237.12,248.52,257.94,267.04,272.88,276.94,281.58,284.34,284.80,281.50,280.51,276.12,271.15,264.85,262.07,256.38,253.73,246.62,243.31,238.73,233.52,230.18,221.49,217.48,208.63,203.42,195.21,186.34,176.64,167.52,156.92,143.40,129.77
46.87,51.86,59.68,64.50,71.45,81.01,92.01,92.85,107.20,111.83,130.06,139.79,152.40,161.47,183.98,187.42,202.08,213.38,222.10,230.71,244.72,253.43,263.32,269.02,274.40,280.98,283.83,276.51,278.99,277.63,271.37,266.05,261.31,261.34,252.24,248.97,244.23,238.73,234.31,231.19,225.38,219.54,213.00,207.46,201.33,192.82,184.76,172.70,161.79,154.43,140.43,127.10
58.31,71.59,78.34,85.05,89.00,82.04,79.70,69.63,70.66,69.03,72.67,73.54,77.65,79.26,87.98,98.73,108.81,124.81,136.00,144.07,158.82,165.47,172.24,179.23,186.04,193.31,196.09,195.16,194.34,193.75,192.31,189.06,185.42,182.78,177.12,174.77,172.70,169.61,166.40,161.64,160.18,153.45,147.30,142.20,142.61,134.24,126.65,120.34,112.09,105.32,100.01,92.36
35.36,41.05,44.94,51.66,63.07,69.35,74.33,89.87,96.65,108.67,120.34,132.50,141.32,149.20,161.45,172.33,182.44,191.13,197.13,206.52,218.65,223.99,232.94,236.54,240.56,245.59,247.32,244.93,244.43,241.05,238.42,232.08,228.35,225.41,219.27,216.52,212.20,209.29,203.97,199.49,196.66,190.07,184.55,177.55,173.82,165.89,159.48,148.03,140.22,132.65,122.12,109.66
41.05,49.66,59.03,66.49,76.69,86.02,94.87,114.34,124.34,138.06,147.47,158.20,167.11,178.88,188.81,194.10,202.41,213.19,217.88,225.74,236.32,243.85,251.45,257.15,262.07,265.00,267.72,264.02,265.11,263.09,258.99,253.13,245.37,244.31,237.86,233.94,227.69,223.81,219.18,214.98,211.09,201.95,198.18,192.51,186.01,176.64,168.61,158.70,150.22,141.90,129.00,116.81
41.44,50.93,59.14,65.49,76.66,86.40,95.60,115.38,125.90,137.80,150.21,159.14,168.16,179.96,188.61,197.65,203.42,212.25,221.47,226.81,237.19,242.86,253.00,258.15,262.59,266.99,269.16,265.15,265.15,263.87,260.31,252.10,247.05,243.87,240.21,234.10,230.11,224.89,219.99,214.44,211.15,203.54,198.04,191.02,186.02,177.34,169.50,159.67,151.40,139.95,128.86,115.80
38.01,48.27,53.76,62.68,71.87,80.81,87.82,105.48,115.87,126.02,136.78,151.61,164.27,175.87,183.73,195.03,209.69,219.83,229.12,234.44,247.34,255.67,266.23,271.75,276.01,284.40,286.67,278.76,279.02,278.68,272.00,266.18,260.27,259.49,251.64,247.76,241.25,237.04,230.17,227.04,224.21,215.00,212.00,205.30,197.02,187.04,180.83,169.78,158.03,151.65,138.22,124.72
43.86,53.91,63.32,71.06,83.65,96.88,104.22,128.46,142.71,154.87,165.05,179.32,187.13,193.19,202.08,209.98,216.45,225.57,235.85,241.35,251.68,258.14,266.33,270.34,276.59,281.74,283.30,274.88,276.34,272.40,269.52,263.60,257.44,255.74,247.34,243.53,236.45,234.00,229.37,224.74,221.89,211.95,209.15,201.53,196.06,185.42,178.10,166.76,157.38,146.82,137.19,122.93
64.54,75.31,68.25,88.12,101.43,115.57,117.32,139.52,151.71,160.31,173.97,181.60,191.46,198.49,204.71,211.03,219.20,228.49,237.31,241.09,252.12,260.02,270.05,272.21,274.88,281.04,281.31,277.00,274.32,273.83,269.64,261.62,255.89,254.34,246.27,242.89,237.45,231.00,227.26,223.40,221.35,211.99,205.68,198.06,193.85,182.26,176.51,165.11,154.98,145.42,135.83,120.35
39.12,48.02,52.00,61.27,71.61,78.59,84.72,105.80,113.23,123.41,137.62,152.76,162.79,172.00,180.11,192.07,204.61,217.92,226.43,229.51,242.92,252.10,262.34,267.23,269.97,277.15,281.64,274.72,274.35,273.79,266.18,260.25,253.14,254.44,246.40,242.39,234.83,231.62,226.53,223.65,220.57,208.63,207.53,197.91,193.40,185.00,176.57,166.17,158.00,146.99,135.37,122.93
46.10,58.46,67.68,79.08,93.77,105.26,120.95,139.47,152.00,165.72,175.42,186.56,195.88,202.70,207.78,216.31,226.35,230.05,241.40,243.77,252.05,258.94,270.77,272.15,277.36,283.32,284.57,278.12,277.42,277.37,270.63,262.57,256.01,256.08,246.91,243.66,237.19,234.31,228.95,225.38,219.57,213.94,208.63,201.80,194.49,187.18,180.02,169.85,157.49,148.95,139.18,124.06
45.22,54.08,64.41,79.40,92.05,104.17,117.55,142.84,150.69,165.11,174.87,187.52,197.31,202.81,210.72,218.92,227.61,235.94,245.97,247.41,254.53,264.64,274.23,277.41,281.83,286.71,289.61,280.92,281.84,280.01,273.83,266.10,261.09,260.35,250.15,247.26,240.68,235.99,231.35,228.04,225.32,213.43,213.35,205.30,198.41,187.11,179.05,170.70,161.60,152.12,139.13,127.40
43.86,52.01,59.24,72.12,81.94,92.27,102.88,125.32,135.06,147.31,155.82,168.31,177.79,185.98,191.13,200.55,210.24,218.23,227.20,228.65,237.26,244.59,255.03,257.16,261.35,267.54,268.33,261.45,260.82,260.77,255.93,247.34,241.47,241.81,234.44,229.03,222.62,218.45,212.84,210.79,206.87,198.30,196.46,186.30,181.75,169.28,164.98,153.73,146.74,137.19,126.46,114.00
40.26,49.52,65.25,78.16,82.66,98.18,103.58,123.71,134.81,148.22,157.32,167.84,177.99,184.88,190.72,201.02,208.66,216.45,223.52,226.74,236.10,244.56,252.69,255.55,260.02,265.84,267.25,260.17,261.62,258.02,255.43,244.98,238.30,240.61,230.71,226.32,221.58,216.75,212.25,208.12,207.45,195.85,194.49,185.95,180.62,169.84,162.81,154.15,145.66,137.20,125.40,114.39
35.00,51.01,50.70,61.61,67.42,78.31,86.83,99.16,110.55,124.45,132.31,148.39,160.70,171.29,183.41,195.47,210.21,222.50,235.09,238.21,250.79,260.36,268.70,271.39,278.21,284.03,286.15,278.60,279.55,277.22,269.12,262.92,256.20,256.70,249.58,244.98,238.84,235.47,229.03,225.87,220.51,211.68,210.06,199.86,196.09,184.72,178.47,168.30,158.76,149.97,135.38,123.04
44.01,53.23,57.80,68.66,81.58,91.27,100.44,120.34,132.03,141.77,154.35,164.45,173.18,184.36,192.28,197.99,208.08,215.06,223.29,228.37,235.65,243.95,254.10,256.16,260.51,264.36,263.93,261.81,260.16,259.11,251.59,246.47,239.71,236.58,231.42,229.21,221.58,216.60,211.70,208.39,203.96,198.83,191.92,184.89,179.14,169.14,164.48,154.56,143.56,135.62,126.25,113.14
43.19,52.33,58.22,70.52,84.90,96.60,107.87,130.00,139.18,150.90,161.31,169.43,176.78,185.41,190.82,197.99,206.01,214.22,219.53,224.08,231.14,238.46,246.59,251.25,254.02,259.33,260.00,254.57,253.95,252.98,248.64,240.39,234.36,233.12,225.94,222.87,214.80,212.46,207.51,201.81,200.64,193.08,189.17,182.15,176.00,168.07,161.64,152.76,143.03,135.19,124.52,112.26
44.82,53.15,60.42,70.60,81.01,92.54,103.16,124.85,134.20,149.27,160.82,174.20,184.62,193.35,200.21,210.61,219.31,227.98,236.93,239.68,248.58,255.14,266.15,268.30,271.97,278.37,279.02,274.87,271.15,271.66,262.52,258.15,252.06,249.38,242.61,236.07,231.26,225.32,221.12,217.80,213.18,205.29,200.14,191.38,187.86,178.47,172.18,160.03,149.00,140.13,131.06,116.82
42.19,54.08,62.24,75.24,90.01,99.96,115.11,138.88,151.01,163.75,175.11,183.85,191.97,200.19,206.81,214.46,221.68,228.55,234.14,243.58,248.36,255.49,266.08,268.79,272.93,276.85,277.80,272.62,271.64,268.12,264.01,257.30,251.34,246.26,239.64,237.45,231.40,227.20,221.60,217.83,213.04,205.18,200.83,194.56,190.59,180.23,173.97,164.05,153.87,144.59,132.50,121.26
41.05,48.55,54.71,66.12,83.26,95.59,105.34,128.86,139.30,152.61,163.99,172.93,179.57,188.09,194.99,203.38,211.46,215.13,224.41,227.76,234.75,241.21,250.14,253.66,257.48,261.66,262.21,256.33,254.95,254.68,247.20,241.75,234.83,235.00,225.32,222.30,216.47,214.26,207.58,205.08,199.37,194.61,188.61,181.69,177.39,168.81,162.51,153.57,142.30,136.86,124.26,114.24
41.05,48.37,52.70,62.80,71.84,80.43,89.07,107.49,120.22,131.37,145.23,156.26,172.93,183.58,196.60,203.23,216.93,221.33,233.94,240.10,251.92,259.62,268.96,271.36,276.52,280.40,280.68,277.68,275.80,273.00,268.34,260.46,252.97,251.10,243.19,239.02,234.61,229.05,224.06,220.78,215.64,209.48,204.12,195.16,190.92,179.78,173.65,163.22,154.93,144.47,133.14,120.70
42.06,51.62,59.24,71.25,85.00,96.26,108.27,131.24,143.67,154.46,165.85,174.83,183.45,189.87,195.06,202.55,210.49,215.06,220.42,228.63,236.18,241.35,251.40,251.85,256.53,261.55,261.54,255.98,255.89,251.37,246.02,241.88,234.80,232.90,224.35,223.14,215.98,212.19,207.42,203.54,199.25,191.64,187.22,181.95,178.73,169.81,162.74,153.32,141.88,134.62,124.02,112.77
43.01,52.92,63.78,77.49,91.79,106.89,121.83,146.77,158.86,175.35,186.94,195.51,206.04,213.28,218.66,228.62,237.13,241.83,251.59,254.65,265.12,271.04,281.70,285.39,289.35,292.85,293.06,287.70,285.87,284.12,277.48,271.12,262.21,261.47,253.94,248.43,241.92,235.61,231.68,230.59,226.38,216.04,213.41,204.52,198.65,189.64,181.54,172.96,162.41,151.79,139.74,125.88
37.01,45.19,52.40,59.77,68.01,75.03,83.63,106.51,117.35,129.62,142.61,159.93,170.31,183.18,193.17,207.40,215.61,225.29,234.78,242.96,250.88,260.16,270.28,272.25,276.57,281.49,281.79,275.50,274.66,269.74,268.22,260.31,253.93,249.16,242.84,239.43,234.31,228.66,223.67,219.01,217.71,207.51,203.00,196.37,190.68,182.17,173.66,164.12,154.56,145.34,132.92,121.61
39.29,48.80,55.79,68.88,83.41,97.53,107.38,131.50,142.89,156.18,168.18,177.10,186.68,191.94,197.88,206.24,213.77,219.11,227.17,231.67,237.10,245.20,253.66,255.88,260.76,264.20,265.70,256.96,258.45,255.00,250.97,243.31,238.56,235.28,226.28,223.16,217.79,216.01,208.96,203.74,202.77,195.82,191.60,181.73,179.60,169.92,164.22,153.18,145.43,135.33,124.62,114.63
38.47,47.04,57.45,67.12,82.73,97.53,105.89,131.03,142.71,155.91,167.03,176.23,182.32,190.92,198.41,205.42,211.78,215.26,224.20,229.22,235.05,243.31,252.18,254.53,257.12,260.85,263.10,257.65,255.56,252.14,249.95,242.54,236.30,233.00,225.79,223.40,215.80,212.26,208.19,203.90,201.42,192.13,188.40,181.41,178.72,168.40,163.11,153.08,145.42,136.06,124.20,113.23
44.15,55.32,65.30,74.03,87.66,101.82,118.19,143.84,157.31,170.86,181.65,193.31,202.54,208.66,215.20,224.45,233.45,237.46,247.46,250.92,259.31,265.21,274.91,277.65,280.52,290.07,287.85,280.22,278.77,277.75,269.14,262.48,256.10,254.89,246.25,242.07,235.54,230.73,225.52,222.17,219.49,209.90,208.69,200.45,195.66,183.05,177.86,168.08,158.68,148.86,137.41,123.17
38.59,49.65,62.37,73.01,86.56,100.24,110.48,137.75,147.09,160.11,169.10,180.28,188.16,195.69,196.76,207.74,213.85,221.82,231.22,231.39,237.77,244.93,254.91,255.93,260.03,266.48,266.18,257.95,258.05,256.56,250.08,242.99,236.10,235.64,227.27,224.11,216.95,214.28,207.97,207.10,203.54,191.45,191.73,184.84,180.51,170.07,163.89,154.04,145.09,136.17,126.67,113.84
39.66,48.02,52.47,60.64,72.35,80.78,88.53,108.85,119.47,133.15,149.33,165.19,176.92,192.42,203.44,211.29,223.29,232.81,241.85,248.03,257.62,265.98,275.78,281.52,283.73,286.57,287.92,281.19,280.45,277.40,271.68,264.74,258.10,255.18,247.75,244.77,237.12,234.21,228.66,222.81,220.17,213.38,205.66,200.56,196.40,185.57,178.47,168.58,157.00,147.25,136.36,123.15
38.47,45.61,52.80,61.06,69.46,78.64,85.48,108.23,120.22,135.83,147.26,164.50,176.18,188.53,199.58,209.62,220.51,233.57,242.00,246.35,255.84,262.59,272.12,276.10,279.84,286.30,287.22,278.21,277.74,274.63,270.01,262.61,255.05,253.79,246.01,243.61,235.48,230.64,226.55,222.04,221.28,205.92,206.09,197.99,193.04,184.23,175.56,165.89,156.77,147.61,135.16,122.69
62.97,67.12,67.68,62.24,66.22,65.19,68.18,78.77,92.23,105.00,114.06,128.10,139.98,150.07,163.27,169.03,178.31,189.53,200.83,205.41,214.72,220.49,226.81,227.86,232.38,235.87,239.21,232.59,229.73,228.57,221.42,213.10,209.80,206.19,198.31,194.15,191.53,185.32,183.22,182.04,177.00,169.96,163.22,161.21,157.00,151.22,142.14,136.82,128.38,120.50,112.65,102.16
37.54,42.95,48.17,51.87,62.68,79.61,83.05,107.56,129.28,140.43,161.28,175.78,185.07,190.03,197.01,206.62,215.20,226.75,238.31,244.08,258.10,265.91,274.41,275.60,279.55,283.00,284.74,280.12,277.97,275.75,269.54,262.09,253.34,252.37,246.29,244.24,236.54,231.26,225.58,222.81,218.45,210.23,207.62,198.88,194.44,183.41,177.23,165.71,156.98,147.63,135.03,122.54
43.46,51.66,62.63,71.18,82.73,94.07,105.70,127.88,141.03,151.43,163.37,176.82,187.00,193.31,199.06,206.79,217.08,223.65,231.39,234.94,243.19,248.50,258.10,260.77,263.83,270.67,269.09,263.53,261.77,260.60,253.94,245.05,240.30,239.04,232.38,228.30,219.02,215.24,210.54,209.61,204.86,194.88,193.66,185.61,182.44,169.85,163.78,153.50,146.65,135.72,124.79,112.87
31.06,49.19,66.41,77.06,89.90,108.25,119.87,129.40,143.54,157.87,173.09,180.45,189.65,198.01,200.74,207.18,215.19,220.52,228.25,230.22,237.05,244.27,253.85,255.45,259.05,264.82,264.09,257.99,254.69,253.87,248.22,240.96,234.94,233.12,226.02,222.08,215.00,211.54,208.50,204.66,200.64,193.85,190.82,182.79,178.03,170.58,164.20,154.32,144.01,136.70,127.31,113.64
47.42,56.65,64.01,73.74,84.22,96.75,106.51,129.69,141.74,153.15,165.95,178.26,186.01,191.80,198.04,208.15,216.00,223.89,230.34,234.72,239.05,247.50,255.97,259.14,261.62,268.15,269.00,258.50,258.38,257.50,251.87,243.25,237.60,236.32,228.06,225.55,218.58,214.45,210.30,206.65,203.04,195.33,189.86,183.90,178.90,169.85,163.88,153.06,143.89,134.73,125.51,113.53
50.09,56.04,57.80,67.08,81.10,78.55,96.88,102.12,112.72,130.60,138.97,146.25,167.01,181.23,200.08,209.38,220.72,232.81,239.08,245.36,255.33,262.84,270.75,274.24,276.68,283.70,279.85,276.15,274.02,269.36,266.60,260.11,252.79,247.32,241.59,236.93,231.23,226.57,222.80,216.70,213.93,205.01,202.16,195.49,191.02,182.02,173.57,164.75,155.32,147.31,133.66,121.26
59.20,73.76,82.57,97.94,111.25,122.97,135.37,152.40,161.38,169.10,176.14,184.05,191.38,196.33,199.94,206.89,215.23,222.77,227.55,230.99,237.07,243.61,251.29,254.53,256.26,262.34,262.51,253.01,254.53,251.96,245.42,238.84,231.86,231.04,222.25,221.11,212.26,208.00,204.62,199.99,197.00,187.56,185.02,179.00,173.88,164.58,154.56,146.81,135.69,120.03,119.37,111.83
40.61,47.85,56.14,66.73,72.86,80.96,88.68,112.38,125.90,138.65,148.30,167.24,177.42,188.48,195.87,207.74,219.70,228.89,235.10,239.18,247.26,254.02,261.88,264.70,269.82,275.86,273.40,267.92,266.10,263.17,258.00,250.32,242.66,242.44,234.98,231.18,225.32,219.32,214.97,214.08,210.54,199.49,198.16,191.02,186.70,177.05,169.73,158.90,151.82,142.41,130.97,118.23
38.21,47.01,54.56,64.20,70.26,81.02,89.94,109.88,119.04,132.20,147.15,163.36,177.00,185.31,192.63,204.48,215.20,224.54,233.00,236.18,244.40,251.75,260.09,262.07,265.57,272.08,271.25,265.00,262.62,262.76,255.56,249.06,241.02,240.17,234.34,230.10,222.70,217.80,212.08,211.62,206.65,198.58,195.92,188.66,183.35,174.10,166.68,158.45,149.40,140.80,129.87,116.73
64.50,81.39,96.75,111.80,127.48,140.25,151.95,173.10,182.46,192.52,200.38,206.65,214.15,219.06,224.61,233.94,241.01,244.40,252.41,258.96,265.70,271.47,279.40,281.26,287.72,290.08,290.62,285.38,285.01,280.07,274.85,266.67,258.75,257.77,247.73,244.98,239.24,235.05,230.22,226.79,222.99,214.53,208.12,203.30,196.80,187.26,182.65,173.07,161.93,152.07,140.43,126.92
40.01,50.54,59.82,66.48,75.31,81.63,93.24,117.04,126.46,143.53,155.33,172.66,187.22,200.24,206.62,218.82,230.84,240.75,247.89,251.16,258.50,269.13,276.22,279.85,282.70,288.51,287.62,279.09,280.47,277.22,268.84,261.47,252.84,254.89,246.25,243.02,235.32,230.79,225.52,220.91,218.51,209.35,206.55,198.16,193.84,185.30,175.65,165.68,158.27,149.59,134.62,121.60
41.48,40.79,50.61,58.41,70.58,85.02,95.60,115.26,125.25,134.00,143.02,160.43,178.81,194.55,204.40,213.97,224.04,232.36,238.38,241.99,251.34,257.60,266.01,268.49,271.50,275.81,275.09,270.13,266.37,265.04,258.55,250.89,245.36,243.21,235.60,231.31,225.22,223.29,215.24,213.84,208.56,201.06,197.09,190.68,185.87,175.64,169.12,159.39,150.44,142.00,130.63,118.07
64.07,78.23,93.56,109.04,125.03,140.19,149.40,171.17,177.54,188.66,195.53,205.77,213.03,218.04,222.80,229.75,238.61,243.66,251.01,256.39,262.62,269.16,276.81,280.96,285.69,287.69,285.91,281.60,278.96,277.41,272.39,263.45,256.20,252.41,244.71,240.01,232.71,229.27,224.18,220.97,216.21,207.21,204.38,196.33,191.64,179.88,173.28,163.42,153.76,146.12,134.40,122.00
46.32,51.11,56.09,66.29,76.28,85.80,96.21,118.14,125.54,140.73,156.67,173.66,184.46,198.30,206.93,217.97,227.40,238.19,247.10,251.11,259.00,267.90,275.48,278.06,281.66,288.65,289.25,280.40,278.61,275.11,271.03,260.71,255.65,253.24,244.46,242.96,236.60,230.82,224.35,222.00,218.13,211.68,205.87,197.68,194.36,185.54,177.89,168.59,156.52,148.35,137.56,123.69
45.18,52.92,61.22,65.51,73.16,85.99,94.37,117.34,130.25,144.00,157.93,173.97,188.99,199.12,208.25,219.15,228.35,241.00,249.39,252.67,264.61,267.92,279.22,281.26,283.98,290.39,289.35,281.02,279.96,278.30,272.52,263.76,255.97,255.44,247.59,243.42,237.51,231.37,226.32,223.22,218.82,211.12,209.40,201.00,194.74,186.13,178.13,168.07,158.15,148.93,137.30,124.79
42.58,50.61,59.03,66.07,74.24,85.28,93.30,116.78,132.23,145.41,156.16,173.44,189.19,195.88,205.80,217.92,226.37,235.77,242.01,249.80,256.82,264.82,271.81,276.28,278.35,283.73,284.09,276.99,274.43,272.06,267.15,259.24,251.37,248.91,242.84,238.21,230.98,226.74,222.05,216.94,215.13,204.94,204.69,196.01,191.21,181.14,174.98,165.41,155.21,146.71,134.20,122.38
41.44,52.47,62.77,70.72,74.67,82.57,95.27,114.76,127.91,143.13,155.57,172.19,183.00,194.61,205.06,220.27,234.18,242.89,250.54,252.05,260.77,269.62,279.55,279.53,285.02,291.62,290.87,283.09,282.21,279.21,269.82,262.69,256.82,255.01,247.94,243.56,236.60,232.76,227.00,223.57,219.40,209.70,206.90,198.91,194.09,183.58,176.10,167.14,159.14,149.31,137.13,124.04
39.45,50.09,58.31,66.53,70.88,78.64,90.05,110.05,121.02,134.41,147.63,163.00,172.66,185.13,193.38,206.94,221.02,229.01,237.69,238.48,246.03,254.34,263.69,262.53,269.86,275.23,274.20,268.60,267.03,265.09,253.78,248.29,241.59,242.03,234.92,229.58,223.61,220.41,213.78,211.73,208.00,197.99,196.82,187.07,184.36,174.26,167.37,157.00,149.79,140.91,128.89,117.34
41.05,49.66,56.22,61.85,73.16,81.30,92.80,110.16,123.13,135.95,149.38,164.98,176.01,191.64,199.91,209.54,219.61,228.97,236.08,241.67,248.85,257.53,266.06,269.12,271.07,274.80,273.00,269.08,268.13,264.01,259.76,252.49,243.77,242.32,233.07,231.74,226.56,220.72,217.59,211.46,207.42,202.07,196.73,189.07,185.83,176.14,168.80,160.00,150.23,141.42,128.88,117.21
68.94,81.57,93.61,107.67,124.48,138.60,150.30,167.59,177.61,185.91,198.67,203.54,212.90,217.12,224.54,230.50,237.44,245.60,251.38,255.67,263.53,269.08,278.54,280.82,284.43,287.76,285.34,280.94,279.31,275.98,269.09,262.07,255.76,251.73,243.50,240.05,234.23,229.33,225.06,220.42,216.30,210.01,204.02,196.70,193.44,183.10,177.54,168.44,157.01,147.22,136.96,123.11
37.54,47.85,58.14,64.20,73.11,81.12,91.98,115.55,127.66,143.39,155.44,173.95,186.87,193.58,201.30,212.87,222.58,228.62,237.95,241.27,251.77,258.71,266.44,268.26,270.71,277.20,276.52,269.26,266.91,266.18,257.71,251.10,244.38,242.40,236.62,231.22,225.30,219.79,214.97,212.85,208.34,200.88,197.36,188.45,184.57,174.83,168.86,157.62,149.65,140.66,128.70,116.71
36.35,47.42,57.31,65.19,73.03,82.46,94.02,116.09,126.00,143.59,153.88,173.88,186.40,193.74,202.53,213.60,221.10,232.69,240.63,241.63,250.59,257.61,266.18,270.15,270.75,278.63,277.68,268.37,269.98,266.05,259.04,250.48,244.62,245.22,236.71,231.31,225.79,221.76,215.00,213.22,210.28,199.12,198.95,190.29,185.27,175.15,168.67,158.52,150.99,141.51,130.02,117.55
51.08,60.21,65.95,70.77,78.23,88.12,102.83,116.04,125.54,140.46,154.43,170.04,185.69,198.64,207.27,220.10,234.36,243.65,252.14,255.28,262.55,271.53,278.66,279.87,284.30,291.45,290.95,282.02,280.93,280.69,273.31,263.71,256.89,255.78,248.79,242.74,236.05,231.32,226.01,222.27,218.56,211.85,206.67,199.40,193.16,183.77,177.60,166.44,156.20,148.19,135.47,121.75
41.00,50.22,54.04,61.74,71.03,85.09,92.85,117.24,125.32,140.80,157.08,170.88,182.78,191.67,199.86,212.49,220.64,226.21,234.01,241.10,247.95,257.00,264.71,267.65,270.54,273.00,273.93,267.03,264.43,262.92,255.98,251.00,243.50,240.90,232.95,229.33,224.45,220.23,215.41,209.40,205.20,198.72,195.00,188.86,184.84,174.90,167.37,159.05,148.65,140.04,127.76,115.85
46.23,57.72,61.68,68.25,76.32,83.19,94.26,125.99,140.46,153.22,164.60,179.00,190.21,202.43,210.24,222.00,228.16,235.33,242.24,249.74,258.50,265.22,272.66,276.13,281.18,282.62,280.89,277.95,276.02,270.48,266.34,259.56,252.07,247.01,241.37,239.45,231.54,228.97,221.78,215.82,213.94,206.87,201.19,193.31,187.96,181.22,172.19,164.48,154.26,145.09,132.74,121.06
39.45,48.66,55.79,62.80,75.29,84.53,96.63,118.14,130.08,145.33,162.05,178.66,188.56,204.20,215.70,223.34,232.82,240.90,249.29,254.56,264.62,272.44,282.62,284.70,288.11,290.11,290.26,286.11,285.03,280.88,275.94,267.01,259.94,255.62,249.06,244.76,237.76,234.79,228.12,221.38,218.28,213.77,208.29,199.38,195.51,184.32,179.12,166.93,156.77,147.61,135.72,122.59
40.25,53.01,64.85,80.43,96.88,110.63,124.81,148.01,160.25,171.03,182.45,190.56,197.96,204.06,208.60,216.91,226.50,231.60,241.70,240.30,250.00,256.16,266.70,265.35,270.00,276.13,275.05,266.65,263.19,264.70,254.64,247.39,242.35,239.44,234.71,227.62,220.49,217.15,211.88,211.29,205.43,196.86,194.37,187.52,182.04,170.00,167.06,156.24,149.05,138.00,128.55,114.63
36.24,45.31,51.01,60.37,69.53,80.08,87.46,109.66,123.55,142.86,156.28,171.40,187.00,196.80,205.83,215.93,223.02,231.60,239.52,243.58,251.41,259.49,267.71,270.71,274.32,277.95,278.30,271.71,271.77,267.30,261.47,252.25,246.66,245.18,236.62,232.69,226.97,221.03,217.68,212.87,207.95,199.83,196.33,188.04,183.53,173.14,166.36,157.49,147.65,138.71,126.81,114.63
