105.12,121.25,131.24,144.56,157.11,167.89,178.07,189.23,197.04,202.23,210.02,213.81,219.23,223.58,224.09,229.72,231.04,237.56,237.40,237.86,238.77,238.55,242.42,237.66,235.54,234.83,226.43,219.24,217.42,209.15,204.30,194.52,190.91,184.89,179.63,178.32,170.99,164.54,162.69,160.70,158.15,152.82,149.81,147.05,143.13,138.60,132.23,126.00,121.46,116.04,106.61,99.64
99.72,114.77,122.09,140.25,151.49,162.31,171.05,182.43,190.18,197.09,202.83,204.61,211.36,215.20,216.82,221.42,221.33,230.82,229.87,228.72,226.50,228.08,233.27,228.88,225.73,223.89,215.00,209.31,208.75,201.95,197.80,187.72,183.11,174.29,171.49,166.21,164.79,159.24,158.07,152.74,149.86,149.04,144.06,141.65,138.44,133.73,128.81,122.41,115.52,110.42,101.08,95.01
99.04,114.34,127.53,141.60,151.17,162.25,170.84,182.78,187.52,195.33,200.36,205.51,211.48,213.77,215.56,221.90,221.00,231.49,230.48,228.32,229.86,228.09,230.79,230.22,227.18,225.74,215.73,208.57,208.12,200.88,193.08,188.00,182.48,175.37,171.05,168.08,163.08,156.89,157.31,152.90,149.83,145.99,144.13,141.69,138.85,133.20,127.28,120.35,116.39,110.05,101.32,92.13
39.46,38.08,32.20,27.29,18.03,18.68,24.70,46.24,56.32,71.85,83.24,90.01,97.94,99.64,103.59,106.23,108.58,109.59,104.02,104.28,95.46,91.05,90.87,86.98,80.06,82.10,79.03,78.29,73.17,79.71,79.21,80.99,77.90,83.76,87.97,84.77,68.68,72.09,167.37,171.30,162.20,159.67,153.03,143.56,138.60,130.97,123.91,114.14,110.72,99.20,93.43,82.86
96.51,116.76,129.07,144.10,153.16,164.58,174.16,186.07,193.23,199.40,204.69,209.48,214.11,219.83,219.94,225.40,227.22,234.27,234.13,231.16,233.38,231.04,236.07,233.35,225.72,227.20,216.75,209.44,205.77,203.27,194.02,189.08,180.85,178.36,174.87,169.45,163.08,157.43,157.06,156.46,152.82,145.50,147.22,142.39,139.54,132.74,128.86,121.59,116.30,111.02,102.96,96.08
98.73,113.16,125.54,141.17,153.50,165.36,174.56,187.42,194.54,199.81,207.51,210.89,214.79,219.08,221.17,226.56,224.95,231.70,234.36,231.71,233.00,233.63,235.92,231.66,227.97,229.40,217.02,209.99,207.20,201.31,197.22,188.52,184.71,178.55,172.81,169.85,165.20,160.18,158.90,153.94,150.27,149.19,144.84,142.64,138.50,135.06,131.14,123.02,116.62,111.51,104.29,96.63
97.14,112.01,124.68,137.75,149.12,160.75,170.85,181.42,187.04,195.00,202.39,203.18,210.24,212.76,215.94,218.52,220.47,225.97,226.74,224.86,226.49,225.60,229.40,225.66,222.73,221.64,210.88,207.46,204.30,198.25,191.60,183.34,178.89,173.44,168.58,165.05,161.44,155.40,155.71,150.27,147.72,145.72,141.51,140.19,136.82,130.83,127.02,120.00,114.02,108.90,101.19,93.90
106.23,123.24,133.54,149.35,158.60,168.60,181.33,193.10,199.92,205.41,211.56,216.00,224.66,223.58,226.80,232.94,233.50,240.63,241.88,239.53,239.83,238.21,243.99,240.69,235.33,237.95,228.32,217.85,213.06,209.86,203.08,196.38,190.39,187.42,182.32,174.47,169.99,162.60,163.32,162.01,157.85,152.30,151.82,149.27,145.00,140.00,134.30,127.48,121.20,116.76,107.38,98.62
92.63,105.11,116.62,132.08,146.63,164.78,173.93,192.78,198.57,205.93,211.21,218.84,221.68,223.81,226.00,228.32,230.34,232.83,235.31,228.12,222.15,221.82,223.44,220.11,217.34,219.15,205.64,200.55,201.61,195.66,189.47,183.50,180.47,175.00,172.03,170.26,164.73,158.45,158.69,157.85,154.12,148.68,148.72,145.00,142.27,137.93,133.96,127.78,121.76,116.07,106.93,100.00
105.11,123.75,134.26,148.76,157.84,172.28,180.27,193.38,197.74,207.62,215.33,215.41,220.23,226.14,228.47,234.06,233.64,241.08,243.80,240.42,241.41,239.68,243.81,241.81,237.06,234.96,224.24,220.27,217.60,208.54,203.22,195.65,190.92,184.09,180.01,174.18,169.99,164.25,163.95,160.01,154.50,154.05,147.83,144.63,143.39,137.42,133.54,126.57,120.42,114.13,107.19,98.81
81.50,94.85,105.89,120.67,134.74,148.55,158.40,176.14,182.20,190.16,194.99,200.14,205.64,209.35,210.61,214.85,217.79,220.08,220.66,217.89,215.08,212.12,211.86,209.46,205.83,208.06,197.96,191.04,188.48,186.45,177.14,170.86,168.02,165.48,159.91,159.30,153.57,148.22,145.50,145.10,144.25,139.26,139.90,135.53,132.46,127.02,123.86,116.67,112.72,108.07,99.76,92.66
90.14,101.87,112.16,132.19,144.18,161.03,171.33,187.93,196.58,202.78,208.02,216.33,221.38,223.02,222.32,226.74,225.02,230.29,231.77,227.17,223.62,222.99,222.28,215.67,212.00,214.90,207.33,198.11,197.99,192.07,187.54,181.14,176.30,173.67,171.19,167.60,160.86,156.20,154.43,152.74,150.44,147.14,144.28,144.45,143.27,135.33,133.84,126.53,120.70,114.61,108.00,100.02
102.04,118.07,130.80,145.83,155.44,166.18,176.05,187.46,194.67,200.55,208.02,210.05,217.80,221.35,222.43,227.43,227.77,232.08,234.96,233.06,234.39,233.46,236.44,233.55,227.68,226.97,217.85,212.61,210.52,202.68,196.62,191.85,187.52,181.81,174.24,171.42,168.58,162.16,159.15,156.47,153.38,151.03,146.84,144.27,141.50,136.01,131.91,124.47,119.57,113.00,103.09,96.33
89.69,107.17,120.54,131.85,142.87,153.65,160.64,173.05,179.45,185.74,190.00,194.54,201.40,203.00,205.91,211.68,213.24,219.42,220.69,220.68,220.23,219.32,221.85,221.50,217.85,218.01,208.27,202.25,200.64,193.61,189.21,179.64,173.62,167.82,163.78,159.25,155.36,148.66,149.12,146.60,143.06,139.28,137.44,131.80,130.00,126.72,121.20,115.13,110.00,105.69,94.89,86.83
102.53,119.04,130.38,146.12,158.22,169.85,179.64,191.64,197.99,205.00,211.90,216.61,222.87,227.31,227.88,232.02,231.66,237.74,239.99,237.86,237.17,235.85,242.40,237.60,235.23,234.79,226.18,219.09,213.33,208.06,198.83,195.02,189.02,183.85,179.82,175.82,168.68,164.16,162.93,159.14,156.26,153.38,149.16,146.70,143.69,137.88,134.54,128.13,119.05,112.29,108.56,98.60
102.69,119.94,130.60,145.62,157.92,169.61,180.25,190.54,198.31,205.06,212.15,217.31,222.75,225.46,228.08,229.99,230.85,239.14,239.89,238.03,238.35,235.76,241.62,238.84,235.47,234.44,225.79,219.04,212.78,207.23,200.25,194.62,189.71,182.48,176.48,176.08,169.50,164.45,162.93,158.52,156.37,154.05,150.84,146.82,142.69,136.69,135.35,128.16,119.68,112.79,108.30,100.90
101.65,118.79,130.97,146.32,154.99,166.01,177.00,190.79,196.06,204.79,208.63,214.22,221.11,222.04,224.51,229.63,227.11,237.92,236.66,236.60,234.10,233.81,239.10,234.68,231.62,233.11,222.62,214.03,213.18,207.71,197.52,191.04,183.66,180.76,176.31,172.24,168.32,161.28,158.78,159.10,154.77,150.62,149.28,145.89,143.09,137.03,131.32,125.94,121.74,115.04,106.02,97.31
105.69,120.95,130.31,145.91,157.75,168.32,179.64,190.19,198.30,203.74,213.85,215.60,220.78,225.04,228.12,230.84,230.49,235.58,240.25,236.24,239.71,237.54,240.52,236.76,233.09,232.97,221.88,217.08,213.02,206.04,200.14,192.34,188.45,182.18,176.47,172.53,168.01,160.73,161.79,156.55,152.61,152.23,146.63,144.31,142.59,135.95,133.72,126.67,119.37,114.20,106.89,98.13
104.18,121.26,131.23,146.29,157.81,170.76,179.63,191.00,197.10,205.10,210.71,215.24,220.05,225.94,228.45,232.55,230.38,237.89,237.92,236.89,237.49,236.76,239.71,237.69,233.03,232.86,223.38,217.23,214.56,208.03,199.41,192.94,188.10,183.12,175.90,173.95,168.76,162.09,163.03,157.97,155.21,152.16,146.70,143.20,142.56,135.79,133.33,126.48,119.92,115.00,106.00,98.41
100.80,114.49,129.55,153.15,165.89,174.47,184.10,200.17,207.47,214.24,222.80,223.54,233.03,233.02,236.56,244.66,245.08,252.72,255.88,253.13,251.05,252.88,257.01,254.75,251.59,252.00,240.10,231.81,229.71,221.42,214.08,208.52,197.73,192.82,186.94,183.61,177.09,169.58,170.04,166.36,162.27,158.09,156.04,152.01,148.01,143.53,139.18,132.02,125.94,119.75,111.36,103.24
101.51,119.82,130.86,148.19,159.45,171.45,181.47,191.23,199.42,205.73,212.15,216.94,221.94,225.62,229.92,234.10,234.62,238.25,239.01,238.77,241.06,238.30,242.96,239.55,232.96,234.02,222.80,219.20,216.18,206.79,199.72,195.50,189.97,182.22,178.39,171.54,167.33,162.37,161.45,157.70,156.60,152.27,149.47,146.33,142.90,136.82,132.85,124.72,122.15,115.69,106.78,98.62
106.25,122.54,136.13,151.73,164.58,177.00,187.95,200.08,207.69,214.97,222.50,225.94,233.45,236.70,238.03,242.04,243.21,249.02,253.27,250.43,249.26,249.21,250.71,249.21,244.79,245.05,232.05,228.97,222.87,217.81,207.15,202.14,197.29,189.64,187.30,181.18,176.98,169.69,170.23,165.87,163.37,159.81,156.52,153.18,148.93,143.69,139.06,132.02,126.19,120.65,112.36,102.32
67.68,77.65,85.59,95.52,107.47,121.43,131.05,151.05,160.70,172.35,180.23,187.42,195.49,198.91,201.46,206.23,209.12,210.44,213.65,210.54,209.00,207.96,209.58,207.39,208.43,206.53,197.22,193.66,191.23,188.82,182.18,176.59,172.68,166.82,164.61,159.14,155.18,150.66,150.36,147.68,144.78,144.46,140.01,135.07,133.84,128.97,124.81,118.26,111.99,105.68,99.36,91.27
101.12,115.80,128.27,144.62,154.78,168.00,178.31,193.58,198.73,207.08,213.10,217.26,223.14,225.47,225.00,231.92,233.14,241.01,241.60,238.31,238.32,237.59,240.14,236.39,231.21,233.81,221.64,215.75,212.23,207.20,199.48,192.78,187.96,182.36,178.22,174.81,168.31,160.45,161.21,159.67,157.76,152.12,151.43,146.87,143.60,138.20,133.63,127.35,121.40,117.48,105.57,98.98
94.76,107.15,120.24,137.27,146.89,158.40,169.69,182.00,188.67,194.99,202.07,205.12,212.62,213.18,214.37,219.99,221.11,227.09,229.71,226.00,225.23,224.44,227.06,225.69,221.33,222.50,211.05,205.06,201.48,196.46,189.50,182.47,178.14,174.32,170.99,164.10,158.42,151.83,152.03,149.45,146.12,142.21,141.77,138.65,134.95,131.64,126.18,118.23,115.95,112.06,103.17,93.56
102.42,119.04,130.05,144.10,156.03,168.32,179.71,189.25,197.04,204.69,212.06,214.46,220.54,224.40,226.93,230.59,231.51,235.97,237.70,235.05,234.39,234.01,239.28,233.63,230.42,232.14,218.52,214.46,209.86,204.92,196.98,192.20,187.38,178.71,175.23,171.56,164.65,160.78,158.11,154.15,150.34,149.97,145.40,143.45,141.03,136.72,132.77,125.03,117.59,111.62,107.00,97.14
78.39,89.05,102.11,115.04,127.20,140.81,149.62,165.85,173.29,182.02,189.93,194.54,195.66,200.82,201.00,202.97,203.16,204.98,204.75,201.65,199.20,194.29,195.42,196.01,193.35,190.67,180.68,175.39,175.28,172.20,165.30,161.92,161.03,155.24,151.27,149.65,144.06,141.01,140.24,135.83,134.35,132.74,131.14,128.16,127.10,122.29,120.83,112.64,108.81,104.24,96.01,89.27
101.41,114.02,125.48,143.95,154.95,167.59,176.65,188.73,195.63,202.25,208.40,213.80,219.66,221.85,221.42,225.52,226.17,236.93,234.30,232.77,231.97,231.23,233.14,231.29,225.42,226.24,218.51,212.95,209.23,203.58,196.70,187.13,182.13,176.92,173.52,168.51,164.48,157.08,157.29,153.17,152.35,148.34,145.40,141.87,139.09,135.64,130.36,123.23,118.68,111.76,106.23,96.90
100.45,116.11,125.67,144.84,157.94,169.14,179.51,190.71,197.12,205.00,212.15,215.19,220.31,226.06,228.11,231.37,231.77,237.02,240.47,236.80,237.90,239.18,239.21,235.44,231.53,231.95,221.08,217.23,213.58,206.19,199.58,191.38,187.17,180.21,176.39,172.54,167.36,162.74,161.15,155.90,153.69,152.43,147.12,144.28,139.72,136.21,132.56,126.40,118.97,113.90,104.69,99.85
102.18,91.35,110.63,106.79,117.05,115.12,154.35,166.82,174.47,180.71,190.43,195.36,206.60,207.79,211.95,219.10,217.08,221.38,223.71,220.51,219.79,219.32,222.07,220.81,216.93,215.03,206.31,203.66,204.28,196.98,190.70,186.53,182.22,174.23,173.57,167.53,162.69,158.48,158.69,154.16,152.12,147.98,146.33,140.46,139.32,133.00,129.25,122.67,117.80,113.84,104.69,97.25
65.60,78.85,92.35,107.91,116.56,137.64,149.84,163.44,164.56,174.84,173.63,180.94,185.00,182.50,180.07,191.80,187.54,188.17,193.40,187.38,185.80,183.29,186.43,179.63,178.37,181.65,172.80,167.76,167.37,161.00,155.98,149.88,146.65,143.56,142.97,139.03,134.85,130.18,129.63,129.27,127.58,124.68,124.15,119.51,119.75,116.76,113.07,106.78,104.24,98.84,92.44,86.68
98.09,116.39,128.84,143.85,155.08,166.98,176.74,192.02,196.31,206.02,209.77,214.56,221.78,223.45,225.94,226.59,229.11,236.68,237.19,234.06,235.14,234.20,235.42,233.39,230.33,229.89,221.95,212.08,209.50,204.19,195.75,190.03,185.65,181.47,175.93,170.14,165.25,159.24,156.73,156.24,154.55,148.95,146.87,142.95,141.01,133.54,130.65,124.74,118.51,113.57,105.62,98.13
100.50,117.00,128.02,145.44,158.00,170.39,179.03,191.23,197.72,206.31,212.85,215.13,220.64,226.32,227.13,228.25,230.76,234.83,237.61,236.33,236.18,238.30,238.65,236.14,235.61,228.71,221.81,215.82,210.37,205.73,197.71,190.92,188.30,179.71,177.00,170.94,165.68,161.82,160.15,155.32,153.22,150.88,146.49,143.42,141.36,136.97,133.06,125.00,120.24,112.40,106.30,99.13
84.50,97.08,109.46,124.34,140.66,155.19,164.75,182.78,192.85,201.88,206.39,213.43,221.21,222.02,226.74,230.78,234.62,239.40,239.05,239.28,236.91,239.93,239.08,241.30,237.40,235.05,228.41,220.45,218.69,210.24,204.36,199.32,191.51,187.18,181.32,176.14,168.96,166.01,165.39,160.90,158.67,151.49,153.00,146.41,142.61,137.77,132.02,127.42,123.46,115.45,104.74,96.61
83.20,97.72,109.34,124.39,141.17,154.31,164.44,182.70,192.09,202.85,207.23,213.79,222.18,221.00,227.40,231.81,234.33,240.02,242.07,240.96,236.84,238.30,241.02,240.52,238.61,236.88,227.88,221.02,219.49,211.48,205.06,199.32,191.13,186.57,181.14,175.93,170.31,167.32,166.21,162.39,158.04,153.83,153.29,148.34,143.92,137.71,132.67,126.91,124.04,117.64,104.35,98.06
105.39,120.44,133.30,152.05,160.86,175.28,184.57,198.09,206.04,215.46,221.65,222.74,231.37,231.81,233.35,240.16,239.71,246.13,249.90,245.13,245.52,244.18,247.12,242.39,237.32,240.41,230.49,222.74,218.36,209.99,202.71,195.73,191.01,187.88,182.57,175.58,170.42,165.08,163.67,162.94,160.12,154.35,153.64,149.35,146.03,141.68,138.09,130.38,121.75,118.51,111.45,100.88
100.72,115.38,130.31,145.03,154.40,169.76,180.65,193.55,198.01,207.06,211.10,215.41,223.04,226.15,227.56,232.33,234.08,241.40,239.84,239.76,237.00,238.47,240.42,235.51,229.61,234.35,222.27,218.28,213.85,205.85,201.92,190.09,188.88,181.18,176.05,173.42,166.40,160.88,159.18,156.08,155.56,147.49,148.61,147.19,141.32,137.24,133.42,126.18,119.51,116.06,105.36,98.35
98.74,114.74,130.03,144.70,155.43,169.85,178.76,194.54,197.82,206.73,210.44,214.58,222.62,226.05,226.12,230.87,233.45,241.70,241.41,237.47,237.23,236.68,239.08,234.89,227.98,235.52,224.61,215.15,213.24,207.12,201.73,190.19,187.02,181.73,176.82,172.15,165.02,159.84,158.81,158.03,156.03,148.95,149.04,146.01,142.34,136.53,131.21,126.75,120.74,116.02,105.91,97.02
36.36,39.05,35.78,39.62,49.98,70.11,78.77,99.01,105.19,114.28,129.10,131.05,133.45,134.21,136.36,138.77,140.94,145.13,138.68,137.74,127.53,119.21,118.46,110.86,99.81,98.39,86.54,77.99,72.78,70.83,62.24,67.42,62.29,67.19,70.58,86.40,100.60,117.00,140.36,141.16,151.00,145.34,149.01,144.54,138.88,135.34,128.58,123.04,116.18,107.52,100.00,91.05
81.94,91.78,102.30,118.19,134.54,146.49,160.22,177.51,184.72,192.59,197.73,204.47,205.83,212.14,211.55,215.23,209.02,221.42,218.48,212.14,212.72,209.24,208.59,211.48,200.47,200.53,195.87,189.17,185.35,180.85,178.87,171.49,167.60,161.74,158.69,154.94,152.85,149.48,147.67,143.95,140.80,140.46,135.07,135.57,132.24,129.32,127.48,121.33,114.59,108.89,103.09,96.34
97.94,111.11,123.00,139.03,151.56,166.01,176.69,189.27,196.12,204.60,211.44,212.72,218.66,224.32,225.56,230.25,228.53,233.69,237.29,233.94,236.54,232.21,235.31,233.81,230.71,228.76,219.40,213.21,211.02,207.85,197.47,191.80,185.78,178.87,176.39,172.00,166.02,159.39,159.84,154.05,151.38,150.88,145.58,142.13,141.74,138.00,130.70,124.34,118.00,113.36,107.28,99.76
75.06,84.53,91.84,101.49,113.22,131.80,141.91,155.33,162.08,170.66,175.41,180.89,180.31,185.53,187.42,191.64,189.64,194.86,193.51,187.97,184.72,182.51,181.18,180.88,179.94,181.82,168.24,169.57,168.19,161.93,157.11,151.24,148.34,143.18,140.55,139.30,134.24,131.24,128.39,125.72,123.41,124.28,119.92,120.04,117.39,114.61,112.15,105.54,102.42,98.79,91.35,84.86
96.26,113.44,123.86,139.82,154.93,166.72,178.51,190.38,194.80,202.43,210.00,211.59,219.32,222.91,225.14,228.23,230.05,236.71,237.54,233.38,233.21,234.17,237.17,234.93,230.87,228.59,215.08,212.25,209.12,202.94,196.73,188.60,184.36,176.30,173.97,169.07,164.00,158.26,158.15,154.26,150.08,149.49,144.35,142.20,139.09,135.19,130.03,125.59,118.34,112.70,105.08,99.01
81.12,91.53,102.11,114.48,132.23,144.56,155.26,175.41,181.20,190.38,196.31,201.80,205.77,209.02,209.48,210.77,211.52,217.41,216.53,209.95,208.60,203.97,202.87,199.65,198.43,201.11,191.05,186.66,185.70,181.34,175.26,168.91,164.94,162.01,159.35,155.01,150.69,145.50,145.69,142.52,140.52,137.03,136.97,135.15,132.65,129.56,125.88,119.82,114.04,109.14,102.42,94.34
75.31,85.45,90.74,102.11,115.73,125.94,137.20,164.25,172.15,181.81,193.79,201.56,210.19,214.54,219.02,221.46,225.08,228.84,230.52,228.23,227.23,226.35,228.04,229.03,225.94,223.22,214.98,212.43,212.25,203.06,199.47,194.16,188.22,178.94,177.72,174.41,168.59,164.84,164.05,158.15,156.32,154.01,150.96,146.12,144.36,139.74,133.00,127.06,120.34,114.39,108.02,98.62
74.73,86.00,91.18,102.53,114.97,123.58,136.82,164.84,170.88,183.01,193.22,201.01,210.06,214.31,218.11,219.97,225.04,229.31,232.74,228.78,228.32,225.57,227.77,227.90,225.29,224.70,216.06,211.74,209.75,204.61,199.75,194.99,189.00,182.15,177.12,174.41,169.61,162.87,163.09,158.71,156.87,153.12,150.45,148.48,144.18,138.54,134.06,127.42,119.64,115.12,107.54,98.86
111.73,123.79,134.74,137.44,156.59,166.59,180.14,193.04,201.33,210.00,217.64,220.13,230.27,230.22,235.42,239.71,242.25,248.47,251.64,247.33,249.51,249.95,251.10,251.00,246.16,246.00,236.60,227.70,226.01,218.33,210.52,201.52,195.54,189.52,185.78,181.16,171.96,167.50,165.30,161.12,159.20,156.40,154.81,149.21,144.18,139.13,136.03,129.81,123.04,117.39,108.66,99.32
85.56,97.72,103.41,117.80,132.50,148.22,161.53,180.05,185.92,195.06,201.41,207.50,210.24,214.68,217.25,218.55,219.00,221.56,221.14,217.45,212.08,210.34,215.52,208.58,205.83,206.53,195.58,191.13,191.03,186.55,180.19,174.15,169.62,164.84,161.92,159.25,153.81,149.97,149.91,146.25,143.18,141.69,139.13,138.19,135.20,133.18,130.51,124.02,116.21,111.31,106.51,98.62
84.50,102.53,109.79,126.29,138.22,150.30,161.12,173.51,178.89,186.97,191.60,196.38,203.00,204.62,206.20,210.30,211.46,216.36,219.54,214.00,214.23,212.25,216.70,215.62,210.09,211.74,202.36,197.27,195.13,190.17,179.74,174.41,167.82,166.38,162.08,155.23,150.84,145.67,146.12,144.07,141.03,136.93,134.20,131.03,129.65,123.33,121.66,115.25,108.50,104.56,97.42,89.94
85.09,101.12,109.56,124.58,137.59,150.42,159.66,171.68,179.72,187.01,190.95,194.59,200.86,203.12,206.49,210.49,209.33,215.70,217.12,213.22,212.51,212.85,215.08,213.60,210.30,209.95,200.74,196.46,194.26,190.52,181.80,174.05,168.59,165.46,161.25,153.57,151.00,146.25,145.50,143.54,140.80,138.50,134.24,131.55,128.81,123.97,122.07,115.32,107.63,104.66,97.19,89.89
94.37,107.52,121.30,136.40,145.77,159.77,168.67,183.84,189.10,197.23,201.59,206.34,210.29,215.26,217.79,222.97,220.04,229.60,229.58,226.64,226.17,225.72,227.47,225.02,221.44,224.57,214.27,203.59,200.81,197.02,190.72,181.46,175.19,171.00,169.84,162.41,157.63,150.53,150.00,149.35,145.24,143.12,138.65,135.07,132.97,129.97,125.32,118.53,113.23,108.91,102.84,94.92
80.52,94.79,99.20,111.40,128.82,144.85,156.04,171.54,178.13,188.16,194.08,200.88,203.89,207.78,210.52,212.33,209.77,217.01,215.75,210.54,209.61,206.95,201.00,203.82,199.91,198.60,191.08,182.61,185.80,177.73,174.29,168.12,164.76,159.21,157.99,154.30,149.97,145.91,145.11,140.92,139.43,138.16,133.87,134.33,131.03,126.91,123.41,121.04,113.44,107.91,101.71,96.42
74.33,85.44,92.70,105.34,117.09,130.43,141.90,155.08,162.11,170.86,177.18,182.15,185.15,189.65,191.06,194.16,191.05,192.96,195.00,191.51,188.82,186.03,186.94,185.53,183.61,181.55,173.66,170.07,166.37,163.88,159.53,154.20,151.54,145.00,143.38,139.98,136.69,132.40,130.51,127.04,126.24,125.43,121.21,120.81,121.00,116.66,113.74,107.35,104.79,98.60,92.59,86.05
97.31,104.58,115.87,128.86,137.24,141.03,152.12,164.77,177.08,183.98,192.51,192.88,198.40,200.56,204.92,208.70,212.45,214.76,218.04,217.57,216.64,217.91,219.67,217.02,215.73,213.58,205.83,200.08,195.83,190.34,184.20,176.03,171.29,164.23,160.15,156.54,150.63,148.08,145.01,141.48,137.30,136.24,132.40,128.66,125.88,120.88,119.25,113.28,107.35,100.45,95.82,87.37
100.02,99.99,115.97,128.69,141.33,141.80,153.38,164.25,177.01,185.05,191.18,192.75,198.20,201.76,204.73,209.78,214.28,217.01,218.93,218.00,217.85,218.40,218.93,217.94,215.04,216.11,206.17,200.04,196.25,189.74,185.00,178.24,170.75,164.08,159.77,157.31,152.16,146.25,145.13,142.35,138.24,136.01,132.41,129.10,126.10,123.42,119.04,112.09,105.48,100.62,96.43,86.98
50.33,59.14,68.03,80.78,89.20,95.82,97.62,121.51,126.24,140.60,151.18,160.03,158.52,161.79,167.84,169.01,164.28,164.37,162.09,152.87,145.40,144.22,135.71,131.48,131.05,129.53,124.26,116.30,113.60,116.10,116.47,122.58,127.91,144.96,153.77,174.14,206.40,215.71,206.40,194.62,186.08,180.68,166.90,162.60,154.20,147.11,140.55,132.00,124.20,115.52,108.23,96.66
82.80,94.53,103.47,115.80,126.92,144.54,154.87,173.53,180.76,191.23,194.18,200.24,208.31,208.59,210.86,214.71,213.10,215.75,216.33,213.04,209.61,202.20,206.24,203.30,201.38,203.74,192.31,189.08,187.96,180.16,174.14,170.02,165.03,161.40,158.09,154.93,148.38,147.41,144.37,140.80,140.86,136.17,134.37,135.34,130.67,129.76,126.02,119.20,115.68,111.00,102.62,94.92
73.16,82.98,92.72,103.58,118.00,125.03,134.95,159.30,174.94,183.98,192.42,202.47,207.85,209.62,215.23,219.82,221.73,228.35,233.63,228.12,227.02,224.72,226.53,226.04,223.65,223.88,216.04,211.91,209.50,202.62,197.57,189.49,185.13,180.69,176.49,171.06,168.08,163.11,163.17,159.24,156.98,154.30,151.33,145.53,143.21,136.96,134.13,125.72,122.43,115.77,105.68,99.02
76.32,85.59,91.92,100.88,118.87,124.48,137.06,159.96,173.09,183.00,191.88,199.42,208.00,210.34,216.28,221.11,224.01,226.61,231.32,229.02,226.21,224.56,227.20,227.54,224.80,224.27,214.22,213.81,209.48,203.89,200.74,192.41,188.31,179.23,176.57,173.08,169.12,162.60,164.20,160.05,154.33,156.01,149.40,145.50,145.00,139.01,134.46,127.58,121.60,115.94,107.04,99.32
100.88,113.77,122.87,140.13,155.26,171.23,179.63,192.00,199.81,207.29,217.46,217.83,225.58,229.43,231.28,236.14,233.28,242.86,242.57,239.27,240.85,240.75,244.11,241.11,238.52,237.93,226.81,221.23,219.49,208.66,203.22,196.03,190.25,184.33,180.57,173.35,166.97,162.89,162.74,157.05,154.81,153.50,148.73,146.71,144.01,137.75,135.06,127.95,121.26,114.84,108.58,100.62
99.01,113.23,123.41,140.55,154.24,168.58,180.49,193.05,199.47,209.16,216.09,219.21,225.89,229.51,231.70,235.31,235.77,241.68,243.40,242.13,242.84,241.12,245.28,241.35,239.89,239.30,226.29,221.82,219.01,210.79,202.79,195.06,192.51,185.53,179.45,173.35,166.97,163.62,161.19,158.69,154.56,150.79,149.11,145.50,144.47,138.40,134.12,126.25,121.74,116.69,108.85,100.02
102.08,115.80,131.73,145.34,159.81,172.41,183.18,198.44,206.79,213.95,218.52,223.89,231.93,232.13,235.05,237.74,240.42,249.21,248.60,245.70,247.65,245.03,249.37,246.63,243.00,244.25,230.53,223.09,222.00,215.36,206.40,200.56,194.34,189.64,184.07,179.23,171.30,165.56,163.84,164.20,159.45,153.26,152.74,151.27,146.58,141.60,136.19,129.77,124.48,118.53,110.45,101.92
95.59,110.49,124.68,138.97,151.65,165.25,174.64,188.47,194.66,203.95,207.71,212.23,219.15,223.65,224.21,228.97,230.23,236.58,235.67,235.19,236.91,235.47,238.45,233.03,230.24,230.85,219.87,215.33,211.48,205.65,196.46,191.04,183.88,178.10,175.16,168.96,164.75,159.66,158.45,154.05,151.11,148.76,145.50,141.01,139.19,132.38,130.08,123.60,119.57,112.29,103.81,97.25
65.73,75.80,80.40,88.26,103.25,111.62,122.00,142.13,153.63,162.20,170.45,175.24,182.54,187.88,190.39,195.49,198.04,200.88,203.77,202.80,202.25,199.48,201.16,201.06,200.82,196.41,189.00,187.64,186.13,180.24,174.93,171.12,165.74,158.32,156.95,154.01,149.62,146.54,145.22,140.69,137.44,137.44,132.50,128.76,126.37,122.29,119.25,113.28,107.79,104.14,94.64,88.28
52.35,62.10,67.91,80.61,92.18,104.69,116.78,133.79,137.28,142.86,149.49,151.86,160.23,161.31,164.77,159.40,161.64,159.03,157.06,158.01,150.07,144.56,140.51,135.53,130.60,132.85,121.20,118.56,118.96,116.35,117.83,121.02,123.37,129.56,133.20,150.44,190.69,214.97,205.24,189.79,182.24,178.39,168.08,158.38,152.97,147.14,140.87,131.91,125.32,112.43,108.47,98.23
53.71,57.63,65.80,74.43,88.84,98.47,110.17,126.66,129.69,138.23,142.80,144.36,149.05,155.12,154.65,152.62,154.18,155.03,154.21,150.23,141.95,137.71,132.20,128.83,122.43,125.03,116.00,110.06,107.07,112.93,108.85,110.29,115.80,130.10,129.03,147.65,189.51,207.04,198.73,186.23,177.29,172.68,161.53,154.67,147.71,144.06,134.95,127.35,117.89,110.00,103.31,94.09
78.06,87.46,97.58,112.00,127.02,139.52,147.80,166.63,174.56,183.47,188.09,192.61,199.90,201.09,205.45,210.66,213.66,219.21,222.63,219.01,218.05,220.49,221.42,221.43,220.11,220.20,211.87,204.08,200.21,196.37,189.50,182.72,176.51,173.10,168.39,162.75,157.00,152.33,151.61,147.65,145.24,139.81,137.79,133.73,129.07,126.06,120.57,115.52,111.02,106.44,99.25,89.89
75.66,84.77,93.86,104.74,115.11,129.26,143.13,159.31,164.56,174.66,177.34,185.01,188.45,190.24,189.78,193.04,193.60,200.23,198.60,195.14,189.64,187.49,190.77,187.01,184.69,185.16,177.43,172.17,170.85,165.95,161.06,152.03,149.25,149.48,143.39,141.11,136.75,134.20,133.02,129.03,128.81,124.04,122.80,122.10,119.23,117.17,113.22,108.16,102.65,99.54,94.09,86.83
68.88,68.15,78.09,84.81,109.18,114.21,123.98,143.18,156.46,162.25,169.33,179.49,186.43,189.27,194.14,196.03,200.03,204.48,207.78,204.73,203.71,202.89,203.96,205.04,201.53,200.48,193.04,189.74,186.39,181.81,177.28,173.81,168.16,160.70,157.95,152.83,151.27,144.67,145.42,142.87,138.83,136.03,134.13,130.21,128.47,124.04,119.08,113.07,107.56,102.83,94.87,89.69
72.45,82.04,85.80,98.18,110.54,120.88,130.65,152.51,164.79,175.16,183.13,189.17,198.21,202.20,208.13,211.19,213.85,216.81,220.54,217.25,216.84,214.85,217.81,218.32,217.34,215.08,207.12,202.97,201.00,195.60,190.02,184.09,178.90,172.54,170.52,162.25,160.01,156.98,155.71,150.48,149.35,146.70,144.01,139.32,137.30,132.38,129.54,120.21,115.52,110.77,100.70,93.74
64.50,74.24,81.69,88.89,101.60,114.49,121.02,141.51,150.15,163.64,171.82,174.63,182.18,187.52,191.76,195.97,197.23,198.86,201.72,202.71,200.17,201.44,201.65,199.12,198.67,196.57,191.25,186.95,182.69,180.10,175.73,170.07,168.05,157.99,156.52,152.33,150.22,145.77,142.84,138.92,136.40,136.00,131.47,128.63,125.99,123.32,116.90,112.38,106.22,102.32,95.05,87.32
110.54,125.32,125.30,138.00,141.06,153.03,171.98,192.42,200.45,207.04,217.01,219.67,229.94,232.59,236.14,239.47,241.31,246.35,253.88,252.45,253.05,252.04,255.28,254.94,251.75,249.21,240.71,234.42,227.61,221.00,214.77,207.61,201.22,191.09,188.22,182.48,177.23,172.80,169.78,165.39,162.44,158.11,154.77,150.70,148.03,142.59,138.80,132.46,123.17,118.07,109.66,102.22
95.86,110.60,121.02,137.27,150.81,166.39,176.82,191.94,198.43,204.63,212.93,216.45,222.81,224.90,228.04,231.87,234.36,239.43,240.24,240.45,238.58,237.39,242.40,239.04,237.59,236.23,225.79,219.48,216.30,207.63,202.42,194.74,188.80,182.53,178.27,175.39,168.25,163.53,161.90,158.15,156.39,150.79,149.97,146.37,143.40,137.01,133.14,127.68,120.84,115.68,108.71,100.04
101.97,115.60,128.44,142.09,150.72,164.92,175.86,194.15,201.46,208.84,213.71,219.32,227.38,228.60,230.37,236.40,239.83,246.68,249.24,248.01,245.20,249.16,248.70,250.60,245.51,246.13,238.31,230.22,227.06,219.53,211.99,204.50,196.46,193.49,185.71,181.47,172.36,167.87,167.11,166.69,161.40,155.60,155.50,150.21,146.54,140.06,136.82,130.08,124.96,119.88,108.17,99.54
94.79,109.00,122.26,138.23,150.63,164.68,174.04,189.64,196.57,203.97,209.12,215.50,222.46,222.04,223.62,229.12,229.87,237.56,235.76,236.21,236.04,234.97,238.54,234.55,231.66,233.81,221.92,217.08,212.25,207.28,196.70,189.84,186.70,181.33,177.41,171.71,164.66,161.01,157.69,152.95,152.86,149.20,147.87,144.56,143.00,136.82,130.92,124.20,119.94,114.61,105.80,97.67
85.09,99.70,111.79,125.57,137.71,152.32,161.12,171.71,177.79,185.15,190.52,193.42,200.84,203.49,204.53,211.75,208.40,216.49,216.60,216.84,214.56,216.45,216.38,214.37,210.72,212.60,203.54,199.20,195.02,187.83,178.77,173.00,170.95,162.73,160.61,154.33,151.27,147.68,145.41,139.05,139.03,137.90,135.24,132.00,128.63,123.57,120.27,113.76,110.68,105.68,97.49,89.74
74.46,83.36,90.97,104.56,116.40,130.51,142.41,159.66,165.92,174.06,181.37,185.01,190.95,190.91,191.15,195.17,195.94,203.00,202.06,196.45,193.79,188.90,191.65,186.30,186.78,186.01,179.00,173.67,173.97,167.11,160.20,155.03,153.39,148.49,146.29,143.28,137.06,133.63,134.10,131.88,130.18,127.32,123.37,124.26,121.81,118.83,115.49,111.99,105.22,101.12,95.78,87.60
63.35,70.60,80.72,90.14,98.62,110.28,120.80,142.64,153.22,164.30,171.30,180.06,188.35,189.74,193.31,199.01,200.82,206.55,208.97,205.97,207.39,206.04,206.20,206.19,202.09,201.78,197.74,188.73,186.32,185.05,178.40,173.60,170.01,164.17,162.86,157.80,152.43,147.09,147.41,146.24,142.80,137.93,136.13,133.70,131.55,124.58,123.66,114.98,109.57,105.08,97.08,89.81
67.91,74.73,81.40,93.47,106.04,117.27,125.26,145.28,157.01,166.93,177.91,183.00,192.92,196.43,199.46,203.77,205.06,208.43,212.90,211.53,207.51,207.74,208.70,208.29,208.14,209.12,201.69,193.83,189.65,187.68,181.62,176.62,171.82,165.75,161.25,161.30,156.77,150.23,150.88,146.24,143.20,140.66,138.03,135.15,133.45,128.46,124.02,117.89,112.81,107.65,100.65,92.09
76.22,84.72,92.91,106.17,120.27,132.19,145.69,161.03,167.94,176.07,183.90,189.86,192.17,196.60,197.27,201.38,201.20,205.41,208.66,203.09,202.02,198.66,200.83,198.04,195.06,193.83,183.86,180.37,176.98,173.10,168.24,162.31,157.87,152.16,150.23,144.25,142.06,138.25,137.06,133.00,131.13,131.80,128.76,124.08,123.33,120.22,118.87,112.51,106.40,101.92,95.35,87.92
89.38,104.56,115.12,128.23,140.89,151.00,161.93,173.82,180.00,186.10,193.08,194.98,201.85,204.41,206.83,211.95,211.80,216.84,218.39,214.73,215.43,217.80,219.06,217.28,214.17,214.08,203.03,199.67,196.01,190.16,180.71,177.25,173.59,164.92,163.01,156.73,151.82,150.62,146.63,144.64,140.03,139.28,136.00,132.32,131.10,126.12,122.80,116.93,111.07,105.02,98.84,92.10
53.14,59.54,68.88,81.57,91.44,103.37,112.20,131.55,136.01,142.17,145.62,148.34,155.32,153.57,152.51,155.54,159.36,161.60,158.11,151.24,146.11,142.00,139.52,133.76,129.25,131.24,130.12,120.42,115.45,124.26,118.33,119.47,126.91,136.07,140.94,165.42,192.59,212.66,203.84,196.73,186.43,174.81,164.56,162.52,155.19,147.36,139.29,130.18,123.60,112.61,107.21,96.88
65.28,75.77,83.63,91.44,101.64,115.00,124.53,144.54,157.11,166.88,171.84,181.04,189.01,191.56,195.53,199.57,200.41,205.97,208.78,206.70,207.88,206.12,206.20,206.00,204.22,206.74,198.04,191.64,188.04,186.89,180.57,174.45,169.36,163.95,163.98,156.85,151.54,147.67,147.73,144.40,143.01,138.54,138.18,134.20,131.40,125.93,122.18,115.38,110.39,105.55,97.12,88.46
72.18,78.55,86.21,96.57,112.33,123.17,131.24,153.70,162.98,172.29,183.50,186.64,193.54,198.04,202.61,206.93,210.30,214.65,217.45,214.89,214.72,212.84,215.11,215.37,213.59,211.43,205.94,200.06,195.21,192.82,188.52,182.91,178.24,170.70,166.71,164.75,160.44,155.05,155.65,150.60,149.16,146.54,143.06,138.05,137.88,134.20,128.76,122.12,116.52,111.02,104.09,96.52
69.58,79.61,84.91,96.34,110.60,122.00,130.51,151.63,161.99,171.82,181.23,188.17,195.93,200.38,203.10,207.16,208.12,213.85,217.00,215.00,214.58,213.41,214.56,214.90,214.20,213.00,205.18,198.52,195.65,193.21,186.55,181.41,177.20,170.65,167.89,165.20,158.40,153.06,154.69,150.71,149.03,145.78,142.00,137.36,136.18,132.19,128.06,121.08,115.31,110.02,103.00,94.54
66.04,74.63,81.02,90.80,102.65,114.83,121.60,142.78,152.97,159.54,170.14,177.34,185.00,187.10,192.77,195.66,194.55,201.76,203.65,202.43,203.04,201.56,202.15,201.88,200.81,200.74,192.75,186.10,183.88,181.16,175.90,169.80,166.39,160.59,157.04,154.24,150.57,145.12,145.34,141.77,139.60,135.15,133.93,129.02,128.71,123.22,119.64,115.21,109.25,104.66,94.70,88.02
79.62,92.01,101.55,112.61,123.37,139.70,150.27,166.21,173.03,181.52,187.43,193.31,196.56,200.30,203.08,206.23,205.06,206.16,207.39,202.94,200.80,195.78,202.24,197.95,195.21,193.50,184.17,180.38,177.79,172.17,167.87,160.20,161.01,154.16,151.40,148.56,142.97,142.01,140.92,133.27,133.69,131.24,129.24,129.12,127.42,123.33,117.14,114.98,110.55,105.12,97.67,90.82
83.82,95.67,105.12,117.72,129.42,146.16,158.82,175.51,180.71,188.49,197.34,203.39,205.06,209.85,210.07,214.28,213.76,217.60,217.41,214.41,210.40,205.57,210.85,207.46,204.69,202.01,193.05,189.13,187.95,180.47,176.57,170.84,167.57,161.30,158.46,155.08,151.34,148.41,145.33,141.06,141.06,140.09,135.68,133.42,134.21,128.43,124.28,120.42,116.76,111.40,102.77,95.60
98.41,112.06,127.48,143.09,152.50,166.82,177.72,193.08,199.02,207.96,211.90,215.84,221.92,222.04,227.72,231.21,231.37,238.30,239.05,236.68,237.39,238.72,239.88,237.07,232.56,231.80,222.00,216.19,211.83,206.40,199.41,193.38,186.32,183.11,178.22,171.60,164.81,161.38,159.13,158.15,154.94,150.79,147.98,145.91,143.21,136.96,133.14,126.72,122.38,115.77,107.56,100.70
98.98,114.11,127.01,139.81,154.15,167.61,177.99,191.04,197.80,206.21,212.01,214.83,222.91,224.10,226.46,232.48,230.01,236.55,240.42,236.02,236.85,237.39,241.11,237.54,233.53,231.20,221.64,216.17,211.81,206.01,198.32,194.49,187.24,182.58,176.96,171.08,164.30,161.21,161.01,157.00,154.55,152.32,147.41,145.96,141.87,137.54,133.66,128.41,120.25,114.18,108.05,101.24
75.01,86.93,96.02,107.84,119.47,131.32,142.13,160.59,165.92,174.04,180.49,183.20,188.35,191.51,194.74,196.31,193.69,198.07,199.16,194.64,191.91,189.26,190.06,188.83,184.72,182.26,177.00,171.27,169.00,165.65,159.91,153.17,152.45,148.27,145.21,142.39,136.03,134.85,133.42,130.82,130.00,125.69,124.53,123.84,121.94,119.02,115.74,111.83,106.83,101.92,94.43,87.66
75.80,87.05,95.27,107.65,119.42,132.82,142.84,161.01,166.74,175.57,181.22,184.55,188.05,192.52,194.05,196.86,194.74,199.06,200.93,194.37,193.04,189.28,190.54,188.18,184.17,182.51,177.55,170.33,169.00,165.13,161.76,153.81,153.58,148.35,147.17,142.95,137.20,133.88,132.09,131.58,131.61,128.14,126.13,124.10,121.85,120.75,116.43,111.97,105.00,101.55,95.05,89.01
93.81,106.78,114.53,128.32,135.77,148.38,157.11,170.66,176.26,182.07,190.68,191.85,198.60,200.26,203.59,207.88,210.28,214.95,218.11,218.48,217.18,216.60,219.27,218.08,217.04,216.98,207.18,201.22,195.50,190.71,187.28,178.36,171.06,163.59,160.10,155.62,151.95,147.26,146.09,142.30,140.43,137.41,134.10,130.00,127.14,124.02,118.87,114.14,108.45,103.73,96.18,88.32
99.32,112.01,121.15,136.52,145.03,157.03,166.44,180.14,188.00,194.43,200.21,202.81,210.46,214.25,217.00,219.21,223.71,229.17,231.09,232.31,229.24,231.62,231.95,231.48,229.99,229.58,219.69,213.35,208.32,202.08,196.64,188.60,182.89,174.77,170.86,165.68,160.61,156.85,155.12,150.86,148.35,145.25,141.03,136.19,133.56,132.38,126.29,121.00,113.09,109.66,100.85,93.02
83.82,92.96,103.16,115.88,128.86,141.29,154.12,171.54,175.09,182.39,189.53,195.41,198.70,202.42,203.74,205.64,205.87,209.77,209.30,205.70,203.30,198.24,200.57,199.72,194.26,195.32,185.55,181.73,179.78,173.35,167.45,161.70,157.65,153.72,153.94,149.49,144.84,140.36,139.47,136.34,133.00,131.37,129.12,127.10,127.09,123.17,119.01,114.63,108.67,104.62,95.69,88.07
98.18,113.02,126.05,141.13,153.42,164.61,177.12,191.17,198.16,206.12,211.73,215.76,222.46,225.00,226.11,232.66,233.21,238.88,241.85,238.16,238.10,238.02,242.22,239.35,235.47,234.96,224.64,217.26,214.62,206.69,200.17,191.07,187.22,181.69,175.31,170.50,165.66,159.15,159.36,156.67,152.95,147.22,149.50,145.87,141.68,135.25,131.55,124.42,120.15,114.93,106.61,98.48
82.73,94.34,103.28,115.95,127.12,141.21,153.42,172.54,178.20,186.10,192.13,197.89,202.94,204.71,204.16,206.53,206.21,212.45,211.52,205.62,205.06,201.12,204.92,202.16,195.97,197.85,189.68,182.69,176.00,174.45,168.08,162.64,157.89,156.12,153.06,148.45,142.76,137.48,138.05,134.81,134.18,132.32,128.41,128.65,127.14,123.04,119.77,114.02,109.56,106.07,98.08,89.36
99.08,112.00,124.58,138.00,149.16,161.48,170.84,185.00,192.75,200.37,207.17,210.32,216.45,219.40,221.98,226.18,225.66,232.40,234.47,233.12,232.48,231.59,236.60,235.24,230.27,230.22,218.89,212.43,208.54,201.56,195.04,187.93,181.89,174.47,169.10,166.30,163.19,157.81,154.03,150.79,148.95,142.86,142.66,138.71,137.83,130.86,126.40,119.33,115.11,111.22,100.85,94.63
83.01,94.19,101.55,115.43,125.96,140.29,151.33,166.09,173.03,179.94,184.20,190.19,195.56,198.58,203.16,205.24,201.65,210.05,209.01,206.73,205.87,203.94,202.77,199.42,198.13,198.39,188.14,182.65,181.89,174.66,169.58,163.17,158.42,153.69,149.49,146.66,141.51,139.47,136.34,133.65,131.23,129.99,125.10,124.74,122.12,117.24,113.95,107.91,106.44,101.91,91.76,86.05
82.66,93.30,101.27,113.56,127.00,139.43,150.76,164.84,173.88,180.01,186.02,190.24,193.60,198.83,200.64,205.53,202.87,207.58,208.47,204.42,204.36,201.90,201.80,200.56,195.93,197.04,188.86,184.00,179.25,174.38,168.63,163.38,158.24,150.92,150.27,146.16,144.01,139.05,135.00,132.10,129.84,129.06,124.04,122.67,121.63,118.36,116.21,108.27,103.08,99.13,92.23,86.12
78.16,94.79,106.25,115.74,124.28,136.42,150.03,166.29,171.71,180.47,184.84,191.03,196.45,200.10,199.91,200.39,202.62,208.15,209.04,207.20,204.27,201.25,201.55,201.21,198.44,199.09,188.86,186.53,181.79,175.51,168.88,163.31,159.40,156.21,151.57,147.22,142.62,137.71,135.95,132.42,130.70,128.08,125.78,125.26,122.77,116.09,114.48,108.30,105.39,100.24,92.63,86.03
112.64,125.92,132.48,148.12,158.03,170.41,179.23,194.64,200.86,208.48,218.28,220.10,227.00,230.15,232.88,238.11,241.35,244.99,250.69,250.67,248.05,251.61,254.95,252.68,252.16,249.83,241.25,235.68,231.14,222.64,215.47,208.34,198.91,191.09,184.62,181.95,174.14,170.70,164.88,162.79,156.59,154.90,152.12,145.99,143.34,137.00,133.41,124.68,119.47,112.16,107.08,96.54
88.09,99.30,109.02,121.40,134.12,148.81,159.88,175.96,183.22,191.05,196.73,201.61,207.88,211.01,213.02,218.06,216.48,223.57,222.85,221.38,220.71,218.32,221.33,218.06,213.93,213.01,201.93,199.40,196.74,189.47,182.22,178.10,169.99,165.32,159.70,156.54,152.78,146.70,143.84,142.56,139.79,136.03,133.66,131.23,128.22,124.58,118.41,113.23,109.29,104.56,95.57,89.20
106.00,119.10,130.31,142.44,154.18,163.96,172.41,186.23,191.82,199.61,206.07,211.62,219.11,220.72,222.89,229.43,231.28,237.42,239.13,241.02,243.53,242.79,246.22,245.52,244.86,243.25,233.70,228.27,224.21,217.57,209.89,201.06,194.10,184.95,182.53,173.69,166.77,162.93,159.41,157.00,153.22,147.47,145.77,141.88,136.85,131.13,127.74,118.87,114.13,109.22,100.24,91.20
97.80,112.89,124.47,135.91,144.35,154.77,164.05,175.21,180.04,188.79,194.76,200.60,207.14,207.00,210.32,216.13,217.41,222.80,226.57,225.08,227.59,229.86,233.94,232.61,230.00,231.61,224.20,215.63,211.18,206.16,197.12,190.43,182.43,176.64,171.81,164.15,157.08,153.57,150.84,147.83,143.67,138.51,137.23,130.23,130.14,123.82,119.64,112.64,108.69,101.14,95.27,86.21
92.42,105.91,115.42,129.25,140.00,153.87,163.69,177.81,185.71,193.50,200.41,205.97,212.47,215.43,218.77,224.27,223.90,230.23,231.53,229.68,232.65,232.82,237.40,235.51,231.62,231.53,222.20,218.55,211.46,202.41,198.24,188.10,185.37,176.64,170.66,165.41,159.84,154.32,152.27,146.99,143.39,141.11,137.88,133.73,132.91,127.20,123.23,114.63,110.94,104.48,98.27,90.47
104.06,115.31,124.92,139.17,153.83,167.63,177.56,197.27,203.60,211.81,222.30,224.06,232.73,236.37,240.67,244.09,248.52,254.20,257.42,256.00,257.41,257.61,261.52,262.15,256.85,258.86,247.97,242.10,235.10,230.87,221.33,211.77,205.18,195.13,191.27,186.02,176.47,172.07,170.42,164.35,160.10,157.72,150.84,145.34,145.77,138.03,133.72,127.57,120.60,116.21,109.12,99.05
98.02,109.59,119.75,134.20,146.87,159.88,170.55,187.77,196.47,204.36,211.21,214.93,223.14,227.18,230.51,235.38,236.26,247.80,247.12,245.84,246.89,248.49,252.36,253.18,246.79,250.00,241.12,230.89,227.30,221.65,212.19,203.63,195.89,190.69,183.61,177.73,171.49,164.75,162.87,158.14,153.38,149.60,142.13,141.44,137.56,132.38,128.56,121.75,114.04,109.55,103.75,95.80
104.71,114.87,124.65,139.36,152.95,164.27,173.08,187.21,196.23,200.55,210.72,213.15,220.86,224.01,228.43,235.30,237.17,242.79,247.64,246.86,248.71,251.24,254.88,256.02,256.16,256.83,248.03,241.12,234.34,228.88,219.40,212.25,200.44,193.13,187.04,184.39,174.41,168.57,166.01,160.59,154.35,151.38,146.12,138.88,136.00,131.23,126.51,120.55,113.02,107.52,102.07,93.91
101.86,112.81,122.20,137.90,149.48,162.41,171.14,185.71,193.07,201.30,206.19,211.91,221.37,220.00,226.04,231.46,234.01,240.52,246.13,244.72,247.63,249.00,253.94,255.00,253.46,255.28,247.26,240.75,232.77,228.11,217.86,211.07,200.82,193.93,187.22,180.09,172.54,163.78,162.86,158.03,153.94,147.26,145.66,138.19,134.62,128.66,123.69,117.92,112.16,106.51,100.28,91.07
100.45,113.65,122.26,136.86,147.00,157.84,167.61,183.00,189.40,198.49,204.61,208.75,216.38,219.99,225.22,230.80,231.89,237.93,242.01,243.98,246.22,247.32,252.30,252.30,250.32,250.65,243.88,236.60,231.50,224.40,217.91,208.63,198.59,189.93,183.81,177.59,169.71,162.83,160.64,154.94,150.88,145.73,141.82,135.52,131.53,125.40,120.81,116.28,110.49,106.40,95.57,89.27
99.13,111.79,121.70,132.50,144.39,155.91,165.08,179.01,185.61,193.61,201.12,205.02,213.24,216.00,220.12,225.74,226.81,233.42,237.08,239.01,242.44,244.38,248.60,248.96,248.05,247.95,239.06,232.42,226.74,219.49,214.67,203.77,193.31,186.39,177.20,173.81,165.42,159.77,155.39,148.49,145.89,142.17,137.74,132.83,129.07,124.58,117.75,113.00,107.15,102.53,95.19,87.57
100.98,114.18,123.07,135.51,146.34,158.75,168.88,181.99,189.66,196.12,205.88,208.34,215.23,219.61,224.29,230.36,232.22,240.52,245.96,242.53,249.06,251.10,256.63,255.43,254.02,253.86,243.31,234.58,228.83,219.78,211.40,198.86,188.18,181.28,174.45,169.00,161.30,151.33,148.50,144.25,140.25,135.00,128.74,123.49,121.92,118.71,114.73,109.55,104.29,98.72,92.76,86.84
98.48,112.61,121.40,134.12,141.42,156.19,166.83,181.04,185.99,195.26,200.66,207.50,214.46,215.57,219.43,227.61,230.63,240.92,242.16,243.51,246.20,249.20,254.57,254.33,253.39,251.20,242.00,231.40,227.85,217.92,209.77,198.08,185.65,182.32,171.14,168.44,160.85,152.12,148.49,143.60,140.09,133.45,130.74,127.14,122.64,118.19,112.71,108.50,103.94,101.02,92.66,84.93
95.60,108.91,115.92,125.93,136.48,148.22,156.24,170.31,176.05,184.56,192.11,194.74,201.96,206.79,211.15,216.90,219.00,226.15,232.50,230.08,235.19,235.61,241.25,241.76,239.24,240.52,227.55,220.08,214.80,205.85,198.30,188.10,177.42,168.66,161.97,156.42,147.41,141.29,137.93,134.33,127.80,125.10,121.33,117.09,112.45,110.00,103.23,99.62,94.19,91.39,87.68,79.85
98.23,110.44,120.20,131.31,139.45,152.12,159.05,176.71,186.56,194.31,198.92,207.06,214.11,218.55,222.41,229.46,232.30,240.92,244.19,245.80,247.81,248.92,250.45,254.02,251.96,253.85,245.42,234.26,230.85,221.14,216.21,205.12,193.31,187.01,177.79,172.66,165.42,155.86,154.78,149.47,145.00,139.22,139.12,132.65,128.14,124.20,117.88,112.36,110.11,105.95,97.08,89.55
95.29,105.80,114.54,126.25,137.28,147.26,155.39,172.90,179.74,187.39,195.92,200.64,209.29,213.00,217.87,224.13,227.20,232.86,237.36,240.78,244.20,245.47,251.00,246.68,246.47,248.49,236.23,230.33,224.50,216.67,210.62,201.73,192.01,182.65,174.35,171.16,161.47,156.85,153.40,145.91,141.66,138.00,134.62,128.81,126.81,123.98,118.07,113.32,107.07,101.83,96.17,88.20
98.18,111.14,119.02,130.82,140.81,153.38,160.08,176.78,185.43,194.13,200.17,208.41,216.67,218.69,224.59,230.38,234.17,240.79,247.11,247.19,250.68,252.73,256.81,255.84,254.01,256.78,249.02,238.76,232.01,227.40,218.66,209.62,198.25,191.38,184.76,177.89,168.86,163.36,158.49,153.42,149.97,142.78,142.21,136.33,131.93,128.44,123.15,116.06,114.69,109.66,100.00,92.59
101.79,110.68,120.95,132.20,140.81,153.38,161.82,176.56,182.66,193.10,201.70,207.51,213.24,218.68,224.74,232.02,236.69,243.56,249.34,250.41,253.03,257.42,259.61,261.91,257.47,255.00,244.35,236.48,227.31,217.44,210.04,198.12,186.94,178.76,171.11,166.68,157.81,150.89,144.46,139.09,134.63,129.24,125.00,121.40,117.32,112.09,108.23,104.86,102.11,99.14,92.36,85.98
100.98,112.09,120.60,131.55,139.90,152.19,161.38,175.11,182.22,190.13,198.91,204.25,212.26,215.06,220.41,227.18,232.61,238.76,244.05,244.53,250.50,253.51,256.33,254.19,251.44,252.13,240.35,230.47,221.92,211.63,204.48,193.50,183.00,176.20,169.33,162.25,153.06,144.50,139.45,134.18,130.87,126.25,122.43,118.51,114.14,109.60,105.99,100.84,99.69,97.08,89.89,84.01
95.60,106.68,112.25,121.75,131.85,143.22,149.19,164.92,174.39,183.39,189.91,196.02,205.30,209.30,215.03,221.65,226.00,230.67,234.64,240.66,242.79,246.97,247.55,250.94,249.85,248.52,240.20,230.51,227.55,216.23,211.99,200.18,189.62,183.70,177.07,172.05,163.05,153.69,151.74,147.14,141.66,137.23,134.10,128.47,123.91,118.38,115.12,112.38,105.55,102.88,97.05,88.24
96.34,105.31,113.36,126.19,133.06,142.64,150.60,165.64,172.74,181.80,186.49,192.42,202.71,205.36,212.01,219.53,223.40,231.23,236.80,235.99,240.52,243.38,246.95,249.24,247.74,250.34,243.38,233.36,226.74,218.56,213.01,204.57,195.90,192.85,186.25,178.90,171.75,164.44,159.53,156.31,149.89,145.50,142.17,136.69,134.16,128.80,123.69,117.21,114.24,108.30,101.08,93.54
92.70,103.31,110.86,122.87,129.32,137.42,145.88,163.69,169.92,176.41,181.84,188.38,197.31,200.39,203.71,212.62,216.00,225.01,230.47,228.60,235.27,236.58,240.90,241.07,239.56,244.23,235.23,227.43,219.21,214.83,208.93,200.26,192.08,190.37,182.89,175.51,169.94,161.45,158.39,155.93,148.06,144.13,141.90,135.35,131.47,126.56,122.98,115.73,112.31,107.56,99.73,92.54
118.00,124.46,130.27,142.43,145.34,153.46,159.54,176.08,186.45,192.26,201.80,203.53,212.00,217.08,218.28,227.61,230.06,237.23,240.98,242.00,244.72,251.87,254.72,254.94,255.03,259.02,252.41,247.63,245.00,237.81,231.81,224.02,215.00,210.94,204.83,199.80,192.92,187.10,183.66,177.55,172.35,167.50,162.31,157.18,152.30,147.41,141.69,134.65,127.66,122.71,112.29,102.63
101.71,113.88,120.00,127.82,137.77,150.59,156.85,168.01,174.26,180.60,188.61,193.40,198.25,204.64,205.12,213.01,215.37,220.51,225.46,227.67,226.59,231.95,232.16,230.60,230.67,229.97,221.45,218.49,214.83,209.99,202.06,196.22,188.43,184.27,178.54,173.53,166.02,159.67,156.16,151.17,146.12,141.48,138.44,132.38,129.87,123.22,120.65,116.40,110.72,106.57,98.49,90.00
104.14,114.97,123.02,132.03,142.21,151.61,159.02,176.14,184.72,187.95,191.27,192.21,197.59,205.24,208.41,214.05,217.68,225.89,224.90,227.48,226.17,226.55,229.19,228.02,225.86,225.02,216.98,212.43,208.40,201.61,197.57,192.32,184.29,180.16,177.50,168.72,161.77,158.40,154.63,151.35,146.37,139.59,136.85,132.65,129.54,125.04,118.93,116.04,111.14,107.87,99.25,94.30
109.62,123.82,130.61,138.92,147.49,156.73,166.39,176.59,182.33,188.28,195.45,200.08,206.52,206.42,210.85,217.41,222.50,226.37,231.39,232.44,234.08,237.12,240.53,240.03,240.64,240.98,235.61,227.13,220.47,215.37,209.83,199.62,195.36,189.61,186.01,177.73,170.18,163.96,162.25,161.31,158.38,148.82,148.03,144.59,138.52,136.40,129.85,126.24,121.10,115.69,107.49,99.40
114.54,127.86,135.00,145.21,153.08,164.81,173.00,183.17,189.45,194.74,205.28,210.21,214.95,215.68,221.51,226.72,231.91,235.51,242.26,243.10,248.24,252.72,255.97,257.08,257.86,257.16,251.87,242.24,236.65,232.13,223.11,215.86,207.45,201.70,199.81,190.07,185.19,179.00,175.57,171.27,170.18,161.12,159.11,156.52,151.65,145.34,140.52,135.13,127.95,122.29,115.25,105.55
113.28,124.31,132.25,140.58,150.00,158.60,166.97,177.50,183.20,192.61,198.72,206.31,213.60,212.22,216.26,223.61,226.31,231.51,238.44,239.43,246.11,253.81,259.62,260.92,267.32,272.41,270.25,265.38,266.03,261.05,253.75,245.81,235.67,231.04,226.11,216.40,211.25,202.02,198.64,197.43,192.94,183.20,178.24,175.31,170.59,159.03,151.35,144.36,139.20,129.02,118.97,106.83
125.72,142.17,148.17,159.31,165.05,175.45,174.77,176.10,175.16,172.56,170.47,167.03,164.56,165.01,159.66,161.94,162.39,158.15,159.93,154.95,151.92,149.58,149.09,151.63,142.86,134.11,116.09,106.08,94.70,83.87,75.47,66.94,47.80,46.10,30.41,24.60,21.21,16.00,13.15,6.32,4.12,5.10,9.22,10.05,13.89,27.31,31.02,31.95,31.83,34.93,36.12,36.24
136.62,153.50,163.00,174.20,182.82,190.71,197.09,202.09,201.90,202.63,203.42,202.05,204.07,203.49,200.82,203.59,206.17,207.63,209.97,206.21,206.46,212.02,218.00,216.13,214.77,211.21,202.23,198.16,187.45,176.66,169.01,155.43,135.83,131.93,120.50,113.16,103.25,97.95,87.92,85.09,77.88,72.14,72.01,63.13,54.41,38.83,28.44,15.52,10.00,3.16,10.20,11.18
119.50,131.52,140.36,147.96,159.48,167.26,172.33,185.92,190.08,198.80,203.10,208.43,212.40,217.71,221.47,227.20,228.88,232.13,238.92,239.21,244.40,249.83,254.95,256.30,260.10,265.15,263.60,259.52,258.66,254.91,249.24,243.52,237.65,232.59,226.72,221.42,216.16,211.63,203.60,200.74,195.24,188.47,183.58,177.49,173.57,166.72,159.33,151.03,143.68,134.73,126.91,113.00
120.34,132.20,138.61,151.61,162.37,172.41,179.00,192.57,199.18,205.68,213.68,219.42,226.15,230.02,232.00,239.03,240.66,246.29,250.70,250.40,256.83,261.19,265.85,264.97,269.46,271.67,269.88,261.31,261.98,254.57,249.02,244.57,235.51,230.56,222.47,218.69,211.68,205.43,201.64,194.43,189.76,182.54,177.12,172.17,168.18,160.46,153.03,144.59,136.62,128.41,120.07,107.62
119.75,131.59,138.23,151.82,160.24,172.57,177.05,192.57,202.30,210.54,214.97,225.11,231.16,233.26,237.77,245.54,248.92,254.54,258.32,259.82,260.65,267.30,272.13,272.46,273.93,276.33,274.18,265.84,266.60,257.61,254.24,245.23,237.47,232.82,225.88,220.51,213.68,207.99,201.64,197.52,193.23,184.02,178.07,169.50,165.65,157.08,148.07,140.01,132.85,125.06,115.87,105.76
118.19,132.03,137.32,147.41,153.69,159.45,161.48,164.00,158.26,159.06,158.22,155.21,155.54,158.40,156.98,159.18,159.66,162.43,164.35,161.91,168.76,168.58,177.07,181.04,179.78,180.28,178.76,175.26,167.76,163.69,163.37,157.19,147.41,144.51,141.23,137.08,131.97,127.42,122.58,122.33,118.21,116.18,110.77,107.42,102.65,95.71,89.05,83.53,78.24,72.03,61.98,52.80
127.95,141.17,147.87,158.27,164.47,173.68,176.65,177.13,176.83,174.87,174.27,175.93,170.99,172.47,172.33,174.15,177.89,181.65,183.85,179.36,184.61,188.82,192.80,191.02,193.16,195.48,190.68,185.40,182.28,177.42,171.07,164.22,152.74,152.12,144.55,140.00,133.93,126.57,125.21,124.35,120.22,114.35,113.46,108.00,105.00,95.43,89.82,83.01,76.69,68.95,60.03,52.20
115.75,130.15,138.44,148.96,154.80,161.62,166.90,166.41,168.29,169.09,168.08,169.06,170.47,172.56,173.97,176.15,178.55,180.95,185.07,186.56,194.00,196.37,201.12,204.41,205.30,204.88,204.09,201.16,201.34,190.28,186.12,181.18,172.12,167.73,161.94,154.83,151.01,148.22,144.54,142.04,137.24,133.27,127.91,123.26,118.11,110.80,105.00,97.02,90.48,85.00,74.43,67.27
127.88,141.09,151.38,162.25,168.32,178.72,185.83,188.96,190.07,195.51,195.02,196.22,197.63,198.25,199.42,202.00,207.02,211.46,214.41,213.28,220.17,228.84,234.78,236.76,238.56,238.19,236.08,231.20,224.27,216.98,212.60,202.24,190.43,185.54,179.28,173.08,168.00,163.93,157.70,150.85,148.98,142.84,137.38,134.84,130.00,119.04,110.86,102.26,98.11,90.21,79.31,68.88
108.02,119.42,128.23,136.34,147.09,157.81,164.50,169.85,172.71,176.69,182.24,183.00,185.40,191.31,192.08,198.88,198.82,204.31,209.03,211.47,218.66,224.37,228.48,232.43,233.14,231.03,234.47,227.42,222.39,216.15,212.25,206.70,195.00,189.76,182.22,177.75,173.42,167.71,165.39,158.53,155.68,149.24,142.71,135.33,133.09,125.21,114.93,107.47,99.72,92.42,85.44,74.33
100.22,114.11,122.12,134.21,141.83,150.60,157.85,165.71,169.07,173.53,177.37,179.85,185.22,186.68,188.31,195.24,197.73,202.32,207.97,208.86,214.58,216.54,224.59,225.49,227.77,230.05,228.64,219.75,217.85,215.24,207.33,200.12,193.05,189.17,184.00,175.96,170.58,163.13,161.55,157.41,153.44,144.03,141.60,136.00,131.47,120.55,114.87,104.62,99.25,91.66,81.88,71.84
105.26,119.11,126.59,138.23,147.41,156.73,162.44,175.39,178.13,183.64,184.84,190.52,194.47,199.53,199.65,206.87,207.74,212.56,218.58,215.68,224.20,235.26,236.24,235.82,240.93,242.01,242.51,236.19,234.88,230.17,223.08,215.13,205.46,203.49,192.98,188.38,182.50,173.36,172.25,169.58,164.07,151.85,150.08,142.44,138.45,128.25,119.33,109.93,104.48,96.93,86.15,77.49
89.87,103.12,114.63,124.26,133.60,148.22,152.61,162.98,165.60,173.67,180.42,184.17,187.88,193.66,198.34,203.30,206.70,213.19,220.88,220.87,229.02,235.14,241.46,243.94,248.04,246.91,248.85,243.84,243.53,234.61,230.71,223.79,214.71,207.80,200.26,195.90,190.97,182.51,179.61,171.61,168.32,160.86,152.46,145.42,138.75,131.21,123.08,112.16,106.10,96.88,88.39,79.06
82.42,95.19,105.08,114.69,125.00,135.00,144.10,155.68,158.32,165.08,171.48,176.71,180.27,186.12,188.83,193.77,200.39,204.53,211.22,215.82,225.20,228.84,236.32,239.91,245.45,245.97,244.63,242.85,239.01,233.91,231.14,225.28,215.67,208.43,202.23,196.73,190.55,186.13,181.47,173.98,170.42,162.69,154.03,146.18,141.91,131.32,122.02,113.53,105.12,97.16,85.44,77.20
91.00,106.12,115.38,127.78,138.88,150.85,159.21,170.85,174.35,183.52,186.82,194.25,200.57,204.16,207.63,214.01,219.72,225.50,233.03,231.82,243.32,251.08,257.32,262.61,267.06,268.04,269.54,265.83,262.41,257.24,252.98,243.18,237.08,231.09,224.64,215.76,209.38,202.23,197.69,191.85,186.45,177.54,170.24,161.92,155.43,143.96,134.13,124.45,118.43,107.20,96.05,84.72
100.80,114.34,125.93,139.27,152.27,161.41,170.56,184.66,190.18,196.57,201.06,208.08,211.78,218.39,220.74,229.69,235.83,243.26,251.29,249.90,260.32,269.05,275.54,281.47,283.98,286.40,290.17,281.57,279.29,275.59,268.78,258.27,248.57,246.42,238.10,229.61,221.88,213.36,207.97,205.73,197.65,185.52,181.21,171.33,165.08,151.33,140.46,132.32,124.42,113.60,102.59,91.07
99.46,113.27,124.04,136.21,146.32,157.69,164.13,179.33,181.66,188.57,193.21,197.34,203.06,205.22,211.15,217.33,221.33,228.79,234.34,234.96,242.55,251.44,260.35,260.89,266.06,266.05,266.05,261.64,259.31,255.36,248.03,241.35,229.94,229.71,220.41,213.40,205.14,198.16,192.57,188.22,182.92,172.68,166.60,158.24,153.22,141.36,131.38,123.18,116.73,108.25,97.49,86.83
112.54,126.13,138.85,150.24,164.14,174.18,181.65,196.17,198.12,205.77,208.12,214.66,220.00,220.06,222.04,230.87,235.76,245.74,249.78,249.73,258.52,269.61,276.35,280.71,283.56,289.29,292.48,287.72,284.61,283.57,276.80,264.02,255.31,252.69,246.22,237.44,227.85,218.45,212.08,209.98,202.43,191.95,183.10,174.04,168.77,153.95,146.89,137.59,129.85,119.64,108.26,96.40
106.37,119.40,131.61,142.28,153.01,164.05,170.70,184.23,187.02,192.75,195.24,200.12,205.52,209.61,209.10,218.06,221.92,229.58,233.62,236.25,242.16,252.05,257.99,263.97,266.44,269.74,271.53,265.35,264.52,259.42,252.56,245.15,233.98,229.72,220.84,214.44,205.88,196.00,191.91,185.04,180.43,168.50,162.51,154.87,150.71,137.03,128.41,120.74,115.10,108.90,95.51,86.45
122.09,137.71,148.22,161.01,174.20,186.76,193.98,207.78,212.06,217.26,224.40,228.35,233.00,236.91,239.30,246.81,250.00,257.78,261.49,267.00,273.51,281.47,287.37,292.16,294.38,295.13,293.21,292.02,288.47,278.54,275.86,266.00,251.29,242.86,233.62,227.37,217.55,208.54,203.89,193.21,186.27,178.21,169.50,162.73,155.31,145.25,137.77,128.72,121.33,110.11,101.59,91.92
117.44,135.51,146.28,156.37,167.76,180.68,182.89,197.52,204.01,208.43,213.04,217.57,224.20,223.90,226.42,235.14,240.52,248.81,251.34,253.95,260.28,267.46,275.27,275.77,277.95,282.21,282.48,274.43,272.61,265.75,259.12,245.18,231.85,229.51,219.51,212.31,200.80,190.41,184.95,179.90,172.80,162.34,153.52,149.38,143.10,130.97,125.25,115.66,109.88,103.10,94.41,83.87
124.62,142.37,153.60,164.98,177.55,189.08,197.09,207.08,213.04,217.82,221.92,227.17,230.36,235.92,238.30,245.94,248.39,255.52,259.62,262.37,269.76,275.90,280.23,284.89,287.00,289.43,284.38,279.54,276.59,266.61,261.22,247.68,231.26,223.91,212.94,205.77,197.04,190.54,182.99,171.47,164.51,158.15,147.87,141.87,135.65,128.13,120.77,113.90,106.00,97.16,93.39,81.54
131.37,149.79,161.61,174.10,184.84,197.67,206.16,216.02,223.95,228.88,234.04,240.67,242.40,247.62,250.35,259.12,261.19,268.29,271.14,276.22,284.18,290.42,291.81,297.83,298.99,301.47,293.60,286.14,278.52,269.81,262.25,246.02,226.11,217.37,204.92,193.20,183.02,173.53,167.61,156.73,148.61,138.84,132.94,126.61,121.66,113.14,107.17,100.90,93.02,89.20,82.01,73.16
126.19,140.58,152.97,166.90,175.29,188.32,195.94,205.76,213.00,216.33,220.48,226.00,229.01,232.11,233.94,240.64,245.37,252.80,255.00,259.05,264.37,270.74,273.44,278.00,278.09,282.00,273.43,263.89,258.71,250.83,242.30,227.88,207.63,203.49,192.28,177.60,167.89,156.92,152.20,142.94,135.92,124.26,121.20,114.76,111.00,101.02,95.48,89.31,83.93,79.43,73.11,64.85
138.06,153.39,168.07,179.07,190.80,204.13,210.75,220.13,225.72,232.81,237.69,243.51,244.71,248.85,253.03,255.15,262.27,267.20,273.36,275.05,279.11,285.59,289.93,291.22,293.51,292.36,283.71,278.99,270.75,263.76,254.07,237.70,222.19,210.95,199.55,188.53,176.18,168.22,157.01,147.00,141.43,131.53,122.70,117.99,114.59,105.00,99.41,94.37,88.64,83.10,77.90,70.41
144.46,163.00,177.49,188.53,202.31,216.48,221.05,231.89,236.91,245.45,248.27,254.10,256.13,262.10,264.75,269.44,274.22,281.81,284.92,286.93,291.67,300.33,300.73,306.18,305.64,304.38,298.02,290.37,285.52,273.30,264.09,247.64,229.68,217.08,205.22,194.24,182.63,173.97,161.72,150.79,145.07,135.24,125.90,118.60,115.00,107.20,101.24,96.51,90.27,85.07,77.80,71.85
139.61,155.57,169.54,181.80,192.21,203.53,210.88,221.78,227.30,236.17,238.17,242.40,246.63,249.69,252.05,257.41,261.22,267.48,274.31,275.12,280.87,285.95,288.77,292.02,291.01,294.45,286.75,274.59,267.00,259.83,246.72,233.86,212.64,207.51,193.00,178.21,165.30,156.26,145.52,135.62,129.31,116.18,111.89,105.39,100.42,93.62,88.65,83.05,79.40,75.80,70.71,61.72
138.60,156.54,168.19,182.89,192.35,206.21,210.30,220.66,227.02,232.23,235.97,242.42,246.08,249.38,251.02,257.09,260.77,268.36,269.52,275.12,279.31,285.60,283.98,290.41,292.10,288.39,281.16,272.43,266.99,256.28,250.12,233.38,216.02,202.94,189.42,180.25,169.40,158.40,148.60,134.24,126.87,120.42,111.04,104.81,99.33,94.20,88.62,85.48,78.16,73.11,69.43,63.53
139.13,156.68,170.67,182.43,193.46,204.60,213.04,222.95,228.59,233.95,239.06,244.74,248.62,250.26,253.05,257.39,265.05,271.46,277.25,274.36,278.61,284.30,286.88,288.00,288.53,289.04,279.82,270.87,263.30,258.04,244.53,229.68,208.47,199.61,188.28,173.68,159.14,148.22,136.69,127.12,118.00,106.68,102.08,95.52,92.36,83.87,76.69,74.79,71.84,67.19,63.79,55.95
140.00,157.70,170.07,181.84,194.99,205.94,213.78,223.97,230.26,234.67,239.58,244.99,247.43,250.69,254.53,259.65,265.00,268.99,273.36,274.77,279.30,283.13,284.56,289.39,288.43,286.57,277.42,270.68,262.39,251.79,243.32,227.71,207.66,194.43,181.91,168.96,158.08,146.66,135.86,123.49,115.00,107.80,96.88,91.05,87.32,81.02,77.10,72.69,69.26,64.88,61.62,55.47
149.40,167.30,176.11,191.23,204.90,218.39,223.40,235.57,237.86,242.61,248.31,252.19,255.78,261.54,260.68,268.83,271.82,275.87,279.20,280.50,284.86,290.87,291.78,293.79,295.30,290.62,283.81,278.29,270.28,258.16,250.71,237.13,220.48,207.87,199.75,188.72,178.76,170.24,160.51,149.00,140.46,134.36,120.65,116.25,110.17,101.51,95.41,89.20,83.19,76.69,72.69,66.19
154.30,169.76,182.48,197.61,208.78,222.85,230.20,238.45,244.59,251.07,256.12,258.96,263.90,266.81,270.60,277.22,280.14,285.59,288.77,290.11,292.62,298.08,299.90,299.11,301.76,298.52,289.52,279.89,272.64,262.21,251.72,236.48,215.23,204.24,190.18,175.51,163.23,152.40,138.50,122.98,114.40,106.22,93.65,88.54,83.49,80.36,75.80,74.25,69.12,63.89,61.03,57.57
147.34,164.55,176.34,189.84,199.69,215.87,221.82,230.02,233.85,240.20,244.01,249.58,253.31,256.82,258.63,264.83,263.32,272.38,274.26,274.13,278.35,282.46,283.03,283.99,283.23,281.80,273.07,262.61,256.13,245.40,237.17,221.74,203.49,189.93,177.87,161.99,151.25,140.00,126.75,112.36,104.81,97.95,85.91,82.37,77.79,74.17,71.17,68.00,63.66,60.46,56.92,53.08
153.83,172.24,184.33,199.25,209.68,223.66,229.61,241.60,245.96,250.78,255.03,259.36,261.45,264.36,265.35,271.67,273.26,280.71,280.96,280.26,282.06,285.05,286.30,284.43,284.03,286.40,277.02,264.26,258.31,251.28,238.85,222.41,202.89,195.49,181.34,171.13,157.81,145.24,134.83,125.36,115.95,100.08,96.75,90.25,85.43,76.38,74.06,70.26,69.43,68.03,63.56,58.18
160.61,181.32,193.06,207.62,218.72,232.01,242.42,251.80,255.86,261.61,265.80,268.34,272.84,275.07,274.93,279.96,283.67,286.25,290.01,289.21,288.01,293.44,294.43,291.58,294.34,289.70,280.03,272.89,264.44,255.16,241.14,227.42,206.94,195.01,182.78,169.25,158.11,149.86,136.80,123.71,113.60,106.04,95.48,91.21,85.48,79.25,77.01,72.18,71.51,68.10,65.07,60.54
153.64,171.19,182.49,193.26,207.89,222.00,229.34,236.78,240.52,243.85,248.60,252.34,254.28,253.78,253.93,256.76,259.33,261.62,264.02,262.98,262.29,265.84,268.04,269.01,266.31,261.94,254.59,244.61,237.12,227.14,219.13,202.16,181.80,170.85,155.16,144.53,136.40,124.06,116.73,105.12,95.67,91.35,78.82,76.48,72.45,71.02,66.01,63.51,61.40,59.51,59.82,53.41
168.39,190.37,201.00,214.85,226.00,241.92,248.24,255.78,259.14,263.97,266.18,270.17,273.12,274.78,274.97,278.13,278.55,284.40,282.08,281.46,282.42,286.42,287.01,285.87,286.80,281.15,266.79,259.49,251.51,240.35,229.40,214.02,187.54,177.23,161.55,150.75,138.11,127.01,116.40,101.83,92.70,88.73,77.94,72.42,68.03,68.48,63.78,62.61,58.55,57.07,56.94,53.01
165.08,184.76,195.00,209.76,221.43,234.87,241.87,249.58,253.16,259.13,260.68,263.18,267.73,264.50,265.82,268.67,271.14,275.19,276.83,273.00,271.58,274.45,278.92,274.53,273.99,272.12,262.00,247.89,242.74,233.24,219.06,205.12,180.28,174.94,159.93,148.82,134.83,125.25,113.77,105.02,96.88,86.65,83.19,75.80,74.25,69.32,66.48,64.38,64.50,63.91,58.67,54.45
166.11,185.00,196.12,211.52,221.42,235.37,242.01,249.27,252.98,258.17,259.05,263.01,265.20,263.27,262.35,266.48,269.24,272.40,272.28,268.60,267.54,270.45,273.12,269.42,269.16,265.27,254.59,242.26,232.56,223.95,209.27,192.04,170.10,159.01,146.10,132.14,119.08,109.79,100.62,91.14,84.38,75.58,72.50,66.89,64.54,59.08,53.23,52.50,52.47,53.08,50.01,45.19
172.71,192.63,206.16,219.54,230.85,245.42,251.91,261.51,264.61,266.18,268.00,272.81,274.46,273.65,273.00,277.02,277.68,283.58,283.57,280.03,279.29,280.94,281.40,281.43,281.22,275.26,260.45,248.20,241.30,227.26,215.68,198.44,172.59,162.83,145.77,133.20,123.15,112.54,102.84,90.62,84.22,77.99,70.72,65.00,62.65,58.94,54.45,52.01,50.16,51.66,47.01,45.80
172.41,190.76,201.96,217.18,230.01,241.42,249.06,255.20,258.79,261.96,264.85,265.91,271.01,268.52,268.73,270.30,271.01,272.97,274.64,272.47,269.48,272.74,271.96,270.56,268.04,261.95,247.63,236.91,227.11,214.28,201.61,187.64,163.05,147.73,134.50,124.40,113.53,103.59,96.88,85.00,80.08,75.11,66.71,61.33,57.20,52.70,49.40,46.87,44.00,41.98,43.46,40.46
137.54,153.81,169.31,179.89,190.97,201.72,210.00,218.51,221.50,224.88,232.21,233.03,235.03,233.94,233.48,234.92,236.22,238.25,236.60,235.14,234.61,234.21,240.68,236.22,235.79,235.72,227.56,223.95,216.45,211.81,201.79,194.67,177.90,170.60,157.99,148.41,141.45,133.84,126.04,117.69,113.70,107.87,101.92,98.35,94.92,90.21,89.00,86.09,86.28,84.97,82.73,75.82
178.40,197.25,209.86,224.27,236.48,250.69,256.73,263.73,266.48,269.98,273.18,275.97,277.20,276.66,273.65,276.03,277.26,281.10,280.56,278.06,273.38,275.57,274.71,271.12,266.79,262.19,246.33,231.46,219.17,205.97,188.94,171.41,146.39,137.01,124.92,112.87,100.84,94.87,86.95,80.81,75.00,64.26,62.37,58.03,51.79,46.65,40.61,35.47,35.23,34.48,29.15,28.44
165.65,183.52,196.00,211.01,220.59,233.50,239.64,244.46,248.34,249.78,253.87,254.62,255.52,253.43,253.81,256.33,256.54,257.11,259.94,252.53,248.70,247.91,249.10,245.00,240.44,235.72,220.17,203.09,194.16,181.66,166.05,150.92,129.25,120.42,107.65,100.32,89.63,84.00,76.49,70.58,65.86,59.41,55.61,51.48,47.13,39.12,34.06,30.41,30.36,30.46,27.73,26.63
163.05,181.66,192.27,206.29,218.28,229.46,235.05,242.89,244.83,247.07,250.15,250.00,253.12,249.62,246.95,249.07,252.42,253.45,252.14,248.73,244.50,245.08,244.32,241.13,238.16,229.40,213.01,199.28,188.22,177.87,164.94,149.46,126.24,114.27,104.31,96.05,87.21,82.10,77.08,65.00,60.90,58.52,50.64,48.01,44.55,41.79,34.48,32.45,31.40,30.48,29.21,28.65
175.60,198.13,210.24,222.58,233.42,247.34,253.94,259.11,262.07,264.85,267.37,267.44,271.44,267.53,265.92,267.17,266.75,270.38,269.90,264.64,260.31,260.12,260.54,254.03,252.13,242.17,226.07,212.98,199.54,185.91,171.68,159.42,132.38,123.98,111.40,103.23,95.52,89.56,81.05,70.77,68.24,62.63,55.01,51.92,47.01,42.72,38.28,34.66,34.71,34.67,35.17,33.02
166.09,184.20,196.98,207.97,217.83,231.22,235.55,242.59,245.00,249.18,251.79,251.75,253.14,250.86,250.39,251.70,249.48,253.00,251.86,248.67,244.03,247.89,246.13,241.46,239.73,230.79,216.06,203.57,195.62,184.11,173.07,159.18,138.05,125.54,115.66,107.49,100.72,94.56,87.28,78.64,72.73,67.12,60.11,56.61,54.13,53.08,48.51,47.13,46.07,45.34,44.65,42.45
170.43,186.70,199.01,212.85,224.24,236.58,242.24,247.62,249.26,253.34,256.46,257.62,256.74,254.95,254.00,256.56,257.13,260.77,259.33,254.56,251.44,252.23,252.20,247.39,246.42,237.70,224.51,210.32,201.25,188.90,176.23,160.59,139.94,129.97,119.71,111.65,102.88,97.05,89.20,80.81,77.52,70.94,65.62,63.01,59.84,60.37,58.41,55.23,53.34,52.81,52.15,49.48
189.21,208.15,221.58,236.02,250.84,263.21,268.89,275.23,277.97,280.07,284.29,285.67,284.89,281.62,279.15,284.83,285.52,288.53,285.07,281.55,275.94,278.04,275.94,274.48,270.74,263.10,246.73,231.46,222.08,208.87,195.72,177.25,155.60,143.78,132.77,123.02,114.27,106.25,98.88,91.05,85.70,79.06,73.16,69.12,66.37,66.61,63.25,61.29,58.14,59.03,56.82,52.95
184.61,205.04,216.00,229.31,240.60,255.98,259.59,266.33,267.43,268.78,270.93,269.92,269.87,267.08,262.41,266.44,262.80,265.00,262.19,259.48,251.98,255.16,253.65,249.16,242.54,234.96,220.04,208.68,197.73,185.15,175.07,160.21,135.09,126.85,118.34,110.31,100.34,93.96,86.01,79.70,73.06,67.21,61.77,57.57,54.04,51.24,47.71,45.97,42.19,38.60,41.01,38.90
183.22,203.49,214.13,229.53,239.02,253.50,257.69,263.23,263.80,265.86,264.71,263.23,264.37,260.86,258.12,259.36,257.10,261.09,256.89,253.34,246.94,248.60,245.07,244.25,237.76,231.35,213.79,205.55,192.32,180.89,172.43,155.86,134.97,125.00,113.70,108.00,98.68,91.44,86.15,78.55,73.01,67.80,62.17,54.13,52.01,47.42,43.01,41.73,40.82,39.85,38.05,36.40
189.45,207.18,218.39,229.92,242.10,255.52,259.70,262.84,262.64,267.15,263.54,265.28,264.76,260.20,257.34,258.50,256.01,258.43,253.20,250.14,242.74,247.11,241.01,237.53,234.29,229.79,214.84,200.41,192.48,181.25,167.73,153.85,135.19,128.10,118.27,112.00,99.32,91.68,85.71,80.95,75.66,61.72,60.53,54.92,48.76,42.01,37.70,41.79,48.76,56.40,47.51,34.01
174.61,190.87,203.59,215.08,225.18,237.19,242.25,245.10,242.64,246.29,246.68,244.09,243.82,241.25,238.38,238.65,237.07,238.55,234.48,230.63,223.09,226.13,222.61,218.45,217.83,208.24,195.06,185.88,175.28,164.37,154.43,142.34,124.17,114.14,107.19,100.00,94.34,87.14,79.40,70.80,67.20,61.35,53.01,48.08,43.83,41.34,36.14,39.29,45.61,52.20,44.20,29.55
177.07,195.06,206.47,217.55,229.17,241.30,244.62,245.52,246.62,247.59,247.78,246.09,246.71,242.37,238.19,239.43,234.04,238.52,233.44,232.04,225.01,224.74,222.73,220.62,218.69,208.79,195.01,186.13,174.96,163.88,156.20,141.83,127.02,117.15,107.97,100.96,94.40,88.26,80.01,72.11,66.61,62.63,54.42,49.16,44.15,38.60,33.60,31.38,28.46,28.28,25.50,27.29
175.51,193.49,202.92,215.00,225.08,236.91,241.96,242.79,241.75,242.86,243.79,242.07,242.64,237.08,232.00,233.09,230.49,231.10,229.71,224.24,218.52,217.82,219.26,213.28,211.38,202.61,188.81,178.07,169.19,161.01,149.77,137.57,122.09,112.41,105.21,99.30,90.02,84.77,79.32,70.94,65.92,59.08,54.13,47.85,42.43,35.47,29.43,26.02,25.18,26.57,23.32,21.26
183.85,203.18,211.00,226.64,236.19,247.46,252.24,255.25,249.80,252.17,252.72,249.09,250.22,244.32,242.84,241.05,238.65,239.55,237.08,229.61,223.57,222.62,220.93,218.75,216.26,205.68,192.90,182.86,174.81,161.99,157.20,140.92,125.32,115.39,107.06,100.28,93.48,87.78,82.49,73.25,68.03,63.25,55.22,49.68,43.08,35.01,29.43,25.30,21.93,21.47,21.26,20.25
170.45,187.00,195.02,210.68,218.25,228.97,232.79,234.14,231.04,232.73,227.02,229.14,227.68,223.01,216.64,215.14,213.06,214.84,213.25,205.88,199.06,199.47,196.57,193.22,189.99,185.15,171.98,162.36,154.69,144.05,135.35,123.97,110.16,104.62,99.76,92.13,82.57,76.11,71.78,68.41,64.20,55.15,52.15,43.57,40.72,31.14,25.81,20.59,17.09,14.56,18.03,18.03
181.23,200.35,207.76,224.54,230.05,245.72,247.82,248.65,245.54,245.96,241.57,241.07,241.37,237.45,230.73,230.59,225.80,226.01,226.06,218.76,209.98,210.39,208.39,202.81,200.00,195.65,181.25,172.41,162.12,151.16,143.06,132.00,117.61,109.04,102.04,96.54,87.92,81.93,77.41,69.23,67.23,58.05,52.20,47.01,42.43,31.62,24.60,18.87,18.36,17.20,15.00,15.56
172.03,185.31,199.55,207.04,217.17,222.73,224.59,228.54,227.26,225.83,216.84,216.21,218.45,221.17,213.04,212.55,210.41,209.40,202.03,194.14,191.00,186.12,186.42,181.41,179.39,170.07,157.05,150.42,141.01,136.88,130.25,114.48,104.86,99.72,93.26,85.87,78.52,73.79,69.18,65.80,63.25,55.00,51.42,46.27,39.40,29.41,25.08,20.22,15.13,11.40,13.93,13.89
181.29,199.88,209.94,221.62,233.42,244.52,247.42,248.81,244.48,247.82,242.89,240.57,240.16,232.26,232.00,229.37,225.60,224.52,222.00,216.31,208.59,206.53,203.06,199.58,196.31,189.21,177.02,165.95,160.53,149.88,141.35,133.15,115.38,107.70,101.49,94.43,89.11,83.19,77.41,70.09,64.07,58.60,51.24,45.10,38.48,28.02,21.19,16.28,11.40,13.00,12.17,11.05
175.39,196.06,215.81,206.86,222.00,225.62,243.74,248.20,240.05,238.92,243.21,229.58,236.00,229.92,221.81,225.64,220.49,221.00,213.14,211.23,204.30,201.30,199.45,194.15,190.69,179.95,169.25,163.22,155.21,144.84,138.09,126.46,112.87,103.94,98.15,93.47,88.41,80.96,76.66,68.66,63.81,59.20,49.65,44.01,39.56,25.61,22.14,15.03,11.05,8.94,7.28,10.20
174.05,194.59,203.67,214.11,222.00,233.15,236.76,237.93,237.36,233.62,232.40,228.54,226.53,223.02,216.37,214.23,213.18,210.24,203.69,198.01,193.00,189.28,187.75,186.19,182.72,175.87,161.04,150.66,144.22,137.99,132.28,118.73,105.04,101.92,93.81,90.27,80.99,76.11,71.57,67.74,62.37,54.78,50.36,42.76,38.01,25.06,18.25,11.05,8.00,6.08,8.49,8.49
66.21,74.03,78.00,85.80,95.29,102.26,109.49,118.83,126.76,134.85,143.09,147.36,151.72,158.55,162.34,167.84,174.07,176.82,186.59,190.22,202.71,203.63,215.03,222.31,226.02,235.08,242.99,243.07,244.48,244.71,243.74,242.62,246.64,246.38,246.07,243.82,239.89,238.40,237.51,234.02,231.16,226.35,224.29,220.27,215.52,212.08,204.96,195.06,187.88,177.00,166.69,153.15
174.77,193.40,203.59,215.23,221.38,232.48,237.17,233.48,230.59,234.54,230.64,227.98,222.69,219.79,213.82,208.63,208.06,200.72,200.82,196.42,184.68,188.10,183.10,177.61,172.04,168.34,152.53,148.07,143.27,135.18,127.14,118.07,107.20,98.27,93.19,87.62,81.74,77.10,71.59,65.05,60.93,57.04,47.76,44.20,37.59,25.71,20.25,12.81,6.40,4.00,3.16,7.28
171.96,189.93,200.26,213.33,220.38,227.86,234.96,232.85,228.44,230.56,226.64,224.93,220.04,216.82,207.88,207.12,204.50,199.62,195.73,192.40,182.63,185.18,178.62,173.28,167.36,164.83,149.57,142.87,139.09,131.82,124.62,115.04,99.70,100.65,88.68,91.92,78.39,73.55,68.54,66.03,61.03,51.40,47.17,41.98,37.48,23.35,17.20,10.82,7.62,4.24,6.71,8.60
159.35,175.55,185.65,196.57,203.33,214.98,217.19,214.39,210.12,208.34,206.58,202.06,200.86,192.61,188.10,186.27,180.00,176.47,176.96,169.29,161.38,159.25,158.65,154.21,148.50,144.13,136.00,127.35,123.00,115.62,107.71,98.27,89.49,85.05,77.88,76.55,70.43,65.92,63.01,59.48,56.61,47.20,46.49,39.05,36.40,23.60,18.97,13.04,9.22,7.00,6.40,8.60
173.25,192.60,203.20,215.19,225.02,231.56,237.13,235.64,233.66,234.76,230.08,228.37,225.41,219.40,214.17,213.12,211.28,208.72,202.63,195.89,186.27,184.49,181.47,179.18,173.37,167.00,153.69,147.80,139.86,133.09,125.57,116.50,102.46,94.00,89.19,85.21,80.80,73.74,70.06,61.03,58.60,54.41,46.57,40.01,36.40,25.00,19.65,11.00,6.08,5.00,6.32,8.60
174.41,193.58,204.48,214.67,224.29,236.09,238.84,238.61,236.78,237.54,231.95,227.13,230.01,224.16,217.41,214.67,211.46,212.82,204.73,200.12,191.91,187.96,184.02,180.24,176.82,168.57,158.90,151.82,144.26,134.18,128.27,119.22,106.15,96.38,90.03,86.21,82.08,76.22,71.61,63.32,58.03,54.08,45.00,41.40,35.17,24.04,18.87,12.21,3.61,5.00,6.71,9.22
165.68,182.43,193.13,204.94,211.59,222.77,226.28,226.56,225.28,222.97,220.62,220.49,215.67,210.15,205.19,203.49,200.14,198.34,194.49,187.32,179.78,174.14,176.47,167.72,165.87,159.14,149.80,139.52,130.29,124.02,116.48,108.56,97.08,91.01,85.38,80.23,71.06,67.42,63.57,60.13,55.11,47.17,44.55,37.12,32.56,21.19,15.81,10.00,9.90,9.49,9.06,10.20
166.63,190.37,187.55,203.30,207.14,209.98,220.23,223.29,222.61,225.04,220.62,219.72,216.33,212.68,205.01,204.85,199.01,201.31,196.35,190.25,180.50,178.06,179.81,172.79,164.14,161.70,149.05,140.46,131.83,128.32,121.59,108.85,98.60,93.01,88.26,81.15,74.53,67.54,65.76,61.59,55.66,47.01,44.38,37.59,32.53,19.31,13.04,5.10,5.39,2.83,8.60,10.63
166.05,182.51,192.20,204.80,213.84,226.61,227.70,227.43,227.16,227.73,224.96,223.52,221.71,215.23,210.23,206.58,209.09,205.93,198.67,194.61,187.01,183.14,182.41,174.84,174.91,166.19,153.81,146.49,133.99,131.03,122.45,112.29,101.02,96.46,91.83,84.60,77.47,70.04,66.37,62.37,57.78,48.01,47.43,39.05,34.67,21.02,15.23,7.62,7.62,6.32,9.49,12.37
175.57,194.04,206.90,218.36,230.73,241.05,246.68,251.77,250.95,252.69,254.92,250.45,251.37,247.73,245.72,243.58,242.63,243.66,238.53,234.67,223.89,223.11,220.97,215.36,208.33,200.26,184.11,171.42,164.37,154.12,144.14,132.14,113.32,107.28,99.05,93.17,84.17,77.39,71.45,64.50,60.41,51.97,48.26,39.56,34.54,26.83,21.95,20.62,17.89,18.38,21.10,20.52
181.91,201.72,209.40,223.22,232.85,244.35,249.21,253.02,250.84,252.45,249.65,248.21,247.49,243.19,238.21,236.56,234.57,233.36,228.11,224.11,214.76,214.89,213.78,207.97,202.79,195.83,178.83,171.14,161.61,151.08,145.21,132.31,116.11,107.47,101.64,92.44,89.14,80.53,77.10,67.90,62.17,58.14,50.54,41.23,37.22,27.29,19.80,14.21,9.22,8.94,13.04,12.21
180.01,202.97,213.78,225.64,235.16,246.45,249.83,254.02,250.96,252.16,251.91,249.39,246.38,243.58,237.92,238.85,235.48,232.12,231.18,225.61,216.45,215.60,212.36,208.06,200.34,197.23,182.06,170.66,161.01,153.01,142.64,133.96,117.04,108.16,102.34,95.27,85.80,79.31,76.40,68.00,62.23,55.01,50.99,44.05,37.70,26.25,16.55,12.65,12.53,9.22,10.82,14.21
171.98,198.86,211.99,227.38,235.38,246.13,251.54,251.10,251.51,255.27,252.44,253.16,253.94,248.31,247.08,241.51,241.01,239.12,238.82,228.21,221.05,220.66,218.29,216.91,208.28,198.16,185.53,172.17,165.89,159.79,146.54,132.37,116.73,111.95,103.25,95.34,85.01,78.34,73.25,69.53,65.80,52.61,49.03,40.85,36.24,24.17,17.26,12.65,14.56,6.08,16.40,14.76
166.86,195.02,210.05,225.01,234.39,245.18,250.46,251.87,248.81,252.07,250.97,252.29,252.45,248.46,244.74,241.57,239.13,241.22,236.30,227.27,218.16,220.72,215.56,214.83,208.89,199.15,185.10,171.41,162.27,158.47,147.31,132.20,113.46,108.24,100.72,93.02,83.55,76.16,71.01,66.31,62.24,50.54,47.04,40.52,35.61,23.41,18.25,12.04,10.05,7.28,13.15,14.04
181.65,199.11,209.25,223.01,230.63,244.56,249.65,253.30,251.64,253.67,252.44,250.11,250.35,246.42,245.28,242.89,239.48,243.10,238.32,233.82,228.65,225.14,224.24,221.93,214.83,207.85,189.41,175.73,167.45,157.00,148.49,131.23,114.56,107.12,98.90,91.22,82.76,74.33,70.21,65.60,59.91,47.30,46.53,39.82,33.97,19.24,13.00,7.07,7.28,9.85,13.60,15.03
172.80,189.84,202.20,213.08,223.79,235.65,240.60,244.27,243.91,245.51,243.58,244.05,243.82,241.01,239.83,234.97,237.05,236.68,236.03,228.81,219.58,220.84,221.78,213.66,208.97,198.12,185.43,172.25,163.48,152.27,138.60,124.28,108.93,102.18,91.71,85.59,80.06,71.70,64.03,60.75,57.49,47.13,44.01,38.28,32.02,18.79,12.17,6.32,5.83,8.49,12.81,13.89
186.90,207.27,219.27,234.16,244.61,256.54,265.57,265.93,267.13,269.21,272.42,269.27,270.91,265.75,265.63,265.17,266.84,266.33,262.43,255.57,247.70,250.05,247.26,243.28,237.70,224.88,205.01,197.10,184.62,172.28,160.70,146.12,125.10,116.25,105.85,100.69,94.07,87.98,81.93,72.44,68.12,65.52,55.07,48.84,42.20,31.05,24.00,16.28,8.25,5.39,6.08,10.77
193.09,215.47,222.93,240.71,252.19,263.05,268.48,274.16,273.99,276.13,278.44,280.20,281.45,278.93,274.51,276.74,275.57,277.84,276.31,267.99,261.69,261.01,261.40,255.34,247.89,243.26,223.37,207.47,196.90,184.74,170.70,153.18,134.54,127.62,114.98,107.17,97.08,91.02,83.01,80.41,73.44,62.59,59.54,51.62,44.42,29.43,20.02,15.52,13.04,14.32,19.42,22.09
179.18,196.54,209.75,221.42,232.09,245.22,250.32,255.38,257.39,259.92,257.18,256.10,257.33,255.64,252.56,253.80,251.41,251.64,251.37,245.82,236.02,235.79,236.93,228.56,224.52,218.05,198.60,186.90,175.35,163.53,153.00,139.46,119.42,112.61,102.42,97.62,90.92,84.90,79.03,73.25,69.84,61.52,58.31,51.66,45.00,33.54,25.00,17.69,15.62,13.45,13.04,14.21
176.92,196.40,207.74,222.17,230.70,244.01,249.72,253.06,255.95,258.87,258.57,259.92,259.24,256.82,251.31,254.95,251.45,252.12,249.69,245.76,238.76,237.45,236.77,228.43,223.33,221.47,203.00,190.16,177.26,163.38,147.65,134.94,122.09,112.65,106.30,98.39,90.03,83.10,79.06,74.95,71.45,63.81,60.64,54.08,46.57,33.84,27.59,21.26,18.03,15.26,15.62,15.23
163.47,181.53,189.95,204.66,215.68,226.53,229.49,236.24,235.36,237.31,235.95,236.04,237.12,232.94,228.06,231.84,226.99,229.17,225.84,222.93,216.01,215.34,212.85,207.62,206.48,198.52,182.85,174.63,160.61,149.97,144.42,132.10,115.57,108.30,99.25,95.08,88.28,82.00,77.39,72.47,67.07,61.07,55.97,49.20,44.65,35.13,29.61,22.36,17.69,12.04,12.04,12.04
169.81,187.22,197.34,211.00,222.95,234.61,238.30,244.44,246.59,248.94,248.90,248.68,250.42,247.99,245.42,247.63,245.13,247.26,244.52,237.19,233.82,235.93,230.64,228.48,224.72,218.13,199.90,186.95,181.34,166.90,157.20,142.56,120.67,112.49,106.17,98.98,91.66,85.48,81.04,71.02,66.60,63.78,55.04,51.66,46.39,38.05,33.54,29.12,24.35,23.09,23.26,22.20
180.41,199.46,210.11,223.97,235.67,249.48,253.74,258.60,259.47,264.25,266.26,262.55,264.12,261.70,259.94,261.20,262.10,262.16,260.77,253.34,250.84,248.16,251.51,243.82,241.67,230.22,215.34,203.93,194.59,181.40,170.46,156.71,132.62,123.18,115.12,105.19,99.49,92.20,83.57,78.16,71.59,66.71,59.55,53.25,46.49,38.12,32.39,28.16,23.26,22.83,25.00,22.67
176.07,196.89,208.06,220.95,232.78,247.52,252.12,258.12,259.62,261.60,261.90,262.68,264.21,260.49,260.28,262.46,261.08,260.43,260.42,257.26,249.82,250.43,249.63,247.12,241.02,231.58,219.16,207.46,196.76,183.00,171.49,157.00,135.33,123.07,114.06,105.95,98.08,91.24,86.41,75.29,67.80,65.80,55.73,52.01,46.32,39.66,34.71,30.41,25.00,26.40,26.93,26.48
180.28,199.46,209.38,225.16,235.27,249.55,253.14,260.28,263.07,265.14,266.61,266.83,268.11,264.41,261.73,267.17,263.87,265.91,265.29,259.48,254.05,253.46,253.80,250.67,244.84,237.12,223.79,210.28,199.97,185.18,171.94,157.50,135.86,123.46,115.80,108.81,99.05,92.36,84.81,75.80,69.63,64.20,56.80,52.40,47.17,38.33,35.23,30.36,28.30,27.02,28.60,28.79
184.74,201.99,214.36,229.13,241.83,255.07,261.22,270.21,271.94,273.00,277.06,277.78,278.00,275.00,273.59,278.17,276.80,282.14,279.01,273.16,268.00,271.28,270.77,268.76,262.35,252.94,237.12,224.18,211.28,194.99,186.04,167.26,142.64,129.06,120.22,110.57,100.60,94.26,85.59,75.96,71.39,66.01,59.84,54.42,50.12,47.51,43.86,40.22,41.18,40.16,37.34,37.34
169.14,188.32,199.01,213.08,224.02,237.12,242.68,247.42,251.83,254.68,256.16,258.12,262.76,257.00,254.92,258.60,260.60,262.91,259.48,257.70,253.03,254.34,254.85,250.23,245.84,240.19,224.18,209.06,199.72,187.95,171.06,156.97,132.91,124.20,114.42,103.82,92.96,83.55,79.20,73.35,68.31,59.84,55.08,51.62,50.00,46.10,43.05,42.01,39.70,39.12,40.25,36.50
174.01,193.26,205.70,220.24,230.79,243.66,250.05,258.06,257.56,259.79,263.42,266.43,266.83,264.27,263.82,265.93,265.56,271.09,268.43,263.50,260.05,261.69,262.20,259.85,255.86,244.38,230.63,217.08,209.25,194.83,181.21,162.36,137.44,125.40,114.28,105.99,99.40,91.24,83.23,74.24,66.73,65.76,57.01,53.24,50.64,48.38,43.83,42.19,40.00,41.73,40.80,38.08
173.12,190.92,202.37,217.33,228.32,240.52,248.49,254.66,257.61,260.28,261.01,261.84,265.32,264.01,259.25,264.09,266.28,267.38,267.15,262.96,259.12,262.37,260.62,256.89,252.52,247.64,233.77,216.60,205.39,195.26,180.22,163.88,139.53,130.92,117.39,108.81,99.28,91.39,84.17,77.10,70.26,62.82,58.82,53.71,51.97,48.01,44.69,41.73,42.64,44.42,42.05,39.81
157.54,173.74,185.83,197.45,207.16,219.27,225.88,231.68,235.54,238.00,237.26,240.47,241.87,240.57,238.00,242.66,240.69,246.61,246.22,240.75,236.78,239.77,239.06,233.79,232.26,226.11,213.60,200.00,191.21,179.39,164.88,151.33,128.86,121.80,109.34,99.96,89.01,83.49,77.80,70.21,66.73,58.01,55.36,49.93,47.42,44.38,42.00,41.23,42.19,43.19,40.50,38.00
177.20,193.20,206.41,219.92,232.69,246.13,252.51,260.41,263.49,264.85,268.08,270.30,272.39,271.12,269.95,270.28,271.94,275.11,277.02,269.07,267.15,269.33,270.29,265.11,264.00,254.23,238.56,226.72,217.12,205.51,190.28,172.71,147.68,137.31,125.21,113.22,104.39,95.13,87.82,79.91,75.18,67.08,62.20,58.52,55.76,50.77,49.34,47.17,48.51,49.40,46.10,43.66
174.29,194.08,205.38,218.00,230.64,243.03,249.83,257.61,259.01,262.77,264.57,262.09,268.03,266.13,267.20,270.35,266.69,272.30,271.12,267.32,264.92,267.66,265.28,266.00,261.48,251.70,239.93,225.94,215.42,201.80,190.28,174.87,148.10,135.06,125.54,115.31,106.02,98.84,89.99,78.16,74.24,71.31,62.77,56.94,53.41,54.20,53.24,52.20,51.20,51.04,50.01,46.53
174.87,193.35,205.55,220.23,229.68,244.61,248.62,257.45,260.55,261.54,263.61,265.75,268.40,267.48,263.47,270.56,268.78,274.85,273.25,269.05,264.43,267.71,267.66,266.63,259.83,253.16,240.01,224.72,217.35,204.75,189.91,174.54,147.67,140.43,128.74,117.24,106.04,96.43,89.69,83.22,76.49,68.18,65.62,59.67,57.25,53.71,53.60,52.33,52.70,51.08,50.70,47.01
176.62,195.78,206.37,221.36,231.55,244.81,250.93,257.64,261.40,263.83,265.84,267.05,272.41,269.08,265.85,271.49,272.52,276.14,273.65,271.46,265.35,268.87,268.79,264.82,263.06,256.84,242.79,227.88,224.72,211.28,196.82,181.46,158.64,149.88,136.06,126.40,115.52,106.23,98.09,91.27,82.88,75.74,71.34,64.40,61.68,59.03,56.14,56.01,53.37,53.31,53.85,50.93
176.41,195.82,207.20,223.33,237.07,248.91,252.24,259.66,265.45,266.07,268.89,271.15,273.18,270.05,267.42,270.45,273.12,277.09,274.43,272.81,267.76,268.15,270.48,266.18,260.09,258.13,242.89,229.01,219.97,208.85,194.24,176.92,151.48,141.44,131.85,121.59,106.96,100.00,91.59,83.19,79.71,70.61,67.27,62.01,61.20,57.27,52.20,52.33,52.15,50.99,50.25,47.01
178.09,196.70,207.16,220.82,233.23,247.01,251.08,260.28,260.89,265.42,268.78,270.17,272.62,268.90,268.79,272.21,273.03,275.36,276.37,272.09,271.01,270.50,271.22,269.85,263.75,257.22,243.24,232.95,224.12,210.32,199.12,182.96,160.53,148.86,135.59,127.00,117.39,108.69,100.01,88.81,82.86,79.62,69.03,65.51,61.85,58.73,56.40,56.36,52.63,52.01,53.76,49.65
174.73,189.04,202.47,211.87,227.97,243.35,248.79,254.57,257.62,259.52,262.09,262.29,266.56,262.41,260.60,262.47,262.09,266.15,266.90,262.69,260.02,259.62,259.79,254.67,252.86,243.31,232.09,220.86,211.53,198.22,185.42,171.23,150.40,140.63,129.42,117.17,108.78,101.00,92.78,83.87,75.96,72.25,62.82,57.31,52.35,51.24,48.04,48.05,41.68,43.84,46.10,46.01
175.03,196.21,210.05,219.69,233.45,242.16,254.33,260.20,262.41,265.11,268.17,267.93,272.24,268.78,270.13,271.12,269.25,276.48,275.94,271.92,267.90,272.31,271.49,266.18,265.73,258.04,244.63,228.69,222.10,208.25,194.08,176.88,152.35,142.56,130.60,121.43,109.00,103.16,92.91,83.82,77.83,73.55,65.73,62.18,57.38,56.08,55.44,53.34,49.65,48.17,49.65,46.10
180.62,200.59,213.06,228.32,238.61,252.72,259.62,267.64,270.90,273.25,275.79,277.04,282.43,279.63,276.46,280.98,278.54,286.02,281.15,280.11,276.34,276.46,277.32,271.67,269.98,267.81,253.40,233.86,224.14,212.98,197.09,184.05,157.15,149.58,137.20,123.79,113.23,102.96,96.54,89.02,84.85,74.33,72.07,66.61,63.66,57.14,55.54,54.57,52.09,52.47,48.38,46.04
147.03,164.47,176.88,189.24,203.22,212.85,220.97,232.11,236.52,240.07,247.19,248.82,249.70,250.89,250.01,254.12,253.31,255.55,255.88,254.66,254.38,254.80,257.19,255.20,252.54,247.99,236.25,229.94,222.43,211.42,205.38,194.24,176.65,164.47,153.18,143.02,137.24,130.36,122.33,111.22,107.62,104.94,97.27,94.37,92.14,91.71,90.00,87.48,84.43,80.72,80.89,73.41
174.73,194.55,207.30,220.51,233.38,246.46,253.97,260.65,263.40,267.15,267.01,270.38,273.42,273.00,271.97,275.97,275.09,277.95,277.32,273.59,270.56,272.88,271.83,267.92,266.70,260.25,245.59,232.46,223.76,210.67,197.20,181.76,156.92,146.49,135.37,124.68,116.09,108.69,99.05,89.94,86.45,81.63,73.82,67.05,64.94,61.01,55.90,51.24,50.70,50.12,47.51,43.83
179.13,198.59,208.39,223.14,234.09,248.48,254.03,263.97,266.10,269.68,272.66,272.99,275.15,276.05,272.36,278.11,275.18,281.37,279.20,278.96,274.36,275.90,277.35,273.34,272.00,263.64,252.66,241.02,231.49,216.28,204.56,192.01,168.44,158.60,145.88,137.61,128.69,119.20,110.26,101.24,95.90,90.01,82.01,76.92,71.84,66.73,64.20,59.41,55.44,52.81,51.04,46.40
176.92,196.06,205.92,219.31,234.05,246.22,251.05,262.23,263.44,268.31,268.60,269.87,273.65,271.53,270.90,275.51,277.09,281.62,280.81,278.45,271.47,274.07,275.73,271.45,271.54,261.16,247.20,235.75,223.86,211.05,203.18,192.00,165.75,154.56,147.85,136.12,127.77,119.27,112.09,102.08,94.20,90.82,81.06,76.66,73.25,68.43,63.64,58.55,54.56,52.35,49.66,46.17
178.39,196.01,206.83,223.08,233.32,246.46,253.86,260.89,262.57,268.00,269.06,272.37,274.78,272.81,272.52,275.94,275.18,277.71,278.37,277.35,272.06,274.61,274.61,270.05,270.84,265.94,253.44,238.53,234.39,223.02,208.28,195.00,175.93,167.01,155.72,146.93,135.09,129.40,120.10,112.36,107.08,99.08,94.54,87.66,83.01,76.58,72.20,68.35,63.51,59.21,52.20,48.88
170.42,187.42,199.06,213.95,225.00,238.14,242.80,251.09,253.28,258.57,259.65,261.14,263.41,261.63,259.77,265.63,262.67,267.37,265.20,263.97,261.22,262.99,264.76,261.66,259.68,254.33,244.36,234.62,226.29,215.74,204.98,191.98,174.14,163.78,153.58,145.25,138.00,129.40,121.66,112.92,106.37,102.40,94.92,89.31,84.96,81.04,74.01,68.96,62.43,59.41,55.95,50.64
173.61,192.82,199.42,215.60,224.54,240.00,246.16,251.64,253.19,259.92,258.12,261.84,266.09,260.69,261.19,266.17,264.23,268.13,269.53,265.38,262.21,265.81,266.44,264.64,262.15,255.98,246.98,236.14,228.30,218.83,206.48,195.27,178.34,170.43,160.11,151.98,143.22,135.99,127.28,120.50,115.13,105.68,99.70,94.87,91.08,83.29,76.84,73.25,66.60,61.27,59.44,54.33
171.03,190.06,199.72,214.39,228.35,239.71,246.40,252.68,256.11,260.31,262.91,262.01,266.06,266.59,268.13,270.84,271.30,274.57,272.09,270.91,266.60,271.95,271.01,271.40,272.09,262.41,254.01,245.07,235.69,224.12,213.01,200.04,179.00,172.26,160.58,153.81,145.00,139.06,130.39,120.00,115.36,110.45,100.58,98.86,93.34,89.44,85.15,78.60,74.32,69.23,64.78,59.03
171.94,191.23,202.04,215.75,226.92,240.30,248.21,254.24,257.26,261.73,263.43,264.44,269.46,267.24,267.82,271.89,271.65,275.52,274.48,272.24,268.81,273.12,273.94,272.66,272.86,266.10,257.84,243.19,238.67,226.24,214.84,200.82,180.55,176.23,164.35,156.18,144.45,136.49,129.50,124.74,119.21,108.78,106.21,100.00,96.21,89.27,82.30,79.20,75.15,71.34,63.56,59.64
173.36,190.39,201.01,215.23,226.34,237.97,245.49,255.89,256.53,260.54,263.01,263.69,269.28,266.85,265.20,270.12,270.28,274.96,274.77,270.97,269.09,271.88,274.05,271.71,269.67,266.73,258.15,243.53,239.35,228.06,216.02,202.20,183.99,178.19,164.98,157.33,145.80,138.11,130.92,126.24,120.15,110.63,106.68,100.41,97.13,89.01,83.52,79.08,76.22,71.51,65.12,59.77
137.06,152.96,165.87,176.48,189.43,199.28,206.41,215.96,220.87,223.18,229.11,234.96,237.97,234.80,236.58,239.76,241.37,246.27,247.62,246.94,245.72,250.06,254.18,249.60,248.02,251.02,244.30,233.89,228.25,219.78,208.60,203.35,187.22,182.13,171.84,164.34,153.48,146.75,138.92,135.37,131.47,123.63,118.96,113.36,110.57,104.20,100.00,95.71,91.39,86.31,84.72,77.49
171.84,185.83,199.47,212.17,223.83,235.60,243.07,251.03,249.30,255.98,258.28,258.86,265.17,263.21,261.90,266.66,264.36,269.36,270.09,267.64,263.43,268.75,270.05,267.78,267.30,262.38,251.53,241.17,236.56,224.59,212.98,201.91,183.33,176.31,164.13,158.90,147.41,140.01,131.38,126.78,121.76,113.21,106.30,102.08,96.57,94.20,86.41,82.62,76.03,71.78,69.07,61.98
169.94,188.60,201.02,214.65,224.11,238.00,243.39,250.60,253.80,257.31,260.09,259.62,264.44,262.41,261.05,264.17,265.41,269.94,269.64,266.32,261.43,264.97,267.11,264.33,264.32,260.22,249.58,241.08,231.62,221.30,210.61,197.01,181.32,170.58,162.27,154.73,148.07,141.60,133.84,125.51,120.70,113.16,107.56,104.32,99.04,92.14,86.28,82.76,78.41,74.73,65.30,59.48
170.99,188.68,198.84,213.88,227.27,237.53,242.62,248.81,251.81,257.42,260.38,259.08,265.00,261.96,259.67,263.60,263.04,267.42,268.96,264.37,260.45,264.09,267.42,263.80,264.71,258.81,249.93,240.25,233.68,221.38,212.17,197.77,180.04,173.97,164.76,155.65,148.30,140.70,133.42,126.06,120.74,116.21,108.17,101.84,99.20,93.05,89.02,84.12,77.01,72.40,68.25,61.61
169.19,186.87,197.77,210.68,222.25,236.33,245.54,252.34,254.15,257.93,258.63,261.43,263.93,264.19,261.43,268.41,268.02,272.81,272.44,270.78,265.31,269.31,272.12,269.02,269.12,263.49,255.89,244.52,240.15,229.84,217.41,205.73,188.40,181.66,170.66,161.55,152.32,145.17,139.78,131.47,127.48,117.78,113.28,107.79,104.28,98.74,91.76,87.02,85.09,81.06,73.06,65.76
170.06,186.94,200.41,212.51,222.64,235.72,244.72,250.46,251.43,257.99,260.40,262.56,266.87,264.36,262.53,266.41,267.55,272.25,272.00,269.92,266.25,269.67,272.26,269.67,268.39,262.69,255.22,242.03,236.73,228.27,215.93,205.72,185.56,178.08,169.45,158.94,149.26,144.22,137.32,129.69,124.65,117.66,112.27,107.23,103.59,96.21,90.43,83.95,81.30,77.62,70.84,64.85
171.82,188.18,199.92,212.53,225.57,238.00,244.83,251.00,254.80,259.05,262.49,261.05,266.18,264.05,264.09,267.53,268.65,271.54,274.33,270.28,265.55,273.00,274.12,270.45,273.40,265.51,255.52,248.62,240.92,231.81,218.25,209.34,189.74,182.33,172.79,163.71,156.63,150.08,142.24,135.72,129.26,124.79,114.02,110.75,106.93,103.12,95.82,90.70,85.43,78.55,77.10,69.92
176.17,196.16,207.79,220.24,231.85,245.54,254.23,261.45,265.41,270.60,272.88,270.13,277.32,275.05,273.31,278.26,277.72,280.46,282.56,280.81,278.74,281.60,285.91,281.94,279.86,276.52,268.48,256.36,249.02,238.66,226.74,215.63,197.80,189.39,178.81,168.57,160.61,152.03,144.80,138.58,134.50,124.68,119.55,115.10,110.45,104.18,97.87,90.80,88.39,84.02,79.06,71.57
177.51,196.79,206.65,220.19,237.12,246.91,252.72,260.25,263.82,266.60,271.15,269.16,278.96,273.54,273.48,274.65,277.98,279.96,281.22,279.87,277.80,281.58,282.67,280.62,278.02,273.44,262.86,255.41,250.19,237.23,228.37,214.97,195.93,185.83,176.51,166.09,159.91,151.24,144.25,137.30,132.64,125.40,115.74,112.02,106.96,104.02,98.41,94.43,88.28,81.61,77.88,70.84
175.35,191.09,203.73,216.00,231.66,244.14,250.11,257.38,258.79,263.84,265.84,269.88,270.66,269.26,268.41,273.66,272.09,277.96,278.17,275.67,272.12,276.05,278.09,276.98,275.05,269.77,259.62,248.11,244.29,233.24,223.51,208.20,190.55,183.99,172.74,163.82,156.42,148.07,141.24,134.08,127.48,122.04,113.27,110.07,104.20,99.99,95.51,90.20,82.98,77.37,75.01,67.60
170.43,189.16,201.10,215.54,224.36,239.80,244.12,253.50,254.12,260.68,259.62,261.38,268.13,264.37,262.61,268.27,267.07,272.99,272.40,269.43,266.12,269.97,271.80,270.34,267.80,265.48,256.56,244.26,240.17,229.14,217.33,202.20,185.95,183.17,171.84,163.11,152.00,142.44,138.36,133.20,127.63,116.69,114.06,109.33,104.94,96.43,91.92,87.56,82.87,78.77,72.35,65.79
169.06,187.26,197.52,211.86,222.15,234.58,241.02,250.84,252.61,254.89,256.46,259.33,263.50,260.82,260.45,265.96,264.00,269.25,269.03,268.24,262.61,267.48,269.23,267.38,266.55,263.91,253.51,241.13,237.74,227.11,217.00,204.40,182.00,176.26,167.43,161.62,150.76,145.04,138.06,133.65,126.04,116.48,114.04,109.22,104.69,96.63,92.31,87.97,82.37,79.43,72.69,66.89
169.64,188.10,197.59,211.63,222.12,234.55,241.47,249.93,252.52,258.41,257.23,260.43,263.23,262.36,260.02,264.56,265.75,267.82,271.47,266.01,262.94,266.01,272.20,265.80,265.00,263.59,254.70,241.00,235.99,227.22,214.11,202.51,187.38,178.49,169.33,162.87,149.58,142.00,136.30,132.38,126.75,115.83,112.70,108.47,103.73,96.51,90.79,86.31,81.49,78.45,70.46,64.88
169.17,187.95,199.72,213.05,222.62,236.77,244.63,251.75,255.07,258.21,260.35,262.46,264.80,261.82,262.15,265.81,267.91,271.91,272.48,270.12,266.54,271.33,271.81,272.03,269.68,265.65,258.64,247.81,241.06,232.54,220.51,208.54,190.41,185.41,173.90,165.61,155.24,147.35,141.87,137.77,130.75,121.20,117.69,112.01,107.42,101.12,92.66,89.05,84.17,81.06,72.18,66.71
167.55,184.62,196.57,210.24,221.08,233.81,239.61,247.16,249.37,253.66,255.98,259.14,262.19,260.23,260.63,261.88,262.41,267.30,267.07,264.05,263.01,266.41,267.37,265.37,265.83,257.61,251.13,241.22,235.09,222.41,212.28,201.48,181.82,172.81,163.09,155.63,147.05,140.66,134.35,124.53,121.76,115.43,106.71,103.25,100.44,94.83,90.03,87.02,79.70,73.50,70.80,64.20
168.12,184.62,198.72,209.97,222.04,233.56,241.98,249.05,250.14,256.80,256.25,258.41,262.94,261.09,261.34,264.17,265.48,269.31,270.48,265.84,263.87,267.53,271.90,271.02,268.42,261.28,257.03,244.79,237.54,232.94,217.11,204.88,189.64,181.47,173.76,164.92,155.08,148.49,140.35,135.60,130.03,120.02,115.43,111.83,107.42,99.01,92.70,87.21,83.65,79.63,74.04,68.01
170.00,187.28,198.71,211.03,221.33,235.68,241.36,246.00,244.79,252.62,252.66,252.52,256.35,253.66,252.96,255.79,256.70,263.15,266.06,257.87,255.24,259.79,262.67,259.26,257.41,252.02,245.20,234.09,227.88,219.23,207.24,195.90,179.08,175.56,165.31,158.62,146.99,137.32,131.55,127.24,122.79,113.21,109.38,104.12,99.72,91.84,87.36,83.05,79.20,73.54,66.21,64.12
165.42,182.78,194.99,208.40,218.66,232.13,239.63,243.00,246.20,251.62,254.37,255.39,258.49,257.99,255.85,258.52,260.00,263.25,265.00,261.09,257.40,263.50,263.09,262.47,261.81,255.60,245.03,236.86,230.53,217.42,205.87,196.12,177.23,169.65,159.70,152.55,144.81,136.69,131.55,122.59,118.13,113.44,105.11,100.21,96.61,93.19,87.64,84.31,79.65,76.90,68.03,62.65
166.64,184.46,194.10,209.09,219.78,232.42,237.12,244.79,248.39,251.62,254.08,257.16,261.08,260.51,258.38,261.24,259.49,263.40,263.46,262.26,261.61,263.32,264.58,263.00,261.23,257.23,248.90,236.86,231.23,217.52,209.02,198.08,179.74,173.25,161.99,154.69,146.32,140.13,133.36,123.65,118.53,115.21,105.55,100.70,98.09,95.26,90.09,83.22,77.94,74.25,68.60,61.85
165.24,182.24,195.50,208.15,219.65,232.09,238.25,247.26,247.24,252.51,254.47,255.84,257.29,257.62,256.22,261.44,260.02,264.95,262.06,261.37,260.05,263.09,263.15,261.56,260.02,254.38,246.62,235.85,231.46,217.83,209.48,195.60,175.85,169.39,158.94,151.33,142.41,135.53,130.29,121.49,116.00,113.14,103.09,101.08,96.83,94.20,87.66,82.97,77.23,73.68,68.71,60.80
165.42,184.98,195.23,210.11,219.83,232.03,240.05,246.02,249.39,253.87,253.58,256.27,259.67,257.08,258.24,262.15,260.73,264.49,268.11,260.23,258.28,263.41,265.65,261.73,261.02,256.91,246.95,234.80,229.08,219.40,206.52,193.75,176.66,171.06,162.54,153.44,141.90,136.07,129.45,126.02,117.69,108.24,105.32,100.00,96.05,91.55,84.63,81.34,77.10,70.61,67.23,61.07
168.83,187.17,197.13,210.64,222.64,236.52,242.92,250.06,250.80,254.03,257.73,258.44,259.85,261.26,260.03,263.64,261.60,266.55,266.82,264.68,260.77,263.75,266.69,265.41,264.27,256.13,246.99,239.24,234.39,218.67,209.75,197.80,178.87,168.60,158.47,152.03,144.07,139.09,129.07,121.02,115.95,112.97,103.17,100.42,95.71,92.20,88.24,83.19,77.41,71.87,70.43,63.81
166.90,184.05,194.93,209.25,220.20,230.65,237.17,243.53,245.90,251.01,251.78,254.28,256.22,255.15,252.79,257.80,258.14,262.12,259.75,258.38,255.98,260.31,260.25,259.26,259.00,253.24,247.82,235.16,230.85,221.27,210.02,198.65,183.33,177.43,166.69,161.05,151.65,144.51,137.13,131.32,124.20,115.95,110.68,105.65,101.24,95.19,88.12,84.90,77.62,73.11,71.17,64.54
165.13,181.89,192.01,207.00,215.41,227.73,232.11,239.87,241.68,247.86,245.80,248.07,250.49,250.28,246.81,254.45,251.20,256.63,256.42,256.63,255.02,253.18,254.92,252.46,252.83,249.85,244.23,229.63,227.26,217.80,205.62,196.51,178.06,175.21,165.00,157.49,147.56,141.99,133.54,128.88,123.79,113.22,111.07,104.10,99.46,93.68,86.53,82.33,78.43,76.01,68.31,63.13
128.02,142.90,156.34,165.72,176.92,189.59,194.16,203.04,206.65,211.81,215.67,219.17,222.60,220.86,225.72,226.80,228.44,231.19,229.56,230.08,229.86,228.74,230.95,232.91,230.47,228.56,223.27,216.94,212.20,202.60,195.13,186.68,170.16,166.15,153.08,146.05,139.99,134.63,127.88,120.83,117.20,111.36,106.08,102.04,98.60,92.18,89.27,85.44,82.73,79.03,76.22,69.12
163.92,181.50,193.19,206.35,217.27,231.04,238.17,243.48,245.64,249.24,252.03,251.64,256.32,255.12,252.76,256.53,255.23,260.07,259.24,255.97,254.85,258.31,258.86,255.84,257.20,248.85,240.03,228.99,222.68,211.63,201.53,190.21,173.67,162.69,153.83,146.56,139.00,133.15,125.71,116.78,112.07,107.52,100.50,95.04,92.85,89.50,82.46,79.76,72.84,71.59,66.47,59.93
171.41,189.10,202.65,215.70,227.34,239.59,245.90,254.02,255.84,260.80,260.11,264.32,265.95,264.32,261.43,266.13,267.16,270.19,269.55,266.69,262.77,266.67,268.00,265.27,265.56,260.56,251.28,238.01,232.18,221.94,209.15,196.45,178.97,173.40,162.64,155.05,143.39,135.06,130.10,127.00,120.34,108.26,107.07,101.39,97.53,90.44,85.62,80.89,76.79,74.32,68.77,64.50
163.82,179.14,189.86,205.34,216.69,227.76,233.11,241.37,242.17,247.15,249.65,251.19,252.18,250.77,248.89,252.58,253.69,257.62,256.97,253.18,251.05,254.76,255.38,253.31,252.24,246.63,237.41,226.81,220.05,212.15,200.87,187.22,168.86,165.08,156.01,146.75,136.08,130.36,123.33,118.87,112.72,104.31,99.04,96.25,90.82,86.15,81.04,77.41,73.55,68.60,66.22,61.13
168.22,185.95,197.01,210.30,224.83,235.41,241.78,249.06,250.35,256.91,257.19,257.65,263.40,259.12,256.35,261.47,260.86,265.51,263.96,259.94,258.12,261.97,266.05,257.95,260.20,255.49,246.00,233.63,224.08,218.83,205.38,192.35,174.10,167.19,156.92,150.60,140.04,131.19,125.92,121.20,114.00,106.53,101.77,97.10,92.66,87.66,84.20,80.16,75.50,69.32,65.30,60.75
166.43,183.85,197.69,213.04,221.28,234.48,240.83,248.65,252.73,254.16,254.80,257.94,260.05,257.50,258.19,261.94,259.17,264.84,263.52,261.63,259.39,262.01,262.39,260.25,258.33,255.55,244.24,232.77,227.06,213.60,204.13,190.54,172.42,166.51,155.71,147.80,138.20,131.59,125.40,119.27,114.55,103.41,101.24,96.03,95.04,86.21,81.84,77.79,74.01,72.11,63.41,57.31
153.11,163.25,183.77,197.19,207.68,218.51,218.82,224.15,227.86,230.44,235.77,235.85,240.23,236.40,236.78,240.88,236.75,243.90,244.17,236.92,236.85,241.85,241.17,237.39,234.39,231.87,226.92,214.24,206.87,200.56,186.97,175.10,160.02,154.87,145.62,139.01,127.00,122.02,113.60,111.20,106.83,97.31,92.44,88.68,86.73,79.98,75.18,70.09,68.18,64.26,58.41,54.08
162.61,180.43,192.07,204.38,216.51,227.77,232.78,240.62,243.31,247.10,249.54,249.44,251.64,249.15,248.58,252.52,251.05,256.27,255.00,250.38,248.28,252.69,252.56,248.09,250.06,242.64,233.21,222.80,216.36,207.62,195.49,183.07,166.83,160.18,151.42,141.80,133.02,125.61,120.42,114.76,110.29,101.84,98.08,93.48,90.14,85.16,80.71,77.62,71.47,68.18,64.08,59.46
162.26,179.81,193.04,204.27,216.11,229.58,234.36,240.60,240.84,245.05,248.85,250.12,250.71,248.89,249.62,252.99,252.13,255.63,254.91,250.84,248.29,252.40,251.58,250.32,250.00,241.85,232.57,223.67,216.95,205.79,195.75,183.20,165.32,159.15,149.93,141.09,133.88,128.44,120.67,111.87,109.29,104.39,96.34,93.00,88.46,85.59,80.72,77.42,70.94,66.61,64.63,58.60
169.19,187.11,199.12,214.20,224.15,238.05,243.20,250.57,253.69,257.33,256.46,260.16,261.45,258.44,257.19,260.73,260.02,265.75,262.27,263.61,258.49,261.20,264.11,260.99,256.78,253.75,240.53,229.12,223.00,211.56,204.02,189.62,173.23,163.48,155.55,147.25,136.89,129.71,123.79,118.47,114.04,105.00,99.72,95.52,93.21,87.32,78.77,75.96,73.06,71.17,63.25,57.31
160.12,178.40,186.60,198.12,207.53,222.30,229.30,236.36,233.08,234.48,234.29,237.55,238.67,238.52,236.32,241.75,234.96,239.06,239.63,235.94,234.29,236.91,236.24,238.95,235.16,228.56,219.40,211.60,203.18,190.52,187.01,173.67,156.59,147.51,140.36,132.85,126.83,122.79,115.39,108.67,102.49,99.02,93.01,86.68,82.86,80.16,74.09,69.03,65.60,61.10,58.03,53.76
169.71,187.97,198.09,212.45,222.43,235.69,241.40,247.12,248.56,251.05,251.75,254.53,257.42,252.44,250.54,253.00,252.34,257.99,256.69,251.96,248.34,251.25,253.62,249.43,249.47,242.74,233.79,223.49,217.42,209.40,198.32,187.81,171.62,164.40,158.52,149.47,137.12,133.18,124.62,121.26,115.26,104.85,102.49,95.34,90.43,84.31,77.10,72.47,68.45,64.20,60.08,56.40
168.66,184.78,198.73,212.28,223.61,234.48,241.83,246.55,248.24,253.30,257.66,257.78,258.94,256.74,256.28,259.08,258.49,261.04,261.01,258.44,254.28,256.56,258.23,256.96,258.12,248.13,239.64,230.41,223.06,211.07,201.76,189.17,170.85,161.47,152.50,146.71,139.22,132.06,126.30,115.45,112.65,108.37,98.98,94.87,90.45,86.65,82.38,77.79,73.93,69.38,65.03,58.87
161.03,177.13,187.04,200.53,210.28,223.27,228.18,233.36,235.24,237.93,236.73,239.08,240.42,238.88,237.21,240.08,238.53,240.83,240.61,234.77,233.77,236.33,237.33,234.45,237.54,230.12,221.46,211.44,206.31,197.39,188.56,175.64,160.86,155.57,145.60,140.17,131.90,127.31,120.42,114.23,109.22,101.65,95.72,90.14,85.62,79.62,73.57,69.43,66.71,61.20,54.08,49.58
161.55,180.71,189.18,203.12,216.18,227.80,232.11,239.87,239.77,244.26,247.01,247.00,248.87,248.60,246.68,250.14,248.00,254.61,250.77,250.84,245.40,248.85,247.51,250.80,248.57,241.40,231.57,220.84,215.26,202.43,196.76,182.21,164.20,154.57,145.34,140.00,133.65,126.27,121.28,114.28,107.22,104.04,96.21,92.70,88.46,86.82,80.66,75.29,71.39,66.37,62.65,56.22
160.56,177.14,187.03,200.86,210.38,223.22,227.11,236.30,236.40,239.41,237.88,239.58,242.14,239.38,234.36,237.49,240.20,242.80,242.04,237.36,233.24,238.32,238.81,236.08,234.06,231.10,221.43,211.49,203.30,195.82,187.10,177.05,158.00,152.09,146.81,136.88,128.95,122.33,117.96,113.46,108.41,100.44,97.74,93.43,87.66,81.47,74.95,70.09,68.07,64.62,56.08,50.12
168.75,188.02,192.94,215.67,219.69,234.26,245.49,245.60,244.03,251.20,250.84,250.49,252.96,251.72,246.95,247.35,251.10,253.27,255.44,247.61,243.02,246.94,249.61,243.90,243.07,239.30,229.24,220.23,212.08,203.98,194.94,179.80,168.59,156.04,148.03,142.44,133.15,129.63,120.75,119.82,115.02,101.83,99.99,96.21,92.18,85.00,77.62,71.69,70.09,66.21,59.68,53.94
173.22,189.72,196.11,210.60,222.41,230.37,240.42,247.26,246.07,249.24,251.75,250.57,251.83,250.45,247.89,250.24,252.03,253.51,251.46,248.65,246.40,247.70,247.97,249.83,246.89,241.35,234.39,226.88,218.25,208.41,201.43,191.59,175.65,167.36,158.82,150.27,145.58,137.88,131.47,123.91,117.24,113.78,103.08,99.46,93.65,86.82,81.32,75.01,67.91,63.13,59.67,54.78
165.15,181.89,194.49,206.02,217.35,229.24,236.64,240.63,241.09,244.00,245.75,246.97,248.22,244.86,244.72,245.10,246.22,248.67,247.89,242.50,237.90,241.20,243.10,241.30,240.83,234.41,225.06,215.67,209.90,200.14,187.45,176.47,163.17,156.17,148.53,141.21,132.91,125.51,118.04,116.48,110.54,100.77,97.08,92.70,86.98,83.68,78.26,74.52,68.80,63.89,61.07,57.28
170.24,188.47,198.22,211.92,225.84,235.31,242.55,247.75,249.11,252.23,252.57,254.88,256.86,254.62,252.30,255.52,254.71,258.28,257.39,250.52,249.93,252.70,253.44,250.89,250.15,243.66,233.94,227.26,218.06,208.15,198.56,187.26,167.55,163.96,155.05,146.74,137.31,133.06,124.47,120.30,113.76,110.29,101.79,98.08,94.58,87.92,83.57,79.08,73.33,68.62,65.22,60.80
