119.33,129.53,140.12,148.66,152.46,161.64,163.05,168.62,172.63,175.76,182.16,188.66,191.86,195.90,199.81,208.66,213.01,223.86,232.24,236.18,251.45,262.09,274.06,281.00,286.45,298.42,305.32,297.67,295.42,293.30,286.34,277.95,265.36,263.75,253.18,241.05,232.24,222.46,214.98,208.61,201.38,190.21,182.94,170.80,163.64,150.03,141.15,131.24,123.31,111.99,98.49,89.04
117.52,125.90,137.20,145.96,153.76,160.25,162.63,168.16,170.14,171.27,181.28,182.98,182.39,189.39,193.49,201.44,207.04,214.80,223.22,231.04,241.09,253.25,261.63,270.03,275.96,279.15,284.86,285.04,281.78,274.96,271.27,264.85,251.56,246.91,233.94,233.06,224.84,214.44,211.70,203.63,197.10,189.90,179.61,171.28,162.24,148.49,140.07,133.02,122.15,111.68,103.08,91.92
121.25,131.70,138.60,149.04,155.60,162.64,167.11,172.10,173.64,176.92,185.33,187.62,190.21,197.41,199.81,208.75,213.59,221.35,229.62,239.10,248.71,261.01,270.75,277.85,283.66,290.88,296.14,292.77,289.50,281.11,278.71,272.02,256.31,250.70,237.74,234.03,227.01,218.13,212.45,204.14,196.47,190.28,176.71,166.81,160.55,149.05,138.45,132.10,119.55,109.56,101.00,88.96
117.63,128.72,136.86,146.03,151.24,160.38,164.16,169.28,171.27,175.92,180.16,187.58,189.49,194.80,200.49,205.54,212.61,223.04,232.70,236.48,248.65,262.77,273.20,280.72,284.62,296.31,298.21,294.48,290.41,285.77,276.56,262.23,247.88,245.52,231.48,226.64,214.44,204.08,200.17,192.31,187.11,175.15,166.11,159.02,150.63,138.03,128.16,119.33,113.88,104.74,91.59,83.22
116.87,130.23,135.56,145.01,151.35,159.55,162.93,168.67,171.77,177.59,181.95,187.26,190.02,196.56,199.62,207.18,213.60,224.52,231.70,237.45,251.22,265.24,275.75,281.90,288.14,297.89,306.24,301.42,296.32,287.93,278.68,260.60,239.01,233.05,225.28,216.07,207.82,195.66,192.20,184.57,175.87,167.26,158.15,148.08,146.09,132.88,122.41,117.64,109.07,101.02,90.55,81.86
117.18,127.99,134.85,145.17,153.38,159.62,164.50,169.14,172.68,175.80,183.40,186.94,190.44,197.10,199.46,209.34,213.00,223.23,231.66,239.35,253.99,265.00,275.14,282.72,289.50,299.29,306.77,304.64,296.89,285.39,276.38,262.73,240.48,233.77,224.96,216.48,206.78,196.21,192.72,184.02,177.72,167.82,156.97,150.88,145.77,132.38,123.75,118.07,108.37,100.90,90.44,82.66
117.83,129.00,137.28,145.46,151.27,160.33,162.27,169.54,172.42,177.20,182.61,187.20,190.78,194.74,198.12,206.02,214.01,223.18,233.46,237.89,251.03,262.98,275.41,280.51,286.71,297.23,304.31,298.96,294.84,288.05,273.18,256.14,240.36,234.88,222.46,212.42,205.00,195.90,189.99,179.63,173.42,165.89,158.15,152.74,144.01,132.85,122.58,114.63,108.24,97.87,88.53,81.27
111.31,123.31,130.25,137.62,144.69,151.65,155.29,162.29,164.76,169.67,174.59,181.21,184.36,187.18,191.42,201.56,206.83,216.02,226.59,230.34,243.85,254.95,265.82,273.75,281.51,290.08,298.30,290.80,284.38,278.40,269.27,256.73,234.05,229.33,218.55,208.15,198.25,191.65,185.80,178.13,173.81,162.74,155.80,147.83,139.09,126.19,117.14,110.17,103.45,96.33,87.09,77.16
115.97,126.85,135.00,145.50,150.57,158.81,159.88,166.11,170.18,174.59,179.69,185.04,189.47,193.46,198.01,203.42,210.72,217.45,227.50,235.79,247.52,259.14,269.01,277.00,282.24,291.49,293.30,289.84,286.11,280.77,271.49,265.97,247.32,246.89,233.85,227.62,215.00,204.47,198.65,193.66,187.38,178.28,168.72,157.89,150.08,137.64,129.20,120.81,111.04,102.53,94.26,83.73
122.00,133.75,143.03,148.12,152.63,163.59,165.42,172.54,176.03,180.50,185.07,191.05,193.04,199.26,200.52,209.62,217.25,224.02,233.42,236.46,253.49,263.92,276.32,280.02,287.65,302.68,305.67,301.80,297.51,295.10,288.14,281.58,266.48,262.61,251.05,241.70,234.02,222.50,215.76,208.06,201.80,193.23,182.45,170.67,166.21,150.08,140.47,132.31,123.03,112.45,102.14,92.07
84.17,91.21,97.13,97.08,107.20,113.18,117.69,132.23,139.45,148.38,155.66,168.86,171.76,175.84,182.62,192.31,198.00,206.52,212.85,218.65,224.37,234.83,240.05,248.62,248.93,251.23,237.26,234.56,227.34,213.43,197.82,183.37,159.38,153.40,134.27,126.19,119.08,102.58,96.02,86.95,82.49,73.68,65.00,58.69,56.52,50.01,47.93,43.57,39.12,38.42,37.36,37.12
121.80,133.41,141.15,150.53,157.04,164.34,167.15,173.42,176.17,179.18,185.22,188.81,191.71,194.44,199.72,208.09,215.80,222.25,232.22,234.16,250.05,258.57,271.67,277.86,284.01,295.41,299.81,294.05,291.41,290.32,284.04,275.63,265.69,264.76,257.89,247.51,240.20,232.28,225.18,220.51,213.66,200.93,194.00,184.11,176.39,161.79,152.11,140.26,133.28,123.00,111.80,99.02
126.12,136.62,145.73,152.86,161.90,167.84,172.80,177.50,182.33,184.81,191.21,193.84,197.67,203.04,206.16,213.60,221.44,227.48,237.12,243.68,257.60,265.53,278.11,282.63,287.84,296.16,299.46,296.02,292.98,288.06,278.66,270.50,261.59,255.00,245.25,234.79,227.90,220.06,214.01,202.71,198.31,188.45,178.90,169.52,162.11,147.25,139.13,129.10,121.63,111.73,101.83,90.93
117.04,130.59,136.50,146.01,150.14,160.00,162.61,169.05,172.80,176.71,183.00,187.75,189.86,195.85,199.32,207.01,214.46,224.66,232.86,239.08,255.08,263.53,275.54,280.78,290.08,300.10,306.76,299.86,294.57,288.12,277.15,264.84,241.54,234.10,223.09,214.34,206.18,200.85,192.77,182.20,176.24,167.39,160.24,150.84,145.17,130.86,124.65,117.11,107.33,99.36,88.53,82.38
121.43,128.04,132.40,145.12,156.19,159.62,164.44,175.76,177.65,179.33,183.33,186.89,190.03,193.49,199.90,208.50,211.51,221.30,230.53,235.51,250.17,260.66,271.68,277.70,283.05,292.54,299.02,294.49,293.03,285.85,280.13,275.77,259.39,258.90,246.79,236.14,229.27,217.71,213.18,205.83,198.12,187.66,180.07,169.19,163.44,147.09,139.09,132.03,119.92,111.40,100.17,87.10
117.24,129.65,134.79,145.53,154.12,162.61,166.43,176.12,176.65,180.00,181.89,189.01,189.23,194.74,199.62,206.42,211.06,221.38,229.92,232.41,248.52,259.79,270.70,275.27,281.16,290.11,296.73,292.97,292.10,286.27,280.53,272.35,258.70,257.15,246.22,236.30,228.95,217.44,211.10,204.45,197.31,187.60,178.57,170.07,162.29,145.38,137.20,128.81,121.04,111.16,99.40,87.66
118.22,129.29,136.24,145.60,152.04,159.15,163.03,169.80,172.19,174.04,181.69,185.00,189.02,192.63,197.00,205.55,210.30,221.63,228.46,234.31,249.20,256.04,270.57,275.86,283.30,292.48,298.75,295.72,292.54,287.80,285.39,274.85,259.99,260.05,247.13,238.43,226.97,219.15,213.55,204.92,197.82,187.48,178.06,169.61,161.55,146.41,138.66,129.24,120.00,112.00,99.16,91.39
125.57,137.44,146.82,155.00,161.06,169.85,173.10,179.57,180.42,185.18,190.65,196.12,198.77,203.04,208.57,216.92,221.49,232.38,241.15,243.77,258.12,269.21,278.64,285.04,291.89,300.06,305.64,297.48,296.94,290.03,282.73,276.02,260.49,260.77,248.36,238.38,230.76,224.75,217.15,209.75,202.73,193.00,182.01,174.24,164.78,151.42,141.41,131.55,126.61,115.21,101.98,91.61
121.51,131.70,140.81,148.66,156.71,165.92,168.51,173.83,174.91,180.22,184.95,190.51,194.86,198.29,201.80,210.02,215.37,226.61,237.01,240.10,253.03,265.88,275.54,285.35,290.77,300.27,304.87,301.73,299.17,295.70,289.46,282.68,262.55,264.36,250.42,242.87,234.48,221.27,215.23,208.83,203.16,191.21,181.53,172.05,165.08,152.21,142.76,132.94,122.93,115.00,102.55,92.70
122.81,136.82,144.81,151.61,158.53,166.98,170.07,176.71,179.52,183.09,188.28,193.69,194.66,200.35,203.57,212.98,216.91,227.11,236.76,240.67,254.80,265.93,277.85,284.82,287.85,299.15,301.72,298.48,295.45,293.92,285.95,279.12,266.29,265.55,255.44,245.23,238.54,229.92,221.73,217.46,210.10,200.10,190.96,181.76,172.63,157.69,147.87,138.06,130.77,120.50,107.42,95.80
118.21,124.06,128.10,135.96,142.34,155.44,158.40,160.56,167.72,173.00,179.42,181.71,184.81,190.78,196.25,202.53,205.91,215.00,222.83,230.42,243.13,254.89,263.23,272.17,279.43,281.50,286.45,286.40,282.96,273.66,272.03,262.73,252.68,248.02,230.49,220.64,215.33,212.20,206.07,194.54,189.38,179.47,168.34,160.53,152.97,139.59,130.25,123.00,114.83,105.39,93.56,86.98
125.48,137.44,145.60,154.74,160.51,168.72,171.59,179.04,179.94,184.40,190.65,194.25,198.02,201.44,209.15,214.46,219.94,231.51,239.15,244.77,257.74,269.32,279.51,286.09,292.50,301.44,304.32,297.81,297.11,290.02,284.40,277.91,262.41,262.18,246.83,239.78,232.94,222.27,217.41,209.38,204.38,192.84,183.15,173.97,165.49,151.46,141.66,132.61,125.00,115.25,103.70,92.66
125.93,138.41,146.12,154.43,162.27,171.14,174.75,178.40,181.47,186.36,192.26,194.16,197.34,203.27,207.94,214.97,219.49,230.78,237.69,245.97,260.86,269.09,279.84,287.24,292.58,299.91,302.31,302.13,300.00,290.40,285.49,276.54,265.41,259.14,249.78,239.84,233.45,224.16,219.24,209.32,200.41,192.84,183.00,173.09,163.36,152.74,143.39,133.45,123.23,111.97,102.59,92.59
124.06,136.85,144.81,153.38,160.31,167.34,170.43,178.36,179.64,182.83,189.10,193.42,196.13,200.44,205.29,212.36,218.89,228.95,237.36,242.79,255.83,264.94,275.87,282.39,288.38,295.19,300.09,296.01,291.02,285.93,281.26,273.23,257.12,256.91,246.13,239.76,228.55,220.48,213.72,207.51,200.94,189.40,179.87,171.06,163.78,150.46,140.07,130.86,123.31,113.07,101.53,90.45
122.92,136.00,145.43,152.09,158.68,164.65,170.74,174.48,177.29,180.28,189.50,192.20,193.31,198.41,204.88,210.72,217.30,225.28,235.21,240.63,255.33,262.26,274.12,280.72,286.23,294.81,296.77,295.99,294.08,287.24,283.67,278.22,264.89,259.92,251.33,241.90,235.54,226.59,219.66,213.00,208.34,196.09,185.85,176.03,169.52,154.51,146.29,136.24,127.05,118.79,106.51,95.01
119.89,133.22,140.92,148.79,154.92,164.02,165.28,170.14,172.41,176.82,181.89,187.13,190.67,194.31,199.58,205.77,210.77,220.00,229.97,233.91,246.10,257.39,265.32,272.66,277.25,283.77,286.90,284.16,281.62,276.02,271.40,264.37,251.07,249.90,239.63,229.44,222.31,215.23,209.46,201.84,198.70,186.07,176.92,168.76,159.82,145.96,135.92,128.88,121.24,109.99,101.39,89.02
128.27,141.32,150.08,159.89,164.98,172.63,177.49,182.21,185.72,189.40,193.83,198.12,200.57,206.77,210.49,218.65,225.23,234.14,242.66,249.51,262.39,270.82,281.96,288.09,294.17,301.96,305.55,301.33,300.57,294.00,287.48,279.29,268.39,265.59,253.34,245.54,236.97,229.48,224.64,213.60,208.12,197.25,187.28,177.79,170.07,156.47,144.62,136.97,127.14,118.47,106.08,94.43
121.67,135.21,143.38,152.00,156.73,164.27,170.82,176.26,178.71,181.47,189.17,192.35,194.09,198.60,204.42,213.10,218.76,226.77,239.10,242.10,257.38,267.84,280.23,286.94,295.15,303.32,311.44,307.00,304.87,298.30,295.17,287.14,268.69,264.32,253.67,244.95,238.40,228.82,221.00,209.85,205.30,195.87,183.88,173.90,165.68,151.34,142.17,132.77,124.68,116.30,102.83,93.05
120.34,129.71,135.53,146.03,149.81,158.64,164.45,169.25,173.83,177.05,182.78,186.53,191.23,195.44,199.65,207.20,213.74,223.76,232.95,236.86,252.49,266.91,275.76,283.30,291.05,301.09,304.69,299.79,297.54,286.93,278.21,266.63,242.99,239.35,223.67,214.25,208.34,196.87,191.27,182.01,179.01,169.25,159.22,152.12,144.00,132.85,122.61,114.83,110.02,101.19,90.14,80.62
119.92,132.91,141.22,149.16,153.26,161.91,166.24,169.80,173.33,177.01,182.00,188.28,190.98,194.03,198.40,203.87,211.93,220.27,227.01,231.52,244.83,255.21,266.03,271.37,275.49,289.07,290.66,284.88,283.02,279.66,273.07,267.53,254.89,253.34,242.85,234.14,229.14,217.82,213.71,207.59,201.06,189.50,182.10,172.15,164.05,151.08,140.39,131.55,123.71,114.44,102.73,93.19
124.91,138.70,142.41,152.43,160.59,168.24,171.03,175.41,178.27,180.07,191.31,191.64,192.84,201.64,206.04,213.58,219.20,224.52,235.05,241.61,255.41,265.00,276.00,283.03,290.33,295.97,300.04,300.75,296.32,291.32,288.63,282.56,267.71,263.41,254.83,245.08,240.67,234.20,223.57,215.68,209.30,200.77,189.13,179.62,172.35,157.92,152.12,139.18,129.71,118.04,107.79,96.67
110.55,122.87,128.80,137.06,143.57,149.97,154.30,161.92,164.54,166.88,171.29,176.82,180.28,186.01,191.02,199.00,202.71,212.27,222.00,226.76,235.75,250.06,261.62,268.27,275.22,283.24,291.22,286.78,279.59,269.83,262.61,253.33,231.56,225.89,216.12,206.77,198.71,187.77,182.20,174.04,168.24,157.92,149.91,142.27,135.18,125.25,118.12,109.77,100.88,95.78,84.58,76.03
126.24,138.46,148.81,158.03,163.78,172.35,175.64,181.62,183.52,187.80,193.98,198.29,201.10,205.30,210.74,218.25,223.89,236.91,244.63,248.20,261.08,273.97,283.83,291.11,294.36,304.40,309.93,301.04,303.05,296.15,289.36,280.61,265.36,266.27,253.00,244.88,236.38,224.16,219.06,212.06,205.30,194.24,187.10,176.82,166.96,151.80,142.20,134.27,127.03,114.13,100.00,92.85
127.68,139.98,148.27,157.92,163.03,171.09,174.69,182.04,184.72,187.86,191.54,198.44,201.80,206.16,209.61,217.19,222.90,235.54,242.63,248.36,260.28,272.77,283.75,289.11,293.44,304.24,309.62,301.63,301.53,296.95,290.51,281.49,266.66,265.42,251.53,243.40,236.58,224.41,218.32,211.98,206.52,195.26,187.38,175.41,166.64,152.83,142.21,135.68,125.43,116.93,102.61,92.80
126.65,139.64,146.24,154.92,162.69,172.98,173.88,178.36,180.45,183.67,192.52,193.57,196.82,203.53,209.42,216.70,221.22,227.79,238.08,245.46,259.94,268.02,277.04,287.39,294.08,302.20,304.69,303.15,298.80,294.11,290.11,283.75,270.41,266.99,257.29,251.08,244.40,234.16,228.14,215.67,210.00,204.71,190.47,181.00,174.54,160.63,152.00,142.62,130.12,119.40,110.16,99.30
125.32,136.86,145.09,153.42,160.86,167.61,171.94,177.14,179.78,184.00,189.61,192.96,196.10,201.72,207.18,212.95,218.59,225.69,235.75,241.75,258.43,265.05,278.30,283.18,290.84,299.88,303.63,302.66,298.76,297.33,289.23,282.00,270.39,265.00,259.62,248.57,242.66,236.04,227.02,217.26,208.29,203.02,189.62,182.22,173.98,159.78,151.21,140.73,131.46,118.51,107.62,98.49
124.17,135.07,142.56,150.96,158.52,166.48,170.18,174.50,177.53,181.42,187.77,189.62,193.75,198.56,202.09,210.45,215.14,225.02,232.78,239.01,254.12,262.94,271.83,278.11,284.80,290.06,296.35,292.49,291.34,282.82,278.47,271.23,256.78,253.03,243.25,232.62,227.37,217.08,211.73,202.43,197.59,186.70,177.77,169.05,161.32,148.17,139.14,130.73,120.83,110.45,99.30,88.46
115.21,127.14,135.96,143.17,148.76,158.45,161.00,168.13,170.65,172.86,177.61,184.33,187.55,192.75,195.27,205.36,212.01,221.08,232.25,235.10,246.11,260.40,271.15,279.96,286.84,295.93,300.68,294.38,290.52,282.80,270.44,259.42,237.40,235.23,223.44,214.55,204.75,194.20,189.07,183.14,175.65,163.68,158.66,150.08,140.63,130.60,121.70,113.76,106.02,98.79,86.83,78.45
115.43,128.27,135.48,144.84,150.66,158.67,162.98,167.97,170.01,172.68,178.51,183.92,187.48,193.58,196.51,205.20,211.21,219.70,229.59,235.42,246.56,262.67,271.33,279.00,289.17,294.27,300.64,296.24,292.04,281.00,274.36,258.80,237.14,234.10,223.28,214.44,206.48,194.86,187.77,181.11,173.22,166.21,155.64,147.99,140.87,130.61,123.42,114.40,106.04,97.62,88.32,80.80
123.48,136.78,143.96,154.18,159.71,167.60,170.46,177.34,180.28,180.97,186.90,193.75,195.43,200.17,202.81,211.25,216.23,227.06,237.17,240.26,253.40,262.29,275.28,279.82,285.00,293.31,298.51,294.21,293.55,289.39,281.31,275.05,263.80,261.63,252.87,242.66,235.30,225.59,221.47,213.71,206.98,196.98,187.61,177.61,169.58,153.94,147.41,135.59,127.77,118.96,104.24,93.96
122.10,135.59,145.21,155.17,158.03,165.56,169.81,177.34,179.30,183.00,186.94,193.34,195.01,200.11,204.00,209.67,215.67,226.83,234.61,239.43,253.86,263.61,273.92,278.15,284.30,295.06,301.01,291.29,291.93,286.92,282.39,275.31,262.38,262.48,251.15,241.57,235.65,228.55,219.13,212.29,206.90,196.09,186.02,175.23,171.00,154.30,146.29,135.15,128.27,118.73,103.73,93.74
119.25,129.26,137.20,146.60,152.35,160.25,161.90,167.55,169.43,173.22,179.72,183.04,185.74,190.26,194.81,201.36,208.61,216.95,222.43,230.01,241.00,252.49,262.35,268.97,274.00,281.73,284.51,283.49,281.03,274.77,271.28,264.52,252.58,249.90,238.37,232.65,224.51,214.55,209.61,203.49,197.29,189.24,177.91,170.16,163.29,146.70,138.71,130.25,122.41,112.06,101.61,91.92
123.46,135.52,145.53,153.10,158.45,166.14,170.85,176.11,178.90,181.33,186.59,192.30,195.21,198.24,202.53,210.09,216.37,226.04,235.55,238.95,253.00,263.17,274.12,281.44,286.94,295.41,299.72,294.90,293.20,288.76,282.06,276.38,265.17,263.53,252.62,244.28,235.05,225.82,219.35,214.18,207.12,196.51,187.10,178.10,171.29,153.10,144.94,136.34,129.25,119.05,104.56,93.74
122.92,135.33,143.41,150.96,157.81,164.15,167.60,173.67,175.93,179.89,187.38,190.07,190.87,197.46,201.31,208.40,214.11,221.89,230.85,235.77,250.59,260.25,270.65,278.30,282.03,289.61,295.66,293.11,291.05,285.45,279.87,275.63,261.70,258.94,248.50,240.39,234.78,226.35,216.91,211.37,203.54,195.02,184.76,173.76,169.19,153.40,145.34,135.86,125.48,115.45,104.69,93.98
126.19,139.52,144.81,154.87,161.38,169.01,173.46,178.31,180.85,184.13,189.41,192.94,196.71,202.61,206.65,212.76,219.16,227.64,236.91,240.69,253.92,266.54,275.77,282.02,288.90,295.30,300.91,296.89,295.24,290.04,284.30,279.41,265.19,261.92,251.51,243.84,238.08,228.57,223.01,214.17,208.02,199.61,189.08,179.61,171.61,157.69,147.14,136.82,128.32,120.22,108.00,94.37
118.70,130.27,135.91,147.05,151.83,159.62,161.77,167.73,168.57,171.19,179.08,181.23,183.04,191.08,194.49,200.56,205.20,213.28,221.42,227.48,240.30,250.08,258.02,266.81,271.90,276.09,281.20,279.29,277.84,274.53,269.88,263.90,249.69,247.24,235.53,228.65,224.38,217.31,211.74,203.65,195.73,189.71,177.41,169.19,161.40,148.95,140.00,130.29,121.25,112.33,101.64,91.66
123.57,137.21,146.82,156.32,160.35,168.00,172.05,179.03,180.65,184.46,188.73,195.02,196.79,202.09,205.06,213.28,220.24,228.97,238.80,240.60,255.33,265.44,277.42,283.43,286.27,296.17,301.42,294.92,297.61,293.22,285.77,279.66,265.21,264.15,252.77,245.10,237.45,229.30,222.75,216.60,210.52,198.31,190.38,182.78,171.96,156.63,146.54,136.86,129.56,119.77,107.04,95.82
119.57,132.24,140.77,148.66,152.61,162.63,164.64,171.48,174.52,176.88,182.98,188.49,190.07,193.69,198.60,206.16,212.61,220.54,229.99,236.38,248.93,261.11,269.26,276.48,282.29,292.96,299.30,292.68,290.61,289.14,280.40,273.18,256.86,256.12,243.81,235.78,226.29,216.09,211.55,203.15,197.77,186.00,176.62,168.01,160.11,144.92,137.77,127.48,119.42,110.05,99.01,87.60
124.06,136.69,142.05,151.25,159.51,167.06,169.85,174.26,175.87,181.03,185.95,188.82,192.88,195.44,200.09,209.40,212.61,221.62,231.32,237.26,249.61,259.12,269.12,275.09,281.18,290.22,292.51,291.45,290.34,285.04,277.60,272.73,261.44,256.28,248.12,239.64,233.94,225.40,217.11,210.00,200.86,193.51,183.37,174.66,166.64,154.02,145.53,136.56,125.10,115.76,105.23,93.78
115.95,128.10,136.21,145.36,149.12,157.47,162.66,169.07,173.10,173.76,181.60,185.69,188.73,196.02,196.66,205.57,212.40,221.72,230.49,235.08,248.47,261.08,271.59,278.73,288.26,296.62,303.98,294.69,287.41,282.30,274.00,258.64,240.02,234.70,220.74,211.36,203.38,191.44,188.37,179.45,177.12,164.37,156.67,148.55,141.85,130.60,119.67,111.80,106.30,99.37,89.14,79.38
115.69,127.66,136.17,143.06,148.93,158.04,158.76,168.25,168.34,173.08,180.22,185.65,187.00,193.31,197.25,205.35,209.09,221.63,230.29,236.24,248.60,258.54,268.63,279.66,286.09,291.62,298.77,294.52,288.46,279.08,273.31,260.92,233.38,231.29,221.43,212.00,200.96,189.62,184.11,179.42,174.14,164.77,155.57,149.04,142.21,128.80,119.81,110.86,106.07,98.79,88.75,79.63
124.62,135.79,143.39,152.46,159.14,166.38,169.65,174.15,176.32,178.68,186.39,187.01,193.37,197.69,202.25,211.12,211.91,221.18,230.08,238.60,252.48,259.85,267.23,276.59,282.91,290.52,294.15,290.04,290.18,281.48,279.18,274.16,262.02,257.38,247.70,239.20,233.01,225.83,217.44,207.95,201.56,193.16,183.13,175.00,166.82,154.38,145.13,136.18,125.10,116.56,105.08,93.86
123.02,137.19,144.56,151.74,159.39,165.86,169.64,176.78,179.40,180.28,186.02,191.13,192.85,197.74,201.22,210.26,213.53,222.58,232.90,236.72,252.35,262.41,271.44,278.69,284.30,290.80,295.41,291.25,290.25,284.89,282.07,274.75,262.55,260.77,247.59,242.00,235.21,225.86,218.21,209.95,204.47,195.03,186.94,176.08,168.86,154.33,146.10,136.00,125.40,115.77,105.42,94.54
123.17,134.41,143.54,153.10,157.81,165.12,170.42,175.26,177.54,180.55,187.07,191.02,194.18,198.88,201.82,211.15,216.83,223.60,232.18,235.93,247.32,259.21,272.12,279.61,284.01,297.67,302.24,294.03,291.44,284.38,279.11,270.02,260.86,261.22,249.19,243.34,234.76,224.56,218.93,212.60,207.87,194.62,186.90,175.03,170.70,153.00,145.88,134.37,127.20,117.48,105.68,95.34
125.02,137.30,144.05,152.88,160.38,168.44,172.73,176.18,178.19,179.69,190.52,190.07,193.76,198.96,205.30,210.67,216.84,224.29,233.14,238.53,254.88,264.07,272.87,282.49,287.51,293.14,296.59,295.37,293.55,288.11,283.17,276.93,264.02,259.46,249.45,242.86,236.68,227.85,219.83,212.29,204.47,199.36,186.43,176.31,168.18,155.72,149.12,138.00,126.85,115.26,107.70,95.08
122.00,136.85,143.03,150.23,161.25,167.94,168.36,173.37,177.02,176.50,187.30,189.65,192.38,197.22,200.90,207.76,213.44,222.91,231.04,235.94,249.33,259.14,269.48,276.89,282.41,288.56,292.97,290.15,290.08,284.70,278.55,272.08,260.32,256.13,248.05,239.76,232.59,225.06,217.22,210.66,203.65,195.07,183.70,175.17,167.52,153.38,146.12,135.77,125.87,115.16,104.00,94.43
116.21,127.12,134.17,144.62,150.10,156.52,160.64,168.51,168.57,172.03,178.14,184.39,188.37,192.35,199.06,205.27,211.08,221.82,230.33,237.12,249.21,261.45,269.80,278.93,286.14,293.68,297.43,294.94,291.91,278.84,269.62,253.89,233.11,227.43,218.65,210.30,202.03,190.59,189.62,177.72,170.31,161.30,153.44,149.37,138.59,127.88,120.54,112.61,108.45,100.13,88.06,79.40
115.26,127.22,132.31,141.77,149.48,155.67,159.00,167.48,166.71,170.04,178.06,182.60,186.68,191.00,198.08,203.55,208.46,219.72,228.43,233.98,245.49,261.31,268.80,277.42,285.87,291.04,295.97,293.14,287.85,276.31,268.40,252.26,232.74,227.02,216.31,207.80,201.70,190.42,187.01,175.91,169.62,163.44,153.05,148.22,139.65,126.91,118.07,112.45,108.23,101.83,89.63,78.09
117.15,129.44,135.43,147.03,151.80,158.86,161.04,167.97,172.00,172.35,179.61,184.25,186.97,191.00,195.49,203.32,207.62,216.90,225.14,231.70,244.64,254.88,266.10,272.46,279.95,286.18,295.99,289.69,289.06,283.03,276.44,267.73,255.10,252.05,238.43,229.20,224.96,212.15,207.28,199.73,193.04,182.16,175.00,163.88,158.45,143.59,135.24,125.92,119.52,109.66,97.05,87.32
115.55,130.02,137.38,142.84,150.62,158.03,161.91,169.20,171.23,173.57,180.69,183.86,186.45,192.33,198.04,206.04,210.62,219.22,226.55,234.20,248.39,259.47,270.21,279.03,287.92,294.03,298.74,291.67,285.70,276.02,269.53,258.21,237.60,230.18,215.15,208.08,201.97,192.01,186.19,176.71,170.56,161.97,153.52,145.67,141.22,129.42,121.85,113.28,105.00,96.05,86.95,78.52
121.84,132.28,140.53,149.16,157.17,162.11,167.06,174.73,175.45,178.47,183.34,188.96,190.67,196.51,201.01,208.34,213.53,222.27,231.70,237.19,250.33,262.25,270.68,281.01,284.34,293.75,301.44,297.32,291.36,289.68,284.29,274.58,257.24,255.84,245.52,236.63,227.31,216.75,211.07,204.66,198.01,187.39,176.92,168.72,160.58,144.14,135.79,128.89,119.71,110.89,99.30,87.28
120.21,132.14,140.16,148.35,155.24,163.64,167.80,172.01,173.30,177.86,184.40,188.90,189.26,195.26,201.06,207.24,214.23,222.63,230.63,237.69,251.40,262.42,271.94,277.83,285.69,293.40,300.32,297.11,291.50,290.48,282.18,272.94,258.60,254.54,242.16,234.89,227.15,217.92,210.01,202.34,196.21,188.09,175.96,168.44,158.67,145.73,136.06,128.47,119.10,110.94,99.86,88.07
122.92,135.48,145.24,154.69,157.38,167.84,170.53,175.76,177.77,181.60,186.08,189.53,195.03,200.36,203.65,213.70,214.98,225.52,234.48,238.02,253.62,262.38,273.43,277.46,284.82,294.21,298.00,290.80,292.10,285.69,282.29,276.02,260.72,261.98,250.07,240.65,234.71,227.25,221.39,213.94,206.34,195.94,185.98,179.01,170.66,153.24,145.04,135.12,125.77,117.89,104.85,93.81
117.60,127.94,135.03,144.03,151.49,158.86,161.81,164.51,167.19,172.20,177.41,179.90,182.32,187.68,191.56,200.68,202.41,211.02,219.16,225.51,239.18,248.26,256.39,264.02,267.90,274.64,279.58,277.41,273.91,268.46,264.78,260.02,247.29,242.27,236.89,227.31,221.11,213.85,207.53,199.46,191.94,183.52,174.00,164.84,156.92,145.72,139.12,129.39,116.46,108.30,100.00,89.27
117.00,128.32,135.95,145.79,148.97,158.69,161.04,168.25,171.06,174.60,180.70,186.36,188.61,194.83,197.43,207.15,213.64,223.21,232.55,235.72,250.58,262.25,273.78,283.60,287.36,298.21,301.21,293.03,287.70,283.21,268.81,257.38,235.54,236.21,220.78,210.52,203.16,193.22,184.17,182.22,174.47,163.92,156.42,147.85,141.87,128.08,121.04,112.27,106.83,99.02,87.10,76.94
121.08,131.89,141.16,149.25,156.03,161.01,165.37,172.68,174.96,179.14,184.72,190.59,191.00,195.36,199.47,209.25,211.65,222.39,231.14,235.58,250.20,259.62,271.03,275.19,282.03,294.02,302.68,294.15,292.51,289.69,280.86,272.37,259.05,255.03,242.71,236.52,226.74,216.92,210.85,203.21,197.06,184.55,176.31,167.06,157.63,146.81,135.37,125.64,119.52,109.90,97.19,86.93
117.80,129.29,134.62,145.72,148.93,158.05,160.46,170.18,171.05,174.75,181.84,186.94,189.17,194.28,197.75,208.60,214.73,223.06,231.23,235.87,250.78,263.00,272.90,281.02,287.89,297.35,300.10,293.90,290.63,284.02,275.05,258.44,237.93,237.26,219.80,211.68,200.57,193.19,185.40,180.85,175.21,164.51,159.21,151.32,142.24,129.10,119.50,112.72,105.02,97.94,86.21,79.08
126.63,139.46,144.84,156.11,163.60,170.66,175.33,178.63,182.45,184.62,192.76,193.87,199.01,205.08,209.29,217.61,221.17,226.74,233.68,239.65,252.46,265.71,271.43,283.13,289.44,299.21,306.73,305.57,302.05,296.40,291.53,284.16,273.39,264.64,254.01,246.42,241.42,232.11,226.80,215.52,207.27,200.26,187.88,180.19,170.99,157.70,149.21,139.67,128.22,118.07,106.61,97.62
127.32,138.61,145.60,154.87,161.92,170.66,174.89,179.69,182.89,184.72,194.16,194.29,197.01,203.42,208.70,215.60,219.54,229.16,239.24,243.08,260.25,268.75,278.93,286.57,291.87,298.12,302.85,300.62,298.02,294.90,288.47,282.62,269.54,266.05,256.77,248.07,240.52,231.03,226.01,215.26,208.94,203.08,188.69,181.11,172.24,158.68,150.75,140.21,129.84,118.46,108.07,97.49
122.04,134.24,141.50,150.15,158.32,166.14,168.36,175.41,176.49,181.40,186.01,190.59,192.84,198.71,204.07,211.59,217.83,225.42,234.05,240.62,253.55,266.24,274.88,282.94,290.15,296.32,302.65,300.85,301.04,294.09,289.02,279.61,264.20,259.38,249.05,240.16,233.48,223.37,216.40,206.39,200.24,189.53,179.60,170.08,162.86,147.63,138.59,130.68,121.00,110.98,101.41,91.21
109.88,120.74,129.28,137.06,141.95,150.62,153.77,160.11,160.78,166.48,172.54,175.33,178.19,184.63,187.03,195.26,202.28,210.98,220.64,223.62,235.92,249.78,258.80,266.18,273.44,279.41,284.54,281.82,278.34,267.52,259.62,244.02,224.32,223.39,211.77,201.30,194.49,183.20,182.13,170.86,165.15,160.00,148.06,142.44,133.84,122.00,112.61,106.83,101.00,92.76,82.80,75.47
110.91,120.43,127.10,134.62,142.41,150.10,152.41,159.53,161.60,164.84,172.24,175.31,179.21,183.20,186.90,195.13,199.85,210.68,218.43,224.52,235.99,247.99,258.26,265.66,274.37,277.91,283.07,281.06,278.72,266.60,257.00,244.07,223.90,222.87,210.04,200.80,192.50,182.22,180.25,170.86,165.50,158.08,147.05,141.21,133.60,121.93,113.74,106.67,101.39,93.90,85.23,75.21
119.08,132.82,140.80,150.10,157.69,167.09,170.18,171.05,173.61,175.90,187.02,188.31,191.21,197.12,201.94,208.58,213.53,219.97,229.97,235.57,248.56,258.68,268.42,277.46,281.95,287.90,290.00,287.98,287.43,281.37,275.62,270.25,257.79,254.03,241.96,237.17,231.23,222.62,215.54,204.12,200.25,193.87,182.04,171.05,164.75,150.46,143.06,133.76,123.41,114.49,104.24,94.56
119.50,131.93,141.60,152.40,157.50,165.49,169.50,171.59,175.50,179.01,184.79,189.72,193.30,195.29,200.41,210.24,212.68,223.60,231.92,234.31,247.93,260.10,270.01,276.28,282.03,291.00,294.36,285.69,288.03,283.13,276.31,269.46,258.01,258.31,244.59,238.47,230.76,222.61,215.39,208.02,203.97,191.46,184.74,172.53,167.11,151.09,142.30,132.23,125.88,115.60,104.10,94.20
118.83,131.58,137.44,147.14,152.62,158.76,163.05,169.18,169.59,173.61,180.04,182.06,185.98,190.52,195.97,202.43,206.69,216.60,225.20,230.46,243.31,254.58,260.56,268.79,274.17,280.06,285.90,282.78,282.18,275.43,272.41,265.94,252.34,248.70,238.10,232.82,227.17,218.82,212.60,204.75,198.46,189.18,179.63,170.42,162.74,148.68,140.73,132.09,121.74,113.15,102.32,92.02
126.21,138.85,143.96,154.16,162.39,169.76,175.38,178.51,179.72,182.26,191.65,194.26,197.25,203.32,207.53,215.11,221.12,228.88,239.08,245.20,256.39,269.86,279.35,287.14,292.90,298.72,304.30,302.67,300.10,292.28,288.88,283.28,268.33,263.64,254.63,246.84,240.17,232.48,224.61,216.02,210.95,203.04,189.17,178.35,172.20,159.01,149.60,139.18,129.14,119.68,109.14,97.42
126.25,137.32,147.96,156.82,161.90,169.67,173.61,179.21,181.86,184.61,189.49,196.37,198.31,204.01,205.66,215.34,222.09,231.63,238.95,245.31,257.86,267.87,279.61,287.67,290.34,301.07,305.95,300.17,300.99,296.32,287.01,279.69,269.41,268.54,254.57,250.67,238.27,229.26,224.98,215.86,212.13,200.36,192.35,182.53,172.80,156.54,147.09,139.13,130.38,119.64,106.53,93.54
123.17,135.01,145.62,152.74,158.62,166.30,170.21,174.84,178.73,182.10,186.94,193.21,194.20,198.39,201.64,210.28,216.90,224.32,234.47,238.30,251.45,262.41,272.84,279.26,282.79,293.12,298.04,291.27,291.08,287.78,279.15,272.62,261.34,261.66,248.48,242.16,232.59,224.97,218.83,211.29,204.24,193.71,185.69,175.89,168.68,153.38,143.53,133.78,126.70,116.73,105.48,93.41
116.36,129.81,136.62,143.25,150.62,156.87,159.71,164.61,166.51,168.67,177.53,179.18,184.17,187.49,194.51,198.66,203.16,212.29,220.62,225.14,237.89,246.95,255.76,263.90,268.61,275.01,277.55,275.94,276.05,269.82,265.82,257.78,245.49,243.40,231.71,226.57,220.51,211.45,206.09,197.61,193.40,185.00,173.74,165.39,159.11,145.26,137.82,127.44,118.79,109.73,100.84,89.31
123.02,137.13,145.01,153.58,160.10,166.98,170.70,176.23,177.34,181.69,188.73,191.60,194.18,198.44,203.54,211.01,216.18,225.89,233.57,240.17,251.48,263.79,272.36,278.57,284.74,293.34,295.80,289.60,287.78,285.10,279.16,273.37,262.94,259.33,249.07,241.90,234.27,225.97,219.15,211.02,205.88,197.23,186.95,175.42,168.59,154.54,144.27,136.40,127.44,117.04,105.70,93.35
118.97,135.24,141.09,148.40,158.09,159.35,166.30,173.11,175.33,178.57,184.00,188.88,192.08,194.61,200.96,210.28,215.00,224.20,233.50,236.81,250.01,262.01,273.09,281.10,284.94,295.01,301.37,297.33,292.02,290.13,282.86,275.36,258.28,258.37,247.13,237.86,227.69,216.02,212.94,203.90,198.40,185.41,177.12,167.76,161.62,147.79,137.31,128.08,119.68,112.38,99.36,88.60
121.79,133.30,142.62,150.23,156.47,163.09,166.74,173.44,175.76,178.40,185.88,189.91,191.64,195.53,199.06,206.16,212.53,221.44,229.94,233.95,248.07,258.52,269.12,273.80,278.60,289.11,292.86,287.89,285.67,282.66,275.43,269.88,257.13,255.82,246.40,236.78,231.01,222.31,215.08,205.72,200.00,189.97,182.80,172.51,165.74,151.16,141.83,130.39,124.19,115.26,102.96,93.02
114.69,128.55,132.44,141.65,150.71,156.16,158.96,162.86,165.01,170.10,178.28,178.04,182.18,187.93,191.40,197.77,203.30,211.40,220.79,226.06,239.38,250.15,258.30,263.83,269.23,277.22,283.55,282.61,279.87,276.05,267.00,260.40,246.00,240.17,233.03,224.12,216.95,206.65,201.64,193.60,186.27,177.91,166.58,158.26,150.57,139.98,132.14,122.41,112.01,101.55,95.72,85.71
120.92,131.55,138.45,146.17,153.50,162.78,164.45,170.67,173.53,175.85,184.17,186.13,188.45,196.35,201.26,207.89,214.67,221.29,228.53,237.49,250.12,261.56,269.78,279.18,285.84,291.38,296.71,297.84,293.72,286.92,283.92,275.59,257.61,254.02,242.57,235.48,227.86,220.13,212.81,201.94,195.60,186.68,175.82,166.86,159.91,147.03,136.69,129.40,118.68,109.22,100.34,89.63
114.07,126.72,133.54,141.21,148.95,156.16,158.37,164.75,165.05,167.20,177.20,178.55,181.18,187.45,191.43,197.14,204.38,211.98,219.28,226.29,239.29,250.45,258.37,267.20,272.68,278.88,284.43,284.41,280.30,273.94,271.44,261.55,246.50,241.51,231.35,224.54,217.28,209.69,201.64,193.79,186.90,180.88,167.84,158.70,151.16,138.72,130.11,122.25,114.02,103.37,94.37,84.90
124.20,136.13,146.03,154.67,158.82,168.07,171.23,176.71,179.34,182.79,187.43,193.46,196.12,198.46,203.04,210.02,215.13,224.16,235.05,240.20,251.43,260.54,271.97,277.32,281.04,293.30,297.05,289.99,288.50,284.45,278.84,272.21,259.88,259.05,250.00,239.23,232.66,223.51,217.71,210.76,205.15,193.08,184.38,176.01,167.31,151.61,144.42,134.10,127.56,118.51,105.02,93.62
122.92,134.74,142.90,153.94,156.26,166.82,167.76,175.01,177.34,181.96,186.07,191.64,194.16,198.11,200.47,210.09,215.93,227.13,233.60,238.38,251.62,259.86,270.10,277.14,282.29,292.50,298.61,289.08,289.75,283.78,279.03,272.38,259.86,258.63,248.12,241.30,233.21,224.24,218.19,210.95,205.65,193.49,186.12,175.14,168.43,154.03,143.42,135.06,127.48,117.99,102.59,92.78
124.46,138.22,143.93,153.94,160.08,169.37,169.92,174.83,177.34,179.49,188.35,190.67,194.44,198.70,205.12,211.92,217.86,225.00,233.14,239.63,252.92,261.77,270.77,277.74,285.95,291.73,293.34,292.10,293.23,283.43,282.41,273.51,260.97,256.25,244.24,238.48,233.08,225.22,218.76,209.19,203.73,196.23,185.56,174.18,167.86,154.16,145.50,135.06,125.59,116.18,106.62,94.02
123.00,137.28,144.47,153.47,160.65,168.01,172.24,175.60,176.96,181.01,188.32,191.38,194.24,199.48,206.39,210.58,216.08,226.53,234.64,240.47,252.58,263.21,271.62,279.41,285.95,291.37,294.77,293.30,290.75,283.52,280.11,274.00,260.23,257.60,246.46,239.55,233.11,225.14,217.89,209.16,203.49,197.99,184.32,175.92,168.08,154.63,146.84,135.62,126.56,114.11,106.04,93.65
120.34,132.02,140.77,149.20,156.92,163.03,165.41,173.40,174.95,177.23,182.46,185.97,187.83,194.65,200.69,206.42,211.15,219.15,228.37,233.62,245.98,256.96,266.60,274.04,280.14,286.12,292.00,287.76,284.96,280.63,276.47,267.29,255.84,254.42,243.77,236.21,231.85,222.27,213.71,208.43,202.28,191.43,181.73,171.47,166.83,151.21,143.42,134.20,124.02,114.91,102.42,93.41
117.90,130.00,138.06,146.51,151.11,157.29,162.05,167.43,170.07,172.63,179.98,182.58,184.98,190.16,194.28,200.06,206.85,213.94,223.79,227.19,240.19,249.90,260.85,265.38,268.37,279.03,282.96,279.00,274.52,272.62,266.22,260.55,247.12,248.89,236.24,228.04,222.00,213.58,207.59,202.36,194.12,185.56,174.75,167.30,160.78,146.99,138.00,129.25,120.43,110.60,99.85,90.05
126.21,138.00,143.85,155.72,159.81,170.50,172.14,177.80,180.10,180.62,191.27,192.11,195.58,202.25,206.04,214.06,219.26,228.74,235.65,243.06,255.24,263.46,275.96,281.66,289.01,293.50,297.64,297.22,293.55,287.12,284.43,277.09,266.33,261.85,249.87,242.13,237.81,228.21,221.40,210.92,204.20,198.92,186.66,176.82,168.66,156.44,146.48,136.82,127.88,117.43,105.99,95.67
125.16,137.01,146.54,154.86,159.54,169.11,171.75,178.10,179.12,185.22,187.39,194.45,197.27,201.76,205.20,213.38,218.25,228.88,237.13,241.63,256.14,266.03,275.54,283.00,285.82,296.08,302.58,294.07,293.44,286.27,283.09,278.30,262.07,261.17,249.16,242.01,234.18,226.31,218.72,212.61,207.28,195.56,187.61,176.82,170.75,153.94,145.17,135.69,129.07,119.64,105.68,93.19
120.02,131.18,140.72,148.77,153.21,161.97,165.42,171.16,172.01,176.14,182.20,187.43,189.41,194.83,199.58,205.41,212.56,219.61,229.33,232.22,246.34,258.50,270.90,275.48,281.11,290.01,295.15,292.34,286.67,283.44,275.50,271.81,253.51,251.73,243.10,230.93,221.43,212.51,207.97,200.26,193.93,183.58,173.11,163.93,156.32,142.34,134.01,124.81,117.18,108.56,97.06,87.11
117.89,129.77,135.00,145.34,152.80,158.47,162.05,166.96,169.85,173.30,178.10,181.57,185.53,190.52,193.81,202.47,206.42,215.70,222.72,227.76,242.19,251.75,261.02,269.40,273.48,282.20,286.63,283.59,281.00,274.70,270.17,258.69,249.06,243.51,234.40,225.38,217.88,208.58,202.65,191.85,188.05,177.10,170.00,159.26,152.09,140.06,129.39,122.43,113.85,104.04,93.90,86.27
114.04,124.42,132.32,140.87,146.77,154.03,157.31,163.23,165.51,169.10,174.27,179.66,180.68,185.37,189.21,195.88,202.92,212.90,219.13,224.52,236.32,245.69,256.91,261.90,267.90,278.49,283.66,281.09,276.18,271.81,266.31,260.10,242.99,241.86,229.92,222.04,213.93,202.56,197.44,190.97,186.90,173.74,167.87,158.00,152.05,136.09,127.78,119.62,113.23,103.85,93.65,81.84
118.60,130.86,139.47,147.14,151.73,159.67,162.24,168.83,170.67,174.15,179.98,184.84,186.14,190.47,195.36,201.70,207.18,216.91,225.87,229.51,242.56,252.34,260.51,266.53,273.59,281.58,285.03,280.32,279.21,274.87,268.00,262.41,250.05,248.49,240.10,230.77,225.75,213.55,209.09,202.74,197.84,186.12,176.03,170.26,162.20,147.14,138.51,128.81,122.19,111.45,99.72,88.46
125.51,137.61,146.24,156.00,161.14,170.08,172.03,180.24,181.22,185.05,191.01,195.17,198.17,202.18,206.98,214.57,219.65,229.21,238.45,243.82,256.72,267.29,275.94,285.89,289.53,298.48,301.23,296.67,296.74,290.85,286.25,280.66,265.65,264.55,254.08,244.29,238.14,227.25,222.19,214.95,209.77,197.37,187.10,179.00,172.24,156.27,147.85,138.00,128.44,119.00,106.61,95.04
125.99,136.97,146.66,154.49,161.38,169.19,173.67,178.72,179.69,183.56,192.28,193.22,195.13,202.12,208.46,214.90,218.28,228.84,236.10,243.52,257.03,265.32,276.31,285.75,291.29,297.06,300.11,299.79,296.11,289.31,286.43,280.40,265.93,261.28,250.58,243.13,238.89,229.39,221.72,214.76,207.74,200.82,187.04,177.48,170.33,157.31,149.28,137.54,128.46,116.11,107.56,96.80
123.11,133.90,143.35,151.95,159.03,164.55,170.48,174.84,178.57,180.35,184.70,188.96,193.55,196.43,199.37,207.47,214.60,222.85,231.37,236.72,247.89,258.21,268.16,273.43,278.30,287.17,290.77,287.98,285.90,281.28,271.02,265.01,254.80,253.99,243.20,235.26,226.61,218.34,213.74,207.09,201.76,190.07,182.65,171.81,164.40,150.57,140.80,131.55,123.89,115.88,102.84,91.98
123.65,134.21,143.74,152.82,158.49,164.68,170.89,174.55,177.72,180.60,185.69,190.71,192.00,196.42,201.81,207.85,214.72,223.04,232.77,236.04,249.23,259.02,269.67,275.86,281.52,288.53,293.39,287.79,286.63,282.46,276.35,268.82,256.10,256.89,245.20,238.08,229.46,220.12,213.56,209.48,202.92,192.44,182.58,173.05,167.03,150.95,142.27,132.91,125.00,115.10,104.48,92.36
123.56,135.09,144.01,151.72,159.77,167.53,169.85,175.60,176.24,179.47,188.45,191.05,192.02,198.44,202.39,209.81,215.26,222.95,231.86,235.31,251.91,261.45,270.39,276.96,283.64,289.25,292.53,290.37,289.71,281.31,277.24,268.78,257.60,253.80,244.10,235.27,231.00,222.99,215.84,208.02,201.31,193.15,181.25,172.59,166.82,153.59,144.03,134.24,125.32,114.14,103.81,93.65
120.15,132.31,138.64,149.80,154.98,164.44,166.39,170.70,173.29,176.24,182.63,186.13,189.28,194.06,198.64,205.64,212.08,219.69,228.37,234.27,247.75,256.40,268.68,275.15,282.46,288.88,293.59,292.02,288.11,283.21,277.97,268.51,256.22,250.84,240.42,230.50,222.44,215.62,209.23,198.09,192.57,183.32,172.66,164.83,156.97,142.77,135.62,128.00,118.60,108.78,98.79,88.23
121.49,134.53,143.54,153.53,158.00,164.51,167.69,172.31,176.18,180.16,184.46,189.19,192.08,195.90,200.38,209.50,212.25,222.38,231.25,235.21,248.45,258.09,269.30,273.24,277.49,287.42,292.20,285.75,285.20,281.18,274.15,268.56,256.46,253.85,245.40,236.48,228.02,220.52,214.54,208.35,201.56,188.61,182.45,173.25,165.05,150.80,142.28,131.47,125.16,114.13,101.21,91.21
120.77,133.54,142.05,152.07,156.19,164.54,167.97,173.69,175.55,179.57,184.33,189.45,192.77,195.53,199.98,207.76,213.19,222.17,231.29,234.08,247.80,256.20,266.56,274.30,278.69,289.01,292.62,285.95,286.22,282.00,274.85,267.15,254.63,255.20,241.78,235.48,226.77,219.74,213.57,206.55,201.10,189.27,181.97,171.33,164.16,150.62,142.30,131.61,124.19,115.52,101.21,90.43
125.20,138.40,144.93,155.13,161.42,169.84,172.53,178.60,180.48,182.60,191.42,192.38,194.16,201.88,205.01,211.40,217.04,226.55,234.67,241.85,253.48,263.07,272.16,281.68,287.84,292.25,297.33,296.62,292.71,285.95,284.31,276.46,261.61,259.19,247.87,240.30,233.19,225.14,219.24,209.75,204.02,196.01,184.71,177.55,167.72,155.71,145.12,136.69,126.65,116.04,106.23,94.05
117.78,128.76,135.38,146.03,150.05,158.62,161.25,167.04,168.18,171.83,177.10,180.05,183.21,189.48,192.09,198.44,203.54,213.47,223.19,226.74,239.89,248.29,257.78,265.23,269.31,276.00,279.54,278.34,274.87,271.15,266.61,259.62,247.02,244.09,233.53,227.91,221.25,213.04,206.71,201.73,193.10,185.81,173.57,166.59,159.41,146.81,136.34,129.26,118.51,109.62,99.96,90.02
118.07,129.83,137.88,146.17,151.29,157.69,161.00,167.69,168.08,172.15,177.61,181.46,183.98,190.08,192.20,198.60,203.97,212.68,223.30,227.16,239.80,248.46,257.97,267.48,269.09,275.63,281.97,276.52,273.99,271.81,266.72,259.88,248.01,246.29,235.48,227.02,222.06,211.48,206.00,202.20,194.61,184.88,177.12,167.30,160.46,147.00,137.53,128.56,118.53,109.60,100.85,88.05
117.61,130.25,135.72,145.79,151.64,157.85,163.37,166.43,168.24,172.54,178.63,181.03,183.81,190.43,192.82,199.55,205.88,212.42,222.47,228.21,239.26,247.95,258.44,266.20,270.80,276.63,279.90,279.26,277.25,269.16,266.58,260.86,245.59,244.76,233.32,228.18,223.62,213.71,207.18,197.31,193.08,188.32,174.32,168.05,159.40,146.35,138.24,129.14,119.92,111.83,101.55,90.47
119.41,131.02,140.07,147.12,153.72,159.82,165.00,170.45,171.82,178.04,181.86,185.27,189.08,192.21,197.12,203.33,210.64,219.92,227.11,231.40,244.12,253.95,265.91,271.54,278.04,286.69,289.87,287.39,284.84,282.58,271.67,262.83,250.15,249.13,236.62,228.41,218.69,210.69,205.55,198.50,192.08,181.33,171.49,164.75,156.24,142.04,132.02,124.81,115.74,107.00,95.59,88.02
125.77,137.20,144.00,153.00,160.11,169.53,171.09,177.65,179.29,182.49,189.68,192.75,194.74,202.04,208.29,213.60,217.20,227.62,237.26,243.07,256.02,269.03,277.46,285.48,291.19,298.52,303.39,303.16,300.20,293.72,288.11,281.85,263.47,259.31,248.20,238.20,234.80,223.79,216.39,205.57,200.68,191.56,179.20,171.21,161.98,151.63,140.81,132.88,122.11,112.87,101.84,92.63
123.79,135.80,141.82,150.16,158.50,167.17,168.87,174.41,175.93,179.33,186.39,189.48,193.05,199.12,203.71,208.59,213.01,223.65,230.59,237.03,249.90,259.20,269.12,279.02,285.57,290.22,293.99,289.88,289.95,281.66,279.29,274.22,261.62,255.39,245.97,238.67,233.55,226.01,218.05,209.54,204.86,195.24,184.40,173.10,168.07,154.30,146.09,137.06,126.62,116.08,103.48,95.38
120.31,131.00,140.89,147.76,155.50,163.09,167.39,170.29,173.12,179.05,183.66,185.65,191.38,196.57,199.53,207.76,211.62,220.34,229.89,237.01,250.26,262.62,268.48,277.94,283.65,293.03,295.00,292.24,292.21,285.51,279.65,272.31,257.22,252.25,243.56,234.47,225.08,216.12,211.10,202.31,193.16,184.22,173.01,165.24,158.42,145.78,136.01,128.47,117.96,108.52,99.82,87.85
109.66,118.07,126.50,134.18,138.61,151.01,153.12,157.71,164.92,164.12,170.24,178.37,182.13,184.39,187.97,197.09,202.62,213.12,220.86,226.63,238.21,249.65,257.96,265.22,271.25,281.38,284.02,274.45,271.54,264.27,254.25,242.89,220.79,220.30,206.52,197.57,189.50,179.04,177.55,167.84,164.65,152.45,146.32,140.98,132.64,118.71,110.94,104.64,101.24,92.78,80.16,74.09
124.49,136.49,145.77,154.64,160.38,169.45,172.80,178.36,180.85,184.39,190.06,193.02,196.51,200.47,202.92,210.24,217.68,228.35,235.10,239.83,252.05,263.93,272.36,280.48,283.78,292.68,295.91,291.78,292.04,286.06,281.09,272.36,260.02,258.72,248.52,239.25,231.48,224.08,216.70,210.44,203.71,195.00,184.81,176.32,169.20,153.59,144.62,135.68,128.27,116.42,106.53,94.02
112.36,123.49,135.92,144.84,146.74,150.60,160.52,159.83,166.14,168.81,175.15,179.71,183.41,186.68,188.77,195.16,200.69,208.06,217.41,224.32,239.41,247.01,256.45,264.70,268.87,276.31,281.94,278.00,276.93,271.12,265.84,259.19,243.21,239.17,228.32,220.29,212.36,203.63,199.85,190.28,185.15,178.62,167.37,157.26,150.21,137.44,128.81,121.83,111.00,100.32,94.02,86.02
119.82,131.23,141.90,148.63,156.63,165.92,166.24,172.35,175.14,179.05,183.20,187.11,189.91,196.09,199.00,205.65,214.11,222.70,229.54,233.69,249.06,258.12,269.24,275.07,282.29,289.15,294.96,291.76,289.11,285.12,277.97,272.25,255.67,250.71,240.50,230.33,221.82,215.75,209.23,200.38,191.17,186.26,175.41,164.51,157.88,143.39,134.63,127.88,118.61,107.42,98.23,90.61
123.60,135.53,143.17,153.01,159.14,167.03,171.07,174.67,176.28,179.34,185.65,190.00,191.09,196.46,201.80,208.00,213.36,222.95,231.32,238.03,248.60,258.65,268.96,276.72,279.26,287.06,293.66,288.02,286.53,279.20,277.07,268.73,257.39,254.14,242.84,235.33,231.62,222.73,215.84,205.55,201.00,192.20,180.81,172.04,166.21,152.32,144.03,132.44,124.46,114.91,105.48,93.90
124.48,136.96,145.42,153.47,160.70,168.68,171.75,178.33,177.71,182.02,187.56,191.40,194.16,201.65,205.04,213.51,218.81,226.81,235.72,241.67,253.12,264.47,272.15,280.40,286.18,293.86,297.12,294.68,294.29,287.04,281.94,274.57,261.09,261.28,248.97,241.05,232.94,226.56,218.55,211.29,205.77,193.66,186.01,178.10,168.63,154.26,145.84,137.21,127.58,117.00,106.02,93.72
117.69,129.54,138.60,147.28,152.82,159.66,163.59,168.67,170.79,173.23,179.57,183.53,185.57,189.84,194.83,201.96,205.55,215.23,222.80,230.00,240.28,250.71,258.09,265.67,270.28,276.84,281.58,278.89,279.51,272.36,268.70,259.89,248.57,245.59,235.60,230.18,219.82,212.72,206.70,200.06,194.54,185.10,176.17,167.00,160.38,145.88,137.74,129.63,121.43,110.16,99.76,90.00
126.37,140.87,146.71,156.39,163.19,172.25,175.76,179.98,183.35,183.44,192.17,193.75,197.09,202.83,209.70,214.70,219.45,228.46,235.87,246.13,258.12,268.88,277.42,287.11,292.58,297.35,299.88,300.49,297.36,291.05,286.77,282.09,266.69,262.49,250.46,245.58,238.32,230.36,222.77,213.41,206.31,201.63,188.16,178.72,171.84,157.05,149.90,138.81,128.50,118.56,106.48,95.35
110.42,122.16,129.00,136.69,142.14,148.38,152.08,159.62,160.07,165.42,170.58,175.16,176.98,184.20,187.01,194.44,198.64,207.85,215.06,222.85,236.46,246.73,254.72,263.80,268.58,276.01,279.93,276.00,274.24,263.05,254.10,244.57,219.54,215.93,206.16,197.31,190.54,183.20,177.72,166.02,163.60,152.20,144.54,137.06,131.49,121.67,113.36,105.77,99.02,91.59,81.30,74.00
117.64,131.59,137.28,144.59,149.08,156.08,160.70,167.37,168.96,172.24,176.87,181.97,183.76,187.67,194.34,200.56,205.01,214.97,223.00,227.77,239.07,247.78,257.11,264.38,269.26,276.45,279.97,276.02,277.35,269.24,265.20,259.00,245.39,247.03,234.40,229.02,221.06,213.14,204.44,198.60,194.37,183.33,174.38,167.48,159.88,144.53,136.95,127.66,120.49,112.11,98.84,90.14
125.32,137.57,145.77,155.31,160.08,167.29,172.29,177.60,179.82,183.99,188.86,193.78,196.08,201.85,205.78,211.60,218.10,226.92,236.68,239.38,252.41,263.41,273.24,280.48,284.34,292.11,297.61,292.36,289.34,284.63,279.65,272.52,258.15,257.42,245.57,241.15,232.13,224.54,218.01,211.07,203.06,194.00,184.49,174.27,167.87,151.65,144.25,134.13,125.40,117.38,103.25,93.09
124.33,139.59,143.84,154.54,159.26,169.20,173.76,176.03,177.73,182.43,189.53,192.09,192.75,201.96,205.12,212.85,214.73,225.44,233.21,240.01,253.53,262.43,271.02,278.57,284.02,291.03,295.01,292.84,292.12,284.26,278.62,275.39,259.83,253.90,246.47,239.57,232.13,225.40,219.92,209.75,202.70,195.02,182.92,173.28,166.93,153.06,145.09,136.01,124.04,113.86,104.45,93.60
123.91,135.72,145.77,152.59,158.52,167.29,171.05,175.82,177.37,183.00,185.43,191.88,195.93,199.12,205.00,210.24,217.57,225.79,236.13,238.93,252.14,262.89,274.02,279.41,283.64,293.87,295.67,290.50,290.02,285.71,279.52,272.97,260.43,258.72,248.02,242.23,232.20,224.24,217.25,212.01,204.12,193.09,184.81,175.33,169.01,153.00,144.52,136.31,127.01,117.72,103.08,92.72
123.91,137.00,145.40,152.74,159.54,166.11,168.24,175.03,178.54,180.90,185.81,189.76,191.26,197.31,200.49,208.46,214.25,222.15,232.31,235.47,248.65,257.80,270.34,276.01,280.59,289.07,289.75,288.00,282.59,283.21,276.47,269.01,255.52,254.01,243.21,238.56,228.48,219.16,213.23,207.62,199.49,192.09,183.29,173.29,166.21,151.03,143.59,134.18,124.48,115.97,103.08,92.02
126.32,137.44,140.41,154.39,160.11,167.03,170.85,175.96,177.28,181.01,187.56,189.00,192.59,199.83,202.71,209.31,211.86,221.05,230.71,238.17,249.58,259.62,269.55,275.62,283.30,290.63,289.29,290.56,288.29,281.04,276.88,271.40,259.39,255.98,243.77,234.79,230.36,222.80,216.00,205.97,198.64,191.67,182.00,172.47,168.08,154.73,144.46,135.07,125.00,114.11,104.40,93.38
122.92,135.72,143.84,153.56,157.15,166.39,169.74,174.26,178.10,181.30,186.02,189.99,192.92,198.00,201.82,208.86,213.78,224.08,232.02,236.69,250.39,261.04,270.18,275.04,280.26,287.14,292.21,289.40,290.00,281.95,278.37,270.83,256.80,255.33,242.16,237.00,229.49,222.69,215.46,207.52,200.00,191.38,183.81,172.01,167.60,151.99,140.25,133.38,125.72,115.97,101.59,92.02
119.33,130.59,136.62,146.84,153.05,161.04,165.95,169.96,171.84,174.87,180.88,183.31,187.39,194.56,198.09,205.77,209.02,218.77,226.61,234.05,246.72,257.10,265.35,273.91,282.85,286.78,291.25,287.64,287.99,280.27,277.65,269.03,253.80,245.84,237.15,230.96,223.58,213.59,208.69,197.23,194.82,184.70,173.97,164.94,158.82,145.12,133.76,128.00,117.39,107.12,96.80,89.27
121.51,134.47,140.94,150.96,156.92,164.26,165.58,173.29,176.62,178.64,185.22,188.22,192.51,194.79,199.01,209.01,213.77,220.54,229.24,236.21,249.43,257.24,267.64,273.65,278.00,285.83,291.92,286.01,286.53,280.13,275.77,269.05,258.63,254.16,244.17,236.17,227.77,219.23,215.73,206.21,202.63,191.00,183.00,172.80,166.72,151.48,142.00,135.07,125.40,115.84,101.60,93.68
125.30,136.21,143.69,152.83,161.37,167.30,170.66,174.48,178.51,181.16,187.45,190.92,193.84,196.90,200.35,210.21,214.95,222.00,231.42,236.58,251.91,259.62,270.56,275.36,281.58,286.43,291.44,290.66,287.77,282.12,275.86,270.83,257.96,253.29,244.50,236.13,229.71,220.33,216.11,207.79,201.94,192.09,182.50,173.42,165.42,151.49,142.09,135.01,125.25,113.36,105.19,93.65
115.26,124.91,131.97,140.43,146.01,153.38,157.70,162.86,164.54,166.01,175.11,176.18,180.01,184.20,187.20,194.24,199.83,207.63,217.64,222.62,234.36,243.97,254.20,260.89,267.44,273.00,275.63,275.07,272.04,267.26,264.47,256.85,241.02,236.60,227.70,217.11,210.47,201.33,196.49,186.68,181.60,175.14,163.36,156.00,148.17,135.15,128.00,119.87,110.31,101.55,93.05,82.87
123.42,136.46,143.56,153.39,158.81,165.70,170.53,175.21,178.35,181.40,186.34,191.09,192.35,197.74,200.86,208.63,214.40,224.00,231.86,237.07,250.20,259.62,268.79,276.35,280.03,288.47,289.70,289.01,287.04,279.96,278.15,271.05,257.02,254.97,244.90,235.67,227.48,221.00,213.41,208.00,203.04,192.63,184.18,173.35,166.21,152.87,141.91,133.45,126.21,115.97,103.79,93.09
115.25,126.02,133.41,140.43,147.57,155.71,157.71,160.86,166.01,169.05,175.10,176.79,179.40,186.21,189.41,196.86,201.10,208.93,218.01,223.89,236.48,246.01,253.72,260.77,266.85,275.69,277.46,278.68,276.12,267.47,264.76,256.16,242.54,236.76,227.50,218.55,212.15,202.53,197.09,190.92,184.84,174.55,163.99,154.87,148.39,137.64,129.06,119.97,111.40,101.71,93.06,84.40
125.18,136.85,144.18,152.40,159.71,167.71,170.53,174.98,179.66,181.65,186.75,189.02,194.49,196.10,200.86,209.90,212.96,222.11,228.54,230.79,246.99,256.72,267.71,277.72,279.57,287.34,290.90,286.92,285.21,280.77,274.12,266.85,255.36,253.87,243.68,238.40,229.40,220.17,213.94,206.90,203.49,193.26,183.96,172.70,167.30,151.60,142.06,133.81,124.10,115.88,104.89,94.89
121.26,135.15,138.60,149.40,159.33,163.15,165.02,170.21,173.05,178.62,184.50,187.86,189.76,196.35,200.82,207.65,212.94,221.68,228.82,234.80,249.03,258.71,266.60,277.41,281.34,287.79,294.92,293.22,292.17,284.30,279.32,270.39,252.22,249.97,240.62,233.24,224.59,215.06,208.31,199.28,194.94,186.14,174.75,166.14,157.99,144.20,136.80,126.92,117.64,109.27,98.25,88.24
89.01,98.18,101.02,102.18,109.60,114.98,117.65,127.10,132.52,142.27,149.72,160.03,166.82,171.28,178.28,187.18,190.92,200.03,208.41,217.83,220.49,231.66,238.66,247.99,248.70,253.67,242.39,237.22,224.66,212.00,201.68,185.00,158.62,154.32,135.69,126.61,114.54,105.77,99.36,89.55,82.10,72.95,67.42,61.29,56.65,48.76,47.85,45.28,40.80,36.40,39.60,35.51
119.52,132.23,139.13,149.27,153.39,161.55,164.22,168.80,175.55,177.53,181.52,185.13,189.42,194.74,197.39,204.71,209.07,219.21,228.84,233.62,249.78,257.01,267.25,275.22,277.91,290.77,293.06,291.34,288.44,281.68,279.08,271.66,252.77,252.00,241.11,233.08,223.56,215.13,206.90,199.36,193.88,184.25,174.14,166.11,159.02,144.00,135.76,127.48,118.09,109.24,97.42,87.62
119.50,133.15,141.29,149.26,153.53,161.76,164.92,169.01,173.83,176.82,181.55,185.39,189.27,192.82,197.65,205.81,211.15,218.07,228.16,235.30,247.49,256.74,269.47,275.05,279.49,290.46,294.87,291.17,289.56,283.10,276.59,268.89,253.31,254.39,240.26,232.11,222.79,216.09,209.31,200.02,195.49,185.73,175.45,165.06,159.66,143.39,134.06,126.78,120.07,107.67,98.39,87.05
122.92,135.15,142.17,148.82,158.23,165.05,168.62,173.00,174.83,178.44,185.70,186.89,190.21,196.70,200.86,207.06,211.99,219.87,229.98,233.96,248.52,258.82,267.37,274.82,277.76,285.39,290.19,288.19,283.92,278.93,276.01,269.58,255.64,253.71,240.35,233.24,229.71,219.15,214.35,206.69,199.01,192.32,178.33,171.29,164.51,151.09,143.56,132.31,123.31,113.22,102.49,92.23
115.38,127.01,133.46,141.42,147.72,156.39,157.89,163.82,165.59,168.60,175.50,176.98,181.02,187.22,190.07,197.27,201.79,209.86,216.92,224.64,234.55,246.38,253.25,260.60,268.96,273.72,278.17,275.29,273.58,266.19,262.77,252.66,239.68,236.02,225.29,218.28,211.75,202.09,195.62,185.91,183.52,174.00,162.48,153.91,147.58,135.44,128.55,120.35,110.16,101.24,93.35,83.82
118.97,130.06,137.83,145.43,151.80,158.38,160.80,166.88,169.55,172.05,178.89,181.46,184.14,190.12,193.07,199.85,202.89,211.75,220.38,226.91,239.84,247.88,259.65,265.66,268.27,275.31,280.04,278.54,275.84,269.67,266.54,259.59,247.58,244.25,235.05,226.74,220.84,214.05,207.66,198.98,191.32,184.04,174.55,165.56,158.78,145.46,138.68,127.06,119.10,108.63,98.35,89.84
114.04,125.24,133.54,141.91,147.14,154.49,157.81,162.61,164.83,167.80,174.32,179.55,181.66,186.68,190.08,196.16,202.87,209.82,219.20,224.50,233.63,245.58,257.45,262.98,268.00,277.72,282.88,278.44,277.02,272.03,266.63,258.64,241.62,242.24,232.45,221.79,215.02,205.41,198.72,192.26,184.79,176.31,165.68,157.75,150.57,136.89,128.22,118.60,113.11,103.75,93.24,82.98
122.04,133.09,142.51,151.57,158.45,166.63,168.00,175.45,175.80,180.47,187.36,192.00,194.98,198.64,201.90,209.70,217.04,225.52,234.54,239.53,251.47,264.12,273.65,283.11,287.84,296.29,303.27,297.07,296.95,292.18,286.69,278.41,260.20,260.19,248.91,240.01,230.59,220.62,212.90,206.97,200.59,188.05,180.01,170.60,161.70,145.73,138.24,129.06,120.83,110.54,98.67,89.68
123.97,138.18,143.21,155.32,161.79,170.02,171.60,175.93,178.89,181.80,189.01,190.72,194.13,200.61,205.12,212.00,214.65,226.18,234.01,240.41,253.06,263.15,271.84,280.42,285.22,290.74,295.05,294.00,293.64,284.29,283.18,274.70,261.38,257.33,246.11,241.87,234.72,227.67,220.23,209.69,205.80,197.20,184.95,175.51,167.84,154.51,147.05,137.62,127.29,114.95,106.23,95.29
117.00,129.99,139.09,146.44,149.93,159.88,160.65,166.31,168.51,172.70,176.95,180.57,184.04,186.27,192.72,198.04,203.30,212.12,220.43,225.20,236.07,249.34,254.70,261.40,264.71,276.87,279.65,274.96,275.54,268.87,262.02,256.16,244.23,242.99,233.35,228.59,217.41,212.32,204.41,200.68,194.49,184.17,175.11,165.77,159.66,142.62,137.00,126.65,120.28,110.69,98.08,88.10
125.57,136.62,146.82,157.00,160.73,169.01,172.81,178.68,181.21,184.55,189.27,194.25,197.69,201.53,204.07,212.98,218.92,228.62,238.48,240.53,252.51,264.37,273.25,280.74,284.88,293.82,297.87,295.31,290.83,287.56,280.72,273.31,259.39,260.93,249.73,241.87,234.44,224.32,216.52,213.19,206.70,195.41,184.68,176.00,169.52,155.42,145.83,134.94,128.97,118.15,104.74,93.39
117.99,130.36,138.28,147.22,151.60,158.81,162.79,168.08,171.19,174.63,177.00,182.46,186.21,189.83,191.67,200.04,205.50,214.72,225.66,226.75,239.01,248.85,256.28,263.43,268.53,276.59,281.45,276.74,273.37,270.25,264.22,257.26,246.42,246.17,236.78,226.10,219.46,212.66,205.24,200.41,195.26,184.84,175.51,167.01,161.05,144.92,136.78,127.48,119.57,111.61,97.86,89.05
123.11,136.62,145.77,153.95,159.30,167.93,170.24,175.45,177.55,182.58,186.32,191.76,193.93,199.72,202.67,208.89,213.44,224.74,233.57,238.76,250.07,261.38,270.12,277.14,280.37,292.39,294.85,288.60,288.09,281.06,276.74,270.63,257.73,259.28,244.64,239.08,231.40,224.54,215.11,209.76,203.86,192.80,183.44,176.01,167.63,151.72,141.79,134.50,125.30,116.52,103.32,92.91
115.88,130.18,136.69,145.03,150.99,158.62,163.29,168.69,170.67,173.48,180.43,186.30,187.75,194.59,200.11,205.29,211.99,222.08,231.90,235.85,249.36,261.94,271.03,280.77,285.95,294.32,294.46,293.98,285.72,278.73,269.31,259.98,234.88,231.95,216.90,206.65,201.72,194.59,189.55,177.18,172.99,166.21,154.35,147.99,139.67,128.27,122.12,114.63,104.00,96.02,87.46,79.20
119.62,133.69,139.28,148.79,154.05,162.86,166.01,171.73,173.74,177.89,183.37,186.94,192.11,195.17,198.76,207.08,211.74,221.27,227.34,235.54,249.13,259.56,269.19,274.24,279.95,290.52,295.99,290.66,290.24,285.70,277.11,270.84,256.18,252.62,244.44,233.57,223.18,217.01,208.40,202.27,193.87,183.04,175.00,164.75,159.20,142.09,134.71,124.81,119.89,109.04,95.71,87.46
119.71,133.82,138.77,149.91,154.21,162.12,165.68,172.39,172.84,177.54,181.82,186.40,187.97,196.31,199.54,207.04,209.69,220.91,229.00,235.21,247.49,260.97,267.44,275.57,280.71,290.46,294.46,291.61,291.14,283.24,279.33,270.96,255.95,250.46,240.39,233.50,227.18,216.84,208.17,202.16,194.67,186.08,175.17,164.51,158.90,142.36,133.96,125.16,118.53,109.04,97.08,88.01
124.31,137.38,143.81,152.55,159.67,165.12,171.41,176.23,176.24,180.83,187.88,190.44,193.26,198.71,201.93,208.63,215.82,222.43,233.03,237.08,251.83,260.02,269.92,277.46,280.62,289.51,293.06,290.15,286.70,281.89,277.06,273.43,256.03,257.96,245.46,238.30,230.08,220.82,213.93,210.12,201.63,193.64,183.32,174.94,167.30,152.12,145.52,133.56,124.56,116.40,103.32,93.65
117.72,128.89,136.88,147.38,152.21,160.73,166.42,171.02,171.29,174.96,179.88,188.48,189.28,196.04,198.49,209.77,214.96,225.04,235.94,237.08,254.24,263.50,274.82,279.73,285.91,296.91,302.95,297.23,292.98,284.21,272.83,259.72,241.01,235.42,222.41,214.55,204.63,193.33,189.39,181.59,176.08,165.95,154.55,149.45,142.06,130.00,120.11,113.76,105.30,97.99,87.73,78.77
112.54,124.31,129.77,138.19,144.84,152.00,156.85,161.82,162.86,166.11,174.89,179.05,181.04,188.35,192.11,198.02,207.37,213.59,222.32,227.71,239.76,252.39,262.49,272.37,274.53,283.09,288.50,285.46,281.01,268.30,265.57,251.45,231.37,226.28,213.59,204.94,199.36,186.34,181.82,169.01,168.86,161.79,147.30,142.66,136.52,125.17,116.52,110.57,101.18,93.94,84.48,75.43
122.92,136.17,142.28,150.95,161.15,167.04,168.58,176.30,177.91,180.58,187.88,192.02,192.50,198.18,202.74,209.40,215.67,223.18,232.49,239.71,252.52,262.21,271.62,279.31,286.02,292.34,297.24,294.29,292.80,287.12,283.02,275.41,255.14,253.14,242.99,235.30,225.27,215.36,208.63,200.74,193.04,187.03,172.74,164.13,157.38,145.45,135.96,126.04,115.04,106.30,96.30,86.88
129.40,141.99,149.81,160.10,166.01,174.54,178.33,181.47,185.61,188.35,194.49,198.25,201.96,207.89,208.97,218.32,225.18,233.62,242.25,248.36,260.28,271.40,283.06,286.97,293.49,301.48,307.77,301.41,298.56,293.46,287.34,279.30,264.49,264.02,251.80,229.06,216.78,205.10,213.03,199.58,203.04,193.72,183.37,174.27,164.98,152.32,143.01,132.85,124.84,114.24,104.12,94.02
128.13,139.13,148.14,158.80,164.45,173.44,176.95,183.37,183.56,188.88,193.60,198.18,200.82,207.27,209.12,218.39,224.57,234.35,243.79,248.60,260.01,272.64,281.40,288.18,294.45,303.30,307.66,300.57,298.05,292.59,287.42,280.79,262.38,266.55,251.91,228.74,217.89,203.27,212.84,199.36,203.89,194.81,184.29,176.71,165.59,151.82,142.78,132.54,124.62,114.59,103.12,92.54
120.93,132.31,139.79,148.45,154.56,160.56,167.20,173.28,175.62,178.06,186.13,192.09,193.84,200.87,203.67,214.25,217.99,228.35,237.53,243.24,254.66,269.42,279.52,289.21,295.16,303.91,308.15,302.13,297.41,290.00,281.75,267.66,243.02,241.02,229.08,218.18,208.17,198.29,194.20,185.85,178.68,168.30,160.22,153.52,144.59,132.50,123.99,115.38,110.22,102.53,90.55,80.99
114.24,125.26,131.61,138.81,146.89,154.56,155.33,163.17,165.92,167.39,177.10,179.94,181.04,188.32,194.13,201.10,204.97,214.53,221.35,229.73,240.71,255.01,263.73,273.00,281.90,286.01,288.59,288.50,282.68,273.59,267.17,254.20,232.40,226.27,213.89,206.04,199.25,189.13,183.74,173.83,168.43,163.02,152.90,145.89,139.18,126.02,119.51,111.73,103.82,95.13,87.71,79.03
127.01,139.52,147.87,157.04,160.65,170.84,175.76,180.65,182.88,187.11,190.54,197.13,199.46,205.53,207.28,216.06,220.76,231.62,241.67,244.75,259.27,268.78,277.32,286.30,290.00,299.70,304.14,296.93,296.97,293.29,289.46,281.57,266.18,265.24,252.49,244.18,239.42,231.16,225.26,215.23,210.34,199.30,192.11,178.97,173.09,158.24,147.27,140.16,131.38,121.30,108.30,97.31
91.53,100.58,105.34,109.29,119.34,124.08,127.35,134.47,141.90,145.34,153.94,162.20,165.48,171.68,176.82,185.81,188.50,198.08,203.44,207.89,213.96,221.63,226.12,234.23,238.31,237.49,232.38,231.37,225.08,208.03,208.06,193.02,177.26,170.07,155.55,145.36,138.06,130.63,123.89,111.54,105.12,99.40,88.12,86.56,79.70,73.55,67.68,63.32,56.04,51.01,48.88,46.49
123.11,136.01,144.39,152.86,160.33,166.31,169.67,175.60,178.57,181.62,187.95,191.63,194.65,199.11,201.43,210.30,216.45,224.96,233.28,236.78,248.64,261.08,269.47,278.15,282.19,290.22,295.49,290.06,290.50,284.85,278.69,272.68,258.05,259.53,248.78,240.20,231.64,223.28,216.81,212.51,204.06,195.00,185.53,177.75,169.85,154.35,145.43,135.59,127.28,117.34,105.44,94.92
113.18,125.06,130.55,141.45,145.60,155.05,157.31,166.82,168.08,169.29,177.55,181.64,184.46,192.09,194.92,200.25,208.06,215.68,224.59,232.22,247.32,255.18,265.80,273.03,279.55,289.80,292.44,292.55,285.62,275.54,270.90,260.41,239.35,231.28,218.33,209.69,203.49,192.76,188.83,176.51,171.03,165.70,152.61,145.91,141.65,128.86,120.24,113.32,105.02,97.50,87.73,77.49
127.66,141.36,148.05,157.85,163.34,172.54,176.18,182.10,184.46,188.09,193.89,198.12,200.82,205.73,208.79,216.57,222.70,231.77,243.07,247.29,260.00,271.67,280.73,287.31,293.98,302.12,306.57,300.37,301.27,294.33,289.91,282.85,269.70,268.37,257.01,248.93,242.67,230.27,224.98,218.91,211.69,200.88,191.37,183.15,174.54,159.15,149.05,140.46,131.14,121.24,108.23,98.08
89.05,96.77,101.83,103.41,110.00,115.66,122.58,130.73,135.42,143.38,149.31,160.63,162.89,166.43,173.56,178.28,186.21,191.80,198.15,204.38,210.64,216.00,224.95,230.84,232.82,235.91,230.87,223.38,220.23,209.06,201.80,189.75,167.03,165.53,151.72,143.59,133.93,126.40,117.39,108.85,106.67,97.32,86.65,80.16,74.15,69.53,63.35,58.31,54.64,47.01,47.41,44.29
121.40,132.88,143.78,150.69,155.24,163.78,166.11,174.54,176.18,181.25,185.08,191.23,192.26,196.66,201.70,210.04,213.76,223.60,231.33,237.89,248.57,260.69,268.81,274.82,282.52,291.93,295.60,285.79,284.96,280.43,274.59,265.81,251.38,250.06,239.14,230.26,222.28,211.01,208.02,200.41,194.09,181.55,175.70,165.02,157.43,143.02,132.55,124.91,118.38,110.22,94.63,86.61
123.23,136.56,144.53,154.05,158.67,167.29,171.05,178.23,179.78,184.33,189.68,195.17,196.66,202.47,204.60,215.23,221.49,229.53,240.83,243.79,257.22,269.31,282.31,289.50,292.05,305.36,311.27,305.64,305.50,300.09,294.43,286.47,271.71,269.67,258.44,249.19,240.20,227.17,221.92,214.44,209.34,198.16,189.91,177.79,171.03,154.04,145.45,134.83,124.95,117.28,102.34,92.65
121.06,133.41,139.01,148.00,156.02,163.77,166.48,172.41,173.65,176.82,185.93,185.61,189.69,193.83,201.00,205.94,211.60,219.27,227.22,235.59,247.63,258.13,268.70,275.26,282.47,287.06,290.55,290.08,288.46,283.80,278.04,271.69,260.43,257.18,247.00,236.59,233.26,223.33,217.08,208.17,203.39,194.12,183.15,174.94,168.87,153.94,145.67,135.96,122.05,114.34,105.95,95.19
112.61,125.32,131.93,140.70,145.88,152.87,156.60,165.05,166.09,171.42,176.69,181.34,183.00,188.66,192.57,200.60,203.59,215.56,224.59,229.03,242.40,252.74,265.63,271.77,278.22,288.23,294.11,288.32,284.61,274.22,264.37,255.20,232.69,228.72,218.51,206.20,198.98,190.06,183.93,178.00,171.29,163.08,151.64,144.90,138.05,127.46,119.50,110.92,104.94,96.32,85.15,76.84
113.77,124.74,134.24,140.43,147.26,152.27,157.47,165.02,166.76,172.00,177.88,183.08,186.94,189.17,192.34,200.06,204.94,216.94,225.50,230.42,243.20,252.16,267.44,272.68,279.33,288.46,293.01,289.69,285.67,276.59,265.11,255.55,231.74,228.32,218.28,209.66,199.16,190.16,181.84,179.61,172.90,162.27,152.27,144.54,138.81,127.39,119.27,108.93,105.95,97.42,84.48,77.32
112.81,125.64,129.53,139.72,147.36,152.07,155.72,165.33,166.21,170.18,176.32,180.83,182.46,188.52,193.83,200.45,203.22,214.11,222.27,228.11,242.85,253.13,264.91,272.40,279.63,284.69,291.32,288.78,286.75,273.59,266.12,255.21,232.90,228.87,218.07,210.01,200.77,188.66,181.71,178.04,171.35,162.74,150.46,146.39,139.09,129.47,120.15,111.20,104.32,97.16,86.68,76.85
82.86,93.11,83.24,76.61,79.40,88.53,94.73,103.23,103.02,112.65,125.72,132.83,143.09,144.52,155.03,159.79,165.08,168.72,176.82,176.48,183.92,190.60,187.45,194.44,190.98,188.86,168.60,158.15,147.34,141.78,131.10,129.00,105.39,92.11,88.73,72.42,70.83,66.71,64.62,57.71,53.91,47.01,43.29,40.00,38.90,35.38,32.98,30.08,27.59,26.17,27.02,21.02
122.58,133.23,143.11,151.01,158.78,164.54,167.93,172.65,175.07,179.63,184.27,189.48,190.92,195.07,198.91,205.92,211.47,219.11,228.24,232.26,245.76,255.05,265.73,273.59,276.92,285.41,291.48,286.45,284.94,280.77,272.95,266.83,255.05,255.73,242.64,236.46,228.25,222.03,211.62,209.12,201.85,192.38,181.60,173.74,165.39,150.08,143.78,132.82,123.99,114.49,104.02,92.57
117.41,127.13,132.02,140.91,151.45,158.15,158.75,163.37,171.42,166.90,174.75,180.85,181.91,185.97,187.46,191.63,198.56,207.76,211.59,216.91,230.59,240.44,248.48,255.07,258.17,267.02,271.06,262.59,263.37,258.10,251.01,248.71,238.40,232.96,227.37,218.16,211.78,200.86,195.06,192.39,188.18,173.07,168.86,161.30,155.24,139.09,126.70,119.54,113.53,111.22,92.20,75.29
113.16,125.93,133.88,141.16,146.22,153.77,155.63,161.38,164.92,169.43,175.69,178.93,182.46,185.87,189.27,199.14,204.14,212.08,219.45,223.14,237.66,247.58,258.91,265.06,271.41,280.74,287.52,282.07,280.92,278.93,269.64,262.32,249.23,246.61,237.90,228.67,218.89,210.06,202.70,198.06,189.97,182.78,170.95,163.09,156.52,141.24,131.70,122.48,115.43,105.95,97.02,84.20
116.36,128.06,128.55,154.05,165.08,173.67,173.01,177.61,178.31,182.15,190.55,190.79,191.89,199.10,203.04,208.15,214.98,223.65,231.42,236.08,250.89,260.46,269.97,277.95,283.02,289.25,294.96,292.87,290.19,285.28,281.41,275.05,263.30,258.80,250.24,243.02,237.70,229.32,223.51,216.19,208.95,203.30,189.62,181.22,172.29,159.86,151.29,142.09,132.26,121.70,111.33,99.61
127.58,140.04,148.01,157.95,163.88,172.07,175.33,180.68,182.46,185.06,193.60,195.60,197.34,205.04,208.93,215.23,221.45,229.90,237.03,243.87,257.50,268.16,275.23,285.89,291.19,300.52,300.67,298.30,296.34,291.00,289.15,280.79,268.79,263.21,254.02,247.13,240.69,232.88,225.63,215.03,209.12,201.93,189.50,181.43,173.00,158.90,149.41,140.60,129.69,120.74,109.17,97.01
122.10,133.76,143.22,151.58,155.72,165.68,167.43,175.64,177.61,181.02,186.51,190.95,192.42,198.25,201.14,209.88,213.24,224.96,233.46,238.42,250.78,260.23,271.69,278.79,284.09,293.16,296.29,290.12,288.43,282.72,278.04,269.81,255.37,252.29,243.91,234.05,225.08,214.25,210.15,202.23,197.47,185.91,178.84,169.14,160.65,144.27,136.69,127.10,120.74,111.25,98.48,87.80
122.07,136.06,141.60,151.82,157.32,165.05,169.76,173.42,176.24,178.10,188.92,188.60,192.13,199.81,202.87,209.83,214.73,223.65,231.46,238.65,252.30,262.43,274.01,278.92,287.25,292.25,297.28,294.25,290.39,285.80,281.02,271.07,260.76,252.03,245.73,234.00,230.22,219.20,211.90,201.65,195.26,187.93,175.82,167.91,161.01,144.53,138.54,128.16,118.07,109.77,99.16,89.20
113.84,124.90,131.61,140.42,146.74,153.18,157.47,163.08,165.37,168.83,175.29,179.29,182.94,189.45,195.49,200.19,207.18,216.12,222.65,229.43,242.96,253.92,264.85,271.75,281.31,286.71,293.54,291.32,285.95,275.49,268.79,254.58,234.96,233.44,217.69,209.17,205.70,192.57,186.08,176.48,171.90,166.36,153.29,148.19,138.84,128.02,121.63,113.36,105.12,95.63,86.33,77.16
123.41,135.12,144.46,154.12,159.02,168.15,170.45,177.81,178.84,183.33,189.28,195.23,197.43,200.34,203.57,212.93,219.60,228.11,236.08,240.97,254.75,267.60,278.68,287.45,292.28,303.60,309.61,304.00,303.26,296.81,292.41,284.18,268.13,266.81,255.34,246.49,236.48,226.53,220.72,213.69,205.77,195.50,186.27,174.42,170.29,152.21,142.34,134.40,125.10,115.52,103.59,91.26
123.07,135.45,143.89,152.75,157.54,166.05,169.25,176.58,179.01,183.39,187.48,193.28,195.49,199.21,202.39,212.13,216.71,225.41,235.41,240.85,251.25,263.15,275.60,283.82,288.05,298.72,305.19,301.23,297.85,294.93,287.54,280.98,266.92,264.85,252.45,245.69,235.85,224.12,217.44,211.02,204.92,193.21,183.81,173.69,167.00,151.24,141.45,132.44,124.79,113.18,102.94,89.84
128.06,139.98,147.23,156.78,164.92,169.81,175.05,179.00,181.16,185.54,192.44,193.87,197.57,203.59,207.45,215.11,219.26,227.66,237.69,243.24,258.85,267.34,275.12,284.63,288.18,296.97,302.20,300.91,297.32,290.77,286.80,281.01,270.41,262.09,256.13,245.90,239.01,232.26,224.10,216.48,207.06,201.80,189.62,180.07,172.41,159.06,148.05,141.51,129.44,116.73,108.76,95.44
120.11,131.19,138.29,146.97,154.02,161.48,166.36,169.19,171.01,174.26,180.58,183.01,186.01,191.65,194.16,201.30,206.16,213.15,222.99,228.33,240.19,249.35,261.07,266.90,273.51,279.33,283.77,281.22,276.47,273.21,269.26,263.50,251.27,249.33,239.00,230.36,224.59,217.22,210.79,204.24,195.69,189.93,177.41,167.97,163.67,150.96,140.51,130.68,121.70,111.36,101.18,90.76
120.22,131.19,139.79,148.93,152.59,161.47,164.79,170.30,170.43,175.14,181.76,183.81,186.43,191.39,196.29,202.80,207.45,214.66,223.58,230.22,241.68,250.32,261.08,269.25,273.53,280.07,285.11,280.59,279.65,273.18,271.45,265.71,252.38,248.70,238.88,233.07,225.22,216.60,210.52,203.16,198.04,189.40,179.03,170.88,164.11,148.19,140.60,130.63,122.00,111.07,101.24,90.34
123.79,135.38,143.18,152.35,160.64,167.20,172.04,177.12,179.40,180.68,189.52,191.67,194.76,201.36,205.35,213.58,216.78,227.02,235.97,240.03,253.21,264.59,275.04,281.50,291.60,298.14,306.01,302.01,304.53,293.47,290.11,282.41,266.09,261.50,249.18,243.40,237.70,225.14,219.87,209.48,204.96,196.90,181.60,173.42,165.89,150.81,141.74,134.24,123.41,113.65,103.97,91.48
121.59,134.24,140.29,150.48,156.00,165.49,168.66,173.09,174.23,178.68,187.22,188.96,191.63,198.01,201.20,210.44,214.25,221.82,228.66,235.26,249.69,262.39,271.06,278.84,284.41,293.97,301.03,296.38,297.39,288.06,286.01,278.03,263.33,259.11,246.98,239.38,234.47,224.36,216.34,206.79,202.18,191.32,178.40,169.16,164.20,148.12,139.53,131.24,122.41,112.45,101.83,90.34
121.38,133.56,142.62,149.58,155.47,164.03,166.52,173.10,175.10,179.01,184.59,190.92,194.13,196.06,200.06,208.61,213.93,223.81,229.92,235.03,249.39,259.11,272.38,279.33,282.31,295.82,302.23,295.44,295.97,291.15,285.70,278.30,263.49,261.63,249.97,241.23,233.02,221.21,216.00,209.82,202.55,193.57,183.22,171.72,164.58,147.56,139.82,130.70,121.75,112.29,101.64,90.20
125.92,135.53,146.12,154.51,161.79,169.10,172.43,177.37,179.27,184.61,189.53,195.35,196.79,201.93,207.06,213.18,219.18,227.61,237.41,241.60,253.16,267.91,277.15,282.52,288.44,296.14,303.61,295.58,294.31,290.87,284.72,276.28,262.55,260.39,248.24,240.20,233.48,223.59,215.41,208.72,202.00,190.43,179.74,171.33,164.28,148.06,138.06,130.36,122.80,113.53,100.70,89.56
119.33,130.27,140.19,147.27,152.95,161.25,161.99,170.39,171.66,176.24,180.42,187.83,190.63,192.50,195.45,205.10,208.41,218.07,226.57,229.87,242.42,254.57,263.78,272.33,275.94,289.92,297.42,287.61,289.20,285.04,277.65,271.07,256.67,253.44,245.49,236.01,227.72,217.59,210.15,203.12,197.57,187.18,177.00,167.30,163.13,143.68,136.97,126.82,119.88,110.65,98.43,87.69
120.54,131.31,139.67,149.62,154.56,160.29,167.59,171.99,175.15,179.33,184.04,188.56,190.44,195.33,198.09,207.00,211.56,218.28,227.98,233.09,246.13,257.97,268.69,277.50,280.14,292.16,298.83,295.13,294.69,288.74,283.21,274.85,259.83,259.11,250.34,237.76,231.81,222.04,216.06,208.93,201.42,187.07,178.06,168.69,163.98,146.10,136.72,124.82,117.29,110.16,98.15,87.92
124.89,137.13,144.90,154.30,159.62,169.57,170.95,179.30,182.13,185.01,190.32,197.29,199.27,203.39,208.00,214.98,220.93,228.69,238.44,241.59,255.19,268.25,279.11,286.90,291.81,303.98,310.71,305.83,304.61,300.18,294.77,287.56,273.63,271.49,259.12,248.58,240.60,229.10,224.36,216.02,208.66,198.71,188.31,177.63,169.54,151.24,144.07,132.37,125.90,115.80,102.18,92.42
124.58,138.23,143.69,152.78,160.85,169.50,172.53,179.23,181.12,183.31,192.11,194.66,198.40,202.79,209.23,215.08,221.42,227.69,238.42,243.98,256.87,269.42,279.87,289.61,295.80,302.00,310.23,308.82,306.80,300.57,296.49,290.80,273.03,269.67,258.12,248.21,241.12,233.03,225.74,215.42,206.16,202.30,187.62,177.23,167.92,155.08,144.93,135.33,126.57,114.62,104.14,93.39
125.22,137.44,144.55,152.74,160.07,168.81,173.37,179.01,179.01,184.30,191.91,195.16,195.53,202.28,208.85,214.87,218.32,227.95,238.03,246.01,259.23,269.67,281.30,289.35,296.45,303.98,312.60,309.01,307.30,300.70,298.96,289.95,273.94,267.47,259.12,247.64,241.58,233.08,222.58,218.28,209.15,201.66,187.88,175.05,169.19,156.16,145.78,136.62,125.40,114.81,103.81,93.74
122.65,136.52,142.80,155.17,161.82,169.81,175.76,182.48,186.08,188.85,192.44,198.15,200.26,204.12,208.78,214.03,220.84,230.77,241.36,246.35,259.07,266.90,281.55,285.95,291.14,302.68,307.32,306.28,301.84,298.93,290.56,283.24,268.93,267.91,255.71,248.70,235.85,226.90,217.52,212.90,207.07,195.17,186.55,177.37,166.11,152.75,142.94,132.03,125.00,114.56,102.79,92.44
125.26,137.83,146.82,157.97,160.80,169.50,173.31,180.14,183.81,186.23,191.60,197.34,201.00,202.11,207.46,217.71,220.62,233.07,238.58,245.58,259.02,271.18,279.58,287.22,293.14,303.39,309.03,304.03,300.44,295.58,290.18,282.08,267.15,265.58,253.82,247.63,234.69,226.12,220.86,214.72,208.15,192.04,187.13,176.24,169.59,152.90,141.16,132.91,124.92,115.16,102.88,91.44
82.76,91.81,97.19,102.88,107.07,113.75,118.60,128.75,134.37,143.66,149.31,160.72,164.78,169.50,178.28,183.31,193.31,203.67,208.00,213.85,224.29,232.65,237.35,245.46,247.40,247.92,241.54,234.14,224.85,215.87,203.93,185.97,165.41,155.42,132.38,91.66,79.00,82.29,107.71,68.88,82.80,73.82,71.59,64.63,60.75,51.35,47.80,43.86,38.08,36.22,36.89,31.76
117.64,130.97,136.85,147.57,151.79,159.62,164.47,168.50,171.09,170.94,182.48,181.18,186.27,191.04,195.21,201.02,205.91,215.20,222.00,229.65,242.17,252.29,263.05,267.37,274.85,284.43,291.61,287.04,286.02,280.40,275.18,267.62,256.35,249.56,233.11,200.19,166.68,154.93,106.25,152.61,189.16,184.09,173.23,165.15,158.67,145.33,135.37,128.95,116.73,108.23,97.19,87.28
125.87,139.39,145.41,156.39,161.28,171.64,173.90,180.28,183.66,185.69,191.93,196.84,200.00,205.65,207.18,217.41,220.93,232.66,239.08,246.84,258.82,270.80,282.11,287.21,295.03,302.41,309.74,303.17,303.20,295.06,291.32,283.77,269.74,263.39,253.90,245.37,238.88,227.37,221.53,212.46,207.42,195.82,184.10,175.10,166.09,152.30,142.87,132.46,123.57,112.43,101.24,91.05
118.07,130.68,137.89,146.82,153.08,160.35,165.42,171.74,175.03,179.01,184.02,189.76,193.20,196.79,202.36,211.25,215.41,225.57,235.17,239.84,254.01,265.93,277.24,286.63,292.43,304.14,312.65,305.80,300.31,291.34,280.94,270.49,249.02,247.35,232.78,217.59,211.85,202.94,195.06,187.76,182.18,171.47,161.40,154.46,147.12,131.70,122.33,114.48,109.11,101.00,88.02,79.25
124.52,138.93,146.01,154.51,162.37,168.08,173.98,178.85,180.28,183.62,191.02,195.01,198.49,202.56,207.91,216.26,219.83,227.64,236.91,243.31,257.86,270.24,278.43,286.17,290.32,299.06,304.33,299.53,299.11,291.80,285.91,280.02,265.82,261.19,253.00,243.25,234.83,223.29,218.66,210.61,205.10,192.72,182.22,172.98,166.01,150.10,141.35,131.67,124.10,113.23,102.62,90.74
119.92,132.77,140.92,148.93,158.00,165.12,167.45,175.70,178.06,182.16,185.78,193.87,198.09,199.37,205.29,214.35,220.78,228.18,238.67,240.01,257.70,270.70,280.63,288.69,295.33,305.64,313.10,307.92,304.27,299.90,287.25,274.85,252.54,250.92,236.78,226.36,218.66,201.79,198.01,194.12,188.35,176.26,165.05,158.03,150.63,133.09,123.37,117.46,111.23,103.17,90.80,80.28
124.91,135.92,143.84,153.00,161.31,168.31,170.66,178.40,178.99,183.22,190.71,194.00,197.50,199.81,205.65,215.41,216.23,227.26,235.65,241.35,253.39,265.64,275.77,284.54,293.86,297.17,304.87,305.66,303.03,298.83,295.08,287.77,271.07,268.96,255.33,248.77,240.71,230.24,223.47,214.01,206.53,198.25,187.04,179.61,170.00,151.82,142.64,134.18,123.26,114.59,102.55,92.66
125.72,136.53,146.12,155.21,161.21,169.25,173.90,179.51,183.31,187.66,190.79,196.87,199.00,201.48,207.42,216.67,220.71,230.26,241.96,243.32,255.67,271.00,279.87,289.35,294.02,304.43,311.85,309.14,307.46,304.02,297.67,291.51,275.54,274.05,263.52,251.05,243.07,233.62,226.37,219.02,213.02,200.82,189.65,180.68,172.68,154.00,142.62,135.06,126.09,117.04,102.88,93.60
114.28,126.44,133.15,143.84,148.07,157.11,159.38,166.48,169.71,173.22,179.18,185.54,188.82,191.01,194.80,204.48,207.80,220.79,225.89,232.60,244.12,257.72,267.85,273.88,283.99,296.92,303.60,292.33,289.55,280.40,273.79,264.74,237.54,238.10,227.79,214.17,205.64,194.99,191.38,182.40,177.28,163.42,157.89,149.93,141.89,130.21,119.57,112.01,102.58,97.42,85.51,77.67
119.88,133.06,139.09,147.80,155.32,163.15,169.00,173.14,175.56,177.34,186.82,188.10,188.32,195.37,198.88,206.93,210.79,222.31,229.02,235.05,248.82,258.71,267.17,275.57,282.71,287.81,297.58,292.84,289.15,285.35,279.69,272.26,258.60,255.05,244.64,235.31,230.85,222.19,213.41,204.68,196.15,189.68,176.69,167.72,160.03,146.49,138.31,130.39,117.88,108.23,98.39,88.14
124.74,137.88,146.00,154.43,160.03,169.85,175.03,180.55,182.92,185.43,189.49,196.37,198.07,202.83,206.29,215.13,220.55,226.49,237.92,242.84,255.49,266.99,278.26,285.05,292.02,301.05,306.66,301.24,298.11,294.73,288.14,280.71,268.26,266.33,253.21,245.35,236.91,226.13,220.55,212.43,205.00,195.21,184.89,174.26,166.41,151.56,142.67,133.21,123.37,113.22,100.65,91.21
128.36,141.13,148.76,157.70,164.92,172.01,177.45,183.20,183.64,185.95,196.01,197.39,199.49,204.98,209.67,217.48,223.45,230.41,241.45,244.90,258.60,269.61,282.26,285.77,293.07,302.48,306.37,303.78,302.05,295.71,290.81,283.38,268.26,263.45,254.57,243.26,237.47,226.24,221.11,213.00,206.19,196.04,184.23,177.43,166.21,152.19,141.82,134.18,124.31,114.16,103.77,93.41
121.76,132.20,140.25,147.56,155.66,162.98,166.77,172.68,174.54,177.39,185.43,187.95,189.27,195.58,200.14,207.02,209.62,217.82,229.12,233.94,248.10,258.79,267.60,276.63,282.82,288.05,294.53,291.78,290.52,281.70,279.72,273.25,260.22,252.72,243.82,236.18,228.18,220.17,213.00,202.03,196.43,189.41,175.41,168.36,161.12,146.78,139.05,126.40,117.39,107.08,97.64,86.27
123.94,136.61,145.06,155.33,159.48,169.31,172.07,178.63,181.73,182.99,189.93,194.74,195.87,201.72,206.32,214.60,217.85,225.25,235.79,241.55,256.10,267.23,277.35,284.08,291.55,301.20,310.20,305.49,303.16,299.30,295.00,286.02,275.54,269.79,260.13,248.17,240.22,231.19,225.01,214.11,206.90,198.66,187.18,176.82,169.55,153.72,144.10,133.14,125.96,115.21,102.22,92.40
121.04,132.48,141.03,151.12,157.41,164.50,167.72,173.46,177.10,180.28,184.69,190.00,192.72,194.31,200.32,208.43,213.58,221.38,231.73,234.96,246.98,259.62,269.22,277.35,283.59,292.77,300.57,298.08,295.06,294.03,284.71,278.36,263.46,265.29,255.27,245.35,234.55,223.90,220.42,211.63,204.25,193.87,182.04,175.35,166.43,150.23,140.36,129.81,122.32,110.68,101.87,89.44
75.60,84.29,88.84,92.57,97.02,100.00,106.57,117.59,122.38,133.66,140.00,153.00,159.11,164.54,175.57,178.73,190.65,200.14,207.27,210.28,225.51,231.71,240.25,249.23,246.76,253.44,239.47,225.47,209.40,191.72,175.36,163.78,136.49,137.93,122.56,117.27,110.54,96.67,91.48,85.59,81.30,70.72,66.91,61.85,56.08,46.04,43.91,39.82,34.01,30.02,30.08,26.25
116.09,128.46,135.80,145.36,151.03,159.54,163.34,170.00,171.09,176.18,182.57,186.39,189.76,195.60,198.31,207.42,213.34,221.35,228.13,233.31,248.58,258.63,270.30,276.73,288.13,292.77,305.41,298.10,293.82,285.90,279.26,268.58,244.64,241.12,230.08,218.19,211.25,200.25,194.74,186.43,179.64,170.58,158.45,153.57,145.99,132.77,121.17,111.76,108.05,98.23,88.96,79.40
120.60,131.59,137.79,148.49,154.92,163.67,166.76,171.83,174.92,177.72,184.17,188.96,190.22,192.75,198.84,205.55,212.35,219.28,228.12,231.58,245.59,256.80,264.37,273.54,280.17,290.76,300.19,293.33,295.81,287.79,282.38,276.13,265.51,262.10,249.83,242.99,231.71,223.66,216.54,209.06,203.67,191.94,181.34,174.43,163.57,145.91,139.71,128.89,119.82,110.14,98.86,90.14
120.10,132.91,138.01,147.58,156.03,161.82,167.59,171.06,173.61,176.28,184.81,186.68,187.13,193.58,197.69,203.86,209.80,216.30,226.00,233.08,246.02,257.61,264.12,274.24,281.33,289.23,296.62,296.51,295.01,289.79,286.34,277.65,265.85,258.50,252.52,241.50,236.24,224.96,219.02,209.09,201.22,191.47,180.60,169.10,161.15,147.30,138.46,130.38,120.37,107.69,100.28,89.94
126.76,138.09,145.62,155.88,162.93,172.05,175.82,181.20,181.18,183.17,191.64,195.02,195.48,204.25,209.25,215.84,218.63,226.22,235.26,243.82,254.08,267.82,275.39,284.72,291.93,300.68,307.85,304.70,305.10,298.93,297.95,287.24,272.25,267.12,254.57,249.80,241.36,231.91,225.62,214.25,208.20,198.70,186.04,175.51,168.37,152.07,144.59,134.85,124.56,114.13,105.00,91.29
125.88,136.69,146.25,157.27,163.29,170.66,174.91,179.90,183.00,186.13,191.40,196.94,200.38,203.09,207.28,215.42,221.60,229.27,239.30,241.37,255.12,267.35,276.63,283.64,290.88,301.97,312.00,304.97,305.20,301.24,296.45,286.01,272.24,271.01,258.86,251.10,240.30,228.81,223.60,218.04,210.79,197.31,188.92,177.10,169.06,152.75,143.89,133.45,126.12,114.98,102.11,91.59
113.46,123.17,130.46,140.12,146.37,154.55,158.08,164.30,166.71,170.04,174.11,180.29,182.48,187.38,191.76,199.38,207.12,215.68,224.59,228.02,240.69,252.62,259.39,267.28,271.36,282.09,284.29,276.80,271.66,264.20,257.39,246.88,227.27,225.57,213.82,206.24,198.01,187.97,181.69,173.42,168.12,158.15,147.65,142.95,133.70,122.07,112.29,106.47,98.86,90.96,80.16,72.92
115.60,130.92,139.71,147.30,150.43,163.37,162.27,171.77,174.16,175.05,181.40,186.68,188.44,189.81,193.35,204.35,208.10,218.36,225.57,232.18,241.83,252.63,262.00,271.81,276.74,289.00,297.48,289.60,292.17,285.51,284.31,274.80,260.91,257.32,250.48,241.83,231.22,221.77,213.38,204.84,200.32,189.23,181.33,170.99,162.05,146.16,135.62,126.56,120.28,110.14,98.25,87.24
121.49,134.77,141.11,151.16,157.38,164.17,169.01,175.39,178.13,180.24,185.97,191.45,194.03,197.61,200.12,208.66,213.18,221.68,231.00,237.08,248.28,263.01,269.61,279.72,287.11,294.21,303.57,298.89,301.20,295.01,288.29,281.26,268.41,269.07,257.62,247.13,240.30,228.55,221.38,213.78,206.65,194.49,182.91,172.59,168.25,151.42,141.45,131.24,120.07,109.90,99.85,89.81
118.83,132.74,137.00,147.26,153.44,162.83,165.56,171.75,173.44,175.33,181.81,186.08,189.68,191.88,194.26,202.25,206.31,216.63,224.06,229.26,244.68,252.66,264.01,270.02,277.69,286.54,293.03,291.25,289.17,286.04,281.86,273.86,260.65,257.60,247.50,238.82,232.30,221.77,217.49,208.20,200.14,190.25,179.55,170.53,161.84,146.25,138.05,129.69,119.52,109.17,99.01,88.77
118.71,130.23,137.87,147.87,153.94,161.12,166.24,170.94,174.59,176.59,180.47,188.90,188.50,191.38,194.49,204.24,206.71,217.38,227.91,228.90,241.87,254.01,266.66,269.56,278.21,289.91,294.21,290.62,290.77,285.03,279.33,273.79,258.10,259.24,249.83,241.25,234.09,221.81,214.83,205.87,202.16,189.56,180.01,170.18,161.55,146.99,135.91,128.06,121.12,112.04,97.17,86.28
127.00,138.42,145.38,156.92,161.72,169.84,173.66,180.89,183.22,186.23,192.90,197.02,198.76,201.41,205.92,214.29,219.02,229.02,238.67,241.27,255.16,265.65,278.73,284.56,292.04,302.72,309.78,308.01,307.10,303.71,298.61,292.15,276.74,274.16,266.11,254.53,246.42,233.31,227.71,219.83,214.90,201.48,191.51,181.60,172.54,154.74,144.26,136.13,126.40,116.52,102.79,92.27
119.47,130.73,138.83,147.34,154.95,160.64,165.71,170.06,172.41,176.48,182.54,186.29,188.00,190.16,196.10,203.73,207.52,214.76,223.22,228.48,242.54,251.21,260.54,269.49,275.98,286.64,293.33,290.08,290.77,288.37,280.40,272.35,261.70,258.03,249.19,240.47,228.55,222.46,216.38,209.16,199.12,187.97,178.40,169.84,162.03,146.73,138.41,129.69,118.02,108.50,99.36,88.68
126.32,138.80,146.35,155.76,164.92,170.86,174.06,178.04,182.78,185.17,193.31,196.38,198.20,202.92,208.95,215.74,220.59,228.55,235.64,243.00,256.60,267.88,276.73,286.03,292.85,303.78,311.01,306.08,309.03,302.91,299.24,290.85,278.68,272.34,262.25,252.53,243.61,238.16,228.32,219.48,211.92,200.63,187.49,178.72,172.05,155.03,145.09,137.59,125.16,116.39,106.07,92.36
118.80,129.97,137.93,147.05,153.18,161.79,163.49,169.94,170.42,175.19,181.57,184.36,187.54,190.91,195.56,201.60,204.69,215.46,220.86,228.67,240.44,250.46,258.99,269.52,275.04,280.30,288.14,288.01,287.54,280.71,278.18,271.83,259.26,253.16,245.07,236.24,231.14,219.24,213.56,204.85,201.20,190.10,178.47,167.84,160.53,146.03,137.83,126.25,117.05,107.48,98.03,87.82
118.15,130.61,138.41,147.09,153.59,161.60,162.75,170.51,173.00,175.64,180.85,185.15,187.96,190.85,194.49,202.01,205.65,215.23,222.71,228.74,238.32,252.62,259.31,267.29,273.65,282.18,291.00,286.06,286.54,279.57,277.28,270.16,256.81,256.32,244.59,238.38,229.61,216.30,213.51,204.16,201.31,188.81,178.19,167.67,160.96,144.63,136.07,126.53,118.44,107.84,97.05,87.21
129.87,143.54,150.07,160.72,167.45,174.93,178.44,184.62,185.40,189.81,195.33,199.01,202.59,206.55,211.29,220.00,225.08,232.57,240.84,247.19,261.81,272.96,283.03,287.92,296.06,305.48,312.85,307.55,307.37,303.66,298.67,289.32,281.14,276.05,268.06,259.79,250.88,239.45,235.42,225.84,218.92,210.20,198.91,188.69,181.01,163.42,152.54,143.13,133.33,123.11,111.02,99.85
122.93,134.35,142.04,150.33,157.69,165.42,168.05,174.52,176.57,179.84,184.23,188.86,192.20,193.87,197.65,205.39,209.47,219.49,227.59,231.14,246.40,255.16,265.71,269.56,277.07,287.04,293.21,288.47,285.96,285.58,277.35,272.72,262.09,259.00,253.94,245.35,235.47,226.51,219.97,212.00,206.60,195.83,188.37,179.61,169.92,153.94,142.90,133.82,125.04,112.40,103.59,94.37
127.57,140.24,150.01,160.33,164.88,173.59,177.10,182.62,184.27,188.18,190.71,197.16,201.46,203.04,206.90,216.21,220.38,229.99,239.01,241.57,256.03,264.39,275.05,282.20,287.77,299.00,304.82,296.21,299.08,294.90,289.44,281.43,271.35,267.76,261.31,252.03,243.82,234.69,229.17,220.64,215.57,202.63,193.31,182.53,176.12,158.68,148.00,139.20,131.04,120.35,107.07,96.90
125.96,138.46,148.45,156.06,162.24,169.64,174.01,178.47,181.50,184.71,191.31,195.82,197.00,201.47,202.87,213.33,216.31,225.06,234.05,238.25,253.48,260.11,273.59,279.08,285.67,297.43,304.82,296.18,296.72,293.06,287.09,279.44,268.79,268.68,259.28,250.15,242.17,230.89,226.21,220.48,213.35,200.12,192.42,182.04,174.29,157.54,148.35,137.03,130.21,120.22,106.79,94.25
121.84,135.06,142.68,153.26,156.97,166.51,169.19,174.00,177.60,179.79,182.86,190.25,192.63,195.67,197.39,205.97,209.12,219.59,228.41,231.37,243.74,254.08,264.09,270.63,273.76,284.06,287.34,282.00,279.29,276.09,270.09,263.21,252.00,250.20,247.88,227.69,176.32,230.20,220.03,199.18,195.41,184.09,173.42,166.98,159.40,142.62,133.36,124.82,118.44,106.61,94.76,85.44
123.32,136.12,142.52,152.51,157.32,166.65,168.12,174.94,176.71,180.42,185.15,190.10,194.21,196.16,197.80,207.09,211.80,219.67,227.90,231.66,245.25,253.27,264.27,268.17,274.01,283.82,287.50,281.04,280.13,276.12,269.14,263.05,249.61,250.20,245.58,225.80,177.05,229.79,220.47,198.98,193.49,182.57,175.37,166.11,158.53,143.42,132.64,123.49,116.62,107.04,96.21,84.72
118.14,130.94,136.82,144.75,152.80,159.36,161.70,169.85,173.14,174.73,181.42,185.83,189.83,193.54,198.16,206.95,210.71,217.79,228.09,234.96,246.84,257.42,268.65,275.80,281.14,289.36,289.69,287.77,281.03,273.25,266.28,259.05,242.35,234.39,221.52,214.72,210.04,198.84,187.84,182.44,174.43,166.46,156.95,145.77,140.42,127.00,117.39,110.75,104.66,92.44,84.76,75.74
119.27,130.74,138.22,146.74,153.73,160.88,166.83,171.01,174.57,176.64,183.08,185.54,190.06,196.31,200.89,208.66,212.91,221.82,230.65,236.41,249.06,261.74,269.36,279.03,284.80,291.02,291.21,290.33,283.00,275.18,268.29,260.38,243.02,236.92,222.91,216.67,213.24,201.80,192.42,182.20,175.51,169.50,156.98,149.38,141.80,129.32,120.42,111.00,106.17,96.25,86.45,77.16
125.60,137.77,143.56,153.38,161.15,166.93,172.68,176.14,178.71,181.33,187.97,190.88,194.01,197.80,202.80,210.04,214.77,222.74,230.85,237.20,247.94,260.46,269.74,279.06,284.08,287.79,293.02,293.10,289.36,284.10,278.93,272.08,259.03,256.44,247.16,235.10,231.01,220.97,213.24,206.32,199.58,193.30,178.71,173.40,163.25,148.48,141.43,130.51,120.80,110.14,100.45,89.02
120.30,130.94,141.55,148.27,154.03,158.47,163.62,173.44,176.82,182.22,187.13,190.65,193.38,195.36,198.80,207.06,212.43,219.82,228.82,232.62,245.72,255.64,268.08,273.91,278.82,290.99,297.03,290.52,288.32,285.39,277.50,272.06,257.98,256.28,245.33,238.30,229.20,220.59,217.81,208.41,202.67,192.21,181.47,172.15,163.08,147.96,138.40,129.81,119.64,109.55,97.53,86.68
120.81,130.86,140.43,148.39,153.08,162.44,167.55,173.28,174.95,181.18,186.49,191.69,195.62,198.86,201.72,210.22,218.08,224.59,236.09,241.55,254.23,265.34,276.81,283.59,288.92,299.49,304.90,297.05,292.48,285.41,276.47,266.58,253.34,246.50,235.26,225.66,217.00,206.17,198.84,188.56,181.81,173.81,162.05,165.47,141.35,137.71,123.17,113.36,104.45,98.08,87.09,78.41
124.72,140.09,146.71,158.71,161.31,168.37,173.56,178.90,180.71,185.31,190.96,197.72,197.69,199.91,203.65,211.99,214.40,227.04,235.31,238.40,253.53,260.50,270.12,277.88,282.97,288.78,295.15,285.58,284.12,281.37,274.91,265.58,255.97,256.81,239.64,234.48,227.18,216.90,210.24,205.55,197.95,187.17,176.98,167.00,161.42,145.28,137.32,125.18,118.51,110.45,97.72,86.31
122.78,134.06,144.59,152.07,158.40,166.08,170.79,177.28,177.20,182.13,185.16,191.81,195.06,197.34,199.16,207.93,214.37,221.52,230.67,235.44,247.94,257.62,270.08,275.70,278.73,288.44,294.11,287.86,287.71,284.76,277.85,270.50,257.79,258.14,246.07,237.52,228.81,221.36,213.77,207.09,199.85,189.71,180.85,171.23,162.11,145.89,136.40,127.78,120.04,111.07,99.04,87.32
130.27,144.00,149.86,160.55,167.76,175.03,179.97,182.88,184.77,189.52,196.76,197.74,201.06,204.83,210.64,218.52,221.45,229.65,237.44,244.18,260.00,269.09,275.62,285.73,291.89,300.75,303.60,304.27,303.95,292.03,292.35,282.93,275.90,269.28,263.40,253.44,243.92,236.63,231.35,222.00,215.23,204.97,194.20,183.63,177.00,162.98,151.27,142.52,130.74,121.00,110.14,97.74
129.12,141.57,154.01,161.64,168.34,177.29,180.94,184.49,188.02,192.09,198.31,201.19,203.57,209.09,213.25,220.22,225.62,232.42,241.92,246.52,260.02,273.39,281.90,289.39,294.75,299.47,306.02,302.42,302.76,297.00,291.00,283.73,271.81,268.36,257.51,249.24,242.54,233.94,226.92,219.21,212.85,202.83,191.44,181.73,173.29,160.42,149.50,139.98,129.65,118.53,107.81,93.92
130.73,142.89,151.46,162.01,169.62,175.35,179.90,188.40,189.25,193.22,197.12,204.28,206.17,206.71,214.37,221.94,227.02,236.96,243.73,247.59,260.60,271.41,280.49,289.92,294.61,303.45,309.66,301.84,302.08,296.92,291.78,285.88,272.52,270.83,260.53,251.02,243.67,232.96,228.18,220.41,214.76,201.11,193.26,183.73,175.00,156.95,147.01,138.83,131.02,118.98,105.51,95.52
122.53,132.85,142.67,150.23,156.73,164.15,168.13,174.14,175.69,180.80,185.33,191.43,192.38,195.58,201.16,207.20,212.98,220.34,230.41,233.03,246.00,258.16,268.29,276.28,278.66,289.50,293.04,288.14,283.54,280.05,271.28,264.88,249.30,249.38,238.66,225.72,218.36,208.79,200.82,196.33,189.99,177.42,168.01,158.93,150.63,137.32,126.78,117.09,111.51,102.83,90.48,80.02
118.90,131.53,139.46,148.35,155.40,162.53,163.42,171.68,174.45,179.29,184.14,190.28,191.94,195.23,201.06,209.35,211.21,222.18,230.08,235.36,247.86,261.40,269.11,277.42,281.89,289.93,293.00,285.97,285.81,280.86,272.88,263.66,244.66,243.07,230.50,219.86,211.63,199.25,193.51,185.65,181.11,168.08,159.00,152.43,145.25,129.65,119.25,111.52,104.65,96.05,83.67,75.82
119.41,130.43,137.30,146.74,154.93,161.45,164.44,170.55,172.31,177.77,185.30,187.77,189.25,195.21,200.16,207.79,210.88,221.12,228.74,234.77,246.76,261.20,267.37,274.24,283.18,285.90,289.21,287.84,286.28,277.35,270.77,263.97,244.80,239.40,225.57,218.28,210.79,199.32,194.21,185.00,178.51,169.45,154.72,149.64,143.42,130.51,121.06,112.00,102.00,93.39,84.40,76.84
125.67,137.20,144.73,155.23,162.74,170.88,173.93,178.51,181.34,185.13,190.47,192.76,194.40,200.41,206.55,212.08,216.18,223.34,233.57,238.68,250.35,262.46,269.00,276.52,281.92,287.98,293.20,290.20,288.95,282.39,276.70,270.09,257.24,255.37,243.20,236.14,229.71,220.23,214.11,206.41,199.21,190.92,178.10,169.36,162.86,148.00,138.31,129.28,119.63,108.71,99.13,89.32
118.53,129.63,138.08,146.54,153.00,161.38,162.36,171.47,171.97,177.05,181.11,187.88,190.32,195.07,197.46,206.12,209.06,220.78,227.34,235.05,246.89,259.52,265.70,275.36,280.49,291.03,296.12,288.03,283.38,278.45,270.24,261.77,245.20,241.02,229.61,220.27,211.29,198.80,193.20,186.97,180.69,167.54,158.37,150.15,143.89,129.42,121.08,112.00,103.87,95.48,85.70,77.41
119.04,130.08,137.46,148.76,154.93,163.29,164.48,170.32,172.63,176.38,183.46,186.72,190.37,195.62,198.86,205.97,212.72,221.27,227.71,232.28,246.84,256.91,267.61,273.22,282.03,288.41,294.82,289.17,285.93,276.80,269.52,262.65,245.78,239.99,227.86,220.73,211.04,200.86,193.21,186.43,178.27,168.86,158.42,152.11,142.80,129.03,120.25,112.16,103.95,96.05,86.05,79.18
118.41,131.03,139.52,150.42,154.57,161.53,164.50,170.75,174.83,178.90,183.85,188.74,190.52,195.56,198.34,206.48,212.44,221.94,228.48,234.39,247.99,257.00,268.12,274.00,280.83,290.95,296.03,288.77,287.59,279.83,267.64,261.77,245.90,240.10,228.08,221.45,209.80,198.86,195.00,187.68,180.94,168.34,158.32,150.76,142.41,128.23,120.21,111.16,103.75,95.59,83.49,77.41
80.05,89.38,92.09,95.69,101.24,105.26,110.54,121.33,126.49,134.24,140.00,149.21,154.32,160.58,164.81,172.97,181.84,190.22,194.18,198.08,207.53,211.06,218.49,222.81,222.27,221.37,215.96,206.31,194.37,183.18,174.26,157.70,138.29,135.79,122.07,114.54,103.71,94.70,86.98,80.21,75.58,64.38,56.86,51.89,45.04,36.24,33.06,30.23,22.85,21.10,22.80,19.42
126.44,137.57,145.65,153.57,164.92,171.71,173.07,178.02,181.14,182.44,191.51,194.14,195.56,202.37,204.80,211.98,217.08,223.89,232.82,238.17,249.19,262.12,270.43,276.99,282.39,288.11,291.15,289.38,287.09,280.88,275.98,270.25,258.52,254.35,243.99,234.80,229.37,220.06,214.41,205.01,197.33,189.28,177.02,169.10,162.00,148.55,139.99,130.38,121.17,111.21,100.72,90.35
122.69,134.71,142.52,150.30,158.38,166.87,171.01,174.16,177.02,180.23,188.14,190.54,192.51,197.99,200.37,206.60,210.79,220.33,229.02,237.08,248.82,257.16,265.38,273.54,280.34,288.78,289.09,289.26,287.85,279.03,272.52,266.17,250.02,246.90,238.88,228.53,218.98,209.02,204.38,194.34,186.55,180.71,167.06,158.80,151.35,137.93,129.40,121.20,109.66,102.26,92.11,82.42
120.49,133.63,141.90,151.21,154.98,164.01,168.08,172.81,174.15,178.77,183.20,188.52,191.71,195.24,199.68,206.31,208.80,219.69,225.84,233.02,246.01,255.62,263.43,272.44,278.96,285.32,289.35,286.15,285.28,276.88,271.90,265.56,248.11,245.98,236.88,227.24,218.82,208.49,203.07,194.00,191.02,179.01,167.60,158.81,152.75,138.23,129.40,118.22,112.68,101.00,91.22,81.54
130.60,142.09,150.27,161.25,166.09,175.76,178.08,185.26,184.76,190.52,196.22,198.67,201.23,205.57,211.01,215.86,221.43,230.20,237.50,242.79,255.16,263.62,271.03,279.52,284.26,288.00,294.87,289.56,288.88,281.02,279.25,271.67,257.73,255.03,243.21,239.02,230.29,220.73,216.06,207.76,201.81,191.38,181.04,170.14,165.28,149.79,141.89,131.86,123.55,114.21,102.46,91.55
120.88,134.20,143.14,149.97,157.75,165.08,169.00,177.61,178.89,182.96,189.07,194.18,197.52,200.68,204.08,212.72,218.07,227.69,237.03,239.58,253.16,266.69,278.00,283.22,290.66,300.48,308.36,299.02,298.40,289.98,283.00,273.28,253.81,255.28,243.10,230.27,221.45,211.01,204.12,197.16,190.24,178.62,167.43,160.63,150.21,136.86,127.61,117.00,112.02,102.69,88.46,79.62
119.40,131.52,137.88,147.05,154.04,162.74,166.43,172.49,174.18,177.10,183.88,186.90,191.04,194.64,199.62,206.49,210.12,220.33,229.18,234.83,247.23,257.41,267.91,275.22,281.89,289.01,293.83,290.63,290.82,283.09,279.31,266.59,249.81,243.58,232.88,223.65,216.39,206.87,197.77,186.95,181.14,175.21,161.00,153.73,145.34,130.97,124.02,117.00,106.40,99.57,87.86,80.06
109.62,122.97,129.00,138.29,146.82,152.01,155.82,158.62,162.46,165.08,170.79,174.52,176.66,181.73,187.49,191.76,196.03,202.04,209.12,216.67,227.80,237.55,243.35,250.93,258.09,263.93,272.59,269.65,267.02,256.94,252.88,244.40,231.51,224.12,212.41,206.17,196.15,186.90,180.85,172.53,165.66,157.41,146.49,139.18,131.87,119.87,113.28,104.06,96.42,86.35,79.20,68.88
110.89,120.15,129.25,137.93,143.60,150.66,154.56,161.01,162.74,167.20,170.47,177.89,178.84,182.10,183.81,189.61,197.27,206.50,214.00,215.35,227.26,239.18,246.66,251.60,259.53,270.50,272.03,267.53,267.55,262.23,252.00,246.01,230.00,226.72,219.97,208.90,200.58,187.67,181.25,173.76,168.91,158.15,151.40,140.73,134.08,121.15,115.43,105.10,99.08,92.11,77.78,71.51
115.69,122.78,132.80,144.00,153.05,157.31,162.79,168.36,170.79,176.32,179.60,183.98,186.43,190.03,190.91,200.55,208.96,214.98,222.43,227.38,241.67,251.80,262.41,268.43,274.09,284.29,289.93,290.50,285.09,283.01,275.07,265.63,250.00,244.99,236.58,225.98,214.72,204.35,204.29,192.20,184.62,176.67,161.60,155.50,146.87,134.06,125.23,116.28,107.78,97.31,88.32,79.91
126.21,139.18,148.92,156.65,163.78,172.39,175.01,179.97,183.71,188.53,191.80,197.36,198.02,202.61,206.01,212.33,217.31,224.80,234.39,237.86,251.03,259.62,270.60,276.48,280.01,290.50,293.46,290.04,288.50,281.78,276.41,268.73,261.28,256.14,244.43,241.00,232.08,222.43,215.87,209.98,204.94,191.06,182.21,173.11,166.03,151.80,143.56,133.33,126.00,112.92,102.83,91.39
119.20,131.95,138.00,149.16,156.35,164.81,167.11,172.59,175.38,179.90,185.32,189.43,193.22,196.70,200.01,208.09,214.48,222.25,228.82,235.21,248.52,259.28,269.55,277.35,282.71,289.11,296.59,295.97,291.89,287.36,282.28,273.06,254.75,249.39,240.02,230.34,221.17,209.82,205.06,193.83,186.45,180.00,165.52,159.31,148.98,139.09,129.25,119.55,110.11,100.18,92.09,83.01
119.34,132.74,139.79,149.28,155.71,164.61,166.53,172.80,176.14,181.95,185.00,190.00,193.22,197.43,198.86,206.04,212.12,223.57,227.85,234.40,247.02,257.85,268.43,275.80,281.19,288.36,296.35,294.26,293.68,289.17,279.76,271.28,253.27,247.40,240.78,231.14,218.44,208.00,202.47,192.57,188.27,178.06,166.96,160.18,149.46,137.06,127.44,118.00,109.66,100.65,91.40,81.49
133.70,146.67,156.42,166.01,173.98,185.15,187.63,192.60,193.84,197.73,205.77,205.51,208.78,215.15,218.89,224.74,227.85,237.68,245.47,250.06,264.01,273.44,282.88,289.51,298.06,302.27,307.42,305.16,303.71,295.67,293.75,287.63,274.96,271.89,262.25,252.86,248.81,240.26,230.67,223.40,217.04,209.50,195.02,186.45,180.28,166.05,157.18,147.28,135.67,123.22,114.34,101.40
119.55,132.25,138.58,149.41,155.63,164.54,166.69,174.77,174.77,180.25,185.28,189.26,191.40,194.16,199.72,207.78,209.85,219.18,226.34,232.13,242.40,253.58,260.22,266.54,272.26,276.93,279.96,273.91,273.36,265.05,261.02,253.80,239.29,236.65,226.49,219.13,213.02,201.76,196.80,188.04,182.32,174.11,166.21,156.73,149.00,134.74,128.43,117.72,110.65,100.28,90.27,79.18
130.97,144.84,153.44,163.78,172.20,179.54,181.54,188.10,192.42,194.93,201.56,205.52,206.31,209.65,213.14,222.40,226.24,234.91,242.00,247.10,263.40,272.72,281.80,288.74,292.21,303.06,307.88,302.69,303.30,298.93,294.32,288.90,279.08,278.35,267.24,259.62,253.24,245.80,236.76,231.71,225.18,214.25,203.95,195.18,188.45,174.20,166.21,154.01,144.55,134.21,121.31,107.80
124.53,137.82,147.68,155.13,164.65,171.06,174.14,181.82,183.74,187.02,192.66,197.25,199.73,201.92,205.00,212.26,220.59,225.30,234.05,240.42,249.78,260.11,271.15,277.50,283.45,289.32,296.24,294.09,292.75,288.09,284.48,276.89,265.55,264.97,256.09,249.42,242.13,231.17,226.81,220.23,213.05,204.48,193.69,183.99,178.24,163.11,155.26,144.28,134.08,124.20,112.36,101.24
123.13,136.49,142.62,152.01,161.19,169.25,172.31,178.90,181.14,186.08,191.64,196.90,200.72,206.13,209.80,215.41,220.42,228.84,236.75,244.40,256.02,267.87,276.31,286.43,294.50,300.22,309.85,307.29,308.25,299.70,297.25,289.14,273.23,265.32,254.57,244.52,236.14,226.28,217.79,209.16,198.48,191.54,179.07,168.19,162.24,147.65,140.19,128.95,118.51,107.97,96.21,86.35
110.15,121.93,128.44,136.03,144.75,150.27,154.72,160.51,161.90,165.22,171.55,174.90,175.73,182.00,183.74,189.04,194.59,202.24,210.28,213.70,225.14,233.81,241.00,249.78,255.38,259.24,266.18,268.07,263.01,257.75,253.60,246.97,229.90,222.04,213.46,207.62,199.16,187.93,182.07,172.41,165.60,161.24,150.00,143.03,133.15,122.29,114.79,105.00,96.80,89.02,79.92,71.39
123.60,136.69,146.24,156.44,160.90,170.42,175.28,181.65,183.50,186.95,192.04,199.01,200.81,203.87,206.21,215.68,217.99,226.07,235.72,237.62,247.04,254.42,263.83,269.70,272.72,277.91,282.02,272.99,271.27,265.82,259.98,253.71,239.93,238.76,226.64,220.42,212.72,202.04,194.92,191.46,187.60,175.39,166.87,160.64,152.61,135.79,129.25,118.80,111.89,102.49,90.52,80.60
117.46,131.10,137.36,148.01,154.16,161.23,166.40,172.54,175.55,180.56,184.48,189.00,191.90,197.74,201.53,208.39,209.89,219.00,226.29,231.95,241.90,251.64,259.01,264.17,270.52,275.22,276.33,269.28,265.92,257.50,254.89,245.25,231.23,226.37,213.91,207.40,200.30,193.94,186.64,173.90,169.50,163.00,152.43,144.78,136.03,126.40,117.39,107.04,98.49,90.62,79.01,72.45
127.10,140.13,148.00,158.53,166.21,175.45,176.26,182.94,185.70,190.10,198.31,199.54,201.68,205.77,210.00,215.67,221.00,227.07,234.55,241.55,251.86,263.87,268.09,276.70,285.60,288.46,293.50,289.50,290.24,284.02,281.46,273.39,264.12,259.48,249.61,244.23,237.03,231.23,224.18,216.34,211.00,201.56,190.92,182.00,176.00,161.93,154.31,143.03,134.66,123.43,112.36,100.28
110.63,122.12,129.76,137.53,145.06,150.86,156.22,163.05,164.30,169.18,174.41,179.25,182.54,183.77,187.11,194.67,199.70,206.60,215.08,217.15,228.55,236.68,242.89,249.26,252.86,260.29,258.77,255.08,251.20,247.41,242.69,233.03,215.59,214.57,206.19,196.58,188.77,179.08,173.05,167.94,161.72,154.51,144.37,135.03,128.32,115.36,108.75,97.87,92.57,84.12,72.14,68.88
111.00,123.00,131.02,139.26,145.28,153.05,157.47,164.01,164.81,170.14,173.97,178.47,182.48,182.58,186.68,193.02,198.95,204.40,212.45,216.21,228.08,234.80,241.95,245.38,251.03,257.86,256.50,254.79,255.16,249.26,243.68,233.86,222.15,219.17,210.47,203.49,194.16,186.27,182.18,176.37,171.14,160.85,152.01,145.15,137.54,122.80,116.76,107.00,100.34,91.55,80.36,73.66
126.50,139.46,150.31,160.00,166.44,173.57,176.47,186.04,188.52,191.38,197.09,203.39,203.73,207.58,211.15,217.50,219.97,230.67,236.86,241.03,255.20,262.05,268.09,274.08,279.73,285.16,289.00,280.22,281.19,275.49,271.77,266.20,254.28,252.30,242.79,237.03,229.17,220.44,214.87,209.58,204.01,190.41,185.43,176.24,170.55,154.05,146.32,135.83,129.69,119.10,105.99,94.02
128.22,142.56,150.22,160.78,169.78,178.00,181.47,187.64,189.10,192.66,200.77,203.30,205.83,209.85,215.41,220.51,224.88,232.11,240.93,245.20,257.42,265.54,272.79,279.96,284.60,288.65,292.97,290.49,287.14,280.52,277.60,270.13,257.07,254.57,244.70,240.24,234.80,224.59,216.11,209.95,203.27,200.32,184.36,177.99,171.75,157.70,151.33,140.77,131.06,118.47,108.98,96.77
130.23,144.25,151.43,162.69,171.00,178.19,182.52,189.01,191.48,194.08,202.65,204.92,204.94,209.70,213.40,219.46,224.01,229.92,239.83,242.74,252.24,259.62,269.71,274.85,277.56,282.82,283.66,282.64,277.52,273.66,270.15,262.73,250.25,247.34,238.60,234.72,228.11,220.43,211.93,206.16,201.43,194.00,183.50,177.34,168.57,156.17,150.66,139.99,130.10,118.68,109.04,97.58
106.30,121.59,128.72,140.16,153.55,155.63,161.25,162.79,169.50,174.01,187.30,190.82,195.00,196.09,198.34,203.22,212.20,220.00,227.85,234.36,243.20,254.39,261.12,265.68,270.51,278.10,282.29,275.18,276.13,270.03,263.14,251.64,235.92,235.37,222.18,216.11,205.92,195.36,188.28,182.48,173.73,162.31,154.98,145.91,137.84,123.26,114.97,101.82,94.85,89.05,80.41,72.84
100.44,112.87,123.23,133.09,146.18,150.21,156.22,155.72,160.86,165.53,175.64,181.46,182.16,185.40,186.45,192.35,198.49,205.57,214.35,218.26,228.84,236.95,244.43,246.35,252.25,256.22,261.00,255.43,254.77,249.83,240.53,231.22,216.67,212.61,202.95,197.39,188.32,178.07,170.80,166.72,154.54,149.57,139.62,131.80,125.24,110.48,102.08,92.20,85.44,79.03,73.82,65.12
124.92,138.60,147.47,159.11,164.62,172.59,178.27,185.95,186.64,191.93,196.98,202.89,204.31,208.20,211.48,217.82,223.99,232.49,240.67,243.53,257.07,263.50,271.91,277.80,281.76,288.03,292.20,285.69,284.78,280.58,274.45,265.51,256.68,254.83,245.46,239.18,230.26,222.01,216.62,212.20,205.52,195.97,186.60,177.00,172.07,157.69,150.63,139.29,129.47,120.17,106.23,95.71
128.70,139.46,150.48,159.24,168.67,176.17,179.00,186.68,189.00,192.85,200.00,203.11,206.04,208.54,214.44,221.06,224.96,233.82,240.51,246.73,256.13,267.60,272.96,281.97,284.42,290.82,294.17,288.67,287.70,280.45,275.66,268.70,257.53,254.38,245.46,239.58,231.62,225.27,219.26,212.04,205.85,196.38,187.10,179.40,171.71,159.53,151.00,141.68,129.47,119.71,108.19,96.05
126.06,139.13,147.03,156.02,164.94,173.97,177.37,184.88,188.85,191.31,200.10,202.62,203.19,210.01,213.97,219.99,226.27,233.50,241.86,247.39,258.95,268.63,276.41,285.70,291.40,295.69,301.01,299.61,297.38,291.34,287.92,279.43,266.56,259.30,250.89,243.82,237.69,228.99,222.17,213.23,206.24,200.12,186.05,176.24,169.01,152.23,146.49,133.96,124.90,110.91,100.01,86.98
123.46,136.50,145.72,155.62,162.63,171.84,175.48,182.98,184.88,188.69,197.25,200.03,201.23,204.80,212.81,218.80,223.26,232.55,238.01,244.62,256.50,268.03,272.64,281.44,287.51,293.12,300.47,294.65,294.59,288.11,284.59,278.92,266.92,261.43,251.80,246.33,238.01,228.35,221.22,214.24,206.32,195.78,183.38,172.53,167.11,153.10,140.42,130.92,121.10,111.68,96.67,86.35
123.57,137.24,147.08,155.05,161.76,170.29,177.16,181.62,185.93,190.39,197.20,199.32,202.16,206.73,212.14,217.08,225.14,232.88,240.07,243.87,257.42,267.44,274.97,280.40,286.84,292.68,301.62,295.08,294.76,291.22,285.66,280.32,266.36,261.08,254.29,246.33,237.84,227.98,220.59,215.19,204.92,197.59,183.85,173.63,167.09,152.49,142.09,130.74,120.21,111.25,98.49,86.15
131.90,144.17,152.61,165.08,171.84,183.53,186.10,193.00,195.54,198.65,208.28,211.85,212.84,218.06,221.68,230.37,234.75,241.97,250.50,256.28,267.69,278.17,283.49,292.36,296.81,300.11,302.99,300.26,297.31,289.93,283.66,278.26,265.32,257.53,251.41,244.95,238.76,228.60,223.81,215.20,207.06,199.64,189.72,178.47,174.23,160.06,151.01,141.38,128.46,118.41,103.73,92.00
124.74,137.38,146.21,155.29,162.19,171.33,174.77,181.41,184.39,187.97,195.42,197.63,200.74,205.08,210.60,215.39,218.55,225.08,235.82,240.68,252.48,261.09,267.53,273.81,278.92,281.35,283.53,281.37,277.36,271.03,266.42,260.32,251.05,241.75,235.51,230.11,222.99,216.91,209.54,201.30,194.18,186.97,176.51,168.11,164.15,149.63,142.56,131.59,119.60,111.65,98.27,86.58
106.08,117.83,124.85,133.00,139.28,149.16,152.59,159.89,160.42,166.43,172.59,176.08,179.41,182.12,184.95,192.17,200.34,205.32,213.96,216.00,227.11,236.46,242.42,247.95,252.45,253.95,259.33,256.63,254.80,247.11,237.53,228.84,210.20,205.55,196.54,188.10,177.55,164.45,161.01,150.16,142.09,136.56,122.10,113.44,104.92,94.64,85.70,78.16,73.01,64.38,57.87,51.48
122.48,132.85,143.54,151.16,160.20,168.44,171.42,179.12,182.08,184.39,193.35,195.01,197.96,201.06,205.64,214.36,222.46,228.62,235.48,242.92,253.78,265.32,270.95,278.44,283.57,287.25,291.53,286.33,285.80,280.59,275.18,270.38,257.56,253.97,245.54,240.35,233.93,223.33,219.74,212.79,206.40,196.40,187.42,178.71,174.10,156.47,149.77,139.06,129.25,117.05,104.86,92.07
122.33,135.20,145.45,154.73,161.05,166.76,171.71,178.84,180.90,184.35,189.17,192.67,195.53,197.70,200.44,206.29,209.86,215.23,225.62,229.09,235.92,241.67,250.57,254.28,257.03,264.05,264.36,257.50,255.56,251.59,246.83,239.45,230.63,228.89,222.38,213.57,207.42,200.03,194.18,190.32,186.60,177.25,172.00,166.09,158.40,144.59,139.12,127.35,122.45,112.59,100.60,89.44
123.69,136.44,143.89,154.03,163.17,171.61,175.84,182.44,182.46,186.59,194.92,197.59,200.01,204.02,210.20,217.04,221.38,229.01,238.14,241.81,254.12,263.43,271.89,277.42,283.19,287.50,289.32,285.84,283.81,279.51,275.76,265.83,255.86,249.24,243.40,235.55,230.49,224.74,215.54,209.62,202.30,193.87,184.13,175.21,169.20,154.81,146.87,136.89,126.59,114.63,102.00,91.29
111.54,122.43,130.83,141.51,146.12,153.94,159.11,166.59,170.50,174.26,179.84,185.72,190.00,191.65,196.01,204.83,210.68,219.39,226.77,231.87,241.97,252.04,261.08,267.99,271.71,275.66,284.04,277.31,275.27,267.87,260.43,252.61,231.04,226.29,211.73,195.88,182.52,169.06,162.24,155.00,143.18,133.06,124.48,115.26,106.89,93.34,84.17,77.78,74.22,69.63,60.54,53.34
105.00,115.73,123.31,131.49,137.32,145.17,150.23,157.54,159.01,163.19,168.22,173.64,176.24,179.10,182.46,189.40,197.25,203.71,209.69,214.77,224.90,232.82,241.24,247.58,251.07,255.56,260.85,254.71,251.20,244.76,239.27,232.36,209.25,204.28,189.74,176.05,163.62,151.21,147.00,139.95,128.04,119.87,111.04,101.61,92.97,83.68,75.72,69.66,66.41,60.13,53.23,48.27
126.37,141.22,148.22,156.92,165.22,173.77,176.71,186.90,189.17,192.42,198.04,204.96,205.43,209.06,215.13,222.16,227.47,239.43,247.10,250.60,264.09,275.05,280.91,290.56,293.74,300.47,305.90,299.04,296.44,292.93,288.53,281.30,268.09,267.60,257.53,250.01,243.50,236.03,228.84,223.06,216.17,207.04,197.61,188.04,182.70,166.90,156.05,146.44,137.61,124.56,111.40,97.67
125.88,137.93,148.41,157.29,163.02,172.68,176.71,184.09,187.52,191.60,196.74,201.97,204.71,208.50,214.25,222.38,227.55,237.50,246.14,249.24,264.30,275.39,281.80,287.25,294.00,300.68,303.86,298.52,297.07,292.31,287.14,281.72,269.67,266.99,255.95,247.75,243.77,235.67,228.35,221.82,214.98,205.83,195.49,187.04,180.89,166.64,156.92,146.58,136.12,126.05,110.60,96.30
122.20,134.13,144.55,153.17,160.03,167.72,174.55,180.69,184.30,188.43,194.25,198.01,201.85,204.00,207.97,210.68,218.36,226.63,232.82,235.23,241.81,248.58,256.64,260.50,263.94,270.28,271.22,265.20,261.98,256.16,248.94,243.92,229.63,221.81,217.35,212.51,205.70,193.89,190.72,181.60,180.41,171.83,160.88,153.69,148.35,135.15,125.92,113.00,106.83,98.11,85.15,74.24
125.14,139.98,148.92,158.11,164.30,172.31,176.80,182.86,187.11,190.12,197.34,201.26,203.21,208.06,211.54,223.65,227.80,237.01,244.52,249.56,263.64,273.80,280.96,286.68,293.95,302.08,302.87,298.12,294.01,290.62,286.02,279.61,269.05,266.30,257.74,249.90,242.59,236.26,227.31,221.60,215.68,204.92,195.74,186.56,182.92,168.36,159.20,148.01,137.27,123.41,110.68,98.01
120.11,136.09,145.17,157.72,164.12,173.42,178.47,183.85,188.92,191.61,195.25,202.71,205.46,207.54,211.22,221.04,228.23,237.53,246.08,249.95,263.39,272.09,279.83,287.11,291.82,300.11,303.99,296.20,294.16,291.30,285.77,279.33,268.04,266.18,255.44,250.51,240.63,231.61,228.02,219.64,216.02,202.07,197.91,185.98,181.65,164.11,152.86,143.95,135.67,124.62,111.00,99.01
123.17,140.94,147.25,159.41,169.50,176.20,183.05,185.52,192.04,191.66,201.02,204.98,207.85,210.34,217.59,223.62,229.58,237.42,247.43,253.67,264.43,276.33,282.12,290.19,295.30,301.41,303.95,300.93,296.95,294.11,288.60,282.35,268.87,264.48,257.42,252.29,241.60,234.20,226.72,221.49,214.77,205.10,196.10,185.32,180.02,166.36,154.67,146.69,133.63,123.00,111.02,98.01
129.14,140.00,149.19,161.01,167.72,176.14,181.66,186.51,192.13,194.46,202.65,206.53,210.69,213.95,217.85,226.37,233.00,241.35,252.07,255.88,269.90,280.68,289.80,295.68,301.87,307.32,309.59,307.47,303.08,298.21,292.61,286.43,272.66,267.71,259.49,250.05,242.54,233.81,226.21,218.28,209.99,206.63,188.16,176.56,172.46,154.46,143.69,132.61,125.32,110.11,96.80,82.42
123.79,135.67,145.00,154.84,159.71,170.19,172.89,179.63,183.02,187.75,191.64,198.93,200.36,204.32,207.27,217.19,222.43,230.56,240.31,245.37,257.13,267.90,275.48,280.62,286.75,296.00,299.35,291.14,290.91,285.63,282.85,274.14,263.58,258.61,250.53,244.10,237.88,227.69,222.17,215.67,210.92,201.73,193.49,186.70,179.45,164.44,158.48,146.05,139.09,127.28,110.86,99.50
126.25,140.36,147.33,158.14,166.21,175.41,178.89,185.15,190.07,191.13,199.01,201.81,203.71,208.91,212.90,224.06,224.88,234.55,242.24,248.73,260.62,270.19,277.07,285.20,291.30,296.33,299.83,296.14,293.29,286.90,284.38,276.41,265.32,260.86,248.46,244.03,238.08,228.45,221.39,216.33,210.34,200.01,191.40,181.25,177.49,164.76,157.18,146.22,133.81,125.25,111.36,101.00
123.15,136.08,144.06,152.20,162.27,171.09,173.83,180.06,181.84,185.10,193.16,197.34,199.01,203.80,208.87,216.45,219.86,229.39,235.55,243.53,255.56,264.08,270.45,280.08,283.88,288.47,291.45,286.67,287.09,277.33,275.05,267.02,255.44,248.94,239.35,233.65,227.04,219.80,212.53,200.20,195.60,187.60,177.56,167.66,161.89,149.28,142.69,131.37,121.84,110.02,98.03,87.97
123.23,135.92,143.84,153.39,162.11,171.59,173.28,181.40,183.10,187.10,193.46,197.50,199.42,203.04,207.89,216.91,221.53,230.67,237.03,243.25,253.86,265.88,271.62,279.35,284.96,287.63,290.68,288.29,285.93,278.50,276.99,267.03,253.49,250.49,240.00,233.11,225.57,216.67,212.25,201.79,195.36,186.94,177.65,168.67,161.90,148.35,141.11,129.81,121.07,109.73,97.42,87.66
130.39,143.69,152.20,162.52,169.52,178.55,183.41,188.32,193.60,196.42,203.74,208.27,209.77,215.72,219.18,227.04,233.07,241.54,249.78,254.53,267.17,276.18,285.80,291.39,296.95,302.37,306.96,300.91,300.01,291.92,287.86,281.47,266.74,262.36,251.85,244.02,235.85,225.08,218.82,213.94,206.65,194.49,185.55,179.12,174.18,156.63,150.10,138.65,131.46,119.97,104.66,93.62
116.35,129.50,136.74,145.00,154.03,161.60,166.43,174.26,174.64,181.47,188.69,192.31,194.10,198.59,204.12,209.15,216.45,225.09,232.82,237.01,249.07,256.97,264.32,270.15,274.64,277.74,282.94,278.82,276.10,267.47,263.86,252.87,235.48,230.76,216.28,204.92,194.03,182.53,171.33,164.34,153.12,145.50,132.44,124.28,114.84,99.62,92.01,83.82,73.76,66.01,60.54,54.45
129.19,143.39,151.08,162.79,170.66,179.67,181.04,187.11,190.39,194.18,201.95,203.48,205.77,211.53,217.01,223.89,228.67,239.18,247.51,252.88,263.42,274.12,282.20,289.68,294.03,300.82,305.00,300.36,297.95,290.85,286.83,277.09,266.06,259.12,250.01,243.26,239.15,228.97,221.31,211.62,207.17,200.85,190.10,181.02,177.72,165.60,159.62,150.21,141.51,130.25,118.60,107.52
123.85,136.01,145.91,155.67,163.02,171.13,173.44,181.96,184.74,187.84,194.74,199.47,201.46,201.56,206.53,213.96,222.70,229.03,234.55,237.19,251.80,260.54,270.60,274.71,280.22,286.58,290.71,288.21,281.64,281.26,271.02,261.56,252.19,248.29,240.63,234.21,225.06,214.56,208.89,202.27,196.40,187.67,178.81,171.90,168.76,156.97,149.57,138.68,131.95,121.02,108.26,98.81
114.54,126.61,135.80,144.59,149.93,157.71,162.93,166.36,168.03,172.12,179.61,181.01,184.81,189.59,194.81,199.46,202.23,212.43,220.05,226.80,237.42,245.86,253.30,258.03,263.21,267.97,271.33,268.12,270.56,260.68,260.28,251.45,239.94,235.65,227.13,218.34,215.95,209.80,199.18,195.37,190.91,184.11,175.14,166.51,163.62,152.03,149.41,139.59,130.86,123.17,111.04,100.44
123.76,138.19,145.36,155.32,162.56,169.45,173.42,178.02,181.75,184.86,193.79,194.28,197.31,202.74,209.02,215.06,219.69,227.73,236.41,242.87,255.18,262.51,271.27,280.19,282.24,289.11,291.50,291.11,290.63,279.03,277.41,269.43,257.23,251.24,244.79,238.17,233.59,225.94,217.67,210.66,206.55,200.03,190.85,180.43,177.26,169.50,162.93,153.73,142.24,133.87,123.17,109.77
121.33,138.71,145.42,156.32,162.52,174.47,173.28,182.82,187.67,191.86,196.08,201.85,206.16,210.12,212.20,222.16,228.67,239.43,246.11,251.56,265.51,274.80,281.70,289.08,292.43,302.19,304.55,299.28,301.44,293.21,286.94,280.07,268.22,261.91,253.45,243.50,235.72,226.43,221.14,213.71,211.22,198.77,191.80,182.26,180.80,166.39,159.81,151.33,143.18,135.03,120.88,110.02
122.00,134.20,140.89,150.62,155.24,163.68,168.40,176.00,179.63,181.96,191.03,191.09,196.16,200.11,206.32,213.18,219.43,227.20,237.00,241.58,254.47,262.91,272.12,277.35,282.09,286.90,292.14,288.27,286.75,278.20,277.89,267.90,255.88,250.19,241.22,236.92,232.22,223.08,214.87,207.88,203.58,196.73,186.68,178.36,174.50,162.93,155.22,146.49,136.62,129.06,118.00,106.00
118.07,132.97,141.29,150.08,153.53,164.30,169.25,172.26,176.71,181.79,190.39,193.19,195.92,201.14,207.20,215.87,218.50,228.89,236.43,244.27,257.74,265.83,275.22,280.32,284.81,290.95,295.06,291.04,289.01,279.30,277.58,272.61,259.02,252.41,244.20,236.89,233.17,225.44,217.80,208.54,205.43,198.25,186.85,180.41,175.32,165.30,158.14,148.06,140.07,129.69,119.34,106.45
119.47,129.32,135.16,148.01,154.21,164.68,167.01,176.95,179.01,183.47,191.05,197.65,200.26,205.06,209.99,218.00,226.34,234.97,245.45,249.71,260.58,271.67,282.06,287.14,290.46,300.01,301.35,297.11,296.00,289.50,284.34,276.40,265.20,259.56,250.46,243.73,234.30,223.21,216.17,211.81,204.98,195.51,187.26,179.51,175.07,161.64,154.38,146.29,136.78,128.71,114.07,102.08
121.00,133.60,137.31,145.67,151.65,162.27,164.15,171.59,177.80,180.23,192.75,193.68,199.20,207.18,212.05,219.06,226.35,237.06,242.79,251.29,264.61,275.41,281.38,288.65,293.54,300.67,303.06,300.44,297.04,291.73,285.57,279.98,265.65,257.86,248.34,240.42,235.28,227.71,217.17,209.98,202.41,195.78,183.44,175.29,169.86,159.88,155.08,144.54,134.06,123.37,115.31,102.42
87.10,96.54,103.04,109.62,114.48,122.41,127.14,135.53,140.66,147.12,154.21,162.05,169.07,175.21,180.75,185.69,194.70,201.26,202.04,209.75,213.00,217.82,224.51,230.01,230.87,229.13,224.41,218.82,213.35,202.87,201.76,190.39,174.35,164.54,156.16,149.01,142.89,133.02,126.59,117.38,110.86,108.85,100.17,93.02,89.63,84.72,80.21,76.22,71.06,62.24,60.21,52.00
108.98,120.78,132.00,140.00,146.29,154.30,159.05,167.63,170.84,177.39,182.21,189.62,194.20,200.06,205.06,213.22,221.58,234.29,242.67,246.22,260.16,271.23,282.00,286.76,294.32,300.56,305.49,297.89,297.25,293.29,286.57,280.40,266.65,267.01,257.39,248.22,241.97,232.42,225.47,221.38,215.33,203.53,195.26,185.83,180.65,166.68,158.32,149.91,142.68,130.25,118.60,105.68
107.94,120.21,130.12,138.24,144.50,153.94,157.08,164.88,168.24,173.51,181.28,186.76,191.06,196.77,201.06,212.00,220.82,230.63,239.64,243.84,257.99,268.56,279.03,285.03,291.56,302.11,304.61,297.95,299.17,292.83,287.15,282.14,267.09,265.05,256.28,248.57,241.34,232.66,227.71,220.29,215.15,202.99,196.77,186.13,180.55,166.68,160.08,148.66,142.04,130.73,118.07,105.12
104.05,113.77,121.83,136.42,137.23,151.79,156.85,160.46,168.51,172.04,176.95,179.00,185.02,192.32,196.40,207.18,212.92,224.00,233.24,238.52,251.18,260.16,273.36,277.19,282.71,292.62,296.71,290.50,287.61,284.38,276.41,268.70,260.29,253.44,245.94,235.67,226.88,217.50,213.12,204.84,200.21,189.41,180.00,171.08,164.92,149.05,142.41,130.65,121.26,111.07,99.01,88.96
103.08,116.43,122.07,131.80,136.89,147.22,151.17,158.47,162.59,168.58,176.66,181.11,185.61,193.26,201.43,208.00,215.08,223.57,235.64,243.74,258.37,270.70,281.46,288.76,295.75,302.25,306.89,299.93,298.11,293.46,288.06,282.61,270.41,265.51,253.95,243.05,235.94,227.42,220.20,209.16,200.82,191.13,178.23,166.21,160.20,144.40,133.96,123.08,111.36,102.32,92.63,79.62
92.96,103.08,106.89,118.21,125.54,131.50,135.69,143.39,146.49,150.24,158.43,161.01,164.21,174.77,178.34,185.35,193.04,200.96,211.08,218.82,232.24,242.22,251.96,260.92,264.75,272.39,275.59,275.17,272.33,268.54,264.28,257.38,246.68,242.74,234.88,229.99,220.24,214.28,204.32,197.63,190.07,182.88,172.74,164.40,158.40,142.56,134.54,125.40,114.11,103.25,93.01,83.82
91.55,102.88,108.93,118.70,124.02,131.58,134.71,141.72,144.54,149.22,156.73,159.15,164.25,171.56,176.67,185.04,190.55,200.26,211.00,218.28,230.87,242.07,249.16,258.68,264.61,272.48,276.01,274.17,275.05,266.54,264.61,258.44,246.86,242.08,233.55,228.57,220.20,213.33,207.42,197.25,191.84,184.11,173.28,164.15,156.71,142.90,135.57,124.68,114.76,106.00,93.01,81.91
95.41,105.85,117.64,131.59,137.75,148.19,149.79,157.46,161.21,167.28,175.86,178.68,182.02,190.41,197.29,205.18,211.62,222.00,231.02,240.13,254.57,267.03,277.19,283.98,291.16,299.71,303.90,300.60,299.54,294.92,290.74,282.46,271.02,265.96,257.93,252.10,244.44,236.21,228.82,220.23,213.24,207.07,195.18,185.18,179.48,165.12,156.63,145.96,135.24,125.63,114.02,100.00
95.35,111.20,122.64,130.55,134.35,144.90,146.09,152.97,160.33,163.92,170.58,176.01,180.24,185.37,191.46,200.87,206.98,216.52,227.72,233.60,250.92,259.36,270.42,278.69,285.18,294.55,300.10,293.47,294.59,288.65,283.64,274.64,268.81,263.61,251.08,248.43,232.35,222.99,220.84,215.75,206.64,197.20,190.69,177.51,171.07,146.41,136.70,124.04,119.00,107.80,89.56,94.02
94.37,110.92,122.07,128.89,132.94,143.13,145.83,153.87,158.45,161.89,167.20,173.16,178.90,183.15,188.35,198.71,205.41,216.62,224.96,230.49,247.10,257.39,268.70,276.81,282.85,295.08,297.12,290.99,293.21,287.64,281.11,272.95,264.89,260.50,252.19,246.87,233.95,225.44,220.42,214.11,208.43,195.78,188.31,177.54,171.29,147.11,134.72,125.93,117.96,110.02,92.76,94.11
104.64,117.75,125.16,134.79,140.66,149.27,151.22,160.82,165.25,170.84,175.82,183.14,185.78,192.75,197.57,207.63,216.06,225.32,235.19,244.63,259.53,270.60,280.79,288.54,295.22,308.06,313.11,310.58,308.91,303.66,296.00,289.58,276.74,277.02,263.55,256.42,246.09,233.69,224.85,214.66,208.54,193.87,182.57,170.47,160.11,145.58,132.91,120.07,109.93,101.86,87.46,78.10
103.16,115.52,123.79,132.50,139.30,147.57,150.88,159.59,162.80,167.94,173.40,179.01,185.00,188.82,194.36,203.21,211.29,220.23,231.80,237.03,251.86,266.19,276.90,281.84,289.56,299.92,307.36,299.06,301.22,296.14,292.18,282.94,273.00,274.32,264.44,256.72,248.05,240.30,234.08,229.53,222.06,210.38,204.45,193.94,188.27,171.41,162.93,153.08,143.39,131.05,118.14,106.07
102.02,111.80,121.46,131.10,139.18,141.77,145.80,156.42,160.31,166.21,176.74,174.87,181.04,188.68,196.02,205.41,210.02,218.33,228.63,237.69,252.26,264.75,274.47,284.61,292.08,297.86,304.59,305.00,302.08,296.11,289.40,283.62,270.07,262.95,254.57,246.98,234.34,224.51,216.51,208.73,197.91,190.59,178.10,166.21,158.32,142.84,132.40,122.02,109.93,99.01,84.76,71.45
98.60,110.02,115.02,124.78,132.61,140.25,140.73,151.16,153.53,158.15,164.84,169.01,172.80,181.47,186.55,195.87,201.44,208.41,221.29,229.10,246.02,254.44,265.23,274.37,282.45,289.17,296.28,294.39,295.01,287.26,283.64,277.41,266.24,259.24,250.84,241.63,235.68,224.74,216.76,208.35,205.20,191.25,180.24,168.67,158.24,145.65,135.52,124.54,113.44,104.01,93.94,84.65
100.17,110.54,117.39,125.26,131.53,141.82,145.60,152.12,155.22,159.38,169.14,171.23,176.80,183.90,189.59,198.22,203.87,213.04,222.31,232.00,251.02,258.45,270.05,280.07,286.92,293.14,301.13,300.85,299.37,291.93,286.00,280.56,266.16,256.00,246.86,238.38,230.79,224.18,213.74,202.61,193.60,186.13,172.68,161.94,154.38,140.00,132.03,123.43,109.59,100.12,92.70,81.57
96.88,106.89,114.56,123.13,128.25,136.42,139.52,147.12,150.48,155.72,162.82,167.76,171.84,177.28,184.17,190.52,199.42,208.36,218.05,224.32,239.42,251.44,259.51,267.44,276.10,283.04,289.20,285.57,285.85,281.30,274.54,269.26,256.07,253.21,243.82,234.77,227.48,220.41,212.17,205.34,196.46,187.30,179.21,166.39,158.05,144.17,133.76,126.29,117.69,108.23,96.52,85.51
94.05,102.46,109.34,115.95,125.45,131.55,134.85,143.54,146.86,150.45,157.54,160.03,165.64,172.15,177.75,184.97,189.39,201.26,209.30,218.69,232.21,240.13,249.04,259.62,265.75,272.62,278.79,277.06,276.86,270.31,266.61,259.99,250.80,244.66,239.01,231.37,222.69,214.74,209.62,202.81,195.35,184.55,177.00,162.93,158.20,145.04,135.96,126.78,115.52,106.21,97.25,86.58
93.11,104.08,112.25,120.88,125.42,132.37,137.56,146.10,148.12,154.55,157.76,166.81,171.29,177.05,183.17,192.31,197.02,209.24,218.30,226.32,240.66,253.01,262.41,274.26,279.10,289.17,295.37,288.18,290.85,286.02,278.17,273.24,261.62,261.01,250.42,245.77,235.75,225.58,219.18,210.95,205.91,193.37,184.20,173.36,165.65,148.12,138.40,129.42,120.77,110.77,100.88,88.09
90.14,99.99,106.57,114.83,121.08,128.86,130.19,140.25,142.89,148.66,156.42,161.06,166.29,171.33,178.62,184.95,192.13,203.15,212.47,218.93,232.65,246.81,256.72,265.35,273.25,279.73,287.09,283.02,284.34,281.01,274.87,267.86,258.96,257.40,249.88,244.59,237.36,229.83,225.49,219.74,213.76,204.31,198.04,185.32,180.35,165.22,156.73,145.96,137.00,127.95,115.97,102.96
89.07,100.18,106.04,115.28,120.15,129.02,132.77,140.00,142.41,149.25,155.05,162.61,166.21,172.24,178.76,185.84,193.85,205.77,214.93,220.08,235.60,248.72,259.24,265.51,274.24,283.59,290.45,285.94,286.75,283.47,276.08,270.03,261.96,259.14,252.23,248.08,238.65,233.11,227.31,222.32,217.44,206.07,201.01,188.22,181.00,166.64,158.15,147.73,139.17,129.38,115.11,104.04
87.46,96.94,102.46,109.37,117.62,124.58,128.69,137.57,140.00,143.96,152.35,155.26,160.63,168.88,175.57,182.28,190.01,198.66,207.20,214.60,229.87,242.22,251.83,258.84,266.13,270.77,277.84,276.48,275.96,272.57,267.48,263.43,254.52,247.59,243.97,235.13,231.14,224.54,216.11,210.62,203.81,201.23,186.01,177.41,170.31,159.22,149.68,140.04,127.94,118.11,107.91,95.26
86.83,95.13,105.55,112.36,117.95,127.02,130.00,139.74,145.36,150.70,156.54,163.49,167.71,173.12,178.91,191.15,196.33,210.47,217.47,224.44,241.30,255.50,266.17,275.36,282.24,290.26,298.26,291.14,292.75,289.36,284.96,277.89,270.93,270.57,259.24,251.64,245.46,238.19,233.08,226.43,222.41,207.55,203.59,193.02,187.32,170.04,157.75,148.95,139.00,128.88,114.56,101.55
86.21,97.53,103.08,111.97,117.72,127.02,131.53,138.71,144.16,147.85,156.54,159.73,165.75,173.28,180.68,189.18,192.61,206.32,216.01,224.72,241.25,253.12,264.04,269.46,278.55,285.18,293.14,291.01,292.04,284.93,281.60,278.17,268.00,265.53,256.85,248.96,243.07,238.32,232.43,223.04,215.82,208.19,197.25,186.25,180.85,168.19,156.47,148.45,136.40,126.18,110.55,100.65
90.27,100.65,108.00,116.71,123.11,132.97,140.04,145.60,151.21,156.16,161.68,167.00,174.18,181.47,187.54,196.01,202.07,213.15,222.64,232.97,248.67,259.12,271.47,278.96,287.08,292.21,298.56,297.58,296.28,292.10,287.43,283.52,271.96,270.19,259.62,250.84,249.05,241.09,233.55,225.61,220.23,208.87,198.18,187.95,183.25,167.45,159.48,146.37,136.88,126.53,115.00,101.59
91.02,102.04,111.52,115.52,122.26,133.54,139.95,147.05,153.08,156.32,160.90,170.70,174.24,182.21,187.81,196.47,203.04,216.21,227.11,233.14,249.48,261.32,272.62,278.10,287.09,298.10,302.85,296.87,299.87,294.11,290.40,285.95,274.27,272.24,263.91,254.68,250.45,243.31,235.67,226.38,224.52,212.14,201.72,190.63,185.31,170.53,158.15,147.68,138.92,126.76,113.57,101.84
84.96,94.85,102.00,109.11,115.36,124.53,130.27,136.93,140.91,146.82,153.44,157.46,162.79,171.28,175.64,186.95,192.32,202.71,211.09,221.42,236.01,246.74,256.76,263.37,275.36,279.64,286.23,282.57,284.76,277.35,274.37,270.65,259.43,258.05,250.00,244.24,238.45,230.01,224.45,216.13,211.69,200.64,192.15,180.35,176.21,162.41,151.01,142.41,130.60,121.02,109.38,99.08
87.32,99.96,107.12,110.31,119.00,126.27,131.03,138.54,144.94,148.11,158.43,163.25,169.10,174.43,181.29,190.82,195.48,208.87,221.62,229.67,244.44,257.23,266.87,274.24,283.48,292.25,296.79,293.78,295.20,292.95,284.25,281.60,271.15,269.94,263.82,258.86,252.23,243.39,237.93,231.50,227.14,214.95,209.89,201.06,194.54,180.69,172.89,160.45,152.78,140.66,127.88,111.83
86.21,95.75,105.48,111.65,115.75,121.04,127.09,135.21,139.71,142.43,152.43,157.00,166.71,175.41,184.17,192.82,197.31,208.43,217.83,226.11,240.05,253.65,262.15,272.79,281.11,288.03,294.18,292.07,293.21,286.81,287.37,279.52,270.02,267.03,259.24,255.43,250.95,243.99,237.19,229.73,223.65,216.84,203.49,196.12,189.21,176.71,166.41,157.26,144.68,135.16,123.24,111.80
85.98,94.24,102.79,109.86,118.00,127.64,129.08,137.44,138.75,142.72,150.07,156.31,161.31,168.12,175.76,182.73,191.17,199.12,204.64,218.04,231.01,245.41,250.46,261.70,267.73,272.06,282.10,282.35,280.70,276.62,273.31,271.01,259.42,259.24,247.62,246.56,234.62,229.68,224.70,218.84,214.08,208.03,192.35,188.66,178.10,167.44,160.86,152.32,140.94,130.59,117.89,105.48
90.70,101.12,108.12,118.31,123.07,131.32,136.09,142.13,147.23,152.40,157.00,164.84,168.11,171.99,177.28,187.55,193.61,204.79,214.16,218.80,233.38,244.20,254.02,262.61,267.23,277.06,283.00,277.50,277.35,275.36,270.60,264.58,254.01,255.27,246.52,239.35,233.35,225.61,218.28,215.06,209.60,197.96,190.52,180.71,175.32,163.96,153.57,143.96,136.75,127.28,114.56,103.32
97.99,109.48,116.66,126.12,133.14,140.62,144.93,153.56,156.63,163.62,169.01,174.56,180.41,186.10,189.19,199.42,206.13,217.92,225.57,236.03,253.03,261.20,272.17,280.86,287.24,293.94,304.66,298.96,297.15,295.11,287.72,282.42,273.31,269.41,264.43,254.79,249.61,242.42,236.92,224.96,220.34,211.48,203.20,193.87,187.07,176.07,165.85,155.01,144.47,134.42,122.07,109.18
98.25,107.15,114.63,123.65,130.38,139.98,143.93,151.00,154.73,161.20,168.08,171.64,176.78,185.61,191.64,199.91,204.07,217.35,225.47,234.83,249.69,262.41,270.97,281.30,291.36,296.24,300.41,298.20,298.57,292.07,291.62,283.55,272.89,271.45,263.55,256.55,252.00,243.98,237.47,228.13,223.79,215.06,204.27,194.92,189.31,176.32,167.86,156.77,146.81,138.05,123.43,112.31
94.34,104.58,115.60,121.61,127.35,135.64,138.92,146.78,151.00,155.93,161.64,169.74,173.42,179.63,184.40,195.90,203.42,216.10,226.50,231.39,249.02,260.99,271.15,278.92,289.31,295.71,304.30,298.09,299.63,295.85,290.50,283.80,272.96,274.55,265.81,258.94,251.25,246.73,237.41,233.43,229.01,218.36,210.04,200.11,193.00,179.33,169.14,160.73,151.49,141.68,125.40,112.77
94.01,104.20,112.81,120.21,124.79,132.41,137.36,145.17,149.72,154.26,159.03,165.13,169.11,173.69,177.61,185.88,194.54,206.00,215.13,220.29,235.97,246.25,256.19,265.71,270.84,279.24,284.97,279.82,279.93,276.92,272.47,268.89,257.30,256.80,251.25,244.60,235.59,229.90,222.11,217.88,213.83,204.41,194.59,188.29,183.00,169.37,161.00,150.42,142.86,133.15,119.07,107.35
104.14,115.25,123.32,132.40,138.81,147.00,150.85,159.10,161.89,165.22,172.99,175.51,180.55,186.63,192.50,200.08,207.08,215.68,225.14,234.75,249.23,262.23,269.90,278.03,284.18,295.66,298.44,296.64,296.67,290.85,288.25,281.81,274.51,270.56,261.64,255.57,249.36,244.23,238.25,229.01,223.57,217.00,207.63,196.80,192.13,179.87,171.68,162.11,151.24,144.18,131.95,115.11
104.74,115.88,123.02,132.50,141.48,148.93,153.03,160.00,163.92,167.84,172.65,179.39,182.12,188.82,192.57,198.57,207.52,216.63,227.26,236.24,248.36,259.60,271.45,279.73,287.50,296.64,301.42,298.69,299.11,294.53,288.21,283.54,272.26,270.25,263.14,256.91,249.28,244.14,238.07,230.63,225.11,216.83,208.66,198.34,190.88,179.81,169.50,162.05,152.64,141.35,132.10,117.44
105.69,117.52,125.30,134.63,140.73,148.27,150.88,158.82,162.79,165.89,170.86,173.97,177.65,182.78,185.87,193.87,200.85,212.62,220.77,229.43,243.23,253.88,262.09,273.43,277.97,285.52,293.26,288.42,288.18,283.23,281.58,275.81,266.27,261.96,256.44,251.56,243.77,237.90,230.77,223.45,220.48,211.75,203.18,196.22,189.27,176.14,168.24,158.67,148.12,138.92,127.49,113.57
103.48,117.05,123.24,132.38,139.36,149.04,153.22,157.19,160.03,164.14,169.81,173.81,177.12,183.07,189.01,195.00,202.28,211.59,220.64,228.97,245.60,255.80,266.15,273.47,281.38,287.79,296.06,292.18,292.64,287.56,283.55,278.71,269.83,264.80,259.53,252.83,247.76,238.88,234.37,224.86,223.16,215.57,204.16,194.26,188.43,179.34,170.50,160.80,149.38,140.29,125.16,114.63
101.02,111.00,117.48,125.10,130.67,142.13,143.78,149.20,153.00,154.38,162.12,166.02,168.51,174.93,179.54,188.00,193.00,203.03,210.64,221.96,233.93,246.73,252.74,264.04,272.12,277.02,285.18,284.87,284.68,274.26,273.91,267.98,261.12,255.28,249.87,241.86,237.08,232.48,226.06,218.58,215.80,207.41,198.66,188.02,182.94,170.66,162.79,154.21,145.11,133.22,122.02,112.29
101.53,112.09,118.95,127.63,134.95,141.35,144.09,150.24,153.69,157.56,162.03,166.76,172.53,176.64,179.77,189.40,195.47,203.53,213.36,220.81,236.05,247.88,259.65,263.91,271.47,281.62,286.85,284.02,283.32,279.89,272.89,270.56,260.55,257.60,254.28,243.46,238.66,232.25,225.56,220.38,217.11,207.71,202.37,191.37,184.20,172.54,162.35,153.73,144.92,135.42,122.59,112.75
99.81,111.09,118.38,127.42,131.61,140.80,145.22,150.33,153.70,156.68,160.25,166.69,171.03,175.32,178.35,185.46,192.85,204.42,214.28,218.18,233.17,248.58,256.02,262.38,271.69,278.22,286.36,280.10,280.86,277.67,271.27,266.13,258.54,256.35,249.93,243.29,237.59,229.87,223.60,218.36,214.67,207.19,199.46,188.94,182.01,171.06,161.64,153.00,145.77,134.36,121.46,109.02
101.14,112.61,118.15,127.05,133.66,142.86,144.28,150.05,153.22,155.08,164.30,165.17,169.28,174.98,180.27,187.92,192.94,201.68,211.63,219.61,236.85,248.87,256.30,263.77,271.77,278.12,282.63,284.40,284.02,276.64,274.15,269.14,259.37,255.64,249.03,241.02,239.20,230.22,225.14,218.11,214.11,207.87,197.75,188.48,182.70,171.33,164.14,154.18,143.41,133.23,122.30,111.16
100.09,111.16,118.53,125.26,130.92,139.09,142.05,146.60,150.55,152.08,159.11,162.08,165.10,170.00,177.39,183.10,189.78,200.41,207.61,215.23,230.38,239.84,248.93,258.79,265.71,272.03,277.95,275.41,279.83,271.89,271.43,264.76,254.49,251.07,245.51,239.71,234.18,227.30,223.01,214.35,212.72,204.80,195.86,185.37,179.48,169.12,159.21,150.56,141.76,133.00,118.85,107.91
97.58,114.56,118.93,123.00,134.24,135.10,143.03,144.59,145.96,151.03,152.55,159.70,161.15,168.08,171.68,178.20,189.17,197.44,207.00,215.94,227.07,240.30,251.27,258.28,266.60,272.64,279.83,275.23,279.87,272.81,270.84,266.55,255.04,252.94,245.84,240.47,238.32,230.03,222.34,214.83,211.40,205.87,196.12,187.36,181.96,169.85,161.01,151.92,143.18,131.95,120.42,108.85
92.65,105.68,110.02,119.50,123.98,130.19,132.44,137.18,136.48,142.05,143.22,152.12,157.55,160.56,164.13,171.02,180.80,189.74,198.65,203.22,215.86,228.05,239.46,245.51,250.05,259.38,264.55,261.87,262.26,260.66,255.70,253.55,241.07,241.90,236.91,232.13,227.50,219.34,211.63,209.48,203.65,195.04,188.16,181.14,174.62,161.03,154.33,143.84,136.69,126.92,115.12,100.40
104.79,115.41,124.91,131.24,136.49,143.13,145.77,152.16,156.97,157.51,161.52,168.31,171.23,175.41,180.23,191.23,197.16,208.43,219.86,227.69,239.70,253.02,263.40,269.05,275.78,288.01,294.01,289.28,289.32,287.21,282.19,275.35,268.52,269.43,260.86,255.84,247.24,242.05,236.84,229.90,225.42,212.73,208.32,199.46,193.20,179.85,170.99,159.71,151.56,141.40,125.06,112.73
103.59,115.68,121.76,127.82,133.63,141.69,142.64,146.84,147.03,150.62,158.90,162.63,165.34,173.92,177.00,188.22,194.12,207.53,213.01,221.68,237.92,254.05,262.61,269.62,279.03,283.85,292.04,290.13,292.25,287.25,285.06,279.69,267.26,266.13,259.59,254.42,251.44,242.89,236.58,229.80,225.22,217.57,209.15,201.81,195.43,182.19,174.84,162.05,152.32,144.13,129.65,114.63
110.16,119.60,127.01,134.38,142.27,148.10,152.78,154.67,157.81,162.54,167.36,170.23,175.38,181.04,186.40,195.78,204.38,215.59,223.90,230.78,249.06,259.08,268.12,274.55,282.77,292.18,299.15,299.38,296.76,290.72,287.90,282.63,274.03,273.21,266.38,259.45,254.95,247.42,241.63,235.47,227.70,222.71,209.48,203.02,194.92,184.45,173.93,165.03,153.21,140.19,128.81,114.11
99.76,110.07,123.81,138.09,141.15,145.50,149.93,151.38,155.01,158.66,168.08,171.27,175.89,180.36,188.66,195.83,201.14,212.46,220.69,230.97,246.05,258.59,267.88,275.63,286.25,290.15,298.26,293.97,297.69,290.63,287.58,285.10,275.05,269.07,265.75,260.05,256.00,246.91,239.25,233.03,227.65,219.80,211.14,202.08,195.35,184.82,175.64,163.37,150.75,140.89,130.86,117.44
109.66,120.42,130.51,136.88,140.94,148.66,147.87,156.63,157.55,161.92,166.46,171.42,175.91,179.18,189.55,195.36,204.92,213.46,225.40,231.77,247.41,259.83,269.01,276.03,285.75,291.49,297.36,294.76,297.49,292.22,288.90,282.78,272.93,272.31,266.83,258.59,253.88,249.54,240.40,236.14,229.92,220.77,212.61,203.16,198.73,183.85,174.98,162.31,154.16,142.44,128.32,113.60
103.59,113.15,119.52,127.01,134.08,141.72,142.35,146.40,150.08,152.07,158.53,163.22,167.07,171.90,178.34,186.82,194.33,202.80,212.92,220.20,232.70,246.07,253.78,261.96,268.73,276.26,280.43,279.30,279.11,275.86,272.53,268.70,258.79,257.00,251.37,246.46,239.89,234.41,227.30,221.58,216.67,210.23,200.41,191.72,187.07,172.80,164.30,154.95,144.03,131.59,119.10,106.10
68.31,67.60,78.57,87.66,95.08,102.84,111.41,128.81,136.62,146.24,154.69,164.30,169.61,174.55,178.91,187.58,194.86,198.04,205.23,207.23,215.52,220.41,225.57,229.26,230.21,236.02,238.20,231.67,232.66,230.29,227.09,222.09,214.69,216.81,210.60,205.01,201.21,194.49,190.60,187.68,183.17,175.15,170.00,162.86,157.63,148.01,142.09,132.85,125.26,118.96,108.04,98.84
109.20,119.60,126.05,133.22,140.19,146.81,147.35,150.42,153.16,154.69,159.76,164.20,167.92,174.00,181.84,188.10,198.00,202.71,214.01,223.57,237.84,248.65,257.07,264.64,273.23,278.17,286.27,284.43,287.17,280.49,279.03,271.90,264.37,261.01,253.66,250.91,245.90,239.59,234.14,227.53,222.93,215.11,205.29,198.31,193.15,180.00,174.13,163.53,151.58,141.22,129.73,115.88
69.32,78.16,84.69,94.75,104.00,115.02,120.93,134.24,143.35,152.74,162.61,170.67,175.76,182.78,187.45,194.62,199.67,205.01,210.62,212.87,221.44,224.18,231.32,234.78,235.70,239.15,240.63,240.26,240.30,234.21,231.89,226.81,221.72,218.92,213.78,210.76,204.44,198.43,194.80,189.20,185.40,177.39,170.02,161.98,158.69,150.22,144.42,135.38,125.32,117.89,106.51,98.13
69.64,80.45,87.66,96.32,106.61,116.97,126.12,144.51,154.26,163.23,172.17,184.72,188.22,195.36,201.12,207.45,215.60,221.61,225.80,229.26,238.47,244.24,246.78,250.71,254.67,258.52,260.69,256.89,258.50,252.42,251.41,244.10,237.12,237.70,230.50,228.35,222.64,215.63,211.62,207.00,201.31,195.21,186.13,179.04,172.35,160.65,155.39,146.44,138.42,130.03,119.57,107.54
67.91,75.80,85.48,93.65,103.58,112.61,120.74,136.80,144.78,154.77,167.36,174.15,178.89,185.31,192.11,198.43,204.53,208.90,215.06,217.92,223.43,230.22,236.38,238.43,241.20,244.31,245.55,245.28,244.46,238.65,236.78,232.31,225.33,222.44,216.82,214.65,208.69,205.41,198.12,195.45,189.06,182.69,174.81,168.24,163.20,154.87,147.26,139.17,131.49,121.20,112.07,100.18
71.06,79.18,86.05,96.57,102.49,113.74,120.51,134.13,143.00,152.11,162.34,168.50,175.86,183.67,186.23,195.88,200.30,204.46,211.77,215.82,222.30,228.97,234.08,237.03,240.71,246.71,247.98,244.01,246.59,241.90,237.41,232.25,226.04,224.02,218.45,213.22,208.14,205.78,199.12,195.13,187.97,184.33,175.76,166.51,161.28,153.10,147.87,138.29,129.25,121.21,111.45,101.24
69.26,78.77,85.80,96.77,104.81,114.39,120.25,134.30,144.09,154.15,161.97,169.43,174.18,183.67,188.67,197.52,200.30,206.69,211.29,215.45,224.18,230.33,235.48,238.38,239.53,245.28,246.90,243.07,245.28,240.38,238.92,231.49,228.08,224.54,218.22,214.14,211.74,202.48,199.96,194.52,187.04,184.01,174.55,167.60,164.00,155.24,147.20,137.46,128.16,120.97,111.80,100.58
70.84,81.44,89.05,97.74,106.83,118.11,123.41,136.82,145.89,154.74,164.35,172.18,177.50,180.94,188.52,194.54,204.71,207.56,213.78,213.04,221.45,231.60,234.33,238.01,239.10,245.20,246.74,242.02,243.24,240.41,236.61,232.00,223.95,224.96,218.49,214.77,207.76,201.26,195.93,193.21,186.53,181.04,174.40,167.91,161.51,150.24,144.31,135.07,127.62,118.53,110.55,100.77
74.73,84.06,88.62,98.39,107.23,117.00,128.55,145.88,154.56,160.75,168.12,177.16,180.34,185.85,192.28,198.40,208.71,214.00,219.15,221.60,228.95,233.02,241.01,242.50,245.41,252.05,256.46,252.03,250.20,245.39,243.00,238.50,228.00,232.12,223.06,218.55,213.60,204.71,201.11,196.82,192.84,183.25,176.71,169.31,165.13,153.85,145.12,136.88,130.08,120.20,109.00,96.33
106.04,119.55,126.63,129.65,137.93,143.41,141.83,146.99,147.33,150.08,156.71,158.52,161.01,164.77,171.97,177.23,185.61,189.93,198.84,206.74,222.28,232.61,240.05,248.24,260.20,264.61,272.05,273.58,273.79,270.84,270.70,264.15,258.55,257.80,252.40,248.10,245.20,241.35,233.31,229.86,225.14,216.48,210.54,200.64,197.04,185.53,178.73,165.42,152.84,140.52,132.37,118.07
74.85,83.10,97.98,106.71,113.72,124.68,132.97,148.92,157.14,168.31,178.00,187.38,194.08,198.09,201.64,212.13,217.37,224.18,228.76,231.35,239.07,244.25,250.11,253.03,255.00,260.42,262.61,256.27,254.38,252.54,249.78,243.40,234.17,235.83,228.41,221.37,216.82,208.68,205.91,201.06,195.07,187.45,181.18,171.68,165.65,154.56,147.30,138.97,129.47,122.12,111.89,102.61
68.01,79.91,92.66,101.71,108.78,118.90,125.26,142.62,150.08,157.65,167.26,176.14,182.00,186.57,191.82,199.69,207.13,211.85,216.09,219.49,225.14,231.25,237.29,238.76,241.81,247.20,248.57,242.53,244.23,238.95,235.77,228.62,222.81,223.14,215.46,210.02,203.71,196.74,194.28,188.96,184.62,175.50,170.18,162.10,155.13,145.89,139.74,129.76,121.75,116.48,105.00,96.38
71.61,78.03,84.85,96.30,103.60,112.68,121.20,136.95,144.69,153.79,161.00,171.47,177.10,180.76,186.56,194.25,200.87,207.19,211.59,213.88,218.71,224.16,229.61,232.64,233.93,241.11,241.66,234.55,237.78,231.81,227.97,225.18,217.83,217.64,210.64,206.49,200.34,196.37,190.16,186.45,180.25,171.27,167.32,160.10,152.74,143.01,134.83,127.78,121.28,113.22,104.64,95.52
69.35,77.52,85.16,95.78,101.60,112.75,120.30,134.81,142.44,152.33,159.82,171.90,177.12,181.59,185.33,194.36,198.17,204.31,210.95,212.72,218.08,223.09,226.61,230.84,232.82,239.15,241.00,235.77,235.30,230.53,228.98,224.08,216.04,215.26,208.75,204.36,199.01,194.47,188.35,185.57,177.89,170.18,165.48,157.70,151.17,139.78,133.54,127.95,120.50,113.00,104.18,93.74
68.88,76.54,78.10,92.20,89.50,109.99,122.20,132.37,137.30,149.89,161.32,167.94,172.35,176.11,182.53,191.82,199.86,202.02,208.71,211.40,215.03,223.08,228.06,232.17,233.03,238.54,243.82,236.70,236.78,234.25,229.71,226.32,217.08,220.99,212.90,207.48,200.94,193.93,192.42,187.49,182.58,171.90,166.18,157.94,155.72,142.87,136.24,127.12,120.07,113.17,105.12,97.65
68.35,76.38,84.86,95.02,100.09,111.13,117.18,133.65,140.06,150.60,158.15,168.19,175.31,178.10,184.71,192.98,199.01,204.01,210.84,210.87,217.22,224.20,230.79,234.61,235.99,241.91,244.10,238.80,237.55,235.01,229.92,224.66,217.47,219.45,213.93,206.83,202.83,197.49,192.15,187.30,181.60,172.63,168.16,159.02,152.97,143.53,135.16,127.01,120.37,110.15,102.31,93.41
98.48,109.29,117.89,123.36,127.74,133.46,136.24,140.43,140.46,143.76,146.37,151.18,154.93,155.46,161.05,167.63,174.92,181.08,191.27,199.74,212.05,222.19,230.64,238.08,244.36,252.67,262.68,262.35,263.90,263.87,259.79,257.42,251.72,254.03,246.99,244.35,240.40,235.14,231.20,229.20,223.81,214.76,208.02,199.92,197.25,183.97,176.12,165.30,156.78,142.23,130.86,116.28
78.75,89.07,94.34,109.20,119.20,129.85,137.87,151.61,161.32,169.58,180.71,188.22,194.20,201.64,207.52,211.24,221.29,223.54,230.51,234.72,241.35,246.62,250.23,253.67,256.68,260.41,260.60,257.60,256.19,251.10,246.34,241.30,231.62,228.88,221.42,216.94,210.76,203.30,199.61,194.13,188.82,180.85,173.22,164.14,158.11,145.60,140.66,134.54,123.02,114.69,105.08,95.86
77.20,88.24,96.25,105.08,112.59,123.42,129.20,145.00,154.32,162.00,168.63,177.61,184.10,190.10,194.13,201.12,208.09,212.04,218.68,222.73,229.09,235.09,239.15,241.87,244.57,249.90,247.20,244.38,241.59,237.86,236.17,228.84,220.71,219.18,212.15,205.04,200.85,192.00,187.48,183.81,175.55,168.83,162.56,153.73,150.27,134.24,130.97,122.11,114.27,109.07,97.58,89.47
104.79,115.80,121.79,128.65,135.15,140.55,142.27,144.01,143.14,145.10,148.84,148.22,152.64,157.04,162.63,167.14,173.81,180.69,189.77,199.91,213.14,224.66,233.69,241.94,251.23,261.28,268.29,269.15,274.19,268.90,268.27,266.58,262.38,262.07,256.72,249.80,248.87,243.82,241.83,235.78,230.46,223.01,216.04,208.39,202.41,189.20,180.89,167.94,155.59,143.42,130.06,114.98
110.11,121.71,127.77,134.20,139.27,146.01,147.71,148.96,151.43,153.26,156.54,157.51,160.53,161.60,168.07,176.18,181.18,189.71,201.16,205.36,222.04,235.47,245.60,254.16,263.80,275.04,281.80,279.23,283.21,283.78,276.39,277.14,273.86,275.26,268.09,264.33,260.66,253.81,249.62,244.81,239.84,232.57,223.90,218.44,210.54,198.07,188.45,178.77,163.05,151.48,140.19,126.37
106.10,117.04,123.37,130.38,133.46,140.43,139.17,141.77,142.28,140.73,143.22,143.18,144.45,145.45,154.03,158.09,162.78,171.84,180.95,184.76,198.60,206.18,215.59,222.45,229.67,240.41,249.27,244.81,252.51,251.15,250.57,245.38,242.87,245.72,240.30,236.22,232.33,228.83,226.56,220.23,217.64,208.87,202.41,198.31,190.76,179.74,171.13,161.74,148.37,137.03,123.23,111.65
115.26,128.02,134.84,143.59,147.28,154.46,155.32,158.38,156.19,157.69,159.33,161.40,166.15,165.33,169.58,171.82,183.50,189.27,201.80,207.29,225.18,234.78,250.27,257.41,263.62,275.38,283.82,282.52,284.61,284.76,281.14,278.16,274.65,275.97,272.46,265.11,259.31,254.02,248.07,245.52,240.26,230.87,223.29,218.22,209.42,194.54,183.79,173.44,159.21,147.79,132.08,116.46
115.38,128.41,133.96,142.41,148.95,152.84,156.52,157.81,156.02,157.43,160.42,162.05,163.42,167.51,173.37,174.77,183.15,189.21,199.22,207.87,226.55,233.43,249.58,258.12,263.17,275.00,281.01,285.43,286.51,283.59,280.17,277.63,275.28,273.67,270.99,263.69,261.01,252.41,249.58,243.98,239.01,232.46,220.08,216.04,207.51,193.87,186.30,173.00,158.90,147.15,134.36,118.73
114.28,126.81,134.18,142.39,147.68,153.44,155.18,154.69,154.54,155.03,158.62,157.16,162.73,161.42,167.72,170.84,180.11,187.62,197.75,204.50,217.44,229.31,242.79,250.60,255.97,269.71,276.03,273.47,277.69,276.12,273.72,269.36,268.04,268.16,265.01,258.54,252.98,244.43,244.08,238.38,233.03,226.05,216.91,213.47,201.56,190.71,180.83,170.24,154.74,144.39,129.00,114.16
109.66,119.20,125.73,131.87,139.01,143.28,146.01,144.31,146.58,144.73,148.14,149.31,149.81,150.31,154.15,157.11,165.52,174.77,185.31,191.13,205.18,213.59,230.34,233.81,239.79,250.43,258.33,255.35,254.52,255.50,251.45,250.89,250.10,247.35,244.64,237.93,232.02,227.38,223.51,219.05,214.11,210.07,199.72,193.87,186.82,174.24,166.23,153.15,139.85,128.66,116.30,103.45
111.65,125.00,131.21,141.51,143.18,151.33,150.79,156.16,154.64,157.08,159.25,161.01,164.54,165.00,171.23,173.97,183.10,191.38,202.20,210.04,227.71,234.80,250.68,260.07,268.75,277.48,287.17,286.06,289.50,284.45,284.40,281.04,276.98,275.80,271.06,264.78,259.34,253.40,248.11,242.29,238.47,229.03,218.96,214.11,203.48,185.33,175.16,160.24,143.95,131.10,110.07,94.37
110.14,122.00,126.92,135.48,139.82,147.63,146.49,145.83,143.01,145.96,146.41,144.42,146.97,149.69,154.77,159.29,164.14,170.99,181.01,188.51,202.43,210.23,223.29,230.84,235.00,249.33,253.27,253.60,258.63,251.07,253.10,248.85,247.41,245.45,240.00,237.97,235.69,225.85,223.13,217.19,214.89,207.62,201.09,195.56,187.95,176.49,168.59,159.00,146.51,135.07,121.83,111.07
111.83,122.15,128.71,135.09,138.24,144.31,145.06,146.00,144.55,145.99,145.77,143.74,147.68,148.10,151.20,157.49,166.15,170.66,182.60,185.44,199.10,207.74,222.80,228.55,233.94,246.91,255.00,249.58,253.82,253.31,249.55,245.25,246.11,248.57,243.34,239.20,232.26,225.29,222.09,219.39,213.85,206.78,197.73,194.28,188.13,177.00,167.59,158.35,144.25,135.03,122.20,109.71
112.01,126.02,130.63,138.06,146.99,154.33,153.81,156.82,154.81,155.66,159.84,161.30,161.38,163.78,167.48,171.13,178.51,187.52,196.47,205.00,220.74,228.88,244.77,251.46,258.28,272.46,279.23,275.17,277.31,278.89,274.64,268.97,266.91,266.09,265.40,259.70,250.34,242.30,239.43,235.64,230.64,220.24,212.21,204.35,196.09,178.35,167.71,153.39,138.13,121.49,102.18,89.44
57.31,68.25,73.05,80.06,88.60,95.78,102.73,116.52,123.86,130.48,143.96,150.86,155.12,163.81,169.61,176.95,182.00,190.28,195.32,197.31,203.60,208.78,211.75,211.61,214.76,221.42,224.12,220.44,221.10,218.74,212.26,209.77,207.24,203.22,202.25,194.51,192.26,185.41,183.86,175.80,172.18,169.01,160.03,156.08,149.65,145.42,137.20,132.62,126.15,122.80,113.85,104.14
105.19,118.00,126.63,133.69,137.03,145.34,145.06,146.99,148.10,149.83,152.84,151.70,152.74,153.29,157.10,164.44,170.31,178.47,186.27,192.42,206.55,216.34,226.92,237.90,242.71,252.76,258.50,259.85,258.12,257.01,256.42,250.16,248.78,246.06,241.37,234.80,229.38,224.56,219.60,214.18,210.86,199.12,190.21,186.04,173.35,160.86,146.99,132.64,119.11,107.30,84.53,75.43
58.14,64.40,71.22,78.64,85.15,94.20,100.18,111.95,121.02,124.81,135.18,145.50,150.07,157.87,163.20,167.93,175.64,183.83,191.16,190.25,196.23,203.02,208.04,208.73,211.40,215.60,221.06,215.47,218.49,212.76,211.88,207.87,207.48,205.27,198.92,192.77,191.09,188.22,186.13,178.51,175.15,169.03,164.47,159.03,154.26,147.49,141.36,135.79,131.05,125.02,116.11,107.49
119.92,132.80,137.87,148.68,153.05,159.24,159.71,160.42,158.93,155.98,159.71,155.21,157.04,159.30,161.81,164.88,169.26,177.60,184.94,190.91,205.23,213.05,226.05,235.58,238.08,246.68,254.47,251.80,253.66,251.45,252.24,244.08,246.92,240.47,236.36,231.94,227.18,225.21,218.59,213.43,211.38,204.12,195.43,191.44,183.70,172.24,161.15,153.06,140.12,127.01,116.16,102.79
66.10,71.40,78.26,88.09,93.98,102.53,106.78,120.15,127.99,132.10,143.28,151.49,151.86,164.65,167.59,177.88,182.20,188.32,192.84,197.45,202.83,207.79,210.04,215.03,217.41,228.27,230.59,225.42,226.98,223.65,222.58,218.52,217.81,216.15,213.36,209.75,208.40,201.42,200.48,197.02,192.87,186.14,181.82,176.17,177.07,170.84,162.41,154.57,148.93,144.78,133.99,121.34
74.55,86.45,90.97,99.64,108.47,119.54,122.87,133.18,141.52,148.68,158.76,164.05,169.00,176.14,179.79,187.18,192.82,198.03,201.23,202.34,207.24,210.54,217.35,221.18,222.20,227.48,233.98,230.00,231.23,226.50,224.18,222.09,218.40,215.29,208.39,207.80,202.88,198.28,200.32,193.20,189.78,183.04,178.76,173.36,171.64,163.37,158.24,150.45,142.89,139.04,129.76,119.04
78.01,89.90,94.92,104.04,110.29,120.31,125.40,136.00,143.96,152.40,160.88,164.40,171.02,176.01,183.74,190.91,194.09,195.75,203.04,206.63,208.96,215.62,221.73,223.89,226.13,234.92,235.85,229.61,231.14,230.05,228.60,223.99,221.90,216.68,211.98,211.01,203.92,201.32,198.60,190.12,190.21,184.36,177.90,174.15,170.43,163.69,157.54,149.64,141.52,136.82,126.65,118.61
79.03,89.01,98.33,105.62,113.28,122.54,127.48,140.09,147.05,153.77,160.80,167.34,172.54,177.54,181.22,187.76,192.61,195.39,196.42,203.09,209.25,213.00,217.89,223.00,224.62,228.82,230.26,228.71,227.98,225.88,222.77,218.69,218.45,212.43,210.16,205.23,199.44,194.92,195.62,190.55,186.27,178.31,173.67,170.59,164.92,157.50,151.45,144.69,137.88,132.09,122.43,109.62
75.17,82.20,88.60,95.43,102.22,110.64,117.90,125.21,134.41,140.23,147.26,153.06,157.95,162.19,167.87,170.86,175.36,182.47,185.97,188.30,192.52,199.49,207.28,205.76,212.06,214.31,223.38,220.31,223.60,222.42,217.87,213.85,215.28,211.98,208.87,203.25,200.96,195.58,195.02,189.79,186.19,180.95,174.40,168.81,165.75,159.88,153.56,146.58,137.79,130.03,121.46,109.48
83.93,93.09,99.28,109.04,117.05,128.04,133.02,145.80,153.44,158.90,169.61,175.70,181.84,185.01,189.74,197.61,200.81,210.16,211.77,216.00,222.04,223.26,229.97,231.66,231.28,239.27,240.28,237.03,235.10,235.19,228.76,225.38,225.22,222.79,214.71,210.01,207.18,201.68,202.37,197.67,192.67,185.33,179.18,178.87,171.40,165.66,156.46,151.74,141.40,133.02,125.94,115.52
84.77,94.53,101.71,111.04,118.68,128.47,135.96,146.01,152.74,160.08,169.20,175.60,182.15,185.10,191.65,199.01,203.03,211.81,211.53,217.64,224.15,227.30,232.14,233.73,234.36,241.37,244.90,239.93,240.67,239.44,234.34,228.05,226.02,222.25,218.28,214.74,209.31,204.24,205.06,200.74,195.37,188.09,183.41,179.88,173.91,167.51,159.82,151.09,143.27,136.78,129.44,114.91
85.04,96.17,100.60,106.47,117.03,126.53,133.02,142.76,148.52,155.33,165.98,169.09,175.39,179.41,185.28,189.08,193.20,197.28,203.93,203.96,212.85,216.15,220.54,222.63,224.14,232.11,236.88,232.22,232.56,232.55,226.57,221.38,222.04,219.15,215.97,209.89,206.50,203.90,200.66,195.24,191.40,186.57,178.28,175.57,170.34,161.48,157.84,149.93,140.94,132.65,125.94,114.02
82.61,93.65,101.61,109.64,115.97,124.04,131.05,143.03,150.28,156.24,165.08,172.80,177.07,185.99,186.56,195.89,199.85,205.97,208.56,217.69,220.08,224.51,230.85,231.97,237.88,241.76,243.40,242.69,240.21,240.16,232.42,231.82,229.12,225.58,222.46,217.51,214.89,207.06,205.73,203.04,199.04,189.42,183.67,181.21,174.98,168.08,162.41,154.38,146.78,138.00,129.69,115.52
81.86,91.61,98.51,106.40,115.36,125.96,129.88,141.66,151.08,155.59,167.84,172.31,178.00,185.01,192.46,196.06,202.71,210.71,215.68,216.83,224.72,231.40,235.80,241.23,244.12,249.90,251.31,246.47,250.80,246.88,243.01,237.55,236.99,232.74,228.33,225.42,220.44,216.33,215.87,209.38,207.18,198.01,189.77,188.83,180.87,174.39,166.88,158.03,149.34,140.94,133.45,119.52
76.06,86.77,90.44,97.16,107.52,115.97,120.81,129.38,139.46,142.86,156.85,160.07,165.58,174.60,179.48,184.20,190.39,198.71,200.68,203.20,212.76,216.48,223.18,224.59,229.59,235.05,237.76,233.63,236.18,234.78,228.88,225.89,225.06,220.05,218.56,214.87,211.10,207.39,205.77,199.00,196.70,189.55,182.26,177.41,173.01,168.65,159.53,153.38,143.59,134.85,125.20,113.88
107.87,118.90,129.40,141.04,145.12,155.08,158.37,165.53,166.69,171.14,175.86,180.23,184.26,185.35,188.96,195.43,201.82,212.61,218.84,226.53,237.93,246.08,255.84,260.50,266.01,272.64,279.29,273.10,274.33,269.74,266.74,259.39,250.57,251.35,246.61,241.29,234.34,229.11,225.79,215.52,212.06,203.42,196.22,187.26,177.37,162.64,151.49,140.63,130.03,116.73,103.81,93.38
121.20,134.03,141.82,151.24,159.48,169.29,173.67,178.49,181.42,183.44,190.82,189.42,195.60,197.71,200.32,206.42,210.54,220.06,228.66,234.71,244.66,252.93,265.58,269.05,275.39,280.79,284.29,279.55,280.26,279.03,275.66,269.07,265.19,262.02,256.13,250.91,246.78,241.51,238.42,231.86,227.85,221.12,210.83,205.00,196.70,184.14,175.82,165.61,154.03,142.09,127.02,108.07
119.60,133.41,142.89,151.27,160.26,169.76,171.82,180.34,179.63,183.70,188.32,191.97,196.81,196.42,198.41,203.09,211.14,219.92,227.69,233.14,242.14,249.72,261.01,266.02,270.38,276.60,279.47,275.66,274.23,271.12,269.31,260.80,257.09,256.81,251.01,249.10,239.37,234.17,232.43,224.62,223.65,215.54,207.40,201.23,193.35,179.00,170.55,161.45,151.21,139.86,124.52,103.73
116.09,127.29,137.88,147.23,155.93,164.21,169.50,175.32,179.18,182.66,189.17,193.64,197.31,198.30,202.71,208.59,218.01,226.23,233.43,241.03,254.20,259.33,273.48,276.52,281.95,288.21,292.62,286.01,285.63,284.93,278.12,271.40,264.78,263.41,257.24,251.84,242.56,236.02,231.62,228.13,220.48,211.73,204.46,196.01,185.73,170.75,162.80,150.46,137.36,125.25,111.76,97.80
116.84,129.27,136.47,146.22,156.54,165.49,167.97,175.05,178.90,180.27,188.60,190.80,194.49,199.73,202.20,209.34,212.25,221.82,230.85,238.67,251.86,259.56,266.59,276.37,278.74,287.63,285.27,281.74,282.85,279.23,272.62,270.22,260.30,256.16,249.82,244.72,239.03,235.61,228.88,219.69,216.63,207.85,200.56,191.41,181.69,171.42,163.86,150.71,135.82,127.48,113.85,101.52
109.22,121.74,131.50,141.66,146.32,155.21,160.02,166.63,168.36,172.24,178.31,183.61,188.86,189.55,191.86,201.40,203.38,214.72,221.82,227.44,237.51,247.51,256.63,263.69,267.32,274.33,277.89,269.36,267.92,265.84,259.12,254.80,250.67,246.07,242.56,237.43,226.00,222.31,217.11,211.90,208.70,197.09,193.75,184.57,174.61,162.93,155.24,144.01,132.00,124.10,108.34,96.43
110.54,125.67,131.38,141.09,149.40,161.06,163.08,170.08,173.28,175.65,183.76,184.71,190.26,194.29,201.12,205.50,212.51,221.60,228.65,237.13,247.73,256.33,264.71,270.78,275.57,281.89,284.51,282.94,282.39,280.49,276.99,270.05,263.08,258.71,253.80,247.63,241.47,239.75,232.16,224.40,221.62,213.43,204.41,196.89,186.95,175.64,164.65,152.90,142.87,131.85,117.41,105.10
105.02,116.30,125.42,134.39,141.60,148.66,153.38,159.91,165.02,167.59,173.53,176.64,180.05,184.07,188.18,193.65,199.42,206.65,213.32,217.83,230.71,237.68,244.03,249.62,255.60,260.95,265.09,262.88,261.46,259.02,254.78,252.25,246.81,245.46,239.14,235.54,228.60,227.00,220.77,216.17,211.73,204.86,198.04,191.19,183.07,172.90,165.92,153.47,142.94,133.00,119.97,107.56
112.75,123.15,131.37,142.90,150.28,156.34,162.01,170.29,174.26,176.64,182.00,185.10,190.52,195.56,200.06,207.63,210.29,217.86,225.57,233.21,240.28,249.90,258.50,264.02,267.55,275.12,279.08,273.21,273.22,276.93,269.23,265.75,258.91,259.22,250.74,250.55,245.15,238.67,234.57,229.97,225.09,215.59,210.68,201.76,195.50,184.62,173.46,163.01,150.88,139.60,128.16,114.14
101.53,120.25,122.02,127.58,135.80,149.57,152.74,157.00,163.13,167.37,173.01,176.53,180.83,185.21,191.65,197.21,202.28,210.84,218.16,226.32,236.18,245.82,254.15,259.89,265.11,270.82,273.36,270.12,268.03,266.79,265.63,259.89,253.55,252.72,245.08,240.19,235.99,234.00,224.08,219.99,217.83,208.06,199.86,195.16,185.01,173.22,164.11,154.73,143.59,133.02,120.04,106.00
103.59,115.26,120.88,129.40,137.71,146.15,149.25,159.03,160.06,162.15,174.75,178.04,182.85,186.40,192.31,197.65,203.00,206.65,218.39,222.52,232.56,240.83,249.74,256.52,261.12,266.82,271.20,268.78,268.17,268.16,264.46,258.38,253.43,250.77,245.73,242.14,235.02,233.03,228.36,223.83,219.62,212.66,205.12,199.55,190.07,179.29,171.02,160.38,147.83,140.04,124.66,113.07
95.60,107.69,115.12,124.81,129.44,137.48,142.36,151.92,157.16,161.40,166.43,171.06,174.24,178.91,180.68,190.08,198.31,205.01,211.97,216.06,225.06,234.97,242.53,247.33,250.80,258.28,262.00,255.69,256.73,257.09,250.65,246.95,241.75,242.25,237.62,231.50,223.45,221.20,216.34,213.49,211.37,197.99,194.04,188.16,183.22,169.25,161.28,149.89,142.80,131.47,116.73,104.04
91.92,104.74,109.79,119.21,124.78,133.00,137.08,146.03,150.63,152.12,159.33,162.52,165.53,170.95,170.41,178.73,183.13,191.07,197.80,205.01,211.65,216.83,225.14,232.12,236.17,241.12,243.52,242.91,243.39,239.74,238.25,233.38,229.65,228.02,223.73,222.70,216.98,212.17,209.75,204.71,202.06,193.88,188.92,182.20,176.46,165.85,157.38,148.12,138.18,130.08,116.04,104.66
100.17,110.75,119.00,129.47,133.45,144.46,149.89,157.81,163.62,168.77,173.90,177.49,184.01,185.44,190.38,198.12,202.18,211.42,218.45,225.79,232.82,241.18,248.85,253.10,260.05,265.19,270.15,263.15,264.33,263.83,258.68,254.77,252.80,252.52,248.30,240.21,236.68,231.08,225.02,221.28,220.71,206.20,202.41,198.04,189.99,176.82,167.72,156.98,148.00,138.01,124.08,111.80
95.13,106.00,112.29,121.56,128.66,136.85,142.84,149.09,152.59,157.47,164.05,166.09,169.55,174.10,179.32,185.30,191.25,195.90,203.21,208.29,216.98,224.88,231.57,238.21,244.07,249.15,251.86,247.20,247.65,246.15,242.13,239.87,236.60,235.27,229.53,225.86,221.27,219.67,214.04,209.47,208.33,199.22,192.04,189.28,181.66,171.13,162.03,152.86,143.63,133.72,120.42,108.78
100.18,113.28,120.55,130.23,137.30,144.89,149.91,161.20,165.85,168.58,175.76,180.29,184.62,188.15,189.17,197.09,201.06,209.90,217.14,222.81,230.31,235.80,248.65,252.40,254.13,263.71,267.80,260.66,263.84,261.63,256.63,251.18,247.65,249.32,243.02,241.67,233.00,228.47,227.71,221.53,219.31,208.40,203.44,199.32,192.17,179.49,172.28,160.59,150.47,138.31,125.73,114.48
104.40,117.21,127.46,136.78,144.67,152.05,157.81,167.54,172.35,175.00,184.36,186.45,193.26,194.10,198.08,206.24,211.60,219.13,227.90,229.47,239.03,246.72,259.65,263.76,265.22,275.14,276.38,270.90,268.80,271.83,264.58,259.98,256.40,254.28,255.25,247.69,241.60,236.21,233.45,230.82,224.80,216.64,210.30,206.50,199.00,186.70,178.81,168.68,159.71,146.71,133.96,121.17
106.79,119.92,125.88,137.06,146.51,153.76,159.51,169.58,171.55,176.92,185.71,188.09,192.52,197.97,201.49,208.87,213.44,220.68,229.24,233.47,242.29,251.09,259.94,265.66,272.36,275.77,277.56,276.89,277.52,275.22,271.49,264.37,261.63,259.72,256.22,250.32,245.75,241.78,238.16,231.70,229.33,221.36,213.19,208.92,202.48,190.39,182.88,172.17,159.05,149.27,137.36,122.98
107.62,122.32,128.86,140.07,148.86,158.70,164.54,172.79,176.78,181.73,191.05,191.38,197.01,202.53,206.89,212.87,218.89,223.89,233.62,237.31,248.21,254.37,264.33,268.78,274.09,278.68,282.07,278.43,279.11,275.95,273.26,267.17,264.47,261.69,258.07,252.63,247.89,245.07,240.61,233.48,231.61,224.02,213.60,211.46,203.25,192.46,183.90,174.83,161.05,151.99,138.40,126.50
100.70,112.65,120.30,130.25,136.00,145.00,150.27,159.67,163.88,168.88,173.44,179.42,183.88,184.30,189.48,196.60,200.06,209.33,215.54,218.02,227.64,232.45,243.21,246.24,251.37,259.28,262.25,255.78,257.80,255.49,252.24,245.10,246.07,246.47,242.43,237.42,231.23,225.08,223.14,218.48,218.91,203.66,202.04,197.40,188.86,176.88,169.12,158.32,148.66,141.16,123.81,115.11
102.88,114.86,121.31,132.01,140.94,150.27,156.21,162.37,165.92,169.67,178.40,181.22,185.00,188.96,191.54,198.92,202.06,208.90,216.94,221.46,228.53,235.80,246.05,249.82,253.57,259.92,264.33,258.31,259.28,257.61,256.63,252.12,247.41,250.11,242.79,240.47,234.23,229.02,226.50,220.91,218.33,210.02,202.99,199.58,191.51,180.01,172.26,163.11,151.71,141.99,128.02,118.83
102.40,115.21,123.49,133.54,140.63,148.17,153.83,163.05,166.09,171.72,177.52,180.47,184.36,186.13,191.02,196.17,202.61,206.41,214.71,216.58,224.56,231.50,240.20,245.35,247.41,255.08,257.87,252.06,251.59,250.99,245.84,243.73,238.89,242.17,237.00,230.63,224.96,220.73,217.85,214.69,212.43,201.12,195.88,192.94,185.97,174.14,166.51,156.54,146.99,137.38,123.97,111.63
102.63,113.64,121.84,130.12,139.79,146.49,153.85,159.42,163.00,165.28,174.23,176.78,180.68,184.97,186.68,193.10,196.82,200.10,207.17,212.66,222.31,224.89,233.11,238.92,242.53,247.87,248.49,248.71,250.32,246.13,242.79,238.76,235.21,234.95,229.03,224.77,221.82,216.54,212.42,209.12,203.44,198.36,192.77,187.02,181.14,170.26,164.20,153.95,142.59,134.13,121.63,110.05
104.06,115.31,125.54,135.34,142.89,150.34,157.50,164.64,167.74,172.68,176.05,183.52,184.91,188.15,191.66,195.66,202.87,208.28,215.95,220.08,227.34,234.07,241.81,246.98,249.97,257.23,261.28,257.56,257.02,257.28,254.72,248.28,246.98,247.34,242.23,236.30,232.66,225.89,223.60,220.19,216.52,208.66,202.61,198.98,191.37,180.07,171.81,161.62,151.17,142.84,126.15,116.46
101.24,114.53,120.81,131.53,141.32,147.03,151.00,160.11,160.61,166.64,171.14,175.21,179.32,183.02,183.73,189.40,193.67,200.49,210.00,210.61,218.40,225.30,232.42,236.12,240.52,246.76,249.61,249.23,249.69,248.07,243.82,240.97,237.89,238.93,233.86,228.57,227.38,220.33,218.48,212.47,209.31,203.07,196.46,191.61,183.70,174.87,164.68,154.74,146.35,135.86,123.63,111.83
114.21,127.24,133.30,144.94,153.67,163.88,169.85,176.31,181.08,183.17,191.76,192.85,195.42,200.50,205.09,209.04,213.81,220.42,229.58,232.11,241.02,246.76,257.96,260.02,264.01,271.52,273.72,268.96,268.82,268.52,265.05,259.43,255.00,255.65,251.87,246.45,242.54,237.47,233.80,225.74,224.40,217.92,208.54,207.30,199.42,187.77,181.53,170.36,159.67,149.31,135.34,122.25
116.36,129.47,135.82,146.70,157.55,166.41,172.59,177.87,181.47,185.32,193.21,193.40,196.92,202.80,208.08,211.29,218.30,221.43,229.19,232.31,240.25,248.67,256.73,260.42,266.73,272.34,274.01,271.67,268.89,269.98,264.17,259.86,257.03,256.63,250.32,248.07,242.92,238.56,234.31,229.79,224.75,220.48,210.77,205.30,199.08,189.17,182.22,170.47,158.71,148.01,135.88,122.56
113.51,128.10,134.62,144.63,153.83,162.26,168.22,175.39,177.13,182.02,186.68,190.08,193.83,196.01,199.46,202.41,209.40,214.40,221.44,223.67,232.00,237.14,244.82,249.69,254.12,260.22,261.94,258.09,259.09,256.91,254.70,249.06,246.13,245.17,242.84,236.62,233.32,229.53,226.13,223.91,220.08,211.48,205.15,200.90,194.65,184.29,178.04,166.11,157.08,147.87,131.24,120.70
113.22,127.14,137.53,145.99,154.02,163.22,168.58,176.66,178.90,183.37,187.95,192.21,196.49,198.73,199.46,204.20,210.49,216.67,223.89,226.95,233.03,240.71,251.29,254.92,257.23,263.95,268.84,263.79,264.05,260.93,256.38,253.78,249.88,250.20,245.54,242.99,234.08,231.19,228.62,224.86,222.35,213.58,206.64,202.68,195.18,182.79,176.24,165.41,156.78,146.24,132.00,117.59
107.30,121.43,130.21,138.08,146.89,154.78,161.24,167.30,169.39,173.57,179.39,178.77,185.87,186.85,191.80,195.82,198.95,205.06,211.40,217.75,224.56,231.51,238.89,244.90,249.69,253.81,258.63,255.22,257.61,254.29,252.67,251.18,246.95,245.90,240.29,238.01,234.34,228.54,227.08,217.34,218.59,207.62,202.87,199.81,190.88,179.40,170.33,157.81,147.60,139.95,125.00,113.99
122.97,139.36,146.18,157.04,168.25,177.14,183.41,186.78,190.16,193.93,200.77,201.88,204.60,209.55,211.34,217.61,222.41,225.80,233.05,236.03,247.36,251.79,260.98,264.85,269.31,274.19,275.94,273.74,273.19,275.59,268.48,264.37,261.93,259.31,255.04,251.05,248.85,242.99,240.09,237.07,231.48,225.74,216.52,209.42,204.84,197.13,189.00,177.88,165.80,154.43,141.20,127.32
109.48,123.69,129.07,138.68,147.00,154.56,158.68,166.29,169.16,172.84,178.54,180.25,185.46,188.74,191.06,195.73,199.21,205.12,213.01,218.22,225.80,233.44,240.45,244.66,249.69,256.78,260.72,256.36,257.65,257.61,255.02,252.00,249.48,246.81,244.40,237.56,235.54,231.89,230.34,221.46,218.26,211.27,204.07,198.64,190.97,180.88,171.23,161.15,150.05,140.62,125.17,113.23
108.17,121.70,130.74,139.40,145.28,154.30,159.30,166.63,169.76,173.90,177.34,182.22,185.41,187.30,191.61,195.43,201.73,206.49,213.93,217.04,225.26,231.54,239.71,245.28,249.58,258.49,263.01,257.10,258.77,255.86,254.25,250.39,246.79,249.65,244.61,241.00,234.16,231.35,226.15,222.28,221.64,209.50,205.41,198.24,190.66,180.04,170.99,158.52,149.62,141.51,126.27,113.81
108.23,121.31,130.00,138.97,146.81,155.55,159.46,167.03,169.25,172.43,176.71,181.46,185.07,187.21,190.31,196.03,199.08,206.29,212.79,215.57,225.57,230.36,239.01,245.49,246.46,257.11,261.29,256.24,257.56,256.74,253.85,251.11,246.81,248.82,242.74,239.95,233.69,230.89,229.44,221.11,220.43,210.80,205.00,197.70,191.04,180.00,170.82,159.84,150.23,140.35,126.78,113.86
107.45,119.41,128.10,137.06,144.31,151.64,155.54,164.76,167.00,171.08,174.10,177.78,181.95,184.63,185.41,190.78,195.47,202.60,210.21,212.22,220.04,226.11,236.17,241.87,243.90,251.54,255.56,252.18,253.97,253.16,247.95,245.25,242.57,243.43,241.46,235.72,230.17,225.18,223.89,220.29,218.52,207.59,200.90,196.35,189.18,179.80,168.50,158.52,148.22,138.42,124.68,111.02
114.06,129.00,133.42,144.36,151.92,162.03,165.28,171.54,175.52,180.35,184.81,186.13,191.40,194.52,195.26,203.03,204.73,210.06,219.13,223.40,232.65,238.85,245.73,253.00,254.39,260.76,265.32,262.99,264.05,261.77,261.26,255.00,254.57,251.48,247.20,242.17,239.27,234.78,233.48,227.26,224.22,215.33,208.66,200.66,194.13,186.01,173.82,164.44,153.42,142.59,129.36,118.19
123.49,138.97,144.01,156.68,166.01,174.79,179.08,185.61,188.80,193.64,195.47,197.85,202.68,205.37,207.35,214.28,215.01,222.04,228.56,233.21,240.52,246.48,252.37,260.41,262.00,266.48,268.56,266.83,266.81,263.31,262.37,257.17,254.42,251.38,245.67,243.17,242.39,235.37,235.21,228.44,226.74,217.92,212.32,207.89,201.61,193.08,182.78,173.10,162.31,152.03,140.22,126.14
122.09,139.32,146.54,156.03,166.23,176.08,179.85,186.34,189.53,192.96,197.77,200.10,203.39,205.30,207.19,213.71,217.80,223.18,228.32,233.82,242.08,245.95,254.54,260.16,263.21,267.42,270.54,267.57,268.16,262.73,263.25,258.18,256.24,253.02,248.65,245.46,241.17,239.03,235.51,230.05,226.05,218.89,213.26,208.91,202.43,193.89,184.20,172.41,162.44,152.07,139.05,125.96
124.65,139.43,146.77,157.27,165.80,176.64,179.92,185.24,186.94,191.06,197.31,197.57,200.14,204.00,208.15,213.88,217.72,221.92,226.79,233.45,239.23,246.45,252.69,258.15,263.34,266.18,268.80,267.69,268.84,262.99,263.37,256.13,256.46,253.01,248.65,243.76,241.17,238.10,235.24,228.55,226.36,219.48,213.02,207.16,202.19,192.60,185.10,174.18,162.00,153.03,139.06,126.65
104.40,114.98,121.94,130.00,138.50,147.76,151.64,157.47,158.86,162.36,169.16,169.53,173.64,178.44,181.01,185.54,188.53,193.75,201.44,205.68,214.90,221.28,228.41,232.22,236.68,244.02,248.20,245.58,247.41,246.33,244.14,243.10,242.92,239.24,237.35,230.97,229.69,222.65,219.49,216.09,212.29,207.74,198.08,196.02,185.99,176.40,170.02,158.03,148.03,139.52,125.23,113.53
108.41,122.64,129.63,137.48,146.49,152.80,157.19,166.43,168.05,170.89,176.77,178.03,182.43,186.08,189.59,195.62,197.95,205.29,212.20,215.82,224.59,230.49,240.17,246.16,248.68,258.09,264.70,260.23,261.44,260.65,257.00,255.03,253.30,252.34,249.93,246.68,241.50,236.38,234.09,229.58,227.32,216.84,209.58,205.30,197.39,188.09,178.34,165.60,156.73,146.24,131.95,119.02
113.86,127.42,135.60,146.49,152.07,160.12,166.24,173.16,177.10,180.37,184.56,188.04,191.13,194.31,195.75,199.18,207.53,209.75,220.05,221.44,231.33,235.03,248.24,249.83,253.05,260.50,265.24,261.85,260.32,261.09,255.43,251.24,248.94,247.88,245.65,240.66,234.77,231.46,230.46,226.11,224.45,213.86,207.51,202.54,198.56,186.98,176.92,165.89,156.43,147.56,132.98,120.42
107.63,120.34,127.02,135.56,141.48,153.84,157.54,161.23,163.60,170.49,172.54,177.72,182.51,186.36,187.77,191.98,196.25,202.62,212.47,213.93,221.36,227.50,237.50,242.84,246.99,254.24,260.50,254.14,257.42,258.12,250.38,249.90,247.52,250.10,246.00,240.16,235.64,230.05,229.44,224.64,221.27,214.09,204.02,201.02,193.87,182.85,174.20,161.45,155.13,143.56,129.54,118.71
107.79,121.04,126.04,136.08,140.91,154.99,157.29,161.92,165.25,170.26,173.42,176.31,182.46,185.95,187.77,193.54,194.73,202.18,209.81,214.57,222.63,229.10,236.52,242.85,246.91,252.02,258.12,256.44,256.60,257.23,255.36,251.10,248.97,247.41,244.18,237.76,237.52,230.38,231.82,223.22,221.60,214.20,204.12,201.56,194.28,183.22,173.35,164.03,154.15,143.63,129.36,118.02
107.90,118.71,125.77,134.62,139.27,154.26,156.44,161.55,163.84,169.50,171.75,175.01,180.69,183.34,185.97,190.71,192.82,200.01,207.69,211.85,219.86,225.86,234.10,240.15,243.73,250.23,256.46,252.04,252.45,254.97,249.33,246.66,245.09,245.20,241.35,236.91,232.81,227.07,227.73,220.78,219.49,212.06,203.02,200.30,191.60,181.04,171.08,160.56,152.82,141.57,128.79,116.40
114.97,128.00,134.26,144.96,153.11,161.45,166.64,172.10,176.05,179.47,183.20,184.36,190.22,192.51,196.23,201.01,205.23,211.48,216.38,221.47,233.02,240.11,244.86,249.66,252.72,257.77,261.73,260.65,261.34,258.80,256.91,252.36,247.89,248.21,244.10,238.52,238.01,232.94,229.73,225.02,222.25,214.03,207.33,202.68,195.17,186.20,176.95,164.71,156.03,146.44,133.42,121.67
115.26,128.32,135.64,146.29,153.05,160.65,166.00,171.21,175.42,179.30,185.33,185.30,190.77,192.33,195.62,200.41,206.02,211.03,217.68,222.07,231.48,236.61,246.13,249.11,254.15,262.73,264.74,259.02,259.76,259.65,255.62,251.40,249.35,252.45,245.59,240.35,238.47,232.13,229.65,224.88,223.73,213.23,208.87,203.67,196.98,186.42,179.49,166.18,158.03,150.08,133.52,120.42
108.00,119.57,127.14,136.31,144.27,151.48,156.04,162.25,163.81,166.60,172.53,173.65,178.89,182.99,185.40,190.42,194.64,198.34,207.89,212.25,219.21,225.40,234.96,240.02,243.30,250.48,252.41,251.72,254.58,251.05,250.34,246.63,243.25,244.71,239.01,235.16,233.03,225.56,226.32,220.10,216.89,209.75,203.16,199.37,192.94,182.78,173.42,163.32,150.60,141.51,129.07,115.92
107.07,119.52,126.70,138.13,142.41,150.69,155.26,161.82,165.08,168.55,170.19,175.62,179.01,181.74,183.50,190.13,193.31,198.08,207.53,209.34,218.56,223.16,232.05,237.26,241.85,248.28,252.72,249.65,252.30,248.87,247.70,244.40,242.42,241.76,238.11,231.95,231.53,225.02,224.88,218.59,215.42,209.12,203.30,196.96,191.67,179.63,170.77,162.29,151.40,139.28,125.78,113.53
107.30,119.47,126.37,137.57,143.13,150.62,153.72,162.27,165.44,169.37,170.65,175.41,180.69,180.47,183.71,188.48,194.61,200.53,206.25,209.66,216.93,222.61,233.35,238.21,241.61,247.73,255.03,249.70,251.14,250.06,246.84,242.99,240.47,243.07,240.21,234.76,230.50,225.55,223.19,218.93,219.42,209.75,203.03,198.30,191.00,180.31,171.71,162.52,152.33,141.85,128.00,113.84
107.79,121.43,129.20,139.28,144.50,151.70,157.04,163.37,166.51,169.17,173.00,177.00,180.31,182.58,184.44,190.34,195.42,200.12,208.41,211.22,220.33,225.74,234.18,238.30,240.03,251.45,255.88,250.27,253.21,251.91,248.46,246.34,244.24,248.57,241.30,237.35,233.60,227.27,223.97,223.65,219.16,209.98,204.61,201.44,194.03,179.60,173.66,161.77,153.12,142.62,127.66,115.38
109.00,119.27,127.10,136.69,144.59,152.90,157.54,160.85,164.30,166.42,173.99,174.77,177.55,183.77,186.70,189.84,196.79,199.38,208.06,212.22,220.98,225.64,235.97,240.75,245.38,251.87,257.39,255.73,257.39,255.48,253.13,249.60,246.85,246.11,242.26,240.31,234.55,234.05,227.26,223.65,221.35,213.86,205.92,203.16,195.48,183.92,175.96,166.36,153.52,144.31,132.00,119.21
109.04,121.40,130.10,138.13,145.77,152.47,155.86,161.55,164.98,169.01,172.53,175.97,179.63,183.70,184.89,190.09,195.56,202.14,208.47,212.00,220.48,226.37,237.19,242.16,247.55,254.94,257.67,256.38,261.01,257.60,254.20,249.97,247.91,249.85,245.03,243.39,236.77,231.35,230.87,228.53,224.64,215.19,209.68,205.24,197.25,186.27,177.08,166.97,157.29,143.68,132.74,119.41
110.64,122.41,131.04,138.41,141.74,150.37,153.94,161.64,165.65,167.60,173.18,174.96,180.68,182.04,186.66,189.61,195.24,201.32,208.36,210.51,220.19,225.28,234.21,242.01,245.72,254.01,259.06,258.80,258.94,256.43,254.31,252.36,248.73,248.89,246.42,242.49,238.21,232.86,229.94,227.17,223.83,216.93,209.19,205.45,196.88,183.98,177.81,166.63,155.60,144.81,132.44,118.83
105.30,116.69,124.96,133.84,139.59,147.31,152.59,157.54,160.10,164.11,168.24,171.72,175.41,178.13,181.91,186.07,189.84,195.56,203.04,207.09,216.67,222.06,231.68,238.40,242.54,248.79,254.66,254.13,253.57,253.30,251.44,245.66,245.60,246.34,242.62,237.84,234.48,231.77,227.23,222.18,219.13,211.77,205.18,199.90,195.35,182.99,175.03,163.88,154.31,145.84,132.19,118.96
104.08,117.39,123.99,130.65,138.45,144.36,150.76,155.91,160.33,163.00,165.94,170.18,174.04,176.41,179.62,183.21,189.06,196.06,202.89,205.78,215.26,222.93,233.69,238.80,242.37,248.73,255.07,254.03,255.28,254.02,253.06,249.56,248.28,247.83,243.92,238.05,236.10,232.36,228.98,225.09,221.81,212.81,206.40,202.54,196.40,182.48,175.39,163.60,154.16,145.66,131.18,119.27
100.45,112.59,118.15,127.41,134.10,141.00,145.15,150.45,153.45,155.54,161.38,163.82,169.10,173.28,175.03,180.87,185.13,188.52,198.66,202.65,212.20,218.00,228.48,234.05,237.69,248.29,252.87,249.74,252.94,251.53,249.16,244.81,246.66,245.66,241.81,237.97,236.48,229.43,230.05,223.89,218.83,213.19,205.23,199.74,194.61,182.33,174.77,163.23,153.64,142.86,128.69,117.69
100.69,111.40,118.43,126.15,133.96,140.04,144.50,149.91,153.21,156.11,161.01,165.42,168.40,171.09,173.61,181.02,188.22,192.31,199.90,203.34,212.46,219.23,229.07,235.17,242.26,247.52,251.64,250.89,254.01,253.19,250.28,248.23,248.00,248.24,245.33,240.75,236.78,230.57,228.27,226.29,220.81,214.41,206.48,203.58,195.47,183.70,175.93,163.88,153.52,144.36,130.15,117.61
99.76,112.01,119.02,125.54,133.22,139.62,145.50,149.83,152.07,156.20,162.20,165.60,167.29,174.07,176.82,180.83,186.82,192.75,200.08,204.12,215.24,220.44,229.82,237.63,241.10,249.69,254.10,255.00,254.45,256.05,253.54,249.01,247.29,247.10,244.20,239.28,238.72,230.53,230.59,225.57,222.31,217.66,207.51,202.68,196.33,183.73,178.04,167.17,154.49,144.81,131.24,119.10
103.23,115.38,123.00,132.10,138.71,144.50,148.19,157.01,159.13,162.36,167.60,171.60,174.24,178.87,183.00,188.30,194.65,199.61,207.45,212.66,219.32,228.06,237.55,241.75,248.64,257.41,261.94,258.33,259.74,263.43,260.22,252.88,253.02,256.32,251.44,249.13,243.67,237.26,236.17,231.23,227.48,218.89,212.04,209.66,201.73,188.61,181.23,170.05,159.70,150.00,133.45,122.80
104.10,115.76,120.60,131.58,139.45,146.26,150.27,155.71,158.69,161.62,169.76,171.33,175.45,181.34,185.15,189.68,194.08,200.66,208.08,214.44,222.33,230.80,236.35,244.76,250.02,258.24,263.37,262.88,262.88,260.50,260.95,254.92,253.87,252.57,247.94,246.87,242.62,240.13,235.28,229.37,226.38,221.17,213.10,208.63,199.84,188.60,183.64,171.30,159.33,148.38,135.15,123.08
101.77,114.11,123.07,129.81,138.25,146.51,149.59,155.60,159.00,162.54,170.00,172.79,176.53,179.01,183.44,185.83,193.04,200.96,209.29,214.16,223.73,231.69,241.41,245.79,249.10,258.21,266.06,264.32,266.27,267.64,267.23,260.80,259.62,261.95,257.84,255.34,247.87,242.32,244.81,238.87,236.19,226.02,220.19,215.14,208.93,195.79,185.69,177.55,165.95,154.03,138.18,126.19
98.03,109.60,115.43,122.41,131.06,139.82,141.06,146.54,150.99,154.43,162.59,162.89,166.93,172.07,176.49,182.17,184.17,190.10,197.61,204.25,214.15,222.69,227.07,236.78,240.26,248.77,255.85,254.07,253.87,253.06,253.10,247.65,249.30,249.38,242.87,238.35,237.93,233.44,234.08,226.35,222.80,215.96,207.97,203.89,198.15,187.52,178.10,169.07,158.91,148.31,130.97,122.77
96.69,107.80,117.18,123.15,130.63,135.95,140.43,147.46,150.33,154.81,159.77,164.11,167.72,169.46,174.00,179.23,185.87,191.02,201.56,202.97,214.22,220.42,229.79,233.11,239.68,248.36,255.21,251.02,252.88,253.25,251.37,246.08,247.68,250.57,246.44,241.42,236.55,230.46,229.44,227.75,225.16,215.00,211.29,205.12,197.59,184.79,178.93,167.05,158.38,148.66,131.49,121.08
103.39,115.25,120.10,130.42,137.32,146.73,149.26,155.32,159.70,163.89,169.10,171.96,174.35,180.14,183.50,190.42,196.38,202.12,209.80,215.75,223.61,233.49,242.54,246.91,251.75,258.85,267.03,263.88,267.03,266.63,263.71,261.47,260.76,261.24,255.34,253.02,246.98,243.82,242.55,236.50,233.77,226.77,218.45,213.74,205.81,195.88,187.77,177.12,164.54,154.03,138.45,126.05
101.98,114.48,123.94,131.53,137.71,145.00,148.66,157.18,160.78,164.84,169.55,174.83,177.54,180.54,184.44,187.52,196.02,200.41,211.68,213.93,223.09,231.23,243.07,248.07,250.49,261.89,269.92,264.58,264.46,267.79,266.06,260.07,261.24,263.59,257.11,258.07,250.72,244.50,242.84,240.45,237.19,228.53,222.62,216.94,211.77,196.31,188.16,177.10,166.48,155.63,138.88,127.02
104.40,115.97,119.97,130.19,136.42,146.45,149.86,154.40,156.72,161.03,168.31,170.29,176.08,180.25,184.78,190.96,194.36,200.32,208.00,214.90,223.60,232.11,242.54,247.83,254.70,261.24,265.37,265.98,265.71,265.75,265.65,260.32,263.21,262.25,257.58,251.87,251.53,247.07,244.01,238.05,235.85,228.47,221.53,217.59,209.70,199.22,190.21,178.71,166.88,158.40,140.23,128.36
102.62,114.21,120.30,128.25,135.42,145.25,146.71,154.93,156.29,162.00,167.72,171.14,174.66,178.94,182.04,189.45,191.67,199.00,208.14,214.98,226.32,233.12,241.00,247.65,250.83,261.67,266.83,265.35,266.54,266.11,265.00,264.43,263.61,262.39,257.20,253.31,252.52,245.12,245.37,238.46,236.24,228.44,221.68,216.12,209.39,199.02,188.77,177.49,167.41,157.78,140.70,128.39
102.80,115.73,119.64,128.71,136.75,144.37,146.51,153.52,157.50,160.38,167.53,169.05,174.00,179.23,183.36,190.07,192.28,198.91,206.31,216.39,225.01,233.23,239.71,247.40,251.10,260.28,266.18,265.93,267.98,267.17,266.03,262.41,262.53,261.60,254.23,253.43,250.68,246.62,245.84,240.60,235.38,228.18,222.52,216.93,209.61,199.02,188.96,176.80,165.02,155.21,141.32,128.72
95.52,106.78,112.95,123.20,128.38,136.52,138.92,145.88,147.56,154.01,157.66,162.44,165.20,168.72,171.13,179.01,184.18,191.44,199.32,202.63,210.95,220.00,230.05,234.34,239.34,247.19,257.16,252.74,257.01,255.31,255.70,249.51,250.22,253.55,248.32,246.81,242.30,236.22,237.07,232.55,229.14,219.18,215.34,208.63,202.16,190.07,182.40,172.20,162.27,154.18,135.30,122.78
97.06,106.83,115.21,121.82,127.42,135.25,137.24,147.12,149.81,154.51,158.43,163.03,166.64,170.31,173.31,179.41,186.13,192.67,200.96,204.25,213.24,221.90,232.13,237.61,242.12,252.49,258.63,255.18,258.09,257.74,255.80,252.63,252.51,255.22,252.67,248.97,243.77,240.35,237.03,233.08,233.00,221.81,218.05,213.12,204.32,191.46,183.85,173.83,162.79,152.50,136.62,124.49
109.29,122.67,127.20,136.80,145.67,152.32,157.38,166.03,169.81,173.23,179.47,179.95,185.95,188.80,190.68,199.90,202.51,210.34,218.33,226.06,234.08,243.02,251.75,258.05,261.97,269.06,276.38,273.19,274.53,276.39,271.58,266.66,268.51,268.42,263.70,260.39,256.20,251.61,248.85,243.00,241.81,234.57,227.85,220.57,213.35,204.43,196.80,183.73,171.35,161.55,147.99,133.14
96.26,108.34,112.02,120.33,127.48,134.18,137.93,140.87,145.04,149.09,155.76,157.16,161.60,166.60,171.82,177.92,183.10,188.25,196.89,201.02,210.30,220.38,227.78,235.76,241.25,246.66,252.39,251.44,253.58,254.92,252.73,248.47,250.97,248.94,245.76,241.87,238.56,236.28,233.00,227.61,226.55,219.21,212.21,208.75,199.84,190.59,182.50,170.00,159.06,149.40,135.96,124.04
94.85,106.96,111.95,120.10,128.16,134.71,137.56,144.42,149.35,151.60,159.46,161.64,163.62,170.06,175.33,180.57,186.36,191.86,199.06,209.06,218.32,225.58,233.08,240.40,247.46,251.81,258.79,258.21,261.45,260.84,260.07,255.22,256.81,256.85,253.14,250.14,244.66,242.00,238.10,233.95,230.80,222.47,215.75,211.02,205.35,194.55,186.96,176.31,163.78,153.39,136.70,127.02
96.13,107.22,110.54,120.31,127.01,134.73,138.80,144.53,148.93,153.21,160.01,161.23,165.52,170.95,173.67,180.04,187.24,191.43,199.72,206.63,217.22,224.15,233.62,240.20,244.05,251.33,257.01,257.57,260.73,260.00,257.87,256.35,256.04,253.55,251.81,245.84,244.25,239.20,236.02,231.81,229.63,221.45,214.48,210.52,203.18,190.82,184.45,171.94,160.73,150.40,137.09,125.80
89.50,100.28,108.23,114.97,120.22,127.02,130.86,138.54,144.01,148.40,149.31,156.85,159.80,161.99,164.20,173.31,180.47,185.59,193.02,196.76,206.01,213.60,223.09,228.85,234.48,241.96,247.52,243.28,246.26,246.79,247.07,240.40,240.60,242.10,238.08,234.44,229.84,226.50,223.65,221.28,219.22,209.15,205.27,199.01,192.34,180.38,173.22,163.88,153.38,143.03,129.32,117.32
95.13,107.35,113.28,122.00,127.32,136.31,139.28,148.50,150.44,156.32,161.97,166.21,169.00,174.26,177.72,183.88,189.55,195.92,203.60,208.47,218.77,227.00,237.23,240.62,247.11,257.20,261.26,258.28,258.54,260.80,257.80,254.21,254.10,254.49,251.10,246.45,243.07,237.97,235.10,230.01,228.74,218.28,213.78,209.77,203.04,191.38,181.02,171.40,160.21,149.26,135.86,123.41
90.45,101.12,107.81,113.65,122.26,128.79,133.09,139.12,143.59,148.01,154.78,156.08,161.07,164.81,169.26,174.75,182.10,185.59,193.30,199.81,207.65,215.74,225.27,229.26,233.48,243.08,248.86,244.50,247.07,248.30,246.73,241.06,242.20,238.38,236.24,233.14,229.97,224.45,222.91,217.28,216.82,206.74,202.54,197.23,189.84,177.88,173.25,162.44,151.80,141.66,127.66,117.18
89.19,99.14,108.26,116.11,120.42,127.95,131.38,139.65,145.09,148.82,153.47,157.89,163.11,164.94,168.86,173.68,180.55,187.56,194.37,198.49,207.63,214.67,226.34,229.12,232.43,244.18,247.63,245.25,246.99,245.70,243.29,239.46,241.13,239.40,236.62,234.65,227.90,222.85,225.61,218.34,216.02,207.10,202.32,196.82,190.56,177.81,172.00,160.12,151.33,140.47,125.94,113.99
94.02,105.65,112.22,120.93,128.55,132.61,139.18,145.78,150.27,153.91,157.80,164.00,167.09,169.14,172.70,179.78,186.81,191.82,200.39,203.25,213.78,221.39,230.87,235.71,240.44,250.14,251.96,249.72,251.37,255.41,249.48,246.35,246.71,249.03,242.99,240.68,235.98,230.60,230.05,228.18,223.89,215.06,211.52,205.83,198.73,185.95,179.14,169.80,158.47,148.07,134.85,121.59
88.02,100.57,107.04,114.93,121.93,129.77,132.65,140.22,145.52,148.76,151.49,157.78,161.28,165.30,169.94,175.76,181.33,187.78,194.59,199.36,208.91,216.84,225.04,230.63,235.09,243.79,248.52,247.30,248.48,248.16,246.34,242.39,242.03,242.80,238.47,234.33,229.96,228.08,223.89,218.25,218.49,209.12,202.15,198.08,192.37,179.90,173.31,163.25,151.01,142.69,127.63,116.04
89.55,100.08,107.82,114.81,122.53,129.76,132.83,140.39,143.35,147.26,153.94,157.27,161.40,165.25,170.77,174.93,183.63,187.00,193.66,198.71,208.12,216.52,224.75,230.24,235.69,241.83,246.78,245.49,247.25,248.32,246.10,241.36,242.99,240.15,237.86,233.62,228.96,225.27,222.89,218.05,216.51,207.62,201.72,197.52,190.56,178.73,171.57,161.48,150.01,139.86,127.10,116.30
91.41,102.62,109.59,115.00,119.97,129.45,133.42,144.64,147.34,151.21,155.62,160.31,164.45,166.01,169.85,177.10,184.57,191.05,199.06,200.82,210.83,218.74,230.71,230.49,236.58,246.74,252.20,249.02,251.92,252.69,251.25,245.52,246.84,249.97,245.12,240.47,235.54,230.22,229.14,227.41,222.99,212.29,209.20,202.27,197.77,182.54,174.96,162.69,152.64,143.01,126.32,115.42
94.37,107.07,114.23,123.76,127.63,136.09,141.68,150.05,154.12,160.15,163.98,170.41,173.81,179.30,181.02,187.97,197.27,202.18,210.38,214.83,226.77,232.73,243.37,249.90,255.71,264.17,269.01,267.68,269.60,270.05,267.88,262.18,260.60,262.61,260.91,253.55,251.10,247.03,243.46,239.01,237.31,224.88,219.22,212.95,208.69,194.31,188.40,174.91,164.37,154.35,135.83,123.37
94.73,99.92,111.04,117.24,126.78,128.55,137.31,142.64,147.09,148.37,158.37,160.70,162.69,169.76,172.19,179.78,186.08,190.28,198.41,205.16,213.43,223.49,232.33,239.68,242.79,250.48,255.89,254.96,257.00,259.08,255.37,252.44,251.24,249.34,247.11,242.87,238.41,233.66,231.28,225.32,222.91,216.12,207.91,204.83,197.72,184.36,177.99,166.94,153.01,144.22,130.38,116.30
100.84,108.68,116.40,124.17,131.03,141.23,147.18,149.05,152.32,160.80,169.74,172.15,177.54,180.35,188.10,190.28,197.09,200.41,212.19,217.75,229.44,236.33,247.70,251.75,256.10,263.42,270.65,269.68,272.04,273.18,271.97,267.37,266.51,262.55,262.62,256.97,252.92,251.02,246.02,239.74,238.02,229.26,221.28,215.68,208.40,196.01,188.35,174.83,163.62,153.21,138.58,124.52
98.41,109.12,118.33,125.14,130.27,140.80,144.47,152.59,157.08,162.37,165.89,172.12,176.07,179.01,183.85,190.92,198.46,204.71,212.12,216.01,225.08,233.91,242.85,251.51,256.78,264.87,270.60,269.76,271.15,269.53,268.06,262.76,261.84,264.89,260.20,256.82,251.59,245.42,242.69,237.50,235.42,224.64,219.71,214.25,207.12,192.84,184.71,173.25,162.36,151.46,135.59,122.32
94.64,104.55,112.87,119.95,126.81,134.63,138.29,145.44,150.75,155.64,161.21,163.69,168.31,173.68,178.36,184.74,190.70,195.92,204.12,210.54,218.33,228.89,237.93,242.04,250.17,258.70,264.98,262.15,262.67,264.78,262.01,256.10,256.80,258.12,254.44,250.45,244.81,241.76,238.40,231.42,230.49,220.44,214.48,207.94,200.24,188.73,180.29,169.71,157.42,146.99,131.70,118.98
88.10,98.60,107.21,116.11,118.85,126.81,129.14,138.18,141.68,148.12,151.09,156.54,160.82,163.60,167.97,174.73,180.55,186.12,194.28,198.04,206.83,216.38,223.65,230.08,235.14,244.38,251.21,247.03,247.54,248.68,248.34,242.33,242.76,244.43,240.62,236.02,232.14,227.04,223.58,219.48,218.56,206.74,203.04,195.58,189.26,177.20,169.19,159.08,146.56,139.27,124.28,109.20
94.05,106.51,112.45,120.44,129.63,136.69,140.51,147.18,151.35,155.21,163.22,165.25,169.45,175.31,178.75,185.80,190.71,198.71,204.66,211.62,221.73,229.13,239.89,246.07,250.46,259.89,267.20,264.20,267.53,266.12,264.61,260.32,261.27,259.14,253.95,250.19,246.81,243.56,238.37,233.03,230.64,224.01,214.58,208.63,200.55,187.80,180.95,170.19,157.43,144.80,131.03,119.55
94.43,104.66,113.22,121.08,128.14,137.09,140.90,146.24,153.76,156.46,162.25,166.43,169.76,175.42,177.29,185.10,192.85,198.12,205.00,211.60,221.62,229.63,240.35,244.75,252.44,258.85,264.82,265.81,265.04,265.48,263.77,259.61,259.51,258.33,253.71,249.23,245.60,240.58,236.60,232.31,228.71,220.23,210.72,205.97,198.73,184.57,176.41,166.03,152.30,143.00,128.44,117.27
93.65,106.07,113.57,120.90,129.14,134.48,139.52,146.32,152.07,157.71,162.25,166.41,169.76,174.06,179.27,185.17,190.04,195.89,205.12,209.40,221.22,228.22,239.56,244.74,249.05,259.39,265.45,262.62,265.41,266.92,261.84,258.16,259.31,256.43,252.34,249.04,244.64,240.29,237.12,231.08,229.80,219.51,213.79,206.17,196.90,184.72,176.14,166.14,152.86,142.52,127.77,114.35
90.00,99.20,105.68,113.15,122.33,129.25,133.99,139.65,144.84,146.99,155.68,157.88,161.25,167.63,170.66,177.55,181.69,188.16,194.93,203.38,216.11,222.25,230.49,233.83,242.13,247.32,254.24,253.62,253.90,255.27,253.79,249.26,250.11,246.92,244.81,241.00,235.72,233.00,228.08,220.97,219.15,209.47,202.61,197.23,190.52,178.08,171.33,158.64,146.10,135.00,122.71,110.80
89.36,99.64,106.10,114.61,123.17,130.19,133.36,140.63,145.42,148.53,156.67,158.86,162.11,167.04,171.68,178.39,184.17,188.90,195.48,202.99,215.08,220.73,230.24,237.01,243.61,249.58,256.40,252.87,256.60,256.70,253.84,250.10,250.86,245.65,244.05,241.48,238.05,235.38,226.05,220.38,219.79,212.88,203.38,197.47,190.44,176.08,170.86,158.04,146.73,137.09,123.15,111.23
90.47,100.44,108.71,116.73,121.26,130.92,134.06,141.28,146.11,151.60,154.56,160.11,164.15,168.40,172.79,179.45,186.27,191.02,200.86,204.02,215.03,223.01,232.43,236.81,244.47,253.30,260.72,257.11,258.80,262.19,257.53,251.45,251.75,252.41,249.78,243.82,237.12,231.91,230.29,225.36,223.66,211.40,206.94,199.72,193.30,176.74,170.14,158.00,147.26,137.06,123.31,110.80
90.47,100.44,107.80,115.49,123.49,130.65,134.18,141.22,144.39,149.41,156.40,159.68,162.12,167.69,171.33,178.47,182.57,188.29,196.12,202.92,212.21,221.53,229.46,239.52,242.62,250.00,254.28,255.49,255.12,253.78,255.27,249.39,246.91,245.66,242.21,238.32,236.14,231.91,226.89,221.46,216.91,209.61,201.10,195.13,189.84,175.29,166.98,156.40,143.89,133.66,120.78,107.20
92.20,103.17,106.53,115.41,117.88,129.83,134.46,140.07,145.12,149.31,158.11,159.31,163.02,167.57,173.66,178.60,185.78,187.54,197.23,203.07,212.85,220.44,228.74,237.01,241.94,248.41,252.92,255.03,253.51,255.27,253.05,249.09,247.69,242.99,241.30,237.76,233.99,228.99,224.34,220.05,217.55,210.61,200.38,192.72,187.45,172.54,167.07,154.67,143.62,133.09,120.77,108.71
88.46,99.37,106.79,114.54,120.07,129.03,132.44,141.06,146.37,150.71,155.57,160.55,164.75,170.56,177.13,183.45,188.04,191.61,199.01,205.51,218.00,225.28,234.03,239.84,249.06,253.79,259.31,260.10,260.73,261.96,258.50,254.94,254.15,251.11,248.00,242.76,238.03,236.14,230.96,226.00,222.80,212.19,205.65,198.06,191.27,177.25,169.06,157.84,145.50,136.24,122.26,109.18
91.92,101.24,108.76,117.24,124.20,130.36,135.09,143.35,147.63,152.50,157.31,161.05,165.15,168.57,174.20,180.80,185.33,192.07,200.96,205.12,214.44,223.16,234.27,241.05,245.66,256.42,261.05,257.56,260.77,260.93,258.37,254.31,252.01,252.83,248.94,244.01,236.88,235.33,230.47,227.22,223.33,212.17,204.97,197.09,191.13,177.55,168.47,157.17,144.63,136.12,120.81,109.17
93.02,102.86,109.34,117.05,125.26,131.59,135.83,141.72,146.51,150.71,154.90,159.15,161.53,168.19,171.71,177.23,184.91,188.69,198.46,204.22,211.95,220.23,229.58,237.13,242.60,252.25,255.44,256.16,257.03,258.60,255.54,252.41,249.71,247.41,243.40,241.81,238.03,234.73,228.57,222.95,221.18,210.32,204.94,197.57,191.60,177.12,169.20,159.62,145.50,137.18,123.17,111.02
90.96,102.42,110.14,117.89,122.97,129.76,133.75,141.90,146.32,150.85,154.51,161.03,163.22,166.09,171.57,175.14,183.37,191.05,198.44,201.24,212.25,219.91,230.52,237.54,241.21,250.05,254.91,254.29,254.80,258.02,253.21,250.10,247.78,247.75,246.60,241.40,235.61,232.95,227.11,223.22,223.22,208.97,205.70,196.33,192.26,176.88,169.58,156.44,148.66,137.41,120.33,108.37
86.68,97.51,105.39,112.58,118.85,125.20,131.59,135.77,140.58,144.51,149.62,152.12,157.41,159.15,164.79,170.95,176.59,182.27,189.74,195.82,206.63,211.27,222.00,228.12,232.26,239.82,246.55,246.10,245.69,246.44,240.92,241.02,238.90,238.00,232.79,227.27,224.89,220.52,218.23,214.25,206.34,200.53,192.31,185.30,178.84,164.56,158.05,147.28,135.34,125.90,114.49,101.32
93.13,104.20,109.79,118.60,125.06,132.03,136.88,142.37,148.17,152.43,158.45,160.08,165.31,169.43,176.24,182.16,183.99,191.65,198.92,204.55,216.02,224.64,230.20,241.30,246.59,253.39,258.91,258.03,259.96,258.91,257.10,254.58,253.21,248.93,244.66,239.28,237.05,232.66,229.47,223.49,217.46,210.32,204.20,196.09,189.20,175.84,169.00,156.54,143.41,132.40,120.62,107.71
91.24,103.08,111.07,117.52,124.82,131.53,135.71,142.95,144.90,150.92,153.73,159.70,164.40,168.00,171.59,177.37,184.46,188.37,196.43,201.70,210.77,218.82,228.60,237.26,243.21,250.40,255.86,252.70,251.94,257.58,250.74,250.32,247.24,245.75,243.73,241.13,236.86,229.75,227.71,223.26,219.13,208.87,203.74,198.64,190.52,178.22,169.50,158.40,147.57,135.52,122.35,108.46
92.14,102.94,108.81,114.28,123.98,131.53,134.18,139.44,144.09,149.40,153.94,156.60,160.11,166.14,168.94,176.11,180.60,186.03,193.06,200.14,210.01,216.26,226.55,233.00,240.38,244.63,250.28,249.88,249.90,252.20,246.84,245.09,244.29,241.50,236.32,236.36,229.20,227.66,224.24,217.83,215.67,206.00,199.32,194.99,188.04,173.83,166.90,155.62,143.22,132.85,121.15,109.25
93.26,104.06,109.88,116.76,124.90,132.98,136.34,141.85,144.68,151.33,157.18,158.38,163.81,167.72,172.74,179.05,182.94,190.03,195.56,202.08,211.91,221.14,228.48,236.81,243.85,249.39,254.57,255.25,255.97,252.41,253.06,247.76,247.15,243.73,241.23,236.21,230.99,228.54,225.27,217.89,216.33,205.37,199.49,192.51,185.13,171.41,164.35,151.21,140.16,131.05,118.26,107.54
93.92,104.80,110.91,119.51,128.58,133.96,137.00,143.13,146.25,152.46,158.40,160.26,163.95,170.03,175.00,182.13,185.28,191.15,197.20,204.09,215.08,221.33,228.97,236.54,244.13,250.34,257.87,255.84,256.29,255.98,254.07,248.87,249.80,244.08,242.87,237.19,233.77,229.84,226.85,220.37,217.51,207.42,200.81,191.02,185.81,173.08,164.40,152.90,141.32,129.56,117.92,107.00
92.70,103.28,109.56,117.04,123.65,131.82,135.09,140.00,146.49,148.86,156.28,157.65,161.30,168.00,173.22,178.06,183.17,186.99,193.88,202.48,212.61,218.33,227.00,234.92,239.53,246.46,250.43,250.51,252.41,252.12,249.07,245.05,244.77,240.76,235.52,233.42,229.58,226.97,222.04,215.97,212.41,202.61,196.09,188.96,182.20,169.85,163.77,151.01,139.17,129.25,116.67,105.70
92.66,102.14,107.94,116.47,122.38,130.98,133.33,141.66,146.56,151.00,156.44,159.01,164.10,166.21,171.09,176.56,180.68,188.79,195.06,200.23,209.46,219.82,227.71,234.39,235.49,247.83,252.67,248.07,250.46,253.34,246.86,243.03,243.07,242.21,236.24,233.24,226.32,224.93,221.65,215.24,214.04,202.03,199.29,188.83,182.60,169.36,161.93,150.24,139.52,127.09,114.63,101.08
91.21,96.65,104.24,116.09,124.62,132.57,135.36,140.25,146.49,150.63,154.05,160.33,164.05,165.17,168.32,175.64,183.10,189.61,194.61,198.58,209.25,218.25,227.24,232.60,237.01,244.56,250.23,248.65,251.96,252.67,246.81,243.59,240.62,241.29,237.42,233.93,228.47,222.02,219.02,216.91,214.01,200.81,197.33,190.13,182.15,168.34,160.55,149.48,139.90,130.60,116.18,106.47
98.99,107.54,116.04,123.65,130.00,138.96,142.34,147.96,153.18,157.69,165.85,167.72,170.07,176.15,180.25,187.10,191.23,197.77,205.20,211.95,219.97,229.12,238.40,244.77,252.79,258.12,262.39,263.05,262.37,265.00,259.67,256.05,255.89,252.94,248.92,242.74,240.08,236.75,232.05,226.18,221.05,214.45,205.30,199.47,190.59,177.41,169.40,158.48,146.17,135.72,121.25,109.00
97.01,109.38,113.95,122.98,130.70,139.59,142.23,148.41,153.06,157.16,164.58,167.34,170.86,176.03,178.52,186.34,193.21,197.25,206.02,211.10,219.16,230.00,237.36,244.53,249.93,258.44,264.50,261.46,262.05,263.47,259.83,257.42,252.38,254.02,248.49,244.82,240.14,235.92,230.76,227.17,222.43,212.71,204.01,201.06,193.28,178.62,170.63,158.53,147.46,134.71,122.97,111.40
94.43,106.04,110.63,118.46,126.83,132.85,137.48,145.77,149.68,151.57,159.05,162.26,164.84,172.28,173.30,181.00,185.95,191.47,199.69,206.32,217.61,221.81,233.01,239.56,244.00,252.36,258.82,256.91,256.01,257.15,253.58,253.34,249.54,246.16,242.33,240.76,234.72,231.32,225.80,220.51,216.60,206.93,198.64,197.00,189.04,172.41,167.32,154.40,143.00,132.31,118.09,106.63
101.64,112.93,118.53,127.04,135.38,143.56,148.07,154.12,158.94,162.05,168.88,169.05,173.01,180.24,183.61,190.52,194.09,199.92,210.23,216.11,226.01,234.68,242.84,250.42,255.97,261.19,266.69,268.04,267.48,267.59,265.91,263.58,259.79,256.98,253.03,251.70,246.13,240.75,239.42,230.65,229.16,221.89,213.62,207.95,200.32,186.39,180.31,168.88,156.18,144.92,131.75,116.90
102.02,113.15,120.25,129.28,135.34,143.76,148.27,153.00,158.75,160.60,169.75,171.75,176.05,181.30,185.60,191.40,196.39,202.06,210.30,217.75,229.53,235.77,243.20,252.62,256.73,263.87,269.07,270.19,271.02,268.82,267.23,263.47,261.09,257.61,254.70,252.39,249.34,245.69,240.63,234.23,231.26,224.08,213.47,209.46,201.64,186.01,182.17,169.00,157.01,145.28,130.55,120.28
86.83,96.60,104.12,111.79,117.46,122.58,129.39,136.18,138.22,144.22,147.05,151.92,156.43,158.67,162.69,167.67,175.17,181.73,188.86,191.41,202.09,209.88,219.00,224.51,229.53,238.02,244.23,240.75,243.29,245.15,239.60,238.20,236.44,236.60,233.80,226.64,222.50,216.11,214.27,208.93,207.47,195.50,192.48,183.60,176.47,164.56,157.88,144.90,136.72,127.61,112.93,101.12
88.64,97.05,104.20,111.52,118.90,124.26,128.95,135.07,137.32,142.04,148.95,150.66,156.98,160.12,162.63,170.07,176.24,180.97,187.76,193.31,205.68,210.87,217.57,223.04,227.07,239.45,245.07,242.79,245.90,244.52,241.68,238.32,234.17,235.94,229.71,226.60,221.02,218.23,215.13,209.06,205.91,196.76,191.71,183.39,176.38,163.81,156.47,145.88,136.47,125.50,111.97,101.49
100.50,110.31,115.02,124.62,132.94,141.03,145.42,150.88,156.20,159.15,165.51,168.57,172.90,179.74,184.27,189.08,195.92,201.68,210.52,216.36,225.11,234.08,242.67,251.10,257.65,263.39,268.21,269.58,267.59,268.33,267.51,263.15,262.09,257.53,253.48,248.91,245.02,240.85,235.00,230.95,226.79,218.21,210.92,203.04,196.60,181.11,172.45,162.29,148.95,139.49,124.62,111.52
97.25,106.83,113.78,119.85,127.09,134.01,139.47,145.17,148.00,154.03,158.43,161.15,165.89,170.14,174.16,180.68,187.11,191.05,199.81,204.90,216.07,222.99,231.23,237.47,245.54,249.74,255.16,255.67,257.60,258.52,255.78,253.67,250.22,247.78,244.72,242.03,238.65,234.34,231.66,225.42,222.07,214.29,205.34,197.12,192.31,179.82,173.16,160.33,150.60,139.62,122.78,112.97
97.08,106.89,112.59,120.10,128.41,134.85,139.81,144.42,148.72,154.15,159.71,161.93,166.03,171.47,174.90,183.33,183.97,192.90,200.11,205.83,218.23,224.84,233.26,239.18,246.06,253.84,258.19,259.05,260.68,257.60,258.70,255.05,250.43,251.07,246.66,243.13,241.01,235.02,234.45,225.70,221.85,214.55,208.17,199.46,193.05,182.01,172.59,162.60,150.21,138.25,123.91,113.18
102.20,112.38,120.07,127.61,134.20,142.58,146.99,151.54,156.85,161.23,165.94,169.01,176.24,180.83,183.63,191.09,195.32,200.56,211.01,214.60,227.09,234.48,245.15,250.91,257.70,266.54,271.41,274.59,274.21,272.72,270.63,268.00,265.48,263.76,258.50,254.68,252.72,245.17,246.08,237.88,233.95,225.79,217.88,210.00,204.02,193.04,182.43,169.96,156.97,146.10,132.26,118.04
90.26,99.92,107.80,115.25,118.53,126.91,131.55,137.88,141.03,148.12,150.71,157.14,158.47,162.52,164.01,175.28,178.40,184.29,194.59,195.80,208.57,216.69,224.44,229.92,237.17,245.23,250.41,247.24,248.65,249.48,246.34,242.04,239.84,240.22,235.92,231.26,227.69,221.84,216.75,213.91,209.39,200.04,193.29,186.39,183.81,170.03,159.70,147.27,139.29,128.89,115.52,103.17
92.11,101.27,108.91,115.43,120.37,129.29,131.75,140.36,144.51,149.04,152.05,157.97,162.41,164.79,167.84,175.39,180.22,187.54,195.56,199.36,210.83,216.45,227.43,233.82,238.76,247.34,253.39,248.28,251.88,251.98,248.57,244.18,244.39,242.04,239.08,233.77,228.55,223.89,220.08,214.41,214.68,200.66,197.80,188.53,184.35,170.45,160.64,150.65,141.48,133.14,113.99,104.35
92.44,102.14,107.30,115.88,123.18,128.55,133.45,138.92,142.90,147.14,154.30,156.46,160.91,167.04,169.11,176.08,180.97,188.11,194.18,201.10,211.01,218.83,225.75,234.41,239.40,246.10,252.62,252.45,254.06,250.50,250.88,243.67,244.08,240.17,236.65,233.11,229.01,224.18,221.42,214.98,211.65,202.62,195.66,188.11,183.36,170.06,161.52,151.80,139.30,127.01,116.35,105.00
103.59,116.11,122.80,131.40,136.75,147.46,148.66,157.61,162.81,168.29,170.19,177.05,180.29,185.31,189.34,197.80,203.00,211.03,219.05,226.31,236.24,245.17,253.95,260.11,265.44,276.52,282.86,278.99,280.78,281.09,279.41,272.47,270.22,271.46,266.66,261.01,255.83,251.38,249.39,243.50,244.03,228.21,224.40,217.26,210.19,196.11,184.91,173.82,161.03,151.82,137.00,122.59
100.24,110.39,114.54,121.33,132.97,139.52,144.81,149.34,153.29,156.78,166.17,166.58,169.80,177.03,181.04,187.66,195.17,199.32,207.00,214.06,225.06,231.54,243.38,248.76,254.39,261.44,266.20,267.07,267.46,267.15,265.02,260.25,257.87,258.01,252.83,247.70,244.46,240.14,236.54,233.50,227.48,220.84,211.53,206.34,198.40,186.57,179.00,167.30,152.27,143.42,131.59,116.90
94.37,106.22,113.65,121.00,125.87,133.41,137.06,144.22,149.47,153.88,156.54,164.75,168.24,170.50,173.61,180.34,187.43,196.21,201.56,207.64,218.83,226.74,236.88,242.16,245.42,257.63,263.70,258.43,259.86,259.49,256.52,253.44,252.48,250.06,245.73,242.99,238.81,231.66,229.96,226.42,222.16,210.95,207.95,201.61,194.25,181.47,173.35,158.93,151.33,139.46,125.99,114.04
101.12,112.95,120.51,130.25,136.13,144.53,147.60,156.25,159.77,164.05,171.27,175.82,179.07,182.22,186.68,195.13,199.83,209.31,216.60,224.45,235.05,242.01,253.94,259.47,263.69,276.33,280.63,276.59,278.03,277.35,275.94,271.59,270.88,269.27,262.38,259.62,252.98,249.23,246.61,241.90,239.00,225.09,222.15,213.55,206.71,193.44,184.95,172.73,161.04,148.71,136.07,122.12
89.20,99.18,105.60,112.43,120.31,124.78,130.39,135.72,141.61,143.38,151.20,154.43,156.73,160.08,165.95,171.35,179.23,185.00,190.63,197.67,206.40,213.03,222.99,228.08,234.54,240.65,247.41,246.06,246.22,247.03,244.75,242.33,238.30,238.08,232.48,232.50,223.73,222.04,217.31,212.84,210.43,202.77,195.13,188.45,182.70,170.56,163.59,152.59,141.77,132.23,118.96,105.48
88.29,97.08,104.81,111.68,118.11,126.19,131.02,137.08,139.90,144.59,149.60,153.70,156.98,161.90,166.38,172.49,177.23,185.15,191.13,196.99,206.89,215.52,222.93,228.60,236.04,242.59,249.23,245.10,248.52,249.82,246.44,243.40,241.48,240.52,236.41,231.26,229.12,223.30,221.07,214.25,212.08,204.66,197.12,192.94,184.40,172.53,165.30,155.23,143.89,133.87,120.21,107.00
92.59,103.70,108.91,118.43,123.69,129.24,134.45,142.70,146.35,152.63,154.16,161.94,164.30,168.88,173.22,177.55,184.72,193.00,198.84,204.30,218.18,223.52,235.75,241.60,245.12,253.57,259.89,257.20,259.93,262.59,257.85,254.56,252.25,251.38,248.21,243.84,236.91,235.34,230.49,224.15,223.77,212.00,208.49,202.87,195.17,179.23,173.37,159.20,149.72,137.18,124.08,109.66
87.14,98.23,104.06,110.37,116.52,124.42,127.66,134.03,138.24,141.23,148.19,149.68,153.73,160.64,164.83,170.67,176.92,182.21,187.84,193.79,202.41,211.60,222.32,228.45,234.67,239.65,244.39,246.81,244.47,246.07,246.16,240.68,239.01,238.84,234.17,228.84,227.16,223.81,219.35,211.75,209.86,203.59,195.87,188.37,183.53,170.42,163.78,152.74,142.37,132.00,116.30,107.07
97.51,107.70,114.55,121.49,130.50,137.06,143.67,148.10,150.71,155.56,165.02,166.74,170.16,177.26,181.74,187.39,193.34,198.93,207.06,214.98,226.13,232.46,243.07,247.98,255.57,261.28,266.91,269.06,268.78,270.39,267.30,260.73,260.66,258.21,253.87,250.80,245.36,242.94,235.52,229.93,227.98,218.48,212.14,205.24,197.10,184.02,177.55,165.02,154.26,142.44,127.29,114.23
95.71,106.21,114.98,122.58,126.19,135.92,138.74,145.80,149.93,157.87,159.67,166.72,169.50,172.56,178.01,185.53,190.39,200.39,207.45,211.29,220.45,231.28,240.41,248.07,251.45,258.44,267.30,264.46,267.30,267.81,265.42,256.60,256.90,260.42,253.05,247.46,242.04,240.87,234.61,228.96,228.05,214.41,212.00,203.30,197.69,181.14,174.09,162.31,152.00,142.35,125.32,113.84
97.74,108.90,113.09,122.04,129.77,137.21,141.95,146.56,150.60,156.21,164.21,165.15,170.33,177.50,180.85,187.77,192.84,200.24,208.15,212.90,224.96,232.57,244.50,250.45,255.99,259.33,268.03,268.29,270.12,270.29,267.76,261.00,261.09,257.45,255.89,249.10,247.10,241.92,237.26,230.41,226.76,219.08,211.01,206.69,198.86,186.97,178.90,165.61,152.86,142.13,129.25,114.98
91.01,99.32,106.15,114.49,120.27,127.95,132.23,137.32,142.21,146.77,149.93,155.18,158.32,162.78,166.39,174.32,180.09,186.03,194.13,198.60,209.44,216.34,224.89,232.02,239.73,245.66,250.86,250.00,252.72,250.02,247.52,245.81,243.35,242.60,238.37,231.14,229.10,225.50,222.01,216.37,214.98,205.85,199.09,192.09,186.90,172.80,163.48,152.90,143.76,135.09,119.11,107.35
96.05,105.72,112.07,119.82,126.70,134.50,138.31,143.78,147.76,151.63,161.06,163.36,168.61,174.16,178.91,184.95,190.26,196.96,202.48,211.24,223.89,229.12,240.50,247.39,251.29,258.72,265.55,263.43,264.76,264.43,263.73,259.62,256.63,256.16,253.13,248.09,243.90,237.26,235.54,230.65,224.50,216.07,209.62,204.13,193.57,184.89,176.07,165.02,151.48,140.73,126.81,113.60
93.06,105.80,109.64,117.24,124.17,132.77,137.30,142.34,147.30,149.20,156.87,159.25,162.74,169.10,174.83,179.79,185.95,192.04,200.00,206.93,217.57,226.37,234.78,242.00,248.94,252.92,260.09,260.72,262.39,260.23,260.00,253.06,252.79,249.09,246.91,242.41,238.81,235.79,229.68,225.20,222.40,213.00,206.65,201.64,193.55,183.58,173.95,163.17,150.94,140.80,125.63,113.36
101.49,113.22,119.52,127.05,136.44,142.44,147.87,154.95,158.03,161.68,171.42,173.11,177.79,183.71,189.39,194.24,202.73,206.49,217.44,224.06,235.67,242.59,255.84,259.68,267.48,275.19,279.30,279.52,279.89,279.04,276.10,271.06,271.09,267.59,263.61,258.94,255.55,253.22,246.76,240.20,238.72,230.59,220.64,214.34,209.06,195.92,189.69,174.66,162.96,151.12,136.30,123.43
101.91,113.22,119.21,127.95,135.10,143.27,147.41,151.95,157.81,161.01,168.86,171.55,177.28,181.69,185.83,193.22,199.25,207.87,213.59,222.74,234.80,242.03,251.92,259.92,264.70,272.84,279.22,277.61,278.96,276.59,275.50,270.49,270.25,265.32,261.61,255.99,255.19,248.65,246.03,238.20,236.24,227.69,220.53,213.03,207.07,193.15,185.24,173.28,162.39,150.33,136.01,120.30
88.46,99.36,107.45,113.89,118.27,125.92,130.30,138.51,141.29,146.18,149.40,156.21,158.77,162.89,167.53,172.81,180.92,186.46,195.14,198.73,212.00,217.04,227.50,231.87,239.21,247.26,254.01,249.72,251.86,252.41,251.13,246.91,244.93,244.44,242.16,235.95,231.49,225.86,223.03,220.24,216.00,205.01,200.32,194.08,187.68,173.98,167.32,155.19,145.69,134.46,120.00,106.78
92.76,101.84,108.02,115.55,122.35,130.15,133.22,140.87,143.63,147.67,154.50,157.05,161.40,167.28,170.74,177.59,184.39,189.26,198.60,203.32,214.71,222.17,234.08,236.89,245.42,251.02,258.37,257.44,257.51,259.46,257.26,252.05,251.37,251.39,244.97,239.38,237.41,231.92,227.34,224.08,221.20,210.62,204.28,199.99,192.92,179.32,171.48,156.46,146.99,137.06,121.71,109.48
89.81,99.46,107.80,113.74,121.28,126.78,130.19,138.23,141.48,147.00,149.45,154.87,158.40,163.11,166.64,173.03,180.45,186.30,195.88,199.97,209.54,216.84,228.67,234.73,240.05,247.65,256.20,253.73,253.14,257.87,254.62,250.00,251.03,250.25,246.63,241.02,236.62,233.03,231.84,228.71,226.49,213.84,211.01,206.16,197.57,185.32,177.72,166.02,153.55,144.25,128.41,116.97
99.82,108.85,118.02,126.09,131.71,138.80,144.37,151.92,155.43,159.81,163.08,170.84,174.93,176.41,182.63,190.14,197.73,205.92,213.40,219.48,229.17,237.40,249.18,255.02,261.96,271.01,277.20,273.92,275.39,276.07,272.12,269.22,268.13,266.81,262.79,257.75,253.03,248.24,245.20,239.21,237.67,224.86,222.06,214.46,207.18,193.94,185.78,173.67,163.13,152.27,136.62,123.41
88.96,101.39,107.62,114.62,120.88,127.19,132.85,138.84,143.39,147.50,150.47,155.44,160.33,165.42,170.86,176.59,182.07,190.67,196.98,203.04,214.79,222.41,232.69,239.01,245.73,253.34,258.99,259.11,259.98,261.54,260.00,254.81,253.58,252.72,250.10,244.98,238.25,234.14,231.90,228.09,224.12,213.23,207.78,203.86,194.37,178.90,174.35,162.01,149.28,139.85,124.06,111.33
98.23,109.04,117.62,124.04,131.40,137.93,140.76,148.71,153.08,157.19,162.93,169.07,174.27,176.24,182.22,187.92,197.49,203.60,213.34,217.81,229.00,237.98,250.12,255.12,262.49,269.70,278.04,274.57,274.69,279.20,275.07,270.15,269.55,270.07,264.22,261.05,254.47,250.57,247.89,241.90,240.25,227.50,223.30,217.86,209.58,194.02,186.60,174.50,164.20,150.53,136.00,123.37
95.04,104.81,110.54,118.11,124.10,131.73,135.15,140.94,146.25,149.01,154.28,158.35,163.03,168.11,173.25,180.35,185.61,193.29,200.32,205.14,220.51,227.26,238.92,243.52,252.30,259.05,267.24,264.78,265.12,266.33,265.36,260.46,260.60,258.05,254.70,249.39,246.11,242.04,237.70,231.28,228.62,218.40,213.12,207.86,200.32,186.20,180.24,165.87,154.95,144.36,128.80,114.86
88.26,98.35,107.21,112.75,116.97,124.20,129.12,134.74,139.32,144.00,146.37,152.78,156.67,158.62,163.48,170.06,176.15,184.20,191.92,197.49,208.08,216.70,226.49,229.99,236.91,246.95,254.75,251.43,255.41,253.16,253.62,248.51,247.39,246.79,245.23,240.84,234.36,228.64,225.56,220.58,219.02,206.78,206.52,200.41,189.71,176.60,169.55,157.17,149.04,138.70,121.34,110.68
96.26,107.28,114.98,123.49,128.46,135.59,139.30,147.14,151.29,155.63,160.33,166.36,169.99,173.08,177.63,185.37,192.63,200.26,209.33,213.84,226.31,234.06,246.94,253.34,259.62,267.75,275.86,274.18,275.41,278.33,275.66,268.76,268.58,270.09,263.17,259.14,255.29,249.56,246.34,241.10,239.43,227.30,224.18,216.36,208.87,193.35,186.97,175.56,163.71,153.53,136.56,122.18
97.59,109.11,114.63,122.67,132.28,137.93,142.43,147.11,150.27,153.58,162.43,164.18,170.41,175.76,179.69,184.84,191.45,199.58,206.52,215.96,228.23,233.81,245.51,254.44,260.01,269.43,275.18,275.68,275.86,275.64,275.39,270.41,270.10,266.87,261.96,260.16,255.84,251.63,248.57,241.13,238.50,228.54,224.02,216.31,208.24,196.70,186.98,176.48,164.14,152.90,138.80,122.02
96.88,106.40,115.41,122.26,128.71,134.83,139.19,147.31,147.73,153.72,157.08,163.88,168.47,172.04,175.51,182.94,190.78,197.61,206.61,210.07,223.58,232.24,243.18,249.30,253.80,264.70,271.71,268.82,270.98,274.24,269.47,265.37,264.37,265.44,261.20,255.77,249.72,245.39,241.40,239.02,236.89,222.00,220.17,214.27,206.83,191.06,184.71,173.67,160.59,149.63,134.83,121.76
98.62,109.62,115.32,123.00,130.10,137.31,140.43,146.32,148.73,151.95,157.71,161.52,165.64,172.10,176.96,183.74,189.10,192.87,201.72,209.61,221.62,231.70,240.16,247.11,254.37,261.22,264.57,269.25,269.74,269.58,271.03,263.92,264.60,262.86,259.43,252.55,251.45,248.08,246.86,239.15,236.91,228.67,221.31,215.19,210.01,196.24,190.41,175.80,164.83,152.90,138.25,124.96
100.96,110.32,116.66,125.00,131.55,139.64,142.27,148.49,151.72,154.15,162.79,163.78,168.05,174.75,179.62,186.39,190.68,199.12,205.07,214.95,226.18,234.68,244.38,250.99,259.05,265.02,270.75,272.12,273.18,273.25,271.29,266.27,266.74,262.61,258.79,255.57,251.59,249.36,244.97,238.40,235.64,227.38,220.08,215.71,207.41,195.21,186.78,174.43,161.25,151.16,134.01,121.33
97.19,108.24,112.87,121.80,127.91,133.14,138.00,141.61,147.00,150.28,156.32,158.27,159.71,167.59,171.83,177.29,183.17,186.97,196.66,203.30,214.95,225.72,233.42,238.56,246.66,253.15,261.32,259.98,262.95,262.38,262.39,255.52,257.53,254.94,253.80,247.69,244.38,243.02,238.30,233.38,229.96,220.23,216.54,210.34,204.00,193.40,186.01,173.29,162.05,151.35,135.19,121.20
96.26,107.52,112.22,118.97,125.94,131.18,135.45,141.16,144.36,148.49,152.41,156.72,158.96,164.81,168.60,175.69,180.60,187.81,193.94,202.43,212.81,221.90,231.09,239.00,245.60,251.75,258.09,256.20,260.85,260.89,260.68,253.43,254.57,252.05,250.96,246.97,244.72,239.45,238.80,231.08,230.50,218.68,216.00,211.21,204.08,191.76,184.63,172.41,159.00,149.69,134.36,121.08
101.87,112.01,118.88,125.64,131.61,139.14,144.00,148.41,153.52,157.43,160.64,165.11,170.33,172.36,174.66,184.55,191.38,197.25,206.53,211.29,222.08,230.41,245.54,251.29,258.57,266.18,271.63,272.95,274.33,278.09,273.79,270.56,270.15,271.01,268.52,264.04,256.33,252.51,249.33,248.20,245.08,232.96,228.02,223.91,217.20,202.87,194.58,182.15,168.96,158.00,143.84,129.00
97.49,107.30,113.05,120.21,128.60,136.30,140.03,144.22,148.07,151.61,158.90,160.01,163.05,170.07,175.57,181.39,186.68,193.04,201.40,208.36,220.17,230.34,239.84,244.52,252.87,258.69,266.63,266.60,269.26,268.51,268.03,262.21,261.20,260.35,257.73,253.84,249.07,244.01,242.05,234.48,230.12,221.89,216.01,212.12,202.28,188.90,183.48,169.76,158.14,144.80,130.80,118.60
97.08,106.23,114.48,120.70,126.46,134.06,137.38,146.09,148.37,153.17,155.57,162.08,164.17,166.59,171.83,180.50,187.86,195.02,202.14,209.55,217.70,227.95,238.60,245.46,250.12,259.62,268.56,263.76,267.42,270.95,268.31,261.77,259.11,263.19,258.54,255.07,249.40,242.10,240.30,236.23,233.02,222.89,217.08,212.87,203.30,189.10,181.65,169.92,157.10,145.28,130.98,120.42
99.37,110.89,117.89,126.25,129.71,137.28,141.01,147.09,149.21,155.24,158.42,161.97,166.68,170.29,174.07,182.88,189.41,192.31,202.53,206.70,218.56,228.63,239.63,245.81,250.23,260.95,268.51,266.09,267.82,270.97,268.75,262.01,262.99,263.87,262.09,258.13,250.68,247.16,242.53,240.50,238.10,226.13,223.89,219.86,211.03,198.54,191.64,178.64,167.30,154.74,139.63,125.51
100.72,112.06,117.60,125.77,131.47,139.03,142.56,147.49,150.62,155.13,160.75,163.02,165.51,171.62,177.34,182.50,189.17,194.04,200.81,208.66,221.35,229.79,240.47,246.53,255.34,261.22,268.15,271.67,271.15,274.45,271.28,266.63,265.86,268.79,264.34,257.95,254.26,251.07,248.36,243.79,240.05,234.79,226.08,222.00,215.23,202.20,194.82,181.16,170.42,155.76,142.41,130.21
97.35,111.00,118.60,123.56,128.41,137.00,142.62,144.92,150.15,155.16,159.77,165.86,168.11,170.88,174.00,181.04,189.21,196.43,204.71,207.89,220.08,229.08,241.06,246.74,255.05,263.40,272.31,269.79,272.25,274.18,271.93,269.24,267.20,268.39,266.18,259.21,251.64,247.26,244.44,241.30,238.35,227.07,222.81,217.87,209.03,193.60,186.13,171.28,162.44,150.53,134.38,119.77
100.18,110.49,117.39,127.02,131.02,139.79,142.76,147.96,150.56,154.87,162.27,162.54,165.72,173.03,177.34,182.99,188.96,195.43,202.87,208.78,219.80,230.05,241.03,246.59,255.00,262.68,270.00,268.26,273.40,271.74,272.03,264.11,268.22,267.44,260.20,258.52,251.72,250.60,250.00,241.81,240.60,231.86,225.80,221.38,213.95,201.24,192.88,182.13,170.32,158.69,140.43,129.50
110.31,121.84,130.14,138.29,145.00,152.05,155.56,161.53,163.36,169.20,174.38,176.07,180.36,185.61,191.18,197.25,203.59,209.54,218.52,225.21,236.58,248.29,257.63,264.39,273.20,281.52,288.40,287.27,289.91,291.92,288.17,283.59,284.94,285.55,280.35,277.46,272.42,270.41,266.00,261.01,257.12,248.17,242.67,236.60,230.18,218.48,208.93,194.67,183.18,172.20,156.92,138.19
99.64,109.66,114.04,123.98,130.97,137.82,140.53,146.63,148.49,151.03,156.89,160.38,164.15,169.07,172.79,178.10,185.05,190.06,198.12,205.43,215.01,224.83,234.48,241.98,249.34,253.87,262.10,263.76,265.32,264.76,262.98,258.71,259.12,256.63,254.23,251.10,248.56,245.12,241.32,236.10,235.16,226.42,219.66,217.08,208.27,196.89,190.59,176.41,164.05,153.08,139.70,125.71
99.02,110.34,118.11,125.20,132.00,136.74,141.21,147.34,149.05,154.35,156.40,163.13,165.72,168.30,172.79,179.37,185.91,193.34,200.61,204.30,215.73,222.73,236.69,241.51,247.89,258.09,264.30,261.75,265.10,267.79,264.68,260.78,260.05,262.62,257.80,253.79,249.58,244.50,243.02,239.75,238.73,223.45,221.00,218.34,211.05,196.80,189.00,176.37,166.21,154.77,138.19,126.19
105.00,114.21,123.43,125.90,134.94,143.76,142.90,151.25,148.76,159.53,164.61,167.36,169.94,175.73,178.28,188.32,193.63,200.14,207.35,216.31,224.08,235.57,245.23,253.16,260.73,268.26,273.98,275.57,277.36,277.24,276.26,272.21,270.16,268.08,264.09,261.59,257.78,254.47,249.77,243.98,244.28,232.49,226.21,220.00,212.66,201.79,193.05,181.81,168.43,156.12,142.68,128.32
98.41,108.37,114.56,123.60,132.28,137.57,140.03,146.17,149.04,153.94,159.66,160.15,164.56,169.45,173.95,179.25,185.95,190.59,198.28,205.30,215.03,223.34,233.69,240.60,249.61,256.67,263.83,264.46,265.51,265.86,263.15,258.98,259.42,258.31,255.97,253.24,248.08,245.08,243.39,235.47,235.80,226.63,220.64,215.39,207.33,196.54,189.40,179.08,164.48,154.30,141.48,126.85
103.73,112.49,119.92,126.59,135.68,141.82,144.81,150.46,153.91,157.89,162.05,166.03,169.81,174.73,179.72,185.27,191.08,198.31,205.53,212.60,222.80,234.18,241.54,249.39,256.01,264.37,270.51,270.48,273.01,274.61,273.06,269.42,267.29,266.27,263.42,258.50,253.31,251.62,249.51,242.17,240.87,229.24,225.56,218.80,212.44,199.86,190.59,179.79,164.15,154.99,139.64,128.00
102.26,112.89,121.62,129.69,134.24,139.99,145.10,151.05,156.22,160.56,163.13,167.15,171.84,174.96,177.55,186.20,191.86,199.42,206.19,213.55,223.60,234.10,245.12,250.35,257.19,266.54,275.94,270.82,273.30,276.47,273.15,266.87,268.15,269.46,265.45,260.85,254.24,251.08,250.51,242.67,243.67,228.48,227.85,220.22,214.65,200.48,192.20,180.50,167.87,156.16,139.28,128.00
100.08,110.98,117.69,126.38,133.09,139.79,142.90,147.03,151.57,154.80,159.67,161.30,166.59,172.01,175.64,183.17,185.06,194.50,198.32,208.70,217.72,229.05,236.54,242.50,252.00,258.68,269.07,267.00,270.04,271.28,271.96,265.28,268.97,265.66,260.84,259.38,255.78,250.05,248.94,241.25,239.93,232.70,228.48,224.02,215.78,201.10,192.63,181.95,169.37,159.14,143.42,129.00
100.42,110.37,118.71,127.95,130.43,138.00,143.14,148.55,152.12,154.73,158.62,164.64,167.26,171.62,173.65,180.83,187.17,193.88,202.27,206.05,216.47,227.97,238.91,243.53,250.51,260.27,269.90,268.06,269.47,272.44,271.77,266.84,266.59,265.59,262.01,258.72,255.78,249.30,246.55,242.99,242.79,232.38,228.43,223.93,215.04,201.66,191.86,181.00,171.09,159.02,141.79,128.00
99.20,108.06,113.81,121.08,129.26,135.59,139.79,144.54,148.08,151.57,156.82,160.03,164.56,169.01,174.56,179.18,185.41,191.48,200.30,207.17,215.70,226.74,236.76,242.19,249.39,260.34,267.62,267.01,271.66,270.84,269.70,266.99,264.56,264.12,261.46,258.86,250.51,246.79,242.79,239.01,235.85,225.22,220.91,215.34,206.49,193.15,182.58,172.01,161.25,151.35,133.33,120.34
97.01,107.49,112.38,120.43,127.32,134.94,136.78,141.68,143.67,145.58,154.78,155.42,157.04,164.13,168.02,174.52,179.85,184.11,190.71,196.99,206.53,217.75,226.63,234.46,241.68,246.38,255.86,258.04,258.54,261.46,259.05,256.87,256.63,256.34,252.06,249.97,246.15,241.97,237.74,233.94,231.68,222.99,217.91,213.62,204.82,193.61,185.88,175.01,161.41,150.27,136.18,121.59
97.74,108.56,118.70,125.42,129.81,136.62,139.13,145.79,149.28,153.58,155.26,160.64,164.64,167.37,171.49,176.79,183.67,191.64,197.95,203.09,212.43,221.65,233.09,238.88,244.01,252.00,261.14,259.08,264.09,263.95,262.35,256.46,257.40,258.01,254.61,252.34,246.91,243.74,240.01,236.68,234.05,222.73,220.62,216.28,208.25,195.47,186.43,175.70,165.72,154.32,137.31,124.33
98.48,104.04,113.15,118.30,125.10,133.76,139.20,142.41,146.17,150.99,152.27,161.01,162.25,165.25,170.75,176.01,183.14,189.71,197.52,202.56,210.64,222.27,232.31,235.76,245.72,252.22,262.18,259.85,263.40,264.12,261.84,259.12,254.75,258.86,254.53,250.07,244.48,238.95,236.88,233.69,230.49,218.83,214.69,210.64,203.57,187.07,178.53,167.09,156.73,146.01,130.68,117.92
96.17,106.79,111.14,117.61,126.24,132.24,136.69,140.46,142.37,145.28,153.10,154.62,156.49,161.93,164.88,169.71,176.78,182.33,189.16,196.06,206.71,216.47,223.56,230.53,238.44,243.39,251.87,252.67,253.90,255.57,254.94,251.37,255.56,253.31,250.57,245.18,242.87,238.76,234.17,231.22,227.76,220.59,212.81,211.26,204.86,189.71,183.71,172.47,158.94,147.56,132.67,120.22
103.46,113.16,120.42,128.04,134.08,142.23,145.60,149.94,154.43,158.15,163.42,165.95,171.06,176.41,179.98,186.17,190.68,197.71,207.24,213.70,225.04,233.42,243.82,251.19,259.33,265.04,273.12,274.93,277.65,276.49,275.14,272.22,273.00,269.76,266.33,260.52,258.38,254.59,250.46,244.29,241.92,233.57,227.40,224.32,214.53,202.25,193.50,182.46,168.01,156.17,142.90,127.48
101.12,110.89,116.39,124.26,132.10,136.62,140.80,144.35,148.00,149.84,159.02,159.73,163.25,168.76,173.69,178.62,184.11,187.39,195.97,203.20,213.10,223.66,233.82,241.36,246.50,253.14,263.77,262.76,265.00,264.76,262.24,260.20,259.89,258.96,255.20,253.48,249.58,245.78,243.05,238.05,236.17,227.69,220.07,215.93,208.50,195.90,190.03,177.12,165.34,153.00,141.68,125.59
100.72,110.02,119.87,126.25,133.09,140.62,143.68,149.01,151.82,155.80,158.03,165.22,169.17,171.60,174.14,181.18,187.11,194.16,202.20,206.52,216.36,226.59,237.90,243.61,252.35,258.28,266.22,265.51,268.90,268.82,269.03,262.92,264.20,266.11,260.35,258.05,252.04,247.46,245.73,244.08,242.33,229.87,226.13,221.65,213.18,200.88,190.42,179.01,167.63,155.86,142.17,129.25
101.71,111.68,118.60,127.03,131.94,138.29,143.17,150.00,151.35,155.05,160.65,164.71,166.23,171.19,174.47,181.03,187.13,192.87,201.93,205.24,218.56,225.73,237.68,243.29,250.06,258.31,266.56,264.14,267.48,269.42,267.25,262.99,262.34,262.41,259.22,254.37,253.01,246.76,245.08,240.47,239.47,228.97,224.18,220.66,211.12,198.96,191.66,178.13,168.25,157.04,141.77,128.32
97.14,101.98,112.38,120.35,127.48,135.12,135.77,140.43,145.03,147.46,151.82,156.46,158.11,161.99,166.09,171.94,176.79,183.17,190.21,196.21,206.40,215.93,222.34,230.59,238.10,245.84,251.53,253.14,256.63,254.69,255.92,250.39,249.72,251.48,247.63,244.84,240.10,235.16,236.17,231.25,228.27,218.87,214.34,209.88,201.76,190.59,180.62,167.08,157.58,148.60,132.38,122.05
101.43,113.00,118.11,126.04,133.82,140.07,143.74,145.60,150.45,153.56,161.28,161.11,165.12,170.66,175.05,181.11,185.37,190.71,198.84,206.86,216.37,226.74,235.51,244.03,251.88,259.12,265.21,266.24,267.59,268.27,267.53,261.72,262.59,260.93,259.07,256.38,251.44,249.43,245.69,238.02,236.86,230.08,223.13,215.56,210.45,199.12,192.87,180.74,166.74,156.43,140.91,129.77
101.91,112.16,120.20,127.91,132.91,139.18,143.59,149.93,152.61,158.46,161.82,163.67,168.83,172.35,179.01,184.76,190.65,197.41,205.55,209.00,220.80,232.26,240.02,247.01,255.21,263.49,270.90,269.03,271.53,273.34,269.20,265.55,264.98,265.09,262.55,258.24,250.89,247.87,244.39,241.03,240.79,227.91,222.85,218.00,208.93,197.77,189.06,175.57,166.07,153.85,138.18,126.32
96.33,106.04,110.48,118.43,125.67,132.00,135.64,141.11,143.17,144.12,151.65,154.21,156.03,161.40,165.11,171.48,174.48,181.04,185.88,193.84,203.59,212.84,222.35,226.32,236.54,242.98,251.61,250.45,253.40,254.50,254.91,248.85,252.72,246.98,244.17,240.68,237.67,234.76,230.82,225.58,225.23,216.32,211.85,207.79,200.12,187.72,181.65,168.76,157.28,146.75,131.48,118.04
95.46,103.41,112.54,119.08,124.20,130.77,133.54,140.73,141.32,147.36,149.28,155.31,157.70,161.45,162.93,170.43,177.56,182.57,192.63,194.76,201.90,212.41,222.25,229.53,237.02,243.65,253.31,252.03,251.80,256.30,254.14,249.82,250.42,253.31,248.49,243.21,239.18,236.50,234.44,230.08,229.16,216.84,215.52,210.06,201.76,188.31,181.02,169.78,159.01,148.93,132.25,118.27
101.71,111.41,119.97,129.28,131.59,136.53,140.58,147.09,149.33,154.62,159.01,160.98,164.15,168.40,171.97,180.55,185.81,191.64,199.42,203.96,216.45,224.72,235.05,241.31,248.57,257.29,264.98,262.05,265.14,268.37,264.92,260.80,260.65,260.23,256.22,253.82,247.55,246.94,242.22,237.04,236.21,224.34,219.58,215.24,206.71,195.06,187.26,175.41,162.79,152.31,135.35,122.69
94.34,105.08,111.40,119.97,123.17,129.55,132.98,140.58,143.17,145.34,149.16,155.05,158.55,159.68,161.11,168.44,176.37,182.33,189.75,193.29,203.04,213.86,224.86,230.89,235.31,244.01,253.65,250.64,252.68,256.08,254.28,250.72,247.31,252.30,248.24,247.62,239.60,235.77,234.34,229.86,227.86,216.32,212.13,206.62,201.54,188.96,180.50,169.40,158.38,148.12,131.47,117.80
104.00,113.64,120.62,127.76,136.09,143.00,145.17,151.61,154.18,157.50,165.76,165.36,170.06,175.07,180.89,185.55,190.03,194.86,202.67,212.60,223.56,231.61,243.18,248.39,256.74,263.87,270.86,269.85,273.43,274.26,269.00,269.27,267.09,265.19,262.64,260.12,255.15,251.41,248.20,242.54,240.47,230.56,225.46,219.66,213.22,198.84,192.35,179.30,166.43,154.01,142.08,125.26
98.27,108.90,113.51,120.00,128.16,135.15,136.72,142.43,146.49,150.69,155.12,157.19,159.77,163.89,168.67,176.31,180.01,184.81,193.21,200.23,208.89,218.44,227.69,234.62,242.24,246.97,254.01,254.42,256.48,256.60,253.54,252.81,251.25,248.02,244.97,242.84,240.09,235.87,232.43,226.37,226.05,215.95,209.38,205.73,198.46,187.00,180.71,167.72,155.05,145.78,133.21,118.53
98.62,108.05,111.02,119.24,126.70,132.61,134.18,139.70,143.95,146.77,155.59,154.77,158.47,164.44,168.57,175.03,180.92,185.61,192.21,200.64,209.68,217.69,227.76,235.26,241.60,249.51,255.99,255.73,257.56,258.13,255.13,252.60,252.67,249.69,245.73,244.19,239.88,236.33,233.85,228.00,226.50,217.31,210.86,207.88,198.83,188.79,179.81,168.81,156.43,146.24,134.17,121.20
96.33,106.25,112.22,120.83,125.87,133.28,133.96,140.87,145.84,150.10,153.16,157.08,162.05,162.98,165.47,175.11,180.36,187.10,194.52,200.41,209.68,220.17,229.06,234.48,242.53,246.29,257.88,255.93,258.03,258.85,254.96,255.07,251.77,253.31,247.25,245.28,240.30,238.88,234.10,229.84,228.74,215.42,213.28,206.93,200.85,188.81,180.18,167.14,157.61,148.35,132.83,119.85
94.51,103.60,109.20,114.44,123.98,130.23,131.23,136.44,138.93,143.22,150.08,149.88,153.39,158.53,162.59,167.52,172.68,177.18,186.27,192.00,202.65,212.29,219.83,228.04,234.27,241.35,247.32,247.86,250.23,250.93,248.28,245.17,246.11,244.79,239.42,237.86,235.19,233.62,227.98,225.74,222.85,214.20,207.80,204.83,196.25,186.08,180.28,169.00,156.16,146.16,132.20,120.42
92.28,103.70,111.09,117.32,122.80,127.14,131.02,136.34,140.76,144.53,147.71,152.00,155.71,157.94,161.32,166.97,175.57,179.23,187.54,191.13,201.68,213.00,221.69,229.49,234.48,241.96,249.10,248.43,249.58,251.92,250.15,245.25,246.62,245.76,243.66,240.41,234.65,232.40,229.11,225.41,225.14,213.55,209.25,204.97,198.20,185.31,179.84,167.63,158.00,146.11,132.14,119.20
95.86,104.80,110.86,115.74,125.10,132.57,135.33,139.09,143.06,145.78,154.08,154.87,158.14,162.75,167.09,172.41,179.82,184.59,194.65,200.21,209.40,219.66,228.78,237.17,241.82,251.56,258.30,257.39,258.12,261.56,256.45,254.26,253.03,253.71,249.78,247.86,239.61,240.42,234.05,229.90,228.21,219.39,212.05,208.47,200.32,189.11,181.89,169.59,158.22,147.96,134.94,120.60
94.92,105.02,111.83,118.41,123.66,130.86,135.44,139.82,144.37,147.50,153.39,154.99,158.50,163.78,167.11,175.11,178.83,186.27,194.01,201.16,210.42,220.10,229.02,235.72,242.00,253.81,259.28,254.91,260.02,261.66,258.45,254.61,253.34,253.33,250.23,248.81,241.01,238.05,234.98,226.21,229.92,215.94,213.94,208.41,202.47,189.04,181.62,167.59,158.96,149.01,133.72,120.60
91.39,102.18,109.90,115.74,119.82,125.36,128.86,137.44,140.36,142.80,145.17,151.53,154.26,155.66,157.85,166.00,172.35,180.00,185.00,188.88,199.86,210.06,218.21,224.84,232.08,238.47,247.50,244.77,247.39,250.01,246.84,243.90,241.57,243.85,238.84,238.52,231.37,227.69,227.18,221.05,221.82,211.29,208.97,202.41,195.13,183.87,177.40,166.01,153.77,142.90,128.39,117.72
94.37,104.40,109.44,117.90,123.46,130.08,133.96,139.29,142.27,144.70,150.40,153.06,157.62,163.25,168.24,173.49,179.23,183.70,193.08,200.38,208.90,218.93,228.04,237.07,242.84,249.19,255.69,255.28,258.12,258.75,257.39,251.18,251.75,249.54,246.29,244.03,239.44,237.40,232.09,225.94,224.29,216.72,211.29,204.75,199.54,185.52,178.28,166.86,156.20,146.18,131.53,118.85
96.77,102.00,113.09,119.85,122.58,130.00,133.15,140.98,146.32,150.34,155.76,160.21,164.21,165.42,168.58,176.17,183.60,191.01,199.25,203.30,212.85,222.87,234.88,241.23,248.26,257.39,265.96,265.63,267.37,271.27,265.11,260.13,259.67,260.02,260.25,253.39,246.08,243.59,240.26,235.57,232.24,221.49,216.95,209.60,203.97,188.68,181.96,169.05,157.46,148.01,129.96,117.17
99.61,111.83,119.02,129.12,133.22,140.43,142.21,146.11,149.63,154.74,157.69,165.02,167.36,170.99,176.20,184.20,188.37,197.80,205.01,211.60,221.17,233.46,241.85,249.97,256.22,264.94,271.46,271.71,274.03,275.15,272.88,267.62,267.42,267.22,263.62,260.46,255.00,253.16,248.52,243.68,243.03,230.59,226.46,219.11,212.46,199.54,193.05,179.23,167.03,157.81,138.71,125.72
99.57,111.63,121.60,127.32,129.85,140.94,133.45,155.62,157.89,163.92,163.60,169.39,172.59,174.50,179.00,186.60,194.28,202.89,211.62,217.35,228.14,237.84,247.68,255.88,261.28,271.75,278.35,274.12,278.96,280.51,275.88,271.93,271.75,271.54,268.54,264.25,257.16,256.13,250.58,246.98,247.99,232.25,230.93,224.11,216.37,202.85,192.87,181.71,171.73,159.86,143.54,129.00
102.16,113.85,120.42,127.10,131.58,141.21,135.37,155.03,155.26,161.38,166.72,166.76,172.01,177.79,180.97,188.10,195.06,201.61,211.68,219.34,229.32,241.51,249.47,256.50,263.15,272.36,278.35,277.02,279.72,281.60,275.49,274.19,273.47,274.61,267.44,264.43,260.84,258.15,254.03,247.74,246.40,235.26,229.71,225.26,217.55,204.24,195.79,183.40,171.19,159.88,145.99,130.86
87.64,103.75,114.02,125.22,135.06,143.38,145.24,147.41,154.00,156.89,162.75,166.21,170.56,175.93,183.70,190.10,192.77,200.12,207.65,216.68,228.04,238.89,247.54,255.98,263.39,269.22,276.85,276.00,280.63,279.47,278.47,275.07,272.68,269.70,264.61,261.77,258.86,256.85,251.03,243.81,244.71,235.08,228.04,223.19,215.15,203.49,194.49,182.07,167.92,158.22,143.21,130.97
102.62,112.54,120.81,126.66,132.55,140.94,144.22,150.75,157.08,160.56,163.96,168.43,171.41,176.82,180.41,189.69,194.00,202.99,209.75,217.41,228.12,237.89,246.40,253.31,260.02,269.48,277.65,276.86,280.40,277.96,277.74,274.40,271.01,273.31,265.64,264.03,258.37,255.38,254.21,245.52,246.03,232.22,229.45,225.36,215.63,203.09,191.37,181.16,170.86,159.42,143.35,130.27
98.79,111.25,114.98,122.19,131.49,137.93,140.89,146.15,149.88,151.64,160.59,161.28,164.30,170.63,174.86,181.04,186.39,191.38,200.90,207.33,222.20,228.67,240.68,244.38,253.07,261.28,266.07,268.78,269.67,271.02,269.36,264.37,265.83,262.98,260.25,255.78,251.45,248.48,244.24,240.95,240.35,228.95,223.79,220.74,211.98,199.90,192.92,179.71,169.54,157.05,142.56,130.50
90.87,102.55,106.62,114.11,122.71,127.20,131.40,135.24,137.54,139.12,147.14,148.72,152.12,158.08,162.81,166.82,175.17,178.44,185.52,191.77,203.18,210.54,220.84,225.74,234.76,238.76,244.46,246.66,247.89,249.01,248.20,241.09,242.02,240.87,238.25,235.77,231.94,229.94,226.15,221.11,218.87,210.24,204.45,201.00,194.79,184.38,178.66,165.58,153.53,144.35,131.95,120.28
92.80,102.84,106.71,114.49,125.87,128.80,131.69,141.16,146.40,149.20,152.46,158.15,160.80,164.34,168.44,175.93,183.81,191.13,198.12,202.28,214.67,223.66,235.85,240.86,248.58,258.65,265.22,261.08,265.07,266.87,262.88,260.07,257.69,260.80,254.80,252.40,244.10,239.70,236.85,233.79,230.71,217.87,216.45,210.68,202.36,189.86,179.81,169.06,160.80,149.16,132.06,122.12
95.57,103.32,109.88,116.87,125.02,132.10,135.10,139.01,143.57,146.35,152.32,154.56,159.81,164.73,169.92,175.56,180.34,185.16,194.25,202.00,212.08,221.79,229.44,236.86,243.56,249.26,257.74,257.11,259.05,260.69,257.84,252.83,252.03,248.31,247.35,243.31,239.71,236.38,233.08,226.13,224.08,217.08,209.69,204.47,197.04,188.80,179.57,169.00,156.26,145.84,131.90,120.07
94.89,105.12,109.18,116.76,124.33,131.95,133.45,141.61,143.67,146.25,153.55,152.61,157.08,164.65,168.34,173.81,179.79,185.27,192.78,198.71,209.75,218.55,227.64,233.00,239.88,248.78,254.10,253.62,255.44,255.74,253.84,249.44,248.78,248.08,245.72,241.40,237.77,235.00,231.80,226.00,224.54,217.87,210.95,208.63,201.43,189.13,180.77,171.06,157.54,148.22,132.98,122.02
95.52,106.08,114.59,121.26,126.56,133.87,137.30,145.25,148.68,152.98,157.41,161.61,167.03,170.08,174.77,182.89,188.68,195.00,205.00,207.47,217.11,231.80,240.64,248.40,253.87,264.68,274.16,268.58,271.53,276.74,270.98,267.57,266.54,268.07,260.11,259.51,252.13,246.16,244.12,240.71,238.88,224.06,221.36,215.84,207.55,194.74,185.57,172.73,162.36,149.86,134.63,121.49
98.01,109.18,117.27,124.65,129.63,135.07,141.80,147.56,151.65,155.90,159.03,165.13,167.54,171.03,176.51,182.40,189.66,196.42,204.80,208.97,221.94,229.46,242.91,247.99,254.96,266.03,269.79,268.72,270.90,274.32,270.53,265.38,263.65,264.09,262.73,257.15,251.01,249.61,245.93,242.89,240.69,229.56,225.14,219.94,212.25,199.25,191.19,180.31,169.78,159.01,141.85,127.40
99.02,108.56,115.97,124.40,131.47,138.05,139.54,146.41,151.65,153.53,162.75,162.94,167.03,171.94,175.73,181.60,191.64,194.59,203.58,211.26,223.33,232.26,243.50,249.16,255.39,261.38,270.31,268.87,270.09,274.63,269.88,265.22,265.84,264.70,262.01,258.31,253.14,249.30,245.61,241.63,238.35,232.33,226.15,220.05,214.67,199.91,194.83,181.80,169.00,158.62,145.69,129.97
102.04,111.04,117.00,125.88,131.73,137.30,144.18,152.40,155.35,158.71,162.39,170.95,174.66,178.01,181.03,189.06,197.49,205.76,214.68,218.87,230.08,239.93,251.25,257.72,262.88,274.43,279.85,277.36,279.12,282.42,277.52,274.20,272.03,275.63,269.05,264.46,256.94,256.97,251.79,248.32,244.47,232.85,229.00,223.27,216.63,201.79,193.89,182.53,169.92,160.46,142.13,127.05
95.86,107.49,113.72,122.00,126.09,134.54,136.47,143.69,146.70,153.48,156.67,161.07,165.51,170.10,174.29,181.82,186.34,193.58,204.57,207.97,220.05,230.17,239.08,244.92,256.32,261.77,269.79,269.09,271.23,270.80,271.02,264.64,262.47,262.39,260.73,252.98,248.78,247.81,242.42,234.55,233.77,223.79,218.33,213.28,205.43,193.94,183.14,171.76,161.70,148.76,135.09,118.60
92.91,106.30,111.20,118.98,123.60,129.03,133.06,141.50,143.45,146.10,154.26,156.21,158.29,165.47,165.22,173.22,179.03,186.30,192.51,199.65,209.94,221.00,229.92,234.93,241.87,251.96,260.69,258.80,260.80,259.60,258.91,254.06,254.57,255.24,251.37,246.08,239.14,236.91,232.18,229.86,228.63,218.94,214.90,211.90,203.57,192.07,185.91,171.84,162.98,150.63,136.86,123.81
97.51,108.85,112.36,120.80,128.32,135.45,138.54,143.21,148.08,149.01,157.28,159.22,163.53,169.50,172.00,178.23,183.41,192.21,196.99,203.96,218.44,229.17,235.77,240.75,249.82,256.16,264.68,265.77,269.71,263.91,266.59,260.72,259.05,258.28,254.00,250.45,243.31,240.76,238.14,233.08,232.60,223.99,219.37,217.00,208.75,196.89,189.93,174.64,165.37,154.12,139.31,127.14
102.08,111.76,118.68,128.41,135.07,143.84,146.28,153.53,156.16,160.96,170.42,171.81,175.78,181.89,186.39,193.87,202.30,207.88,216.90,222.15,235.14,245.38,258.28,263.40,270.20,280.66,288.68,285.00,288.74,289.15,286.25,280.73,279.54,278.93,274.54,270.42,265.24,260.28,257.70,252.12,250.79,241.35,233.63,227.66,219.91,207.30,197.46,185.30,173.95,162.34,145.88,134.20
100.24,111.54,118.68,125.80,134.53,141.48,144.09,150.21,154.01,159.15,166.46,168.72,173.85,177.43,185.23,188.37,197.45,202.80,211.62,217.51,229.22,238.42,251.00,256.60,262.98,271.90,278.38,274.96,277.03,279.87,275.94,272.01,270.68,268.00,264.51,261.23,256.02,251.81,248.21,243.29,240.78,234.79,224.89,220.79,212.88,200.48,191.88,178.47,167.94,155.79,140.43,128.66
105.32,115.12,123.82,133.84,138.83,149.00,151.24,158.80,163.25,167.89,170.58,177.79,181.95,185.15,191.86,199.38,203.06,212.78,220.41,228.45,240.35,250.80,258.52,265.77,273.65,281.19,288.13,285.19,287.90,285.85,287.18,281.01,279.46,277.31,274.45,269.36,264.38,259.33,256.43,249.90,249.90,237.81,235.21,228.47,219.32,205.43,195.35,184.62,173.07,164.05,145.00,133.38
97.01,109.66,117.80,123.49,129.10,136.62,140.66,149.16,150.63,154.39,160.44,163.13,167.60,174.07,180.28,185.46,193.20,197.39,205.23,213.69,225.32,233.02,245.47,251.81,256.91,270.04,277.61,274.14,273.97,278.57,276.41,268.20,269.41,268.56,264.68,260.36,255.63,250.54,247.78,240.98,239.27,227.76,220.48,216.23,208.72,195.85,187.39,176.48,164.45,153.10,137.61,126.92
100.69,113.41,118.73,125.40,133.96,141.95,145.91,150.84,155.21,159.88,165.92,169.53,172.86,178.14,182.33,188.86,195.43,201.72,210.72,216.60,229.79,237.31,250.24,255.73,261.64,270.44,277.02,276.22,277.78,277.80,277.11,273.24,271.02,270.77,265.75,262.23,261.56,254.34,251.44,245.39,245.25,234.64,228.27,223.89,215.33,206.52,196.54,184.20,172.93,160.96,147.73,132.67
100.24,112.16,120.95,128.13,133.81,139.82,144.01,151.83,156.24,161.15,163.71,170.75,175.38,177.49,182.46,189.93,195.72,201.56,210.35,217.08,230.23,238.80,250.35,256.32,261.23,270.93,279.21,277.60,276.49,278.84,278.11,273.93,270.39,272.74,266.81,264.25,260.34,255.86,251.72,246.13,245.33,232.70,229.98,225.73,219.10,205.88,196.54,184.74,173.07,162.83,146.24,131.87
102.16,113.00,118.33,125.61,136.53,142.37,147.17,152.27,154.56,158.32,167.49,168.07,172.26,178.73,181.79,191.09,197.22,200.69,210.05,217.57,230.52,239.08,249.56,257.53,261.84,271.16,277.08,278.63,282.94,278.35,277.83,276.00,269.76,269.70,266.44,263.80,262.10,255.79,251.23,246.34,243.00,236.24,229.17,224.15,215.15,205.08,198.59,184.45,173.46,161.31,148.49,134.85
101.87,111.57,118.56,126.63,135.00,142.62,146.37,152.27,153.73,159.62,166.74,167.60,171.94,179.34,183.85,190.97,198.13,202.23,211.26,218.83,231.25,240.47,250.22,257.19,264.60,271.55,277.77,278.60,280.44,280.66,280.09,274.04,273.65,272.43,268.58,263.02,261.81,258.45,251.46,245.86,245.29,237.70,230.64,224.66,217.91,206.89,196.81,185.81,173.81,162.93,147.57,133.22
95.52,105.80,114.13,121.15,126.65,136.52,137.88,145.50,149.63,153.39,158.47,163.23,167.72,170.41,173.07,180.60,187.49,196.22,202.83,209.31,220.71,227.41,239.18,246.46,250.80,262.82,268.73,265.71,268.56,270.07,266.29,260.52,259.14,261.70,255.01,253.03,246.89,240.62,240.44,234.68,233.77,222.50,218.33,211.62,203.12,190.21,181.62,171.03,160.46,148.50,131.87,117.52
95.52,105.65,115.36,123.69,127.00,134.85,139.30,147.22,150.57,155.00,158.37,162.98,169.43,171.40,175.93,183.17,188.30,196.13,204.50,208.74,221.05,230.36,242.16,245.60,252.29,265.11,269.55,266.01,270.19,269.07,268.29,267.58,261.72,262.55,258.49,254.92,249.16,241.96,238.89,237.62,233.52,225.06,217.64,212.43,203.19,190.91,184.02,170.66,159.67,150.14,131.50,120.44
100.02,111.49,117.80,126.92,131.24,142.52,146.03,152.21,156.39,162.11,168.65,172.13,175.58,182.60,186.13,194.24,197.12,206.53,213.52,222.03,236.24,243.77,251.43,262.18,267.23,275.96,283.43,284.99,284.79,281.58,285.01,278.21,275.81,272.92,268.49,264.92,262.55,257.39,253.29,245.76,242.29,238.76,229.51,223.56,217.83,204.47,194.62,184.46,170.48,159.13,142.44,130.74
96.88,105.42,114.49,123.20,127.81,134.42,140.89,147.96,153.12,155.66,160.35,166.19,169.37,172.88,177.25,184.62,192.51,202.04,207.42,211.08,225.27,231.98,247.24,255.16,257.85,270.00,277.65,274.59,275.04,279.66,274.88,269.82,268.73,270.83,262.79,262.23,254.69,249.65,246.81,241.59,239.20,225.87,224.27,220.10,210.22,196.39,186.04,177.12,164.51,153.38,135.95,122.00
98.31,107.86,114.11,122.16,129.00,137.62,139.34,145.99,151.11,154.78,162.27,164.81,167.07,174.32,177.28,186.21,192.90,198.06,205.27,216.36,225.21,233.17,243.82,253.51,260.05,269.85,276.38,274.77,277.58,278.79,277.33,270.25,271.43,268.79,262.76,260.29,257.51,252.79,249.39,239.10,238.52,228.73,223.81,218.23,210.01,196.24,187.36,176.48,164.35,155.82,138.52,123.79
103.75,115.00,122.59,131.46,136.31,142.90,148.35,157.17,161.01,164.20,170.39,175.51,179.87,184.30,188.81,197.68,203.53,210.92,219.15,227.11,236.25,245.52,258.19,266.28,270.63,282.73,287.13,282.71,285.07,286.51,281.77,278.62,275.79,275.77,273.65,267.44,260.34,257.70,254.24,249.65,246.79,236.60,232.80,225.94,218.44,205.57,197.00,184.72,172.68,161.06,144.09,131.10
104.96,115.85,125.87,132.55,137.75,145.67,149.40,157.27,158.90,163.60,167.37,173.56,178.64,181.24,186.32,194.37,201.69,210.35,218.50,221.77,229.89,239.06,250.80,259.62,266.32,276.47,280.40,278.64,277.14,279.01,275.06,270.60,269.88,271.39,265.93,263.49,256.64,254.02,251.25,247.64,246.45,234.36,231.40,225.09,218.59,206.07,197.67,185.35,173.35,163.05,146.32,132.55
104.55,116.16,127.01,133.30,139.18,147.17,150.05,157.10,161.61,166.01,167.60,174.50,180.00,183.10,187.00,197.44,201.65,212.42,221.54,224.29,231.69,243.40,250.45,263.21,269.05,279.25,284.38,279.45,281.04,279.79,277.19,274.00,272.24,274.40,267.87,264.17,258.85,255.83,254.89,249.48,250.53,234.92,232.64,225.89,219.21,206.52,196.98,186.39,174.75,163.71,146.97,133.15
101.82,112.61,120.42,127.46,133.73,142.62,147.12,154.62,157.80,163.17,167.15,172.96,177.67,180.81,185.22,193.19,200.82,208.91,216.09,220.77,231.00,241.90,253.87,260.60,265.65,277.12,282.71,279.30,281.86,283.81,280.13,273.31,271.77,272.74,267.38,264.88,257.39,252.30,249.36,246.62,245.20,233.60,228.95,223.08,215.36,200.41,192.04,182.27,169.92,159.18,142.76,128.02
93.86,103.75,109.55,117.32,123.00,132.10,135.96,141.82,146.70,149.86,158.62,160.56,165.32,170.14,176.01,180.94,185.57,193.79,201.26,208.28,220.06,227.80,237.00,242.39,249.16,254.33,261.90,259.94,263.14,261.49,259.70,255.16,255.67,250.80,247.58,244.18,239.57,235.85,232.12,226.10,223.52,215.24,209.26,203.71,197.02,185.00,177.56,164.98,153.39,142.90,130.78,117.11
97.31,107.97,113.00,120.83,127.40,135.25,137.44,144.40,147.92,150.79,157.51,159.14,162.69,169.01,172.80,177.92,183.32,191.53,199.54,204.90,214.11,220.42,232.80,235.97,242.61,253.03,259.42,254.20,255.77,258.66,253.71,248.32,249.23,245.65,245.20,241.81,237.54,233.03,230.36,225.72,225.73,215.75,211.88,205.06,199.25,188.00,181.53,171.01,158.93,148.43,136.07,123.55
110.57,122.00,127.95,137.93,145.80,153.31,158.47,162.73,166.36,170.16,177.13,181.86,186.02,190.31,196.16,203.89,209.12,216.01,224.64,230.76,243.35,249.66,261.62,271.23,276.57,285.01,291.97,291.43,294.03,291.55,288.14,283.06,284.01,280.49,277.28,274.05,268.72,266.00,262.16,257.78,255.55,248.72,238.10,233.09,226.81,215.47,204.28,193.89,181.25,169.43,156.19,138.54
97.94,109.62,118.60,126.15,130.18,139.45,143.67,152.41,156.52,160.55,165.85,174.18,178.04,180.94,187.30,193.88,199.53,206.74,213.53,220.77,234.52,243.77,252.79,260.93,265.11,274.05,284.53,281.60,285.00,281.43,280.02,276.01,272.12,271.62,266.32,261.49,256.68,252.72,251.33,243.28,243.23,230.36,226.01,219.53,211.99,196.89,187.18,177.34,164.64,154.16,138.84,124.04
98.33,108.41,114.48,122.71,130.19,138.54,141.11,145.28,150.08,153.06,161.15,162.61,166.44,171.98,176.38,182.94,187.63,196.47,201.16,207.15,222.39,229.10,236.60,245.12,251.54,260.02,263.53,262.27,265.60,265.27,262.94,257.38,259.00,255.16,251.75,249.80,246.01,240.85,240.05,233.57,234.88,224.88,218.36,213.93,205.35,196.02,188.88,175.28,165.59,154.03,140.01,126.85
100.80,112.59,117.55,125.54,134.83,141.32,145.28,150.23,152.76,157.89,165.20,168.24,171.75,176.71,182.52,186.30,195.00,202.02,207.69,213.97,225.50,235.64,245.28,250.06,258.68,267.73,273.39,270.49,272.77,274.33,271.67,267.02,265.32,264.61,261.09,258.31,253.00,249.27,246.48,241.99,241.01,232.69,224.51,221.12,213.78,201.69,192.78,182.99,169.66,157.81,145.34,131.86
105.00,115.38,125.78,133.41,137.57,146.21,149.94,157.65,162.41,166.88,170.31,177.34,180.01,183.85,189.90,195.35,203.94,211.90,217.59,223.09,235.36,245.67,254.16,260.41,267.75,276.70,282.29,280.48,282.89,283.80,280.06,273.79,273.38,273.36,268.49,265.71,257.61,255.99,253.39,249.18,248.85,236.93,232.05,226.55,220.00,205.55,198.60,186.85,173.49,165.17,148.95,134.03
106.96,118.22,123.98,131.24,139.92,148.07,152.11,156.04,160.03,165.25,171.84,173.24,177.87,183.39,186.02,194.81,199.91,207.71,213.08,223.79,235.67,241.36,249.35,258.44,263.45,271.29,277.83,276.92,276.27,274.54,276.33,270.30,267.64,266.09,264.01,258.31,257.11,253.88,250.52,243.99,242.54,234.69,226.74,222.50,215.87,203.19,194.18,185.15,170.41,160.22,147.28,130.77
99.64,109.84,115.21,122.80,129.14,136.49,144.46,149.94,151.56,157.33,161.91,166.19,170.65,175.68,180.23,185.97,193.60,202.19,208.20,213.97,226.18,236.52,245.22,252.86,260.82,267.88,274.53,273.94,278.21,278.36,276.29,269.41,269.21,265.96,262.23,261.73,253.00,249.20,245.81,240.05,240.48,227.41,222.52,217.85,208.04,194.54,185.10,174.89,162.60,152.50,135.36,122.20
101.00,112.00,118.83,127.01,135.48,142.86,147.14,152.64,157.28,159.05,167.37,169.53,172.25,178.92,181.07,189.24,195.92,201.47,209.95,215.67,226.11,235.23,247.63,252.81,258.64,268.00,272.83,271.96,274.12,276.16,273.39,267.76,265.66,264.15,261.31,260.84,255.13,250.92,248.96,242.21,241.21,232.05,226.92,221.02,214.18,202.95,196.36,183.64,171.42,160.55,145.67,131.18
104.74,114.56,122.49,130.00,138.06,146.82,152.07,158.15,161.31,166.48,174.48,176.82,181.11,188.72,195.17,200.82,206.52,213.24,222.81,230.08,241.25,251.37,260.28,268.80,276.07,283.04,290.41,288.65,291.78,291.62,286.14,284.49,282.06,278.17,274.51,270.47,267.80,263.76,257.38,251.25,249.65,240.85,233.26,226.81,218.96,206.67,196.08,185.52,172.10,161.14,146.86,133.52
100.58,110.31,120.21,126.57,133.30,140.72,144.25,151.80,156.40,160.55,163.36,169.65,173.91,176.82,181.43,187.32,196.99,202.47,212.87,215.47,225.68,236.38,247.24,254.10,259.43,269.01,275.83,273.25,276.38,275.31,273.58,269.12,267.79,269.64,264.27,260.86,255.47,250.33,248.29,245.15,243.29,233.73,229.82,223.16,216.45,202.48,194.43,184.74,172.80,163.93,144.06,132.85
109.17,122.65,132.65,138.22,146.99,154.43,157.75,166.11,170.30,173.66,177.67,182.58,187.54,190.08,193.75,204.00,212.28,218.51,226.29,231.94,242.00,249.76,262.53,268.76,274.65,286.75,291.11,285.70,287.34,290.62,286.30,280.86,280.18,280.06,278.20,272.39,267.00,262.43,259.36,255.78,254.92,243.67,239.71,232.07,226.63,212.00,204.92,193.04,180.94,168.01,153.94,139.52
101.00,112.26,117.69,125.57,133.22,142.78,145.45,152.00,157.17,160.42,167.82,171.03,175.18,180.36,185.91,192.21,198.08,204.06,212.57,219.80,231.17,240.05,248.94,257.98,265.34,272.42,279.69,279.52,280.82,279.58,277.97,272.34,272.27,268.92,264.92,261.58,255.74,252.34,247.13,241.97,241.25,230.71,225.14,217.68,209.75,197.80,188.17,176.46,165.42,155.65,138.29,126.09
102.62,114.93,123.15,130.17,136.56,144.00,149.41,155.60,160.00,161.60,168.05,172.05,177.53,179.62,185.66,191.44,201.06,206.83,213.93,218.82,228.53,236.14,249.63,257.01,263.17,272.31,276.90,274.71,275.77,276.93,274.73,268.56,267.82,267.85,266.18,260.97,252.07,248.68,245.52,244.72,242.16,229.92,224.44,218.91,213.18,199.84,190.25,179.98,166.82,156.60,141.60,129.38
101.84,114.55,121.08,129.03,134.85,142.86,147.60,151.99,157.28,162.11,167.03,171.29,174.60,178.94,185.27,190.77,197.95,204.63,211.88,217.08,228.65,239.17,246.66,256.91,262.55,267.90,274.47,276.08,276.27,275.79,273.38,268.81,267.90,267.59,261.23,258.40,254.28,250.94,246.22,242.35,239.41,231.35,225.06,219.70,213.06,200.20,191.76,179.74,170.24,160.01,143.56,129.10
102.36,111.66,120.35,128.66,135.44,144.20,147.56,154.16,158.24,162.43,165.58,171.40,174.05,179.81,185.00,191.11,199.02,204.68,212.72,219.42,231.61,239.70,249.20,259.03,265.32,271.53,278.57,281.00,280.63,281.06,278.64,275.33,273.94,272.01,268.27,263.88,258.50,255.67,251.81,246.24,246.38,236.75,231.69,225.82,218.36,204.07,195.73,184.78,172.63,163.37,145.77,132.44
103.08,114.24,118.09,126.85,136.06,143.25,146.21,152.49,156.01,160.01,167.29,168.67,173.08,180.90,185.33,191.02,197.50,203.63,211.97,218.15,229.34,240.42,247.70,257.17,266.15,272.90,280.14,279.73,280.22,282.02,279.33,274.70,272.86,270.65,266.55,261.70,260.74,257.16,253.22,245.93,244.03,238.00,230.05,223.99,218.39,205.32,195.78,186.19,170.84,161.38,147.46,133.00
109.62,121.08,128.00,135.00,142.43,151.24,153.39,161.45,166.35,168.44,174.89,177.14,181.84,186.14,191.34,199.01,202.41,211.95,218.05,227.04,236.78,244.14,256.53,263.14,270.41,280.81,286.33,282.40,284.78,286.04,284.29,277.24,279.43,277.25,275.52,271.27,266.37,262.07,259.05,254.37,254.00,243.50,239.08,233.91,228.58,215.20,206.52,195.07,180.38,169.09,156.20,141.48
106.94,123.85,128.74,136.44,145.50,153.46,156.54,160.38,164.69,168.58,174.73,177.49,182.02,188.45,194.36,199.41,203.92,211.03,219.01,226.92,239.02,248.07,256.60,265.02,271.02,279.95,288.23,285.24,287.26,285.28,286.19,279.52,280.05,275.84,274.59,271.56,267.05,264.43,262.16,255.19,253.88,247.13,236.72,233.21,227.40,216.81,205.55,196.01,183.29,170.55,157.06,142.21
