80.62,87.92,94.34,106.00,111.29,121.12,127.48,142.21,149.86,156.00,162.59,170.74,175.32,180.23,186.04,191.67,195.06,204.97,206.62,211.80,218.25,225.50,228.23,233.66,239.08,245.02,246.97,239.74,241.87,235.42,236.89,229.20,223.44,223.16,216.21,212.93,209.07,206.00,201.90,197.65,194.18,186.19,181.20,174.61,171.33,159.59,151.82,142.24,133.14,124.39,112.29,99.82
93.68,105.30,112.40,122.49,130.74,142.97,151.95,163.89,172.51,181.04,189.00,197.41,203.03,208.83,217.59,221.78,230.52,237.69,244.05,247.74,255.57,262.94,270.71,275.78,282.82,285.95,287.14,284.61,285.92,278.11,277.85,267.16,260.77,257.47,251.53,248.00,242.33,238.83,233.77,228.18,224.44,217.22,210.30,200.21,197.37,182.33,177.55,164.79,152.85,142.13,129.81,114.59
87.60,97.80,105.21,117.00,122.07,133.66,143.54,156.98,165.13,172.65,181.55,190.65,195.39,201.04,207.48,214.03,219.92,226.93,234.83,236.58,244.29,251.53,257.93,262.36,270.52,271.19,276.01,273.62,271.56,266.85,264.43,255.07,249.72,247.63,239.45,235.72,231.26,228.24,224.08,219.43,212.76,207.85,199.06,190.67,187.96,175.31,167.19,155.19,145.36,132.97,120.02,108.04
77.39,86.59,97.19,103.46,112.45,123.46,133.15,147.80,154.35,164.27,173.97,178.66,185.53,190.71,198.03,204.14,210.64,214.76,222.51,227.06,234.14,240.78,247.42,254.03,256.60,258.37,263.30,261.97,260.05,253.95,254.06,247.75,239.38,235.36,230.93,228.53,222.25,217.45,214.11,209.47,204.16,198.57,190.37,182.32,177.61,167.04,159.51,148.84,137.30,127.00,115.11,103.59
81.01,88.57,99.90,108.78,117.27,130.14,139.70,156.16,164.79,171.83,179.80,189.45,195.49,202.61,206.93,212.22,221.65,228.09,233.45,235.05,242.79,249.90,256.60,259.68,265.61,270.39,272.75,268.47,268.09,261.72,257.86,249.23,243.10,241.88,235.05,228.69,222.40,218.68,212.71,212.84,207.02,196.65,190.43,183.37,177.55,165.08,159.30,146.77,138.19,128.22,115.95,101.24
90.52,104.18,115.04,125.72,135.79,147.73,156.03,173.57,181.60,190.85,199.62,207.80,214.39,220.71,224.18,230.99,236.89,244.18,249.69,252.83,260.32,266.29,271.18,277.04,281.20,282.64,284.59,281.31,281.44,271.30,271.67,260.05,254.13,251.03,242.19,236.60,230.53,223.29,219.82,215.13,210.00,201.94,193.76,185.95,179.78,168.32,161.28,148.95,138.44,125.90,114.83,102.65
94.15,106.23,115.69,127.32,135.72,148.19,156.54,171.43,180.31,189.71,197.20,205.16,209.66,214.11,220.24,224.96,230.84,237.36,243.21,244.75,251.67,257.96,263.09,267.06,270.71,275.33,278.92,274.18,273.10,267.20,262.45,252.81,246.03,243.76,238.65,232.67,225.88,220.24,214.01,210.85,206.66,196.76,190.97,183.47,178.62,164.35,155.71,145.99,135.96,124.34,112.00,97.80
98.27,106.51,119.64,125.04,135.65,147.83,153.08,168.86,178.19,186.27,193.98,200.34,206.29,210.34,212.80,219.62,225.30,231.55,236.35,236.65,240.50,249.10,253.16,256.46,264.46,265.84,266.18,261.82,262.98,256.69,252.92,243.61,234.92,233.82,225.06,223.26,215.04,207.42,202.25,197.84,192.51,183.98,176.91,169.10,163.03,149.16,142.30,131.37,119.08,108.66,98.98,85.59
86.09,97.20,106.74,114.44,123.91,135.06,144.59,160.33,166.43,174.45,180.01,188.04,194.18,198.44,203.21,208.40,213.00,221.36,225.20,226.01,232.14,238.21,241.60,245.70,249.42,251.24,253.14,248.28,248.65,241.41,237.70,230.02,220.63,218.11,212.92,206.37,198.00,191.64,188.00,183.73,177.43,168.36,161.77,153.06,148.03,134.26,126.00,115.69,106.79,97.41,85.48,72.40
91.53,102.00,114.04,124.34,132.91,144.31,151.61,167.39,171.14,174.38,182.61,188.04,193.15,199.04,200.85,206.02,213.59,221.72,226.02,228.62,237.69,244.38,250.49,253.21,257.31,260.99,264.66,260.09,255.57,250.42,250.07,240.14,235.36,231.17,225.80,221.38,213.10,207.63,204.01,198.88,192.59,186.05,178.63,172.41,166.64,154.72,146.01,134.81,129.00,119.51,107.84,96.94
88.65,100.24,108.90,117.64,127.01,138.13,144.27,155.65,163.52,168.18,175.56,178.06,186.20,189.27,190.13,198.64,200.21,208.06,214.15,216.67,224.56,232.78,236.54,238.95,242.85,245.74,250.06,244.77,241.10,234.48,235.84,228.35,224.11,218.00,214.03,207.97,203.59,199.97,195.06,188.73,184.84,178.73,170.86,164.28,158.81,148.27,143.25,133.63,124.04,117.07,105.91,96.46
100.46,115.26,122.93,134.03,146.44,154.67,165.85,174.66,182.51,187.45,195.13,199.28,203.67,209.33,215.19,219.69,223.38,229.43,236.78,239.01,246.66,254.33,257.82,264.11,266.85,266.56,269.16,267.24,265.10,256.42,256.19,248.05,239.38,237.39,228.97,224.08,218.08,212.90,207.33,200.32,195.50,190.13,181.20,171.23,167.61,160.31,149.65,142.69,148.12,153.06,112.36,102.04
105.00,116.48,127.01,137.93,146.22,157.49,165.11,177.05,185.06,188.10,195.48,203.04,207.89,212.44,213.23,219.92,223.62,233.38,239.43,243.40,251.32,257.74,261.61,264.17,269.27,271.09,278.40,273.65,272.22,267.07,263.84,258.04,250.80,247.13,239.03,234.08,226.31,219.86,217.22,207.86,204.61,196.09,188.32,176.10,172.41,159.84,151.92,142.23,131.31,125.26,111.36,101.18
99.70,113.65,122.04,132.77,140.12,152.05,160.25,169.28,178.55,182.00,189.76,194.52,198.25,204.14,205.83,215.10,215.20,223.62,231.97,235.17,243.74,250.84,253.40,260.80,265.71,271.47,268.06,269.45,269.68,263.05,261.61,255.16,248.51,245.73,238.02,234.62,227.26,220.24,215.57,207.33,203.67,195.26,187.86,176.49,172.26,162.23,153.81,145.61,131.22,124.58,114.97,102.83
97.62,108.85,120.21,130.23,138.16,149.21,156.08,168.96,174.93,178.06,186.04,190.42,193.75,197.25,201.97,205.99,214.15,220.47,226.29,229.99,240.35,244.26,252.30,255.84,261.74,267.09,269.97,268.46,269.71,267.07,263.49,259.00,253.46,251.78,243.82,239.56,232.80,227.72,223.99,213.88,210.62,198.50,195.13,186.45,180.27,165.64,158.05,148.56,138.95,128.44,118.23,107.42
102.94,115.39,125.10,135.68,145.45,156.19,162.93,174.93,179.30,185.32,191.59,197.44,202.19,205.53,207.24,216.59,220.71,228.44,237.65,240.84,250.05,257.19,264.46,269.30,273.98,277.97,289.28,285.95,282.85,281.11,276.38,272.72,264.86,261.69,252.00,247.99,239.27,235.26,226.57,218.36,214.35,203.96,196.37,187.01,181.40,166.96,159.85,149.16,137.06,127.94,118.34,106.25
108.30,119.89,131.61,141.29,151.92,163.03,168.96,181.47,189.17,191.80,198.86,206.37,209.77,214.71,219.54,225.87,229.71,236.58,245.70,249.63,259.48,268.88,275.43,282.48,284.52,288.53,298.21,295.88,291.99,289.41,285.92,280.85,274.27,270.87,259.05,256.00,246.05,241.21,232.59,226.43,220.74,208.83,202.24,191.05,183.66,170.18,160.02,150.28,138.77,128.69,117.11,107.19
104.06,120.93,128.44,139.06,146.73,155.97,163.11,175.09,183.37,185.98,196.33,198.58,203.77,210.87,215.72,222.28,225.58,232.13,241.51,248.20,257.89,268.17,273.92,278.99,284.84,290.41,288.74,288.72,288.34,283.49,276.52,271.46,261.73,257.62,248.17,243.59,235.72,229.83,224.20,213.25,208.61,200.66,192.90,182.48,177.55,164.61,156.08,147.80,134.66,123.41,114.98,103.86
100.66,115.41,122.30,132.44,141.38,148.27,156.00,167.73,172.24,179.55,183.70,191.44,193.98,202.03,204.24,211.29,220.64,226.23,233.09,241.30,253.31,259.59,264.82,271.83,276.13,282.45,284.01,281.33,281.60,275.22,272.35,265.66,256.22,251.16,240.85,236.91,231.25,224.51,217.31,210.12,204.40,195.82,188.96,179.80,172.46,160.33,153.26,142.89,130.97,124.49,112.73,101.91
71.12,81.74,91.98,99.48,108.98,119.92,131.24,146.24,154.99,163.62,175.15,183.13,189.11,193.31,199.25,207.10,214.87,222.30,227.85,231.40,242.39,247.35,252.72,258.63,263.79,266.81,266.27,264.44,265.19,257.48,251.83,245.73,236.02,231.77,223.27,215.71,210.06,203.57,197.27,193.08,184.62,174.04,168.88,156.42,152.62,137.18,129.03,119.21,109.13,99.25,88.60,77.08
78.03,89.89,100.90,111.52,121.04,132.24,141.74,159.03,165.41,178.18,185.37,194.26,198.71,206.40,212.71,218.06,223.37,233.42,237.69,239.03,248.02,254.00,259.49,266.59,268.42,272.86,276.52,270.83,272.06,265.27,263.70,253.78,243.80,240.47,234.64,228.27,219.49,213.00,205.92,201.73,196.01,185.28,179.33,168.30,162.34,146.15,137.56,127.91,117.34,106.57,95.38,83.82
79.81,88.77,99.30,109.77,118.85,131.90,139.36,155.59,164.13,172.94,178.54,187.52,194.20,198.92,205.01,210.62,212.41,219.48,226.65,229.08,236.40,239.13,245.42,251.02,254.61,255.50,258.65,254.39,256.18,249.97,247.10,236.58,230.89,226.63,218.01,214.28,208.14,202.20,197.47,192.11,186.42,177.10,171.41,163.27,155.00,144.97,135.38,125.06,114.53,105.00,92.76,82.28
86.03,98.33,108.71,118.44,129.36,142.13,150.88,167.29,175.92,184.10,191.09,200.20,203.84,208.19,211.88,217.69,222.28,227.78,231.46,232.42,236.33,237.98,242.74,246.62,247.41,249.20,250.97,246.08,246.95,240.30,237.39,225.89,220.69,217.59,210.47,206.65,199.69,193.81,189.76,186.32,180.16,172.63,167.26,157.62,151.65,140.80,130.39,121.30,111.87,101.24,91.09,81.49
90.61,101.51,114.07,125.72,135.88,148.53,156.85,174.15,181.79,187.95,195.60,203.96,208.75,212.90,216.02,219.80,224.15,227.34,230.29,229.40,230.03,229.71,233.94,234.78,238.16,241.35,232.11,227.43,225.14,218.41,215.39,205.18,196.16,193.05,187.86,184.04,179.12,170.34,167.26,164.92,160.70,150.66,146.12,139.05,133.70,122.41,113.85,107.19,98.01,90.25,79.81,70.24
88.41,102.58,113.77,125.32,133.45,146.82,155.93,171.08,177.05,186.46,191.02,199.01,202.70,207.41,210.00,215.39,220.27,224.35,225.52,225.70,228.28,228.88,233.50,235.00,239.27,240.16,231.31,229.09,227.40,220.51,216.48,207.06,196.11,192.10,184.81,184.57,176.92,171.29,165.56,160.88,158.15,146.99,141.03,135.15,130.65,119.05,111.31,104.40,94.37,87.82,78.03,69.89
97.31,110.02,120.15,132.38,142.23,155.17,164.98,181.04,189.97,197.12,207.96,212.19,220.60,225.82,232.05,238.60,242.96,247.69,254.03,254.87,262.83,265.89,271.59,276.73,280.12,280.08,277.63,274.04,272.03,261.84,260.42,248.00,236.08,229.31,221.36,216.21,208.12,200.09,193.29,185.65,178.60,173.00,162.11,153.39,148.07,134.21,127.35,118.60,105.68,97.25,84.76,76.38
87.48,97.91,108.17,118.66,130.05,141.83,149.81,167.30,176.62,183.98,192.82,200.11,206.12,215.75,220.41,228.04,231.26,238.32,246.10,247.03,257.01,261.84,267.20,274.05,276.92,276.22,279.21,273.51,269.95,260.91,260.60,246.66,238.10,228.63,218.83,213.60,205.76,197.72,191.43,181.96,174.38,166.05,157.81,148.27,140.94,127.20,117.80,109.12,98.05,88.14,77.01,67.90
78.77,90.67,99.92,110.11,119.62,132.97,141.23,158.80,166.87,176.91,183.88,195.15,201.06,207.88,211.29,221.90,228.23,235.08,242.74,243.82,254.57,260.28,268.21,274.59,276.46,280.37,283.48,274.12,272.41,265.93,259.88,246.91,237.08,234.39,223.90,216.23,208.43,198.09,192.66,187.58,178.93,167.49,162.12,150.30,145.04,129.03,120.70,111.04,101.77,92.09,80.13,69.89
98.31,109.73,117.52,128.02,131.40,140.25,144.68,151.82,151.53,157.54,165.47,167.66,171.03,174.03,179.01,181.89,186.12,188.41,197.69,203.91,211.52,220.54,228.53,233.69,238.46,241.47,253.21,252.67,251.51,250.97,251.10,246.27,244.30,245.62,239.03,239.21,232.42,230.87,223.89,222.81,216.64,210.01,207.12,198.30,193.21,182.63,175.03,161.45,150.99,141.06,130.25,118.12
100.66,112.54,119.00,126.72,134.47,141.06,146.12,149.20,152.20,154.21,160.35,160.42,162.93,166.90,169.01,174.54,175.73,182.73,188.01,192.60,204.60,210.86,216.95,228.09,235.47,241.50,244.38,246.83,254.88,250.01,250.06,247.20,244.49,243.70,238.11,236.14,236.04,232.77,223.65,221.42,217.89,211.65,203.04,195.56,189.95,180.09,173.05,159.38,149.12,139.32,127.31,116.46
100.66,113.22,118.60,128.66,134.97,140.43,146.01,148.72,152.80,155.50,160.70,161.90,163.69,167.97,171.01,175.11,177.05,181.60,187.18,191.85,205.88,212.71,221.31,229.93,238.30,245.11,246.66,249.62,252.24,251.73,251.00,249.82,247.95,246.20,243.53,240.31,238.95,234.27,227.34,222.41,219.24,212.25,203.95,197.99,191.61,181.18,174.87,160.20,149.05,140.01,129.45,117.21
107.48,117.64,125.60,135.07,140.36,147.65,149.90,155.42,159.39,161.82,166.82,169.28,172.00,173.79,176.49,180.24,185.05,191.32,195.98,202.24,212.53,221.16,226.01,232.14,240.14,250.06,255.27,255.38,259.62,257.61,259.39,255.34,254.01,253.93,245.84,244.07,241.32,236.76,232.31,227.85,226.35,214.71,210.83,200.14,196.03,183.10,175.86,164.83,152.61,142.09,133.70,119.50
115.00,127.53,135.09,144.39,151.79,157.69,162.34,168.18,170.70,174.45,175.93,180.94,181.46,183.97,185.15,189.45,193.34,198.71,202.41,207.23,215.20,222.10,230.67,237.62,246.91,252.04,258.01,260.28,264.55,262.13,264.52,261.31,261.27,260.97,255.47,254.42,252.00,248.81,244.95,241.32,239.53,226.42,225.30,215.68,211.24,198.17,190.10,177.41,167.26,156.49,143.61,130.50
110.54,122.02,131.03,139.85,147.80,155.59,159.23,167.15,168.60,171.06,173.49,178.06,179.25,180.01,182.78,184.18,189.17,191.97,196.46,200.85,210.00,216.57,222.80,228.67,237.07,240.20,245.70,248.29,251.68,251.10,251.02,246.62,248.93,248.51,242.96,240.90,236.75,235.17,231.92,227.40,225.50,216.45,215.03,205.41,202.06,189.64,180.28,169.50,159.30,150.80,138.65,124.04
106.30,119.04,124.45,134.26,142.13,150.73,154.99,160.01,165.15,168.12,172.65,173.81,174.20,176.96,181.23,182.96,185.53,188.86,193.75,198.21,206.23,216.23,217.75,226.92,234.06,237.92,244.77,248.39,250.68,247.16,249.83,244.47,242.98,245.23,238.25,236.28,232.42,230.46,228.81,220.59,220.23,213.94,208.39,200.47,197.09,186.76,181.47,169.78,159.06,149.16,138.20,125.10
116.30,129.96,136.47,144.09,153.88,162.41,169.32,171.41,175.87,179.36,183.13,187.00,185.43,187.86,191.67,193.98,195.94,200.64,204.92,209.69,219.15,227.53,232.69,241.47,250.05,253.87,266.55,270.12,273.06,270.65,273.27,269.67,268.21,268.20,262.94,260.78,256.43,256.53,251.87,245.03,244.03,235.71,231.29,221.53,218.56,205.64,202.24,188.45,177.43,165.60,153.26,138.80
83.77,99.01,111.07,123.04,133.02,146.00,151.00,170.43,178.55,187.26,195.42,203.42,209.26,212.90,216.09,223.56,227.09,235.02,243.18,244.40,256.38,258.70,265.11,268.20,269.71,272.39,270.99,259.24,256.73,243.82,237.97,225.57,209.29,201.76,193.04,185.22,173.37,164.58,156.58,151.01,142.44,135.83,126.13,118.07,109.48,93.30,85.70,75.66,67.07,60.83,47.54,43.01
92.36,104.56,115.52,128.14,138.13,153.05,163.23,181.07,190.68,194.66,203.74,213.01,220.23,224.22,229.01,238.60,241.10,251.02,257.44,260.23,266.54,271.90,272.83,278.30,282.18,286.90,281.79,270.09,264.64,255.83,245.08,233.85,216.90,210.02,200.87,188.68,178.31,168.11,161.01,152.35,145.28,134.18,127.99,120.93,110.04,95.52,87.85,78.31,68.80,58.31,50.49,44.29
86.28,101.97,119.68,131.49,131.40,149.62,158.05,174.98,183.85,191.23,199.70,206.17,211.45,218.24,223.60,230.38,233.90,238.42,247.33,248.71,254.03,258.79,261.55,267.59,270.36,270.38,264.05,258.82,254.57,239.38,236.52,222.95,206.52,194.99,185.28,177.13,168.96,159.13,152.01,140.00,134.41,127.10,117.00,108.89,101.13,86.38,79.20,70.58,63.29,55.23,47.41,40.11
115.60,125.40,131.32,140.76,145.62,150.00,152.09,153.94,152.33,153.38,154.63,154.69,152.07,149.64,146.29,150.42,146.45,148.34,147.17,151.38,157.08,160.37,164.02,170.67,173.81,182.99,191.25,196.87,203.02,205.55,208.00,206.37,214.23,214.89,213.82,213.91,214.40,215.28,215.04,213.69,213.18,205.43,202.71,200.24,195.35,189.39,182.78,173.10,165.60,158.14,145.83,134.79
122.33,138.54,152.16,166.36,177.46,192.26,205.54,222.77,233.36,243.40,247.70,257.11,262.23,264.76,266.13,276.49,276.85,283.09,287.80,286.92,285.85,290.24,285.95,289.60,289.97,292.14,286.82,276.60,269.12,258.02,247.29,237.41,218.00,211.24,200.00,191.18,179.41,169.33,163.59,156.42,149.16,135.98,128.10,119.51,114.59,100.12,92.18,82.80,77.28,69.89,60.88,53.60
121.61,136.34,151.25,161.83,174.26,190.85,201.76,220.11,229.80,236.30,245.06,253.28,258.54,261.45,261.58,269.16,273.00,275.57,280.68,280.81,277.42,282.41,282.29,285.01,282.67,283.10,271.41,264.44,256.42,248.62,235.69,225.46,207.17,203.38,191.64,180.71,171.14,162.05,156.92,152.35,143.95,131.49,127.12,118.53,114.39,100.90,93.17,86.40,80.06,74.03,65.51,60.90
146.22,162.69,170.74,179.12,189.65,198.77,202.04,203.53,204.43,203.04,203.16,201.99,199.46,199.53,195.17,192.07,186.94,185.91,185.24,183.58,180.42,178.09,175.93,176.91,176.60,179.57,174.64,177.28,180.09,177.07,176.37,179.45,179.97,179.48,176.88,176.69,178.14,176.00,175.84,172.47,172.90,168.69,165.92,164.98,161.03,155.39,152.51,146.86,135.67,130.86,122.64,111.77
149.91,167.11,176.71,188.02,196.31,207.19,213.95,218.77,219.28,220.08,218.74,216.48,215.60,213.85,209.12,208.50,203.93,204.50,200.38,197.25,188.50,191.40,186.13,181.22,173.35,173.35,174.42,176.01,180.71,175.73,180.58,184.50,194.93,197.99,203.22,206.49,208.87,209.12,208.06,206.41,208.22,203.02,202.83,197.31,190.66,186.04,179.40,171.84,161.37,153.08,141.99,128.95
127.63,144.28,155.08,164.76,169.94,181.10,184.39,191.85,195.16,196.38,194.13,194.14,193.20,189.89,187.17,188.43,181.43,182.07,178.07,176.21,166.51,166.60,158.42,153.91,160.44,159.91,149.46,143.84,150.63,153.45,158.42,168.50,182.22,194.99,199.33,202.07,204.83,203.59,207.37,204.41,203.48,197.39,197.40,191.17,190.10,182.60,173.83,165.42,158.70,149.97,135.01,123.91
137.77,154.12,165.85,175.41,183.17,194.13,200.53,207.23,208.41,210.05,209.80,210.54,209.34,206.40,201.70,200.17,198.56,196.73,196.12,186.94,176.26,177.00,171.13,165.56,156.19,148.86,153.52,153.10,155.56,159.00,166.14,176.74,197.61,213.18,217.18,221.82,223.47,224.45,225.21,226.01,226.15,222.79,220.91,216.02,214.22,204.61,199.85,190.92,181.80,170.58,157.99,144.25
110.06,124.20,135.93,145.17,156.47,167.59,179.51,196.60,209.61,214.25,225.08,234.45,241.37,246.01,252.61,258.12,264.02,267.88,277.31,274.80,277.35,279.96,284.43,286.53,286.70,288.11,275.41,265.93,254.15,242.84,230.36,215.52,195.49,185.00,173.37,157.55,146.65,135.19,128.32,122.72,112.61,103.41,97.42,87.46,80.96,65.79,56.72,51.22,47.01,42.30,36.80,35.17
102.07,115.43,126.00,136.49,144.31,157.00,165.17,181.43,193.50,195.04,209.10,216.04,222.34,227.15,233.03,240.16,244.39,249.66,258.07,258.26,261.01,266.07,267.04,272.74,273.39,275.12,263.61,255.81,245.73,234.10,224.59,210.47,191.02,180.01,170.50,156.05,146.78,135.80,129.80,121.75,112.54,104.28,97.62,87.32,81.01,65.80,58.94,53.37,46.69,42.72,35.74,32.45
113.53,125.77,133.36,141.42,155.91,170.06,180.01,196.49,203.82,214.76,223.57,230.70,238.88,242.54,251.01,255.22,260.31,268.75,275.09,272.61,276.60,282.58,285.41,286.40,287.45,284.79,281.02,269.20,260.92,250.55,242.83,228.46,207.71,195.02,179.69,170.18,159.93,150.71,140.36,130.51,121.20,115.55,104.66,98.39,92.44,82.46,76.94,70.11,63.32,58.73,54.12,47.52
109.49,121.08,132.28,142.94,155.05,165.50,178.36,195.00,204.24,213.38,223.18,231.04,238.47,242.21,250.17,255.00,262.20,265.11,274.36,274.07,279.42,280.41,286.14,284.38,284.81,285.27,278.92,269.02,258.43,250.45,236.76,222.09,201.56,191.76,177.89,164.79,152.55,146.01,134.83,127.91,118.47,111.02,102.79,95.02,88.12,75.03,67.94,60.73,53.94,48.01,42.06,35.17
113.22,128.72,137.77,149.28,161.12,174.64,186.81,204.30,214.60,224.20,233.45,242.77,249.95,254.26,260.32,266.94,271.46,279.21,284.56,286.30,290.90,293.62,298.00,299.10,298.30,301.32,293.47,276.27,266.63,256.52,244.72,231.02,205.91,195.88,183.34,167.44,155.08,146.99,138.80,129.42,122.67,110.42,105.57,94.94,89.27,75.13,68.25,59.08,53.34,48.26,39.56,32.53
113.00,127.44,138.00,150.00,164.34,177.81,186.94,205.24,217.04,226.59,238.53,245.65,255.00,260.80,267.86,275.54,281.05,288.29,296.45,299.30,304.27,308.69,311.65,315.55,317.42,317.57,309.04,297.42,286.00,274.31,261.77,248.32,219.83,207.96,190.70,177.40,166.21,156.49,146.93,134.35,126.67,117.92,108.07,97.91,92.05,78.43,70.43,60.54,53.34,44.27,38.95,32.20
123.46,134.37,146.17,159.53,169.81,183.00,194.06,211.91,221.55,231.49,240.05,249.42,256.43,261.92,268.39,274.61,281.11,286.36,295.79,296.61,299.79,306.18,310.10,312.64,314.04,315.33,306.78,294.46,286.54,276.74,259.51,249.02,223.18,213.34,197.31,183.53,170.14,160.31,150.01,142.24,133.42,119.34,113.53,103.73,95.00,80.22,68.68,61.03,53.54,44.91,36.50,26.93
136.86,152.16,162.41,175.58,186.96,200.82,212.25,230.42,237.05,244.83,254.94,261.43,271.94,272.44,279.12,282.79,289.11,295.26,298.44,301.52,300.43,305.64,308.10,309.07,307.12,308.53,302.74,287.31,279.08,270.08,257.33,243.52,218.08,209.77,195.14,183.46,169.19,155.04,148.17,138.71,129.88,114.98,107.42,100.01,91.07,73.11,63.56,55.87,47.01,40.00,29.73,21.93
134.54,150.76,161.45,174.66,187.41,203.22,213.60,233.17,238.95,248.77,257.45,263.30,273.88,278.35,282.24,289.82,292.44,296.44,301.94,300.95,303.27,308.47,310.49,309.74,309.76,307.37,298.44,288.98,279.46,266.31,257.26,242.62,216.69,205.55,188.31,174.75,164.25,151.48,139.52,125.99,118.12,108.50,97.25,91.08,82.80,70.21,63.03,52.55,44.69,37.12,30.02,24.35
119.82,135.82,146.49,159.54,173.11,185.55,196.09,216.10,222.83,233.41,241.81,251.24,258.12,263.91,272.88,276.96,283.18,289.12,296.23,295.15,297.62,302.42,305.00,306.34,309.20,303.73,295.74,287.47,277.10,266.54,254.95,240.63,213.66,200.74,183.98,165.89,157.50,146.22,133.70,120.21,112.45,102.84,94.89,87.69,82.30,70.46,64.88,57.98,49.24,43.10,37.95,32.65
120.67,134.62,142.59,154.85,168.39,183.58,189.71,209.40,216.45,224.27,234.16,242.62,250.22,255.43,261.84,267.49,275.80,281.86,287.12,289.39,289.93,297.17,298.72,300.39,302.58,300.65,291.36,282.82,277.35,264.71,253.79,237.84,213.04,200.57,184.32,174.41,162.53,150.22,140.03,130.65,123.17,115.11,110.86,102.59,96.30,86.05,80.99,74.01,65.00,60.81,53.71,46.01
116.36,128.76,139.85,150.16,162.64,174.50,185.21,200.20,208.84,217.51,226.81,234.46,242.26,247.10,255.43,259.45,265.22,270.33,278.00,282.69,288.11,289.79,297.51,300.22,302.44,304.23,298.00,290.91,283.58,277.35,268.02,257.01,240.25,229.31,216.45,209.01,199.81,191.16,182.39,170.47,163.36,155.71,146.51,139.17,133.27,121.64,112.36,104.81,95.90,87.71,79.51,69.89
119.57,132.08,143.68,155.19,167.60,181.02,189.45,206.53,216.81,224.20,233.11,240.05,248.49,250.93,259.62,263.04,267.93,275.41,281.30,284.01,284.69,290.95,295.58,299.28,298.93,301.99,298.30,288.98,282.82,276.63,264.70,255.16,239.13,232.47,220.99,214.14,205.10,197.04,191.19,183.56,178.00,166.93,161.01,153.53,149.40,137.93,130.25,122.38,114.11,106.00,93.86,84.59
122.92,138.42,150.10,161.01,170.67,185.04,194.34,211.42,218.30,225.58,236.18,244.56,248.26,252.00,258.31,262.03,266.05,273.81,277.91,279.52,279.95,282.41,287.25,288.88,288.51,291.33,281.32,271.00,263.74,256.56,244.92,234.37,214.28,209.39,198.86,188.22,179.92,173.95,165.47,160.63,155.60,143.69,141.68,135.09,132.28,120.42,113.60,107.07,100.46,94.76,81.94,76.01
126.50,144.03,153.94,166.54,177.89,194.51,204.01,220.04,227.71,235.08,246.46,251.54,259.31,261.71,271.62,272.88,279.66,283.59,289.68,289.75,292.74,295.49,299.98,300.95,302.87,302.77,293.50,287.72,278.64,271.09,259.16,246.72,226.63,218.23,207.70,197.43,189.53,182.12,174.64,167.08,160.82,152.82,145.25,140.39,136.13,124.63,119.71,112.61,104.35,96.83,89.19,80.10
121.08,135.96,149.46,161.04,171.06,185.32,195.58,211.99,219.24,226.74,235.77,242.40,248.85,251.13,257.84,262.77,269.07,275.57,277.78,280.17,282.12,285.19,288.54,290.72,294.61,294.82,287.09,279.27,270.71,264.55,255.99,244.46,227.50,219.59,207.71,203.03,191.97,186.17,178.87,172.65,167.03,158.15,152.09,146.05,141.06,130.00,123.08,116.16,107.15,101.98,91.29,81.02
123.56,138.10,151.60,165.56,178.73,193.21,202.07,218.82,231.10,237.32,247.76,254.02,261.73,262.74,268.75,276.00,279.53,284.19,289.40,290.90,289.08,294.36,294.29,296.32,298.89,298.10,291.36,282.49,277.97,268.48,258.37,247.13,228.64,225.08,213.78,205.34,197.37,188.16,182.50,176.69,169.96,160.82,154.30,148.00,142.64,131.73,124.20,117.00,108.21,100.18,91.55,81.61
119.95,136.12,148.56,162.25,172.96,187.30,197.19,214.11,222.64,231.62,240.84,247.80,253.66,254.54,262.62,268.70,271.60,276.28,279.83,281.84,283.43,286.78,287.12,289.91,289.98,290.26,283.62,273.21,268.63,260.32,250.64,241.35,222.95,219.20,208.89,201.92,192.13,183.37,177.10,173.66,166.41,156.73,152.47,146.15,139.98,127.95,121.28,115.21,104.79,96.18,89.90,79.40
113.03,127.88,137.75,149.20,159.67,173.97,182.21,195.39,204.73,210.30,221.58,226.72,229.90,235.10,239.92,245.41,249.88,252.52,255.91,259.72,260.13,265.56,264.43,267.91,267.20,267.30,259.63,254.50,249.10,241.59,234.73,224.01,208.95,200.72,193.87,187.22,180.62,173.59,167.60,161.05,155.50,149.48,142.14,137.35,132.57,124.42,119.02,111.22,102.11,92.66,86.76,77.16
109.22,120.90,131.10,142.72,152.30,163.52,169.73,183.00,189.18,194.16,201.36,207.14,209.19,212.81,217.83,222.48,224.96,229.40,230.25,232.50,232.85,232.36,236.60,237.46,240.01,240.11,232.45,228.00,221.35,214.70,209.75,199.45,188.43,183.88,176.08,171.00,165.42,159.30,155.05,148.66,145.50,141.51,134.35,131.95,126.06,119.11,115.16,107.56,98.86,90.97,85.15,77.10
126.59,140.43,151.43,163.48,173.42,183.41,192.76,207.53,212.43,219.53,226.53,231.02,233.39,235.65,239.89,244.30,247.95,250.34,253.93,251.03,253.31,253.69,256.00,255.93,255.89,255.29,249.18,243.02,237.45,230.49,222.07,213.52,199.12,198.29,188.72,185.53,176.67,173.30,166.59,165.06,160.64,153.81,149.51,146.11,142.13,131.23,125.73,119.62,111.07,104.68,95.90,84.60
132.19,146.75,159.15,170.63,181.80,193.31,200.41,217.47,226.80,233.21,238.95,244.00,246.79,247.70,253.16,254.58,262.98,263.35,265.85,265.32,264.36,268.26,269.01,270.04,269.24,268.34,259.98,254.72,247.49,240.63,233.39,222.11,208.85,207.29,197.63,193.13,185.83,180.11,175.33,172.24,167.92,163.69,156.11,152.27,148.66,140.21,134.08,127.00,117.34,109.20,101.87,90.26
134.16,148.19,161.48,171.74,184.02,196.09,205.06,219.13,225.28,231.23,237.47,241.98,245.93,247.52,252.00,255.41,259.14,262.41,266.72,261.47,260.73,265.36,266.69,265.53,267.62,269.19,260.76,253.39,250.05,241.81,234.56,225.74,212.85,213.49,204.86,197.69,192.17,185.65,184.02,182.48,178.53,172.20,168.24,161.28,158.45,148.56,143.09,135.67,126.82,118.85,108.06,96.51
88.41,99.36,109.49,118.88,125.92,134.63,139.46,146.41,151.43,155.60,159.53,165.51,168.67,172.04,176.14,176.30,184.18,192.44,193.94,198.44,202.61,209.27,215.56,219.15,224.93,226.74,227.56,229.31,233.57,227.00,224.85,221.01,218.29,215.52,212.85,211.85,207.17,204.95,201.14,201.36,199.83,192.35,189.62,186.08,181.34,172.84,167.76,159.18,153.42,142.79,130.77,117.61
87.42,98.01,105.39,113.53,119.85,129.50,133.82,142.69,143.28,150.28,150.16,159.20,160.90,162.86,165.41,169.19,174.04,181.66,184.91,186.25,193.31,198.09,206.21,206.16,212.60,215.37,222.32,221.78,221.73,220.71,221.65,214.46,215.23,214.28,211.45,207.51,205.93,204.04,200.86,200.85,200.81,193.31,191.67,185.41,181.11,174.11,166.51,159.22,150.43,142.86,132.37,119.27
113.23,127.49,137.18,147.33,157.88,167.07,173.98,184.59,183.83,193.44,194.29,199.64,200.63,204.38,205.65,204.48,213.60,216.92,221.12,218.10,223.40,225.72,231.51,234.45,235.85,238.21,236.78,233.49,232.24,228.04,222.80,212.87,209.50,207.18,203.11,196.99,193.05,191.32,185.22,185.37,180.25,176.80,170.18,168.32,163.25,154.51,145.87,139.18,134.09,125.57,113.00,102.63
103.97,120.70,128.10,138.84,148.27,160.52,164.98,173.85,178.23,182.78,185.16,191.02,192.28,193.09,198.35,197.73,207.48,216.02,213.93,215.80,220.24,222.89,228.69,229.51,236.24,239.13,236.21,234.31,234.96,231.23,225.00,218.34,210.44,210.20,205.80,201.14,195.16,191.44,186.80,184.72,181.57,174.11,169.71,164.15,159.14,148.49,141.03,133.33,125.87,118.53,105.48,97.12
90.05,104.94,114.02,125.42,130.18,142.02,147.46,153.94,157.70,165.37,168.24,174.32,172.31,177.55,180.04,178.04,186.00,193.38,196.90,197.12,198.85,202.20,209.26,213.47,216.58,221.73,223.01,223.19,222.57,220.84,213.01,209.06,203.93,203.65,200.39,196.02,191.13,189.34,184.50,181.65,179.14,174.04,169.03,162.25,158.38,147.14,140.76,133.02,125.04,117.39,106.15,94.94
141.77,158.23,165.87,179.00,191.05,204.41,211.10,225.62,234.00,241.63,247.61,254.80,259.31,259.42,262.88,268.31,271.60,276.50,279.46,277.22,271.25,274.37,277.02,276.49,276.09,276.93,267.16,252.62,245.94,237.89,227.27,217.57,199.40,195.17,184.68,176.64,167.20,160.01,154.69,150.63,145.34,137.23,134.08,129.12,124.62,115.26,106.62,99.61,92.76,84.12,76.37,67.54
132.23,147.49,158.76,170.59,181.66,194.29,202.09,217.01,222.50,231.93,237.97,245.49,248.08,251.45,254.96,260.29,261.90,265.31,268.96,265.63,262.62,267.53,269.27,271.01,270.21,269.86,258.94,249.10,240.26,237.15,227.26,214.25,200.00,195.56,184.04,179.36,167.03,161.38,152.50,147.90,141.90,133.81,126.29,122.41,116.09,102.83,95.80,87.85,81.22,72.11,61.35,52.80
110.37,126.00,133.52,143.96,154.25,165.12,171.72,185.06,192.30,198.98,207.25,210.30,214.36,218.04,221.94,225.46,227.42,230.72,234.83,235.05,231.35,234.03,237.40,240.09,236.46,236.58,230.22,221.62,215.13,208.72,201.56,192.28,179.85,173.05,168.07,162.48,153.70,147.25,142.20,135.57,130.00,124.20,117.39,112.95,107.07,97.10,90.14,82.39,75.31,66.71,59.03,51.31
122.54,138.71,147.15,160.44,169.11,181.80,192.31,207.80,214.85,222.20,230.01,238.66,244.18,243.48,250.70,254.19,255.36,263.10,267.17,268.17,266.45,271.83,273.42,271.97,273.34,275.14,267.88,257.38,253.01,246.71,236.89,227.49,213.48,208.85,200.41,192.20,183.34,175.51,171.30,165.25,160.33,150.48,146.40,137.93,132.10,119.42,110.17,101.77,94.81,84.65,74.32,64.50
113.84,127.06,136.34,147.25,154.31,165.30,175.82,187.42,193.60,198.88,207.89,212.53,217.01,217.81,222.81,226.11,231.67,231.77,239.30,234.96,236.66,237.41,241.82,241.54,241.60,242.03,236.58,230.38,221.44,218.56,209.88,201.01,189.21,185.15,178.27,171.01,163.59,158.96,150.94,150.15,143.22,135.96,130.25,125.20,118.70,106.51,100.57,91.79,85.87,77.03,66.94,58.83
141.23,155.72,167.90,179.40,188.48,200.53,213.28,224.18,231.14,235.82,246.14,250.53,252.99,254.57,260.57,261.55,265.31,267.44,269.47,267.19,264.97,266.60,267.03,267.62,268.99,262.07,259.15,251.91,244.23,237.17,229.48,219.70,207.45,203.19,194.79,187.10,181.46,176.66,169.65,163.67,159.73,153.39,145.50,138.52,132.85,120.30,112.61,105.68,96.38,86.05,78.23,68.68
140.00,155.94,165.89,177.99,185.65,200.57,208.17,219.40,226.72,230.77,239.93,243.05,247.80,246.83,248.94,251.58,252.39,254.77,257.26,255.62,251.73,250.27,252.06,253.24,254.77,252.72,243.26,236.86,232.33,224.88,219.32,211.24,200.86,194.73,188.85,182.82,178.14,172.20,168.62,161.03,157.49,152.07,144.55,137.18,131.59,119.47,115.43,103.82,95.89,86.58,77.88,69.81
80.71,94.15,101.97,111.41,119.10,130.00,135.53,148.35,152.03,157.43,161.81,166.87,171.23,173.88,177.79,180.61,186.32,194.59,196.36,198.76,202.53,205.00,215.80,216.36,224.56,222.72,228.37,224.01,222.27,220.49,219.09,212.00,208.59,207.94,203.34,201.49,198.93,198.46,194.47,194.12,193.40,187.77,184.95,180.80,175.32,165.11,158.52,152.27,144.46,137.42,124.06,111.66
85.42,98.08,104.68,112.22,122.10,133.66,139.56,149.91,154.55,158.70,163.48,169.96,173.98,177.34,181.37,186.05,190.22,199.83,202.68,205.37,207.86,211.29,219.57,222.08,227.75,226.45,228.66,225.00,223.60,219.46,217.02,209.03,198.60,198.37,192.21,190.54,187.32,180.25,177.79,174.39,171.76,167.09,164.65,156.89,153.58,146.39,142.30,135.15,129.12,122.09,110.31,101.55
86.16,97.67,105.19,113.44,122.81,132.83,140.80,147.96,152.00,158.24,162.93,170.43,175.03,176.37,180.14,183.85,188.92,198.12,202.48,203.97,207.69,213.03,217.71,220.42,228.04,225.87,227.48,224.74,224.01,219.86,216.02,208.14,203.38,200.81,194.83,190.02,187.52,182.65,179.63,174.43,172.39,170.24,165.70,159.48,154.67,147.96,142.51,136.36,131.24,122.61,112.40,102.70
79.01,92.70,97.62,106.02,115.28,125.69,132.31,144.56,148.22,154.54,162.60,167.48,171.90,174.73,178.47,183.37,190.37,195.36,197.67,201.16,204.83,210.52,214.67,218.59,221.20,218.49,224.50,224.59,218.66,216.45,214.26,206.71,199.57,199.62,193.93,191.40,185.92,182.70,179.01,176.82,173.62,170.45,166.05,158.24,157.54,151.61,146.81,140.04,132.50,123.43,118.73,105.26
74.24,87.37,92.44,101.26,109.40,120.49,127.10,139.09,140.76,148.92,155.33,161.52,166.36,168.81,171.33,177.56,182.02,186.60,189.50,192.21,200.36,205.34,209.47,212.23,215.87,216.30,221.29,220.20,216.16,212.87,211.45,205.30,202.41,200.37,194.47,190.19,188.96,185.07,183.52,179.78,178.28,173.28,169.29,163.03,162.93,157.72,151.09,144.64,137.06,127.58,121.71,109.60
93.30,109.02,116.11,124.00,132.82,146.24,151.65,162.24,167.45,173.85,178.51,183.22,184.77,187.18,191.91,194.64,201.94,208.37,209.31,210.77,215.41,222.04,227.85,227.79,236.86,234.69,236.28,234.18,228.27,226.43,225.14,215.87,211.62,211.34,209.66,207.62,206.17,201.73,200.68,195.80,194.08,191.53,185.78,181.20,180.42,172.80,166.43,160.02,151.95,144.90,135.00,122.32
71.51,82.64,89.05,98.76,110.14,119.10,124.81,134.95,140.12,145.34,150.23,155.19,159.88,162.03,166.40,169.52,173.88,179.81,180.16,184.17,187.56,189.40,193.83,196.66,200.52,198.82,202.78,199.20,194.28,192.42,191.69,186.69,179.74,175.73,173.57,170.63,165.30,158.43,158.69,157.88,153.85,148.71,144.28,138.22,134.24,127.94,125.32,120.81,115.17,114.24,112.16,107.38
58.69,71.56,78.87,89.16,102.59,111.99,119.85,131.75,135.77,144.89,152.45,157.31,163.00,166.96,171.29,175.60,179.00,185.59,188.28,191.94,194.47,200.26,204.35,206.18,212.66,207.89,207.56,209.24,209.66,202.60,202.55,193.34,187.96,185.44,180.70,175.82,172.05,170.30,168.19,159.14,157.85,153.84,149.01,142.62,137.93,132.10,127.14,122.89,113.65,117.32,116.62,109.93
71.22,84.77,91.55,100.65,109.60,115.83,123.79,136.06,140.09,145.91,150.22,155.32,159.25,163.23,164.44,170.89,173.30,178.81,181.33,183.17,186.82,188.56,193.19,193.37,198.16,198.60,199.62,196.31,197.02,191.85,188.22,182.80,177.02,175.41,170.84,167.62,163.13,160.16,158.15,155.50,153.18,144.26,144.75,138.75,138.13,129.54,127.40,125.30,127.53,129.87,123.13,112.29
82.46,97.80,104.58,110.91,116.85,129.77,136.19,153.84,157.29,164.51,167.44,174.03,179.01,182.48,185.27,190.38,194.25,201.12,204.57,203.93,210.54,214.67,217.12,217.83,219.24,220.37,224.70,218.22,218.82,211.62,207.42,201.46,194.50,192.98,185.65,181.02,177.00,172.96,165.01,162.64,156.92,150.75,146.25,138.85,129.40,111.73,97.08,91.66,97.33,106.89,116.61,111.20
125.60,139.98,148.95,155.91,163.20,173.05,178.57,186.99,193.08,196.99,204.96,205.27,210.05,211.44,213.04,218.55,219.99,224.54,227.11,224.80,226.46,235.47,238.46,242.33,245.51,249.00,250.84,246.55,246.27,239.30,238.85,230.20,221.74,225.40,220.01,211.99,208.81,205.34,202.25,198.31,194.67,188.82,183.10,177.79,172.19,165.08,159.83,146.29,134.24,115.43,101.02,88.77
115.97,129.29,140.52,148.49,159.97,168.43,178.06,188.16,193.85,199.81,205.91,209.86,214.67,215.86,217.19,224.24,226.57,230.16,232.49,236.60,236.17,245.73,247.81,251.31,253.40,257.40,257.60,255.27,252.96,250.22,243.31,238.31,226.42,223.76,215.59,210.01,201.20,197.59,188.52,180.41,172.19,162.05,149.62,135.77,119.95,92.91,90.25,82.46,81.27,77.08,71.85,64.85
116.71,134.00,143.56,154.83,164.76,175.14,181.18,193.23,197.27,202.47,209.77,213.06,216.57,219.31,220.60,228.83,229.90,234.34,235.92,239.01,244.38,252.81,252.57,261.23,262.09,268.20,267.62,265.01,265.14,258.01,256.63,247.76,238.65,240.16,233.42,226.34,221.98,218.00,210.30,203.21,198.83,190.72,181.59,171.21,164.84,139.27,124.72,113.46,102.96,93.34,83.82,75.17
112.64,124.96,136.19,146.33,155.72,167.94,174.83,188.52,193.31,202.37,206.96,211.70,215.67,215.87,219.35,225.22,228.62,233.69,237.00,238.77,242.16,251.18,252.41,262.46,262.38,266.54,269.76,263.77,263.35,258.86,257.10,246.72,236.60,238.32,230.31,225.32,218.16,210.30,205.51,201.11,197.04,184.76,177.39,168.55,161.38,139.85,127.31,114.02,102.63,91.24,79.06,68.48
110.45,125.54,133.36,147.43,157.81,168.63,179.80,191.05,198.31,205.48,210.44,216.62,220.48,219.94,223.56,229.21,235.29,242.06,244.75,243.30,247.02,256.22,260.25,266.51,267.45,271.53,276.44,270.83,268.37,264.01,260.97,251.01,239.56,241.66,233.53,228.53,219.44,211.48,205.94,202.05,197.01,185.53,179.20,170.42,163.38,144.22,131.61,115.38,102.18,88.28,78.77,69.81
113.95,127.53,139.28,149.16,161.64,171.13,181.62,193.98,202.05,208.12,216.72,220.04,226.87,228.65,233.12,236.81,241.98,245.73,248.24,250.28,256.16,264.37,268.52,274.40,275.63,277.71,279.86,278.29,274.07,268.15,265.11,255.39,243.32,240.30,232.18,224.63,217.39,212.71,203.68,198.09,190.24,181.40,172.53,164.94,160.05,144.47,136.88,126.83,115.80,103.04,89.87,76.66
105.65,118.42,127.88,136.93,146.77,158.67,167.09,177.28,183.81,191.77,197.01,201.56,207.14,210.19,211.07,218.08,221.77,228.27,230.71,232.42,235.01,242.40,246.16,251.02,254.52,257.24,256.42,255.33,252.00,245.74,245.18,235.05,221.12,221.82,210.24,205.29,198.39,192.98,187.22,178.62,174.61,165.92,156.82,149.91,143.95,130.73,124.04,114.76,104.36,94.37,82.04,71.55
117.18,130.10,139.59,149.94,161.74,172.35,182.58,196.85,201.56,210.05,216.23,223.38,228.46,230.89,233.21,239.02,244.62,250.20,254.80,256.36,260.28,269.14,272.90,278.62,282.65,280.98,286.06,283.13,280.86,274.26,272.13,261.12,246.85,245.60,235.20,229.90,222.00,215.70,206.04,198.12,193.54,182.92,174.20,164.15,159.20,144.55,135.72,124.00,112.61,99.14,85.09,75.24
114.00,127.49,139.61,150.63,158.81,168.88,179.47,191.48,201.19,209.32,216.06,221.00,228.35,227.27,231.86,238.87,243.21,251.64,254.89,256.78,263.92,271.29,275.54,282.36,287.84,290.30,294.29,288.88,285.21,282.48,277.79,267.20,252.29,253.86,241.78,235.78,227.38,221.88,210.64,204.63,198.71,187.55,178.92,169.07,161.62,144.42,136.95,125.36,113.21,96.83,85.91,70.24
112.11,124.95,134.62,143.84,154.80,164.60,176.92,189.95,194.54,205.73,210.42,217.90,221.89,223.77,226.37,233.36,241.13,246.68,251.88,251.81,257.40,267.47,274.20,279.22,283.05,286.68,292.00,284.55,281.49,279.31,274.80,263.92,250.12,252.07,242.89,235.30,224.61,218.22,208.47,205.36,199.12,186.32,177.59,169.59,162.36,144.01,132.82,121.24,112.29,99.25,84.31,67.12
107.65,119.97,127.48,139.46,147.00,157.71,169.16,179.74,187.52,195.93,201.25,208.01,213.79,215.87,219.94,227.01,231.04,239.52,243.26,245.40,249.51,260.89,265.55,272.86,277.60,280.91,286.68,280.49,278.86,274.97,271.67,264.60,250.01,249.47,237.54,231.35,223.66,217.46,208.12,201.56,195.50,184.39,176.01,166.71,160.42,141.79,133.03,121.28,108.34,95.13,81.57,66.24
104.69,112.00,120.95,126.61,137.61,148.95,159.86,173.67,178.24,187.41,189.64,199.62,202.62,204.98,209.85,216.93,222.44,230.87,235.02,236.54,241.91,251.80,258.77,265.86,271.02,276.59,278.73,275.08,273.20,269.54,266.87,256.56,242.69,244.57,234.56,227.14,219.78,214.61,204.61,197.70,190.01,181.80,170.42,163.13,154.56,138.20,128.14,115.95,104.12,90.80,78.24,65.30
102.40,114.56,124.02,132.52,142.41,150.16,160.33,173.10,179.30,189.45,195.53,202.74,208.95,210.00,214.71,221.69,228.59,234.80,242.62,243.07,249.04,258.75,268.48,275.08,278.92,284.29,288.64,283.55,280.15,281.71,273.25,264.46,252.74,251.75,243.99,236.55,226.28,220.58,209.31,206.67,195.56,186.13,179.57,169.01,161.64,144.25,133.46,116.93,109.29,95.63,79.40,61.00
103.16,116.25,121.66,132.23,143.13,153.95,162.00,173.67,184.20,192.77,196.82,205.36,210.19,215.13,219.53,227.48,234.08,243.04,247.20,251.73,256.64,270.12,276.07,283.47,289.71,293.23,300.03,296.59,293.45,291.78,286.75,276.63,263.59,261.61,253.03,245.20,238.54,231.40,221.23,213.46,206.20,194.25,185.56,176.18,167.97,150.22,137.80,125.64,113.56,98.86,81.12,66.89
94.70,107.06,114.24,123.98,133.24,142.09,153.00,163.78,171.55,181.18,188.04,192.44,200.55,205.24,209.47,217.10,224.08,230.73,236.38,243.52,250.07,258.37,266.59,273.83,279.73,284.45,291.40,287.72,283.66,281.14,277.77,267.93,260.39,252.45,249.07,238.47,233.38,226.35,215.56,205.53,199.21,191.92,180.10,171.49,164.88,147.19,135.51,120.81,106.48,88.24,70.26,47.85
148.07,167.05,178.27,191.64,201.04,209.34,218.22,222.19,226.55,230.25,227.69,226.31,229.42,225.87,220.44,218.93,219.10,216.54,213.46,206.46,195.65,193.23,190.38,182.78,180.55,172.63,163.48,155.04,149.62,144.81,136.33,128.13,122.12,120.27,117.18,114.02,112.95,113.00,109.11,109.02,106.85,106.51,105.68,105.12,103.97,107.12,111.97,116.50,117.14,120.88,113.02,103.85
82.46,91.21,101.32,107.35,116.67,123.07,133.30,147.87,152.41,162.26,168.11,174.18,180.71,184.56,189.45,195.48,199.90,207.21,213.81,217.56,223.99,231.37,237.86,246.00,250.94,254.57,258.94,256.13,252.49,252.20,247.25,238.76,229.17,227.84,217.23,210.62,204.61,196.88,187.75,183.00,174.93,163.67,154.40,145.28,134.74,106.47,89.11,62.13,34.37,30.00,29.53,25.00
149.64,168.15,177.80,188.88,198.52,210.30,216.75,220.07,221.02,226.91,224.88,226.43,229.24,220.38,220.23,220.47,218.01,216.42,207.76,201.85,192.13,189.79,186.34,182.48,178.39,170.00,159.45,149.03,143.84,138.20,134.32,122.00,115.92,110.11,108.47,104.10,105.42,101.02,98.68,94.64,93.77,93.92,94.87,92.70,95.72,106.57,112.09,118.09,121.40,116.09,108.41,100.40
142.89,159.84,167.61,180.90,189.62,198.70,204.38,211.09,213.32,214.97,216.06,215.34,216.34,210.62,208.58,207.76,205.08,203.00,197.70,194.44,185.15,179.01,176.31,171.43,166.93,160.58,148.95,143.56,135.06,129.69,125.45,117.89,107.52,100.22,95.04,91.59,86.35,81.32,75.18,69.86,66.03,59.14,55.73,57.43,64.07,86.31,89.69,93.48,92.20,91.42,85.38,80.00
143.89,160.38,167.86,177.69,191.02,195.82,204.61,211.05,211.29,212.85,211.14,213.24,215.13,210.51,207.00,206.85,207.12,202.25,198.07,190.39,180.85,176.39,174.77,168.91,163.11,159.41,150.27,143.89,136.68,128.97,120.75,113.36,105.36,98.35,95.63,94.64,90.38,85.09,80.60,84.31,89.50,96.83,98.62,102.96,104.29,106.17,105.11,102.55,99.72,92.91,89.16,79.93
144.59,161.00,170.99,178.97,190.34,200.00,203.42,213.10,213.38,214.87,215.18,215.93,217.31,213.40,209.89,209.15,205.80,206.19,198.00,193.26,183.50,177.56,176.64,170.88,166.60,161.05,151.82,144.94,137.44,128.47,123.02,115.26,105.08,98.62,94.18,91.78,90.52,86.98,82.23,84.12,87.80,94.59,95.88,100.42,101.53,103.73,102.63,99.82,96.57,91.22,88.20,80.06
163.44,186.07,196.54,206.50,219.23,227.55,236.38,242.84,245.80,249.13,246.83,247.32,250.32,243.39,240.24,239.01,236.60,233.49,227.86,221.38,206.67,204.22,200.44,196.49,189.02,183.70,171.03,161.82,152.63,146.03,136.44,128.86,117.00,108.30,100.90,97.19,91.24,86.47,75.39,62.97,55.97,43.97,38.08,40.61,74.43,98.41,100.62,103.48,100.69,96.80,93.86,85.70
163.89,183.81,192.84,205.72,219.43,225.85,236.54,241.57,245.35,248.62,246.16,244.36,249.07,242.42,236.66,234.69,232.86,230.02,224.32,214.31,201.06,197.59,193.85,187.18,181.14,173.66,161.24,150.86,144.35,137.80,129.40,120.02,111.32,103.59,98.01,91.14,86.38,84.39,78.29,75.03,71.59,68.24,62.29,63.63,69.92,91.68,97.05,99.08,98.49,94.02,90.43,81.91
69.86,78.71,87.86,98.01,107.42,116.93,128.00,139.65,148.52,158.55,164.20,170.84,178.84,182.89,186.53,195.03,199.62,206.94,211.48,216.40,222.64,232.81,236.26,244.98,251.81,252.84,258.50,257.23,257.11,254.02,250.30,244.40,234.18,232.25,220.17,216.09,209.47,204.46,195.89,186.23,178.93,169.20,158.03,150.23,140.01,124.60,115.25,103.48,92.46,79.18,70.88,61.07
85.21,95.29,106.12,113.46,125.90,133.20,146.22,160.96,166.97,179.40,184.25,192.75,199.54,203.48,208.00,217.83,224.15,231.00,237.70,237.66,245.29,254.28,263.42,269.25,273.24,278.84,283.09,282.26,279.63,282.29,274.96,267.02,256.01,258.32,250.07,244.73,235.37,227.09,218.52,214.66,208.58,195.88,189.28,180.29,169.45,149.41,137.77,118.44,109.11,91.14,76.16,65.12
82.04,90.71,101.83,111.50,120.07,130.98,141.32,156.17,165.77,176.08,180.56,189.13,198.04,201.02,208.08,216.82,223.32,230.36,236.21,240.52,248.04,257.33,265.83,273.78,277.70,282.12,286.23,283.92,284.19,280.78,274.15,267.25,260.43,256.13,246.73,239.84,232.64,224.95,217.22,208.90,203.23,194.20,183.10,178.00,169.17,153.00,146.24,135.15,123.49,112.45,93.05,74.06
80.41,92.01,99.02,109.48,119.36,129.29,140.80,155.13,163.27,174.64,180.47,186.45,195.53,201.64,207.56,217.00,223.90,230.53,236.02,241.60,250.34,257.77,267.42,274.59,280.79,284.42,289.21,286.67,285.57,283.28,276.39,269.42,262.07,257.13,248.21,240.42,234.34,225.06,219.32,210.64,202.94,196.79,184.57,179.36,172.41,155.86,148.41,135.59,124.26,113.07,92.31,72.34
77.08,87.21,95.75,105.54,114.06,122.79,135.38,149.25,157.54,167.60,175.31,180.85,189.40,195.07,203.30,210.54,217.17,225.04,232.12,234.64,243.26,253.34,263.19,272.47,273.76,276.83,283.92,282.88,280.53,279.03,270.30,261.69,252.11,249.62,242.04,235.10,226.49,220.20,210.42,206.19,197.06,189.17,179.45,173.51,165.41,150.28,143.00,130.43,119.92,108.12,94.94,80.62
83.82,95.27,104.85,114.00,123.26,132.61,144.20,160.11,167.76,180.43,186.04,197.50,205.64,210.44,217.01,228.48,234.30,245.38,252.36,254.91,263.50,273.59,281.72,289.41,294.60,298.67,303.77,298.14,296.23,294.09,287.56,278.68,267.98,267.44,257.03,247.95,240.30,231.28,222.30,218.08,208.61,199.09,192.00,181.21,171.82,155.54,144.25,134.54,123.07,109.55,96.05,83.22
84.90,95.71,105.55,114.76,126.13,135.77,148.12,166.59,174.29,188.81,195.00,206.70,214.60,218.34,227.30,238.35,248.07,256.60,264.32,266.90,276.31,286.53,295.85,304.64,308.57,315.32,318.45,315.01,309.20,309.42,302.19,292.23,280.17,277.91,270.95,261.01,251.10,243.00,233.24,227.26,220.98,209.06,201.56,191.53,183.37,164.35,153.57,141.42,130.60,116.73,103.47,88.05
70.29,79.06,88.02,96.38,104.89,116.47,125.32,142.70,150.75,162.01,167.29,178.49,188.31,193.07,201.84,209.26,219.92,227.27,236.38,238.91,248.16,255.70,265.20,272.53,275.08,280.03,283.30,279.03,275.31,275.52,266.31,256.75,248.13,246.40,238.44,230.72,220.06,213.93,205.35,200.03,193.35,185.30,176.08,165.30,160.73,142.89,135.34,123.76,115.38,104.04,90.80,78.64
73.05,82.02,90.62,99.09,109.18,120.35,130.23,147.19,155.64,169.31,175.73,186.30,196.16,200.64,210.86,219.10,228.78,238.10,244.10,248.47,256.91,266.06,276.68,282.60,287.00,290.02,295.67,288.78,285.94,284.04,275.73,266.03,256.64,254.33,244.40,236.77,228.37,220.47,212.53,206.53,199.08,191.32,182.43,171.97,167.20,150.05,140.77,129.50,121.20,108.30,93.98,82.81
81.91,92.62,102.90,113.76,124.33,134.63,145.58,164.98,176.00,186.57,193.44,205.60,214.11,218.19,226.11,237.70,247.41,258.71,264.60,270.13,279.51,285.57,297.59,301.42,308.29,311.01,317.77,307.53,304.87,302.87,299.06,285.03,272.42,269.70,259.62,253.31,241.81,232.86,225.81,220.68,212.76,202.77,196.01,185.31,180.00,158.45,150.16,138.16,128.32,117.24,101.49,88.32
79.16,89.45,97.51,109.29,119.63,132.26,142.13,158.69,168.58,177.79,188.07,197.88,206.79,212.93,221.85,228.89,238.89,247.46,255.12,259.08,269.12,277.65,286.57,291.89,296.12,296.74,302.08,299.13,296.08,290.34,284.96,274.85,263.10,256.89,249.16,242.04,233.65,226.01,216.00,211.15,204.00,196.96,185.40,177.92,170.36,152.86,146.82,134.41,123.04,111.79,98.99,87.32
79.56,90.80,99.73,108.98,121.33,132.54,144.55,159.79,169.00,180.47,189.42,198.44,207.06,216.16,222.65,232.23,241.00,248.42,255.00,261.08,271.03,279.51,286.64,293.29,299.51,301.48,301.76,296.45,293.55,288.52,284.26,271.67,261.00,253.36,246.68,240.60,232.74,223.08,214.97,207.74,200.68,194.06,181.18,174.18,168.11,152.43,145.06,132.26,120.51,110.48,98.41,84.77
77.08,89.32,97.05,108.26,117.59,131.32,140.06,159.81,169.96,180.40,187.56,199.90,207.52,214.55,223.99,231.72,240.60,251.24,257.63,263.18,272.04,281.11,288.20,292.62,298.72,300.05,302.48,297.64,296.38,291.04,285.97,273.66,261.49,259.34,247.12,239.95,232.83,225.08,217.35,208.06,201.68,194.01,184.02,175.57,170.00,153.08,147.51,135.52,123.20,111.43,101.91,87.93
82.97,91.02,90.97,104.55,121.66,127.63,146.35,160.03,172.05,182.43,193.05,202.07,210.61,219.13,225.62,234.34,242.62,250.80,260.55,266.07,276.26,284.89,293.21,297.00,302.95,305.03,306.27,299.66,297.64,292.44,286.78,275.11,265.73,259.48,250.93,242.64,234.44,227.18,219.17,210.42,202.77,196.47,184.61,177.69,172.54,154.64,148.76,137.00,124.17,113.28,103.85,89.64
78.24,89.74,98.66,110.11,123.17,132.83,144.81,167.82,176.15,187.11,195.69,207.80,215.94,223.19,230.36,238.47,248.13,258.02,268.16,270.41,278.31,285.22,296.24,298.77,301.48,307.00,309.13,300.76,297.17,298.08,289.94,278.21,265.71,262.24,253.16,245.12,235.59,225.80,217.41,212.71,205.65,194.26,185.54,176.24,170.75,153.81,147.05,135.53,122.54,113.23,100.81,87.64
75.21,86.61,96.88,106.74,119.81,131.73,141.57,161.42,172.20,181.20,189.68,200.36,208.69,215.08,225.27,231.32,240.84,250.59,257.51,263.34,269.00,277.19,282.71,287.77,291.32,295.11,294.53,289.79,288.72,283.49,278.40,267.04,256.86,249.90,241.55,234.00,226.72,217.85,210.12,202.74,196.66,187.66,177.07,170.52,165.02,150.42,143.01,132.10,117.92,109.14,97.08,85.00
79.06,91.26,100.90,113.28,124.91,138.29,148.76,166.34,178.00,186.66,197.25,208.41,214.69,223.06,230.21,238.73,245.49,255.43,260.40,266.92,271.02,280.24,284.54,292.10,297.90,297.07,296.23,291.39,289.01,282.57,279.96,266.66,253.34,247.93,238.47,232.00,226.52,219.43,209.88,203.06,196.33,189.41,176.18,170.60,164.03,147.80,143.28,131.47,119.55,109.00,99.05,86.33
75.66,87.09,99.02,108.91,121.66,134.73,145.11,166.68,179.03,189.23,200.01,209.02,219.80,225.23,232.33,242.62,248.70,261.62,267.07,274.12,279.38,287.25,294.53,297.25,303.80,308.33,310.74,299.24,299.28,294.44,289.46,278.51,267.94,263.75,252.60,243.88,238.30,230.85,222.51,212.55,208.60,198.44,191.21,183.39,176.78,160.59,151.20,141.66,130.92,122.07,108.47,94.73
75.00,88.41,100.34,108.90,121.75,134.27,147.00,166.21,175.31,185.40,193.83,205.55,213.60,218.66,225.29,234.68,241.35,251.62,259.27,262.91,264.20,271.62,281.49,284.94,287.70,292.14,295.79,283.62,281.64,279.96,274.36,263.21,253.13,251.87,241.12,233.44,225.57,218.93,211.55,208.69,200.94,192.94,185.54,176.67,172.20,160.05,151.54,139.52,130.65,121.81,109.90,98.23
70.18,80.45,89.82,99.64,113.74,125.21,135.59,153.84,164.79,175.69,186.39,193.96,202.87,211.08,215.87,225.98,232.17,243.24,248.21,254.89,260.51,267.26,275.20,280.52,283.56,286.51,290.70,283.51,279.69,276.38,273.77,264.33,253.03,249.80,243.46,235.17,230.22,223.40,216.61,210.54,203.09,199.06,189.51,181.57,176.03,164.47,161.21,148.31,140.13,129.87,118.11,106.63
64.62,74.41,82.86,94.54,106.37,117.18,129.40,147.96,159.39,170.43,180.55,187.45,199.38,206.48,213.25,225.64,229.80,238.08,245.90,253.58,257.58,270.11,275.41,282.09,286.82,289.56,293.64,290.50,288.53,282.21,279.46,270.80,260.32,259.05,250.20,243.81,238.20,230.49,227.13,219.05,214.25,207.27,200.24,191.59,190.34,178.10,170.50,159.00,150.53,139.40,127.88,115.95
58.46,68.01,79.08,89.82,101.83,112.29,126.73,145.17,154.54,168.68,177.20,186.57,200.04,205.91,214.62,224.72,233.52,244.07,252.46,256.60,264.70,277.01,286.50,295.63,300.41,304.84,309.59,306.44,305.04,302.39,298.24,288.18,277.11,276.49,268.60,261.17,255.03,249.20,243.07,238.89,233.98,222.14,216.06,207.15,202.23,189.76,179.39,168.07,159.70,146.86,135.20,121.81
163.25,181.10,191.31,205.92,217.57,228.56,237.93,246.26,251.02,255.16,253.40,255.42,259.74,257.57,252.98,257.62,254.96,253.87,252.34,252.45,242.74,243.30,243.07,241.30,237.69,234.56,222.93,214.89,210.00,201.20,196.82,185.65,175.11,169.50,161.70,155.76,151.08,145.50,139.18,131.87,129.10,124.48,115.28,113.64,107.12,98.35,92.61,85.09,78.19,70.77,65.55,57.08
168.67,189.45,202.41,216.11,228.78,242.40,249.57,259.49,262.61,266.33,270.51,272.20,275.14,271.06,267.46,272.24,268.16,269.36,266.58,265.66,255.18,256.63,254.17,250.50,246.34,245.20,234.05,223.49,218.33,210.30,201.66,193.78,180.45,175.65,168.96,162.79,156.89,150.42,145.80,139.71,137.19,128.02,123.23,118.41,114.53,106.53,96.77,90.45,84.91,77.67,72.37,63.32
163.67,182.32,193.37,209.10,222.03,233.91,241.91,250.41,255.37,258.31,264.04,263.60,267.53,264.05,261.09,263.50,260.53,259.54,257.39,255.15,246.29,248.24,245.10,242.71,240.57,236.58,226.77,217.75,211.63,203.27,194.88,186.20,174.90,169.14,165.20,158.39,155.35,149.34,143.57,136.88,133.84,127.42,119.82,115.00,114.59,105.12,99.02,92.91,84.72,78.75,73.76,64.08
160.11,177.81,192.60,208.33,218.60,232.11,243.01,254.61,259.56,263.40,264.71,267.81,273.27,271.23,269.67,270.42,272.09,270.91,273.75,266.59,258.81,262.19,259.62,257.94,254.92,251.10,242.26,231.26,225.22,217.51,205.50,198.09,184.74,181.95,173.46,167.43,162.74,157.28,151.35,145.83,142.97,134.95,132.23,127.78,122.64,112.22,105.11,98.08,92.91,86.40,74.43,67.12
160.43,177.72,192.08,206.81,221.05,234.00,247.95,256.10,265.01,267.01,270.78,273.19,275.81,274.85,275.86,273.89,277.72,276.00,279.37,271.19,267.22,269.31,265.82,263.40,263.60,260.46,248.28,240.01,231.04,223.99,214.11,206.79,191.76,188.02,180.28,172.20,166.82,160.37,155.08,150.69,147.03,139.60,134.85,127.39,123.45,111.87,106.10,98.33,93.41,85.70,75.00,68.62
151.16,169.53,181.84,198.93,209.48,224.66,233.45,245.12,250.19,253.67,257.29,262.99,265.52,264.00,264.97,267.37,266.74,269.23,267.11,265.68,261.44,262.23,261.17,259.11,255.99,251.51,240.74,234.03,231.22,218.52,214.03,203.77,188.90,181.22,173.22,167.48,163.08,156.85,152.03,142.62,138.80,137.97,127.94,123.56,118.27,112.00,104.20,97.50,88.28,81.39,76.49,66.60
145.73,163.69,176.14,189.42,203.10,214.98,225.46,240.63,243.29,245.45,250.22,253.73,257.03,256.60,256.94,261.64,261.71,260.99,265.23,258.52,254.75,259.14,253.49,254.07,252.11,246.13,238.42,228.88,223.50,212.57,205.06,195.90,179.36,179.48,169.00,161.48,155.43,148.41,144.68,141.06,136.06,127.78,122.64,117.65,114.35,103.79,98.60,91.53,86.33,81.10,74.22,65.00
145.43,163.77,176.56,189.50,203.04,217.00,224.32,238.66,242.67,246.60,250.83,255.37,260.34,259.95,258.03,265.04,262.73,263.77,267.51,265.32,260.97,263.94,259.02,260.25,259.33,254.01,246.25,236.62,232.09,219.24,215.10,206.32,191.94,187.22,177.01,168.43,167.17,158.65,156.89,148.12,143.66,139.52,131.70,128.14,123.76,114.86,111.32,102.59,93.91,87.05,83.57,73.06
134.85,151.33,161.38,173.46,185.97,197.23,206.00,217.22,223.16,224.98,230.77,232.62,237.70,236.03,237.04,241.50,240.57,244.10,244.35,241.63,237.99,239.44,239.84,238.52,237.59,232.56,222.89,217.19,209.25,201.65,194.83,186.55,174.90,168.50,163.60,156.60,152.27,145.28,143.78,135.96,132.28,127.05,121.33,116.48,113.00,105.02,99.61,95.29,87.11,80.32,76.42,68.88
155.96,174.32,188.45,202.16,215.11,227.78,237.55,253.60,257.11,258.71,264.27,268.66,272.24,270.80,270.47,273.76,275.84,277.72,280.85,275.07,269.54,270.75,270.02,266.05,263.79,259.73,251.62,241.68,232.61,224.90,214.76,208.06,192.51,188.38,180.94,171.64,165.22,156.35,153.76,151.95,146.03,137.57,134.18,130.27,125.87,113.11,108.85,103.28,96.61,90.14,81.44,73.76
150.28,168.11,183.85,195.88,210.24,222.99,233.63,242.33,247.95,250.80,255.35,259.94,261.63,260.82,261.43,263.49,266.15,265.20,269.61,264.07,259.27,261.62,260.46,260.55,255.23,250.00,245.28,235.48,226.93,219.49,211.75,203.59,191.97,183.66,175.05,168.55,164.40,157.27,153.77,146.99,143.56,137.77,129.45,125.78,121.81,110.17,106.83,99.76,92.76,85.99,77.70,71.22
144.25,162.78,173.97,186.25,197.31,209.65,218.59,230.59,235.48,236.71,241.66,245.59,247.95,246.34,247.11,249.55,250.71,253.95,254.00,250.46,245.54,246.34,246.34,246.74,243.28,242.59,235.02,224.14,218.52,211.15,203.15,195.94,184.17,178.68,173.07,163.89,157.58,150.92,148.76,144.85,139.81,130.60,126.65,121.50,116.30,106.08,100.65,92.91,89.81,83.19,73.11,65.79
152.07,170.74,184.40,196.12,208.14,220.87,229.80,242.40,245.57,249.82,250.32,258.59,260.32,259.28,256.47,263.84,262.01,266.54,266.53,265.23,261.08,261.69,260.50,259.03,256.07,256.32,246.78,237.29,232.11,224.08,214.76,210.10,194.55,188.86,181.54,170.88,166.40,159.46,155.47,150.08,143.69,136.17,132.01,125.64,121.84,109.48,104.04,96.61,90.14,83.05,74.85,66.60
142.27,158.76,168.08,181.18,193.05,205.68,213.95,222.91,229.22,233.38,237.95,238.29,243.00,243.46,245.80,248.48,250.70,253.16,252.58,253.31,250.60,254.23,252.04,253.16,253.03,249.44,242.71,234.04,226.32,220.51,213.85,203.87,193.01,184.10,176.82,169.07,163.25,158.86,152.95,146.33,139.81,136.82,126.19,120.20,116.42,107.71,103.08,96.19,86.83,81.27,74.63,66.49
148.49,167.36,177.10,191.17,204.83,217.22,226.29,235.85,242.17,244.08,250.30,254.44,255.82,256.69,257.24,260.23,263.03,264.28,267.60,264.07,261.40,264.62,262.61,261.52,260.02,256.46,248.81,241.88,236.33,225.04,217.79,211.10,195.00,188.06,179.01,171.45,166.30,158.62,155.05,146.77,140.43,137.87,129.32,124.02,120.50,110.02,106.89,99.02,89.01,83.67,79.20,70.09
64.56,74.17,76.06,83.45,92.57,98.99,103.58,114.59,121.24,128.27,138.18,144.09,151.74,156.58,164.92,171.05,177.72,187.22,195.53,201.16,211.27,221.82,229.63,239.45,246.45,249.10,260.72,260.19,260.00,261.09,258.87,256.35,255.84,251.62,245.96,240.20,238.47,232.07,227.90,222.90,215.87,212.43,203.92,196.54,193.89,181.07,174.00,163.11,150.55,141.01,131.18,117.00
141.79,160.03,170.89,182.78,196.51,211.27,220.41,233.27,236.10,241.92,247.61,249.06,254.70,256.50,258.49,263.01,264.91,268.97,268.60,270.02,267.09,271.16,271.15,271.09,270.66,269.88,258.09,254.34,249.88,238.80,231.86,224.44,208.47,201.69,192.00,183.85,180.68,172.54,169.05,160.38,154.15,150.95,141.77,135.00,131.03,123.60,116.81,110.82,102.77,95.69,88.84,78.92
73.36,79.63,84.40,90.70,98.47,106.04,111.16,117.41,125.42,131.58,139.01,144.37,150.60,158.67,165.64,171.84,179.64,187.00,192.33,196.41,205.79,216.34,222.42,230.87,236.58,240.47,250.27,249.10,250.45,251.05,249.39,249.10,247.41,247.50,242.12,240.63,234.80,230.36,228.19,225.01,221.37,214.96,208.87,200.44,196.54,187.61,179.81,171.75,159.66,147.63,135.34,124.78
66.76,72.67,81.02,86.98,91.01,97.53,103.77,114.49,121.60,126.48,135.07,142.64,147.90,153.03,158.98,163.69,171.40,179.03,184.91,187.88,196.50,207.46,210.24,217.28,227.30,231.39,241.90,240.63,243.35,239.91,241.58,241.21,238.80,238.10,236.64,232.50,229.97,223.49,223.68,221.62,216.62,210.01,204.12,198.04,195.39,185.33,179.27,168.68,157.55,145.77,134.65,124.56
60.44,67.19,75.24,81.34,86.35,93.56,99.14,112.49,120.93,126.70,132.64,141.69,146.86,151.17,158.93,165.00,173.93,179.49,186.47,189.23,197.94,208.41,211.45,219.42,227.02,235.08,246.22,242.86,245.86,243.59,246.91,242.87,242.57,241.75,242.01,237.40,234.18,228.18,228.72,226.32,224.27,215.26,209.57,205.62,200.14,190.65,181.20,171.17,161.06,150.45,139.01,125.60
122.38,137.88,148.41,160.64,173.79,186.59,198.04,204.09,208.81,212.93,214.55,217.15,221.42,221.47,223.56,227.11,228.28,232.46,234.96,235.19,236.56,241.67,242.00,246.47,247.73,243.76,239.74,235.99,233.55,224.36,220.38,210.22,201.94,200.34,192.44,186.25,183.86,178.40,175.35,170.50,166.77,163.89,156.92,151.63,147.87,144.25,139.13,130.65,122.41,114.02,107.04,98.73
132.02,147.33,161.32,171.13,185.17,195.15,205.06,215.59,221.92,225.79,230.20,232.77,236.14,237.95,240.35,246.56,249.10,250.45,255.16,255.97,254.70,262.19,261.01,263.47,266.26,264.01,261.27,255.05,250.73,242.72,239.17,230.26,221.06,216.37,207.47,202.78,200.12,196.66,192.35,186.53,180.69,176.69,169.45,162.81,160.38,154.16,149.40,142.59,131.32,125.25,115.49,104.24
129.36,144.09,155.63,168.51,178.84,190.39,199.60,208.08,215.02,218.39,223.89,225.94,229.39,232.59,233.59,239.60,240.10,245.29,250.28,250.77,253.95,258.02,258.10,262.24,265.45,263.15,261.70,255.55,252.30,243.02,240.71,232.13,222.06,219.82,210.28,206.90,204.44,196.70,195.01,185.99,185.85,179.45,170.75,164.88,161.45,154.43,149.41,139.84,128.55,121.24,113.44,103.73
129.25,146.01,154.67,166.17,175.11,187.72,196.33,204.71,209.54,211.29,218.04,222.28,223.49,224.29,227.14,233.38,237.00,240.78,243.61,243.76,246.89,250.46,254.33,256.56,260.84,258.43,253.57,245.90,241.36,238.00,233.86,224.16,213.19,213.78,207.29,201.72,197.73,192.72,187.80,182.99,182.82,175.93,167.80,164.76,158.47,151.43,142.58,135.96,127.35,119.97,109.17,97.08
131.03,147.25,158.09,170.30,177.73,190.97,197.22,208.87,213.04,215.98,221.44,224.50,228.97,229.60,230.43,236.37,239.15,242.16,245.01,245.80,247.31,251.35,250.68,252.00,252.62,251.70,249.11,238.56,232.36,226.99,223.89,216.00,205.41,203.48,196.82,190.19,186.07,180.03,180.32,173.33,171.11,164.14,158.62,153.84,152.21,140.86,136.42,128.02,119.10,109.99,104.81,93.94
126.14,140.89,152.90,163.27,172.05,182.00,190.79,201.22,204.08,208.48,210.15,214.95,217.70,217.22,221.78,224.89,228.54,230.27,235.00,231.32,230.72,237.29,233.93,236.75,237.47,235.85,230.67,222.27,216.67,211.01,203.81,200.03,187.76,187.96,181.22,170.91,168.08,165.22,162.35,159.23,155.42,149.25,144.42,141.03,136.03,126.15,120.81,113.60,108.21,101.77,93.01,82.64
126.56,143.28,153.71,162.27,172.65,183.71,191.66,201.53,205.39,209.40,212.71,216.67,219.21,217.46,222.00,224.96,227.30,229.11,234.41,231.46,233.99,236.02,236.81,238.30,238.35,238.95,227.85,220.03,215.56,209.75,201.96,196.03,186.97,184.02,179.32,168.93,166.64,159.70,158.91,156.31,150.84,145.00,141.77,136.47,132.20,123.76,117.69,110.29,104.69,100.80,91.59,83.02
128.50,145.00,154.26,164.07,176.50,185.40,192.66,203.33,205.20,212.51,216.37,218.15,221.38,223.40,225.29,228.32,231.08,231.90,238.54,235.10,235.79,240.03,239.73,240.17,238.73,234.80,231.53,223.60,218.00,208.46,201.49,196.33,183.15,181.14,175.93,166.97,162.56,157.38,155.87,151.24,147.00,143.57,138.45,133.45,131.24,122.41,117.61,112.68,105.72,98.48,92.91,84.05
131.47,147.79,155.86,168.15,180.89,193.35,201.72,212.04,215.23,220.74,225.18,228.24,231.37,234.20,237.80,241.21,244.18,249.51,250.88,251.88,250.20,253.95,254.33,256.46,258.55,257.38,244.84,239.87,236.28,225.30,220.06,213.15,201.56,197.40,188.18,181.57,179.07,174.56,171.82,167.20,162.20,157.20,153.26,146.49,143.42,136.17,129.31,122.12,115.00,108.72,102.77,91.22
125.59,145.04,152.20,164.20,176.46,186.81,196.22,206.34,213.77,218.50,221.37,226.74,228.71,232.65,235.47,240.30,240.69,247.59,248.97,252.74,251.64,257.02,255.86,257.94,257.38,256.46,248.09,243.82,240.42,228.98,222.45,216.92,207.25,203.59,195.13,189.00,183.14,177.79,177.34,169.16,163.99,162.39,156.67,151.35,147.65,139.45,133.26,126.82,118.30,112.29,102.86,94.26
107.52,121.46,130.03,141.85,150.70,163.62,170.00,181.47,184.94,191.05,195.16,198.46,199.81,205.94,208.29,212.51,215.80,220.41,221.05,223.02,224.80,231.68,231.89,234.05,232.22,231.46,228.71,221.90,217.59,209.54,203.19,197.88,187.41,183.87,178.47,170.16,165.56,162.83,159.11,154.30,150.21,144.37,140.80,137.13,133.46,125.25,121.17,112.77,104.58,99.33,92.70,83.77
115.49,131.55,143.89,153.91,162.79,176.82,183.93,196.38,201.11,207.54,209.97,215.76,217.41,220.64,222.27,225.85,232.04,237.93,240.14,238.55,241.98,246.06,249.06,252.05,251.18,251.79,248.26,238.95,233.08,227.56,217.64,210.95,201.52,199.36,192.23,185.53,177.08,173.64,170.29,166.94,164.44,155.50,152.55,148.22,143.59,132.61,127.40,118.53,112.45,109.11,97.00,86.93
115.26,129.65,143.68,154.35,163.78,175.23,183.00,196.03,199.18,205.45,208.17,213.94,217.22,218.93,220.44,225.89,228.76,234.62,239.25,236.48,237.72,247.07,244.08,248.58,247.03,246.66,245.80,236.24,233.00,224.24,217.04,213.83,203.16,199.04,194.99,187.10,180.95,178.23,173.92,171.42,166.96,162.86,158.26,154.12,149.84,139.46,134.13,125.00,118.11,111.49,101.00,91.79
109.66,124.06,131.32,141.77,151.24,162.63,171.64,180.42,184.71,191.06,193.83,197.22,200.84,205.43,206.53,210.29,214.89,219.61,223.40,225.08,225.61,233.53,233.36,239.03,238.87,242.83,232.00,229.02,226.76,217.23,213.48,209.25,198.56,195.97,188.41,183.17,180.06,175.87,171.75,169.01,164.28,160.59,153.26,150.08,143.68,135.59,129.07,119.62,113.11,106.61,96.54,85.43
110.11,124.35,133.45,142.72,152.80,163.37,170.29,180.34,184.72,188.16,193.76,196.47,198.71,202.63,203.94,209.89,215.15,217.89,223.43,224.44,227.56,232.44,234.67,235.49,240.61,240.52,229.58,227.67,224.19,217.80,211.34,208.73,201.01,197.01,191.04,188.05,183.08,180.16,176.88,176.14,169.85,166.88,161.94,156.08,152.59,145.41,139.30,127.91,120.70,112.79,102.00,93.30
113.00,130.17,136.48,147.71,156.42,168.72,174.23,185.22,187.52,194.44,199.44,202.74,205.09,211.12,212.45,218.82,223.95,227.88,232.66,235.93,239.27,247.10,251.45,252.42,252.72,253.31,252.51,248.28,242.12,234.92,231.04,225.00,218.33,213.22,207.52,201.25,196.73,193.98,190.79,184.62,181.00,176.15,169.20,162.73,159.25,150.81,141.66,132.65,123.37,114.00,107.70,94.05
106.79,119.22,128.00,134.97,146.01,157.41,161.11,170.70,177.41,180.10,185.15,189.64,189.24,194.88,199.84,202.43,207.94,211.51,216.23,217.44,221.45,229.98,230.22,232.33,236.24,235.47,224.63,222.71,220.62,211.14,206.40,200.04,191.80,188.68,184.10,179.03,175.80,172.28,170.60,167.30,164.54,160.78,154.43,151.75,147.87,140.09,135.06,126.48,119.41,112.04,105.00,94.89
98.41,109.64,117.44,125.78,133.36,145.34,150.88,159.70,164.40,166.97,171.96,175.29,174.55,181.57,184.02,189.28,193.31,198.04,202.20,203.67,208.00,214.76,214.15,217.87,221.45,221.44,212.14,209.34,207.86,201.00,195.35,189.24,181.57,181.66,175.65,169.52,166.90,163.86,161.83,159.71,157.31,153.06,148.19,145.78,141.60,133.79,127.48,119.94,114.00,107.07,97.35,90.43
100.69,114.93,121.81,131.49,140.36,149.05,155.86,165.68,168.86,174.65,179.72,181.69,185.69,191.13,193.17,197.44,203.32,205.65,212.08,214.03,217.68,223.52,227.63,231.66,230.16,232.12,227.48,225.34,217.33,211.80,208.94,201.41,192.21,188.22,184.20,176.82,173.00,169.01,166.09,163.64,158.52,154.73,149.34,146.25,142.04,133.90,129.02,121.49,115.62,106.55,98.51,89.19
98.18,112.16,120.21,129.76,139.03,147.28,155.33,166.37,170.53,175.96,180.62,186.51,188.06,192.57,195.36,201.49,203.49,208.72,215.52,214.56,220.29,222.15,229.99,231.26,234.20,232.64,229.11,222.30,215.20,211.00,206.20,197.57,187.76,184.53,179.94,170.42,168.36,165.52,162.01,158.75,154.84,152.20,146.41,140.03,138.52,131.83,126.92,119.34,114.93,107.49,97.86,90.05
107.42,121.51,126.81,139.18,151.00,160.78,168.32,177.91,184.09,187.21,195.69,197.95,202.12,205.88,209.70,217.04,219.24,222.61,225.74,231.50,232.50,238.54,239.68,244.17,242.40,239.21,240.14,233.02,222.25,217.46,216.49,204.84,194.37,188.47,181.11,176.18,173.14,168.34,166.87,157.31,157.41,151.65,145.77,143.78,139.09,132.32,128.02,119.24,114.98,107.79,101.91,91.55
109.46,121.66,134.47,145.23,156.26,166.64,173.62,185.52,193.66,198.49,204.95,210.72,215.72,216.84,221.11,228.96,232.42,240.26,242.44,246.60,251.18,255.05,256.63,254.62,262.76,259.11,255.83,242.80,237.32,227.61,220.64,215.26,201.82,198.39,191.85,183.98,176.71,174.64,170.65,163.98,160.80,154.21,151.21,146.66,144.51,138.09,130.97,125.20,118.07,114.59,102.04,95.19
96.25,111.49,120.62,131.94,142.58,153.94,160.70,175.11,182.86,189.75,201.25,204.36,211.63,217.51,219.99,228.72,231.85,237.77,244.77,247.20,254.56,258.71,261.69,264.39,268.64,266.18,260.93,254.40,250.57,241.36,237.03,226.59,215.72,208.63,204.16,197.27,192.09,188.16,182.04,173.08,172.74,165.53,157.28,150.66,147.28,138.00,132.52,125.54,116.02,107.71,102.18,92.80
95.57,108.37,118.70,128.19,136.56,150.80,156.95,171.71,180.31,188.73,195.03,201.46,210.30,214.22,222.25,231.61,234.47,242.66,246.68,249.47,250.38,256.53,254.33,255.52,252.07,255.15,253.81,244.86,241.21,232.94,227.04,220.57,207.56,205.60,201.00,191.23,185.15,180.10,177.88,170.21,166.43,160.73,154.90,148.77,145.06,135.95,129.25,121.26,113.65,107.48,99.37,89.36
91.27,108.34,118.11,129.36,137.44,150.73,153.64,169.00,177.55,183.63,193.71,200.82,208.48,210.84,221.46,230.53,236.36,245.82,253.93,258.31,256.78,262.69,262.99,267.52,264.09,266.55,261.18,251.25,248.62,242.00,236.89,227.88,217.72,209.98,207.00,202.07,195.04,190.10,185.85,178.34,174.38,168.67,162.96,156.46,152.20,139.45,133.26,124.02,116.09,110.45,101.21,89.63
105.91,112.61,119.57,122.49,126.21,129.88,128.47,126.25,123.07,122.59,124.62,120.22,119.10,120.67,115.11,116.73,114.86,113.15,117.69,113.16,129.97,137.32,145.01,156.31,161.31,167.57,189.79,192.44,189.21,193.96,193.65,194.26,192.42,194.03,188.94,185.81,184.45,177.88,174.13,170.00,165.98,162.48,154.62,151.03,147.08,137.12,131.06,122.35,115.38,107.91,97.08,85.44
108.24,116.07,120.54,125.87,127.81,132.02,132.82,128.41,126.53,126.04,128.44,123.42,123.33,125.80,121.82,121.41,120.50,118.51,123.79,117.60,133.66,140.16,147.12,159.03,162.37,173.14,195.33,199.42,198.04,201.76,204.09,204.47,204.79,204.75,202.24,200.96,197.74,195.78,193.26,187.56,184.20,181.80,172.24,168.72,166.58,157.80,151.40,142.23,133.42,123.08,115.26,102.90
101.24,109.46,114.61,119.63,123.49,128.76,131.05,133.30,132.02,136.33,138.22,138.11,140.13,142.17,146.03,144.92,146.37,147.11,148.19,145.80,151.33,157.17,165.86,172.35,179.43,187.95,203.27,205.87,209.06,211.00,213.24,215.08,215.73,215.00,210.30,207.56,208.20,207.50,202.94,199.48,197.44,194.24,187.10,181.20,178.66,171.47,163.57,156.47,148.19,136.78,126.65,113.45
95.52,102.59,107.87,110.54,113.85,118.12,121.05,120.54,119.47,119.60,123.71,125.16,122.98,126.06,127.58,126.85,131.03,132.25,134.01,142.39,155.00,159.45,170.95,183.52,196.88,208.69,219.54,227.13,233.81,236.07,235.64,237.26,240.19,242.10,242.17,238.00,237.08,233.73,232.36,232.69,226.18,226.02,218.22,213.00,210.05,199.02,191.63,182.48,173.12,159.97,149.22,133.42
80.52,89.11,91.92,98.08,100.24,103.02,104.36,107.45,107.91,109.37,111.57,110.94,113.17,115.76,116.91,117.00,122.48,125.67,126.66,130.87,137.09,144.78,161.70,172.05,183.00,192.67,212.71,211.09,213.80,222.16,221.21,224.02,227.74,227.41,229.73,223.62,221.58,219.10,218.32,213.18,209.47,204.71,198.18,195.00,190.91,180.10,174.57,164.15,154.18,144.53,131.61,118.23
80.22,90.82,93.72,100.24,102.08,106.40,109.34,113.76,114.16,114.83,115.42,116.83,119.27,121.41,123.36,123.89,128.89,133.70,133.33,138.60,143.68,152.50,167.11,175.55,184.72,192.11,211.51,209.01,212.41,218.55,219.06,220.88,221.63,223.43,223.18,220.60,217.19,213.04,211.97,209.12,204.40,199.61,195.06,188.16,185.22,172.35,167.30,157.04,148.19,139.03,126.66,112.87
88.46,98.98,102.70,108.71,117.80,123.65,125.10,130.38,134.24,141.23,146.33,149.83,152.76,161.01,167.04,171.69,176.28,183.86,188.92,195.11,205.92,211.09,219.21,229.09,239.07,241.07,244.23,247.07,248.05,246.48,246.17,242.21,241.46,236.21,235.60,231.02,229.17,224.35,220.10,212.95,210.72,206.74,198.65,191.38,186.21,175.33,167.49,159.20,146.18,137.77,125.87,111.20
98.41,108.52,114.13,124.26,131.75,139.46,143.54,148.52,151.61,158.40,165.22,170.66,174.41,180.01,187.72,192.01,197.41,205.15,210.02,213.36,221.58,230.34,234.96,240.21,245.72,247.10,251.85,249.69,250.80,247.41,246.25,240.03,238.56,235.94,234.08,229.40,224.59,220.22,215.62,210.61,206.55,204.45,191.94,188.73,182.58,172.61,166.21,155.72,145.41,134.18,124.91,109.84
107.67,119.44,125.90,134.72,140.92,149.12,152.43,160.53,161.55,168.24,175.03,180.23,182.78,188.66,190.43,198.40,202.68,209.07,211.34,215.82,222.43,229.44,231.54,237.45,238.72,241.66,244.14,245.73,243.88,241.12,239.62,234.34,230.18,231.31,225.20,221.45,215.52,211.36,208.81,206.20,198.48,194.65,189.76,180.85,175.16,164.78,158.03,151.03,140.09,130.60,119.07,106.28
108.19,116.87,135.00,133.54,140.12,148.53,150.21,157.10,159.45,163.62,169.96,173.00,173.28,179.63,178.53,187.32,188.96,195.17,197.80,198.40,203.09,207.48,212.85,214.20,215.37,218.10,221.10,218.98,215.42,214.60,217.19,213.27,210.30,208.28,204.60,201.79,197.43,193.00,190.69,186.94,185.59,178.28,175.31,166.83,163.27,154.18,149.41,140.93,131.91,122.20,113.60,101.32
116.61,125.63,131.69,137.93,144.69,151.16,155.21,158.81,160.11,162.87,168.02,172.28,173.33,178.87,180.07,186.94,188.52,192.40,195.45,197.84,203.90,207.64,210.34,214.44,219.15,218.69,219.60,224.83,225.00,221.62,224.56,225.51,226.74,224.75,224.08,223.22,221.73,216.62,216.97,215.01,211.97,209.70,206.93,197.49,199.81,189.86,184.50,177.34,164.01,153.06,147.32,132.38
94.54,102.08,107.19,113.14,118.13,122.59,124.62,128.32,127.58,130.97,136.69,138.08,140.80,145.91,146.58,151.60,155.54,159.53,162.31,164.30,167.97,173.83,176.24,182.26,182.04,183.63,191.85,198.16,199.68,197.25,198.80,198.60,200.42,201.11,200.25,197.59,196.76,192.59,193.94,191.11,190.66,188.57,184.35,176.88,176.69,169.01,164.71,157.14,147.33,137.09,128.16,116.73
93.23,101.24,109.12,115.75,117.34,122.26,124.39,130.61,133.22,135.82,137.91,142.64,144.31,151.12,152.20,155.90,164.03,167.30,169.01,171.84,177.05,181.12,185.72,188.38,190.52,195.62,205.52,209.50,212.25,213.06,212.90,214.52,216.39,220.91,220.23,217.86,216.91,211.59,212.25,215.82,213.36,209.15,206.00,198.64,197.95,188.94,182.63,175.42,164.64,153.44,143.57,129.45
83.73,89.49,96.43,101.97,107.47,113.05,117.20,120.54,122.59,126.12,131.52,138.22,141.03,146.76,150.23,155.22,161.55,167.43,173.44,179.01,188.31,195.76,200.82,212.04,217.86,220.59,228.90,229.90,230.47,225.94,229.06,224.29,223.19,222.69,218.29,217.25,215.35,210.02,209.15,206.41,204.79,198.12,194.74,188.15,184.62,178.63,169.96,163.13,151.65,141.15,130.08,118.85
104.20,113.04,118.60,128.32,135.12,143.40,148.28,158.80,162.34,171.14,174.72,180.31,187.04,194.16,200.04,206.40,212.85,220.78,226.42,232.42,240.63,248.46,253.55,261.63,269.62,271.15,273.47,271.16,272.21,266.25,267.15,258.80,257.66,253.93,249.72,247.59,241.70,236.16,235.52,231.71,228.02,222.27,216.60,210.79,204.31,198.30,190.69,179.39,166.74,153.77,141.65,128.83
101.07,110.89,120.54,124.78,130.86,137.00,141.76,147.65,147.79,152.61,157.62,161.53,163.64,168.83,173.46,176.28,181.20,189.34,193.33,194.99,201.36,206.20,210.98,216.84,222.41,227.48,229.11,227.20,226.55,221.01,220.84,216.79,214.57,214.29,210.07,206.63,204.07,200.41,199.02,196.62,193.26,185.97,181.42,175.87,171.64,166.11,158.23,149.97,140.77,131.00,119.51,109.04
111.61,122.02,132.91,139.53,141.17,149.35,150.70,155.39,157.19,158.40,160.70,165.53,164.61,167.76,166.90,168.62,175.09,178.37,179.33,177.55,179.27,177.05,182.01,182.57,184.02,188.18,189.87,186.75,193.58,193.04,195.36,192.04,194.74,197.59,195.80,195.13,193.20,190.60,189.28,191.02,189.68,186.17,182.58,177.00,173.35,170.18,164.48,156.20,150.00,139.79,127.66,116.38
109.88,118.56,126.46,133.30,135.12,141.61,143.10,145.77,147.80,147.80,150.96,149.37,151.49,151.71,154.12,153.44,154.77,155.00,156.24,156.00,154.02,152.23,148.95,148.22,146.33,145.12,148.33,161.00,167.76,170.86,175.70,182.16,192.38,194.99,193.75,196.40,195.66,195.25,195.06,195.06,194.28,193.75,188.77,185.15,184.38,179.85,175.64,165.75,158.71,149.22,138.96,127.42
103.17,112.68,119.04,122.80,124.20,126.49,127.32,130.82,133.45,132.06,131.73,130.54,128.86,128.72,133.42,136.72,133.18,138.65,140.73,139.28,138.01,136.56,134.62,129.40,134.42,136.56,149.93,161.82,170.95,175.57,183.10,189.91,197.31,200.03,199.02,204.30,200.38,198.11,200.82,200.73,200.32,198.50,195.13,187.38,187.88,182.73,177.14,170.07,158.80,149.33,141.88,128.14
99.02,106.89,113.36,117.00,118.34,120.31,123.69,120.11,121.82,117.95,117.00,118.27,118.00,116.50,116.42,120.07,119.54,124.28,125.10,126.81,126.32,127.20,123.71,136.53,170.24,187.17,182.43,191.54,201.63,205.80,207.40,207.78,210.84,213.82,213.84,210.32,209.70,208.83,206.50,206.20,206.31,203.73,198.57,193.37,191.21,184.02,177.39,169.78,160.60,151.33,141.17,125.54
89.55,94.19,101.24,101.14,100.65,104.69,100.22,96.43,98.62,97.19,95.57,95.41,98.86,100.09,101.12,106.90,110.44,114.28,119.22,119.07,128.86,130.80,134.36,137.93,138.13,162.46,204.40,207.04,206.24,204.41,205.50,203.91,207.28,207.41,205.10,202.24,199.02,195.03,194.10,194.25,193.31,188.09,183.00,176.88,175.55,167.51,159.24,151.49,143.14,132.37,124.85,111.51
92.10,100.40,105.00,108.07,107.70,109.84,110.75,109.00,110.44,112.00,112.41,116.09,122.20,124.42,125.88,132.31,141.48,148.41,155.24,159.81,176.05,185.69,190.38,199.90,208.59,227.02,240.01,236.54,236.02,232.33,231.31,223.47,222.73,222.70,220.41,216.26,211.83,206.87,203.18,204.38,200.83,190.92,189.26,181.84,178.10,168.00,160.11,152.11,143.60,133.18,121.63,110.31
97.67,105.12,111.02,112.29,114.13,118.70,120.10,118.00,119.97,121.02,126.59,128.13,133.20,136.00,140.46,145.23,152.40,160.08,168.63,173.83,187.42,199.27,206.55,218.36,228.21,244.62,253.49,250.49,250.00,246.61,240.87,234.20,229.45,227.72,226.00,215.73,212.12,208.24,204.48,203.21,199.32,192.21,188.48,179.64,174.64,165.56,156.42,146.40,138.75,127.01,116.11,104.29
96.57,104.24,108.56,110.68,109.04,113.16,114.91,109.73,111.07,111.62,114.69,113.53,115.32,117.52,120.42,123.91,131.55,132.19,139.23,145.96,154.16,160.73,159.66,168.58,192.17,200.82,211.40,217.72,227.34,229.68,220.66,217.88,217.41,211.29,209.95,203.38,200.69,195.21,191.88,189.79,184.30,180.85,175.41,169.66,164.60,153.38,148.00,138.32,129.56,118.53,110.89,99.04
117.20,126.73,130.97,136.18,138.64,146.41,149.49,148.76,148.22,152.20,154.33,154.03,158.45,160.08,162.80,169.25,175.23,182.39,186.68,193.77,201.85,213.19,225.28,233.55,243.29,255.86,252.96,247.49,241.23,236.12,229.51,220.48,214.95,211.75,204.48,199.08,195.13,188.90,185.07,184.17,180.71,174.64,168.12,162.52,158.53,150.81,143.18,135.34,127.12,115.94,109.00,97.49
119.55,130.70,136.82,144.14,148.34,153.79,154.87,160.05,161.19,162.73,165.11,167.67,167.72,170.41,170.67,176.74,181.03,185.92,191.82,195.13,202.78,208.74,211.54,217.39,230.11,242.74,252.45,245.46,236.86,228.45,223.71,211.40,206.02,202.71,197.31,191.80,184.76,179.20,176.57,175.15,174.47,166.07,164.44,157.26,153.45,144.90,140.23,132.82,125.88,116.66,105.76,97.31
135.07,145.66,150.76,161.01,167.76,176.28,182.07,183.85,186.63,191.00,193.16,198.76,199.97,204.30,205.87,212.51,218.44,225.28,228.06,232.20,235.54,242.22,245.73,249.90,254.02,260.32,259.33,257.49,251.88,249.69,247.30,236.89,231.08,227.43,223.33,220.04,213.60,208.81,202.71,202.92,199.83,194.54,189.01,185.92,180.35,175.41,167.76,161.61,150.28,139.32,131.04,118.46
114.79,125.16,128.39,137.46,143.67,149.25,151.33,154.63,157.44,161.37,163.32,167.41,169.45,173.44,173.67,181.40,186.25,192.84,195.14,199.48,207.51,213.69,220.41,227.19,233.05,240.71,252.41,255.99,251.10,250.06,245.17,239.95,235.47,231.39,229.01,226.38,219.21,214.28,211.46,210.62,207.17,202.11,195.02,191.43,187.32,182.43,175.57,167.76,155.21,144.51,135.24,124.81
95.43,106.53,109.93,116.97,122.41,128.06,131.95,138.83,142.90,146.29,150.85,153.29,158.22,160.07,164.75,169.25,173.42,179.20,183.85,188.41,195.24,200.74,204.01,212.08,215.68,220.34,231.22,232.85,231.80,235.00,233.99,228.40,230.11,232.76,229.73,225.40,223.38,219.15,216.09,211.54,210.29,205.77,200.86,194.08,191.09,182.73,175.35,166.31,154.63,143.56,131.38,120.42
92.44,100.00,107.90,113.70,116.46,121.50,124.54,133.00,132.74,140.25,139.06,147.00,151.33,152.74,156.42,164.56,169.03,180.69,185.24,188.52,204.83,213.32,219.54,231.04,238.45,244.73,248.13,246.81,248.49,240.39,238.35,235.13,230.18,229.60,223.00,216.93,211.90,207.02,205.27,200.64,200.00,187.52,186.00,179.63,174.81,165.68,154.83,146.26,138.03,128.88,115.16,106.02
109.93,120.21,127.20,135.87,140.47,144.89,147.26,152.87,156.47,157.46,164.69,166.21,167.72,167.73,175.58,176.71,181.89,186.98,190.28,195.14,199.42,203.48,209.85,213.46,219.15,225.26,231.11,230.90,231.60,231.31,228.63,225.08,220.68,214.39,207.87,207.62,200.81,197.23,193.41,188.66,184.17,179.36,174.00,169.07,163.08,154.95,148.39,139.59,130.75,122.07,112.54,102.96
116.46,126.59,134.20,148.22,150.10,155.04,157.69,160.86,163.93,165.42,171.42,173.67,172.47,174.04,179.03,182.46,187.32,192.08,195.72,196.16,205.07,207.97,215.54,215.70,222.17,232.08,238.82,235.76,237.02,237.30,232.47,229.98,223.14,223.62,217.67,211.81,206.49,201.79,198.31,198.16,191.71,183.85,181.25,176.34,169.81,160.10,153.21,145.03,138.60,127.14,117.10,108.45
115.42,128.44,135.13,142.39,147.63,153.39,157.97,160.12,162.44,166.65,166.60,169.96,171.29,176.51,177.80,183.36,191.26,196.06,200.56,200.37,211.01,217.41,222.83,231.70,238.80,244.03,250.46,246.98,250.44,246.59,242.10,235.49,231.16,226.98,223.43,217.52,211.65,204.01,203.30,202.67,199.46,189.02,184.39,179.69,173.35,163.25,157.43,148.27,139.62,128.06,119.36,109.08
115.68,129.76,134.48,140.04,147.05,152.55,156.28,156.47,157.69,161.38,163.05,165.25,165.10,173.67,174.64,180.89,186.32,192.92,196.66,199.85,208.46,217.50,221.38,229.43,239.40,246.40,253.34,251.18,254.89,250.93,249.03,241.99,237.69,231.21,226.99,223.90,219.15,212.70,212.44,207.87,204.98,197.57,191.43,187.18,182.19,174.47,168.43,157.89,148.50,138.51,129.26,116.61
108.25,116.69,124.62,131.49,136.69,142.14,144.52,151.61,153.39,158.43,159.67,165.48,172.65,173.49,176.64,182.70,190.22,198.93,203.44,206.35,220.19,226.55,235.60,240.38,247.32,255.05,259.56,256.98,256.74,253.45,250.70,243.48,238.20,236.24,233.85,227.32,223.65,217.34,216.33,214.23,212.00,202.18,200.50,193.75,190.18,179.48,173.37,163.44,156.19,142.13,133.72,120.43
103.12,113.22,118.00,125.90,133.60,139.20,143.84,148.72,152.12,157.20,165.19,169.73,173.57,177.26,182.72,191.23,197.96,206.87,211.88,215.28,225.89,233.11,240.61,246.84,252.00,255.95,257.16,257.86,256.83,249.34,245.70,239.77,232.18,230.00,225.04,222.45,216.52,211.47,207.62,201.81,201.68,197.09,190.69,182.00,179.61,172.20,163.02,154.78,145.60,133.30,123.00,113.60
114.61,124.26,132.38,140.04,148.22,154.80,156.85,168.66,169.14,173.28,177.34,184.98,190.08,195.21,200.35,206.65,208.63,220.19,226.63,230.32,237.54,244.56,250.35,256.40,260.19,266.33,267.19,263.05,261.49,254.91,248.57,242.66,233.63,232.96,226.35,220.73,215.87,207.87,205.77,200.42,196.66,189.71,183.15,175.90,169.78,161.38,152.96,143.40,136.82,126.59,112.33,104.45
109.14,120.28,125.54,132.52,139.79,142.17,145.42,149.21,151.92,156.05,160.22,163.69,168.24,173.49,177.99,186.17,190.52,200.32,207.39,214.44,226.99,236.61,244.08,251.06,261.86,265.65,269.86,269.76,264.43,257.16,253.92,246.15,238.38,233.99,228.43,221.55,214.72,211.27,205.77,199.25,196.89,190.00,183.37,176.82,171.48,162.05,154.83,145.12,135.52,122.41,117.61,104.79
111.04,121.31,124.02,131.46,135.77,139.34,141.38,145.44,149.26,152.19,155.54,159.40,164.84,170.99,176.32,184.45,189.79,200.21,208.81,217.41,233.04,244.52,251.25,260.89,274.87,280.71,284.34,285.11,281.19,275.23,271.67,264.92,256.63,250.28,246.15,239.01,229.46,225.20,222.14,215.13,211.81,201.64,195.73,190.85,183.37,175.05,166.96,155.98,144.10,133.00,125.88,113.51
115.11,126.40,134.33,137.93,140.41,147.14,149.00,150.36,150.60,155.98,158.47,169.78,176.23,186.17,192.20,207.19,216.31,231.84,236.32,246.13,257.39,267.09,270.73,273.84,280.03,284.45,278.36,268.60,268.25,261.22,254.43,248.21,239.01,235.59,232.00,225.58,219.67,210.54,209.31,202.71,201.06,192.42,186.01,180.27,174.00,165.56,156.24,147.14,140.00,130.25,120.95,110.16
123.69,137.03,144.53,154.63,163.05,172.59,177.63,187.60,190.19,195.17,202.41,210.19,214.66,220.86,222.99,230.59,237.19,242.80,247.95,250.71,255.28,262.41,266.73,267.93,271.15,272.39,269.43,264.85,262.07,254.35,251.46,245.42,237.23,231.87,224.29,218.96,216.54,208.39,208.24,202.65,198.83,191.23,181.42,178.66,173.63,165.02,158.60,152.59,142.30,131.59,123.22,113.89
116.43,127.53,138.19,146.29,152.07,158.69,163.78,171.40,173.57,176.28,180.01,188.16,190.97,192.42,194.44,201.70,207.42,211.68,216.95,217.12,223.86,229.34,235.77,237.74,239.85,243.97,246.01,236.03,233.50,229.84,227.34,222.20,216.02,214.23,211.15,204.45,198.08,193.02,190.31,188.53,186.32,179.01,171.27,166.98,163.42,155.42,148.00,141.33,134.40,125.60,115.32,105.76
126.19,137.44,144.81,152.80,162.27,166.94,170.85,175.32,175.93,177.20,184.11,184.39,186.07,193.26,194.74,201.46,206.40,208.75,212.80,219.66,226.32,232.71,238.73,240.65,249.80,253.40,263.62,264.62,264.37,259.45,259.31,255.23,249.28,246.14,242.54,236.58,232.76,225.97,224.36,220.47,214.34,210.23,198.82,196.21,191.05,181.65,173.57,162.74,153.29,141.60,132.50,119.24
111.87,122.16,127.19,137.27,146.03,153.65,156.95,164.92,168.01,172.19,177.89,183.70,186.46,192.72,197.47,200.20,210.00,215.13,217.45,222.03,229.11,237.39,240.16,246.09,252.23,256.63,260.95,262.38,259.33,256.13,253.24,252.06,249.29,249.56,245.46,242.99,237.76,231.14,230.00,224.18,217.72,213.34,204.36,199.20,193.13,181.40,173.66,162.20,148.65,137.89,128.55,115.00
108.26,119.54,125.43,134.37,139.70,148.50,150.70,159.52,166.54,168.72,174.04,183.81,184.46,190.07,194.16,198.24,204.08,211.52,214.46,219.83,231.02,235.72,238.41,246.00,250.39,250.57,260.50,258.68,258.28,254.37,253.67,249.26,244.71,241.98,236.04,233.08,226.93,220.74,217.35,212.20,205.08,198.54,191.17,183.38,178.51,166.01,156.54,146.37,135.96,128.89,115.94,104.56
96.46,105.38,112.89,121.80,127.57,132.50,138.77,145.34,150.84,153.15,160.56,166.97,170.77,174.81,180.09,182.78,188.57,194.65,201.21,205.88,212.32,218.52,224.56,229.37,233.12,236.21,245.28,242.79,240.42,236.35,235.75,233.63,229.89,227.09,223.06,217.31,215.11,210.05,205.55,201.63,195.88,189.55,184.74,178.19,172.00,157.62,149.88,139.31,129.81,122.64,109.62,98.41
99.32,108.07,116.28,126.04,129.76,138.92,141.74,150.63,155.72,161.98,163.08,173.98,175.93,182.48,185.07,192.33,196.50,207.10,210.89,216.18,223.93,231.14,236.18,240.71,248.39,252.41,257.61,256.72,260.16,254.61,255.39,251.53,248.03,245.25,241.21,238.01,234.36,226.37,221.62,219.80,214.08,205.30,198.49,192.51,184.88,171.48,161.94,151.48,140.62,129.71,119.85,106.07
100.24,113.14,119.22,126.48,133.09,138.81,143.75,151.16,154.49,159.05,162.19,171.68,174.18,179.29,183.31,188.66,199.90,206.18,209.54,215.57,224.15,234.05,243.33,249.30,257.30,264.07,273.66,267.08,268.02,269.32,266.60,259.65,255.16,251.80,246.29,240.63,234.58,227.31,223.29,218.49,211.94,202.23,192.85,184.02,178.73,163.32,155.97,143.60,135.03,123.57,113.23,99.46
105.55,118.00,124.48,130.23,135.98,145.58,145.01,150.87,154.64,159.66,167.17,172.17,175.00,180.87,185.46,191.41,199.83,208.10,213.33,219.11,230.05,240.60,250.51,255.92,261.77,269.82,278.63,271.45,272.17,270.83,268.02,262.94,256.04,250.83,244.24,239.74,230.79,222.52,218.80,212.00,206.01,195.56,186.13,179.05,173.68,159.39,152.32,141.48,131.40,121.75,113.45,99.40
104.14,112.70,116.97,120.62,128.50,132.28,135.86,148.69,149.68,150.78,160.01,162.23,166.82,173.42,179.48,186.27,191.08,199.36,205.80,210.04,222.97,231.35,239.03,243.12,250.12,258.21,264.83,261.48,259.36,256.68,252.58,245.67,237.26,231.95,225.30,217.28,213.81,204.45,198.52,192.04,187.22,180.92,170.18,165.56,158.07,147.27,139.84,132.38,122.54,114.87,106.32,95.89
101.53,112.73,119.15,125.59,129.73,135.96,139.52,145.60,149.25,153.59,157.69,164.25,167.26,173.46,178.18,185.65,194.01,200.55,209.55,212.60,224.34,235.31,239.68,245.39,252.13,256.26,256.40,252.11,251.10,246.07,241.77,234.35,225.20,221.00,217.83,208.71,200.66,192.30,188.29,187.00,181.46,172.51,165.42,159.39,154.43,144.56,137.18,128.86,121.08,113.84,105.68,95.52
121.66,133.65,140.07,149.72,156.60,165.89,168.58,176.39,179.78,181.02,189.97,194.00,197.67,207.63,214.44,220.19,226.28,230.59,234.26,240.08,250.60,258.05,265.84,271.28,280.79,282.21,283.64,283.92,281.60,275.41,271.98,266.23,257.70,254.26,250.46,242.99,234.92,228.28,225.40,218.29,213.40,207.16,197.23,192.31,187.68,177.07,170.99,162.79,149.60,140.43,132.59,118.00
116.78,129.29,136.69,145.80,153.45,159.53,163.37,174.63,177.10,183.81,184.74,193.13,195.14,201.68,204.00,213.71,218.77,226.32,227.40,234.83,243.87,253.64,259.33,263.14,271.55,273.22,279.63,276.01,276.74,270.15,268.26,263.83,254.02,249.21,240.58,236.68,230.82,221.89,220.23,217.10,211.62,204.98,194.73,186.90,182.99,173.00,162.51,156.02,144.80,134.83,125.16,114.18
120.00,130.70,140.69,148.86,153.63,163.13,166.71,174.10,177.42,183.92,187.45,195.56,195.87,199.57,205.20,206.40,212.71,218.50,220.05,224.18,228.66,234.44,234.55,241.01,246.27,252.37,249.13,247.19,246.38,241.81,243.90,242.55,243.82,244.52,242.54,242.77,239.01,237.54,234.79,228.35,224.88,216.36,211.54,201.22,195.01,180.05,171.54,159.91,149.47,138.71,125.96,113.81
109.48,121.04,127.88,135.96,142.21,147.85,150.21,155.60,159.46,162.25,163.11,172.41,176.71,178.04,180.87,185.61,193.31,195.00,200.26,204.86,212.13,216.94,224.93,230.82,238.77,241.35,249.23,252.25,252.67,252.34,252.49,250.74,250.19,241.98,238.32,237.17,233.09,224.75,221.52,216.62,210.49,204.08,196.12,188.69,182.33,167.66,159.93,149.05,138.93,130.48,119.01,105.08
105.55,115.11,121.76,128.86,135.48,140.16,144.17,149.05,150.57,154.20,157.29,163.05,166.24,170.88,172.43,177.79,181.32,186.07,191.95,196.60,208.71,211.02,221.68,226.30,235.67,241.51,247.19,253.46,253.58,257.38,257.73,251.75,255.20,248.46,246.13,241.99,237.19,231.26,225.79,220.93,214.00,206.63,197.43,191.64,183.53,167.60,160.33,148.01,138.16,127.31,116.25,103.04
108.24,118.85,124.92,130.06,138.54,144.50,148.12,149.83,154.43,158.49,160.22,168.32,173.98,177.87,181.22,186.63,197.46,205.54,211.12,215.67,228.89,237.04,245.52,253.93,263.93,273.07,275.14,276.94,278.16,277.48,274.43,270.22,264.38,260.43,255.01,247.84,242.03,235.14,229.99,223.65,217.81,212.85,201.21,193.29,186.69,171.12,163.08,151.03,140.73,128.89,121.25,106.04
117.43,128.74,134.81,143.54,150.27,157.88,160.61,165.39,170.07,174.18,181.57,188.15,192.11,198.12,204.09,210.21,218.18,228.11,234.80,239.64,251.43,258.49,262.95,272.21,279.21,283.02,286.20,281.51,277.20,271.97,269.03,263.54,253.65,249.47,243.15,235.79,230.05,221.88,217.01,210.00,201.59,197.25,184.98,179.64,171.54,160.85,152.55,140.68,132.06,122.64,113.28,101.14
112.77,124.40,130.27,135.96,145.96,153.81,158.62,161.91,166.93,172.01,179.63,185.07,189.16,192.09,200.03,205.16,216.21,221.88,230.23,235.72,241.63,252.41,257.53,262.99,266.03,271.96,277.80,271.71,269.67,265.63,261.43,256.40,247.17,247.00,241.62,232.17,225.49,217.75,213.12,211.05,205.65,196.01,189.79,181.60,175.11,164.76,157.06,146.11,136.82,127.48,118.19,106.40
108.47,119.51,125.04,134.63,142.84,151.92,154.03,161.72,164.35,169.01,174.60,181.34,184.11,186.08,192.51,198.66,206.39,213.04,217.61,221.02,228.57,235.80,239.38,243.05,246.03,251.02,254.12,247.07,244.68,238.30,235.26,227.26,222.35,217.11,212.88,205.73,198.73,194.16,189.65,189.31,184.02,175.52,171.02,163.22,159.21,151.16,144.54,135.06,127.58,119.55,110.46,99.02
112.16,122.54,132.31,139.78,147.27,156.42,161.11,167.84,174.90,177.92,182.54,190.16,192.28,195.90,203.00,203.98,212.40,219.42,225.70,228.09,234.20,240.26,243.45,246.71,251.87,253.67,251.98,251.44,248.17,241.20,239.12,232.45,224.12,220.51,216.41,209.80,206.63,201.19,195.93,193.26,188.68,184.36,178.01,172.26,167.54,157.08,151.48,143.10,135.62,126.83,118.36,106.21
108.42,118.41,125.40,134.73,139.98,150.60,152.46,159.67,163.71,167.84,172.70,180.40,181.91,185.83,187.10,195.48,200.09,206.60,210.30,213.04,219.28,223.76,227.18,231.02,235.72,242.74,238.95,234.65,232.16,228.48,224.96,218.52,213.15,210.39,206.52,202.31,196.70,194.79,189.97,185.69,182.02,178.51,171.08,167.01,163.62,152.46,148.66,141.06,131.03,123.60,114.98,105.12
123.86,139.61,146.49,157.31,165.75,176.92,178.87,188.60,191.95,197.08,203.49,210.40,213.80,221.77,222.15,229.68,234.78,242.13,242.69,246.91,254.12,259.67,263.76,265.42,273.27,276.94,277.22,272.64,269.16,264.01,260.99,255.08,248.57,245.60,239.18,233.73,231.14,225.80,222.91,214.39,212.08,205.77,198.31,193.17,190.54,177.34,171.83,161.98,152.98,141.69,133.15,119.21
118.60,133.09,140.36,148.95,157.00,165.89,170.60,179.05,181.46,187.52,189.99,197.31,200.41,209.25,209.47,215.39,221.06,227.53,229.46,233.53,238.87,246.89,251.21,252.88,258.25,263.96,265.84,256.72,257.00,255.16,247.93,245.66,239.35,234.35,228.28,224.24,220.86,215.23,211.85,206.23,201.85,193.96,186.46,180.83,177.23,168.00,160.18,150.85,141.68,132.38,121.84,109.55
121.08,136.47,142.09,150.28,159.45,169.12,171.57,177.79,180.31,188.22,191.67,196.89,198.73,207.07,209.88,215.75,222.64,227.90,232.42,236.61,242.16,249.30,256.58,257.86,263.66,269.86,270.93,265.67,262.25,261.44,256.74,250.12,242.00,238.38,230.85,226.02,222.11,215.76,209.30,203.79,200.42,194.81,183.53,179.39,174.80,163.13,156.24,146.76,137.77,127.62,119.54,107.20
122.35,135.38,142.03,153.94,161.23,171.09,172.03,181.47,184.30,193.26,194.28,201.94,205.30,211.98,215.46,221.37,231.31,241.25,240.47,246.72,253.40,261.54,265.09,269.82,274.59,278.62,279.18,277.65,271.67,266.06,260.36,254.03,244.13,236.92,231.19,226.00,218.98,212.00,205.65,201.14,194.59,186.78,179.40,174.61,169.45,157.17,151.82,143.63,134.48,126.75,116.82,104.71
112.00,122.33,128.28,137.01,145.83,152.35,156.63,162.31,166.69,171.27,178.52,185.04,186.34,195.58,197.25,201.99,212.25,216.82,225.57,226.74,236.54,243.94,248.89,252.79,259.00,264.25,261.11,255.81,250.38,246.66,240.10,234.30,225.39,220.20,212.90,206.41,200.90,193.16,187.41,183.45,175.60,171.33,163.11,156.60,155.62,144.00,141.16,132.32,123.65,114.53,109.29,98.11
74.46,80.16,88.46,91.55,90.43,95.04,96.01,98.84,98.67,101.83,106.32,110.48,111.21,113.65,116.04,123.48,133.06,139.49,143.34,143.53,162.01,166.96,176.67,183.22,194.54,203.19,202.61,200.20,203.16,202.56,193.49,187.61,174.24,170.29,164.01,159.51,148.61,141.06,139.43,134.46,129.19,126.12,117.80,118.53,112.95,103.59,98.23,91.92,87.80,81.32,75.82,69.23
104.69,115.25,126.12,135.30,139.19,149.16,155.54,162.83,165.80,174.64,177.91,188.72,195.39,196.57,201.06,212.88,220.64,230.36,232.22,235.27,244.97,251.31,257.61,259.67,265.96,270.91,271.07,268.50,264.56,257.86,254.81,248.65,240.65,238.65,231.19,227.98,220.72,214.02,209.80,206.05,202.05,193.81,188.22,181.22,178.88,168.58,159.97,150.88,143.67,133.66,122.70,111.02
108.60,120.42,128.72,134.11,141.65,150.87,153.33,162.73,166.96,174.77,175.76,186.20,190.32,194.59,198.71,209.30,217.37,226.56,231.91,234.92,244.30,252.11,257.50,261.84,264.46,272.20,271.71,264.21,262.10,258.24,252.60,243.31,233.67,233.06,226.06,219.57,210.75,203.23,198.18,197.59,192.75,183.85,178.90,173.16,168.08,160.86,151.48,141.35,135.57,125.90,117.00,106.38
115.97,126.48,135.44,141.82,149.89,158.67,161.81,170.29,174.00,180.28,181.60,193.44,196.60,202.39,207.01,216.67,226.05,234.47,241.37,244.03,255.52,262.39,269.47,272.62,277.11,281.09,282.49,272.69,273.12,269.67,260.77,251.64,239.35,239.93,233.57,227.22,218.51,208.41,205.06,204.16,199.62,189.27,185.32,178.18,175.51,164.50,154.74,146.99,140.47,131.24,120.88,108.78
126.91,140.01,148.76,158.15,162.54,169.45,172.98,182.16,184.29,191.44,193.83,200.02,207.79,210.00,212.62,222.05,226.80,235.15,242.08,242.00,250.32,253.78,259.65,261.22,263.50,267.07,268.89,260.92,258.40,251.56,245.11,238.50,228.71,226.29,215.86,209.90,202.98,195.24,191.19,188.35,185.93,174.55,173.05,166.86,164.10,155.03,146.89,137.59,132.44,125.00,112.87,102.58
139.99,152.97,161.61,170.50,177.61,186.72,188.37,194.10,194.99,200.41,200.86,208.06,208.93,212.46,216.51,219.42,224.75,234.78,234.46,238.85,239.38,245.29,248.62,249.21,250.99,252.42,247.02,246.71,245.80,236.86,229.46,224.86,217.12,215.08,207.37,201.12,194.74,189.48,182.10,182.00,179.57,168.50,166.90,161.53,156.27,151.80,143.14,137.75,133.65,125.00,115.16,104.36
123.98,135.95,144.09,152.40,161.30,168.68,168.36,173.03,174.24,177.63,179.81,185.05,187.45,188.86,190.97,195.35,199.81,204.02,206.09,207.17,208.01,215.78,219.49,220.54,222.10,223.38,226.49,220.49,218.13,217.44,211.19,207.51,203.92,202.14,199.99,196.24,190.39,185.32,182.19,179.47,179.89,171.23,167.61,164.92,161.38,154.06,150.48,145.25,138.06,130.61,121.20,111.89
113.74,125.40,132.50,139.70,146.74,151.43,155.00,159.52,161.40,165.86,166.88,170.95,173.49,174.40,179.78,182.20,189.08,196.73,199.90,203.02,208.72,215.43,222.52,227.37,232.59,233.26,242.67,243.98,244.59,238.37,239.61,232.01,229.12,226.01,221.65,215.93,208.90,204.55,198.49,196.76,193.04,187.55,181.22,178.44,174.48,165.86,159.39,154.06,144.84,135.95,124.65,116.97
109.25,119.04,125.78,131.32,138.62,142.34,144.84,149.57,151.95,156.85,160.21,164.79,167.01,173.10,179.63,187.95,194.16,202.61,210.28,212.43,225.57,235.99,241.75,247.07,255.85,259.79,263.34,258.71,258.96,256.50,250.05,244.59,237.19,231.37,227.22,219.74,214.16,209.30,205.52,200.32,196.60,189.97,183.22,178.53,174.35,166.24,159.54,148.12,140.43,130.67,122.19,111.95
115.07,129.00,136.34,143.50,148.95,155.59,159.42,166.21,167.00,174.96,178.47,188.60,191.40,202.70,206.32,216.93,225.89,235.33,241.82,248.65,260.10,271.03,277.04,279.95,285.80,289.38,292.33,286.39,283.21,276.96,272.81,269.06,258.09,253.51,248.07,240.16,233.17,227.04,223.65,219.43,215.04,207.09,199.46,191.67,188.05,175.79,166.01,159.05,148.19,138.41,129.08,115.43
122.41,136.13,145.24,153.40,161.03,169.58,173.66,183.00,188.15,191.44,197.85,206.50,210.95,219.18,224.32,233.79,236.88,248.17,251.16,258.32,267.08,272.18,277.72,280.18,286.67,289.79,286.18,279.46,279.22,269.53,265.09,259.85,251.06,244.93,237.86,231.31,227.06,220.64,217.25,210.45,206.90,197.91,190.28,183.44,180.42,169.01,160.58,152.90,143.39,134.12,122.38,111.33
138.40,153.45,163.78,174.04,183.20,190.07,191.09,188.45,187.61,192.42,195.02,196.16,205.65,209.54,218.76,223.02,234.36,242.07,244.35,249.10,253.06,259.80,266.67,271.74,274.03,277.02,276.18,272.24,267.15,260.73,252.30,243.79,229.94,225.94,217.22,207.97,198.73,192.51,184.69,179.12,174.26,167.63,160.08,153.33,150.79,144.09,135.37,129.34,121.26,112.26,105.08,96.38
139.31,154.98,164.10,176.66,182.58,189.17,191.05,186.81,189.36,191.38,195.13,197.21,204.71,208.10,216.84,219.69,229.44,237.95,240.10,242.87,247.84,254.97,260.02,266.74,270.34,271.58,272.57,269.74,265.64,258.90,251.41,242.79,230.87,225.80,216.89,209.80,201.68,196.41,191.18,182.17,179.07,174.63,165.30,160.02,157.69,149.26,142.89,134.16,124.74,118.22,110.02,102.02
129.00,141.79,150.57,157.97,163.60,170.39,174.52,178.34,178.52,183.14,187.04,191.21,192.63,195.60,199.98,205.43,209.77,219.42,221.38,223.30,230.23,235.73,239.79,244.86,248.85,254.20,252.00,246.83,244.13,238.88,231.37,224.80,215.64,212.00,205.30,199.06,192.63,187.04,183.33,178.54,175.65,167.30,162.27,158.83,155.05,146.51,140.46,134.09,126.46,121.63,109.73,100.50
114.44,123.98,129.63,141.23,148.31,153.40,154.35,154.35,157.55,161.15,166.93,170.84,174.15,176.31,182.39,188.10,193.23,203.04,209.46,214.77,221.82,230.56,236.58,245.45,247.63,252.69,255.55,253.94,253.07,248.65,243.73,238.35,232.18,225.00,218.20,215.60,206.35,202.53,197.91,192.84,188.10,183.98,176.18,169.84,167.60,159.14,152.08,146.01,135.68,127.28,117.00,108.25
108.50,121.40,128.80,135.72,140.46,146.28,151.12,157.75,160.46,166.97,168.51,176.21,182.48,187.66,192.34,201.04,210.72,219.13,226.72,229.43,241.47,248.24,257.94,264.14,269.25,276.49,276.15,273.54,268.60,264.70,260.25,251.98,241.85,239.27,232.43,225.72,217.94,212.81,206.60,202.71,198.64,190.87,184.98,177.79,172.20,160.33,154.73,144.16,136.34,128.32,115.77,106.04
115.75,129.08,137.23,145.41,151.86,158.66,164.75,175.01,179.25,185.59,191.13,200.26,205.01,210.54,215.54,222.99,233.38,241.17,246.79,249.61,262.01,268.33,273.80,279.29,283.11,285.33,284.30,281.30,275.94,269.56,267.09,255.13,242.71,239.84,233.86,225.85,215.81,209.70,204.09,200.77,193.83,187.54,181.22,175.51,168.24,154.94,148.95,139.39,130.78,122.10,113.02,100.70
122.29,135.59,144.53,152.64,159.51,167.69,171.21,182.26,185.72,193.51,197.31,205.80,211.93,219.39,224.24,233.43,243.81,253.16,257.28,261.47,273.72,282.66,287.02,290.77,297.00,300.99,299.05,293.30,289.39,282.30,275.62,264.97,254.61,249.82,238.05,230.82,223.44,217.26,211.12,205.55,198.66,191.05,180.85,175.79,169.81,156.87,148.22,137.30,130.30,121.43,110.32,100.12
125.36,139.04,147.36,159.23,164.79,175.00,177.19,185.70,189.00,196.70,201.00,211.14,213.94,219.64,222.27,231.92,239.87,248.52,253.19,256.01,263.34,269.67,274.78,280.83,283.16,284.93,281.80,276.52,272.66,266.72,258.14,248.49,238.14,236.81,227.43,220.24,211.26,201.70,200.17,197.09,190.26,181.20,175.70,168.08,162.10,149.77,143.12,133.36,127.58,117.44,107.84,97.08
128.32,141.79,148.00,159.71,163.88,174.61,177.80,186.78,187.78,195.21,198.34,203.77,210.45,210.38,218.34,221.92,230.03,237.51,241.01,243.40,249.07,254.61,260.17,264.02,267.20,268.17,267.78,265.48,260.53,253.46,248.28,241.35,233.19,232.14,226.64,218.59,212.44,208.17,202.20,198.44,193.83,186.60,181.47,173.99,169.80,157.01,150.38,141.60,134.41,125.57,113.16,103.94
122.16,133.00,143.11,150.47,153.73,162.79,164.77,168.69,170.84,175.42,176.78,184.26,188.57,190.54,198.16,202.47,209.46,219.25,225.00,229.53,240.48,246.06,254.69,261.28,266.39,273.54,276.94,272.37,274.05,269.71,266.54,260.86,252.45,253.67,247.21,242.99,236.02,230.78,228.22,222.72,220.48,209.50,205.77,198.83,193.09,181.10,171.73,163.67,155.71,146.78,132.02,120.21
116.78,127.26,134.39,142.59,148.19,155.42,156.16,162.37,164.68,170.14,172.00,177.54,181.84,186.68,196.85,203.22,209.44,218.50,224.59,231.15,243.25,249.97,257.30,266.32,274.26,277.77,282.23,279.20,280.47,275.76,273.00,267.01,261.47,257.38,250.57,245.97,239.18,234.10,229.65,223.29,220.23,211.12,205.65,199.11,192.84,179.40,171.68,163.82,153.08,143.68,129.85,119.62
106.04,118.85,122.78,131.64,139.62,145.00,150.46,155.29,160.15,164.76,168.65,177.77,182.65,186.53,193.07,202.60,212.98,220.13,227.71,233.38,241.87,251.77,259.62,264.43,271.45,278.72,280.92,275.20,271.12,269.74,262.61,256.12,246.01,241.30,234.94,228.00,220.32,211.14,207.20,204.92,198.20,189.90,182.58,176.71,170.34,156.47,149.86,140.47,133.42,120.88,111.80,99.57
117.29,129.47,139.06,145.77,152.74,159.73,164.30,170.07,171.14,175.39,176.26,185.65,191.44,195.23,201.01,209.65,218.69,228.09,232.70,236.86,247.41,256.13,262.21,265.17,269.36,276.20,276.45,267.76,267.29,262.50,254.96,247.73,238.08,234.45,226.55,221.52,212.51,204.25,201.64,197.23,191.09,182.16,174.92,167.11,164.00,151.61,142.06,133.27,125.42,116.90,106.28,95.02
123.48,139.03,143.59,145.06,145.03,151.49,158.69,150.92,145.41,150.81,153.40,162.15,165.80,166.01,171.13,183.56,191.13,204.20,210.49,217.22,229.96,238.38,248.16,251.32,254.03,262.19,269.46,260.95,262.61,257.38,250.12,244.00,235.44,230.03,223.03,214.77,209.00,199.46,195.04,191.85,185.70,176.32,169.55,162.27,157.75,145.03,136.00,127.31,119.36,110.05,98.23,90.26
130.31,143.89,152.12,160.60,170.80,178.39,179.07,185.15,187.84,194.03,196.38,199.12,200.48,207.04,214.40,218.66,228.56,233.63,237.45,242.06,252.22,261.03,268.06,270.12,275.12,281.58,281.58,278.47,275.18,270.69,264.46,255.41,246.08,239.43,229.71,225.49,219.43,214.28,206.12,199.01,192.26,186.27,176.14,170.00,167.15,153.91,147.17,136.06,125.94,117.38,107.91,97.51
123.31,135.80,140.91,150.42,159.20,166.78,169.85,176.71,180.04,184.20,187.77,192.63,197.50,201.38,209.15,211.81,219.23,228.18,229.69,234.65,244.40,251.68,256.30,262.25,265.91,270.12,268.56,267.24,265.58,258.85,253.33,245.12,237.26,231.04,224.37,216.95,210.46,206.78,199.92,193.87,188.50,181.84,173.18,166.40,162.41,150.08,143.50,135.44,124.85,117.80,108.17,99.14
110.26,119.88,126.57,135.03,141.01,149.26,151.11,155.76,158.45,162.01,165.53,171.75,177.28,180.41,188.05,191.65,201.49,210.83,216.47,220.98,232.91,240.63,250.32,254.96,258.40,264.88,267.90,266.93,266.95,260.60,255.03,250.06,243.53,240.41,234.89,228.98,222.46,216.47,211.10,209.33,205.28,195.69,188.62,183.74,177.26,166.21,157.54,147.68,140.90,131.05,119.23,107.38
93.48,103.46,110.55,117.69,121.08,128.08,130.70,136.86,139.04,143.68,143.93,150.76,157.38,160.96,168.12,171.92,181.33,189.84,192.82,203.00,213.19,221.17,228.04,234.88,239.29,243.53,248.48,246.29,246.83,241.97,240.57,236.18,229.97,225.32,220.52,216.60,211.47,206.74,201.12,197.19,192.50,185.61,178.99,174.73,168.37,155.93,150.03,140.29,132.91,125.87,111.76,102.58
88.20,98.11,102.02,110.46,113.85,119.57,121.60,125.90,130.86,133.76,138.41,145.36,148.66,157.28,162.00,171.33,175.52,183.99,190.77,201.14,209.19,219.49,225.06,231.40,240.07,246.34,252.80,250.67,250.88,245.73,246.03,240.42,236.28,231.53,226.72,222.04,217.31,211.44,207.29,202.41,199.65,190.69,185.24,178.28,172.17,160.82,153.12,143.13,133.23,123.56,113.51,100.66
104.55,115.21,120.93,128.70,134.12,141.42,142.36,152.95,157.18,161.82,166.97,174.20,179.36,183.34,192.26,201.82,210.24,218.29,227.02,233.44,246.15,256.91,264.56,267.87,276.59,284.43,289.06,286.36,281.11,281.26,274.08,268.48,261.12,254.02,252.37,244.86,238.47,230.31,225.40,223.14,216.33,208.96,199.90,193.33,187.22,174.00,165.56,154.81,146.66,135.09,123.89,109.17
105.12,116.81,122.98,131.40,140.06,148.39,152.64,161.45,163.72,166.42,174.64,178.54,184.39,190.00,195.49,202.57,212.81,218.11,225.11,231.35,242.84,250.67,257.16,261.34,268.51,271.41,268.72,266.83,265.81,260.34,255.05,248.34,241.03,236.32,229.80,224.90,219.51,212.72,209.42,202.14,197.73,190.88,182.04,175.32,171.05,157.65,151.21,142.37,129.55,120.95,112.16,100.40
96.77,106.53,112.97,118.60,125.16,130.63,132.38,140.01,142.67,144.28,149.65,155.93,161.28,165.71,172.41,177.34,184.71,193.08,195.11,202.02,210.85,218.68,222.99,232.50,237.07,243.39,242.83,238.30,239.83,231.04,232.16,225.44,220.54,217.80,210.94,206.04,204.02,195.69,194.31,190.91,187.96,180.24,173.97,165.48,162.89,152.00,144.27,135.64,125.63,115.60,108.23,97.08
99.72,110.77,117.89,123.89,130.06,135.25,139.32,144.50,146.76,149.62,154.81,161.99,165.98,169.10,173.59,181.84,188.74,195.48,199.12,205.32,213.93,223.32,227.40,235.29,240.05,246.98,247.95,242.03,242.70,236.54,235.08,227.77,222.62,223.26,216.00,209.35,207.62,198.44,198.66,196.04,193.54,182.88,179.25,170.99,167.59,154.87,146.82,139.01,131.10,119.52,111.07,100.72
109.00,116.97,127.19,131.95,141.99,146.84,149.63,153.26,155.08,156.00,162.25,167.61,171.13,175.86,183.10,189.74,197.63,203.44,215.24,221.04,228.60,239.92,246.74,252.00,259.95,261.63,264.43,266.05,267.09,260.84,258.07,250.79,244.13,242.80,235.77,228.76,226.50,220.95,214.97,210.20,205.65,201.85,194.98,186.47,180.28,169.73,162.11,151.92,141.43,131.03,121.38,108.81
118.81,129.00,138.92,146.29,152.27,156.82,161.12,164.34,165.86,171.42,175.00,183.22,189.26,192.20,204.42,210.64,222.08,234.31,244.12,247.01,261.03,268.99,279.16,285.16,290.17,294.11,294.64,292.43,288.60,285.88,274.82,269.58,257.74,256.26,250.35,241.87,234.34,229.17,221.21,221.21,211.73,203.89,195.78,189.31,182.48,171.64,162.10,151.61,142.84,131.03,121.26,108.81
110.68,121.43,129.76,136.97,140.60,145.99,150.62,156.25,157.61,163.53,166.01,175.23,179.91,183.92,194.16,202.43,211.29,224.32,231.46,235.59,252.00,258.38,265.69,273.00,279.21,282.31,280.81,281.11,275.94,270.30,266.32,257.50,248.49,244.66,237.24,231.22,225.44,219.91,211.52,209.12,201.73,194.24,186.87,181.03,176.30,163.78,156.05,144.54,134.81,126.48,115.12,102.36
97.53,105.00,112.93,118.71,120.75,125.32,128.16,131.67,133.42,135.48,137.67,142.14,147.23,153.48,156.78,161.83,168.50,182.00,189.13,194.40,212.68,221.03,232.24,237.26,246.03,257.60,258.12,258.56,256.88,252.14,246.79,240.40,234.31,230.05,223.23,216.45,209.67,204.38,197.99,197.77,192.03,182.72,179.37,172.59,167.26,157.09,148.00,138.84,131.61,121.50,110.91,100.26
114.86,124.82,131.71,140.46,146.17,150.00,155.87,161.99,167.19,173.22,180.24,186.68,190.68,195.17,199.56,209.06,210.15,218.11,223.58,228.48,237.19,243.46,247.26,253.60,259.62,261.02,261.54,258.33,257.34,250.45,247.86,241.46,234.20,230.87,223.66,216.21,214.08,206.34,203.71,200.32,197.10,188.41,183.36,177.49,174.05,167.11,158.69,149.21,142.39,134.73,123.46,111.31
118.85,128.81,133.79,134.65,134.13,129.29,129.24,116.18,115.36,110.39,111.14,113.85,123.71,139.22,152.84,170.19,181.41,198.74,210.79,218.63,231.32,240.68,244.99,253.71,257.42,257.71,263.21,263.69,257.39,256.38,253.02,244.93,238.42,235.98,228.65,222.00,220.91,215.47,210.79,205.83,202.20,199.22,191.94,184.57,182.24,176.14,167.36,160.33,150.40,141.74,131.03,118.98
115.21,125.42,132.85,139.18,142.62,146.58,150.10,150.24,150.71,153.11,156.18,161.08,163.05,166.37,170.08,179.01,187.24,194.18,202.42,208.14,216.45,224.01,233.24,239.08,245.23,250.22,252.73,249.95,250.80,248.48,245.86,238.40,231.62,232.36,225.01,219.94,216.64,209.98,206.52,205.55,202.20,194.18,189.59,183.85,180.94,171.13,164.45,155.87,147.00,136.53,128.36,115.62
118.93,130.48,137.20,143.18,147.57,152.51,152.61,152.32,151.91,153.39,156.85,159.01,162.66,163.92,168.80,176.24,183.22,192.60,201.36,205.92,216.07,225.87,234.06,240.67,247.69,252.24,254.96,254.01,251.77,250.91,245.73,240.74,236.36,234.55,228.09,222.83,220.05,213.32,209.02,205.65,203.94,198.31,191.42,186.76,181.02,171.27,165.12,157.69,147.14,137.56,128.23,115.25
119.62,130.02,137.30,140.26,147.18,148.64,150.10,149.20,145.96,147.00,147.00,150.62,153.00,153.06,159.51,169.94,176.40,188.27,198.08,207.23,219.21,229.05,238.42,245.18,251.07,256.55,260.35,255.77,257.03,252.41,248.21,243.74,235.60,236.26,226.29,224.51,218.69,215.11,210.11,208.17,204.31,196.99,192.28,185.78,181.40,170.94,163.37,156.02,143.75,136.75,124.26,112.18
116.85,126.48,134.71,139.82,145.50,147.96,147.68,148.17,150.38,149.86,153.88,152.96,156.31,159.33,163.05,172.05,176.08,187.42,198.80,208.57,223.19,235.33,244.39,254.06,261.08,263.09,264.20,263.01,260.93,254.89,253.18,245.18,238.84,233.57,226.77,224.16,219.24,215.64,211.68,207.08,202.43,196.11,191.85,184.39,179.39,171.17,163.25,153.76,143.96,134.85,121.81,112.59
114.59,124.17,131.22,139.81,144.06,149.46,152.90,156.31,159.21,157.69,162.43,167.26,168.32,170.95,173.00,178.23,185.63,192.21,199.36,202.60,213.53,221.38,227.98,232.88,240.88,244.53,246.55,245.69,245.75,241.85,236.84,232.14,227.85,226.18,218.60,216.40,210.79,207.07,203.77,200.83,195.87,191.89,185.95,179.61,178.47,168.15,160.13,151.58,142.84,131.24,122.38,110.63
124.20,136.42,143.22,150.69,157.92,164.14,167.76,169.30,172.96,171.68,178.83,180.95,182.13,185.32,189.53,194.08,197.73,203.23,210.87,217.71,225.42,232.31,238.53,244.66,250.80,253.65,256.35,257.34,255.20,251.44,250.53,241.46,239.64,233.64,229.97,227.04,221.17,217.72,215.52,211.00,206.83,203.44,197.63,191.32,189.02,180.41,172.41,163.77,152.97,141.45,133.69,119.85
132.38,146.12,155.62,164.76,168.47,174.03,180.61,184.07,187.49,190.07,194.09,199.42,200.36,200.96,206.49,211.10,215.86,222.95,228.30,233.00,241.30,247.49,254.89,258.92,262.23,268.33,264.78,260.50,258.21,253.84,248.07,241.02,234.10,232.31,228.97,221.42,216.95,214.35,208.06,208.27,203.38,195.69,193.21,187.97,184.02,175.07,170.31,160.29,152.08,143.81,131.73,119.71
136.78,150.73,159.31,168.24,174.77,182.48,184.17,192.31,190.92,196.36,196.79,203.54,207.23,206.41,208.85,215.35,220.27,228.28,233.45,237.12,243.85,250.05,255.07,259.12,261.63,264.78,263.43,262.19,257.00,250.06,245.59,237.35,232.12,230.26,223.62,219.35,211.77,208.41,202.54,202.39,198.59,192.38,189.31,184.35,178.90,171.14,165.20,159.38,152.49,143.22,131.53,120.60
146.32,159.13,166.21,177.00,186.68,195.78,198.03,204.40,203.20,207.79,214.22,213.52,217.37,220.66,221.92,230.05,232.85,238.30,242.60,247.32,254.28,258.60,264.32,271.46,275.14,272.97,275.77,273.51,272.16,263.15,261.59,255.25,246.97,243.53,237.23,232.59,229.11,223.30,219.80,214.87,211.59,207.97,200.64,195.92,194.54,187.04,181.66,172.54,160.38,153.40,143.10,131.59
54.57,60.17,60.61,63.64,62.61,64.40,64.20,58.90,58.25,52.39,55.15,58.31,53.34,56.08,58.82,63.79,65.12,69.07,74.43,79.63,91.21,99.36,99.50,107.22,109.60,114.39,122.25,124.08,125.23,119.42,122.87,117.32,118.00,118.83,114.59,112.75,113.74,107.91,111.36,109.38,108.47,105.02,100.22,96.33,94.70,89.40,89.00,85.29,76.84,74.32,71.39,64.35
134.20,147.32,154.43,165.00,171.62,180.35,182.66,186.01,190.80,193.60,197.67,200.42,203.16,206.21,208.54,212.22,218.52,224.96,228.04,230.64,238.21,242.32,248.77,253.15,254.53,252.98,252.40,248.21,242.42,237.29,230.96,224.02,216.78,212.51,204.28,200.04,194.54,191.13,186.47,181.07,178.23,174.04,168.36,166.40,160.72,155.35,151.32,142.35,134.06,124.23,116.04,108.16
131.37,143.96,150.75,160.58,169.71,178.00,182.21,184.76,189.51,194.18,199.68,201.49,204.36,207.04,211.52,215.68,221.12,227.07,230.34,235.48,243.74,248.93,252.10,259.62,262.65,264.09,261.20,257.86,253.43,245.80,241.90,232.64,226.15,218.67,210.05,207.14,200.81,196.62,193.49,185.78,180.00,178.31,169.96,167.60,161.45,156.04,149.47,142.90,133.27,123.91,117.39,105.80
129.24,141.01,148.00,160.11,168.81,176.50,180.23,187.45,192.21,196.39,202.20,205.00,207.12,211.52,217.45,219.78,225.64,233.45,234.14,242.42,251.38,257.11,259.12,266.36,271.01,269.77,267.40,263.37,258.33,250.54,246.88,236.63,229.13,222.04,212.76,208.89,203.90,198.31,195.97,185.71,182.43,179.03,171.48,167.84,163.36,155.98,151.40,142.24,131.89,123.17,115.41,105.32
133.69,144.51,157.01,168.19,176.98,185.66,190.38,199.48,201.56,209.19,213.77,221.81,223.57,225.09,229.37,234.88,241.15,249.18,253.86,255.64,263.23,269.27,274.24,280.96,282.24,280.74,280.14,275.07,270.14,264.34,256.63,247.70,239.28,235.32,228.88,222.87,213.94,207.10,203.30,198.98,196.57,187.52,183.39,178.68,171.97,162.24,156.19,148.53,141.21,131.38,122.59,111.65
118.14,132.19,138.31,149.79,158.45,165.42,171.83,177.26,179.32,186.39,190.28,194.52,198.12,202.55,207.51,211.99,215.43,221.39,224.72,232.13,235.59,240.69,242.83,251.54,253.66,254.21,251.18,249.33,246.86,237.12,234.09,228.32,219.79,215.41,207.71,205.00,200.10,193.76,192.13,184.95,181.62,177.41,169.92,167.63,162.25,153.44,147.35,140.42,132.44,122.64,113.72,103.94
121.80,134.27,142.39,151.11,160.21,167.39,171.82,176.30,179.77,184.68,191.01,195.48,199.12,201.10,205.23,209.34,215.82,222.87,229.65,231.60,237.81,243.52,250.83,254.75,256.88,259.59,260.60,255.70,251.80,248.01,239.84,232.25,226.36,224.59,216.68,211.54,205.14,198.24,195.53,191.91,188.72,181.73,176.23,171.17,166.14,156.01,151.34,143.27,134.63,128.22,116.50,105.99
144.09,157.94,164.81,174.64,184.62,192.61,195.80,200.21,203.06,208.69,209.06,217.59,221.21,223.83,226.63,231.76,237.47,245.94,250.73,254.88,261.63,268.70,274.69,282.69,282.63,284.25,283.06,277.95,276.96,269.18,259.51,251.53,239.84,236.91,227.69,224.40,216.04,208.74,203.95,200.26,196.15,187.30,181.81,174.39,171.05,160.86,155.18,148.49,141.40,133.00,121.26,112.36
135.09,147.96,156.82,166.11,175.82,182.54,184.10,188.69,190.18,195.93,199.42,204.30,207.39,211.15,213.77,220.78,224.56,232.25,236.58,241.21,249.26,255.08,259.89,267.73,269.90,272.47,269.46,266.75,264.17,257.24,249.69,242.54,233.83,229.26,220.66,216.00,210.20,203.30,201.30,193.31,191.00,181.42,176.88,170.59,166.01,160.08,152.35,144.06,138.41,130.55,119.07,109.42
131.59,144.68,154.04,163.92,171.86,177.02,181.65,186.00,188.57,193.00,196.49,202.20,205.77,208.21,210.49,217.85,223.91,231.84,233.42,237.47,244.52,251.29,258.50,262.77,265.19,267.99,267.68,261.71,258.05,255.00,245.90,236.05,228.74,227.85,217.57,212.25,205.10,198.21,194.59,189.50,185.72,178.04,171.55,166.76,162.79,152.07,145.96,137.99,132.37,125.48,113.30,102.65
137.44,150.21,158.62,168.07,178.81,186.89,189.04,194.15,198.60,200.64,206.19,208.63,214.31,217.00,220.52,226.36,230.63,238.08,241.21,247.41,252.62,260.13,264.95,268.19,272.87,271.53,271.01,267.90,263.40,255.01,250.88,241.35,231.80,225.14,215.94,211.12,204.78,200.39,194.49,186.01,182.17,176.38,167.59,164.16,157.11,150.55,144.09,135.59,127.03,116.40,109.90,100.32
131.55,144.31,156.32,165.03,174.52,183.41,186.45,193.05,195.49,201.72,205.19,211.90,214.62,216.62,218.00,223.59,230.87,236.81,240.03,244.07,248.51,254.03,259.46,259.41,262.61,265.07,263.62,259.62,256.00,250.41,241.65,235.52,223.29,220.58,212.40,206.62,196.33,192.51,185.05,182.00,178.16,167.82,163.52,156.17,150.12,139.27,134.27,125.88,118.23,109.93,98.60,88.84
134.16,145.80,156.28,164.88,173.30,185.27,189.24,196.23,199.42,204.25,208.93,212.46,217.46,220.10,222.43,227.90,231.82,239.30,241.17,248.24,252.44,256.81,260.68,263.09,266.61,264.09,262.49,262.07,255.70,248.82,241.70,235.31,223.65,218.33,207.48,205.53,197.23,193.50,185.07,176.79,173.10,165.52,157.26,154.30,147.38,134.74,131.14,122.19,113.14,105.51,96.54,86.76
141.45,154.16,165.01,176.46,185.60,194.99,200.57,208.43,209.40,215.75,217.91,225.89,230.25,232.69,235.87,241.99,246.86,255.22,262.23,262.77,266.11,272.97,278.73,281.78,284.40,286.97,283.27,276.44,272.33,263.80,253.01,243.97,231.11,227.76,217.31,208.43,200.72,193.19,186.08,180.00,175.24,164.40,157.41,152.19,144.09,130.92,123.66,116.00,109.11,102.30,92.11,82.57
132.40,145.60,154.99,163.60,172.72,183.17,186.59,193.37,195.66,201.32,204.17,210.44,216.02,217.34,219.91,227.69,233.24,240.80,246.03,250.57,257.19,264.12,268.52,272.80,276.05,279.57,277.20,270.45,267.56,262.19,251.91,242.90,229.81,227.43,217.28,210.77,200.11,192.39,185.60,180.07,174.77,164.10,158.32,151.21,144.36,129.28,123.26,114.95,108.47,101.60,90.26,82.76
129.62,146.65,148.19,160.08,172.49,175.19,180.65,188.74,192.98,198.25,204.27,209.90,213.36,217.62,220.57,227.04,234.10,242.99,247.91,250.80,260.63,266.56,274.07,276.59,277.09,281.76,280.71,274.80,267.88,264.43,254.64,245.72,234.80,232.45,223.00,213.12,204.16,198.04,189.19,186.53,179.21,169.75,162.59,155.72,147.96,136.65,129.03,120.21,113.16,106.48,95.13,86.21
117.55,128.97,137.84,148.66,154.03,162.51,165.92,173.83,176.65,182.39,189.21,194.18,196.38,200.57,205.85,213.04,221.06,227.69,232.16,236.43,242.79,251.87,257.99,259.28,264.70,264.87,264.98,259.28,253.44,250.00,242.40,233.66,223.83,220.08,209.07,202.16,195.63,189.84,183.38,176.18,169.50,163.41,156.18,149.16,143.68,132.32,126.78,118.27,112.22,103.94,93.54,85.63
102.04,111.36,118.13,125.40,135.07,140.47,144.31,149.91,153.84,159.30,166.96,168.61,173.66,178.72,182.40,188.94,194.34,200.26,203.77,208.22,214.73,219.32,225.00,231.48,233.38,233.53,228.55,227.61,220.77,218.16,212.04,202.79,194.65,189.84,183.60,178.52,170.26,167.19,161.45,153.39,149.21,145.00,136.57,132.20,127.32,120.15,113.23,107.00,99.72,92.44,84.93,77.90
113.85,126.25,135.15,143.68,151.71,160.24,166.01,174.27,178.36,183.29,189.71,195.41,199.70,203.36,208.17,213.85,217.33,226.74,229.58,233.96,240.76,246.78,252.05,251.81,256.46,258.63,255.97,249.56,245.16,241.24,230.26,223.19,216.17,212.17,205.87,198.44,188.74,183.13,178.40,172.97,169.01,160.61,155.57,150.05,144.22,131.46,125.94,119.28,113.57,105.70,94.43,88.07
116.11,126.70,135.68,145.58,154.51,161.45,167.15,174.67,178.37,182.69,189.01,191.85,195.53,199.53,201.91,206.93,213.59,218.92,220.41,226.55,229.39,233.24,238.55,241.21,242.33,241.75,239.84,238.56,232.31,227.98,219.51,212.60,206.58,198.18,192.00,187.49,178.06,175.87,169.55,162.25,156.42,151.82,143.21,138.66,132.85,121.93,116.11,109.38,100.00,95.00,86.68,79.16
128.02,140.24,150.01,160.65,170.16,181.18,184.27,192.77,195.50,198.12,207.78,210.84,212.30,216.00,216.39,222.08,226.37,232.44,232.67,237.45,240.92,244.24,246.84,249.11,247.52,245.96,247.59,243.91,236.24,230.36,224.62,217.28,207.10,201.16,195.73,192.07,181.84,179.95,173.18,164.78,160.31,156.29,148.96,142.79,136.33,126.19,120.51,112.71,103.16,94.53,88.57,79.91
138.06,152.49,161.25,172.54,183.31,193.87,198.93,204.09,207.94,211.90,217.04,218.01,221.49,225.14,229.14,232.94,238.42,241.00,242.07,250.02,253.07,254.80,260.10,263.21,268.73,267.84,260.68,259.62,256.76,249.81,239.48,233.53,220.91,213.84,206.17,202.88,194.25,191.00,182.01,173.25,167.06,160.51,150.63,147.47,139.04,127.95,122.00,113.60,105.11,97.42,89.56,80.71
131.59,143.56,154.55,162.89,170.79,179.07,182.56,189.76,189.87,196.13,199.46,204.83,208.94,212.22,214.17,218.28,227.78,234.34,236.52,239.91,247.07,252.72,259.46,262.24,268.00,267.96,265.07,264.62,259.85,256.20,244.80,237.03,227.61,222.06,214.36,209.65,198.96,192.75,184.62,178.04,173.22,161.03,155.24,149.09,140.72,126.83,119.00,111.02,104.62,96.61,88.23,80.10
122.16,133.54,140.46,151.45,158.04,167.84,168.44,176.37,179.91,185.07,189.50,193.84,195.47,200.53,205.85,210.68,218.82,223.78,228.27,233.52,240.62,247.16,251.25,256.27,262.61,261.12,262.01,263.00,258.52,252.52,247.13,237.17,228.55,223.28,216.54,209.01,201.70,197.65,189.65,181.40,176.92,168.72,158.55,153.38,144.56,131.69,124.89,117.92,109.29,100.58,93.05,83.93
106.40,117.04,124.65,132.77,138.97,146.49,152.33,156.40,163.00,168.57,174.35,179.29,182.12,185.98,193.99,198.92,208.04,213.22,221.92,224.88,232.69,240.07,248.60,251.67,259.05,263.49,259.11,257.32,257.56,253.41,243.18,238.32,229.92,226.51,220.08,215.70,204.71,204.08,194.61,189.99,187.55,177.50,169.07,163.53,155.08,141.42,132.22,124.26,116.11,106.21,95.41,86.12
107.80,118.88,126.30,133.99,143.00,150.86,154.94,162.05,169.26,173.18,179.81,184.61,188.61,193.57,198.49,205.94,214.59,219.86,226.92,230.96,240.09,246.47,253.97,257.87,262.88,268.58,265.52,262.02,260.97,257.77,248.20,242.00,232.95,229.59,222.39,218.84,208.12,204.88,197.20,192.26,186.27,178.00,171.01,161.31,155.01,138.97,130.87,122.09,115.04,105.48,92.63,83.38
110.14,123.43,133.26,140.92,147.41,157.31,162.41,170.85,176.26,180.19,187.95,192.72,198.00,201.68,205.41,210.49,217.47,221.88,230.05,233.60,239.08,242.99,251.81,253.94,258.64,260.38,257.01,253.71,249.32,248.94,239.58,231.61,224.06,218.84,213.18,208.54,196.92,193.31,184.74,181.46,174.83,165.05,158.03,149.93,143.22,127.02,119.47,108.41,101.77,95.63,84.17,76.48
125.10,140.62,148.49,159.97,167.22,178.23,181.30,191.32,194.83,200.30,202.20,206.04,210.30,211.82,216.23,219.23,225.27,230.65,232.07,236.93,239.46,240.60,243.10,246.81,248.81,245.20,241.40,238.12,237.04,228.40,220.91,211.73,203.04,197.13,189.23,184.74,174.66,170.58,162.54,155.39,150.81,140.46,134.62,125.64,117.18,103.09,96.40,85.98,80.05,73.55,63.13,55.44
123.60,136.42,144.28,153.44,161.28,169.26,174.10,178.75,183.09,184.84,185.37,190.29,194.01,194.49,197.09,200.61,204.47,207.87,210.10,216.02,220.78,222.64,225.75,227.55,229.87,229.84,227.04,225.06,222.12,216.61,207.62,200.83,194.02,188.86,182.47,177.89,171.01,166.77,157.71,152.40,145.99,137.21,130.19,122.92,116.18,104.48,97.72,87.21,80.50,73.88,64.29,55.58
126.18,139.43,148.01,155.97,163.29,170.70,173.57,177.73,180.01,185.02,188.88,193.21,196.60,200.81,202.02,211.81,214.44,223.06,228.60,233.12,240.10,247.26,255.83,260.45,259.75,262.39,266.19,263.18,262.10,254.61,248.07,240.28,233.00,230.85,223.38,216.95,209.16,204.09,198.60,190.91,187.52,177.10,170.30,164.62,156.46,145.42,136.06,127.29,119.10,111.16,100.57,90.55
128.38,141.17,148.96,158.05,163.48,171.64,173.81,181.02,185.15,189.72,192.05,198.64,203.04,206.31,210.77,218.02,223.49,232.22,237.63,242.24,252.05,257.93,265.20,268.89,269.24,275.09,274.18,271.63,269.18,264.46,256.53,248.85,240.21,238.10,228.67,222.79,216.62,209.98,204.30,197.73,194.26,183.98,177.55,171.64,164.61,152.79,144.47,134.50,127.48,119.89,106.61,96.77
127.40,138.84,148.12,154.95,164.10,171.74,175.65,180.77,184.56,190.08,194.33,200.11,204.92,208.20,211.68,217.33,225.01,233.57,239.14,243.25,248.56,254.87,264.60,266.39,269.78,271.62,269.31,265.51,262.01,257.51,247.19,240.22,230.78,230.46,220.91,214.58,205.39,198.40,194.20,191.08,184.09,174.35,169.50,162.73,157.06,145.67,136.17,128.82,124.82,114.98,103.81,94.63
124.06,138.35,146.45,155.26,164.37,173.49,177.63,185.07,189.38,194.08,199.90,203.92,207.71,212.14,214.95,219.33,225.26,232.56,238.10,240.05,245.46,249.11,254.57,254.39,255.20,257.60,252.03,250.01,244.97,240.20,230.14,223.61,214.22,210.89,202.47,195.76,189.52,183.37,177.54,173.42,167.73,161.05,153.39,146.78,141.50,131.61,125.10,116.81,109.04,102.88,93.65,85.44
142.30,154.73,164.65,176.18,187.56,200.25,203.18,211.98,216.09,221.71,227.26,232.13,236.78,240.05,245.08,248.89,253.21,258.38,262.01,265.05,269.01,272.47,274.22,277.88,275.70,271.81,268.29,266.91,260.89,250.91,244.05,234.14,221.93,215.13,208.41,202.67,194.49,191.46,182.88,177.41,170.79,167.01,155.77,151.16,146.21,133.02,127.81,119.47,110.15,101.43,93.39,85.00
140.00,153.11,163.53,175.33,182.13,195.78,199.48,207.51,211.29,218.29,222.87,227.71,233.00,234.70,238.48,242.96,249.61,255.33,258.68,261.46,265.35,270.60,274.84,277.06,280.51,275.19,271.96,268.40,262.00,256.31,248.48,238.92,225.47,221.05,211.44,205.01,193.35,191.86,184.69,177.45,171.82,161.40,153.38,148.05,140.09,127.88,119.82,110.77,105.55,97.84,87.92,76.53
123.04,136.42,144.05,152.74,162.37,170.91,174.69,180.22,186.01,189.20,195.82,199.12,202.63,207.23,209.38,214.77,219.15,223.60,228.53,234.08,240.35,243.53,247.76,251.73,254.06,254.33,249.37,246.76,244.08,238.21,229.05,222.91,214.52,206.63,199.86,192.75,184.98,180.55,176.21,162.29,158.76,151.08,141.09,135.09,128.14,116.07,107.94,101.14,92.20,84.10,76.90,67.90
122.65,134.01,141.33,152.50,160.35,167.67,171.28,177.91,181.00,185.88,191.18,195.01,198.98,201.43,205.97,212.93,217.83,225.14,228.36,235.29,243.52,248.00,252.67,258.80,262.38,264.77,263.80,259.88,257.07,251.72,244.11,237.56,230.29,222.71,215.06,208.06,200.14,195.58,189.27,179.20,174.41,165.89,156.16,149.81,141.21,128.32,119.67,112.68,103.81,95.89,86.38,76.84
110.69,120.02,123.31,133.06,136.89,142.69,142.87,144.20,145.80,152.05,154.98,158.84,162.54,170.21,174.00,179.69,189.16,196.16,202.63,211.81,228.37,237.99,245.45,256.13,257.86,265.00,274.07,270.01,271.71,264.20,260.25,250.29,238.84,233.62,225.26,219.25,211.00,202.88,196.95,190.03,183.70,176.64,168.51,158.78,152.11,142.86,135.30,125.92,112.81,107.91,100.45,89.50
112.79,122.58,127.20,134.53,138.46,142.86,143.54,142.95,146.05,150.23,153.26,158.65,161.41,169.19,169.58,178.39,187.80,196.22,206.20,212.26,228.32,237.47,245.78,256.12,257.18,267.76,277.51,272.37,272.93,267.08,260.86,253.00,242.89,238.73,230.49,222.95,216.01,208.22,201.14,196.31,189.71,181.97,176.39,168.62,161.37,151.18,144.97,134.61,125.30,117.48,109.29,98.74
109.20,119.68,128.58,133.87,137.62,143.28,144.53,147.09,146.76,151.64,156.67,160.31,164.60,169.50,173.95,186.01,194.08,203.59,215.15,221.78,234.34,242.90,249.66,255.89,261.02,267.79,268.43,265.00,260.56,259.06,248.94,244.09,233.94,231.23,229.17,220.72,211.46,203.97,201.20,200.93,195.29,185.17,179.71,174.18,170.00,159.14,150.88,142.64,136.08,124.49,115.88,102.65
116.78,127.10,132.85,140.25,141.79,148.68,149.63,152.40,153.10,157.21,162.64,167.36,171.97,179.11,187.38,197.80,205.07,216.54,227.37,238.56,253.57,263.50,270.04,279.06,283.11,284.69,288.50,287.39,282.36,276.96,270.02,265.02,254.57,247.58,244.00,238.10,228.97,222.03,216.18,212.15,207.78,197.87,192.51,186.51,181.59,169.53,162.86,154.21,144.00,132.65,122.97,109.84
128.00,139.86,149.97,159.30,164.10,174.32,176.14,185.31,188.53,193.88,199.06,208.41,213.01,217.46,224.24,232.59,240.60,247.63,254.13,259.06,268.46,278.64,284.97,291.19,297.42,302.45,303.40,295.68,293.06,288.98,280.53,272.43,262.19,258.02,255.70,248.70,236.91,228.97,227.69,225.61,218.49,208.60,201.00,195.92,189.84,178.54,169.50,161.38,151.03,140.80,128.13,114.91
123.81,136.78,143.14,153.03,159.73,167.48,170.14,168.24,170.02,163.59,165.74,166.15,167.29,172.70,177.91,186.21,195.24,200.88,206.98,217.94,229.82,236.14,244.81,251.21,252.69,257.40,261.73,257.61,253.31,249.10,244.31,238.89,230.21,225.66,222.27,217.01,211.00,202.77,198.91,196.02,190.39,184.39,177.79,172.61,167.54,157.03,151.82,141.65,133.09,121.66,115.32,102.34
117.24,130.10,134.81,144.36,154.21,158.80,164.48,171.60,174.32,178.06,182.57,188.86,191.60,197.23,201.14,207.23,215.75,220.74,225.57,230.99,236.21,244.09,250.77,255.80,259.00,259.00,258.43,258.55,253.06,248.13,242.39,235.99,226.37,220.15,216.07,210.23,201.94,195.79,191.01,185.32,180.09,174.41,165.20,161.51,156.89,146.41,139.56,131.86,120.54,112.61,103.00,92.44
115.11,127.29,135.00,144.01,151.64,159.83,163.71,173.49,179.63,184.20,186.00,195.27,200.74,204.07,204.66,213.93,219.46,229.39,231.89,236.08,245.51,254.06,260.75,264.68,267.87,274.13,273.08,266.54,268.08,261.27,255.52,248.34,242.99,242.41,235.94,228.11,222.50,215.06,214.14,210.16,204.30,197.02,191.47,185.56,181.46,168.43,159.67,151.82,140.89,132.00,119.28,109.08
113.46,122.49,131.61,138.97,140.01,136.21,138.22,161.08,164.94,173.09,170.00,168.22,173.73,179.75,182.58,192.11,198.98,204.48,211.60,214.08,225.50,233.17,243.63,250.65,253.95,260.77,265.22,260.38,264.56,258.23,256.02,252.35,247.61,244.02,240.60,235.30,233.26,225.96,225.26,223.06,216.94,211.02,202.71,196.09,190.82,180.70,173.53,158.68,150.27,140.19,129.62,115.00
116.09,128.14,134.41,142.64,153.26,161.74,166.21,175.15,180.04,186.97,191.60,199.32,205.04,207.82,215.63,223.40,230.22,235.67,241.47,247.95,257.24,264.55,271.49,277.96,282.26,283.59,284.61,285.35,282.55,274.32,273.22,264.36,256.02,253.24,246.40,239.78,234.89,228.25,226.00,219.54,214.22,206.58,197.25,193.67,185.27,174.05,166.17,154.03,143.39,134.65,122.33,111.51
118.81,133.66,137.09,148.43,158.32,168.05,173.76,182.73,186.56,195.13,201.32,208.41,211.48,217.59,224.89,230.76,239.38,247.13,253.34,260.55,268.70,277.07,284.11,294.16,297.67,299.61,300.22,298.53,298.46,288.65,285.85,277.40,267.82,262.42,254.91,248.28,244.72,236.26,231.42,225.82,219.58,209.95,200.84,196.01,187.24,175.05,166.51,155.68,144.50,132.85,122.41,110.02
107.94,121.20,125.54,136.75,146.37,152.55,156.54,167.24,170.33,175.51,178.39,186.46,189.04,192.76,199.90,205.27,214.37,221.42,227.75,233.62,242.83,249.90,257.12,263.05,269.43,274.32,271.67,273.78,272.42,268.21,263.01,256.14,248.57,242.21,238.35,232.22,223.90,217.44,214.53,209.80,203.59,192.52,185.27,180.07,172.54,159.00,152.83,142.27,132.44,124.04,111.07,100.60
112.38,124.17,130.60,141.15,149.48,156.68,163.98,175.31,180.62,186.55,191.09,200.23,202.83,207.06,212.92,218.33,228.00,235.38,243.13,248.08,259.43,266.05,274.07,277.35,283.88,289.40,289.17,284.49,283.53,276.73,272.74,265.02,257.70,251.46,246.34,239.44,231.04,221.21,218.20,214.19,208.24,195.42,188.60,182.16,175.10,162.25,154.20,143.62,135.03,125.87,111.52,100.72
112.75,125.36,135.15,144.75,152.35,161.01,165.08,176.40,183.10,189.04,191.94,201.79,204.41,208.61,210.00,219.99,227.64,235.14,243.58,249.90,260.38,269.24,274.39,278.61,284.06,293.12,294.72,287.80,288.49,281.78,279.03,271.50,263.43,260.10,253.29,247.32,240.57,229.34,225.39,222.90,217.31,204.89,200.14,191.37,184.78,170.66,160.59,151.33,140.52,132.00,119.47,105.48
104.05,114.98,122.07,130.67,136.12,144.59,150.92,163.51,170.49,177.80,182.20,191.98,192.04,196.70,198.83,208.59,214.18,220.38,229.39,233.31,247.32,252.04,258.04,263.04,267.51,273.24,276.99,270.68,272.59,266.23,261.64,254.57,246.60,242.22,236.50,229.58,223.33,214.00,209.66,209.20,204.69,191.60,186.08,175.80,171.84,157.04,149.45,140.60,130.00,123.18,108.52,97.31
99.61,111.00,114.87,124.68,131.24,138.18,145.34,156.32,163.62,172.51,176.82,185.71,185.43,191.66,194.14,202.36,209.39,217.22,223.18,226.82,239.26,246.79,253.50,255.42,262.45,265.70,267.64,263.22,264.17,258.16,253.44,246.20,237.86,233.75,227.01,219.83,213.65,206.63,200.68,198.06,192.32,183.99,176.41,166.64,162.44,151.56,142.67,132.85,122.26,114.20,103.08,91.79
107.02,119.92,125.26,132.52,140.13,145.62,151.21,163.53,170.66,178.66,190.18,199.12,210.80,219.34,225.98,237.74,242.92,251.75,256.32,263.50,275.68,284.72,291.91,295.24,301.23,306.75,303.12,297.04,295.89,283.57,281.33,269.09,257.18,248.00,238.88,230.55,222.41,214.95,210.61,200.41,193.74,184.86,175.64,166.09,161.05,145.91,140.25,128.71,120.04,108.85,99.82,87.32
101.21,111.13,118.34,126.21,134.47,141.66,148.43,161.12,166.01,170.59,173.12,177.49,181.11,183.10,187.10,193.00,200.96,207.87,213.96,218.24,225.89,233.43,240.00,241.76,248.31,252.88,252.35,248.82,246.22,240.92,237.02,227.34,218.22,214.95,209.34,201.44,192.38,185.97,180.55,177.43,172.80,163.05,155.17,146.81,143.13,129.25,122.53,112.16,106.04,97.31,87.32,77.10
122.25,133.23,142.44,151.03,160.46,167.43,172.31,181.30,183.90,186.43,189.08,194.81,196.37,202.19,204.46,212.90,217.30,225.84,235.05,240.53,249.61,255.49,263.49,268.81,275.81,283.05,284.52,279.93,277.65,273.25,271.63,261.85,255.15,249.19,247.49,238.10,228.46,219.02,217.57,210.52,202.04,192.85,180.47,174.47,167.60,153.64,142.44,133.23,121.71,110.77,101.83,91.24
117.71,129.85,134.46,144.36,153.22,159.51,162.80,170.36,173.73,177.50,181.86,187.00,190.19,193.15,199.01,203.80,211.90,220.23,226.61,231.14,240.30,250.23,254.53,261.11,266.99,273.31,273.15,270.50,269.41,264.46,260.01,254.23,246.42,240.01,237.64,227.04,220.23,210.32,207.41,203.16,193.72,186.14,172.20,169.43,158.09,145.99,136.47,125.17,114.62,105.69,94.89,85.07
116.62,130.12,137.28,146.29,151.29,159.84,161.25,168.72,172.90,175.87,180.01,186.30,189.79,190.16,197.52,202.31,209.25,216.95,223.29,227.37,236.28,247.03,252.56,257.08,263.58,266.87,266.37,262.35,257.11,252.03,245.64,239.40,230.82,226.74,221.00,210.41,203.67,197.61,190.82,186.43,179.98,171.29,162.96,157.81,150.44,135.00,125.77,115.88,109.84,100.45,89.89,79.12
107.28,121.10,129.47,140.89,141.77,150.24,144.45,151.92,155.72,159.38,157.01,158.93,160.03,160.60,167.72,175.00,182.43,194.99,197.25,202.04,217.37,225.04,231.41,240.88,245.94,252.24,256.85,259.65,254.70,250.01,247.30,241.86,238.91,231.94,227.11,220.27,213.14,209.39,199.42,198.72,192.92,181.34,173.79,168.15,159.14,145.34,137.46,129.25,120.93,110.91,100.98,90.80
105.08,116.11,125.16,133.06,133.72,144.84,149.21,151.01,146.69,147.14,145.17,146.24,150.89,151.33,162.12,170.77,176.41,184.11,179.03,188.22,194.64,205.65,211.15,217.82,225.06,230.34,237.26,235.69,236.32,239.95,240.67,240.44,236.14,233.38,228.36,224.44,219.11,211.65,208.61,205.24,200.21,187.46,181.99,174.18,168.68,153.57,144.59,133.27,127.29,115.39,105.04,94.56
108.47,118.02,128.51,135.28,138.42,146.15,148.07,155.44,155.67,160.01,163.49,169.20,170.65,174.91,176.01,181.20,187.63,195.21,198.31,202.36,210.98,217.50,220.23,227.71,233.81,237.43,240.60,239.29,237.04,235.64,230.18,228.47,220.24,216.92,211.23,205.00,201.10,192.51,191.47,187.00,183.07,174.23,168.91,165.15,158.40,149.88,141.51,132.85,127.80,120.42,109.04,98.23
120.35,133.14,141.68,149.16,151.82,157.69,158.38,168.00,166.38,171.19,170.47,176.48,177.16,178.32,181.71,185.30,190.03,196.02,200.88,203.42,207.87,212.17,219.09,221.23,219.42,226.98,231.48,233.19,230.87,226.88,227.56,227.69,223.99,218.44,215.03,209.31,207.18,201.43,198.12,195.53,190.60,182.24,176.28,171.81,167.36,156.04,148.53,141.23,132.82,124.20,113.60,103.23
122.61,135.43,143.92,152.07,156.32,164.56,165.22,170.55,171.30,175.00,179.48,181.62,183.85,185.54,188.37,193.33,194.91,199.32,199.67,207.93,207.87,211.25,213.38,218.36,217.41,216.78,218.13,208.87,204.66,203.02,198.60,195.90,193.69,193.38,190.07,186.90,185.01,179.72,178.97,176.82,175.03,170.53,167.36,160.53,157.08,149.91,143.75,137.64,128.27,121.10,111.46,99.16
125.21,138.06,142.87,153.05,159.66,166.39,167.74,173.54,174.89,177.28,180.47,183.44,188.04,186.32,188.52,193.79,195.93,200.82,201.04,208.03,206.17,211.60,212.87,217.19,215.56,216.58,216.72,207.79,203.33,201.59,197.74,193.68,191.21,192.20,190.82,185.97,184.46,178.64,180.43,178.01,177.39,172.66,170.07,163.22,159.79,152.21,147.87,139.59,130.43,123.76,114.55,103.73
119.51,131.14,139.79,148.06,154.06,163.23,164.92,174.66,177.79,183.29,185.78,192.09,195.03,198.81,200.81,206.49,214.25,216.45,219.64,227.97,227.27,234.65,239.35,241.17,244.61,244.20,246.00,238.10,233.73,234.71,228.71,222.04,218.74,215.13,211.30,205.72,203.00,198.80,192.51,188.79,187.64,179.12,174.18,170.84,167.11,156.26,150.05,142.30,135.71,126.44,116.25,102.46
109.56,120.02,125.23,132.61,140.36,146.29,149.08,153.94,155.79,159.25,166.72,167.76,173.69,175.65,177.46,186.51,190.63,193.37,197.65,207.23,208.75,212.64,218.06,218.56,221.00,223.52,222.43,221.04,222.25,216.36,213.36,210.67,208.78,203.90,200.42,197.57,195.56,191.42,190.13,186.12,183.41,176.58,172.20,168.67,163.57,154.21,149.94,139.29,131.40,119.97,111.73,99.20
107.33,118.87,126.14,134.65,142.86,148.93,154.94,162.36,166.08,171.99,177.26,181.02,186.08,188.60,192.17,199.06,207.10,211.15,217.00,223.62,226.50,235.34,241.15,244.08,248.29,249.90,254.66,251.18,248.91,243.88,238.21,234.05,225.94,220.51,215.80,210.58,203.23,197.73,193.29,189.31,184.95,177.05,169.66,164.22,159.00,148.14,142.20,133.96,125.78,116.09,106.30,96.34
112.80,130.00,135.06,145.07,153.47,161.79,165.15,175.41,181.57,183.70,190.91,196.12,200.20,204.30,210.32,217.71,223.13,227.02,233.11,241.85,246.45,256.14,259.00,266.72,271.07,274.64,278.61,271.83,268.37,262.25,259.98,252.16,245.46,238.38,235.05,227.85,221.63,213.18,208.97,203.33,198.49,190.44,182.40,175.41,170.14,160.38,152.40,141.23,132.57,124.34,111.68,103.12
115.16,127.47,133.96,145.10,149.22,158.81,161.52,171.41,176.50,180.55,183.83,190.52,195.88,195.83,202.56,210.28,217.49,223.01,227.73,232.41,239.75,245.23,252.72,256.12,264.85,269.88,269.86,260.13,261.94,257.12,254.49,246.66,239.73,237.93,236.07,226.24,220.06,210.15,208.00,205.65,199.72,189.27,183.38,175.93,171.49,157.08,147.96,138.61,131.64,122.12,111.80,100.26
111.21,121.17,130.14,137.99,145.09,150.88,156.32,164.17,168.91,173.23,177.61,183.00,185.19,188.31,194.81,198.50,206.42,211.59,218.01,220.86,227.56,233.45,239.89,243.99,250.24,256.28,254.35,248.08,247.17,245.02,240.35,232.00,225.01,223.76,220.27,211.69,206.04,197.09,191.67,191.59,183.00,175.31,167.80,160.64,155.42,143.17,134.73,125.67,118.34,109.84,99.93,89.01
111.45,124.34,131.52,138.24,145.83,155.56,157.42,168.59,171.96,176.28,181.22,186.95,189.13,192.77,199.83,203.54,211.32,216.81,221.63,224.40,233.68,242.17,242.62,247.69,252.94,255.13,256.58,256.85,255.18,249.04,247.00,239.14,231.94,227.92,223.49,215.08,210.77,203.06,197.80,192.85,188.53,177.49,167.36,160.80,156.26,143.53,133.33,125.51,117.21,110.37,98.81,90.80
117.14,129.81,136.01,146.05,151.82,161.48,165.05,172.19,176.85,179.62,185.88,191.02,193.06,197.95,202.04,208.06,214.66,218.87,226.17,231.76,238.40,244.03,250.80,253.19,258.50,263.08,258.87,254.14,252.58,244.57,243.79,235.60,228.48,221.92,217.14,210.71,204.22,195.02,190.16,184.70,179.00,170.80,161.93,153.76,150.27,137.06,128.72,120.95,110.72,103.24,94.20,85.91
119.04,132.50,139.36,150.27,156.67,164.81,169.14,177.54,182.13,186.32,191.46,196.64,198.71,203.63,207.24,215.14,221.02,226.92,231.76,239.45,245.60,253.13,257.86,259.74,264.49,268.21,269.99,267.15,262.62,257.11,252.00,245.47,237.03,231.31,225.04,218.76,213.23,203.04,198.60,191.67,184.81,175.33,166.51,158.70,155.62,141.99,134.16,124.26,116.16,107.47,95.57,86.03
122.07,133.51,140.52,147.63,156.97,165.15,165.85,170.66,173.10,178.90,183.25,188.22,190.21,195.66,200.11,209.31,215.04,223.08,231.14,237.07,245.94,254.95,259.39,261.26,271.88,276.45,277.35,278.54,278.60,272.26,269.03,265.24,258.54,251.72,247.01,241.67,237.07,229.63,222.63,216.64,213.10,200.26,190.25,183.70,176.47,163.75,153.52,143.35,134.83,123.55,113.03,99.76
112.95,123.33,131.49,138.29,143.57,153.21,153.03,159.54,162.20,167.63,171.06,176.01,178.71,182.82,188.92,195.49,199.08,208.61,210.32,215.78,223.33,233.02,235.72,243.29,252.12,256.13,260.00,259.92,260.02,258.49,260.42,254.33,255.64,252.51,249.10,244.59,241.37,233.65,229.72,222.17,216.34,208.93,197.85,190.67,183.37,169.00,158.40,148.22,136.97,123.97,114.98,100.81
116.71,129.52,134.01,143.13,148.34,157.20,159.91,164.11,166.43,173.28,174.87,180.34,181.89,186.40,191.23,197.50,200.96,210.30,214.77,220.27,228.06,238.03,242.21,248.29,253.02,258.64,264.14,270.19,272.36,271.46,271.31,269.98,271.45,265.35,263.76,259.33,255.55,248.21,244.26,238.21,233.68,221.84,213.55,204.08,200.00,182.94,170.75,159.81,148.38,136.62,122.33,107.87
113.00,124.42,127.40,132.97,138.01,146.77,153.69,158.69,165.85,159.24,162.93,173.17,175.65,178.35,180.50,186.69,190.12,195.21,204.19,210.34,220.87,230.76,235.31,240.92,247.95,258.04,264.52,265.51,269.43,266.27,266.74,264.46,259.51,254.17,250.77,244.73,240.25,230.24,227.71,222.46,220.20,206.41,201.20,192.04,186.23,170.16,160.96,151.65,141.40,132.25,117.28,105.69
111.83,125.40,127.81,137.00,139.79,144.31,146.49,150.40,152.64,155.57,159.77,165.52,168.07,172.05,173.35,184.50,190.55,202.41,209.77,213.17,226.63,239.71,245.93,250.29,252.55,266.41,270.93,269.31,270.38,265.16,261.20,256.56,252.72,253.66,244.81,239.12,235.44,228.89,226.99,220.32,217.64,209.06,203.59,197.52,191.69,179.77,169.66,159.85,149.50,139.09,126.83,114.02
109.90,121.60,125.64,137.77,140.04,143.00,143.40,149.97,153.31,155.80,155.32,160.85,164.76,164.60,166.35,175.05,180.11,187.88,192.42,196.70,204.07,219.49,224.50,230.56,236.77,249.01,256.46,258.86,262.19,259.38,257.64,254.92,247.42,243.66,236.92,230.84,227.26,220.12,217.69,213.95,212.04,199.81,195.29,187.09,179.74,166.68,155.71,148.03,138.71,128.55,117.00,104.81
118.26,131.53,138.76,145.17,147.18,154.86,157.43,163.88,165.28,169.62,174.81,177.34,182.33,184.98,190.92,196.82,202.73,209.75,215.37,223.01,233.14,241.46,248.65,254.02,260.25,266.00,260.77,259.52,258.85,254.40,252.03,246.66,241.42,236.30,230.26,226.28,222.04,217.28,214.39,206.52,203.42,198.04,193.19,185.83,180.95,169.33,164.21,156.12,146.81,136.75,125.25,110.72
108.21,120.42,126.53,131.38,136.30,142.62,145.36,149.21,152.55,154.43,155.65,159.14,162.05,162.10,164.17,170.99,173.22,179.29,185.27,186.47,194.55,201.90,210.10,213.71,217.11,225.14,245.98,241.76,238.76,239.71,238.81,236.40,233.00,233.64,232.00,223.49,219.35,214.11,210.21,207.41,203.12,193.85,187.54,180.47,173.82,161.90,151.85,142.76,135.77,123.26,112.54,100.57
106.38,117.63,125.54,130.97,134.61,139.45,141.60,147.30,149.68,152.05,152.32,156.05,159.11,161.00,161.34,167.26,167.71,176.57,178.14,184.14,190.38,195.97,201.94,209.70,215.20,225.00,230.50,225.66,226.05,225.44,225.58,221.73,220.20,222.10,217.17,214.11,210.46,204.06,202.07,198.12,195.85,187.61,181.60,173.97,167.76,155.22,148.79,139.31,129.56,120.92,111.40,97.80
106.89,117.18,122.98,129.12,134.74,139.70,141.48,145.58,149.11,151.80,151.82,155.42,159.31,158.07,162.15,165.68,171.30,173.37,177.88,184.25,188.22,194.33,200.55,204.73,213.10,221.47,216.28,217.18,221.35,219.61,218.05,212.88,211.01,209.26,208.15,204.01,200.66,196.89,194.54,189.76,186.42,180.57,175.45,169.00,162.79,149.41,144.47,134.97,126.29,116.93,109.04,95.19
116.40,128.41,135.52,143.01,149.57,153.44,157.01,161.74,164.10,165.68,168.57,171.49,174.94,177.34,179.18,184.62,187.45,193.85,196.82,201.80,204.07,212.70,215.60,222.28,222.91,226.01,237.97,231.90,230.05,229.27,226.92,225.27,223.71,220.98,218.40,215.19,210.77,206.06,203.69,201.69,198.09,189.59,184.46,178.84,172.97,160.56,154.95,145.53,134.72,126.27,115.28,100.72
114.23,126.02,131.50,138.65,147.51,156.08,156.47,163.25,167.89,169.50,176.65,179.23,182.72,182.79,188.30,195.85,198.40,204.08,205.65,213.79,213.84,221.45,226.74,232.41,231.94,233.82,243.61,238.02,236.35,234.16,232.47,229.14,224.96,220.76,220.00,214.53,207.86,203.79,202.25,196.90,195.26,188.66,183.10,174.87,170.06,157.41,151.83,142.05,130.61,122.10,110.04,98.05
116.42,128.76,133.33,143.63,151.82,160.03,159.91,167.74,169.50,173.93,181.40,183.12,187.00,186.20,192.48,200.49,201.49,205.73,211.57,216.63,217.49,226.32,229.49,235.34,233.44,234.76,244.98,237.05,236.86,232.78,230.67,226.77,223.02,219.09,218.06,212.98,207.47,200.52,200.10,194.74,191.38,186.66,179.66,173.22,165.50,155.08,147.73,136.96,127.13,118.13,108.81,96.01
119.87,132.85,140.69,149.38,155.72,164.20,166.60,174.96,178.36,184.44,184.72,192.51,194.00,192.84,197.09,203.83,206.94,213.56,218.92,222.99,226.28,230.49,235.29,237.76,239.08,244.20,244.93,243.48,246.64,238.02,233.50,231.31,226.77,223.14,222.02,215.37,210.20,202.30,201.21,198.71,196.76,188.01,184.84,178.04,171.60,159.22,150.88,144.25,133.36,126.25,114.21,102.96
125.10,136.95,146.99,156.92,164.76,174.84,176.24,187.03,192.88,196.92,200.68,207.20,210.30,211.60,214.20,221.35,226.72,230.27,235.76,240.52,244.72,249.07,255.20,257.16,258.94,262.09,259.30,254.02,252.66,245.84,239.28,233.62,224.80,221.60,215.47,209.47,202.53,198.65,193.10,189.86,183.14,177.03,171.05,165.02,161.72,148.48,143.61,135.48,127.06,119.04,109.49,97.51
125.32,137.99,148.01,156.26,165.70,174.26,177.54,187.75,192.43,197.85,201.44,208.06,211.25,210.77,215.68,221.28,227.50,233.17,236.97,241.30,245.84,250.78,255.16,257.47,259.39,264.59,260.65,255.44,252.36,247.74,240.51,235.05,225.14,221.92,218.22,210.00,203.54,197.59,194.49,190.55,186.95,177.34,173.59,164.98,162.11,149.89,142.52,135.35,126.91,120.34,109.22,99.28
119.85,133.24,139.86,150.07,157.43,166.68,170.33,179.74,184.89,188.68,193.02,200.39,203.68,203.58,209.62,214.77,219.37,227.48,234.75,234.94,241.23,246.01,251.54,254.07,255.86,260.99,263.60,253.20,253.40,248.03,246.29,239.63,232.86,232.26,227.72,222.25,215.39,209.65,204.44,205.88,199.22,189.02,183.81,176.95,170.94,156.42,150.34,141.04,130.65,124.40,110.68,98.31
117.10,129.54,137.01,146.33,154.93,163.68,168.07,173.67,180.77,183.10,190.19,195.02,198.64,200.68,205.55,209.07,214.76,220.64,224.97,231.95,234.20,240.20,244.68,248.29,250.64,255.65,255.12,248.09,247.40,240.93,239.83,234.96,226.57,222.31,219.00,216.09,210.64,203.93,200.39,195.90,188.43,184.30,174.94,170.00,163.42,150.03,144.50,135.44,126.12,116.25,103.81,94.18
115.00,127.25,137.42,145.69,151.29,161.05,163.87,173.59,179.75,184.09,187.77,195.21,198.37,199.20,203.54,210.64,213.18,222.46,227.49,230.08,237.19,242.22,245.60,250.11,254.21,257.42,259.67,249.71,249.30,246.08,243.21,237.19,232.42,228.74,225.57,219.16,214.39,207.59,204.68,200.96,194.99,187.45,178.94,172.05,167.69,154.80,147.47,138.09,127.58,120.54,107.38,96.69
120.21,133.42,140.91,149.51,158.40,166.77,171.81,181.25,187.30,187.81,197.31,202.55,205.29,209.34,213.28,220.51,226.45,233.82,237.51,245.38,249.62,254.80,261.28,264.05,263.09,265.93,270.12,271.49,267.81,262.48,258.52,253.71,244.98,242.25,236.32,233.21,229.61,224.54,219.23,212.72,205.53,201.56,193.21,184.30,179.87,166.42,159.15,149.21,138.40,126.81,114.76,103.79
119.27,130.43,140.19,148.35,155.63,165.01,168.08,179.98,185.55,190.23,195.36,203.25,207.16,209.77,213.85,223.22,227.26,235.76,240.63,247.41,252.40,260.23,263.88,267.05,266.85,273.37,277.04,273.00,273.77,266.18,265.58,258.19,251.81,248.56,243.87,239.02,234.76,226.32,224.59,219.31,213.04,203.39,198.46,187.45,183.58,168.58,160.03,149.84,139.59,128.74,115.43,103.73
116.50,128.14,139.26,147.87,152.46,161.03,166.38,177.34,184.39,188.16,194.37,202.31,205.83,209.54,214.22,222.69,227.88,237.15,243.40,248.56,259.07,264.62,271.36,271.90,275.77,285.28,284.02,279.51,281.49,275.39,271.53,262.68,258.13,255.98,252.04,246.55,239.42,234.10,231.16,226.88,221.39,211.01,206.49,196.23,192.04,176.80,167.94,157.20,146.44,137.36,120.90,110.16
111.07,123.00,130.38,137.90,147.03,154.69,162.05,170.56,175.52,181.47,186.56,194.06,197.09,202.20,207.18,215.52,220.99,229.37,235.26,238.91,249.15,254.85,264.05,270.17,275.54,280.59,276.42,270.39,269.13,267.98,265.58,257.50,251.21,250.39,244.97,239.60,234.35,226.30,223.28,221.02,214.28,207.28,199.48,189.21,186.03,173.08,164.07,154.29,143.17,132.20,119.63,107.38
108.52,118.83,127.14,136.82,140.13,149.48,154.35,164.13,169.31,175.62,179.78,189.76,192.42,196.16,199.18,207.18,217.41,224.51,230.56,232.88,244.12,251.81,258.12,266.18,267.62,274.55,278.33,266.48,264.71,263.79,259.65,253.49,248.05,246.76,244.44,237.95,230.43,224.51,221.14,220.54,213.88,206.16,198.64,191.02,186.70,171.14,162.31,153.64,142.30,131.11,118.60,105.60
99.82,109.14,116.04,123.66,130.54,138.51,142.06,151.34,155.93,161.47,166.88,174.13,178.63,182.88,187.52,194.45,198.98,208.12,214.76,220.23,231.04,237.47,243.51,246.11,247.15,250.01,259.56,254.33,252.20,248.62,247.10,240.42,237.26,234.39,231.02,226.11,220.41,212.45,212.08,208.04,203.77,195.85,189.75,179.27,176.41,163.53,154.35,144.13,134.12,124.85,112.36,101.97
112.00,125.24,133.30,141.38,148.66,159.24,165.19,178.03,183.29,188.35,195.94,204.36,207.10,215.41,221.38,228.60,235.31,244.25,251.34,257.20,267.02,273.58,277.72,285.41,288.40,294.01,295.41,287.89,288.86,279.95,278.41,268.26,259.26,253.67,246.53,242.62,236.70,228.37,224.41,217.12,213.36,202.97,195.16,185.44,181.82,168.13,160.13,149.41,139.31,128.71,117.43,105.12
112.81,123.04,133.33,140.80,149.49,159.03,163.87,177.16,181.25,190.38,196.36,204.45,208.97,217.33,222.60,232.94,236.44,245.72,252.79,259.30,268.70,277.50,280.45,286.57,291.63,298.40,297.87,294.06,293.23,284.29,285.20,275.04,266.16,259.36,251.59,250.57,242.83,233.62,230.60,223.66,219.26,207.54,199.85,191.44,186.43,174.52,162.83,153.64,139.65,130.06,120.42,106.89
111.54,123.49,135.59,143.56,149.09,160.10,167.91,178.73,183.07,192.04,194.16,206.31,210.22,215.84,222.60,230.36,239.11,247.83,254.66,257.10,269.06,276.96,282.68,287.04,292.87,300.11,301.60,293.31,294.68,286.78,282.82,276.52,267.34,266.48,260.16,252.53,244.71,235.59,232.17,228.95,222.09,210.35,204.09,192.76,188.90,174.67,163.69,152.07,143.18,132.08,117.80,105.00
106.04,118.47,128.22,136.00,145.04,154.39,158.60,170.41,177.16,181.99,189.08,196.47,202.18,209.25,215.04,223.76,228.84,239.01,245.52,249.30,261.94,272.05,274.63,281.78,286.93,293.21,295.15,290.45,289.72,282.65,281.94,272.38,266.32,262.19,253.56,249.05,242.94,233.33,229.05,222.41,217.64,206.52,197.71,187.76,181.33,168.81,159.40,148.33,136.00,125.54,115.80,102.08
102.59,114.24,124.02,133.09,139.59,149.25,154.78,166.34,172.03,177.71,183.74,192.63,195.35,203.08,208.41,217.09,222.77,233.28,240.28,243.34,253.90,264.22,269.36,275.09,280.82,286.75,288.76,283.56,284.63,276.46,274.85,268.08,258.94,255.47,248.41,243.48,237.49,229.12,225.46,219.01,212.72,201.72,192.43,183.10,178.23,165.76,154.74,144.59,133.15,124.08,111.80,99.08
103.94,116.10,126.05,134.01,141.04,153.03,161.64,174.48,181.46,189.26,193.71,206.31,209.95,215.52,221.06,230.57,237.43,249.43,255.16,259.62,270.12,281.28,287.92,292.85,299.02,305.76,310.34,302.13,305.38,300.84,298.82,290.63,282.45,280.32,274.69,269.00,262.59,251.86,247.98,245.31,240.71,225.04,219.26,208.47,201.31,185.73,172.19,159.81,150.46,139.05,120.81,104.69
101.32,113.15,121.70,130.00,138.96,149.81,155.93,169.92,175.01,183.66,189.62,198.49,202.07,209.51,213.55,223.79,229.73,240.41,245.73,251.34,262.68,271.11,276.42,282.26,287.80,293.40,296.23,290.87,291.58,285.22,282.97,274.31,265.37,261.67,253.65,248.49,242.91,232.23,227.38,222.75,215.18,204.56,195.02,186.55,179.69,168.07,154.72,145.34,135.15,122.93,112.02,98.90
98.81,111.00,120.07,127.91,136.49,147.25,154.93,168.67,177.14,184.76,193.23,202.01,207.16,215.60,220.17,232.11,235.34,248.73,254.28,260.71,269.68,281.15,286.45,293.46,300.04,304.54,310.46,304.32,309.59,300.41,299.43,290.32,283.92,281.82,275.54,269.45,262.08,252.01,249.87,243.71,237.79,224.52,217.83,205.41,199.62,185.40,172.70,159.71,147.65,135.77,121.67,106.38
101.19,112.04,122.20,131.65,139.52,149.04,158.03,169.74,176.48,183.48,190.70,200.21,204.08,212.80,216.46,226.24,231.66,241.30,248.49,255.45,263.89,273.34,279.01,284.27,289.95,296.47,297.57,292.68,294.00,285.82,284.40,277.40,267.82,262.43,254.48,250.34,242.42,234.97,230.56,222.80,216.91,206.60,197.40,187.09,181.04,169.50,159.01,148.06,137.06,125.54,116.82,100.34
100.40,113.78,122.49,132.91,139.39,148.72,157.18,170.79,179.03,187.00,192.94,201.99,206.53,210.64,216.18,225.49,234.33,243.59,249.66,251.86,265.20,272.62,281.71,284.16,288.57,298.65,302.37,294.00,292.98,288.18,284.11,275.94,269.61,265.38,259.62,251.63,242.80,234.92,228.48,226.72,219.32,206.41,200.26,189.17,184.00,169.19,160.42,148.00,139.01,126.81,114.48,100.72
101.13,112.43,121.74,130.65,139.46,149.50,156.65,166.24,174.14,181.16,187.97,197.09,201.10,208.49,214.66,224.29,230.15,237.95,244.13,248.94,260.60,270.57,275.35,283.35,287.14,292.91,298.11,291.45,290.51,284.49,280.53,274.76,265.05,263.44,252.12,250.20,242.54,234.23,229.65,223.71,216.39,208.00,197.94,187.67,182.99,168.81,159.14,148.30,136.34,125.25,114.84,100.72
91.22,101.71,109.17,118.11,125.22,133.51,139.74,150.81,157.10,163.49,169.14,176.47,180.01,184.50,190.60,197.77,205.97,213.60,219.61,221.30,234.10,240.92,247.34,250.80,256.16,259.73,267.15,259.05,258.23,252.13,250.45,243.65,237.72,234.24,227.70,221.54,215.34,206.98,203.49,197.84,193.04,183.52,175.00,167.04,161.15,150.62,140.23,130.51,121.20,112.20,101.65,89.94
103.48,120.33,121.02,135.42,143.84,150.23,155.54,167.94,175.57,182.21,187.32,199.01,201.56,207.29,213.30,222.41,228.01,237.92,244.91,249.48,262.38,270.45,273.92,281.90,284.23,292.55,294.05,287.71,288.50,281.41,280.85,270.16,264.14,259.33,252.77,247.02,238.76,230.53,226.46,220.99,213.53,203.97,197.27,185.91,180.31,167.61,156.72,146.82,136.31,125.78,114.06,100.26
102.16,113.64,122.81,131.48,139.52,148.38,154.73,165.47,171.47,177.86,183.25,191.64,196.56,203.55,208.17,217.11,221.65,230.52,233.26,241.23,250.00,260.05,263.93,269.31,273.65,281.80,284.08,277.30,277.76,269.23,270.04,260.50,251.75,247.05,242.01,236.70,229.20,221.27,215.59,208.34,203.06,193.96,186.98,177.88,170.60,159.97,149.97,141.51,128.84,120.80,109.42,98.08
102.00,111.76,123.45,131.49,137.64,146.84,153.21,165.56,171.97,177.05,183.33,192.57,196.66,201.08,205.93,217.00,223.08,231.87,238.41,239.93,251.73,260.25,266.07,272.66,275.75,283.14,287.95,280.30,279.59,274.93,272.26,262.56,255.39,252.52,246.73,239.00,231.62,222.99,218.13,213.19,208.12,198.22,191.65,181.04,175.29,163.13,152.69,142.04,132.98,122.87,110.68,97.86
107.86,119.85,127.28,136.69,145.12,155.71,160.63,172.25,176.30,185.30,191.01,199.15,205.27,210.11,218.19,226.74,233.12,241.25,246.43,252.00,265.21,272.97,279.03,286.36,291.44,296.71,299.69,293.98,292.47,287.77,284.38,274.24,269.31,262.36,255.37,251.11,243.00,235.92,227.88,221.61,216.49,207.27,200.14,188.13,181.69,169.33,160.31,150.84,139.06,128.58,117.07,103.60
105.51,118.27,123.98,133.60,141.82,152.28,156.92,167.69,172.41,181.18,185.71,192.59,199.30,206.04,213.01,220.24,225.64,233.86,239.08,245.20,255.82,264.80,273.56,278.86,283.03,286.27,291.00,287.96,284.48,280.59,276.81,266.54,262.48,255.42,248.28,244.18,237.54,229.11,224.18,215.24,210.21,204.41,195.43,186.60,180.05,168.67,158.69,148.37,139.00,127.44,117.00,105.39
103.59,115.97,124.62,131.03,141.90,150.70,157.08,169.01,175.80,184.78,189.68,197.91,207.15,213.46,219.39,228.88,235.69,243.40,249.45,255.83,270.21,279.95,286.97,294.00,298.80,304.02,307.67,305.49,305.00,300.14,298.41,287.90,286.92,275.80,271.54,264.61,258.40,250.51,244.18,237.31,233.02,225.62,216.32,204.71,197.73,181.69,172.36,160.33,149.09,134.61,126.67,109.93
98.15,108.91,118.51,126.04,134.41,142.03,148.01,160.70,164.16,175.64,178.66,187.95,196.58,202.05,204.46,217.04,224.04,231.87,239.07,241.75,255.03,263.69,272.00,276.74,282.35,288.74,290.90,287.60,287.90,284.86,279.96,272.00,266.91,264.17,258.99,250.89,243.50,234.54,229.89,226.68,220.41,211.15,205.23,194.31,185.80,171.94,163.02,152.12,141.65,128.71,118.07,107.02
96.01,107.97,117.41,125.10,132.00,142.17,147.46,160.96,164.20,174.45,176.18,187.98,195.44,199.48,204.44,213.81,220.64,230.11,237.45,241.51,255.34,264.32,269.98,275.01,280.40,286.25,290.26,285.79,285.96,284.00,278.68,271.92,265.51,262.94,257.99,253.90,243.10,235.53,233.11,228.09,223.22,211.09,204.98,195.17,189.64,173.57,162.69,152.46,141.99,132.31,119.33,106.57
99.13,109.04,117.75,125.00,134.08,145.65,150.33,161.07,166.15,174.18,179.61,187.88,195.66,200.26,207.29,216.37,222.78,230.56,238.54,243.24,255.65,265.95,271.89,275.17,282.31,288.74,290.06,286.92,287.20,283.86,279.65,271.04,266.60,262.25,256.76,252.05,243.99,237.00,234.09,226.24,223.45,213.71,205.94,197.00,188.88,174.52,167.03,155.05,142.97,132.97,120.74,108.85
108.34,121.40,131.61,138.71,148.98,157.00,165.06,175.29,180.65,191.72,192.67,203.21,211.57,216.00,220.00,230.08,238.73,245.66,255.22,255.57,269.31,277.46,285.07,287.09,294.09,299.35,302.90,295.60,292.04,291.55,282.06,275.95,270.38,268.08,262.25,255.07,243.94,239.71,232.69,228.88,223.09,213.38,207.82,197.52,191.00,176.08,167.91,158.04,146.54,136.37,126.65,112.00
104.81,118.44,127.24,135.37,144.81,152.98,160.11,172.97,177.13,185.01,193.35,201.23,206.34,213.76,219.49,229.67,236.21,245.07,250.91,256.91,268.68,277.89,285.43,290.12,296.38,296.23,304.67,301.01,299.43,294.55,289.52,282.60,276.90,270.95,263.94,257.61,252.45,246.62,239.83,231.77,227.84,218.21,211.14,200.77,194.37,178.84,171.11,160.96,148.81,136.82,127.35,113.14
103.04,115.55,123.07,132.38,140.16,150.81,157.28,166.86,174.39,182.39,187.00,197.31,203.19,210.86,215.39,225.82,230.53,239.06,247.04,253.34,266.87,274.05,282.99,287.15,290.35,293.54,300.42,297.42,298.00,288.84,285.55,278.63,271.52,267.03,258.23,256.16,247.62,244.44,239.01,230.87,224.76,214.85,208.69,197.68,192.76,178.53,169.92,157.70,146.28,136.01,123.85,111.14
104.28,114.35,125.16,133.45,142.06,149.62,157.11,168.81,174.20,181.22,185.10,195.00,201.34,205.10,210.71,219.76,226.18,235.05,241.68,244.76,257.82,264.02,272.94,276.99,281.43,286.78,288.01,283.80,280.79,276.88,271.04,263.05,256.26,252.80,245.60,239.94,231.49,224.64,219.32,217.09,210.87,201.80,195.13,187.93,179.64,166.14,159.62,149.47,140.80,128.35,117.35,105.95
105.95,117.39,126.57,135.57,142.84,151.18,157.69,170.31,176.95,185.27,187.56,199.04,204.97,210.26,215.00,225.02,233.24,242.03,248.12,253.58,265.19,271.77,282.70,287.26,292.88,298.44,299.02,290.63,286.90,288.20,282.20,271.02,264.82,262.76,258.02,250.50,241.10,232.48,229.37,228.11,221.00,210.02,205.83,194.59,188.86,173.23,166.36,156.20,146.99,136.42,124.48,110.31
97.62,106.89,115.97,125.30,132.37,140.07,147.14,158.15,164.56,172.01,179.98,187.17,191.63,199.62,202.11,214.46,217.35,226.24,234.61,240.83,253.03,260.19,269.27,273.71,281.11,286.45,281.84,280.06,277.46,276.48,272.24,266.06,259.43,251.81,248.68,243.53,238.21,230.85,224.02,221.05,213.24,205.85,198.44,189.23,185.61,172.65,164.76,154.35,140.89,131.69,121.71,107.06
98.74,108.91,114.98,127.46,134.42,142.30,148.30,160.85,167.11,173.36,179.95,186.39,192.42,201.26,204.63,214.67,219.23,228.37,236.32,242.53,255.88,261.77,270.48,277.18,280.64,279.06,287.20,284.42,282.78,274.71,275.48,265.84,261.09,254.02,248.34,245.16,238.65,232.00,227.11,221.65,215.86,209.33,201.14,191.93,185.44,173.37,163.68,154.40,142.64,133.09,122.38,108.98
94.01,103.87,111.07,120.90,128.02,136.62,141.99,151.63,156.82,164.58,169.07,176.21,182.48,191.06,196.40,206.71,208.54,217.80,224.14,231.82,241.99,251.02,256.40,266.33,271.54,275.81,277.71,271.03,269.92,264.59,264.71,254.78,251.10,246.11,239.27,234.88,230.38,224.44,218.72,214.26,207.97,200.57,194.18,184.76,179.74,168.36,159.10,148.40,139.28,128.89,117.15,103.81
95.21,105.48,111.99,119.85,130.25,137.93,143.67,153.22,158.32,165.46,172.79,178.87,184.78,192.07,198.67,205.53,213.03,218.98,228.06,233.42,245.07,253.18,261.74,268.23,275.31,279.34,277.35,273.84,272.03,267.07,265.99,258.86,253.49,246.46,241.92,239.08,232.66,224.08,219.35,215.57,209.17,202.94,195.89,186.68,181.04,168.40,160.59,149.72,139.36,128.95,118.83,104.69
97.01,105.39,114.28,121.50,129.36,139.52,143.74,155.01,161.05,163.67,172.07,179.79,185.72,191.21,195.79,207.68,212.14,219.53,228.32,233.34,246.98,253.50,262.55,266.24,275.77,278.02,277.60,276.22,273.36,271.55,268.33,258.38,255.70,250.32,244.74,237.51,234.03,228.32,224.08,218.16,210.84,203.97,198.16,187.98,184.07,169.50,161.94,152.07,139.13,129.42,118.97,106.79
102.32,112.93,121.61,131.21,136.82,144.31,150.57,160.37,166.59,173.00,180.24,187.02,189.71,198.64,206.29,213.97,220.06,229.39,234.97,244.04,254.95,265.32,270.96,280.40,285.80,289.25,292.54,288.51,284.42,280.42,278.15,271.28,263.12,257.72,254.48,249.43,241.60,234.00,231.66,227.17,218.98,211.94,204.61,196.82,190.54,176.62,169.65,160.03,147.53,137.18,126.46,113.36
95.52,105.42,109.55,116.48,123.00,129.12,132.92,138.71,142.13,149.05,154.02,161.14,161.97,171.13,177.34,183.15,190.59,197.70,205.15,211.10,221.55,232.13,239.08,246.33,249.77,254.37,257.93,254.88,253.34,246.71,245.46,238.83,233.31,228.65,224.29,219.54,211.03,204.41,203.00,195.86,190.52,188.17,179.29,173.08,168.44,158.45,152.05,142.87,135.37,124.33,117.39,104.04
93.54,102.88,110.00,118.36,124.04,128.41,135.37,145.09,149.91,155.42,160.33,166.14,171.42,179.01,183.10,192.51,197.95,206.16,212.84,216.93,231.56,241.01,245.57,251.67,258.80,263.53,263.34,257.93,260.34,252.72,250.32,243.25,237.24,233.53,229.40,224.11,219.78,211.82,208.43,204.32,199.16,191.72,184.63,176.82,172.79,161.53,152.97,141.74,134.13,123.48,112.54,100.24
