125.13,140.58,150.27,161.22,173.08,183.98,193.62,207.71,213.21,221.38,227.56,230.84,234.37,237.12,235.23,240.03,243.40,246.13,245.98,244.05,242.71,244.81,244.90,246.03,242.85,242.55,239.94,235.19,233.24,227.37,225.54,222.80,218.43,218.36,216.16,214.56,212.43,209.34,206.48,202.60,198.92,197.23,188.43,188.04,182.04,174.00,167.36,159.88,152.07,145.12,135.15,126.92
120.54,133.63,142.21,155.19,167.84,180.01,187.86,200.26,206.94,212.42,219.74,222.75,225.34,227.08,230.42,233.00,234.95,239.44,241.11,236.03,234.55,235.47,235.53,236.89,234.93,235.49,232.01,221.82,221.56,216.09,213.69,210.15,205.83,205.63,202.41,200.85,199.65,196.31,195.26,191.32,187.58,186.01,177.55,174.84,171.12,165.20,158.27,150.00,142.62,133.84,126.57,115.41
128.27,142.41,152.96,164.05,176.71,189.84,198.22,211.02,216.02,222.50,228.37,233.80,236.60,238.30,237.43,242.39,244.09,248.41,250.60,243.80,243.46,244.30,245.08,245.41,243.28,247.55,243.21,236.41,235.15,233.79,230.20,230.52,229.42,229.65,227.02,224.74,221.44,217.01,215.59,215.54,211.68,203.59,199.69,193.83,187.41,177.69,171.14,163.22,155.32,146.10,134.85,125.20
116.52,125.88,134.27,147.41,158.76,165.03,178.68,189.61,196.16,203.25,208.10,209.25,211.85,211.14,215.24,218.80,222.70,223.18,223.83,220.41,219.02,218.36,219.94,223.51,222.52,224.01,221.35,218.34,214.67,213.24,215.11,214.11,212.98,211.46,208.93,206.49,205.29,200.34,199.40,196.03,191.93,185.65,180.50,176.34,171.47,161.07,154.78,146.16,140.01,136.12,125.40,114.06
116.02,127.88,137.30,150.66,163.45,175.09,182.89,196.38,203.00,206.19,213.59,218.82,221.05,225.11,224.54,229.99,229.87,234.45,232.60,229.65,225.41,229.31,230.18,232.14,228.59,233.79,229.92,223.43,222.70,222.44,221.89,220.00,216.92,220.47,218.49,213.66,210.79,210.37,208.85,201.34,198.41,197.65,186.85,182.57,177.59,167.33,161.48,152.20,143.35,136.96,128.00,117.64
115.43,130.00,141.03,151.16,162.00,175.16,179.47,195.58,199.48,204.12,210.47,214.70,217.45,216.39,216.92,222.00,220.64,223.40,222.77,220.03,218.44,217.64,217.08,217.51,216.33,211.68,215.59,210.44,206.42,207.64,207.80,208.43,207.35,208.14,208.01,203.69,204.08,199.86,201.56,195.53,194.65,188.04,183.61,178.31,172.07,164.62,156.46,149.68,142.56,136.19,125.80,116.71
112.81,125.21,137.79,148.01,157.47,169.73,177.10,189.66,196.96,199.20,205.88,206.12,208.72,209.60,209.70,209.80,210.69,212.08,212.05,206.66,203.71,203.18,203.66,205.24,198.28,199.25,198.86,194.40,193.54,199.56,199.65,202.32,204.17,205.77,207.39,207.09,202.56,199.92,200.56,198.72,197.31,191.02,186.19,183.07,178.20,168.18,160.82,153.50,147.20,138.25,129.44,118.46
118.96,132.01,142.34,156.82,164.18,178.10,184.68,195.17,201.32,203.07,210.45,209.26,212.14,213.57,211.70,211.24,208.81,212.76,209.80,205.87,199.45,196.37,194.37,195.26,192.04,192.59,192.85,190.59,195.97,200.00,200.12,204.59,209.40,212.53,213.36,212.44,212.76,209.42,212.35,207.87,207.01,203.02,196.21,191.81,188.79,179.08,173.11,165.60,153.94,147.26,139.05,126.57
121.25,135.76,142.76,153.94,166.17,177.67,185.80,193.49,196.46,198.12,205.92,205.12,204.97,204.01,200.96,199.29,197.28,193.99,192.35,190.07,176.71,173.22,172.43,171.30,171.29,174.23,166.05,172.96,182.24,187.42,189.17,192.77,203.60,204.41,206.82,211.09,211.74,213.15,213.23,209.39,210.06,208.34,201.31,200.08,192.94,185.80,181.40,174.04,161.05,152.78,146.21,134.63
114.21,126.91,136.31,147.11,156.54,166.24,173.77,181.22,182.15,184.25,191.80,189.36,189.24,188.18,184.81,184.02,180.92,178.01,174.96,173.00,162.87,158.00,154.67,154.69,152.43,156.70,152.05,158.15,167.49,173.30,176.26,181.30,192.35,194.51,196.99,201.02,200.83,203.44,203.80,199.58,202.23,198.60,192.31,190.18,184.84,180.65,173.64,167.17,155.76,148.76,139.46,128.46
132.97,148.00,160.46,171.19,181.47,195.76,197.31,203.81,208.49,211.15,215.13,215.56,216.45,210.28,206.63,204.02,199.64,196.33,192.92,188.44,172.54,172.35,169.31,168.15,164.40,168.88,175.28,178.10,186.64,193.83,197.50,202.25,214.69,221.71,223.06,230.33,230.18,232.85,235.37,233.02,234.54,228.00,226.11,223.02,217.79,210.85,203.04,194.18,184.61,176.82,162.09,151.48
123.00,136.62,146.86,157.95,165.85,175.48,179.48,188.09,189.87,192.15,193.02,193.64,191.05,186.25,179.40,178.04,173.42,167.36,164.83,156.98,139.45,137.01,134.16,133.81,131.47,135.69,151.74,155.88,168.11,177.65,185.32,193.06,210.86,218.00,222.64,226.49,227.48,228.82,230.47,234.27,235.57,229.89,227.26,225.08,220.66,212.90,205.07,196.01,188.73,178.21,164.73,153.67
123.22,139.71,144.39,154.35,166.42,180.31,179.14,185.84,188.09,189.41,189.38,189.42,185.81,181.84,179.36,174.55,170.24,161.92,158.37,152.90,136.30,135.48,131.03,132.37,138.97,142.24,158.22,165.47,174.81,182.91,191.38,197.00,216.37,222.35,225.82,230.76,233.38,237.93,241.62,237.92,242.17,236.32,232.18,232.03,226.53,220.74,213.00,204.48,192.87,182.22,171.68,161.41
115.41,127.88,136.57,147.03,156.03,163.81,168.01,174.73,176.18,175.86,178.02,176.31,173.52,170.53,166.01,160.35,159.15,151.21,144.93,141.82,126.40,124.62,123.00,124.33,128.32,131.80,149.70,156.59,166.23,175.57,181.47,188.56,205.00,209.34,213.78,217.69,219.48,224.72,225.62,223.45,226.24,223.83,218.60,219.70,214.76,208.00,202.94,191.94,181.84,174.11,162.25,151.03
113.03,123.98,136.01,144.54,153.08,161.64,166.64,172.68,173.14,174.89,175.14,174.04,170.88,165.74,163.25,158.52,155.40,149.91,141.83,136.36,123.02,121.20,120.33,121.26,127.01,132.08,147.14,152.55,160.22,170.21,178.36,182.40,199.94,206.01,210.41,213.64,217.67,219.21,221.71,221.88,223.81,218.24,216.93,215.33,210.01,205.38,198.54,189.86,181.69,173.05,158.67,148.66
133.00,149.70,160.86,174.15,182.58,193.62,200.45,206.49,203.75,208.19,206.18,208.33,205.00,196.98,189.39,185.69,181.22,173.35,167.66,158.69,138.74,139.70,137.13,138.60,146.25,157.54,174.19,178.64,190.39,200.57,210.61,215.24,236.40,243.71,248.24,255.04,257.96,260.28,262.61,261.66,266.33,258.50,257.73,255.28,249.33,241.83,233.91,224.77,214.11,203.93,186.13,174.18
126.89,141.82,148.27,159.89,172.07,179.98,183.81,188.16,190.07,191.76,191.44,188.73,183.48,178.76,173.81,168.62,162.43,153.22,144.03,138.00,121.70,120.07,117.00,120.93,129.38,139.52,159.93,170.47,182.15,193.15,202.67,211.97,229.32,236.24,242.05,246.16,249.51,252.41,256.44,254.09,255.81,250.06,246.79,245.51,241.10,234.05,229.12,218.28,205.42,196.16,182.54,168.16
125.72,142.56,149.93,160.58,172.59,180.57,187.62,190.78,189.26,190.31,189.59,187.66,181.23,174.73,167.86,159.62,153.85,143.84,133.65,122.15,104.62,105.26,106.40,117.44,132.61,147.30,173.30,181.80,195.21,207.63,219.15,226.82,246.87,256.43,261.12,265.91,270.02,270.07,274.75,277.28,278.79,273.00,270.93,264.19,261.81,254.95,247.74,237.60,223.65,214.16,198.65,184.59
119.23,135.72,142.77,151.18,161.52,168.93,174.98,178.02,178.35,176.17,175.57,173.36,166.63,159.45,152.01,144.68,134.13,121.66,110.14,98.47,81.41,88.96,97.42,112.93,133.79,150.08,179.40,192.00,202.59,216.31,226.61,237.22,256.27,265.05,271.18,275.66,279.12,279.21,283.81,284.29,284.54,279.70,277.62,274.27,270.65,260.25,256.26,244.17,230.53,220.17,204.30,189.19
95.27,105.95,110.11,117.39,127.42,129.42,136.88,135.13,133.81,130.63,130.14,121.43,114.56,108.07,98.48,87.66,75.80,61.61,49.09,47.43,65.49,90.27,114.16,134.12,154.30,174.64,202.47,211.29,226.97,235.85,247.26,252.13,269.24,279.09,281.63,285.17,288.59,287.80,290.30,288.00,286.06,282.06,277.52,275.41,269.26,260.64,254.24,241.88,229.40,214.97,202.56,185.54
77.49,88.05,95.27,100.50,106.78,111.11,112.27,113.88,108.85,107.20,106.62,103.32,96.04,88.32,80.01,68.96,55.95,44.65,37.16,44.10,85.48,109.42,132.85,149.31,170.53,182.22,210.30,218.08,230.57,240.13,248.49,251.34,265.86,271.15,275.48,276.68,278.86,278.00,279.73,278.20,275.80,270.17,264.19,260.02,255.73,246.34,236.21,224.80,214.25,198.70,189.01,172.81
64.94,70.61,77.67,83.01,82.86,87.09,90.48,82.49,80.52,75.17,63.60,57.45,48.26,43.42,48.33,55.03,71.12,85.80,102.45,118.85,142.62,154.78,166.40,179.69,194.44,206.42,226.82,234.48,247.13,253.31,262.49,267.96,280.93,285.18,288.65,291.00,292.34,293.79,290.04,289.15,285.94,278.74,276.00,269.74,266.48,254.61,244.26,231.01,222.61,209.55,195.06,177.59
80.45,85.04,89.90,95.90,103.04,106.23,108.30,104.20,104.22,97.98,100.18,92.54,87.36,81.15,74.24,65.92,63.39,84.17,109.79,129.34,156.03,170.66,184.59,194.43,208.01,221.24,241.70,248.58,260.58,266.18,272.90,271.90,285.95,290.29,290.99,291.17,292.34,292.06,290.15,286.99,283.83,277.87,271.97,267.56,261.04,250.35,238.42,229.39,218.10,201.31,192.77,174.26
80.16,89.89,97.67,103.08,106.61,110.28,113.60,114.83,115.80,115.95,115.35,116.47,116.78,115.94,122.09,128.02,133.06,138.11,141.90,149.72,161.92,173.22,180.94,191.61,204.84,214.89,235.16,236.55,247.32,251.38,259.62,259.03,272.25,274.65,276.23,276.25,278.54,276.24,274.10,269.30,270.15,262.69,257.56,251.15,248.24,235.91,226.07,216.21,207.20,194.16,177.79,162.61
91.48,99.08,105.99,114.06,119.20,124.84,128.13,127.77,127.10,130.05,133.90,133.46,135.43,139.20,146.29,150.57,154.26,159.45,164.15,171.29,184.11,192.90,204.12,214.77,225.52,237.14,255.02,257.93,268.70,273.06,280.87,278.60,290.80,294.74,292.83,294.25,294.72,293.21,290.87,286.09,282.09,278.17,271.27,263.17,259.47,246.56,238.07,227.61,214.06,203.27,186.12,171.86
94.64,104.36,107.04,116.62,124.20,129.54,131.04,133.81,134.11,135.95,139.28,139.46,140.80,144.31,145.78,150.76,155.12,159.80,165.08,172.24,186.49,196.71,209.06,219.16,231.63,244.47,262.00,264.75,273.47,281.69,285.08,285.58,296.08,299.84,298.48,298.69,296.20,296.89,292.75,287.09,282.07,278.95,270.90,263.69,256.05,242.74,234.83,222.74,210.09,197.21,183.77,167.76
102.26,111.61,118.73,127.00,133.15,139.00,143.68,144.63,145.91,149.48,151.65,154.02,155.76,156.58,158.90,160.78,164.98,170.14,172.10,178.26,191.11,199.49,210.01,218.51,229.13,239.79,257.39,257.31,268.17,270.30,272.53,273.00,281.68,286.17,281.39,284.93,281.63,282.90,279.26,271.96,270.01,265.11,255.83,249.74,242.79,232.82,224.85,213.17,202.36,188.31,174.41,160.06
101.86,111.79,122.00,128.16,135.59,141.74,146.03,148.93,149.81,153.00,154.95,158.47,158.15,161.52,162.27,166.11,167.63,171.70,175.45,181.59,190.54,198.71,208.86,217.22,225.40,233.21,245.64,248.16,257.39,258.28,262.61,262.02,268.03,271.27,266.40,270.06,265.09,265.37,261.60,258.28,255.35,247.35,243.02,234.36,228.41,216.62,209.75,199.32,190.06,178.44,165.42,150.73
112.61,125.67,134.83,144.68,152.08,160.90,161.99,169.01,169.20,171.41,172.70,173.18,172.80,173.42,173.11,175.96,178.02,182.82,184.26,188.22,194.52,202.20,210.44,217.61,223.32,228.57,245.41,245.98,251.96,251.03,251.72,254.47,259.14,264.04,259.75,261.38,257.95,258.49,255.24,254.25,251.63,241.48,236.52,231.14,224.01,214.73,208.24,200.45,190.59,180.57,168.96,154.87
117.11,131.06,136.65,147.46,157.17,165.05,168.11,173.81,176.78,177.34,179.95,179.01,180.36,180.85,180.56,182.00,183.27,185.74,185.69,188.88,192.13,197.97,202.00,207.51,212.36,213.34,224.11,223.29,227.30,225.87,227.65,228.40,232.69,234.39,231.93,234.89,233.08,233.17,231.94,227.85,225.85,221.10,214.18,210.06,204.96,199.91,195.69,188.22,177.12,167.49,159.81,148.48
144.14,162.60,173.62,187.49,199.96,210.54,216.97,222.28,225.09,228.84,227.69,229.12,226.74,224.24,217.22,213.81,213.04,207.52,204.71,196.04,181.62,178.20,175.28,173.00,168.76,170.58,166.21,163.67,170.74,177.59,179.48,186.10,197.29,204.36,206.52,207.13,210.24,215.03,214.67,220.06,219.49,211.05,213.93,212.49,209.48,209.50,202.00,196.88,188.04,179.98,169.66,157.43
152.27,169.54,179.21,194.86,209.55,219.18,225.49,229.73,233.45,235.54,237.10,236.54,235.44,232.45,227.41,223.79,219.87,214.00,208.48,200.03,184.95,178.10,175.79,169.66,164.14,161.12,166.43,169.03,176.64,184.97,190.06,194.12,206.49,211.37,213.81,216.12,221.38,224.44,225.49,226.04,225.89,222.41,218.91,218.68,217.00,213.32,206.41,200.06,190.71,181.40,169.55,157.10
147.65,165.00,175.33,189.27,198.60,209.34,215.61,225.72,224.50,229.31,229.02,231.04,228.95,223.81,220.08,217.80,214.03,212.95,205.70,200.86,189.45,185.41,183.32,182.33,182.00,187.86,188.60,194.86,202.48,206.55,207.63,211.01,215.76,221.06,223.91,223.00,222.95,226.05,225.22,228.35,228.48,220.05,221.28,214.45,212.95,207.93,198.65,191.64,182.28,175.64,160.59,148.84
148.49,163.77,172.86,185.73,196.47,204.12,212.71,217.08,216.17,217.75,218.66,219.74,218.11,213.78,209.31,207.53,203.67,201.64,198.77,194.61,183.71,184.70,183.58,185.07,186.13,192.27,201.42,202.31,207.78,207.55,207.33,211.69,215.54,219.92,221.89,222.58,223.47,226.81,226.08,225.44,223.33,221.33,214.67,211.85,208.97,202.59,196.13,187.00,177.61,169.45,157.15,143.57
150.81,165.25,176.92,188.68,196.46,205.98,211.27,217.42,216.62,218.59,217.71,218.52,217.80,209.88,204.75,200.69,202.55,197.09,194.83,189.26,181.07,180.94,184.48,184.17,185.78,195.23,212.14,213.84,219.54,223.91,223.11,225.32,232.90,238.56,239.40,240.05,238.32,239.99,238.67,241.78,240.01,233.21,230.87,224.45,222.85,212.92,203.60,195.58,185.61,175.93,162.29,146.12
137.53,152.78,158.37,170.04,179.07,184.95,191.13,190.52,190.26,190.68,190.32,187.88,186.43,183.00,176.66,174.66,169.53,168.07,163.00,158.24,151.49,152.54,155.98,163.01,170.32,180.89,196.62,202.71,210.01,217.67,223.44,227.88,236.24,238.73,240.93,241.00,242.62,245.20,243.84,241.47,240.88,236.76,229.06,223.46,220.93,211.44,203.42,193.61,181.55,172.10,158.40,144.50
129.32,143.01,150.87,159.02,166.09,174.27,177.29,180.07,179.03,178.28,177.91,178.75,175.11,169.05,165.15,164.47,161.60,159.30,156.92,157.00,156.87,163.45,169.73,177.23,186.72,199.46,215.80,219.01,226.28,231.72,235.64,238.47,245.97,249.78,251.77,250.32,249.07,250.49,247.68,248.79,247.00,239.11,234.31,228.11,224.47,211.26,202.76,194.44,181.23,171.73,157.28,144.06
127.02,138.85,150.00,157.69,166.36,173.22,178.77,180.60,181.69,182.78,183.00,183.77,182.73,177.55,176.82,177.18,177.91,181.02,185.31,186.34,193.40,202.15,211.48,220.41,229.96,240.25,257.73,258.80,263.49,268.12,267.33,267.55,274.47,279.87,279.40,278.36,275.81,273.54,271.41,270.49,268.79,259.61,253.73,245.29,241.23,227.71,217.56,205.19,195.00,182.13,168.32,151.79
115.80,127.61,135.45,141.95,153.64,159.51,164.98,167.03,169.50,171.19,174.90,174.35,175.23,172.66,174.07,174.09,182.22,183.10,189.39,193.31,200.35,208.49,218.19,225.40,232.86,237.30,248.31,250.00,253.92,257.30,256.63,256.28,258.54,261.44,260.32,258.07,255.15,252.00,248.17,246.87,243.40,239.83,228.04,225.01,219.06,208.40,200.42,189.26,176.41,164.68,155.08,139.81
119.52,131.88,140.42,149.58,160.01,167.30,172.61,175.19,178.34,182.89,183.83,186.76,189.00,188.22,190.38,192.03,192.92,198.22,202.57,204.00,209.15,215.74,220.86,229.24,232.73,238.91,246.34,243.20,244.23,245.28,245.81,241.37,242.53,244.98,242.92,242.41,237.89,233.91,233.33,230.18,228.30,222.04,214.25,211.47,204.12,195.00,186.94,178.28,167.29,155.43,147.87,134.11
136.62,151.45,162.86,171.27,180.04,191.15,196.66,202.02,202.07,208.40,210.64,209.99,210.01,208.73,208.02,210.88,210.09,212.72,215.39,218.23,218.60,225.62,229.59,235.76,240.03,244.26,248.71,247.17,248.92,247.78,248.64,247.95,247.24,247.68,246.97,246.17,245.07,241.23,239.42,236.78,235.59,228.56,223.39,217.19,215.24,205.80,199.62,189.59,178.94,169.00,159.01,144.00
126.27,140.21,151.34,159.67,167.45,174.41,181.30,187.26,185.83,191.82,191.13,195.43,193.31,187.30,187.42,190.28,189.93,192.04,194.92,194.86,194.51,200.17,204.63,209.30,213.94,220.23,223.49,220.48,224.08,225.30,225.06,221.92,223.38,229.79,228.04,226.36,222.55,220.74,219.20,220.48,218.82,211.95,208.08,202.88,201.12,190.65,184.84,175.51,168.11,158.77,147.25,135.52
127.05,140.12,150.05,159.00,167.60,176.03,181.11,185.13,185.95,189.25,190.54,193.55,193.75,189.79,188.48,190.07,190.91,191.86,195.56,196.01,195.92,201.02,205.38,211.10,215.96,221.01,227.19,223.81,228.81,228.08,227.86,227.43,229.64,234.05,231.87,230.08,228.11,227.27,226.29,227.17,224.96,218.20,214.15,207.93,205.04,195.73,189.93,181.54,173.63,163.25,152.82,140.25
128.27,142.04,152.43,160.65,168.00,176.47,180.65,187.55,187.67,190.07,190.79,194.45,192.43,186.72,186.32,184.10,187.26,187.83,191.31,188.73,189.76,197.23,201.90,205.36,212.06,217.87,226.74,224.64,230.05,232.59,233.98,233.00,237.53,241.90,242.17,240.63,238.83,236.76,234.44,235.87,232.02,226.43,223.26,217.30,214.35,203.49,196.06,187.56,179.45,171.06,160.46,148.01
132.67,146.73,155.40,165.89,175.35,182.63,189.45,193.75,194.09,196.62,195.98,198.34,198.29,192.42,193.15,193.64,194.65,196.47,195.39,196.64,200.03,206.07,212.43,219.58,225.14,233.94,245.17,243.18,247.95,250.98,254.80,252.45,255.88,262.34,260.77,258.94,258.12,253.74,252.79,253.53,249.60,244.09,237.54,230.60,226.74,215.75,207.58,199.42,189.69,178.63,167.29,154.31
119.33,133.09,140.89,151.35,157.47,166.90,171.06,176.40,179.14,180.43,182.48,182.54,183.74,179.57,178.97,179.49,178.85,180.43,181.00,183.18,186.14,192.42,196.82,202.68,209.34,214.15,223.67,224.12,229.81,230.20,233.50,233.45,236.48,237.92,238.32,237.61,235.79,231.91,232.03,225.39,224.62,218.83,213.05,205.28,204.71,193.55,187.56,176.83,169.45,158.14,146.41,135.77
121.93,135.20,145.34,155.44,162.05,170.21,175.32,184.02,186.30,189.72,190.60,193.98,193.44,189.26,189.65,189.86,193.22,194.51,195.87,198.60,200.26,207.12,212.71,217.79,225.86,233.32,244.97,242.05,247.88,248.67,250.14,249.20,249.39,252.45,251.10,249.02,245.39,242.16,241.31,236.36,235.59,227.76,220.52,215.00,210.23,196.47,189.62,181.18,172.51,162.64,151.27,138.40
119.85,133.52,142.59,152.95,159.96,166.39,172.24,178.06,179.77,183.66,182.54,187.11,185.71,184.56,182.33,184.62,186.00,188.94,191.54,193.83,197.96,202.80,213.88,217.91,226.46,235.05,242.62,242.16,246.08,250.67,248.89,246.84,250.38,251.92,250.70,247.16,245.08,241.21,237.76,235.36,234.18,224.01,219.49,214.04,208.09,196.54,188.69,178.81,168.57,157.95,146.35,133.14
120.22,133.56,143.21,153.53,159.42,169.05,172.12,179.51,182.51,187.26,186.19,192.20,191.60,189.76,187.88,191.13,192.07,195.73,198.56,202.71,204.38,213.19,221.02,227.34,234.05,243.81,252.72,250.45,257.05,257.34,258.86,256.29,256.46,262.35,255.33,256.56,250.77,247.23,245.59,240.84,241.02,228.23,226.90,220.98,213.85,201.80,192.59,183.36,172.59,163.27,148.49,135.94
114.35,126.81,137.44,145.01,157.17,161.62,168.32,171.81,172.13,180.19,181.34,185.91,186.66,183.41,183.46,186.94,188.74,192.31,196.82,198.30,202.56,210.94,216.98,227.73,232.07,239.97,247.20,246.42,252.11,251.59,252.12,249.93,250.87,253.21,251.81,249.37,244.97,241.10,237.26,234.83,232.66,223.62,216.19,212.68,206.24,196.24,183.84,177.55,165.89,156.54,145.10,131.49
118.15,131.31,138.77,149.27,158.20,167.72,172.00,177.05,179.63,183.83,186.10,190.16,189.76,190.39,190.69,192.61,194.76,197.43,199.45,204.20,205.57,212.34,218.05,225.25,230.53,239.91,245.72,243.99,248.16,248.23,252.20,248.02,248.52,250.57,247.78,246.71,242.79,239.30,234.76,233.02,229.26,221.42,214.28,209.23,202.89,192.21,184.02,175.29,163.98,156.35,142.20,131.24
119.08,132.44,139.61,151.09,159.15,168.86,173.57,179.21,182.53,185.33,190.76,193.34,194.08,193.00,196.43,196.01,199.04,202.48,204.36,208.46,212.21,218.08,224.20,230.71,237.26,242.26,247.95,249.69,252.12,252.55,254.66,251.01,253.33,253.07,254.07,250.39,247.29,246.59,241.01,237.55,233.12,228.13,219.02,216.04,209.67,199.47,190.96,181.81,170.42,159.89,146.34,133.66
114.28,125.92,132.67,142.51,153.01,161.97,166.14,171.07,174.64,179.01,182.57,183.70,187.52,186.69,185.83,188.32,191.95,195.29,197.59,200.19,203.63,209.35,216.48,223.81,229.08,237.19,243.53,245.23,245.71,251.08,252.66,251.22,255.35,256.03,257.84,254.48,253.01,249.29,247.31,245.02,241.07,233.77,228.09,223.04,217.25,208.69,198.36,188.81,176.40,167.26,154.55,141.43
113.84,125.88,135.20,143.20,152.59,162.34,164.79,171.61,174.29,180.95,181.39,184.50,187.88,188.28,187.27,191.48,192.77,195.90,198.88,202.04,204.55,210.72,217.57,224.09,228.40,234.55,242.00,243.99,249.99,248.79,248.65,248.68,250.00,254.42,251.83,251.55,248.31,246.42,244.38,240.75,240.68,231.04,225.50,219.60,214.77,204.98,196.66,186.27,176.37,164.61,152.97,141.16
115.25,128.41,136.21,146.54,155.29,162.35,167.62,174.20,175.35,180.36,180.21,185.85,186.08,185.56,185.31,187.97,193.60,196.08,200.00,201.11,204.16,211.29,219.20,226.92,233.46,239.64,246.00,247.32,253.16,256.40,257.01,255.00,258.37,258.32,260.97,258.27,256.13,255.00,252.97,250.60,247.63,240.10,234.20,228.11,224.11,213.55,205.77,196.12,186.08,174.64,160.59,148.03
109.34,122.19,131.24,140.25,144.59,154.93,156.73,163.95,165.22,170.59,170.47,175.17,175.18,173.62,174.48,178.28,181.18,187.26,188.02,189.49,194.49,200.41,206.83,214.16,219.11,229.00,238.42,234.80,241.60,241.75,245.97,243.85,245.67,251.10,248.41,246.98,243.33,241.35,239.71,241.07,238.87,225.64,226.59,220.23,214.74,205.06,195.47,186.04,178.20,168.18,152.74,141.01
108.30,118.71,128.32,135.67,142.84,150.15,154.26,159.30,161.47,168.88,166.05,170.26,170.82,171.90,171.43,174.63,178.03,182.17,183.09,185.35,188.49,195.74,203.23,208.78,218.00,225.61,232.40,231.37,236.40,239.59,239.79,237.54,239.03,242.55,242.54,242.62,238.73,236.30,234.10,233.57,229.47,222.77,219.05,213.68,209.06,199.42,190.39,181.24,172.29,163.49,150.08,135.62
102.32,113.02,120.33,130.30,137.74,144.13,148.07,153.64,155.21,160.51,161.94,165.20,167.48,165.59,167.29,169.30,173.00,176.66,180.62,181.66,186.69,194.33,199.85,206.40,209.90,216.09,227.50,226.76,230.76,231.47,233.45,230.18,232.96,234.45,233.36,232.82,229.96,228.08,226.92,225.36,223.52,216.91,210.83,205.70,202.97,194.02,184.05,176.00,166.98,158.00,143.96,132.20
112.38,122.92,128.79,140.91,149.62,159.40,161.05,165.21,168.22,174.04,177.72,178.27,180.68,181.16,181.95,185.63,186.60,193.02,195.07,198.83,201.85,210.65,215.15,223.65,230.10,235.52,245.49,246.83,253.66,252.46,253.50,251.83,255.93,256.07,254.69,255.81,252.60,253.50,248.90,248.65,245.97,239.30,234.36,228.27,223.29,213.69,206.31,196.08,185.41,174.93,161.05,149.03
51.26,59.20,63.41,65.07,66.61,71.78,74.33,75.54,76.49,75.66,80.31,77.42,78.43,78.10,77.08,79.08,80.96,80.72,82.76,83.82,87.48,88.87,93.38,98.72,105.95,111.04,113.05,121.17,126.12,127.76,132.65,136.95,140.25,141.72,143.78,144.52,145.12,146.49,149.00,149.34,151.48,146.70,144.36,144.36,143.84,139.01,137.18,129.85,124.48,117.15,110.26,101.00
108.24,118.87,129.36,138.81,144.93,154.35,159.81,166.90,168.03,176.08,176.71,181.37,183.10,181.43,181.18,183.33,189.84,193.30,197.19,198.66,203.04,210.47,217.94,223.27,228.84,237.26,246.48,242.79,244.40,247.93,246.26,244.23,246.92,249.88,249.85,246.07,240.60,239.27,236.92,236.62,233.45,224.64,222.01,218.05,212.44,200.88,194.49,183.46,174.20,165.12,149.93,136.42
104.20,116.00,126.14,134.08,141.88,150.73,157.29,162.54,164.68,171.30,170.70,177.63,179.30,179.41,179.54,181.54,186.27,190.10,195.36,195.41,199.54,206.89,214.28,222.04,226.74,235.36,243.82,241.05,243.29,245.90,244.72,241.01,242.25,245.98,245.09,242.86,238.30,235.47,232.91,233.55,230.53,222.81,221.38,212.36,209.50,199.42,190.03,178.89,171.64,161.70,147.08,133.96
102.00,114.63,123.45,132.23,139.67,146.22,150.88,156.95,161.64,165.68,169.10,172.29,176.41,176.32,178.35,181.53,183.00,186.97,190.83,195.41,198.76,206.29,211.32,218.83,225.64,234.09,238.29,237.02,241.50,240.63,243.30,238.02,240.52,242.33,241.59,239.57,237.23,233.14,231.61,228.62,227.74,217.39,213.93,210.52,204.17,195.43,185.93,176.87,166.36,157.81,143.41,132.44
117.55,130.51,143.68,151.72,160.51,168.81,175.32,183.24,186.22,192.39,195.78,201.00,202.30,200.00,202.23,204.75,211.62,215.13,220.01,222.52,226.56,235.24,241.01,246.83,253.16,260.34,266.92,263.49,267.71,266.24,269.43,262.83,263.49,266.99,263.00,262.03,255.52,253.24,249.33,248.89,246.40,237.40,233.14,225.94,220.38,208.92,199.12,190.42,179.62,169.81,153.88,140.19
113.23,123.23,132.46,142.35,152.11,159.39,162.59,168.66,172.28,176.95,182.26,183.15,183.88,185.74,188.35,190.43,192.82,196.99,199.12,202.60,206.23,212.43,218.93,224.32,230.37,231.48,237.76,240.42,242.00,240.03,241.01,235.55,240.83,239.71,238.40,234.64,231.31,231.48,229.00,224.20,220.86,217.42,209.48,205.35,200.49,190.69,183.90,173.95,164.07,152.97,142.84,130.61
116.09,129.31,139.62,148.55,155.42,163.57,168.67,175.41,180.41,185.32,187.95,192.38,193.71,194.25,194.26,200.41,199.85,205.04,209.67,212.61,216.28,223.79,228.16,231.78,237.74,246.42,252.56,247.68,251.07,250.60,251.80,247.12,250.14,252.03,250.15,247.59,243.99,240.35,239.77,236.88,235.85,225.16,223.38,218.33,213.38,200.88,192.27,182.22,174.89,165.16,147.76,135.77
116.76,129.19,136.31,147.08,156.92,165.00,170.30,176.71,181.18,182.99,189.53,192.44,194.43,196.12,197.25,200.81,202.09,208.57,211.34,215.37,220.10,226.75,229.17,234.80,239.64,244.17,249.45,245.17,249.19,246.10,249.62,244.39,246.98,245.76,243.58,241.66,239.21,236.14,234.08,230.05,228.18,222.00,215.37,209.91,205.53,195.04,187.88,177.23,166.83,156.92,143.96,132.55
120.21,133.26,144.62,152.55,157.54,168.32,175.93,183.07,185.05,191.01,193.67,198.95,198.02,199.86,201.82,205.41,209.15,213.40,217.82,217.68,222.77,225.83,232.42,236.22,239.38,242.64,247.78,245.95,244.10,247.39,245.20,240.35,243.07,243.42,243.25,240.24,233.99,231.25,229.00,229.58,225.49,217.34,213.23,208.12,204.44,191.09,182.54,173.73,165.47,154.74,141.43,127.47
120.21,135.09,141.72,151.82,158.90,168.43,174.07,178.92,180.85,185.99,189.45,191.85,192.77,195.93,197.77,199.68,200.36,205.91,209.15,209.12,211.42,214.28,218.58,224.84,226.98,231.71,234.02,230.93,232.56,231.90,233.82,229.17,228.84,229.54,230.05,229.62,224.15,221.18,217.94,217.49,213.69,206.94,202.11,194.13,191.64,181.29,172.72,163.78,153.81,145.65,133.06,121.46
121.81,132.38,142.28,150.21,159.10,167.19,171.03,176.71,179.54,185.17,184.68,191.23,192.26,192.01,194.25,197.45,198.21,204.47,206.37,206.93,209.61,213.38,217.00,221.92,222.87,230.16,231.32,228.47,234.10,230.87,230.27,229.87,231.50,231.46,233.00,230.08,225.62,223.76,219.69,220.06,218.00,209.50,207.47,199.65,195.06,183.20,176.71,168.67,161.06,147.83,136.42,126.67
113.85,125.36,132.09,140.63,147.80,156.54,159.62,164.75,167.11,172.07,172.14,177.88,178.62,180.69,181.62,184.78,186.90,190.59,193.75,194.49,198.25,200.50,204.13,208.28,212.12,216.84,217.57,216.61,220.91,218.69,217.70,217.19,218.05,218.08,220.51,218.51,214.24,212.31,211.01,210.00,207.06,199.64,198.18,189.40,186.81,175.93,168.87,158.90,151.09,141.51,129.03,119.27
119.40,130.12,139.46,148.03,154.95,165.49,169.09,174.87,177.87,183.22,181.55,187.07,187.56,189.83,191.21,193.26,198.12,202.07,203.63,204.04,207.89,212.28,217.19,221.38,225.80,230.93,230.06,231.29,236.24,233.24,233.83,232.00,233.42,234.23,233.89,233.28,229.97,228.23,225.22,223.27,221.38,215.00,212.51,204.73,199.40,187.01,180.28,170.86,163.45,152.19,139.26,126.78
113.09,128.14,137.57,147.87,154.35,161.21,168.83,173.08,176.14,180.50,186.07,186.89,188.04,190.71,194.59,196.24,198.16,204.36,204.82,207.64,212.88,216.39,222.43,228.28,233.04,236.23,240.22,242.54,242.40,240.68,242.41,240.80,242.35,242.29,240.52,238.53,236.58,232.48,231.14,225.80,222.27,216.90,211.12,203.73,198.81,190.39,181.46,170.47,160.43,149.58,137.71,127.26
115.11,128.32,137.90,146.41,152.12,162.26,168.81,176.59,178.91,185.61,190.28,192.82,195.97,197.45,199.46,203.04,205.15,212.27,213.85,217.47,222.62,225.89,231.55,237.54,242.47,247.49,250.30,247.00,248.21,246.79,250.46,244.71,243.30,243.24,241.81,237.86,235.65,229.59,227.90,225.14,221.33,215.18,208.79,200.56,196.35,187.95,178.54,168.69,157.28,149.16,136.93,123.33
118.85,134.38,143.38,155.05,160.58,172.63,177.71,183.73,186.64,194.51,196.98,201.32,204.86,205.08,208.06,210.46,215.10,219.61,223.56,225.25,233.86,235.28,242.42,248.56,253.00,255.33,259.49,256.96,256.73,254.38,255.65,252.55,250.86,247.68,247.20,243.30,237.99,234.62,230.59,229.59,223.79,218.44,210.15,206.25,200.10,187.63,178.66,170.14,160.08,148.93,135.77,125.36
128.27,141.90,152.40,162.34,170.11,182.00,188.06,196.17,199.70,206.00,208.48,213.36,216.91,218.22,220.18,222.80,229.46,232.55,237.50,236.21,241.40,247.01,252.41,256.16,261.73,263.75,263.23,260.39,260.28,258.52,255.42,248.65,245.36,245.15,243.02,237.00,233.08,228.69,223.90,221.68,216.33,210.35,201.26,196.23,190.21,179.18,170.94,160.73,152.32,141.06,129.29,118.19
132.09,144.59,157.69,165.20,175.56,185.59,193.34,204.30,206.12,210.44,214.68,219.59,222.47,223.29,224.59,229.89,232.95,237.99,242.17,241.03,247.58,250.35,256.22,256.22,259.23,264.22,265.44,256.42,258.68,253.44,248.68,245.11,244.64,242.90,238.61,232.21,228.09,222.40,219.74,216.37,214.02,201.56,198.96,191.69,186.05,174.15,165.60,155.88,148.35,139.45,126.02,114.53
119.57,132.67,141.66,150.66,160.08,169.31,173.59,183.70,188.60,188.48,195.27,196.81,200.19,203.06,205.65,211.07,211.93,215.97,218.45,221.49,225.66,228.55,230.44,236.76,238.30,239.01,242.30,237.30,238.95,231.37,230.52,226.12,223.65,221.21,217.42,214.02,212.82,207.20,204.53,198.04,194.62,188.31,182.40,177.34,169.61,163.48,154.32,146.03,136.48,128.97,118.60,108.19
121.92,135.52,145.34,155.59,163.13,174.47,179.48,190.71,191.80,195.58,199.09,204.12,205.81,208.22,211.62,215.23,216.83,223.13,225.40,226.43,230.82,237.07,240.09,243.38,246.20,249.07,250.19,248.93,249.62,243.67,240.28,237.29,235.48,233.81,232.00,227.11,224.72,219.74,217.83,213.53,207.40,202.20,194.92,188.45,181.62,173.56,164.92,156.60,147.00,137.90,126.06,116.28
110.54,124.49,132.52,143.01,149.38,158.71,164.71,174.03,177.49,181.22,184.59,190.03,191.56,192.85,194.83,197.62,202.30,208.40,210.77,212.15,217.41,219.01,225.08,227.64,230.65,237.40,238.88,232.82,233.45,233.33,228.81,226.36,227.01,224.90,222.18,216.63,213.51,207.29,204.00,202.79,198.07,189.41,186.32,179.01,174.45,162.59,155.00,146.18,138.95,129.87,116.84,107.00
108.50,120.33,131.65,141.90,147.11,154.99,159.84,171.03,172.35,177.28,179.07,184.84,185.95,187.95,190.07,192.35,195.94,201.80,203.42,206.32,211.47,214.70,221.08,225.79,227.85,233.03,237.76,233.81,235.82,234.29,233.07,228.25,227.63,229.38,224.18,219.46,215.82,212.53,208.80,203.19,202.00,193.75,188.72,183.87,176.20,166.11,157.10,150.08,142.30,133.09,119.01,109.04
112.04,126.46,133.12,141.90,149.05,156.92,162.16,169.03,169.25,174.48,179.69,182.51,184.50,186.23,188.69,192.20,193.66,198.91,204.47,207.19,211.87,218.22,221.65,227.43,231.31,236.33,235.91,235.94,240.14,234.92,234.65,229.94,231.32,229.26,226.32,224.98,221.14,214.44,213.53,210.92,204.63,197.96,191.93,188.22,181.57,174.10,166.03,156.71,146.49,138.72,127.32,116.21
124.95,137.20,146.12,155.17,165.52,176.82,179.90,188.94,189.65,193.20,197.09,200.72,205.68,206.39,209.47,213.38,215.75,221.20,224.66,226.63,232.81,238.21,246.88,250.42,254.89,256.64,263.15,260.43,261.85,257.96,257.10,249.82,251.22,248.57,245.07,241.09,238.66,232.61,229.60,223.06,220.49,213.66,206.23,200.50,192.13,184.63,175.03,166.37,156.11,145.34,133.96,123.17
130.00,143.38,151.83,160.24,171.43,180.11,184.20,190.59,194.37,196.01,200.83,203.82,207.08,208.41,208.59,214.98,216.46,223.33,224.06,228.44,232.00,238.54,242.13,247.68,248.52,251.75,257.24,255.49,257.38,252.24,251.29,246.34,245.18,247.07,241.96,236.02,234.68,227.85,226.23,221.16,220.23,211.51,203.96,199.82,192.84,185.32,177.99,168.57,157.20,148.50,140.19,126.18
122.00,134.61,146.49,154.99,162.10,172.04,177.05,184.57,187.39,191.92,192.77,198.12,201.46,200.00,201.38,206.04,207.41,214.48,215.63,216.98,218.01,224.54,228.88,230.50,235.05,238.76,244.99,236.91,240.05,238.53,234.05,231.47,229.87,233.07,226.29,224.16,218.25,214.25,211.42,210.49,205.65,196.47,194.13,187.56,180.41,174.14,166.09,155.71,149.16,141.68,130.55,118.60
121.00,135.72,144.06,155.57,164.30,173.62,175.15,186.12,188.28,189.61,192.52,196.66,198.41,196.22,199.01,201.20,206.32,207.52,207.08,211.60,215.23,220.91,224.70,227.74,233.34,235.03,241.31,242.87,241.85,241.12,239.60,234.39,235.44,234.93,230.00,230.10,225.96,222.87,217.75,213.46,211.10,203.74,198.81,195.50,186.87,180.27,172.81,163.93,154.18,143.21,134.41,122.20
130.48,141.17,150.84,164.44,173.81,182.36,187.22,192.76,198.01,199.47,203.16,207.33,207.45,207.12,211.01,211.43,213.00,215.59,217.28,221.82,224.89,234.61,236.58,241.00,246.45,249.66,254.06,253.75,255.56,254.57,253.87,249.37,249.56,247.42,243.45,240.78,239.71,232.74,232.30,223.08,220.66,213.88,207.53,202.51,196.60,186.95,177.20,168.76,156.28,149.00,140.06,128.22
124.47,136.88,145.12,156.95,162.53,172.26,174.98,183.39,186.78,187.02,193.69,193.50,197.34,195.92,200.23,202.61,204.31,210.30,210.37,216.18,221.27,228.99,233.00,237.26,244.17,249.42,251.79,252.07,258.05,251.27,252.25,249.78,251.41,246.52,243.97,241.05,239.51,233.82,231.49,223.73,222.20,213.78,206.87,203.03,195.49,186.55,177.34,167.17,156.00,146.34,136.12,126.83
104.55,121.00,132.19,143.69,150.33,157.88,160.23,169.10,171.29,173.67,177.73,180.68,182.43,183.46,186.19,193.40,193.24,200.68,201.14,205.64,214.36,220.15,225.73,230.22,234.57,239.30,248.70,247.34,249.07,245.13,248.71,245.54,243.28,243.31,238.52,235.05,231.18,226.57,223.67,216.26,211.77,206.60,195.98,192.57,185.04,174.55,163.68,155.13,145.36,135.37,125.10,113.55
102.08,115.73,128.56,138.93,143.42,152.11,154.92,164.88,167.59,170.88,171.73,176.82,180.62,179.78,182.39,189.66,190.32,198.12,200.85,205.10,213.93,219.46,225.88,230.83,233.77,240.21,250.68,246.48,250.20,248.92,248.21,247.76,244.24,246.20,242.01,236.77,229.17,225.22,221.63,217.41,213.14,203.93,196.25,192.85,184.39,171.83,162.53,153.21,144.39,135.72,122.70,113.16
107.07,118.00,126.49,135.13,144.37,151.24,160.55,165.41,168.44,170.95,177.72,180.47,182.78,183.81,186.55,191.64,196.37,198.71,202.70,208.89,215.23,223.40,230.53,234.68,240.60,242.86,251.22,250.64,248.50,248.36,249.39,245.25,243.82,243.07,235.59,232.22,227.71,225.01,220.27,210.85,209.30,203.83,193.08,191.15,182.00,172.54,165.08,157.05,144.69,135.51,125.32,114.63
107.07,120.21,128.97,136.42,146.33,154.04,159.21,166.00,169.10,172.42,177.41,179.74,183.74,185.65,185.53,189.21,192.90,196.66,200.94,206.40,214.11,219.10,224.50,231.37,233.89,241.70,245.84,244.19,243.89,244.05,242.87,242.01,236.89,238.61,232.73,229.06,224.35,219.04,219.27,211.99,209.31,201.19,194.37,190.07,182.17,173.97,163.86,155.98,148.49,140.77,128.55,117.34
107.94,121.70,128.95,138.62,148.72,155.98,159.25,168.36,169.18,173.59,179.23,181.01,184.84,185.15,187.10,191.17,195.43,199.12,199.09,207.88,212.76,219.24,225.89,231.81,236.22,242.51,248.07,246.33,248.65,247.25,247.76,245.13,240.16,242.39,234.01,232.31,229.46,226.06,222.91,213.78,212.56,206.63,198.64,195.56,187.17,178.47,170.45,161.76,153.73,145.06,134.89,123.71
109.55,120.43,131.04,138.36,146.70,156.20,160.61,167.00,169.78,173.28,175.41,178.72,179.32,180.34,179.69,184.23,188.60,192.20,193.71,197.25,204.38,210.39,215.80,220.84,226.38,233.69,243.25,243.08,241.35,243.45,242.63,242.44,241.85,243.70,237.41,233.81,232.17,227.78,226.06,220.71,216.91,211.10,203.67,200.74,192.38,183.10,174.62,166.40,159.53,148.34,139.22,125.92
123.60,137.06,149.48,159.83,165.32,174.50,177.08,185.88,188.35,190.82,191.09,195.00,194.25,193.05,192.75,197.25,198.49,205.20,208.73,208.08,213.97,225.14,230.02,235.02,243.50,249.16,261.40,260.02,265.14,264.69,263.75,263.09,265.12,267.33,261.55,260.97,255.49,249.23,246.95,245.31,240.05,226.05,223.57,218.19,209.09,199.06,186.46,175.48,168.83,157.29,144.27,130.50
127.40,140.73,152.74,161.01,170.08,177.91,183.00,188.50,189.99,191.38,192.13,194.88,195.60,192.80,192.77,196.13,197.94,203.96,206.30,207.51,214.76,221.29,226.79,232.40,241.92,247.08,260.10,259.47,264.47,265.69,264.62,263.05,264.62,264.91,262.23,261.50,254.20,248.20,246.86,243.23,238.17,226.43,221.92,215.84,207.20,199.00,186.89,176.03,165.68,154.93,145.00,129.65
118.83,133.56,139.53,150.99,158.69,166.57,170.70,174.18,175.31,175.60,179.07,179.18,179.63,179.00,180.71,182.18,186.70,188.22,191.89,194.25,198.35,209.25,216.39,224.18,230.83,233.01,247.30,249.65,253.81,253.86,256.34,251.33,257.26,254.01,251.43,250.35,247.33,240.21,238.76,232.78,228.08,220.84,211.29,208.75,200.81,191.17,181.69,170.88,159.36,150.08,139.06,126.59
102.96,113.64,122.12,129.02,135.68,142.86,146.77,151.56,153.50,153.77,157.08,158.11,158.37,159.36,161.89,165.20,169.19,172.70,175.11,180.32,185.16,195.26,202.83,208.89,217.22,224.41,232.36,233.98,238.37,239.27,240.63,238.21,239.38,241.50,237.69,235.30,232.44,225.27,222.00,219.48,215.10,205.91,199.45,193.50,188.74,179.39,168.81,160.53,150.38,140.80,134.18,120.60
118.97,132.09,142.62,151.09,159.30,166.88,174.95,179.74,182.47,186.12,190.22,191.09,192.85,189.45,190.72,192.21,198.49,199.02,201.14,203.58,207.70,214.71,220.08,223.60,230.08,236.14,246.40,243.24,244.91,245.60,243.29,243.83,244.53,247.31,242.66,240.24,238.73,233.17,233.08,230.55,226.34,221.38,213.58,211.34,203.69,193.98,184.59,176.64,168.12,160.38,149.20,135.16
121.59,132.74,143.89,151.86,157.54,167.32,174.42,177.00,178.35,180.00,181.23,183.44,182.80,181.07,180.71,182.39,184.72,187.54,189.86,191.38,196.70,203.07,210.07,217.30,222.70,233.05,242.00,241.21,242.94,243.83,244.59,244.18,246.45,251.07,247.81,245.15,240.30,237.60,235.93,233.00,230.70,219.49,214.60,210.24,205.08,195.75,185.41,175.84,168.12,157.15,147.65,134.47
127.28,139.71,150.10,158.15,166.47,174.87,179.48,181.74,184.32,184.44,186.70,187.56,186.00,186.49,185.15,186.69,190.19,191.23,194.91,198.81,206.52,212.81,221.60,231.02,238.46,246.95,258.63,257.86,261.31,264.09,265.00,265.52,267.92,270.30,265.19,263.70,260.28,258.37,255.03,250.30,246.25,237.01,231.63,226.68,222.04,212.20,200.85,191.93,181.69,170.18,161.14,146.21
121.76,132.77,142.71,149.21,157.89,167.80,168.40,174.10,173.22,176.49,178.55,176.23,178.71,175.82,175.91,178.62,180.48,184.36,188.22,194.00,200.35,208.70,216.01,223.77,231.81,239.01,251.91,251.91,254.16,254.38,259.02,257.85,260.97,260.38,257.15,255.33,251.87,247.49,245.51,240.03,237.89,232.81,224.01,219.11,212.19,204.12,193.40,186.10,174.01,164.76,154.12,139.20
118.61,130.29,141.99,151.24,154.43,162.81,163.45,171.40,172.65,176.37,174.54,178.19,177.65,176.32,179.04,184.36,185.93,193.75,196.88,203.44,210.86,224.06,229.54,238.25,245.46,254.64,268.78,268.88,273.81,271.45,272.07,270.91,271.54,275.26,271.41,265.37,261.20,257.94,254.15,249.37,246.94,238.44,231.40,227.02,217.20,209.04,195.75,186.21,177.25,168.34,156.42,140.55
113.04,126.57,135.95,143.02,148.00,156.26,159.93,166.14,166.30,170.10,168.60,173.60,175.33,174.73,175.93,181.66,185.27,192.28,197.10,203.09,213.94,223.96,233.00,240.30,250.46,261.56,270.48,267.68,272.59,272.22,273.10,270.80,272.95,272.16,269.36,267.22,260.86,255.97,253.16,245.72,245.12,234.36,229.54,220.38,213.68,203.08,193.40,182.78,173.17,163.00,149.82,135.28
108.23,119.97,126.92,134.73,141.78,148.60,153.77,156.32,159.20,160.60,163.62,166.19,167.11,166.87,169.85,176.24,177.69,181.54,187.97,195.65,200.77,209.02,216.23,223.79,231.80,236.92,245.13,243.76,251.08,249.10,249.99,248.68,249.39,248.79,246.03,241.31,238.02,230.93,230.34,224.09,220.99,215.24,208.47,199.90,195.90,185.33,178.62,168.60,159.29,149.86,140.01,125.54
114.35,126.19,135.88,142.76,148.08,158.15,162.48,169.67,172.68,175.76,176.78,179.82,183.81,182.72,182.94,187.68,192.94,199.12,203.16,208.08,213.49,222.70,231.70,236.58,242.39,252.79,259.76,258.77,260.42,262.20,262.03,258.44,258.31,259.49,256.29,253.25,247.95,244.46,239.71,234.80,234.18,225.14,219.11,214.95,207.45,198.29,190.52,180.68,172.07,163.05,149.05,135.52
116.02,127.95,136.78,145.80,154.32,161.91,168.34,173.14,174.32,177.41,181.23,184.10,186.07,188.49,191.01,195.60,199.25,204.06,208.39,214.55,219.66,226.72,233.79,242.44,247.63,255.76,261.43,261.01,263.80,259.82,262.47,256.28,258.32,257.61,252.38,251.15,247.32,241.18,239.74,234.34,230.16,224.15,216.90,212.15,205.73,197.61,187.07,178.75,168.87,160.08,148.07,134.62
118.70,132.14,140.47,148.39,158.15,165.59,171.28,177.34,180.22,181.84,187.20,190.26,194.79,194.31,196.29,202.87,204.69,210.85,216.23,221.38,227.20,235.03,239.17,246.91,251.64,256.85,266.58,266.94,267.05,266.01,265.75,262.23,262.51,258.80,258.54,251.87,248.48,243.90,240.62,236.04,230.49,225.08,216.58,211.69,206.40,198.13,189.71,180.06,169.81,157.26,149.82,136.50
118.81,132.70,141.23,150.23,158.70,168.76,175.86,180.36,184.88,187.45,192.42,197.19,199.01,200.82,204.38,208.34,212.61,218.75,222.25,226.01,233.07,243.21,247.41,256.35,261.97,265.68,272.61,269.62,270.98,271.15,270.42,265.38,265.98,263.43,260.22,254.94,251.18,247.63,242.83,237.84,232.82,225.70,217.19,213.38,207.63,198.39,190.42,180.69,169.54,159.71,148.93,136.18
118.07,132.08,139.01,148.66,158.03,167.04,175.01,179.92,186.27,187.30,194.64,194.83,199.48,202.16,200.66,208.00,211.25,216.00,220.86,226.46,232.83,238.10,242.22,247.65,255.80,261.84,267.86,265.18,266.18,263.83,262.94,258.82,258.79,256.40,252.34,246.34,245.25,240.01,235.87,229.92,224.77,219.08,207.69,204.95,197.44,187.88,180.62,173.17,160.12,150.62,142.21,127.77
122.87,136.82,147.26,155.54,166.44,175.50,181.84,187.68,192.07,193.22,197.80,200.55,204.30,204.22,204.31,211.23,212.29,218.24,220.74,223.00,228.97,234.73,240.67,248.29,252.52,255.00,262.52,259.56,260.80,258.81,258.13,253.28,254.28,251.31,247.95,246.98,241.13,236.93,235.91,228.97,226.98,219.18,209.69,204.55,198.67,188.52,180.85,173.37,161.01,151.48,140.09,129.65
132.00,146.65,158.52,168.19,175.85,186.39,193.22,202.01,204.69,206.94,209.12,212.25,213.76,213.78,210.64,217.41,219.67,223.90,227.37,224.56,229.96,235.20,243.82,247.49,253.16,260.16,266.07,263.43,265.15,263.84,263.43,257.40,257.16,262.27,258.44,254.57,248.52,242.03,241.96,239.49,236.17,227.37,219.94,215.63,209.57,196.01,188.74,178.33,169.12,159.14,148.28,132.31
133.06,148.25,157.05,168.80,176.14,186.05,193.04,201.72,205.12,206.70,208.35,211.98,212.85,213.26,213.44,216.68,220.54,222.47,225.84,225.20,230.47,235.33,243.70,248.65,252.84,258.90,262.76,262.77,265.68,263.80,264.05,258.77,258.96,261.94,257.60,256.19,249.02,244.92,244.44,238.47,234.83,228.53,220.00,215.41,208.83,196.16,190.13,179.08,169.78,158.81,148.79,132.67
131.19,146.49,154.56,166.40,172.86,184.72,190.39,197.31,201.00,203.53,206.00,207.76,209.77,209.48,207.39,212.96,216.06,219.83,221.65,221.07,228.28,232.48,241.63,247.16,251.61,258.30,265.18,264.80,266.81,265.41,267.93,261.11,262.52,265.38,261.88,259.03,254.24,250.15,249.07,243.40,238.52,231.58,222.10,218.25,212.87,200.04,188.53,179.80,169.71,160.15,149.12,133.20
128.97,142.72,152.19,161.90,173.00,182.69,188.96,193.07,195.45,198.12,199.68,200.83,203.48,204.19,204.19,207.51,210.19,212.98,217.46,217.80,220.43,227.72,234.52,241.54,248.08,254.02,261.12,262.15,262.82,262.23,263.21,257.77,259.83,261.73,256.27,255.91,251.55,250.27,247.42,238.25,234.96,230.00,220.42,216.00,209.04,196.46,188.44,179.32,170.29,158.62,148.49,131.85
132.50,144.25,156.54,163.88,172.70,183.67,187.01,195.69,194.81,199.62,199.01,202.63,205.08,202.36,201.42,203.25,207.18,211.46,214.45,211.06,216.69,225.23,232.48,238.13,243.40,251.84,261.22,259.01,260.89,264.40,262.67,259.89,263.15,266.51,262.83,260.10,254.66,249.82,249.48,244.77,240.47,233.43,225.60,219.39,214.67,201.76,195.67,182.83,175.23,164.62,155.44,137.28
127.53,141.17,148.38,159.18,169.59,177.10,182.66,186.21,185.53,188.60,191.13,190.88,193.29,194.09,192.32,196.60,195.88,200.49,203.06,204.27,209.12,219.24,223.45,233.49,239.43,244.49,255.89,257.70,259.98,261.12,264.87,261.01,263.15,266.81,263.49,260.72,258.16,253.06,251.75,248.52,241.63,235.54,226.24,221.17,216.32,206.49,196.89,187.77,177.12,167.11,158.34,141.23
118.97,132.00,139.98,148.05,156.44,164.07,167.59,173.17,174.15,175.35,176.18,178.46,180.18,180.36,180.31,185.00,185.95,191.01,194.80,199.02,204.60,215.01,221.69,231.11,237.62,247.33,255.84,255.60,262.67,261.98,263.55,261.85,264.32,266.73,263.70,261.71,257.48,252.83,254.57,249.72,242.42,236.68,228.30,222.65,216.52,206.25,196.65,186.30,176.69,165.95,155.21,138.54
121.83,134.63,142.23,150.84,157.80,165.66,169.17,173.83,174.91,177.41,177.69,181.07,181.12,180.35,183.20,186.80,189.27,195.39,200.90,203.00,213.46,222.70,231.78,238.43,246.66,256.46,270.47,270.20,272.62,273.43,275.86,276.12,278.35,278.69,276.33,272.39,268.83,266.66,264.09,258.12,253.21,246.29,236.60,232.56,225.44,212.85,204.50,195.16,184.11,172.63,161.38,145.34
116.10,128.46,136.69,145.09,148.95,157.01,160.06,165.42,164.79,168.86,167.20,171.03,175.42,173.37,173.99,181.69,183.07,192.09,198.18,201.22,212.62,223.60,234.77,241.28,248.52,260.35,272.69,272.15,280.71,279.96,282.69,278.22,282.70,284.82,280.47,274.61,273.64,267.24,268.15,263.01,259.05,248.56,241.77,235.73,228.35,217.47,205.41,195.65,185.95,175.03,161.76,146.51
112.79,123.63,132.00,139.95,145.46,152.01,156.26,159.26,162.54,165.03,167.17,169.10,171.94,170.84,174.75,181.18,186.30,192.28,198.85,203.07,213.08,223.49,233.94,241.12,249.06,254.00,271.71,270.51,273.24,275.96,275.95,272.41,276.57,274.53,273.94,268.15,264.33,258.69,257.24,254.40,248.65,241.91,233.00,228.97,220.00,208.83,198.49,188.85,177.14,165.22,154.57,139.22
118.96,132.02,140.09,148.52,156.70,164.68,169.03,173.98,176.64,178.06,183.21,185.54,188.68,188.69,190.59,197.19,200.55,207.54,213.19,217.12,225.61,235.05,241.05,251.34,254.56,262.97,274.71,274.19,277.94,277.31,278.60,274.41,276.00,276.09,271.55,267.51,264.46,258.44,256.07,253.24,246.55,237.54,229.84,222.85,216.28,206.12,196.46,186.29,174.66,160.75,151.60,136.89
123.46,136.13,142.37,152.00,160.88,169.85,173.98,178.83,180.89,184.04,190.44,190.54,193.31,196.73,199.20,203.69,207.20,212.62,217.57,222.14,230.50,239.11,246.86,253.03,259.24,263.10,276.99,277.95,279.65,277.63,279.87,273.54,276.00,273.58,270.51,265.84,264.17,259.49,256.13,249.87,244.99,238.52,227.38,222.99,214.85,204.92,194.93,184.57,172.28,160.59,150.63,133.65
120.10,130.54,142.37,149.81,157.10,164.91,170.75,180.28,182.63,184.09,187.41,190.92,194.10,193.04,194.82,199.90,204.36,208.43,214.57,214.58,221.27,229.40,236.81,239.10,245.12,253.31,261.70,259.33,261.47,264.37,262.73,257.50,256.74,257.88,256.16,251.44,246.83,240.69,237.03,236.19,229.13,220.84,214.58,207.15,202.36,188.10,180.35,169.81,161.34,150.22,137.52,123.94
116.21,129.63,137.20,145.50,156.72,163.17,168.24,175.15,175.35,177.86,182.28,184.10,185.61,187.64,187.61,190.03,191.80,198.58,201.78,202.47,207.40,215.59,218.56,227.40,232.97,240.13,242.74,243.21,244.64,246.29,244.29,240.42,241.57,242.07,240.47,234.35,231.25,226.64,222.65,217.66,214.69,206.41,199.32,193.19,187.67,177.49,168.75,158.32,149.89,139.05,130.59,118.04
116.04,127.94,140.09,145.91,150.86,160.86,164.18,172.12,172.73,176.30,179.23,181.91,184.25,182.22,181.46,186.53,189.27,193.79,198.13,198.28,204.07,212.90,217.91,224.29,227.74,235.54,245.33,244.13,245.42,247.00,246.84,242.33,243.48,244.76,241.97,237.66,234.29,229.37,227.00,223.29,219.15,208.39,203.77,197.25,191.51,178.92,170.29,162.19,152.97,143.69,134.97,122.49
116.84,130.63,140.13,145.25,153.05,160.42,163.98,171.27,173.90,176.82,177.49,180.40,183.31,183.53,182.65,186.78,188.86,193.94,197.74,199.72,205.12,213.14,218.21,226.81,230.26,239.17,247.19,246.11,247.78,249.80,250.34,245.60,246.33,249.16,244.97,239.59,237.77,231.94,230.56,226.55,221.65,213.34,206.24,198.09,194.18,184.44,175.35,166.09,157.06,148.39,138.88,125.03
117.64,129.55,139.01,146.99,154.30,163.20,166.69,174.00,173.67,175.62,176.67,180.41,179.94,181.18,181.65,184.45,189.99,193.83,197.12,199.32,205.88,213.77,222.01,229.31,236.10,243.82,252.20,253.30,256.86,256.75,258.10,253.20,254.70,258.60,254.26,249.01,245.46,243.03,239.08,235.02,231.62,225.72,218.01,213.41,206.65,195.17,186.95,180.25,171.29,161.97,152.50,138.05
113.85,128.08,135.83,143.42,150.05,157.51,161.83,167.80,167.11,168.19,170.84,170.48,171.90,171.49,172.45,174.79,179.29,182.94,188.32,189.45,197.19,207.08,213.85,220.51,228.11,236.33,245.08,248.93,251.08,252.40,254.03,252.64,253.78,256.02,254.26,250.02,246.49,242.70,241.36,237.98,234.34,226.79,219.92,214.71,210.05,201.94,193.91,185.81,175.93,168.24,158.37,144.01
116.73,128.08,137.93,144.31,150.21,158.76,160.96,164.60,165.48,166.97,165.85,169.07,167.29,168.00,168.11,170.33,172.42,178.08,183.10,183.70,193.75,200.93,209.23,217.51,223.86,232.86,246.33,245.74,248.41,251.53,254.28,251.19,253.64,259.08,255.86,249.95,247.42,241.53,240.95,239.79,235.26,227.85,224.12,216.33,212.04,200.90,193.20,186.27,176.14,166.77,159.51,144.78
118.42,130.14,138.19,146.89,152.12,159.48,163.11,167.03,168.43,169.10,170.84,171.17,170.34,171.40,171.42,175.76,176.78,181.82,188.50,191.42,201.01,210.54,218.69,229.96,237.20,246.47,257.12,257.77,261.85,263.29,266.65,263.88,268.03,269.16,267.29,263.60,259.48,254.13,254.24,251.88,248.42,242.21,236.01,231.14,227.74,217.81,209.82,202.05,190.07,181.14,172.63,156.73
115.00,126.05,136.31,145.00,148.61,155.72,160.22,166.11,165.47,169.04,168.24,171.03,172.00,169.78,170.00,173.42,176.40,181.65,185.31,189.95,198.34,207.18,216.45,224.84,230.05,238.73,255.20,251.91,256.07,255.99,257.94,255.83,258.94,262.25,258.37,253.03,249.72,243.88,243.95,242.00,238.32,229.02,225.80,218.93,214.25,204.22,195.21,188.56,176.32,168.96,159.13,143.85
108.41,120.70,129.12,135.80,142.84,150.62,154.55,158.70,159.85,163.23,166.08,167.92,167.54,170.18,168.62,175.33,176.48,181.22,184.72,189.64,198.40,205.01,211.52,220.59,227.90,237.45,243.40,243.77,247.78,245.90,246.59,247.95,246.71,247.36,244.81,240.52,237.26,235.17,231.91,230.97,227.04,219.35,212.96,209.00,204.98,194.16,185.41,177.25,166.87,158.93,146.40,133.15
110.02,121.46,127.99,137.38,144.28,152.78,158.00,160.44,166.03,166.36,172.80,174.40,177.45,177.28,179.29,182.95,187.42,190.38,197.95,202.01,208.25,217.83,223.13,230.93,239.25,241.88,253.15,252.83,252.00,252.10,250.79,248.81,251.79,250.45,245.08,242.39,239.62,238.03,234.39,229.71,227.13,219.82,210.11,208.33,201.46,192.60,182.50,174.14,160.65,153.03,140.77,128.69
106.07,118.56,126.38,131.64,143.59,150.01,154.16,159.20,161.15,165.80,174.29,176.00,177.49,178.63,181.57,186.63,189.24,194.03,201.30,204.89,210.30,218.45,224.41,230.10,234.76,241.37,249.02,244.83,249.65,249.30,247.81,243.82,244.56,243.48,240.05,235.64,234.42,228.67,225.85,221.38,218.89,212.26,205.01,199.18,192.76,182.66,170.75,163.25,151.17,144.40,131.32,119.08
103.32,115.69,127.04,133.42,140.72,150.88,154.32,161.40,165.32,167.87,172.14,176.05,178.51,179.72,178.84,186.00,190.07,193.60,199.90,203.79,209.46,214.85,221.82,225.50,231.46,239.05,245.76,241.98,244.18,241.68,240.20,236.02,237.03,239.48,233.26,230.18,224.88,222.07,217.88,213.38,211.46,203.08,197.80,191.21,184.11,172.20,164.21,155.57,145.50,137.06,124.62,112.43
110.94,125.40,133.54,142.30,148.39,156.12,163.00,169.03,173.10,175.86,178.40,184.09,185.61,185.43,187.68,193.04,196.06,198.49,206.31,209.55,211.62,219.02,224.61,228.98,235.10,242.44,246.95,244.64,246.64,246.79,244.63,241.36,240.61,240.47,238.81,233.81,230.49,228.06,223.00,222.00,219.15,207.42,202.83,196.31,189.97,177.88,168.57,161.00,151.92,144.50,131.03,116.16
124.72,138.81,151.61,159.11,166.44,175.26,179.07,186.70,190.03,191.85,193.01,196.84,199.11,197.99,196.88,201.46,206.35,210.92,215.36,216.82,219.24,226.92,235.21,238.48,246.55,253.21,255.95,256.46,258.28,260.25,258.52,251.45,254.05,255.35,253.33,249.04,243.88,239.76,236.61,235.27,230.96,220.95,215.76,207.61,203.22,188.57,180.90,171.40,160.70,152.30,142.05,127.14
128.80,142.56,152.08,162.83,167.43,175.23,180.10,185.00,187.02,189.27,188.73,192.04,192.20,193.21,193.08,194.10,198.29,203.06,206.73,208.47,210.64,218.63,225.40,230.43,237.19,246.27,251.85,250.00,254.28,254.77,254.96,250.73,251.48,255.15,253.01,248.85,244.48,240.52,239.08,236.55,232.55,222.01,216.91,210.24,203.33,192.84,183.98,174.86,164.07,155.31,144.18,129.88
127.48,137.52,146.29,157.80,163.08,171.72,175.64,180.41,180.83,184.39,183.02,187.09,188.82,188.14,187.17,190.41,193.02,196.70,202.18,201.22,206.70,213.12,221.10,226.83,233.26,243.35,245.20,244.03,246.91,248.94,251.03,244.44,248.24,249.69,246.94,245.49,240.10,235.64,234.26,231.46,227.20,219.37,214.03,207.85,203.04,194.14,183.31,175.76,164.76,156.52,145.62,132.91
109.55,121.31,132.14,141.38,146.49,155.35,161.28,167.59,169.17,174.89,175.37,181.57,184.46,183.45,187.24,189.91,194.73,199.54,205.20,207.40,212.14,221.42,228.48,236.03,242.92,249.06,255.07,249.91,253.55,252.63,252.74,247.99,247.20,252.72,248.50,241.42,237.50,236.58,230.36,231.39,227.08,213.58,211.25,207.12,202.78,189.84,180.03,171.75,166.14,155.33,140.91,129.07
104.66,116.11,125.06,132.91,141.48,150.08,155.21,162.63,165.42,170.45,176.03,179.94,183.22,183.22,185.99,192.31,195.73,202.56,205.83,213.77,219.11,225.81,231.63,237.26,246.03,249.20,256.43,255.29,257.61,255.55,256.88,252.55,250.86,250.46,243.13,243.56,238.08,235.03,232.12,225.23,221.42,216.00,208.70,204.13,197.80,187.86,177.80,168.68,156.73,149.48,137.31,124.96
107.82,121.15,132.61,140.01,148.65,158.11,165.41,174.27,179.25,183.31,189.24,194.52,197.31,196.24,201.22,205.43,212.90,217.35,225.43,227.71,234.91,243.02,249.37,252.57,260.07,266.81,273.88,268.03,267.62,269.31,266.90,259.05,258.59,260.60,255.38,250.48,242.99,239.43,233.93,234.29,227.92,217.31,210.61,205.77,199.90,187.78,179.40,170.18,161.94,152.12,138.18,124.42
111.02,122.64,132.88,142.17,151.33,161.55,166.48,174.94,179.25,179.74,186.36,190.19,193.04,194.80,196.40,203.21,206.89,212.06,217.35,221.21,227.40,236.00,238.76,244.13,250.42,257.73,260.85,259.05,260.50,261.12,259.33,253.48,252.74,253.48,248.52,243.51,239.68,235.48,234.00,227.56,227.27,217.12,211.29,206.69,200.42,189.16,182.00,172.41,162.69,152.96,143.28,128.58
122.07,137.64,148.92,158.03,164.58,172.82,179.80,184.88,189.56,193.00,194.37,199.11,200.82,202.20,201.92,207.29,210.64,215.87,222.00,223.04,227.50,234.10,241.81,245.42,251.02,256.97,264.01,262.07,261.29,264.85,261.46,257.07,258.09,258.03,253.73,251.56,245.45,242.13,239.48,234.06,232.05,222.14,218.01,213.04,207.06,194.31,186.26,176.40,168.51,157.85,146.41,133.52
108.75,121.02,129.69,136.78,143.59,150.62,155.72,160.59,164.13,165.06,168.72,169.58,171.70,171.97,173.93,176.28,180.83,186.05,187.86,190.82,194.74,201.25,207.08,213.43,217.92,222.72,228.79,228.37,229.39,229.54,230.79,224.76,226.74,227.43,224.64,220.05,217.18,213.85,210.09,209.25,204.12,198.15,191.39,187.95,181.66,173.10,163.75,156.16,146.54,137.91,129.50,116.25
112.81,122.41,132.92,140.62,145.83,154.83,159.96,166.97,168.07,171.83,173.25,177.18,179.51,179.23,179.94,183.33,187.68,194.55,201.02,200.20,205.64,213.55,219.69,224.54,228.32,237.31,242.84,241.30,241.28,243.59,243.97,237.50,241.03,241.30,239.35,233.21,229.47,225.08,221.96,223.49,217.02,207.69,203.42,199.53,192.75,182.99,172.41,163.78,154.18,145.72,135.64,121.94
109.77,120.81,129.38,137.13,143.62,149.00,154.98,160.03,165.13,166.08,170.79,174.26,177.88,178.46,180.23,184.30,187.95,194.49,198.86,200.96,208.63,214.56,221.46,228.48,232.86,240.52,247.54,247.24,251.40,250.14,248.36,247.10,249.69,252.12,247.99,245.20,240.14,237.54,235.48,233.94,227.34,217.59,214.89,209.83,204.02,193.31,184.10,173.35,165.21,154.03,144.17,131.52
108.02,118.53,129.56,137.64,142.00,152.28,155.97,163.17,167.08,172.19,174.73,179.89,182.99,183.70,184.77,190.23,194.49,201.47,207.35,208.15,216.39,223.47,232.16,237.00,243.56,251.67,258.94,255.81,257.03,259.25,258.64,254.20,256.63,259.47,256.43,253.14,248.24,243.97,240.92,236.58,234.44,223.57,221.38,213.06,209.48,197.25,187.88,177.01,168.91,159.79,145.99,131.64
96.77,109.00,116.47,125.16,130.59,138.81,145.04,150.24,155.67,158.11,161.05,167.28,169.53,171.49,172.54,177.77,183.90,187.97,192.76,197.01,204.71,211.18,217.83,222.28,229.00,238.02,244.74,240.43,246.22,244.05,244.46,243.21,243.08,244.31,241.55,238.16,233.73,229.58,227.26,223.57,221.18,211.98,207.68,201.63,195.92,184.84,175.76,166.17,158.78,148.66,135.16,124.02
100.72,110.68,120.51,129.71,133.96,144.10,148.95,157.00,159.08,163.98,166.96,174.48,175.15,178.23,177.45,184.84,191.60,195.48,201.30,204.71,214.31,221.84,229.65,235.85,242.53,249.80,259.48,254.87,257.33,259.00,258.10,252.44,252.45,255.22,250.20,247.00,242.98,239.47,235.05,232.94,227.76,217.81,210.45,206.90,199.90,186.30,176.57,168.51,158.15,150.45,137.90,123.26
100.13,110.72,120.74,129.77,134.21,144.07,147.28,156.60,160.00,164.81,166.64,172.53,174.32,175.07,176.77,183.61,188.22,192.94,196.74,202.98,209.38,219.18,225.56,228.18,237.19,243.66,252.12,247.08,251.88,254.65,252.87,249.65,249.00,252.34,246.29,243.29,239.01,233.21,228.69,226.74,223.66,214.72,205.68,202.42,195.72,182.50,173.17,163.69,153.87,144.97,133.02,119.00
108.23,120.93,132.02,140.43,147.87,156.16,160.59,167.32,173.54,175.57,180.16,184.33,189.01,186.95,189.01,194.20,197.09,202.20,209.72,214.62,220.51,228.71,235.77,239.71,246.55,254.28,263.06,258.10,259.47,261.90,259.65,254.58,256.13,258.70,254.23,248.85,244.99,239.25,236.48,230.05,226.77,216.93,210.49,203.18,197.72,185.97,176.78,165.44,153.69,147.76,133.36,122.26
112.02,124.06,135.95,141.42,146.15,155.71,160.64,168.12,170.79,173.07,175.85,181.60,184.11,183.61,184.38,188.41,195.73,202.14,204.47,209.35,214.72,223.09,229.97,232.22,239.92,246.07,253.95,251.45,254.54,257.09,256.10,251.05,250.94,253.57,249.16,246.03,240.30,239.04,235.00,227.40,224.57,213.23,208.56,206.47,195.41,180.35,178.24,177.34,166.29,130.70,133.33,115.21
106.21,115.83,126.06,132.77,137.21,144.70,149.08,154.47,156.29,158.86,159.97,165.12,168.44,166.02,165.87,171.41,174.77,179.13,184.32,187.42,193.66,201.59,207.18,212.20,217.56,227.34,233.26,233.14,236.00,237.55,236.60,231.49,233.86,234.54,231.53,230.08,223.95,219.58,218.79,216.45,212.60,202.78,198.12,191.90,187.28,174.04,166.30,157.58,148.49,139.09,127.00,115.95
113.30,124.20,133.28,142.95,149.49,155.01,159.70,164.51,166.64,169.50,174.55,176.18,177.50,181.04,184.01,186.12,188.37,193.93,198.12,205.18,214.31,221.23,228.43,234.83,242.79,248.45,257.41,256.60,257.56,258.12,261.92,255.98,260.43,257.18,252.00,249.72,247.19,246.33,241.94,235.42,232.69,222.80,216.67,212.14,206.65,192.94,185.04,175.28,163.96,152.74,140.55,128.69
107.28,118.26,127.32,132.61,140.09,148.03,151.82,157.55,160.35,164.00,166.76,173.07,175.07,175.33,176.31,181.47,185.33,189.43,195.49,199.06,208.09,215.15,225.06,229.84,236.10,242.17,249.33,250.01,251.40,251.45,254.47,251.53,255.74,254.83,255.05,248.17,244.81,241.40,241.03,237.86,233.40,224.88,219.01,211.91,209.30,196.42,186.82,176.18,163.78,154.67,143.03,129.71
101.13,111.04,121.63,127.06,132.85,138.22,143.45,147.00,150.00,153.10,153.72,161.48,160.64,161.70,165.50,169.19,174.52,179.78,185.53,188.17,195.36,206.49,214.76,219.49,225.50,232.94,243.48,239.20,242.00,245.80,247.07,243.92,245.58,250.05,248.57,246.98,242.04,238.31,235.99,235.57,232.50,225.14,218.91,214.74,209.41,197.25,188.22,175.87,168.51,156.73,144.09,131.24
90.80,99.46,106.00,111.52,118.11,123.15,125.42,128.97,128.81,132.83,136.53,137.42,141.01,141.35,144.90,150.23,152.16,158.93,163.48,168.44,176.51,185.31,193.62,199.45,209.15,216.09,219.49,224.01,228.01,227.71,229.21,226.05,232.70,232.21,229.87,229.08,227.44,225.66,223.99,219.86,218.33,210.75,204.13,200.52,195.37,186.20,176.07,167.30,157.99,148.30,137.44,125.50
92.63,100.85,109.04,114.49,116.21,123.17,124.19,130.03,133.45,133.84,134.46,139.92,141.42,143.27,144.81,149.46,156.67,161.81,170.36,175.51,188.10,196.37,204.53,211.02,220.97,233.53,241.30,240.33,246.52,250.25,251.41,249.30,254.91,256.12,255.16,250.43,247.55,244.86,243.02,241.21,237.17,227.75,221.77,216.27,212.25,199.91,188.10,179.36,169.71,160.03,146.12,132.80
97.53,108.07,112.58,120.65,125.32,131.53,135.82,137.87,140.77,141.74,149.91,147.83,151.40,155.00,156.32,161.90,167.44,171.76,180.31,188.14,199.12,208.41,217.01,226.06,234.55,243.82,254.68,260.56,263.45,265.32,268.29,264.19,269.98,269.05,266.66,262.39,259.25,257.70,254.01,248.87,244.39,237.97,229.82,222.71,218.76,205.41,194.25,184.56,171.12,161.04,149.19,134.09
105.00,118.00,125.10,131.55,138.13,146.25,150.46,154.02,159.38,160.70,164.35,169.25,170.88,171.84,175.01,179.23,185.15,192.02,198.71,203.39,213.56,223.32,232.42,240.61,247.46,256.27,267.98,265.17,267.10,271.02,271.23,268.00,268.97,270.86,268.40,263.45,259.33,254.54,252.67,249.51,245.46,234.29,226.88,219.86,212.58,199.04,187.80,180.31,167.45,156.44,143.13,127.58
103.46,115.62,119.00,126.44,135.15,143.39,148.55,155.98,157.11,159.10,162.93,164.83,168.94,171.56,174.35,179.87,183.17,189.83,195.67,199.60,208.69,214.83,222.99,230.15,237.74,246.29,252.52,251.64,253.44,255.07,257.11,252.20,254.95,254.13,250.07,244.77,242.43,238.81,236.48,230.33,227.37,217.04,211.29,204.41,199.49,187.38,176.71,169.07,155.57,144.14,134.54,122.48
106.30,116.30,124.17,130.27,139.28,146.82,152.64,160.12,161.14,163.05,169.03,170.30,171.55,175.39,176.17,180.85,188.11,192.28,199.22,201.10,208.71,218.55,225.14,232.62,239.93,244.95,252.74,255.81,254.57,258.94,257.19,253.21,257.51,255.57,253.21,248.02,243.30,239.87,236.00,233.63,228.12,222.27,212.41,207.34,201.56,188.82,179.49,169.78,157.58,147.87,137.10,126.25
105.08,114.63,126.12,132.25,138.22,143.78,149.05,156.27,158.65,162.02,163.03,165.80,169.61,168.30,169.31,172.41,177.14,183.18,189.77,192.61,199.02,207.87,216.06,220.24,225.46,235.05,247.97,247.80,248.24,251.62,251.20,248.81,253.60,254.66,253.00,246.66,243.42,241.50,237.99,235.28,231.23,221.77,215.78,211.69,205.38,192.21,182.99,172.33,163.67,153.94,141.21,127.57
109.56,122.02,127.77,136.62,145.41,150.92,155.03,158.42,158.65,162.27,166.15,167.92,168.63,172.25,172.63,176.15,176.18,181.60,186.08,190.97,196.16,204.53,209.38,217.28,223.54,230.05,240.52,242.26,246.48,244.79,247.13,246.78,247.61,246.81,244.63,242.27,240.67,237.39,235.31,228.71,226.37,219.48,211.34,206.65,201.72,192.13,184.05,174.18,163.84,153.57,143.09,129.65
108.07,121.04,127.28,135.83,141.40,148.76,153.73,156.98,158.32,161.64,164.75,166.48,166.90,170.84,169.17,172.68,177.28,180.92,185.00,189.17,195.97,201.36,208.69,215.08,219.92,225.04,235.26,239.11,237.88,239.75,241.13,238.20,240.45,238.56,235.51,233.14,229.92,227.75,223.81,218.63,216.95,209.66,203.04,198.80,193.78,183.58,174.87,166.88,153.94,146.49,135.67,122.49
108.17,120.74,128.57,136.06,141.82,149.21,153.81,158.78,161.94,165.92,166.60,169.67,169.96,173.24,174.00,177.29,182.79,186.63,192.26,194.83,204.79,210.28,220.64,227.27,232.74,239.74,253.50,254.48,255.88,257.16,258.05,255.78,259.39,259.79,255.70,252.51,250.34,245.39,243.81,236.76,236.09,228.97,220.84,213.82,210.07,198.71,188.86,179.39,168.51,158.43,146.34,131.06
107.07,118.07,128.22,135.98,141.09,148.25,152.84,160.80,161.28,166.41,166.21,170.39,172.29,173.81,175.45,180.28,184.44,190.69,196.12,199.90,208.74,215.23,223.89,230.78,237.74,247.14,254.06,252.01,251.72,250.96,255.39,251.75,252.70,258.38,251.77,249.82,244.03,240.15,237.31,234.94,233.42,220.23,216.91,211.40,207.09,195.00,184.17,176.11,165.87,154.74,143.01,129.97
114.02,127.68,133.20,140.43,149.89,157.00,162.05,165.80,169.19,170.19,177.34,177.34,179.57,183.64,185.61,189.23,193.35,197.21,206.89,210.04,219.53,226.34,234.41,243.61,249.34,255.22,265.97,266.51,266.00,267.11,268.41,265.19,268.09,267.58,264.60,258.70,258.63,254.69,252.79,247.00,241.99,237.70,228.32,221.20,217.85,208.87,199.01,188.48,177.00,163.78,154.43,139.47
105.17,115.87,125.73,133.41,139.30,147.15,150.80,157.04,158.32,162.11,164.54,167.05,171.09,172.41,173.00,178.37,183.02,189.74,194.83,199.40,207.24,217.08,223.81,230.87,238.20,244.72,251.35,252.66,254.89,253.58,253.29,249.27,249.33,250.64,246.94,241.59,239.11,234.83,231.58,230.42,224.72,215.84,209.35,205.06,199.25,186.95,177.81,168.68,159.02,148.92,139.18,125.40
114.04,125.00,136.24,143.89,150.66,159.71,165.31,173.36,175.57,178.40,182.39,185.61,186.81,191.60,191.60,197.13,203.30,209.35,217.41,218.56,226.32,235.26,244.17,249.90,256.46,264.12,267.71,265.00,265.81,267.05,266.87,260.23,259.14,258.72,255.57,251.25,247.04,240.41,235.99,234.88,228.48,220.38,212.82,205.85,202.41,188.30,180.28,168.91,161.21,150.43,139.84,124.26
108.81,122.04,129.07,137.06,144.47,153.46,159.21,165.10,168.62,168.67,176.23,175.91,178.91,183.47,183.70,187.80,192.57,196.33,200.12,204.00,209.30,217.87,222.70,228.60,233.98,240.13,241.07,244.59,243.07,242.16,243.25,238.02,238.25,238.42,235.76,230.42,226.11,223.91,220.78,214.28,210.10,205.08,197.06,192.11,187.95,176.50,169.78,158.20,148.41,138.22,130.70,119.64
115.84,128.22,136.49,145.09,151.65,161.99,166.48,174.93,180.04,182.51,184.76,187.04,190.55,192.38,193.15,197.96,201.19,207.19,210.79,214.89,222.58,227.34,235.26,238.30,247.61,250.53,257.00,254.79,256.33,257.24,254.26,251.33,252.00,252.52,248.21,244.05,240.42,237.93,232.30,228.63,224.85,216.07,209.38,203.92,196.99,186.27,175.03,166.17,156.67,145.78,134.95,123.43
114.34,125.32,134.63,143.06,148.33,156.03,163.51,168.51,168.86,173.40,176.40,179.01,181.69,181.46,184.23,187.30,190.78,194.79,202.85,202.73,208.83,215.11,221.82,224.96,230.60,236.01,243.97,244.29,246.08,247.31,247.50,244.04,245.29,245.93,243.73,240.92,237.41,236.58,231.95,229.34,227.04,218.69,212.76,207.28,201.80,192.31,181.96,172.89,162.27,150.27,139.32,127.35
121.66,133.78,142.90,151.79,159.05,166.78,174.45,179.32,181.10,184.36,188.48,190.28,193.30,193.83,196.12,196.29,200.69,205.83,212.22,215.03,222.46,226.37,234.09,240.17,245.59,252.25,256.72,258.52,260.05,258.80,262.94,256.83,259.05,259.08,257.11,251.34,247.70,243.35,241.09,237.36,234.05,225.14,215.37,210.00,204.80,192.52,183.81,173.28,161.37,151.29,140.76,126.57
113.64,123.00,130.00,140.01,145.23,152.08,156.85,159.22,160.59,162.44,166.01,165.56,170.29,170.88,173.00,174.91,177.79,180.92,184.32,191.86,197.02,204.01,211.21,219.49,226.86,234.34,240.47,242.69,245.39,244.13,248.13,245.46,248.65,248.92,245.60,243.46,243.94,241.85,236.68,232.03,229.31,221.36,213.40,208.22,204.12,194.99,184.20,175.51,163.20,153.77,142.13,128.32
111.79,123.84,129.97,138.52,144.90,150.81,155.08,158.43,160.60,161.70,164.01,165.25,167.14,166.82,168.81,172.68,175.23,178.76,183.34,189.53,195.03,204.16,209.66,217.45,225.22,235.70,242.12,243.18,245.84,246.59,250.49,248.13,252.29,252.21,251.10,247.82,243.58,240.15,238.30,232.59,231.23,222.89,214.66,209.38,204.88,194.65,185.43,176.69,163.19,156.16,144.03,130.60
112.45,125.25,133.79,140.89,146.99,153.06,157.31,161.19,162.52,163.71,165.22,167.66,170.00,170.07,168.15,175.28,177.55,181.07,186.20,191.38,197.95,205.72,212.60,218.90,225.30,235.03,245.80,245.18,251.31,250.45,253.39,249.07,251.59,254.57,252.30,247.42,244.46,240.97,238.54,236.89,233.56,223.60,219.20,212.21,206.04,195.97,185.61,177.40,167.62,157.43,145.58,133.15
121.17,134.35,143.54,150.42,157.85,164.44,167.94,172.24,174.95,176.78,176.28,179.13,179.57,180.50,180.00,183.66,186.25,191.00,197.29,199.38,207.42,215.45,224.24,229.10,236.92,246.98,257.24,256.63,259.62,261.70,262.19,260.09,263.50,266.09,262.82,255.57,253.60,248.67,246.95,244.23,241.32,230.31,223.67,218.60,214.72,202.01,191.04,181.64,170.99,160.64,147.68,134.27
125.10,137.44,143.42,153.10,162.11,169.26,174.07,176.05,179.74,179.87,185.78,184.84,185.61,187.00,187.60,190.16,192.08,195.67,198.30,202.55,209.75,215.13,221.78,228.47,237.30,242.98,249.88,252.55,255.33,255.77,257.50,253.85,257.33,255.77,253.67,249.90,247.58,243.61,241.10,234.55,230.79,226.50,214.71,210.76,204.66,193.00,184.01,175.11,161.94,152.20,142.03,129.25
118.07,130.80,140.16,147.67,155.59,164.54,169.50,173.42,176.96,179.03,182.00,181.40,185.54,186.36,186.43,188.96,189.86,194.47,197.43,201.72,207.04,212.55,219.40,223.96,231.76,235.03,241.51,243.35,242.51,243.76,246.73,242.30,242.03,241.96,239.08,232.96,229.96,227.70,224.15,217.23,214.44,208.85,199.40,194.49,189.04,176.05,168.32,159.67,147.96,139.27,129.65,116.84
119.55,131.85,140.17,148.76,157.87,165.80,170.19,175.39,177.99,180.55,183.70,186.26,187.38,190.07,192.51,193.40,197.43,200.80,205.92,209.00,213.94,219.48,226.49,232.44,239.17,243.00,252.98,250.57,253.46,253.07,253.48,248.30,248.39,249.56,244.49,241.01,237.15,233.80,227.27,223.29,212.53,210.76,202.25,194.49,189.45,177.61,168.88,159.20,148.01,138.01,128.71,117.61
111.80,123.98,130.19,141.03,147.79,156.98,161.12,166.00,169.71,170.39,173.97,177.25,179.39,182.26,184.40,186.25,188.18,193.34,196.98,200.85,207.47,213.41,216.83,224.22,228.83,234.83,239.71,239.03,241.63,240.79,240.48,236.91,235.05,234.62,229.49,227.07,223.19,218.12,214.34,210.01,204.73,197.57,191.85,182.21,177.69,167.62,158.82,151.21,139.17,131.93,121.02,111.23
108.72,121.82,130.27,140.09,145.66,152.09,156.54,157.95,159.00,161.30,163.20,166.78,167.63,168.05,171.09,172.41,173.81,179.63,181.47,186.21,196.01,203.19,209.75,218.84,226.49,233.02,240.20,241.11,245.52,246.87,250.05,246.15,248.71,248.07,245.51,241.35,236.04,235.92,231.01,227.70,224.24,214.79,208.29,200.45,195.23,186.49,174.94,168.69,156.06,148.39,136.01,125.20
115.74,128.72,135.56,144.09,149.16,157.70,161.77,163.51,167.41,168.36,171.03,171.42,172.33,174.14,174.18,174.61,175.05,181.23,181.96,185.15,190.07,196.86,204.71,212.08,220.20,226.49,233.65,233.31,236.60,240.17,239.04,238.89,241.77,243.28,240.40,238.17,233.42,232.50,229.62,224.88,221.18,211.81,207.46,201.94,196.51,185.00,177.61,168.66,157.69,148.85,137.84,125.40
123.49,136.36,144.90,153.39,158.43,165.56,171.92,174.60,176.30,178.47,177.79,180.71,178.54,178.02,179.74,179.80,182.65,183.45,187.64,187.88,192.66,198.73,204.75,208.40,219.32,223.66,230.22,233.32,238.16,239.72,240.71,237.46,242.23,241.60,242.89,238.85,236.43,236.91,229.99,230.29,226.74,217.08,211.24,206.24,202.25,189.45,180.47,173.22,163.34,154.43,141.17,128.88
129.02,142.71,150.27,162.34,169.18,174.90,185.39,185.41,190.26,188.96,191.76,195.98,193.26,194.65,195.35,197.91,199.32,202.30,204.71,207.45,209.80,215.59,221.38,224.59,229.86,239.01,249.07,245.20,247.39,249.47,248.57,246.55,249.06,250.79,250.00,243.96,242.14,242.53,237.29,236.18,231.81,224.96,219.91,210.71,208.79,195.47,188.35,179.77,168.01,157.31,147.25,134.85
113.23,125.54,133.00,138.76,148.06,154.86,158.76,162.00,165.64,168.83,169.62,174.00,173.40,174.39,173.69,174.75,178.47,182.06,182.43,184.33,189.78,195.26,200.14,207.23,213.25,219.20,225.16,222.64,225.40,224.83,226.38,224.16,224.35,225.40,223.18,223.49,216.94,214.16,212.02,211.07,206.63,199.12,195.60,188.37,186.32,175.57,167.91,159.23,149.37,141.23,130.25,118.96
115.10,127.61,136.01,143.22,152.46,159.45,166.21,170.58,173.46,178.04,178.81,185.74,185.69,185.95,185.71,188.99,194.83,198.52,200.56,202.09,208.02,216.42,222.43,227.06,233.86,241.55,247.41,243.18,247.01,246.20,245.00,241.88,239.43,239.80,239.12,236.58,228.63,222.99,220.91,219.92,215.41,204.98,202.12,193.76,190.52,178.68,169.19,160.20,149.90,142.36,131.37,120.55
113.78,126.12,133.26,141.99,151.92,162.11,166.09,171.06,173.73,178.49,182.72,186.13,186.81,189.25,192.94,196.60,198.98,204.27,208.43,211.19,218.52,224.04,228.54,233.90,241.35,246.34,249.47,249.20,251.10,247.70,248.94,242.96,238.65,236.78,234.35,229.71,225.40,218.44,215.67,210.04,206.53,200.36,191.34,186.40,182.36,170.30,162.12,152.80,141.82,134.74,124.02,113.84
112.45,125.40,131.83,141.89,149.35,159.21,165.56,170.18,175.14,179.01,183.87,186.53,188.47,190.16,192.57,196.02,199.62,204.08,206.52,210.15,220.41,228.21,232.54,237.89,244.09,247.19,253.21,255.70,253.16,251.18,250.80,246.91,242.71,242.19,236.24,232.17,227.47,223.27,217.25,212.29,205.55,198.65,190.22,188.15,181.20,168.29,163.11,151.65,143.57,133.02,122.78,111.95
118.36,129.63,138.31,146.99,157.18,167.05,172.79,176.41,179.20,185.40,188.61,191.90,194.06,195.43,196.95,200.53,203.79,209.50,210.45,216.17,223.08,231.53,234.77,243.20,247.87,251.64,258.24,260.00,261.01,256.91,260.46,253.14,247.98,247.91,244.01,240.80,233.75,230.63,226.92,220.68,214.98,207.27,199.06,194.44,187.97,175.42,168.55,158.05,147.47,139.05,127.53,116.84
118.07,130.25,139.74,148.48,157.21,167.82,171.09,177.39,183.47,185.56,189.59,190.91,191.38,187.81,192.26,195.03,197.49,199.98,203.00,205.00,212.55,217.68,224.57,226.53,232.31,242.69,247.26,245.98,244.92,243.59,243.39,237.55,235.51,238.03,230.41,228.44,226.17,218.01,215.24,207.97,205.68,196.94,189.31,186.30,179.63,167.60,159.00,149.24,140.66,134.89,121.00,108.81
120.34,132.06,144.45,152.43,163.23,170.99,175.97,183.39,188.68,191.45,195.88,197.25,198.12,197.67,199.49,201.53,205.57,207.62,209.80,211.29,216.67,223.40,231.42,235.05,241.50,247.14,253.03,252.30,253.62,252.24,250.51,244.98,243.82,244.44,239.05,235.49,232.45,227.98,223.38,217.67,215.13,209.54,199.32,195.58,187.56,175.33,170.63,160.29,151.27,142.64,132.77,120.83
114.87,128.55,136.09,146.24,156.63,165.39,169.43,175.41,179.92,184.39,186.55,189.74,192.41,192.28,193.00,195.79,197.27,200.41,202.48,207.29,210.26,218.08,224.62,229.71,233.57,237.78,243.31,243.67,245.62,240.65,241.90,238.83,235.54,233.94,227.56,226.74,222.18,217.72,214.15,205.88,204.62,199.09,190.34,186.17,179.60,169.33,164.35,155.57,144.84,135.37,127.06,117.44
123.15,139.46,147.87,158.76,173.18,183.07,188.11,198.31,204.53,204.98,210.00,214.09,215.06,215.42,217.72,224.32,224.70,228.06,232.02,234.80,235.54,246.17,252.57,259.25,260.41,263.65,272.01,270.88,272.08,268.93,266.15,262.49,255.57,257.74,249.02,244.35,236.02,230.55,227.78,219.92,216.45,206.90,200.25,195.06,186.57,177.78,169.62,160.61,151.01,141.41,133.99,121.20
119.20,134.17,145.72,155.43,163.67,174.95,179.85,191.64,196.09,198.01,202.41,207.25,209.41,207.28,208.09,216.30,218.60,222.80,225.55,228.22,232.38,241.42,246.55,249.93,254.02,261.63,267.12,261.73,260.50,260.80,260.31,253.80,248.47,250.19,242.77,236.18,228.53,224.29,221.38,214.98,210.30,201.72,196.16,189.62,182.48,173.16,163.49,155.60,147.87,141.16,128.72,116.76
123.04,138.72,149.48,159.21,168.58,180.43,186.68,196.33,201.43,202.09,206.70,210.42,211.30,211.29,212.90,218.74,223.27,224.96,228.53,229.22,233.11,242.01,242.40,251.13,257.20,261.05,263.55,261.54,259.05,258.90,255.55,253.03,245.70,246.89,237.86,233.55,230.22,226.57,222.01,216.09,209.75,202.77,193.94,186.87,181.41,170.74,161.55,153.57,149.16,138.58,130.38,119.47
119.34,134.61,145.77,156.73,165.08,177.12,181.82,191.04,194.37,196.98,202.81,205.07,206.52,205.94,209.00,214.65,217.08,221.42,225.80,226.74,229.69,239.64,240.05,247.69,255.16,257.96,260.58,258.77,257.19,255.88,253.49,251.02,246.47,244.66,235.67,232.86,229.00,225.33,222.15,214.97,209.91,203.75,194.01,188.74,182.32,172.63,163.92,157.28,151.17,140.04,132.00,120.27
118.34,132.23,142.17,149.83,160.70,169.10,175.51,183.63,187.62,189.00,194.88,196.43,198.09,199.26,201.32,207.10,208.63,213.36,217.67,220.34,226.99,234.96,234.79,244.24,248.68,253.18,257.33,257.53,258.04,253.88,254.92,251.37,249.13,247.59,240.75,236.93,233.33,229.30,226.77,221.45,215.06,208.71,200.85,194.15,189.71,181.12,172.68,163.41,156.05,146.54,138.11,125.96
110.14,120.70,130.97,139.32,148.41,157.32,162.34,168.91,172.03,174.93,179.81,181.60,184.44,182.99,186.94,191.55,194.06,199.12,201.24,204.42,209.35,219.02,219.15,228.21,230.87,238.32,243.68,240.35,240.83,236.72,236.22,233.73,231.37,232.65,225.14,222.28,216.28,213.93,211.24,207.14,203.00,193.87,189.19,181.99,176.20,169.66,161.08,154.38,147.87,137.38,130.00,116.73
119.33,131.80,142.87,152.64,161.11,170.29,175.84,184.76,188.13,190.19,193.08,198.44,198.88,198.43,200.74,204.44,209.72,214.09,218.06,219.36,226.15,233.07,238.16,242.68,249.15,257.78,262.51,257.38,257.77,255.86,252.84,250.00,244.98,246.79,236.78,234.78,228.97,224.96,220.78,217.90,213.34,203.54,198.67,193.30,187.54,175.15,166.64,159.20,154.26,144.55,133.66,123.42
122.54,135.30,146.10,156.34,165.22,174.43,179.52,187.40,191.86,192.84,199.70,199.32,203.07,203.03,205.23,210.29,215.75,219.58,225.08,225.50,232.26,241.81,246.42,252.30,259.05,264.05,270.45,270.24,268.07,266.91,263.32,259.07,255.89,255.29,247.41,241.66,237.61,234.36,231.45,224.74,218.63,211.05,204.20,199.92,193.15,183.12,173.83,166.63,159.29,148.12,138.92,125.96
121.34,135.15,144.20,154.54,163.60,173.14,179.63,185.78,189.53,189.77,196.33,197.80,200.96,200.01,203.04,208.03,211.44,214.46,220.71,223.02,230.50,239.00,242.87,251.10,258.03,261.40,265.17,265.84,263.69,261.16,259.63,255.48,252.23,249.90,241.20,236.95,233.82,230.23,225.08,219.91,212.43,207.95,198.80,192.42,185.78,178.35,169.01,161.24,151.65,143.17,137.38,123.84
125.94,139.98,148.27,161.00,169.50,178.73,186.47,193.19,196.73,199.01,205.77,207.51,211.00,211.75,213.32,219.94,221.07,227.69,235.23,236.95,245.18,254.97,258.00,266.37,270.97,276.90,282.86,280.93,280.81,276.74,275.51,269.98,269.68,264.49,259.47,252.01,247.95,242.92,240.26,232.05,227.02,218.39,211.32,203.07,201.41,189.86,180.94,171.90,162.87,152.27,146.11,131.55
126.63,140.00,148.38,161.23,167.55,178.10,184.36,191.09,193.40,198.31,202.25,204.12,205.81,207.85,211.04,214.01,219.43,223.89,227.22,232.13,240.16,248.32,252.49,262.21,267.54,271.41,276.50,279.54,280.86,274.33,274.47,271.28,267.22,263.15,255.93,252.29,247.32,244.20,239.43,231.37,225.94,220.24,208.89,202.76,199.56,186.04,179.25,169.55,160.38,151.65,143.40,130.36
121.92,135.36,145.42,156.08,164.35,171.59,178.01,185.42,188.22,191.32,195.00,197.99,199.69,201.94,203.00,205.65,209.46,214.85,221.38,223.27,230.22,237.98,243.82,251.83,258.63,262.69,268.21,269.58,271.06,268.56,267.30,263.47,261.73,259.88,252.77,248.00,243.29,239.38,234.72,228.67,222.46,215.86,207.10,199.65,194.49,181.71,174.24,164.35,155.79,146.81,138.51,125.80
120.07,133.93,144.28,153.10,160.08,169.78,176.08,184.32,187.54,189.68,192.85,195.92,197.82,197.73,198.34,202.25,207.08,211.02,218.01,218.39,225.29,232.76,240.35,245.47,251.94,258.26,262.99,262.83,264.09,262.49,260.77,256.60,252.05,251.85,246.63,239.82,235.26,229.20,224.66,219.49,212.95,203.42,198.48,191.06,186.72,172.41,164.55,156.25,148.68,139.14,130.31,119.47
121.83,136.12,145.53,154.21,163.67,172.80,176.50,182.41,185.05,187.22,192.01,194.74,196.22,198.29,201.00,202.77,207.53,213.86,216.17,222.73,230.72,241.02,245.49,255.01,262.15,266.22,272.59,271.00,274.17,269.46,271.67,266.27,262.15,261.60,254.89,248.76,245.40,238.88,234.44,226.74,219.54,211.85,203.53,198.07,189.19,179.07,170.18,162.37,152.43,138.44,130.60,121.04
117.00,130.38,139.54,146.99,156.73,164.51,170.55,178.55,176.71,183.00,185.28,189.68,190.16,189.00,192.82,197.37,202.28,207.23,211.60,215.67,221.55,231.63,238.82,245.42,250.74,258.86,266.27,262.84,263.87,261.03,259.70,257.77,253.40,252.68,247.50,241.67,235.03,229.92,224.85,221.05,216.02,205.08,198.54,192.61,186.01,172.57,164.55,155.31,148.55,137.75,129.99,117.88
118.44,130.94,140.43,147.17,152.74,162.82,168.08,176.24,178.21,182.21,182.39,188.10,189.11,187.22,191.78,193.71,197.95,205.06,208.66,211.26,221.35,228.00,234.69,242.03,249.58,256.74,263.70,257.99,261.22,254.87,255.67,252.86,251.45,250.32,244.50,240.35,232.85,226.01,224.08,218.87,213.81,203.30,197.50,192.59,186.02,173.05,164.20,154.78,148.35,138.46,128.50,117.29
110.17,122.26,130.80,138.44,146.89,154.57,158.76,165.71,167.11,168.05,173.30,175.33,177.72,176.65,178.54,184.04,188.48,192.51,198.98,201.36,207.87,215.24,222.70,229.61,236.62,242.40,250.34,246.07,249.34,246.56,244.68,243.97,239.71,239.63,232.45,229.46,223.43,217.83,216.41,209.25,204.61,196.31,189.79,185.69,178.60,167.24,160.44,151.03,143.57,135.00,124.87,115.12
114.00,126.32,135.77,143.18,151.40,160.85,166.15,171.59,171.42,174.42,178.62,178.90,179.23,181.91,184.00,187.72,193.30,197.44,200.81,205.55,215.56,224.20,230.67,238.03,245.16,250.60,257.19,257.38,258.43,254.96,254.14,251.21,247.63,246.59,238.12,234.17,227.98,225.25,218.50,212.72,207.62,198.31,189.76,186.13,178.83,166.59,160.56,151.79,144.69,134.83,128.00,115.55
104.14,117.63,125.20,135.42,140.93,150.76,150.75,160.52,160.86,164.54,166.68,168.67,170.47,169.71,170.95,177.12,180.47,186.60,190.07,197.25,208.17,218.16,223.62,230.95,241.30,243.30,252.05,253.31,255.97,254.78,251.96,246.55,244.72,242.40,234.79,230.96,226.79,221.58,220.41,211.25,204.35,195.54,187.58,182.50,177.08,166.01,159.45,149.59,141.06,132.98,124.54,113.53
106.23,119.07,127.02,134.63,142.87,151.95,153.83,160.98,163.00,165.50,168.51,168.76,171.49,170.50,171.77,175.55,177.87,185.32,190.21,194.29,204.73,214.76,221.08,227.68,237.80,241.60,251.07,250.50,255.41,252.94,251.80,246.40,247.41,242.87,235.54,232.22,228.53,218.50,219.24,211.26,205.00,194.51,187.43,184.05,176.05,167.26,160.18,150.08,140.94,133.84,126.18,114.11
90.43,102.96,110.06,117.41,122.59,132.00,136.30,139.28,142.13,142.36,145.84,147.23,147.57,149.04,150.72,153.67,158.38,161.62,163.17,168.58,176.08,184.49,186.82,197.31,200.26,207.06,212.01,212.60,214.95,213.33,215.76,211.47,209.16,208.35,204.12,201.76,198.60,194.62,191.51,183.41,180.07,174.55,168.75,162.00,158.14,147.96,143.00,138.25,130.36,123.75,112.70,105.57
124.84,137.77,149.21,156.95,164.64,175.07,181.34,188.94,188.96,194.28,196.02,199.32,200.41,198.57,199.90,204.60,205.08,212.17,215.47,220.05,227.11,237.90,241.98,247.84,256.85,264.52,269.92,269.28,271.76,265.42,264.51,263.90,259.63,259.62,253.21,246.83,240.13,232.31,230.67,222.75,218.19,206.02,198.70,191.21,185.31,172.86,166.07,156.67,147.98,138.46,132.48,121.75
77.79,85.48,95.88,98.79,102.62,106.04,110.16,110.98,110.64,110.34,111.20,113.46,109.86,110.11,105.59,108.91,110.00,108.91,108.45,111.54,124.65,133.42,144.10,150.62,162.05,168.24,188.90,191.64,198.40,202.81,199.49,205.80,207.39,210.30,206.16,207.76,201.69,199.27,198.49,196.09,195.97,190.24,180.83,179.42,172.43,163.25,156.78,148.27,140.60,133.15,123.98,112.61
118.46,133.22,140.66,150.10,160.03,170.66,174.00,181.18,182.63,186.59,191.92,195.02,197.45,197.59,202.08,206.02,210.41,215.78,220.20,226.42,235.99,246.01,249.42,259.93,267.31,271.46,278.49,280.08,280.00,275.14,277.19,269.62,263.78,264.28,257.01,252.53,248.56,241.30,238.25,227.26,224.88,215.72,206.17,201.02,190.39,180.41,172.26,162.02,152.55,142.47,134.42,123.48
112.97,125.10,132.31,140.62,151.25,158.29,163.78,169.36,173.44,175.64,180.48,182.92,183.81,185.08,189.97,194.83,199.28,202.87,210.01,215.70,223.04,234.62,241.40,250.35,257.96,262.53,270.42,272.12,272.00,268.82,270.20,266.92,260.91,261.73,253.03,250.57,244.07,238.50,234.01,226.24,220.59,212.60,201.04,197.00,187.75,178.24,170.56,160.64,150.76,141.32,134.54,122.43
107.02,119.55,127.77,137.03,145.15,154.20,158.37,167.03,168.68,172.26,174.90,179.79,180.62,181.28,183.44,188.31,192.35,199.70,205.23,209.09,217.37,228.32,234.64,244.44,250.45,259.34,268.40,264.87,266.90,264.12,265.09,259.54,254.17,257.82,251.10,246.68,237.97,230.95,229.43,223.75,219.32,208.72,201.31,196.01,186.60,176.15,166.09,156.35,150.79,141.03,131.70,120.10
111.31,124.20,134.41,142.69,150.73,158.39,163.13,170.29,176.37,179.96,181.11,184.77,188.18,183.58,187.97,189.99,194.00,202.61,208.68,212.15,219.54,229.12,236.84,245.12,252.16,259.89,269.07,266.70,267.91,267.09,264.85,260.89,258.13,261.22,254.07,251.15,242.40,234.62,233.93,227.20,222.90,212.45,205.60,199.80,191.13,177.49,170.56,159.81,153.84,144.39,135.71,123.71
116.40,131.47,141.41,150.10,159.81,169.19,175.07,181.32,183.67,188.47,190.17,192.57,195.23,195.18,196.88,202.20,203.02,209.07,214.37,219.43,224.85,237.30,243.76,251.08,258.12,263.45,273.15,271.74,276.88,271.06,272.73,268.99,267.65,267.66,263.62,258.82,252.07,246.03,245.46,237.00,231.39,223.19,214.00,208.89,200.84,189.84,181.34,169.09,163.34,151.16,139.81,130.25
107.42,123.56,134.39,142.64,150.88,159.66,166.11,174.20,178.35,177.01,179.62,182.63,184.40,183.11,184.13,189.66,193.98,198.24,203.53,206.65,215.36,226.06,231.19,239.70,245.25,254.94,264.94,260.16,262.12,262.89,261.45,258.23,256.12,257.96,251.13,244.76,240.61,234.94,231.62,224.47,220.78,207.69,202.94,195.43,187.38,174.39,167.60,156.77,149.62,139.46,130.39,119.57
107.79,125.90,133.60,143.00,152.40,161.14,168.29,172.94,175.33,174.94,178.91,179.11,179.97,180.18,183.74,187.83,190.43,195.44,200.24,204.30,212.46,223.73,226.74,236.52,242.83,247.43,256.02,257.77,260.43,256.87,257.12,254.57,252.99,251.56,245.16,239.06,237.45,232.28,228.02,219.15,214.15,206.63,197.10,188.60,182.39,172.74,164.00,154.83,146.49,134.79,127.88,117.48
120.54,133.79,142.94,151.56,160.55,170.53,176.05,182.19,185.31,184.40,189.50,189.13,191.85,189.53,191.69,195.53,196.90,200.36,207.46,212.19,219.66,230.00,235.05,242.79,248.65,256.84,264.03,264.28,267.38,265.42,267.62,263.83,263.01,260.95,256.25,251.73,246.64,240.20,237.69,230.01,225.53,216.34,209.39,198.31,193.87,180.71,172.72,163.42,152.50,142.79,135.59,124.02
118.85,133.78,143.09,154.30,158.86,168.24,177.20,182.88,187.88,186.53,193.88,195.48,198.16,194.94,194.29,198.24,202.25,210.07,213.33,216.46,223.61,233.14,240.14,246.16,253.19,265.42,270.86,267.43,270.12,269.16,267.42,263.69,257.40,258.26,252.41,243.29,239.44,226.88,226.88,216.21,211.53,198.83,193.26,182.65,174.29,161.05,150.37,142.23,135.87,128.69,115.87,106.21
120.42,135.80,145.33,153.33,161.93,170.94,176.17,183.00,186.29,187.30,190.28,192.61,194.49,192.75,193.89,199.32,200.26,206.48,211.47,214.89,221.65,232.00,237.67,245.90,252.84,259.08,267.61,265.35,270.45,265.17,266.91,263.76,259.79,259.33,251.81,246.91,241.66,235.59,230.49,221.05,216.61,205.97,198.13,188.69,182.13,168.59,159.18,149.00,139.45,130.86,122.16,111.80
123.00,136.12,146.54,155.00,165.39,172.05,179.20,183.70,187.42,188.86,191.64,194.01,195.15,194.74,196.04,200.58,205.72,208.97,213.49,216.02,225.32,236.60,240.30,249.90,254.59,261.54,270.25,266.72,270.96,267.10,268.33,264.69,262.23,260.45,255.85,250.83,245.60,237.80,235.42,229.06,221.38,214.14,203.22,195.94,189.93,175.41,164.98,156.27,147.18,134.54,128.88,117.20
115.42,129.28,135.83,144.46,154.86,162.79,169.85,174.96,178.87,181.71,186.34,188.86,192.68,192.51,194.40,199.48,204.38,209.07,215.01,219.32,227.86,236.92,242.87,250.05,259.12,263.21,265.44,267.64,268.27,263.49,263.53,258.69,253.01,249.69,244.63,237.84,234.36,224.96,218.75,212.88,205.98,199.25,187.84,180.85,174.90,162.19,153.64,144.67,133.23,124.28,118.14,105.39
111.07,123.98,131.52,140.46,148.57,157.65,164.83,171.90,173.95,177.37,180.55,185.41,188.22,187.77,191.69,199.49,204.92,209.06,214.25,220.38,227.79,239.04,244.93,253.60,260.56,267.46,274.22,272.28,274.12,270.15,270.24,264.37,260.75,258.86,253.85,248.20,243.04,234.00,230.42,225.38,219.91,210.49,202.03,195.04,188.22,172.82,164.20,154.57,145.99,135.07,125.26,115.04
109.66,123.00,133.69,142.00,148.95,158.00,164.47,174.00,176.66,180.85,184.78,189.11,193.04,191.85,196.01,199.72,208.19,214.57,222.06,223.21,233.02,242.54,249.02,258.15,263.87,271.95,275.88,273.56,275.73,271.33,266.26,263.80,259.62,261.05,252.00,247.49,239.15,234.93,228.98,224.64,217.71,207.10,198.72,193.44,186.34,170.66,161.00,152.84,143.89,133.88,125.67,113.64
109.81,123.49,130.75,140.89,149.20,160.11,166.46,171.28,176.31,178.09,182.85,187.13,190.39,191.00,193.08,200.88,203.71,210.15,213.94,220.10,229.84,240.79,244.17,255.33,259.67,264.43,270.80,270.01,271.96,265.59,266.66,262.98,255.82,252.41,243.91,241.36,237.17,232.45,226.29,219.32,213.60,204.96,196.82,188.99,184.09,170.30,162.96,152.50,143.21,133.41,126.57,115.39
101.32,115.43,124.96,133.36,136.95,146.11,152.32,161.01,162.98,165.51,170.66,171.01,174.01,174.00,176.92,180.80,185.05,189.43,195.49,199.48,208.02,215.67,222.52,229.26,236.07,240.65,247.32,245.59,244.32,242.69,239.71,238.47,234.34,232.95,223.88,219.83,216.04,211.25,207.02,198.71,193.99,185.06,177.18,171.08,167.54,153.77,148.57,138.85,132.48,122.49,114.95,104.00
107.47,121.12,126.06,138.64,147.67,156.21,162.86,172.66,177.03,176.53,184.46,184.50,188.96,189.79,191.91,200.64,199.61,204.83,210.68,215.67,225.85,234.44,240.22,247.03,255.07,258.79,266.63,264.36,267.11,261.93,263.50,260.84,257.50,252.45,245.70,242.33,239.21,233.45,229.68,220.48,216.17,208.06,200.69,190.91,184.69,174.64,167.73,156.73,146.37,138.20,129.63,117.99
99.92,112.22,121.20,129.02,137.09,145.25,151.33,159.77,163.01,164.44,166.48,170.02,172.96,172.24,171.82,178.83,181.66,185.35,192.00,193.23,201.21,208.93,216.33,222.17,228.86,234.83,241.91,239.14,239.77,239.71,239.93,235.77,233.94,235.59,230.63,225.22,220.60,217.19,213.40,209.66,206.00,198.31,190.69,185.30,180.49,168.62,164.10,152.71,146.17,138.24,130.18,120.02
118.68,133.18,143.81,154.05,161.51,172.96,178.00,184.74,187.81,189.65,193.77,194.59,198.46,196.71,197.85,205.10,205.29,210.30,214.71,220.95,228.35,237.98,242.91,252.00,258.38,264.68,271.47,270.75,273.63,271.28,270.68,269.36,267.23,265.53,260.73,257.12,251.32,245.81,245.46,238.72,233.49,226.29,217.18,208.97,205.79,193.89,185.80,175.00,166.77,157.43,149.04,138.88
114.06,128.22,134.97,146.03,155.24,163.29,166.87,174.61,177.53,177.54,183.70,184.32,186.70,186.07,186.59,193.19,193.66,197.28,202.61,208.79,217.35,227.76,231.71,240.35,246.27,252.25,261.63,258.95,260.10,257.30,259.05,255.07,250.88,251.44,243.66,239.14,236.05,228.36,226.40,216.33,211.74,205.79,197.80,189.59,182.91,172.70,165.89,157.87,149.16,139.74,133.15,123.71
124.34,139.82,147.41,157.28,165.15,174.98,180.24,186.57,190.38,191.23,195.43,195.58,198.60,197.45,198.71,203.09,206.52,213.06,219.94,223.34,230.47,243.50,247.34,258.01,263.06,269.94,280.58,277.36,279.43,275.41,274.40,271.94,269.15,268.00,261.22,256.69,251.25,243.52,242.46,234.36,230.36,220.23,212.85,205.57,199.11,186.72,179.77,168.68,160.35,150.00,144.20,131.03
113.46,126.91,135.79,144.25,151.49,160.70,169.03,176.40,179.14,182.17,183.88,190.07,193.21,192.00,194.43,198.92,205.55,212.08,216.58,219.27,226.77,235.92,243.99,251.09,256.55,264.09,266.83,264.37,265.35,262.99,257.78,255.88,249.20,249.84,242.44,238.76,231.26,224.59,219.82,216.41,209.25,201.64,193.87,187.42,180.85,166.29,156.42,147.73,140.51,129.87,121.66,112.26
113.78,125.32,135.68,142.80,153.31,163.44,168.75,177.51,183.64,185.78,194.62,197.25,198.09,202.08,203.42,211.42,217.37,222.48,229.71,231.52,241.66,250.91,259.27,266.26,269.76,277.30,280.89,281.52,278.86,276.10,271.05,270.05,264.02,261.18,255.18,250.46,244.23,237.24,231.81,223.33,217.59,209.80,201.19,194.46,187.84,171.55,164.20,154.25,145.01,135.15,123.56,113.74
97.86,109.12,116.11,124.91,134.24,142.30,149.77,157.06,160.59,164.08,171.21,174.13,175.80,179.96,184.07,191.32,196.47,203.80,207.85,213.82,221.63,234.57,236.59,247.48,252.24,258.14,264.41,263.64,263.43,258.82,259.23,253.86,248.04,245.39,238.25,234.92,229.01,225.22,218.83,212.90,203.97,197.43,188.37,181.46,176.03,161.89,154.56,142.64,136.70,124.58,116.50,103.59
90.71,100.96,107.00,115.43,124.06,131.22,135.83,142.52,146.45,149.21,153.39,156.67,160.00,163.03,166.00,173.76,177.48,183.15,187.97,194.73,204.41,214.67,218.98,229.22,234.35,240.16,248.48,248.78,248.50,245.00,244.97,241.54,239.43,237.03,229.51,227.00,221.94,216.47,211.78,206.21,198.71,192.40,182.33,177.20,170.99,157.62,150.69,139.09,132.19,121.94,113.36,100.46
96.54,107.20,119.64,123.60,134.33,139.30,147.26,156.25,154.35,156.55,163.25,162.11,166.63,168.58,171.23,178.72,180.69,188.90,195.06,202.20,217.00,227.06,232.02,242.55,252.00,262.37,270.60,270.50,273.12,272.15,274.55,271.75,271.15,269.08,264.37,259.38,254.83,249.38,246.98,239.21,232.65,222.75,214.85,206.78,200.41,189.71,179.08,168.86,159.53,146.24,137.48,123.94
104.14,115.16,121.20,130.14,140.19,146.11,152.16,152.16,155.31,152.07,161.11,156.12,158.40,160.58,165.47,169.71,171.29,175.50,184.84,190.04,205.77,215.75,224.41,234.89,246.20,252.72,264.62,267.62,269.05,272.30,273.82,269.36,273.18,271.09,266.28,262.10,260.97,255.57,252.00,244.59,237.04,232.21,219.35,211.98,207.28,195.66,186.68,175.80,165.68,154.21,145.04,131.21
117.61,131.03,136.56,145.42,154.55,160.25,165.17,167.80,168.13,165.59,170.31,167.84,167.45,166.93,167.76,170.85,173.76,178.40,185.78,190.09,201.82,214.80,224.27,236.30,243.56,252.96,265.93,269.48,271.19,274.12,274.90,271.68,271.90,274.02,269.43,265.04,262.02,256.16,253.21,245.20,237.78,231.42,220.86,211.69,206.71,194.36,187.11,177.26,165.25,153.73,145.12,131.61
129.19,140.43,151.16,162.19,166.47,175.56,181.03,183.15,186.30,184.26,185.31,184.66,185.07,180.25,182.26,185.72,188.40,192.21,197.43,200.44,210.89,223.51,230.20,239.84,248.16,258.85,271.33,270.93,274.18,275.43,276.25,274.48,275.60,279.31,271.01,266.18,263.76,256.91,255.24,246.27,239.38,231.50,225.89,218.45,212.05,197.95,188.10,176.00,168.07,156.92,145.43,131.37
118.85,131.75,142.04,149.97,157.80,166.07,172.24,176.82,176.34,177.54,180.69,180.62,182.33,181.47,180.01,186.51,189.11,193.20,198.20,201.72,211.90,225.42,228.82,240.47,247.52,252.18,260.57,258.60,262.05,257.39,259.20,255.16,251.46,249.29,240.63,237.14,234.39,226.57,224.18,217.08,210.38,202.48,198.04,189.01,182.92,169.43,161.31,152.35,143.59,132.77,125.00,112.92
120.28,132.40,142.03,150.22,158.22,165.58,170.88,177.12,178.40,180.55,183.83,185.37,188.22,186.12,187.95,191.78,196.09,200.18,208.17,210.40,218.55,230.12,236.35,242.92,249.91,258.12,268.40,265.19,267.20,265.13,263.27,262.43,260.82,260.86,252.73,248.58,241.55,238.08,235.60,230.84,224.40,213.12,207.63,198.70,192.26,178.27,169.58,159.25,150.46,138.71,131.18,118.27
114.59,127.28,135.33,143.39,153.39,162.86,168.43,176.14,177.49,179.60,183.85,185.04,187.09,189.53,192.42,198.04,200.19,205.97,212.42,217.47,228.64,239.14,242.72,253.39,260.28,264.20,276.28,274.85,275.57,272.66,273.85,269.45,267.30,264.62,257.00,252.51,248.57,243.39,240.10,232.28,226.08,218.05,207.27,200.90,193.63,179.00,173.08,160.31,151.34,140.94,130.06,119.22
98.41,111.36,119.94,126.50,134.33,145.00,148.49,155.39,158.75,159.77,161.97,166.58,168.68,171.29,173.95,180.87,183.35,188.90,195.86,200.49,212.04,222.04,227.25,235.37,241.81,249.37,256.16,255.23,256.83,251.55,251.81,248.05,244.17,240.52,232.82,227.90,224.14,219.49,213.97,209.27,200.52,192.21,184.04,177.75,170.51,156.95,149.88,140.07,133.46,121.81,115.35,103.87
102.30,114.74,121.75,132.24,139.79,149.21,154.67,162.27,162.08,164.58,170.47,173.90,175.37,175.84,180.94,187.76,192.17,197.72,205.23,211.18,222.40,235.85,240.88,249.47,259.00,266.18,273.20,274.65,277.80,274.59,275.31,270.07,266.66,264.97,256.20,251.75,248.67,241.09,237.12,228.27,221.38,212.72,202.18,195.41,187.88,174.05,165.95,155.26,147.12,137.00,127.47,115.16
109.27,122.15,129.81,139.09,147.12,156.16,158.38,162.79,165.19,163.60,167.36,165.76,166.23,166.93,166.17,172.19,172.46,176.51,181.28,189.27,199.12,208.43,212.14,221.10,231.23,238.07,250.83,252.25,254.53,255.63,259.11,257.44,260.60,259.70,256.18,254.57,252.10,247.42,244.25,234.44,229.19,226.31,216.63,208.24,203.39,192.20,184.29,173.99,165.39,155.63,147.85,136.12
114.69,128.36,135.48,145.17,151.61,161.94,167.45,169.00,169.86,171.33,173.60,171.70,170.95,170.50,170.06,174.29,173.42,178.10,183.92,188.10,197.23,208.24,215.23,227.79,234.89,239.71,257.58,258.64,262.64,264.85,268.12,265.20,266.84,268.07,261.08,257.61,254.85,247.24,245.45,233.90,227.61,223.44,212.13,207.28,198.43,189.04,180.42,171.49,162.79,151.99,146.77,133.02
111.00,125.14,136.89,144.90,153.53,161.64,167.26,172.74,174.29,174.42,174.75,177.51,177.00,171.83,172.26,175.97,176.28,180.57,186.56,187.42,197.50,207.15,217.33,222.70,231.21,240.00,252.53,250.39,250.19,253.36,255.64,251.16,252.83,255.97,250.06,244.83,240.43,233.48,233.24,226.77,221.02,212.72,204.01,200.11,192.04,179.45,171.90,161.40,156.54,145.33,137.18,124.95
126.78,141.53,154.43,164.68,175.03,185.53,190.16,199.53,200.85,200.57,206.52,205.14,204.35,201.99,201.10,205.24,206.17,210.30,214.27,213.56,220.49,232.18,238.08,244.64,253.18,256.38,268.51,267.86,270.71,268.29,268.37,263.91,260.82,265.22,254.47,250.06,246.25,236.93,232.77,220.99,213.91,209.23,196.70,190.07,178.90,167.49,159.20,151.74,141.48,135.52,129.63,119.21
106.45,118.46,128.25,138.32,148.48,158.05,165.95,178.64,183.64,188.38,198.82,202.53,209.17,212.85,217.15,223.73,229.39,235.26,241.37,244.30,249.33,256.85,262.37,262.99,267.66,266.83,266.43,263.47,257.75,255.28,249.07,240.52,231.46,224.97,217.20,209.97,203.74,195.16,188.66,181.55,170.47,167.60,154.78,145.84,143.01,135.36,127.63,122.15,117.61,109.17,102.61,93.01
113.41,129.54,136.82,147.17,159.42,171.01,176.95,191.86,195.31,203.67,210.10,214.96,222.09,227.40,230.63,238.44,244.01,250.52,256.36,257.78,261.19,269.61,274.35,275.41,279.09,277.84,278.12,269.09,265.94,261.04,253.56,243.81,232.47,228.47,217.71,210.00,202.41,192.84,187.92,178.44,171.84,165.47,155.86,147.65,145.36,138.20,130.61,125.48,122.20,113.23,105.39,97.80
128.14,145.89,157.99,167.53,182.02,195.17,200.32,210.01,208.69,211.53,213.05,215.23,215.14,211.98,207.09,211.00,210.09,211.63,211.40,211.52,209.75,219.67,224.04,226.92,232.69,237.45,244.61,238.40,240.11,238.35,240.03,235.38,229.86,234.09,227.48,223.09,216.45,209.62,203.95,194.92,182.20,167.03,152.78,139.06,123.94,103.60,91.83,83.63,77.88,70.01,65.73,57.80
104.31,115.36,127.14,136.56,142.09,149.93,158.24,166.42,170.42,173.28,181.55,185.61,189.01,193.04,195.44,202.16,206.01,209.31,213.08,215.11,218.21,224.00,227.72,230.59,232.94,232.70,234.10,225.66,222.40,219.02,214.22,205.57,198.07,196.03,187.07,184.68,180.35,174.35,173.67,168.18,165.70,161.60,158.40,151.08,148.57,141.83,137.24,134.11,130.30,124.49,113.16,101.07
116.52,132.91,139.52,151.09,160.16,168.00,175.60,183.53,190.31,195.92,201.07,206.35,210.85,213.01,214.77,222.20,225.72,230.44,235.10,239.38,240.71,246.45,250.19,252.79,254.20,254.00,250.57,246.92,242.89,237.17,232.46,225.82,212.85,212.66,205.57,200.36,194.65,188.69,187.63,183.66,177.13,174.43,169.43,165.50,164.03,157.31,150.65,144.73,139.59,132.25,123.43,112.15
122.38,137.32,148.49,156.60,168.60,179.18,184.48,194.80,199.25,206.02,208.93,218.83,221.82,224.66,226.29,231.95,240.38,242.40,248.96,251.68,253.10,260.40,265.55,265.36,265.88,265.29,261.50,257.62,252.74,248.81,243.56,233.02,220.87,222.20,213.17,207.12,202.07,198.11,192.31,190.39,184.98,179.97,175.64,169.29,166.34,155.08,152.40,145.50,136.78,131.03,120.21,109.93
127.13,145.01,153.84,165.16,178.19,187.45,193.88,202.81,208.12,214.23,220.78,228.08,229.99,233.11,235.21,238.73,245.12,246.62,250.57,254.20,255.16,259.62,263.61,264.43,264.28,261.82,257.72,250.67,244.01,237.31,231.10,221.36,208.54,203.35,198.22,192.26,188.51,182.48,177.60,172.53,166.39,163.77,155.82,149.35,145.43,137.88,131.53,126.02,117.39,109.12,100.85,91.44
141.77,160.15,169.07,180.31,189.53,203.11,212.76,222.44,228.60,230.87,240.02,241.02,243.82,250.73,251.37,255.24,258.38,264.01,265.76,267.86,268.79,272.15,274.01,273.91,274.12,275.96,266.60,256.56,252.20,242.72,238.56,225.60,215.00,209.04,199.20,193.60,189.01,182.18,177.79,170.42,164.12,160.10,153.18,146.25,144.36,132.19,125.36,117.41,108.46,99.05,90.14,75.29
149.75,166.43,177.49,188.32,201.30,214.28,222.93,228.02,235.92,242.12,248.85,250.45,255.48,257.88,260.77,262.23,266.83,267.78,271.25,272.85,270.01,274.18,275.60,273.48,272.94,271.36,263.01,254.17,249.69,239.53,233.90,223.45,210.49,204.57,195.17,188.85,184.46,178.10,172.53,167.29,161.60,157.49,151.00,146.41,140.80,132.85,124.33,120.54,110.39,99.62,88.84,76.37
148.19,165.30,176.31,188.51,200.30,211.90,220.51,230.32,235.48,238.03,244.72,245.78,248.50,252.62,254.23,257.86,261.29,263.60,265.58,264.60,262.61,267.12,268.07,264.76,266.02,262.23,252.56,244.20,237.74,228.84,220.95,211.45,197.13,190.65,181.14,176.83,172.24,166.90,158.91,154.43,148.07,146.49,139.98,134.13,131.58,125.00,115.80,111.02,102.16,89.94,80.28,68.31
155.24,171.83,182.47,195.16,206.93,218.75,225.42,233.33,238.25,242.20,246.03,251.05,252.81,255.20,255.18,258.12,257.33,260.55,264.56,261.28,259.05,260.28,262.26,261.20,258.79,258.44,249.82,239.11,232.56,226.56,216.69,208.78,198.65,191.64,185.07,176.14,171.47,167.43,164.71,160.38,159.52,153.24,152.61,148.27,147.58,142.13,138.83,133.41,127.78,122.56,114.04,104.06
161.68,177.20,188.67,206.32,213.01,227.88,232.14,242.84,249.27,248.58,257.12,262.91,263.08,262.74,261.59,262.69,266.02,267.59,270.14,267.47,268.16,265.70,267.47,261.84,258.99,257.29,245.98,236.23,228.49,222.17,210.01,200.19,188.00,182.04,176.32,166.24,160.12,154.00,153.95,150.24,148.66,144.78,144.85,140.69,140.36,137.09,133.76,129.07,123.00,118.33,108.46,99.69
162.20,178.93,189.84,203.86,216.60,229.46,236.78,244.81,250.44,255.99,257.62,262.49,263.49,265.04,264.88,268.67,268.37,268.29,271.53,268.17,265.97,268.06,268.29,267.61,262.88,264.62,253.85,241.36,237.95,228.35,219.08,211.07,201.94,196.66,188.31,180.89,177.25,171.66,167.92,165.68,161.23,155.62,155.28,148.49,146.51,143.22,136.48,132.19,125.04,119.55,111.61,100.40
158.04,175.03,186.94,201.72,212.01,224.15,232.72,241.17,247.33,250.74,256.90,259.39,262.49,262.09,262.94,267.20,265.58,264.37,269.08,266.66,262.64,267.45,265.68,264.27,260.42,260.34,250.29,238.66,235.05,224.41,215.93,207.09,197.36,191.53,181.04,175.73,169.54,165.89,162.66,159.26,153.77,150.44,147.01,142.41,139.99,135.72,131.70,126.75,119.51,113.85,105.55,95.29
157.28,171.68,188.22,203.38,215.54,226.38,235.99,242.05,249.65,255.56,258.79,262.61,265.93,264.37,266.01,267.30,271.06,273.44,276.01,270.30,269.36,271.02,270.05,269.98,266.06,266.59,254.01,245.49,238.95,231.47,223.83,211.51,198.34,198.74,188.35,180.71,172.18,169.05,165.03,164.56,160.52,152.74,152.59,144.59,142.23,137.57,128.22,124.28,120.04,113.85,104.74,93.11
134.18,153.45,164.22,173.05,185.02,197.52,197.96,208.34,214.60,216.09,222.87,224.59,224.34,218.79,221.21,222.41,224.57,224.51,224.51,223.19,217.88,213.93,212.87,210.04,203.69,200.77,190.10,177.46,170.48,164.76,153.06,144.59,128.76,126.81,121.66,111.83,109.66,105.08,104.85,102.08,104.04,99.73,99.57,97.19,97.94,93.34,90.79,86.95,82.30,78.10,72.42,64.62
152.07,171.23,183.00,195.36,206.34,219.80,228.74,237.19,242.62,249.69,254.40,260.35,260.32,262.48,264.52,266.60,270.56,271.68,273.38,273.03,274.05,272.72,273.70,273.39,272.53,272.33,260.68,254.02,246.76,239.08,230.36,219.69,205.29,202.11,192.13,186.13,179.82,173.57,168.07,161.99,157.81,151.08,145.77,142.06,137.36,128.44,123.00,115.52,112.25,107.52,94.89,85.16
150.08,167.49,183.00,192.28,204.62,220.74,227.11,238.48,241.30,248.08,249.07,258.04,258.88,263.21,264.51,264.00,268.29,272.42,270.90,270.29,270.05,270.33,269.26,271.66,272.07,271.18,261.68,253.25,246.90,239.52,233.33,219.02,206.16,204.36,195.73,189.19,182.10,175.96,171.84,166.17,160.75,153.77,153.00,147.96,143.18,132.06,123.37,121.20,111.31,135.83,119.63,95.29
149.50,168.69,178.87,191.93,200.88,213.22,219.11,231.41,235.05,238.10,242.12,245.58,248.49,247.20,247.32,251.51,251.87,259.20,253.43,252.39,252.07,250.53,254.62,249.93,253.22,250.00,240.52,233.86,225.85,218.68,211.77,201.20,188.85,184.71,174.77,169.85,162.86,155.60,151.82,146.93,142.41,136.31,133.02,129.32,125.60,118.38,114.27,107.54,104.48,100.00,92.05,83.22
143.81,161.07,171.98,184.20,192.26,202.70,210.06,218.65,224.40,227.61,231.11,234.33,235.05,235.00,236.66,235.77,237.89,242.85,240.45,237.90,236.02,238.92,239.59,237.69,236.58,234.83,231.04,222.28,216.42,210.38,201.56,190.02,178.88,174.69,169.10,159.89,153.03,146.56,141.52,139.30,134.83,126.61,123.00,120.54,115.25,107.70,103.58,97.02,95.34,90.92,82.73,74.46
154.18,170.91,184.11,199.11,208.39,222.00,229.00,240.01,244.95,248.28,253.71,256.63,258.80,259.54,261.84,260.97,264.76,269.36,267.90,265.81,264.89,267.20,269.07,267.20,265.80,264.04,256.80,249.42,242.00,237.89,226.00,215.24,203.69,198.02,190.43,182.94,174.59,169.33,164.45,159.71,155.59,146.99,144.28,140.68,134.74,128.04,120.37,115.95,113.56,108.02,94.59,88.68
152.32,167.76,181.30,196.21,204.44,219.24,225.72,236.81,244.64,245.86,249.24,256.12,255.88,255.67,255.72,258.37,259.02,260.93,262.67,263.15,258.03,262.43,261.18,258.14,258.28,259.53,250.49,240.74,237.26,228.53,221.94,213.94,201.23,196.80,187.64,183.58,176.78,170.18,169.29,166.47,162.93,155.39,154.56,149.09,147.08,139.49,135.07,128.95,124.58,121.20,105.93,98.76
149.51,167.87,177.79,189.81,198.09,212.28,220.51,231.81,236.55,237.30,239.37,242.99,247.33,246.13,246.59,251.85,249.78,253.66,256.64,252.64,250.35,251.91,252.05,253.07,253.45,252.45,246.89,236.71,232.42,226.43,219.40,212.70,204.38,201.64,194.88,191.60,186.21,181.08,180.35,176.74,176.21,170.43,169.12,160.85,162.00,154.03,149.38,141.22,135.79,131.23,118.70,111.32
101.00,110.98,117.69,126.92,133.96,141.42,146.99,155.72,159.25,166.29,173.25,177.05,182.36,189.10,194.10,197.34,205.68,210.30,219.24,224.32,231.04,234.89,241.03,244.92,251.05,255.23,253.29,252.18,248.90,244.59,238.38,228.62,217.25,212.08,200.81,196.98,187.66,178.21,172.24,164.23,157.28,151.64,142.21,135.83,131.59,119.77,113.45,107.38,100.42,97.13,88.24,81.34
84.31,94.15,97.51,104.75,111.07,118.31,122.00,128.04,131.67,137.18,145.91,147.41,153.38,159.15,161.48,167.03,174.75,180.14,186.85,191.05,200.69,202.20,210.26,214.67,219.66,226.13,228.04,224.80,225.09,219.54,217.67,210.77,204.40,200.41,191.00,185.02,178.73,170.85,166.33,161.60,155.03,150.96,145.80,136.61,135.44,130.97,125.42,118.73,115.69,110.29,102.86,96.26
93.78,100.50,106.68,112.41,118.26,127.68,129.85,137.06,140.94,150.08,156.54,159.31,166.97,169.92,178.01,184.33,191.00,196.90,205.28,211.05,217.12,220.51,227.16,229.37,234.61,238.46,232.70,234.27,230.34,224.44,219.10,214.77,205.77,195.80,187.58,177.18,172.56,164.15,159.71,152.08,145.96,143.93,135.42,132.24,130.08,128.55,125.54,118.27,117.63,116.21,107.62,101.98
185.73,202.41,215.37,229.97,243.23,255.12,264.25,267.44,270.44,277.42,277.75,274.15,279.69,274.85,270.82,269.08,265.83,266.94,265.07,255.43,248.92,248.47,247.95,240.52,238.92,235.44,224.01,218.00,215.34,206.00,196.90,188.09,178.87,176.40,170.85,169.76,168.57,165.85,165.52,162.34,161.11,159.14,154.74,152.16,150.95,152.74,147.60,141.45,134.61,129.99,122.53,114.20
173.46,192.07,204.71,218.52,227.27,240.41,246.76,252.21,255.67,261.40,259.12,259.47,262.35,258.66,252.21,252.72,248.09,249.62,247.41,241.02,234.31,231.67,231.94,225.89,223.01,220.06,208.66,201.24,196.65,188.04,179.85,169.09,162.11,161.01,154.78,152.33,149.86,148.84,148.22,147.72,146.17,139.46,139.94,138.71,136.42,135.48,129.25,123.75,121.25,118.42,108.93,99.20
167.03,185.17,196.79,210.06,223.14,234.63,242.67,250.86,252.79,256.25,254.59,256.26,257.16,252.35,246.13,242.67,240.52,238.67,234.80,230.42,221.82,216.52,213.56,209.47,210.47,201.14,189.31,178.18,167.30,161.34,156.19,143.50,133.65,125.67,120.02,118.53,117.64,111.65,114.13,118.90,119.47,119.57,124.78,125.72,128.70,128.44,122.49,118.53,117.80,116.09,105.08,96.57
170.00,189.69,200.55,217.35,228.00,241.24,248.07,252.64,258.28,260.25,260.57,263.01,264.30,258.97,255.42,254.03,252.44,251.75,247.84,243.71,235.47,230.87,228.71,224.29,217.52,210.29,195.35,189.11,179.63,166.09,160.33,150.23,135.09,126.83,118.96,113.72,107.22,101.00,99.30,96.00,94.13,91.59,95.52,96.77,106.23,121.94,119.63,115.26,113.07,107.91,102.55,95.80
102.62,116.10,123.15,130.38,140.81,148.95,152.46,158.83,163.20,167.72,172.51,177.88,180.14,185.27,191.37,197.37,200.94,209.75,217.37,223.30,233.50,243.02,251.03,257.78,265.38,268.78,274.31,270.82,270.93,270.95,264.47,260.49,255.67,252.40,243.02,237.89,232.05,224.40,217.50,209.40,203.50,194.50,186.63,178.04,173.10,161.25,155.08,144.36,135.06,125.67,116.38,104.14
113.32,127.74,137.01,145.65,154.74,165.33,170.29,178.73,182.07,186.10,191.31,195.89,200.34,202.42,207.06,211.63,217.45,226.92,232.08,240.02,249.02,258.38,264.12,272.62,280.51,283.43,289.00,283.35,287.61,284.56,279.96,278.35,270.08,268.93,256.74,255.02,248.72,241.25,237.07,228.19,222.61,214.66,207.18,197.25,191.64,179.98,171.83,161.31,150.21,140.94,128.97,116.69
114.77,127.47,134.54,143.89,153.94,163.96,167.37,175.29,178.54,182.72,184.84,189.93,193.50,197.00,200.52,203.22,208.61,217.37,219.43,224.96,233.14,241.20,250.06,255.16,263.00,266.96,273.13,269.42,273.27,270.45,268.03,261.02,258.57,257.94,250.01,249.00,241.78,240.25,233.69,226.81,221.96,216.36,207.15,202.05,194.20,186.97,178.06,171.19,160.72,149.63,137.88,125.40
108.47,121.84,131.80,138.40,147.00,157.70,159.86,167.05,172.41,173.88,175.79,182.65,183.47,185.81,189.02,192.84,197.65,205.19,208.86,211.93,218.00,224.85,232.80,237.97,244.01,248.81,254.62,247.76,252.17,250.67,248.04,243.02,241.03,240.68,236.36,232.44,226.05,223.09,217.68,214.87,212.08,201.00,198.04,191.67,185.65,175.85,170.42,161.45,152.90,144.10,131.14,116.36
111.31,127.32,134.84,145.46,156.46,164.20,168.19,177.59,181.11,183.81,186.59,190.77,193.41,196.85,197.43,202.03,206.39,214.90,216.07,225.14,231.68,237.80,245.71,252.07,259.72,262.38,268.03,264.59,264.85,263.06,261.63,256.27,256.22,255.69,249.23,245.05,240.17,237.12,233.94,223.61,219.97,214.95,206.65,201.32,194.09,185.31,178.10,167.19,155.44,147.79,135.07,123.49
112.26,125.21,135.15,145.07,154.93,163.68,168.36,176.82,179.11,183.99,185.92,192.08,192.88,196.38,199.00,205.87,210.68,216.36,223.14,228.56,238.42,247.82,253.86,262.99,273.75,277.35,282.00,279.50,285.81,280.59,279.97,274.06,269.65,272.64,267.03,261.47,256.16,250.02,248.70,240.40,236.45,225.76,218.12,212.28,205.12,195.50,181.73,173.74,161.98,152.90,140.43,126.62
100.30,111.36,122.09,130.38,136.30,144.06,148.56,154.87,158.90,161.79,161.38,167.60,170.32,169.50,170.24,177.12,181.18,188.86,193.46,199.18,208.52,214.76,223.06,229.46,237.07,243.85,248.07,244.56,247.95,246.07,245.73,242.17,241.11,242.40,239.14,232.78,226.37,222.46,222.19,216.12,212.61,201.68,197.31,194.74,185.15,173.76,164.92,156.00,146.89,138.66,123.98,113.00
96.13,108.63,117.29,126.61,134.48,140.91,144.39,149.04,154.18,155.90,159.31,161.05,164.60,167.86,167.84,174.38,178.72,189.18,195.78,200.48,215.54,224.22,232.69,244.17,253.14,257.86,267.56,268.81,275.38,273.18,275.04,271.02,270.90,272.96,269.09,261.73,260.19,255.00,252.76,247.03,242.03,234.96,225.79,221.77,213.35,201.52,193.75,181.47,169.80,159.05,144.84,133.81
100.81,111.65,120.54,127.80,136.21,141.03,146.51,152.40,154.03,155.04,159.10,161.60,163.29,166.65,168.07,173.18,176.64,184.61,188.90,196.01,208.60,216.40,224.18,233.06,242.49,247.03,257.09,258.75,261.12,261.34,263.60,257.39,260.03,260.25,258.38,251.94,250.14,248.16,245.59,237.49,234.34,227.50,218.77,215.19,207.61,194.86,186.01,176.34,164.75,154.30,144.59,129.85
97.67,109.04,114.39,123.56,130.38,139.18,139.72,142.84,147.25,145.52,150.01,149.91,148.93,154.30,154.30,158.32,157.49,166.77,171.66,180.08,191.80,203.97,212.44,224.35,235.03,242.64,257.38,255.80,264.46,264.85,267.90,267.53,273.03,276.35,273.21,271.05,267.76,264.78,263.35,257.66,253.30,244.74,238.10,232.17,224.85,215.06,203.12,194.79,180.85,172.26,158.11,146.09
87.68,100.57,108.56,114.74,119.20,127.61,129.00,132.38,135.77,134.13,133.93,136.46,136.03,135.00,130.86,133.99,136.17,139.95,144.84,146.18,156.35,165.05,171.49,178.72,184.36,195.21,211.45,213.21,221.38,226.11,227.20,229.37,236.32,240.17,235.44,235.87,233.21,233.06,232.00,228.32,224.80,218.58,210.58,204.41,200.24,190.59,179.75,173.67,164.26,154.55,141.72,129.12
95.34,106.30,115.68,125.03,129.26,138.25,140.21,145.78,149.35,148.49,151.43,152.54,149.09,148.07,146.29,149.20,145.50,153.31,157.01,158.93,163.36,161.91,169.86,183.39,190.10,194.40,208.72,208.41,211.98,211.63,216.09,217.00,222.99,229.47,224.93,227.22,222.41,220.08,219.05,216.09,215.08,210.77,203.75,195.53,191.40,182.10,174.00,164.88,157.42,147.22,136.70,125.87
89.90,103.23,108.42,116.10,125.64,131.49,136.34,140.94,141.53,144.85,145.42,145.04,146.81,146.86,145.50,148.35,145.99,151.70,153.53,155.60,160.15,164.00,168.15,174.73,179.90,182.17,189.42,191.46,198.66,197.77,202.63,199.90,205.92,211.98,207.18,208.31,208.94,209.31,209.30,202.81,203.21,199.21,193.93,191.09,183.39,175.03,169.61,161.40,153.47,145.34,134.18,123.49
125.87,136.49,148.56,157.20,167.26,177.05,179.33,188.31,188.90,186.94,193.75,194.59,193.28,192.85,193.94,192.15,194.36,197.67,197.39,197.06,199.04,200.59,205.15,210.72,216.06,218.48,219.83,220.87,233.03,230.11,229.43,233.42,235.65,243.40,237.43,238.52,237.04,235.77,233.73,233.77,228.95,219.11,215.00,206.18,201.12,190.03,178.53,169.31,158.14,150.60,137.06,126.32
128.84,142.34,154.55,167.11,176.66,186.36,195.75,203.06,204.45,207.42,211.09,215.06,212.42,211.80,213.03,214.13,215.26,216.00,219.18,215.64,214.11,217.87,221.93,224.85,226.00,230.53,235.85,234.54,236.85,234.31,234.27,233.03,233.14,236.78,231.53,230.85,227.53,225.14,221.45,222.62,216.06,203.97,201.90,194.12,188.83,174.41,164.12,156.20,146.29,137.44,127.47,113.85
127.95,143.00,156.59,168.01,177.49,189.95,195.94,205.99,210.01,213.18,216.75,219.71,220.64,220.48,220.68,222.87,224.98,226.42,225.89,226.29,228.35,231.46,235.54,243.68,247.20,252.03,253.13,248.65,252.94,248.94,250.35,245.59,246.46,248.17,242.71,240.47,237.08,231.87,229.01,226.15,222.00,211.62,207.25,199.49,192.63,178.01,168.58,160.46,150.03,141.55,130.97,119.25
121.61,139.46,149.40,158.32,170.05,184.33,191.51,200.26,206.39,206.16,210.52,213.46,214.67,213.03,211.15,212.06,213.90,215.93,218.34,217.75,218.01,221.45,226.38,228.56,228.56,232.82,241.40,237.59,237.50,238.53,235.48,234.92,234.03,237.54,230.56,228.63,223.44,217.35,215.72,214.83,210.01,198.40,194.65,185.05,182.02,169.31,160.72,149.38,140.42,134.06,125.67,113.51
112.80,126.59,137.44,148.66,158.14,167.71,175.64,184.02,186.13,189.71,190.52,195.39,194.92,193.46,192.82,194.31,193.94,195.80,198.00,194.64,195.53,197.23,204.63,204.27,211.01,216.06,218.89,213.26,220.05,219.80,218.36,215.26,216.60,220.24,214.46,212.25,209.60,207.18,203.75,203.25,196.87,188.50,183.08,172.70,167.43,158.90,150.59,139.83,132.67,126.05,113.60,103.81
111.76,126.56,140.62,151.48,159.06,171.19,176.78,186.45,191.23,191.07,193.96,196.85,197.59,198.49,196.16,194.31,192.77,197.91,199.33,197.06,197.70,203.68,202.37,210.68,213.59,216.82,223.79,223.66,227.79,228.37,230.06,229.05,231.02,235.49,226.88,226.43,226.81,224.18,221.65,218.28,214.44,206.09,198.80,190.42,184.32,173.83,164.68,154.40,145.50,135.88,125.64,116.38
130.92,142.27,154.32,166.90,176.08,188.04,193.50,202.61,209.27,212.71,217.17,223.81,227.48,230.26,233.42,236.48,237.02,244.05,243.29,243.99,243.61,246.33,246.09,246.88,246.86,243.31,234.83,226.10,218.69,209.50,203.06,192.63,180.01,175.15,167.19,161.38,157.61,150.88,148.93,140.36,138.93,132.80,125.67,122.38,115.00,105.31,99.16,90.47,83.29,76.92,65.80,58.67
143.57,159.91,170.50,185.28,194.73,202.71,214.76,222.04,226.00,230.02,234.46,235.03,238.20,242.46,241.59,245.38,247.78,252.05,254.10,257.29,256.63,258.72,262.09,264.89,265.38,265.40,259.54,254.77,250.00,244.02,240.13,228.53,218.49,212.71,206.19,202.04,196.51,192.00,189.71,189.47,188.07,184.81,183.22,181.71,179.81,178.49,174.29,167.91,162.05,157.84,145.99,134.20
144.84,161.90,175.01,186.13,195.18,205.01,212.06,222.27,227.25,231.14,232.59,237.36,240.71,240.30,239.25,243.76,246.59,251.81,255.52,255.00,256.81,258.65,261.97,266.05,266.05,269.26,268.25,261.61,259.47,253.54,252.54,243.40,235.57,231.90,228.56,220.49,216.11,211.87,209.12,207.42,207.34,200.44,199.74,193.64,193.79,187.72,182.79,173.46,168.01,159.88,146.37,134.77
138.71,154.49,162.79,173.82,183.93,193.42,201.30,208.06,211.48,212.98,216.84,217.19,221.01,223.65,224.32,227.31,225.97,230.97,233.45,234.93,233.62,240.34,242.74,244.48,247.68,251.02,248.13,247.39,244.25,238.56,241.85,233.07,229.82,226.82,220.66,218.07,217.38,212.25,210.62,209.12,206.48,205.57,199.12,195.53,194.79,190.44,184.76,176.41,168.58,161.01,147.49,139.52
137.08,155.44,166.40,179.97,192.88,204.42,210.40,220.17,224.52,230.37,232.43,232.13,234.57,234.63,236.14,237.70,237.08,240.66,241.10,240.76,237.78,244.56,246.79,250.94,249.73,251.72,250.00,244.47,244.24,239.17,238.30,230.46,226.61,223.61,218.33,217.08,212.60,206.16,208.47,207.16,206.63,201.23,198.08,195.37,193.74,193.26,188.32,182.46,172.68,166.44,155.03,147.60
33.30,27.02,32.76,44.29,56.36,73.60,91.44,115.43,127.66,136.07,148.31,154.05,155.32,159.15,162.11,167.92,168.18,172.03,177.23,179.63,188.05,196.82,198.84,209.46,221.55,229.97,235.94,241.12,247.16,251.11,253.46,251.61,261.22,262.07,258.07,254.79,255.16,254.64,250.42,244.24,239.01,226.53,218.11,208.63,200.38,178.93,165.02,151.71,136.95,129.19,112.89,100.70
28.18,17.26,5.66,10.63,24.19,39.05,50.16,74.25,81.88,89.74,97.35,103.23,102.88,106.23,111.83,111.14,115.26,121.66,128.10,127.25,143.13,146.10,156.54,162.61,176.14,184.77,188.90,192.63,198.04,206.32,205.81,206.65,216.83,216.72,217.96,213.59,214.67,212.42,208.32,205.72,198.73,189.24,179.87,171.55,164.58,143.59,132.52,120.03,108.30,97.67,86.73,77.01
101.83,112.01,117.92,125.00,128.57,138.51,140.86,144.78,149.38,150.43,157.00,157.71,161.06,167.74,172.66,178.01,181.24,187.86,193.49,199.06,210.66,215.86,223.38,227.88,237.36,242.26,248.94,253.57,258.41,256.90,260.77,258.98,266.18,265.50,263.76,262.03,259.48,256.20,255.64,243.31,242.84,232.73,221.92,214.73,203.09,184.66,173.53,155.46,140.09,122.58,110.98,94.02
105.30,114.97,124.40,129.87,130.60,141.42,143.89,145.83,150.71,151.17,152.03,157.54,158.70,161.06,164.91,170.84,175.03,182.48,186.05,189.55,199.46,204.36,210.24,215.93,219.65,229.42,232.33,234.27,238.88,240.60,242.55,239.26,245.17,246.61,246.22,243.82,239.31,234.96,234.10,226.91,224.15,211.40,205.23,198.03,185.80,168.03,155.44,138.95,127.94,110.89,96.84,84.65
109.64,121.76,125.87,132.82,130.27,135.60,133.76,130.92,128.97,128.83,128.66,133.65,132.92,133.42,138.35,143.22,149.19,157.95,164.54,171.09,177.89,183.09,188.28,194.34,197.65,203.97,210.85,214.73,219.02,219.78,219.89,219.67,226.17,228.60,226.99,224.06,220.78,216.52,216.26,207.94,204.83,193.06,185.05,176.40,163.92,145.67,132.38,118.11,105.85,93.00,80.62,70.71
131.85,144.46,153.03,164.20,170.39,178.22,178.26,178.37,180.80,181.53,181.07,179.03,178.93,183.17,185.93,187.97,189.39,193.04,195.92,200.86,205.87,208.21,214.16,218.82,221.38,221.45,224.45,230.85,230.96,230.16,231.22,232.73,235.99,233.26,227.85,226.23,220.64,216.54,208.35,194.03,185.40,171.19,158.03,144.22,131.73,107.30,94.24,83.10,70.52,61.22,53.60,45.54
129.02,140.00,150.80,158.98,162.98,169.65,169.96,165.80,166.48,165.68,162.36,160.05,160.72,164.64,164.05,169.61,174.05,180.65,184.61,190.32,196.33,198.40,204.75,208.40,208.83,213.23,212.17,211.78,213.94,211.37,210.04,208.47,208.43,207.88,200.26,198.01,191.85,187.52,177.79,170.24,161.55,147.99,138.57,127.28,116.25,93.51,82.28,74.11,65.19,58.26,45.79,36.67
120.93,133.96,141.03,149.91,154.05,159.29,161.99,161.05,164.56,164.23,168.86,171.03,177.55,183.76,188.48,191.23,198.98,202.57,208.91,211.25,213.56,216.62,220.78,222.27,229.11,231.85,232.94,230.43,233.83,234.92,237.03,232.04,232.81,229.71,224.29,218.52,214.72,204.71,196.41,184.10,177.14,165.20,152.76,141.16,131.47,110.60,97.42,85.91,77.88,68.66,57.01,46.49
135.79,148.12,155.24,163.88,169.94,180.92,179.92,191.48,201.48,204.63,213.14,216.58,218.16,222.04,230.41,232.48,240.10,248.71,251.00,255.33,259.94,264.07,268.00,269.79,275.07,277.66,275.12,274.57,271.94,268.63,266.63,261.23,256.20,251.10,244.18,241.23,234.62,225.63,217.26,207.16,198.46,186.78,173.14,164.00,150.88,129.50,116.36,105.21,93.43,83.24,70.86,60.83
131.10,144.97,153.40,159.91,171.41,177.59,182.48,192.87,196.09,201.56,207.18,214.98,222.43,226.37,228.05,235.34,246.59,253.21,253.67,257.19,260.28,265.20,273.22,272.03,277.61,284.08,281.15,278.09,276.90,275.48,270.34,261.81,256.98,257.03,249.82,242.69,232.04,223.14,218.00,210.24,203.21,188.96,177.41,167.36,156.97,135.37,123.33,109.66,98.23,87.66,76.42,68.88
134.01,150.94,151.11,165.75,177.99,181.37,186.99,194.83,194.18,202.27,207.94,216.23,219.16,225.57,229.86,234.41,241.83,250.06,250.89,257.00,262.61,266.51,272.86,275.80,279.38,282.25,281.33,282.30,279.46,273.92,272.07,264.88,262.38,253.95,250.78,244.07,234.72,223.62,218.68,210.61,200.81,190.29,176.24,166.83,153.29,134.62,125.67,110.60,96.43,85.23,75.58,65.49
144.01,151.79,167.26,170.79,176.01,183.64,190.77,196.37,201.20,202.89,206.34,214.56,215.37,221.23,225.66,229.87,238.48,246.53,248.20,252.72,256.53,262.62,268.50,271.82,276.09,280.40,277.50,279.42,275.50,271.64,269.42,260.10,255.84,251.61,246.01,237.50,228.63,217.27,213.18,203.73,194.36,182.00,169.30,160.43,144.93,127.66,117.24,103.74,91.92,82.02,72.53,62.65
142.27,155.23,163.88,172.63,181.16,189.16,196.31,206.04,211.38,218.05,223.52,230.53,237.12,241.34,245.66,251.53,257.80,263.80,268.81,270.00,274.82,281.22,284.42,289.50,288.52,296.06,290.83,285.17,282.45,276.38,269.00,265.51,255.95,251.75,245.20,235.65,225.01,215.93,208.36,203.00,192.41,175.31,166.21,154.87,144.03,123.71,112.61,101.12,91.48,85.15,72.62,63.89
129.00,140.91,148.49,157.63,166.69,175.57,180.14,193.20,198.50,205.38,209.75,218.12,225.04,227.88,234.27,237.69,246.42,252.19,256.83,259.83,267.12,268.88,277.48,278.18,281.04,283.55,282.02,279.96,274.12,270.82,264.88,256.82,250.20,245.62,240.66,235.76,223.03,213.85,208.60,200.36,192.82,178.07,168.67,158.32,147.92,127.81,117.27,106.96,97.25,88.53,76.16,69.18
121.28,132.44,138.92,145.17,153.76,162.83,164.77,176.38,181.14,189.49,192.30,201.22,209.70,212.85,219.01,223.76,234.92,241.02,243.92,246.13,252.16,260.00,266.31,267.00,273.88,277.40,278.55,273.97,273.00,269.25,265.21,257.60,250.65,249.39,243.26,235.54,224.40,216.40,211.59,203.97,196.31,183.22,173.67,161.90,153.06,134.13,120.34,112.59,100.50,92.31,80.78,71.11
129.44,141.72,148.07,155.13,166.98,175.19,178.13,187.36,190.52,197.80,205.14,210.62,218.76,225.14,229.11,235.16,247.04,252.00,254.92,259.83,263.07,271.46,275.77,279.40,282.78,285.08,283.85,282.57,281.76,277.32,273.24,265.00,260.31,256.50,248.16,242.86,237.01,226.24,221.81,211.48,202.43,192.41,180.42,170.49,160.70,141.80,133.54,121.75,108.26,97.65,87.11,77.37
130.39,143.06,147.12,159.93,166.74,173.67,176.14,188.88,186.20,193.20,201.80,206.55,214.41,220.22,222.40,229.01,238.48,246.59,248.49,252.20,258.90,261.11,268.69,268.78,275.39,277.95,274.22,274.85,271.49,269.82,267.09,258.36,255.81,252.01,245.20,238.17,232.23,223.89,216.02,211.62,200.18,189.90,175.93,166.42,158.47,141.01,132.09,119.94,105.65,97.91,87.32,79.85
130.12,140.46,152.82,160.55,165.92,177.12,177.10,186.53,188.35,193.83,196.98,201.61,206.20,211.81,211.36,220.10,226.34,232.76,233.94,237.39,240.41,246.29,249.62,252.21,256.20,256.32,258.70,257.84,257.90,255.00,253.07,244.23,244.71,238.30,233.32,228.35,223.58,213.34,208.50,198.49,190.54,182.65,170.07,163.60,153.94,135.72,127.14,116.00,105.12,98.62,83.10,76.61
127.05,138.71,145.36,154.38,163.00,170.79,175.32,183.83,183.60,189.04,195.50,197.23,202.94,206.52,206.89,213.01,218.87,225.21,226.37,229.93,234.56,238.25,244.10,245.80,248.65,254.42,254.45,250.28,249.97,246.71,243.29,236.61,233.50,229.92,223.45,216.61,209.47,200.34,194.50,188.29,179.12,172.24,162.05,154.16,146.17,132.38,125.04,114.00,104.24,96.94,88.20,79.12
134.24,145.10,154.18,163.37,173.05,180.43,183.50,191.95,195.09,199.61,202.74,208.04,211.97,213.15,216.21,221.88,227.00,232.11,235.02,235.27,241.10,245.42,253.00,255.93,259.33,265.10,265.35,263.47,262.57,258.43,259.43,249.37,244.90,242.44,239.52,232.67,222.18,214.31,211.91,204.48,198.49,187.95,179.81,172.51,164.81,148.79,141.03,129.63,119.36,110.63,98.62,91.71
135.68,148.22,154.01,164.14,173.83,180.89,187.28,194.16,196.41,198.04,203.49,209.16,210.76,211.98,218.50,219.60,224.15,228.53,232.33,236.33,238.89,242.22,248.36,253.85,256.91,262.27,265.11,258.65,261.73,259.42,257.78,249.80,246.59,246.07,240.52,234.98,226.28,218.92,216.62,209.70,202.95,194.73,185.00,179.01,170.00,158.22,147.43,137.64,127.10,116.48,109.55,99.20
135.82,149.86,157.20,168.22,177.86,188.22,194.00,204.69,209.23,211.70,216.34,222.80,224.95,226.34,230.85,230.93,236.14,241.31,244.12,243.35,243.40,249.29,252.99,255.98,259.61,262.68,260.89,259.86,258.77,252.88,253.31,245.58,240.68,240.68,237.05,229.53,225.06,218.16,216.11,210.44,208.39,196.16,188.85,184.40,176.03,164.91,155.29,147.65,138.95,129.32,117.90,107.67
135.09,147.87,155.80,168.30,174.89,187.49,196.31,202.56,208.48,213.18,219.43,222.32,226.72,229.17,235.24,235.03,240.79,242.79,245.07,246.84,247.49,251.44,255.93,259.49,263.37,262.57,261.00,260.55,256.91,250.32,250.15,242.62,237.69,231.04,229.31,223.81,219.49,212.08,208.00,201.94,198.64,189.08,179.81,177.20,169.40,160.08,154.64,144.37,136.08,125.90,118.70,108.23
135.59,149.63,158.67,170.67,179.74,189.87,198.22,203.92,208.80,213.94,216.34,221.27,225.25,227.85,232.11,232.64,238.89,243.70,246.22,247.68,249.45,255.74,260.73,263.69,268.07,268.00,264.27,263.44,259.86,254.70,250.49,244.14,235.09,231.39,227.42,220.60,211.70,204.79,198.58,197.22,190.80,180.21,171.40,170.30,161.62,152.97,144.92,137.03,129.39,120.15,113.90,103.31
129.50,144.85,151.43,163.37,174.04,183.17,189.10,193.31,197.00,202.11,206.63,210.21,215.11,217.18,221.53,228.60,234.27,238.40,245.86,247.08,254.47,260.05,265.84,271.30,274.77,277.15,277.74,275.96,271.06,264.41,259.62,251.64,241.70,235.44,228.88,223.00,213.38,203.74,199.25,190.39,185.40,177.55,169.85,162.29,153.77,145.03,138.25,130.65,124.74,117.32,108.81,101.00
132.41,145.12,151.80,161.01,174.00,183.22,184.89,190.13,195.47,198.01,206.40,207.42,214.95,218.07,222.09,231.23,235.85,246.01,251.10,254.16,262.74,272.94,283.18,286.25,292.14,300.96,302.00,296.52,296.72,292.18,288.00,279.80,269.54,266.96,258.79,248.28,239.65,229.03,223.90,213.74,208.39,196.88,188.04,181.07,172.24,161.91,154.06,147.17,140.73,131.37,122.43,112.25
128.32,141.43,144.51,154.06,163.37,169.94,173.66,178.85,181.41,187.13,192.09,194.59,203.65,208.57,209.35,214.53,223.65,232.05,240.36,243.40,254.66,261.19,274.45,277.66,283.05,293.06,296.87,291.38,293.47,291.20,285.11,277.35,269.61,266.41,255.70,250.70,239.38,232.24,223.00,216.38,207.86,197.96,188.96,181.25,173.07,164.78,156.06,150.42,141.57,135.37,127.44,118.81
117.83,131.18,138.11,145.34,148.41,154.43,159.45,162.56,165.59,166.42,171.70,178.34,182.94,186.40,193.04,200.01,209.48,216.33,223.65,231.41,244.31,253.22,262.84,269.46,277.65,280.85,291.50,288.47,288.39,287.76,285.21,278.19,271.47,268.23,256.11,250.20,243.77,233.62,226.37,217.22,211.04,201.72,195.92,182.99,177.25,167.92,159.20,155.40,147.22,139.81,130.55,118.85
108.78,117.52,121.08,128.22,131.73,138.61,138.22,136.95,140.25,142.69,147.26,152.27,157.00,161.40,169.50,176.12,183.37,191.64,201.30,209.12,224.56,234.18,242.74,251.23,261.40,265.51,273.39,272.46,274.54,272.21,272.72,265.99,259.93,257.01,247.81,238.77,235.34,226.27,220.59,211.02,203.90,198.02,187.46,177.60,172.41,164.98,158.09,150.63,141.38,135.09,128.36,116.21
108.25,118.93,120.15,130.59,130.86,132.10,132.46,134.33,135.76,137.44,140.19,144.00,147.00,151.95,158.40,167.73,177.61,188.00,199.18,210.10,227.64,240.25,253.24,264.08,276.59,283.54,296.24,297.67,298.93,298.22,299.02,294.31,289.44,286.84,279.03,273.13,266.83,259.62,252.38,244.91,238.47,231.37,223.58,213.05,208.89,196.73,191.43,181.96,171.96,163.03,155.08,140.76
100.58,110.11,114.16,116.04,115.88,117.28,120.50,120.00,120.62,121.33,121.20,124.00,128.65,132.42,139.01,146.22,158.32,164.98,173.03,182.69,201.54,212.53,225.50,236.41,247.11,258.94,268.49,273.54,275.80,275.76,276.41,274.40,271.32,270.67,265.19,260.03,255.44,250.05,244.86,237.84,234.55,224.54,219.28,210.43,205.92,194.88,188.66,179.18,173.22,162.31,150.79,139.30
94.20,100.28,106.89,111.83,112.11,116.06,116.52,116.18,116.35,115.69,119.47,121.49,124.60,127.06,133.41,140.29,150.07,157.01,167.04,176.92,194.46,205.28,215.86,227.86,238.38,246.07,260.50,261.90,271.01,266.60,268.78,264.74,263.47,263.75,258.52,253.78,249.90,243.53,239.06,231.01,228.43,220.20,214.48,206.46,201.56,189.64,185.40,176.41,168.01,157.58,147.99,136.62
101.49,109.57,113.36,117.75,120.15,123.94,124.02,121.66,122.48,123.02,125.40,127.91,130.60,137.77,143.56,149.65,157.01,165.66,176.21,186.81,205.39,215.82,229.26,241.70,253.81,262.27,272.41,278.26,284.09,280.92,284.97,281.60,281.14,279.66,274.61,269.56,265.53,258.68,254.39,247.74,242.85,236.38,227.59,220.60,216.00,204.71,197.57,187.77,178.34,168.68,160.42,145.61
94.40,102.18,108.91,114.04,114.55,118.60,118.61,118.93,119.89,119.82,124.00,124.92,127.09,128.04,134.18,139.71,148.17,155.90,167.29,175.73,193.89,205.06,215.36,228.43,238.54,248.21,261.59,264.87,268.64,270.01,272.24,270.30,271.03,270.65,266.83,261.93,257.93,250.84,246.84,241.76,236.01,230.85,224.02,215.42,211.90,203.69,195.69,186.14,176.74,164.94,156.71,141.17
98.81,106.96,110.17,115.88,118.93,124.39,125.03,123.98,122.44,123.81,128.69,126.44,129.56,133.15,139.09,146.39,151.16,159.53,169.43,178.91,198.03,209.48,218.93,231.14,242.00,248.39,263.23,268.52,274.32,275.41,278.33,276.02,275.20,273.00,269.28,265.73,263.01,257.20,252.20,244.19,240.01,235.61,227.34,220.74,216.06,207.06,199.72,188.68,179.62,169.19,158.08,145.23
103.58,112.61,117.64,123.45,127.66,132.50,134.47,136.56,135.03,137.64,141.16,142.84,144.92,146.41,151.48,158.68,165.08,174.61,182.58,189.65,208.12,219.09,229.84,242.56,252.10,260.16,274.33,277.35,282.33,280.79,280.82,279.52,278.18,277.79,275.14,270.38,265.32,261.23,256.27,251.83,247.51,241.67,234.01,224.45,219.97,212.12,203.67,192.59,184.71,173.76,163.53,149.12
108.30,119.27,123.24,129.71,135.62,141.66,143.54,145.41,143.85,146.24,148.38,149.81,152.27,154.55,158.98,165.51,172.35,181.47,188.86,196.10,213.01,224.11,237.67,249.63,260.86,266.10,282.55,282.68,289.91,289.01,289.83,286.01,284.18,284.99,279.65,278.76,273.66,266.58,263.80,256.46,255.16,247.08,239.72,232.65,227.97,219.76,212.85,202.87,192.42,181.57,170.66,156.60
103.58,114.20,120.07,126.30,131.53,136.85,139.30,140.69,141.03,142.72,145.12,147.79,149.04,151.79,155.72,161.64,167.37,175.29,182.63,191.40,206.16,217.10,228.18,239.44,248.32,256.89,267.68,270.72,277.41,274.42,274.87,271.84,270.96,270.18,266.79,264.61,259.33,255.57,251.62,245.52,242.43,235.48,229.90,222.44,217.82,210.02,203.93,193.83,185.44,173.18,164.27,151.16
107.87,118.81,124.42,131.86,137.28,142.64,145.34,146.22,147.83,149.46,152.63,152.74,156.12,159.35,163.29,170.48,174.07,182.43,189.00,196.02,213.62,223.24,232.44,244.52,253.06,262.00,272.05,274.88,279.87,277.42,278.60,274.87,277.58,275.41,269.88,266.09,262.47,256.12,254.53,248.51,244.29,237.70,232.70,225.83,221.96,214.31,206.09,196.06,187.45,176.78,165.22,151.53
107.00,118.11,125.40,131.24,137.44,143.13,146.39,150.85,151.42,154.55,154.21,159.21,161.28,162.12,165.46,171.82,178.00,187.97,191.59,198.67,213.66,223.81,236.02,245.07,252.98,263.55,273.00,274.05,279.66,278.30,276.48,274.71,275.14,273.92,269.77,267.38,259.08,254.13,250.78,249.80,244.02,235.91,232.00,226.42,220.60,212.51,205.88,196.35,186.72,176.05,164.08,151.21
102.16,113.70,119.85,126.15,134.81,140.66,142.79,146.60,149.50,150.66,154.06,156.08,158.40,161.48,166.33,170.84,174.15,182.57,186.63,195.60,209.12,218.08,225.61,237.12,243.99,253.80,260.66,260.03,263.80,259.61,260.99,258.65,257.23,255.55,250.06,248.92,243.97,240.63,239.18,232.14,229.00,221.45,217.04,210.49,206.34,199.16,192.48,183.76,176.59,164.81,153.47,141.06
106.51,115.95,126.25,132.31,138.29,144.39,148.53,154.74,154.38,158.40,158.62,164.02,164.76,166.36,171.49,178.21,182.57,192.72,199.02,202.23,216.57,225.81,236.22,245.70,251.20,259.79,271.12,267.61,271.20,271.49,268.68,266.87,264.02,262.93,260.26,254.20,249.09,244.38,241.83,236.71,234.18,225.64,224.51,215.84,211.63,205.00,195.48,189.45,180.42,171.21,158.86,146.17
104.32,114.20,121.56,127.57,133.75,140.04,144.01,150.21,151.54,155.71,154.62,158.96,162.00,163.77,167.69,173.10,177.23,186.04,193.83,197.00,209.77,221.07,230.53,236.58,243.73,253.29,261.44,257.87,260.86,259.30,256.70,256.16,251.98,252.72,250.34,244.25,240.05,233.42,232.04,229.01,225.18,216.52,213.78,208.33,202.87,195.92,188.51,179.74,173.11,163.62,151.00,138.54
110.06,121.38,127.81,134.00,142.34,148.22,153.69,160.31,161.81,163.72,169.65,173.44,177.54,181.73,185.87,195.11,202.89,211.43,219.53,226.11,240.56,253.30,262.15,271.60,280.40,284.30,294.45,294.50,293.76,293.17,289.06,284.48,282.08,279.80,273.93,268.56,263.87,257.63,254.89,249.63,242.24,238.81,229.07,222.51,217.35,209.62,202.48,192.17,183.93,170.32,161.72,145.04
101.79,111.83,119.63,126.18,130.75,137.36,141.40,145.77,148.12,152.64,156.49,163.08,166.09,167.01,171.45,181.11,187.58,195.78,204.79,208.87,222.03,235.30,242.60,249.47,256.98,265.96,273.10,269.67,271.68,268.31,267.09,262.25,258.36,257.84,250.42,247.29,241.03,234.68,233.08,227.41,221.68,215.00,210.61,203.40,198.59,191.05,180.68,173.48,167.03,156.12,144.45,131.65
99.74,111.00,118.51,124.65,131.58,139.18,142.70,151.17,153.44,154.35,161.62,164.27,168.75,173.16,177.29,187.88,190.21,202.15,208.47,217.52,229.94,240.50,248.29,256.53,263.18,268.40,277.35,276.52,278.00,272.64,272.88,268.13,263.80,260.53,254.40,250.64,246.95,238.93,236.28,228.09,224.44,218.51,209.75,204.71,199.45,189.74,183.10,174.54,164.88,155.65,143.18,131.18
101.26,112.15,122.71,128.82,137.38,145.03,150.42,158.32,162.36,166.40,172.57,178.60,182.79,188.04,191.98,200.85,206.63,217.08,224.98,229.79,243.50,253.40,260.78,268.79,274.39,279.59,286.25,280.92,281.81,280.22,275.22,268.96,263.21,258.72,254.24,246.42,241.12,231.87,227.30,221.78,214.37,208.12,199.45,190.09,185.95,174.64,167.45,156.92,148.84,138.31,128.39,116.81
107.00,119.62,127.40,135.52,144.78,153.06,158.81,167.76,171.47,176.03,182.39,188.22,191.40,195.36,200.44,208.75,215.41,225.20,232.25,236.28,246.73,256.46,264.91,271.76,277.77,281.10,283.56,282.68,280.74,277.32,272.12,266.27,259.42,256.74,248.56,242.04,234.77,227.37,222.38,213.69,207.85,201.14,192.37,185.72,178.06,166.48,159.05,148.86,140.94,130.83,122.54,111.45
105.12,116.87,126.25,134.33,143.60,151.34,159.48,165.60,170.21,175.56,180.70,185.40,189.17,191.23,194.93,206.24,212.71,221.36,229.08,232.81,244.75,254.18,260.30,268.48,272.98,277.27,280.85,279.08,276.38,272.98,268.27,263.32,256.22,253.44,248.34,241.23,233.77,225.74,222.27,213.78,208.39,202.30,192.27,184.00,177.71,168.15,159.71,151.24,141.87,132.82,124.10,110.57
108.71,120.74,130.77,141.28,148.98,159.81,165.11,175.93,179.36,183.87,189.86,193.68,198.04,200.82,205.91,213.59,215.08,225.57,231.08,235.59,244.05,253.89,258.49,267.17,272.26,274.27,278.23,275.51,274.37,269.36,266.60,261.54,256.40,250.68,244.07,239.64,233.12,227.30,222.19,214.17,208.12,201.79,192.26,184.56,178.13,167.36,159.89,150.08,143.95,131.47,124.49,114.13
109.18,123.42,132.02,141.99,149.93,159.88,166.07,174.65,179.29,183.85,188.96,194.55,195.97,201.43,205.77,211.46,214.83,223.43,228.79,233.63,242.43,251.29,257.11,265.48,268.90,272.84,273.27,272.03,269.12,266.09,263.33,257.42,249.45,247.00,241.09,233.94,227.90,221.84,215.74,207.39,200.93,193.98,185.00,178.07,170.03,160.21,150.66,142.05,134.18,126.46,116.00,105.12
116.52,131.19,139.82,152.45,159.62,172.61,177.87,189.26,195.00,198.72,204.96,210.06,214.11,215.42,219.24,228.63,233.00,240.66,244.24,250.60,259.23,266.90,273.06,276.94,284.11,289.08,291.11,285.16,283.55,279.18,277.67,271.46,266.33,262.41,255.43,251.10,243.45,237.04,232.79,224.88,218.71,210.72,203.04,194.49,187.76,173.83,168.00,158.38,149.40,141.48,130.30,118.15
116.36,130.03,140.43,151.34,158.15,168.86,175.35,186.45,191.07,195.43,201.02,206.70,208.83,210.95,214.95,221.73,222.15,230.63,232.81,237.69,242.87,248.62,251.88,257.01,259.15,262.77,262.32,255.62,255.50,250.46,247.70,242.00,236.45,233.00,229.92,224.00,217.25,211.23,208.09,202.07,196.43,189.23,183.98,173.18,169.71,157.95,150.42,143.68,135.72,127.48,119.33,109.48
121.83,136.69,145.38,155.96,166.82,175.57,182.99,191.41,196.58,201.70,206.52,211.81,215.33,215.76,220.08,225.73,230.52,233.56,240.62,241.81,248.29,252.06,257.49,262.42,264.07,269.16,267.60,262.34,258.66,256.96,252.14,245.90,240.42,236.86,232.17,227.77,222.50,217.04,214.04,207.07,201.43,196.88,188.43,179.11,176.41,165.86,158.60,149.62,142.23,135.25,126.57,113.46
110.55,123.89,131.64,140.63,148.27,155.96,160.61,170.43,172.63,177.25,179.94,186.21,186.40,187.55,190.65,195.13,200.03,204.98,211.29,212.44,218.04,224.59,229.90,233.03,234.36,239.82,242.29,240.68,240.76,238.38,234.67,230.57,227.04,224.70,221.82,216.64,211.57,205.55,204.04,200.41,197.47,191.64,184.71,179.69,175.05,168.24,159.10,154.35,147.68,140.04,132.38,120.28
118.53,133.06,141.32,152.04,157.87,164.44,172.26,180.80,183.73,189.00,191.67,199.25,200.60,199.58,204.35,208.37,212.72,219.32,226.74,227.69,233.99,240.60,245.00,246.98,251.72,259.12,263.29,258.24,259.20,258.02,252.72,250.12,247.13,247.42,241.01,237.08,231.72,225.02,221.84,220.05,215.03,207.28,203.49,196.23,192.90,185.16,178.34,168.05,164.47,155.16,145.77,132.23
113.00,126.27,133.54,142.30,148.22,157.54,161.79,169.61,173.37,176.85,180.10,186.90,188.44,188.22,188.79,195.09,199.32,206.94,210.06,214.48,220.51,224.27,229.14,234.34,236.08,243.98,246.76,242.13,243.40,240.01,238.60,234.47,233.00,231.48,225.62,220.47,215.37,208.02,205.88,204.01,198.37,190.06,186.32,179.01,176.56,169.28,161.20,153.79,149.01,140.94,130.23,119.10
120.28,133.20,142.51,149.59,157.00,166.14,170.16,179.14,183.44,186.17,189.23,198.24,199.12,198.60,203.77,209.42,213.71,219.94,223.44,226.53,234.58,241.60,246.52,251.29,255.37,261.52,263.37,254.70,256.94,254.29,252.76,245.51,243.29,242.17,238.73,234.80,227.50,220.77,216.60,216.45,212.20,202.00,197.97,191.82,189.49,179.23,172.93,164.79,158.34,148.22,139.52,125.87
117.69,129.03,137.00,146.41,153.01,163.23,168.34,175.05,177.73,180.92,185.81,189.24,193.76,195.51,198.98,204.12,207.02,213.77,218.40,219.40,228.32,233.62,240.35,245.08,250.78,253.57,253.71,249.63,250.86,246.07,246.98,242.13,236.23,234.13,229.65,225.47,222.74,215.24,213.18,206.64,205.34,198.17,193.38,185.53,182.16,176.18,171.23,163.08,154.98,144.36,138.29,125.04
108.23,119.02,127.77,135.07,139.46,148.01,153.44,160.88,164.15,168.86,171.29,177.49,179.33,178.76,181.02,186.51,191.69,197.47,204.16,204.55,212.25,217.04,222.95,225.14,230.17,237.04,237.59,235.05,235.05,233.08,228.82,226.56,222.80,221.58,218.63,212.04,208.04,201.69,199.22,197.50,193.20,187.40,182.06,175.33,173.53,164.79,157.42,150.21,145.28,136.24,126.78,115.26
125.87,138.19,146.11,155.91,166.01,175.39,181.50,188.04,191.64,196.37,204.85,205.92,210.66,213.12,215.74,220.19,223.06,229.39,236.69,238.90,247.52,254.23,258.94,264.22,269.05,273.12,275.98,272.62,271.46,268.73,266.72,261.84,258.86,254.92,250.74,245.06,242.30,235.97,231.81,226.05,220.24,216.45,209.57,201.22,198.73,191.61,183.92,173.81,165.89,153.88,144.51,132.08
123.17,134.24,139.62,148.93,156.72,165.20,172.00,176.59,180.34,186.68,189.40,193.22,194.43,197.02,202.05,206.32,210.24,216.69,221.21,226.38,233.33,236.81,244.57,250.19,255.48,259.70,261.20,260.92,262.25,256.78,257.44,251.05,248.81,243.80,239.35,236.32,229.71,224.85,221.12,213.04,210.71,203.81,198.43,191.64,189.49,177.71,173.49,164.45,154.02,146.49,136.93,125.14
115.69,126.40,132.92,143.38,148.48,158.15,162.37,167.76,170.23,174.15,178.91,182.02,183.37,186.78,190.91,194.83,197.25,203.92,205.65,211.86,218.40,224.44,228.87,237.04,240.41,241.60,246.11,244.31,244.56,240.47,241.60,238.08,234.18,228.71,224.04,219.36,216.98,212.15,209.02,202.07,197.31,193.22,186.23,181.32,175.86,169.32,161.04,153.26,143.74,134.03,127.81,116.85
121.02,133.75,144.31,154.87,158.38,166.76,174.26,182.78,185.10,189.97,191.23,198.49,200.03,201.10,204.53,207.62,212.71,219.83,222.73,223.29,230.90,240.21,245.28,249.78,253.34,259.26,263.15,259.61,258.49,255.77,252.58,248.09,245.23,243.46,238.65,233.64,227.84,222.08,219.24,216.30,210.24,200.58,198.25,191.05,187.88,178.37,168.18,160.59,153.77,144.17,132.20,120.88
128.88,143.01,151.00,160.64,169.06,177.63,185.92,192.35,193.24,200.08,204.53,208.39,210.38,211.12,215.39,219.58,224.36,231.66,236.44,236.86,243.40,248.87,258.52,263.14,267.15,268.73,276.38,271.04,268.78,269.02,264.51,258.75,256.98,253.16,251.22,245.55,238.68,234.36,228.97,224.34,220.72,214.90,207.15,202.70,197.85,188.16,180.00,171.41,160.86,151.79,141.60,129.44
122.00,136.69,142.84,153.03,160.53,170.06,174.75,181.65,183.61,189.42,193.28,196.02,197.68,201.25,205.79,208.57,210.64,218.65,220.62,225.14,230.85,236.21,240.84,245.86,250.80,253.86,257.00,256.20,256.63,251.68,250.55,245.94,242.41,239.82,235.77,232.21,227.24,220.78,219.01,213.43,209.12,204.60,196.60,192.00,186.94,179.40,170.89,163.81,154.40,145.34,134.62,123.84
122.25,135.42,144.25,152.07,161.30,170.58,176.23,183.02,186.89,191.47,195.30,200.68,204.12,206.19,209.48,213.49,214.67,223.65,225.83,230.89,235.36,241.88,245.59,252.12,255.42,260.80,264.83,261.84,264.01,258.80,258.59,253.05,249.30,249.10,244.13,239.40,234.03,229.26,225.80,222.87,218.05,212.40,207.69,200.56,195.69,187.04,179.62,170.70,162.50,152.74,141.66,130.80
118.00,130.27,142.14,150.62,156.12,163.81,171.64,177.54,182.40,186.82,190.07,195.26,197.99,199.00,202.20,205.01,212.05,220.23,223.03,223.30,229.96,236.35,242.87,246.40,252.07,257.65,263.33,258.37,255.33,258.05,252.84,247.39,248.82,246.78,243.73,237.74,232.94,227.74,224.38,222.85,218.83,214.41,207.00,200.04,197.36,186.66,180.69,171.84,164.13,154.25,141.87,129.10
124.66,136.88,145.50,154.00,164.79,173.95,179.39,181.65,187.11,191.64,199.27,198.67,202.20,205.65,207.28,212.15,216.09,220.42,224.72,230.64,237.52,243.82,249.07,252.61,256.33,257.75,263.30,264.61,263.19,259.08,259.93,254.53,251.91,247.32,244.70,241.66,236.85,232.11,229.65,223.43,218.29,216.45,207.65,202.24,198.81,188.82,183.53,171.29,161.11,149.86,142.27,130.08
118.26,131.24,139.52,147.87,156.52,164.84,171.06,177.23,181.73,184.46,189.28,193.69,193.75,197.10,197.85,202.23,209.42,212.60,219.74,220.27,227.86,231.39,239.64,241.17,244.25,250.14,254.26,253.05,252.77,251.08,247.69,244.20,241.01,241.23,236.92,234.65,226.81,222.01,218.58,217.45,213.34,207.52,202.16,195.33,192.77,181.89,176.23,164.40,156.28,146.82,137.06,123.31
121.40,133.06,140.06,151.40,159.06,169.65,174.54,182.78,186.59,191.03,197.45,199.09,200.86,205.42,207.85,211.87,217.00,220.41,227.26,229.80,237.13,242.33,246.89,252.51,261.17,263.49,261.59,263.14,261.62,259.26,258.44,251.79,247.89,244.98,241.41,238.81,235.49,229.43,227.85,221.22,216.95,211.01,204.36,197.01,194.29,184.36,180.11,168.83,158.22,147.65,138.29,125.72
112.25,126.44,133.99,143.13,150.45,160.15,167.36,173.59,177.73,180.62,191.02,190.28,193.75,197.97,200.14,203.22,208.40,215.56,220.45,224.32,231.31,236.03,240.88,244.72,250.92,251.87,255.12,258.07,254.69,252.01,253.03,247.41,244.07,240.33,236.48,233.57,231.66,224.85,223.27,214.73,211.46,208.48,198.24,195.21,190.28,182.46,174.55,164.02,154.35,143.18,136.78,122.80
118.46,130.92,137.48,147.65,158.42,165.56,173.63,178.37,181.60,185.53,192.61,193.40,196.00,200.59,203.92,209.32,214.37,216.90,221.02,226.29,232.95,240.47,243.58,251.15,254.17,253.95,259.88,259.86,257.53,255.33,254.80,248.31,245.54,242.03,238.11,235.38,231.01,225.51,222.70,215.57,212.42,208.00,199.06,193.98,190.41,181.55,174.45,163.67,154.26,141.90,135.53,123.33
120.60,133.90,144.31,152.43,161.12,171.68,177.61,185.19,189.19,193.33,195.36,203.00,205.65,206.01,205.80,213.38,219.49,223.24,230.67,230.71,236.99,243.79,248.81,252.36,257.16,262.77,267.55,264.01,263.08,262.96,258.94,254.16,249.10,249.38,243.66,238.74,234.23,227.22,224.86,222.06,218.45,210.92,204.61,198.73,193.49,183.00,175.28,164.35,156.89,145.91,136.31,124.26
115.88,128.14,137.57,145.28,153.76,163.78,170.60,176.01,181.20,185.31,191.21,193.55,196.98,200.52,200.21,205.85,211.18,215.36,217.83,222.00,228.96,234.79,239.24,245.37,250.80,252.69,255.69,251.05,248.92,247.34,246.61,240.84,237.45,233.24,228.54,224.22,220.05,213.51,211.18,204.12,200.56,197.09,188.16,183.71,179.40,170.42,165.42,155.00,144.47,136.33,128.27,115.55
119.15,132.97,141.82,151.38,160.38,171.92,177.46,186.00,191.98,193.83,200.55,204.97,207.24,211.97,212.80,219.61,223.57,228.04,233.93,238.61,247.46,253.29,256.63,263.41,268.88,272.88,272.73,268.02,269.61,264.12,265.35,257.03,251.56,248.65,243.92,239.17,233.65,226.10,224.74,217.70,214.23,209.10,202.85,195.42,190.42,179.94,174.83,165.92,154.47,145.80,138.29,124.81
96.14,118.11,120.93,127.42,135.10,143.27,147.14,152.64,156.73,156.60,162.36,165.85,169.43,173.07,171.84,178.03,178.73,184.45,186.39,192.52,201.00,205.20,207.08,213.27,215.68,220.42,218.08,221.08,219.99,214.97,213.68,209.48,206.90,202.74,196.66,194.37,192.78,188.90,188.07,181.47,178.62,174.48,167.63,166.39,161.99,155.33,150.05,142.06,133.00,126.02,121.04,108.63
115.26,128.58,137.62,145.79,156.27,165.95,170.30,177.55,181.84,185.22,191.21,193.02,197.52,202.71,204.36,209.91,213.51,218.19,224.76,227.27,235.80,242.79,246.60,253.64,258.37,256.63,261.38,261.94,259.00,255.16,253.31,249.16,242.55,239.30,234.96,228.98,226.56,222.16,217.57,212.24,207.17,203.19,194.47,189.90,184.84,176.51,170.41,160.33,152.09,141.35,133.82,122.33
118.07,131.24,139.78,148.84,156.92,166.11,173.53,180.55,183.70,189.01,191.04,196.74,199.49,202.55,206.17,210.54,215.19,222.64,227.59,229.12,238.60,245.29,250.46,256.70,260.77,262.73,267.37,263.23,265.27,260.69,258.31,252.00,247.26,246.63,241.12,236.30,230.22,224.32,221.27,217.37,212.93,207.27,200.82,195.26,190.71,181.60,173.61,165.00,155.67,145.72,137.56,126.44
120.55,135.10,143.60,152.47,162.64,171.82,179.03,185.00,187.78,190.29,197.84,199.62,202.39,207.39,209.29,214.83,219.97,224.52,230.44,235.36,243.71,251.77,254.89,267.59,272.12,275.75,276.63,276.46,275.86,273.18,272.62,267.12,260.68,258.92,256.00,248.49,245.08,241.25,238.38,231.81,227.64,222.65,213.04,208.66,203.97,196.29,185.83,176.64,164.12,154.03,147.26,134.38
116.73,130.17,139.09,147.60,157.04,165.64,171.03,180.54,181.47,185.78,189.45,195.39,200.01,200.26,202.20,207.01,212.55,219.67,226.77,227.55,237.39,245.54,252.72,259.31,262.43,266.42,273.21,271.20,271.09,270.22,267.33,260.87,256.98,258.41,255.00,248.85,243.66,236.70,233.45,232.79,228.35,220.98,214.69,207.54,203.04,193.00,185.16,175.56,167.71,157.95,147.12,133.45
115.83,128.60,139.64,146.54,156.16,163.37,169.25,177.51,183.45,187.18,190.44,197.25,199.97,201.66,205.20,210.40,215.62,221.43,228.32,230.49,240.87,246.89,255.98,259.89,265.38,271.02,279.57,273.51,273.00,273.99,272.41,267.53,263.97,263.90,258.94,253.16,248.72,243.98,240.83,235.82,232.66,225.66,220.06,212.51,208.04,198.48,189.26,179.57,170.89,159.88,149.28,134.85
117.52,131.32,139.04,148.86,156.60,166.39,173.16,181.89,185.81,189.52,191.38,199.14,201.47,205.30,207.12,212.96,219.13,225.61,232.69,233.14,243.12,251.07,258.06,262.76,271.28,277.31,278.71,277.54,278.09,278.62,278.60,270.24,267.85,266.99,263.80,259.12,253.24,248.93,244.75,242.76,237.95,229.02,223.60,216.30,211.80,199.91,192.94,183.40,172.45,161.79,152.32,137.59
114.16,126.02,134.46,145.09,151.21,160.64,167.06,173.61,179.10,181.80,186.45,191.40,194.74,196.47,200.87,204.56,209.25,217.15,222.99,225.72,234.61,239.87,245.52,251.62,257.50,260.55,266.61,265.93,267.37,264.80,263.80,258.41,256.16,253.65,249.23,247.76,242.37,238.85,235.47,229.43,226.92,219.40,212.73,206.42,201.95,191.55,183.73,175.29,165.02,154.56,144.37,132.02
116.04,129.12,139.04,149.25,158.69,166.72,172.80,182.88,184.38,192.04,194.88,200.12,204.60,206.95,212.25,216.67,220.84,226.99,232.59,233.68,241.30,248.57,253.39,260.85,265.75,267.53,271.83,269.61,267.48,265.89,265.33,257.64,252.45,254.15,250.00,244.03,238.20,234.10,231.72,224.96,221.90,214.77,206.04,201.68,196.02,184.04,178.10,168.15,159.33,148.50,139.79,124.79
119.22,132.23,141.20,150.63,159.81,170.77,177.20,188.10,192.51,196.73,200.77,205.30,210.02,213.14,215.23,220.23,225.84,231.49,237.88,239.94,248.12,252.96,260.54,264.09,269.44,271.46,274.61,271.53,270.14,270.67,269.47,261.40,258.10,256.00,251.87,246.22,241.00,236.52,231.81,228.74,225.50,215.13,210.09,204.08,199.48,188.27,179.00,170.59,159.93,148.05,141.77,127.20
124.23,139.32,150.23,160.00,166.94,176.48,185.43,192.63,196.40,201.00,204.94,208.83,213.28,214.41,218.33,223.56,229.58,235.92,241.75,239.93,247.42,255.54,261.35,266.18,271.15,273.82,278.00,275.80,274.17,273.27,269.74,261.61,258.03,257.86,252.62,247.81,242.92,237.89,235.05,231.91,228.32,221.58,214.16,206.48,203.16,191.56,184.17,175.09,166.21,154.16,144.54,129.87
122.67,135.83,146.03,155.00,163.98,174.20,179.23,187.54,190.90,193.55,200.36,201.80,206.01,208.04,212.08,215.96,220.66,227.85,233.21,235.23,240.14,248.58,252.37,258.43,262.38,264.43,268.36,267.23,266.20,263.47,262.23,253.16,250.80,248.32,244.13,239.70,235.21,233.11,229.72,224.15,221.47,214.39,206.29,200.12,196.90,186.90,178.62,170.84,160.64,149.69,142.00,127.77
122.80,135.83,145.24,154.81,163.00,172.18,179.66,187.86,192.85,195.51,196.99,201.85,204.53,206.65,207.53,214.67,219.43,224.61,230.03,231.64,238.30,244.60,252.00,258.09,261.23,266.84,272.84,270.05,269.07,268.96,265.41,261.45,259.62,259.12,255.38,249.69,245.35,239.71,236.69,234.92,231.46,222.16,218.40,212.15,209.75,197.06,189.07,180.04,170.56,159.15,149.04,134.95
121.74,136.36,145.88,154.30,163.77,171.83,180.28,187.18,190.26,194.14,197.95,201.32,205.51,207.71,208.40,216.63,217.23,223.60,230.64,232.08,238.11,245.97,251.33,258.26,263.96,269.24,273.54,274.69,274.43,272.25,270.82,265.75,263.80,263.87,259.79,254.17,250.45,246.81,242.89,241.01,236.75,229.90,222.87,214.35,210.86,201.70,193.09,184.57,174.11,164.12,154.03,138.65
121.51,134.18,143.59,153.33,161.31,173.76,178.53,184.95,188.82,191.80,197.10,198.06,201.53,206.69,208.22,214.79,216.15,224.36,226.21,230.38,237.17,246.11,250.48,260.31,267.20,271.19,275.63,273.64,274.69,271.01,272.00,266.08,263.93,264.28,258.38,255.23,252.41,248.65,245.12,241.07,236.89,231.02,222.44,216.10,213.04,203.77,194.79,186.01,174.93,166.88,153.44,139.61
124.49,138.24,147.19,157.50,167.30,176.47,184.45,189.42,192.59,195.26,201.97,202.92,205.98,211.68,215.41,220.84,222.04,227.06,233.26,237.93,242.56,252.05,256.42,263.55,269.90,272.20,278.00,279.61,280.67,275.50,277.22,273.25,268.32,268.02,264.26,260.76,256.89,252.02,249.54,244.71,240.60,234.33,224.00,219.16,214.80,206.65,197.72,189.19,177.46,166.65,156.54,141.90
118.83,131.55,142.51,150.46,159.93,167.93,175.35,184.62,185.65,189.79,192.21,199.32,200.39,200.64,204.30,209.66,215.65,222.04,227.24,225.94,231.77,239.43,243.52,251.41,256.05,261.01,267.73,260.92,264.19,262.61,261.09,256.70,250.38,255.55,250.44,245.38,240.19,235.42,234.63,232.55,229.11,220.57,216.23,209.80,205.55,196.45,186.60,178.94,169.33,158.43,148.49,134.33
115.00,127.88,138.85,145.56,154.51,165.36,169.25,179.23,181.47,187.03,187.13,194.83,198.21,199.25,201.76,208.06,213.15,220.06,225.00,223.67,229.00,238.08,242.43,248.36,252.79,254.57,262.35,257.60,256.98,256.14,255.36,248.94,245.17,247.49,243.73,239.00,233.45,229.53,227.20,225.63,220.24,214.31,208.24,204.02,199.20,189.07,180.68,172.89,161.47,153.59,142.20,129.02
109.13,123.00,130.78,139.52,149.27,158.38,164.62,171.09,175.41,177.78,183.44,186.10,189.19,193.44,195.54,201.02,203.74,211.07,213.85,218.01,221.96,231.39,230.37,239.59,246.45,249.90,250.34,249.06,251.63,247.68,245.23,239.35,236.14,237.36,233.85,229.48,226.79,221.38,220.48,215.46,211.52,206.39,198.60,193.29,188.38,182.48,175.48,167.03,157.08,148.07,137.27,124.62
106.30,118.60,127.00,135.09,145.25,154.83,161.07,168.07,170.79,176.40,181.23,186.30,190.02,195.11,199.02,204.20,207.18,213.19,219.27,222.95,230.33,238.05,241.27,249.78,251.64,254.19,257.28,251.78,251.02,248.65,247.61,240.07,234.64,234.10,229.05,225.18,220.60,215.78,213.65,208.73,203.01,195.79,190.23,185.55,180.21,172.63,164.94,156.37,147.22,136.85,126.06,115.52
106.02,118.07,127.44,133.42,142.21,151.16,157.81,167.87,169.68,175.29,178.49,184.01,187.88,192.09,194.73,200.82,204.08,211.21,215.81,218.76,223.75,230.33,236.89,240.17,243.85,246.91,251.38,245.86,242.40,241.90,237.99,233.21,228.02,231.28,224.32,218.83,213.96,209.16,207.12,203.30,197.02,191.09,184.72,180.92,175.82,167.87,159.46,149.97,141.51,133.54,123.04,111.63
118.71,132.26,138.60,149.49,160.03,169.26,174.66,185.46,186.97,192.43,201.10,203.97,207.07,212.90,217.79,220.95,224.74,232.64,240.30,242.66,252.56,257.51,263.71,269.24,276.54,280.12,279.55,278.65,278.93,275.88,274.35,267.98,264.86,261.12,255.86,251.60,249.34,244.09,241.60,231.91,229.17,224.52,216.23,209.55,204.48,194.74,188.86,179.18,167.59,155.71,145.80,133.00
118.26,131.22,141.50,149.41,158.71,166.68,174.45,182.58,184.98,191.89,196.62,200.64,204.63,209.31,213.18,218.45,221.54,228.56,235.26,239.45,247.25,255.54,259.12,265.69,269.99,275.39,277.54,277.77,277.94,275.49,273.94,268.15,265.19,264.30,260.25,254.02,250.20,244.08,242.50,238.21,231.62,227.18,218.60,210.05,208.41,197.28,188.16,179.04,168.62,155.57,148.06,134.73
114.02,127.31,133.79,144.35,152.05,162.19,168.43,175.51,178.83,181.95,189.42,191.94,195.07,200.90,203.19,210.04,214.70,221.89,227.11,229.22,236.43,245.02,250.23,259.31,263.40,265.48,268.00,267.93,266.37,265.05,267.25,260.20,257.73,253.00,249.82,244.02,241.60,236.97,234.08,228.71,224.74,219.69,210.44,204.22,199.53,190.19,183.02,173.08,161.93,151.35,143.35,131.13
117.03,131.48,139.61,149.33,156.82,166.43,172.93,182.78,189.27,190.71,197.67,200.30,205.65,208.04,208.33,216.62,222.14,227.02,232.38,237.19,243.82,249.58,257.56,263.47,267.97,275.76,277.35,275.75,275.07,273.51,273.02,266.61,264.24,264.26,258.12,254.87,252.52,247.58,244.72,239.71,236.41,227.41,220.93,215.03,211.55,198.48,192.26,182.45,169.85,161.05,148.50,134.54
113.07,126.14,132.38,143.17,152.08,159.40,166.82,176.16,180.00,181.53,191.38,191.64,197.80,201.64,203.81,210.38,213.55,219.32,223.78,229.63,237.84,244.10,250.54,257.00,260.41,266.60,268.20,266.00,265.02,264.17,263.77,257.58,255.15,252.96,250.32,244.10,243.89,237.49,236.14,228.48,225.89,219.75,212.85,207.51,203.27,193.72,185.88,176.05,165.75,154.67,145.80,131.24
122.49,136.97,141.01,153.39,159.18,169.06,175.15,182.65,184.86,188.56,191.94,196.54,200.19,203.77,207.51,214.71,217.08,225.04,229.46,235.47,243.40,251.53,257.42,265.19,272.28,277.06,280.75,278.00,278.02,274.26,274.32,269.31,266.29,261.49,257.60,253.80,249.88,245.33,242.17,237.36,234.96,227.62,219.64,214.19,210.62,199.46,191.94,181.32,172.88,161.53,150.27,137.06
119.68,134.79,142.04,150.44,160.64,167.39,175.07,183.00,186.60,190.65,196.81,200.49,204.09,207.69,210.00,217.80,221.39,229.37,233.57,239.35,246.94,255.74,260.73,269.47,275.29,282.17,284.63,279.86,279.09,279.04,275.68,272.05,269.61,269.70,262.55,259.03,255.20,250.05,249.13,243.40,241.30,233.99,228.04,220.41,217.83,208.89,199.44,187.93,180.11,169.31,156.60,141.99
108.24,118.81,132.00,140.25,146.24,156.58,162.79,172.89,176.64,181.84,185.13,192.01,192.00,193.99,195.92,199.97,204.84,209.31,214.66,214.55,219.54,228.58,230.41,237.31,241.03,247.20,251.51,245.99,248.36,246.98,243.53,240.16,237.20,240.47,231.40,228.32,223.08,218.05,218.45,214.55,210.64,200.26,197.91,190.85,185.44,172.63,165.01,156.54,146.41,136.88,127.41,114.76
112.54,126.19,135.51,146.00,156.22,166.19,172.41,183.37,187.95,192.78,197.96,201.32,203.39,207.87,207.71,215.23,215.34,219.73,223.89,228.19,233.35,239.43,240.68,248.52,253.10,256.60,261.23,258.00,259.31,255.77,256.02,252.55,251.44,248.68,240.47,236.37,234.85,230.49,229.82,222.03,216.90,210.12,202.39,196.81,191.76,178.90,171.92,160.56,148.66,138.92,131.37,117.32
112.64,126.91,136.47,147.01,156.00,168.30,172.81,184.39,189.20,194.51,200.12,202.43,207.07,207.89,211.53,216.09,215.93,220.19,223.56,226.85,230.05,235.36,238.35,245.07,248.08,250.06,254.70,253.65,255.00,248.94,250.48,246.17,244.37,241.27,235.70,235.47,233.00,226.99,227.90,219.35,216.00,210.62,201.12,196.65,189.69,178.72,173.37,162.11,150.30,140.23,131.85,118.26
117.72,132.88,143.93,155.08,165.15,178.16,186.94,198.52,205.70,211.83,214.67,222.07,226.55,227.20,232.05,234.05,235.44,238.42,239.99,241.31,243.39,247.04,250.98,254.26,257.10,261.49,260.26,261.93,260.28,257.01,253.84,247.20,242.84,243.29,235.53,231.53,229.16,222.17,219.73,213.96,212.04,199.67,193.21,186.56,178.73,169.50,158.15,148.12,137.06,127.66,118.68,107.04
111.14,123.60,134.77,143.50,155.86,165.61,176.01,187.30,193.94,199.25,204.96,211.01,217.04,215.62,220.05,222.05,227.86,231.14,232.05,235.72,238.32,240.50,249.35,251.02,256.13,258.13,258.24,258.72,256.38,257.31,252.68,245.35,240.08,243.19,234.79,230.79,226.81,220.23,215.98,213.28,209.12,195.23,191.00,185.15,177.55,162.82,155.62,144.90,134.08,125.63,115.11,104.01
106.53,119.55,132.19,144.70,152.90,162.11,168.12,182.73,187.61,193.00,199.09,204.88,210.28,210.72,214.34,220.87,227.88,231.70,237.31,239.18,244.57,250.48,257.93,259.12,265.59,270.80,276.03,270.38,270.89,269.61,266.31,260.63,256.76,257.51,250.24,246.74,238.92,235.52,234.08,228.74,224.00,210.16,205.64,201.14,194.59,179.89,168.62,158.45,147.58,139.17,127.12,114.28
101.04,111.50,121.76,129.06,136.89,145.34,151.86,158.90,165.42,167.00,172.99,176.62,181.95,184.57,183.10,191.45,196.46,202.36,206.52,210.72,220.20,227.76,233.85,240.48,244.59,252.20,255.52,247.78,249.40,248.36,249.11,239.77,239.53,239.88,234.98,231.37,227.08,223.06,221.06,214.45,212.42,203.30,198.22,192.31,187.45,178.10,168.27,157.38,148.06,139.85,129.47,114.23
110.98,122.43,131.10,142.01,147.83,156.08,160.52,170.06,173.33,177.72,178.88,184.57,188.22,188.22,191.82,198.04,202.78,210.15,212.08,217.38,225.80,234.34,240.17,245.69,253.66,258.26,266.31,260.38,261.84,260.99,258.38,254.09,251.25,252.17,248.03,243.66,239.74,238.47,236.48,230.71,227.76,220.51,216.23,210.76,204.95,197.31,185.69,177.61,173.00,160.38,147.65,133.41
110.02,123.20,129.36,139.60,148.06,156.55,161.83,168.88,174.93,175.48,180.69,186.45,189.38,192.51,197.34,202.23,205.72,210.21,214.89,221.46,229.90,236.58,239.60,248.05,251.91,253.86,261.84,257.95,259.09,254.03,253.84,248.85,245.59,241.62,238.84,236.02,232.86,228.43,228.95,221.06,216.90,212.17,206.47,200.74,196.04,187.41,179.57,168.88,162.93,152.46,139.85,127.68
107.94,118.09,127.48,135.83,143.78,151.85,158.47,166.88,169.31,174.42,178.28,185.00,188.88,191.25,195.01,201.10,208.15,215.52,222.09,225.57,234.09,243.30,250.83,256.76,260.82,265.80,273.12,268.31,267.47,264.61,261.12,255.85,252.20,253.16,247.31,243.35,236.24,232.36,230.03,227.48,221.76,213.78,210.67,203.39,199.97,189.18,180.10,172.59,163.62,154.30,143.28,131.58
107.70,119.50,128.44,135.18,140.73,149.63,157.84,167.36,169.37,174.29,177.23,184.69,184.01,187.64,191.44,196.90,204.83,209.66,215.23,219.86,227.62,232.48,241.67,246.34,251.00,256.69,263.66,257.56,258.19,253.43,252.00,247.16,243.82,242.39,239.76,234.18,226.37,222.44,218.98,220.23,213.08,205.65,202.04,196.06,193.04,181.91,175.03,166.36,159.91,151.71,138.06,129.25
106.79,119.22,126.57,133.76,144.69,151.49,160.15,164.35,168.94,174.95,180.04,182.91,186.68,191.43,195.97,199.83,204.01,210.15,213.71,219.76,228.23,236.36,241.30,248.49,252.13,255.97,263.07,259.76,258.16,251.73,253.60,244.61,245.07,239.46,236.10,232.00,226.42,224.01,220.74,215.60,210.54,205.94,199.72,193.55,190.94,180.80,174.04,165.24,157.16,147.11,138.52,128.08
102.79,115.11,124.89,135.06,139.98,150.34,157.29,164.83,172.18,174.60,179.01,187.00,188.50,191.60,193.71,198.82,204.56,207.53,216.18,221.05,227.37,235.16,238.84,244.25,250.27,255.08,258.38,252.41,252.96,247.76,244.00,238.92,234.02,232.00,223.79,217.66,213.18,205.73,202.97,198.65,191.44,183.70,180.55,171.70,167.91,156.32,149.16,140.86,134.61,127.48,118.41,106.40
99.62,113.70,122.80,132.20,137.77,147.60,154.16,166.72,170.18,175.56,179.77,186.23,189.50,190.59,193.57,199.02,204.14,211.07,216.30,219.58,225.85,235.93,236.32,243.81,249.51,256.96,260.93,252.44,254.42,247.10,244.17,239.77,233.00,233.63,222.30,217.46,208.49,206.82,201.47,195.21,189.91,181.28,177.80,166.93,162.89,150.36,144.50,135.77,132.14,123.97,111.83,102.47
102.08,115.60,124.33,132.54,140.89,152.03,157.88,168.69,174.47,176.78,181.60,187.92,190.28,192.63,195.53,199.42,205.55,210.29,215.37,220.05,225.89,233.42,237.68,243.46,250.05,255.28,256.86,254.47,253.53,251.05,248.24,241.03,234.72,234.62,228.66,222.04,216.00,209.10,207.20,201.79,197.77,190.32,184.82,175.64,171.33,160.08,152.74,141.82,135.68,126.30,119.85,106.83
111.45,124.91,135.62,145.60,154.95,162.05,171.29,184.66,186.95,194.94,198.36,205.23,209.15,209.48,212.06,217.55,225.00,229.44,237.53,239.34,245.33,254.89,258.12,264.07,268.07,272.36,278.69,274.22,273.08,269.28,264.49,258.85,252.39,251.25,241.17,233.86,229.14,225.55,218.01,212.90,209.06,197.84,191.38,184.38,178.28,167.36,158.45,149.37,141.42,130.05,121.94,112.16
104.04,115.80,124.20,132.77,143.40,151.17,156.32,164.45,168.08,173.95,178.24,181.91,185.00,187.48,190.12,197.57,200.30,205.20,208.75,215.34,223.83,228.48,234.30,240.93,246.29,250.26,252.07,252.42,250.05,248.09,244.29,238.60,233.38,232.47,222.63,220.38,215.56,209.06,206.31,199.20,195.92,187.54,178.90,175.69,168.67,159.18,150.40,141.89,134.11,125.32,117.92,107.12
109.17,120.92,132.82,141.42,149.48,161.06,166.42,177.12,180.28,186.34,189.62,196.43,200.88,202.41,203.38,211.61,216.62,221.58,224.88,233.55,238.42,248.26,250.17,256.22,259.53,263.84,270.25,265.73,266.87,261.82,258.86,254.53,248.52,245.28,235.57,232.00,224.45,220.93,216.93,208.09,203.57,195.23,188.10,179.39,170.33,161.53,153.18,143.56,134.18,127.01,116.56,102.96
108.50,119.52,131.61,138.11,145.41,154.57,159.97,172.35,180.31,185.00,188.60,193.66,199.21,199.44,201.47,207.65,215.93,220.27,226.24,230.71,237.99,243.68,250.80,252.45,258.71,265.45,267.56,262.77,262.23,260.65,257.30,251.21,245.54,245.25,235.10,233.39,224.88,217.95,215.52,209.68,204.98,192.68,188.79,182.45,172.53,162.37,153.06,143.39,133.79,124.81,116.84,102.84
112.02,124.62,134.42,143.59,153.22,161.51,168.16,178.37,183.13,188.13,193.68,196.74,201.68,203.19,207.13,214.00,216.37,222.04,230.59,233.55,238.84,248.92,250.80,257.20,261.90,266.18,268.37,263.75,263.43,258.80,256.05,249.54,244.18,245.11,236.36,231.81,226.55,221.33,219.67,212.85,208.81,198.50,190.16,185.31,177.72,167.92,159.33,149.65,139.70,131.59,121.70,108.67
112.07,124.89,135.10,145.62,154.39,164.56,172.28,181.20,187.10,191.09,195.82,200.66,205.83,207.48,208.89,215.23,224.11,227.62,236.32,235.77,243.73,251.64,257.66,260.89,265.42,271.27,273.18,266.85,266.20,263.03,260.97,253.41,249.71,248.85,243.05,239.75,233.01,229.46,224.52,222.93,218.22,206.94,200.77,195.27,188.22,178.73,168.51,157.62,149.46,139.74,129.77,116.52
108.04,123.03,129.83,137.38,150.14,157.46,165.28,172.63,180.50,181.89,191.37,191.60,197.09,202.00,204.59,208.87,214.39,219.25,226.04,229.17,234.97,244.61,248.94,253.16,257.94,259.79,262.08,260.19,257.70,254.24,250.84,245.84,242.10,239.08,234.35,230.49,225.14,221.62,219.57,212.76,208.79,202.36,193.85,184.84,181.55,171.27,164.65,154.90,144.93,136.07,128.10,115.97
110.45,122.54,132.23,141.85,150.85,159.88,167.45,178.44,183.56,185.69,191.13,197.63,202.43,206.32,209.12,215.67,223.89,227.48,234.83,238.55,244.02,252.29,256.70,259.36,268.75,270.60,268.79,265.80,264.32,262.76,256.27,251.77,245.94,242.94,237.19,232.71,227.37,223.57,221.22,216.04,212.05,201.94,196.09,189.17,183.39,173.42,164.20,154.18,147.30,138.92,128.84,112.93
111.83,124.79,136.56,145.34,151.82,161.31,168.19,179.39,181.79,189.62,189.84,198.65,202.74,205.24,206.12,215.59,220.97,227.00,233.39,235.05,241.30,254.34,256.13,263.21,266.87,272.40,276.84,270.45,268.23,265.93,261.37,255.31,250.77,253.57,245.73,243.34,236.24,232.50,229.65,230.70,224.41,214.67,206.60,204.27,199.12,189.11,179.40,171.23,162.09,155.26,142.86,130.82
109.79,123.00,130.46,139.98,147.30,157.80,164.44,172.41,176.17,178.87,186.13,191.06,191.64,196.70,200.23,206.63,210.62,214.11,220.54,226.95,236.36,242.40,245.57,253.10,257.56,260.55,267.20,263.64,263.01,256.85,256.03,251.83,248.89,243.17,237.46,235.36,230.52,226.89,226.05,220.18,212.82,207.27,198.04,195.00,190.32,179.74,173.11,162.48,154.08,144.84,136.36,123.00
110.28,121.49,132.38,139.61,146.22,154.87,159.31,169.45,172.59,176.66,179.25,185.69,187.97,187.86,191.80,196.40,203.58,208.29,212.82,215.82,222.52,231.73,237.10,242.99,249.15,254.28,259.05,255.13,255.99,253.10,252.42,245.35,245.28,243.99,239.37,235.80,229.62,226.00,223.29,224.24,219.18,208.69,204.79,196.98,193.93,182.73,172.89,166.17,159.14,150.27,138.85,126.49
103.41,116.39,123.66,131.69,138.10,145.12,150.75,158.40,161.64,164.58,166.42,171.84,172.96,175.00,174.63,180.47,185.28,188.82,194.64,197.21,202.15,209.78,214.11,220.44,224.08,230.67,235.99,230.05,230.46,231.58,230.00,224.01,223.81,223.08,218.66,214.77,209.82,206.52,205.91,205.22,201.49,191.08,188.99,182.50,178.76,167.72,158.90,152.32,146.15,139.26,127.86,116.76
115.62,127.48,137.30,144.84,153.40,162.29,168.34,175.45,179.21,182.13,186.75,189.32,190.10,194.83,196.94,199.08,204.53,207.48,213.86,216.39,221.71,228.63,232.79,240.17,241.67,246.59,253.10,248.13,246.11,244.72,242.47,238.20,235.60,234.24,225.80,222.99,217.39,216.17,212.35,209.03,203.68,197.12,194.28,185.22,181.81,171.07,163.82,155.24,147.85,139.44,129.54,117.80
113.21,125.72,135.83,145.21,153.84,163.29,168.08,173.44,178.68,181.20,183.61,191.71,195.41,195.73,198.29,203.98,208.25,213.93,218.83,218.77,226.37,231.92,236.86,243.00,244.07,250.78,252.26,244.13,244.05,240.13,236.04,232.86,224.18,225.41,220.49,214.01,208.73,203.04,201.12,198.40,193.31,182.66,181.11,172.63,165.68,156.00,145.03,140.04,131.31,124.04,114.97,104.48
121.76,133.09,143.74,154.77,163.17,173.17,178.89,187.26,193.84,196.35,204.36,207.10,210.26,212.05,216.09,220.98,223.89,228.16,236.25,240.28,246.13,253.90,255.55,258.50,261.64,262.99,265.35,259.39,258.80,252.69,247.76,241.41,238.38,235.76,228.53,218.21,214.66,210.02,206.17,197.72,194.74,186.43,178.51,170.46,166.11,154.99,145.36,133.18,125.00,117.38,110.86,100.32
120.50,132.02,143.18,152.43,162.37,172.71,180.65,187.52,193.31,197.49,202.89,209.23,211.29,216.07,217.38,224.21,229.69,236.30,239.84,243.97,248.65,258.64,259.67,264.59,265.51,267.45,269.97,265.19,263.00,256.83,249.61,243.26,237.41,231.97,223.83,218.18,213.38,207.42,201.43,191.21,183.98,178.35,169.20,159.62,152.23,140.94,133.18,122.02,112.09,105.19,97.84,84.88
107.52,120.57,129.28,139.00,146.76,155.21,162.27,170.47,175.21,179.48,185.17,188.96,195.00,196.42,197.65,205.38,208.39,212.45,218.34,221.65,225.32,232.12,231.35,234.89,241.36,240.74,239.84,235.09,234.01,230.52,228.73,220.51,215.81,215.23,207.18,204.30,200.26,196.06,195.17,186.89,184.36,178.04,171.70,164.84,159.38,150.27,142.44,133.84,124.52,117.66,109.73,99.18
119.71,132.19,143.45,152.30,160.35,170.05,177.41,185.23,190.54,195.13,201.10,204.19,207.71,210.80,213.77,219.49,221.90,227.71,232.71,236.93,240.52,245.34,247.70,250.28,257.42,259.09,258.09,253.10,252.51,249.24,245.07,240.21,235.67,234.48,227.31,223.81,221.63,216.52,215.74,206.78,204.71,197.52,189.91,185.01,177.91,169.50,160.53,151.24,142.41,133.75,125.90,112.29
119.00,132.77,144.84,151.03,159.77,168.67,174.73,184.02,188.81,191.65,195.78,201.44,203.38,204.19,204.83,211.01,215.52,221.96,223.91,228.56,229.94,234.83,238.16,238.05,243.05,248.17,248.82,245.46,245.12,242.19,236.75,233.08,229.73,229.27,223.60,221.77,218.39,213.81,213.22,210.58,208.17,195.53,197.25,188.81,183.00,174.83,167.43,157.81,149.82,141.03,129.76,118.46
117.89,129.25,138.97,148.00,158.81,167.19,173.57,179.14,183.44,186.00,193.22,195.41,197.47,201.92,202.12,207.18,210.00,214.25,218.52,222.04,224.93,230.72,231.56,237.22,241.58,244.39,244.63,243.48,241.13,239.43,237.12,229.30,227.37,227.53,222.27,219.13,217.55,216.33,214.31,207.62,206.66,201.80,195.32,191.00,187.02,180.01,171.59,163.60,154.35,145.22,136.49,125.21
114.48,127.74,137.57,145.96,154.04,163.37,169.74,178.16,183.33,188.16,191.85,196.82,197.45,201.72,203.93,207.91,211.54,215.10,218.51,222.35,225.85,232.80,234.61,241.07,243.25,248.65,247.49,243.34,244.08,240.30,238.29,234.34,230.20,230.21,226.92,223.16,219.58,215.68,215.56,211.37,209.34,203.10,198.81,192.92,191.38,181.73,174.24,165.03,159.15,149.24,140.41,128.13
110.55,123.82,130.63,141.72,152.35,161.82,168.44,177.05,182.22,188.67,191.64,197.23,200.36,206.52,209.81,216.23,215.64,223.88,226.46,231.20,235.91,243.81,245.52,252.88,254.50,256.46,258.79,256.13,255.69,250.44,248.91,243.73,237.50,234.45,229.31,223.79,223.04,219.17,216.40,206.39,204.78,199.83,192.13,186.56,180.57,174.90,164.83,156.60,145.58,136.47,128.46,117.39
115.04,128.86,136.50,147.71,158.32,167.82,174.45,183.47,188.31,192.88,198.30,202.42,206.94,209.38,213.36,218.21,219.46,225.88,229.08,234.16,237.78,244.38,246.21,253.62,258.00,259.00,258.64,256.87,255.23,250.69,250.46,243.90,239.71,236.71,230.87,227.31,225.27,218.68,217.04,209.95,206.65,201.43,192.82,187.02,180.36,172.01,166.24,154.15,143.28,133.36,126.61,113.60
73.39,82.28,88.73,92.66,98.84,106.53,111.00,118.07,122.15,125.94,130.14,133.18,134.83,139.79,142.09,144.47,147.56,153.64,154.95,162.11,166.76,171.13,177.12,183.56,187.97,185.88,189.71,187.00,186.04,187.07,183.92,182.70,177.73,178.27,172.66,172.63,169.54,166.14,166.97,162.93,163.57,157.38,153.06,150.03,148.07,138.97,135.76,128.10,120.55,113.46,106.00,92.91
119.08,132.64,143.39,153.39,161.90,173.67,178.68,187.03,192.57,197.06,203.25,207.62,210.39,214.60,216.89,221.08,224.01,229.80,234.64,236.52,240.35,245.49,247.92,252.69,255.45,260.28,259.56,256.91,257.39,253.24,247.74,243.46,241.01,238.60,234.70,228.32,222.65,220.05,216.00,212.61,206.29,200.82,198.09,186.20,183.85,170.88,164.40,153.39,143.38,133.75,124.54,112.90
115.36,127.77,135.03,145.77,149.40,159.71,165.10,174.59,180.71,183.70,190.44,193.31,197.23,198.85,200.80,205.66,209.75,215.36,218.05,221.05,225.27,231.16,235.36,239.72,243.53,246.02,248.36,242.69,242.33,240.60,238.55,233.24,229.80,231.40,224.96,220.51,217.55,213.22,212.98,205.72,203.53,199.91,192.77,187.38,186.51,173.44,167.52,156.82,148.49,139.81,130.36,118.00
112.43,124.65,135.18,145.00,152.74,161.48,169.58,180.56,183.50,187.97,194.31,200.85,206.39,207.82,210.38,214.70,220.95,223.62,229.32,233.42,238.05,243.87,247.68,251.38,256.26,259.86,264.62,259.09,257.41,256.67,250.97,247.32,244.08,245.60,238.67,234.26,230.54,226.23,224.01,222.05,218.15,208.81,208.09,197.00,195.13,184.11,178.64,166.88,158.15,148.93,138.22,124.82
110.02,124.10,132.23,141.43,152.12,161.38,167.33,174.45,179.12,184.33,193.31,195.78,200.14,203.00,206.41,211.88,216.46,220.23,226.53,233.01,239.38,245.35,250.14,257.86,264.37,268.88,271.03,267.90,268.08,262.57,263.15,257.49,256.20,251.80,248.27,245.35,242.39,238.53,236.71,230.71,228.64,223.89,218.59,209.55,208.85,201.24,194.74,186.08,174.23,164.47,155.32,142.30
115.39,130.00,136.31,149.91,157.58,169.30,176.47,185.83,190.24,194.37,202.25,205.24,209.46,215.15,218.15,223.27,225.42,235.42,240.35,245.29,252.96,262.55,267.44,274.55,279.59,281.15,286.42,283.52,281.51,276.74,278.60,271.02,266.75,262.71,256.91,253.40,250.11,244.81,242.99,233.91,230.52,227.18,219.20,214.05,209.90,200.55,193.02,181.30,172.07,161.01,152.21,137.79
119.47,133.81,138.97,150.76,160.18,171.40,178.44,185.54,191.18,194.26,200.44,204.07,209.30,213.56,216.60,222.40,227.17,235.97,241.77,246.35,253.20,263.43,269.02,274.02,283.68,287.09,286.23,285.66,284.31,280.12,278.00,271.28,267.00,264.05,260.25,253.13,250.32,245.65,242.03,234.34,232.11,226.98,217.79,211.99,206.95,197.87,189.84,180.54,169.50,158.90,150.00,135.20
112.36,124.53,133.22,143.61,152.59,161.74,167.89,178.04,180.95,185.27,189.21,194.81,198.82,203.00,203.07,210.54,213.48,223.22,226.15,232.41,237.86,246.34,251.29,258.85,263.79,269.85,272.81,265.77,266.59,262.97,263.06,256.01,251.25,249.93,244.17,238.53,233.73,227.56,225.89,219.76,217.02,207.34,203.04,195.94,190.22,182.13,173.83,164.17,153.94,145.01,136.21,123.22
119.42,133.03,141.95,150.01,158.75,168.50,173.97,182.73,187.07,189.76,194.49,198.25,199.26,203.08,207.06,210.72,214.66,221.33,224.59,230.49,237.07,243.12,250.45,255.16,262.01,267.24,270.05,266.81,266.18,265.41,263.92,257.17,253.92,252.24,248.65,244.52,238.56,236.02,233.06,226.00,223.33,218.82,212.85,205.73,202.23,192.00,186.29,176.64,167.22,156.24,148.30,135.44
112.41,123.97,131.22,141.82,150.36,157.92,161.40,168.66,170.29,174.39,177.99,181.76,183.41,186.30,185.15,191.15,193.20,198.81,204.19,206.34,213.62,221.38,225.89,233.35,235.73,242.03,246.34,243.09,243.08,241.99,243.06,237.78,236.32,234.80,231.04,229.02,226.18,222.33,221.02,216.07,212.46,208.78,204.86,197.29,195.07,187.36,181.82,175.28,165.10,155.65,146.75,134.33
114.91,126.50,132.83,143.66,151.43,158.82,164.48,169.16,172.59,176.96,183.11,182.40,186.13,189.64,189.50,193.60,194.34,200.90,202.63,209.04,214.28,219.39,223.08,228.84,233.57,235.03,237.69,238.25,238.54,234.06,238.02,230.57,230.73,228.27,223.08,222.52,219.79,217.11,217.19,211.29,208.85,204.75,199.72,193.87,193.09,186.63,179.63,173.44,161.90,153.91,143.62,133.02
126.76,140.87,152.43,162.05,169.52,180.00,187.63,195.26,198.71,202.71,206.65,209.58,212.55,215.39,217.89,223.79,225.86,232.80,238.20,241.23,246.98,254.12,259.19,264.70,269.85,279.16,277.10,272.15,273.47,270.19,268.70,261.90,258.80,260.51,255.27,247.73,244.13,237.93,237.39,232.59,232.13,223.90,218.84,213.46,209.88,202.24,192.75,186.94,177.55,167.76,155.88,142.80
117.00,129.77,141.28,150.14,157.81,166.01,176.47,183.41,188.67,192.80,197.45,202.56,205.45,207.66,211.44,216.81,221.92,230.08,238.21,240.52,248.67,255.77,263.37,266.27,271.33,276.18,280.14,277.22,276.93,275.05,270.86,265.57,263.05,261.62,257.70,250.59,245.45,241.10,236.54,232.74,228.65,221.45,213.28,207.87,204.42,193.85,185.10,175.48,167.03,154.30,144.17,131.32
107.49,119.41,128.41,135.79,142.70,150.23,155.87,162.60,167.73,170.30,174.75,180.38,183.85,185.00,187.67,194.31,199.45,208.40,213.19,216.00,223.95,233.24,238.53,245.41,251.08,260.53,260.95,258.91,259.02,257.31,255.57,250.86,248.20,249.19,243.99,241.00,234.20,228.86,227.71,224.32,219.78,214.46,207.15,202.77,197.87,188.11,177.72,170.23,162.41,152.03,138.71,129.00
44.10,47.51,50.70,51.97,52.40,55.11,54.23,50.36,50.57,52.63,55.58,55.71,56.08,59.23,61.40,61.55,61.10,65.49,68.82,73.35,80.13,82.49,85.38,91.79,95.69,101.97,108.25,108.17,113.05,109.79,115.11,115.41,116.87,119.27,116.28,115.38,117.04,115.25,118.34,116.00,114.95,112.68,107.04,106.55,103.94,104.31,100.18,95.43,92.46,85.07,81.93,75.21
98.08,108.24,118.00,124.66,131.24,137.93,143.41,149.27,153.77,160.03,162.61,168.87,172.82,176.20,179.74,184.45,188.47,195.13,203.27,205.76,213.60,220.04,223.57,230.87,235.84,243.68,244.97,241.37,241.17,239.30,238.44,232.80,231.95,232.59,227.71,224.90,221.00,215.00,212.47,208.87,208.10,201.10,196.82,189.47,186.45,181.04,172.31,164.15,157.85,148.50,135.56,126.19
97.14,108.23,116.73,123.17,131.47,137.01,144.20,149.31,151.92,158.46,161.83,168.81,173.95,174.94,177.29,183.17,187.56,195.82,201.73,205.91,211.00,216.34,224.27,232.21,235.75,241.30,246.52,241.97,239.30,239.47,237.95,232.35,231.32,228.97,226.60,221.69,218.04,212.96,211.29,209.78,205.00,197.00,193.76,187.88,184.66,178.24,169.10,161.45,155.00,145.33,133.96,122.59
98.01,110.57,118.11,128.69,134.09,142.95,147.76,156.73,162.60,167.43,169.99,178.37,181.69,185.39,188.56,193.81,199.40,208.22,212.46,218.12,224.16,233.44,239.63,245.03,247.63,252.96,259.86,253.18,254.77,250.70,247.86,243.81,240.75,240.47,234.08,229.84,223.16,216.02,213.97,210.64,207.91,200.37,196.01,188.90,184.56,174.55,168.00,160.46,150.75,144.03,130.10,120.33
106.53,119.11,130.12,138.92,145.42,154.69,159.45,169.07,172.24,180.35,183.85,191.86,195.87,197.71,199.46,207.28,214.44,221.17,229.17,232.28,239.46,246.84,255.44,261.86,264.20,271.59,278.22,273.03,273.84,271.27,267.54,259.70,258.31,256.70,251.77,246.62,241.50,235.37,230.47,227.56,224.32,216.84,212.45,203.20,198.91,188.90,180.43,171.64,163.67,154.51,139.45,128.32
105.10,117.04,125.72,136.49,140.94,150.33,157.85,165.86,171.03,176.41,179.94,187.32,191.13,192.87,194.06,202.07,207.27,215.06,222.65,224.80,232.56,240.52,247.48,252.72,256.38,262.89,271.28,265.36,265.48,264.01,261.47,255.98,253.78,254.33,247.95,241.67,236.84,232.11,227.71,226.55,223.56,213.18,209.88,202.43,198.57,188.79,181.28,171.71,163.13,154.74,139.23,129.10
99.90,111.80,120.50,127.09,134.53,141.40,147.68,155.77,159.33,166.42,169.05,175.76,177.63,179.08,181.96,186.94,193.20,200.12,206.06,209.80,215.26,225.79,231.62,237.78,239.76,247.55,253.51,248.68,248.68,246.46,245.42,242.00,237.78,239.89,234.08,229.12,223.66,217.86,217.00,213.03,212.34,203.42,198.00,192.43,188.22,178.51,170.02,163.22,155.59,146.12,132.62,123.04
110.44,123.23,129.85,138.85,146.51,154.74,161.93,167.37,174.18,177.41,183.61,187.77,190.08,193.76,196.25,201.65,208.63,212.90,218.84,222.73,231.35,239.41,245.81,251.07,256.76,265.05,269.27,267.24,267.80,265.82,264.50,261.03,259.38,256.94,252.52,247.58,244.23,240.00,235.58,231.01,227.76,222.83,213.58,210.47,207.28,196.46,189.47,180.02,170.53,159.79,149.59,135.48
109.73,121.26,129.71,137.77,144.84,152.53,159.11,165.33,167.43,172.75,176.40,180.41,185.65,187.30,189.10,195.76,197.47,203.77,211.34,214.48,219.45,225.41,231.46,238.76,241.68,248.85,253.64,250.57,254.03,251.07,252.72,244.52,245.10,242.33,240.80,234.58,230.08,226.74,222.58,219.49,218.84,209.88,205.00,199.74,194.88,188.62,179.57,170.75,162.89,152.54,141.42,132.00
106.00,118.70,125.59,134.00,141.74,150.08,153.94,161.08,164.92,168.24,173.28,176.78,180.21,181.02,183.60,188.35,192.52,198.86,204.12,206.77,210.61,217.64,224.93,229.09,232.69,234.93,241.67,237.70,238.35,236.86,235.30,229.84,229.75,227.71,224.47,221.84,216.17,213.08,210.44,207.68,205.07,199.60,193.08,187.13,184.68,178.22,170.19,163.11,156.32,144.84,134.53,124.34
110.34,121.85,131.10,140.09,146.21,155.60,160.85,169.81,173.93,180.41,182.92,188.07,193.66,194.65,198.07,203.21,205.06,213.47,219.49,219.49,225.30,229.87,238.66,243.01,246.00,253.19,257.03,248.65,248.77,247.98,246.03,239.77,237.04,238.05,233.02,228.24,222.91,218.52,215.08,214.01,211.00,202.88,198.34,192.67,189.77,180.51,172.31,164.79,157.70,148.34,136.01,126.04
106.10,117.32,127.88,135.34,142.51,149.97,156.40,164.00,168.30,174.98,179.03,184.81,189.41,190.95,192.20,199.32,203.97,211.23,215.60,219.92,224.15,232.43,238.19,245.08,247.32,256.33,259.06,254.07,254.06,252.39,250.88,244.38,242.20,241.29,238.32,231.37,225.62,219.70,217.62,216.02,212.81,203.98,201.43,193.66,191.63,181.22,172.68,165.92,157.76,149.16,138.18,126.19
100.88,112.29,120.75,127.99,135.06,143.27,149.64,156.28,160.88,165.42,170.11,174.56,177.25,181.22,185.71,190.16,193.00,200.85,208.15,211.57,219.23,226.50,230.52,236.95,241.01,243.94,251.86,248.20,248.94,244.04,245.37,239.77,235.48,232.40,228.55,224.09,221.88,213.51,212.76,206.90,203.93,198.98,193.13,185.59,182.18,176.82,167.63,159.77,149.21,141.16,133.00,120.34
104.69,115.97,122.15,132.85,139.00,147.12,153.05,161.61,164.03,170.60,173.64,178.39,182.46,186.32,190.59,194.49,197.75,208.94,212.44,217.59,223.91,232.07,238.35,246.11,252.40,254.44,258.54,255.55,256.55,253.00,253.51,245.73,244.05,239.95,233.42,231.42,228.54,221.84,217.86,213.35,210.77,204.20,198.98,192.63,188.00,181.02,172.03,164.81,156.16,146.54,133.99,122.97
99.86,111.80,121.20,129.54,136.01,143.00,149.16,156.49,160.33,165.80,169.01,173.37,177.50,181.18,183.48,188.57,195.24,200.18,206.21,212.08,219.49,225.18,233.62,239.20,247.24,253.16,256.53,251.62,254.61,251.21,249.78,244.61,241.66,239.82,234.09,230.36,226.00,220.33,218.36,214.01,208.97,203.42,197.69,192.77,188.83,178.24,172.47,164.51,155.60,146.16,133.73,122.59
108.23,119.08,125.16,135.60,143.54,152.41,157.33,163.53,167.34,171.94,175.93,180.10,184.04,187.88,191.69,196.47,202.47,207.94,213.02,218.52,224.86,231.85,239.74,245.35,253.45,258.07,261.27,257.95,258.94,257.61,256.13,250.32,247.74,245.41,240.17,236.02,232.47,227.38,224.70,218.22,214.36,210.87,203.96,197.80,193.75,185.55,179.03,169.10,159.91,151.65,139.95,127.88
112.04,123.08,133.96,142.39,149.16,157.80,164.20,172.74,177.00,181.41,184.20,191.51,194.00,195.86,197.67,204.24,209.07,216.82,222.20,225.62,233.63,239.30,247.07,252.49,259.98,268.09,269.60,265.17,266.55,263.91,262.49,255.20,254.42,253.85,250.15,244.56,239.35,232.65,230.41,226.05,224.15,214.77,212.13,203.49,200.11,194.49,184.76,174.90,169.30,158.34,146.58,133.46
112.70,122.65,133.09,145.36,151.49,159.77,168.19,176.48,180.71,186.00,188.56,193.85,198.09,199.46,203.08,207.51,212.84,219.58,224.02,225.75,233.38,238.82,244.66,249.91,253.58,260.22,264.57,258.12,259.54,257.11,253.31,247.63,244.03,244.10,240.19,235.05,229.43,224.51,221.14,219.86,216.72,206.52,205.28,198.76,195.00,186.89,179.40,170.84,163.25,153.10,142.13,131.32
112.72,122.38,131.61,142.71,152.86,162.63,168.47,176.14,179.91,184.05,190.09,194.79,196.99,202.71,206.00,211.44,214.67,220.66,225.52,231.70,237.29,245.42,248.24,255.69,259.75,261.38,266.59,263.53,262.76,258.06,257.45,252.66,247.89,242.79,240.17,234.10,232.23,227.07,224.29,217.11,215.59,210.45,202.41,197.40,193.04,186.32,179.80,170.59,161.60,151.40,141.03,131.24
111.31,120.95,127.77,136.62,148.17,157.42,163.31,169.78,174.07,178.71,186.59,189.17,193.08,198.39,201.12,205.65,210.87,216.69,223.49,226.08,231.81,239.95,246.08,252.07,256.46,256.81,261.68,260.38,254.69,255.23,251.02,246.03,241.61,239.61,235.53,229.98,225.18,221.11,217.08,212.22,206.89,205.08,196.33,193.05,187.13,180.89,173.11,164.58,155.39,144.56,136.47,125.25
108.23,121.06,128.79,139.03,146.44,156.68,162.79,171.41,177.34,181.42,188.32,192.66,198.21,202.80,207.06,211.85,216.72,225.84,230.95,237.15,243.21,250.12,257.24,262.36,269.45,272.03,276.10,269.98,269.52,268.00,263.80,257.38,253.78,250.34,243.82,241.01,235.47,230.71,225.22,218.84,216.37,210.01,203.67,198.34,193.60,184.00,178.73,169.29,157.28,147.96,136.80,125.80
107.70,120.93,127.91,137.82,147.22,154.87,163.78,169.71,175.51,181.34,186.95,192.85,197.45,202.99,208.47,211.93,220.00,225.36,232.23,237.50,247.70,255.89,262.38,268.40,273.54,276.32,280.14,278.77,275.05,273.53,268.31,264.76,260.23,256.04,251.08,247.68,242.03,237.95,232.33,226.27,222.28,215.37,207.12,201.16,197.77,189.04,182.40,173.17,160.59,147.80,138.60,126.48
101.61,113.78,121.49,131.24,137.57,146.03,152.43,160.80,166.21,170.75,177.23,182.47,185.70,191.70,195.00,203.31,205.91,215.62,222.61,228.04,237.12,245.10,248.76,258.28,265.17,269.79,271.27,266.54,268.97,263.79,264.94,257.56,253.78,250.15,245.84,240.84,237.15,229.53,226.74,222.06,218.96,210.06,203.97,196.21,192.60,184.29,174.24,166.43,156.73,145.43,135.91,123.76
102.45,114.95,122.80,132.28,137.80,147.28,152.08,160.85,165.85,172.36,177.54,181.22,186.27,190.65,194.28,201.56,209.50,216.84,224.13,227.67,237.49,245.40,253.49,259.24,267.29,274.12,273.36,271.36,272.40,269.41,267.78,259.62,257.60,254.07,249.06,243.07,239.84,233.62,229.89,223.57,220.20,214.15,205.99,200.23,197.50,186.87,180.68,171.21,161.93,150.00,138.92,126.57
107.38,118.95,126.87,136.49,144.59,153.05,159.33,167.26,172.05,177.79,184.23,190.00,196.38,199.01,203.36,209.83,215.54,224.32,231.11,238.14,246.68,253.95,261.09,269.21,275.84,284.29,284.63,281.52,282.58,279.21,279.95,271.55,266.69,262.98,260.10,253.60,249.36,241.99,237.95,233.00,229.40,221.92,216.06,207.18,203.97,193.87,186.51,177.89,167.41,157.16,145.50,133.90
104.04,116.11,124.62,131.80,139.53,148.22,153.38,161.06,164.91,171.81,177.16,182.26,188.82,191.17,195.49,200.88,205.20,213.80,220.06,225.16,233.32,242.92,249.02,255.52,258.00,263.80,270.31,264.62,264.55,262.91,260.10,254.54,251.07,248.21,243.85,237.76,234.47,228.81,223.60,220.15,214.85,209.61,202.60,197.12,192.17,184.55,177.23,168.58,159.15,149.82,140.00,126.63
106.96,119.85,128.86,137.00,144.59,152.90,160.37,169.78,174.73,180.70,183.79,191.13,196.12,198.00,200.50,208.04,212.91,221.30,226.95,229.21,237.80,246.40,251.56,257.51,261.09,269.24,272.41,263.60,263.91,261.20,260.34,251.78,250.46,247.42,241.90,235.80,231.95,222.73,221.52,217.85,214.11,208.12,202.07,198.24,192.38,183.22,176.39,168.96,159.06,150.01,139.52,127.66
