97.13,110.68,117.18,126.00,136.08,146.48,152.90,160.96,169.09,174.01,183.17,189.76,194.16,201.64,208.00,216.39,222.99,231.25,237.67,246.76,257.22,267.06,274.90,280.93,288.18,292.07,294.73,292.83,291.16,285.16,283.48,275.05,267.35,259.90,254.57,250.46,245.98,234.45,230.98,222.46,215.52,209.72,196.98,188.10,180.97,168.32,158.53,151.48,138.96,126.75,118.00,105.38
95.88,109.07,114.63,125.40,134.48,144.01,150.59,160.44,168.36,173.57,180.38,188.16,192.17,199.22,205.06,212.46,220.23,230.59,235.24,245.38,255.88,264.44,269.45,280.04,284.68,288.02,289.80,289.31,287.42,282.51,282.63,273.66,265.41,256.94,251.32,247.07,242.37,234.61,228.06,221.25,213.93,202.71,195.72,185.56,179.78,165.05,158.62,147.96,138.81,127.58,116.73,105.54
95.13,107.63,116.38,124.95,131.50,141.85,148.05,161.34,166.90,173.28,177.23,188.06,192.35,197.69,202.87,210.98,221.53,229.80,233.32,243.42,253.16,261.75,268.56,275.43,282.96,289.08,290.37,284.76,285.04,280.23,277.89,270.96,262.67,257.84,252.44,245.10,240.67,230.64,226.37,220.57,213.59,201.11,196.00,186.45,177.55,166.05,156.54,147.80,137.64,128.39,115.10,102.34
96.75,111.07,116.18,125.42,136.62,145.91,152.12,160.10,165.65,170.66,182.20,188.86,193.05,201.01,205.77,212.60,222.75,229.14,238.20,244.35,257.41,265.71,271.93,280.32,286.22,292.28,293.29,289.75,288.40,287.06,282.08,273.97,267.35,259.00,253.57,249.27,243.88,236.52,228.08,221.27,212.64,205.88,196.23,187.36,180.40,168.34,158.78,149.57,136.01,125.73,118.07,105.04
97.35,108.19,116.76,127.48,134.62,144.12,151.49,161.74,169.01,170.43,183.20,189.76,196.38,201.02,208.41,215.00,224.10,232.16,239.41,246.79,259.17,264.37,274.24,279.83,284.76,293.97,296.33,291.81,289.66,287.78,283.64,276.80,268.63,262.39,257.42,251.20,245.71,235.64,232.61,222.99,215.23,206.20,197.50,187.97,182.54,167.36,161.70,152.80,138.60,128.25,117.63,106.83
99.02,109.42,117.27,127.48,136.82,146.89,152.83,162.61,168.76,173.30,183.99,191.41,197.25,204.02,209.12,217.83,225.98,234.39,239.10,248.20,259.12,267.37,274.05,281.38,286.10,293.84,296.94,293.55,292.64,285.69,287.17,277.46,268.47,262.05,256.91,253.67,246.71,236.13,232.81,225.02,216.18,208.12,198.13,189.40,182.63,170.88,161.01,151.21,137.88,129.32,119.82,106.89
98.01,109.49,119.85,128.76,135.57,145.06,153.01,163.25,169.76,175.96,184.25,191.93,194.52,202.09,207.58,216.45,224.51,233.81,240.05,247.33,257.93,266.54,274.61,280.96,288.82,294.73,296.62,292.80,290.42,286.68,282.26,277.41,267.49,262.79,259.01,251.72,244.24,237.41,231.53,223.08,217.44,206.63,197.00,189.16,183.13,168.44,159.51,153.05,139.61,129.25,119.10,106.57
96.18,109.40,119.94,128.16,134.47,144.64,150.27,162.83,169.85,175.41,181.18,190.54,193.84,199.86,208.28,213.33,223.90,234.03,240.07,245.18,256.19,265.00,272.17,279.03,285.05,290.42,297.53,291.32,288.12,287.06,282.28,275.05,266.01,264.32,258.16,251.11,244.17,234.80,230.16,225.53,216.98,206.01,197.80,188.96,183.37,167.03,158.20,150.71,140.58,129.12,117.39,102.65
96.80,108.41,117.27,125.40,135.15,145.46,150.65,162.37,169.50,174.18,182.00,188.81,194.74,199.36,206.32,214.83,220.77,232.36,237.66,246.42,256.33,263.10,273.10,278.22,285.63,292.91,298.24,291.16,288.88,283.44,281.31,276.42,267.90,262.95,257.51,249.87,245.15,234.78,230.05,222.89,216.91,205.85,198.98,188.01,182.15,168.36,159.45,150.62,138.06,126.66,119.37,104.94
110.14,137.41,155.22,109.02,119.34,107.80,118.11,176.05,206.19,165.56,177.12,183.11,197.29,202.63,215.93,212.47,227.30,238.89,242.08,247.23,257.60,264.12,272.64,281.81,286.81,294.44,296.39,290.23,289.08,284.96,282.00,278.74,268.13,260.99,257.12,252.01,244.01,235.67,229.14,223.65,219.87,205.55,198.52,189.01,180.89,168.07,159.20,150.88,139.20,127.78,120.10,105.70
98.25,109.59,117.61,127.88,137.10,147.80,150.46,160.33,168.60,173.56,184.79,189.07,194.15,201.82,207.96,215.46,222.46,230.52,238.45,245.28,257.66,265.20,272.25,282.02,288.48,290.69,295.72,291.25,290.02,285.03,282.79,275.07,267.20,260.19,255.67,252.57,242.54,237.65,230.15,221.82,215.70,207.07,197.99,188.72,181.46,167.82,158.60,151.65,139.04,127.94,119.47,107.28
95.44,108.67,118.85,128.06,134.33,143.27,151.58,163.81,170.21,175.29,182.54,190.59,196.22,200.26,207.04,213.81,222.93,232.65,240.25,245.10,258.37,264.46,273.44,281.20,284.69,290.26,295.75,292.38,287.58,288.43,283.06,273.86,266.79,261.88,258.31,251.79,243.15,234.45,228.47,224.11,216.62,206.89,199.01,187.36,181.95,167.87,158.11,149.04,140.43,129.27,115.45,102.11
100.60,112.07,122.59,132.03,140.43,150.86,158.14,166.53,174.61,180.27,189.08,196.42,200.42,208.83,214.25,222.83,231.37,240.33,247.20,256.98,267.57,273.59,281.60,289.87,296.18,302.22,305.50,302.83,299.79,295.14,293.62,285.95,276.62,271.23,263.77,261.75,250.46,244.01,237.60,230.72,223.47,214.39,204.36,196.10,187.45,172.10,163.88,155.56,144.70,132.00,121.64,106.67
98.66,109.04,117.34,127.01,134.77,144.31,150.36,160.10,166.74,173.40,182.85,187.32,193.31,199.58,205.91,215.74,222.17,230.32,238.32,245.98,257.96,265.29,270.98,280.14,285.91,290.06,293.02,291.91,286.79,284.18,283.43,273.70,267.16,259.37,254.48,249.73,244.60,235.28,229.56,221.92,215.68,206.90,195.49,185.02,180.57,166.82,157.97,150.56,139.62,127.35,115.95,102.31
96.77,110.45,120.21,131.53,135.67,146.77,153.16,165.46,173.82,178.23,184.74,194.26,198.28,204.55,209.30,220.17,227.71,237.14,243.48,250.38,263.05,268.27,278.22,285.39,289.84,298.94,304.27,295.15,296.44,292.88,288.53,280.40,272.36,269.62,263.70,255.07,247.34,238.17,234.61,226.74,222.45,208.72,200.85,193.88,185.46,169.80,160.46,152.08,139.09,131.24,116.48,106.21
87.92,97.13,108.17,115.69,121.02,130.30,138.52,147.87,153.39,158.03,165.50,172.25,175.42,180.60,188.51,194.83,202.71,209.68,215.01,223.08,234.47,241.66,248.58,255.36,258.80,265.20,267.71,264.68,262.38,259.25,257.10,250.28,244.20,237.49,234.01,228.00,220.42,214.02,207.45,204.00,197.01,187.00,180.89,172.12,165.25,151.09,144.14,136.62,123.45,119.28,106.23,94.37
97.02,108.25,121.30,129.88,140.72,147.33,151.01,170.70,179.51,179.07,188.88,192.61,199.70,205.77,211.01,221.00,228.71,237.81,243.94,251.79,264.37,273.77,281.74,288.69,296.32,301.01,304.87,298.84,297.43,296.25,289.56,282.42,276.13,269.31,264.17,257.95,251.10,241.63,237.54,231.71,224.56,212.19,204.24,196.47,187.49,172.05,162.87,155.22,145.88,134.08,119.57,107.19
63.16,70.24,73.98,79.21,81.39,82.15,82.86,84.86,86.98,87.66,93.02,98.48,103.25,112.15,123.00,134.30,147.01,160.70,173.59,181.18,202.14,211.53,221.62,227.27,233.77,240.53,247.70,244.01,241.62,237.90,239.44,230.08,224.20,218.10,211.15,198.00,189.48,181.00,174.03,163.78,160.53,149.26,141.36,131.64,124.28,109.18,103.48,95.82,88.32,78.10,68.47,62.18
97.62,112.01,118.11,130.59,138.19,146.73,155.05,164.54,169.96,175.14,185.69,191.41,195.87,203.48,211.44,216.09,224.98,233.38,241.18,248.09,259.24,268.37,277.36,284.61,290.03,295.06,297.51,295.30,291.91,287.76,284.68,278.60,270.73,261.43,257.77,251.68,245.84,239.38,232.57,223.91,217.91,210.28,198.65,190.24,182.04,168.68,162.20,152.43,142.00,130.92,118.44,102.00
97.42,109.04,120.42,130.15,135.00,145.00,152.50,163.60,171.28,175.93,183.11,192.21,196.98,201.56,208.78,215.23,224.54,233.65,241.30,247.32,257.12,266.83,275.80,281.06,286.18,292.75,297.58,290.69,289.50,287.70,282.39,275.03,268.93,262.25,259.56,252.56,245.11,235.48,228.98,223.03,215.34,206.70,198.98,191.38,182.02,166.51,160.65,149.35,139.56,129.20,116.47,103.39
93.30,106.22,116.25,126.10,132.00,140.80,148.06,159.77,166.71,171.17,177.49,186.43,190.18,195.29,201.44,209.06,217.37,226.04,236.13,239.38,253.49,259.65,269.33,275.39,281.11,282.88,289.59,281.39,280.50,279.27,274.71,268.00,260.65,257.75,252.52,244.59,238.08,230.36,225.02,219.17,212.45,201.47,194.43,184.46,178.26,163.89,155.08,146.28,136.31,127.20,114.06,100.45
83.01,93.34,101.64,110.11,115.52,123.69,131.65,139.52,144.84,150.89,157.92,163.15,167.03,170.48,177.61,183.46,192.92,198.98,208.15,210.74,219.15,229.09,235.05,242.00,247.33,250.06,255.24,250.60,246.78,248.29,242.53,235.34,228.02,227.78,221.77,217.00,209.69,202.78,199.20,192.92,187.61,178.53,170.43,161.94,155.91,144.84,136.44,130.14,121.38,111.02,99.98,89.89
95.43,106.89,116.76,126.06,133.02,143.00,149.40,162.69,168.03,171.77,179.74,189.21,193.44,199.04,204.40,212.73,220.97,229.59,237.47,242.59,254.87,262.24,269.62,274.36,282.42,290.62,294.37,287.60,284.27,284.26,279.95,269.90,262.84,260.25,256.02,247.86,241.02,233.11,227.20,222.04,214.61,204.98,196.02,186.34,179.64,164.15,155.86,147.35,137.61,126.53,115.62,102.00
97.08,109.04,114.79,125.32,133.23,144.18,147.12,159.20,166.17,170.07,180.42,186.30,190.85,196.06,203.30,211.53,218.33,225.55,233.50,239.84,253.16,260.40,265.41,271.09,278.79,285.07,287.11,285.11,283.07,280.07,275.47,269.74,262.59,254.66,253.30,244.02,239.38,231.81,225.23,216.67,210.00,200.85,192.63,184.84,177.10,164.10,155.31,147.20,135.15,124.74,114.63,101.55
97.51,109.93,121.17,131.61,135.79,147.28,153.65,166.21,170.99,179.20,185.16,192.84,197.67,204.45,210.09,218.45,229.12,235.05,243.81,249.57,258.71,269.43,278.17,281.82,289.93,298.24,300.22,294.00,290.95,289.80,285.95,279.44,271.12,268.24,262.57,254.79,247.17,239.12,233.11,226.74,221.05,207.89,202.16,193.04,186.04,170.84,158.69,152.20,143.14,131.75,117.24,105.80
93.19,104.24,114.02,124.35,129.03,138.92,144.64,156.52,162.20,168.43,175.39,182.92,187.00,192.23,198.70,205.00,217.08,224.61,231.61,238.81,246.16,257.07,265.69,269.42,275.54,284.30,289.11,283.44,279.45,280.40,274.49,267.15,258.90,258.94,251.35,246.91,239.47,230.53,226.05,219.21,210.64,203.15,195.17,187.04,178.73,165.95,154.55,147.68,138.95,126.14,115.04,102.46
94.34,105.48,116.04,126.83,131.46,141.77,148.82,159.03,167.50,171.17,178.06,187.54,191.42,195.73,201.97,211.32,217.39,227.61,235.48,241.81,252.07,260.63,267.15,275.63,279.55,288.00,291.22,284.69,283.37,280.00,276.74,271.33,261.12,258.38,253.45,244.04,238.76,231.32,226.42,219.15,212.44,203.00,193.87,184.95,179.12,164.94,156.19,147.80,134.17,127.32,115.80,101.92
99.40,109.90,116.47,137.00,141.06,150.42,159.93,164.20,165.85,180.35,185.88,201.09,198.41,205.18,214.54,222.00,228.97,237.59,243.48,251.24,262.09,271.67,277.48,286.46,292.48,299.54,303.51,297.89,296.02,292.85,287.50,279.73,271.21,269.90,261.81,255.42,250.74,242.32,233.81,225.85,222.32,211.15,202.02,192.60,185.04,170.06,160.85,151.65,143.66,132.74,119.54,105.38
98.15,109.42,120.92,129.97,136.53,147.18,153.40,164.60,172.63,176.98,184.02,194.02,196.42,202.94,210.12,217.10,226.42,235.76,244.25,250.01,259.62,267.40,277.84,280.36,289.25,293.96,300.98,296.14,292.23,291.62,285.69,276.85,270.28,268.79,262.34,256.25,247.63,239.04,234.34,226.27,220.04,209.02,203.69,192.35,186.08,169.66,160.33,154.26,142.28,131.47,118.70,105.15
97.42,111.02,116.87,126.48,135.68,146.81,150.65,160.51,167.37,173.57,181.65,188.04,191.60,199.58,206.09,213.66,220.64,228.48,236.58,245.18,255.55,263.77,271.27,277.35,285.41,291.29,292.54,290.34,286.42,282.00,280.37,275.11,265.31,259.62,254.28,249.27,241.13,234.05,229.37,222.63,215.23,207.27,194.61,187.00,178.81,166.88,158.62,150.42,137.83,128.39,117.18,103.59
96.42,107.91,118.11,129.24,135.06,145.91,152.74,161.52,169.37,173.44,181.71,189.45,191.44,200.12,206.78,212.85,222.25,230.47,238.03,244.99,255.00,264.38,269.70,278.96,283.32,287.67,293.40,290.80,289.07,283.24,281.14,275.76,265.41,262.99,253.64,247.15,243.73,235.49,227.20,222.20,216.02,205.51,197.31,188.32,181.04,164.76,158.40,148.66,140.43,128.47,114.13,102.18
95.46,109.48,118.87,127.78,135.79,142.80,151.48,162.27,169.10,174.80,181.11,191.01,195.73,200.11,206.16,213.34,223.65,231.95,238.37,244.18,256.01,264.28,272.57,277.72,283.39,292.32,295.97,288.88,285.89,285.28,280.40,273.58,265.00,262.38,259.73,249.91,243.77,236.33,229.31,223.67,215.00,204.27,198.31,186.59,181.73,168.07,158.64,149.05,138.65,128.14,114.59,102.83
95.38,106.17,114.77,124.58,132.82,142.59,148.53,158.60,166.00,171.23,177.14,183.58,189.24,196.33,200.66,208.70,217.83,226.18,230.93,239.83,250.86,258.16,264.17,273.63,279.21,282.81,287.96,283.75,283.92,277.91,275.86,266.24,258.49,253.72,249.80,244.23,238.30,231.40,226.11,216.15,210.62,203.04,193.91,181.89,176.10,163.67,153.32,145.13,136.47,124.82,113.70,101.24
97.29,109.04,117.00,124.95,134.81,143.11,150.00,162.19,166.68,171.17,181.47,187.86,189.93,200.44,205.55,213.08,220.51,228.53,234.39,242.84,254.56,262.46,267.42,276.80,280.83,287.24,290.30,288.69,285.87,282.93,279.85,272.03,265.66,259.54,253.43,247.63,242.42,235.29,228.23,222.30,212.44,204.89,194.88,185.02,178.46,167.94,158.08,149.31,137.89,126.29,115.52,103.08
97.74,110.05,117.38,128.41,136.44,146.37,153.53,162.37,169.16,172.56,184.09,188.22,193.88,201.64,208.61,214.40,221.90,230.84,236.18,245.07,256.91,264.82,272.25,280.22,285.51,288.60,293.40,292.55,289.02,284.30,283.64,275.44,268.07,260.89,257.20,249.13,244.47,237.00,229.92,222.04,215.60,208.71,198.02,185.65,181.01,168.68,159.38,150.08,139.34,129.25,116.04,103.41
96.77,109.71,118.93,128.32,135.96,145.91,153.57,162.56,171.23,173.10,182.96,189.26,194.29,201.16,206.07,213.80,224.01,232.18,238.56,246.29,257.94,264.37,271.59,279.35,286.30,291.24,294.88,292.84,290.42,285.24,283.18,276.51,267.30,261.59,255.15,250.34,244.44,237.70,231.04,224.08,217.52,206.52,199.62,190.41,182.04,168.15,157.97,150.05,140.42,128.16,117.02,102.88
91.81,106.94,121.50,124.42,136.78,139.84,152.95,156.82,170.06,172.82,179.33,192.44,193.87,200.12,206.16,214.35,223.18,230.05,238.67,245.52,256.73,262.76,275.26,279.31,284.89,291.65,297.07,290.63,285.05,285.45,281.16,275.54,266.36,263.06,257.61,250.38,244.25,236.04,231.04,224.84,214.34,206.13,197.06,187.52,182.00,168.81,157.41,151.18,138.41,128.08,115.62,105.19
97.84,109.42,119.64,128.76,135.42,144.39,151.24,163.31,170.10,176.24,182.78,191.27,196.02,201.12,206.90,214.56,223.08,235.13,241.00,244.79,257.39,264.28,275.14,277.14,284.88,293.49,298.67,289.08,288.21,286.30,280.98,275.12,267.25,263.50,258.50,250.88,243.82,233.03,231.57,223.89,218.52,207.00,198.77,189.39,182.89,170.47,160.38,149.62,140.86,130.00,117.15,103.08
98.37,109.60,121.30,127.35,134.81,147.14,154.12,164.05,171.77,177.01,182.54,192.34,196.31,201.06,208.46,216.28,224.18,233.57,242.79,246.92,257.57,265.06,273.35,279.21,286.18,294.02,297.74,292.26,289.07,286.92,284.19,273.31,267.07,264.28,260.32,252.45,244.98,235.09,230.82,225.14,218.23,205.29,199.55,190.00,184.46,168.72,158.52,151.49,139.98,128.27,119.20,106.21
97.53,110.31,118.30,128.27,137.00,148.06,151.56,163.00,170.66,175.14,186.43,188.82,194.62,200.81,210.00,217.88,221.21,231.35,237.78,247.20,257.53,266.84,272.86,281.30,287.96,292.41,293.78,292.10,290.34,286.45,282.77,275.57,269.07,262.18,257.77,250.80,246.66,238.30,233.82,224.93,217.33,208.06,198.31,189.40,181.82,170.03,161.05,152.50,139.79,126.59,116.66,104.40
98.41,111.25,117.17,125.02,137.93,146.48,152.24,163.22,168.65,172.49,183.17,188.86,192.92,199.01,206.86,213.78,221.05,226.22,236.92,245.07,255.33,264.84,271.28,278.47,283.83,286.43,292.34,290.69,284.74,282.68,280.33,275.44,266.95,258.26,256.33,248.65,241.76,232.62,226.60,221.44,213.84,205.83,195.58,187.03,179.03,167.62,158.62,149.00,138.92,124.46,116.38,102.59
97.49,109.04,118.87,128.58,134.71,145.84,153.12,162.37,170.88,174.27,182.63,190.07,193.60,200.35,207.39,212.90,223.45,232.65,236.03,245.94,254.62,264.05,272.03,277.50,284.25,290.55,294.85,288.90,285.67,282.64,280.19,272.81,263.96,260.80,255.77,248.29,242.37,235.03,229.51,222.64,214.76,205.46,197.57,187.24,182.79,166.14,157.41,146.84,139.52,127.91,116.18,103.09
93.74,106.32,116.39,125.67,131.14,140.73,148.82,158.15,164.58,169.45,176.48,184.40,186.27,193.96,200.30,207.87,216.41,223.22,230.77,238.80,249.02,254.57,264.14,271.49,275.63,281.97,284.97,282.84,279.31,277.42,271.83,265.48,258.01,253.89,247.61,242.13,236.73,226.38,221.42,216.06,209.26,198.34,192.77,182.45,176.67,161.11,152.16,145.42,133.45,125.17,110.17,99.76
95.80,106.48,115.31,125.25,134.63,143.03,148.69,157.09,165.02,168.91,177.12,184.97,187.83,195.80,203.57,208.69,215.11,222.19,230.08,238.13,248.94,255.54,262.71,269.27,276.80,283.92,284.18,282.63,278.96,274.24,271.53,267.31,257.74,251.78,248.03,240.65,236.81,229.39,222.69,215.84,208.56,198.70,189.18,179.61,174.87,163.00,153.16,144.78,133.76,124.33,113.32,101.12
97.95,110.16,122.56,130.12,138.00,148.08,154.73,167.57,172.19,178.90,185.15,194.47,197.67,203.67,209.66,216.48,226.27,237.03,242.32,249.91,261.27,267.56,276.98,283.85,288.40,297.42,298.22,293.00,292.44,289.07,285.92,277.91,269.83,267.75,261.08,253.51,246.68,239.21,233.33,227.61,221.35,208.00,203.96,190.76,184.40,171.14,159.77,152.08,141.51,130.60,116.47,104.39
94.20,104.92,111.97,120.97,131.67,139.36,145.01,153.57,161.37,164.84,174.81,179.27,184.09,192.42,196.54,204.36,211.01,216.92,225.66,231.67,244.48,250.77,259.37,265.09,270.67,273.70,277.46,277.30,273.23,271.02,267.13,261.08,254.91,246.09,243.90,236.93,233.08,223.28,218.65,213.14,205.00,199.67,188.22,179.39,171.82,157.16,150.33,143.78,131.55,121.66,111.04,98.72
92.91,107.47,109.79,128.70,137.57,155.32,149.83,161.05,172.00,177.55,179.21,191.54,196.86,202.07,209.77,219.11,223.93,233.01,236.86,247.86,259.53,265.75,272.33,282.29,287.79,292.66,297.43,293.52,288.96,284.29,283.99,274.39,267.99,260.50,256.35,251.48,246.11,237.03,230.00,223.45,216.91,207.89,197.77,188.28,182.16,169.00,160.15,149.57,139.56,131.02,117.83,102.83
98.73,111.20,119.20,128.72,136.47,146.25,153.03,161.47,168.37,173.40,183.37,190.16,194.09,200.26,205.77,214.23,225.08,230.64,238.87,245.23,258.12,262.77,272.81,281.02,285.95,289.70,295.17,291.06,287.39,284.62,282.45,274.09,269.06,261.05,255.39,251.72,243.82,235.02,229.92,223.66,217.59,208.34,197.09,187.97,180.51,168.51,160.46,151.72,138.60,128.70,118.90,104.24
97.74,110.42,119.63,128.36,136.09,147.08,153.46,162.37,168.59,173.83,182.65,188.86,194.18,201.56,209.03,214.56,224.64,230.50,238.56,244.40,258.03,263.76,270.84,278.74,286.92,286.63,293.73,294.64,286.47,286.37,282.06,273.47,267.81,261.55,257.56,249.93,245.51,236.81,228.11,224.84,215.64,209.48,197.65,189.02,181.20,168.93,160.33,150.56,140.53,127.28,116.08,105.02
97.94,110.07,117.66,128.28,136.72,147.47,151.33,162.11,171.76,175.07,181.89,190.32,194.59,202.31,208.72,215.04,221.92,231.41,237.92,246.17,258.43,264.87,270.08,279.33,284.79,292.56,295.14,289.93,288.18,284.02,281.31,273.66,267.42,260.89,257.16,250.32,245.25,235.93,231.84,222.10,216.32,207.17,197.95,189.01,182.83,168.32,160.38,151.58,138.00,128.28,117.83,105.65
96.57,109.90,119.85,128.14,135.09,144.12,151.16,162.93,169.65,174.80,181.60,189.59,192.35,198.12,206.20,213.71,222.99,230.59,238.31,243.83,255.38,263.46,272.95,277.19,283.99,288.56,292.80,288.01,285.62,284.29,281.33,272.25,264.70,260.99,257.10,247.78,242.51,232.30,226.79,223.81,215.29,203.49,198.06,187.52,180.89,167.14,157.05,149.04,137.41,127.88,116.42,101.97
97.19,108.69,118.41,128.08,135.44,145.91,153.94,161.55,170.41,174.00,180.01,189.78,193.83,199.32,205.20,213.15,221.92,227.98,235.76,243.61,255.00,259.89,270.82,277.74,282.87,288.17,293.29,288.30,285.78,284.19,277.75,272.47,263.93,257.63,253.16,247.62,241.60,233.39,228.43,222.70,215.34,202.61,196.79,187.11,179.90,166.09,156.39,147.60,137.36,126.87,115.28,103.83
97.08,110.06,118.00,129.44,136.34,146.82,152.32,161.28,167.94,174.77,181.84,187.04,193.35,200.56,205.80,214.77,222.52,228.97,234.76,244.18,255.48,263.06,270.90,278.26,284.42,287.90,292.41,289.28,286.57,281.43,281.31,273.91,264.46,259.75,253.58,247.49,243.90,233.42,228.88,219.69,214.11,206.39,194.10,187.10,180.28,165.30,157.43,149.57,137.80,127.31,115.95,103.00
94.67,106.02,115.10,124.87,131.55,140.22,147.25,157.41,163.45,168.91,176.92,184.82,188.83,193.13,200.56,206.04,214.90,222.83,230.47,235.85,248.70,253.43,263.40,268.82,274.05,280.32,286.57,279.33,278.89,276.56,269.45,264.01,257.22,251.79,249.16,241.23,236.03,226.76,222.79,215.59,209.62,198.92,191.82,179.72,174.96,163.13,154.03,143.18,134.39,123.81,113.25,100.18
96.33,108.45,116.47,125.40,135.07,144.96,149.94,160.22,167.66,170.66,181.04,187.18,191.11,196.79,204.08,211.25,218.55,226.93,234.80,242.91,255.27,260.76,268.26,273.84,280.75,285.63,289.56,285.73,284.54,279.73,275.38,270.60,261.69,256.18,254.04,246.45,240.83,230.72,228.24,218.23,211.68,204.73,193.44,183.44,178.14,165.76,157.54,149.21,135.59,123.81,116.97,102.96
97.02,110.86,120.93,129.54,135.37,144.94,153.39,164.60,171.21,175.17,182.78,191.01,197.59,201.00,207.78,214.87,224.52,232.42,242.30,244.72,256.12,265.00,273.03,279.16,287.02,293.03,299.00,291.00,288.23,287.10,279.03,275.07,265.58,262.96,259.85,252.11,243.80,236.17,231.66,226.59,218.28,206.90,198.49,191.37,183.17,168.34,159.48,150.60,140.13,129.00,116.38,102.55
94.01,102.47,111.50,120.93,128.71,139.32,143.74,152.61,160.59,163.05,172.10,180.03,183.85,188.11,196.04,202.08,210.88,218.55,223.60,232.88,241.60,247.33,255.63,262.68,269.42,273.31,275.84,274.24,272.09,269.71,267.27,259.05,252.25,246.95,241.12,234.69,230.05,221.45,217.04,209.66,203.22,193.35,188.45,178.02,171.28,159.41,150.12,140.41,131.89,121.66,110.11,98.79
95.71,114.62,122.48,129.44,141.51,144.51,150.63,164.83,170.55,175.51,181.02,192.77,196.80,199.97,207.93,215.13,225.11,233.56,238.95,246.78,256.33,264.52,273.42,278.35,285.28,293.48,297.06,289.71,287.14,286.02,280.45,273.72,266.32,263.15,258.40,249.83,244.79,236.36,231.39,223.65,218.59,204.86,200.41,189.24,182.46,167.76,159.48,152.07,139.79,131.37,117.05,103.02
101.24,111.65,120.67,129.29,138.13,149.16,154.56,163.88,170.82,175.80,185.32,193.34,198.77,202.43,209.35,217.02,224.51,234.07,238.47,246.13,259.62,267.03,273.73,280.26,288.82,292.06,295.94,291.73,291.62,286.23,282.51,279.95,270.12,262.61,258.31,250.73,245.00,237.84,230.22,224.01,218.83,207.51,197.72,187.54,180.56,169.80,159.80,151.24,138.06,126.65,119.22,106.02
97.53,111.07,120.54,129.63,136.62,146.77,152.96,162.69,170.01,174.98,182.98,189.90,194.36,199.10,208.06,215.00,224.13,229.37,237.76,245.42,257.01,264.68,270.43,277.91,285.03,287.11,292.51,291.78,288.62,285.25,280.46,271.40,265.75,260.80,255.88,250.26,244.20,234.08,229.22,223.99,214.76,203.79,197.43,187.22,180.50,167.14,156.63,149.38,138.46,127.58,114.39,103.41
98.23,109.59,118.95,129.63,134.18,146.09,152.12,163.48,170.04,174.50,183.05,191.05,195.56,200.88,208.08,213.78,221.42,229.40,237.03,245.25,258.37,263.01,273.58,279.03,285.77,288.67,295.01,289.50,288.78,284.88,283.20,273.91,267.64,263.17,255.88,250.94,244.40,237.32,231.18,222.63,217.25,206.66,198.12,188.28,182.32,168.68,160.13,148.72,139.01,129.28,117.89,105.21
97.59,110.72,118.70,127.41,135.59,146.34,151.82,161.45,170.66,173.08,182.26,188.48,192.21,199.84,204.60,214.11,221.71,230.03,235.14,244.70,254.57,261.77,269.76,278.37,284.15,286.50,291.67,289.29,287.08,282.30,282.08,274.53,265.64,258.03,254.75,248.42,242.14,232.79,229.48,220.15,212.93,205.28,197.61,187.26,179.89,166.23,157.20,149.91,139.01,128.28,114.98,101.53
99.16,109.73,119.10,129.50,135.19,145.12,150.60,162.00,169.52,175.39,182.26,191.07,195.02,198.49,206.18,213.85,221.47,229.73,236.40,241.51,256.75,262.64,271.66,277.60,284.55,289.56,295.47,288.30,285.63,283.02,279.06,273.98,267.05,261.70,254.59,248.36,242.40,233.43,230.05,220.91,214.40,203.74,196.38,185.83,179.64,167.82,158.11,150.81,138.51,127.44,115.88,102.00
98.62,108.85,118.46,127.35,135.37,146.54,153.00,161.94,168.24,173.07,181.86,188.80,194.34,199.06,207.18,213.82,222.64,228.02,234.75,244.97,255.56,263.43,270.10,277.94,282.68,286.57,291.78,290.50,285.85,281.51,279.43,272.35,266.18,260.10,253.80,249.39,244.39,236.48,228.57,221.88,214.62,204.32,197.06,186.82,181.37,166.74,156.73,149.77,137.88,127.35,115.12,103.47
94.11,106.51,116.61,124.82,132.31,141.40,149.48,159.14,164.92,168.68,176.96,181.91,187.86,195.02,202.24,208.86,216.53,222.80,226.99,239.42,249.88,258.54,262.99,269.71,274.93,279.26,284.01,283.21,280.24,275.22,275.28,267.10,259.05,253.87,247.42,241.81,239.34,229.51,222.89,214.71,208.87,200.84,193.38,182.58,177.37,161.94,154.30,150.27,132.77,115.43,119.62,102.11
100.42,111.80,118.33,128.82,137.36,148.30,152.87,161.64,169.80,175.07,183.09,189.06,193.96,200.23,207.02,214.87,223.66,229.65,234.92,244.97,254.59,265.00,269.76,276.15,283.93,289.31,290.91,289.01,286.60,282.35,280.71,272.52,265.32,259.33,253.39,247.99,242.41,231.87,227.98,220.00,214.71,205.08,195.98,186.78,179.27,167.82,159.05,148.85,136.18,125.36,116.73,102.88
84.01,91.09,102.08,110.44,119.85,124.00,134.12,139.45,140.09,149.49,156.02,162.52,164.77,169.31,176.48,181.60,193.21,196.70,199.09,207.33,216.61,223.46,230.78,235.31,240.47,245.07,248.85,246.59,243.31,241.81,238.40,232.36,226.61,222.25,216.90,211.40,207.97,200.81,193.83,189.19,182.46,174.80,167.33,159.30,154.46,143.03,136.01,128.56,119.08,108.63,98.23,86.68
93.48,105.59,114.00,123.88,130.25,139.22,145.34,158.11,162.81,168.34,176.14,183.60,187.36,191.67,198.64,206.48,214.85,222.73,229.12,235.42,245.69,253.34,261.63,267.35,272.53,280.12,283.47,278.88,275.57,273.36,268.33,266.51,257.51,253.29,250.00,240.43,235.24,225.87,221.29,216.21,209.61,198.70,190.44,180.24,175.01,163.17,153.33,144.59,132.28,122.56,112.00,98.90
97.64,111.16,117.69,129.27,136.94,147.47,153.48,163.78,170.67,175.07,182.78,189.71,194.02,200.32,208.75,216.37,222.00,229.34,235.92,243.82,257.62,264.60,271.40,280.00,286.42,289.68,294.85,288.76,290.06,283.62,281.86,275.41,269.46,262.07,258.31,251.07,246.00,237.01,230.95,224.12,216.69,205.77,200.06,189.99,182.58,170.04,158.37,150.81,138.29,128.41,115.84,105.08
95.08,106.40,118.14,126.15,133.41,142.24,150.27,161.84,168.32,172.41,182.43,188.44,193.87,199.68,205.35,214.25,222.93,230.08,239.17,246.34,259.33,267.06,274.54,280.86,289.21,292.53,299.30,293.72,290.22,287.17,284.01,277.68,270.70,266.63,258.50,253.10,246.76,238.92,234.08,227.07,221.25,210.15,203.19,195.63,188.90,175.73,165.28,157.00,144.67,135.28,122.16,109.07
90.05,102.88,111.66,119.37,126.30,135.35,142.84,152.55,158.09,162.79,171.35,176.92,181.33,186.59,193.04,200.35,209.94,214.83,220.95,229.99,238.43,247.46,253.16,260.34,264.62,270.38,273.08,273.22,269.41,265.00,262.29,256.35,249.05,246.35,239.01,234.03,228.44,219.67,213.10,211.09,202.60,194.61,185.70,177.88,171.97,156.08,149.26,143.13,133.00,121.76,110.22,96.66
97.99,110.29,120.95,130.86,136.18,149.31,154.31,164.51,171.30,174.92,183.52,192.04,196.36,201.66,207.78,214.34,225.11,231.25,237.80,244.03,256.85,265.07,273.79,276.74,286.78,288.29,294.43,292.04,286.63,285.08,280.09,273.85,266.60,261.74,256.27,250.94,243.45,235.46,228.79,224.18,216.93,203.59,197.69,188.77,182.08,168.34,158.15,149.12,138.03,127.12,115.02,102.55
99.72,112.61,120.22,129.76,138.52,149.68,153.85,163.49,170.07,175.01,183.85,190.85,195.07,201.53,206.61,215.39,224.41,231.08,237.86,245.94,257.84,264.11,273.66,279.10,286.63,286.92,294.61,292.10,287.84,284.25,281.44,272.72,266.93,258.94,254.95,250.32,244.24,236.91,228.88,222.09,216.46,206.93,197.12,186.02,183.10,167.86,159.77,149.27,138.54,128.14,116.28,103.31
96.52,108.78,114.95,125.99,135.16,144.84,147.28,159.25,164.94,170.02,180.57,185.15,189.24,195.51,203.49,211.25,217.28,225.20,229.11,239.73,249.35,257.41,264.62,272.12,278.31,284.45,284.41,281.58,280.93,274.61,275.14,266.81,260.13,252.72,248.29,241.70,237.12,229.13,225.14,216.79,210.95,200.85,191.95,181.21,175.21,162.56,155.59,146.32,134.24,123.33,113.90,101.64
93.41,105.55,115.38,124.87,130.70,139.95,147.05,156.47,162.44,166.93,173.97,182.06,185.13,192.84,197.37,206.49,215.11,220.64,228.69,236.13,243.90,253.58,261.84,267.65,272.81,278.04,283.30,278.57,275.84,274.61,270.70,264.27,256.40,252.46,245.52,239.85,234.13,227.11,221.40,216.81,207.63,198.31,191.80,184.30,174.66,161.81,153.31,144.45,135.07,124.78,112.45,98.76
84.48,94.76,101.83,109.18,117.89,125.72,131.24,139.01,143.89,149.48,155.76,161.42,165.89,169.78,176.14,183.81,190.32,196.09,201.12,206.23,216.36,223.86,231.70,237.02,240.42,244.90,250.84,246.29,244.61,242.26,237.17,232.69,225.69,222.46,217.12,215.19,207.28,200.96,196.33,189.79,183.37,176.08,166.44,159.26,153.29,143.22,136.30,128.14,117.27,108.21,100.85,90.02
83.76,96.03,101.51,109.71,117.63,125.20,131.24,139.09,143.95,147.80,156.08,160.59,164.28,171.94,177.12,182.33,189.84,194.74,203.19,208.28,218.51,225.40,230.33,236.32,242.50,246.27,248.71,247.07,246.79,242.70,238.25,233.38,226.30,221.58,215.93,212.90,207.15,200.10,196.09,190.23,184.25,177.41,167.19,158.62,155.55,142.27,136.94,129.63,117.99,109.88,100.30,88.02
94.15,106.30,116.28,125.64,130.70,140.94,146.49,157.69,165.20,170.85,176.23,183.85,188.07,191.93,198.70,208.87,215.34,223.66,229.49,236.29,246.10,251.75,261.01,268.20,272.68,279.52,283.53,280.23,276.59,273.44,270.71,263.42,256.74,254.33,247.95,240.83,235.47,226.53,222.51,215.97,209.12,199.72,191.13,182.22,175.11,162.29,154.78,145.25,133.76,124.08,112.61,101.04
93.23,105.80,115.43,124.02,129.12,139.28,145.10,154.81,161.25,166.54,172.70,181.71,187.54,190.19,196.09,204.36,214.28,220.49,226.32,232.20,243.38,252.00,261.26,268.05,273.19,282.09,284.48,275.63,277.28,274.72,270.07,263.62,258.41,256.28,249.00,242.41,237.49,230.53,225.58,216.02,212.08,201.80,192.26,183.86,177.46,164.14,155.29,145.50,135.06,126.27,114.63,100.96
93.81,106.07,114.04,123.71,129.71,138.06,145.78,155.63,160.25,167.15,174.73,183.22,186.97,192.31,198.30,203.65,212.95,220.54,229.00,232.50,245.20,252.45,262.48,265.28,270.60,277.89,282.97,278.11,274.84,275.22,269.16,265.41,254.97,252.10,248.36,242.70,235.19,228.30,221.27,218.19,210.11,199.81,190.68,181.99,174.96,163.69,154.18,146.49,133.22,122.59,112.97,100.66
84.12,96.13,101.64,109.12,117.65,125.32,131.03,138.92,145.17,148.96,157.41,163.08,166.39,170.42,177.00,182.98,191.05,194.05,201.99,208.78,219.21,225.08,232.70,239.93,242.39,247.97,249.29,246.84,243.82,243.07,241.30,235.10,228.64,221.73,218.41,213.84,207.48,201.44,197.08,191.44,184.76,178.00,169.54,160.03,155.08,144.42,136.06,130.92,117.00,108.52,99.18,89.96
84.81,95.04,100.30,109.71,118.90,128.13,130.63,139.06,143.95,148.38,156.43,162.39,165.56,171.51,177.61,183.14,190.38,194.59,200.14,209.57,218.96,225.20,232.78,238.87,243.25,247.01,249.06,248.03,244.46,243.17,241.68,235.16,228.53,222.07,218.41,215.75,207.62,202.25,197.09,191.65,185.02,179.95,169.62,161.99,155.54,144.47,136.03,129.69,119.04,109.17,100.50,89.20
93.74,106.53,116.48,125.61,130.14,140.36,146.16,157.84,162.74,167.97,172.19,180.31,186.04,190.65,197.31,205.30,212.85,220.03,228.54,233.79,244.76,252.05,259.68,266.69,273.25,279.30,282.59,279.35,278.69,274.24,269.61,263.83,255.98,255.95,249.61,242.06,236.56,225.44,222.39,218.00,212.87,200.03,193.75,183.97,175.42,163.23,153.22,145.17,135.59,125.99,111.43,98.01
93.92,105.22,111.83,121.74,130.06,139.54,145.80,155.54,161.70,165.59,174.35,179.08,185.56,190.56,195.78,203.08,212.35,218.96,224.54,231.31,241.83,250.19,257.38,262.49,270.05,274.75,277.91,273.38,271.90,268.48,266.15,260.35,252.36,246.94,242.79,237.36,231.62,225.30,219.04,210.62,206.31,195.36,185.37,179.48,172.24,159.53,151.00,143.54,132.23,120.54,111.04,98.90
99.05,110.32,120.17,128.04,137.08,147.00,152.85,163.78,168.50,172.70,182.41,190.83,192.63,201.32,206.25,213.59,224.06,228.97,238.48,243.99,255.07,261.73,271.49,278.89,283.53,290.24,293.95,289.61,286.04,286.90,281.64,274.80,264.17,260.86,257.87,250.45,243.77,235.48,231.85,223.58,216.75,206.94,197.31,189.75,182.88,169.37,158.90,150.59,140.07,127.91,117.66,105.42
82.73,92.72,101.41,108.71,115.32,122.33,128.13,137.87,142.20,146.82,153.83,160.38,162.78,167.89,173.67,180.74,187.52,191.60,200.34,206.49,216.06,223.83,227.56,234.10,238.56,242.54,245.74,244.18,242.71,240.31,237.03,231.28,225.14,221.62,217.70,211.92,206.40,197.04,194.21,189.08,181.84,172.19,167.76,160.59,153.81,143.56,131.87,128.60,115.45,110.63,90.96,77.62
94.54,105.80,113.60,122.02,130.68,140.46,143.89,153.00,160.78,164.34,174.00,179.01,183.31,191.00,196.16,202.00,210.26,218.65,223.89,232.00,243.48,248.81,256.42,263.83,269.74,276.49,278.21,273.23,270.97,268.89,267.96,260.38,253.51,247.39,243.68,237.17,232.69,226.10,221.14,211.73,206.48,197.52,188.32,178.51,172.07,160.01,152.43,143.74,133.96,121.34,111.22,98.74
91.76,102.53,110.05,119.94,125.64,136.00,141.03,150.60,154.69,159.97,168.81,174.75,176.40,183.41,190.07,195.94,205.37,211.51,217.00,223.93,234.45,243.39,248.24,257.62,263.14,266.10,269.11,267.37,265.00,262.71,260.85,252.25,248.65,243.53,236.52,233.08,226.91,220.08,213.60,208.59,202.79,192.00,185.05,177.03,169.85,156.92,146.89,140.25,130.51,119.63,107.94,94.37
90.48,102.31,110.48,119.02,122.48,131.85,137.91,148.96,153.12,160.26,165.10,171.05,175.93,183.31,187.84,195.88,203.04,209.61,216.02,222.35,235.26,242.49,249.33,255.36,261.63,267.60,271.55,264.43,264.17,261.72,259.51,252.29,245.64,243.82,237.36,230.49,226.06,219.42,213.55,208.06,200.88,191.85,185.16,177.00,170.32,157.00,147.72,140.25,132.02,119.82,106.92,94.41
84.39,95.19,102.96,109.20,119.20,127.04,131.10,140.53,144.28,147.73,156.21,162.51,165.89,171.17,176.01,181.53,188.68,196.33,202.47,208.57,216.90,225.08,231.23,237.61,241.37,244.88,249.56,245.73,244.75,243.03,239.75,233.42,226.31,221.37,217.33,212.71,208.29,202.20,196.16,189.26,183.31,175.50,167.26,160.13,154.02,141.74,134.39,128.89,117.66,108.81,98.84,88.29
95.13,106.96,115.45,124.96,132.38,141.17,148.19,157.88,164.44,169.84,176.03,182.48,187.49,194.49,200.88,203.89,212.72,221.38,228.04,230.64,244.72,252.51,262.21,264.27,272.37,278.45,282.31,279.63,278.09,273.79,269.27,259.49,253.74,250.06,244.56,235.76,232.65,222.30,217.01,213.12,208.91,200.21,188.77,179.52,172.97,161.23,154.30,144.68,134.37,123.22,113.44,98.31
92.96,105.12,111.79,120.93,130.10,140.06,144.22,154.90,158.23,163.05,171.90,177.60,181.30,186.13,194.24,201.53,207.86,215.06,220.86,230.12,238.42,247.16,254.24,260.87,266.92,271.11,274.71,270.49,268.75,265.92,263.75,256.89,250.84,244.71,238.31,235.26,228.97,221.42,217.09,208.43,203.09,195.50,186.70,177.05,170.51,159.24,147.51,141.40,130.19,120.30,108.23,96.05
98.68,110.17,119.28,127.14,136.53,146.11,153.15,161.01,167.61,173.22,181.95,188.51,191.77,197.77,206.71,209.97,221.73,227.26,234.92,244.20,254.01,262.16,270.41,277.07,282.59,286.70,287.22,286.78,283.99,283.70,279.16,271.76,264.01,257.94,252.77,246.00,241.68,234.29,228.27,222.05,213.60,205.24,197.04,186.00,181.20,168.11,158.14,148.66,138.22,126.57,115.32,102.00
97.49,109.64,118.60,127.74,135.68,146.82,153.84,162.16,167.84,173.67,180.68,186.82,190.52,198.70,205.77,212.00,220.20,226.24,232.77,241.90,255.00,259.98,269.86,275.18,281.54,282.70,290.24,287.26,286.92,280.66,277.06,271.45,264.34,259.83,253.40,246.17,241.46,234.47,228.04,219.66,213.06,204.07,196.85,186.64,180.21,166.24,156.68,149.04,137.54,126.46,113.04,101.19
93.05,106.44,112.89,122.19,130.94,140.93,144.70,153.57,158.49,162.46,173.29,178.04,182.73,188.16,194.65,201.07,210.62,217.41,222.63,230.02,239.82,248.34,255.36,262.88,266.33,273.39,275.15,272.28,270.80,267.10,265.14,257.50,250.23,245.60,241.03,233.81,228.55,219.37,215.65,208.95,202.39,193.20,183.87,174.43,168.96,157.31,148.84,140.43,128.32,118.53,109.88,98.03
92.40,103.81,113.81,123.17,128.88,137.64,144.31,154.93,159.30,165.60,171.33,177.92,182.79,187.48,194.73,202.07,210.62,215.93,221.82,230.34,241.07,247.35,256.14,261.63,266.63,273.13,277.13,273.25,267.73,267.10,263.21,257.01,249.42,245.73,240.63,233.28,227.85,221.54,215.23,209.02,202.14,191.32,186.34,177.65,170.43,155.72,149.35,140.46,130.11,119.42,108.66,97.02
94.37,108.91,126.15,128.81,133.24,143.11,151.34,159.39,169.07,175.82,175.68,190.01,189.41,196.82,204.38,206.90,220.84,226.42,237.24,241.61,255.03,260.82,272.38,277.91,281.85,289.81,294.26,287.77,284.78,286.24,279.80,274.85,266.60,264.82,258.43,251.15,245.03,235.92,228.40,225.29,217.92,207.15,200.61,190.85,183.08,167.97,158.78,149.93,140.24,127.06,115.52,102.53
93.38,104.81,112.31,120.02,130.15,137.44,143.89,152.50,157.14,161.76,172.03,175.91,180.92,187.66,194.18,199.42,208.06,213.93,221.54,228.32,240.21,246.40,253.65,259.12,263.58,268.50,271.93,270.35,268.15,264.59,263.61,256.53,249.69,242.03,240.39,232.59,227.61,219.94,213.36,206.83,200.09,192.59,183.85,175.17,169.61,156.82,146.70,139.30,126.21,116.35,109.11,95.67
96.57,110.17,118.98,129.85,134.54,145.13,151.48,161.28,170.05,173.35,178.66,186.14,191.60,196.50,201.68,208.04,219.40,228.66,234.01,243.18,251.75,259.42,267.08,273.66,281.97,287.81,291.43,287.26,284.94,280.96,278.22,272.28,264.14,261.77,255.99,250.69,242.05,236.10,228.66,224.66,216.09,203.53,197.61,189.28,180.55,167.24,157.00,148.05,137.99,128.23,113.53,99.46
90.34,104.00,112.31,121.92,127.49,136.07,143.27,153.21,159.00,163.62,170.94,176.50,180.05,186.13,191.94,200.21,209.39,215.46,219.10,227.07,239.77,246.17,251.32,259.17,263.79,266.31,273.13,270.51,266.61,264.20,260.11,254.17,246.81,244.71,239.08,231.82,227.44,218.69,214.39,207.48,201.01,189.42,183.88,173.51,169.37,156.47,146.73,138.41,128.71,117.07,106.93,94.07
98.47,111.54,118.53,128.23,137.10,146.03,151.09,161.11,166.94,173.25,180.69,188.02,192.11,197.99,205.20,210.01,220.06,227.76,234.83,240.67,252.69,261.02,267.32,272.04,279.29,285.75,290.37,286.36,283.64,280.08,278.00,270.02,261.38,257.97,252.21,246.66,239.73,233.42,228.02,218.76,212.05,201.84,193.34,183.76,177.55,164.71,154.64,144.53,135.87,125.00,112.15,99.86
97.74,109.00,118.51,127.77,137.41,145.56,151.99,161.01,166.64,172.05,181.14,187.49,190.92,196.37,205.77,210.80,219.02,225.96,236.30,240.30,251.77,258.81,269.79,273.37,280.19,283.99,290.66,286.36,283.66,281.35,278.34,270.48,263.06,256.70,254.01,245.12,239.71,234.18,224.38,220.44,210.86,203.39,195.02,184.88,177.54,162.56,152.90,148.49,135.07,125.17,113.81,100.40
97.74,111.07,120.81,129.44,135.87,145.41,151.08,163.13,168.68,173.67,180.25,188.92,194.16,197.88,203.30,211.37,219.66,227.90,235.23,242.17,254.56,262.74,272.24,276.54,283.70,290.77,295.71,287.56,285.94,286.38,281.39,272.26,267.09,263.96,257.45,250.67,243.82,235.00,229.98,221.58,216.17,206.49,197.39,187.27,179.30,168.24,156.82,146.16,137.54,126.14,113.00,101.98
94.05,104.71,111.50,121.20,130.08,139.82,143.60,153.06,158.70,163.77,173.28,177.79,181.23,189.74,194.28,201.72,208.48,215.68,223.79,229.06,242.40,248.21,254.91,261.23,266.87,271.90,274.96,273.79,270.60,265.97,265.33,259.41,251.79,246.48,242.16,233.62,229.21,222.61,217.04,208.72,202.42,193.57,184.72,175.55,167.63,156.22,147.90,139.61,128.89,119.24,108.47,97.10
92.07,104.01,112.90,122.48,126.85,136.82,143.13,153.47,159.93,163.53,169.68,177.90,180.47,187.38,192.38,199.82,208.15,215.75,223.39,228.81,239.75,248.03,253.03,263.77,265.55,271.41,276.52,272.81,269.62,267.88,263.40,256.12,248.81,247.15,237.92,233.99,228.27,220.63,213.81,208.97,201.56,191.16,185.13,173.73,169.53,154.12,146.17,138.24,128.06,118.98,106.96,95.63
92.72,102.59,111.95,120.93,127.86,137.59,142.56,152.41,160.02,162.26,170.29,177.23,181.14,187.76,193.89,199.06,209.54,215.41,222.11,227.38,240.28,245.35,253.02,260.02,265.75,270.38,275.14,270.50,268.29,265.82,263.60,256.29,249.55,244.66,238.72,233.31,226.81,219.16,213.85,206.16,198.96,189.81,181.89,173.01,166.69,154.35,146.51,136.13,129.32,118.41,104.35,94.15
95.72,109.66,117.95,128.14,132.85,143.09,151.22,162.08,166.51,171.83,178.01,186.08,189.69,195.03,200.88,209.12,218.75,227.76,233.45,240.47,251.07,258.04,267.85,273.25,280.40,285.73,289.50,287.90,283.23,282.58,279.64,270.49,265.13,261.61,255.22,248.46,241.75,231.66,226.02,220.62,213.30,203.84,195.00,185.05,178.62,163.41,153.21,145.60,134.27,126.02,112.79,100.60
98.81,109.59,117.15,126.76,135.92,144.68,149.72,161.06,165.68,170.45,180.28,186.04,189.86,197.41,205.06,210.95,220.48,226.51,233.01,241.60,253.71,259.47,269.45,273.25,281.40,284.29,288.98,287.38,281.48,280.32,276.82,269.81,261.27,258.01,250.39,245.36,239.15,232.11,226.31,216.17,211.05,200.14,189.25,181.40,175.96,162.34,154.99,145.03,133.03,123.57,111.13,100.24
94.81,106.23,114.63,128.84,138.52,150.08,150.94,152.12,158.20,166.39,175.41,183.66,189.01,195.14,201.79,211.29,217.50,223.75,229.61,238.95,249.29,259.48,267.25,273.19,280.92,283.85,287.21,284.45,285.11,280.14,276.73,271.83,263.10,255.22,250.73,244.29,239.55,231.49,225.33,215.82,208.97,198.31,190.13,182.85,175.21,160.33,150.65,142.66,131.53,122.77,111.11,97.05
92.23,105.12,116.69,128.72,138.19,148.55,152.24,152.87,159.53,168.32,175.60,186.95,189.19,194.93,201.24,209.62,217.82,226.00,232.11,235.20,248.09,256.97,267.55,273.07,279.96,286.79,291.45,285.57,283.18,283.23,274.42,268.78,261.54,259.46,253.50,245.02,238.65,231.24,223.61,218.94,211.06,198.64,190.26,181.34,173.53,160.90,151.72,142.21,133.65,123.00,110.94,98.05
96.05,107.08,117.29,126.56,133.18,143.74,150.63,160.31,166.68,170.86,178.19,186.76,190.87,195.36,202.18,207.79,217.15,227.71,235.00,239.35,252.57,259.08,267.74,274.30,280.49,286.40,292.14,285.11,281.40,283.32,278.69,270.84,264.76,259.04,255.57,247.88,239.55,230.87,225.18,221.06,213.18,203.00,192.67,183.60,175.64,160.11,151.00,143.38,133.12,121.66,111.36,99.62
92.61,102.18,109.08,119.57,128.66,139.14,141.48,151.21,158.43,161.84,171.35,176.64,179.63,186.32,194.14,200.63,206.34,214.72,220.68,229.27,240.31,248.42,252.68,259.31,267.28,268.79,272.68,268.99,268.41,263.76,262.09,254.44,247.13,240.84,237.17,230.08,224.96,216.30,212.85,204.02,196.13,186.94,177.49,167.34,162.60,149.62,143.42,134.16,121.40,112.06,104.31,92.66
90.14,103.70,111.31,120.65,126.91,136.31,140.90,150.96,158.32,163.48,170.66,177.12,180.88,187.92,193.30,200.86,207.58,215.23,222.03,230.34,239.78,246.71,253.78,260.22,266.79,269.07,278.49,269.16,268.79,266.09,263.70,257.82,247.01,243.02,238.43,229.56,226.24,217.04,213.22,204.02,197.31,186.75,179.05,169.33,163.88,151.21,142.17,136.36,123.03,114.04,104.92,93.35
95.90,109.90,117.52,128.04,134.01,144.70,149.91,161.11,168.87,173.88,180.76,190.07,193.66,197.96,204.14,213.00,222.23,230.36,235.53,243.07,254.07,262.41,270.04,276.34,282.58,288.09,294.37,285.83,285.24,283.28,277.72,269.48,261.90,258.66,253.13,243.28,238.95,230.63,224.08,215.76,208.20,198.09,192.63,180.01,173.14,157.47,150.62,142.41,132.57,121.83,111.09,98.31
97.02,109.24,118.43,127.32,131.21,141.99,150.94,159.18,166.08,170.79,177.41,186.95,189.17,196.04,203.65,211.23,221.60,227.06,235.05,240.24,251.86,261.56,270.78,275.75,281.49,287.09,292.80,287.78,286.13,284.89,279.58,271.37,263.91,259.86,254.70,246.42,240.07,229.16,224.15,217.61,210.00,199.58,190.26,181.46,173.05,159.25,147.98,143.18,132.40,120.74,109.42,98.08
96.02,108.69,118.56,127.09,132.67,143.21,151.48,160.02,167.72,172.00,179.01,189.04,191.00,197.43,205.25,211.25,220.20,228.12,236.93,241.05,252.86,262.25,271.09,275.62,279.72,287.17,295.33,288.11,287.03,285.93,279.02,273.43,263.03,261.01,256.10,247.00,239.74,231.08,224.72,219.11,211.30,200.52,192.07,181.60,173.44,159.20,150.33,142.86,133.65,122.25,110.04,98.08
93.41,103.59,111.00,119.64,128.14,137.62,140.13,151.64,158.45,162.52,170.42,177.59,180.25,185.61,194.12,200.94,208.72,216.00,220.99,229.99,240.01,247.25,254.20,260.16,266.36,269.68,271.28,269.25,266.68,263.59,263.04,255.57,247.52,238.66,235.48,229.68,224.40,216.94,209.35,201.04,193.51,186.01,176.60,168.91,161.21,148.00,142.00,134.37,122.33,111.83,102.63,91.92
90.09,100.96,110.54,118.53,125.10,134.48,140.86,151.20,155.98,161.15,168.05,175.19,181.04,184.46,193.04,198.86,205.23,216.33,221.35,227.27,237.95,244.35,253.10,257.74,264.37,267.28,274.12,268.63,266.81,263.60,259.16,253.00,244.40,242.30,234.31,228.48,222.95,215.86,210.67,202.39,195.17,182.94,176.87,168.44,162.19,149.47,140.07,132.82,122.69,113.03,101.61,91.59
97.19,110.14,118.21,127.10,133.27,144.63,148.93,161.15,167.28,170.70,179.72,186.82,191.64,198.22,203.84,213.04,218.32,228.12,232.36,243.21,252.99,260.65,267.76,275.86,282.55,285.67,290.80,283.37,281.58,277.00,277.24,269.85,261.22,255.20,246.47,240.86,237.12,230.34,223.22,212.55,204.30,195.45,185.97,178.71,170.07,157.14,148.07,138.01,127.24,118.11,105.65,96.03
97.01,108.69,117.00,126.57,134.83,143.29,149.86,159.55,167.03,170.11,178.84,186.87,190.08,197.46,203.27,211.38,217.87,226.74,234.08,241.11,251.44,258.15,265.81,274.14,278.61,285.45,287.90,281.11,278.49,276.92,273.07,267.62,258.21,252.98,247.00,239.70,233.60,226.23,221.69,211.01,203.02,194.81,182.78,176.11,167.19,155.79,147.18,138.05,126.92,116.02,107.54,96.88
96.05,107.52,117.65,126.59,132.50,143.54,150.10,162.02,168.18,173.74,181.46,189.19,192.90,197.74,207.09,213.15,224.57,231.26,240.52,244.01,256.56,264.02,273.42,278.47,284.52,290.95,293.82,289.46,287.12,284.99,280.75,271.60,262.26,258.80,252.25,245.28,237.97,229.84,224.06,219.21,211.75,200.81,193.44,182.00,175.82,162.05,151.92,145.12,136.42,124.08,112.93,101.12
96.18,108.93,117.18,126.50,132.38,143.89,149.21,158.81,166.97,172.17,179.90,187.56,190.77,196.99,204.01,212.44,218.58,228.06,231.05,242.17,252.62,261.77,267.13,275.02,279.27,284.04,289.06,282.97,283.10,277.46,277.35,268.27,259.05,253.43,248.24,240.71,234.62,228.45,221.93,209.77,205.08,196.02,186.39,176.08,169.58,157.69,147.34,140.46,127.42,119.51,106.28,96.52
97.49,107.30,118.00,127.88,133.76,144.59,149.70,159.48,166.47,172.80,180.57,187.00,190.52,196.95,205.06,210.02,217.92,225.94,234.08,241.13,253.19,261.02,267.96,272.52,278.54,283.03,287.67,285.91,281.56,278.71,275.75,267.68,260.05,255.56,248.86,241.55,233.81,227.85,220.41,213.00,204.08,194.74,186.76,176.65,173.42,154.99,148.34,139.46,129.83,118.85,107.69,94.15
92.59,104.08,113.74,118.85,128.10,139.71,143.53,154.26,157.94,164.15,171.16,179.01,180.71,184.95,191.04,197.04,208.17,212.98,220.05,228.63,237.41,243.59,252.62,258.77,264.32,269.27,273.09,268.16,266.18,264.32,261.61,252.00,243.60,241.61,236.21,230.08,222.40,213.89,208.95,203.21,194.86,185.54,178.14,167.03,161.19,148.92,139.43,132.50,122.79,113.60,103.12,92.11
98.25,110.79,119.28,129.07,136.31,147.00,151.72,161.94,168.81,174.41,182.00,188.17,192.28,201.81,205.80,213.22,222.32,228.78,236.13,245.60,254.95,263.80,271.90,277.98,283.78,286.79,291.55,289.88,284.79,281.06,279.73,271.97,263.40,257.56,250.35,241.91,240.21,231.17,225.01,216.67,207.74,201.64,188.68,179.40,172.96,158.05,150.53,141.06,131.47,121.92,108.75,96.08
83.49,92.72,101.98,108.81,115.60,123.79,128.74,138.80,142.41,147.96,155.87,162.63,165.68,170.75,175.80,181.74,189.18,196.02,202.76,208.57,216.62,224.00,232.22,235.85,240.10,246.55,249.55,244.66,241.51,239.76,237.89,229.34,224.40,221.00,215.37,209.77,205.12,197.62,191.67,186.51,178.09,169.78,161.99,153.08,148.66,136.74,130.00,121.93,111.89,102.30,94.92,84.48
82.76,93.61,101.92,109.77,114.53,122.67,129.69,137.64,142.90,148.19,155.71,162.60,165.31,170.08,177.16,181.91,190.32,196.29,204.44,208.59,217.06,224.45,234.36,236.48,240.69,247.17,249.65,245.38,243.02,242.79,236.93,229.75,223.60,221.92,215.75,209.46,204.38,197.50,191.23,187.52,179.03,171.16,163.93,154.03,148.25,137.48,128.89,122.49,111.62,102.24,95.21,83.60
84.91,94.67,101.40,110.49,116.67,124.79,129.14,140.73,144.85,149.03,156.54,161.72,166.09,170.99,178.08,184.20,191.17,196.09,204.01,209.40,218.89,225.18,232.69,237.92,243.96,245.58,252.74,245.20,243.65,240.76,239.10,232.12,225.64,219.83,217.08,210.44,203.04,198.03,192.44,186.22,179.42,171.83,164.83,154.78,148.76,138.59,130.19,123.26,112.58,103.08,96.60,85.21
96.57,108.37,117.34,128.46,134.54,143.18,150.05,159.36,166.77,169.94,179.66,186.63,191.67,197.25,205.30,211.40,220.10,226.02,231.53,240.67,250.84,259.43,267.03,272.36,278.51,282.35,287.45,283.75,279.83,276.93,273.88,264.50,257.42,253.21,245.59,240.48,233.95,225.49,219.25,213.04,204.92,195.00,186.60,176.47,171.01,156.49,148.72,140.46,131.11,120.35,106.21,94.11
97.67,109.88,118.68,127.99,135.03,145.52,150.05,160.80,166.90,172.73,181.65,188.60,193.23,200.01,205.28,211.95,220.49,228.04,236.71,243.98,253.43,261.61,268.51,276.93,282.10,289.11,292.04,286.78,285.03,280.20,275.31,270.80,261.28,254.44,251.53,244.62,236.70,227.90,223.75,214.72,208.34,198.91,188.32,180.94,173.97,159.01,151.71,142.84,131.67,119.15,110.54,98.01
90.00,101.98,109.34,116.91,124.31,134.11,139.01,150.27,156.39,159.86,168.15,173.53,176.50,183.85,189.38,195.92,204.71,209.55,214.98,223.96,234.36,242.79,246.89,254.88,257.96,261.49,265.53,263.64,260.91,257.86,254.18,249.36,239.30,233.94,228.85,223.61,216.45,210.26,203.50,198.20,190.78,181.64,174.18,165.42,159.01,147.00,138.68,131.94,120.60,113.16,100.66,88.26
84.65,94.87,101.83,110.68,118.00,124.66,129.50,140.13,146.11,147.87,156.55,162.48,167.54,173.28,179.39,185.66,191.64,197.57,203.44,212.53,221.77,228.59,234.89,239.47,245.23,246.68,253.06,250.60,248.65,242.86,241.53,233.81,226.82,223.04,217.69,212.72,206.24,199.74,194.00,183.76,180.87,175.29,165.52,158.45,152.61,138.00,131.47,124.34,113.70,105.60,95.19,85.15
86.21,95.85,103.41,110.22,118.13,125.25,129.69,140.41,145.91,149.37,157.71,163.88,168.05,172.54,179.52,185.53,191.44,199.40,205.65,211.53,220.66,228.18,234.62,239.84,245.86,248.52,250.06,248.21,247.01,244.10,239.53,235.16,228.32,222.95,218.66,211.54,206.71,199.70,194.99,187.49,181.47,173.66,165.28,156.05,150.55,140.16,132.83,125.17,114.62,106.33,95.52,86.02
89.50,100.90,108.23,116.28,124.10,134.13,139.45,149.09,153.29,159.20,165.00,172.41,175.23,181.62,189.38,195.51,203.05,208.39,215.61,222.79,231.31,240.28,247.32,253.85,258.50,261.56,264.36,263.80,258.94,256.98,252.52,247.31,238.95,235.59,229.96,222.17,217.69,208.86,203.84,198.04,191.00,183.40,173.00,166.34,158.00,145.60,138.97,130.25,119.82,110.91,101.53,89.84
91.55,100.22,116.11,121.75,131.87,138.28,149.26,151.85,161.97,168.58,173.53,181.22,184.59,186.72,198.41,206.12,215.39,219.43,230.79,235.42,245.58,252.72,261.40,267.04,274.26,276.12,279.95,277.72,275.97,272.25,270.77,262.23,251.45,249.39,246.97,240.43,232.94,225.32,218.87,211.15,202.71,192.84,183.37,176.71,167.80,152.41,148.19,142.87,127.48,115.21,113.22,105.55
88.20,101.95,107.49,117.75,124.04,133.93,139.32,150.34,154.93,158.65,165.76,172.54,175.64,182.63,188.15,194.08,204.50,210.87,217.52,224.12,232.72,241.03,247.07,252.63,259.15,262.65,266.00,261.89,259.05,259.02,253.95,248.20,238.87,236.89,229.65,222.41,216.00,209.09,203.06,199.45,191.00,181.84,172.74,164.34,159.93,146.45,137.13,130.38,122.79,112.68,100.62,88.65
89.29,101.20,109.48,117.39,122.10,132.83,137.44,148.86,154.83,159.79,166.97,174.35,176.28,181.11,188.16,192.26,202.71,210.68,217.12,221.46,231.71,240.71,246.74,252.02,258.68,261.62,264.36,261.43,258.64,257.10,252.39,247.02,237.70,236.07,229.68,222.30,215.61,210.04,204.84,196.73,190.63,180.62,174.14,165.41,159.08,146.51,137.77,129.39,121.76,111.40,101.08,91.14
97.08,111.80,119.82,131.64,138.58,146.39,151.16,164.84,169.81,176.32,183.71,192.82,198.44,201.56,210.30,215.33,225.67,234.20,243.09,249.10,258.54,265.05,273.00,280.05,289.01,293.55,298.47,291.11,289.68,286.78,282.64,274.40,265.91,261.23,254.66,249.88,241.53,232.56,228.81,221.65,214.00,200.41,194.74,184.63,175.21,162.82,154.99,145.50,134.45,123.55,112.80,100.81
90.34,101.83,106.96,117.48,123.46,134.63,140.89,147.67,153.53,159.38,168.03,173.25,178.10,184.20,190.25,197.23,204.92,210.07,216.94,225.06,234.34,239.72,247.76,254.56,259.92,261.66,264.33,264.20,260.57,256.70,253.16,248.77,239.42,236.09,229.63,222.09,217.60,211.12,206.81,197.63,191.21,183.73,173.07,163.05,158.37,148.00,140.00,131.58,120.51,112.38,101.49,90.80
92.02,101.51,109.66,116.21,127.48,136.00,139.13,149.58,154.73,159.78,168.83,174.89,178.62,185.32,191.47,196.74,203.63,210.64,218.01,225.30,234.92,242.24,247.78,254.64,258.52,262.69,265.84,263.78,261.40,257.42,255.36,250.65,241.15,235.26,229.79,225.96,217.85,212.51,206.20,199.01,192.75,184.66,174.00,165.19,159.09,148.53,140.60,131.24,121.17,112.31,104.00,91.71
91.97,107.28,116.90,128.22,128.50,142.28,146.84,154.69,164.76,168.34,177.28,185.65,188.22,194.37,199.90,208.61,215.14,223.81,229.45,238.25,247.94,255.10,262.99,268.89,275.77,278.12,280.40,279.35,275.07,273.00,270.85,262.59,253.55,248.26,243.07,237.88,229.84,221.92,217.75,210.54,202.89,194.13,186.82,175.18,168.59,154.77,148.93,141.03,129.77,118.44,108.52,97.51
97.62,110.45,121.25,130.82,137.48,146.73,154.40,165.05,171.82,176.69,184.23,193.55,197.65,203.00,210.75,218.29,227.48,234.08,241.60,249.24,260.55,266.00,275.75,280.70,287.80,291.78,294.06,293.03,286.45,284.82,280.57,273.47,264.82,260.46,253.99,248.91,241.03,231.32,227.92,219.28,212.94,202.00,194.50,185.40,180.00,164.76,155.01,148.01,136.82,127.88,114.24,102.70
99.49,111.40,118.68,129.50,138.35,148.41,151.33,164.28,169.19,175.03,186.32,190.72,195.66,203.04,210.11,216.54,226.11,232.14,241.62,246.33,258.13,266.55,274.26,278.63,288.00,289.56,291.49,291.81,288.72,282.68,280.28,270.96,264.39,258.43,252.12,248.13,240.67,230.85,227.38,218.44,211.62,202.87,192.90,182.63,176.62,166.09,155.88,148.49,136.82,124.33,116.28,102.04
94.79,107.56,114.35,123.55,132.00,141.91,148.10,155.62,164.54,169.11,177.49,183.81,188.35,194.37,203.25,208.22,216.30,221.89,229.71,235.31,247.00,253.31,263.80,267.03,274.83,277.25,278.35,277.22,272.37,269.98,267.07,260.45,251.88,245.58,240.01,234.96,228.74,221.11,216.62,208.02,202.43,193.87,183.79,174.35,170.07,158.34,150.85,141.22,129.00,118.85,110.72,98.51
99.02,109.33,120.60,131.05,136.01,147.58,152.43,164.07,172.26,175.57,183.56,192.78,198.04,203.59,210.77,216.95,227.30,234.95,240.97,250.29,258.10,265.70,272.89,277.99,286.45,290.23,293.32,288.51,286.30,283.13,279.01,271.54,262.59,258.87,251.53,244.97,238.76,229.71,225.18,218.87,211.21,200.66,194.37,184.70,178.13,163.87,154.16,145.00,135.15,125.87,113.53,101.36
97.75,110.22,121.33,129.73,137.88,146.11,152.20,163.82,170.36,176.78,183.87,191.93,196.82,201.81,209.68,217.42,226.74,233.02,241.36,245.51,256.12,264.55,274.47,277.89,284.18,289.71,292.15,288.11,285.78,284.37,273.88,268.66,261.37,257.33,250.72,243.08,236.48,228.54,224.61,218.11,211.24,199.80,192.28,181.84,177.01,162.43,153.39,147.30,134.65,123.66,114.63,102.62
101.79,114.76,123.49,133.06,142.78,153.06,158.62,169.61,177.12,181.18,193.00,198.50,202.74,209.55,218.28,223.93,231.60,240.87,249.19,256.12,267.23,276.38,281.89,287.66,295.01,297.95,300.31,299.60,296.02,293.29,287.92,277.24,271.75,265.38,259.05,251.81,246.40,238.44,233.34,223.26,216.94,208.87,198.65,188.88,182.04,168.68,161.21,151.16,141.00,128.39,116.82,104.32
103.10,112.41,125.22,134.00,141.33,152.90,158.93,172.41,178.04,182.56,191.76,199.90,205.87,209.65,217.04,225.79,232.25,240.96,250.25,257.97,268.20,274.05,283.57,288.88,295.27,299.35,302.48,298.33,293.23,293.72,286.40,279.33,274.39,265.20,261.35,252.01,245.60,238.67,231.62,226.88,217.37,207.18,201.94,190.44,183.00,167.74,159.39,150.76,141.66,127.88,117.99,104.81
99.02,110.02,121.20,131.03,136.69,148.17,151.80,167.33,172.54,177.67,185.31,193.57,198.71,204.83,211.29,217.67,225.56,235.42,242.33,250.06,258.23,267.38,274.57,280.45,287.38,288.43,291.89,287.64,286.74,284.62,279.65,271.50,264.08,259.28,250.14,245.25,238.95,231.23,223.66,217.45,212.51,201.33,195.73,185.81,177.43,163.99,154.43,147.43,137.03,124.34,113.41,101.08
95.19,107.07,117.17,126.82,132.22,142.86,150.60,162.24,166.90,172.00,180.09,187.75,194.16,198.04,205.00,211.01,220.45,231.91,237.66,241.97,250.06,257.11,268.00,272.12,278.40,282.31,287.24,280.32,277.72,277.35,269.33,264.08,255.49,253.78,248.81,239.40,231.08,223.60,219.27,213.60,206.40,196.92,191.02,181.11,173.99,160.80,150.90,142.28,132.57,121.40,112.33,100.70
89.14,101.24,111.54,119.08,125.21,135.15,140.73,152.62,159.42,163.00,169.85,177.73,182.54,188.73,193.75,200.77,210.54,217.82,224.41,229.06,239.18,247.51,254.66,257.70,263.50,269.71,272.41,267.07,261.84,264.70,257.42,250.00,243.07,240.39,234.76,226.74,220.48,212.36,209.85,202.43,197.47,187.36,181.01,171.09,164.84,152.43,143.03,137.30,126.25,115.10,106.07,93.15
96.15,108.19,117.65,127.48,134.54,143.96,151.16,160.38,167.97,172.97,181.22,187.97,191.93,198.21,206.49,213.28,222.46,229.92,236.54,242.86,254.09,264.62,270.87,278.30,282.21,285.93,289.17,285.74,283.24,281.68,277.85,269.82,262.68,257.18,252.30,244.13,238.90,231.16,225.89,219.61,210.72,203.09,195.43,185.35,177.25,165.42,154.43,147.05,136.56,125.54,114.02,100.04
87.66,99.00,107.91,116.66,121.49,132.20,136.03,149.38,155.32,160.65,166.63,174.26,180.22,185.16,192.82,198.98,207.25,213.78,222.17,227.27,239.23,246.89,252.44,259.33,267.23,271.04,274.63,268.15,267.25,264.52,260.77,253.87,247.01,242.60,236.39,229.37,224.93,219.48,214.35,205.45,201.16,190.87,182.94,172.57,166.88,154.87,145.25,138.81,126.65,118.22,106.04,95.46
89.20,100.57,107.97,116.30,124.20,133.36,139.52,149.63,153.83,160.95,169.10,174.73,179.40,186.82,193.84,199.72,207.93,216.46,223.64,228.32,240.98,246.07,255.01,259.72,267.86,272.21,273.12,268.79,267.35,264.33,261.50,255.22,248.93,243.26,237.36,230.36,225.29,219.40,214.41,206.00,200.19,191.80,182.54,173.44,166.74,153.72,145.60,136.01,126.85,118.09,105.69,96.13
98.03,112.00,122.38,133.45,139.63,150.23,155.43,169.25,177.67,181.73,188.61,198.52,200.57,209.34,216.12,224.13,235.05,244.81,249.74,257.26,269.07,277.50,285.62,292.61,298.40,305.98,310.20,301.33,299.82,299.18,294.89,286.74,277.32,276.32,266.33,260.07,254.33,244.79,242.06,234.27,225.40,213.59,208.41,196.86,189.38,172.63,163.52,155.24,144.09,131.59,118.34,105.34
93.43,104.20,112.61,122.38,129.25,138.75,147.03,156.97,164.15,169.36,176.17,182.22,187.68,196.77,203.18,210.04,217.72,225.74,232.67,236.84,248.65,256.63,264.20,270.50,277.68,282.31,281.26,279.02,276.85,272.44,268.22,260.42,253.05,250.77,242.16,235.52,227.79,221.21,216.95,210.15,203.65,195.82,187.42,179.74,173.08,159.88,151.24,142.14,135.33,123.45,111.76,100.65
88.46,100.24,108.66,117.24,125.88,134.10,140.36,149.97,155.31,161.11,169.85,175.32,181.02,187.84,195.02,202.24,209.75,216.42,223.30,230.24,242.00,250.06,258.01,264.43,268.23,270.09,276.01,272.92,270.47,266.31,265.14,257.58,251.70,246.59,240.16,232.01,227.98,222.04,216.01,208.24,201.94,193.08,184.09,174.15,167.69,153.81,145.77,136.13,125.28,117.00,104.45,93.06
97.53,108.68,119.10,128.32,136.37,145.50,152.63,162.61,169.74,176.96,184.84,191.69,198.11,204.20,209.35,218.92,224.08,235.10,240.52,249.00,261.43,269.71,276.52,282.15,289.82,296.28,300.03,292.10,292.84,287.46,284.18,278.17,270.65,265.06,258.81,251.28,243.81,236.97,231.55,222.32,216.37,205.10,195.21,183.73,178.75,164.10,154.12,144.94,131.95,122.04,111.49,99.25
99.01,111.83,122.67,132.28,136.82,148.12,157.75,168.05,177.55,182.88,188.66,198.48,203.69,208.47,216.49,224.98,234.23,244.50,250.91,255.44,266.61,276.28,284.56,291.81,296.65,306.03,309.68,299.46,302.00,296.01,293.47,283.54,277.07,275.05,266.08,258.50,251.63,242.04,238.30,230.93,223.27,213.22,200.52,192.02,183.73,165.59,156.95,146.51,137.56,126.21,114.02,102.11
88.29,97.50,106.96,115.52,120.03,132.00,138.11,151.00,159.89,165.76,174.47,182.01,186.90,193.60,201.82,208.43,218.39,227.55,237.79,241.66,251.43,261.02,268.63,277.07,281.00,287.84,289.17,282.41,282.57,280.40,272.98,267.93,257.51,255.37,250.99,241.03,235.17,229.12,223.90,218.08,211.97,201.36,193.55,185.40,178.44,163.71,155.00,146.49,136.62,126.61,116.82,101.53
99.72,112.81,120.15,126.81,136.24,147.25,154.38,165.03,175.39,178.44,189.39,197.29,199.46,209.30,214.77,223.38,234.13,242.39,249.80,256.86,267.15,278.28,285.27,293.00,298.34,300.48,304.27,303.12,300.10,297.07,291.49,286.25,276.26,272.90,267.19,258.79,252.10,245.45,238.82,230.05,223.29,213.53,202.83,193.66,185.78,171.59,160.31,151.45,142.04,131.85,119.27,105.21
91.24,103.00,113.64,122.67,128.44,139.04,144.63,159.40,166.30,172.24,178.24,188.31,194.13,198.31,205.12,214.72,222.77,232.79,239.14,245.60,256.44,264.71,271.56,278.68,283.39,289.36,293.53,284.99,287.47,280.88,277.89,269.27,262.19,261.85,255.05,248.24,240.17,234.92,229.84,223.02,217.01,205.54,197.91,188.22,183.14,168.67,159.86,149.00,140.29,130.60,121.04,107.20
92.05,105.60,113.22,122.38,130.19,140.13,147.20,158.93,165.01,171.74,180.42,186.46,193.54,200.02,207.85,214.68,224.32,231.94,239.75,248.09,258.10,266.13,270.84,280.61,284.69,288.98,290.70,289.00,288.88,279.58,279.30,270.65,263.95,259.33,253.16,248.56,242.87,236.21,230.18,223.14,216.45,209.75,197.94,188.53,182.99,168.94,161.41,152.59,141.82,130.38,121.84,109.02
94.83,105.00,113.78,124.20,133.22,141.83,148.79,161.15,170.42,175.60,183.98,190.52,198.31,203.34,208.09,218.83,226.30,236.84,242.03,248.92,260.97,268.52,276.05,281.79,287.21,292.06,295.99,290.30,288.11,283.62,281.58,272.94,268.00,262.25,257.16,251.29,246.34,238.56,230.84,225.43,219.60,210.15,200.77,192.37,185.95,171.68,166.21,155.98,145.43,135.48,125.78,113.84
88.60,101.14,106.51,116.16,122.78,134.18,141.16,151.60,157.92,164.05,173.52,178.76,186.13,192.13,199.53,207.10,213.59,222.01,226.50,234.91,244.52,254.49,259.83,267.29,272.42,274.59,277.35,272.39,271.88,264.88,265.68,258.12,249.70,245.39,241.17,235.58,232.17,223.33,220.64,211.37,207.33,201.76,192.34,185.61,178.90,167.76,160.03,150.62,141.09,132.82,121.17,107.33
90.55,101.92,108.50,117.32,126.91,135.94,140.80,152.82,160.95,165.66,177.53,180.56,188.09,194.82,201.85,212.42,216.62,225.38,230.49,238.30,248.52,257.28,261.20,269.13,276.13,277.67,275.81,277.03,275.15,269.82,270.56,259.54,252.99,249.54,245.07,240.03,234.03,228.60,224.74,218.06,212.90,204.36,196.21,189.62,182.28,172.18,163.69,154.32,144.35,133.84,124.54,112.97
95.02,108.08,117.43,127.26,133.45,145.25,153.08,165.48,174.18,180.71,187.42,196.98,203.02,208.39,216.37,224.40,234.00,242.33,248.94,253.55,265.57,272.39,277.00,288.14,289.80,295.31,298.14,293.16,290.26,285.56,280.94,272.12,266.54,262.61,257.13,250.73,242.42,234.76,230.78,226.74,222.32,212.57,204.06,196.17,190.28,178.07,169.96,161.62,154.54,142.86,131.61,118.07
95.35,106.48,118.56,127.91,135.30,144.84,153.81,168.72,178.32,183.92,192.00,200.96,205.55,212.12,218.51,227.64,237.43,246.45,254.10,257.07,268.07,277.16,283.75,289.51,294.76,302.22,302.80,296.89,294.90,290.58,284.84,277.06,267.05,265.32,260.80,252.94,246.29,237.26,235.14,230.08,223.13,212.81,205.53,199.01,191.00,178.40,173.37,160.86,151.72,144.13,132.85,118.44
91.42,104.40,111.40,120.50,128.80,137.93,148.25,158.69,167.94,172.82,183.58,191.05,195.35,204.79,211.02,218.25,227.71,234.48,244.68,249.16,261.46,267.48,275.28,282.61,287.14,289.39,290.80,287.80,283.20,278.62,275.38,267.80,258.79,254.47,248.62,243.30,236.72,226.24,223.45,218.06,213.47,203.71,196.16,188.81,181.46,170.01,161.60,152.20,143.39,135.34,124.04,111.41
86.01,101.49,106.33,115.94,121.60,130.50,138.60,149.11,155.13,164.51,175.21,179.00,184.57,190.59,199.25,205.99,214.06,221.54,229.21,237.07,244.72,252.98,260.45,268.00,273.88,272.88,275.23,274.15,269.43,263.15,262.05,254.58,247.36,240.62,235.31,227.32,222.04,214.02,211.07,203.25,197.91,190.96,181.07,172.41,167.15,156.97,149.41,140.43,128.39,121.17,113.72,101.04
88.23,100.57,110.07,120.20,128.71,135.72,146.12,157.69,166.82,173.24,182.02,190.52,196.90,199.70,208.20,218.28,224.18,236.14,244.23,249.05,259.74,271.23,275.75,283.70,289.01,294.33,296.97,289.92,287.12,282.93,278.34,270.80,261.93,259.28,252.24,242.90,236.40,228.81,226.49,218.23,213.48,201.94,195.13,183.31,177.41,166.21,158.22,148.95,139.18,129.47,119.52,105.70
86.28,95.75,102.79,112.49,120.70,130.03,138.29,150.48,157.16,164.47,176.58,182.06,187.42,196.22,203.33,212.76,219.99,227.49,237.49,243.45,256.10,266.90,270.68,280.81,286.56,286.14,288.77,288.74,286.17,278.55,277.48,270.41,258.31,253.53,247.41,241.11,233.01,227.06,221.63,213.91,205.00,200.26,187.07,179.88,172.17,159.70,150.63,140.63,128.00,119.23,114.11,101.24
83.49,94.26,101.08,108.37,117.95,128.06,135.48,145.88,153.45,159.86,172.18,177.07,183.98,191.64,200.32,207.65,214.46,223.97,232.44,239.94,251.25,261.23,266.92,277.48,281.56,282.93,285.95,283.75,283.16,275.07,274.55,266.09,254.28,250.34,241.75,236.95,230.22,222.16,217.04,207.00,202.71,193.00,185.21,176.79,168.01,153.40,144.80,135.82,126.29,117.72,108.85,95.88
81.88,93.47,101.32,109.93,119.25,129.10,135.98,148.38,154.03,159.45,170.10,174.14,181.66,187.56,199.20,207.50,215.18,222.83,231.21,237.93,251.45,259.70,264.56,272.46,278.96,280.63,283.86,279.58,278.30,269.31,269.47,263.06,252.10,245.33,239.05,232.60,227.11,218.50,212.85,201.81,197.01,187.56,176.71,167.84,161.14,148.12,140.47,130.82,119.87,110.77,103.32,91.84
90.26,100.12,106.78,114.93,121.81,132.31,141.48,152.95,159.68,165.49,175.33,180.80,188.48,193.09,198.67,207.28,217.52,224.15,232.88,236.32,247.94,256.76,264.91,270.02,273.18,275.96,282.48,277.48,277.26,271.32,263.50,258.64,246.52,242.00,238.10,227.92,219.66,213.24,207.15,197.39,191.94,180.19,172.99,163.11,158.26,142.00,137.99,127.40,119.92,110.11,100.66,89.11
87.62,98.27,103.58,114.27,122.09,132.23,138.65,150.85,156.17,164.30,174.26,179.62,186.22,192.34,199.70,209.31,217.57,224.12,231.31,239.10,253.71,260.76,263.41,273.97,276.57,279.82,280.34,277.75,275.36,266.85,264.80,256.60,246.60,240.01,232.48,224.93,220.51,211.09,207.30,196.37,191.97,185.00,174.41,165.48,161.28,149.97,141.77,134.30,124.95,115.73,108.23,97.62
92.76,104.56,112.41,120.65,128.55,137.19,144.47,156.67,161.79,167.84,176.49,182.73,189.16,195.04,202.41,210.54,216.23,226.45,232.11,239.70,250.77,256.22,263.19,269.21,274.26,279.29,278.30,274.93,272.07,265.42,263.88,255.00,243.07,235.60,229.65,222.14,214.90,207.55,199.15,189.78,184.78,177.05,167.06,158.26,151.71,140.80,133.41,125.64,115.12,106.89,101.79,90.14
92.63,103.73,110.37,118.60,128.60,137.28,143.54,154.01,161.97,166.87,178.44,184.11,190.78,196.06,206.16,212.21,218.71,225.64,232.48,240.41,250.08,259.48,264.28,272.07,277.40,278.52,279.31,276.18,273.81,264.56,261.60,252.39,241.63,237.02,227.07,222.06,214.28,207.96,202.04,193.60,187.24,179.75,170.47,162.27,157.17,148.14,140.19,130.97,121.41,115.41,106.83,95.52
98.68,111.76,119.71,131.02,137.87,148.49,156.24,168.67,175.93,184.02,191.82,199.45,206.52,212.06,220.10,229.31,238.30,245.82,251.73,258.94,270.75,279.41,288.12,290.88,296.64,299.46,302.08,293.95,293.47,287.84,282.08,272.26,262.45,257.16,248.26,240.14,231.68,222.71,218.28,210.61,203.59,192.31,185.99,177.10,170.18,158.40,151.05,139.99,132.28,125.16,113.95,100.60
93.81,104.56,113.36,122.87,129.85,140.69,145.38,159.18,164.79,171.42,179.81,186.46,194.16,198.66,206.70,214.04,220.69,232.13,234.80,243.40,253.16,260.07,266.00,270.15,278.23,278.17,280.32,275.94,273.72,264.92,261.11,252.48,241.63,236.92,227.01,221.05,213.49,204.69,198.40,190.44,186.32,175.50,169.59,161.64,155.33,143.22,138.32,128.66,121.24,111.40,104.55,96.51
94.54,103.95,115.84,124.46,129.77,140.80,148.28,160.55,167.26,174.43,181.34,190.28,196.24,200.66,209.35,217.04,225.79,235.05,241.02,246.42,256.96,264.97,270.87,276.42,280.86,283.81,286.04,281.23,279.31,271.00,265.52,257.47,244.25,242.68,233.07,226.93,217.15,208.59,203.02,196.06,190.67,181.28,172.82,164.69,160.38,145.34,138.66,131.10,125.32,114.28,107.20,97.10
91.79,103.87,109.99,120.00,129.69,139.09,144.37,155.57,162.35,170.04,182.10,186.57,192.76,200.25,206.94,213.27,220.78,229.71,235.99,246.22,254.95,261.03,270.14,275.33,279.64,279.90,280.62,276.63,276.52,269.65,264.61,255.03,243.71,236.97,228.74,224.35,215.15,205.93,201.52,190.97,185.65,175.93,169.30,160.65,156.72,143.39,137.52,127.12,119.36,114.87,105.69,96.01
87.05,98.41,108.05,117.10,124.78,135.10,140.24,152.11,160.65,167.80,178.46,184.22,191.38,197.21,202.80,209.03,218.00,227.06,233.65,241.45,252.10,258.19,266.12,271.82,276.02,279.58,278.65,273.39,273.66,268.17,260.39,254.57,240.90,236.93,229.92,223.33,214.89,203.74,199.56,191.85,188.62,177.02,170.52,160.80,155.35,144.47,137.32,128.32,121.76,115.94,105.12,95.13
87.69,100.12,106.85,113.77,124.95,134.53,140.06,152.59,158.03,165.56,174.57,181.28,188.04,195.90,202.68,209.61,216.37,228.83,232.38,240.25,249.71,259.09,264.75,269.74,276.09,280.03,282.40,277.02,278.77,267.71,266.99,255.99,243.80,241.30,230.11,226.55,219.37,210.30,204.79,196.98,190.82,181.23,171.23,164.22,158.82,148.95,142.28,132.38,126.04,117.88,108.50,98.81
78.39,87.62,93.01,99.25,109.25,117.41,122.98,132.67,138.64,144.97,153.84,159.67,165.56,171.83,177.60,183.90,191.39,199.47,205.80,213.18,222.58,231.86,236.17,241.48,248.13,249.29,251.85,249.80,246.35,239.10,235.34,229.39,220.51,216.19,208.13,201.65,195.69,190.34,183.39,175.60,170.88,162.61,155.08,149.27,142.72,134.62,127.09,118.51,109.59,103.59,99.93,89.36
86.35,97.49,105.39,114.55,119.85,128.57,138.06,150.84,156.16,164.40,172.59,178.52,187.45,192.72,200.23,208.08,215.74,226.21,235.13,239.44,252.45,259.62,267.30,274.31,279.18,283.98,286.42,281.15,280.45,273.06,269.20,260.93,249.88,245.39,237.97,230.96,223.91,214.48,210.54,200.09,195.92,185.59,179.81,168.43,161.01,151.35,145.10,136.00,129.77,121.83,112.09,99.64
85.43,96.25,104.12,112.41,120.43,129.69,137.06,150.42,157.63,161.61,172.01,178.04,185.21,192.52,198.66,207.01,216.00,225.84,232.70,237.78,253.51,259.56,268.52,272.37,278.79,282.46,283.67,281.38,279.95,275.23,267.92,259.49,248.45,243.46,238.17,230.20,222.95,213.06,206.19,201.40,192.63,184.76,177.03,167.97,163.67,151.58,144.89,135.96,128.32,121.84,112.07,100.62
82.02,95.34,100.65,107.20,116.04,126.25,130.55,143.28,149.57,154.12,165.92,170.80,177.55,185.00,190.54,199.38,205.16,213.12,221.11,227.98,240.35,247.89,255.86,261.84,266.68,270.43,271.91,267.38,265.16,260.13,258.59,250.29,240.13,233.89,228.00,219.37,215.23,206.42,200.58,190.26,185.19,179.03,169.07,161.03,156.73,146.41,139.52,133.09,123.49,115.21,109.48,98.49
79.98,89.47,97.87,102.96,109.77,119.21,126.09,137.32,142.52,150.81,157.50,163.99,167.60,175.97,181.04,190.71,197.12,204.02,212.80,219.48,230.43,238.08,244.40,249.44,253.84,259.26,259.05,253.69,250.72,245.45,242.74,235.84,228.05,222.34,217.04,207.27,200.86,193.02,187.54,180.85,174.45,165.89,161.38,153.63,146.45,135.07,128.55,120.93,116.21,109.84,100.66,92.62
91.08,103.08,110.21,117.18,126.78,134.18,144.50,155.03,161.91,169.14,178.19,184.46,191.23,198.59,206.23,216.34,222.17,232.07,240.60,244.64,259.14,267.09,271.74,279.03,286.25,287.11,287.70,285.33,283.35,274.52,271.27,262.48,251.85,246.05,238.88,231.54,226.29,214.13,206.32,198.04,191.91,182.01,173.17,165.65,157.10,147.22,138.81,132.97,124.20,117.78,108.37,97.74
87.05,96.18,103.48,111.32,120.21,128.46,135.72,148.06,156.40,161.42,171.03,179.47,185.41,192.42,201.72,211.29,220.29,228.56,236.40,242.04,254.75,262.35,271.55,276.72,282.18,286.02,288.11,280.14,278.21,271.31,268.20,259.02,247.32,242.54,234.93,228.28,220.72,213.82,206.19,197.01,193.71,184.95,176.30,167.08,162.02,150.88,143.75,137.10,130.80,120.93,113.36,101.77
88.10,97.62,105.10,112.79,121.66,129.71,138.11,150.57,159.20,164.45,173.77,182.46,188.73,195.35,202.43,213.00,222.03,230.34,237.20,244.52,256.12,265.42,273.91,280.30,283.59,288.30,289.28,282.40,281.60,274.43,269.88,262.25,251.41,245.86,237.42,230.93,222.18,216.58,209.25,201.97,195.26,186.87,178.10,170.47,163.03,151.40,144.37,137.80,129.85,122.18,112.38,101.83
83.95,90.70,96.26,103.85,112.36,120.93,126.62,137.10,144.59,149.47,161.38,167.36,172.13,178.27,186.08,192.44,200.26,208.01,214.85,220.91,229.59,239.14,244.38,249.34,255.67,254.70,255.44,252.35,250.20,242.92,238.38,229.43,218.83,213.33,202.47,196.94,190.28,181.12,175.45,164.54,159.20,150.22,142.27,131.37,125.60,117.64,109.84,103.41,96.30,88.24,84.58,78.03
86.28,95.63,103.04,110.68,118.73,128.14,137.48,147.05,153.69,161.62,172.63,180.62,188.07,192.63,199.36,209.58,216.39,228.16,232.65,239.27,253.19,260.97,269.68,273.70,280.02,284.16,282.97,276.38,273.92,269.42,266.10,255.99,244.52,239.13,234.09,225.29,216.82,206.19,199.01,191.32,184.20,174.75,165.68,156.46,149.47,136.42,129.76,121.30,114.02,106.55,98.51,85.38
84.48,94.53,100.69,108.67,113.23,121.63,129.40,140.94,147.46,152.84,163.11,172.19,176.05,182.70,189.13,197.57,204.08,215.24,220.48,227.08,236.58,243.38,248.97,256.91,260.25,262.94,261.63,255.52,255.95,245.90,242.70,234.67,218.82,213.06,206.74,195.26,187.22,175.51,169.01,160.11,153.84,144.78,136.82,129.03,124.42,113.70,106.45,98.27,94.19,88.87,76.55,71.59
86.09,94.37,97.86,105.23,113.27,119.71,125.90,137.67,143.50,148.56,159.62,164.84,175.51,180.04,187.21,195.30,202.20,210.94,217.02,224.61,235.19,243.04,249.97,252.12,257.53,258.59,258.60,253.90,254.14,244.40,239.75,229.96,216.28,209.09,198.20,193.13,183.05,174.14,164.47,156.01,149.62,141.21,132.85,124.45,120.60,110.32,104.69,95.13,88.60,84.90,79.31,72.06
78.89,87.30,92.20,98.79,108.58,114.23,121.20,128.41,137.00,140.94,152.47,158.38,165.86,173.51,180.28,186.01,193.54,199.90,210.62,217.89,227.77,233.96,240.88,244.02,251.11,251.86,253.03,246.60,243.73,239.71,235.03,224.02,214.60,204.94,198.86,188.94,178.06,169.76,162.31,150.12,143.89,132.91,125.72,116.90,111.00,101.04,96.57,88.28,81.84,75.47,69.87,61.98
84.90,93.94,101.20,108.78,114.49,122.49,130.10,141.13,148.07,153.88,164.15,171.54,181.03,183.39,192.07,199.62,208.09,217.89,227.01,232.12,241.60,252.03,257.02,263.14,269.12,270.20,272.18,268.40,266.54,258.31,251.53,241.47,229.30,221.92,213.24,200.90,192.98,182.70,172.59,160.11,154.57,143.75,133.36,124.52,119.62,106.23,100.96,94.30,86.88,83.86,76.85,65.80
87.09,98.03,103.60,111.31,115.92,126.02,133.02,143.89,151.34,156.54,168.24,174.41,184.07,186.90,194.61,203.93,211.48,221.42,228.63,236.81,247.99,258.31,262.19,267.46,272.24,274.77,277.71,273.22,271.91,262.77,255.78,247.14,234.34,225.87,215.96,206.39,197.25,187.22,177.01,163.27,157.49,146.37,135.79,128.46,121.20,108.42,103.82,97.25,89.05,84.93,76.16,67.80
90.14,100.46,108.71,117.32,122.70,130.10,139.49,150.89,160.33,165.41,173.83,182.02,191.02,197.08,202.47,213.15,219.00,228.57,241.30,245.35,258.63,266.18,273.35,275.78,279.97,286.75,286.02,276.74,271.83,265.82,258.50,251.18,233.32,222.95,206.04,193.40,177.67,162.05,147.17,133.22,124.90,113.64,106.89,97.42,90.03,80.41,75.29,69.46,65.62,61.61,55.76,46.32
88.09,97.12,103.24,112.40,119.00,127.63,132.38,144.59,152.31,157.28,168.34,174.93,182.57,188.90,197.37,207.97,215.86,224.59,232.36,239.38,249.90,260.63,266.84,271.90,279.03,280.56,281.74,279.08,276.59,269.13,263.47,253.67,240.03,232.08,218.89,212.05,201.10,192.84,184.57,170.86,163.23,153.06,145.06,135.80,126.65,115.87,108.90,99.72,93.09,84.53,82.33,71.57
86.01,94.81,102.07,110.15,116.71,123.47,130.03,140.12,152.07,154.81,166.97,173.35,181.86,187.24,194.31,205.53,212.20,221.00,228.04,235.72,250.46,257.87,263.62,269.79,276.83,280.22,281.95,274.00,272.11,265.15,263.03,252.24,241.87,232.74,220.34,211.75,202.25,192.50,184.38,168.94,163.69,156.65,144.90,134.89,128.19,116.11,107.90,101.91,93.02,86.88,79.10,69.57
83.22,91.09,103.17,109.24,112.61,119.28,134.71,137.93,149.86,152.90,166.69,174.79,179.66,187.96,193.58,202.36,216.32,225.61,230.72,236.81,248.48,258.03,268.61,275.18,280.17,283.09,285.14,276.81,275.62,272.98,265.00,254.61,242.03,232.54,229.89,217.25,208.25,198.30,188.32,173.62,166.14,157.70,145.99,139.49,132.03,114.39,113.95,110.92,98.48,88.81,78.87,76.22
82.30,92.61,99.16,103.94,110.86,119.27,125.59,137.13,143.78,150.62,161.64,168.47,178.23,185.56,192.90,200.02,209.48,217.75,227.40,235.85,248.93,257.26,263.29,272.46,276.49,281.30,282.86,275.12,275.94,271.45,265.01,256.09,243.82,235.05,227.06,216.60,207.20,196.87,189.13,178.04,168.43,162.61,151.35,141.51,133.41,120.88,112.36,107.00,96.57,89.94,83.19,75.17
82.68,90.43,96.32,104.29,110.94,120.54,125.78,137.30,147.85,153.39,163.77,172.24,179.69,186.85,194.31,203.44,211.45,220.77,230.27,238.58,251.47,258.68,266.37,268.97,277.20,277.60,282.08,275.83,273.03,268.29,261.46,251.59,239.14,225.62,216.12,203.59,194.20,181.04,172.89,158.55,151.61,140.60,129.81,118.81,114.39,98.72,93.81,84.60,77.78,73.08,67.94,60.17
76.01,83.57,90.03,97.75,102.77,112.01,114.13,128.70,135.98,143.00,151.38,158.93,168.24,173.08,179.63,188.51,196.37,206.21,215.62,221.51,235.19,239.40,248.56,250.03,257.44,260.50,261.46,256.43,255.98,249.73,243.77,234.10,221.42,212.17,200.53,189.76,182.89,168.96,161.72,147.47,142.17,128.16,121.83,111.61,105.08,92.31,85.56,79.62,73.25,68.62,62.37,55.15
73.54,83.63,89.69,99.64,106.07,112.87,120.42,130.23,137.18,145.91,152.40,160.91,171.23,176.41,183.31,193.98,200.87,210.44,218.98,223.89,237.14,245.29,250.19,257.41,262.98,267.28,270.60,265.19,264.01,257.78,253.03,244.35,235.44,226.32,215.87,205.18,195.01,185.97,174.35,164.64,154.30,142.95,134.09,122.20,113.95,102.11,95.34,85.45,78.89,73.68,66.22,59.67
76.66,84.93,92.11,100.00,107.02,113.86,119.68,132.77,140.80,147.12,154.94,164.23,172.31,178.36,183.92,195.14,201.09,211.55,222.81,229.46,240.14,248.41,254.92,262.36,268.08,273.00,275.18,269.82,269.94,262.71,258.85,249.21,239.08,230.93,221.04,212.19,204.16,189.91,181.80,173.29,162.98,146.29,137.64,126.85,119.27,103.08,96.54,87.32,82.02,76.69,69.35,60.84
78.39,85.63,90.62,100.04,105.62,112.61,120.37,132.06,139.46,147.00,156.82,163.82,173.07,179.95,186.82,199.16,207.16,217.59,228.76,232.82,246.64,257.51,264.28,271.59,278.63,286.02,286.68,280.94,280.49,277.02,272.26,262.84,253.20,248.28,238.60,231.59,223.62,213.94,204.92,198.70,190.98,181.89,171.73,164.26,155.04,140.43,134.83,124.63,115.52,107.20,100.40,87.98
80.60,89.84,95.13,101.39,108.58,117.66,123.49,134.77,142.58,149.48,160.11,166.21,174.39,182.26,189.50,200.52,208.24,216.08,226.43,233.81,247.94,257.00,264.70,271.22,278.43,283.03,285.24,283.40,280.75,277.69,272.07,265.32,258.65,249.51,241.01,236.24,229.47,219.62,213.46,201.06,195.49,186.23,175.21,163.49,158.05,141.50,134.11,122.38,111.00,102.93,95.13,85.70
83.01,92.40,100.08,108.47,113.30,121.43,130.42,141.40,150.23,158.23,167.72,174.66,183.00,192.26,199.62,209.31,216.26,226.37,237.44,244.07,260.50,270.16,275.73,286.20,290.85,297.12,300.02,295.47,294.84,290.07,286.06,276.35,268.37,262.73,252.46,246.81,238.88,228.98,223.75,211.02,204.52,195.11,184.76,171.21,164.35,148.56,137.30,127.04,116.21,106.47,100.57,89.87
78.39,87.73,93.04,101.97,107.52,117.65,123.79,133.41,144.01,150.00,158.29,164.88,175.31,181.22,186.97,198.70,203.97,214.98,224.11,232.26,245.67,253.50,259.62,267.37,273.54,279.12,282.31,277.04,276.93,270.65,270.45,260.76,254.47,246.48,240.63,233.42,227.07,217.85,212.05,196.02,188.96,176.82,165.20,150.15,139.19,119.22,108.67,100.50,88.87,82.15,76.97,68.68
82.49,94.11,103.41,111.89,115.69,124.54,133.00,148.37,156.39,163.11,174.07,184.61,191.63,198.60,205.35,215.68,224.90,236.02,245.73,250.59,265.42,276.70,285.05,291.43,298.56,304.00,308.29,302.35,300.22,295.49,292.12,281.44,274.18,271.06,264.08,257.47,250.71,241.13,236.71,225.16,217.37,201.06,186.90,168.62,154.78,123.00,109.17,97.51,88.05,78.75,70.49,62.24
82.76,93.65,101.12,107.04,112.45,120.21,127.48,139.67,150.37,158.26,167.63,178.72,187.02,195.26,204.30,212.98,225.25,236.60,245.94,252.96,266.91,277.71,286.75,295.14,300.78,309.92,313.88,307.37,307.88,301.66,297.38,288.42,279.32,277.42,268.17,261.26,254.28,243.77,240.42,234.37,227.26,215.14,206.52,196.24,190.91,176.77,167.60,156.28,146.37,134.20,125.40,109.25
75.69,82.10,90.80,95.34,103.41,110.11,114.86,125.23,133.42,140.29,152.43,158.40,166.23,177.10,184.69,195.02,202.12,211.52,223.49,231.87,245.18,256.18,264.57,271.00,277.70,281.00,284.26,283.73,281.16,274.17,274.03,265.35,257.11,252.52,241.92,237.19,231.16,224.32,218.36,209.35,202.05,196.08,184.61,174.96,172.93,160.03,152.61,145.09,134.03,123.31,114.63,103.58
77.88,85.15,94.26,100.85,105.93,110.17,117.20,130.43,136.31,144.78,155.71,165.05,171.27,181.11,187.76,200.90,209.88,219.24,227.63,240.42,256.22,264.91,272.30,281.01,287.69,294.16,294.77,292.04,289.87,284.89,283.73,276.03,265.50,259.70,249.90,245.96,239.71,231.95,227.27,215.67,208.59,201.70,190.56,179.98,177.02,163.42,154.69,147.03,137.32,128.89,117.34,105.93
85.44,92.31,100.72,105.55,109.29,113.84,125.20,134.85,141.85,150.23,160.00,170.02,179.01,187.61,193.98,206.89,217.01,229.26,241.30,247.15,262.83,273.25,284.06,289.97,299.64,305.79,311.71,306.97,303.43,299.90,294.46,285.62,276.46,273.59,264.55,257.39,250.84,241.10,235.27,228.01,222.70,210.54,198.81,188.22,183.07,165.89,157.63,148.49,139.61,130.60,120.74,108.16
63.32,59.08,68.88,70.58,70.49,67.90,67.01,76.49,74.95,83.02,93.05,101.61,113.65,124.34,131.53,144.06,154.98,163.25,177.12,186.94,202.47,212.51,221.38,228.98,236.60,244.76,249.72,246.00,245.75,242.37,241.21,237.29,228.00,223.49,213.86,207.91,200.96,192.82,187.02,175.00,169.10,159.14,150.76,140.92,134.09,121.49,114.48,105.85,98.25,91.21,85.70,77.67
64.50,69.08,76.01,80.66,88.41,80.00,75.80,72.99,78.64,73.33,87.05,94.54,108.78,127.94,142.80,153.26,162.98,175.23,184.98,197.00,218.76,229.71,236.28,246.04,252.81,259.65,267.04,265.94,261.73,259.01,256.33,248.85,240.07,233.42,226.05,216.42,207.47,197.40,188.73,177.23,167.15,154.30,140.25,131.37,122.98,107.12,99.25,93.04,82.98,75.72,73.68,66.03
76.69,79.65,81.06,75.39,77.41,76.12,83.49,91.27,99.82,105.26,118.43,142.00,145.25,151.40,163.49,179.01,188.96,203.59,217.35,218.66,233.46,241.35,250.77,256.16,263.69,272.62,276.96,275.43,273.58,271.31,265.86,257.61,245.20,240.66,229.56,219.32,208.41,194.16,183.05,168.24,158.32,143.75,131.48,117.03,108.45,93.05,86.13,77.70,69.66,65.55,64.07,58.19
57.94,62.43,65.80,68.10,70.23,74.73,77.10,82.46,90.62,100.34,105.80,113.36,125.20,133.20,138.10,154.03,158.86,169.50,181.18,187.58,201.79,216.00,223.44,230.77,238.17,240.51,246.55,244.10,244.98,239.77,236.03,231.40,219.66,213.04,205.19,196.79,189.76,178.51,170.00,160.43,150.00,141.44,134.16,121.51,117.20,103.58,97.25,88.26,82.01,74.40,71.78,64.01
65.12,71.01,75.13,82.57,85.91,92.65,97.19,109.04,117.72,125.00,132.77,140.17,150.96,156.73,163.68,173.10,181.84,189.45,200.74,206.17,218.08,229.54,237.97,244.66,249.62,253.55,258.00,257.11,252.93,248.52,242.59,235.78,225.80,216.52,208.27,198.91,190.59,178.36,170.18,158.81,150.28,140.58,131.14,120.07,113.22,99.90,96.18,86.40,80.02,74.95,70.33,62.97
59.67,65.51,72.35,77.82,82.76,89.36,95.52,108.23,118.31,125.67,135.15,142.30,152.76,159.24,166.74,176.24,184.84,192.52,201.69,209.69,222.44,233.81,240.05,249.13,253.30,256.74,261.56,260.41,256.35,250.57,247.54,239.92,230.55,218.49,210.44,203.06,194.54,184.25,174.61,161.31,154.03,143.96,135.59,122.64,114.54,104.20,98.49,88.60,84.10,76.49,74.41,66.48
72.07,80.81,87.66,95.86,101.83,110.37,118.30,133.21,141.82,149.86,159.26,168.44,175.86,182.61,190.80,201.16,210.37,217.94,229.46,235.48,250.19,260.09,267.28,275.94,282.39,288.01,291.08,284.69,283.03,279.20,272.83,265.09,254.52,243.94,236.04,225.21,215.59,201.43,188.74,174.41,164.84,151.79,140.36,129.63,122.19,105.19,99.64,90.67,83.65,76.38,73.54,65.07
72.17,81.02,89.01,96.90,102.73,112.09,119.07,135.09,144.31,152.09,161.38,169.29,176.82,186.45,192.42,200.42,210.44,219.15,227.04,237.84,249.21,260.05,264.80,273.19,279.73,284.45,288.17,283.49,281.84,274.34,274.26,263.83,255.64,244.95,236.60,227.68,215.02,204.69,196.12,179.81,172.07,160.01,143.59,134.03,125.43,110.37,103.79,96.18,85.80,79.03,74.69,68.25
69.30,79.18,87.32,95.13,103.45,111.65,119.52,133.66,141.03,150.62,158.35,169.85,179.05,182.28,192.00,199.37,210.77,219.37,230.76,235.73,247.78,257.41,266.02,274.84,279.31,284.96,291.45,283.43,282.58,279.26,276.07,266.81,258.57,252.19,248.36,237.14,227.00,221.46,210.62,202.94,195.48,182.26,172.10,160.65,152.76,133.88,125.40,116.52,107.22,99.02,89.54,78.75
73.76,85.23,92.76,100.84,109.12,118.09,127.01,140.62,150.36,160.59,167.03,175.82,186.78,193.13,201.02,210.44,218.00,228.32,238.32,245.20,259.41,266.18,276.49,282.25,288.78,299.07,300.22,295.04,293.06,290.50,285.16,275.77,270.78,265.65,260.22,249.99,241.99,232.59,227.25,219.00,213.93,198.25,189.56,180.65,173.36,155.72,146.69,135.28,125.25,116.16,102.96,93.60
84.00,94.94,101.98,111.22,121.49,130.65,135.48,148.72,155.88,162.80,172.63,178.76,185.53,192.90,198.98,206.89,216.09,225.60,232.59,239.14,250.89,261.95,268.57,275.86,278.06,283.49,287.02,284.40,284.54,280.96,275.11,266.54,260.65,256.00,250.25,243.46,235.48,224.86,221.36,213.03,206.89,194.13,183.99,173.62,167.59,150.05,139.52,129.76,119.94,108.27,96.83,86.53
84.77,95.13,101.02,110.11,118.66,126.59,132.46,143.27,147.09,154.03,161.83,166.86,174.40,179.96,186.59,191.02,196.65,203.54,211.03,218.16,227.98,233.79,242.99,249.58,252.77,256.63,261.44,259.79,257.61,256.33,252.48,246.13,239.62,232.65,229.09,224.01,218.28,211.62,207.42,198.72,192.82,189.97,179.10,172.19,166.02,153.67,146.41,136.62,127.28,115.55,106.89,94.89
84.91,95.13,100.45,111.40,116.47,123.94,128.19,139.14,144.94,151.21,157.21,164.30,170.30,172.80,180.00,182.48,191.64,198.25,207.53,210.23,220.06,224.89,235.13,241.09,244.20,252.07,252.83,248.94,247.37,247.89,242.33,236.14,230.29,228.11,222.99,217.67,208.24,203.05,198.30,195.56,187.38,180.85,173.63,166.31,162.15,146.70,140.58,130.00,123.31,114.13,102.11,91.29
86.33,95.57,102.00,112.18,119.47,125.40,132.64,142.27,146.41,154.03,160.02,166.24,172.57,178.06,182.99,185.31,193.13,199.97,208.80,214.46,224.08,227.90,239.30,247.11,249.80,253.84,257.03,253.06,253.22,253.29,246.94,239.63,233.42,230.79,226.00,221.40,212.08,207.15,201.64,196.09,188.82,183.85,174.07,167.63,163.11,148.53,142.14,132.10,123.98,114.44,102.88,91.97
88.68,99.81,106.51,115.04,123.32,130.92,139.09,148.22,155.24,161.61,171.84,176.34,183.93,191.02,196.81,201.63,207.55,215.41,225.23,228.05,241.23,246.01,255.98,264.04,266.69,270.45,274.77,272.73,269.94,268.04,261.40,254.23,248.00,245.73,239.93,232.70,225.57,217.75,212.32,208.15,201.20,196.33,184.95,180.31,173.95,159.42,152.74,142.27,131.31,125.00,112.20,100.57
83.22,94.73,102.49,111.25,118.19,126.15,134.08,141.66,149.49,157.62,165.46,172.63,180.43,186.78,194.01,200.73,208.93,217.30,227.04,232.43,245.54,251.00,264.37,270.50,273.54,282.33,281.85,279.73,277.30,275.84,268.34,259.72,254.59,252.40,243.39,236.03,230.93,222.30,218.19,212.42,205.43,196.02,189.76,182.46,176.62,160.51,155.55,144.92,136.09,125.40,113.53,100.57
80.78,92.18,101.02,107.56,117.60,123.91,133.30,147.17,154.03,162.93,171.21,179.41,185.78,194.01,199.18,209.62,222.04,230.67,240.52,246.07,260.82,271.71,280.17,288.13,291.21,299.37,305.00,297.97,297.62,296.24,288.42,278.66,272.37,270.38,259.70,253.40,248.72,237.26,234.02,227.88,221.42,210.45,202.47,195.85,189.25,172.49,164.45,154.69,144.50,135.25,121.15,108.16
76.38,86.76,96.42,104.12,111.83,118.81,127.20,140.12,147.43,152.82,160.16,171.19,175.68,180.85,189.45,199.18,211.29,219.49,229.31,235.23,247.46,256.26,264.91,272.43,276.98,285.10,288.25,281.09,283.20,280.19,273.31,267.42,256.16,256.13,244.18,239.72,234.41,224.77,221.05,215.61,208.69,198.65,192.21,182.16,176.66,162.05,154.47,144.92,135.87,124.91,115.85,101.53
75.07,83.57,93.01,102.69,106.83,117.18,126.02,138.06,146.10,155.62,162.20,173.66,180.31,183.81,195.49,204.01,211.97,224.74,234.39,242.29,255.16,266.18,273.51,280.96,286.88,296.12,299.35,291.99,292.02,288.23,285.66,275.87,266.66,264.12,255.86,250.00,241.17,232.81,226.46,219.11,214.44,201.49,194.08,186.20,179.98,167.89,158.29,149.46,138.05,127.77,116.97,104.40
73.35,83.35,91.44,101.02,106.57,116.93,122.80,138.20,146.15,152.19,160.85,171.59,176.95,184.10,192.01,200.85,212.53,223.89,233.07,239.87,253.33,262.61,271.53,277.88,284.01,293.57,295.79,288.48,291.49,285.73,280.88,272.81,263.74,260.00,251.53,246.56,238.76,230.36,223.60,216.69,213.38,200.89,193.31,184.48,178.00,165.58,158.22,148.33,136.00,127.47,116.39,103.31
84.08,93.43,100.32,111.36,119.11,129.25,135.25,148.34,160.56,166.74,175.41,187.00,192.67,200.35,209.25,217.34,228.60,238.89,246.95,257.71,272.80,278.82,287.39,295.63,299.87,307.51,310.65,304.31,305.28,299.46,293.47,283.45,275.22,270.05,262.15,256.05,247.12,240.22,232.77,225.20,218.80,206.71,200.37,192.34,184.72,171.47,162.83,152.84,143.00,133.09,121.84,108.98
80.78,92.09,100.62,110.31,117.66,127.40,135.80,147.41,156.16,164.30,173.22,183.31,190.91,196.16,205.68,212.85,223.33,233.63,242.01,250.06,263.53,271.81,278.78,286.84,290.71,296.66,299.61,293.99,292.23,289.56,283.59,273.64,265.37,257.51,251.03,245.37,236.68,228.67,222.71,215.93,209.75,199.82,189.26,183.37,174.10,164.44,154.77,145.09,134.63,124.39,115.73,104.04
82.30,93.92,102.45,111.22,121.84,132.19,138.00,152.55,163.05,171.19,180.14,190.07,198.34,206.89,216.15,225.21,236.81,244.38,254.69,267.05,278.80,289.23,294.09,301.01,309.01,314.10,314.65,312.03,308.42,302.03,298.21,289.56,276.25,270.63,260.32,254.35,249.69,238.55,233.02,222.75,217.08,206.90,195.13,187.13,179.88,169.45,160.13,151.61,135.95,125.72,119.00,104.79
85.59,98.35,105.12,114.77,123.76,134.03,139.90,151.95,162.48,167.89,178.62,187.84,193.04,202.12,211.83,219.70,231.72,237.74,247.00,256.73,267.05,279.26,285.27,291.11,295.38,299.15,302.37,300.14,297.32,289.91,288.90,279.23,268.04,261.40,254.02,248.36,241.99,232.05,228.48,218.98,211.74,202.94,191.67,185.93,178.49,167.07,157.93,149.37,137.91,127.00,117.39,104.81
86.68,99.25,106.10,117.39,124.34,134.84,141.22,156.54,166.77,172.49,180.24,191.38,197.25,205.24,213.01,221.45,232.62,241.45,253.16,259.23,270.68,282.40,289.35,294.15,300.34,309.43,308.08,300.71,298.82,294.91,289.50,279.95,270.52,266.06,259.62,252.05,243.61,233.44,229.46,223.79,217.22,204.25,197.40,190.14,181.80,168.29,160.00,149.89,141.23,127.48,118.00,106.55
79.16,90.14,95.88,106.30,114.81,123.43,130.08,141.51,152.09,156.08,169.61,176.31,182.32,191.48,199.74,207.01,215.75,223.49,231.87,243.25,252.24,264.01,267.07,274.23,280.59,284.32,284.61,283.10,282.12,275.18,274.06,261.35,253.71,247.24,238.37,233.93,227.07,220.66,214.70,205.27,200.20,193.33,184.36,175.33,170.84,158.14,150.27,140.58,130.67,120.33,111.54,99.64
86.27,94.64,106.98,115.04,124.33,133.22,141.24,156.32,164.16,171.49,179.60,189.89,198.76,204.07,213.26,220.86,232.31,243.29,251.60,260.43,271.15,280.56,289.91,297.53,301.30,308.81,309.92,302.76,301.21,298.52,293.49,284.43,274.10,270.83,263.40,254.57,246.05,238.20,231.62,226.55,219.87,208.32,201.76,191.92,187.55,173.30,165.42,154.35,145.67,134.10,123.33,110.69
82.88,91.68,102.36,111.36,119.77,129.27,137.36,150.88,159.01,166.09,174.77,186.70,193.78,199.61,205.04,216.76,227.07,238.47,246.87,252.41,264.43,273.79,280.81,291.24,294.59,301.53,305.12,297.60,296.94,292.39,286.25,277.42,266.85,265.14,256.03,250.41,242.00,234.14,229.53,221.71,217.19,205.88,199.69,190.26,183.98,171.55,161.91,153.52,143.18,132.83,121.82,109.42
80.50,89.27,99.32,108.47,117.17,125.60,135.34,149.97,158.03,165.13,176.73,182.16,190.97,200.48,207.69,217.81,227.65,235.52,245.09,253.18,267.12,274.49,281.97,290.08,296.86,298.44,303.04,297.06,297.58,289.61,287.64,278.84,270.38,264.27,256.74,250.57,243.99,236.09,229.63,221.28,216.32,206.52,197.67,190.92,184.27,174.75,166.43,155.00,144.81,132.97,123.17,111.40
80.41,94.34,99.30,109.62,118.14,130.21,138.24,153.29,161.61,168.24,180.49,188.31,196.96,205.55,214.74,224.51,233.62,243.40,253.13,260.93,274.30,284.43,290.26,298.28,307.33,311.08,311.13,308.36,305.76,299.24,298.20,289.01,278.52,274.15,265.19,259.00,253.80,244.26,239.34,230.78,225.85,215.75,208.09,200.82,192.60,181.57,171.64,161.00,150.37,140.00,128.32,115.41
70.04,79.91,88.77,97.31,105.39,115.13,121.04,137.59,144.69,153.77,162.69,171.05,177.67,186.45,192.39,202.71,214.90,223.66,232.54,236.66,246.38,257.84,266.67,273.08,279.46,284.86,286.15,278.71,278.04,275.54,273.08,263.94,253.49,252.62,245.98,239.59,231.14,222.34,217.27,213.43,207.48,198.20,192.57,184.95,177.75,166.05,158.03,146.22,137.57,128.47,116.76,104.48
67.91,77.90,86.31,94.87,101.24,109.66,120.35,133.60,143.53,152.32,157.84,170.18,177.92,185.69,190.42,202.48,210.47,221.27,230.71,234.76,246.71,257.78,264.64,270.50,276.57,280.20,285.16,280.71,278.00,271.81,269.03,259.75,250.51,251.08,243.02,238.17,229.31,223.43,217.25,212.45,208.69,198.49,191.64,181.07,177.10,164.61,157.87,146.39,137.88,127.48,114.98,104.40
70.41,78.41,88.39,95.90,105.39,114.18,121.04,135.21,144.03,153.08,163.03,173.95,180.85,190.54,197.91,205.70,213.44,225.62,234.34,241.41,255.57,264.56,270.38,274.15,286.90,287.77,288.23,286.53,286.42,275.49,277.02,268.03,259.67,254.40,248.57,243.48,236.04,227.56,223.58,218.11,211.56,204.44,193.28,188.66,180.51,169.78,163.49,151.48,140.43,129.83,117.44,107.20
69.43,79.01,89.02,96.57,102.65,112.71,120.84,136.69,145.42,154.51,163.17,174.01,182.56,190.54,197.43,206.69,216.67,228.01,237.88,243.08,254.04,264.98,271.31,280.53,286.78,291.08,293.30,287.45,286.16,280.64,277.06,265.75,258.49,255.63,249.82,243.06,234.18,226.18,222.65,217.55,211.38,201.94,194.29,186.10,179.69,168.00,159.89,149.41,139.99,130.97,114.83,104.12
75.11,85.15,93.02,103.39,110.39,121.46,130.19,144.01,156.20,163.37,174.26,184.33,192.42,202.61,208.63,218.36,229.12,240.03,251.29,256.76,268.88,279.52,289.34,292.84,299.35,304.10,307.88,299.04,299.77,293.20,287.34,279.25,269.98,265.36,259.53,253.66,242.54,237.08,230.64,225.04,218.75,208.87,199.65,193.04,185.70,171.97,163.22,152.12,143.74,133.54,120.93,109.33
73.66,84.08,91.35,100.00,108.81,118.98,125.40,139.53,146.37,154.78,163.78,173.17,180.28,188.22,193.85,203.01,210.09,219.46,228.62,233.00,242.89,252.60,257.10,265.48,268.00,271.22,272.94,271.25,267.99,261.66,257.19,252.04,241.36,236.92,231.81,226.01,220.51,214.11,205.64,203.59,196.73,191.43,181.22,174.00,168.15,156.49,150.46,140.16,132.70,122.29,111.83,102.18
75.17,83.19,92.11,101.26,108.30,119.36,125.87,141.29,147.46,156.11,162.00,174.83,180.25,188.56,194.18,202.04,209.34,222.06,228.90,232.00,240.88,251.07,256.10,263.69,266.66,270.86,273.27,266.31,265.88,260.23,254.70,248.29,239.27,236.70,231.28,224.74,216.19,208.60,203.68,202.77,197.34,187.83,180.36,172.68,166.36,154.77,146.66,138.40,130.97,120.60,108.06,98.84
76.56,85.91,94.03,101.53,110.07,118.85,126.76,141.32,148.66,155.12,164.35,172.63,180.16,187.63,195.36,201.25,209.27,220.51,228.66,232.21,241.35,252.01,255.41,262.83,266.63,270.63,270.36,267.31,266.13,259.79,255.05,250.32,238.65,236.07,227.50,222.68,216.06,207.13,205.00,199.62,193.38,184.59,175.64,168.96,162.11,153.00,143.56,136.47,127.28,117.96,106.93,97.59
79.63,87.66,98.29,107.79,115.85,126.91,134.46,149.88,157.41,168.02,174.43,186.00,192.51,200.24,205.18,214.48,228.33,236.92,246.08,249.00,258.50,269.41,276.87,283.11,287.45,293.34,296.51,288.23,286.40,280.88,273.76,266.92,256.78,256.10,247.69,241.35,230.22,220.08,218.40,213.38,207.94,198.15,188.96,182.44,174.93,161.77,153.33,141.76,135.21,125.64,111.99,102.39
83.49,93.48,105.34,114.13,119.10,131.47,141.03,153.57,164.45,170.95,179.00,191.05,198.06,205.20,208.40,219.18,228.57,239.84,246.40,251.56,260.84,271.09,276.10,283.13,287.11,296.08,294.46,286.22,285.57,281.46,274.03,267.32,257.16,257.03,247.49,241.10,231.22,224.54,219.97,215.00,209.61,197.65,191.94,182.26,177.14,161.93,154.21,144.09,136.56,127.91,113.57,102.42
77.47,87.30,96.90,106.21,115.74,123.07,132.03,145.26,153.81,160.90,169.16,176.92,185.81,192.98,198.34,209.97,218.01,224.88,231.61,240.20,248.64,260.00,264.01,271.77,277.00,280.14,282.02,276.23,277.35,267.47,264.41,260.28,248.24,244.03,237.59,230.67,222.89,215.19,212.90,204.42,198.30,189.39,181.18,172.54,167.43,156.68,147.30,137.31,128.32,119.36,109.08,98.47
84.20,95.13,103.77,113.51,121.07,133.18,141.32,155.05,166.21,171.77,180.65,192.38,199.42,206.16,213.38,223.83,231.23,241.81,250.91,257.28,265.68,278.43,283.89,291.82,295.57,299.92,303.66,294.68,296.42,289.43,285.33,277.41,265.42,262.77,255.63,248.39,237.54,231.89,225.84,219.20,215.08,203.42,195.72,186.94,180.10,165.60,159.01,147.12,138.19,128.10,113.11,105.00
78.31,88.19,95.13,105.30,114.11,124.08,131.59,144.01,152.24,158.42,166.97,176.37,181.80,190.39,196.66,205.24,211.15,221.27,230.50,236.04,244.46,255.05,260.93,268.80,272.66,274.61,276.92,272.36,272.01,266.32,264.49,254.24,243.90,242.40,235.33,229.44,219.91,212.43,207.89,203.38,197.09,188.09,180.71,173.07,167.30,154.55,148.12,135.33,127.86,117.07,107.87,97.02
77.08,87.97,98.33,106.89,112.36,123.04,130.92,144.01,153.03,159.45,168.24,177.50,186.68,192.28,197.39,206.40,214.28,223.16,233.70,236.24,245.58,255.26,261.87,270.13,274.41,279.66,281.09,272.96,274.58,268.00,264.22,255.10,247.08,244.90,237.35,230.23,222.35,216.09,209.27,203.80,201.53,190.59,183.86,174.45,169.94,155.16,148.07,138.22,129.83,119.85,108.27,95.26
78.41,89.16,98.41,105.82,113.76,123.02,132.28,146.39,151.82,161.55,169.11,176.15,183.83,189.27,198.91,207.42,211.60,221.31,231.98,236.04,244.71,255.41,261.07,269.98,272.84,274.13,276.92,274.75,273.25,266.51,264.46,255.33,246.45,240.03,232.86,228.35,220.84,216.33,211.57,205.70,200.90,191.60,181.81,172.41,168.66,154.93,148.49,139.32,128.83,115.74,110.32,97.53
69.35,79.83,84.21,94.24,102.40,111.02,117.66,126.78,135.45,141.68,151.72,155.13,164.20,169.06,178.31,183.33,189.79,197.36,204.60,211.62,218.33,228.47,231.14,236.58,241.81,243.53,244.90,242.92,242.01,236.00,233.98,224.01,217.83,211.92,206.86,199.91,197.21,190.16,186.08,180.00,175.64,168.81,160.72,153.39,148.79,139.62,130.73,123.44,113.60,104.48,97.50,85.43
85.29,94.59,103.08,113.86,123.94,134.37,141.01,155.65,163.13,171.23,182.39,191.05,199.25,207.00,212.61,222.58,228.81,237.69,244.56,257.12,265.20,276.59,280.96,287.15,291.80,296.04,296.28,289.61,289.50,282.71,279.18,271.36,260.16,257.11,248.32,240.63,236.24,229.63,225.01,215.13,209.70,201.63,193.13,185.65,180.14,166.36,158.62,147.28,137.27,128.02,116.39,104.40
78.75,90.08,98.51,106.89,116.28,124.84,132.88,147.11,154.73,162.59,170.99,176.78,188.15,192.92,200.21,208.96,214.41,223.47,233.41,240.21,248.41,257.28,263.05,268.08,273.56,278.43,277.91,272.12,270.91,265.65,264.41,255.05,246.20,240.10,234.55,229.67,223.21,219.10,213.49,203.75,199.16,191.42,183.37,175.24,168.60,156.55,147.36,137.48,124.74,116.21,105.77,93.19
79.31,88.55,99.70,107.62,113.84,127.77,133.22,147.15,154.21,160.90,174.96,178.54,189.17,194.18,201.80,211.85,217.69,225.51,235.30,241.61,251.45,260.73,266.24,269.70,277.20,282.62,281.26,273.12,273.10,267.59,266.19,257.39,247.49,244.77,235.92,231.42,225.80,217.91,216.11,206.60,201.94,194.43,184.14,177.10,171.99,159.15,148.60,139.46,128.00,116.97,105.85,95.43
76.55,85.38,92.27,101.77,111.40,121.49,126.49,141.22,146.69,154.47,163.93,170.53,177.02,185.13,191.85,200.06,208.70,212.88,222.25,230.11,236.32,245.60,252.94,257.11,260.51,265.45,264.70,261.08,258.05,251.77,250.05,243.04,234.44,231.68,222.85,219.54,211.73,205.41,201.94,196.43,190.54,183.20,174.23,168.29,161.70,151.64,141.57,130.70,119.85,111.02,101.08,89.68
76.03,87.80,93.54,102.65,113.46,120.15,127.28,141.01,148.19,155.32,164.10,170.42,178.47,184.89,190.76,200.36,208.84,212.12,220.79,229.84,238.37,246.45,253.78,259.62,261.96,266.16,264.59,260.20,257.61,253.00,251.05,244.25,233.99,230.85,224.64,218.96,213.59,206.85,203.53,195.06,190.82,184.62,173.07,166.97,162.29,152.19,142.01,131.47,120.44,111.07,102.40,92.72
71.18,82.22,90.74,98.31,105.82,113.23,122.92,137.32,143.78,150.90,155.57,165.58,173.33,175.62,182.18,191.05,198.76,207.51,214.25,217.79,226.75,235.16,242.29,243.91,247.39,255.16,255.49,245.60,243.77,242.23,236.60,230.02,219.83,220.29,212.42,206.30,200.14,193.16,191.88,184.17,180.60,172.66,166.48,159.15,152.75,141.68,131.38,123.18,115.16,108.00,94.37,83.77
77.23,87.66,95.51,105.23,115.92,124.48,131.83,146.49,152.74,160.02,168.50,176.65,185.15,191.17,198.07,207.02,215.06,221.33,229.22,236.72,243.56,253.15,259.62,262.48,268.34,271.27,272.59,263.96,261.84,256.46,255.88,244.77,235.14,235.16,224.80,221.62,215.72,206.23,203.96,196.22,191.67,184.44,176.46,169.45,162.86,151.29,142.58,134.24,123.66,117.14,104.80,95.71
78.75,90.79,97.29,106.00,117.28,126.46,133.99,146.82,155.31,161.28,170.84,178.01,186.12,193.88,200.35,209.68,215.03,221.63,229.22,236.02,246.73,253.64,258.91,264.80,267.92,272.52,272.40,266.54,264.68,257.61,257.05,246.83,239.38,234.61,226.63,221.65,214.67,207.97,205.57,197.29,192.01,186.12,175.21,172.18,165.80,152.55,145.50,135.92,127.00,118.88,106.89,95.67
79.06,89.94,98.49,107.28,115.21,124.78,133.54,148.73,156.82,163.69,171.84,182.70,189.76,194.10,201.70,207.20,219.22,225.64,235.24,238.05,247.34,254.69,262.02,265.22,268.94,273.78,274.85,267.16,265.00,260.74,256.16,244.71,236.24,236.60,226.85,222.69,215.13,206.41,202.83,198.70,192.61,181.96,175.86,170.88,164.47,152.47,143.68,136.08,126.73,119.28,104.75,97.51
84.29,95.52,105.26,115.07,123.03,135.92,141.77,158.38,168.01,176.11,180.37,193.93,200.25,207.87,216.45,225.08,231.49,242.00,248.20,257.47,265.93,274.64,279.87,284.86,288.59,293.63,295.63,286.67,286.64,276.03,275.07,264.15,253.90,252.05,244.13,237.88,230.63,220.49,217.26,210.45,204.41,195.44,189.17,182.48,176.17,162.52,153.95,144.01,136.56,128.28,112.81,102.59
80.06,90.71,104.10,113.17,120.22,131.24,139.52,152.51,162.54,169.18,179.47,190.10,197.59,202.48,209.35,220.05,227.08,236.89,243.90,250.79,258.85,270.05,274.61,282.85,284.12,288.95,289.26,284.10,280.64,273.77,270.19,259.45,249.51,245.51,238.61,231.90,224.13,217.62,212.30,206.17,199.81,193.83,183.22,178.26,170.86,159.55,152.05,142.86,133.06,123.37,112.16,102.65
83.38,92.97,103.25,112.40,123.15,132.85,138.41,152.41,162.39,170.04,179.91,189.74,197.09,203.90,209.78,219.35,226.32,235.47,243.77,251.83,258.03,268.75,273.21,282.20,283.72,285.18,287.57,282.46,281.82,270.15,271.01,258.82,249.06,245.35,238.40,232.55,225.25,217.33,210.85,206.37,200.60,191.38,183.17,177.55,169.33,160.65,151.34,143.13,132.02,124.15,113.03,103.41
82.49,92.23,98.84,109.71,116.61,127.95,137.93,147.26,154.83,162.74,172.88,181.12,186.75,194.37,200.26,207.79,215.59,224.64,229.01,238.81,245.99,253.55,260.05,265.36,268.63,270.82,270.49,265.81,262.10,257.15,254.92,242.20,235.54,232.86,226.92,218.02,212.25,205.06,200.14,194.74,189.01,182.46,173.92,167.43,163.62,151.45,145.00,136.21,126.49,120.34,108.85,98.39
84.91,97.59,104.10,114.48,121.93,133.30,140.92,155.32,164.20,170.07,180.60,187.97,194.55,203.09,208.75,219.79,225.32,234.16,238.85,249.58,256.18,266.10,269.42,279.22,281.66,283.68,284.02,276.49,274.40,267.12,266.65,257.17,246.66,242.22,236.78,229.13,221.60,217.79,211.63,204.29,198.32,192.21,183.53,176.64,170.75,160.70,152.11,141.21,134.66,124.91,115.04,103.59
83.19,94.26,106.23,114.48,119.42,130.70,137.88,152.31,160.65,165.52,175.64,184.98,192.20,198.04,204.36,212.73,219.34,230.16,237.36,241.57,249.26,256.63,264.09,272.12,273.06,279.59,281.77,270.93,268.88,266.03,259.47,251.03,241.23,240.47,231.23,224.96,215.78,211.81,206.01,203.59,197.62,188.67,183.31,173.91,169.50,158.91,148.76,138.96,132.65,124.78,111.99,101.71
85.15,94.92,101.91,110.98,118.02,129.69,138.54,148.48,159.30,165.12,175.73,180.50,185.13,195.79,201.21,210.24,219.79,227.56,232.69,240.83,246.95,256.83,262.59,267.53,272.73,275.88,276.03,270.22,266.92,261.00,258.38,250.80,243.56,235.31,231.56,224.85,217.30,211.52,205.88,200.03,194.67,186.07,179.20,173.61,166.71,155.80,150.00,140.22,131.64,122.58,112.04,102.16
88.46,99.76,111.57,121.02,125.93,137.38,146.40,160.38,169.85,175.65,185.13,194.28,202.68,207.51,213.55,224.96,230.31,243.07,248.24,253.90,262.12,270.19,276.38,284.54,288.78,293.47,293.98,283.56,282.17,278.83,272.20,263.01,256.88,250.34,245.70,238.32,229.71,223.66,219.44,211.98,205.57,197.34,190.67,182.88,178.47,166.97,157.44,147.68,139.29,131.69,117.27,106.83
89.55,100.45,108.85,118.11,127.24,138.62,145.80,161.07,168.91,175.24,186.57,192.09,200.38,209.34,214.37,224.96,230.59,241.51,248.20,256.70,264.57,273.39,277.14,286.54,291.44,293.96,293.21,286.59,283.06,277.16,276.44,266.54,258.70,252.00,245.25,237.19,230.49,223.29,218.82,210.89,205.53,199.74,191.21,183.37,178.47,168.50,158.52,147.61,139.09,129.71,120.78,108.23
75.59,86.31,96.25,103.73,110.45,120.21,128.16,140.73,146.73,152.46,161.41,169.01,173.98,180.55,185.00,194.46,201.65,211.32,215.74,221.01,227.85,236.07,240.43,247.40,251.08,256.74,254.76,247.35,246.59,243.28,238.56,230.41,223.27,219.92,211.87,208.25,199.48,195.39,191.15,184.39,180.35,175.56,167.72,159.67,154.30,144.63,135.86,129.10,121.81,113.15,103.39,93.49
77.88,86.61,94.92,102.08,109.11,118.95,126.40,139.32,144.80,151.49,156.49,166.58,173.01,177.49,181.10,190.28,196.16,207.10,213.02,214.45,222.04,231.28,234.36,241.10,245.60,249.72,250.17,241.21,239.62,236.41,230.93,225.94,219.11,215.62,210.62,203.42,195.90,190.69,187.22,180.94,177.08,168.96,164.37,155.54,151.54,142.52,133.23,124.35,117.88,110.11,100.81,90.38
80.10,91.01,99.76,107.56,116.21,123.03,132.46,145.84,152.01,158.40,165.59,174.04,181.59,188.38,193.13,201.72,209.47,215.06,223.16,228.04,233.12,244.03,247.68,255.27,260.72,262.06,260.38,255.23,252.69,250.50,243.80,240.24,231.78,224.63,221.68,213.71,206.78,202.20,198.59,190.16,186.13,180.85,173.85,165.32,159.29,149.89,141.35,133.66,125.24,115.62,105.69,95.88
83.38,92.91,103.25,110.94,117.38,126.75,137.48,151.21,160.02,163.88,173.63,180.31,188.81,195.21,197.68,208.71,216.53,225.00,232.13,237.84,246.22,255.97,260.05,267.88,271.37,275.63,276.38,269.55,266.72,264.61,258.14,251.34,242.92,238.30,231.03,225.40,216.31,211.09,205.30,200.82,194.02,186.50,179.98,172.68,165.25,155.08,144.59,135.83,127.86,117.75,107.06,97.51
82.28,90.80,101.83,109.44,116.81,126.15,136.65,148.01,156.46,161.25,168.88,174.94,185.42,190.92,197.52,205.77,211.81,220.20,229.49,233.00,240.30,250.99,255.97,262.46,268.27,269.95,271.43,264.38,263.94,258.82,254.02,246.01,236.02,234.23,225.50,218.52,212.45,203.94,202.07,193.98,190.39,182.24,174.43,168.00,159.66,148.72,141.60,130.21,122.38,112.79,102.24,92.97
74.32,83.55,91.07,98.76,109.00,117.15,123.00,135.09,141.69,147.65,159.31,165.52,171.54,176.98,182.86,188.04,195.72,203.06,210.77,215.61,224.32,231.29,234.89,242.40,245.80,247.55,246.08,246.66,241.36,235.47,235.69,227.88,217.41,213.49,206.63,199.85,196.21,188.90,185.32,176.40,171.17,165.50,158.75,151.95,144.13,133.15,127.48,119.00,108.68,101.18,93.41,81.84
76.06,90.79,97.91,105.48,112.61,124.15,132.19,144.46,151.56,159.15,168.31,176.74,183.10,188.86,196.65,204.08,210.35,218.04,226.42,231.49,241.10,248.87,254.23,261.20,265.75,266.90,265.00,264.20,261.07,254.38,254.59,246.11,236.24,230.50,223.67,216.36,211.02,204.36,199.54,191.54,186.32,178.64,171.54,163.27,157.00,142.97,136.97,128.81,117.15,109.12,99.04,90.20
73.50,83.53,93.72,100.66,107.23,117.48,124.34,137.41,145.10,152.07,159.25,168.13,175.51,180.48,185.31,192.77,200.90,208.24,212.78,219.65,226.60,233.50,239.93,244.00,249.90,255.07,255.69,247.32,246.91,241.21,236.58,231.01,220.66,220.72,212.51,207.39,199.01,192.28,190.03,183.98,179.74,168.62,165.89,156.39,152.12,137.90,131.88,121.84,115.00,106.04,94.87,83.24
80.06,91.05,99.02,106.83,115.25,126.61,132.38,147.43,154.62,160.03,170.29,178.77,186.68,191.66,200.57,205.68,215.19,222.64,229.09,235.48,244.46,252.24,256.67,265.00,269.26,273.78,273.79,267.99,265.55,260.52,255.55,250.65,239.73,238.85,229.37,225.16,217.39,212.40,207.51,201.68,194.83,184.20,177.01,169.10,165.05,149.88,140.91,132.77,123.66,112.70,102.88,92.00
77.78,82.57,97.00,110.57,118.07,125.57,135.72,147.11,151.80,164.12,169.92,183.11,188.00,191.13,200.89,209.58,216.52,225.01,233.48,237.59,248.07,256.13,263.23,269.88,270.42,277.01,277.37,272.74,269.76,265.81,258.14,251.14,243.82,241.68,234.08,226.49,221.65,214.67,210.28,205.24,197.61,189.11,181.02,173.69,165.76,155.03,145.13,133.70,127.31,116.30,103.81,94.02
82.57,95.02,102.16,113.04,122.25,133.66,140.39,156.73,166.42,174.86,186.42,194.03,202.51,207.20,217.80,227.97,233.45,244.81,251.85,259.56,274.20,281.26,286.25,295.08,299.64,302.17,305.24,300.19,299.40,289.01,286.68,277.42,270.11,259.86,254.23,248.85,241.90,231.46,226.42,218.23,212.25,204.80,194.18,187.81,180.49,168.00,160.59,149.21,139.09,130.43,118.46,108.42
81.32,91.92,101.55,110.60,120.21,132.19,139.32,154.77,161.11,171.02,181.65,191.11,197.89,204.08,212.05,221.78,229.46,237.69,246.08,255.44,266.99,276.18,281.50,286.78,290.74,294.57,297.62,294.76,295.08,283.75,283.16,273.65,264.32,258.12,252.36,245.97,237.78,230.99,224.64,216.95,211.25,203.80,193.02,186.20,178.73,167.45,159.21,149.28,139.65,127.00,116.62,106.07
76.03,85.59,95.13,104.68,113.75,123.69,131.24,146.22,157.49,163.77,173.30,183.85,191.32,195.49,205.41,213.01,221.42,232.00,238.38,246.45,256.24,265.20,272.79,277.95,281.11,288.92,289.39,284.12,283.04,274.88,273.31,262.73,255.55,251.00,244.40,239.38,228.71,221.82,218.28,209.70,201.94,195.93,187.80,182.46,173.08,161.61,152.49,141.42,133.12,123.22,111.23,99.72
72.11,81.88,91.05,100.28,106.47,115.83,123.79,138.13,147.41,155.00,163.93,172.26,179.55,182.26,191.25,200.32,209.06,218.80,224.52,229.84,241.01,248.41,255.47,262.41,266.18,272.39,272.88,267.07,266.55,260.11,257.93,248.70,240.95,238.11,230.18,226.04,216.75,210.89,205.97,198.93,194.14,186.04,179.20,172.10,163.88,154.51,143.14,135.53,127.48,116.93,106.89,95.34
80.23,90.51,101.02,111.00,118.60,128.06,137.38,151.95,160.33,169.80,179.39,186.56,196.82,203.92,210.11,221.33,228.16,237.03,245.39,252.41,262.21,272.06,280.49,284.79,293.52,296.51,299.17,295.58,293.97,282.64,279.02,270.01,262.99,258.80,253.74,246.50,239.02,230.99,226.06,218.16,211.81,205.20,194.81,187.20,178.44,168.03,159.40,148.81,138.97,128.79,118.83,105.59
77.10,92.57,97.00,103.77,111.09,122.33,129.87,145.91,152.78,161.05,170.07,175.03,184.56,189.53,196.73,206.02,212.71,222.52,231.28,237.23,248.24,256.33,261.18,266.51,271.83,277.68,278.66,275.88,272.42,266.45,263.69,253.03,246.35,241.60,235.59,229.13,222.43,216.00,211.25,201.44,196.70,191.23,181.60,174.10,168.12,156.46,147.67,139.46,128.25,120.21,109.20,98.48
71.59,82.57,92.35,103.79,108.30,119.92,126.15,139.09,146.58,155.26,162.63,171.02,179.41,183.85,190.52,198.48,206.52,215.36,222.58,227.15,239.01,246.68,252.12,255.50,262.94,265.91,268.66,263.08,264.41,256.91,251.15,245.12,237.26,233.38,227.18,222.43,216.26,206.04,203.93,196.16,191.64,185.30,175.64,170.66,161.77,150.63,141.99,132.08,126.30,116.40,105.59,93.72
77.67,87.69,97.94,106.79,113.22,123.69,130.05,143.56,152.32,159.89,169.01,175.00,182.32,189.69,196.01,205.43,212.06,223.49,229.12,234.80,245.60,253.20,258.59,264.78,269.15,274.05,276.72,270.30,272.53,260.34,261.81,252.52,243.09,239.74,232.43,227.97,222.35,213.43,210.00,200.96,197.09,189.55,181.62,173.76,167.03,155.24,147.80,139.29,130.82,120.70,109.59,99.01
77.18,85.38,94.56,101.32,112.25,122.49,127.22,139.67,147.80,156.44,163.08,173.00,179.40,186.32,191.31,201.06,208.47,218.98,226.38,232.24,242.16,251.58,256.89,263.43,267.97,273.38,275.62,269.07,268.08,263.23,258.95,252.72,243.40,240.52,232.88,230.34,223.44,215.04,214.39,207.28,202.27,194.02,186.55,178.23,175.16,165.06,155.17,146.25,139.27,132.61,118.38,109.14
80.75,88.53,97.65,106.61,116.06,128.06,133.54,147.80,155.67,165.11,173.17,181.11,190.28,195.90,201.22,210.47,220.17,229.65,239.82,243.77,256.32,263.71,272.61,276.20,282.63,287.78,291.41,283.35,281.90,278.79,273.15,265.51,257.87,253.89,246.84,243.29,236.75,227.04,225.84,220.42,211.88,205.29,197.31,190.18,185.70,173.30,166.03,154.40,146.48,137.61,125.87,113.02
76.06,86.93,94.07,103.82,110.02,119.62,126.62,140.91,147.96,154.24,160.86,167.60,177.00,180.28,186.82,196.38,203.57,213.40,220.24,227.27,234.78,241.53,250.54,255.98,262.91,263.69,266.55,263.59,260.68,256.64,253.87,244.93,238.83,235.05,228.18,223.93,217.61,210.64,205.87,204.01,198.30,191.70,186.01,178.35,173.00,164.40,155.60,148.43,137.82,130.15,118.93,107.22
77.80,88.19,96.03,105.02,113.72,123.22,131.32,144.31,150.71,159.00,167.36,176.48,184.02,189.62,199.42,205.36,214.01,222.70,231.68,239.27,252.72,257.61,266.05,273.76,277.27,280.96,281.15,280.45,277.41,270.60,269.07,257.77,250.70,246.63,238.89,231.97,224.95,219.37,213.86,203.74,198.25,190.55,183.83,175.42,169.50,155.94,147.63,137.64,125.28,120.07,108.85,99.76
72.11,81.61,89.40,97.42,104.36,113.07,118.60,130.82,136.86,143.68,151.03,159.88,166.41,169.18,176.40,182.73,189.40,196.24,203.90,208.29,215.82,222.25,229.18,233.77,238.45,243.65,244.25,238.87,237.03,232.83,227.20,218.82,212.05,209.57,205.00,197.95,193.65,188.50,182.45,181.12,175.86,167.07,163.57,157.50,152.90,144.51,138.92,131.55,123.13,115.21,105.60,95.52
76.97,87.05,97.14,106.22,112.25,122.19,130.61,146.00,151.16,159.45,166.14,175.64,183.74,189.23,196.74,204.16,213.97,224.90,231.21,236.58,246.63,252.40,259.17,267.07,269.15,274.52,278.64,270.25,268.60,261.74,256.40,247.55,239.65,235.77,225.25,219.74,209.72,200.17,197.09,191.48,185.61,174.41,169.00,159.02,152.97,140.72,129.71,124.31,117.09,110.15,97.19,88.54
81.10,92.13,100.00,107.94,118.87,127.32,135.09,146.37,152.20,162.74,171.74,178.10,187.00,191.69,200.37,208.75,216.61,223.28,230.64,240.66,248.70,259.05,262.59,269.55,274.97,276.03,279.57,275.02,269.81,264.91,259.65,249.69,243.29,236.88,230.84,224.18,215.13,210.00,204.90,198.28,190.01,183.52,176.05,167.73,163.77,152.59,143.28,135.68,127.19,118.11,108.98,100.24
75.95,84.48,93.24,101.02,111.40,119.82,127.91,139.56,142.90,151.99,158.90,167.17,175.87,178.13,188.86,196.36,202.31,209.30,217.37,223.16,232.14,238.91,245.94,252.57,257.19,258.31,259.02,256.00,251.15,245.75,241.62,235.17,225.06,220.03,212.93,207.02,201.56,193.21,189.43,184.40,177.80,173.10,163.25,156.44,153.32,143.60,136.07,126.30,117.14,111.52,104.06,93.02
87.05,98.84,105.42,113.60,124.79,137.93,142.44,155.72,162.36,171.59,181.80,188.02,197.02,203.09,213.77,222.04,227.26,237.99,243.81,254.00,263.43,270.87,276.40,282.40,290.64,290.49,293.83,287.39,285.48,276.96,272.42,263.27,253.60,246.29,236.96,233.34,227.22,216.38,215.11,205.79,201.31,192.77,183.92,176.24,170.75,160.51,153.63,144.09,135.42,125.40,115.45,107.00
79.56,89.63,97.65,107.08,115.92,124.17,134.71,146.49,153.77,161.70,170.24,179.33,186.01,192.90,203.00,211.60,217.57,226.02,234.34,245.28,256.78,261.07,269.25,274.36,280.41,282.54,284.34,279.29,276.94,269.70,266.27,258.29,246.78,243.35,234.17,229.06,222.06,217.15,209.95,204.32,200.02,191.38,183.35,177.10,171.59,158.86,153.38,144.01,135.03,127.02,114.77,105.38
80.60,91.61,100.24,108.02,117.05,125.64,133.96,148.79,155.43,164.20,170.94,180.28,187.56,193.06,201.56,209.62,219.22,227.48,236.78,243.30,254.06,259.67,268.48,271.43,276.23,282.46,284.80,277.43,270.56,269.14,262.19,253.01,242.53,240.63,232.80,225.32,216.46,207.41,203.92,199.45,192.50,185.54,178.04,170.21,166.21,153.06,145.80,138.77,129.87,121.81,111.88,99.74
77.32,86.54,94.81,102.62,111.07,119.82,126.44,141.82,146.82,155.47,161.64,169.31,178.08,182.00,189.91,197.39,205.66,214.84,222.05,228.27,238.38,245.02,253.16,256.22,262.91,267.30,268.00,261.07,258.81,254.91,247.89,239.13,229.84,225.39,218.89,213.02,206.04,197.85,191.21,189.10,183.41,173.53,167.36,160.65,155.44,145.25,137.48,129.96,122.07,116.06,104.00,93.68
79.08,88.84,95.52,104.06,113.32,122.92,130.61,142.84,146.25,154.87,163.62,169.06,178.24,183.96,193.19,200.90,207.08,215.10,221.35,232.28,240.97,248.89,255.23,260.66,265.37,266.31,267.59,263.10,259.37,252.87,249.55,241.42,231.19,225.04,216.97,213.02,206.79,199.72,193.49,186.76,181.57,175.50,167.57,161.05,155.26,147.61,139.52,130.08,121.15,114.39,104.06,93.94
85.29,96.10,105.12,113.95,122.11,132.85,139.23,152.50,159.55,167.29,172.41,181.71,189.55,193.74,202.09,209.80,217.64,228.97,231.70,238.81,248.94,256.07,262.38,266.48,272.83,277.15,277.27,269.31,265.54,261.84,256.86,244.00,236.54,233.11,223.89,218.26,207.71,200.88,194.79,191.27,185.69,175.86,171.60,162.89,157.58,144.59,137.79,130.00,123.22,116.11,103.04,94.92
87.28,99.64,107.91,118.14,128.14,136.36,145.24,158.15,164.00,173.61,181.71,189.02,198.91,204.00,214.76,221.93,230.80,240.35,246.07,254.12,266.40,273.58,280.04,286.97,293.21,295.22,295.08,291.37,288.21,282.06,276.74,266.42,253.34,246.47,240.31,233.86,226.92,217.08,210.11,204.92,196.73,188.90,179.98,172.56,166.82,156.35,146.77,135.95,128.69,123.00,110.72,100.66
83.22,95.05,103.16,112.77,120.92,129.87,136.82,148.68,157.54,164.77,172.19,180.50,188.00,193.00,200.87,209.38,218.26,227.56,233.55,241.63,251.91,260.65,265.19,271.27,273.86,281.81,280.18,274.15,271.65,266.33,258.14,249.82,240.05,236.12,227.79,222.99,212.88,204.57,199.36,195.48,187.28,178.51,170.31,162.50,158.82,146.66,138.44,128.58,120.15,112.95,102.18,91.42
85.70,97.53,104.74,115.38,123.33,131.64,139.74,150.90,159.36,166.83,172.24,180.04,188.32,195.00,200.84,207.35,215.42,226.37,229.51,237.47,247.40,253.95,258.77,263.97,269.27,274.64,275.28,266.75,264.68,257.80,253.01,242.61,232.50,231.15,219.70,215.64,207.82,199.01,195.35,188.27,183.81,171.19,169.07,159.01,155.98,141.68,134.53,126.15,119.10,110.89,99.25,90.43
86.09,97.86,104.69,114.24,123.33,133.41,140.13,150.15,157.95,165.01,174.05,179.89,187.26,193.64,200.17,206.40,214.22,221.58,228.23,236.14,246.29,254.10,258.36,262.80,267.03,272.92,271.56,266.58,261.28,254.80,250.45,242.32,232.77,228.97,219.35,213.72,206.63,198.17,194.86,187.32,180.40,172.33,165.08,158.94,153.84,141.51,133.42,125.94,117.15,107.91,98.41,89.27
91.24,102.22,112.79,121.04,129.84,139.13,148.53,157.99,167.29,173.18,180.24,189.90,197.31,202.25,210.92,216.59,224.59,233.63,242.25,246.21,257.39,263.83,270.02,275.05,279.12,284.20,282.11,276.74,276.24,267.74,262.98,253.45,244.01,238.65,229.86,224.41,216.93,208.61,202.87,196.35,190.39,183.00,173.25,165.34,160.65,149.81,139.62,130.38,122.20,113.51,104.96,94.26
91.24,104.81,111.63,120.77,130.91,139.94,148.93,159.77,168.12,174.52,183.98,190.39,195.97,204.38,211.44,219.32,225.34,234.23,239.52,248.82,258.79,264.37,271.18,276.59,283.18,286.01,285.87,278.82,276.33,269.74,264.00,255.93,245.20,241.23,231.95,226.59,218.18,212.25,204.39,198.98,192.51,182.02,176.07,166.83,161.28,151.16,140.76,132.85,123.69,115.45,103.81,95.13
95.00,106.21,117.39,123.32,134.21,142.62,152.00,166.37,172.39,180.47,189.11,198.59,205.88,208.56,212.73,222.19,230.85,240.51,248.65,254.69,262.21,267.88,277.32,281.95,285.95,291.17,289.85,282.12,280.14,273.72,268.91,261.09,248.82,246.62,238.42,230.33,223.29,215.10,207.51,203.33,198.36,189.49,183.48,173.97,169.68,157.20,148.41,141.21,130.92,122.53,112.07,102.32
84.53,94.37,101.61,111.23,121.82,129.14,136.40,146.41,152.55,159.70,169.07,173.12,178.71,182.61,192.43,197.80,202.70,212.76,215.82,227.18,232.12,240.05,243.53,251.41,254.89,257.19,256.42,251.20,248.65,243.19,238.32,229.98,220.08,218.34,210.66,205.46,198.03,191.48,187.30,180.04,177.40,170.60,163.22,155.08,151.33,140.39,133.41,126.40,117.99,108.17,100.17,91.81
89.14,99.86,110.06,119.15,126.30,136.56,145.24,157.31,164.23,170.85,179.42,187.41,193.50,196.98,206.05,211.37,221.00,227.61,235.05,240.52,249.28,255.43,261.34,266.84,270.78,275.03,274.61,269.41,265.07,261.70,254.07,244.25,236.33,234.41,227.69,218.33,211.56,204.71,199.58,193.64,188.86,181.47,174.29,165.42,161.64,151.46,142.04,135.52,125.87,117.18,107.69,95.35
82.04,93.91,98.99,108.50,118.07,126.62,133.36,142.79,150.88,157.21,163.86,170.04,176.78,182.02,189.51,195.44,201.81,208.49,214.08,221.82,230.31,234.62,242.69,246.01,249.61,252.20,254.47,247.83,247.32,240.14,238.82,230.52,219.67,215.34,207.17,202.18,197.02,190.44,185.32,179.45,173.60,166.09,159.08,151.35,147.51,136.50,129.07,121.43,111.66,105.65,98.41,88.68
92.01,103.75,113.46,123.17,134.42,142.41,150.27,164.88,169.96,177.88,186.94,195.41,202.73,205.43,214.41,220.78,229.87,240.93,248.21,252.69,261.30,270.38,274.99,281.03,284.76,289.47,290.95,284.94,281.60,278.22,270.78,262.25,253.79,249.58,240.50,234.97,227.13,219.23,213.93,208.91,202.85,194.00,187.96,179.95,173.53,161.30,152.53,142.43,135.43,125.54,113.14,102.96
80.72,89.01,96.77,104.00,113.76,123.47,128.89,139.09,146.37,152.64,159.09,165.30,172.07,176.65,182.22,188.13,196.56,206.89,209.32,216.60,224.04,231.04,235.24,238.95,244.08,243.85,245.28,242.16,240.67,235.05,230.85,223.09,215.06,211.38,204.41,197.96,194.79,187.10,183.20,177.10,173.88,165.86,157.89,150.65,145.34,137.91,130.43,122.09,115.21,106.96,97.42,88.09
80.65,91.71,99.36,108.71,116.85,126.18,131.97,143.84,151.17,156.40,165.61,170.82,178.68,182.58,190.32,196.22,201.25,209.44,214.34,222.04,229.26,236.03,239.40,245.74,251.86,253.03,252.00,248.29,247.10,241.02,237.76,231.41,222.80,217.31,210.19,204.68,199.58,192.42,187.61,181.23,176.71,169.78,163.05,156.52,150.23,140.72,132.40,124.28,117.21,108.06,100.32,90.43
91.26,105.00,115.02,125.00,133.99,144.50,154.43,167.04,172.66,182.63,191.76,198.40,207.12,212.19,221.36,230.36,235.47,244.09,252.21,256.73,268.66,277.03,280.94,289.21,293.00,297.41,296.49,291.34,291.11,282.14,279.25,267.06,259.05,253.07,246.45,241.23,231.46,225.57,220.51,215.19,209.15,202.34,192.07,183.44,178.10,168.08,158.46,147.73,139.82,130.87,121.49,109.00
90.05,102.83,112.16,123.15,133.45,145.42,154.49,168.36,178.08,184.39,193.66,203.00,210.05,216.17,224.47,232.94,242.03,251.45,259.83,263.77,276.21,285.73,291.30,298.52,301.94,307.00,307.87,300.96,298.61,294.43,287.98,277.71,269.07,264.38,258.49,250.43,243.58,234.05,228.48,223.01,215.45,208.37,198.93,189.59,182.88,173.51,165.41,153.00,144.10,133.06,123.89,110.45
91.76,103.24,114.76,124.91,134.38,145.83,155.33,169.85,177.28,185.41,194.08,202.31,212.08,217.79,225.82,235.00,242.44,254.05,261.54,267.88,279.06,287.70,293.07,297.88,304.20,308.82,308.37,301.82,299.63,293.90,289.07,278.35,268.03,266.55,258.10,251.56,243.30,234.26,228.01,222.71,214.98,204.59,194.88,188.10,182.57,170.88,160.33,149.12,140.22,132.28,119.57,108.91
87.02,100.09,109.22,118.21,128.41,138.85,146.12,159.18,167.03,175.19,186.02,192.51,201.56,206.40,212.47,223.49,231.21,239.76,245.78,255.89,262.55,271.09,275.44,284.43,286.50,289.59,293.14,287.12,286.22,277.89,276.13,263.82,255.00,250.80,243.30,238.52,232.61,223.27,219.00,210.62,206.16,198.25,189.27,180.23,174.86,163.37,155.32,142.64,135.87,126.91,115.12,105.36
81.34,93.01,101.24,112.16,122.97,131.59,139.30,151.32,158.76,165.60,175.93,181.97,189.18,198.01,200.90,210.54,215.41,228.04,232.33,238.35,247.40,254.10,259.05,266.07,270.60,274.93,273.54,269.02,267.85,259.40,258.50,247.70,240.66,236.60,229.14,222.64,217.04,209.66,204.40,199.48,192.63,186.04,175.68,168.67,163.67,152.64,146.32,135.76,126.21,119.27,110.06,99.25
85.21,95.08,105.68,115.41,124.08,136.36,142.00,156.97,163.27,170.04,178.54,186.80,195.39,200.26,207.00,215.68,223.18,236.84,239.27,245.80,253.62,262.77,267.48,275.86,279.40,284.29,281.60,275.05,276.50,268.34,267.37,256.64,246.29,244.46,233.05,229.40,224.32,216.26,210.24,204.22,198.65,188.35,181.80,175.14,167.29,155.40,148.66,140.25,130.70,122.41,112.38,102.18
86.28,92.96,106.98,117.11,130.27,137.06,143.93,155.72,164.94,170.07,182.44,187.39,196.79,204.30,210.49,218.69,224.66,235.72,242.13,246.38,256.75,265.00,269.46,276.74,280.94,284.96,283.39,278.22,276.32,269.61,268.07,258.44,248.62,245.60,235.65,231.22,225.94,219.11,212.46,204.61,198.86,190.72,181.00,174.61,168.36,158.40,149.27,141.40,132.31,122.41,112.64,103.17
94.20,108.37,117.65,129.03,139.30,147.73,159.42,175.01,183.60,190.52,201.64,208.70,217.08,222.95,227.85,236.61,247.42,257.60,265.84,269.33,279.25,288.13,295.82,301.37,305.03,309.08,310.72,302.99,299.30,296.97,290.66,278.18,270.48,265.66,260.07,251.53,244.10,236.56,229.39,223.57,217.81,208.93,200.38,192.51,186.27,173.09,163.67,152.90,145.00,135.33,122.15,109.42
85.16,98.27,107.70,118.85,125.87,137.03,146.18,158.15,166.87,174.73,182.66,190.37,196.41,202.87,208.47,217.80,225.58,235.68,240.14,248.11,254.14,263.80,268.26,275.54,278.04,282.88,281.46,276.24,275.14,268.15,265.71,255.07,246.84,244.10,235.14,229.26,225.28,216.36,209.62,202.74,201.04,189.74,182.20,174.26,168.83,156.92,150.07,139.12,132.97,123.69,112.41,102.40
82.98,93.98,104.17,113.05,120.93,131.50,139.46,151.21,158.78,166.17,174.15,180.27,185.61,190.91,198.40,204.61,213.25,220.45,228.76,233.69,242.00,248.50,253.64,256.67,260.60,263.00,264.61,261.96,259.14,250.32,246.53,239.93,229.31,227.50,219.44,213.18,205.79,197.88,196.36,188.86,184.71,175.62,169.24,160.70,152.61,144.20,136.01,125.87,118.60,110.68,101.65,91.55
91.71,106.08,114.48,125.61,136.47,146.51,153.38,168.67,175.19,183.02,194.06,201.42,207.27,212.58,222.62,229.22,237.35,246.05,254.16,259.63,267.93,277.46,283.20,288.96,290.62,293.39,293.74,290.95,288.03,278.92,277.18,266.39,256.05,253.05,243.25,237.95,231.41,221.65,217.59,210.06,203.86,197.27,186.82,177.48,170.91,159.73,149.27,139.47,130.48,121.24,113.44,101.84
88.59,101.24,110.07,121.59,129.76,141.51,150.33,162.69,168.07,178.24,186.08,194.12,198.98,204.84,212.88,222.07,230.49,234.83,244.09,249.02,256.83,266.08,271.05,276.07,278.43,280.60,281.30,277.76,273.81,268.02,263.40,253.66,245.98,242.55,234.08,229.86,221.10,212.32,211.15,203.03,196.29,186.27,178.73,171.21,165.58,154.05,144.90,134.95,127.26,119.44,109.49,97.75
90.96,104.56,112.68,125.00,134.12,144.39,152.59,164.81,172.00,180.50,189.02,197.68,204.30,209.09,217.75,226.68,231.90,239.01,247.31,251.79,260.38,268.87,272.07,280.07,281.43,284.90,284.25,281.79,280.14,272.61,270.48,258.59,248.17,245.28,237.00,231.89,226.43,218.00,214.97,203.96,198.73,191.38,182.43,174.26,167.71,156.77,147.80,138.50,127.74,118.73,112.61,101.61
88.28,103.75,114.39,122.67,130.92,144.06,148.41,162.83,170.51,176.64,184.62,194.00,202.43,206.98,212.73,222.28,229.12,238.37,244.24,247.70,256.96,265.01,269.16,274.80,279.42,281.58,281.18,277.40,273.88,267.62,265.65,256.00,244.80,241.60,232.69,229.26,222.28,213.34,208.93,205.19,197.73,190.18,178.93,171.30,165.75,154.18,143.53,136.30,129.10,120.15,109.60,97.14
90.91,104.36,113.02,122.38,132.20,141.82,150.22,163.88,170.85,179.77,187.93,195.92,205.00,208.15,214.98,224.18,230.24,239.21,245.94,252.38,261.59,270.01,273.94,278.46,282.71,284.69,286.92,278.30,277.90,272.55,267.92,258.85,248.65,246.92,238.12,233.17,226.05,216.60,214.45,206.67,199.58,194.33,185.15,176.18,174.27,161.52,152.85,143.18,135.12,125.60,115.74,103.59
88.05,98.23,106.08,116.78,128.14,137.27,143.84,156.52,163.92,170.00,179.88,185.70,193.06,198.28,205.06,213.30,220.51,227.85,233.02,240.52,247.58,254.80,259.82,264.88,268.00,269.67,271.54,266.74,265.00,258.82,255.77,247.26,237.36,233.47,223.61,221.42,215.24,206.90,205.29,197.09,191.04,184.04,175.11,170.08,164.65,154.78,147.03,136.82,127.12,117.89,111.22,100.40
87.42,99.85,110.64,120.54,128.41,140.62,147.96,160.21,163.77,171.42,182.72,191.19,197.31,203.53,209.54,217.86,221.60,229.94,238.10,243.12,251.31,259.46,261.19,267.53,270.66,274.57,273.08,267.56,266.32,260.32,259.03,248.71,241.00,236.24,230.24,223.13,216.93,208.73,205.01,200.74,195.49,187.00,181.34,170.52,167.86,155.71,149.35,140.29,132.20,122.97,113.44,102.08
90.03,102.11,111.14,122.67,132.26,142.01,150.22,163.67,170.52,176.82,189.08,194.56,200.88,208.95,215.39,223.16,230.52,237.93,243.85,250.25,257.95,266.43,271.53,276.74,280.96,282.85,284.02,277.65,274.61,269.36,267.04,254.13,248.48,244.91,236.96,230.56,224.01,219.10,212.85,205.55,202.20,194.16,186.72,177.55,171.42,161.04,152.12,143.57,135.13,124.89,117.38,106.40
80.99,92.40,99.25,108.72,119.27,127.68,134.97,147.43,152.49,158.32,169.16,173.97,181.34,186.22,191.32,198.83,205.97,210.24,218.16,222.95,231.48,239.08,243.70,246.81,250.48,251.96,253.21,247.73,245.15,239.57,237.78,228.55,222.00,217.70,210.35,207.18,200.69,194.37,189.75,184.02,177.88,173.83,165.48,157.04,153.57,145.03,137.93,127.12,120.04,110.69,106.10,92.97
78.85,89.11,98.01,107.81,116.46,126.00,133.79,145.34,153.06,158.71,167.43,173.31,177.59,184.46,190.70,197.71,204.50,210.38,218.11,222.69,230.08,235.28,239.17,243.52,247.49,250.86,250.16,246.26,242.39,237.23,235.28,226.97,220.24,216.81,211.44,204.79,199.02,191.64,188.73,182.86,177.72,172.41,164.35,158.40,153.16,144.40,134.79,127.82,119.08,110.15,102.30,92.44
79.88,91.21,97.86,109.22,119.33,127.42,133.87,145.99,153.44,157.70,167.60,173.07,178.37,185.07,191.13,197.09,205.83,210.30,218.68,222.73,231.22,235.67,241.40,246.89,247.13,251.78,249.71,247.42,243.05,238.21,236.61,228.88,220.48,216.92,209.47,206.63,200.00,192.77,188.77,183.37,177.54,173.28,163.62,158.62,153.16,144.40,135.80,128.08,118.00,110.39,103.08,93.30
91.05,104.69,112.49,121.63,133.14,143.00,151.49,164.35,170.70,178.47,189.02,195.92,203.25,207.48,215.42,223.57,229.97,237.47,243.99,251.79,258.38,268.09,272.01,277.22,280.85,282.00,283.62,277.32,275.95,266.93,265.24,255.99,246.38,243.53,236.32,230.84,225.16,217.00,212.57,204.61,201.52,194.55,185.44,176.24,170.94,162.01,150.63,143.18,133.72,125.40,116.38,104.66
91.55,102.61,113.53,123.56,133.02,143.14,152.19,166.29,172.65,180.85,188.86,195.26,203.71,210.24,216.97,224.06,229.40,238.83,246.66,252.42,260.93,267.15,272.64,277.51,280.92,282.11,286.25,278.15,274.85,269.56,262.80,255.36,248.16,248.39,238.13,232.43,225.53,216.64,212.32,208.27,202.41,191.43,185.97,177.75,172.80,160.33,150.99,143.54,133.75,126.29,115.84,101.32
86.02,98.79,107.35,118.46,127.86,138.45,144.10,157.01,164.76,171.09,180.54,187.09,193.44,198.34,203.49,211.85,216.04,224.15,228.18,235.94,244.64,249.83,252.61,257.70,259.54,266.60,265.28,256.85,256.02,249.40,247.25,238.41,230.20,225.54,218.36,213.59,209.25,202.73,197.80,191.00,188.16,179.91,173.91,166.90,161.62,149.63,144.84,135.30,126.56,118.07,109.11,98.73
91.98,105.69,114.02,125.57,136.06,144.90,154.93,166.87,175.41,181.62,189.62,197.27,203.49,209.29,217.47,222.25,231.31,236.97,244.07,250.14,257.49,264.05,268.01,273.88,277.48,280.00,278.06,274.04,273.47,264.09,261.12,252.57,240.96,240.26,233.63,227.73,221.82,214.25,209.31,203.49,198.76,193.04,185.15,176.07,170.84,159.30,151.72,143.75,134.48,125.00,115.77,105.48
