127.26,141.11,152.86,162.15,171.84,183.38,189.18,201.43,205.70,210.95,216.62,223.89,226.77,228.24,234.03,238.42,244.30,250.42,252.67,254.26,252.44,256.82,265.42,265.58,263.01,261.68,234.78,237.29,234.44,229.11,222.57,202.43,190.54,184.72,176.87,169.53,158.47,149.01,149.65,149.83,146.21,139.40,137.48,131.03,129.19,118.51,111.87,104.22,99.14,91.66,83.63,72.18
130.00,144.42,155.71,166.01,175.57,184.70,192.98,202.20,207.02,213.62,222.44,225.89,230.83,232.86,238.76,242.51,246.22,251.58,255.52,255.02,259.89,260.35,267.37,269.26,266.18,264.88,238.73,243.68,236.58,232.00,224.15,208.39,190.43,187.38,177.23,171.27,162.01,154.12,151.56,148.86,147.41,142.39,137.36,132.64,128.44,120.07,113.60,105.48,99.09,90.79,85.00,73.98
131.37,147.14,157.17,166.96,176.98,188.37,195.73,206.83,211.78,217.27,223.33,227.71,232.64,236.64,241.62,244.02,247.55,252.79,255.69,258.49,259.92,261.23,264.98,268.32,266.66,263.09,250.57,245.23,234.02,226.29,219.80,209.48,194.80,183.70,178.89,170.49,166.83,162.00,156.17,150.10,145.28,140.73,132.08,132.23,129.38,120.02,114.84,106.78,98.86,92.48,85.01,75.39
128.89,144.22,154.03,163.23,172.82,183.58,191.23,202.27,208.37,212.85,218.30,224.08,229.58,231.35,234.44,237.29,241.87,249.07,253.62,254.80,252.67,254.20,259.56,260.89,260.23,260.00,247.13,237.52,231.04,223.18,212.21,203.80,190.60,182.45,176.67,168.88,161.08,157.18,152.32,148.50,145.44,136.31,133.00,129.54,126.78,117.69,111.16,103.94,97.42,91.55,80.96,72.25
131.52,145.01,157.10,167.62,177.61,188.68,194.28,204.62,210.01,215.06,222.04,227.18,231.21,236.66,239.30,244.97,249.54,255.03,259.05,260.78,266.13,270.41,271.83,275.28,277.18,278.30,272.42,265.93,261.69,251.03,244.36,232.66,218.11,210.24,203.07,195.17,186.04,179.52,173.05,168.86,163.38,157.26,149.45,146.01,139.46,130.60,124.92,117.07,108.85,101.14,91.39,81.01
129.56,147.05,155.79,165.48,176.73,186.40,195.06,206.32,210.12,215.47,220.37,229.40,230.67,236.30,240.42,244.40,251.10,256.78,260.02,261.54,264.55,269.70,273.65,276.33,277.35,281.43,273.99,266.27,263.32,253.06,245.84,233.11,219.86,212.56,206.37,197.52,188.10,179.00,176.01,172.00,166.21,159.31,153.31,149.04,141.77,132.74,125.63,117.60,111.50,103.32,92.07,83.01
125.10,140.90,150.44,160.65,170.42,179.66,186.51,196.16,202.20,207.45,213.38,219.36,224.00,225.68,229.30,233.50,239.30,242.99,245.74,247.34,250.45,252.29,254.20,256.04,255.03,253.89,246.73,238.30,229.97,220.34,213.82,203.91,188.45,182.78,172.65,167.76,161.23,155.65,152.05,147.96,145.41,139.39,133.99,130.08,125.00,118.51,113.36,105.70,98.33,91.21,84.05,72.95
113.89,129.10,137.38,144.96,154.35,163.88,169.32,178.55,181.75,186.30,193.20,197.22,204.45,205.80,208.84,213.19,215.98,221.36,221.92,225.72,226.27,228.67,232.26,231.87,232.43,231.37,222.52,214.98,208.00,199.84,192.75,182.73,170.42,165.15,160.25,152.40,149.00,140.86,138.57,133.41,129.00,125.96,122.04,117.69,116.30,108.19,102.42,94.76,87.21,82.49,74.73,67.80
132.02,148.71,156.16,166.23,177.20,187.13,195.00,203.91,208.40,215.06,222.43,227.26,231.47,234.79,240.44,244.74,248.13,256.22,259.26,262.77,264.71,269.63,273.40,276.81,277.25,278.96,271.41,265.97,262.41,250.50,243.40,236.14,220.66,210.62,205.43,195.09,190.42,179.74,176.98,169.94,164.00,158.15,151.49,147.87,142.13,135.34,126.92,118.53,108.98,99.40,94.09,85.44
130.38,145.40,155.56,165.85,175.23,185.22,193.20,205.12,210.92,214.90,222.43,225.53,232.22,234.41,237.69,242.27,245.81,252.00,254.63,257.80,257.05,259.48,263.64,264.91,263.88,263.69,253.46,243.31,236.60,226.92,217.97,207.29,193.04,185.44,178.68,171.71,166.48,159.20,155.24,153.53,146.18,141.99,137.62,135.65,130.12,120.50,113.32,107.45,99.13,92.91,84.77,75.01
130.86,146.75,156.20,167.30,177.02,187.48,194.73,205.55,209.00,214.73,222.00,228.08,232.77,237.02,240.97,245.05,247.80,253.33,258.12,261.01,258.15,262.09,265.19,269.14,268.34,265.24,253.97,245.84,242.67,229.54,221.92,210.32,195.72,187.43,180.89,175.82,170.00,162.93,158.11,151.21,147.73,145.67,137.87,135.12,130.14,121.93,114.76,109.29,99.81,93.30,86.58,76.16
128.16,144.00,153.24,162.64,174.05,183.88,191.13,201.16,205.57,211.29,219.74,225.04,228.97,232.94,236.55,239.89,244.24,250.33,255.88,256.42,256.67,260.22,262.20,265.45,263.43,261.74,253.29,241.97,234.61,225.01,218.82,206.87,195.06,186.07,178.68,173.68,164.45,159.54,153.83,151.43,146.70,140.12,137.06,131.70,128.32,121.66,112.61,106.96,98.73,93.48,83.55,74.00
128.70,144.10,153.03,163.53,172.88,184.46,189.91,202.48,207.00,211.01,216.33,226.37,229.21,233.21,236.18,241.00,243.99,251.24,253.93,257.11,255.38,260.10,262.76,265.22,262.84,263.64,255.55,243.67,238.61,228.55,219.11,208.09,192.11,187.95,180.35,173.40,164.20,156.01,154.12,154.18,149.91,139.59,137.10,133.14,129.65,119.33,111.23,105.17,100.28,95.21,84.31,74.95
127.00,143.21,151.01,159.97,171.05,181.11,188.79,200.41,202.68,208.94,216.98,220.60,226.00,228.84,233.75,236.97,241.54,246.55,250.51,253.30,253.71,256.76,259.47,263.76,262.49,259.60,248.68,243.98,235.23,226.74,220.41,208.04,194.37,181.87,176.37,172.59,163.37,159.18,153.39,148.79,144.70,141.99,134.03,130.74,128.56,119.88,111.76,107.79,98.31,92.23,83.35,76.40
128.02,144.01,152.24,162.50,171.86,182.06,188.47,199.25,205.24,210.44,216.46,222.25,227.11,232.42,235.93,239.84,240.52,247.95,251.96,254.15,255.45,258.52,260.98,262.24,261.09,263.19,253.31,244.01,234.55,225.57,217.83,206.50,193.75,185.40,179.32,170.36,162.61,157.47,156.01,149.16,145.89,139.98,134.00,129.84,127.48,121.02,112.72,106.30,98.72,92.78,84.29,75.96
133.00,149.51,156.89,167.01,179.98,191.44,196.08,206.73,214.11,218.12,227.69,231.29,238.32,240.20,244.50,248.02,250.46,257.30,261.20,265.75,264.17,267.68,270.67,273.31,273.59,269.43,260.35,253.29,243.74,234.48,228.35,214.45,200.38,189.64,186.04,177.54,172.65,163.52,159.93,156.12,148.66,147.34,139.74,135.68,131.47,125.03,119.11,111.02,104.29,95.88,86.45,77.08
130.27,147.30,153.81,163.98,175.79,185.78,194.25,203.97,206.87,213.81,221.33,227.22,230.59,236.56,240.28,244.49,247.72,254.50,258.65,262.10,264.17,270.12,271.98,277.09,277.06,278.21,270.42,264.80,261.09,250.68,245.46,236.02,218.83,207.71,201.68,191.41,186.68,177.99,174.66,165.56,162.83,156.31,148.14,147.11,140.25,132.61,125.57,117.35,106.89,99.16,92.97,84.59
129.50,145.62,153.33,161.55,178.09,187.21,194.24,203.31,208.22,214.83,221.50,226.79,230.44,235.21,240.52,243.61,248.94,255.73,259.66,261.73,263.83,269.86,272.96,275.26,277.35,276.32,270.62,264.61,261.96,251.38,244.56,235.17,218.06,210.15,201.94,195.11,187.77,177.07,174.93,168.11,162.86,154.43,149.65,145.09,140.69,131.05,124.81,116.76,108.04,98.03,92.20,82.38
131.21,148.12,154.02,164.07,177.34,188.61,193.91,205.55,209.31,213.78,222.04,227.54,231.23,237.02,240.43,245.18,250.55,256.68,259.38,263.18,264.37,269.79,272.86,276.38,276.34,279.69,272.79,265.20,262.77,250.80,245.81,235.31,217.97,209.57,201.99,195.66,188.35,179.23,175.17,169.66,163.23,156.73,149.89,147.46,140.43,132.32,124.82,117.72,106.74,98.60,91.59,81.50
129.73,146.25,156.04,165.42,176.14,185.60,193.22,204.80,208.61,213.36,219.32,226.00,230.67,235.37,236.24,241.03,247.92,252.24,255.15,257.30,254.17,257.60,264.02,264.43,262.23,261.64,249.15,243.53,233.75,226.68,216.15,203.79,188.94,185.93,179.29,172.28,165.41,157.38,153.95,152.07,148.07,140.06,136.97,131.14,128.55,119.52,111.83,104.69,97.74,91.27,84.81,74.63
126.21,140.23,151.53,161.60,170.07,181.84,186.01,197.59,203.04,207.51,212.40,219.51,222.95,226.88,230.87,235.26,237.33,244.25,249.24,249.71,247.13,251.24,256.33,254.79,252.69,256.74,245.33,235.23,230.38,220.34,211.30,200.23,187.11,180.90,176.05,167.41,161.97,154.30,150.03,149.21,146.84,137.93,134.35,128.80,126.65,118.85,112.51,104.89,98.23,91.27,82.23,74.33
126.24,143.00,152.87,160.35,172.00,182.28,189.21,201.30,205.19,209.01,215.62,221.95,225.14,230.22,233.42,236.46,241.40,247.62,252.18,251.73,249.56,254.54,257.75,258.71,256.63,260.22,248.24,235.85,230.10,221.72,213.58,203.82,189.28,183.39,178.08,170.58,164.20,153.91,151.65,149.45,147.22,138.10,133.82,130.21,127.91,118.46,113.11,105.95,98.23,92.01,82.54,74.01
128.08,145.52,155.21,163.98,175.09,182.99,193.05,202.07,208.04,212.31,220.52,225.57,229.92,232.62,234.72,240.58,244.75,249.57,254.79,255.16,253.22,260.05,263.12,262.89,261.02,263.07,252.01,240.35,231.01,226.23,216.01,205.02,191.01,183.81,180.57,173.01,162.23,154.51,153.40,150.88,146.41,140.68,136.53,131.37,129.45,118.68,113.81,106.78,98.27,93.38,82.68,75.17
126.37,143.56,154.35,164.26,172.70,182.62,189.87,200.48,203.74,210.69,217.08,221.14,227.44,230.27,235.02,239.01,240.76,247.32,251.51,252.72,251.10,255.98,259.06,260.63,261.07,258.79,249.05,240.68,231.66,219.79,212.47,202.73,188.05,181.01,175.00,166.14,164.92,156.67,153.31,147.36,141.69,137.77,134.27,130.30,127.04,118.98,113.41,106.89,99.01,92.03,83.55,76.06
127.48,143.68,154.12,164.40,172.80,183.13,190.44,200.85,203.67,211.25,216.08,224.88,228.97,230.73,234.79,238.29,242.10,247.78,252.20,254.62,251.79,255.99,258.30,260.43,258.55,260.07,246.52,241.12,232.88,224.84,214.18,203.01,189.45,181.79,175.78,169.45,160.61,154.38,150.43,147.76,145.36,139.90,134.73,128.88,126.04,116.38,111.02,104.36,97.80,92.36,82.23,72.84
128.28,143.84,153.69,162.05,173.35,182.20,189.83,201.49,206.53,210.24,217.11,223.47,227.20,231.03,235.02,237.59,243.51,246.35,251.10,253.57,254.16,257.38,260.60,262.23,260.50,260.11,246.29,241.62,230.36,226.51,215.59,205.88,191.11,180.47,176.32,171.01,163.05,158.03,151.38,146.73,142.34,139.43,132.83,128.95,127.91,118.33,111.16,105.51,96.57,89.50,83.22,73.01
133.88,149.26,158.69,169.54,178.91,191.31,196.99,208.39,214.04,217.57,226.32,231.90,236.28,239.87,242.62,246.24,252.20,256.63,262.02,265.19,264.08,267.69,271.90,272.62,269.28,270.90,261.20,252.03,243.26,237.78,224.90,214.35,200.30,192.20,182.89,177.55,171.73,165.42,158.37,153.79,151.33,145.00,139.71,135.87,131.83,123.10,115.25,110.39,101.67,94.24,86.05,77.25
134.74,151.32,159.21,168.58,181.03,190.54,198.07,208.24,213.06,218.28,226.82,232.88,236.03,240.03,244.28,249.61,251.46,258.43,261.20,265.20,264.01,267.76,269.68,276.94,272.80,270.90,259.62,252.98,247.31,234.05,228.27,218.87,199.46,191.71,184.62,178.51,172.66,164.68,160.01,154.74,151.17,145.45,138.70,135.38,130.12,124.42,118.00,110.00,100.90,93.09,86.68,78.60
131.49,144.59,153.88,167.15,176.14,185.88,194.79,203.27,207.53,214.46,222.01,226.74,231.74,234.29,237.54,242.10,245.08,250.93,256.09,256.02,257.05,261.84,264.94,266.63,265.22,262.62,253.48,246.56,238.61,226.50,220.84,207.59,195.01,187.30,181.46,174.54,169.33,160.38,157.18,151.12,146.41,142.41,136.61,131.58,129.03,120.37,115.21,107.00,97.62,89.01,83.63,75.00
116.10,129.52,137.88,147.03,156.11,166.05,170.95,181.75,184.09,188.51,197.40,199.81,203.79,207.96,211.42,213.49,218.51,223.65,228.35,228.84,226.72,230.87,233.24,237.08,236.55,234.92,223.95,219.45,212.05,204.66,199.58,188.79,175.09,165.05,160.70,153.83,148.71,144.22,139.86,134.62,131.21,128.75,121.15,119.33,114.91,108.08,103.08,95.82,87.01,81.84,75.95,67.45
130.25,145.89,155.29,165.42,175.42,185.88,192.44,204.71,209.62,213.84,220.88,226.02,230.53,233.89,236.46,241.03,246.98,252.01,256.83,258.12,255.67,260.49,264.71,264.02,264.26,265.24,254.83,245.18,237.01,230.71,223.66,210.61,194.81,189.62,182.94,175.48,165.95,159.24,156.27,154.05,148.68,142.17,139.18,134.85,132.00,119.10,113.89,105.42,100.69,93.15,83.19,74.63
117.00,130.12,137.88,146.28,157.19,166.82,172.28,182.02,187.36,189.71,197.43,200.64,204.41,209.30,211.98,214.52,219.53,222.25,227.00,229.71,227.07,231.67,235.80,238.47,236.86,233.26,225.04,218.93,212.98,205.23,198.98,188.92,173.35,165.95,159.78,155.59,150.59,146.56,142.01,135.72,129.50,128.76,120.77,118.66,116.35,108.23,103.17,96.05,88.36,82.46,74.97,67.23
130.25,146.32,153.10,164.20,175.19,185.10,192.33,203.38,207.07,212.79,217.92,223.67,228.32,234.31,238.40,241.62,244.52,249.84,253.87,257.42,256.73,260.12,260.65,266.09,262.38,262.49,251.18,244.84,236.78,226.93,220.10,209.39,194.31,186.68,178.02,172.54,166.96,161.40,156.08,150.23,146.82,140.87,137.00,132.10,129.55,120.54,113.57,108.45,99.46,90.09,84.31,74.33
130.39,146.16,153.81,162.82,175.29,184.68,192.44,203.04,205.83,211.74,218.83,224.15,228.37,232.96,238.80,242.86,246.35,253.03,255.21,261.09,260.89,267.00,268.87,272.84,274.24,274.18,269.53,263.88,258.40,248.24,242.07,232.76,216.89,209.09,201.36,194.24,186.95,180.83,173.67,167.24,160.82,154.93,149.57,145.78,139.61,132.97,126.12,116.28,105.65,99.49,92.57,82.00
129.10,143.35,153.39,163.13,174.57,185.13,192.23,201.93,207.88,214.25,219.60,224.86,228.98,233.79,236.91,241.50,245.38,252.76,255.64,260.73,262.27,267.03,270.60,274.18,273.85,272.72,265.37,263.05,258.24,248.81,243.48,232.56,216.12,203.94,198.60,192.77,185.87,179.45,175.42,167.59,159.24,156.18,148.64,144.51,138.71,132.02,124.95,116.28,106.04,97.42,91.66,80.78
132.00,149.09,156.59,167.03,180.09,188.88,198.01,207.08,209.88,217.04,224.70,230.98,235.54,240.42,243.12,247.89,252.62,256.31,261.08,263.09,261.63,264.88,268.37,271.95,268.82,268.48,257.03,251.00,241.15,233.94,223.93,211.37,196.06,189.03,183.25,175.65,171.90,164.68,162.05,152.97,149.31,147.30,140.19,136.34,131.55,124.46,118.31,110.26,101.83,94.92,86.09,78.45
133.36,150.44,159.76,171.71,181.18,192.94,199.96,210.49,215.75,222.19,229.00,234.83,239.99,243.56,249.10,251.41,254.37,261.12,266.10,268.46,265.20,270.25,273.06,276.02,275.12,274.90,262.73,254.62,247.59,237.07,228.08,217.18,201.06,193.04,185.95,181.11,175.70,169.16,164.61,159.52,155.62,149.80,145.66,139.46,133.09,126.48,119.02,112.89,104.02,96.21,86.37,80.06
128.55,142.78,152.07,162.43,175.14,183.93,191.88,201.43,206.69,212.71,219.24,224.27,229.87,231.04,234.83,239.18,245.86,249.65,254.14,255.69,252.86,257.61,261.45,263.21,262.29,259.38,249.48,243.40,234.75,227.27,217.89,206.35,194.55,185.54,181.01,174.72,166.87,161.94,157.95,153.06,148.76,144.54,136.47,135.25,130.21,120.27,116.71,106.68,99.04,90.80,86.21,74.04
129.71,143.78,153.77,165.59,175.55,186.85,193.15,202.68,206.53,213.08,220.63,225.28,232.22,235.47,237.26,241.99,246.44,252.41,255.20,256.19,257.53,259.33,263.35,262.95,261.61,262.89,252.66,244.77,240.14,230.03,222.03,210.64,195.42,186.85,183.31,177.48,171.40,162.25,159.14,153.50,150.55,144.01,140.29,134.83,131.83,122.12,115.32,107.47,100.85,93.61,86.61,77.10
130.15,143.78,154.78,164.64,175.82,186.63,193.19,202.97,209.02,213.19,220.64,225.94,229.63,233.08,239.25,241.12,244.56,251.41,255.57,255.84,254.47,260.21,264.58,263.66,264.05,263.59,251.63,242.80,235.37,228.67,221.18,209.89,197.44,190.31,181.30,176.38,170.18,164.76,159.77,154.87,151.16,145.50,140.91,138.81,132.03,123.43,117.27,109.90,100.60,94.43,85.63,76.03
129.63,145.21,153.68,166.21,175.41,186.82,193.13,203.23,210.30,212.36,221.54,224.44,229.80,234.39,236.40,240.65,244.00,249.82,253.65,256.02,254.24,257.26,262.42,262.69,261.22,262.23,249.72,241.30,233.11,226.88,218.91,207.45,194.74,189.06,179.37,173.28,168.61,163.25,156.85,152.12,147.99,144.53,138.28,137.06,131.03,121.67,115.11,107.84,98.60,91.92,84.59,74.33
128.63,143.53,152.76,162.01,175.00,184.55,191.67,201.07,205.88,210.95,218.01,223.89,229.06,232.61,237.26,241.42,246.06,251.75,254.80,257.39,259.23,265.80,266.18,271.31,270.86,269.46,262.62,260.89,255.70,243.25,237.88,228.96,211.91,202.08,197.20,188.85,183.36,174.89,170.00,163.02,157.50,153.84,147.00,142.27,136.31,130.29,122.59,112.16,104.00,96.52,89.74,80.99
129.02,144.84,152.00,162.29,174.29,186.08,190.43,200.68,205.06,211.14,218.68,223.08,229.96,233.14,237.26,242.77,248.07,253.06,256.78,258.98,261.22,266.01,267.41,272.53,273.36,272.05,266.31,261.58,256.11,244.04,238.76,229.48,213.77,205.65,198.85,192.04,184.39,174.64,173.01,164.35,161.00,156.43,147.19,144.59,138.84,129.87,122.78,113.23,105.60,97.17,90.45,80.05
129.38,143.01,152.80,162.29,170.89,182.56,188.17,200.41,206.23,210.30,216.15,224.11,227.07,230.73,233.89,238.10,242.19,246.42,252.24,252.80,251.45,254.66,259.12,257.95,258.21,257.41,248.17,239.64,230.52,226.12,214.00,203.20,189.99,185.80,179.92,173.81,163.49,157.70,153.53,150.21,144.85,139.61,137.12,131.10,128.97,118.14,112.16,105.85,98.41,91.79,82.87,73.01
127.14,142.39,151.08,161.45,170.95,181.02,187.38,197.91,203.54,207.20,214.27,219.69,225.01,227.73,230.26,236.60,239.73,245.22,248.57,251.72,251.03,254.07,256.43,256.38,256.05,257.33,247.15,236.03,231.16,223.57,214.57,204.01,190.80,184.40,178.62,172.54,165.50,157.81,154.47,149.82,145.28,137.03,136.12,130.18,125.90,117.44,111.00,105.30,96.40,89.87,81.61,73.17
127.53,140.36,149.62,161.12,169.96,180.41,188.05,197.31,202.94,208.06,213.76,218.83,224.72,227.85,231.89,235.17,237.32,245.25,248.57,250.83,249.55,253.85,257.19,258.38,257.70,253.80,244.40,238.61,230.67,223.54,216.23,204.92,191.38,183.22,178.40,169.78,165.10,157.08,152.79,146.86,143.18,140.43,132.83,129.40,125.24,117.39,113.23,107.91,95.90,88.46,81.40,74.24
134.33,148.92,158.96,169.36,179.48,191.05,197.44,206.42,212.15,217.04,226.04,230.53,234.96,240.52,243.35,248.68,250.95,257.53,259.62,264.43,263.15,266.20,268.00,274.13,270.86,269.26,257.03,251.73,244.44,231.25,224.15,215.36,198.76,191.31,181.21,175.70,170.84,163.95,160.00,152.32,148.93,143.68,137.20,130.68,128.72,119.87,115.11,108.71,97.69,90.35,83.68,73.78
127.48,142.43,152.43,162.61,172.41,182.02,188.73,198.71,204.38,208.17,216.84,221.38,227.04,232.72,234.18,236.85,241.23,248.79,252.12,253.30,253.22,255.89,257.64,260.73,259.12,259.86,250.57,242.98,235.44,224.01,214.76,204.96,192.11,184.98,176.31,169.96,164.05,156.92,153.05,148.34,144.84,137.31,133.41,129.24,125.32,115.97,109.88,103.82,96.02,87.66,78.75,71.55
129.14,145.17,155.57,163.48,174.60,184.14,192.31,202.71,205.98,211.68,219.13,224.01,228.81,232.81,236.69,239.65,243.77,249.73,255.70,256.32,255.41,258.13,262.34,263.71,264.61,262.02,250.27,244.49,236.58,229.07,220.91,210.44,193.22,187.64,179.48,172.97,166.93,160.70,156.72,152.51,147.98,143.20,136.89,131.24,129.54,118.00,112.27,107.20,99.62,91.48,81.39,72.45
129.19,145.84,155.62,165.46,176.05,185.00,193.00,205.23,208.02,212.26,218.84,223.96,229.16,232.95,238.29,241.51,244.72,249.71,255.15,256.12,255.45,257.38,261.28,263.34,262.62,259.73,249.63,245.12,237.13,230.17,220.91,208.80,194.82,185.87,179.39,172.88,167.86,162.34,157.26,151.01,146.69,142.14,138.06,133.66,129.14,120.00,113.72,109.20,99.13,90.62,82.73,73.93
132.00,148.35,154.78,164.21,177.88,185.74,195.21,203.79,207.91,213.01,223.01,224.57,229.60,233.89,237.54,240.63,245.54,248.73,254.94,255.72,253.13,258.29,262.15,265.01,264.47,261.69,248.85,245.05,236.73,229.48,219.24,209.12,196.01,185.78,180.10,173.95,169.45,162.26,157.03,150.66,147.14,143.75,137.30,132.52,129.19,121.71,115.26,108.67,97.32,90.93,83.35,75.43
130.36,146.40,155.04,164.71,176.34,186.34,192.20,202.04,207.63,212.42,221.25,224.89,228.00,234.54,238.73,241.01,245.80,252.39,256.29,259.73,262.23,266.61,269.88,275.04,274.87,273.27,267.75,263.44,258.99,247.49,240.50,230.36,214.77,207.51,202.83,192.85,186.85,177.77,174.73,169.19,162.60,157.76,148.72,144.64,141.09,133.30,125.16,115.88,107.28,97.74,90.79,79.98
129.28,142.90,153.42,164.37,173.95,183.63,191.00,201.85,205.64,211.30,217.25,222.01,228.04,231.14,236.03,238.17,240.92,248.57,252.05,254.40,248.94,256.28,257.53,260.82,260.10,259.11,248.28,239.71,236.60,227.37,216.81,203.30,191.67,182.22,178.02,171.96,167.50,160.20,154.54,150.10,147.63,140.46,136.13,132.97,129.03,118.30,113.36,106.44,98.41,91.42,83.22,74.30
126.63,143.06,154.43,162.73,173.82,183.02,192.66,202.89,204.47,212.25,218.91,224.29,228.25,231.23,234.56,239.01,242.77,249.06,252.62,252.96,251.98,256.86,259.20,259.16,260.60,261.81,250.78,243.01,234.48,229.39,217.42,205.30,191.13,185.92,179.64,174.38,165.68,158.27,156.29,154.99,148.92,141.88,138.60,133.72,130.11,122.00,113.77,107.54,99.81,94.37,84.38,75.80
130.70,147.09,153.17,164.66,176.62,185.46,192.11,201.54,205.29,213.22,219.01,224.36,230.21,234.83,235.85,240.66,246.59,250.89,255.00,258.47,262.68,265.94,269.22,272.94,274.00,274.49,269.11,264.68,258.13,250.40,243.65,233.48,220.66,210.61,203.35,196.66,186.81,183.70,175.96,170.29,164.58,159.73,153.67,148.81,141.69,136.07,126.72,119.10,109.60,99.92,93.54,83.19
128.69,143.09,154.03,162.64,173.08,183.22,191.32,200.88,204.02,209.06,216.33,221.40,224.47,229.98,235.00,236.59,241.60,245.05,251.87,251.88,250.80,255.49,258.50,261.73,260.85,257.50,247.43,242.05,236.21,227.09,219.20,208.21,193.09,185.78,177.87,173.76,166.63,162.36,156.35,151.17,149.48,145.77,137.53,135.06,129.10,122.32,115.95,110.55,101.13,94.05,84.50,76.03
132.67,149.45,160.08,170.95,180.47,191.13,199.99,209.99,215.08,220.86,227.70,234.64,237.95,242.46,245.33,250.35,254.89,259.62,266.37,265.98,265.05,270.38,274.07,273.76,272.64,273.78,262.62,252.25,248.36,239.82,229.79,219.11,203.92,197.34,190.60,185.56,175.76,168.15,163.36,161.06,158.90,151.56,146.54,140.58,136.86,127.39,121.33,113.85,106.51,98.13,88.87,79.40
131.53,148.19,158.00,166.76,177.48,188.69,196.82,206.53,210.86,217.08,223.33,231.87,235.64,238.05,241.63,247.31,247.81,255.82,260.93,261.20,261.45,264.46,269.31,269.90,266.53,270.57,258.12,248.85,244.05,235.94,226.05,215.10,198.71,193.89,188.96,180.28,171.41,163.19,162.25,160.10,155.63,147.92,143.54,138.05,135.09,125.36,120.25,112.27,105.02,97.86,86.56,76.94
127.63,142.14,153.39,163.49,173.17,183.37,189.50,202.03,208.02,210.44,216.45,224.24,228.74,230.42,233.01,238.17,244.30,248.42,252.67,254.89,253.71,256.85,260.28,262.61,261.63,260.76,250.14,242.51,234.78,227.26,218.58,208.35,192.84,189.01,184.62,175.56,169.01,162.52,156.85,156.06,152.07,143.74,141.04,136.53,134.65,122.44,114.86,107.21,102.04,97.12,85.21,76.84
129.32,143.60,154.01,162.69,173.95,185.54,191.01,203.71,207.02,211.81,218.51,224.66,229.46,232.69,236.54,239.44,244.38,250.20,255.56,256.07,254.01,257.38,259.08,260.49,259.79,263.14,248.87,241.27,234.34,228.41,217.42,208.50,194.65,186.36,183.47,175.23,168.13,161.99,156.82,154.04,151.16,144.64,142.06,136.61,132.50,122.43,117.15,109.18,101.49,94.92,85.91,76.06
126.38,142.77,152.30,162.08,170.84,181.69,188.92,199.62,205.62,209.33,215.67,220.51,226.28,229.44,233.62,237.39,239.74,246.03,249.19,252.80,251.24,253.28,258.19,256.97,258.64,257.82,247.25,239.04,233.02,224.59,216.72,205.15,194.47,189.06,181.18,175.03,168.67,162.34,158.05,152.35,151.48,143.22,140.12,136.09,135.67,123.42,117.69,109.49,102.40,97.01,86.35,76.90
128.32,143.22,151.58,161.04,173.36,183.48,189.66,199.38,203.96,209.60,215.23,220.95,226.59,229.00,233.57,238.32,241.22,247.75,249.06,252.68,249.97,254.97,255.84,261.96,258.79,255.84,245.59,241.01,234.20,223.57,218.50,205.80,193.50,185.10,179.01,174.87,171.21,165.01,159.01,151.49,149.93,145.22,139.28,136.85,133.69,125.22,118.88,111.07,101.83,94.34,89.27,78.00
129.00,144.47,153.57,163.23,173.28,184.61,189.68,203.11,205.06,211.44,218.25,223.73,228.44,231.90,236.02,238.60,244.97,250.71,254.92,258.68,259.99,263.55,267.48,271.30,272.66,273.25,265.20,259.24,255.16,246.89,239.28,229.47,214.03,206.04,202.00,195.49,187.83,179.74,175.35,169.54,165.00,158.52,152.98,149.24,142.71,132.85,126.21,118.80,111.02,100.62,91.98,84.31
125.77,142.17,149.80,159.53,170.14,181.66,186.99,198.12,202.20,205.55,215.06,219.40,223.33,227.19,230.84,237.17,236.89,242.00,245.42,248.85,248.20,250.46,250.48,255.56,252.62,249.77,240.20,232.91,225.79,216.09,209.30,200.12,185.85,175.51,171.14,165.89,159.38,153.83,148.64,144.47,142.30,138.85,130.65,128.06,124.00,116.85,111.73,106.00,95.13,89.68,83.67,75.01
99.96,115.74,123.41,131.14,138.44,143.67,147.14,151.65,157.56,155.79,156.52,159.53,160.86,161.64,159.33,162.89,167.19,170.79,175.93,183.56,192.52,196.00,204.80,207.24,215.15,222.43,225.41,222.43,219.92,221.29,216.48,210.72,208.52,203.65,196.29,190.68,179.69,172.98,165.74,158.38,152.85,143.59,134.27,127.46,123.49,111.36,104.94,96.83,89.20,84.48,73.88,69.26
127.00,142.20,151.42,160.65,172.89,181.22,191.61,202.09,206.81,209.04,216.90,223.33,226.24,231.04,232.36,237.47,241.17,247.34,254.54,252.62,251.75,256.08,257.70,261.01,255.73,258.03,245.02,240.33,231.40,225.22,214.18,204.48,189.10,182.48,179.64,169.43,161.45,154.21,153.00,149.28,144.01,137.75,132.94,129.71,125.45,116.47,110.75,104.68,98.13,90.38,82.81,73.68
135.67,152.12,160.11,173.67,183.33,194.54,201.06,214.29,220.17,225.26,232.12,238.68,242.84,247.87,252.86,256.60,257.72,264.95,266.19,269.52,265.44,270.70,270.25,271.35,269.28,269.55,256.76,246.61,239.28,228.22,220.29,208.87,192.80,184.81,176.74,171.29,165.80,159.30,157.29,149.62,146.32,139.26,134.13,133.15,129.38,118.71,111.63,105.00,97.98,91.92,83.10,73.74
134.83,153.06,162.74,173.93,184.74,196.22,203.89,213.85,220.55,226.15,232.14,240.03,243.94,249.02,254.70,256.10,262.21,266.60,272.62,272.47,268.00,272.02,271.90,272.04,270.82,271.27,258.31,249.87,242.07,233.48,219.70,209.01,194.49,186.07,179.40,173.95,165.76,160.11,158.98,153.44,146.15,140.72,134.53,132.20,129.00,120.95,113.23,105.00,99.02,92.31,83.49,75.64
126.57,141.03,150.27,160.65,171.40,180.89,189.56,199.22,203.91,208.66,214.85,221.10,226.13,227.64,230.79,234.69,240.24,245.01,249.18,252.30,249.72,252.52,258.16,256.78,257.11,257.86,246.91,239.21,233.85,225.80,214.80,205.41,188.28,182.04,177.72,170.34,163.51,157.20,152.83,149.00,144.31,137.06,136.40,130.03,126.65,119.52,113.15,103.82,96.88,89.69,81.06,74.00
128.47,143.03,152.19,163.13,173.05,183.77,191.00,202.47,206.79,211.54,216.92,223.97,228.09,230.59,233.42,237.24,243.07,249.32,252.12,254.29,250.89,257.03,261.35,262.20,260.41,260.92,248.62,238.40,233.21,224.66,215.52,204.00,191.76,185.31,180.23,173.57,163.60,156.26,155.08,151.86,146.26,140.43,135.07,132.03,128.23,120.21,112.07,105.00,102.04,101.67,85.51,71.57
128.39,145.17,153.77,162.86,173.77,184.18,189.86,201.40,204.44,210.77,216.34,222.46,226.64,231.92,236.02,240.31,242.40,248.58,253.10,255.52,251.35,257.11,257.12,262.25,261.20,258.80,246.74,241.05,233.33,223.19,215.72,203.94,191.17,182.20,175.76,170.94,164.76,155.80,155.29,148.86,144.22,141.48,133.96,129.87,125.93,118.68,112.61,106.04,96.93,90.27,82.97,72.20
127.56,144.31,150.65,159.45,172.31,183.17,189.68,199.42,205.18,210.49,219.40,222.58,226.35,231.64,234.31,236.58,242.39,246.10,249.97,254.17,252.56,255.54,260.05,261.22,262.18,258.00,246.71,240.13,234.54,226.32,216.78,207.71,192.82,179.10,176.50,168.34,164.26,159.14,152.82,146.44,143.54,140.60,135.44,130.18,127.02,117.27,114.42,105.57,97.50,90.00,83.23,72.80
127.14,142.23,149.48,159.53,172.41,182.13,188.30,198.04,202.30,206.19,215.41,221.44,225.58,228.82,232.57,237.06,240.87,245.72,250.05,251.13,250.51,255.48,258.99,258.31,258.57,255.63,245.95,238.08,231.93,224.90,214.41,205.23,188.00,178.08,176.88,170.02,164.76,156.72,149.69,147.30,144.06,141.42,135.07,130.36,126.06,118.53,113.36,104.17,97.72,88.75,84.29,73.93
128.14,143.96,151.01,162.61,170.99,181.81,189.84,200.00,205.80,210.38,215.97,223.57,227.78,230.21,232.73,237.02,241.68,247.59,251.60,253.39,251.75,254.03,258.31,259.17,257.70,260.29,246.09,236.21,231.80,224.41,216.90,206.04,191.70,183.99,179.39,167.67,162.19,155.19,153.52,149.25,145.15,137.01,132.28,129.00,127.48,116.73,109.44,104.45,97.95,89.54,83.02,71.69
128.22,143.57,152.21,162.05,175.41,183.41,192.05,202.14,206.55,211.74,220.08,224.98,228.41,233.48,235.20,241.11,244.25,249.37,251.18,255.27,253.45,256.12,257.12,263.49,258.04,256.81,244.52,244.10,235.21,223.83,216.62,205.06,190.71,178.39,176.65,167.09,163.25,161.92,153.81,148.05,143.67,141.57,134.21,129.62,124.20,120.81,112.04,107.21,97.80,89.59,83.95,73.35
129.02,143.03,152.78,162.26,175.51,184.66,191.93,203.08,207.65,211.40,221.35,225.20,229.05,232.36,235.17,240.42,244.48,248.36,253.13,255.64,253.18,257.39,261.22,262.09,261.12,258.79,247.01,244.05,233.17,225.57,218.29,206.87,190.43,180.40,175.84,169.19,164.44,159.67,155.13,147.28,142.72,140.66,132.28,129.87,125.40,120.88,112.89,106.83,96.80,90.02,81.93,73.66
123.33,139.72,153.10,162.11,174.04,183.33,191.13,204.36,210.87,212.95,220.06,226.65,230.50,234.76,237.54,240.52,244.02,250.30,255.42,255.78,254.59,256.64,261.84,259.62,259.12,260.86,249.15,240.13,232.00,227.25,212.84,204.94,192.17,184.55,178.47,170.29,163.22,157.70,152.90,151.65,146.45,138.57,135.77,130.51,126.24,116.93,110.54,105.38,97.05,90.26,82.87,73.36
126.49,141.21,153.65,162.52,173.23,183.73,191.23,202.27,208.31,212.68,218.55,225.76,230.12,233.12,236.99,242.07,245.02,250.45,255.44,256.20,252.52,257.38,262.08,262.09,262.50,259.60,251.91,241.00,237.60,227.98,220.10,207.18,192.13,185.53,182.08,174.01,165.24,158.32,152.40,152.01,144.59,138.64,137.13,133.84,128.95,118.11,111.32,102.65,97.01,91.18,81.10,73.08
127.12,142.95,150.95,162.81,173.29,183.41,189.99,200.00,207.69,211.12,217.71,225.32,230.05,231.70,237.90,242.26,246.73,252.17,257.26,259.14,262.84,267.75,269.98,273.07,274.41,276.50,270.93,262.09,260.26,250.68,242.62,233.06,219.49,209.68,203.34,197.31,188.04,178.77,173.57,169.81,163.47,156.25,150.88,144.89,139.81,130.86,124.46,115.25,106.04,99.00,89.19,79.63
125.57,142.34,151.38,157.80,166.97,175.03,188.80,200.69,206.65,208.86,217.80,222.64,229.02,231.62,235.21,239.45,242.55,248.97,254.24,253.54,255.36,258.66,263.43,264.46,265.67,264.68,252.36,245.66,236.37,231.05,223.14,212.46,198.98,191.17,185.72,177.86,172.86,165.39,159.00,156.85,153.12,143.22,139.14,135.00,130.63,121.26,116.50,108.50,100.85,94.81,82.98,73.50
126.18,142.00,150.69,159.84,167.52,176.71,189.26,200.09,204.96,209.90,218.63,224.18,229.45,231.93,236.36,241.08,245.60,249.28,253.24,253.85,256.72,260.51,262.62,264.78,265.71,266.00,253.31,247.99,239.10,230.83,223.57,211.75,199.72,192.35,186.96,179.05,171.73,166.42,159.33,157.43,151.05,145.80,138.96,135.25,130.74,122.97,117.05,109.02,100.58,93.19,84.10,74.81
103.75,117.71,123.17,131.94,141.40,146.65,149.35,154.40,155.82,156.26,161.24,162.24,163.05,165.42,166.11,169.64,173.36,179.00,184.98,190.23,195.21,207.02,208.72,211.34,219.02,221.92,224.90,227.73,223.49,223.44,218.08,211.73,207.41,202.16,194.31,190.39,182.32,177.48,165.46,157.38,148.93,141.01,129.19,119.01,113.75,104.24,99.18,90.43,83.19,74.43,68.60,59.14
112.16,125.18,133.72,142.69,152.32,162.60,168.24,178.49,182.48,186.94,193.41,196.74,201.24,206.02,208.59,213.59,214.98,221.16,225.09,227.04,226.38,231.25,231.08,232.36,233.00,233.39,224.18,217.68,211.01,205.06,198.08,192.08,178.47,172.24,168.19,159.70,153.70,147.14,144.06,140.69,136.00,130.51,126.57,122.33,119.08,111.07,104.36,98.60,88.75,83.93,76.16,68.03
126.62,141.87,152.16,161.91,172.07,182.50,190.07,199.72,205.35,210.30,218.08,223.29,229.84,231.19,236.21,238.88,245.28,248.43,252.11,253.13,254.88,259.62,259.53,263.49,261.64,263.25,253.81,245.38,239.84,230.59,223.71,213.72,201.76,191.78,185.81,179.90,172.24,164.98,161.72,157.18,152.74,146.01,141.83,137.64,132.97,123.97,118.85,109.77,102.11,93.86,86.40,75.59
127.10,142.94,151.21,159.76,174.18,182.10,189.43,201.02,205.41,209.46,218.55,222.65,226.23,232.54,235.37,240.25,245.74,248.87,253.02,256.69,254.80,260.12,261.03,265.66,264.91,263.60,251.45,247.59,240.76,232.17,222.79,216.46,201.16,191.48,185.06,179.61,173.56,166.98,164.30,156.18,152.09,148.00,141.50,136.85,133.00,125.25,118.60,113.60,102.53,94.05,86.33,76.84
125.20,139.06,151.08,159.73,170.48,180.10,188.22,200.28,205.12,209.35,216.60,221.72,228.02,228.47,234.83,236.78,240.78,246.05,251.05,251.35,252.18,256.07,258.28,261.01,259.43,259.94,251.22,245.20,235.70,229.21,222.08,212.78,198.85,192.28,183.52,179.12,170.84,166.69,161.99,154.21,151.27,143.00,138.44,138.45,132.62,123.85,116.62,111.54,102.77,93.48,86.31,77.08
126.00,140.80,150.99,161.74,172.39,182.10,188.96,199.14,204.92,210.12,218.05,223.30,228.45,230.67,234.76,238.10,243.53,248.29,251.87,252.72,254.71,257.15,259.54,263.01,260.60,261.47,252.56,245.69,240.87,228.67,221.96,214.57,198.92,192.48,186.94,179.33,169.65,166.19,160.72,156.29,152.79,147.57,141.99,136.13,132.57,123.17,117.83,109.38,102.31,93.62,86.28,76.03
127.61,143.22,152.43,162.89,174.03,183.10,191.17,202.15,205.76,211.69,219.92,226.74,231.35,234.09,238.54,243.26,246.62,254.25,258.12,261.84,264.15,267.29,271.28,274.19,274.87,275.96,269.79,264.46,259.88,250.94,244.39,234.56,223.03,214.26,208.93,200.49,190.76,185.56,181.30,174.59,169.12,161.99,155.44,152.45,145.58,136.18,128.32,118.53,111.46,102.70,94.81,85.56
127.00,141.87,152.07,163.72,173.74,183.60,190.83,201.11,206.55,212.49,220.91,224.29,230.77,233.28,237.54,241.47,247.39,250.46,253.95,254.16,256.76,260.95,260.89,264.22,261.55,262.82,253.31,245.54,239.53,226.38,222.27,213.10,197.44,193.02,186.01,178.63,170.84,164.62,159.14,156.82,150.63,146.40,139.81,135.19,131.31,123.55,118.19,108.85,101.24,93.68,86.40,74.79
126.12,141.99,151.17,161.38,169.58,181.74,189.62,200.63,204.95,210.15,216.52,224.29,228.35,232.13,235.49,238.65,242.43,248.07,251.85,254.88,253.30,256.03,259.79,260.55,260.77,262.97,252.44,243.74,237.35,230.67,221.68,212.29,197.61,190.21,183.77,179.28,170.51,162.25,157.72,155.19,151.86,141.69,142.24,136.40,131.19,122.00,113.89,109.34,103.59,96.69,85.70,75.21
125.50,143.57,150.27,160.64,171.12,182.02,190.52,199.12,205.07,210.19,217.99,222.89,227.84,231.04,234.69,239.28,241.02,248.28,251.56,254.47,253.57,257.82,258.02,262.23,259.62,261.87,249.83,244.74,237.66,227.20,220.05,210.15,198.66,189.25,184.05,175.35,171.72,164.65,159.10,154.05,147.96,145.09,137.88,134.24,131.24,120.60,115.73,110.28,100.00,92.03,86.05,75.15
127.28,142.64,153.68,166.09,175.68,187.43,195.00,204.84,211.74,217.59,225.08,231.14,236.59,240.20,243.56,247.25,251.39,255.33,258.80,258.99,260.62,261.71,263.14,263.89,260.09,258.94,251.79,239.78,235.79,224.41,216.98,208.06,193.21,188.05,178.44,171.60,164.14,158.03,155.28,151.24,147.00,142.62,136.00,131.87,127.00,119.11,114.53,105.99,99.90,91.09,83.38,73.43
129.63,145.96,155.42,166.68,176.18,187.39,194.91,206.83,213.08,220.76,225.89,232.88,237.03,239.71,244.99,249.65,252.62,258.31,261.70,261.63,258.69,262.24,264.80,265.36,264.38,260.78,251.91,241.60,237.01,228.88,218.28,207.51,192.76,187.22,178.34,176.71,169.96,162.27,158.64,153.06,149.75,142.58,136.85,132.65,129.00,121.07,114.84,107.90,99.02,92.70,83.05,74.85
126.32,141.76,152.87,162.41,172.35,183.13,189.42,200.14,205.97,210.72,218.15,224.20,229.43,231.37,235.80,238.46,243.98,248.07,251.41,253.87,255.89,259.31,260.93,260.93,259.05,261.84,252.83,245.23,239.05,228.76,222.72,213.82,199.32,191.86,186.45,179.03,170.82,164.07,161.15,157.31,153.58,148.57,141.68,136.75,133.66,123.23,117.00,111.40,101.79,93.09,86.38,77.03
125.00,140.94,150.89,160.65,171.21,182.10,188.45,199.98,204.63,210.40,217.91,224.06,228.04,231.33,233.38,237.54,244.00,248.29,253.51,254.40,252.58,256.64,261.60,261.84,259.93,262.18,252.01,242.17,238.65,232.67,221.24,211.01,198.71,193.21,187.21,180.89,171.47,163.23,160.51,159.53,153.65,146.00,143.56,136.34,134.13,122.64,116.18,110.57,103.70,94.15,86.95,76.06
115.16,124.96,136.85,146.41,155.47,165.05,172.68,182.39,188.60,193.31,197.25,203.83,207.62,211.29,214.13,218.29,225.29,230.60,232.56,234.18,237.78,240.63,246.17,247.31,250.86,249.51,245.22,240.07,234.02,226.93,217.92,210.30,198.83,192.57,187.95,178.37,171.66,162.86,161.15,156.28,150.42,145.33,139.09,135.37,129.77,120.74,113.51,108.02,99.30,93.81,84.91,75.71
116.56,128.08,137.91,148.00,157.17,166.03,172.12,181.57,186.13,191.16,198.93,203.53,207.82,210.54,214.54,218.92,224.08,228.12,233.54,235.05,238.65,242.54,244.39,247.61,248.03,251.32,245.38,239.82,234.83,226.14,218.63,211.14,199.25,191.60,185.07,177.92,171.98,163.00,159.18,153.38,150.15,144.90,138.85,134.13,129.36,121.38,114.77,107.67,99.46,92.44,84.65,74.63
124.81,141.22,151.20,161.01,172.59,183.20,189.49,200.81,206.63,209.78,218.69,223.58,226.43,232.18,235.98,239.72,243.02,249.32,254.13,255.36,253.01,256.81,260.13,262.61,263.37,263.60,250.32,242.33,237.19,228.43,220.84,212.21,199.62,191.19,185.95,178.47,173.30,164.98,161.22,158.47,152.74,143.78,141.72,135.19,132.20,124.39,116.40,110.17,101.08,94.11,86.35,76.79
128.10,143.18,155.66,164.30,175.76,186.32,194.73,206.50,212.01,217.70,225.36,232.25,236.25,239.42,244.40,247.15,253.90,256.53,263.34,263.10,259.62,261.63,267.05,264.76,265.24,264.49,252.91,245.11,237.01,231.85,219.15,207.04,195.17,191.54,185.95,176.64,171.33,162.11,159.51,155.98,154.26,146.15,142.52,138.76,132.44,124.89,116.69,109.59,104.31,95.51,85.70,75.24
124.04,138.72,148.55,158.40,169.43,177.88,187.04,197.34,202.00,207.14,215.06,222.20,224.54,228.22,231.39,236.50,238.95,246.13,251.79,252.19,249.97,255.04,257.42,260.07,257.42,259.06,250.54,241.10,235.15,230.41,217.79,210.77,193.84,190.34,186.17,176.96,169.81,162.20,160.08,158.81,154.87,146.29,143.03,135.72,134.85,124.02,117.15,110.77,103.31,95.59,86.54,77.06
130.27,145.58,155.23,167.57,178.28,188.73,196.33,207.00,211.85,217.83,226.05,230.93,237.66,240.41,243.19,248.36,252.45,257.70,261.95,263.47,264.17,269.44,272.25,274.40,272.53,271.63,263.69,253.67,248.21,239.18,230.76,220.76,207.51,198.93,192.63,187.54,180.10,173.61,169.19,164.68,160.72,155.79,150.89,144.40,139.32,133.24,125.87,117.35,108.47,100.32,91.55,80.81
129.44,145.34,156.24,166.39,176.73,185.71,194.56,206.53,211.95,216.92,224.11,231.04,235.34,239.05,242.07,247.48,249.23,255.36,264.21,263.19,263.00,266.63,272.62,273.12,271.27,271.98,263.21,253.36,246.10,238.67,229.82,220.00,205.14,198.65,193.71,187.20,181.64,173.22,169.57,165.06,161.25,155.08,150.90,143.28,141.17,129.87,124.58,117.39,107.17,101.53,91.84,80.26
112.07,124.60,133.84,143.12,152.35,162.11,168.57,177.59,181.25,186.59,193.93,198.39,203.33,206.41,210.19,212.81,219.15,223.08,227.75,229.84,233.09,237.02,240.28,243.10,242.99,244.40,240.90,234.10,230.77,223.40,215.03,208.08,195.50,188.90,183.48,176.82,171.48,163.29,159.05,155.12,150.42,145.50,140.07,133.15,129.65,122.38,116.28,107.49,100.65,93.38,85.16,73.06
124.91,141.28,150.88,161.15,169.40,179.95,188.02,201.36,207.06,210.49,218.07,224.29,228.18,231.14,233.82,238.14,242.21,249.60,254.67,255.34,254.12,257.01,262.91,263.45,261.63,263.77,253.00,243.29,237.02,231.35,221.42,210.86,198.91,194.15,190.03,180.27,172.46,164.78,161.99,160.03,155.72,147.60,143.38,139.43,135.68,126.40,117.39,112.04,102.79,96.83,87.92,77.88
125.90,140.58,150.27,159.24,171.19,182.15,189.38,199.42,206.17,209.27,218.05,222.73,226.21,230.53,235.02,239.14,240.84,248.36,251.10,256.13,252.60,259.06,260.65,265.51,264.32,262.35,249.06,244.59,240.28,227.02,223.95,213.15,198.91,189.40,185.65,179.04,173.69,165.08,163.67,156.32,155.08,149.12,142.13,137.59,134.62,125.67,120.28,114.59,104.02,96.01,88.53,79.70
123.98,139.06,149.94,159.67,169.81,179.07,186.55,196.76,202.05,207.62,215.33,221.11,224.83,228.21,231.56,235.23,239.27,245.07,248.36,250.06,253.01,256.19,256.05,258.14,258.12,258.59,250.14,240.21,235.21,225.85,217.44,209.46,194.37,188.61,182.46,176.18,169.32,162.41,159.86,155.93,152.20,147.05,142.37,136.19,133.65,124.34,118.95,111.36,102.53,94.02,86.15,77.16
123.76,139.23,147.26,156.82,169.40,177.91,184.88,194.79,198.67,203.48,212.53,217.60,222.18,226.74,230.46,233.00,237.79,245.10,247.33,248.26,247.92,254.17,254.21,257.03,255.26,255.56,244.38,238.45,233.00,224.74,217.48,207.28,192.20,185.40,180.01,174.66,169.20,164.16,159.66,153.12,148.93,145.41,139.63,134.62,131.06,123.10,119.24,110.46,102.65,92.44,88.53,78.23
124.04,138.61,150.57,160.70,169.81,178.71,187.42,196.66,202.20,207.51,215.34,219.32,225.66,228.55,231.66,235.47,239.73,243.35,247.20,248.93,251.29,253.65,256.34,258.68,255.03,255.49,246.22,238.10,229.84,223.79,215.18,206.48,192.40,184.98,179.63,172.47,166.14,159.10,156.01,151.65,148.41,143.93,136.57,134.73,130.61,122.35,118.11,109.55,102.11,92.80,86.28,75.80
114.98,130.00,138.92,148.35,156.44,166.41,174.50,185.17,190.91,194.49,200.66,208.59,213.53,214.69,218.45,221.96,225.08,230.56,233.99,234.89,232.18,233.05,236.55,236.68,235.60,235.92,225.80,217.17,210.52,204.08,194.44,185.06,172.82,167.26,161.12,156.18,148.95,144.31,140.66,137.54,135.13,128.75,125.42,121.83,118.60,109.73,104.48,97.75,90.80,84.17,74.89,67.96
117.00,130.82,140.24,149.03,160.03,168.51,177.67,187.77,190.54,197.19,203.10,210.32,214.15,215.73,220.00,224.40,227.43,232.31,235.51,236.17,232.11,235.42,237.43,238.46,237.26,238.25,227.08,219.25,211.08,205.65,195.26,184.57,172.63,168.58,161.04,157.43,149.12,143.00,142.04,138.11,137.30,128.89,126.02,120.93,119.85,110.16,103.17,98.62,91.29,87.21,75.33,68.96
113.16,127.94,136.82,146.49,155.56,165.34,171.48,180.07,184.95,189.18,196.10,201.25,205.51,207.59,212.21,215.26,219.11,223.14,225.57,227.40,230.31,232.42,235.19,235.05,234.36,234.14,226.68,217.04,212.26,206.04,197.10,186.95,176.08,170.42,163.62,158.04,150.08,146.32,143.68,138.92,136.12,132.74,127.12,123.58,119.92,112.70,105.57,99.72,94.02,85.48,77.32,69.29
125.94,142.27,152.21,161.28,170.70,182.24,190.39,201.85,207.42,209.70,216.48,223.02,228.96,230.22,234.44,237.01,241.51,246.60,251.33,252.87,251.92,256.01,260.31,260.55,259.86,258.94,251.96,240.69,232.86,229.24,220.73,208.24,193.87,186.68,184.45,177.56,167.43,160.98,157.87,154.80,149.83,144.39,142.41,135.77,134.18,123.37,116.11,110.49,103.48,96.65,84.72,76.40
127.78,142.78,152.24,163.42,173.18,183.87,189.62,200.81,207.06,212.00,218.22,224.15,229.84,232.08,236.95,240.20,242.70,248.46,251.37,251.88,254.61,258.37,258.59,261.46,261.01,259.03,253.34,242.53,234.98,227.43,220.84,209.30,192.52,189.97,181.22,176.38,168.62,163.00,159.67,152.50,149.16,146.05,140.94,134.72,133.69,123.23,117.04,111.95,102.20,94.05,86.83,76.42
111.63,127.78,133.96,144.36,154.04,164.13,168.29,179.08,181.62,187.75,192.41,197.43,203.34,206.40,208.17,213.24,216.30,221.82,224.37,224.63,223.89,230.84,229.80,234.00,233.49,231.70,225.20,216.46,210.49,203.23,196.60,186.63,173.22,168.86,162.78,158.03,151.92,145.09,141.99,138.22,133.75,130.19,125.54,119.89,119.00,111.00,104.69,98.49,90.55,85.00,77.93,68.88
114.28,129.03,136.62,144.03,154.94,164.73,170.07,181.30,184.49,189.76,195.26,201.40,205.18,209.15,212.76,216.93,218.28,227.69,228.43,231.32,234.06,239.77,240.03,243.74,243.67,244.93,239.10,233.47,231.31,221.90,215.73,206.37,194.12,187.24,180.07,175.41,166.09,160.64,158.15,151.79,147.57,140.58,136.17,132.00,126.04,116.40,112.01,104.69,96.21,89.94,81.88,73.98
126.44,141.90,150.01,160.64,170.56,180.04,190.18,200.42,202.97,208.50,215.70,220.63,225.29,230.38,233.94,237.45,238.05,245.57,250.01,252.69,248.24,253.81,256.01,257.84,258.94,256.28,246.44,240.63,235.14,226.05,217.41,206.96,193.69,185.78,179.40,175.57,168.24,162.11,158.11,151.16,147.68,145.22,137.36,136.00,130.18,120.81,115.21,108.47,99.36,91.93,85.87,76.42
113.37,126.91,135.00,143.35,153.29,161.62,169.00,178.31,181.04,187.01,194.12,198.31,202.51,205.41,209.16,211.95,214.41,221.12,224.15,223.88,224.29,228.60,228.95,231.72,232.65,227.18,218.93,215.13,210.30,201.72,196.60,186.78,172.74,166.33,159.18,154.78,150.63,145.34,140.41,133.73,130.75,126.81,121.79,118.09,114.91,107.30,102.96,97.05,89.14,81.99,77.28,68.73
127.62,142.87,152.55,162.36,172.65,183.21,194.16,204.75,207.59,213.56,219.18,226.74,231.46,233.73,238.17,242.17,245.39,252.16,257.60,256.76,255.88,258.91,263.43,263.43,262.73,263.01,251.18,243.67,239.93,230.60,221.89,211.01,194.37,191.40,182.57,176.66,168.67,163.20,156.95,154.62,152.62,143.78,141.15,134.65,130.61,122.64,115.95,109.55,101.98,94.05,85.49,76.03
127.58,141.01,152.28,161.72,170.67,182.78,190.28,202.94,205.80,210.72,216.02,224.45,229.30,232.77,236.65,240.47,242.40,249.19,254.89,254.37,253.78,256.70,259.62,260.99,262.09,261.18,248.34,242.24,235.77,228.22,217.42,206.71,193.94,186.95,180.41,174.54,167.36,161.31,155.60,153.94,147.99,141.78,137.67,133.18,129.36,121.51,115.32,107.23,99.72,93.74,84.20,74.46
125.48,140.52,148.00,159.20,170.77,181.22,187.39,197.41,203.54,207.62,215.74,221.38,224.34,229.17,232.77,236.21,238.66,245.59,248.36,251.58,249.45,253.19,255.38,259.67,257.84,253.40,244.66,239.52,232.70,222.20,215.04,205.53,190.92,179.81,174.20,166.63,164.91,158.46,152.11,147.00,142.21,137.31,131.59,128.10,124.62,116.04,111.36,104.09,95.19,87.71,81.47,73.74
123.84,142.23,150.34,159.25,172.19,179.13,188.31,200.21,203.90,210.00,218.04,223.62,227.98,229.84,234.35,238.08,242.25,248.24,251.81,252.29,253.31,253.85,259.49,260.34,260.43,256.91,250.05,242.20,233.62,227.55,217.56,207.28,194.26,186.12,179.74,172.00,166.48,159.24,153.64,151.48,146.15,139.81,135.07,132.61,127.64,119.01,113.28,106.53,97.08,90.61,83.19,75.43
127.14,143.59,151.79,160.96,173.52,184.09,191.38,201.60,207.78,210.15,220.63,224.45,229.49,232.66,237.93,241.08,243.84,249.71,255.00,256.04,255.33,259.31,263.40,265.61,264.43,262.38,252.07,246.46,238.30,230.51,220.81,209.80,197.59,187.88,181.40,177.34,169.19,165.08,158.22,153.22,147.38,143.01,136.97,133.96,127.80,121.00,114.59,106.89,98.84,91.79,83.52,77.23
128.02,142.76,152.79,162.34,172.00,183.17,192.20,200.66,207.07,213.94,218.08,227.48,232.02,234.56,239.64,244.17,249.21,255.41,259.43,261.84,262.80,267.25,273.59,275.28,275.98,279.38,273.51,261.40,258.06,249.69,240.30,231.04,217.46,211.78,204.71,193.83,184.07,177.12,174.26,167.61,164.54,154.55,151.42,143.39,138.66,129.00,122.58,115.12,107.80,99.46,87.57,80.13
126.10,142.44,150.81,161.89,173.05,182.44,189.21,200.55,205.70,211.52,216.95,225.08,229.93,233.64,235.19,240.44,245.25,251.03,255.77,257.00,255.25,259.93,263.41,264.68,262.72,264.08,253.81,247.94,238.10,232.86,222.09,212.36,194.65,190.28,183.58,176.82,169.46,162.23,156.16,152.80,146.86,143.54,137.77,132.77,129.47,119.63,112.06,106.23,100.32,92.20,81.32,74.67
125.10,140.55,149.48,159.88,170.66,181.04,188.48,199.68,204.55,207.93,217.41,223.78,226.80,230.11,233.00,237.86,244.56,248.70,254.66,255.57,254.70,259.72,261.93,263.78,262.97,265.00,254.57,247.16,239.64,233.69,224.16,213.71,200.06,191.67,186.14,177.89,169.06,162.59,157.46,157.81,151.16,144.05,141.44,133.82,130.86,121.21,113.16,106.74,100.40,93.11,83.45,76.06
119.44,134.50,141.32,150.63,160.58,167.73,176.74,187.54,191.44,196.84,206.01,211.01,214.76,217.95,222.83,227.04,229.03,234.89,239.27,241.12,238.60,244.13,247.32,251.80,249.48,247.74,237.43,234.10,227.84,219.11,211.82,202.04,187.67,179.94,175.21,170.07,163.88,158.67,151.56,145.78,139.82,137.97,131.06,125.88,121.15,115.12,109.88,101.02,94.34,87.56,80.16,72.67
124.31,140.16,148.27,157.66,168.24,177.34,184.23,195.02,200.26,206.18,214.67,218.40,222.80,227.85,232.08,234.92,237.70,244.20,249.44,251.92,252.64,255.84,259.08,262.61,261.38,261.94,251.03,245.46,236.91,230.67,223.65,215.15,202.15,191.18,187.22,176.47,173.42,166.37,161.55,155.57,151.40,147.85,138.18,133.73,131.47,123.23,117.18,109.22,99.46,92.91,88.01,77.37
131.47,146.33,157.87,166.87,177.77,187.97,195.42,208.60,214.70,218.72,227.23,232.31,236.21,241.31,245.00,247.12,252.25,258.85,263.59,266.11,265.84,269.61,275.07,276.74,275.68,276.52,267.76,259.01,248.24,245.00,238.20,226.92,211.75,202.80,197.31,188.09,182.47,175.65,168.47,166.09,162.11,154.31,147.34,144.10,140.66,129.28,122.80,115.41,107.45,100.69,90.43,81.02
104.55,118.36,128.76,134.97,141.85,148.66,154.12,161.55,166.00,168.08,166.88,174.01,176.01,173.91,177.03,181.18,184.44,186.87,188.56,190.41,194.49,198.12,199.04,196.98,200.56,202.61,198.04,188.92,186.07,184.74,180.01,172.41,168.67,167.61,162.05,157.95,153.06,149.11,145.00,142.70,139.09,129.14,124.53,122.07,119.00,108.02,104.45,97.25,93.02,87.09,75.96,67.91
126.56,142.64,151.17,162.60,171.29,182.46,190.68,203.05,208.54,213.36,220.86,226.80,232.66,235.98,240.09,244.25,247.21,252.52,257.60,258.17,256.74,257.03,261.84,260.97,259.62,261.01,252.34,240.19,233.81,224.32,216.59,206.74,191.69,184.72,180.05,171.29,165.11,158.80,153.70,150.87,148.08,139.84,137.59,132.55,127.77,118.13,113.44,107.20,98.67,94.13,83.63,72.47
127.56,141.06,153.21,165.20,172.56,183.36,192.76,203.49,208.61,216.06,222.01,228.27,231.62,235.72,242.42,242.23,248.07,254.91,258.85,258.26,256.35,258.31,262.99,261.02,261.02,261.70,251.43,241.66,234.87,227.61,215.37,207.29,191.95,185.27,180.34,172.97,164.07,158.40,154.03,151.01,146.89,140.36,136.31,131.93,130.14,118.88,111.65,106.93,100.42,93.02,84.29,73.38
133.90,149.48,157.94,168.18,181.50,191.42,198.73,208.59,215.04,221.45,228.97,234.18,238.42,242.55,246.07,252.61,254.17,258.80,264.97,267.91,266.33,269.68,273.63,275.80,275.62,275.22,262.82,257.67,249.23,239.30,232.36,223.08,209.62,200.12,193.13,185.95,177.41,172.46,166.93,159.62,156.49,152.12,142.21,138.23,135.03,127.66,123.00,115.12,104.74,97.53,89.10,79.85
128.28,143.95,153.58,163.23,175.41,186.08,192.82,204.40,209.75,215.67,223.65,230.36,235.26,237.89,244.25,246.45,247.61,255.16,259.12,259.28,258.37,260.53,262.73,265.73,263.47,263.19,250.73,241.83,237.55,227.68,217.92,208.17,195.30,188.22,179.89,173.22,166.19,158.32,155.47,149.62,146.51,139.79,134.20,129.31,127.10,118.85,111.40,105.11,97.19,90.47,83.86,75.43
125.24,142.86,149.28,159.67,171.84,182.13,189.19,198.41,203.93,207.62,216.45,221.54,225.73,231.70,235.34,238.77,242.66,247.74,252.00,253.67,253.03,256.73,258.94,263.47,262.97,260.49,250.05,244.31,240.20,229.73,221.88,213.32,195.80,188.48,181.14,175.45,168.94,162.59,159.14,149.86,147.05,141.03,135.21,133.60,128.55,120.20,114.48,108.45,97.95,90.87,84.48,74.95
100.24,112.93,120.51,129.56,133.36,140.66,144.09,150.30,154.32,153.65,156.11,160.20,161.23,163.37,161.00,166.83,171.71,178.36,183.10,188.99,197.41,204.38,213.77,212.40,222.79,223.49,226.05,225.40,224.06,224.27,219.18,212.34,208.85,205.41,199.45,195.67,184.18,181.04,172.56,166.36,161.79,151.60,145.00,140.13,132.61,119.00,113.88,106.44,102.18,94.20,84.15,72.80
125.14,139.53,151.56,160.03,170.01,180.71,186.56,198.41,203.80,209.17,216.28,221.76,227.74,229.43,233.27,239.20,242.84,247.62,254.10,252.97,252.66,257.19,260.41,263.47,260.54,264.78,256.52,245.02,239.56,232.14,220.37,211.01,196.51,191.00,184.59,176.78,170.29,162.25,157.54,155.21,151.03,143.17,138.23,131.80,130.36,118.53,112.01,105.54,99.02,94.20,82.01,72.99
132.57,149.46,155.91,168.43,178.22,190.07,196.09,207.80,214.48,218.22,227.02,232.28,237.41,242.89,244.90,251.05,254.66,261.19,262.50,268.40,267.02,271.74,274.65,281.11,279.06,275.05,265.38,259.56,255.77,244.46,238.17,227.02,210.76,201.76,194.36,190.76,182.73,172.41,170.60,162.12,156.92,152.90,146.69,141.68,136.86,130.14,122.78,113.45,105.31,95.52,88.84,79.88
125.40,141.74,148.00,159.18,170.29,178.72,187.24,198.39,202.00,207.80,216.76,221.90,225.34,228.98,232.88,237.76,241.09,246.10,252.72,254.28,253.82,257.00,261.19,265.58,264.41,261.20,252.11,249.13,239.87,233.60,226.31,215.75,202.02,193.08,184.94,181.02,173.28,166.48,162.00,156.68,152.07,146.41,139.61,135.36,131.00,123.31,116.93,110.57,100.40,92.65,85.70,77.10
130.92,144.84,154.54,163.52,177.00,187.32,195.58,205.00,209.62,215.75,225.59,230.01,231.62,238.08,240.67,245.25,250.32,254.68,262.77,262.15,262.07,265.31,268.65,273.91,271.53,271.77,261.09,255.98,249.10,240.26,232.17,223.08,207.18,199.62,194.37,186.10,177.89,170.07,165.56,162.41,156.78,149.78,143.14,139.52,134.62,126.63,118.53,112.45,102.42,94.75,89.00,79.40
131.58,148.50,155.80,168.15,178.90,190.37,197.80,208.41,214.34,219.54,227.20,233.45,238.27,241.77,246.42,248.39,252.48,259.70,263.30,265.71,265.80,269.77,274.05,276.05,276.05,275.39,265.83,260.10,253.02,244.63,237.69,227.76,211.29,202.56,197.74,188.48,182.10,175.96,168.44,164.20,159.42,153.00,145.78,142.41,138.40,126.67,121.66,115.62,106.89,97.13,90.43,80.21
127.32,143.54,152.09,161.64,173.77,184.14,191.44,202.25,204.63,211.00,218.55,225.06,228.27,230.65,235.85,238.46,244.59,248.50,253.05,256.13,254.47,259.65,260.73,265.83,266.10,264.41,252.51,250.45,241.96,235.21,227.07,217.08,203.71,192.57,186.14,181.20,174.48,167.03,162.74,157.55,152.12,147.09,141.06,137.80,133.41,124.33,118.60,111.73,102.04,95.08,86.54,77.16
126.66,141.51,153.69,158.90,171.35,181.87,191.66,201.02,204.83,211.19,216.90,223.54,227.25,229.99,234.26,236.99,241.30,248.52,253.48,253.44,251.88,255.98,259.89,263.41,260.97,263.28,253.56,245.75,241.10,233.70,224.40,214.40,200.16,194.79,187.30,181.69,172.15,165.22,159.66,158.35,153.52,145.12,140.81,135.53,131.70,122.45,116.30,108.34,101.36,93.24,85.73,77.65
119.57,136.24,142.62,152.19,163.71,174.73,178.60,188.66,193.71,198.73,205.73,210.28,213.71,218.50,221.50,225.49,227.40,234.05,238.47,239.59,238.38,242.60,245.46,248.62,249.70,246.91,238.03,234.27,228.55,219.57,214.76,205.65,190.94,183.34,177.05,169.06,164.58,158.62,152.64,145.80,142.44,140.01,130.75,127.58,124.33,116.47,111.40,103.95,95.26,87.69,82.64,73.06
125.67,141.16,150.08,157.43,171.21,181.18,187.42,197.68,203.00,208.89,217.31,220.18,224.52,229.09,232.01,237.61,238.55,245.28,249.95,252.62,249.37,255.15,258.94,262.41,261.67,259.79,249.73,248.26,240.88,235.05,230.36,216.67,202.43,194.64,188.60,182.00,177.16,169.71,164.35,159.70,154.26,150.42,140.63,135.64,134.08,124.96,118.43,110.35,101.24,95.08,87.73,76.06
126.59,143.00,150.05,159.38,171.03,180.83,188.74,198.60,203.03,209.12,218.23,221.65,226.05,229.03,233.86,237.41,242.23,245.40,251.10,254.03,250.74,255.86,260.77,263.39,263.43,263.14,254.00,248.45,242.99,234.80,228.13,217.45,203.30,192.98,188.73,184.04,176.82,168.24,163.08,158.47,152.54,150.15,141.74,137.88,135.09,124.91,118.87,111.40,102.70,93.17,87.09,76.84
127.01,140.60,149.65,160.61,170.70,181.24,188.96,198.56,204.14,209.95,217.28,222.73,226.74,228.60,233.17,236.40,239.38,244.97,253.14,252.35,251.73,256.56,259.02,262.69,261.24,263.54,254.80,246.42,240.68,236.03,224.88,217.08,201.91,195.82,189.95,181.87,174.55,168.36,161.52,160.56,156.21,148.08,142.13,138.19,134.62,124.65,117.52,109.66,102.58,94.92,86.93,77.16
126.92,141.72,154.24,162.54,171.81,182.48,188.82,200.52,205.00,211.90,216.93,222.50,228.24,230.15,234.65,237.19,243.12,246.91,253.16,251.44,252.44,257.11,261.50,262.77,261.20,264.11,255.04,247.54,243.66,235.82,227.69,216.34,203.73,200.19,192.00,185.19,176.28,169.25,164.84,160.64,155.46,149.05,145.91,138.92,135.33,126.12,117.41,111.62,103.00,97.86,88.39,78.19
122.00,135.79,144.67,153.05,164.54,174.09,180.68,190.82,194.36,199.81,207.34,212.68,215.13,219.53,222.48,225.20,230.25,233.98,238.27,241.87,240.35,244.11,247.25,250.23,248.89,247.95,240.65,236.81,231.40,224.22,217.08,208.39,196.54,187.64,180.71,176.15,170.07,165.47,160.12,152.41,148.86,143.00,136.12,132.85,128.06,120.33,114.21,107.91,97.87,89.27,85.45,75.29
126.04,141.82,151.08,160.59,171.01,180.57,189.97,200.55,205.24,211.15,216.83,224.38,226.59,231.02,233.66,237.49,245.17,250.07,255.25,255.55,257.45,260.23,265.77,268.37,268.65,272.25,265.82,259.39,253.40,247.32,237.74,232.36,219.75,214.11,207.18,200.01,192.63,185.00,178.87,175.33,168.51,161.51,154.95,149.68,146.73,137.23,127.24,119.60,110.94,104.09,94.83,84.81
121.02,135.52,144.50,151.92,164.40,173.93,181.60,190.07,197.52,200.85,207.24,210.95,217.10,221.42,224.90,230.67,232.16,237.02,241.09,245.93,246.94,251.86,255.13,258.07,258.77,260.11,253.39,250.51,246.35,237.99,231.92,224.40,212.85,206.16,197.87,192.85,187.28,178.91,175.76,166.86,163.67,158.94,150.55,147.34,142.20,132.94,127.46,118.38,108.67,102.47,93.24,81.61
129.40,146.12,156.85,166.09,175.05,186.68,195.82,207.47,212.85,218.82,225.46,231.90,236.58,238.14,241.30,244.75,250.45,254.21,258.79,259.33,256.97,259.96,263.15,265.41,264.25,265.88,254.23,247.20,240.21,234.88,225.06,214.93,204.73,197.08,190.52,182.58,175.41,168.96,164.30,158.39,154.35,148.49,144.06,139.27,135.20,123.66,117.39,110.37,104.18,96.54,87.32,78.92
129.20,144.37,154.55,166.44,177.55,187.95,198.67,208.17,214.01,219.83,225.66,234.85,238.29,240.15,243.84,246.85,250.50,254.87,261.44,261.36,256.81,259.42,264.33,265.06,265.00,266.09,254.95,248.11,244.40,237.81,226.05,219.43,205.45,198.12,191.21,185.73,176.07,168.24,165.13,163.08,157.29,148.95,144.50,141.17,135.36,125.72,118.21,113.90,103.87,96.52,87.32,77.94
129.39,143.92,155.57,166.78,176.34,189.21,196.70,209.09,215.03,220.37,227.41,234.36,238.05,239.43,244.25,248.05,250.65,256.63,262.37,260.60,257.01,258.38,265.41,265.71,266.81,263.43,255.98,250.80,242.40,237.90,229.01,218.55,207.17,199.26,191.05,183.99,176.85,170.19,166.48,161.42,156.03,151.53,144.01,141.68,136.36,126.50,120.22,115.12,103.81,95.80,88.84,79.03
127.02,143.22,153.85,164.02,173.30,184.33,194.65,204.39,211.73,216.61,222.28,230.99,233.50,235.05,240.42,244.71,246.60,251.09,256.00,257.12,255.00,255.20,259.07,261.59,258.80,262.86,252.24,243.96,237.97,232.86,222.39,215.15,201.64,197.87,190.19,184.27,175.15,166.14,164.02,159.33,157.46,147.46,145.11,139.18,134.48,125.00,116.40,111.52,103.75,98.06,87.09,76.85
127.05,144.01,151.92,164.76,177.19,186.69,197.52,207.41,213.77,219.06,225.47,233.60,240.29,241.01,244.01,248.65,252.98,256.45,261.60,259.70,258.99,261.20,263.86,264.68,263.47,260.86,255.78,247.63,240.13,235.30,227.62,216.60,204.24,196.22,193.13,183.53,177.19,168.72,165.06,161.45,157.88,151.27,146.01,139.18,136.49,126.19,119.57,113.75,104.66,97.84,89.89,79.23
130.80,145.28,155.03,165.34,177.73,190.71,198.01,210.64,215.06,222.04,231.00,235.64,240.53,243.94,247.54,251.15,252.83,257.99,262.45,263.89,262.19,264.25,266.63,268.43,267.25,268.48,258.49,251.79,246.43,237.74,229.48,220.47,208.29,201.16,194.00,187.36,179.25,174.77,169.52,164.91,158.91,153.63,146.75,143.39,138.88,129.03,123.00,117.60,107.20,99.61,92.13,82.33
132.00,148.41,156.32,166.23,179.25,192.28,198.00,211.38,216.75,223.22,231.31,235.55,240.67,244.01,248.65,252.12,253.57,260.10,262.39,264.40,261.77,264.21,266.54,268.81,268.22,265.32,257.57,254.05,246.56,240.50,234.05,224.51,209.06,201.10,195.94,188.35,183.92,177.73,172.42,167.19,160.85,157.11,148.60,144.70,141.28,133.02,124.20,117.66,107.45,100.32,93.94,83.49
130.86,146.93,158.46,167.36,179.25,192.75,199.62,213.35,216.54,224.40,233.03,238.10,244.46,246.98,251.73,255.78,253.29,261.86,266.10,267.19,265.27,266.75,268.93,270.22,270.65,270.12,262.73,254.75,251.00,240.08,237.43,226.99,213.90,206.12,197.77,192.09,189.02,179.85,177.56,169.01,165.24,157.58,152.24,149.21,141.35,132.97,125.30,119.44,110.65,102.55,94.18,86.35
125.60,140.90,151.58,160.61,171.09,184.50,190.83,203.12,209.12,214.77,221.38,227.79,233.08,235.17,239.08,242.44,247.88,255.42,257.93,261.08,263.42,265.53,270.82,273.20,273.58,275.73,269.70,265.05,262.09,255.38,247.32,238.25,225.69,220.66,213.70,207.18,199.30,191.05,188.45,184.81,178.75,168.67,164.76,161.20,154.40,143.63,134.16,128.89,121.06,110.07,101.83,92.57
124.87,141.28,153.84,163.67,173.28,183.99,193.08,204.01,211.25,216.11,221.92,230.60,234.96,238.10,242.51,245.31,249.78,256.43,262.07,263.95,264.70,267.79,274.20,276.74,276.18,281.28,273.66,267.69,263.18,257.64,249.44,241.24,227.76,223.73,217.08,209.66,201.25,193.65,190.94,188.35,181.41,172.68,168.62,161.23,156.97,145.72,138.44,130.00,121.30,112.54,103.94,92.20
123.55,141.21,151.65,160.25,171.83,182.88,191.27,203.44,206.37,215.20,221.05,227.00,232.12,233.21,238.21,241.02,248.13,252.61,259.88,260.43,259.62,263.59,269.68,274.36,273.83,274.97,267.78,262.38,259.62,253.57,245.25,235.64,223.81,217.95,212.12,205.77,196.66,189.38,186.25,181.99,176.74,169.68,164.05,158.32,152.59,144.06,135.95,127.95,118.04,110.39,101.24,90.87
120.34,137.24,143.53,155.31,166.46,175.93,186.08,195.54,199.72,205.68,214.03,216.84,223.38,225.39,233.00,234.34,238.38,243.23,248.17,249.39,251.22,256.63,260.92,262.10,264.37,263.87,257.42,254.24,248.34,242.57,236.60,228.00,215.46,209.67,201.56,195.93,190.96,183.18,178.49,173.25,166.64,163.11,155.90,152.05,145.60,138.22,130.60,124.02,113.65,104.89,98.39,87.14
122.41,137.74,144.36,156.00,166.05,178.73,184.84,196.42,201.30,208.34,212.66,218.69,223.18,227.04,230.83,237.15,238.95,245.64,247.62,251.72,251.83,254.14,259.08,264.56,263.03,264.14,258.09,252.83,248.62,241.17,235.60,227.18,214.44,207.80,199.83,197.49,190.26,182.86,179.62,173.42,168.47,162.89,156.35,152.82,147.46,138.93,132.77,123.49,114.98,106.68,97.13,88.73
125.54,142.03,150.22,160.86,173.95,184.62,190.17,202.51,207.42,213.24,221.65,224.29,227.84,233.54,238.66,243.10,245.49,250.89,256.48,259.26,259.46,261.92,266.18,269.82,271.67,271.18,265.35,262.32,255.86,248.89,242.17,233.94,221.18,214.56,206.49,203.00,196.01,188.48,185.00,179.27,172.41,169.71,160.88,157.00,153.00,143.96,138.19,131.70,118.61,111.61,104.04,93.48
126.15,142.36,151.82,160.98,172.05,184.36,190.38,203.53,209.12,215.19,221.74,227.79,232.00,235.44,237.24,240.07,246.22,253.12,256.53,258.65,258.28,261.93,269.16,269.45,270.82,273.27,266.99,256.97,253.95,250.42,238.80,232.12,220.08,211.55,206.89,200.17,192.82,185.66,181.62,180.04,174.18,166.01,162.48,159.21,153.17,141.68,135.09,126.51,119.97,112.29,103.16,92.42
125.43,140.25,151.12,161.64,172.10,182.53,189.74,203.59,209.30,215.34,220.51,226.43,231.70,233.63,239.93,242.20,246.29,250.53,255.55,257.24,258.37,261.20,265.76,268.61,269.28,270.74,264.15,256.84,251.67,246.45,239.10,229.86,218.49,211.93,206.32,197.13,191.59,185.65,181.80,176.11,172.24,166.03,160.80,155.71,152.32,143.41,136.70,129.25,120.07,112.87,102.18,94.24
125.60,141.16,150.62,161.38,171.82,183.14,191.32,202.07,208.54,213.58,220.78,226.36,230.63,233.12,239.89,240.63,245.64,249.90,254.03,257.84,259.05,260.34,264.70,267.91,268.00,268.13,260.97,254.94,250.39,244.73,236.70,229.08,217.12,208.87,202.81,195.97,190.18,182.86,179.69,173.07,169.12,163.29,158.47,156.63,150.88,142.78,135.64,128.86,120.42,112.20,101.64,92.76
131.70,148.81,159.22,170.23,182.16,194.18,201.73,215.23,221.03,226.50,232.69,239.73,243.98,246.50,252.42,254.57,258.85,264.97,268.07,270.12,271.49,272.88,277.67,279.20,279.31,282.85,272.28,266.03,260.75,255.70,247.01,236.60,222.89,217.85,213.57,203.87,195.21,188.02,184.20,182.85,176.98,169.09,166.05,161.12,156.26,146.81,140.46,134.08,123.89,117.41,105.48,96.00
129.96,148.06,157.92,168.40,177.41,188.88,197.19,211.54,215.75,222.09,227.04,235.69,239.55,240.71,243.79,246.45,252.03,256.16,261.34,262.23,261.50,261.63,269.67,270.87,271.52,273.34,265.04,255.05,251.81,244.18,235.17,227.02,214.52,209.33,199.83,191.69,187.83,178.28,177.00,172.93,169.03,160.98,157.29,154.46,149.94,139.46,133.41,126.02,120.60,114.28,103.87,92.63
121.92,137.83,147.50,157.50,169.28,181.57,187.38,197.88,201.26,207.93,214.85,218.79,223.32,226.76,230.53,232.77,233.98,240.03,242.51,246.26,244.57,245.72,249.90,251.25,252.81,251.34,244.31,240.86,234.34,225.44,219.01,209.80,196.35,189.08,183.07,177.59,171.41,164.47,161.45,157.51,152.71,147.63,142.41,140.01,136.44,129.25,123.75,118.12,109.24,103.59,96.15,86.98
138.96,156.01,164.47,177.05,189.76,201.23,207.61,220.54,224.29,230.59,239.27,245.20,247.92,251.45,255.23,258.71,263.21,266.99,271.59,273.12,270.05,274.27,278.21,278.93,279.11,279.30,268.29,265.56,258.26,251.28,241.92,232.05,218.77,210.20,202.57,196.82,190.04,181.04,177.88,174.54,168.51,165.65,157.66,153.88,150.75,143.67,136.62,131.05,121.40,114.44,107.02,95.48
132.09,148.19,158.38,167.52,180.36,192.02,198.66,211.48,214.98,219.15,227.71,232.30,238.32,239.83,243.08,244.86,247.68,252.24,256.53,257.39,256.80,258.28,261.84,262.29,262.29,265.95,257.58,247.12,242.89,235.61,227.88,219.17,205.14,199.14,192.07,182.86,178.55,170.33,165.22,162.79,160.21,150.79,148.07,144.00,141.40,132.80,128.55,123.07,114.59,108.46,100.30,89.50
139.40,158.11,168.24,181.01,192.60,206.52,211.43,225.20,228.71,233.79,241.23,248.65,251.38,255.26,259.02,261.11,263.95,269.14,271.83,272.50,272.12,275.31,276.12,278.82,278.36,281.80,272.36,261.84,257.96,247.24,238.47,227.64,213.34,205.73,198.92,190.26,183.15,176.17,170.66,169.18,164.03,156.54,154.50,149.34,146.24,137.06,132.32,125.92,120.33,113.28,102.96,94.43
142.44,159.88,173.67,184.33,193.60,207.41,213.51,227.71,231.01,237.26,242.26,248.01,254.97,256.83,261.32,263.93,264.71,269.31,276.38,274.65,272.25,275.02,278.57,278.89,279.12,283.53,273.34,264.20,259.56,249.07,239.17,229.08,213.60,206.87,198.59,189.24,182.86,176.88,168.88,168.68,165.41,157.32,154.35,151.16,147.92,136.82,132.09,125.54,120.21,114.40,104.12,92.35
134.73,152.46,162.20,173.83,183.48,196.90,204.09,215.68,222.27,223.61,230.55,236.21,241.42,243.01,245.45,249.56,250.80,257.74,259.67,261.20,257.17,263.43,264.49,265.34,265.33,267.93,259.43,249.10,246.08,237.04,229.26,217.15,203.10,198.31,189.45,182.53,173.61,164.58,164.00,160.65,155.65,148.03,147.87,142.14,140.60,132.97,126.12,119.02,114.34,108.85,99.30,89.50
136.82,151.72,164.20,174.23,184.72,197.27,203.34,215.20,220.58,225.79,232.78,238.30,241.81,244.13,246.81,248.48,254.45,257.95,261.00,260.35,262.21,264.92,267.91,270.31,268.49,270.80,264.78,255.05,248.85,243.74,233.17,224.44,210.77,204.02,195.72,188.96,180.21,174.23,170.56,166.34,165.22,156.46,153.57,148.48,146.21,138.31,133.52,126.32,118.26,112.31,104.89,92.28
137.10,151.56,164.44,174.48,185.97,195.27,204.46,216.19,221.53,227.20,233.00,239.47,244.66,244.13,247.32,249.82,255.81,259.09,265.32,262.69,262.39,265.19,270.90,270.05,268.34,273.31,266.61,257.86,250.88,248.36,235.67,225.84,213.66,209.35,200.86,191.02,184.46,178.28,170.43,170.76,167.29,158.93,157.11,154.18,148.40,140.24,134.37,127.14,121.15,114.28,106.00,92.63
137.30,156.00,168.24,179.03,188.81,203.42,209.47,222.28,228.32,233.32,241.36,245.38,251.31,252.55,256.10,256.63,263.06,266.81,271.07,272.21,271.20,273.23,279.18,280.92,281.30,280.79,273.30,267.37,261.66,254.19,245.03,236.35,222.70,213.69,206.61,196.23,191.02,186.56,180.70,177.28,171.94,166.09,162.59,160.13,155.39,145.01,141.53,132.57,127.58,117.61,110.02,98.62
128.41,143.18,154.87,168.12,177.79,188.53,195.47,207.29,213.66,218.98,224.18,230.00,235.17,237.00,238.80,243.77,243.40,248.10,253.57,253.65,252.41,255.26,259.30,261.16,261.28,266.18,255.86,247.72,245.95,236.85,228.96,217.46,208.08,203.69,194.66,186.12,181.80,175.03,171.14,166.53,164.81,156.85,153.55,148.49,144.53,138.22,132.10,125.60,116.84,111.23,102.80,92.65
120.15,135.16,147.03,157.38,166.44,176.92,184.69,197.27,203.65,207.55,210.30,217.12,222.64,224.27,226.74,229.90,232.43,237.40,239.46,242.00,242.92,244.64,249.62,249.65,249.77,255.56,250.05,241.47,237.74,230.56,224.66,215.73,204.35,200.09,191.86,183.83,178.64,173.05,167.30,166.72,162.00,154.35,151.71,147.85,144.69,135.69,130.65,122.20,117.39,111.43,100.00,89.63
133.15,147.80,160.64,172.57,183.66,196.09,201.64,214.28,220.23,226.38,232.14,238.37,243.82,245.49,251.25,253.40,256.60,262.21,266.37,266.02,265.97,269.40,273.16,276.10,276.62,281.00,276.02,266.10,263.95,255.84,247.95,238.17,225.89,222.90,213.23,205.83,198.84,191.40,187.00,184.70,180.01,171.82,167.80,163.42,159.71,151.08,144.81,136.34,128.76,119.87,112.01,101.41
131.97,147.65,162.05,170.58,182.70,195.35,202.43,217.41,220.29,226.37,231.53,238.56,244.70,244.20,249.47,250.45,257.09,262.99,268.11,266.05,267.15,269.47,276.93,277.85,278.21,282.88,278.46,271.01,264.91,258.14,249.72,241.11,229.96,226.29,219.00,208.90,199.81,194.49,188.77,188.79,183.85,173.97,170.85,166.43,161.37,150.22,145.96,135.83,129.29,123.76,113.44,101.64
130.10,144.52,153.53,166.77,177.69,191.34,196.88,209.15,214.41,219.67,227.02,232.23,238.05,238.31,244.03,245.28,250.57,254.48,260.10,261.23,264.97,265.88,271.15,276.39,273.59,277.54,275.33,267.20,263.40,256.30,250.57,242.04,231.61,224.51,218.56,207.09,202.61,194.18,189.69,187.78,182.94,174.39,170.18,165.08,161.15,152.32,145.77,136.01,128.44,121.49,112.93,101.51
129.00,144.05,155.80,167.36,176.59,188.53,196.58,210.28,214.00,219.74,226.12,232.04,237.15,238.47,241.30,243.85,250.71,254.61,257.58,258.79,262.19,263.83,270.42,272.21,272.26,276.52,272.80,266.18,261.84,256.26,248.20,240.47,228.97,224.64,218.52,208.20,200.17,192.21,186.63,187.49,181.04,171.96,169.50,165.41,159.67,147.80,143.06,133.96,128.35,122.58,110.68,98.72
126.82,142.71,153.39,164.12,173.76,186.53,192.50,204.17,210.85,215.03,222.00,229.31,232.70,235.48,238.47,239.30,243.26,248.65,252.72,254.80,256.83,260.00,266.01,269.43,269.15,272.68,270.04,261.84,259.49,250.54,243.28,235.08,225.72,218.79,210.77,203.96,194.86,188.53,185.15,181.65,176.07,166.00,163.77,159.71,154.16,145.96,141.66,131.86,121.25,117.39,108.46,97.01
134.97,152.83,163.11,176.14,185.06,200.00,208.00,219.71,224.56,229.37,236.70,241.50,246.79,249.09,253.33,255.84,259.70,266.90,267.96,268.68,267.93,273.01,277.65,279.55,282.35,281.62,277.92,271.95,267.92,256.50,249.42,241.22,227.48,222.30,209.48,202.15,195.21,190.19,183.13,177.00,172.80,166.41,159.23,155.19,150.63,140.39,134.71,127.77,120.78,112.45,103.31,92.31
131.95,149.40,159.53,172.01,182.46,195.00,200.25,213.00,220.49,222.99,232.13,236.48,242.12,242.54,244.90,248.79,251.68,254.69,260.77,262.38,263.93,265.80,270.39,269.98,274.43,276.92,271.45,263.01,259.51,250.92,242.16,233.00,221.39,214.83,207.18,195.78,188.04,182.43,175.31,172.54,166.60,157.85,154.81,148.40,145.40,135.48,130.61,120.24,114.13,106.71,98.73,89.89
132.64,150.15,158.37,171.01,181.60,193.01,198.91,211.01,216.67,220.19,227.26,231.10,237.08,240.42,244.39,247.08,250.68,254.80,259.70,262.84,263.64,268.00,272.90,276.38,278.00,280.63,276.21,271.66,266.05,257.94,252.96,241.07,230.05,220.49,210.00,204.41,197.80,192.66,185.53,178.06,172.54,167.00,160.08,155.68,151.25,143.62,136.40,128.81,121.08,110.22,104.55,93.23
130.77,146.40,157.81,167.60,177.02,188.16,197.65,208.93,214.01,218.96,225.50,230.20,234.34,236.14,239.68,239.08,243.79,246.95,252.25,253.45,255.41,256.43,262.68,263.49,264.77,267.92,264.07,255.80,249.43,245.58,233.63,224.64,212.46,206.65,196.98,187.97,180.01,173.90,168.24,163.69,159.76,152.43,146.49,142.77,139.53,127.32,124.04,115.02,109.42,101.61,94.30,82.23
131.49,148.48,157.93,169.40,179.74,191.69,200.45,212.25,215.98,219.02,227.67,230.60,235.82,239.08,241.40,243.40,249.16,251.43,256.13,256.43,257.95,260.87,266.56,267.37,268.96,268.21,264.05,259.05,253.93,245.42,237.74,228.66,215.03,207.04,198.00,190.06,182.00,177.61,170.58,166.33,158.60,156.08,148.76,143.13,139.20,129.00,128.16,117.59,111.41,101.71,95.51,85.70
129.03,145.24,156.19,165.77,174.61,187.00,194.31,208.03,213.33,215.72,221.05,227.27,232.66,234.10,236.69,240.95,243.09,249.48,251.79,253.24,256.14,257.53,261.36,261.52,263.30,266.76,262.16,252.20,247.80,237.86,231.03,221.29,209.23,202.36,193.37,185.15,177.59,171.14,165.53,160.64,157.54,149.05,145.45,140.66,136.57,126.32,120.93,112.25,107.23,100.90,88.46,80.23
126.59,142.36,153.22,164.45,173.83,183.84,192.34,206.19,210.92,212.01,220.62,226.31,230.85,232.46,235.31,238.95,241.86,246.34,251.10,251.77,253.85,255.76,260.97,261.02,262.36,266.85,262.07,251.62,247.65,239.48,229.01,222.61,206.52,203.23,191.51,183.63,176.14,169.25,164.15,163.02,157.00,148.50,145.62,138.97,136.37,126.61,121.49,112.64,106.68,98.41,90.03,79.38
124.62,140.06,151.49,160.08,170.58,180.94,189.32,201.60,206.02,210.58,215.23,223.43,228.55,228.43,231.11,236.32,241.01,246.27,250.28,248.21,251.44,255.15,259.23,259.20,260.72,263.87,260.60,248.89,246.11,237.54,229.01,223.18,208.69,203.16,194.37,187.17,177.55,172.51,167.97,165.98,161.25,152.28,149.84,143.40,136.97,128.66,123.69,113.70,108.45,100.17,91.55,81.39
115.52,126.65,139.52,147.27,157.54,168.24,173.90,184.57,192.08,193.68,200.02,205.19,209.90,209.54,214.67,217.70,225.50,227.61,230.34,231.04,235.65,237.52,241.75,243.73,243.52,242.51,240.19,233.75,230.71,223.09,215.68,209.06,195.82,188.68,181.02,174.35,168.59,162.11,159.45,155.21,148.56,146.51,137.09,134.63,129.38,122.11,116.76,108.00,101.53,93.19,86.40,78.11
124.74,139.20,153.18,160.80,170.50,182.73,188.66,201.02,206.66,212.56,218.89,226.01,229.92,229.73,233.26,239.18,247.52,247.35,255.56,253.02,256.38,259.38,264.61,266.09,266.60,269.03,265.15,256.81,252.12,246.13,239.01,226.34,215.78,207.17,200.24,192.90,186.76,178.89,174.60,172.41,166.93,160.03,153.83,150.66,144.13,135.06,129.36,120.15,113.84,104.35,93.94,85.09
130.38,144.10,155.03,166.09,173.44,189.76,195.50,208.63,215.13,218.21,225.94,233.31,238.67,240.16,243.82,247.95,253.66,258.37,263.59,263.83,267.44,273.08,276.48,276.51,279.65,277.07,272.20,267.85,264.23,254.96,248.68,238.01,225.58,216.09,210.79,203.38,196.42,191.48,186.01,182.00,175.64,169.53,164.79,156.82,152.61,143.18,135.77,128.00,118.33,110.45,98.49,88.01
122.20,139.13,148.14,157.04,167.69,176.01,184.68,197.80,203.75,209.69,214.56,222.58,226.24,229.51,230.87,238.25,243.80,247.42,252.40,254.01,258.32,262.50,266.99,269.68,270.35,270.60,267.80,262.29,257.78,250.05,244.30,233.38,223.62,215.06,209.48,202.57,198.31,192.31,186.90,184.27,177.73,171.01,166.21,163.05,155.32,147.57,140.09,129.97,123.00,114.59,101.91,91.39
125.20,139.20,150.66,161.53,172.39,181.71,188.11,199.40,205.77,211.05,217.67,222.97,226.30,229.01,231.91,235.42,239.53,243.58,246.97,247.59,250.51,252.35,257.33,259.79,258.96,262.86,257.19,250.34,245.01,237.76,230.41,221.60,209.12,203.97,196.92,191.16,185.95,178.62,174.41,170.60,166.86,161.07,155.03,150.62,145.83,136.18,129.65,121.10,112.54,103.25,95.27,82.87
116.52,130.97,142.04,151.48,158.81,168.13,176.92,183.85,191.86,197.12,202.62,209.06,211.52,214.48,218.52,221.44,225.89,230.29,234.78,236.55,240.61,243.45,245.42,248.49,247.02,249.24,246.47,237.15,235.55,227.72,222.28,213.18,203.84,197.00,190.80,184.36,180.35,173.59,171.05,168.50,164.81,156.82,152.61,149.35,143.06,136.48,129.81,120.60,113.64,105.10,96.26,87.66
127.58,143.03,153.06,165.41,173.62,184.76,191.01,201.94,207.62,213.34,219.49,226.88,231.28,233.32,236.89,240.61,245.36,249.16,254.12,254.28,258.55,261.85,263.87,266.37,266.63,268.41,264.40,259.62,253.58,245.05,237.93,229.87,217.28,212.90,206.46,200.64,193.75,188.16,184.02,182.52,175.32,171.40,165.60,160.80,155.93,148.17,141.33,131.69,122.19,113.22,104.69,92.57
130.60,145.34,154.35,166.17,175.38,186.42,194.37,203.73,208.86,217.99,223.89,230.71,234.95,239.63,243.82,248.24,254.03,259.42,263.23,267.13,267.27,275.07,276.32,282.03,283.75,284.45,282.04,276.54,272.95,264.02,258.50,248.85,237.68,231.60,227.11,220.91,216.11,210.23,207.15,201.25,199.32,192.26,187.40,186.59,176.65,170.88,161.42,151.49,143.38,132.31,119.92,109.20
123.43,137.88,148.17,156.92,165.10,176.65,182.58,191.71,198.98,204.96,209.98,218.15,220.49,224.51,228.41,233.81,238.17,243.01,247.41,249.06,251.87,256.16,258.41,261.73,263.15,267.64,263.82,253.73,251.39,243.48,239.18,230.87,220.20,217.28,211.15,206.87,199.61,193.20,191.67,185.85,185.22,175.93,174.18,170.79,163.67,156.08,149.25,141.69,129.47,121.75,109.66,102.26
130.14,146.00,156.26,167.03,176.62,186.04,194.65,203.71,210.39,216.00,222.71,229.02,235.00,237.64,242.44,247.23,251.38,255.64,261.61,262.64,268.13,273.25,275.61,278.06,280.15,282.45,278.20,272.30,267.75,259.79,254.23,246.45,236.71,230.27,224.27,218.82,212.25,206.93,203.73,198.96,196.39,190.44,185.53,180.23,175.51,166.21,158.01,148.95,140.21,129.80,118.36,105.80
125.94,139.62,147.80,159.31,167.87,178.10,184.76,192.04,197.65,203.33,208.97,212.32,214.83,217.37,221.78,225.22,228.43,231.04,234.13,236.32,237.41,240.47,241.51,246.42,243.05,245.78,242.25,234.27,231.26,221.05,217.04,210.54,198.83,191.34,184.30,182.19,175.15,169.58,167.04,165.22,160.78,153.45,147.85,143.69,137.82,129.40,127.66,118.70,109.37,102.61,94.34,82.62
125.06,138.54,149.20,159.54,169.07,177.73,184.76,192.98,197.59,203.93,209.31,212.88,218.21,218.33,222.35,226.31,229.43,233.49,236.91,237.07,238.92,242.17,244.00,245.60,245.93,247.69,241.62,234.69,231.53,224.47,217.55,209.97,197.73,193.87,187.78,182.70,174.94,170.51,166.00,164.45,159.01,154.86,148.72,144.59,139.29,131.65,126.75,118.14,110.55,102.86,93.43,80.99
125.90,141.77,148.22,159.05,168.72,177.49,184.30,194.26,200.50,206.07,213.18,219.18,222.25,226.32,231.04,232.57,238.38,242.44,247.92,251.56,252.67,256.63,258.52,267.20,264.43,266.39,261.63,259.08,254.13,245.38,241.30,231.39,223.11,213.84,207.78,203.53,200.80,193.04,189.43,186.13,181.66,174.29,168.34,164.34,159.26,150.27,146.01,136.09,126.18,116.76,105.42,96.14
122.04,133.00,142.64,153.69,160.31,170.63,175.93,184.66,191.60,197.65,201.56,209.15,210.52,213.17,216.19,219.36,225.49,229.73,233.99,237.68,238.55,242.55,244.86,251.27,250.05,251.92,249.16,245.02,241.01,231.46,227.04,221.40,211.80,205.73,201.49,194.54,191.56,181.73,179.90,178.35,174.41,164.45,161.06,157.72,153.18,143.14,135.09,127.99,118.97,111.54,99.72,89.50
124.19,136.50,147.87,157.44,164.61,174.89,181.01,190.25,194.03,200.96,205.65,212.66,214.01,217.61,222.08,226.10,231.46,236.66,241.54,241.87,244.63,247.95,253.33,257.11,257.42,260.73,260.07,252.86,250.77,242.87,238.03,229.71,221.35,221.16,214.70,207.06,199.18,194.49,188.11,189.00,182.56,177.00,171.71,166.23,162.41,151.08,145.03,135.88,127.46,116.43,107.22,94.92
120.88,133.84,145.34,154.38,161.77,172.35,177.34,186.95,190.55,196.37,198.64,207.17,208.20,212.05,214.40,216.23,222.06,225.73,229.92,232.43,234.39,239.30,242.33,246.01,243.52,249.06,245.42,240.51,237.86,230.90,225.73,216.59,210.26,205.46,201.70,195.39,189.64,184.00,179.29,181.86,176.23,168.24,164.60,159.13,154.12,141.17,137.00,128.69,120.27,112.79,101.79,91.02
116.50,129.71,139.49,147.87,155.87,165.42,169.07,177.49,181.57,186.96,190.07,195.53,198.07,200.39,202.94,206.17,209.77,214.25,216.06,218.48,221.21,225.41,227.00,231.19,228.06,232.30,228.22,221.61,219.78,215.19,209.88,203.07,193.91,190.78,187.54,181.11,177.73,171.19,169.71,168.36,163.98,159.91,154.57,149.56,146.35,136.93,131.06,123.37,114.62,105.68,95.80,85.71
117.24,128.76,139.98,149.03,157.29,167.04,170.19,179.81,182.28,188.16,188.04,193.96,197.50,199.25,202.77,204.07,207.89,212.21,215.87,216.11,220.10,220.79,225.61,230.51,225.84,229.79,222.65,218.52,216.33,211.48,209.12,204.80,195.80,192.01,190.82,185.28,177.23,172.41,170.23,172.00,168.07,163.88,159.40,152.50,152.12,137.44,133.14,125.00,115.94,109.42,99.05,88.02
123.48,137.00,146.93,157.76,164.92,173.03,180.31,187.83,190.16,196.23,200.52,205.80,209.69,211.06,213.60,216.78,221.96,225.39,227.27,230.71,233.59,236.48,240.30,245.08,242.26,245.42,245.10,239.89,237.67,229.81,225.85,219.92,218.20,212.00,207.19,203.79,199.04,195.83,191.51,192.27,188.35,183.04,176.23,172.82,167.36,158.40,152.50,142.14,132.67,123.15,113.99,100.28
118.07,129.81,139.49,149.25,154.40,165.16,170.00,179.18,182.53,186.04,189.79,195.06,197.65,201.20,202.00,203.77,210.24,210.62,216.72,218.36,216.45,220.51,224.02,227.72,225.54,227.23,221.53,221.82,218.93,212.25,210.72,203.53,200.03,195.78,193.09,191.48,185.83,182.54,181.84,181.11,181.02,174.64,170.99,168.43,164.56,151.48,148.71,140.29,129.87,123.43,109.42,99.61
120.10,133.72,141.82,152.19,160.64,171.40,174.93,179.72,186.01,189.00,192.84,196.90,199.72,201.23,202.53,204.30,207.97,210.28,212.45,212.02,212.71,215.08,215.96,216.57,215.11,217.08,212.14,205.45,201.72,197.72,193.26,187.07,183.05,180.85,179.57,175.73,170.84,166.82,166.42,167.52,165.39,162.08,157.70,154.24,151.49,145.28,140.43,131.83,123.71,114.34,106.30,93.60
128.56,142.69,154.77,164.75,170.07,180.65,185.00,195.87,200.00,205.55,207.06,214.06,214.72,215.84,217.20,219.76,223.19,225.04,227.01,228.12,227.86,229.44,231.94,235.36,232.02,235.44,228.04,223.65,219.32,212.46,210.02,204.44,199.09,195.83,194.33,190.54,187.20,181.47,179.33,182.43,180.04,171.27,170.84,166.97,163.27,153.12,148.93,139.82,131.95,125.78,111.83,101.61
131.85,146.37,155.86,167.11,176.16,185.60,190.82,198.09,202.41,206.81,213.08,216.62,220.06,221.72,223.66,225.14,228.60,231.66,231.95,232.69,231.22,233.27,235.23,237.39,235.05,238.32,231.40,222.30,219.79,214.31,209.44,202.87,195.72,195.04,190.39,187.04,184.13,181.16,179.23,176.85,174.94,172.05,166.64,162.34,159.46,152.28,148.49,140.07,130.15,120.93,111.83,99.50
136.56,152.82,161.21,173.69,180.47,192.21,196.79,204.96,211.57,216.59,220.64,224.54,227.41,229.84,231.71,234.54,235.10,238.87,238.61,241.45,239.14,240.33,242.51,244.74,241.11,246.87,239.27,230.31,225.96,219.82,217.94,209.99,203.97,196.08,193.13,191.08,188.94,181.22,179.28,180.05,178.35,170.47,168.83,162.73,161.23,152.07,149.34,141.68,132.92,123.79,112.68,100.66
132.61,147.14,155.86,167.11,177.79,186.45,193.99,200.96,205.72,210.74,216.01,219.20,221.64,225.54,224.88,228.97,230.33,230.96,232.17,235.27,233.39,236.02,236.30,238.54,236.44,237.50,228.25,226.02,220.37,213.08,209.99,203.35,197.25,189.27,186.70,183.87,180.60,176.64,173.30,172.54,170.53,165.68,160.33,158.62,155.72,147.87,143.27,135.33,127.14,119.51,109.66,97.99
130.61,145.09,156.02,167.62,175.80,185.53,191.21,199.48,203.44,209.19,213.95,218.05,221.12,223.14,224.32,226.59,230.67,231.59,234.76,233.01,234.09,235.72,236.48,236.78,236.18,237.61,231.53,225.08,221.04,215.42,208.29,202.73,194.99,191.38,188.16,184.76,180.32,176.82,173.95,173.83,170.56,166.39,163.00,158.38,155.35,149.48,142.66,136.49,127.46,119.68,110.64,99.02
131.69,147.96,158.09,170.07,177.34,185.78,191.71,202.20,207.86,213.40,214.54,223.04,226.11,227.06,227.22,229.44,233.81,236.21,239.43,239.93,237.19,237.70,243.39,241.96,241.12,242.02,236.32,230.73,222.43,217.80,212.06,203.84,198.71,193.31,188.68,185.69,181.89,175.28,174.64,175.41,173.83,162.56,162.79,158.26,155.28,148.27,144.03,135.20,129.25,122.54,109.60,100.22
138.57,154.15,166.33,176.66,186.87,197.59,203.75,215.37,219.05,225.59,233.08,237.36,241.21,241.23,243.99,245.84,247.86,251.33,255.00,254.01,253.67,255.42,258.70,257.50,255.21,257.00,250.46,241.81,237.69,232.43,224.32,215.56,207.88,204.27,200.48,193.20,186.82,182.95,180.89,179.36,177.03,172.19,168.24,165.30,161.23,155.27,149.57,142.39,134.18,126.25,115.38,104.05
138.96,153.10,165.42,173.67,186.07,196.66,204.92,213.59,219.60,226.27,229.47,236.91,239.01,242.16,243.65,246.81,252.22,254.14,255.18,256.72,254.89,257.11,257.70,258.68,258.52,256.97,247.55,242.40,238.16,228.87,224.62,214.27,205.36,199.16,194.37,187.84,185.91,179.62,178.04,177.05,175.03,168.34,164.15,163.60,157.55,152.16,147.46,140.29,136.56,119.41,106.08,104.56
130.65,144.42,155.76,165.56,175.51,185.92,191.05,201.64,210.20,214.79,221.10,227.72,228.99,230.49,231.11,236.43,240.30,242.26,244.93,244.24,245.07,243.76,248.00,247.15,244.66,247.63,238.32,229.69,225.11,218.00,212.13,202.73,192.51,188.66,185.00,177.72,172.89,165.16,164.88,166.01,162.39,154.74,153.08,150.23,145.41,139.40,138.54,129.00,122.00,114.06,106.22,99.13
136.96,153.08,163.23,174.23,184.45,196.33,202.55,213.46,219.67,224.61,231.02,236.28,240.96,243.35,246.01,247.20,253.16,255.56,258.85,258.90,257.34,260.03,260.54,259.83,258.52,259.60,251.91,245.10,239.18,231.68,221.27,214.25,200.04,196.71,191.31,184.49,176.92,174.42,171.74,169.01,165.30,162.64,158.52,154.94,152.32,146.12,140.43,133.26,126.67,119.87,110.89,97.86
131.24,143.76,155.93,166.68,175.93,185.61,193.04,204.48,211.37,215.86,222.41,229.46,231.23,234.05,235.13,239.40,244.97,246.47,248.71,250.05,249.38,251.21,252.68,252.01,251.09,249.47,241.92,236.03,228.57,222.27,215.60,204.02,194.28,186.94,181.84,174.41,170.04,165.44,161.31,158.37,155.71,149.49,146.67,146.11,140.29,136.86,132.06,123.98,119.47,111.65,100.98,95.13
127.63,142.79,154.38,164.58,175.17,184.49,192.01,202.36,209.35,213.82,221.50,225.67,232.11,232.42,236.61,239.88,243.82,246.61,249.43,249.93,249.56,252.19,254.07,255.15,252.93,254.94,246.29,237.12,231.80,223.89,216.39,205.76,193.79,187.45,182.04,173.64,168.16,161.91,158.49,156.08,152.84,148.49,143.56,140.66,137.18,131.18,126.50,120.04,114.02,106.55,99.09,89.36
127.99,143.38,153.21,165.05,172.68,183.47,190.04,202.57,209.77,213.58,220.78,224.50,231.23,231.23,234.80,237.31,236.91,243.58,249.88,247.98,245.10,247.15,250.69,250.15,246.13,249.44,238.10,230.47,218.48,211.85,203.09,194.86,183.18,174.06,168.30,160.12,151.80,149.48,144.10,143.40,136.24,137.27,132.02,129.69,129.27,122.07,121.15,114.24,107.49,100.46,93.01,85.87
127.02,143.06,152.55,164.61,173.91,183.50,191.32,201.48,206.21,212.61,219.15,223.91,229.53,229.32,232.31,236.22,238.95,242.85,244.70,245.69,244.73,247.83,248.17,247.54,244.90,247.20,235.37,228.47,219.82,209.80,201.00,193.72,179.81,173.00,166.09,158.45,151.61,147.68,142.90,142.62,136.65,135.62,131.90,129.02,126.49,123.15,119.57,111.88,106.07,99.64,92.18,83.19
119.42,132.64,141.09,153.00,162.53,173.67,177.72,186.94,191.56,198.41,204.55,210.58,214.74,218.01,222.63,224.08,228.84,234.47,237.35,239.27,239.53,243.85,244.10,246.68,246.14,247.73,240.78,236.21,229.12,222.91,216.39,206.81,198.66,188.56,183.85,176.82,173.69,162.54,161.72,157.43,156.95,148.00,143.00,141.74,136.78,132.97,128.46,121.08,114.87,107.34,99.05,91.29
108.47,120.31,129.76,138.00,146.49,155.71,162.48,169.32,175.51,181.76,185.24,192.98,195.83,197.59,202.20,205.41,208.92,213.47,216.68,218.50,218.66,222.85,224.80,227.37,227.19,228.97,223.67,217.66,213.59,206.61,202.36,193.66,184.10,177.79,173.97,168.67,162.54,155.47,153.57,152.21,150.15,141.33,138.95,136.18,131.87,125.63,124.17,116.85,110.57,103.24,94.56,88.62
110.75,121.71,130.70,139.45,149.22,155.79,164.69,172.97,177.19,180.16,184.23,190.13,193.06,195.76,199.11,199.48,202.24,205.00,206.41,210.34,207.06,206.74,210.04,212.94,206.58,207.85,199.21,194.74,190.78,181.24,177.61,174.03,161.52,153.73,150.23,147.80,143.68,139.99,135.59,134.03,130.82,130.60,125.40,127.80,124.79,119.22,118.07,114.63,108.30,102.39,93.38,86.28
108.90,122.77,131.31,140.43,147.34,156.54,162.46,171.29,175.48,178.22,184.81,187.93,192.38,193.19,193.94,197.09,199.20,200.74,206.07,205.20,205.41,203.04,203.92,207.04,203.42,207.24,198.07,193.74,190.43,181.54,179.94,173.35,167.72,161.30,158.03,155.24,149.88,144.81,145.09,144.31,140.89,138.18,133.81,131.61,130.97,125.87,123.15,116.42,112.06,105.80,98.76,90.45
95.60,106.78,112.06,119.34,126.29,134.63,139.81,146.34,149.47,151.65,153.72,160.18,163.51,165.19,168.67,170.00,178.24,181.47,184.62,185.00,186.08,188.14,187.47,188.66,188.38,193.26,190.14,184.74,183.56,176.41,172.75,172.05,167.69,165.22,162.50,161.14,159.67,154.26,157.17,154.05,154.50,147.35,145.73,142.78,140.62,137.06,129.20,123.42,117.44,112.11,103.08,94.05
108.23,120.42,124.91,134.81,145.65,152.63,155.96,169.69,170.08,173.35,177.03,179.23,184.72,189.18,193.93,192.87,194.20,202.37,204.02,206.53,210.42,211.99,210.05,213.36,214.45,217.70,214.11,213.62,209.30,200.64,200.57,201.64,195.87,193.31,190.65,189.16,191.05,183.56,185.56,178.34,178.10,172.19,168.91,167.41,163.25,157.06,150.43,141.21,136.13,124.85,116.28,109.02
100.84,111.89,120.51,128.70,135.98,141.43,146.97,155.24,159.02,162.34,165.42,168.01,173.98,175.76,180.07,180.85,183.98,189.89,191.44,192.63,195.21,198.65,197.36,200.00,201.43,203.90,203.89,201.76,197.80,190.02,186.56,188.28,186.70,183.66,180.60,180.23,179.57,174.26,176.95,170.49,170.63,162.37,161.60,159.53,154.94,147.41,142.01,134.85,129.65,119.10,110.02,103.17
115.97,126.04,135.57,145.09,154.50,164.15,169.03,177.50,182.69,186.47,192.42,199.56,203.33,208.01,211.21,216.06,221.54,227.17,233.15,234.31,239.58,243.04,246.78,247.26,248.94,253.24,243.96,239.48,239.84,233.69,229.01,225.40,222.99,221.14,216.33,215.75,213.33,209.50,209.07,204.38,201.90,196.47,190.29,185.61,182.58,174.69,168.43,157.54,149.97,138.96,129.56,117.39
113.03,126.13,133.42,142.47,152.05,159.73,163.78,176.03,179.49,181.64,189.01,192.76,195.86,201.60,203.18,207.71,216.11,220.59,221.47,225.68,229.06,232.78,238.44,239.89,239.93,245.20,244.29,234.78,236.91,232.14,227.92,227.49,222.75,218.55,217.68,213.02,214.29,208.06,210.66,204.01,202.87,197.03,190.32,187.78,181.46,173.97,164.01,156.54,146.21,136.19,124.79,114.77
113.60,124.33,134.18,142.86,150.70,156.37,163.25,176.98,175.91,183.13,187.24,195.21,196.31,200.01,203.79,207.93,218.77,223.00,225.72,226.99,230.00,236.39,241.13,241.47,241.07,246.48,244.76,238.02,235.26,235.67,229.00,226.72,219.74,221.20,220.77,214.96,213.77,205.91,207.85,205.04,203.20,194.16,190.23,184.17,180.36,170.49,161.00,151.21,143.84,134.65,121.43,110.32
113.44,126.53,133.54,144.01,153.55,161.61,166.48,175.93,179.52,183.70,191.31,195.43,198.02,204.27,208.87,209.35,219.67,222.69,223.57,231.60,233.69,239.30,243.26,242.92,245.46,249.24,246.27,244.14,240.63,236.38,232.50,227.78,223.34,220.29,216.52,214.39,210.64,207.35,207.70,201.68,198.70,191.04,184.70,179.78,175.64,165.39,157.72,148.33,138.45,129.85,119.08,107.00
109.56,120.15,129.25,137.97,145.23,152.12,155.36,166.72,168.59,172.10,181.55,182.10,188.32,192.09,194.50,198.15,205.55,210.62,216.12,217.22,222.10,227.71,230.67,233.12,233.48,237.69,233.77,232.16,229.09,224.40,222.70,217.45,215.72,212.44,206.35,206.83,204.75,201.84,202.31,193.40,192.44,187.95,180.02,177.28,172.20,163.82,154.90,144.67,135.62,125.54,116.73,105.17
111.09,122.33,131.23,139.70,148.76,158.26,160.85,172.47,175.45,178.24,183.64,191.86,193.93,200.83,202.53,209.34,218.55,222.00,227.41,229.99,233.81,240.63,244.72,245.97,246.64,251.31,246.22,244.86,240.26,234.94,232.72,226.63,223.38,218.59,216.27,213.36,206.16,205.68,203.23,199.58,196.66,190.56,184.18,177.89,175.31,163.38,157.95,149.19,138.18,129.77,120.92,107.15
113.44,126.40,135.53,143.74,154.16,159.93,169.00,180.31,182.57,188.17,195.76,204.80,209.75,216.12,220.06,227.42,233.59,239.87,244.50,251.34,256.33,263.97,269.45,274.46,276.37,279.81,276.03,273.61,270.51,266.96,263.28,256.38,251.43,243.25,238.48,237.76,232.59,226.18,223.57,218.83,213.60,208.93,203.71,194.28,191.44,179.57,171.75,164.14,153.64,143.27,131.14,117.83
106.38,118.34,127.41,136.69,141.99,152.55,158.45,169.43,173.07,177.72,183.47,195.01,197.10,202.43,207.88,214.40,222.03,227.72,233.43,239.01,245.58,252.66,254.87,261.12,263.58,264.25,263.32,261.54,258.51,253.84,253.07,243.74,239.87,232.54,227.79,226.07,221.35,214.24,212.76,208.06,204.92,197.59,193.63,182.99,181.22,170.39,162.05,154.31,145.67,135.65,124.06,111.83
40.80,47.30,48.80,52.20,52.95,53.26,56.46,61.29,57.98,58.86,58.52,62.94,67.78,64.28,70.71,73.82,78.09,82.97,87.73,95.75,103.37,108.07,112.18,114.00,119.75,125.94,127.77,134.53,137.23,135.99,136.18,138.23,143.11,143.40,140.04,140.17,136.40,133.36,131.03,123.98,123.32,120.74,113.22,114.14,115.26,106.57,107.07,99.48,93.01,89.07,80.78,76.03
97.25,107.20,114.98,123.56,128.97,137.06,145.04,155.24,159.14,165.46,170.66,178.51,179.84,187.41,193.00,201.02,209.66,215.52,220.08,231.05,235.05,242.64,245.80,251.13,251.80,255.43,258.12,255.62,253.15,247.00,244.10,237.54,230.56,224.01,218.24,214.76,211.40,203.79,202.31,201.47,196.47,188.04,185.15,177.80,176.47,165.11,159.67,151.48,141.23,132.41,120.80,108.26
98.47,111.52,118.46,127.28,131.23,140.87,148.00,157.81,164.03,169.19,173.30,182.02,184.36,188.44,196.03,204.08,213.76,221.29,224.27,233.53,239.25,245.20,251.10,253.89,253.73,259.49,262.01,258.09,256.24,250.46,247.98,241.03,232.73,230.32,222.73,217.19,214.28,205.48,206.17,204.55,200.36,192.20,188.86,180.27,178.34,166.21,162.75,153.22,144.01,134.83,123.15,110.64
101.24,112.45,122.45,130.05,137.93,143.76,152.16,162.12,165.56,171.35,176.78,186.95,191.61,194.03,201.11,208.19,213.60,220.24,227.32,231.53,237.62,244.53,252.05,257.00,259.62,262.07,261.16,258.30,258.12,253.57,251.51,244.39,238.95,231.80,225.84,219.74,216.94,210.30,207.78,207.24,204.50,194.24,193.04,183.70,182.48,168.58,162.39,154.35,145.09,136.62,124.49,112.29
105.77,121.08,129.47,137.23,142.21,154.30,158.93,169.69,173.37,176.53,182.62,191.86,197.08,203.03,204.12,212.61,220.66,227.67,232.05,235.85,242.67,253.02,256.82,261.69,266.03,269.00,266.61,263.15,262.29,257.40,256.91,247.02,239.77,237.17,232.23,225.79,222.41,216.23,212.90,211.45,207.76,201.90,196.66,187.88,185.46,173.00,167.29,157.18,149.01,138.20,126.02,113.25
101.84,114.56,123.86,132.19,136.40,145.34,151.16,163.37,166.88,170.99,176.18,186.26,189.91,192.42,193.38,202.23,210.10,214.01,219.54,222.73,231.23,237.70,243.21,247.08,250.83,252.92,248.49,249.69,248.68,243.02,239.64,232.71,223.22,221.94,219.20,212.02,206.49,202.05,199.42,198.70,193.75,187.03,183.46,177.12,176.95,163.88,158.65,149.03,139.83,130.05,118.70,106.51
99.30,111.16,119.87,126.67,132.62,140.09,146.44,154.05,158.49,162.43,165.50,176.18,178.39,182.01,184.11,190.26,197.96,201.56,206.34,210.62,218.56,226.02,229.60,237.86,237.45,240.83,244.36,245.20,242.10,239.89,242.69,236.17,234.65,231.62,227.75,221.22,215.70,210.34,206.40,204.60,201.02,191.85,188.25,180.97,178.22,163.78,159.01,151.98,141.21,131.97,119.89,107.62
102.90,114.06,119.68,128.32,135.67,143.96,147.96,159.21,161.23,163.25,172.05,176.37,177.67,182.73,185.16,190.13,198.95,201.82,206.69,209.48,213.74,219.97,224.88,226.32,228.48,233.01,232.12,230.22,231.40,226.34,223.89,218.33,214.25,213.33,207.14,202.43,199.06,195.35,192.48,189.75,185.95,180.83,173.95,169.29,166.38,156.00,149.20,143.00,131.10,122.20,113.85,99.37
102.24,113.89,123.99,131.48,135.62,144.10,149.77,158.45,160.00,164.44,168.44,177.05,178.07,180.07,185.63,191.01,197.52,201.46,205.02,207.14,213.00,218.83,223.01,226.42,228.95,230.55,232.08,232.69,231.25,225.94,225.08,221.39,213.71,214.44,209.40,204.53,199.88,195.65,192.21,192.11,188.10,180.68,177.60,171.23,168.24,156.98,150.90,142.87,133.84,125.40,114.48,101.92
117.24,131.88,141.82,148.37,155.21,164.54,170.74,178.32,181.62,187.00,191.47,199.99,202.77,201.02,207.56,213.30,220.68,229.33,232.95,232.79,241.85,246.13,252.00,254.24,256.46,256.20,261.01,265.23,262.57,259.28,257.40,250.64,241.70,245.35,235.80,233.08,224.22,221.38,217.87,215.93,211.25,201.42,199.32,191.44,189.53,176.73,169.06,159.81,152.07,142.28,128.75,114.63
121.51,133.84,142.71,151.56,159.01,169.30,174.63,181.16,185.59,188.40,194.88,202.47,204.75,205.25,209.66,215.33,223.62,228.74,230.53,233.60,242.13,247.33,252.18,259.72,261.30,263.40,266.55,268.82,264.20,260.73,259.62,253.51,245.46,244.97,238.46,233.26,226.00,222.46,218.66,215.24,211.14,205.24,201.19,194.05,191.76,176.95,171.68,161.62,153.73,140.89,131.59,116.47
109.81,120.77,130.00,137.48,145.00,151.92,157.08,163.34,167.76,172.24,178.07,182.73,185.57,187.11,191.37,196.01,198.60,205.30,208.02,211.56,218.89,221.82,227.85,231.29,234.78,241.17,241.63,238.07,236.03,234.02,230.15,224.44,217.95,218.58,213.77,207.02,202.70,198.81,194.43,192.63,188.10,182.12,177.88,172.35,169.58,158.62,151.49,143.22,136.00,126.66,114.24,103.94
122.12,134.18,146.24,154.73,161.01,169.45,174.93,180.83,185.40,190.21,193.68,201.16,205.77,207.06,211.80,215.20,222.89,228.12,233.36,234.34,241.03,245.46,251.25,258.71,260.97,266.02,266.72,265.98,262.88,258.10,254.26,247.70,240.42,239.35,235.64,228.27,221.02,214.89,211.09,210.62,207.09,197.80,195.53,187.58,185.06,172.35,163.44,154.74,147.25,137.24,123.79,112.00
118.60,131.00,139.71,150.66,155.80,165.03,169.37,176.78,181.84,188.10,188.66,196.43,198.70,201.16,205.50,209.68,216.21,220.51,225.06,230.36,237.39,240.48,245.28,250.46,254.92,260.11,255.98,252.88,251.53,247.05,240.10,234.31,228.57,224.56,219.58,213.56,206.34,203.96,197.99,198.57,191.91,187.32,184.23,177.43,172.35,162.96,154.87,146.54,138.03,129.24,118.11,106.63
120.21,130.70,140.09,150.14,157.04,166.83,172.63,179.90,182.22,187.63,192.00,196.85,201.72,203.27,209.02,212.25,217.38,222.93,226.27,231.50,239.64,241.28,247.34,252.29,254.92,265.42,262.59,253.30,251.92,250.89,245.52,239.35,233.79,229.14,227.56,220.08,211.91,208.96,205.10,203.15,196.73,191.66,186.68,181.18,177.50,166.21,157.93,148.41,139.03,131.47,120.21,109.77
107.12,119.27,125.40,133.30,140.43,147.87,152.46,158.90,163.36,168.07,172.65,176.78,179.41,182.99,185.53,189.84,193.21,197.72,201.48,205.65,212.62,216.23,218.56,224.95,229.26,232.05,231.04,225.46,223.30,217.85,214.45,211.93,205.65,198.58,196.47,192.20,188.00,183.50,179.39,175.56,172.03,167.07,164.88,158.34,155.29,146.99,140.26,131.70,123.15,114.48,104.89,95.77
116.00,126.63,134.30,144.64,152.55,159.81,165.08,170.51,176.14,182.57,184.72,189.84,194.58,196.42,200.52,204.24,209.75,213.79,219.33,219.36,229.17,232.26,234.25,239.28,242.02,244.81,245.22,239.68,238.66,231.61,229.14,222.72,217.33,213.04,210.92,206.39,200.12,195.51,191.48,188.04,183.44,178.93,174.64,167.94,163.36,156.54,149.20,140.47,133.51,123.36,111.52,102.80
116.43,129.40,137.20,147.28,155.71,163.52,168.08,176.40,179.30,185.10,189.19,193.13,195.90,199.21,201.56,206.00,210.85,213.10,216.38,218.89,222.64,225.50,228.63,233.08,234.83,236.03,234.33,229.11,226.04,221.82,219.23,212.35,210.06,205.73,204.71,199.02,195.00,193.24,188.86,187.30,181.32,177.00,173.37,168.66,164.02,152.95,146.32,139.29,131.05,121.08,112.00,100.30
126.25,139.29,148.76,158.43,165.76,176.21,181.62,189.02,194.16,200.09,203.19,207.58,212.15,214.22,215.39,220.48,228.35,231.31,233.63,235.92,239.73,241.98,248.36,250.00,252.24,255.99,252.74,246.34,242.79,239.71,237.47,229.27,226.49,223.71,221.22,215.70,210.79,206.12,201.84,202.60,197.29,191.15,187.77,182.36,178.00,165.76,157.42,149.48,142.64,131.24,119.01,109.02
118.66,132.00,140.91,149.50,156.31,165.89,172.79,179.11,180.90,187.98,191.23,197.08,200.24,199.90,205.14,209.42,213.55,216.12,220.44,221.65,225.53,227.91,231.66,235.16,237.36,237.92,235.85,233.43,230.49,226.92,223.01,215.96,214.11,211.02,209.31,204.30,197.61,196.40,192.10,190.71,187.24,180.54,176.08,170.18,167.57,155.86,148.61,141.11,133.54,124.04,113.22,101.86
118.11,132.38,140.12,149.12,157.10,164.35,170.47,178.06,180.24,187.40,190.18,195.53,198.12,200.24,203.34,209.15,211.25,214.19,218.52,219.71,223.47,227.40,230.37,233.99,236.48,238.21,238.38,228.95,228.43,227.04,222.14,216.26,211.62,210.68,211.05,203.38,197.89,193.50,189.25,191.02,186.04,179.01,177.79,169.78,165.85,156.32,148.45,139.52,132.91,123.91,113.18,102.30
122.05,133.96,141.21,151.17,158.15,168.24,175.73,179.48,183.27,191.84,194.81,199.48,200.52,203.30,207.71,211.59,214.28,217.97,220.49,221.06,226.42,228.58,233.00,237.36,238.89,241.20,238.27,233.31,233.48,226.79,225.33,218.39,216.67,215.52,212.87,207.39,202.88,197.09,194.52,191.40,187.40,181.73,178.08,170.66,168.86,158.47,152.83,141.90,133.27,125.21,114.39,104.00
129.25,144.84,149.90,160.70,169.58,178.33,185.32,190.67,197.80,202.43,207.00,213.95,212.94,217.52,221.55,224.45,228.32,230.11,235.33,236.78,242.17,243.66,247.20,252.88,251.51,257.13,256.10,251.10,249.70,242.99,239.63,234.62,230.87,226.42,227.02,221.60,217.59,211.42,208.29,203.36,198.65,193.10,186.94,181.80,177.81,167.89,159.20,150.96,140.29,130.39,120.28,108.23
133.54,149.12,159.70,170.07,179.72,190.24,197.16,203.91,207.29,213.77,217.37,225.01,226.77,227.80,231.62,234.46,239.71,242.53,245.39,247.13,249.54,250.78,254.77,258.41,259.68,263.71,261.01,251.33,253.16,247.17,243.00,235.31,235.42,232.14,231.01,224.88,218.55,213.94,212.51,212.17,206.87,200.96,197.31,188.22,184.38,172.88,166.01,154.55,146.74,137.84,126.21,113.53
137.06,151.82,161.70,173.62,181.16,191.93,199.25,207.71,211.47,216.72,219.15,227.61,230.49,231.76,236.26,238.60,243.07,248.21,247.63,251.01,251.40,254.24,256.49,263.07,264.37,267.20,263.43,257.96,255.71,249.84,246.10,241.23,238.29,235.85,230.83,227.42,223.01,218.52,214.00,212.19,207.42,200.52,197.20,191.16,186.95,175.33,166.03,158.62,148.50,139.09,126.25,115.49
137.36,151.82,162.00,172.31,182.40,191.38,200.41,207.62,211.61,218.50,222.48,228.35,232.02,232.14,237.15,240.07,243.28,246.29,251.05,249.54,253.27,254.24,257.82,260.23,261.09,268.21,263.93,255.99,253.64,251.75,244.23,240.48,237.60,235.44,233.35,227.55,222.42,215.60,213.38,213.53,208.60,200.19,196.90,189.27,187.77,175.11,165.41,156.24,148.66,139.53,125.32,113.55
131.31,146.41,157.66,166.00,174.98,185.80,192.63,201.43,204.09,209.54,212.14,219.10,222.65,223.22,227.61,229.02,233.38,239.35,240.15,239.83,241.65,242.72,249.03,251.03,251.00,257.58,253.33,243.98,243.91,240.35,235.47,230.05,226.77,225.40,222.38,217.92,210.95,204.36,205.04,202.53,198.31,189.43,188.81,180.60,178.68,168.29,158.00,150.34,142.37,132.37,119.08,108.47
132.57,144.54,154.55,164.40,174.61,182.13,189.26,198.09,202.07,207.01,212.64,215.52,217.69,221.47,224.90,226.38,231.01,234.20,235.60,237.88,240.88,241.96,245.77,251.55,250.94,253.22,251.44,246.55,243.00,240.83,237.04,230.54,227.37,223.91,221.00,216.18,212.41,206.94,204.52,200.10,194.64,190.21,184.01,179.57,175.56,166.36,159.36,150.08,139.43,131.04,119.02,108.23
130.94,144.63,155.40,165.53,172.28,182.51,188.22,198.88,203.12,208.40,209.41,218.45,218.71,220.66,223.81,225.49,233.82,237.26,237.07,239.64,241.32,241.96,247.11,248.40,250.60,256.74,252.99,245.42,246.29,242.54,236.58,230.59,225.38,227.73,221.36,216.09,210.15,203.44,203.92,202.24,197.82,188.56,188.35,181.69,178.71,163.77,157.44,147.87,140.47,132.83,119.24,108.05
140.52,153.88,166.72,176.30,184.84,194.28,202.20,211.02,216.68,222.78,224.96,234.09,235.00,235.97,238.95,241.90,248.17,250.15,253.67,253.46,256.13,256.76,261.96,266.33,265.32,270.91,266.76,259.33,257.03,255.38,247.50,242.30,239.63,237.93,235.24,229.17,221.53,218.23,214.22,215.75,209.12,199.22,199.02,191.66,188.96,175.21,168.37,157.54,150.96,141.68,126.06,114.63
129.26,143.67,153.17,162.78,172.20,181.23,187.77,194.03,199.48,202.55,209.70,214.46,215.24,218.33,222.61,225.49,228.00,230.22,233.21,235.80,240.13,241.90,242.53,249.39,249.58,252.19,248.70,247.24,245.05,239.12,236.58,229.63,227.79,222.83,219.24,215.64,210.29,207.78,203.91,198.40,193.26,188.17,183.81,178.44,174.45,165.68,158.76,147.92,140.80,130.10,118.07,105.89
130.18,142.62,153.47,163.25,171.59,181.89,187.04,196.66,200.14,207.10,210.61,217.81,219.94,219.15,223.26,223.03,232.17,232.88,235.67,237.69,239.48,238.81,245.51,249.02,250.35,254.70,249.88,247.62,244.62,241.85,235.48,231.60,227.80,224.66,218.84,217.52,208.28,204.83,201.00,201.00,194.54,187.27,187.03,179.14,175.97,165.10,156.54,147.32,139.65,130.00,118.60,106.96
133.54,149.38,159.29,169.54,177.28,188.05,193.87,201.31,205.29,212.79,212.88,222.87,225.36,225.68,230.08,231.16,235.93,240.48,245.28,243.18,244.81,247.54,252.41,256.74,256.70,262.69,261.73,254.23,254.40,250.38,243.89,235.79,232.36,232.81,227.06,221.43,215.68,209.68,206.93,206.40,202.81,191.08,190.41,183.40,179.78,168.27,160.75,151.43,144.59,134.45,119.37,110.21
126.18,140.04,150.28,161.38,169.07,179.00,182.56,190.96,196.08,200.74,204.09,212.31,212.93,216.45,220.24,220.19,224.18,229.94,231.50,231.15,235.65,237.65,241.47,247.17,245.15,252.05,247.82,241.62,241.60,237.60,233.08,226.37,222.46,219.32,217.31,211.78,207.46,202.07,197.00,196.09,191.47,181.95,180.49,173.93,169.50,160.63,152.00,143.92,136.49,128.16,114.35,105.19
130.61,143.53,154.54,163.92,173.10,183.44,190.39,196.82,203.82,207.62,211.15,218.87,220.00,221.05,225.41,225.27,234.16,235.59,239.25,240.15,243.26,246.29,249.47,253.31,255.10,257.34,256.07,252.23,249.69,245.20,241.96,233.42,229.34,226.37,222.01,217.17,211.15,207.53,203.59,200.96,196.79,187.95,187.49,180.83,176.34,164.03,156.77,147.87,141.06,132.31,118.73,107.91
134.30,148.49,158.93,170.42,177.12,189.95,194.37,203.86,207.62,213.85,217.42,224.21,226.77,225.73,231.81,233.00,238.30,242.40,243.31,245.51,248.56,250.39,253.84,257.02,260.58,261.37,259.42,255.00,253.44,246.74,244.56,236.88,232.43,228.49,224.16,220.93,215.19,210.00,205.68,204.09,198.31,192.00,189.17,183.24,179.40,168.51,160.55,151.65,141.76,134.01,119.95,110.22
131.69,145.52,156.60,164.98,174.43,184.55,192.28,197.80,203.25,209.76,212.62,219.40,219.49,223.02,227.61,229.40,234.18,236.48,239.76,239.04,242.91,245.51,250.46,256.24,257.17,259.39,256.28,253.33,251.35,244.97,241.11,233.85,230.34,225.21,221.31,216.84,210.89,206.81,202.20,199.62,193.84,189.27,184.84,181.02,174.90,163.37,156.58,149.46,140.09,131.19,118.11,107.06
131.70,145.83,156.58,166.64,174.91,184.10,189.97,200.02,203.57,208.19,211.62,219.40,221.60,220.17,224.64,225.94,232.13,235.65,237.88,235.72,238.43,239.77,242.91,246.89,246.07,251.31,246.84,242.13,239.02,236.61,229.05,222.10,217.80,216.94,213.83,208.83,200.87,197.52,193.21,194.83,189.75,179.88,181.14,174.43,169.71,159.96,152.69,142.21,135.71,127.32,114.28,104.40
122.45,136.21,145.88,154.32,163.37,171.27,178.53,185.08,188.85,196.31,196.64,203.97,207.15,207.13,210.30,212.17,220.20,221.74,223.08,224.86,227.38,231.11,235.65,240.42,240.92,245.12,244.25,240.29,236.78,234.31,229.08,221.62,216.32,214.77,209.80,205.91,199.47,193.00,188.69,189.62,184.95,175.29,173.61,169.19,163.71,154.94,146.74,138.05,132.57,122.80,111.21,102.49
126.19,141.52,148.95,158.82,165.13,178.10,182.02,190.69,196.54,199.48,205.08,210.32,211.45,212.46,215.64,215.96,222.77,226.63,226.77,230.22,233.81,233.57,237.55,242.17,243.92,245.05,244.25,240.05,236.89,232.70,230.72,222.87,217.08,213.24,208.83,204.17,199.37,195.16,191.48,188.09,184.02,177.29,175.25,167.94,164.92,154.55,149.41,140.25,130.77,123.47,110.68,102.47
133.15,148.41,157.84,168.13,176.64,186.43,194.74,201.10,204.01,210.34,215.23,220.24,223.23,221.28,225.74,225.50,234.40,233.50,238.65,236.71,239.52,241.01,243.82,246.20,248.05,249.72,246.40,242.84,237.54,235.17,227.40,224.15,216.78,214.11,210.19,207.93,200.19,195.87,192.42,192.42,185.97,182.16,179.07,173.18,170.00,157.95,151.40,141.48,135.72,126.66,115.80,103.81
125.40,140.06,148.48,158.04,166.03,175.29,179.43,187.46,192.04,198.40,200.81,206.81,209.35,209.02,214.17,214.97,220.20,222.95,225.02,225.68,230.60,231.50,235.19,239.04,238.45,245.81,244.76,238.47,236.93,232.65,227.40,221.30,216.12,214.39,213.15,206.39,198.98,191.89,188.66,189.17,183.17,176.58,175.14,166.51,164.61,156.31,147.85,139.09,132.61,121.75,110.98,102.02
138.68,154.74,164.08,174.39,184.72,194.09,199.90,208.29,212.61,217.57,221.02,227.38,228.40,231.04,235.05,236.02,237.49,240.05,243.60,245.55,247.20,249.93,251.02,256.03,255.77,258.50,253.51,248.24,245.42,240.52,236.14,230.67,224.80,221.14,216.58,210.83,207.35,203.97,201.38,195.85,192.20,187.60,184.82,175.97,173.23,164.05,158.11,148.53,140.55,129.00,118.68,107.30
140.43,154.50,163.23,176.24,184.72,195.66,199.90,211.65,212.13,218.06,220.84,228.49,229.60,231.11,234.07,237.12,239.89,242.91,245.46,246.03,245.59,249.82,251.10,253.39,255.91,256.63,254.92,251.03,248.13,241.13,236.58,229.98,224.44,221.84,214.97,213.46,206.00,203.90,200.30,197.08,193.66,186.13,183.22,177.72,173.10,163.78,157.32,148.19,142.04,130.87,118.60,109.17
138.18,152.55,165.65,173.10,182.85,192.09,198.31,205.60,213.18,217.75,221.64,228.08,228.04,231.04,231.49,234.77,238.48,241.59,245.07,244.80,246.27,247.58,251.53,254.53,254.81,260.52,256.16,250.24,246.22,243.58,235.29,230.52,224.29,223.66,218.15,212.08,205.77,201.36,197.39,198.34,193.40,182.18,182.44,175.32,173.36,160.85,155.16,145.50,139.63,128.70,117.63,105.68
138.40,152.16,163.77,174.20,183.36,192.68,198.96,208.39,213.85,218.69,221.46,228.23,229.26,228.36,232.41,233.00,240.11,243.67,244.50,247.01,245.97,247.21,251.44,256.07,254.28,259.34,257.19,250.70,245.28,244.18,238.30,230.06,224.34,224.96,218.29,213.01,205.88,201.65,197.25,198.74,193.09,184.10,183.00,178.06,173.42,162.36,155.57,145.80,140.60,131.53,116.40,106.10
133.87,149.04,157.54,168.43,178.68,186.27,196.01,200.56,205.57,211.09,215.98,220.60,223.54,223.39,227.43,228.78,233.42,237.23,239.40,239.68,242.54,244.90,248.89,253.03,256.32,255.57,254.47,252.05,247.89,243.24,237.97,233.03,227.34,221.06,218.68,214.76,209.12,203.93,198.93,196.24,191.19,184.78,181.84,177.10,174.11,162.19,155.67,147.00,139.46,129.40,117.75,106.23
135.59,148.07,160.65,168.96,179.45,189.08,195.17,203.69,207.06,211.56,215.80,221.05,223.65,225.02,228.96,231.68,234.80,238.20,242.21,242.32,244.08,246.89,252.01,254.64,254.89,263.49,260.95,251.07,249.58,246.08,239.77,233.36,227.38,225.64,221.12,216.17,209.75,203.60,200.74,201.56,194.37,187.07,185.40,177.10,175.26,163.98,156.08,146.78,140.09,129.87,118.79,106.40
137.64,154.39,162.34,176.05,183.73,194.21,200.24,212.06,214.22,219.80,221.95,229.32,230.41,230.71,235.15,237.07,241.13,244.24,245.17,246.59,247.54,249.95,252.06,257.12,259.28,260.50,255.37,250.57,247.34,243.97,239.27,231.77,226.12,222.80,217.45,213.14,208.02,202.41,199.46,197.10,192.75,186.08,185.27,177.79,174.14,164.54,157.04,147.14,139.92,128.84,118.07,106.47
140.43,155.22,163.53,175.07,186.10,195.90,203.06,210.86,215.41,220.37,223.27,229.40,232.01,233.12,237.19,239.11,243.31,246.34,246.52,248.56,248.36,252.36,254.42,258.05,257.86,261.38,258.55,251.08,248.30,245.25,240.14,232.11,225.73,224.54,219.09,214.23,209.77,202.41,201.23,199.12,192.51,185.95,184.44,179.01,174.77,165.39,156.00,147.05,139.46,128.80,119.24,107.69
140.46,155.46,165.52,175.80,186.13,194.25,202.04,211.34,216.28,221.55,224.15,229.97,231.39,232.25,237.42,238.72,241.85,244.99,248.62,247.95,249.82,251.92,254.28,258.87,261.05,261.91,258.37,253.62,248.94,244.52,239.56,234.80,227.17,225.26,218.56,214.05,207.29,203.00,200.37,197.57,191.82,187.24,183.47,177.91,175.11,164.20,158.48,147.12,139.98,129.80,118.22,108.93
136.47,152.71,161.20,171.75,181.82,191.23,197.34,204.80,210.10,213.26,219.13,223.61,226.88,226.49,230.22,233.86,235.70,238.30,241.30,243.96,245.39,245.20,248.62,251.56,253.14,256.78,253.18,246.84,243.31,239.65,233.00,227.11,221.76,218.69,214.61,208.91,204.47,199.16,195.92,192.84,187.43,183.04,178.85,171.98,168.32,159.30,154.51,143.29,136.03,125.94,117.15,104.81
131.52,147.01,157.08,166.51,173.93,184.39,190.55,198.54,203.25,208.40,211.02,217.51,220.51,220.42,224.13,224.93,230.33,233.94,236.41,235.30,240.15,240.03,245.23,246.97,248.49,253.14,251.13,244.76,242.14,240.17,233.00,226.37,221.05,218.89,214.45,209.75,201.43,195.74,193.13,194.13,186.94,179.81,178.23,172.33,168.51,157.84,149.68,141.74,133.99,126.12,114.48,103.86
139.12,154.26,164.56,176.87,185.30,195.21,202.07,209.46,213.93,220.20,222.32,227.80,231.29,232.13,237.45,237.50,242.62,246.22,247.70,248.36,249.43,255.45,257.41,260.16,264.12,266.05,263.33,259.04,257.03,249.87,245.84,238.42,231.53,229.48,223.30,220.08,212.42,207.61,205.20,201.32,196.15,189.71,186.68,179.79,175.65,163.62,157.75,148.95,141.03,133.42,118.87,108.78
144.26,159.33,170.03,183.17,190.21,201.36,208.69,219.39,222.70,227.09,229.18,238.60,241.30,238.95,242.71,244.18,249.27,252.36,254.56,255.07,257.56,259.00,263.49,265.66,266.99,269.32,265.63,257.94,256.22,252.30,245.20,238.61,231.04,230.48,225.14,221.00,211.74,207.02,204.46,202.92,198.70,189.24,189.07,182.89,180.03,167.22,158.86,149.11,143.39,135.59,121.12,109.55
136.34,150.21,163.48,171.98,181.25,189.93,198.52,206.04,209.12,216.46,218.76,226.32,226.05,227.41,230.63,232.55,238.72,242.19,246.62,244.80,247.55,250.25,254.70,256.70,260.19,265.80,261.90,255.44,252.88,251.79,245.54,237.84,230.05,230.14,225.80,219.24,211.19,204.83,201.68,201.99,195.80,188.31,186.20,179.05,175.85,165.85,156.73,148.00,141.06,130.05,119.89,108.81
138.03,152.86,161.62,172.71,182.32,193.34,199.48,206.40,211.52,216.33,219.83,225.87,226.77,229.27,233.12,233.14,239.48,242.42,243.18,247.76,249.10,252.25,254.03,260.21,263.30,266.31,260.09,259.12,256.18,251.22,249.10,240.52,234.36,229.01,223.61,219.16,214.97,207.89,204.60,199.25,194.58,189.08,186.08,179.64,176.40,165.11,159.20,151.72,142.27,130.97,122.04,109.93
136.00,149.35,159.59,169.50,182.73,189.97,194.37,203.19,208.61,212.23,218.77,224.04,224.18,226.24,230.53,230.34,236.89,238.47,242.40,243.99,248.65,250.48,254.44,259.16,260.10,263.54,261.82,257.79,254.23,250.89,245.00,237.92,232.22,227.38,225.51,217.41,212.55,205.29,202.09,199.86,193.28,188.81,182.13,178.07,172.19,163.77,156.27,148.06,137.77,129.40,119.42,109.04
135.21,149.31,160.11,171.71,180.00,192.85,194.83,202.53,208.54,213.71,216.48,225.34,226.43,227.06,231.87,232.77,237.53,242.33,243.05,244.59,251.34,251.40,256.81,261.03,263.19,264.61,264.09,259.92,255.55,251.72,247.48,239.41,233.23,230.22,224.15,220.51,213.18,205.36,203.25,200.09,196.79,184.86,185.88,178.73,174.56,164.58,157.04,147.25,139.83,131.97,116.76,107.81
135.80,151.24,159.71,170.46,179.88,190.52,195.74,204.25,210.06,213.68,219.82,223.38,226.49,226.90,230.33,231.23,237.92,240.45,243.82,245.35,250.60,251.46,255.78,261.01,264.07,264.75,263.79,259.22,255.31,252.34,246.62,240.29,234.80,228.98,224.08,218.58,211.92,206.60,202.59,201.25,195.36,187.88,184.11,179.60,175.41,163.77,156.85,146.41,139.23,131.52,119.10,107.00
137.06,150.73,160.96,171.71,181.18,189.77,196.60,206.40,209.88,214.55,216.93,225.25,228.56,228.24,233.08,232.88,238.93,242.12,244.30,246.91,251.11,253.16,258.00,260.31,261.20,268.11,266.61,258.23,257.00,253.66,248.20,239.38,231.25,232.94,226.18,219.02,212.81,204.84,202.62,202.42,196.76,187.41,185.21,178.39,174.03,164.84,156.72,147.22,139.92,132.48,117.92,109.20
136.57,152.45,163.02,172.57,183.36,192.20,198.49,208.06,211.44,214.95,221.21,226.02,229.00,229.84,232.65,233.94,238.14,242.46,246.95,246.73,250.57,252.25,258.06,260.09,262.21,268.56,263.10,257.16,256.26,251.70,247.07,240.05,232.78,229.99,223.81,219.15,212.25,207.54,204.22,199.81,195.26,190.37,184.72,179.74,175.05,166.21,160.11,150.79,140.70,131.24,121.79,108.41
125.88,139.63,147.25,155.93,166.76,175.41,181.16,188.41,190.55,195.17,199.90,203.23,205.18,208.47,213.55,214.25,216.54,220.54,224.29,225.40,227.88,232.00,234.89,240.30,242.03,243.74,239.60,238.47,236.03,231.41,228.18,220.24,214.22,208.85,204.47,200.64,195.72,190.07,186.55,183.58,177.59,172.24,167.33,163.01,159.70,151.16,145.28,135.94,127.94,119.10,109.73,98.51
125.26,139.09,150.07,159.53,165.03,175.84,181.21,190.13,193.01,197.96,200.06,205.60,209.29,208.69,213.78,214.66,218.75,223.34,226.53,226.08,230.01,232.14,236.58,239.38,242.60,245.12,243.21,238.32,235.68,233.08,227.04,220.05,213.90,211.45,206.49,201.14,196.02,189.17,186.68,184.44,181.22,173.52,170.63,165.37,161.19,150.90,143.68,135.13,129.81,120.51,108.24,99.41
137.18,151.29,162.37,172.53,182.01,191.23,195.65,205.65,210.30,217.04,216.33,226.00,227.77,228.32,233.08,232.40,238.73,243.77,246.27,245.22,248.85,253.99,256.53,262.09,262.19,267.71,263.91,259.90,257.13,252.17,247.65,240.51,233.42,229.06,222.99,218.69,212.17,207.17,202.53,201.56,198.15,186.36,186.43,178.08,175.58,164.45,158.52,147.67,140.94,132.61,117.90,110.11
140.21,154.77,161.25,175.48,185.27,196.09,201.02,208.74,212.88,216.23,221.21,226.68,229.24,231.73,236.36,236.77,240.75,244.10,245.54,249.06,251.05,252.76,259.07,265.19,266.74,268.49,264.37,262.43,258.38,254.37,248.65,244.40,235.33,231.62,225.06,221.63,215.97,209.27,205.73,201.30,195.87,190.96,184.98,181.60,177.34,166.03,159.53,149.37,141.68,133.14,118.95,108.76
140.36,154.28,164.58,175.84,185.27,196.12,200.63,209.80,211.90,217.33,221.92,228.53,230.49,232.13,236.60,236.60,240.57,245.58,248.82,248.11,250.42,253.12,257.45,262.35,264.50,271.40,267.86,260.05,259.48,256.10,249.10,241.59,235.08,233.65,226.74,221.33,214.85,208.59,205.20,204.71,198.40,189.83,186.60,181.07,176.62,168.44,159.97,149.68,143.45,132.92,119.08,108.81
138.57,150.96,161.61,171.83,184.36,193.37,199.12,207.20,211.87,216.06,219.49,224.74,228.54,227.88,233.05,233.06,239.40,241.60,243.92,245.29,251.08,253.21,255.47,261.43,261.49,268.27,264.78,258.99,256.53,251.39,247.99,239.25,233.62,232.74,225.98,219.80,214.56,209.02,205.85,202.41,196.13,188.73,186.12,180.31,175.31,167.36,158.65,149.80,141.35,131.19,120.34,109.12
138.42,153.06,161.12,171.21,181.47,191.23,196.73,202.95,207.59,210.92,218.07,221.85,223.73,226.21,229.97,231.05,236.89,237.97,241.77,244.25,248.36,249.42,254.37,260.56,262.56,263.78,262.19,258.32,256.68,251.64,246.07,240.88,234.39,228.84,224.47,218.90,213.55,208.63,203.80,200.52,192.52,187.45,183.48,178.06,174.11,164.07,158.78,148.35,139.06,128.70,119.62,108.68
135.33,150.03,160.61,171.01,180.36,189.21,195.00,202.74,207.85,213.02,214.17,223.83,224.09,222.80,229.34,228.06,235.65,238.81,239.73,243.07,247.17,248.90,253.56,258.26,257.88,265.52,263.05,256.58,253.89,251.92,243.88,239.38,231.55,229.97,224.06,219.44,210.38,204.84,199.37,202.02,196.00,185.24,184.62,177.67,174.18,162.56,155.43,145.66,139.47,131.10,116.62,108.93
136.97,152.55,161.89,170.48,181.25,190.85,196.23,205.92,208.40,214.87,217.44,224.15,223.49,224.40,227.85,229.71,234.63,239.77,243.03,241.29,245.62,247.34,252.61,258.49,256.80,262.65,264.05,254.79,253.30,251.88,245.07,236.36,228.96,228.84,225.50,218.40,209.77,204.28,201.31,199.96,195.92,185.10,184.10,175.64,174.16,161.81,155.29,145.84,139.34,129.25,117.96,108.17
136.82,150.72,159.91,168.34,179.63,188.96,196.73,201.76,209.34,211.29,218.20,221.06,221.58,223.19,225.56,227.00,233.11,234.34,236.89,240.00,242.22,246.13,248.85,253.58,255.83,257.53,254.91,253.55,249.58,244.98,241.51,235.53,228.90,222.75,219.02,215.59,209.75,205.27,199.70,195.58,189.83,187.00,181.18,173.83,172.41,162.74,156.00,146.77,138.65,129.38,117.03,107.91
135.09,151.98,158.82,170.07,180.87,188.10,196.47,201.12,204.44,209.58,213.58,218.51,222.77,224.97,228.60,228.37,232.88,234.61,241.23,241.47,242.85,247.83,250.46,254.48,255.31,262.62,259.36,254.64,251.72,247.16,242.32,235.30,229.40,226.42,220.38,214.77,210.64,204.71,200.66,197.91,190.32,186.68,181.18,176.17,172.03,161.90,156.46,147.47,138.06,127.53,119.00,106.32
140.91,154.32,164.79,176.23,185.01,194.08,200.82,212.46,214.28,218.00,221.33,228.47,230.05,231.81,234.23,235.93,243.02,244.24,248.21,248.22,250.08,256.43,259.33,264.55,266.91,272.69,270.20,261.55,262.68,257.60,250.05,244.35,236.92,234.78,230.97,224.59,215.08,208.14,204.41,205.65,200.64,189.86,190.68,183.70,178.51,166.00,159.89,151.43,142.70,133.18,121.26,108.98
148.69,163.17,171.81,183.92,194.73,205.19,211.37,219.21,222.27,228.40,233.63,236.24,240.43,241.07,243.20,244.61,249.09,250.06,255.16,256.16,258.54,260.50,261.63,266.55,267.52,270.15,268.00,262.68,259.62,253.40,249.36,243.39,236.17,232.64,227.79,222.64,216.83,212.42,209.57,203.84,198.91,193.54,188.10,183.13,180.85,172.89,165.08,153.69,145.87,135.83,125.16,113.51
133.45,146.49,156.18,166.31,176.82,185.54,191.72,199.45,202.48,208.19,211.54,216.92,218.08,220.04,223.73,224.41,230.08,233.03,235.76,237.67,238.73,243.52,246.40,252.21,253.19,258.16,256.98,249.66,249.10,243.99,238.83,231.63,225.14,222.95,218.01,214.70,205.30,199.62,195.87,196.37,189.17,181.18,178.51,172.79,168.32,158.86,152.45,142.66,135.77,124.89,115.21,105.62
140.09,153.94,165.56,175.76,182.99,193.31,200.02,209.65,212.85,218.12,221.28,227.01,229.47,228.48,232.78,233.75,240.64,241.48,249.27,246.43,251.18,254.37,259.27,262.98,265.11,269.02,267.90,262.49,258.82,255.00,247.89,242.02,238.62,235.77,229.84,225.36,214.41,209.27,205.53,204.12,198.86,188.73,187.84,182.65,177.37,167.36,159.67,148.07,143.14,133.27,119.67,110.72
140.41,154.26,162.96,175.39,184.72,194.82,200.96,207.71,213.56,217.33,222.14,227.50,230.97,230.59,233.62,234.64,239.41,242.03,248.86,248.60,253.58,254.47,260.00,264.44,264.37,271.20,270.41,260.72,260.20,255.54,250.19,242.84,238.42,234.93,229.33,224.59,217.04,208.08,207.74,203.60,198.60,189.24,188.22,183.04,177.20,168.34,160.55,149.93,143.03,133.76,122.43,111.79
140.09,153.46,163.27,172.49,186.53,197.31,200.86,208.48,212.87,216.27,222.51,227.11,229.02,231.61,234.62,235.42,241.08,241.67,247.83,249.90,251.92,255.62,260.16,262.94,265.61,270.38,269.70,261.52,260.38,257.82,250.31,245.42,236.40,236.02,228.30,224.15,218.52,210.87,207.71,204.30,196.57,189.27,187.30,181.22,177.23,169.33,160.98,148.34,143.13,133.73,124.31,111.63
139.62,153.95,164.78,175.19,185.61,194.54,201.10,210.54,215.20,219.64,221.44,227.31,228.97,229.98,234.39,235.03,241.75,245.25,246.46,246.91,251.29,254.62,258.60,262.21,264.37,268.56,266.59,261.96,258.54,254.00,247.68,242.74,236.17,233.09,226.72,222.01,216.09,208.06,203.03,203.97,198.09,188.32,186.39,179.45,176.17,164.81,158.14,149.59,142.41,134.12,120.42,108.67
141.74,155.46,165.03,175.29,184.36,197.25,200.64,209.82,216.19,218.82,222.83,227.76,228.09,229.97,236.24,235.68,241.93,245.46,246.00,248.52,251.40,254.43,257.23,262.83,266.49,268.66,267.84,261.60,259.41,255.27,248.85,242.26,237.07,233.65,225.14,222.25,215.56,209.88,205.81,204.02,198.49,189.19,185.93,180.42,178.60,165.95,158.69,150.60,141.09,133.45,120.75,109.48
142.24,155.05,164.20,176.78,186.32,195.43,204.97,211.63,213.38,217.39,221.94,226.55,227.23,233.03,237.39,237.66,241.23,243.82,247.41,249.21,252.52,257.10,258.03,265.41,268.66,270.28,267.87,263.23,261.64,256.42,250.46,245.49,238.44,232.73,229.21,223.57,217.83,212.08,208.61,203.08,197.75,193.33,185.17,179.69,177.77,169.92,160.38,151.80,141.88,132.10,122.79,112.27
141.01,153.40,164.51,176.92,186.23,197.85,202.20,209.66,215.54,218.65,224.32,228.88,230.85,233.03,236.78,237.43,241.60,246.40,247.89,250.11,252.41,255.79,259.42,264.83,266.60,274.24,270.74,263.23,262.35,257.70,253.16,244.20,238.53,235.54,230.57,224.89,217.68,211.56,209.25,204.36,200.14,191.02,188.10,181.46,178.62,169.12,159.84,151.33,142.66,133.66,121.74,112.16
137.44,150.27,162.27,171.13,182.02,190.44,196.94,204.27,208.09,213.51,217.20,222.80,225.66,224.57,228.11,228.55,235.65,237.55,242.33,243.07,247.36,247.01,253.50,257.77,260.02,264.74,262.49,257.50,255.47,252.20,245.29,237.74,233.55,229.14,223.54,219.49,209.02,205.48,201.46,199.62,194.47,183.96,183.85,178.04,173.30,163.40,155.60,145.00,139.79,130.25,118.34,108.19
133.33,147.27,156.95,166.11,177.53,187.30,193.50,201.08,205.06,209.31,212.14,216.91,218.59,221.55,223.90,224.59,228.83,234.80,236.86,238.00,240.80,243.31,248.89,251.00,254.91,258.31,256.32,250.39,246.22,243.90,240.42,232.44,227.08,224.90,220.81,212.81,206.74,200.41,197.00,196.33,189.55,183.00,181.02,173.97,171.33,160.96,154.26,144.93,136.12,125.87,115.97,106.00
135.45,149.12,157.70,167.72,177.23,187.95,194.47,201.30,204.40,210.00,213.84,217.60,220.45,222.31,226.81,227.07,229.96,232.78,237.01,239.94,241.63,243.10,246.68,254.63,255.83,258.16,256.97,254.05,253.16,245.46,240.97,235.69,229.58,223.81,217.04,212.81,209.06,204.22,199.96,195.49,189.75,183.13,179.34,173.63,170.84,161.45,155.91,144.59,136.82,127.58,117.89,105.68
138.19,154.05,164.69,176.39,182.83,195.21,199.12,208.97,211.95,216.90,218.84,224.83,228.73,229.05,233.42,233.21,235.19,240.93,243.17,243.52,248.07,248.57,253.24,256.60,259.36,265.88,263.70,249.69,250.35,245.42,240.21,232.72,226.88,225.49,221.11,213.69,207.23,201.72,198.71,196.47,192.67,182.32,182.89,175.73,173.14,162.34,154.83,145.60,139.01,129.00,116.73,106.89
138.00,153.39,164.20,175.29,184.84,195.02,200.48,208.25,209.86,217.31,220.38,224.96,226.93,229.26,232.21,232.59,236.89,240.78,244.59,244.52,246.22,248.79,252.92,256.30,258.03,262.89,260.50,251.60,251.62,246.40,240.42,234.30,229.37,225.66,221.42,214.83,208.72,202.77,199.48,196.98,192.20,185.43,180.83,175.17,171.33,163.69,154.85,146.39,137.80,129.25,117.00,107.71
133.96,148.61,158.52,168.24,178.00,188.49,193.04,199.55,206.06,208.93,214.23,218.16,220.03,222.01,225.64,225.21,230.53,233.11,237.47,238.95,242.44,242.74,248.42,254.06,257.16,259.86,257.77,252.81,251.10,245.73,239.00,235.15,230.06,222.17,220.06,213.71,209.62,200.81,199.11,194.03,189.41,184.25,178.36,174.05,170.00,161.55,154.31,145.26,137.10,126.02,116.30,107.17
131.76,146.12,157.54,166.57,174.66,184.59,190.07,199.40,204.09,207.20,211.56,216.00,219.18,219.67,220.79,223.24,227.30,232.16,234.42,235.31,238.40,241.63,246.05,250.19,251.68,257.61,257.16,250.14,246.66,243.74,236.28,231.51,224.40,224.45,218.28,210.34,205.06,199.88,195.27,194.91,187.97,179.23,178.07,172.61,169.50,157.84,151.09,143.00,134.62,126.30,114.62,104.24
132.64,144.55,156.04,165.47,175.36,184.26,191.69,199.72,201.94,207.76,211.29,215.52,216.91,220.57,223.96,224.80,228.23,231.66,232.86,235.91,240.42,241.68,246.14,252.44,252.96,257.77,256.90,249.83,247.87,243.53,239.21,234.48,226.90,223.81,219.46,212.94,207.56,201.32,198.01,194.16,188.48,181.04,177.02,172.05,168.24,158.82,152.04,141.42,134.54,124.04,115.88,106.22
133.30,146.99,155.66,164.94,174.42,185.31,191.97,196.96,200.19,206.79,210.01,213.02,216.07,219.74,224.41,224.59,227.17,231.91,231.54,234.80,239.42,240.44,244.81,249.35,252.61,256.12,255.63,250.05,248.65,242.29,237.39,232.17,227.50,223.08,216.59,211.42,206.71,201.00,196.73,191.88,187.45,180.87,177.34,170.82,167.69,158.90,152.62,141.35,133.30,125.22,115.42,104.79
140.17,154.74,162.74,176.16,182.70,194.55,200.90,208.69,211.25,218.05,222.08,226.24,228.18,229.80,234.39,234.83,239.38,243.50,244.37,248.24,251.29,252.97,258.02,263.80,268.29,269.74,267.92,266.68,262.15,257.47,251.79,245.10,239.53,234.79,228.67,223.33,218.00,212.85,208.17,203.54,198.54,193.08,187.49,180.65,177.10,167.89,160.70,148.85,142.71,132.10,121.82,110.60
138.60,152.12,163.44,174.87,184.44,193.20,201.73,206.48,211.98,218.05,221.17,227.16,227.97,227.34,231.85,233.35,238.47,239.28,245.66,245.73,247.88,250.95,255.81,261.77,261.60,266.22,269.70,264.95,264.19,260.75,254.40,246.40,240.20,236.14,231.11,226.92,215.23,209.38,205.15,205.43,198.02,189.97,186.99,179.88,177.28,166.11,159.67,148.17,141.68,131.10,120.70,109.62
