116.11,128.10,133.26,141.99,149.16,160.25,163.77,173.57,176.67,184.39,189.10,199.37,205.46,215.26,226.29,232.13,241.75,252.24,258.16,265.63,269.26,277.51,280.47,284.43,287.06,285.73,278.95,274.19,267.44,256.84,254.12,246.20,236.25,228.08,226.81,220.64,215.97,208.63,207.87,204.28,200.14,194.49,186.99,187.28,180.71,171.90,164.30,156.24,147.05,135.03,124.60,112.61
121.25,129.50,135.07,147.46,154.51,160.86,166.40,176.20,179.61,183.90,191.85,195.76,206.46,211.34,218.34,226.27,235.26,242.71,248.85,253.24,259.12,266.33,270.72,273.12,275.63,275.67,268.50,263.10,259.73,250.51,250.53,238.90,231.67,226.28,225.85,220.34,215.38,212.06,210.76,208.87,204.02,199.27,193.21,192.42,187.88,178.37,170.47,162.94,151.57,140.00,124.62,114.59
111.16,115.62,126.65,137.59,145.67,155.90,160.38,167.33,175.14,178.73,185.69,196.47,201.25,209.34,217.45,226.68,238.32,248.24,256.08,259.45,265.20,273.65,278.33,280.45,282.46,287.65,280.08,271.74,263.55,259.98,253.02,243.52,235.05,229.71,226.64,222.46,215.08,207.21,207.54,206.12,201.80,195.72,189.45,187.63,180.28,171.71,164.84,156.16,147.22,136.62,121.66,110.42
102.90,111.83,121.63,128.47,133.82,141.44,147.27,157.47,161.11,169.31,180.14,188.40,195.85,199.62,207.04,212.25,218.40,221.88,230.79,231.57,235.61,239.04,242.17,243.28,240.45,244.90,238.72,231.49,226.81,218.24,214.27,209.47,201.92,199.64,194.88,192.07,187.63,180.42,179.61,178.71,175.11,170.14,167.53,162.93,160.07,148.66,144.56,134.54,129.07,119.87,107.52,97.13
112.06,122.25,132.38,140.24,146.22,154.77,159.40,169.80,173.74,183.21,190.96,200.73,209.16,216.94,229.32,239.59,246.20,253.00,260.16,265.85,266.92,272.94,276.22,278.76,279.08,278.15,272.62,263.23,257.33,246.29,242.87,236.24,226.76,219.54,213.47,210.79,206.07,201.68,198.60,192.63,190.76,186.59,179.39,179.18,172.15,163.48,156.32,149.27,143.45,134.01,118.90,107.02
114.24,125.94,132.23,140.23,149.72,155.66,162.41,174.18,176.85,187.11,196.98,205.18,210.76,219.24,227.23,235.17,238.84,244.81,250.91,255.33,258.41,261.82,263.53,266.58,267.30,266.32,262.29,252.03,246.63,237.14,234.77,229.86,219.21,214.46,210.86,208.47,202.41,198.09,195.69,191.46,188.66,186.12,178.00,174.14,170.34,162.01,157.20,148.39,142.36,125.93,118.38,106.68
113.17,123.00,133.45,139.98,145.61,153.67,160.33,170.21,175.29,181.82,189.11,201.02,209.68,216.46,227.98,236.99,246.34,253.16,260.05,264.70,265.27,271.88,274.87,275.07,275.48,278.21,269.64,260.55,253.29,246.47,238.30,233.26,221.88,218.83,214.67,209.85,201.80,196.42,196.09,193.51,190.96,182.78,180.54,175.21,170.07,161.64,153.94,146.32,138.06,130.38,115.52,106.00
106.02,117.07,124.72,130.14,138.84,146.48,150.24,159.53,164.75,170.56,181.73,188.28,197.00,205.83,216.90,225.89,232.38,239.28,247.02,249.45,253.15,257.62,260.85,261.05,260.54,261.17,258.07,245.49,241.70,234.04,227.09,219.97,213.10,206.46,206.04,198.49,192.35,187.72,186.02,183.58,180.43,176.10,169.92,167.30,161.25,154.03,149.03,140.43,133.15,121.26,112.36,103.12
115.74,127.78,134.06,144.94,148.66,160.06,164.15,173.28,177.49,184.17,190.42,198.66,207.54,216.21,226.46,233.81,242.83,251.38,259.72,265.77,270.42,278.63,281.64,285.38,288.23,287.65,280.64,275.66,268.25,259.88,254.83,245.42,237.01,230.95,226.89,224.64,216.23,214.29,210.07,204.86,202.09,197.13,188.43,186.94,181.24,173.37,165.24,157.10,147.50,136.34,123.23,112.29
112.04,123.98,131.02,139.46,146.58,155.31,160.64,170.39,175.39,182.46,190.92,201.43,210.95,215.52,227.06,236.02,241.92,251.60,257.49,263.10,268.56,269.98,275.39,274.27,275.38,274.99,268.15,259.70,252.72,243.09,238.95,235.76,221.92,217.44,213.00,209.76,202.48,197.74,196.77,192.40,188.45,183.11,179.03,176.82,170.18,160.46,155.71,145.73,139.20,127.48,114.84,103.86
113.16,122.64,132.85,139.09,147.30,155.33,162.29,169.66,174.47,182.44,192.77,201.09,208.93,217.34,227.64,237.54,245.75,251.59,257.49,263.47,266.31,270.84,273.03,274.63,275.75,274.96,267.56,261.08,253.24,247.39,238.76,235.13,223.90,216.16,212.81,207.55,201.56,197.50,195.93,191.31,189.17,184.48,179.04,175.21,168.60,160.16,155.46,145.41,140.04,128.55,116.04,105.60
113.32,125.88,129.87,138.76,149.05,156.06,162.74,175.01,181.20,188.04,200.14,206.34,212.58,216.60,221.35,226.36,231.15,238.30,240.28,244.99,246.50,250.38,253.25,254.95,252.18,254.69,251.75,244.64,238.17,229.00,228.37,223.61,214.39,209.91,203.00,200.36,198.60,195.56,191.03,187.77,183.71,180.88,172.72,170.55,168.12,157.03,153.10,145.09,136.21,125.93,114.76,105.69
104.08,112.58,122.80,130.10,135.36,141.01,145.84,157.00,162.31,168.36,176.08,186.25,194.76,201.11,211.15,220.64,229.98,235.49,241.54,246.55,249.82,252.67,258.37,259.85,260.25,260.00,254.53,246.07,239.07,231.23,225.18,221.05,209.34,204.40,200.93,197.72,191.51,183.29,185.00,182.78,179.41,172.70,168.00,166.93,161.06,150.94,145.07,136.01,131.87,120.00,110.68,98.95
113.36,123.91,130.83,139.98,147.14,153.58,160.64,169.31,172.45,179.23,185.95,194.83,203.60,210.30,220.06,229.80,237.15,246.66,254.75,258.98,264.43,272.59,277.07,281.13,280.58,282.80,275.73,270.97,265.32,257.38,252.21,242.84,233.81,226.74,225.38,221.03,213.38,206.79,206.01,204.08,198.13,195.03,186.45,185.00,179.77,171.64,164.98,154.16,144.50,134.63,122.38,111.31
112.79,122.98,132.97,141.60,145.36,152.90,159.52,169.99,171.97,179.69,183.02,196.99,204.47,209.34,219.16,229.48,239.27,249.55,256.22,259.31,264.00,272.16,276.99,279.32,281.81,284.48,275.83,269.36,263.29,259.08,251.41,241.47,231.69,228.95,226.60,221.17,212.13,206.97,204.96,204.41,200.90,191.64,187.09,187.17,179.97,172.00,162.60,152.88,146.12,135.35,120.88,109.60
114.11,126.14,133.14,140.43,148.68,155.08,161.62,171.83,176.18,182.26,188.68,197.95,205.30,213.43,222.95,231.78,240.63,250.32,258.96,262.95,268.42,274.80,281.15,283.20,283.64,287.02,279.65,271.89,264.95,260.42,253.29,244.18,235.42,231.22,229.14,221.07,213.18,206.87,206.16,205.38,201.64,195.21,189.02,183.24,181.14,172.75,165.03,155.28,146.22,134.63,122.48,109.90
114.54,127.88,132.31,142.37,149.86,158.40,166.24,176.24,180.19,187.84,200.26,207.47,215.39,221.74,228.43,235.42,241.92,248.03,252.36,258.43,262.21,263.55,267.15,269.16,268.02,268.56,261.62,257.61,252.00,243.21,237.95,232.78,224.12,216.39,213.97,210.32,207.29,199.54,198.60,193.98,191.51,188.10,181.73,177.71,175.55,164.77,160.05,149.27,140.72,128.80,118.70,107.87
115.31,125.72,133.96,144.31,149.26,158.37,164.56,173.35,178.83,185.55,192.35,202.63,210.62,215.34,224.27,233.63,244.97,253.58,261.63,266.13,271.27,277.28,285.04,285.78,288.52,289.44,281.60,274.69,268.79,260.28,253.48,247.31,236.60,231.48,229.84,223.09,216.39,209.12,209.35,206.29,200.66,195.73,190.21,188.16,182.22,170.66,165.56,157.00,148.07,136.94,122.12,112.16
115.31,126.09,135.37,144.10,149.26,159.03,165.70,174.45,179.47,184.63,191.46,202.48,211.01,216.78,224.09,235.85,243.91,255.22,262.46,265.38,270.30,278.96,283.23,286.28,288.29,292.14,284.79,273.72,268.88,262.25,253.30,245.01,235.47,232.65,230.41,223.62,215.23,210.34,209.25,205.83,202.92,194.52,191.07,188.74,183.70,173.08,164.75,156.04,146.69,136.47,120.77,112.36
113.36,122.98,130.86,137.54,146.41,152.74,158.62,169.33,174.93,179.40,193.06,201.10,209.80,216.62,226.00,237.49,245.80,252.62,260.89,264.23,269.08,273.03,277.35,275.94,274.80,279.29,275.29,261.28,255.81,250.06,241.81,235.42,226.77,221.18,217.22,210.62,205.85,198.40,198.70,194.25,191.64,187.55,178.83,178.04,171.59,163.96,157.94,148.52,139.99,129.87,118.60,107.65
113.23,124.02,131.75,139.28,146.03,153.38,161.21,170.19,174.14,179.98,190.83,201.42,209.65,217.23,228.04,236.61,244.70,251.92,260.36,264.89,266.60,273.88,277.63,278.95,278.17,278.11,272.07,263.01,256.30,249.88,243.33,235.78,225.40,219.76,216.19,213.32,206.49,200.11,197.40,194.25,192.44,187.30,181.18,178.04,171.23,163.52,157.29,148.95,141.43,129.69,117.72,107.20
105.55,116.36,123.79,130.19,136.62,144.53,149.97,158.94,164.44,171.14,180.49,188.66,197.39,203.93,212.79,219.92,231.10,237.42,245.42,248.09,252.34,254.80,260.43,259.93,259.54,263.32,253.58,244.31,238.40,234.31,226.29,220.97,210.04,207.06,204.47,198.00,191.31,184.74,185.07,183.13,180.23,173.11,170.21,167.34,160.64,152.12,147.57,138.11,131.95,121.34,108.85,99.85
113.84,125.57,133.72,141.77,146.78,157.05,164.00,171.73,176.92,181.66,188.92,198.60,206.65,213.12,223.02,230.60,241.36,252.00,257.96,260.68,267.16,275.05,279.34,282.88,283.75,283.78,279.29,272.41,265.32,260.00,254.34,245.51,234.54,229.37,226.00,222.03,214.89,207.62,206.70,205.01,201.53,195.69,188.45,187.38,181.47,170.95,165.75,156.11,148.38,135.43,121.40,109.88
111.73,122.16,130.98,136.95,143.56,152.76,157.65,168.05,175.00,181.40,187.77,198.16,207.64,215.54,225.40,234.29,243.59,252.35,257.19,262.19,265.20,268.79,274.64,274.64,276.05,276.44,265.19,259.70,252.06,246.83,238.89,235.14,224.24,216.13,213.77,210.77,203.53,195.72,196.92,190.97,189.34,184.39,178.72,176.14,169.37,161.44,155.18,146.51,138.81,128.88,116.10,105.82
109.56,122.20,131.10,137.89,144.93,152.33,159.20,168.93,173.76,181.80,187.64,198.76,208.41,215.93,227.48,236.45,243.89,250.79,258.38,262.57,264.87,269.52,273.15,275.76,275.86,277.68,269.60,260.73,254.03,247.55,239.27,234.10,222.80,220.62,216.67,210.58,203.06,197.01,196.64,192.88,190.39,185.19,179.07,174.43,170.43,161.41,155.29,146.69,137.36,128.32,115.00,104.55
110.49,121.75,129.10,136.01,145.03,150.99,157.43,165.74,169.61,175.86,183.44,192.04,199.25,206.65,216.53,221.90,233.85,242.21,250.41,253.93,258.54,267.23,270.74,273.83,274.88,278.93,270.80,264.22,258.94,251.72,243.66,237.04,227.38,223.38,220.98,217.64,208.83,203.55,202.41,199.75,196.64,191.48,183.07,182.46,176.82,167.04,162.11,152.64,143.59,132.38,120.10,108.27
113.18,124.49,131.04,139.79,147.61,154.15,162.08,168.36,173.00,177.54,186.87,194.59,202.56,211.95,221.14,228.27,240.05,247.97,256.16,260.29,263.34,273.65,276.94,281.51,283.34,284.21,276.35,272.94,265.56,258.54,253.28,246.34,235.48,229.03,227.37,223.73,216.18,211.69,208.83,206.25,201.07,199.90,190.55,188.92,184.29,175.39,168.18,159.66,147.09,136.85,125.57,112.36
109.20,119.85,127.88,136.01,142.06,149.91,156.24,164.56,170.66,176.91,182.06,190.97,198.09,204.78,213.94,221.25,233.17,242.17,247.63,252.05,258.99,268.02,269.65,272.42,275.00,276.02,269.41,265.07,256.19,250.01,244.98,238.16,229.30,221.38,220.23,215.75,208.85,202.18,202.27,197.77,193.19,188.29,182.50,181.66,175.64,168.07,158.62,150.99,141.65,132.02,118.36,107.56
115.26,127.82,133.96,143.41,150.55,160.11,165.25,174.77,177.79,183.88,193.02,200.57,210.02,217.35,228.25,236.41,245.55,255.99,262.65,268.34,272.12,281.22,285.83,288.02,290.00,293.63,284.75,278.22,271.36,263.55,258.70,250.00,239.08,234.68,233.11,225.83,219.24,212.43,212.46,209.35,204.41,198.67,191.86,190.54,183.61,175.48,168.34,158.15,148.17,137.48,125.10,112.58
113.00,126.25,134.63,142.05,147.22,155.62,162.11,173.44,178.90,183.41,190.28,200.94,207.07,214.44,222.75,233.66,244.36,253.28,260.72,264.78,270.44,278.65,283.19,286.04,287.34,292.72,283.66,277.62,269.61,263.49,257.12,248.65,238.95,232.72,231.70,226.56,217.83,210.04,210.49,210.04,205.20,198.31,192.85,189.91,184.81,173.90,166.98,158.05,149.26,139.06,123.98,111.80
114.84,126.19,134.08,142.52,149.79,159.83,165.11,177.23,179.77,186.85,198.91,206.71,215.33,222.79,230.82,235.93,241.01,248.36,251.45,258.01,260.57,264.49,265.37,264.94,266.61,269.23,261.01,255.15,250.91,242.33,238.25,232.81,224.15,217.26,215.06,209.34,207.06,199.61,201.00,193.79,192.30,188.85,179.61,179.51,172.97,166.09,160.80,148.84,140.58,130.31,120.21,108.81
115.02,126.29,135.25,143.45,151.79,160.08,165.17,177.50,181.97,188.45,200.25,209.68,216.60,222.20,230.26,236.55,241.01,247.92,252.69,259.62,260.91,264.83,266.91,270.15,268.11,269.79,263.19,257.00,249.65,241.02,239.94,233.08,223.44,215.03,214.16,210.64,207.62,202.32,200.96,196.31,193.19,189.41,180.89,181.07,172.90,166.15,160.85,150.76,142.84,132.59,121.02,109.49
114.86,124.20,131.59,139.79,148.40,153.79,162.01,170.99,179.64,189.07,202.76,207.20,208.90,214.01,219.51,226.00,231.54,238.40,242.66,245.23,246.11,250.06,255.15,252.91,253.43,254.57,249.72,244.13,236.54,229.14,227.00,222.39,215.37,209.91,205.46,201.36,199.97,194.33,192.35,186.36,183.70,182.17,174.05,173.30,168.00,157.81,156.00,145.46,138.68,126.40,115.26,104.81
114.77,123.04,133.33,139.18,148.19,154.81,162.41,172.01,179.95,189.64,202.11,208.27,208.48,211.43,220.48,223.76,233.21,238.91,243.17,245.33,247.95,251.56,253.65,254.45,255.50,255.89,249.78,242.44,238.30,230.52,225.85,223.49,213.38,211.77,206.02,200.77,198.96,195.06,193.01,185.35,185.56,180.69,175.86,176.82,169.32,160.70,154.16,144.22,136.68,126.21,114.61,104.69
114.59,123.32,133.81,139.03,148.52,155.96,160.25,170.55,178.53,188.17,201.56,208.06,206.74,211.61,218.13,224.14,233.08,237.92,242.67,244.39,247.13,248.29,255.33,252.83,254.29,256.22,250.58,240.10,236.62,231.31,223.91,220.08,212.00,210.30,205.93,202.00,198.30,193.09,190.69,190.19,186.32,180.49,175.79,174.77,168.75,159.25,155.21,143.53,137.88,125.26,112.73,103.48
107.30,115.88,125.00,129.03,139.61,147.46,152.03,160.56,167.20,177.05,188.53,193.84,194.03,198.31,205.20,210.05,217.33,223.39,227.80,231.46,231.51,234.80,237.59,237.92,238.38,240.86,236.21,224.18,222.01,216.57,212.12,209.61,198.49,199.01,192.01,188.43,187.30,182.63,181.18,175.33,173.83,169.61,165.08,162.03,157.49,150.00,145.21,137.18,128.95,117.39,107.34,98.05
114.84,128.06,133.45,141.89,151.48,158.23,163.89,170.79,175.07,182.56,188.61,196.43,204.59,211.85,221.62,229.72,241.21,247.31,256.68,260.36,265.68,274.36,278.69,281.51,284.19,283.11,274.85,270.38,264.37,257.93,250.94,241.36,229.61,227.32,224.56,220.48,214.59,208.57,205.91,205.97,202.39,197.09,189.81,187.10,180.16,171.55,166.52,156.73,149.38,135.82,121.81,111.80
113.99,125.32,134.50,142.67,148.49,157.42,161.11,171.90,176.05,181.16,185.16,198.06,206.18,209.61,220.00,227.71,238.10,248.91,256.28,262.49,266.58,272.26,276.15,279.40,280.86,285.97,276.52,268.84,264.44,256.02,249.19,240.53,228.97,228.32,224.96,219.57,212.60,208.49,205.34,204.90,201.60,195.54,191.06,186.19,182.17,173.05,163.05,155.39,147.26,136.75,121.82,110.05
114.63,125.10,133.24,141.82,148.12,155.77,161.15,172.20,177.63,182.46,188.04,199.55,206.94,211.23,220.11,227.01,240.13,248.56,256.60,265.11,268.78,272.75,277.89,280.89,284.19,285.45,277.97,270.96,266.85,257.13,250.38,243.90,232.14,228.04,225.44,221.62,216.06,210.11,209.77,203.97,202.20,196.12,190.08,187.02,182.32,173.00,165.72,158.22,149.84,137.24,121.20,110.69
110.35,122.80,130.61,137.24,143.60,152.07,158.47,165.47,171.28,175.41,182.01,192.31,201.54,205.73,214.71,222.10,232.55,240.43,250.89,256.97,263.40,267.60,271.58,274.24,278.09,277.46,274.37,268.88,261.84,254.50,245.20,240.29,228.47,225.43,225.01,217.31,212.56,208.66,206.93,201.43,199.42,193.83,188.50,184.40,180.61,171.81,165.22,155.05,147.46,135.72,120.33,109.04
109.40,121.59,124.54,133.36,142.24,149.24,156.67,164.68,169.61,176.69,184.72,191.17,201.47,209.44,221.61,227.26,236.76,243.68,252.80,260.71,264.09,267.17,271.15,271.90,273.27,273.40,261.31,257.42,252.62,241.63,237.68,231.42,220.00,217.46,213.93,208.00,204.80,196.88,197.29,190.08,189.49,186.17,179.00,176.41,171.19,162.63,156.71,147.73,137.44,128.69,114.00,105.11
113.14,123.17,132.09,137.93,146.60,153.94,161.30,170.18,176.24,183.36,193.49,201.43,210.54,215.06,223.93,228.01,235.91,240.64,245.05,253.65,258.65,262.15,263.25,262.09,264.07,265.84,259.62,250.39,246.45,239.13,235.91,230.53,218.19,216.59,211.42,207.59,205.08,200.08,196.94,192.21,189.76,184.72,181.81,178.10,171.42,166.93,159.11,147.60,143.35,123.79,124.56,107.07
112.04,125.57,132.24,139.65,147.92,154.74,162.36,173.05,177.99,184.72,195.06,204.96,212.05,216.21,222.45,229.01,238.00,241.87,245.11,253.55,258.07,261.64,263.06,265.56,265.38,265.77,258.50,252.11,245.02,240.52,238.54,233.03,218.83,215.14,211.12,207.19,205.83,198.08,197.57,193.94,190.07,186.02,180.50,179.01,172.79,163.34,158.82,148.86,143.34,129.80,118.15,105.32
104.04,116.39,125.10,132.77,140.00,146.51,150.88,162.60,168.02,174.05,180.28,192.41,199.45,202.31,210.74,216.71,222.04,227.38,230.41,237.70,241.01,244.39,247.13,246.08,247.68,248.09,244.13,232.13,230.49,224.24,220.17,213.71,203.19,202.89,196.16,192.35,190.26,185.07,183.41,177.49,176.14,168.58,169.92,164.60,161.97,152.96,147.22,136.00,132.00,122.30,108.25,97.05
106.00,114.77,123.79,131.93,137.71,144.10,152.05,162.78,166.43,173.57,183.17,192.63,198.25,202.71,209.80,214.68,221.20,225.80,230.99,236.97,241.03,244.28,245.02,245.60,247.13,248.60,242.17,234.44,228.90,224.85,219.00,212.55,202.80,200.96,196.37,189.91,189.53,182.12,181.25,179.75,175.93,170.91,167.76,165.16,160.56,150.63,148.27,137.06,132.52,120.42,108.17,96.80
109.93,123.00,130.31,135.53,142.87,148.66,156.20,165.68,171.09,177.72,185.95,197.74,206.07,214.65,222.17,229.72,236.29,240.88,245.00,249.51,252.26,252.70,256.01,255.28,253.81,259.01,252.20,239.28,236.86,229.96,224.51,219.74,209.75,208.74,202.77,198.58,191.61,188.43,189.55,183.41,181.41,173.83,175.05,168.12,164.64,155.54,149.47,140.72,133.82,123.26,110.72,100.77
90.80,101.53,107.91,114.91,118.07,128.41,133.14,137.19,131.94,137.93,135.21,133.36,130.30,127.02,125.93,124.04,126.59,129.99,135.37,138.29,147.14,151.82,161.64,163.78,166.23,178.90,184.88,185.15,189.45,194.43,194.86,202.23,217.39,205.38,179.72,164.21,153.00,139.81,135.25,126.04,119.52,109.20,100.90,98.06,92.36,87.30,80.78,73.82,68.18,63.81,58.69,56.75
109.66,123.23,130.70,139.18,143.78,151.74,157.33,167.71,171.97,179.98,187.04,196.70,205.88,213.22,224.32,233.14,243.39,249.11,257.19,259.60,265.18,268.63,273.25,274.20,275.41,277.28,269.00,260.73,254.02,245.35,239.47,233.08,219.74,219.17,214.89,210.79,203.63,196.70,197.34,192.50,191.65,184.88,181.74,178.19,171.75,162.61,157.92,147.51,142.89,129.81,117.35,107.02
111.40,122.33,127.61,137.18,145.17,151.40,158.40,167.30,171.61,177.18,186.68,195.06,205.01,211.48,222.65,231.14,240.78,247.34,255.50,262.21,264.02,267.84,271.32,274.12,274.43,274.52,268.07,257.26,251.81,243.25,238.48,233.63,218.96,218.25,214.16,207.06,204.00,199.53,197.19,192.52,190.00,183.98,179.55,178.73,171.33,163.45,157.97,149.00,140.13,128.97,116.40,106.61
111.63,124.54,131.61,140.19,144.18,153.83,157.33,168.01,172.57,178.26,184.01,193.58,202.48,206.79,219.34,225.72,235.59,244.66,252.44,257.78,266.23,270.07,276.34,276.21,280.86,282.45,276.24,269.45,265.24,256.03,252.00,243.03,230.85,227.73,226.10,219.48,214.28,206.90,204.86,203.34,200.41,194.74,188.40,185.53,181.30,169.53,165.53,154.57,147.96,135.96,120.93,110.57
111.65,123.17,130.12,137.74,145.69,153.84,160.64,167.31,171.33,176.95,185.00,192.02,200.41,209.95,217.87,225.44,235.77,244.75,252.44,258.80,266.83,271.27,272.62,277.91,280.71,280.88,276.52,268.79,265.98,253.62,250.45,243.77,232.76,226.34,224.47,219.24,215.87,210.06,207.42,202.43,198.76,195.58,186.90,183.53,179.08,173.48,165.68,156.21,146.28,136.01,121.38,111.14
114.53,127.01,135.15,144.06,151.09,157.47,164.88,176.14,180.42,189.69,199.22,209.46,215.33,218.69,226.32,231.37,241.17,244.25,250.71,253.99,259.01,261.01,266.43,265.87,265.32,266.37,261.47,251.18,246.79,240.96,233.39,230.01,219.80,218.63,213.06,206.83,202.12,195.78,195.44,194.92,191.46,185.52,182.79,179.61,172.54,164.40,159.09,148.12,143.00,131.19,116.83,105.77
114.74,125.90,134.73,143.21,147.76,155.86,161.70,171.68,176.87,182.99,186.55,196.79,207.95,211.44,220.93,228.97,238.05,249.99,255.99,263.61,268.82,274.00,278.00,281.60,283.95,287.78,277.84,270.56,267.68,257.77,252.03,244.72,232.64,230.34,225.80,220.00,215.80,210.10,207.24,203.19,200.34,194.02,190.80,186.94,181.76,173.22,163.44,155.62,148.27,137.38,120.22,110.22
115.02,124.39,134.35,141.44,148.66,157.09,163.98,172.93,176.26,182.22,189.03,198.98,206.25,214.13,223.89,231.62,240.84,250.15,259.49,262.71,269.00,274.64,280.17,283.83,285.03,288.21,279.25,272.01,266.36,258.64,252.13,243.74,233.24,230.63,229.89,222.80,214.89,208.06,209.30,206.63,203.59,197.20,188.51,187.27,183.36,174.69,165.03,157.00,146.70,137.06,124.20,113.23
114.21,126.56,133.00,143.00,148.34,156.20,163.98,171.59,177.41,184.10,190.83,198.35,205.94,212.24,223.37,230.64,240.42,250.78,257.00,262.84,269.56,274.47,281.94,280.28,284.60,288.51,279.66,272.66,267.59,258.80,249.20,244.75,233.38,229.87,229.94,222.28,215.24,208.00,206.73,205.64,202.31,196.41,189.64,186.27,182.83,173.05,164.92,156.16,148.66,136.61,123.42,112.97
113.23,125.48,132.42,139.39,148.65,155.32,162.02,173.22,177.09,186.17,196.09,203.38,210.30,218.07,223.43,232.82,239.27,242.50,250.46,255.44,259.67,261.66,264.89,266.72,265.70,263.91,259.35,251.03,248.94,239.91,236.14,231.77,220.66,214.67,211.45,208.15,205.00,199.49,198.92,191.70,192.44,185.41,181.22,176.92,171.73,163.86,159.84,149.35,139.59,134.38,116.81,105.00
114.87,124.60,133.38,141.36,147.80,153.87,162.24,174.45,177.43,185.00,195.06,205.39,212.17,216.91,224.44,231.23,238.40,240.68,250.40,255.86,258.79,261.34,262.68,265.06,263.05,268.41,261.09,248.85,248.45,238.65,233.48,230.29,220.15,217.86,213.60,208.70,203.79,200.56,197.99,192.75,192.10,184.46,181.73,177.00,173.61,166.64,160.33,149.01,142.44,130.48,115.84,105.57
105.12,113.95,120.42,127.86,135.09,142.44,148.76,155.59,160.11,167.36,176.92,184.02,193.60,200.45,208.75,219.24,226.63,232.02,239.35,247.12,250.05,255.03,256.33,259.20,262.15,258.91,251.15,244.75,240.01,230.59,225.84,222.10,210.24,209.03,202.71,196.46,194.44,189.97,187.61,181.46,178.68,176.18,170.06,168.08,160.96,153.83,149.40,141.17,133.00,122.53,110.17,99.98
114.16,126.06,135.15,139.39,151.16,157.11,164.76,176.71,182.86,188.30,200.52,207.51,212.95,216.34,222.28,224.86,230.08,234.85,239.63,244.07,248.13,250.24,252.20,255.45,255.83,254.62,249.82,239.93,238.19,229.79,226.97,223.58,212.25,210.24,203.67,198.30,198.60,193.04,192.90,184.17,184.20,180.16,175.07,173.64,167.11,158.60,152.97,146.29,137.32,122.78,113.00,104.10
104.69,116.00,122.77,128.69,136.89,144.35,149.89,159.39,163.42,171.81,178.63,185.56,196.90,203.69,215.23,222.25,229.98,235.31,241.75,249.66,251.88,255.18,257.99,258.15,260.92,260.69,251.11,243.94,241.08,229.49,225.33,221.35,206.58,206.24,202.77,197.77,193.22,186.34,187.10,180.36,179.72,174.14,168.66,165.25,158.81,153.60,149.45,140.60,132.83,121.17,111.02,100.50
105.12,117.18,123.26,129.29,136.08,142.14,148.12,159.31,163.51,170.29,176.58,187.64,194.14,201.43,211.98,219.49,227.79,234.34,241.13,248.17,253.92,253.43,255.16,256.40,258.03,258.43,249.66,241.30,238.65,230.23,226.17,219.78,205.77,203.86,201.47,194.37,192.38,187.88,185.08,179.63,178.06,172.89,168.86,166.36,159.40,152.04,146.86,138.25,132.19,121.76,108.41,98.47
115.55,126.73,135.83,146.32,149.75,158.03,166.48,177.73,182.18,192.11,198.09,208.74,217.49,220.78,229.34,234.83,240.17,246.01,251.15,257.28,260.28,263.50,267.40,266.60,266.83,269.14,260.52,250.99,248.21,239.18,235.10,229.00,217.86,216.61,214.45,209.86,203.38,194.79,196.70,192.00,191.94,184.36,180.02,177.49,172.63,163.11,158.15,147.22,141.89,131.23,117.92,107.22
113.99,125.22,134.36,144.00,150.62,158.53,166.02,176.82,180.50,188.10,199.86,206.82,214.72,220.73,228.04,234.09,239.77,244.18,249.99,255.77,256.78,260.43,262.61,262.96,263.03,266.27,257.12,248.28,243.82,236.55,230.56,225.75,218.19,212.41,209.47,205.06,203.09,195.43,195.27,191.11,188.04,182.56,175.05,174.35,170.84,161.98,155.27,146.12,138.05,127.32,116.21,106.90
114.97,126.67,135.37,144.06,151.74,157.58,165.22,177.59,181.73,189.31,198.86,209.38,215.14,218.63,227.61,232.60,238.25,243.81,249.13,256.33,259.11,259.74,264.07,262.61,263.64,267.75,259.56,245.39,245.20,237.74,232.18,224.35,216.90,214.58,211.44,205.12,201.53,194.26,194.36,190.55,189.91,180.41,178.46,177.39,171.06,162.29,155.24,145.40,139.29,129.76,113.99,104.40
110.06,121.26,128.88,137.03,143.68,150.34,156.60,168.11,170.51,178.34,188.04,196.51,207.15,211.40,222.75,231.02,242.30,249.58,253.95,259.65,263.06,265.96,274.36,271.97,273.21,273.31,264.98,257.38,251.75,243.59,234.29,231.24,217.28,216.97,211.68,207.28,200.00,193.55,192.00,191.21,188.53,181.76,178.37,173.95,169.00,159.78,154.87,144.93,139.17,127.10,114.74,105.89
104.62,113.99,120.54,127.66,135.57,140.76,148.49,155.29,160.64,165.56,174.94,183.00,191.06,197.71,210.74,216.91,224.15,230.52,235.68,244.03,247.16,249.13,251.81,253.51,256.16,254.03,244.52,238.44,235.19,223.89,219.15,216.91,203.08,201.38,195.90,190.55,189.89,184.69,183.73,177.53,175.07,170.84,165.92,164.15,157.54,150.57,146.15,138.29,128.79,120.95,106.40,99.04
114.98,126.25,134.71,144.09,149.86,156.18,165.48,177.25,179.94,189.07,199.12,208.89,215.81,220.04,226.92,233.48,239.41,243.53,250.14,256.70,261.07,262.24,264.09,267.53,266.58,268.89,262.69,250.46,246.47,239.76,233.85,231.20,218.44,216.33,213.30,209.32,201.69,199.55,194.93,192.50,191.04,184.55,182.43,179.72,173.35,164.48,159.01,148.68,141.24,128.75,115.02,105.30
115.32,126.44,135.51,143.59,151.24,156.73,164.37,176.60,179.77,190.71,198.01,208.87,216.48,219.28,227.92,234.09,239.03,243.30,251.25,255.27,259.89,263.12,265.20,266.10,265.19,269.01,262.80,250.45,248.49,241.00,233.50,228.82,219.32,217.56,214.19,209.12,203.15,198.46,196.45,193.37,191.37,184.23,181.71,178.97,171.92,164.08,158.86,147.85,143.63,129.71,117.24,105.72
103.08,113.28,122.25,127.56,132.08,140.94,144.09,154.03,159.01,166.43,170.75,183.64,189.53,195.29,206.63,216.02,224.44,230.31,236.46,243.21,246.27,248.48,252.93,253.60,253.79,257.15,248.05,236.81,232.33,226.49,221.06,216.33,204.36,203.54,199.48,194.74,188.73,183.86,182.01,179.23,177.10,171.33,166.82,166.11,158.15,149.89,145.66,136.50,130.17,120.42,107.70,97.35
107.08,117.60,124.04,130.97,138.92,145.36,152.74,158.40,164.94,170.47,179.77,187.88,198.09,202.61,215.23,222.95,228.28,235.33,241.05,249.73,252.62,254.95,256.10,259.09,261.09,259.33,251.51,243.73,239.79,229.87,226.13,220.10,209.27,205.64,199.25,194.26,192.34,188.16,186.68,178.47,177.34,175.23,168.66,165.89,159.62,152.55,146.74,138.68,132.80,120.50,109.29,98.84
106.55,118.83,125.69,131.40,139.52,145.56,153.18,161.22,165.92,172.84,180.45,189.74,200.25,204.22,214.67,223.79,232.67,238.47,244.24,252.52,254.56,257.19,260.65,261.09,262.88,263.37,255.64,244.01,240.71,234.92,228.67,221.39,209.48,210.19,204.45,200.19,193.08,187.45,187.22,182.80,181.21,175.48,172.42,169.25,162.41,154.77,149.78,140.43,134.97,123.85,109.77,100.32
106.23,117.02,126.32,132.94,138.71,145.50,150.15,161.60,166.09,173.49,180.03,189.53,199.62,203.48,215.67,224.14,232.17,237.92,244.52,252.37,254.34,257.86,261.09,260.66,261.60,263.60,258.38,243.51,241.15,234.36,224.20,222.04,210.20,208.20,204.60,199.85,194.31,189.84,187.41,183.22,179.42,175.64,172.70,169.68,162.66,155.19,149.28,139.29,133.54,124.92,110.11,99.32
114.56,126.89,136.00,141.23,149.27,157.00,162.12,173.18,177.07,182.99,193.79,203.81,211.55,217.02,229.93,238.32,247.54,253.24,262.43,267.64,271.54,275.22,278.84,278.54,279.09,281.54,272.68,262.74,255.62,249.20,240.88,239.71,225.58,221.55,219.26,214.24,207.23,201.97,200.26,195.50,192.07,188.16,184.25,181.32,173.69,166.21,158.81,149.51,144.31,132.85,117.34,108.23
110.11,120.33,130.54,137.20,143.68,149.62,156.20,166.90,171.81,178.23,187.21,195.78,205.77,211.95,223.91,232.85,238.80,244.97,253.90,258.50,263.52,267.69,271.83,270.83,270.84,272.86,264.37,255.37,250.45,242.00,233.55,230.17,220.10,217.26,216.33,207.87,201.36,196.31,196.47,192.37,187.98,182.99,179.51,175.05,169.66,159.22,156.40,146.56,138.92,129.25,114.98,102.88
114.02,122.38,131.02,141.03,146.37,154.55,161.01,169.78,173.40,179.75,183.20,195.82,203.21,209.31,216.82,227.48,238.66,246.35,255.44,258.81,263.41,272.13,275.08,279.03,282.85,284.30,274.93,269.77,262.91,257.17,251.45,242.84,233.98,228.72,227.78,223.13,215.52,208.93,207.20,207.28,204.42,196.81,191.32,188.04,183.73,172.26,166.72,157.99,149.38,138.41,123.00,112.59
115.52,127.77,136.30,146.25,151.95,159.86,166.36,177.63,181.07,192.00,199.40,210.44,216.59,220.97,228.35,237.59,241.75,249.35,254.00,257.42,262.50,266.84,267.54,268.08,268.84,264.62,261.94,253.71,253.22,241.07,235.37,233.07,222.80,218.33,214.16,209.29,207.28,200.57,199.06,195.42,193.55,186.13,181.28,180.94,174.15,166.69,159.70,152.05,145.52,132.59,118.70,110.72
116.62,128.06,135.07,143.06,151.16,159.80,167.29,177.55,181.97,189.42,201.20,209.68,215.20,221.40,230.34,234.69,240.26,244.63,252.87,258.79,261.93,265.02,265.01,267.07,266.90,265.83,260.23,253.30,249.93,241.17,235.77,233.75,222.46,215.78,213.43,207.94,207.06,200.82,200.06,194.16,190.60,188.22,180.85,180.68,174.55,167.04,161.45,150.81,143.60,131.53,117.48,108.41
116.47,128.27,135.33,144.01,152.07,159.21,167.19,178.85,182.58,190.26,200.00,211.00,215.71,221.88,228.83,236.02,240.20,243.48,251.35,259.27,265.63,265.68,266.18,270.80,270.05,267.85,260.41,254.14,248.96,241.57,240.01,235.30,222.00,218.05,213.41,209.54,207.47,203.35,200.32,195.48,191.13,189.71,182.70,179.60,175.15,165.17,162.41,151.49,144.51,132.52,119.44,109.42
114.59,124.78,134.08,142.34,148.68,158.38,164.45,172.93,177.89,183.70,189.39,200.26,208.15,214.52,223.62,231.62,241.90,249.06,259.02,264.05,269.43,277.41,281.60,283.98,287.17,289.17,281.44,277.08,268.57,261.43,254.89,247.55,238.21,233.57,230.90,226.15,218.36,211.81,212.06,209.10,205.25,200.25,193.42,190.78,185.78,176.80,170.84,159.52,151.34,138.06,122.41,112.36
110.89,122.80,128.89,137.71,145.42,151.24,157.92,164.83,172.15,177.03,184.68,190.79,199.54,207.35,218.22,230.51,236.80,247.32,256.53,264.46,269.55,275.02,277.33,281.81,284.86,286.40,281.02,271.12,265.71,255.77,249.39,240.67,229.40,224.18,221.33,214.11,210.11,204.47,202.53,197.50,193.71,189.91,182.54,178.84,175.35,165.76,161.47,149.35,142.87,130.92,119.71,109.55
112.61,123.81,132.70,138.18,146.33,153.67,160.61,167.15,174.56,179.84,186.82,195.48,202.00,210.61,222.85,231.01,243.58,251.03,261.59,263.49,271.50,279.16,284.29,287.11,287.03,289.25,282.29,274.96,266.60,259.62,248.93,242.84,232.22,228.06,225.89,217.86,209.51,203.25,203.01,201.06,197.71,188.96,184.76,182.24,175.35,167.26,161.28,151.33,143.56,132.23,121.66,109.04
112.36,123.49,134.27,139.81,144.56,154.21,159.36,167.76,175.32,180.85,185.97,196.09,204.80,210.95,223.39,232.22,242.74,252.84,262.00,265.00,272.80,279.43,282.80,286.28,288.76,289.53,283.06,274.76,268.70,259.65,250.28,243.46,233.23,228.40,224.74,217.42,211.02,204.35,203.84,200.19,198.24,188.88,185.99,181.87,175.51,168.00,162.61,151.71,145.34,134.62,119.27,109.81
108.08,116.16,124.33,131.03,139.30,145.84,154.63,160.61,165.85,169.03,169.61,180.85,188.73,195.69,204.13,210.77,221.22,228.82,231.01,240.71,245.16,252.05,256.91,262.35,266.61,267.03,265.41,262.43,258.02,254.66,250.91,242.51,236.32,229.73,227.37,221.08,215.60,211.52,209.40,204.25,200.00,195.92,188.86,188.43,180.04,171.54,166.19,156.87,145.34,137.32,122.29,110.35
113.46,124.81,134.41,142.01,147.68,155.90,160.56,169.71,174.83,181.47,187.45,196.95,204.28,212.00,223.76,233.31,242.12,253.19,261.24,268.46,273.48,279.78,283.72,285.95,290.02,290.84,283.62,276.02,266.66,258.49,251.24,243.76,232.55,227.25,222.17,216.91,209.29,204.40,202.24,198.31,196.60,189.08,183.98,182.13,175.96,167.60,162.25,150.37,145.34,133.76,120.00,110.94
107.20,117.99,126.40,133.15,137.77,146.12,153.39,161.03,165.41,170.94,176.71,183.99,191.66,200.64,211.37,220.74,230.98,239.83,246.66,253.30,256.73,261.84,268.47,270.42,273.15,272.68,265.34,260.77,252.29,243.76,238.54,230.60,219.91,214.76,210.49,204.45,197.73,192.63,191.21,187.83,185.35,179.49,173.57,170.58,165.71,156.78,152.90,143.95,135.91,125.60,112.79,104.39
110.57,123.84,127.81,138.00,144.90,152.90,158.69,165.87,172.41,176.14,183.96,193.02,200.57,208.63,217.34,225.85,234.69,243.76,252.94,258.47,262.32,272.16,274.43,282.12,281.97,284.19,277.74,270.84,264.36,256.91,252.14,244.77,233.53,226.45,225.00,220.49,213.38,207.39,206.20,201.56,198.71,194.08,186.04,183.22,179.30,171.03,163.11,154.01,144.92,133.14,121.25,109.66
102.46,117.00,125.26,135.20,142.89,151.12,154.24,168.43,169.26,179.43,185.97,194.40,199.21,199.33,206.01,206.55,212.60,216.82,218.91,217.22,221.37,221.02,219.32,215.78,204.71,200.38,185.92,173.61,166.21,153.73,147.22,136.78,126.53,128.69,124.46,127.63,132.80,130.39,128.08,130.91,125.69,124.74,117.29,116.47,112.54,106.02,100.32,94.30,88.24,79.25,75.01,67.27
111.50,122.04,128.55,134.95,143.56,152.74,157.00,162.78,168.60,173.95,182.91,189.93,200.66,206.31,220.68,229.05,237.01,245.20,254.13,263.03,267.54,273.99,277.02,281.43,283.43,284.25,277.04,270.15,264.92,253.57,249.28,241.83,229.24,224.74,219.16,213.84,208.03,202.62,199.62,194.61,191.64,187.42,178.54,177.00,172.47,163.22,158.01,148.33,139.81,129.54,118.46,107.35
106.02,114.98,120.50,129.28,137.21,143.66,149.46,156.11,161.20,164.30,172.20,180.11,187.54,196.16,207.12,216.36,225.06,232.23,240.48,248.20,253.07,257.77,264.61,269.33,267.88,269.67,260.60,257.38,247.89,240.16,233.77,228.18,217.20,211.57,206.24,201.85,198.16,190.52,188.31,183.87,181.11,177.49,168.01,168.12,161.62,155.42,150.66,141.60,133.42,121.92,113.18,102.26
109.22,116.28,130.30,135.37,146.99,150.53,160.31,168.67,171.01,182.82,195.03,198.91,205.06,209.75,215.67,216.91,221.00,224.97,227.69,230.82,237.69,241.23,241.57,243.81,242.60,248.09,244.18,232.57,227.11,221.08,215.37,210.98,205.65,202.03,195.04,191.97,190.06,185.35,183.96,177.34,177.07,173.49,167.39,164.76,160.18,150.21,145.96,139.01,130.63,120.78,111.54,101.52
107.63,119.51,125.48,131.94,140.90,148.53,154.31,161.05,165.50,170.08,179.23,183.88,193.55,200.81,212.08,220.86,229.08,236.02,246.89,252.62,257.26,262.76,265.01,268.50,269.70,269.31,261.73,256.98,250.23,242.00,232.49,228.72,216.00,211.21,206.21,201.16,195.87,191.27,188.32,181.82,180.28,176.28,167.89,167.24,160.37,155.71,149.86,140.36,131.94,120.95,111.40,101.83
109.25,117.92,126.92,133.84,140.00,147.63,150.88,162.05,166.21,172.31,179.34,186.60,195.78,199.91,210.05,222.41,229.44,238.21,247.32,251.70,256.85,262.06,266.09,268.51,268.21,272.84,265.07,254.61,248.60,243.56,232.00,229.14,215.68,212.73,208.39,202.42,193.87,189.50,189.21,181.42,182.33,177.34,169.65,167.82,162.74,154.35,149.91,140.63,133.03,123.13,111.73,101.77
115.35,126.49,133.54,143.03,150.81,158.53,165.06,175.45,181.71,188.22,200.25,208.21,214.97,222.58,229.58,235.60,240.24,244.63,251.05,258.05,259.54,263.41,263.49,267.24,264.66,266.26,259.02,253.44,246.01,238.30,232.42,228.84,221.37,214.45,208.89,208.37,203.30,198.31,195.30,192.09,188.96,184.57,178.37,177.69,171.33,164.00,158.81,148.56,140.01,130.59,117.35,107.21
115.26,127.06,135.07,144.07,150.63,158.67,166.03,176.26,181.32,190.03,198.29,206.65,216.32,220.98,229.90,236.17,238.50,246.10,250.64,259.02,261.30,262.98,263.47,266.15,265.75,267.37,259.52,250.48,247.50,236.43,231.62,231.49,220.49,216.01,212.55,207.46,202.94,198.41,196.86,190.87,189.77,183.86,178.93,177.12,173.00,164.76,159.62,149.62,139.23,129.08,116.69,106.23
115.60,127.61,134.84,143.13,151.49,158.40,165.19,175.41,180.56,187.76,197.59,208.40,216.67,220.06,228.11,234.34,240.60,245.52,249.82,256.63,259.42,261.08,261.28,265.48,266.05,266.01,260.66,250.20,247.16,236.70,234.07,228.87,217.89,213.36,205.78,203.12,202.20,198.12,196.09,190.07,188.44,182.46,178.14,176.08,169.50,163.08,156.26,148.49,139.62,128.71,115.12,104.56
113.09,126.06,134.97,143.84,148.41,159.09,163.93,175.31,176.92,186.82,194.24,204.80,213.38,219.27,226.00,233.14,239.14,245.60,249.18,255.00,258.38,261.59,266.01,264.47,267.22,266.48,260.66,250.17,246.90,239.27,233.39,227.18,217.00,215.80,212.93,205.28,200.12,197.00,195.35,192.01,192.80,185.80,180.68,179.01,171.03,164.13,159.36,148.95,141.21,130.00,115.77,105.12
114.16,126.21,134.54,144.25,148.07,156.32,163.27,174.03,178.27,187.45,194.59,204.66,213.04,217.49,225.73,231.37,237.19,244.29,250.20,253.62,258.31,261.23,263.50,262.15,267.23,265.73,257.73,249.35,246.90,238.65,230.89,227.00,215.59,214.87,212.85,207.42,199.70,194.03,192.60,193.13,190.21,183.70,178.37,176.64,171.47,162.27,158.22,148.06,142.23,129.28,115.66,106.02
115.42,127.95,133.88,143.68,150.62,157.49,164.47,177.07,180.28,188.00,197.25,206.93,214.19,219.27,229.17,234.72,241.87,247.21,254.01,260.03,261.58,262.49,267.82,268.33,268.90,274.40,265.17,251.18,247.70,241.03,234.83,231.77,221.03,218.45,215.03,211.38,205.14,198.46,197.80,196.04,192.21,186.55,184.29,180.00,174.55,167.32,161.14,151.09,143.89,131.22,117.72,109.17
115.75,126.40,135.92,144.39,150.73,157.81,163.62,175.73,180.14,188.85,195.56,205.65,214.11,218.84,228.81,234.83,243.18,246.25,254.44,258.13,263.13,262.49,267.12,267.91,268.08,273.70,264.12,251.02,249.10,240.50,234.76,230.50,220.08,219.54,216.02,208.87,205.52,199.25,198.12,196.79,192.77,186.01,183.04,180.27,174.95,166.97,158.81,150.60,144.20,133.03,118.60,106.83
114.34,127.47,134.01,145.46,150.43,158.60,164.47,175.96,179.47,188.35,197.09,206.70,214.90,218.49,227.38,234.14,241.63,245.62,254.91,259.05,260.44,264.00,266.56,269.28,268.70,272.01,263.05,251.27,248.29,240.57,233.09,230.57,219.10,218.69,214.01,210.24,204.63,197.73,197.14,197.09,192.80,186.32,183.17,179.45,174.65,166.15,160.08,149.49,143.22,132.19,118.46,107.20
111.63,120.74,130.86,138.28,146.51,151.61,160.53,170.04,174.27,181.60,191.11,200.96,209.12,210.45,220.93,225.57,233.91,236.52,244.61,249.88,252.68,255.20,259.49,257.72,257.16,261.52,255.27,244.02,239.63,233.21,227.01,223.89,213.01,212.08,207.52,205.08,199.60,193.55,192.01,192.17,187.17,180.38,178.37,175.86,170.03,161.38,157.21,146.74,140.91,130.05,116.50,104.81
110.46,121.08,132.03,140.09,146.16,152.63,159.40,171.07,175.00,182.04,189.62,201.76,209.00,212.19,220.60,226.32,232.96,237.02,244.13,246.92,251.08,255.54,258.95,259.54,257.74,261.22,254.64,245.47,238.88,233.56,226.74,223.49,212.96,211.85,206.48,205.43,197.67,192.07,191.76,191.05,188.09,183.70,176.82,173.07,171.03,162.11,155.68,145.38,139.64,128.13,115.11,106.63
112.51,122.61,129.97,139.06,145.96,153.91,160.61,170.24,174.98,181.18,193.05,199.62,207.62,212.61,223.14,226.12,232.23,236.85,244.01,249.93,253.00,257.16,259.04,260.11,259.56,260.68,252.02,245.12,241.30,232.95,229.44,226.13,214.45,210.30,205.24,202.36,200.41,195.36,195.36,189.61,186.68,183.41,176.40,175.48,170.53,164.20,157.20,146.09,139.28,130.10,114.55,105.26
113.15,122.49,130.65,138.41,144.40,153.76,159.97,166.29,172.41,174.73,184.33,192.77,199.83,209.35,216.52,224.62,232.09,240.65,247.63,255.93,260.60,266.69,270.16,275.04,277.14,276.80,268.91,264.17,260.89,250.42,245.11,237.17,227.71,222.05,218.36,213.18,210.26,204.71,202.30,196.64,194.18,193.01,185.05,181.11,176.32,168.24,162.09,154.62,144.80,135.92,121.02,109.08
113.88,123.00,130.97,138.31,145.89,154.56,159.89,166.97,172.26,178.93,184.09,194.49,203.07,208.20,219.31,225.08,234.34,243.21,252.18,256.87,260.95,269.45,272.84,274.24,276.52,279.96,273.30,264.36,260.93,251.80,242.54,239.27,227.04,224.51,222.04,216.94,210.64,205.53,203.68,198.31,195.89,191.38,185.22,182.16,177.43,168.00,164.25,154.03,145.67,137.08,123.00,109.44
115.25,125.40,132.00,140.73,149.63,156.78,165.24,174.18,176.26,186.12,196.98,204.47,211.90,217.01,224.98,230.85,237.54,240.51,246.81,253.10,257.63,259.98,261.22,265.28,264.94,262.09,256.50,249.35,244.66,235.48,232.00,228.18,218.00,215.20,210.72,205.41,202.94,200.88,196.74,192.51,189.53,185.31,179.90,177.80,170.32,166.05,159.80,150.63,141.61,131.65,118.33,107.07
113.65,126.06,130.78,138.18,146.51,154.95,160.96,170.53,175.73,179.45,191.89,198.98,206.52,215.86,229.18,236.55,242.40,249.05,259.42,265.86,269.71,272.42,274.13,277.15,276.93,277.54,268.13,260.35,255.44,246.60,242.67,237.50,225.33,219.13,214.46,210.85,206.67,200.88,200.09,193.40,191.31,187.28,180.71,178.24,172.12,164.75,159.25,149.80,141.17,130.60,116.00,106.63
114.14,125.30,131.95,140.12,148.72,156.68,163.20,169.74,176.05,182.92,190.16,199.28,208.43,217.08,230.82,239.08,245.40,250.14,260.45,265.55,268.49,273.31,275.49,279.21,279.31,276.13,269.07,262.76,258.68,248.56,242.33,236.71,223.02,218.12,215.61,209.90,206.81,201.36,199.68,193.06,191.85,185.59,180.06,177.61,169.54,163.60,159.53,149.20,142.20,128.41,118.00,108.17
98.60,111.57,117.92,128.47,136.06,142.87,148.66,161.32,163.09,171.40,177.50,184.01,188.05,183.17,185.44,183.45,184.20,186.55,186.81,184.61,181.47,183.56,184.05,177.89,172.99,172.35,170.84,157.85,157.70,149.91,147.71,137.93,128.71,148.48,141.01,143.00,137.28,138.60,131.73,131.47,124.45,118.41,111.83,108.21,108.68,98.08,91.66,90.79,80.13,73.44,70.18,62.97
111.33,122.61,130.17,137.54,145.22,151.82,160.42,168.59,172.10,178.73,188.37,195.90,206.34,213.23,223.65,234.69,239.94,246.97,253.29,261.22,264.71,268.40,272.42,270.78,270.54,274.64,265.34,256.29,249.66,241.53,235.91,230.55,218.93,215.67,213.00,207.87,202.65,196.16,195.30,189.76,189.28,183.21,178.08,175.01,168.77,161.01,155.82,146.15,140.93,130.86,116.50,105.93
112.16,122.54,128.27,137.67,144.75,153.72,159.41,168.51,171.29,179.63,188.72,195.87,205.54,214.46,225.40,233.86,242.29,248.74,255.00,262.34,263.40,269.22,271.02,274.30,274.88,272.81,267.27,258.68,253.80,242.10,238.37,234.96,221.36,217.51,212.36,208.00,206.20,197.09,196.56,192.94,188.80,186.43,178.31,177.10,171.23,163.34,159.24,148.30,138.45,129.25,118.87,107.54
110.72,123.11,130.25,137.61,145.72,154.05,159.91,168.18,172.54,180.77,188.83,197.23,205.65,213.03,226.74,234.83,242.92,248.70,257.31,262.73,265.07,271.18,272.36,274.49,276.24,272.06,264.57,259.77,255.84,243.52,239.06,235.79,222.19,219.23,212.76,208.06,206.25,198.93,197.65,193.00,191.65,185.70,180.24,177.56,170.42,162.63,158.40,148.95,142.09,129.99,118.85,107.38
110.16,121.49,129.83,135.48,143.38,151.46,158.32,166.96,169.10,177.63,186.49,195.87,203.49,210.05,223.14,231.72,238.85,245.22,252.14,260.86,263.06,267.79,268.78,272.41,275.44,270.42,265.65,254.66,253.14,241.11,238.81,233.82,220.66,217.81,211.40,205.06,203.67,198.74,197.23,191.53,190.28,184.13,178.68,178.08,169.76,163.68,156.28,148.49,140.58,130.23,114.74,105.42
111.36,121.59,129.03,136.48,144.03,151.79,156.01,166.40,170.65,175.00,186.27,193.87,203.22,210.00,222.80,232.08,236.14,246.83,252.44,259.27,262.21,265.66,268.30,270.09,270.60,273.99,265.32,253.02,251.15,241.03,236.02,229.12,217.83,214.22,211.29,204.60,202.47,195.67,196.33,190.54,187.45,183.11,178.68,173.66,168.75,161.64,156.54,145.73,139.54,127.28,115.73,104.56
115.25,127.02,132.23,143.38,148.95,158.78,164.79,170.06,175.33,183.20,189.18,196.85,204.55,213.05,222.50,229.62,238.50,246.05,255.03,261.90,268.13,274.15,277.33,280.86,282.20,283.48,276.74,269.94,263.91,256.28,250.74,243.53,231.80,227.48,222.25,219.02,216.67,209.95,209.23,201.85,199.74,195.13,188.16,184.20,180.57,174.05,167.63,157.41,146.73,135.59,122.80,110.06
115.32,125.16,136.47,143.35,148.76,156.47,162.29,171.11,178.14,182.73,186.68,199.15,207.07,210.20,223.45,228.53,242.40,247.52,257.79,261.96,270.31,274.55,279.03,282.23,284.02,286.15,278.24,272.24,264.78,258.50,250.19,242.99,233.62,230.36,227.06,221.38,215.30,212.25,208.72,206.29,201.88,194.59,191.18,186.68,181.91,173.35,165.86,155.62,147.51,137.93,121.71,110.89
114.98,125.13,131.03,138.41,146.84,155.32,161.38,168.61,172.82,180.06,191.23,197.87,207.69,216.83,227.76,236.91,245.15,251.68,257.09,264.91,268.70,271.81,274.07,277.84,277.04,276.18,268.47,260.76,255.43,245.10,241.24,234.55,222.70,216.45,214.41,208.02,205.08,200.56,199.06,191.60,189.93,185.97,180.68,177.80,170.82,163.37,157.08,148.52,139.98,128.76,116.09,107.30
114.63,124.60,131.37,137.83,147.50,155.13,160.38,168.24,174.00,179.94,191.18,198.60,207.39,215.67,227.50,236.60,243.51,250.97,258.52,267.38,268.63,273.10,271.95,275.77,276.47,276.56,267.35,261.08,255.25,245.23,240.21,233.42,221.82,218.84,213.04,208.24,205.80,199.36,198.71,193.26,190.22,186.51,180.38,178.02,169.86,164.40,159.14,150.27,141.69,130.73,115.43,106.68
110.63,121.46,128.56,135.96,143.84,150.42,159.01,164.54,170.95,175.09,185.72,193.60,201.94,210.04,219.79,230.41,238.10,243.82,252.02,261.22,265.44,269.26,269.31,272.25,273.93,272.08,263.12,254.61,252.61,240.53,236.89,231.00,218.08,215.41,210.30,205.09,204.40,197.47,196.43,191.08,188.96,185.92,178.73,176.78,169.96,162.19,157.78,148.68,140.09,129.14,114.93,105.12
110.72,120.97,130.55,136.01,144.56,149.80,157.43,165.20,169.20,176.23,185.85,193.04,203.19,209.60,219.92,231.05,237.69,243.25,252.69,260.10,262.74,265.55,268.33,270.47,270.22,269.90,264.07,251.51,246.91,240.52,232.26,229.71,216.34,213.52,209.23,204.31,199.72,196.00,193.49,189.10,186.98,180.04,177.10,175.78,168.32,160.51,153.81,147.03,140.09,127.09,112.61,105.15
112.25,125.26,133.28,139.74,144.68,153.21,159.01,167.87,172.17,180.04,186.85,197.95,208.08,211.68,226.00,234.09,240.10,248.22,255.95,262.67,265.11,267.43,271.71,271.44,271.71,274.20,264.37,253.57,251.91,242.39,234.36,231.16,217.91,217.08,212.00,205.65,201.76,197.52,194.50,189.39,189.26,182.54,178.91,176.95,168.91,159.02,155.80,145.80,139.81,127.95,113.11,103.16
113.16,123.23,132.09,140.46,147.05,153.05,158.40,170.00,175.45,181.47,188.92,198.60,205.12,214.70,226.64,235.19,243.30,247.50,257.03,264.43,267.59,271.28,273.48,274.09,275.75,275.88,267.92,257.16,250.54,242.17,236.91,233.63,220.10,217.00,211.03,206.06,202.41,195.56,196.60,189.18,189.79,182.28,176.28,176.64,169.54,160.96,156.08,145.83,139.81,127.39,114.11,104.62
115.12,125.69,133.15,142.43,148.98,159.14,164.88,171.96,175.80,179.77,188.80,197.13,205.72,214.28,222.28,230.93,239.25,250.46,256.10,264.02,270.12,275.05,277.65,282.91,286.09,285.83,276.03,271.65,268.88,256.84,253.51,244.18,231.97,227.69,224.61,219.86,216.46,210.77,207.00,201.56,201.26,196.80,189.01,187.46,180.43,174.56,166.14,156.63,147.33,136.19,120.83,111.14
114.35,126.14,134.54,143.38,151.08,159.01,164.07,172.07,174.87,180.54,187.96,196.73,206.40,213.04,223.14,231.09,239.64,250.28,254.94,263.59,269.16,277.85,275.80,283.04,285.82,286.46,277.83,272.44,269.16,255.44,251.87,242.03,233.03,228.64,225.39,220.54,215.11,210.72,208.43,203.54,202.41,194.65,190.91,185.70,179.10,174.45,166.36,156.02,147.46,136.82,119.95,111.36
116.25,125.64,133.06,143.00,148.97,158.49,163.25,171.54,176.38,181.01,187.97,195.82,207.71,214.16,223.40,232.02,240.24,250.33,256.91,261.94,266.96,277.36,278.15,281.82,286.25,286.17,278.36,272.28,264.97,256.89,252.03,240.84,232.09,228.27,227.38,220.00,214.40,207.24,209.61,203.84,201.25,195.03,188.07,185.30,180.37,172.36,164.84,155.01,146.45,135.92,122.07,112.36
116.02,126.29,135.21,144.52,149.04,158.00,161.68,172.10,177.40,181.73,187.81,198.71,208.20,212.35,221.94,228.56,239.82,250.20,257.20,264.64,269.86,274.15,280.40,282.35,284.53,289.66,279.32,272.47,267.49,259.05,251.25,245.51,233.82,230.67,229.58,221.82,215.67,211.56,208.08,204.36,202.71,196.45,192.21,189.08,182.94,174.26,167.37,157.20,149.40,140.29,122.15,112.27
116.11,127.95,133.96,141.90,150.23,158.62,163.98,171.42,177.12,181.02,189.66,197.06,207.17,213.38,221.90,230.49,238.16,248.22,254.03,263.59,269.31,274.82,278.15,284.02,284.74,286.79,281.20,272.42,268.78,257.39,250.46,246.79,235.05,230.71,228.54,222.09,217.70,210.80,208.28,204.84,201.79,197.00,190.67,186.59,181.74,175.57,167.01,158.52,147.00,135.25,124.92,113.22
112.16,121.00,128.95,137.90,148.19,152.47,160.80,167.17,171.97,180.45,189.86,199.21,207.39,213.89,220.05,227.49,234.25,240.98,246.59,252.11,251.54,256.13,258.09,260.98,259.51,261.05,253.31,245.37,243.73,233.32,230.00,224.88,214.26,212.72,209.55,205.00,202.53,196.98,196.70,191.13,189.11,183.70,178.27,176.88,171.06,163.87,157.16,147.22,140.36,129.19,117.32,106.02
109.84,121.49,130.25,137.06,142.06,150.87,157.05,163.53,167.36,173.17,181.11,189.76,197.89,204.41,214.18,220.91,231.14,239.93,247.89,254.79,261.63,267.44,268.51,273.65,277.35,275.27,271.02,266.69,261.40,250.45,246.40,239.92,228.02,224.64,220.59,214.39,211.47,207.42,204.02,201.06,198.34,191.66,184.76,183.10,177.03,171.33,162.79,154.30,145.77,133.20,119.27,110.60
109.99,121.17,131.10,137.64,140.72,150.10,154.26,164.16,169.29,173.62,179.69,190.02,198.64,203.07,213.06,220.76,232.31,238.81,247.54,252.67,260.00,265.00,270.19,272.07,275.12,277.35,271.15,263.25,258.50,251.15,244.02,238.21,228.53,226.50,222.17,216.11,209.69,203.30,202.63,202.14,197.69,189.45,187.52,183.38,180.28,168.72,162.93,151.61,145.73,136.89,120.42,110.16
113.37,123.23,131.24,138.44,148.25,155.79,162.25,168.86,173.33,177.89,186.59,193.19,201.80,208.97,218.08,225.47,236.58,242.84,251.34,259.52,265.94,271.66,277.46,280.28,282.07,281.46,276.28,269.26,264.09,255.91,250.22,241.87,232.90,228.57,226.11,219.23,216.39,210.30,207.21,204.08,199.45,197.00,189.56,183.85,180.48,176.57,165.89,156.59,149.04,137.30,123.04,110.68
114.06,123.60,133.24,139.61,146.26,154.21,159.24,168.34,172.19,178.90,183.37,194.37,202.23,207.88,216.00,226.00,236.54,244.52,251.56,258.64,264.27,269.97,275.43,278.76,281.15,283.13,276.09,268.26,263.09,257.82,251.39,241.96,231.02,228.62,226.07,220.48,213.77,208.74,206.31,204.40,202.00,193.96,189.53,186.76,181.57,172.54,165.02,155.62,150.23,137.06,121.76,109.81
111.80,124.20,129.99,138.23,145.40,152.23,161.01,168.07,171.05,180.06,189.04,197.04,205.99,214.11,225.25,236.08,241.85,249.82,258.52,264.20,268.09,273.51,275.17,275.93,276.85,277.48,268.13,262.10,255.93,246.01,239.75,235.19,221.78,219.21,215.38,207.54,205.92,197.09,198.66,192.21,190.37,186.94,181.18,177.19,170.95,164.18,159.96,150.62,143.28,130.08,116.82,106.55
112.29,122.26,131.87,138.54,144.92,152.78,157.33,167.36,173.63,180.10,188.81,198.66,206.52,214.22,222.80,234.27,241.76,248.62,256.01,263.10,266.60,271.01,275.03,274.24,274.02,277.08,269.36,256.72,253.31,246.08,237.95,232.02,221.78,219.33,215.78,208.66,204.04,195.79,195.53,193.35,190.79,183.85,182.82,178.04,170.45,162.81,156.55,147.18,141.60,130.92,116.00,106.62
114.63,124.53,133.60,141.76,149.41,156.67,164.05,170.75,174.42,180.28,188.22,196.70,204.12,213.64,222.10,231.66,241.01,249.33,257.16,263.60,269.03,278.69,280.49,285.41,286.71,287.50,280.81,273.50,268.75,259.49,254.78,245.98,236.54,230.26,227.88,225.23,216.36,211.60,209.01,207.78,202.74,197.43,189.78,189.40,183.64,174.32,168.62,159.20,147.38,138.54,123.43,113.36
115.52,125.20,135.21,140.25,150.56,157.50,163.36,171.49,175.86,180.07,187.04,195.60,205.55,214.67,221.35,229.39,241.21,248.65,255.84,264.04,271.81,278.11,279.57,283.32,284.97,288.65,281.52,273.83,267.98,258.95,253.58,245.38,235.42,230.52,228.09,223.46,219.24,213.78,210.37,205.91,202.07,197.50,191.38,187.04,182.94,175.84,168.08,159.71,148.06,137.54,124.28,112.36
115.41,128.22,134.79,143.29,152.84,158.53,168.05,174.89,179.51,187.07,199.18,201.00,214.19,214.34,222.41,227.77,236.18,241.00,247.42,247.34,249.38,251.38,255.47,253.27,252.03,252.25,246.95,237.15,233.38,226.64,221.29,218.23,210.24,208.06,202.41,198.65,195.75,191.05,190.32,185.22,182.78,179.81,174.94,174.18,166.82,158.34,153.88,144.13,135.09,126.06,115.39,104.81
118.70,128.23,136.01,146.09,152.61,161.15,165.08,174.15,179.69,185.15,192.42,201.34,206.65,214.24,226.64,232.45,244.44,253.03,259.12,266.27,269.41,278.24,281.31,285.67,287.17,286.28,277.46,274.12,270.54,258.41,255.34,243.60,231.58,229.11,224.93,220.60,215.23,208.25,206.81,202.56,201.76,195.27,188.22,185.43,179.23,173.37,165.86,156.20,148.00,135.37,121.84,110.21
117.18,127.02,134.74,144.20,152.05,160.96,167.01,174.19,177.46,182.39,191.27,199.91,207.12,213.62,223.16,232.36,240.86,247.76,256.73,266.34,271.27,275.76,280.40,281.69,285.39,284.58,278.44,271.09,265.19,257.10,250.74,243.39,232.20,228.48,224.15,218.07,214.46,208.57,207.27,200.77,200.36,194.59,186.22,185.16,180.62,174.89,165.13,154.94,145.41,135.83,120.35,109.04
116.11,128.55,135.15,145.36,154.04,159.81,167.26,177.59,181.84,189.55,201.30,207.18,217.38,219.92,228.35,235.26,241.13,246.33,251.62,257.12,261.63,261.60,263.23,264.76,264.17,267.88,256.28,247.34,244.82,235.77,231.21,226.72,216.95,212.46,208.48,204.38,201.22,194.99,193.94,190.44,186.59,182.26,179.00,174.81,169.01,161.45,156.52,147.79,138.64,128.72,114.34,105.15
113.46,123.98,130.97,138.81,146.74,156.40,161.53,167.76,173.22,177.14,186.08,193.83,203.19,209.17,217.50,225.63,237.31,244.72,253.33,259.11,266.31,271.41,272.97,279.61,282.24,282.82,274.59,269.24,264.02,254.85,248.91,243.00,230.24,226.49,223.16,218.08,214.76,208.81,205.30,203.07,198.64,193.83,186.97,184.11,179.20,172.33,164.60,154.50,144.78,135.25,120.81,109.07
112.00,123.66,133.36,140.58,145.83,153.48,160.15,168.07,171.83,179.07,183.81,194.88,202.00,206.02,219.00,224.54,235.61,247.15,253.25,260.19,263.84,270.30,273.91,277.92,279.51,283.20,275.20,269.88,262.73,255.28,248.20,240.84,228.45,228.35,225.61,219.33,213.78,208.33,204.61,204.09,201.40,192.15,188.31,186.21,180.00,171.42,163.95,154.24,145.09,135.03,119.07,109.38
113.60,124.79,133.76,138.85,147.08,153.33,160.16,169.61,174.24,180.00,190.71,198.50,207.52,213.78,228.02,235.44,243.94,250.80,258.85,266.39,268.76,271.46,274.88,276.97,277.71,280.33,272.27,255.28,255.63,247.70,239.04,233.94,221.51,221.71,214.61,210.41,205.57,201.21,197.45,194.54,190.69,186.95,182.85,178.18,171.96,164.83,158.34,148.76,142.37,129.53,116.76,105.76
114.56,125.60,135.69,143.28,148.33,156.05,163.51,173.93,176.24,182.07,186.60,199.28,209.77,210.54,221.20,229.93,239.72,249.18,257.97,263.05,268.70,275.05,279.51,281.71,284.49,288.25,280.86,271.27,267.87,259.82,248.60,244.62,234.31,232.07,229.17,224.12,215.56,211.85,208.36,204.80,202.20,195.72,192.59,188.28,182.95,174.54,166.90,158.40,149.00,138.03,123.13,111.00
116.71,126.48,134.62,143.63,149.86,158.20,164.56,173.68,177.88,184.13,188.56,200.77,206.52,212.25,223.26,230.10,242.43,250.54,258.44,262.08,267.42,276.41,280.18,284.09,286.25,287.52,280.58,273.83,265.99,260.02,252.52,243.98,234.88,231.94,229.47,225.14,215.34,210.02,209.60,208.90,204.60,197.09,190.94,187.45,183.45,176.26,166.72,158.29,149.63,137.24,124.20,111.83
111.61,124.28,132.02,140.43,145.17,153.68,161.97,168.11,174.24,182.98,188.53,197.94,207.71,213.28,226.36,233.57,245.38,253.25,262.34,264.43,268.69,273.13,278.15,277.60,280.07,277.02,269.42,263.43,257.51,247.59,241.11,237.26,226.06,221.44,215.24,211.81,206.94,199.90,199.01,196.56,194.20,187.97,184.62,179.35,173.37,166.29,162.86,149.21,145.50,132.44,119.00,109.55
110.35,122.61,132.59,139.04,148.43,153.94,160.08,167.43,171.81,179.07,188.96,196.25,205.30,212.51,225.42,234.68,242.07,252.39,258.65,265.52,268.73,271.95,274.24,275.54,276.88,277.80,269.90,259.79,256.28,246.49,239.44,234.39,223.06,219.78,216.60,209.83,204.92,202.06,200.41,193.87,193.21,185.93,182.62,179.08,171.33,166.52,159.15,150.28,143.84,131.37,117.96,108.24
110.28,123.58,128.74,137.91,145.36,153.18,160.56,165.65,170.50,177.72,188.35,196.43,203.03,212.53,224.13,232.73,243.26,248.20,255.20,261.90,264.88,269.90,272.12,273.18,274.61,273.59,264.09,257.64,252.16,240.83,236.78,231.32,218.36,215.54,209.50,206.74,202.41,194.36,195.56,189.06,187.38,183.74,177.34,173.22,166.43,160.96,157.06,148.10,140.69,128.46,116.97,105.80
112.36,123.45,131.76,138.77,146.41,150.76,157.15,167.11,174.20,178.73,187.60,195.56,206.89,213.59,223.65,233.19,242.83,249.23,256.84,263.25,266.83,267.09,273.12,273.91,274.13,276.01,266.18,255.44,252.88,245.65,237.26,233.08,219.80,219.39,213.60,209.02,202.63,197.04,195.15,192.21,188.04,181.69,181.60,176.64,169.62,161.81,155.63,147.38,141.01,129.81,114.49,106.02
112.00,123.33,128.60,135.60,145.15,152.21,157.93,166.17,173.05,178.77,189.17,194.81,205.20,212.41,225.21,233.26,241.12,247.82,256.11,262.91,267.48,270.25,271.62,273.93,274.87,274.61,266.03,255.41,252.69,242.76,238.00,233.73,221.38,217.17,212.61,206.78,204.48,197.40,196.96,189.26,187.26,184.26,179.13,174.40,167.55,161.70,157.31,148.45,141.03,128.69,114.11,106.32
112.45,121.33,133.12,137.38,144.59,150.27,156.54,167.26,172.81,177.25,186.59,197.22,206.52,212.53,224.56,234.04,240.88,248.81,257.07,262.77,265.59,267.80,272.92,273.66,273.30,276.37,267.51,256.29,250.98,244.10,238.10,232.40,219.36,219.24,213.93,209.48,203.34,197.14,196.50,191.09,188.92,181.96,180.28,177.34,169.57,162.34,156.01,145.87,140.01,129.56,114.48,105.39
115.52,125.69,135.91,143.06,149.12,155.54,162.98,176.14,178.37,188.30,195.43,207.63,214.27,216.89,227.71,232.03,240.14,243.02,250.35,255.07,258.03,258.24,262.95,263.04,263.09,267.25,258.60,247.39,241.81,235.85,231.40,228.28,214.17,214.22,211.45,206.70,201.12,194.50,195.02,191.27,187.52,183.37,180.77,177.88,172.10,163.23,157.76,148.00,140.92,130.19,114.77,105.55
114.39,126.37,134.48,140.17,150.00,156.43,163.25,172.94,177.90,187.42,195.88,204.95,211.27,216.38,224.08,231.47,236.33,240.40,247.07,253.00,256.29,258.94,258.59,262.15,261.12,262.65,253.99,247.12,244.05,232.66,230.78,226.63,213.17,209.16,205.20,203.54,200.23,195.06,195.02,186.90,188.04,180.50,176.39,174.90,167.82,161.20,155.71,146.12,139.45,127.05,114.35,105.77
115.21,125.36,134.37,140.29,151.16,156.20,165.86,173.03,177.72,186.70,195.85,204.12,211.09,216.37,226.05,228.95,236.02,240.52,246.33,253.14,256.63,259.76,259.28,262.49,260.74,259.92,252.12,245.90,244.00,232.31,230.99,226.01,213.71,208.50,207.24,202.63,200.85,195.07,193.19,187.22,187.09,182.70,177.50,173.95,167.63,162.05,155.42,147.14,139.53,127.58,116.71,105.15
114.98,126.75,133.60,141.68,148.00,156.24,164.03,173.82,178.40,187.00,195.36,204.14,213.38,217.33,226.81,233.08,237.79,243.77,248.48,256.14,260.32,261.28,262.55,265.48,267.90,265.27,258.31,250.14,245.28,235.92,232.72,229.89,217.26,212.98,207.76,205.01,202.80,196.31,196.40,190.63,189.21,184.39,179.78,176.07,171.92,164.08,157.80,148.38,142.00,129.10,117.04,105.11
111.40,122.20,130.94,137.20,145.61,150.69,158.03,168.40,172.41,178.37,187.04,197.03,204.90,209.15,222.17,231.49,241.03,247.24,254.10,260.85,265.66,268.60,272.39,271.47,272.61,274.26,264.91,256.36,252.68,243.83,237.47,231.49,218.83,217.41,211.52,204.16,203.02,195.58,195.93,190.18,188.94,182.00,176.38,176.30,171.12,162.02,156.32,145.96,139.95,129.54,114.14,103.25
111.80,122.64,129.32,135.93,145.06,150.57,159.26,166.34,170.07,177.78,188.35,196.01,204.97,210.54,221.35,230.60,239.59,245.69,252.51,261.35,265.20,267.80,269.16,273.59,273.25,270.65,261.20,255.33,249.15,239.73,235.65,232.78,219.11,212.49,210.77,203.69,202.92,195.33,193.17,189.66,186.53,182.63,176.49,175.84,169.11,160.38,155.67,145.41,138.81,129.29,115.38,102.42
111.80,122.11,129.32,136.62,145.06,150.84,160.42,167.44,172.03,176.98,188.09,195.36,204.56,212.42,222.35,231.28,238.93,245.84,252.79,262.83,265.65,270.05,269.98,275.57,273.21,272.80,264.49,254.83,250.48,239.60,239.92,231.82,219.74,214.85,210.74,206.31,203.50,197.16,197.12,188.37,189.59,182.53,178.10,175.14,168.91,160.86,155.08,147.12,140.13,129.03,115.97,104.14
111.89,120.81,130.97,138.40,144.81,150.84,158.00,166.82,170.65,178.31,186.53,196.06,205.24,214.71,222.77,232.59,240.79,248.73,255.79,259.02,264.09,266.59,273.51,273.59,272.97,272.71,264.26,256.82,249.47,241.17,236.16,230.95,219.92,215.06,211.55,207.68,202.36,195.94,195.56,191.32,187.86,182.50,177.89,175.31,170.00,161.14,155.05,146.12,139.09,128.57,116.11,104.81
110.49,121.15,130.94,136.21,143.39,149.72,156.46,165.10,170.66,177.69,184.84,193.71,202.36,209.17,222.44,230.93,240.78,245.05,251.78,259.03,264.04,268.78,268.90,272.26,271.59,272.53,263.49,255.21,252.10,241.58,239.27,230.53,217.91,217.23,210.34,206.94,201.31,198.41,195.17,190.65,188.69,183.22,178.81,175.11,168.50,161.53,155.62,147.23,139.61,129.29,113.81,104.31
114.02,122.80,131.69,140.04,150.10,156.08,162.34,173.01,176.82,183.70,193.83,202.94,209.90,215.26,223.58,231.31,235.44,239.95,247.20,253.31,257.47,260.19,260.84,262.06,263.69,267.51,257.39,245.59,242.99,235.44,229.92,225.86,215.42,215.00,208.14,204.96,200.66,195.98,195.17,191.06,188.96,183.22,178.09,175.57,172.05,164.47,157.61,147.68,141.09,127.77,116.69,105.12
113.51,123.91,131.95,139.60,149.00,156.16,163.17,173.74,174.96,183.45,194.10,203.73,210.39,215.23,224.21,229.62,236.58,239.18,246.52,252.63,257.27,260.73,259.56,262.41,264.26,263.21,256.24,246.98,244.04,236.03,230.59,226.74,215.59,212.87,207.76,201.85,201.56,195.58,195.00,191.60,188.68,184.46,178.32,176.78,171.12,163.09,157.33,147.25,140.26,128.88,117.04,105.31
116.46,126.21,135.09,141.74,149.57,155.54,163.37,175.60,179.51,187.42,196.74,207.06,215.60,218.49,226.93,232.47,239.60,243.21,250.59,255.27,257.85,261.49,264.61,264.28,263.01,265.19,258.66,248.76,242.40,237.17,230.93,227.07,216.23,214.85,212.81,206.00,202.79,196.31,193.35,193.04,189.74,185.22,182.01,177.10,171.47,164.19,159.36,145.79,141.99,129.14,116.11,105.44
115.02,125.57,133.96,141.77,150.73,157.88,163.37,174.73,177.55,187.00,196.22,205.20,214.09,219.39,227.90,234.41,238.66,244.00,248.39,256.35,257.80,261.45,263.03,263.00,263.80,264.60,261.04,248.50,244.13,236.33,231.15,225.80,216.18,213.00,209.81,205.98,202.06,196.33,195.58,191.38,190.24,182.63,179.63,177.79,170.03,164.69,159.46,147.61,140.01,129.00,116.30,106.44
112.11,122.07,130.10,138.06,144.85,151.33,158.40,167.43,172.61,177.71,186.42,196.51,203.04,211.10,222.43,231.60,239.02,246.66,253.53,261.04,266.15,266.81,268.91,272.30,269.36,274.42,264.07,253.86,250.51,242.44,232.82,230.38,218.50,214.98,212.02,207.62,198.59,195.00,192.00,188.92,185.65,181.00,175.51,172.98,167.73,161.15,155.28,145.12,138.25,127.94,113.17,103.75
114.40,126.30,132.38,139.79,148.38,155.23,161.64,168.67,173.46,178.00,186.34,195.78,204.95,208.50,219.02,226.11,236.61,243.07,254.15,260.02,265.00,273.26,274.24,279.61,282.65,282.85,275.23,269.90,264.69,254.57,248.62,240.61,230.79,227.98,224.96,219.80,215.19,208.97,206.40,201.22,198.34,196.76,190.60,185.69,180.06,173.66,166.21,157.00,147.08,135.21,121.85,111.02
115.74,125.64,131.24,137.64,144.78,155.50,160.65,168.05,169.96,174.94,186.70,197.50,208.86,214.41,226.00,234.68,239.13,246.27,255.38,263.78,267.91,270.63,272.95,275.43,274.49,273.89,266.31,257.98,251.55,240.65,237.51,234.08,218.75,215.52,212.87,206.67,203.59,198.02,199.15,190.97,189.91,184.29,179.01,176.59,170.07,164.35,156.98,148.72,138.51,128.32,116.47,105.42
115.45,124.20,131.49,138.85,146.03,155.67,163.37,167.82,172.07,174.10,188.81,198.84,210.64,215.93,229.97,234.88,242.77,248.56,257.77,266.48,269.27,271.95,275.63,276.32,276.06,277.04,266.60,259.51,254.85,244.47,239.84,234.93,221.60,219.33,215.56,209.34,205.00,199.15,199.49,192.44,189.28,186.05,179.45,176.00,170.06,165.56,158.81,149.19,141.09,129.65,116.82,107.70
114.21,124.81,132.03,138.08,146.24,154.49,161.61,172.98,175.32,181.57,192.94,200.41,212.27,218.93,229.84,237.12,246.66,250.34,261.48,265.76,269.32,271.28,277.87,276.13,277.07,280.10,271.29,261.09,254.58,249.58,237.12,234.40,222.93,220.58,218.52,213.91,205.08,199.97,198.91,194.50,191.21,185.88,182.41,180.55,172.18,163.08,160.35,149.77,142.44,130.74,117.07,105.95
114.63,125.17,135.62,143.40,147.85,156.82,163.57,174.69,181.12,188.25,196.86,207.97,214.97,220.95,227.37,234.68,240.03,245.07,251.29,253.65,258.81,262.65,265.32,263.43,265.32,266.99,259.83,250.05,243.81,238.81,231.46,227.41,218.22,214.74,211.21,207.15,201.56,195.11,194.73,192.35,191.40,184.76,180.18,176.92,173.14,162.81,156.85,148.01,141.09,130.10,117.07,106.32
115.55,127.40,134.61,143.20,150.21,157.50,165.61,175.85,179.40,189.78,195.53,207.87,213.19,221.58,229.33,234.89,242.99,246.03,251.24,254.70,260.22,262.46,264.85,266.05,266.81,264.89,257.93,248.21,247.05,237.12,233.91,228.71,217.25,215.59,210.11,206.74,204.28,195.80,195.39,189.39,192.75,184.36,180.01,176.80,171.43,164.11,160.01,148.45,142.00,129.69,117.07,105.69
115.42,125.64,134.17,142.28,151.16,156.85,163.98,174.23,179.42,188.04,198.31,206.65,212.60,220.24,228.67,234.36,239.56,243.02,250.19,255.20,261.86,262.07,262.95,266.69,266.22,264.91,258.38,249.06,244.93,236.45,234.73,229.17,217.33,213.60,209.48,203.59,202.68,195.97,195.50,188.47,189.75,185.31,178.13,177.61,171.00,164.30,157.95,149.47,143.01,129.44,116.50,106.04
114.59,126.04,136.01,142.00,151.48,155.94,164.08,174.81,179.74,190.24,197.09,208.54,214.67,218.49,227.04,234.85,241.23,242.54,249.90,254.12,260.44,259.49,265.32,263.43,267.15,266.19,256.59,248.02,244.81,238.29,231.05,226.37,217.71,218.00,212.90,205.18,203.16,195.00,195.69,192.42,189.72,185.69,180.01,178.89,172.35,164.91,156.70,148.03,141.43,130.60,114.63,104.05
111.02,122.02,131.18,137.44,141.51,150.15,153.55,161.04,165.46,176.41,186.04,199.62,209.54,213.24,222.58,228.74,237.97,240.35,248.09,250.65,254.95,255.34,258.28,260.25,261.03,258.57,250.32,243.99,237.46,231.05,225.86,222.28,212.94,209.07,203.20,197.99,196.37,191.85,190.59,184.84,183.13,178.16,175.11,171.13,164.65,155.39,152.09,141.11,133.99,125.17,110.89,101.60
112.45,123.89,133.12,140.12,145.50,152.35,159.76,170.76,176.01,183.74,191.60,201.91,210.28,214.13,222.38,228.48,235.36,238.29,248.07,248.21,255.70,255.88,260.09,258.68,258.50,262.01,255.00,241.70,238.03,232.26,226.05,224.21,212.22,214.46,209.31,203.68,198.93,193.26,191.64,188.88,187.68,180.68,178.71,176.56,169.59,163.22,155.60,143.00,139.79,130.00,114.59,104.39
112.61,123.44,132.64,140.25,147.57,152.43,160.65,170.53,173.83,184.44,192.34,201.90,210.24,213.56,222.80,226.17,237.12,237.78,246.56,248.31,252.21,255.95,258.12,260.02,259.04,258.09,252.26,245.20,238.88,232.14,226.72,222.30,211.85,211.99,208.12,200.81,198.09,193.35,191.19,189.79,188.41,180.69,179.29,175.80,168.31,162.05,154.55,143.68,140.46,129.10,113.89,103.28
115.75,127.06,136.07,145.52,149.77,157.87,165.94,177.71,181.81,190.54,197.31,207.64,214.77,218.45,229.05,233.00,239.70,245.20,248.51,256.19,260.32,263.21,264.20,265.32,265.37,264.98,257.70,249.27,246.36,235.19,233.50,228.71,216.83,214.01,209.69,204.16,200.85,197.77,197.02,190.70,189.64,183.45,180.62,178.16,172.03,164.50,154.62,148.08,141.23,130.55,117.39,104.18
115.97,128.16,136.06,143.92,152.31,157.89,167.32,176.65,180.71,189.04,198.09,205.87,216.93,219.86,228.71,233.45,239.14,244.81,249.48,257.03,258.99,260.60,264.37,263.61,263.06,264.43,258.86,248.93,245.66,237.36,232.42,227.26,216.11,215.86,210.95,206.21,200.03,196.16,194.88,191.93,187.97,183.61,180.36,177.05,170.88,163.89,157.20,149.01,140.80,129.32,115.88,104.48
113.36,123.44,131.31,138.22,145.09,151.79,160.46,169.81,174.16,179.39,189.10,196.42,206.87,213.82,225.73,234.83,241.57,248.65,256.16,264.12,268.40,269.88,271.74,276.07,276.70,274.93,267.96,257.63,253.21,244.23,238.76,233.07,220.95,216.94,212.93,206.02,202.83,196.50,196.51,190.23,189.40,183.44,179.18,177.34,169.10,162.16,157.32,146.56,138.00,127.32,113.77,105.02
112.09,122.15,130.65,136.82,146.49,152.55,158.69,167.59,171.81,177.50,187.95,195.43,205.55,210.11,221.42,233.64,241.66,248.85,254.57,263.15,266.66,269.94,272.41,273.25,272.05,274.72,266.60,256.08,252.96,243.07,237.04,232.21,217.68,217.18,214.22,209.31,202.71,199.06,196.82,190.92,187.72,184.17,178.84,176.00,169.81,163.00,156.32,149.41,139.62,126.57,114.77,105.02
112.33,124.43,131.55,138.29,147.27,154.51,159.06,168.12,173.18,181.04,188.30,197.94,209.02,214.04,227.78,234.69,243.00,250.00,258.38,262.95,267.20,269.92,273.22,273.59,277.35,276.45,269.32,258.91,253.02,244.01,238.42,232.28,220.24,219.35,217.83,209.66,203.42,197.34,195.82,192.66,191.06,185.53,178.99,177.00,169.71,161.31,158.08,147.22,140.13,128.82,116.47,106.38
110.35,123.15,131.03,137.57,144.28,151.86,156.92,168.24,171.05,178.63,186.63,198.07,205.01,210.85,224.02,231.48,243.52,248.52,254.35,261.77,264.25,266.60,270.54,273.31,273.79,274.07,267.12,256.29,251.85,243.10,236.66,229.71,218.28,216.42,213.59,205.77,201.16,195.72,192.51,191.21,189.27,182.48,178.26,176.07,168.34,159.36,155.40,146.84,140.09,129.99,115.00,104.29
110.60,122.45,128.86,137.06,143.54,151.34,157.26,168.03,172.70,177.79,187.97,197.77,205.55,213.79,223.51,234.23,239.73,247.42,254.89,261.09,263.40,268.16,269.69,273.88,270.15,275.14,265.77,255.41,250.03,240.61,235.26,231.04,220.42,215.96,213.47,207.63,199.42,193.83,192.51,190.67,187.17,182.02,175.38,172.20,167.61,157.99,154.18,144.70,137.44,127.09,114.98,105.68
113.25,123.07,132.19,141.01,146.16,154.51,159.67,168.32,171.83,178.90,184.20,193.63,201.31,208.24,217.35,225.41,233.82,242.55,251.05,257.60,263.77,270.71,273.59,275.26,277.35,281.80,275.07,265.41,260.23,252.40,248.36,239.79,226.53,225.02,221.46,218.44,210.79,205.85,203.33,201.36,198.60,191.85,185.85,181.81,178.60,169.76,163.41,153.40,147.28,136.40,121.26,110.69
105.12,116.50,124.02,132.19,138.01,144.54,151.82,158.24,163.05,168.57,177.23,185.41,195.93,202.04,213.38,221.92,230.67,239.44,243.17,246.26,250.98,251.18,254.64,259.26,260.86,262.27,254.10,240.83,233.28,225.11,215.63,214.72,205.70,205.54,200.36,193.98,189.61,184.59,185.31,180.04,179.11,174.01,168.81,166.63,160.38,153.77,149.68,138.76,132.44,121.50,109.59,99.72
106.33,119.47,123.97,131.06,138.92,145.45,151.45,158.98,162.36,169.76,179.01,187.58,195.87,204.66,215.23,224.22,233.11,239.38,245.00,250.17,251.07,253.93,255.52,262.27,262.19,261.63,254.35,242.25,233.89,225.21,220.27,216.61,207.18,205.04,198.18,193.06,193.29,185.61,187.61,180.24,177.72,173.74,168.43,165.65,160.42,152.74,147.22,139.28,130.10,120.81,110.07,99.40
112.70,124.62,133.54,138.64,147.83,155.62,162.11,172.59,175.33,180.68,189.55,200.83,208.34,217.04,228.88,240.68,246.78,256.81,261.93,266.56,270.34,272.12,277.26,277.88,276.52,281.81,272.06,261.74,256.26,247.07,238.52,234.20,221.82,219.24,216.60,211.02,204.30,195.66,198.20,194.98,192.33,186.01,180.89,178.62,171.82,162.08,158.11,147.43,141.16,131.03,116.93,108.72
111.83,124.02,131.37,138.46,143.38,150.95,158.26,167.11,173.76,177.41,186.94,197.91,206.64,211.65,221.50,231.04,241.21,248.65,256.40,259.37,263.00,265.35,269.88,272.07,270.96,271.45,262.18,255.97,247.97,239.71,231.86,228.60,215.87,212.66,209.40,205.45,198.09,191.69,189.71,189.07,186.39,179.42,175.60,173.83,166.43,156.44,152.01,143.06,137.27,125.10,114.13,103.28
115.16,126.04,135.03,145.42,149.79,158.14,165.59,176.31,180.42,188.73,197.46,207.15,215.68,220.48,226.61,236.52,243.02,249.10,252.92,257.75,259.83,264.64,265.32,267.03,264.09,264.28,257.61,252.83,245.79,236.55,229.79,224.74,217.35,212.85,210.11,205.73,198.98,194.20,194.18,191.26,188.66,183.41,178.97,175.03,170.88,161.97,154.21,147.61,140.73,129.00,114.95,105.48
115.26,125.93,133.41,142.41,148.96,158.00,162.25,172.86,177.12,182.01,190.52,196.46,208.00,213.46,222.02,230.22,242.24,250.77,258.52,263.12,268.54,278.03,281.15,283.93,286.15,288.59,280.44,272.86,265.19,259.31,252.98,244.70,232.50,230.71,228.35,221.30,215.30,206.70,207.87,204.38,201.36,195.78,188.92,187.03,180.62,172.24,166.88,156.08,145.99,133.96,121.59,111.83
115.97,128.41,136.52,143.18,151.46,158.98,166.81,176.30,181.91,188.96,198.88,208.70,214.68,224.62,231.37,238.81,243.03,248.31,254.89,261.49,265.21,270.35,271.05,272.93,272.73,272.44,265.42,253.31,251.64,241.75,236.18,233.24,220.52,217.91,214.22,209.54,206.18,198.11,200.84,195.86,192.92,186.32,180.62,179.51,174.14,166.57,160.61,151.99,140.66,132.38,119.62,108.23
114.93,126.05,136.78,145.41,151.75,158.40,166.02,176.95,181.52,189.10,195.25,210.62,216.54,223.65,230.67,237.74,244.73,253.27,258.55,260.32,264.36,269.18,270.60,273.78,271.47,274.56,265.82,255.55,249.97,243.07,238.44,232.22,221.71,219.53,215.67,210.10,205.23,195.83,199.57,197.45,196.42,188.81,182.65,181.55,174.83,165.85,159.62,150.80,143.28,132.24,118.96,107.65
110.44,123.00,127.14,135.34,142.00,150.42,156.52,161.47,167.26,171.82,178.01,185.63,193.72,199.48,208.27,218.13,227.85,236.58,242.85,252.35,258.70,268.16,271.36,277.35,282.03,282.72,280.30,278.36,271.83,265.85,258.59,250.15,239.27,229.98,228.11,221.20,214.04,209.12,205.97,200.34,198.43,193.87,186.32,182.86,178.31,169.17,164.27,154.77,144.89,132.44,121.51,111.83
114.48,124.26,134.47,142.62,149.93,156.04,164.92,175.86,179.85,187.75,198.91,207.79,216.60,220.84,229.00,236.18,242.86,247.43,254.70,255.88,258.92,263.32,266.66,265.55,264.37,266.66,260.32,250.46,244.59,239.70,231.71,227.91,216.90,216.12,213.19,207.51,202.61,194.44,195.90,193.60,191.31,186.13,179.00,176.74,173.46,164.20,159.30,148.43,142.09,130.36,119.54,107.30
114.49,124.96,136.01,144.06,149.27,158.22,164.21,176.82,180.16,189.84,196.60,208.79,216.19,221.65,230.95,236.77,243.74,248.62,256.94,256.20,262.09,263.41,268.34,266.18,265.32,266.63,261.68,251.03,247.32,239.73,232.30,227.27,219.27,218.81,212.66,206.55,201.22,195.47,196.02,194.20,192.59,185.13,179.00,177.59,173.95,163.78,157.81,147.33,140.80,130.65,118.83,105.99
111.50,121.49,131.47,136.62,144.70,150.81,158.65,169.76,174.55,181.69,190.38,202.83,210.26,213.86,222.07,230.89,237.74,242.51,250.80,252.30,255.36,259.03,261.28,262.05,261.20,264.36,254.10,247.41,242.33,237.01,228.55,223.01,214.41,213.01,207.53,203.93,197.10,191.21,190.72,190.91,187.40,179.98,175.85,173.01,169.64,159.91,154.74,143.85,138.10,127.94,115.43,104.18
114.63,126.32,135.13,142.44,150.10,155.24,162.34,173.22,177.87,183.37,191.88,200.56,210.24,219.35,230.08,239.55,250.58,258.37,267.88,269.90,274.85,279.52,284.29,284.61,285.60,283.09,274.53,266.60,258.32,251.83,242.00,240.35,226.81,224.27,223.52,215.93,209.04,202.36,201.25,201.36,198.50,191.40,185.70,184.62,178.13,168.00,163.00,152.43,145.01,133.52,121.02,109.55
109.84,120.65,128.27,135.52,141.51,150.21,156.47,163.78,169.01,172.24,182.54,190.80,199.90,208.06,218.22,228.48,236.01,245.73,251.32,257.26,261.77,265.71,268.15,270.12,271.03,267.30,257.82,253.18,245.97,236.21,232.13,228.89,217.42,209.54,208.75,203.81,198.82,192.23,193.08,187.22,185.72,182.13,174.90,174.26,168.44,159.03,156.17,146.58,138.20,127.88,115.13,103.59
111.09,122.33,128.46,135.72,144.03,149.89,157.05,166.34,171.03,175.21,184.49,192.20,202.77,210.29,221.92,232.66,239.59,249.35,255.44,260.66,263.03,267.78,271.77,271.92,273.13,274.71,264.80,255.54,250.19,241.62,236.02,229.01,217.81,214.58,210.95,206.40,200.68,194.24,194.36,191.85,189.11,183.08,176.39,176.30,168.88,159.70,155.43,147.61,138.19,126.00,115.77,106.40
113.36,125.67,133.12,142.34,150.03,155.94,164.20,173.85,176.73,185.06,193.79,204.47,214.85,220.74,226.81,235.47,242.99,245.22,253.43,256.98,259.02,264.32,264.09,264.83,265.51,268.78,260.28,248.13,243.98,236.46,231.23,227.00,216.00,215.10,211.37,206.13,199.16,194.08,196.79,192.98,190.01,183.66,179.74,176.87,172.70,163.05,157.89,149.57,141.23,129.08,118.07,107.86
112.54,122.72,131.47,139.95,147.23,154.43,160.25,173.51,177.61,184.46,196.25,205.92,210.30,216.18,218.72,225.39,230.37,233.06,237.15,243.51,245.33,247.29,249.56,251.10,249.02,250.89,245.20,237.41,231.48,225.66,219.97,218.08,209.99,205.88,198.84,197.22,195.53,191.64,189.71,183.87,181.50,179.34,172.96,170.84,167.26,156.39,152.45,144.13,136.69,125.25,113.74,103.81
113.15,125.24,134.54,141.35,148.95,155.40,162.94,173.49,176.14,184.61,195.88,205.87,214.03,218.00,226.11,232.88,239.27,245.46,250.28,252.17,255.38,258.82,261.62,260.05,256.63,258.49,256.22,245.84,240.05,233.60,226.26,224.62,212.96,210.69,206.77,203.35,197.23,188.52,191.64,190.52,187.26,181.89,178.02,174.72,168.18,160.86,154.78,144.93,139.36,126.81,114.62,104.20
112.70,124.17,132.38,140.58,150.27,155.56,162.82,173.61,179.79,185.98,199.01,205.35,211.83,217.12,220.24,225.52,229.48,233.63,237.03,243.28,244.52,244.02,247.42,248.68,250.32,247.83,245.02,235.31,232.94,223.52,219.86,216.21,209.57,205.43,199.48,195.69,192.63,190.32,188.28,180.70,179.77,176.60,169.54,167.87,164.61,157.27,151.99,142.30,133.00,123.33,113.07,103.08
111.02,121.82,130.92,137.79,144.12,150.88,156.60,165.41,169.43,176.65,184.76,193.66,203.65,209.00,222.99,232.85,240.05,247.34,255.33,260.00,261.63,267.42,269.79,273.01,272.42,270.65,260.77,254.26,247.40,237.74,232.12,226.37,217.26,211.14,206.40,202.83,197.04,192.20,190.52,187.01,185.00,180.69,174.06,172.35,167.28,160.15,154.26,144.40,137.54,126.72,115.16,103.16
111.09,121.33,129.28,138.97,145.84,150.31,157.69,170.58,174.00,178.89,189.47,199.02,210.30,215.00,225.00,233.27,238.68,244.75,249.18,254.02,257.41,258.63,260.46,260.03,260.84,260.97,253.60,244.17,238.92,231.29,225.75,221.88,211.48,211.15,204.63,200.56,195.90,190.59,188.16,188.68,185.43,178.39,173.62,173.28,167.57,158.11,153.53,144.63,137.24,127.01,115.12,103.94
117.15,126.59,134.47,144.25,150.85,158.78,164.79,171.49,178.16,181.60,190.56,198.93,207.04,214.85,224.32,232.43,244.35,252.12,260.92,266.13,270.43,281.51,285.04,288.73,289.03,291.56,281.82,275.68,268.37,260.91,252.62,246.13,235.94,231.39,229.63,222.09,214.40,208.47,209.29,206.79,202.19,199.45,190.13,189.11,184.01,175.86,167.59,156.00,142.90,131.05,123.00,114.77
110.31,121.00,131.47,138.71,144.53,153.44,158.62,168.67,173.62,181.14,190.55,200.47,209.75,214.35,221.46,229.09,232.26,239.46,245.29,248.49,252.68,253.84,256.02,254.88,253.55,255.05,250.65,240.60,236.33,228.64,222.72,220.64,208.87,206.78,204.79,201.31,194.16,189.43,189.25,187.88,185.93,179.23,175.93,170.43,168.44,158.47,154.06,144.00,137.97,127.77,115.00,104.18
112.00,122.80,130.19,138.16,143.68,151.99,157.19,164.56,170.66,175.17,180.83,191.51,200.26,204.42,215.08,221.85,235.33,243.15,251.78,257.42,262.67,269.22,275.14,277.36,278.55,280.40,273.41,266.31,259.33,253.62,245.08,236.14,227.38,223.88,222.14,216.70,207.40,202.02,202.78,200.88,199.65,190.54,185.40,184.09,177.39,169.01,163.37,153.08,145.03,135.35,121.04,109.60
112.64,125.17,132.00,141.45,146.37,156.95,161.15,173.10,176.18,183.88,193.76,203.42,211.62,218.60,228.21,234.92,239.64,245.51,251.20,254.62,256.28,262.05,263.01,264.37,264.85,264.20,256.25,249.09,243.05,235.34,231.91,227.80,216.53,211.97,209.47,205.51,200.74,194.44,194.47,191.09,188.85,184.30,177.14,176.08,171.28,162.80,157.31,148.10,141.42,130.78,118.19,107.91
111.65,123.97,133.99,140.94,145.69,155.19,161.11,169.52,172.59,177.87,183.66,197.31,202.74,208.97,220.23,226.92,239.30,248.96,255.00,258.43,263.43,272.16,277.22,280.03,281.31,285.04,275.00,268.29,261.73,256.35,247.74,240.25,227.72,226.56,225.85,219.10,209.29,204.02,205.64,202.94,200.48,191.76,186.13,184.95,179.36,171.19,162.78,153.08,145.60,134.47,122.45,109.84
114.28,124.02,132.52,142.01,145.07,155.87,160.56,170.18,173.16,178.10,183.74,195.04,202.77,210.29,221.05,229.61,237.26,249.84,251.34,261.46,264.46,272.15,274.56,279.15,283.38,284.04,273.39,268.03,265.07,254.18,249.33,240.52,228.96,223.50,222.99,217.91,209.75,205.41,207.34,200.44,200.30,192.63,185.06,186.08,179.90,171.14,162.74,154.55,145.10,134.66,122.33,111.13
110.37,120.02,128.08,137.64,144.01,152.28,157.54,167.26,172.07,177.67,187.24,196.02,202.70,213.00,223.66,234.36,244.25,247.32,254.06,260.40,263.11,267.37,269.16,271.49,271.58,268.94,261.40,256.33,248.41,238.46,233.43,228.22,217.60,214.28,209.48,204.31,201.46,196.24,193.38,189.84,186.69,181.02,174.75,174.26,169.12,159.89,155.00,146.74,139.28,127.40,117.39,105.48
109.81,119.85,129.00,136.31,145.99,150.70,157.65,167.00,171.29,179.74,190.28,197.77,207.10,214.53,221.45,229.24,237.08,240.68,247.59,250.51,254.89,258.86,256.83,261.28,258.38,258.21,254.67,247.41,243.00,233.23,229.65,223.00,215.14,210.68,209.12,204.38,199.88,195.26,195.02,190.78,187.63,183.93,175.01,173.33,169.85,163.05,157.65,147.83,140.16,128.32,117.27,106.40
137.44,71.02,143.54,138.22,172.63,161.05,146.97,149.93,184.29,158.23,190.21,201.33,196.23,214.77,210.66,217.70,249.20,234.54,226.74,234.07,241.03,235.76,241.67,247.63,246.71,242.24,242.08,233.99,230.08,223.44,219.15,216.78,207.07,202.53,198.16,196.33,193.55,190.26,186.70,183.17,180.36,174.66,169.30,170.06,164.73,156.24,151.57,145.12,135.34,123.57,113.85,104.32
112.61,122.64,131.83,141.48,145.58,154.85,159.14,169.43,173.97,180.25,183.45,194.79,203.20,209.04,218.60,227.15,238.52,247.48,253.15,258.80,265.04,270.93,276.38,279.31,281.41,282.41,275.09,267.07,261.72,253.73,246.34,238.54,229.47,225.55,222.32,217.55,209.06,201.80,203.93,200.44,198.91,192.77,187.88,184.84,178.04,169.64,161.72,153.22,145.33,133.30,119.44,109.04
114.42,126.13,131.49,139.85,146.84,156.46,161.77,170.31,174.75,177.37,187.41,193.77,202.20,209.95,220.06,225.53,239.02,246.08,254.24,257.03,264.87,271.71,277.30,279.97,280.41,281.44,272.05,267.72,259.08,252.51,247.78,239.53,229.44,223.49,221.65,216.17,209.47,205.30,202.85,199.90,195.39,192.04,184.97,182.94,177.60,170.07,162.89,154.85,143.54,134.62,121.33,108.47
115.25,128.13,134.62,143.54,148.93,159.02,164.94,174.00,178.00,183.58,188.90,198.57,206.65,212.72,224.44,232.61,244.36,250.83,258.54,266.23,271.68,278.55,282.47,286.27,286.71,289.01,280.79,275.31,267.01,260.44,254.06,247.52,236.91,229.48,227.69,224.44,218.43,211.38,210.95,206.81,203.27,197.84,191.95,189.16,183.27,176.01,167.66,160.58,149.57,139.49,125.36,112.89
105.48,114.84,122.20,130.10,136.31,142.00,148.95,158.40,162.59,171.07,179.81,188.35,196.23,203.44,209.02,215.68,223.00,224.61,229.65,232.42,233.08,238.30,239.27,242.07,240.01,243.56,237.60,225.89,220.06,214.02,212.49,211.09,197.91,197.99,191.09,189.71,185.61,180.16,178.10,178.39,176.03,169.43,165.31,161.82,158.67,151.46,145.52,136.42,128.70,119.00,108.90,99.25
113.89,124.20,133.96,140.94,146.17,154.98,163.22,173.00,176.07,185.65,196.12,205.41,215.67,220.00,225.82,233.00,239.02,245.80,248.34,253.49,256.70,260.51,261.30,259.02,258.38,260.02,254.10,245.78,243.35,232.59,228.08,224.74,215.73,211.95,207.97,205.41,200.85,194.40,194.34,188.90,189.32,184.36,177.34,177.49,171.05,161.05,158.11,147.05,139.81,129.69,116.02,106.98
113.22,124.08,133.21,142.52,148.43,155.08,163.49,173.83,177.79,186.87,194.99,206.17,214.28,219.65,225.40,234.34,239.38,246.81,250.00,254.40,255.65,259.25,261.82,260.77,257.15,263.15,257.72,246.42,243.02,234.20,228.08,223.61,213.80,212.85,207.93,207.77,197.70,193.26,195.13,191.32,191.05,182.44,180.31,178.49,172.05,161.93,158.22,147.20,140.46,131.31,117.18,106.25
111.65,122.04,132.38,140.04,145.34,153.94,159.35,173.28,179.40,187.21,198.31,207.53,213.69,215.98,218.11,224.51,229.14,233.91,237.54,240.90,243.66,246.26,248.29,248.36,246.29,250.67,247.20,235.05,231.04,225.06,218.22,216.06,207.51,209.01,202.08,198.01,190.72,189.74,187.72,184.81,181.22,175.11,172.26,170.08,166.94,154.81,151.24,142.84,134.94,124.78,113.44,102.93
111.07,122.49,130.15,137.30,143.89,152.43,158.65,172.00,176.65,183.22,196.16,204.71,209.77,212.98,214.69,220.27,225.50,229.83,234.39,236.54,239.37,243.02,243.52,244.79,247.10,245.08,241.21,234.03,227.18,221.92,218.59,215.10,206.97,203.77,198.73,193.83,192.75,187.42,184.32,181.86,180.41,177.02,169.64,167.00,165.41,156.24,150.42,141.35,134.74,124.46,110.86,102.08
111.40,121.21,129.50,137.46,144.81,153.38,158.37,171.17,177.10,184.95,194.06,204.09,210.38,212.87,215.36,216.75,222.52,229.47,232.50,235.72,239.37,241.13,241.85,242.54,244.35,244.86,240.53,231.23,226.02,216.97,215.42,211.60,205.09,200.41,197.47,191.31,190.55,187.45,184.18,181.84,177.52,174.43,168.02,166.46,162.82,154.77,150.47,139.27,133.15,122.07,111.61,99.46
112.16,121.43,130.39,137.30,145.01,152.11,157.92,171.81,177.75,184.95,194.24,205.16,207.48,210.80,213.58,216.31,223.01,228.73,234.36,235.85,238.58,238.44,243.31,241.23,238.25,244.79,238.38,230.41,227.78,223.32,217.25,212.53,204.38,201.97,197.20,193.23,189.21,185.37,183.81,183.53,179.74,172.75,170.75,167.19,164.62,153.10,149.04,139.03,134.13,124.47,112.16,101.79
112.89,125.10,132.98,139.18,147.12,153.94,160.43,167.03,172.84,179.72,195.27,204.01,210.04,212.76,216.76,220.06,226.11,233.08,237.17,239.76,242.40,242.99,243.99,245.06,241.25,244.81,241.22,232.55,228.18,218.13,217.33,213.41,204.40,201.42,197.25,193.06,192.21,186.94,185.70,179.61,179.74,174.93,167.29,165.10,163.49,152.63,146.99,140.04,133.36,121.34,111.80,101.86
112.29,122.09,130.25,138.19,147.22,154.35,159.83,174.05,178.68,186.27,198.13,205.88,211.57,214.34,217.19,219.65,226.15,231.87,234.62,237.19,241.28,241.01,244.71,244.92,244.07,246.35,241.45,233.43,228.05,222.33,217.20,215.06,203.01,205.55,196.40,192.48,190.72,186.00,185.05,182.04,178.83,175.33,169.14,166.87,163.37,154.51,152.00,141.74,132.46,122.98,113.16,102.18
105.12,116.18,124.23,130.19,136.12,142.30,150.21,156.03,160.16,164.76,166.71,177.54,181.89,185.78,193.98,200.38,210.58,219.45,225.58,228.97,232.94,241.40,244.81,249.10,254.02,255.70,254.50,250.01,247.24,246.45,238.80,232.05,223.99,222.19,220.05,213.78,206.52,201.48,202.43,199.90,195.78,188.29,184.84,181.08,176.05,166.97,160.05,150.57,142.41,133.22,119.82,108.66
112.54,121.46,133.02,140.09,147.30,152.61,160.01,173.61,177.41,188.22,197.01,206.12,213.02,213.82,216.07,221.29,226.27,231.80,236.45,237.86,239.43,241.00,245.69,245.51,244.20,246.24,242.74,232.69,229.61,223.33,216.67,213.72,205.06,204.25,198.07,196.57,189.72,185.53,185.31,183.08,181.11,173.18,171.48,168.03,164.98,154.87,149.38,140.25,133.51,123.88,112.54,102.16
113.23,124.82,133.84,140.25,147.41,155.87,162.81,174.64,179.81,190.10,199.16,208.25,214.25,218.10,222.44,225.96,229.20,234.96,238.47,242.60,242.43,249.36,249.82,253.87,250.70,250.98,246.45,241.13,234.03,227.62,221.23,220.10,211.40,208.86,198.50,199.45,195.43,190.91,190.39,185.40,181.14,177.23,171.69,169.16,166.29,157.09,150.92,144.06,135.95,126.29,115.21,104.66
113.89,125.40,134.18,142.69,149.65,157.26,163.44,176.34,182.39,191.00,201.26,210.37,214.90,219.15,220.00,224.54,231.22,235.97,241.13,242.44,246.07,246.98,250.20,249.44,249.58,253.34,247.32,238.30,232.72,227.04,220.58,218.89,211.21,206.70,201.56,196.46,192.02,189.51,187.56,185.59,184.22,178.35,171.97,170.18,167.31,157.09,151.95,141.77,135.77,125.04,113.89,102.59
113.65,127.28,134.39,142.28,149.20,157.17,164.08,176.48,182.53,191.13,201.10,211.21,214.98,218.28,221.53,226.13,233.81,235.55,242.44,241.27,245.22,249.69,252.41,251.15,251.05,252.52,248.91,240.71,234.31,228.08,223.90,219.11,210.24,208.14,200.10,199.08,193.83,192.00,188.31,185.31,184.70,178.31,173.22,170.60,166.09,157.09,151.95,144.42,137.08,125.40,115.43,103.86
113.11,125.00,134.01,142.04,149.45,157.08,165.15,176.40,183.44,192.01,201.12,210.60,214.83,218.29,221.04,224.32,230.78,234.95,239.64,242.12,246.62,248.48,250.50,250.32,249.61,250.06,247.95,238.30,232.56,226.15,220.27,219.17,209.35,207.52,200.96,197.02,192.57,189.71,186.27,183.92,180.50,177.13,172.17,170.53,165.42,156.17,150.47,140.73,136.85,123.04,113.72,102.49
112.79,124.02,133.15,139.64,149.11,155.91,163.22,174.35,180.83,188.80,200.94,207.15,213.60,215.26,218.44,222.93,228.54,232.05,237.54,241.11,243.96,244.13,247.80,249.19,247.05,249.72,244.88,236.07,233.42,224.11,219.13,217.28,205.62,205.68,199.62,197.08,192.92,186.42,186.94,183.88,181.73,175.42,171.82,168.86,164.62,154.92,151.08,142.21,133.78,122.80,113.03,101.79
114.13,125.40,130.63,141.00,149.94,157.11,163.98,174.56,182.39,188.22,203.07,206.19,213.58,217.46,219.33,221.54,228.71,232.13,239.93,241.42,245.12,248.07,248.70,250.70,249.07,248.57,244.38,236.71,234.10,226.04,221.21,218.02,210.30,204.04,200.36,195.80,192.94,192.20,189.02,181.64,179.63,176.92,168.44,168.43,164.30,155.27,152.01,142.34,134.40,123.71,114.00,103.10
113.84,128.32,132.38,141.68,149.49,157.03,165.64,175.42,181.33,189.71,201.41,208.43,214.65,217.68,220.48,225.59,231.50,235.03,240.85,243.59,245.33,251.39,252.24,254.40,253.81,252.12,248.30,240.78,237.59,225.40,224.24,221.05,212.43,207.88,201.85,199.81,197.02,193.50,192.28,184.69,184.04,180.50,174.26,172.07,168.08,159.88,154.55,145.72,136.93,127.19,115.83,105.00
113.44,126.83,133.88,142.14,148.93,156.27,163.48,175.60,182.50,190.21,199.55,209.34,214.95,215.72,220.07,225.06,231.66,233.89,241.17,244.20,245.10,250.19,252.74,253.56,251.24,253.03,247.31,239.51,235.73,229.01,221.90,219.42,211.07,209.99,202.09,201.38,196.02,192.46,189.24,185.15,184.27,178.39,175.32,172.59,167.87,158.07,153.18,144.42,136.69,126.14,115.77,104.80
114.63,126.76,133.51,141.99,149.89,157.61,166.09,176.82,181.39,189.25,203.57,208.41,214.31,219.43,222.28,225.94,231.70,236.78,241.36,244.74,248.29,252.35,252.12,254.57,254.35,255.55,249.09,240.71,237.17,228.37,224.50,221.82,211.48,208.39,202.53,201.09,197.12,193.66,189.59,186.95,183.41,181.18,174.56,172.26,168.12,158.53,155.19,145.36,136.52,124.89,116.21,105.95
110.14,122.02,127.12,136.49,144.01,152.45,159.45,171.49,175.86,181.07,193.58,202.80,205.25,209.57,209.86,214.69,221.82,225.57,231.91,232.55,233.82,237.41,239.82,238.54,235.59,241.12,235.67,229.96,223.27,219.15,211.90,207.42,200.82,200.11,192.42,190.14,185.83,179.62,178.40,178.03,174.00,168.44,164.30,160.44,157.08,147.56,143.22,134.83,127.00,118.27,107.30,98.41
109.55,118.60,126.57,134.16,142.41,148.64,156.08,169.12,173.17,182.10,190.18,199.53,202.71,204.94,207.28,211.32,217.92,220.54,225.16,229.11,234.83,234.87,239.35,239.07,237.54,238.73,236.29,227.75,221.79,213.59,210.15,206.16,199.61,195.92,190.07,188.68,184.05,181.16,178.21,174.64,172.80,167.11,163.37,161.48,158.14,148.66,144.17,136.31,129.32,119.10,107.91,98.01
107.54,119.07,127.61,134.53,144.31,150.42,156.54,169.12,174.66,181.47,193.40,199.81,204.64,208.97,212.27,214.79,222.27,226.92,230.36,233.69,236.58,240.30,241.87,243.46,241.60,240.01,237.51,229.05,226.15,218.82,215.52,209.80,202.60,197.12,193.83,189.90,187.61,183.92,182.54,175.93,175.48,171.16,162.61,163.60,158.09,148.76,146.15,138.22,130.30,118.51,109.04,101.12
115.73,127.62,136.50,144.67,151.33,161.07,166.48,181.18,185.37,193.44,201.68,211.15,216.33,218.68,222.06,226.59,233.44,240.45,242.87,247.80,248.39,251.34,253.16,252.41,251.87,254.42,251.41,242.21,238.30,232.25,225.86,219.51,213.38,210.06,203.48,201.26,196.00,193.00,188.09,184.81,184.81,178.87,173.97,173.42,168.03,156.67,152.74,142.89,135.82,124.15,115.55,103.32
115.32,127.29,136.12,144.06,152.71,159.10,166.44,180.58,185.23,191.76,202.54,207.86,213.08,216.91,219.99,225.18,231.22,236.91,238.72,246.89,246.01,249.26,249.30,250.01,250.77,251.45,247.01,240.07,238.50,229.39,225.20,218.52,212.26,205.30,200.00,198.95,196.00,192.28,190.82,183.66,181.80,178.40,172.20,169.45,166.83,156.20,152.43,143.06,136.34,123.79,114.02,103.08
114.49,126.81,134.41,141.29,151.29,157.76,164.15,178.31,182.28,192.28,202.53,209.16,214.77,219.00,220.24,225.32,232.48,236.10,241.60,242.72,246.40,248.65,251.10,253.06,250.00,251.53,248.79,238.62,235.85,228.11,222.28,218.59,208.47,208.47,200.36,199.45,192.77,188.69,188.17,184.23,180.21,175.41,170.46,167.43,163.75,156.73,151.92,142.06,134.08,123.07,111.83,102.31
112.90,126.19,132.38,141.99,150.10,157.05,164.45,175.32,181.84,188.85,199.00,206.86,212.84,218.25,222.99,225.33,230.87,234.71,240.24,242.67,246.11,248.85,251.32,252.56,252.63,251.10,245.94,239.01,234.78,225.09,224.51,219.26,210.95,205.38,199.42,196.73,194.31,189.61,187.80,182.28,180.89,178.01,172.70,170.58,164.81,155.03,151.49,142.90,136.19,124.62,112.36,103.86
113.72,125.63,132.52,141.82,150.63,156.26,163.60,174.79,180.28,189.61,202.09,207.76,212.56,218.58,222.12,226.14,232.56,235.23,241.10,243.82,246.68,251.08,252.52,253.60,252.62,253.44,249.07,239.18,234.46,226.05,225.50,218.39,211.40,208.36,202.20,197.94,195.49,189.38,189.25,183.44,181.71,177.55,173.52,169.14,165.59,157.08,150.69,143.39,135.00,125.87,115.28,103.87
114.13,124.58,133.54,142.01,150.00,156.82,164.84,176.01,181.32,190.31,202.00,208.71,213.01,217.57,220.29,225.23,231.81,236.30,240.84,243.73,247.49,248.12,252.10,253.36,250.59,253.18,249.83,238.08,235.85,228.97,224.16,219.91,211.01,208.39,204.29,200.82,194.14,188.60,188.17,187.01,184.70,177.34,174.75,169.37,167.59,156.11,150.75,142.52,136.69,123.79,114.06,104.00
112.29,124.40,130.55,139.95,147.83,155.94,161.05,175.79,179.61,186.59,196.76,206.78,210.58,216.21,221.21,225.08,228.84,234.80,237.54,240.60,242.87,246.55,248.02,250.58,248.65,250.98,246.06,237.69,234.08,224.35,221.88,217.80,208.97,205.14,199.12,195.50,192.77,191.67,185.23,181.14,178.26,174.03,170.43,168.86,162.80,153.39,148.85,140.23,133.79,121.61,111.77,101.92
108.34,120.34,125.87,134.63,144.52,150.42,156.46,168.12,175.28,180.83,192.50,197.67,203.65,207.51,209.46,214.71,220.04,224.88,229.47,231.84,234.56,238.60,240.20,241.81,238.31,240.52,236.03,228.02,224.54,216.19,211.98,210.30,200.83,196.47,190.02,189.17,185.92,181.11,179.41,174.20,172.19,169.54,162.83,159.86,156.52,148.57,143.92,135.59,127.26,116.30,109.49,99.13
108.34,118.53,126.67,135.09,143.27,150.62,156.08,169.10,174.89,180.01,191.38,197.21,202.87,207.06,210.15,214.05,219.59,224.85,228.54,233.38,235.92,236.88,239.80,239.73,238.81,239.40,235.02,229.06,224.56,215.64,211.88,209.02,200.17,197.27,191.64,187.30,184.05,181.71,181.02,174.55,170.85,168.44,161.62,159.70,156.32,148.25,144.05,136.18,127.13,116.04,109.11,98.41
114.63,126.85,136.86,145.17,151.21,159.97,168.19,179.01,186.21,194.79,205.41,210.28,217.35,220.73,227.26,230.87,235.14,240.26,242.84,246.87,250.80,255.31,255.28,255.93,254.77,256.53,252.24,242.66,239.17,229.68,228.59,223.44,216.09,209.67,202.02,198.88,196.33,194.28,192.44,184.26,184.20,177.34,172.68,172.07,167.24,159.39,153.05,145.00,138.32,126.91,114.34,102.88
114.06,128.04,134.83,143.01,152.07,159.80,165.68,178.35,183.13,191.76,201.70,207.28,212.46,217.08,220.74,224.20,229.94,233.83,237.84,245.54,246.79,250.12,249.72,252.63,253.39,254.64,248.20,239.38,235.87,226.81,222.66,222.14,211.15,208.06,200.77,199.90,194.55,192.82,190.24,183.41,181.80,178.72,172.33,170.07,166.14,157.08,153.94,143.75,135.59,123.18,114.28,105.26
114.44,125.24,134.06,142.44,150.33,158.66,164.84,177.78,183.07,191.38,201.47,210.30,215.75,218.32,219.24,226.56,231.77,237.33,240.41,244.62,247.99,248.28,253.24,251.54,252.30,255.98,250.80,238.30,234.96,229.09,222.03,218.41,209.50,210.62,202.71,198.09,192.42,188.77,187.75,184.70,181.57,175.01,173.61,170.36,166.40,157.69,149.83,141.88,134.35,123.66,112.29,103.41
113.02,125.72,133.21,143.59,149.93,157.84,164.58,177.55,183.98,191.21,202.16,208.61,214.25,218.98,220.91,226.36,232.09,236.84,241.08,245.05,249.35,250.34,252.72,253.21,252.64,255.52,252.79,239.26,237.89,227.37,223.26,221.61,212.90,209.46,202.20,197.96,194.83,191.66,189.03,184.09,181.00,178.26,170.56,169.92,166.53,156.00,151.65,142.89,135.09,124.65,114.00,104.40
114.27,126.37,135.68,144.01,150.42,158.32,165.17,178.55,182.57,192.50,202.23,210.66,216.42,219.61,221.94,227.73,234.05,237.77,243.53,244.13,247.11,250.91,254.57,253.80,251.45,255.23,251.46,240.51,238.21,230.59,223.60,220.10,211.63,208.87,201.30,198.29,193.06,190.24,188.43,185.31,183.88,177.45,171.75,169.43,166.63,157.20,149.70,141.29,135.82,123.82,113.07,104.04
115.62,121.51,132.38,143.00,151.61,156.60,162.52,178.04,179.90,191.32,198.49,201.47,203.03,214.57,218.98,225.88,231.63,236.54,240.05,244.52,247.40,248.39,250.24,255.74,254.10,254.89,248.13,241.36,236.63,225.53,225.28,219.04,211.40,207.85,200.17,197.00,194.54,191.38,190.07,182.00,181.47,179.23,171.84,169.92,165.31,154.78,152.27,144.81,134.48,123.33,112.71,103.41
114.63,126.09,134.01,143.96,151.34,156.77,166.17,179.92,182.78,192.63,202.60,211.44,214.77,220.69,222.27,228.54,232.47,237.92,244.66,244.77,247.52,250.24,254.70,253.82,253.69,255.55,250.40,239.30,236.35,231.28,223.32,218.68,210.11,210.62,203.16,200.00,194.54,191.40,187.38,185.43,183.13,178.03,173.49,172.04,166.29,157.09,150.96,144.09,135.83,125.71,112.87,102.36
112.27,122.02,132.19,138.22,147.00,152.49,160.00,172.24,176.05,184.77,193.75,205.19,214.03,222.58,228.67,234.20,243.98,247.04,254.92,256.28,258.03,259.42,263.01,263.82,261.45,262.19,259.28,248.28,241.14,236.21,229.30,225.16,214.05,214.31,207.00,202.87,196.40,191.23,190.07,187.09,184.36,178.39,172.51,171.82,165.87,155.08,150.57,141.48,134.41,125.00,114.83,102.94
114.44,124.39,132.38,141.03,149.65,158.00,162.86,176.98,182.47,190.07,199.64,207.99,212.00,214.40,218.39,222.17,228.84,234.56,239.40,244.17,246.17,247.02,253.19,251.02,248.03,251.98,251.54,239.08,234.96,229.27,222.41,219.00,210.85,209.29,204.20,199.72,196.12,190.37,187.63,185.00,183.32,177.63,173.30,170.56,167.66,156.73,151.85,142.86,136.89,125.32,112.51,103.59
109.66,120.22,128.86,134.95,145.17,151.16,158.40,170.43,173.65,183.10,194.76,201.10,206.46,209.06,211.60,217.75,224.09,227.76,229.53,234.56,237.84,240.71,240.63,241.23,240.41,244.83,239.00,230.15,227.11,219.33,216.12,208.91,201.01,199.08,192.05,188.29,185.33,181.16,181.02,176.88,173.66,168.36,163.17,160.33,157.11,147.08,143.89,136.13,127.91,117.38,108.26,98.62
109.18,119.60,128.88,136.44,144.93,154.35,159.83,170.63,175.48,183.29,193.66,200.64,205.55,208.15,211.49,220.59,222.04,228.11,230.17,233.00,237.12,239.27,241.30,241.96,242.51,243.85,239.64,231.47,226.50,219.36,215.11,210.24,201.94,198.40,191.60,189.72,185.17,181.73,180.29,175.45,173.44,168.47,162.93,160.31,157.17,147.09,142.30,136.56,127.32,117.39,109.22,98.11
105.42,117.24,126.59,132.67,139.99,145.77,154.05,164.11,168.59,176.96,186.32,195.39,203.89,211.25,219.05,224.86,229.53,234.29,241.05,243.40,244.72,246.46,250.50,249.80,248.77,246.98,243.58,233.94,227.77,223.18,216.72,212.95,204.12,199.46,193.61,190.07,187.00,183.83,180.54,176.40,172.72,167.09,162.05,162.51,156.19,147.83,144.84,135.06,129.28,118.85,107.45,98.08
105.95,116.28,125.71,134.47,138.83,146.34,152.95,163.78,168.15,176.79,186.45,196.01,204.30,210.64,217.42,225.04,230.85,235.33,241.59,242.84,243.99,244.72,249.02,249.29,249.21,246.52,243.06,234.31,230.08,223.57,217.34,211.38,204.08,199.72,194.52,191.44,185.91,180.69,180.01,178.54,173.77,167.76,164.20,162.63,157.29,149.48,143.38,135.00,128.51,118.19,107.94,98.01
114.98,127.91,135.07,144.84,151.38,158.26,164.62,180.24,184.98,194.03,205.24,213.08,215.15,220.91,222.87,227.85,232.56,235.92,243.48,245.59,249.10,251.21,255.41,252.25,252.66,256.42,250.16,239.48,235.42,231.21,223.93,219.33,211.80,210.28,203.06,197.00,193.89,190.55,187.86,184.23,183.24,176.03,173.00,171.97,166.48,156.46,151.12,143.12,135.80,125.00,113.86,101.71
109.07,118.27,125.90,133.15,142.79,146.44,154.02,160.85,163.69,168.18,181.89,188.31,198.13,210.28,218.30,224.93,231.10,233.24,238.20,241.37,244.20,246.33,246.98,250.87,247.20,245.41,243.00,234.96,230.36,220.84,217.83,213.48,205.36,201.72,194.83,191.45,187.92,182.89,181.65,177.00,173.67,171.23,162.89,161.37,157.88,149.89,145.34,136.72,128.86,118.83,109.17,100.12
116.62,127.88,134.20,142.06,150.96,158.05,164.76,171.60,175.23,181.33,187.01,194.49,201.00,206.32,215.57,223.09,233.45,241.13,249.56,252.41,257.56,267.24,271.44,277.07,279.65,282.81,281.43,276.73,272.61,267.75,260.66,254.24,246.42,242.40,238.90,233.93,226.81,223.83,219.15,217.39,214.16,208.41,199.81,197.21,191.00,181.91,175.51,166.29,154.95,143.78,130.97,117.89
106.30,117.35,125.92,133.15,140.36,147.63,154.38,166.72,170.56,178.44,186.70,195.98,200.36,204.46,209.46,210.24,216.18,222.58,225.08,228.97,232.55,233.28,237.43,236.23,235.51,240.20,235.77,223.78,221.84,215.81,209.91,204.97,197.70,197.80,191.18,186.94,184.74,177.55,176.85,175.07,174.00,168.25,164.61,160.02,157.58,146.48,142.05,135.00,128.41,115.11,105.31,97.02
111.02,123.17,129.03,137.93,144.52,153.00,160.03,171.75,175.07,183.81,193.85,201.04,207.18,210.85,216.33,218.58,223.02,229.40,231.87,237.00,238.58,241.00,242.54,246.45,244.62,242.92,237.78,232.86,228.60,218.04,215.23,212.13,205.01,200.41,195.85,191.71,191.21,186.08,183.17,180.07,177.23,174.86,165.92,164.11,159.40,154.31,147.65,137.32,129.44,119.08,111.29,99.37
110.98,121.20,129.03,139.01,145.34,153.57,159.08,171.19,174.45,182.63,192.44,199.72,207.33,212.13,216.12,220.42,223.71,230.49,232.57,237.24,239.17,243.28,242.84,245.97,242.99,246.46,242.40,231.90,229.89,220.84,217.02,214.45,205.12,202.27,196.96,194.03,189.84,185.88,185.04,179.51,179.69,174.41,169.25,165.59,161.72,154.56,148.22,139.20,130.86,119.47,111.02,101.41
105.60,117.35,123.22,132.40,140.93,148.93,152.41,163.41,168.81,175.21,186.34,193.37,201.06,204.94,208.69,211.26,215.96,222.14,226.81,229.12,229.82,233.06,235.03,236.91,233.99,237.69,232.57,224.24,218.92,212.98,207.99,204.69,198.09,194.49,190.76,187.11,183.17,176.49,177.50,173.42,170.88,166.05,160.70,158.81,156.06,147.83,144.52,135.24,127.12,116.36,107.49,96.18
107.81,117.83,125.16,133.15,141.01,147.30,155.50,166.37,169.71,177.69,187.45,194.10,200.00,203.94,208.28,210.15,216.90,222.74,226.75,227.85,228.59,231.23,234.00,235.59,233.68,233.62,228.27,224.72,220.01,210.72,205.81,202.57,194.14,190.25,185.61,184.56,179.89,177.89,175.41,172.07,170.07,165.41,160.26,157.92,154.56,146.41,141.44,134.63,126.85,114.55,105.69,94.92
109.90,122.69,128.22,136.65,144.07,153.88,160.15,172.66,175.01,181.04,193.66,198.80,198.70,197.13,207.04,206.04,214.48,218.33,223.39,218.45,218.69,222.40,225.50,227.37,225.89,229.39,225.20,218.82,217.38,208.87,204.30,204.02,193.75,192.42,187.36,185.10,182.99,179.80,177.26,171.47,169.54,167.53,160.90,156.85,156.43,147.65,141.22,133.24,125.16,116.66,109.42,97.08
106.55,118.53,124.15,133.30,140.73,149.41,155.86,165.95,171.70,180.60,186.70,193.04,191.09,195.49,193.98,195.79,200.06,205.22,208.54,211.57,214.79,217.22,218.67,221.35,222.44,221.38,219.17,212.34,210.28,202.08,198.00,197.08,188.69,184.04,178.54,178.44,176.69,172.61,170.43,167.49,165.01,162.51,154.74,153.67,150.42,142.04,137.93,129.81,121.82,112.20,103.45,94.09
116.47,129.85,137.03,145.25,152.69,160.43,167.72,178.73,180.69,186.43,192.51,196.71,201.00,203.04,207.56,209.24,216.71,222.03,229.22,231.61,234.88,234.87,240.28,240.05,239.11,240.85,237.13,230.50,223.04,216.97,215.06,212.00,202.30,196.46,194.49,191.85,188.79,186.27,181.87,180.83,177.34,173.64,166.48,166.01,161.61,153.22,148.31,138.00,132.97,120.62,110.02,99.25
108.68,121.02,130.38,139.29,145.23,154.16,158.82,169.50,174.75,178.06,184.55,196.46,204.94,211.63,217.30,219.99,223.52,228.62,234.52,235.85,238.47,237.60,240.41,241.68,240.97,242.40,236.65,228.41,222.52,215.64,210.47,206.93,199.01,194.08,193.93,189.08,182.91,179.88,177.02,176.16,174.07,169.29,162.61,161.94,157.89,146.87,144.51,135.83,128.80,120.51,107.28,97.08
109.55,119.25,126.04,134.30,139.83,149.75,155.68,163.23,165.22,171.30,177.00,181.96,187.00,190.38,195.06,197.21,202.00,206.85,212.04,215.94,216.28,217.59,218.51,222.32,223.38,223.65,216.41,212.40,207.69,199.46,196.76,194.83,187.01,182.63,177.87,178.20,173.67,168.83,168.03,167.87,162.61,160.53,154.69,153.84,150.01,140.98,137.64,127.63,121.33,111.83,101.26,91.84
97.08,106.25,124.66,134.35,141.33,150.14,151.33,150.84,163.78,167.26,174.93,182.39,188.53,196.01,199.61,201.00,205.27,208.29,215.52,215.57,219.21,220.27,224.14,226.50,221.47,223.58,217.33,214.55,209.31,201.00,199.61,195.26,187.41,182.58,181.01,178.85,175.25,170.42,169.50,165.68,164.05,161.55,152.74,151.85,149.11,141.50,137.06,129.10,122.20,110.86,101.79,93.23
109.12,121.70,126.14,134.35,142.86,151.61,157.04,165.42,168.05,172.68,181.01,186.01,191.04,195.16,201.11,203.94,208.87,214.66,219.97,221.00,223.57,227.30,226.77,229.92,227.04,227.56,223.04,219.40,211.29,205.18,201.25,198.08,190.28,184.17,184.59,181.87,175.56,174.61,172.54,171.86,165.86,164.16,156.70,154.32,151.48,144.97,140.46,132.56,123.02,113.60,104.04,94.63
109.57,121.93,128.72,136.85,142.84,152.46,157.43,166.76,169.61,175.45,182.91,189.08,195.24,198.30,203.71,206.63,212.20,215.33,221.62,225.84,225.06,229.71,231.48,235.69,232.96,231.37,224.20,220.34,214.16,208.02,206.89,200.35,192.88,186.53,185.59,183.10,177.90,175.48,173.90,171.83,169.46,166.21,160.29,158.08,154.02,144.81,141.01,132.97,124.58,116.25,104.24,93.35
111.52,123.41,128.16,137.23,145.52,155.42,159.81,167.37,173.14,177.09,185.31,191.47,198.88,203.55,209.12,212.13,217.09,222.78,226.77,232.00,232.65,234.52,234.71,241.23,236.76,234.42,229.47,225.61,219.27,210.67,207.62,204.02,194.65,189.02,190.69,185.32,180.58,177.02,176.26,172.66,168.94,167.26,160.00,159.68,156.52,146.49,141.78,135.47,124.81,116.06,107.00,96.14
114.59,126.48,132.20,140.25,148.76,157.92,163.34,171.06,177.12,182.24,192.00,194.25,202.48,208.43,213.62,215.76,220.45,225.58,232.17,235.23,236.17,239.01,238.83,244.70,240.75,241.00,233.56,229.54,219.97,212.64,210.01,205.08,198.31,191.42,191.86,186.30,182.54,177.80,177.63,174.04,168.76,169.50,160.58,158.90,157.31,148.03,142.94,135.67,124.85,116.48,105.80,95.77
115.38,126.57,135.71,144.14,149.28,159.25,165.10,175.51,179.63,186.94,193.04,200.41,209.30,212.87,216.90,222.46,226.56,233.12,236.89,240.39,239.10,242.26,245.28,245.60,245.25,246.98,237.33,229.90,226.26,217.85,213.02,207.63,199.09,195.53,195.35,189.71,184.36,176.14,177.69,175.38,173.05,167.11,164.15,160.10,158.01,148.72,141.43,133.84,128.27,119.42,106.93,95.48
116.02,126.81,135.80,145.43,150.55,162.25,166.40,175.39,181.11,186.04,192.09,200.50,206.94,213.60,220.51,223.18,226.81,235.44,238.32,242.16,243.25,246.15,246.13,249.72,248.16,247.32,236.21,233.00,226.55,218.58,215.86,210.49,199.81,194.03,191.00,189.86,184.62,179.25,179.63,174.20,171.01,167.29,162.16,160.59,157.00,146.10,140.43,134.54,127.48,118.56,106.68,95.34
116.40,128.89,135.34,144.55,149.77,161.24,166.39,174.47,178.90,185.81,191.85,200.86,208.83,211.74,217.68,223.14,230.05,234.71,242.86,243.74,245.66,246.71,245.79,251.91,247.54,249.48,238.21,231.11,227.11,218.58,214.74,206.69,198.29,194.55,193.75,187.56,180.71,177.10,175.19,174.18,171.83,166.93,160.38,160.65,154.78,148.19,142.64,135.53,126.63,118.09,105.85,95.01
119.57,128.81,137.03,146.99,152.53,163.47,169.16,180.08,182.50,187.20,192.33,204.48,211.21,217.79,221.14,225.18,234.36,240.05,243.91,245.70,247.39,249.16,250.74,253.22,249.10,249.51,237.54,234.65,226.57,218.93,214.44,208.97,198.91,189.45,191.44,187.88,180.32,174.26,176.11,174.07,170.29,166.37,160.64,160.61,154.40,145.33,139.79,133.23,124.92,117.07,105.11,94.26
115.41,126.44,133.99,140.87,152.11,159.67,164.45,172.41,175.45,182.63,189.62,196.15,204.19,209.39,216.39,221.07,229.87,232.50,237.07,234.52,234.03,237.30,237.12,238.37,234.10,238.17,222.41,218.00,211.81,205.00,196.82,189.76,181.73,176.48,177.50,170.46,163.27,157.29,159.20,159.21,155.24,152.55,146.66,144.52,141.66,136.01,129.08,123.47,114.98,105.85,97.45,88.20
116.40,128.58,137.20,147.15,151.91,160.82,165.50,175.19,180.00,185.74,190.79,200.08,207.39,211.81,218.05,222.35,229.96,234.03,237.89,239.03,235.34,237.70,235.48,238.25,236.36,234.08,220.05,215.61,207.48,200.41,195.02,188.90,180.45,174.07,173.61,168.36,161.97,158.50,157.84,157.92,152.64,150.00,146.21,145.77,139.70,131.49,127.28,123.00,115.73,107.49,96.80,86.02
118.68,131.24,141.33,148.60,153.77,166.11,170.45,178.62,186.82,187.96,193.94,202.55,211.10,213.23,221.56,227.69,234.03,240.01,245.46,249.20,245.84,247.81,244.00,250.00,243.98,238.21,230.05,226.61,219.02,210.47,200.96,197.41,187.75,180.23,178.71,176.23,167.09,162.83,163.81,162.44,161.62,154.03,151.34,148.00,145.25,136.50,132.10,124.52,119.10,109.37,97.42,88.87
119.87,132.19,139.78,148.84,155.60,167.36,172.49,180.54,185.27,189.91,196.21,203.42,212.81,216.06,222.30,229.98,234.91,241.47,248.20,247.62,245.46,247.42,243.73,247.54,242.54,238.82,228.71,224.76,217.35,209.48,198.65,194.18,183.97,178.94,179.40,174.50,165.85,161.25,162.79,161.31,160.07,153.48,149.89,146.11,143.50,136.17,132.65,124.81,116.21,110.11,99.16,89.87
112.16,123.04,130.61,139.52,147.71,157.62,161.97,167.59,172.79,176.88,181.84,188.04,197.31,199.25,201.63,197.52,194.59,189.81,191.38,193.40,189.61,186.60,188.22,189.84,186.53,180.05,174.00,171.01,166.77,160.38,153.44,151.92,148.22,141.85,141.41,138.71,132.52,128.47,128.70,130.38,127.14,125.78,124.79,121.76,121.59,112.36,109.77,105.02,100.28,93.74,85.45,76.24
110.21,119.27,125.88,135.72,143.13,150.75,156.78,162.44,167.37,169.01,178.44,182.79,188.27,192.77,195.69,190.43,184.76,180.06,182.99,183.36,179.77,176.03,175.80,179.78,174.56,172.99,165.08,161.48,157.44,149.28,146.28,143.59,140.80,134.33,133.66,131.03,126.91,124.48,124.02,120.51,118.53,121.56,114.28,114.74,114.23,108.25,106.55,100.17,94.09,89.49,81.69,73.06
120.51,132.03,139.23,148.49,155.22,166.03,168.50,178.20,183.07,187.52,193.29,198.60,205.12,209.31,215.67,222.03,228.82,233.63,238.65,240.52,237.50,238.40,238.31,239.70,239.38,232.03,218.44,213.94,202.95,195.88,190.78,185.72,176.92,168.75,167.97,162.39,161.74,157.14,160.10,158.27,154.94,153.63,151.34,148.22,146.73,139.95,135.35,127.64,121.56,113.36,100.34,93.23
109.79,122.00,129.07,137.57,142.89,153.39,155.54,163.93,164.68,167.59,170.00,174.29,176.92,178.21,178.00,179.23,175.25,177.59,173.08,167.86,166.82,167.17,168.19,167.29,164.76,163.29,154.03,147.34,146.49,139.46,136.00,132.52,130.38,124.91,124.40,124.89,120.51,118.85,121.28,121.10,117.95,116.50,116.82,116.47,119.36,114.24,111.07,106.89,100.60,96.30,87.21,79.18
111.63,122.41,131.37,138.92,144.92,152.20,158.47,165.13,166.36,170.07,171.41,176.23,180.75,181.47,179.72,182.43,178.21,175.86,171.27,168.67,167.36,166.03,165.70,165.59,164.20,160.70,150.89,146.12,146.11,139.04,136.85,132.25,130.70,124.62,123.88,125.87,118.53,118.87,118.71,121.26,119.62,117.80,118.85,119.08,118.83,115.00,112.33,107.70,99.32,104.66,86.68,75.58
112.16,123.04,129.47,140.01,145.50,153.39,160.08,164.01,165.75,166.08,168.88,169.84,170.65,169.05,169.17,164.47,164.64,161.25,163.62,162.69,160.11,161.31,159.84,161.60,158.43,157.08,146.29,141.43,142.21,135.33,133.63,130.17,127.31,118.93,118.27,118.66,115.41,116.18,117.05,118.68,117.96,117.43,114.18,116.76,119.85,116.08,113.53,109.44,103.77,97.59,90.62,80.22
110.72,120.97,131.05,137.93,141.66,151.48,156.63,167.30,169.80,172.89,178.21,183.37,184.36,185.27,197.67,194.03,178.10,192.20,194.49,186.94,175.97,170.53,169.96,172.63,170.95,168.24,159.30,155.76,150.27,146.87,142.24,140.00,134.33,129.71,129.39,128.08,127.03,124.45,126.78,129.62,131.03,128.02,128.79,127.53,126.61,122.09,116.10,111.65,107.42,101.41,90.14,80.41
116.28,129.25,137.30,146.01,153.94,161.72,167.84,174.87,178.91,182.08,186.42,193.31,197.52,202.25,205.18,207.63,203.48,201.10,200.04,191.01,186.59,186.59,186.30,183.10,179.01,179.40,168.08,166.29,157.92,155.29,149.46,145.36,140.00,136.89,137.36,136.12,130.21,127.78,134.66,138.08,136.24,134.63,132.74,133.65,132.59,127.02,124.92,119.85,112.89,107.70,97.02,87.82
116.85,126.83,137.52,144.45,151.43,158.09,164.20,168.44,167.20,170.79,170.00,171.41,173.05,171.84,168.07,168.27,167.52,167.59,165.39,163.78,160.08,159.11,156.92,156.26,155.88,155.93,148.22,137.99,136.61,131.24,129.36,123.02,120.42,117.52,118.51,113.78,111.16,109.77,110.28,118.19,116.21,115.32,117.39,119.21,123.69,117.39,113.74,112.59,105.08,102.42,94.07,82.76
120.11,131.83,141.65,150.65,158.50,166.51,169.81,176.23,178.73,184.01,187.61,194.64,198.36,199.04,202.80,201.91,203.38,195.72,198.96,191.47,183.00,182.56,179.45,178.75,177.61,174.94,165.08,159.84,155.44,150.73,146.32,140.43,138.44,135.06,135.91,134.41,127.01,126.67,128.16,135.57,133.60,130.30,131.37,131.91,132.37,124.33,123.49,116.85,112.73,106.79,96.69,87.32
126.85,140.73,147.08,157.11,165.08,173.81,180.65,186.01,188.81,191.13,194.76,204.27,204.71,206.53,214.95,215.70,222.72,227.86,230.00,235.69,230.99,234.23,234.29,230.87,224.38,223.49,201.14,195.56,185.91,176.26,169.24,162.05,150.62,148.00,149.04,146.17,140.04,138.35,141.74,144.96,144.27,138.00,141.66,138.01,137.48,132.61,129.19,124.31,118.04,111.66,101.04,92.59
124.28,135.92,144.64,156.16,160.46,170.00,176.64,181.34,184.32,187.18,189.61,196.80,199.49,201.80,207.54,209.35,217.45,220.32,223.61,228.89,223.49,226.00,226.60,222.43,216.45,213.14,193.41,188.35,181.20,171.07,164.17,157.78,146.44,141.87,141.88,140.09,137.12,134.83,138.57,139.95,140.07,135.37,136.42,136.40,133.96,129.12,126.12,120.93,115.76,110.11,99.41,89.44
127.20,140.66,146.99,157.18,166.01,174.73,179.23,184.39,185.53,190.18,195.14,199.57,201.36,203.73,211.26,213.41,218.07,223.16,227.69,229.87,229.21,234.27,231.77,232.43,225.00,224.02,204.50,192.50,181.25,172.36,166.19,157.47,145.77,146.86,143.56,138.71,135.09,132.02,134.54,137.79,138.13,138.59,135.68,136.97,133.54,129.29,125.90,121.64,113.00,108.17,99.30,90.92
146.63,160.51,169.78,180.01,192.04,198.92,204.48,209.75,213.02,217.44,222.04,227.38,228.90,232.00,237.36,239.01,245.73,248.67,255.99,257.12,258.23,264.70,266.27,271.12,270.84,273.89,265.99,260.86,254.00,245.07,238.30,227.67,211.86,208.87,201.90,195.41,188.88,186.94,184.48,182.16,179.01,176.14,169.92,169.45,163.42,160.01,154.00,145.21,135.80,128.80,121.60,107.52
135.35,148.41,158.32,169.18,176.05,180.07,189.11,193.09,196.06,199.01,201.12,206.46,208.22,208.46,213.19,212.71,221.92,221.58,225.85,231.14,229.17,234.07,234.64,236.30,234.02,233.73,207.51,194.28,178.81,162.96,143.59,131.85,114.84,106.83,102.65,101.84,103.08,100.28,105.11,108.45,113.45,117.29,115.88,120.07,122.07,123.55,123.04,114.63,109.29,104.81,96.83,89.59
129.31,142.05,151.21,160.86,168.83,174.23,181.55,184.62,187.24,191.27,193.04,200.24,201.02,200.60,202.41,203.80,212.72,214.48,217.04,221.63,220.05,227.22,225.57,225.02,222.05,223.02,200.42,182.00,170.55,154.26,134.89,121.20,104.48,100.69,95.51,95.26,93.74,92.36,97.62,102.45,107.49,107.00,111.41,116.09,116.97,116.06,111.52,106.67,104.06,101.04,93.41,84.06
118.68,129.00,139.18,147.61,154.62,160.70,166.19,168.18,171.33,176.41,179.95,183.53,184.30,185.01,187.63,189.50,198.12,198.41,203.00,202.07,204.12,209.75,209.75,211.98,212.00,210.06,196.43,181.96,171.82,152.55,138.08,121.31,93.02,89.44,77.93,80.53,72.40,71.84,77.23,93.01,99.13,103.79,106.74,107.17,112.01,113.74,112.61,108.17,102.88,94.09,89.49,80.72
126.78,139.44,147.80,156.65,165.16,172.59,178.21,179.01,185.22,187.18,189.45,196.01,198.70,201.30,201.80,206.40,210.79,214.11,219.01,221.29,226.92,228.86,226.63,229.43,232.96,232.46,221.63,209.72,200.50,180.01,172.12,148.00,119.51,106.21,94.64,87.32,89.19,87.00,97.94,111.09,118.02,124.74,128.41,126.73,130.92,129.14,123.37,119.10,114.24,107.69,99.25,87.42
139.40,154.73,166.68,177.91,183.10,192.21,202.97,209.65,212.20,217.02,218.98,228.32,229.47,228.48,234.97,237.15,245.72,248.49,254.02,255.20,259.95,265.20,266.91,268.79,274.02,276.94,270.65,262.49,257.42,248.39,233.69,219.24,197.20,190.47,178.08,177.59,171.29,168.55,166.21,167.92,168.43,158.76,161.42,159.36,156.46,148.65,141.44,133.06,131.21,123.00,111.61,99.86
123.94,137.00,145.96,156.08,164.45,174.48,179.21,183.64,188.68,192.27,195.58,198.01,200.32,200.68,204.41,209.30,213.77,216.45,221.17,221.07,224.50,228.97,231.28,232.17,235.48,236.04,231.42,224.06,220.30,214.79,208.25,200.06,193.34,188.28,183.10,180.51,177.01,170.23,171.03,168.36,164.88,163.48,157.43,154.21,152.61,147.19,142.17,134.77,130.00,121.76,113.23,101.51
132.10,144.59,153.05,165.68,176.31,184.71,191.05,196.70,202.79,207.21,211.48,216.09,219.51,221.12,225.81,229.39,237.74,241.30,244.77,249.36,254.91,260.82,261.20,266.02,271.55,274.20,269.32,259.39,251.92,238.56,223.66,201.32,165.56,160.08,151.16,154.00,152.03,155.26,156.20,158.03,155.76,156.54,154.74,154.40,149.48,146.45,142.23,133.56,127.46,122.43,113.88,103.59
126.91,141.15,150.27,161.23,169.20,181.25,186.27,193.05,199.53,202.71,208.39,212.02,215.42,217.38,221.46,226.92,228.09,232.83,238.02,242.40,246.34,250.42,250.91,258.10,260.23,264.61,258.94,253.94,252.40,244.74,240.97,234.20,227.04,222.46,214.39,209.32,202.41,199.94,194.10,187.27,183.00,179.62,176.41,167.03,167.57,159.31,154.15,146.26,138.66,129.87,120.83,108.90
130.61,144.54,152.46,165.70,173.95,185.10,190.80,197.95,202.77,207.89,215.24,219.32,223.04,225.53,229.05,232.95,236.58,239.93,246.13,251.21,256.68,260.73,263.15,268.20,270.41,272.84,267.00,260.25,255.88,243.45,236.61,226.15,212.90,200.12,192.88,184.20,176.37,176.57,177.18,174.80,177.09,174.59,171.14,166.01,165.94,159.59,156.67,148.27,135.09,123.22,115.21,83.86
131.55,144.03,153.48,166.41,174.95,185.08,190.00,199.01,204.71,209.61,215.03,219.83,223.83,223.52,227.61,232.56,238.47,241.17,247.39,250.28,253.66,259.62,263.71,264.49,269.11,270.80,267.15,259.98,253.50,244.10,235.44,225.06,207.61,201.70,190.91,190.26,185.43,182.56,182.12,178.04,175.82,170.88,167.33,163.31,163.42,156.21,151.82,144.10,134.30,132.38,123.55,111.20
129.62,143.09,152.46,162.81,172.42,183.17,191.23,197.25,203.18,207.15,212.92,218.55,221.52,221.88,225.81,230.67,237.41,238.74,246.53,245.07,253.13,256.89,258.70,261.49,268.27,267.03,263.65,257.10,252.52,243.10,233.57,222.28,207.97,199.61,195.02,189.19,186.17,181.46,179.32,176.66,175.07,172.35,166.00,161.40,161.25,154.85,150.08,141.61,137.23,130.86,121.81,109.93
127.57,142.30,152.61,165.94,173.83,184.71,191.66,200.72,206.95,211.47,214.87,222.47,227.97,228.54,230.71,234.87,241.51,246.27,251.31,250.60,254.94,259.38,263.02,265.40,268.08,273.18,268.63,258.52,256.31,244.93,236.58,225.80,206.46,205.29,193.77,186.95,174.35,170.36,172.05,171.42,167.92,159.68,160.95,156.55,156.17,147.35,141.06,133.82,130.36,123.56,112.58,103.39
122.97,136.62,145.04,156.24,164.20,174.38,180.71,189.02,193.99,197.73,204.71,210.77,212.56,214.15,217.88,223.06,228.30,230.15,235.71,237.47,241.67,247.08,246.34,250.83,252.42,254.33,251.25,245.60,242.00,230.85,224.51,216.09,202.43,197.00,187.38,179.23,171.55,166.57,167.20,163.22,160.08,154.43,152.24,148.98,146.66,139.49,134.63,126.63,121.62,114.54,108.37,99.33
131.83,146.54,156.52,167.59,179.45,190.69,195.04,205.23,213.02,216.01,222.00,228.32,234.96,234.10,238.62,242.19,247.50,251.34,255.31,258.45,262.00,265.14,266.51,271.54,271.67,273.13,269.46,262.65,260.77,249.99,241.05,233.36,216.89,206.53,194.16,189.55,179.63,172.68,168.44,165.24,158.23,156.42,154.04,146.26,145.84,140.43,133.63,126.63,120.92,114.97,108.37,98.03
133.75,147.83,157.63,169.54,178.81,189.27,197.39,209.88,214.67,219.34,225.06,230.05,236.25,236.41,238.95,244.30,248.94,253.99,258.38,259.01,264.09,267.42,269.45,272.62,274.31,275.75,271.83,264.59,260.60,252.24,242.49,235.31,216.63,207.34,194.65,186.97,180.01,172.51,167.17,164.14,159.66,154.32,153.06,146.73,144.81,141.15,132.00,125.03,119.75,112.54,106.02,95.27
133.26,148.40,159.20,170.36,180.69,192.20,198.11,210.12,216.97,221.06,224.74,233.98,236.08,237.12,241.46,245.64,251.98,255.85,260.10,259.43,265.66,267.99,271.31,274.18,274.59,277.36,275.05,263.47,262.56,252.41,245.10,234.29,221.27,210.51,198.39,187.42,177.13,169.52,170.34,164.88,158.42,152.09,152.05,143.68,142.36,137.77,131.21,121.70,118.11,110.32,104.22,93.34
124.92,139.13,147.46,159.96,167.76,178.71,185.97,194.00,201.19,204.80,212.04,215.42,221.35,220.91,225.85,230.27,234.42,238.45,241.90,244.12,248.12,253.00,254.19,254.59,258.52,257.94,256.43,250.74,243.63,239.95,233.31,225.89,211.04,202.53,190.52,182.12,174.84,169.92,161.37,155.05,148.19,145.21,144.17,136.06,135.48,127.12,121.75,113.37,106.51,100.84,96.18,85.91
124.53,137.12,146.66,156.97,169.04,177.87,185.54,193.00,200.48,203.65,210.26,215.42,221.33,221.46,225.85,229.61,235.59,238.42,241.82,244.17,248.17,250.77,253.34,255.19,255.88,257.87,256.22,247.70,245.15,240.05,231.69,223.86,210.30,202.61,191.97,181.02,172.79,167.55,159.48,155.16,147.26,142.24,143.28,134.62,133.70,124.90,121.63,112.61,106.02,98.98,93.02,85.09
134.16,148.22,160.03,170.95,180.31,190.39,198.88,209.80,218.76,222.32,228.57,233.62,239.43,239.75,242.56,247.70,253.40,256.10,262.48,262.01,266.17,270.90,274.12,273.76,275.09,279.73,277.22,266.56,262.09,256.22,250.64,240.83,224.59,222.00,207.50,198.01,186.66,177.49,167.82,160.82,155.03,149.27,147.96,142.71,137.36,127.58,122.49,113.60,108.75,104.06,95.52,85.70
135.06,150.65,162.78,174.50,183.81,197.65,203.01,216.91,223.89,227.22,232.47,240.63,244.19,245.80,249.44,253.95,259.94,265.48,270.02,269.62,272.38,276.01,279.04,279.65,279.73,283.94,280.44,268.68,267.05,259.83,249.95,240.68,220.60,205.04,183.12,172.24,150.75,141.74,134.74,134.63,128.72,119.10,121.66,119.02,114.23,106.30,101.21,94.05,89.05,85.48,77.13,71.28
128.55,141.28,154.74,164.77,175.31,187.75,193.49,205.68,211.60,216.90,221.65,228.54,234.00,233.81,236.92,241.11,247.89,251.20,256.73,256.43,259.37,262.77,266.33,267.48,265.05,268.78,265.76,256.82,253.34,246.46,235.72,226.82,210.00,193.55,172.29,162.31,142.34,134.33,126.67,126.19,118.60,111.88,112.01,112.01,104.20,96.77,93.65,86.98,82.76,79.91,72.01,64.38
127.48,142.17,152.95,163.77,176.38,187.38,194.01,205.51,212.20,215.23,221.72,228.18,233.96,233.60,236.21,241.66,247.00,250.46,255.98,257.49,259.17,262.21,264.85,267.07,266.83,270.39,266.63,255.18,252.93,248.68,240.01,228.53,209.25,190.28,169.84,147.46,133.20,120.04,114.93,112.31,100.60,93.61,93.02,87.32,86.01,82.29,78.64,71.85,66.48,64.00,61.85,55.76
132.25,148.07,158.27,170.84,180.68,193.88,199.72,212.34,218.16,222.06,228.40,235.85,241.05,242.55,247.03,252.21,256.07,260.63,264.25,267.20,269.36,274.14,276.44,279.34,279.41,279.26,275.41,269.82,267.05,258.37,252.54,240.58,219.80,199.86,182.21,149.57,132.56,120.07,101.86,86.61,80.32,75.11,73.98,70.26,65.95,61.85,59.03,55.36,50.61,47.01,45.22,45.28
130.51,146.99,158.20,171.09,179.25,193.07,199.11,210.69,220.00,222.95,230.10,236.89,241.29,242.40,244.92,252.45,255.95,261.98,266.18,268.88,270.28,275.05,279.26,279.51,279.58,281.84,279.10,268.49,266.45,260.36,253.30,240.26,218.83,203.00,183.98,152.55,131.64,118.60,101.98,86.88,80.02,72.37,75.64,69.03,66.22,60.83,57.22,53.14,49.68,47.20,41.63,41.77
125.92,140.66,151.65,162.44,172.54,184.39,189.99,204.00,207.13,213.71,217.79,224.88,230.93,232.00,234.80,242.06,243.45,249.65,254.57,255.04,256.08,259.37,261.27,261.47,263.74,266.61,258.02,248.65,241.76,232.59,218.05,195.26,147.38,132.92,97.74,82.10,70.21,61.13,50.22,47.17,47.38,43.46,43.29,39.05,41.34,37.66,38.47,35.36,32.76,33.84,32.39,30.41
121.40,136.53,145.24,156.26,166.08,178.16,183.92,199.06,203.58,207.96,214.19,219.48,225.09,225.89,229.46,235.31,237.55,244.90,248.90,250.91,249.80,252.72,257.93,257.26,258.61,261.77,256.33,245.35,243.70,234.83,221.17,210.38,184.88,176.14,157.81,144.40,120.97,109.86,99.01,86.98,83.29,65.80,61.03,53.01,49.34,33.62,27.20,20.40,16.12,16.76,15.00,19.03
118.27,132.50,143.09,154.69,163.95,174.14,179.32,195.93,199.46,203.57,210.19,218.08,221.47,223.65,227.40,232.11,234.29,241.10,245.73,248.05,250.51,252.10,256.16,257.99,256.86,258.24,253.79,244.72,241.07,233.14,221.90,208.06,184.70,174.01,158.55,143.74,122.43,113.60,101.02,84.93,81.94,68.41,62.63,52.92,49.25,35.00,30.89,24.19,16.55,15.52,15.65,18.25
115.12,129.71,139.32,149.97,160.56,172.07,178.16,190.97,196.64,200.61,207.89,212.04,217.88,220.91,223.73,228.00,233.23,236.56,241.00,244.75,246.84,248.97,251.85,252.24,252.62,253.07,248.02,238.56,233.86,222.70,215.18,202.71,180.07,167.69,150.23,138.23,125.40,116.39,103.45,93.96,89.45,79.23,69.89,63.81,56.59,43.57,32.39,27.78,20.25,15.03,11.40,11.70
131.32,149.46,160.65,172.35,185.39,194.36,204.50,217.92,224.59,228.74,238.35,242.84,250.35,249.95,255.34,260.05,267.24,269.24,277.26,276.06,275.98,279.89,285.39,284.41,284.95,285.07,278.35,267.23,260.16,256.63,243.32,228.35,209.48,203.12,188.53,182.00,169.94,160.65,149.21,148.60,141.35,131.73,120.50,109.66,102.14,82.13,73.50,51.87,42.00,32.56,20.12,14.21
131.03,148.79,159.39,170.84,179.57,192.44,201.56,215.81,221.84,226.92,232.86,239.23,246.22,245.51,251.32,255.99,259.74,265.00,272.20,271.31,272.44,274.53,277.99,277.14,278.61,279.95,268.67,256.53,251.20,244.62,237.08,222.72,206.00,198.64,190.08,180.54,168.40,160.73,155.33,148.12,147.26,132.10,128.72,122.97,119.11,101.24,92.91,82.22,73.54,63.29,51.20,39.56
124.91,138.52,150.08,161.07,173.95,183.52,191.04,204.07,210.28,215.50,221.45,224.29,232.22,234.20,237.97,244.68,248.85,252.36,257.94,258.12,258.64,261.73,265.15,262.77,263.05,262.09,255.43,243.81,237.26,230.21,216.93,208.50,192.60,184.25,175.41,165.85,156.42,150.28,143.69,135.30,135.86,124.34,116.39,111.83,109.25,95.19,88.54,77.39,69.43,61.27,55.44,42.43
116.82,133.14,142.94,154.05,164.22,176.71,183.37,196.09,199.65,204.24,212.71,216.45,220.84,225.61,226.90,229.27,232.57,235.94,241.09,240.15,237.86,236.38,234.16,228.67,222.06,213.12,190.59,173.22,163.38,153.70,144.31,131.47,117.61,109.90,101.08,97.65,92.66,90.70,83.26,78.64,74.00,70.86,65.39,60.80,58.73,51.42,45.01,40.16,34.21,28.60,25.30,21.21
122.97,139.23,149.89,160.03,170.84,182.02,190.88,202.98,210.95,214.97,222.74,227.71,234.16,234.39,240.03,244.63,250.14,255.37,259.11,263.47,262.79,265.73,270.12,270.84,268.73,271.52,263.14,252.45,246.05,240.26,228.18,216.57,200.03,193.34,180.42,172.10,160.75,155.44,151.21,144.17,138.92,129.12,121.66,113.60,112.04,98.03,91.27,81.88,73.01,68.41,61.22,52.55
131.82,148.06,157.54,170.84,182.46,195.02,204.48,216.91,223.02,230.42,234.46,243.21,249.23,251.43,255.55,261.92,266.32,270.91,278.33,276.57,277.09,279.23,284.27,284.85,285.80,284.78,270.19,260.92,253.31,243.30,233.39,222.19,198.71,192.77,180.97,171.19,161.84,154.69,148.56,142.64,140.13,131.69,124.92,116.11,113.95,101.02,94.76,87.69,77.83,72.11,62.20,54.78
129.34,144.28,156.00,165.11,178.19,189.51,198.01,211.25,216.02,223.34,229.21,233.45,241.07,242.54,246.42,252.44,258.87,260.72,269.24,268.15,268.26,270.80,277.70,275.26,275.23,273.99,263.91,252.25,244.81,237.23,222.27,214.28,193.19,188.18,177.00,164.78,156.16,149.62,142.01,137.90,135.00,126.25,121.30,112.11,110.31,97.49,92.54,84.20,76.22,68.60,63.07,53.14
115.83,129.40,138.24,148.66,160.45,168.31,176.96,189.79,193.68,201.25,205.36,211.54,216.45,217.34,220.91,228.63,229.48,234.23,239.71,242.24,240.05,242.47,244.53,246.27,243.19,243.56,230.20,220.91,214.37,206.13,198.60,186.02,168.80,164.64,151.09,143.84,137.30,130.08,126.57,120.34,118.14,109.66,105.76,95.90,95.27,85.15,82.54,73.25,68.62,61.29,53.46,46.87
119.40,134.08,144.06,155.24,164.25,173.31,183.38,193.15,199.11,205.24,211.63,214.39,222.50,222.46,225.39,231.03,236.14,238.08,243.24,246.09,246.63,245.69,248.65,247.27,245.06,247.32,234.87,222.71,214.56,210.52,196.31,186.30,168.62,165.65,154.16,143.22,138.65,132.00,127.66,120.60,116.76,113.18,107.30,100.90,98.84,87.02,84.17,77.83,70.77,65.00,59.91,50.04
128.13,140.29,151.49,164.44,173.05,184.81,192.88,201.92,209.00,217.27,218.55,224.32,231.23,233.68,234.78,241.59,245.35,248.52,251.75,254.24,256.35,261.14,262.39,263.11,260.85,261.08,252.88,244.24,232.12,228.27,215.54,207.47,193.50,186.55,180.24,170.24,160.35,154.69,147.80,141.03,133.66,128.00,122.12,118.70,114.98,110.65,103.37,95.02,89.27,82.28,76.03,69.08
72.95,80.41,84.59,91.92,94.02,99.40,103.25,110.29,114.98,118.12,123.33,128.81,132.62,133.56,138.13,141.40,146.71,150.45,153.22,156.67,163.05,168.34,174.96,180.42,182.98,195.01,203.16,200.82,203.59,206.21,207.25,206.74,208.29,210.34,209.58,203.73,202.43,199.45,197.09,194.28,191.06,185.31,181.47,175.28,173.00,160.61,155.32,145.40,139.23,128.84,120.42,107.70
78.16,83.10,88.87,94.40,98.08,104.28,107.69,115.69,117.17,123.85,125.73,132.83,136.56,138.23,142.21,147.63,153.12,154.94,158.81,164.14,170.50,179.00,182.91,191.31,196.94,207.97,218.15,212.43,219.32,221.81,221.30,217.42,219.23,222.12,221.06,217.11,213.52,207.85,204.20,205.00,200.83,194.08,189.16,182.79,179.10,166.71,162.19,152.61,145.00,136.34,123.46,112.33
79.12,87.32,92.18,99.41,100.17,106.78,110.00,118.04,120.60,126.25,129.96,137.08,142.51,143.95,149.09,153.44,159.21,163.77,164.48,169.00,176.96,186.60,195.16,199.37,210.77,219.00,226.07,226.32,227.98,231.80,228.78,227.43,227.71,229.20,227.68,220.11,218.05,214.34,214.37,210.83,207.18,200.08,195.41,187.18,188.01,170.66,165.48,155.21,148.06,139.30,127.13,115.12
121.64,137.00,148.14,159.45,165.39,175.82,181.18,192.92,196.04,200.00,200.84,206.20,206.62,203.44,203.40,203.10,201.43,198.93,196.22,186.95,172.10,162.31,150.57,143.39,133.82,125.32,109.79,93.11,86.09,81.25,77.67,71.22,60.03,59.44,54.08,51.09,48.10,49.04,46.57,45.79,46.69,45.88,47.27,44.60,47.80,44.10,47.43,45.45,41.18,38.05,38.08,34.41
122.56,137.19,148.19,158.20,167.29,177.65,184.02,192.27,195.69,201.19,201.25,206.19,204.47,206.04,202.62,201.36,198.66,195.80,193.34,186.51,169.66,159.83,145.41,134.97,124.17,114.06,93.94,81.39,72.37,69.77,61.52,55.90,42.95,42.72,36.40,33.42,32.89,31.26,27.29,29.07,30.48,27.86,31.58,30.41,33.12,30.81,32.39,31.91,31.40,29.61,27.31,24.76
138.29,153.00,164.00,173.24,186.32,196.21,201.46,210.79,216.12,219.74,219.82,226.56,227.48,225.75,221.05,223.16,222.03,216.45,215.24,206.17,182.52,169.53,155.36,136.47,129.28,110.45,86.83,71.01,61.10,56.86,48.92,43.42,30.00,29.15,21.54,18.87,19.10,21.21,22.47,22.36,22.09,21.47,20.52,22.47,25.00,20.52,22.47,22.36,18.87,19.72,15.03,14.87
136.30,150.43,163.22,173.08,182.72,193.26,202.48,209.31,214.98,216.07,217.22,226.50,224.88,225.00,223.04,221.63,225.06,218.68,217.75,211.05,187.56,176.32,158.55,139.43,123.98,102.96,80.16,62.82,48.47,45.69,36.89,34.13,23.71,30.89,26.63,27.20,27.59,27.20,32.45,33.84,33.96,29.07,30.08,27.20,29.00,26.25,21.02,20.59,19.10,20.12,14.56,15.30
141.91,159.48,167.82,179.18,188.73,201.40,210.38,220.86,225.11,228.32,233.00,236.04,244.79,243.40,245.69,248.65,247.51,250.34,258.94,257.77,249.07,251.92,250.01,247.95,237.04,225.14,182.73,163.17,138.13,118.70,103.46,99.30,87.86,88.57,89.02,87.05,85.38,81.49,83.49,80.96,82.04,80.50,78.26,75.01,76.16,72.80,69.81,64.88,63.79,55.08,52.20,47.93
130.98,146.84,155.80,166.21,177.12,185.56,194.55,203.07,207.69,211.48,213.94,217.50,222.81,224.36,226.04,228.06,230.76,230.36,237.40,235.92,229.92,233.48,229.62,229.27,220.05,207.00,170.18,155.21,130.10,110.63,99.64,93.94,83.49,82.49,82.71,79.61,80.81,77.42,77.16,74.33,76.12,76.97,72.25,70.33,70.41,67.54,65.76,60.42,58.55,50.70,50.22,44.72
144.31,161.22,172.24,185.46,193.13,204.98,212.87,224.38,230.93,232.94,237.69,241.51,245.93,247.89,248.13,252.62,253.48,258.69,259.86,261.22,259.61,253.79,247.39,239.20,221.58,192.60,125.10,115.11,91.42,89.69,69.63,70.06,60.88,59.62,60.22,58.69,60.90,57.28,61.13,59.84,62.65,59.41,62.27,58.94,62.13,52.33,52.48,48.05,48.84,48.26,44.82,35.69
126.63,142.23,152.20,163.22,172.05,181.20,189.07,197.59,203.04,204.84,211.83,215.39,217.88,221.61,220.98,225.89,229.44,232.03,236.40,236.17,234.93,236.66,233.81,232.14,218.52,204.79,150.33,118.70,105.69,80.05,68.26,66.19,59.14,62.65,60.88,57.49,55.90,56.89,59.01,58.46,64.41,58.69,59.64,56.30,56.01,56.61,52.20,50.92,47.01,44.27,43.42,36.24
135.15,151.40,163.25,173.56,183.21,193.66,201.85,210.64,216.95,218.51,227.26,230.22,232.86,237.45,236.02,240.47,245.45,249.87,258.07,256.43,258.36,258.37,260.97,260.41,246.88,237.19,167.00,135.15,87.56,89.90,69.35,64.88,53.04,60.96,58.60,60.17,55.73,54.15,59.20,58.18,64.54,61.62,60.93,59.68,61.20,61.72,48.27,46.57,63.07,58.94,51.40,42.64
137.19,155.08,164.11,176.78,188.10,199.12,209.61,217.45,220.06,226.11,233.02,234.68,239.47,242.20,247.01,249.16,256.19,258.01,266.83,265.24,267.81,270.22,276.13,274.65,276.37,272.31,257.80,242.84,224.90,197.41,165.50,143.92,118.07,107.49,102.04,96.21,98.01,95.86,94.02,92.44,90.74,95.02,90.08,88.20,88.23,87.13,85.70,79.43,77.70,70.60,71.81,62.82
127.68,145.09,155.87,166.72,173.95,184.30,193.93,203.80,210.44,213.35,217.41,223.22,227.98,232.30,235.69,238.38,243.99,250.46,255.86,258.12,261.02,261.84,268.01,260.89,255.34,246.84,193.83,136.24,107.02,80.10,64.41,40.22,25.96,21.02,17.89,13.15,4.24,5.10,4.12,1.41,9.06,14.14,20.00,21.10,25.50,34.00,32.80,34.48,33.24,36.72,33.97,33.84
118.70,131.65,140.41,150.16,160.08,169.33,177.16,186.53,187.62,196.21,200.64,204.30,209.19,213.43,216.60,222.10,224.51,233.63,236.66,240.31,239.92,240.24,241.13,237.36,221.73,208.86,160.03,150.45,129.87,113.28,95.86,85.70,70.61,61.52,55.07,45.28,47.89,41.30,37.22,32.02,29.07,26.25,21.93,20.00,25.55,31.32,32.06,32.56,32.65,36.12,33.29,33.24
115.97,129.28,139.81,147.22,155.40,164.54,168.75,180.85,182.57,187.02,192.21,195.13,202.06,204.71,209.12,211.43,215.82,222.17,223.04,225.96,229.90,233.06,237.23,236.54,234.70,235.21,210.23,196.02,174.55,149.89,121.26,91.79,49.98,39.62,20.25,10.20,5.10,5.10,16.12,17.80,26.93,29.02,29.97,36.80,41.79,43.66,45.28,44.29,44.55,45.35,41.11,45.79
115.11,129.25,137.77,148.08,156.63,164.58,173.31,181.33,184.89,191.82,194.49,200.14,205.62,209.70,213.04,217.48,222.46,228.48,232.22,237.77,239.00,242.17,250.23,249.11,244.13,240.76,195.43,179.63,165.95,139.43,123.00,109.17,89.29,78.09,77.10,73.43,67.74,61.39,54.82,53.00,45.89,41.48,32.31,31.14,24.70,17.49,22.63,19.85,23.43,25.71,26.31,32.76
110.57,125.10,134.08,141.65,150.75,156.52,162.79,174.77,178.19,181.69,184.61,189.23,196.03,199.14,202.88,205.06,210.34,215.23,218.01,223.76,220.63,222.27,223.81,218.16,210.24,204.71,172.96,160.95,145.96,129.27,119.68,109.38,90.43,81.58,76.66,71.06,68.60,63.15,59.48,48.83,42.80,45.12,32.14,25.55,21.26,7.28,5.83,8.06,11.18,17.26,20.12,19.24
109.88,123.37,132.02,139.78,148.81,157.80,164.47,172.93,176.78,178.91,182.12,186.56,190.44,194.29,196.02,194.25,195.43,199.02,200.17,198.81,188.88,184.13,183.29,179.40,171.17,168.47,152.07,147.09,138.64,128.57,124.34,117.48,106.04,95.34,91.68,91.42,81.06,76.97,71.57,70.35,64.26,58.01,53.26,50.25,48.10,38.12,37.22,38.60,36.72,36.12,34.21,33.84
102.00,114.63,122.65,130.75,139.83,146.71,153.46,161.05,164.01,168.00,172.19,174.09,179.33,180.83,182.70,183.87,183.40,186.01,190.38,187.17,180.28,174.92,175.86,173.35,164.68,164.64,150.08,141.69,134.54,126.59,119.52,111.36,103.94,94.83,94.75,89.07,80.60,74.43,69.86,68.25,64.20,54.13,47.85,42.05,38.05,29.41,26.40,28.64,29.41,31.89,31.76,28.44
100.34,113.23,121.60,130.82,139.52,148.22,153.53,163.23,166.29,170.70,173.18,178.37,182.88,184.02,185.15,187.49,189.53,193.00,194.79,190.92,183.66,185.95,180.54,178.89,172.25,174.39,157.31,149.20,141.44,135.03,129.62,123.75,110.02,103.41,100.26,96.38,88.46,85.16,80.21,77.23,66.71,62.29,57.28,55.04,48.83,43.91,45.22,46.39,44.55,45.69,43.86,39.36
107.00,118.70,126.57,136.47,146.17,156.32,162.86,171.29,175.18,181.24,185.27,189.00,196.76,196.13,200.87,201.54,204.83,206.40,208.34,208.31,200.86,203.30,200.93,201.14,192.90,189.24,172.89,167.74,161.31,151.05,144.31,136.78,125.94,120.51,116.73,111.02,104.20,99.30,95.75,91.55,87.20,84.50,78.29,74.67,75.31,71.02,73.01,69.03,66.61,66.21,62.01,56.30
107.63,119.04,127.00,138.58,147.41,157.65,162.79,172.19,178.24,183.41,187.30,192.90,198.12,199.42,203.07,205.51,208.79,210.66,214.39,212.12,208.37,208.20,204.24,205.39,197.37,196.29,182.61,179.30,170.01,161.28,151.40,145.91,138.23,129.10,127.20,123.00,117.75,112.22,112.61,111.62,108.76,106.10,103.00,103.77,102.36,99.00,95.57,93.15,84.29,81.86,76.42,69.23
107.56,119.34,127.12,138.66,146.77,156.52,163.62,172.82,177.16,181.91,188.13,193.26,197.63,199.61,203.97,205.29,210.28,210.77,216.09,214.28,207.80,209.30,209.35,210.87,205.68,204.71,193.22,183.88,177.12,168.07,165.52,156.16,148.03,141.06,143.42,137.42,131.24,128.22,125.90,130.74,126.37,124.15,122.19,123.76,121.43,116.21,116.28,106.93,100.62,92.91,88.57,77.23
113.00,125.72,135.69,146.66,156.59,164.76,171.98,181.18,186.70,193.22,195.66,206.90,207.07,210.35,215.78,219.48,227.27,230.49,234.41,234.18,234.20,236.08,238.66,238.07,232.67,230.87,226.14,213.80,209.12,199.53,191.86,183.97,173.69,166.41,165.01,161.01,156.32,155.56,153.05,159.14,166.31,156.72,158.46,157.11,154.06,147.36,144.51,136.69,123.98,118.38,107.87,98.79
104.81,118.41,124.72,139.04,145.89,155.79,163.41,169.81,172.80,179.18,182.17,187.96,192.84,194.49,198.57,199.58,204.56,207.39,206.53,205.41,201.82,202.63,204.98,201.92,196.37,197.95,186.68,179.07,176.38,166.36,164.05,152.07,146.33,142.39,140.01,140.06,131.94,131.00,132.44,131.93,136.40,132.32,130.08,126.72,127.49,125.02,120.21,113.99,106.67,101.02,94.09,84.86
109.29,119.27,128.72,138.74,149.26,156.46,164.15,171.33,177.10,183.74,186.10,194.34,198.12,199.02,203.42,204.47,214.11,214.25,217.86,217.75,218.51,220.51,221.10,221.68,216.07,220.23,212.48,202.18,192.75,189.08,182.02,174.39,166.01,161.21,161.81,156.54,155.72,152.98,154.98,162.54,165.08,161.84,161.23,156.40,154.87,144.55,143.27,134.20,127.13,116.97,109.29,96.80
106.21,118.68,129.32,140.00,144.68,156.32,162.43,170.66,174.77,181.28,183.66,192.27,194.06,196.31,200.21,199.91,205.53,205.68,206.63,209.25,205.62,207.58,208.60,207.15,201.36,203.16,191.38,188.73,180.60,170.42,172.90,163.78,155.90,150.24,149.21,149.16,149.00,144.37,143.13,149.48,153.42,148.49,149.47,149.66,146.41,136.53,134.35,123.76,118.51,111.04,101.87,91.44
108.98,120.17,128.39,137.74,146.58,158.24,163.03,168.77,173.28,179.05,183.98,190.54,193.08,194.54,197.00,199.25,203.97,204.79,206.90,206.05,205.97,205.77,206.35,206.60,199.01,204.69,192.04,187.88,177.49,171.40,169.58,159.59,154.20,150.87,151.00,148.66,146.81,142.27,142.89,150.22,154.24,147.05,148.82,148.41,146.35,137.82,133.88,126.02,117.64,110.60,102.42,92.09
113.25,127.44,136.82,146.99,155.31,164.44,171.40,180.89,185.80,190.26,196.73,200.64,205.77,208.87,215.08,215.54,220.91,223.61,228.41,230.79,231.42,234.96,234.31,240.17,240.25,242.07,233.01,222.69,218.66,215.87,213.26,207.47,203.18,201.40,202.48,206.24,205.32,207.87,202.20,200.83,197.57,191.67,184.39,177.45,176.05,162.93,156.92,148.45,138.13,128.27,120.33,108.58
111.83,124.74,132.85,140.01,150.23,161.25,168.18,178.03,182.50,183.00,190.67,197.31,202.74,208.83,211.62,216.10,220.54,225.11,227.56,229.84,231.82,236.65,235.55,240.20,241.75,238.95,233.82,228.48,228.48,223.61,219.27,212.00,212.01,208.22,208.78,208.34,208.20,203.53,201.16,198.04,194.00,185.81,180.60,173.17,170.88,160.96,153.33,143.59,134.83,125.87,116.73,105.12
118.46,131.70,143.69,154.43,163.60,174.00,181.22,188.32,196.31,201.68,207.54,213.93,218.16,220.62,222.17,226.17,230.06,230.85,233.69,235.97,231.61,234.18,234.18,236.28,234.68,234.55,226.15,222.39,217.01,212.51,207.09,200.48,197.99,190.92,188.69,190.79,189.21,188.51,185.27,181.57,178.40,174.26,174.41,163.78,163.42,156.06,148.05,139.28,129.65,121.71,114.04,101.98
111.02,123.71,132.97,143.89,152.74,160.75,169.20,176.08,182.48,186.82,191.64,197.00,200.69,208.22,210.85,210.49,214.85,218.19,223.08,224.08,226.15,226.15,224.18,229.94,223.96,228.57,219.86,213.02,208.14,202.07,197.74,192.01,189.53,180.34,179.07,180.69,178.01,179.30,177.79,173.67,172.54,170.79,164.94,162.29,158.65,151.49,144.97,135.67,126.67,117.32,110.46,97.62
107.70,118.51,128.32,138.72,147.80,156.60,160.31,168.88,175.21,180.80,184.72,190.39,193.85,198.73,203.93,205.65,209.07,212.34,213.77,217.41,218.23,219.15,217.90,221.71,222.11,218.69,213.80,206.77,202.05,195.80,191.86,185.16,180.28,173.37,170.43,168.18,166.36,166.64,164.34,161.99,161.01,156.98,155.32,149.63,147.36,140.77,133.06,124.35,118.60,110.17,101.02,92.02
108.71,122.02,128.86,138.81,150.36,157.46,164.44,172.19,176.92,183.24,185.85,193.13,196.46,200.35,204.16,205.24,212.05,214.71,218.83,221.92,221.38,226.02,224.18,226.38,222.06,226.37,217.49,210.34,204.02,197.50,195.49,188.02,175.41,174.42,171.13,169.01,161.62,163.37,159.40,160.42,158.24,153.18,147.57,144.90,143.09,136.78,131.04,123.18,114.24,107.91,99.01,87.82
111.63,123.32,135.07,144.51,152.90,163.71,169.03,179.07,182.82,189.75,193.83,197.52,202.48,206.67,213.55,215.26,220.66,224.04,225.00,229.71,229.97,232.59,231.47,236.58,233.08,235.59,226.12,217.33,212.05,203.58,196.66,190.70,182.04,177.87,171.49,169.94,168.37,164.10,163.78,157.65,156.49,154.35,150.78,145.67,142.44,138.31,132.20,121.60,115.92,108.81,99.36,88.28
113.23,125.63,133.18,145.34,154.77,163.78,171.30,179.00,183.77,189.00,192.42,199.36,203.23,206.17,211.91,212.06,220.84,224.93,226.57,231.19,229.62,236.86,234.03,234.70,235.67,238.92,226.38,218.72,213.04,205.01,199.09,195.43,179.89,179.61,173.76,169.45,167.84,166.05,162.54,157.66,155.19,155.56,149.26,145.77,143.68,138.11,130.68,123.15,117.00,106.79,99.02,92.44
111.20,123.00,136.48,143.95,153.53,162.12,169.05,178.90,183.58,189.84,193.87,198.98,203.59,206.29,214.76,213.89,221.33,224.51,227.54,233.21,234.62,240.44,240.67,246.46,247.61,247.62,239.82,235.61,229.73,220.72,216.09,212.32,202.53,195.82,189.16,187.38,187.01,181.04,177.55,177.34,174.16,169.11,165.42,161.45,157.87,148.00,140.80,130.73,125.90,118.38,107.94,99.20
110.45,121.66,133.96,143.74,151.05,162.23,167.00,176.53,180.00,185.31,190.56,195.41,200.74,204.30,209.80,211.85,216.42,218.69,220.84,225.89,227.42,230.64,227.43,233.55,230.27,232.33,224.54,217.35,212.48,201.56,196.76,188.82,180.71,176.28,169.00,170.86,166.97,164.35,161.23,156.73,157.00,154.26,148.84,146.49,143.20,138.22,131.24,121.26,115.95,107.80,99.36,90.55
115.60,127.10,139.01,148.39,157.01,166.03,173.63,182.17,188.01,195.54,197.34,204.19,210.12,212.84,217.15,218.44,225.87,227.98,231.61,235.21,238.65,245.59,244.92,249.95,251.72,250.58,249.06,242.84,236.32,229.64,225.60,219.09,211.53,204.63,196.06,197.02,195.60,191.02,186.45,188.85,185.80,179.18,177.12,170.63,167.94,155.59,150.96,140.29,135.35,126.75,114.84,102.18
101.08,111.68,121.83,131.40,141.40,149.00,156.85,162.43,167.55,170.70,172.68,181.08,186.02,187.88,189.08,191.37,199.11,200.61,201.60,204.75,206.00,208.06,209.40,208.57,207.06,211.55,204.48,198.64,191.38,188.73,181.47,178.24,168.60,164.54,161.99,157.49,153.31,150.62,148.68,146.74,142.95,145.10,137.93,134.00,133.15,127.78,119.62,114.35,106.48,98.79,93.24,82.76
106.47,118.60,126.13,136.62,145.65,154.26,160.80,167.84,172.82,177.71,182.10,185.00,189.76,195.00,193.38,198.28,207.76,209.12,209.65,214.23,214.48,218.90,218.40,223.18,219.86,224.47,218.98,210.24,209.12,203.34,197.01,194.06,184.57,180.27,177.63,176.78,174.77,171.02,170.47,168.08,166.72,164.30,159.33,154.93,154.72,146.22,140.25,132.54,122.54,115.00,107.28,97.74
107.91,118.71,128.86,136.78,146.49,154.80,161.64,170.14,172.41,178.35,180.65,187.22,190.78,195.53,199.97,198.66,206.20,206.70,214.11,214.11,215.01,219.78,221.45,224.40,225.82,226.22,218.28,216.63,209.03,206.20,201.14,194.91,189.91,182.33,182.48,185.35,179.48,180.36,175.89,172.14,172.24,170.43,164.44,160.08,158.75,150.71,143.68,134.45,125.67,117.59,109.79,99.08
113.23,125.94,134.62,145.50,153.64,161.92,166.42,178.23,184.05,186.87,191.86,198.36,199.54,203.20,208.06,210.74,217.80,219.02,223.57,228.09,236.33,238.03,240.05,248.52,249.37,250.32,249.65,247.33,239.43,233.94,235.61,230.50,229.34,224.59,223.16,226.31,222.28,217.56,213.88,212.45,207.23,197.50,195.72,188.05,185.00,170.66,163.81,153.18,145.77,136.70,123.79,111.13
113.89,126.59,135.93,144.03,151.70,161.25,165.85,176.51,180.28,184.45,190.54,194.74,199.81,202.87,206.81,212.12,217.47,220.98,228.35,230.50,236.65,242.77,247.39,253.03,258.54,263.49,268.00,264.98,263.84,262.08,259.62,254.01,244.09,237.12,227.64,220.17,211.21,205.88,202.39,195.21,191.27,187.97,179.41,174.26,172.70,160.90,156.11,145.67,139.28,126.48,116.11,104.04
117.80,129.76,141.57,152.12,159.81,167.72,174.48,183.15,188.72,193.37,197.52,204.47,208.97,211.62,214.00,216.93,225.41,226.88,228.71,234.94,234.62,239.64,239.49,245.96,246.13,246.78,244.11,240.25,238.21,235.84,233.38,227.71,223.56,215.86,214.39,212.93,209.77,204.46,205.80,203.27,199.02,192.92,190.54,182.32,180.43,169.59,160.96,151.82,143.09,135.06,123.60,106.12
109.25,123.17,133.70,141.01,148.06,154.56,160.88,168.58,171.28,178.19,180.24,187.54,191.02,194.26,198.07,201.30,207.63,212.20,218.18,218.63,223.89,231.04,232.18,239.04,243.31,245.95,243.74,244.76,244.24,238.44,238.10,234.44,234.54,237.32,231.01,225.89,220.68,216.89,211.99,207.04,202.63,194.49,189.31,183.98,178.08,167.09,159.77,151.01,143.74,132.25,118.47,109.07
104.29,117.48,122.80,133.36,139.36,146.54,152.79,160.05,162.69,164.83,175.87,177.14,179.95,185.61,188.73,192.59,195.75,200.38,205.04,209.50,216.36,221.61,226.92,231.48,233.94,236.02,237.90,232.94,237.26,236.35,235.08,231.70,228.45,230.08,222.25,215.50,213.38,206.00,202.30,198.09,192.61,186.70,179.72,175.01,171.33,159.35,156.34,145.83,135.09,125.80,115.42,104.92
91.97,105.62,111.54,118.34,123.60,132.22,134.81,143.00,146.56,149.86,154.77,159.36,161.40,163.03,166.39,171.21,178.52,183.53,186.30,189.62,194.16,199.42,202.92,210.24,212.84,214.19,218.59,218.25,217.33,214.67,216.30,211.75,206.20,207.47,201.53,195.78,190.26,185.33,182.33,178.47,173.05,169.10,163.00,157.31,154.72,144.40,138.31,130.65,124.33,113.17,102.79,93.90
105.99,115.16,124.65,133.00,140.04,147.17,152.43,160.88,161.99,165.39,173.18,177.99,178.84,185.02,188.16,193.83,200.02,205.45,207.63,217.35,223.62,228.72,238.52,241.81,247.63,254.59,258.57,257.16,259.43,259.85,254.03,251.00,241.94,237.22,227.56,219.01,215.37,208.12,203.04,196.51,192.96,185.73,182.32,175.14,171.19,161.91,153.83,144.01,135.72,123.49,115.74,102.90
104.39,115.95,124.63,133.84,137.93,147.12,151.21,161.01,162.78,165.71,171.70,176.85,180.01,183.17,186.68,194.14,200.08,204.52,209.12,215.63,222.14,229.02,233.81,241.35,246.02,252.57,256.63,255.25,260.65,257.05,253.06,247.42,239.08,233.79,227.67,219.05,212.08,207.15,202.32,193.72,191.72,185.00,181.80,175.73,173.08,157.89,153.05,143.39,134.84,125.87,114.59,102.32
104.71,116.16,122.20,130.83,139.71,145.01,149.70,158.32,161.12,164.71,171.14,175.01,178.26,180.35,186.04,191.05,197.77,203.20,206.81,212.61,217.82,223.52,232.55,239.76,244.81,249.06,252.18,252.24,257.73,254.85,247.07,243.18,234.77,231.23,223.81,217.45,211.03,203.98,198.59,194.61,191.08,182.18,180.36,172.35,168.24,158.62,152.00,142.02,132.54,123.98,114.56,100.90
109.93,122.43,130.63,139.61,147.18,155.57,160.72,168.61,174.77,179.57,183.02,191.13,194.74,198.60,204.92,208.60,216.89,223.81,227.88,232.70,244.03,250.94,257.13,263.41,272.00,275.80,281.16,278.96,276.55,269.18,261.86,256.53,242.07,240.21,232.69,226.72,213.10,209.77,205.92,202.89,201.02,188.88,189.59,179.33,179.13,165.05,158.78,148.82,140.73,132.23,119.85,109.27
111.02,123.20,128.69,138.66,146.54,154.16,160.58,169.01,173.00,176.41,186.27,189.64,194.74,196.56,202.41,205.55,215.34,220.79,229.72,231.80,240.02,247.61,258.03,262.10,271.45,276.31,280.49,274.30,272.66,271.01,260.32,254.01,241.57,237.24,231.49,225.08,215.82,209.88,204.07,201.56,198.88,190.56,188.32,179.45,175.76,165.21,158.69,148.07,138.00,130.65,120.07,107.42
111.76,125.57,133.36,143.12,149.77,157.51,161.83,170.29,175.52,180.05,189.00,191.23,199.45,201.99,207.06,208.87,216.76,222.02,231.40,235.48,246.11,251.03,261.22,267.37,273.86,279.61,285.46,278.73,276.23,272.27,263.40,256.20,242.85,240.35,232.11,226.01,217.28,213.69,206.31,201.68,200.59,192.77,189.99,180.24,177.49,166.41,159.30,150.62,142.76,132.85,119.07,107.42
108.90,122.09,130.82,139.86,145.42,154.77,158.52,169.07,171.30,177.59,182.49,188.52,193.21,194.83,198.52,202.01,212.85,218.51,222.97,228.43,235.23,240.88,248.68,258.60,265.32,266.32,273.36,271.59,273.88,269.26,263.03,257.86,246.13,243.25,236.13,227.76,220.99,217.02,208.39,205.92,204.01,192.37,190.71,183.45,178.44,167.97,157.69,150.05,143.50,132.97,121.20,109.29
115.43,127.58,135.72,145.77,153.63,163.05,167.76,176.79,183.22,187.84,191.92,198.60,204.24,205.41,210.02,213.55,223.02,228.60,234.83,237.07,245.06,249.95,259.06,261.23,268.90,271.86,273.18,269.26,265.96,263.88,254.23,250.39,241.23,241.75,234.98,229.89,222.43,216.36,211.07,208.02,206.37,197.69,195.92,188.92,184.76,171.72,164.15,153.40,148.01,137.32,124.62,112.29
115.11,129.42,135.35,146.11,154.24,163.37,167.04,176.40,182.65,185.56,193.31,198.22,203.06,206.77,211.98,213.81,223.57,228.53,234.61,237.69,247.16,252.14,257.19,263.29,269.27,272.88,275.77,272.57,269.68,263.64,258.98,253.57,244.59,241.48,236.24,229.09,222.99,218.43,212.27,207.48,205.65,200.06,195.03,189.26,184.72,173.44,165.25,156.63,147.73,137.18,125.72,113.88
115.35,127.46,136.56,146.15,153.33,163.32,167.54,176.85,180.28,186.03,191.05,199.36,202.27,204.92,210.30,212.88,223.81,229.30,234.78,237.14,248.04,251.10,259.47,261.30,268.00,271.93,274.17,271.18,267.92,265.93,257.16,251.75,242.64,243.82,238.10,231.33,222.34,217.11,209.89,212.22,207.62,198.54,196.92,187.54,184.20,171.81,164.60,154.81,148.45,137.59,125.94,113.36
108.93,121.26,128.02,137.64,144.05,153.18,157.69,166.81,167.62,172.24,180.05,185.97,187.38,190.28,195.36,198.93,204.98,209.17,213.93,218.29,222.04,224.85,231.04,234.73,235.70,240.41,241.87,238.21,243.00,235.60,231.77,229.47,222.39,220.58,217.37,212.88,208.60,205.04,200.66,197.59,195.02,186.20,183.85,176.71,172.97,161.94,157.01,146.67,138.25,130.00,118.12,106.38
107.00,120.54,129.42,137.30,144.78,151.58,156.16,167.03,169.19,174.72,179.45,186.02,188.56,190.17,193.79,196.54,206.41,208.39,215.75,215.74,221.33,226.77,229.65,236.03,238.08,238.65,239.55,242.68,242.26,233.93,234.04,226.15,221.05,222.91,219.13,211.57,207.00,201.38,198.88,199.44,194.88,185.17,184.33,178.63,174.20,163.03,155.93,146.86,139.09,129.40,117.34,103.48
112.45,122.16,130.31,139.78,149.94,155.21,160.82,169.06,173.31,177.59,182.32,188.40,193.64,196.60,202.65,206.71,215.96,218.75,225.66,232.82,242.00,246.62,251.75,263.43,268.20,272.81,278.21,277.09,279.08,274.80,271.22,262.99,251.15,247.42,238.03,231.28,224.27,219.49,211.68,207.42,203.07,196.74,190.39,185.53,180.03,169.96,159.14,150.37,142.30,133.41,121.49,109.38
110.77,122.53,130.00,140.98,147.31,154.38,160.38,169.00,171.49,176.82,182.24,187.43,191.04,197.09,201.92,208.02,211.46,220.27,224.18,234.62,242.89,247.92,253.24,260.91,267.45,275.54,279.23,273.94,278.45,274.89,270.05,261.54,252.60,246.13,238.60,229.49,224.37,220.87,213.00,205.88,203.00,196.70,190.85,185.31,181.20,169.16,160.51,152.12,144.22,129.97,120.93,109.77
112.00,123.04,130.55,141.01,149.00,155.22,159.88,167.87,173.52,178.93,183.81,188.07,193.40,196.37,201.63,207.58,212.04,219.10,226.74,232.21,242.26,247.76,254.95,259.62,267.79,274.87,279.44,274.64,275.77,277.32,267.29,262.38,251.77,248.34,239.08,230.67,225.53,220.77,213.06,207.78,204.61,194.81,189.84,183.02,180.71,169.96,161.94,151.01,143.95,133.96,119.52,109.14
111.36,122.79,129.99,138.44,146.26,154.18,160.22,167.17,171.13,176.21,181.55,187.02,191.65,193.22,200.30,203.84,212.34,219.13,224.45,229.94,238.17,242.90,251.81,258.64,264.17,268.99,277.08,274.91,273.38,271.75,264.71,259.24,247.03,245.08,237.41,229.80,223.08,218.23,210.06,207.76,202.20,194.20,192.00,183.44,177.73,167.49,160.29,149.38,143.81,131.22,118.87,107.07
110.94,122.33,129.44,139.64,146.44,154.03,159.36,167.84,171.27,177.12,182.86,186.90,192.26,194.49,199.62,204.30,211.81,215.80,224.62,230.22,239.46,244.38,251.45,259.24,265.83,271.27,276.70,274.05,273.66,271.12,264.92,260.32,249.42,245.67,237.70,227.20,223.11,217.35,211.02,204.17,200.34,194.50,189.87,183.25,177.99,170.02,162.41,150.10,143.56,133.20,119.02,108.24
112.73,127.02,135.00,145.67,154.03,161.15,165.39,175.64,179.29,185.19,187.84,195.21,199.54,201.72,206.65,210.00,220.23,223.93,229.05,233.73,238.43,243.21,247.00,254.69,258.80,262.62,262.38,261.28,261.08,257.61,250.86,249.97,240.44,241.40,235.77,231.21,222.05,220.05,214.11,211.81,208.39,198.07,197.10,189.00,185.74,171.54,163.23,154.28,148.40,137.71,123.33,110.14
112.58,124.17,131.76,141.83,149.93,158.86,161.04,171.59,177.03,181.75,188.80,195.00,199.64,207.62,209.77,214.77,219.49,224.04,231.48,237.00,250.00,254.24,262.21,270.41,279.23,282.79,287.56,282.96,279.74,273.54,267.88,260.54,247.59,241.87,235.10,228.35,220.66,214.97,209.77,207.19,201.36,195.74,190.67,183.81,180.01,170.00,162.08,151.82,143.84,135.52,121.02,111.36
112.95,122.38,132.20,142.56,150.23,159.15,163.49,170.88,176.98,183.58,188.32,195.14,203.83,206.63,210.58,215.11,221.17,227.11,233.06,236.91,248.77,254.81,264.37,271.27,278.17,285.35,289.23,282.63,279.53,275.83,267.04,258.99,245.52,243.21,235.08,231.53,221.14,216.07,209.57,207.39,203.49,195.18,193.83,184.10,180.57,169.59,161.25,151.92,145.58,136.85,121.00,109.57
109.79,121.46,127.19,138.64,146.86,153.44,158.71,168.01,171.47,176.10,182.54,186.72,190.98,195.74,199.72,204.02,209.70,215.20,222.46,224.96,232.54,233.62,242.44,245.52,250.20,254.69,257.29,254.03,253.57,253.03,246.00,240.67,233.39,235.29,229.20,224.22,216.06,214.54,208.83,203.30,199.97,192.21,190.56,182.78,179.29,167.39,160.90,150.23,142.86,131.65,122.16,108.04
108.52,121.08,129.08,138.03,145.80,153.15,159.10,166.82,172.63,176.41,180.01,187.55,192.52,194.12,198.73,200.96,209.40,216.36,222.20,225.14,231.70,233.24,239.13,248.24,251.29,253.80,253.90,255.13,253.58,249.00,245.94,240.97,232.11,234.35,229.44,222.50,217.71,210.60,208.94,204.80,201.80,193.06,190.79,183.85,179.39,165.85,160.59,149.94,143.42,133.09,121.49,107.30
112.00,120.75,126.10,136.69,146.35,154.54,158.40,164.20,170.26,176.92,179.98,190.69,190.38,195.74,199.49,202.55,209.07,214.00,219.69,222.79,229.96,232.56,236.10,242.99,247.16,253.13,256.28,252.52,251.02,248.20,244.31,239.24,233.77,232.94,224.32,221.45,216.01,212.53,207.10,204.38,199.18,191.82,187.00,180.04,176.30,165.74,159.88,149.81,141.03,129.10,118.96,106.83
108.67,118.00,126.12,135.42,144.31,151.43,156.98,163.09,166.17,172.86,180.31,182.82,189.27,193.31,198.09,200.35,208.47,213.86,220.00,228.73,236.23,244.32,250.12,256.74,262.19,268.38,271.90,268.31,264.61,259.88,255.88,245.52,237.36,233.39,223.81,217.75,210.10,204.36,200.57,194.91,191.76,184.98,181.25,173.83,169.54,160.18,154.49,145.00,133.81,125.26,115.74,104.39
108.21,119.77,126.00,135.07,141.65,150.94,154.26,162.86,166.96,172.26,177.78,182.07,187.56,192.21,197.43,201.56,206.18,213.59,219.18,227.97,234.97,242.60,250.89,254.23,259.60,268.76,274.40,263.08,263.31,258.28,253.80,245.25,236.13,231.16,223.18,218.00,209.70,205.46,201.26,194.18,191.37,184.74,181.79,171.92,168.27,160.15,152.03,143.11,133.54,125.28,113.07,103.83
107.34,116.02,126.32,135.10,141.82,149.63,153.95,162.73,166.39,172.41,178.06,183.37,187.42,192.26,195.73,201.30,207.06,212.61,220.54,226.83,236.24,242.57,249.44,254.80,259.89,268.51,273.08,265.09,264.64,259.62,254.47,243.82,236.85,232.74,226.32,217.41,209.81,203.69,198.22,194.24,191.18,184.36,181.91,174.56,170.31,159.67,149.64,143.69,135.69,125.88,113.05,104.69
108.17,119.21,126.57,135.07,142.23,150.75,155.47,163.25,168.08,172.49,178.66,182.48,189.64,191.86,195.97,199.70,208.06,212.60,221.92,226.92,235.75,240.88,251.14,254.13,260.00,267.15,271.74,264.89,264.43,261.05,251.87,245.36,237.50,231.74,225.61,220.29,209.35,203.16,198.64,195.36,192.20,183.58,182.89,174.20,169.61,160.08,150.16,142.64,135.72,127.14,113.75,102.88
108.19,119.27,126.25,134.65,143.28,150.84,155.26,164.05,166.39,172.57,181.46,184.02,191.13,194.54,198.57,201.04,210.15,214.71,223.16,226.42,237.59,244.20,252.01,260.62,265.65,272.75,273.76,267.30,264.44,261.12,254.75,247.26,234.56,230.16,224.06,218.51,211.57,206.05,201.02,195.00,191.03,186.68,181.07,172.70,168.34,161.61,153.06,144.59,135.09,125.02,113.64,104.24
101.04,113.72,121.08,129.34,134.45,143.59,147.51,155.12,162.31,164.79,169.96,174.83,181.18,184.44,187.80,191.67,199.49,206.55,213.04,215.95,225.50,231.74,240.58,242.13,250.24,256.68,260.32,251.88,250.80,248.92,239.40,234.40,223.54,219.78,216.01,206.83,200.64,195.30,189.71,186.87,185.17,174.66,173.73,166.24,160.96,153.47,145.58,135.67,130.97,120.15,108.30,97.62
102.73,113.72,120.04,128.38,135.95,143.25,148.27,155.59,159.54,164.08,170.45,174.52,180.10,183.81,187.75,191.76,198.35,204.36,212.00,216.62,225.53,231.89,239.01,245.49,249.93,257.78,259.24,252.16,250.20,248.46,242.17,233.11,222.63,219.24,215.00,206.50,201.01,195.14,191.31,185.43,183.47,175.14,173.95,165.80,159.89,154.83,145.42,137.09,129.25,119.85,107.82,100.12
112.15,125.87,134.54,144.31,150.00,159.01,163.38,173.00,176.05,183.98,188.28,196.02,202.34,204.02,208.57,214.90,223.19,228.53,237.06,240.44,251.03,257.12,264.01,266.59,277.74,291.24,291.03,284.63,280.56,278.58,266.40,260.92,247.29,247.00,239.41,233.40,224.12,219.53,209.27,210.64,203.15,196.31,194.04,184.23,181.11,171.14,161.55,150.62,143.62,133.54,121.26,108.76
106.79,118.33,125.87,135.35,142.43,150.76,154.30,163.11,166.83,174.00,179.94,184.39,190.55,194.49,198.01,202.09,209.99,214.74,220.41,227.04,238.55,245.37,249.20,253.31,262.91,273.12,273.77,271.16,266.40,260.82,256.42,246.86,238.92,232.54,225.62,219.18,212.85,205.34,201.94,197.63,190.41,185.08,182.12,172.59,170.88,161.14,153.60,144.59,135.09,124.96,114.24,105.23
116.11,127.31,136.86,146.77,153.08,161.97,167.94,175.87,181.16,184.72,193.26,199.49,208.80,210.23,216.11,219.57,224.47,230.33,237.93,242.33,251.02,258.07,263.00,270.73,275.59,279.89,281.35,272.93,272.94,268.49,262.62,256.01,248.00,245.28,240.93,233.69,225.84,222.03,217.49,212.24,209.03,203.71,201.25,190.52,186.60,176.37,165.01,156.54,148.53,136.56,126.37,114.48
116.91,128.46,135.48,144.17,156.00,163.03,167.72,178.44,182.79,186.01,195.79,201.08,209.47,210.79,216.84,216.95,226.93,232.66,239.92,241.92,253.71,257.23,265.51,269.62,275.60,280.07,282.18,277.22,272.33,269.26,261.12,257.70,249.76,245.33,241.45,234.95,225.46,223.09,216.12,214.48,210.23,203.44,199.25,189.00,189.11,175.00,166.38,156.16,148.25,135.10,127.95,115.43
117.18,129.50,135.59,146.66,153.76,165.36,166.71,176.07,180.65,186.39,193.83,198.39,206.41,211.07,216.94,219.21,224.59,232.21,238.21,242.74,251.46,257.60,263.64,269.56,276.05,279.66,280.41,274.00,274.61,266.69,264.09,257.16,247.74,243.08,236.78,233.07,226.79,223.96,218.90,210.30,208.12,202.53,198.59,191.03,185.16,177.88,164.84,155.60,146.76,136.94,127.14,113.70
48.76,50.25,51.74,54.41,57.87,58.00,57.57,59.40,60.17,62.82,62.94,64.29,67.19,70.29,73.39,70.71,82.46,82.46,83.60,90.97,99.08,105.99,107.80,118.88,127.09,133.69,151.21,155.08,162.51,170.88,166.21,158.04,145.00,135.52,128.84,120.42,110.60,104.24,105.11,100.60,94.30,94.83,89.05,87.98,87.24,82.38,66.65,61.98,60.14,53.49,49.65,50.33
111.02,123.23,129.02,138.76,147.68,154.56,159.39,167.31,173.49,174.89,184.17,187.88,192.42,198.20,203.25,207.55,215.37,221.78,228.06,234.36,246.90,251.11,256.46,265.09,272.39,278.74,281.66,276.52,276.55,272.90,268.82,262.35,251.86,246.71,239.41,230.59,225.06,219.27,214.31,207.54,201.79,195.69,189.50,183.29,178.04,169.62,155.71,146.89,137.93,125.42,118.22,106.96
114.74,127.88,134.94,146.97,153.50,161.64,164.47,176.08,179.88,184.84,190.54,197.13,200.48,203.82,211.70,212.48,220.74,227.75,235.19,236.88,245.17,248.29,256.16,262.39,266.56,272.03,273.54,269.27,265.00,265.24,257.60,253.48,245.66,248.67,240.26,234.36,227.43,222.62,216.45,214.84,209.29,199.09,198.72,191.05,185.78,175.28,165.24,153.84,149.09,138.06,124.85,111.63
111.31,125.10,129.07,139.45,148.66,156.47,160.33,168.16,174.66,178.04,183.61,188.22,191.93,200.41,202.74,209.00,217.25,221.40,226.93,235.72,247.70,251.56,257.61,265.83,273.08,278.30,281.78,276.84,278.47,273.25,271.53,263.80,251.56,245.23,238.00,231.23,225.22,217.55,215.04,206.29,203.16,196.70,190.31,184.62,177.81,167.66,160.11,149.05,140.12,131.80,116.48,106.53
110.75,122.54,130.19,140.12,145.77,156.08,156.54,169.03,174.50,179.98,183.88,190.55,194.49,197.68,202.24,207.88,216.81,222.48,229.39,234.94,246.71,249.05,257.65,265.75,273.66,279.26,282.62,278.99,275.86,274.42,270.56,262.53,250.30,248.01,239.44,231.09,223.68,216.92,211.68,208.60,204.71,194.62,191.97,184.17,177.92,167.76,158.15,148.06,142.21,131.70,117.15,105.19
116.09,128.22,134.74,147.05,157.10,163.38,167.29,176.53,180.42,185.55,194.37,197.85,203.04,205.92,212.61,216.75,224.36,229.14,235.60,239.08,247.70,251.68,257.24,265.93,269.36,276.63,276.88,268.58,268.73,266.18,261.62,257.20,246.84,246.29,239.93,233.31,227.80,224.50,220.05,215.42,210.54,204.28,197.01,189.17,185.81,177.19,167.01,155.24,147.79,137.30,124.49,112.36
115.38,127.58,135.86,145.09,154.30,163.88,168.29,176.49,180.83,188.40,192.63,197.95,204.12,207.00,212.84,215.52,224.84,230.49,233.81,239.30,251.00,253.40,255.63,265.22,267.42,271.22,274.07,271.60,270.16,265.00,261.49,255.77,246.46,247.49,239.03,233.38,229.71,223.79,220.05,214.29,209.16,202.00,197.91,192.00,186.68,174.41,167.60,155.65,147.98,138.92,124.02,112.64
100.50,113.16,119.68,128.06,134.63,141.90,147.11,157.29,160.33,166.14,169.19,177.54,181.07,182.39,188.38,193.40,202.04,206.23,212.78,218.15,228.65,234.39,240.52,246.73,251.37,255.89,258.79,253.88,253.31,247.95,241.66,234.89,223.01,220.49,214.98,208.40,200.11,196.31,190.39,189.10,183.29,177.00,174.29,167.26,161.47,150.00,144.05,133.72,128.32,119.40,107.71,97.80
103.10,112.06,119.04,127.28,134.48,140.09,146.25,154.40,159.01,164.83,169.50,175.52,181.16,186.40,189.47,192.09,200.38,205.37,214.24,216.45,225.74,229.86,241.66,247.70,252.68,255.44,258.99,258.10,253.15,251.98,242.67,239.65,228.89,223.62,218.59,211.47,203.05,197.46,192.82,191.67,185.33,179.10,175.56,166.88,164.00,155.08,147.09,137.88,125.57,122.59,111.77,97.51
101.92,111.29,119.01,129.00,134.66,141.60,143.57,153.87,157.72,163.78,168.01,174.39,181.29,186.50,190.39,192.00,198.96,205.80,213.48,216.59,225.50,231.72,238.52,249.26,252.62,256.02,261.23,257.27,253.87,251.33,245.97,240.17,228.67,223.33,216.36,211.60,202.25,197.40,195.29,190.68,186.39,176.77,174.92,167.84,163.11,151.65,146.25,137.23,131.10,121.66,108.52,98.06
114.34,128.06,136.47,145.03,154.85,161.72,167.93,177.18,182.98,187.56,194.31,199.48,205.37,209.15,216.00,217.64,223.56,231.69,236.93,241.57,252.41,257.12,263.05,269.81,273.78,284.04,284.99,275.96,277.00,273.25,268.56,260.78,253.62,252.34,245.72,236.78,230.02,225.22,218.20,216.52,212.05,204.36,199.81,191.02,186.72,175.33,165.51,155.79,147.87,137.77,125.87,113.17
116.40,126.70,136.18,147.20,154.64,163.05,168.57,178.44,183.77,188.10,194.03,200.87,206.04,208.87,214.57,218.22,224.51,233.40,236.81,243.31,252.96,255.84,263.84,270.15,273.89,284.01,284.74,276.13,275.64,273.59,267.03,262.01,254.12,251.80,245.58,238.21,228.04,224.15,219.67,215.26,213.05,200.81,199.90,191.00,189.11,175.41,166.98,155.12,148.00,136.52,124.89,112.07
116.85,128.27,136.06,146.73,153.81,162.93,168.01,178.00,181.40,187.22,193.31,198.22,206.31,209.54,214.22,218.51,223.40,231.01,237.42,243.48,252.19,256.13,263.43,268.60,273.72,283.02,284.89,273.94,273.88,273.38,266.94,260.46,251.35,252.36,244.39,236.19,231.01,224.61,220.02,213.32,212.00,201.06,197.80,189.28,185.53,175.45,165.20,154.32,147.71,137.44,124.91,111.65
118.47,132.28,137.80,147.57,158.93,165.89,170.42,180.01,185.35,189.49,197.25,202.41,206.48,210.28,216.45,218.59,226.29,232.82,237.54,243.26,252.38,255.00,260.46,267.27,270.75,275.49,277.89,271.22,270.45,267.79,261.77,258.06,250.67,247.10,243.20,234.46,232.54,227.04,222.50,215.67,211.07,202.71,200.90,191.88,186.55,176.78,169.65,155.67,148.01,138.40,125.87,113.09
117.72,130.98,137.28,146.73,157.81,165.17,168.58,179.30,183.17,189.19,195.50,201.69,207.09,210.24,214.76,219.02,226.81,230.49,237.65,242.92,252.24,254.94,259.06,267.53,270.03,273.54,275.03,274.06,269.52,266.66,263.73,258.12,249.47,248.20,242.67,233.69,231.26,224.64,221.95,214.28,211.26,203.18,198.91,192.84,186.81,176.74,166.31,156.25,147.27,139.28,125.03,111.65
102.31,113.84,121.26,130.74,135.34,142.41,148.19,156.60,161.15,166.21,169.19,175.41,181.30,185.33,189.66,193.28,201.68,208.00,215.24,217.68,226.02,234.44,242.40,247.39,252.20,256.27,260.54,257.12,253.50,250.70,242.54,235.05,224.32,222.38,217.89,210.19,201.68,197.50,190.67,188.04,184.05,178.22,175.07,166.21,161.31,150.75,143.59,134.84,128.32,120.42,107.91,96.25
100.18,112.36,120.17,129.19,133.76,143.27,146.01,155.24,159.42,164.00,167.92,174.81,181.14,182.69,188.07,191.65,199.62,206.12,212.26,216.02,226.21,228.71,237.29,244.97,251.00,255.56,258.79,254.80,253.85,250.14,245.64,238.21,228.88,226.04,219.27,212.49,205.14,199.91,194.49,189.53,187.38,176.80,175.76,169.19,164.00,154.20,143.41,133.73,129.77,120.74,106.48,95.52
101.14,112.61,119.47,128.00,135.09,144.03,147.00,154.64,159.82,164.07,170.00,173.95,178.71,182.06,188.09,191.86,198.98,205.83,213.36,216.42,224.83,229.18,238.88,243.71,249.62,258.01,260.45,253.79,252.01,251.80,243.65,237.45,228.27,227.11,222.83,213.47,206.35,200.81,193.40,190.65,186.68,179.07,176.41,166.71,162.98,154.21,145.11,133.60,129.29,119.68,106.78,97.10
105.00,115.73,121.40,130.67,138.68,147.09,152.74,160.03,164.40,168.19,176.65,179.84,185.65,189.17,193.02,198.64,203.22,211.45,220.49,224.01,235.32,240.75,245.09,252.74,258.33,263.60,266.06,257.41,257.78,252.62,249.90,241.59,230.22,227.27,221.47,212.84,206.79,201.43,196.13,190.60,186.03,182.53,176.50,169.65,164.30,155.59,147.49,138.24,131.37,120.60,110.48,99.62
103.74,115.12,122.11,130.10,138.29,146.15,149.89,156.54,161.08,166.23,172.82,178.01,182.01,184.74,192.26,195.02,203.54,209.29,216.48,219.67,227.69,233.34,244.46,248.20,254.21,260.52,265.35,258.50,256.24,258.66,249.18,241.03,232.00,233.31,224.61,216.00,211.12,203.03,197.25,195.11,190.01,182.78,178.75,168.94,164.61,154.24,146.44,135.33,131.24,122.00,108.71,97.08
113.32,125.10,130.60,142.13,151.92,160.38,165.34,171.45,175.41,183.07,187.42,194.24,198.36,201.16,207.20,209.40,219.26,222.09,229.03,233.38,241.17,245.23,247.39,257.19,259.31,263.60,265.02,263.93,261.47,257.24,253.16,245.35,239.10,235.54,229.86,225.00,220.69,215.11,211.99,205.76,200.87,193.22,188.60,181.54,178.90,168.31,160.45,150.72,140.87,131.70,120.30,107.30
111.97,124.52,132.03,141.09,151.64,159.45,162.86,171.76,176.80,181.86,188.10,194.49,198.20,200.69,206.34,208.95,216.81,223.44,229.40,232.14,240.53,242.42,248.96,254.50,257.09,265.07,266.01,259.12,258.31,257.42,250.24,245.23,236.41,237.69,231.01,221.92,219.51,215.47,209.34,205.04,200.57,191.86,189.45,183.81,178.31,167.84,159.01,149.16,139.83,130.00,117.65,107.00
110.80,123.97,130.51,142.90,148.95,158.32,163.19,172.63,176.82,182.56,187.61,195.69,198.30,201.25,207.17,210.24,218.20,224.08,231.04,232.66,243.20,244.39,251.72,257.39,261.20,268.00,268.51,262.39,262.57,259.79,250.99,245.52,239.18,239.08,234.09,225.79,219.20,214.79,210.01,209.15,202.73,193.38,192.26,184.57,181.01,166.21,158.93,149.94,141.33,133.00,118.07,108.00
107.20,117.83,124.33,133.14,144.03,151.22,155.86,161.55,168.03,172.98,180.00,183.40,190.44,193.37,198.93,201.36,211.44,213.71,221.46,229.03,239.14,244.86,252.41,260.91,264.21,269.22,270.25,270.57,266.51,262.73,257.69,251.19,244.04,239.01,231.23,222.81,216.95,210.51,204.71,199.96,194.65,187.54,180.34,174.90,172.90,161.12,154.29,142.14,132.62,123.02,114.95,101.86
105.82,116.43,126.09,133.66,140.80,148.27,154.74,161.05,168.05,173.73,178.93,184.39,190.44,193.00,195.80,202.48,209.67,216.09,224.54,227.76,237.32,244.59,251.56,257.45,263.41,272.46,271.19,268.34,268.00,263.14,256.02,250.01,240.10,239.49,232.82,224.93,214.28,209.02,201.22,200.26,194.20,184.76,181.54,175.31,171.49,156.32,150.76,141.03,134.17,122.78,110.89,99.92
112.54,126.18,134.71,143.56,151.21,161.28,164.78,175.76,179.20,183.58,191.34,198.15,200.49,206.46,212.45,213.83,222.99,228.04,230.93,237.99,246.24,250.25,254.17,264.50,266.72,272.66,271.96,266.91,265.66,259.62,256.56,248.79,240.83,240.17,231.95,230.10,219.94,217.87,211.90,207.00,203.12,195.00,190.91,183.50,181.66,166.53,159.62,150.14,140.73,133.15,119.04,107.67
97.99,111.20,120.81,127.19,133.42,140.73,145.84,154.74,157.84,164.01,170.19,176.03,177.78,181.96,190.23,193.00,198.25,204.71,212.33,214.52,225.57,228.27,235.85,242.84,245.58,254.92,255.00,247.52,246.98,243.88,239.58,231.25,225.84,223.08,215.52,208.31,200.87,194.62,188.35,185.72,181.01,173.61,170.80,163.68,158.14,146.26,138.66,130.55,125.04,115.55,102.65,92.97
101.24,112.16,119.08,127.88,134.37,145.66,147.87,157.46,159.33,166.60,170.82,177.12,180.71,185.15,188.85,191.93,200.14,206.06,210.64,214.11,222.87,226.87,231.78,241.81,246.01,249.72,249.10,246.40,246.20,241.59,237.41,231.54,225.69,220.08,214.36,209.00,202.53,196.79,190.37,187.63,182.43,174.10,168.31,162.89,157.31,147.23,140.06,130.38,123.03,114.21,104.24,94.02
102.39,113.23,120.95,129.63,138.60,145.50,150.89,157.32,161.77,166.74,174.00,178.64,180.71,186.70,191.94,194.46,200.83,208.08,212.68,216.00,225.22,229.51,234.36,243.46,243.52,254.06,252.05,245.88,244.09,242.91,237.12,229.65,224.83,221.33,215.80,208.15,200.82,196.06,189.97,186.14,180.55,173.07,166.74,161.28,156.59,146.82,140.36,132.00,123.85,114.61,103.70,94.25
101.53,113.70,119.71,129.71,135.33,145.26,150.23,157.38,161.83,168.94,169.07,175.80,180.19,184.57,188.04,191.03,201.64,208.08,209.47,214.00,221.58,226.05,231.81,239.60,242.32,247.78,247.63,244.66,241.76,237.78,233.55,228.28,220.99,218.68,213.46,204.90,197.71,193.83,187.17,185.15,179.36,170.53,166.71,160.56,156.54,143.93,137.44,129.71,121.20,113.99,102.34,92.76
119.52,133.36,142.34,150.42,159.11,170.45,175.70,184.20,190.00,197.01,202.48,208.19,211.21,216.69,223.52,225.44,235.00,239.27,245.31,246.50,254.23,259.94,263.29,269.44,271.56,277.30,274.35,270.80,268.15,262.77,256.98,250.00,240.21,235.33,230.93,225.20,219.15,215.68,209.91,203.16,197.16,193.83,186.80,181.74,177.99,166.05,158.82,147.99,140.77,128.04,120.33,108.98
121.15,132.23,144.50,154.55,161.62,171.84,178.08,187.41,192.94,200.10,205.83,211.80,215.60,217.55,224.08,226.92,235.26,240.40,244.48,246.40,257.01,258.28,265.15,271.98,274.59,279.80,276.94,272.93,268.33,263.03,258.25,250.54,241.75,239.14,235.05,226.31,218.60,216.02,209.39,204.88,200.44,193.71,190.31,184.39,178.94,167.20,158.09,149.48,141.32,131.03,118.70,109.42
120.60,134.46,144.84,154.56,162.61,172.89,181.40,189.45,193.16,200.17,204.88,212.28,214.57,218.93,225.14,226.43,234.94,241.88,245.76,248.36,253.16,258.13,263.41,272.28,271.67,279.52,275.77,269.09,264.01,259.86,252.72,245.40,238.81,237.17,229.10,223.08,216.79,210.24,207.20,205.57,200.25,190.54,188.32,182.13,176.47,165.05,156.89,148.85,141.17,131.23,118.23,107.21
116.73,129.54,138.60,147.85,156.42,166.17,171.97,180.58,184.02,189.50,195.39,201.41,204.97,206.41,213.18,215.06,222.44,229.02,233.02,236.89,240.98,246.47,250.92,257.96,259.83,262.55,258.65,258.00,254.70,247.01,242.71,235.42,229.20,222.90,217.75,214.40,207.65,203.33,198.17,195.13,190.63,181.33,177.79,174.01,168.36,157.62,149.83,140.93,134.26,125.06,111.36,103.71
120.02,133.06,144.84,151.56,160.10,171.41,178.49,185.99,191.47,197.40,200.45,209.50,212.53,213.56,220.49,220.13,229.24,234.36,239.04,242.14,248.47,251.32,256.46,262.69,267.44,269.02,267.10,260.69,256.81,253.34,245.81,238.14,229.54,228.67,222.64,215.68,211.00,203.20,201.38,198.96,194.49,184.76,182.20,176.50,171.30,158.90,152.16,142.95,136.03,127.12,114.00,103.79
124.81,139.06,147.96,158.15,168.24,177.91,183.17,191.13,196.24,202.87,206.52,213.88,216.52,221.82,226.34,228.96,235.10,239.64,243.02,248.28,254.97,257.16,260.45,270.57,273.56,275.44,272.55,268.16,262.55,258.01,251.05,245.73,235.31,231.37,223.02,220.05,215.24,208.97,206.46,201.00,193.99,187.93,183.17,179.00,174.27,163.23,157.28,146.89,137.71,128.06,116.48,106.57
123.18,135.36,143.56,153.57,164.11,174.47,178.47,186.10,190.71,196.60,203.93,207.96,211.74,213.28,216.82,222.41,227.32,233.79,237.19,241.50,246.22,250.48,254.66,259.89,260.10,264.20,264.46,258.18,256.33,249.45,246.03,238.08,230.02,223.33,220.91,214.58,209.15,200.26,199.25,193.42,189.95,183.56,179.57,171.19,169.81,159.41,152.79,142.44,133.30,125.71,113.81,104.56
122.30,135.37,145.46,155.88,163.68,173.05,180.24,188.22,192.92,199.20,202.97,210.38,211.92,216.12,219.33,224.02,228.04,233.32,239.46,241.00,247.97,251.21,254.16,260.97,263.23,267.88,266.27,260.26,258.44,250.89,247.65,239.02,231.19,227.85,220.48,216.08,209.80,202.68,198.50,196.81,191.46,181.89,180.62,174.64,171.41,159.25,152.12,142.44,135.48,126.29,113.89,104.06
123.02,136.30,149.37,158.55,164.54,175.23,182.28,191.40,194.29,201.16,204.71,211.47,214.77,216.94,221.12,224.51,231.23,235.05,241.22,242.17,245.97,251.44,255.83,262.41,265.80,271.14,266.69,260.60,257.29,252.54,246.16,238.31,230.89,227.69,223.66,217.41,209.62,203.04,199.04,197.12,193.96,183.37,184.11,175.33,170.51,159.18,150.71,143.21,136.89,126.92,114.06,103.47
125.16,139.62,147.03,157.93,166.33,178.04,182.48,190.16,195.21,198.98,205.42,210.06,212.85,216.82,224.51,225.81,228.21,235.36,235.87,243.20,247.61,252.81,256.69,262.23,264.39,270.42,266.03,259.12,258.84,252.29,245.86,239.65,231.58,228.04,221.39,216.60,210.64,204.75,200.48,194.54,190.67,186.12,179.63,174.01,170.00,159.31,152.55,144.27,136.03,124.60,114.16,105.60
125.94,140.25,150.21,158.78,169.00,178.44,184.62,193.16,198.66,203.21,206.13,212.48,215.39,217.08,220.42,225.09,232.59,238.52,241.21,242.17,249.90,252.73,256.70,262.88,264.32,267.59,268.13,261.22,258.52,254.26,247.98,240.47,233.50,227.63,223.32,217.79,211.63,203.42,199.67,200.26,193.06,185.32,182.12,175.64,171.97,159.11,152.35,143.96,137.77,126.87,116.00,104.55
126.61,141.60,149.26,157.28,168.58,178.26,184.84,192.57,196.31,200.93,206.30,212.23,213.03,216.34,218.82,223.73,230.10,233.80,238.89,240.84,245.61,250.14,253.01,261.59,260.72,268.78,264.59,257.61,255.67,250.35,243.03,238.37,230.05,226.74,223.58,216.61,207.91,203.30,198.64,196.43,192.78,182.92,181.73,173.97,170.99,159.88,152.62,142.95,135.24,125.67,115.62,104.55
131.55,145.38,153.84,165.41,174.42,184.97,190.07,199.06,204.71,208.69,216.10,217.51,223.56,224.93,228.37,232.21,237.12,241.12,244.30,247.52,253.51,255.80,257.42,266.15,264.48,268.78,266.25,259.06,256.56,248.58,243.12,237.19,229.54,223.40,219.13,215.52,209.06,203.19,198.64,196.09,191.55,186.49,181.18,176.26,172.66,163.71,156.55,146.76,139.23,128.97,119.24,106.96
133.00,146.76,154.84,165.86,175.93,186.30,191.86,201.70,205.01,208.47,216.04,219.28,223.65,227.98,229.11,233.69,237.43,241.23,246.22,248.08,252.55,257.00,261.20,264.08,266.31,270.54,268.15,258.79,254.53,248.60,244.13,237.74,229.30,224.96,220.41,214.72,209.75,203.69,200.25,194.83,191.76,185.31,181.97,176.57,174.18,164.81,157.26,146.74,138.81,129.25,120.51,108.16
131.37,145.17,157.03,167.72,175.55,186.14,192.60,200.81,205.55,210.54,214.24,220.84,223.50,224.54,227.98,232.88,237.53,242.79,246.00,247.39,252.21,257.26,258.41,264.39,264.43,266.48,266.33,260.76,256.70,251.32,245.29,236.55,229.58,225.88,219.11,215.81,208.57,204.50,200.14,198.73,193.62,185.74,184.17,177.05,174.87,162.79,156.17,146.22,140.66,132.67,120.21,110.15
133.15,145.44,155.93,165.70,176.48,187.41,193.37,200.38,204.43,208.31,214.87,220.55,223.56,225.44,227.22,232.85,237.03,242.17,244.36,246.13,250.83,254.06,259.08,260.28,260.77,268.15,265.96,257.03,253.31,250.80,241.98,235.36,227.14,225.75,220.74,216.01,207.71,203.07,199.90,197.43,192.77,186.01,182.78,175.41,173.57,164.05,158.09,148.05,139.85,130.14,119.87,108.90
130.42,143.84,156.73,165.53,175.07,183.66,189.53,198.36,204.02,208.66,210.62,217.89,221.47,221.47,226.63,227.16,236.36,239.97,244.38,243.07,249.10,253.06,256.45,261.85,265.34,266.37,264.41,260.02,254.53,252.07,243.58,234.80,230.02,227.53,221.62,214.76,207.78,202.05,199.42,200.32,194.05,186.45,183.31,177.80,173.59,162.05,155.90,147.28,138.92,129.28,118.44,107.54
132.41,144.14,155.82,168.29,175.07,184.71,190.70,199.70,203.89,209.31,212.76,219.49,222.28,222.15,228.23,229.06,233.85,240.50,244.81,243.77,251.31,252.83,259.02,263.84,266.63,267.00,264.61,259.79,255.38,250.64,244.29,236.81,231.46,228.04,223.34,215.24,208.79,203.02,201.33,198.60,196.08,186.14,184.89,179.07,174.98,163.67,156.95,146.51,138.80,130.42,117.88,107.69
125.72,139.61,151.71,160.53,168.86,181.01,183.10,194.09,193.75,200.85,203.44,209.25,212.61,215.39,219.32,220.10,222.70,225.57,230.42,229.71,236.55,242.00,245.08,250.80,251.68,257.77,255.52,247.20,244.20,241.81,234.77,225.23,219.83,218.63,214.72,207.85,200.25,196.35,192.77,191.31,186.95,177.42,177.03,171.23,166.71,155.86,148.71,140.35,133.45,126.29,112.27,102.53
127.35,140.58,150.10,160.65,170.02,181.22,186.07,192.63,196.74,200.09,205.32,208.97,210.95,215.59,218.56,219.05,226.49,229.03,232.50,234.63,240.62,243.71,247.42,253.03,253.65,258.77,257.80,251.88,246.48,242.98,237.13,229.94,224.51,222.20,216.06,209.61,204.36,199.82,194.52,192.08,188.22,181.18,178.04,170.66,168.12,159.31,152.49,143.00,133.45,125.60,115.73,105.00
127.80,140.43,147.23,158.42,168.58,177.71,184.27,190.29,192.20,196.70,202.09,205.73,208.43,211.45,216.45,216.12,222.04,225.57,230.78,234.44,236.91,242.46,244.77,253.22,252.13,257.15,252.24,251.53,245.96,241.36,235.87,232.31,222.99,219.23,214.16,208.93,203.74,200.47,194.81,191.88,187.76,182.18,175.86,173.10,168.58,159.14,151.42,142.52,134.18,123.98,117.15,103.75
126.48,139.83,150.44,160.88,169.33,180.31,182.40,190.03,193.79,199.02,204.36,207.78,211.62,212.51,216.64,219.18,223.61,228.71,232.81,234.36,238.47,244.48,245.00,252.72,252.76,257.70,256.67,249.93,246.52,242.62,235.26,229.61,223.57,221.82,216.95,210.24,204.24,199.11,196.84,193.78,189.27,182.20,178.49,172.41,168.18,158.90,152.64,142.37,135.62,126.14,115.26,105.85
136.68,151.65,162.82,173.95,182.46,193.04,199.74,206.65,210.30,214.56,220.04,224.62,228.97,229.82,232.25,236.89,241.35,246.91,250.48,248.94,256.18,260.46,263.37,265.96,268.08,274.37,273.00,263.59,262.05,257.84,250.54,244.23,235.27,234.16,229.17,224.36,217.68,211.12,209.12,205.77,203.83,195.58,190.12,184.55,180.54,170.65,164.92,153.94,147.28,135.72,126.02,113.53
130.80,142.67,154.03,163.78,172.07,181.84,188.52,196.24,198.16,204.02,207.63,212.43,214.37,216.53,220.24,222.43,228.81,232.14,236.01,235.27,240.22,244.72,250.39,252.00,252.05,259.73,259.77,252.01,247.23,244.35,236.54,229.63,224.08,223.18,218.04,214.44,206.49,201.32,198.15,196.03,191.44,183.13,182.62,173.63,171.84,160.45,155.90,145.25,139.13,130.00,119.51,106.67
130.05,143.68,152.40,161.97,172.05,180.87,187.45,195.66,200.00,201.40,208.57,210.32,213.24,215.14,220.64,221.37,226.00,229.09,232.94,235.10,240.92,244.27,248.20,253.06,250.54,255.78,256.30,251.07,246.86,242.64,239.13,230.77,224.93,221.06,215.82,211.48,207.51,202.41,199.20,194.20,189.43,185.13,180.08,173.93,171.23,161.52,157.43,147.51,139.14,127.77,119.20,107.90
133.21,146.54,159.25,166.88,175.55,187.09,193.26,199.25,204.02,207.06,211.15,218.08,221.47,222.77,224.16,227.11,233.96,239.93,242.21,243.00,250.64,252.70,259.03,261.87,265.05,272.36,271.15,260.32,260.05,252.80,246.79,240.88,235.49,234.92,228.53,224.18,216.48,211.09,207.13,204.29,200.17,190.98,190.28,183.20,178.40,167.04,162.69,149.38,142.76,133.66,120.84,110.80
133.60,146.99,153.76,165.30,175.42,186.03,189.06,196.58,199.90,203.67,209.66,214.46,218.69,218.75,223.30,225.73,230.77,236.28,239.14,240.90,248.49,250.00,255.63,261.60,259.62,266.39,266.58,259.36,256.89,253.01,248.62,240.63,235.48,230.97,224.24,219.32,213.94,208.52,206.16,199.42,196.22,189.19,185.33,177.73,175.60,165.25,157.38,148.65,140.73,130.55,119.00,108.75
134.71,148.63,158.32,167.34,176.78,186.51,191.51,198.60,204.36,206.65,212.79,215.84,218.76,222.00,223.22,226.55,233.68,237.07,240.75,242.89,248.13,250.57,254.42,260.39,260.41,262.07,259.89,258.50,255.36,250.12,243.53,237.89,229.58,227.41,221.06,218.12,212.61,206.46,202.31,199.97,195.49,191.13,185.06,178.53,176.08,165.74,161.25,148.98,141.45,131.05,122.20,110.05
125.40,139.32,146.54,155.21,167.72,175.84,179.45,186.45,190.47,194.26,200.84,203.59,205.43,209.09,213.32,215.41,220.69,223.79,228.23,230.01,238.65,241.93,243.53,249.82,252.96,256.35,255.00,251.10,246.89,244.01,239.41,235.19,227.64,224.02,218.59,213.22,208.00,200.81,199.42,192.21,189.01,182.53,177.65,173.10,167.93,159.11,154.35,143.18,133.70,124.10,114.79,105.00
116.73,128.65,139.23,145.43,153.73,164.08,168.66,175.07,178.35,182.10,184.84,192.26,193.04,193.13,197.91,199.04,205.36,209.06,212.93,213.97,219.01,222.89,228.65,233.50,233.55,239.41,239.20,234.00,233.57,229.99,222.95,217.35,211.00,211.14,204.98,201.70,193.00,187.40,182.78,183.29,178.76,169.50,166.69,162.05,159.15,148.49,142.04,131.95,125.90,116.62,107.12,95.82
116.30,130.21,138.71,146.49,154.00,164.54,169.53,174.38,176.67,181.23,186.60,190.26,192.57,193.72,199.46,201.43,203.42,209.33,212.17,214.29,221.33,224.52,227.80,233.69,235.54,240.52,240.09,235.00,233.52,228.00,224.88,219.42,211.62,209.29,203.69,200.49,195.79,190.66,188.18,181.47,177.79,172.19,167.50,162.61,158.81,150.21,142.78,134.18,127.20,116.16,104.45,96.26
135.15,148.66,157.81,167.24,177.19,186.68,192.84,199.61,202.89,207.29,211.32,214.67,218.56,220.55,226.43,229.43,231.81,237.45,242.01,243.66,250.00,254.05,257.60,262.91,265.17,265.07,263.43,261.54,257.70,250.32,248.68,240.35,233.62,228.06,223.89,218.91,213.81,208.56,206.00,200.90,196.51,193.44,187.61,182.36,177.23,169.19,162.20,150.87,141.29,133.28,123.17,111.63
114.73,127.14,134.24,146.10,153.94,162.25,166.38,169.78,175.56,176.03,180.35,186.08,187.77,190.83,194.54,195.09,201.06,204.66,207.93,210.95,217.23,223.18,227.22,231.62,232.80,235.47,236.22,232.74,230.15,226.56,224.02,220.99,214.84,207.96,204.97,201.73,196.01,188.81,186.78,181.84,176.92,171.83,165.71,162.43,159.26,148.08,140.94,132.02,124.02,111.63,106.23,95.75
123.37,133.06,145.62,154.05,161.06,170.59,176.51,180.69,185.46,190.97,195.13,198.18,198.34,203.49,206.19,210.00,215.68,218.04,224.66,223.14,231.94,236.89,241.36,245.69,249.51,253.87,254.06,251.45,247.01,242.05,240.50,232.65,228.66,222.58,220.30,214.04,206.79,202.41,198.39,195.58,189.93,183.17,178.23,173.46,168.07,157.75,151.24,141.03,134.48,123.07,111.83,103.08
114.55,126.57,136.78,144.81,149.40,157.62,162.79,171.05,172.82,177.54,179.47,185.78,186.14,188.99,191.08,194.50,199.15,202.37,208.37,207.34,215.74,220.04,222.93,226.74,231.39,234.14,235.53,232.13,229.17,225.94,223.50,214.76,213.18,209.83,206.42,199.58,193.44,186.97,183.62,181.96,178.89,169.85,165.47,160.15,157.72,144.53,139.06,131.23,126.02,114.48,104.56,94.63
117.05,129.26,137.28,147.00,155.40,163.17,169.17,175.45,177.61,181.11,187.49,190.28,190.97,196.33,199.42,202.09,204.86,209.69,213.18,216.12,224.21,228.54,230.60,238.52,240.56,241.70,242.39,237.61,235.70,232.36,228.56,222.64,217.59,213.49,209.75,202.34,196.37,190.92,189.62,184.62,178.40,172.70,168.67,162.59,159.39,149.83,145.58,136.31,126.25,116.50,108.85,97.98
136.03,148.77,160.51,170.99,179.47,188.22,195.58,203.54,206.64,210.46,214.66,220.78,224.84,224.61,228.04,230.65,236.41,244.70,246.79,245.20,252.07,257.60,263.03,268.79,268.70,274.71,271.36,265.53,261.94,259.70,251.72,244.27,237.17,236.22,230.97,226.26,217.42,211.98,208.34,210.00,204.25,196.36,193.26,185.92,182.28,169.25,163.11,153.22,147.36,135.13,123.31,113.85
117.89,129.27,138.25,146.87,154.29,164.76,168.18,176.38,180.03,183.86,185.00,189.42,192.21,194.37,199.06,201.63,206.93,209.39,214.28,215.20,222.48,227.26,232.86,238.03,241.20,243.81,245.39,239.99,238.80,236.75,231.42,226.05,221.06,215.03,211.45,206.32,199.85,193.26,188.57,187.18,182.28,176.05,171.33,166.72,161.70,151.21,143.96,137.36,128.10,119.23,108.25,100.22
124.33,137.93,148.48,157.99,163.23,174.00,178.13,187.17,191.67,195.27,198.73,202.81,205.68,207.12,212.05,213.32,218.69,225.20,228.87,228.89,239.44,241.54,249.29,253.03,256.76,263.15,264.04,254.80,253.87,251.46,245.67,239.43,234.08,231.42,225.28,219.79,212.53,204.98,204.36,201.36,195.72,186.43,185.69,175.19,173.10,161.90,151.80,146.49,137.08,128.97,114.61,106.37
136.31,152.12,162.82,172.82,180.01,189.10,196.29,204.79,207.50,214.70,217.35,220.69,224.66,228.09,231.70,234.14,238.30,241.36,249.04,249.03,255.20,259.28,265.51,268.46,274.39,277.00,272.72,269.31,264.07,260.10,255.38,247.40,242.16,237.49,232.46,225.14,219.54,214.02,210.88,209.39,206.19,197.45,193.26,188.35,183.96,172.82,166.48,155.22,148.06,137.06,124.81,112.16
118.96,131.46,136.97,147.43,155.93,163.02,167.97,175.82,179.78,181.20,188.07,191.00,190.56,197.31,198.81,201.10,204.53,210.02,215.23,218.00,224.75,226.99,233.05,240.00,242.25,246.88,246.07,243.30,239.27,235.36,235.21,227.66,222.89,218.23,211.74,208.41,203.66,195.78,191.86,186.78,181.04,177.61,171.84,166.97,163.25,153.18,146.70,137.19,128.35,118.71,110.86,100.00
121.12,133.18,142.47,150.66,158.76,166.60,173.44,178.97,182.65,187.72,192.09,193.88,198.65,201.73,204.38,207.40,212.12,216.67,219.53,222.05,228.16,233.14,239.27,243.77,248.82,250.06,246.98,243.02,241.23,237.88,232.17,226.34,221.38,215.71,210.01,207.24,200.85,197.25,193.50,187.72,184.27,178.47,172.24,166.68,165.59,156.26,148.22,138.46,131.23,120.42,112.36,101.02
117.15,129.24,140.04,146.41,154.12,161.91,167.61,174.18,177.10,183.29,185.69,190.31,191.02,194.00,196.16,200.81,205.76,209.97,214.25,214.25,220.74,226.88,229.92,236.30,236.35,241.59,240.53,236.21,235.61,232.78,226.74,221.78,213.81,210.79,206.74,203.01,196.94,190.52,186.36,185.00,181.52,174.14,171.23,164.12,162.19,150.85,145.52,135.91,129.62,119.11,107.79,98.11
120.54,134.01,141.68,151.21,157.78,166.93,171.84,180.41,182.53,187.84,192.17,194.28,197.85,200.17,204.27,206.89,212.06,215.87,221.42,221.65,231.81,233.34,239.43,242.89,248.24,251.77,247.42,244.35,240.71,236.25,233.75,226.81,221.78,216.54,211.44,205.01,201.61,197.23,191.46,188.35,183.48,178.76,172.01,169.05,165.34,154.35,149.46,139.17,132.38,122.33,111.49,102.04
117.69,128.84,138.24,147.28,153.10,162.73,169.09,175.96,178.68,183.33,184.57,189.95,193.33,195.93,198.60,199.42,206.17,213.10,216.54,218.00,224.76,228.84,233.38,238.87,244.24,246.64,247.01,243.37,243.56,239.02,233.83,229.13,222.16,220.27,213.35,208.47,203.27,193.35,192.52,187.86,185.07,177.78,175.65,168.44,163.60,153.11,146.37,138.00,130.00,121.46,109.79,99.04
122.05,135.06,145.91,154.30,160.25,169.50,176.82,183.98,185.44,190.28,194.08,198.70,202.42,205.19,208.40,210.11,217.46,221.58,226.77,225.89,235.17,240.75,245.79,250.91,253.93,260.36,259.16,253.65,254.72,251.83,245.35,239.28,233.80,232.54,228.00,219.89,213.38,204.02,200.64,201.48,194.20,187.04,183.14,175.01,172.41,160.61,154.15,145.67,136.53,126.83,114.98,103.08
119.67,131.85,138.13,148.03,155.32,164.76,169.36,176.78,179.80,182.62,188.45,191.95,193.81,198.28,199.00,202.39,207.25,212.17,218.05,220.33,226.46,231.61,236.97,243.05,244.77,252.16,250.87,247.89,244.81,243.82,238.03,230.80,224.41,223.44,218.52,213.85,206.04,197.37,193.19,190.95,186.63,179.91,176.49,169.78,165.68,156.27,149.05,139.13,132.26,121.70,111.62,100.24
118.61,131.24,140.58,147.60,154.83,165.42,170.65,177.72,181.00,184.05,189.40,192.63,194.49,197.04,199.04,202.48,208.70,212.72,217.22,220.66,227.97,233.31,238.50,243.00,245.94,249.44,249.56,249.61,245.10,243.20,239.01,233.81,227.25,223.27,216.45,212.72,206.34,199.42,193.26,192.82,186.04,179.47,175.57,170.80,166.60,155.01,148.41,139.18,131.23,120.51,111.57,99.64
118.80,129.62,140.03,148.41,157.88,165.06,171.42,178.13,178.21,180.24,188.80,192.51,193.21,198.17,199.62,201.81,207.06,211.56,216.06,220.86,229.53,232.69,239.18,243.21,247.86,248.97,249.47,248.87,246.04,241.83,240.76,231.76,227.06,221.27,215.61,210.60,205.12,200.88,196.94,190.00,187.00,181.11,175.45,169.07,164.75,156.11,148.50,139.98,130.98,118.60,110.80,101.71
123.75,137.42,143.06,152.20,163.34,170.99,177.48,184.72,186.32,189.26,196.25,199.88,201.10,204.35,206.94,211.15,216.72,219.58,225.62,230.34,238.25,239.71,246.84,255.22,256.26,262.25,262.82,261.01,254.75,253.16,249.82,244.28,234.96,232.82,225.89,221.36,217.08,207.97,206.48,199.58,192.77,190.14,182.26,176.14,171.21,161.32,156.26,145.50,136.40,125.25,116.11,104.81
122.11,134.81,143.14,152.55,160.73,171.33,175.14,181.62,186.34,190.00,193.83,198.32,200.10,203.08,206.42,209.90,214.61,219.31,224.88,227.85,236.10,238.30,245.55,251.27,253.01,258.59,263.78,257.38,253.14,250.68,247.70,239.60,233.23,231.62,224.90,220.54,214.35,207.37,204.16,197.52,193.33,186.82,180.60,174.55,170.56,160.58,154.31,144.40,135.71,124.04,115.00,105.00
123.43,134.62,143.03,152.20,159.96,170.19,174.14,181.02,184.71,187.77,194.10,196.95,200.64,202.88,205.35,210.95,213.46,222.28,223.58,227.13,234.08,237.53,243.58,249.33,253.67,259.11,259.28,255.28,255.83,250.17,245.07,240.16,234.01,229.68,221.42,217.95,210.62,205.57,200.02,196.56,191.13,185.07,181.30,174.05,171.08,158.81,153.22,141.99,134.24,125.10,115.12,103.73
126.50,140.60,147.18,157.32,167.30,175.73,179.79,186.03,189.99,193.09,199.04,201.49,203.39,208.28,212.72,214.57,219.35,222.27,230.53,229.47,236.60,240.15,244.08,247.82,250.26,256.13,253.94,246.40,245.86,242.10,236.46,228.62,222.03,219.61,215.20,210.19,205.08,199.11,196.08,192.42,186.82,183.00,177.18,171.14,168.67,160.08,153.45,142.87,135.33,124.74,115.68,104.32
