146.75,165.08,175.41,190.55,201.54,213.86,221.90,234.61,237.86,241.75,245.84,250.08,255.47,253.86,253.65,260.65,261.11,264.08,267.73,269.62,265.15,273.12,269.60,271.66,270.12,270.84,261.84,251.60,245.60,236.07,226.72,218.68,198.91,197.80,185.72,179.10,174.20,168.60,163.89,158.45,155.08,150.81,144.35,139.98,137.56,130.38,125.96,118.02,110.06,102.65,94.30,86.12
145.17,163.11,175.28,187.42,201.81,212.20,221.96,232.96,236.24,242.33,246.24,250.20,254.61,253.43,252.16,259.76,263.32,265.38,268.58,266.34,266.58,269.80,274.42,272.47,271.92,269.83,263.04,254.03,245.28,242.66,229.06,220.64,202.54,202.70,190.52,183.17,176.88,170.77,166.05,163.49,158.09,151.49,147.17,142.64,139.52,131.02,126.25,118.30,111.11,103.47,96.17,86.16
145.73,164.47,175.48,188.28,201.59,212.08,225.27,236.10,238.60,245.42,250.01,253.95,259.20,258.07,256.16,264.02,266.60,269.24,274.20,272.37,273.59,274.91,280.53,280.56,279.33,278.50,269.52,259.14,251.77,249.58,236.43,227.00,211.38,207.54,200.12,191.94,183.21,178.19,173.08,169.11,166.11,157.08,152.90,148.68,144.70,135.53,130.63,121.49,116.39,107.91,99.25,89.89
138.41,154.74,166.74,180.60,189.91,201.14,212.02,223.96,225.49,232.16,233.21,239.48,242.24,241.03,241.76,249.00,251.10,254.13,256.63,255.74,254.92,258.49,259.56,260.74,260.10,259.41,250.98,244.08,234.68,228.04,218.40,209.15,194.55,190.07,180.11,172.89,168.40,164.45,157.58,156.35,151.21,143.00,141.03,138.03,132.61,123.33,117.39,111.65,106.15,100.72,88.14,82.28
146.82,164.13,175.05,187.64,202.31,212.91,222.38,234.78,235.05,241.21,246.66,248.16,254.03,251.53,253.21,259.49,263.50,263.43,269.07,268.61,268.42,271.23,275.22,275.59,276.00,272.86,265.66,259.89,250.80,246.45,235.31,229.16,211.99,208.48,200.69,192.35,186.08,181.47,175.62,171.29,166.69,161.47,154.01,150.88,145.58,136.57,132.01,124.23,116.02,108.17,100.42,91.55
138.22,154.29,167.15,181.24,190.21,201.69,212.02,221.92,224.38,231.66,235.15,240.28,244.72,241.02,242.02,247.95,250.35,252.81,256.74,254.44,254.56,257.60,261.35,260.05,261.88,259.93,251.72,241.63,236.86,230.05,218.55,209.04,193.09,192.00,183.41,176.10,166.48,161.99,157.38,157.50,153.39,142.90,141.32,136.40,130.21,125.32,117.44,110.94,106.83,99.46,89.81,81.63
137.30,153.16,168.24,179.61,189.23,200.00,211.15,222.35,224.24,230.44,232.94,237.44,241.60,239.17,241.31,246.10,247.99,248.08,255.38,251.87,252.72,255.67,257.03,258.94,256.36,256.22,248.26,237.80,230.95,226.74,214.00,206.29,189.10,187.83,178.26,170.24,164.21,159.62,153.84,154.16,149.35,141.03,139.09,134.81,130.43,120.27,115.95,110.68,105.42,97.72,88.36,81.01
144.46,162.52,175.09,188.48,198.40,210.16,220.74,234.14,238.16,241.34,245.45,247.76,251.79,250.91,250.92,257.51,257.78,262.50,265.33,264.33,264.82,268.00,270.14,267.34,270.13,266.54,260.16,251.51,244.46,235.85,225.86,216.33,202.01,197.80,186.94,180.16,174.54,168.34,163.78,159.09,157.84,150.33,145.79,143.34,138.13,129.00,124.96,115.69,110.45,105.26,92.80,86.28
144.46,162.37,176.47,187.52,199.06,209.35,221.55,232.36,234.80,240.98,244.19,249.51,252.25,249.11,250.20,257.93,260.77,261.94,265.32,263.59,262.83,267.53,269.67,268.79,270.52,267.52,257.77,250.98,242.17,235.94,225.00,215.80,198.40,196.35,187.42,179.12,172.15,168.60,162.27,160.22,156.52,147.57,146.41,141.66,137.93,129.28,124.26,115.88,111.04,105.15,92.76,85.33
144.51,164.35,175.84,189.45,200.39,211.45,223.49,235.26,236.92,244.10,247.43,252.29,254.53,252.68,254.62,259.83,263.27,264.70,270.42,267.86,266.83,271.49,273.13,273.12,275.54,271.75,264.09,256.36,249.02,242.54,230.43,222.73,205.60,202.41,190.76,183.76,178.47,173.36,166.98,166.09,161.90,152.90,149.69,146.01,141.50,131.69,124.95,119.41,112.45,108.24,96.63,86.68
143.89,163.62,173.05,190.00,200.00,210.76,220.51,233.02,237.24,240.58,246.22,250.14,253.16,250.51,252.00,257.90,259.12,263.08,265.15,267.75,267.48,269.56,270.60,271.01,274.61,270.83,262.56,253.03,248.07,238.68,230.17,220.64,205.30,199.75,189.40,181.80,178.32,172.65,166.24,160.95,157.43,153.24,147.35,144.84,139.34,133.26,126.87,120.22,112.00,105.55,94.37,87.32
142.34,156.77,172.63,182.95,197.19,208.19,220.05,228.56,232.04,237.26,242.08,245.49,249.72,248.70,249.24,255.38,257.62,258.17,264.88,261.71,262.10,265.54,268.26,269.31,270.74,264.25,256.76,250.93,244.23,237.54,227.07,217.31,201.72,198.72,186.45,182.24,175.38,170.79,164.15,158.91,156.01,149.48,142.41,141.04,135.51,126.25,122.15,114.39,108.08,100.81,90.14,83.24
136.42,153.21,162.86,177.50,186.63,199.00,208.72,218.76,222.46,227.34,231.01,234.31,238.47,237.01,238.14,244.01,244.36,244.97,251.15,250.40,251.96,255.18,254.42,257.62,257.39,255.38,245.28,238.84,231.93,224.50,216.09,206.90,192.38,187.46,178.62,171.47,166.39,162.48,156.46,149.72,147.05,142.37,135.69,133.69,129.77,122.20,119.40,109.99,105.48,97.67,88.84,80.45
144.59,162.86,175.51,188.45,200.36,210.89,221.35,234.03,237.03,243.25,246.20,249.45,253.31,253.81,252.30,259.34,262.39,263.59,269.56,266.81,267.92,270.80,273.98,274.25,272.81,272.06,263.14,255.78,246.91,240.35,229.90,221.30,204.62,202.02,193.29,181.95,178.10,171.76,167.71,165.44,160.33,152.30,147.99,146.29,140.81,133.14,127.44,118.98,113.05,107.30,96.18,88.46
144.59,163.81,174.16,187.88,199.49,212.55,221.30,233.85,237.22,241.17,246.17,250.53,253.18,253.50,252.25,260.92,262.51,262.35,266.73,268.83,268.33,270.28,273.40,274.59,272.31,271.28,260.30,253.69,247.63,239.77,231.14,220.38,205.00,199.40,189.76,183.33,177.34,172.63,166.24,162.29,159.06,152.27,146.70,145.50,139.82,132.19,127.00,120.21,112.33,105.21,95.80,86.83
145.15,163.69,176.20,189.45,201.16,211.02,222.19,233.14,237.54,243.51,247.33,250.46,254.66,253.33,254.75,262.91,260.99,260.93,269.08,268.78,267.04,271.00,273.88,272.36,272.68,272.05,262.82,255.47,246.78,240.65,228.09,221.00,204.44,200.88,191.64,183.33,178.87,173.09,166.51,160.90,158.40,152.59,146.24,144.52,140.66,132.42,128.13,119.52,112.71,106.07,97.58,87.09
141.74,161.25,173.09,188.96,197.70,210.20,218.89,232.69,237.29,244.00,245.65,252.05,257.53,253.62,254.66,262.46,264.37,265.81,270.39,269.33,269.71,271.31,273.91,273.80,273.30,274.52,266.31,252.49,246.56,239.01,227.85,218.66,201.06,198.34,190.67,180.00,172.41,170.14,164.77,160.88,157.56,149.08,146.51,144.59,139.82,128.75,124.20,116.42,112.06,104.48,93.30,84.38
142.58,161.06,172.54,186.80,199.45,210.19,220.84,230.00,234.91,239.77,244.44,248.07,252.79,250.84,254.02,258.60,262.84,263.09,267.54,266.02,267.59,270.77,272.92,274.45,275.00,270.57,264.09,256.78,247.63,243.30,232.85,222.75,208.56,203.49,194.83,187.22,182.44,177.55,170.47,166.47,162.05,157.75,149.57,146.70,142.34,135.09,128.89,122.43,115.76,107.56,97.94,89.19
132.82,148.22,160.43,173.63,181.41,192.07,201.38,212.42,215.23,220.12,220.78,227.27,232.14,229.69,228.12,235.60,235.10,238.40,240.67,240.05,239.87,242.87,246.94,247.24,246.27,247.40,240.60,229.79,226.80,221.21,210.30,203.59,188.04,188.04,179.08,170.84,165.25,160.53,156.11,154.00,150.73,140.66,138.22,135.07,131.40,122.38,115.32,107.04,104.24,97.50,85.76,79.98
145.00,163.05,172.84,187.75,201.16,211.23,222.03,233.14,237.54,240.92,247.68,250.48,255.00,254.70,256.02,263.01,267.51,267.07,272.26,270.07,269.26,275.27,278.26,278.11,279.66,274.80,269.71,261.56,252.72,245.49,236.02,227.30,211.27,207.06,198.84,190.52,184.39,179.57,175.07,169.01,164.62,160.07,152.95,147.83,143.75,136.09,129.84,121.08,114.59,107.49,100.69,89.89
131.47,147.41,158.00,173.22,181.34,193.20,202.48,212.58,217.28,221.21,224.52,227.80,233.86,230.50,231.49,236.60,238.30,239.87,245.15,243.31,244.35,245.42,248.39,248.45,248.20,250.49,240.84,230.12,225.57,218.56,209.46,200.06,185.65,182.92,175.00,168.30,164.26,156.12,152.43,148.28,145.58,138.09,134.16,130.08,128.81,119.10,114.81,107.78,101.92,96.33,87.13,79.20
136.07,151.72,164.44,176.41,184.27,196.02,204.69,218.10,219.35,224.74,226.93,230.99,235.78,233.38,234.36,240.05,241.96,242.77,249.42,248.56,248.29,251.78,254.57,252.98,254.94,255.54,247.54,239.20,234.73,228.87,217.99,211.85,196.66,194.52,187.66,179.12,174.23,168.51,162.48,160.91,157.00,148.38,145.62,143.39,138.06,127.05,123.56,116.61,110.72,103.24,93.15,85.44
144.14,161.25,177.16,188.86,200.26,213.28,222.32,234.54,237.13,243.19,246.47,251.08,254.83,251.87,254.17,259.67,262.99,265.02,270.49,267.23,267.31,272.39,274.14,274.36,274.77,272.55,263.84,255.67,248.62,243.01,231.81,222.42,206.20,204.20,193.31,185.40,180.09,174.89,168.07,165.08,161.15,155.08,149.97,146.81,140.73,131.53,127.91,119.82,114.98,108.17,96.80,87.13
136.00,153.84,166.87,178.89,189.00,201.81,211.01,223.89,228.13,230.49,237.12,241.85,245.12,244.00,243.77,252.04,251.44,253.48,260.43,259.08,258.31,263.10,263.90,262.88,262.10,264.98,254.95,242.57,237.66,228.88,219.80,209.48,194.49,192.51,182.47,174.90,167.39,162.36,159.00,154.02,151.95,144.26,139.43,135.72,132.00,124.53,119.10,112.40,106.23,99.72,90.00,83.01
143.61,163.96,175.29,188.05,200.12,208.89,221.55,234.25,233.14,240.84,242.53,249.93,253.87,251.45,249.10,256.10,260.43,260.72,267.54,262.71,262.76,265.83,269.03,269.14,267.94,268.72,259.07,247.17,242.16,237.89,222.99,212.92,195.79,197.20,187.32,181.66,172.13,167.86,160.46,161.24,157.49,148.49,147.09,143.03,138.22,131.59,124.39,117.10,111.20,104.45,95.78,85.38
133.52,151.01,164.17,174.79,186.72,197.59,205.36,216.68,220.17,224.19,228.48,232.26,237.93,235.16,235.02,240.35,244.19,246.59,249.69,248.00,246.45,250.72,251.56,253.84,252.69,254.80,246.13,235.09,230.84,224.04,213.56,204.92,189.45,189.10,179.25,171.62,166.63,160.70,155.08,154.21,149.33,141.55,140.46,135.60,131.05,122.98,118.41,111.54,107.06,99.30,89.59,81.39
133.42,151.21,163.44,175.33,186.68,195.74,206.53,217.41,219.00,224.01,228.37,232.82,234.00,233.80,235.49,240.50,243.66,243.53,249.06,246.98,245.25,250.46,251.92,254.65,254.33,251.98,244.48,236.43,230.84,223.18,215.23,204.80,189.21,186.45,177.23,171.97,166.82,162.86,156.52,151.74,149.00,142.79,138.85,136.01,131.18,122.29,117.80,112.16,105.31,99.25,89.05,82.01
133.93,149.05,161.03,174.43,185.46,195.48,204.45,215.19,218.52,224.85,226.50,232.50,236.48,235.78,235.21,241.82,244.39,244.66,249.97,248.85,246.98,250.50,256.22,255.35,255.00,256.43,249.77,238.17,231.17,227.86,216.13,208.69,192.75,193.05,184.81,176.82,170.29,163.78,161.38,157.92,153.88,145.25,144.03,138.85,134.33,124.58,119.44,113.90,108.69,102.12,93.52,84.15
148.12,162.69,177.05,188.35,200.26,211.73,221.89,233.85,235.94,245.07,243.02,251.18,255.98,253.31,254.80,259.12,264.61,267.12,271.09,270.70,269.98,274.08,279.95,281.40,280.18,279.54,274.26,265.71,257.93,254.56,245.25,235.91,222.80,222.17,213.40,209.60,202.63,196.73,192.37,190.92,188.81,178.62,176.95,173.57,167.94,159.52,152.55,143.57,139.28,130.18,119.44,107.91
133.20,149.40,163.27,174.11,184.39,194.70,204.20,215.08,216.67,224.27,224.38,231.46,233.31,232.69,233.95,241.03,241.48,242.13,247.95,246.01,244.76,248.13,252.07,251.33,251.10,250.69,243.48,233.91,229.14,222.52,212.60,203.80,186.21,187.00,176.51,170.66,163.57,158.32,153.15,153.69,149.12,139.92,139.04,135.42,131.61,121.25,116.97,109.66,106.00,100.45,87.85,80.02
133.78,149.72,162.01,174.61,184.88,195.88,205.15,216.02,217.33,222.63,227.75,230.20,233.21,232.65,233.11,238.25,241.70,243.68,246.98,244.92,245.11,248.91,249.88,251.35,252.11,248.65,241.42,234.80,228.60,222.80,213.01,203.77,187.11,185.54,174.64,169.28,166.21,161.30,155.63,151.27,147.96,142.94,137.80,136.00,131.80,121.26,119.40,111.63,107.04,99.69,89.47,79.91
140.00,155.60,168.34,181.80,192.48,203.03,212.05,224.66,228.88,233.27,236.03,239.07,243.48,241.68,242.64,249.47,249.11,250.32,255.43,253.66,255.70,256.97,257.56,256.63,259.62,255.44,246.74,239.08,232.48,225.87,216.23,206.23,191.95,186.82,176.23,170.14,166.03,162.27,156.77,149.28,146.25,142.58,135.24,134.08,129.03,120.33,117.07,109.48,104.29,97.08,86.31,78.85
134.65,152.59,164.54,176.64,187.26,198.16,208.37,219.67,222.50,226.64,229.99,235.00,237.47,236.81,239.92,244.66,246.98,247.78,250.64,250.33,249.20,254.70,254.33,256.38,257.33,254.23,245.90,238.80,231.21,225.30,215.74,207.06,190.80,188.45,177.79,171.49,167.60,162.83,157.01,151.49,149.47,143.59,139.00,135.83,131.47,122.19,117.15,111.29,106.00,99.62,87.37,79.91
145.06,162.75,174.48,188.68,202.24,212.45,222.23,234.10,236.62,241.03,247.19,250.80,254.91,254.54,255.23,261.09,264.59,263.46,269.14,268.00,268.89,272.07,272.59,273.78,274.25,272.81,264.32,253.81,248.49,242.02,228.32,221.14,203.81,202.67,192.31,184.57,178.90,173.12,168.51,162.79,159.18,152.82,148.49,144.35,139.71,132.92,128.27,119.52,113.88,105.42,96.54,88.28
144.54,162.00,173.10,186.69,199.53,210.85,218.56,232.33,234.18,240.35,244.17,247.78,251.05,250.05,251.72,259.62,259.61,261.31,266.53,265.32,263.42,269.26,268.19,270.72,270.84,267.38,257.87,251.79,244.68,238.10,226.57,216.90,201.46,197.41,187.10,180.36,177.10,173.10,167.72,160.11,158.11,152.55,146.49,144.85,138.29,132.40,127.44,120.49,114.04,104.92,96.33,87.28
137.93,156.16,168.94,179.90,195.25,204.90,215.72,230.63,234.61,241.29,248.57,252.05,253.75,254.28,252.62,259.34,262.21,263.89,270.21,265.75,265.34,268.82,272.68,270.49,269.00,268.17,257.73,247.03,239.13,232.91,220.23,208.40,191.51,190.71,182.22,174.19,167.44,163.05,159.70,157.87,152.75,145.84,142.56,138.18,135.65,127.32,123.22,115.52,109.17,101.12,93.05,85.09
131.76,147.65,159.77,171.33,181.25,190.92,199.85,209.83,212.26,217.28,219.49,226.15,228.47,225.34,225.14,231.22,231.93,234.34,237.45,237.39,238.32,239.26,245.51,242.84,241.96,245.39,237.39,227.13,220.57,217.86,207.27,199.06,186.32,185.15,178.93,172.12,164.00,160.16,154.35,154.21,149.59,140.68,140.01,133.93,131.03,120.35,116.73,109.90,104.20,96.88,87.32,81.01
142.23,159.29,170.82,184.62,197.04,206.42,216.90,228.48,232.13,235.05,240.47,243.67,246.74,246.62,245.66,254.20,255.43,258.31,259.33,260.85,260.50,263.15,265.31,266.19,268.20,264.52,256.33,248.49,243.91,233.62,224.01,218.26,200.26,197.06,187.11,180.14,177.37,172.00,166.88,161.01,158.03,153.77,147.26,144.84,140.00,133.15,126.66,120.88,114.21,106.47,97.02,87.01
132.67,149.40,164.12,174.94,185.37,195.89,204.62,216.01,219.17,224.40,226.23,230.53,235.01,232.74,234.02,240.60,241.30,243.07,248.49,245.20,245.54,247.48,251.25,251.80,251.75,251.67,243.82,233.99,228.83,223.66,211.24,203.12,188.16,187.38,176.78,170.84,163.31,159.06,153.70,154.87,150.75,142.05,138.13,135.15,130.59,122.64,117.34,110.00,105.95,99.62,89.87,80.60
132.85,150.10,162.79,175.33,185.56,195.97,205.65,216.57,219.45,224.62,228.53,232.41,236.38,233.94,233.99,240.05,242.03,244.14,248.90,245.74,246.66,250.59,252.55,251.86,252.24,249.58,244.25,236.10,229.11,223.21,212.88,203.07,189.01,187.11,176.47,173.07,164.26,159.91,155.32,152.55,149.88,143.02,138.50,135.64,131.00,124.66,116.73,111.83,106.78,100.12,89.89,81.39
134.65,149.47,164.15,175.21,185.54,196.33,205.20,215.76,219.97,224.88,226.32,231.40,236.03,233.31,234.20,240.13,241.05,243.40,244.76,246.29,247.16,251.15,250.58,251.54,253.16,251.77,243.08,236.17,229.54,221.20,213.76,204.88,189.78,186.80,176.95,169.76,165.89,162.83,156.73,150.69,149.11,144.17,138.23,135.07,132.00,124.53,118.44,112.70,106.33,100.30,89.56,82.61
142.04,160.58,172.35,184.84,197.62,206.53,217.23,228.18,227.75,235.48,235.53,242.16,245.45,244.66,245.18,251.54,253.25,256.28,260.22,260.00,258.37,262.55,264.00,265.19,267.22,268.79,261.64,250.00,245.59,241.30,231.66,222.14,205.94,206.02,195.58,188.85,181.89,178.81,172.54,169.26,167.29,155.76,153.83,148.05,145.12,135.03,128.02,122.80,117.59,109.08,99.02,90.67
134.73,150.40,162.59,174.75,185.70,196.79,205.68,217.83,220.17,223.99,227.85,232.62,233.93,233.32,232.36,239.53,240.05,240.30,243.94,245.90,244.39,247.50,248.05,247.78,247.01,247.82,239.15,230.78,224.01,216.10,207.41,200.10,185.30,180.56,170.53,165.08,162.11,154.16,151.12,145.83,144.09,137.52,134.73,131.61,127.91,119.00,113.41,109.13,102.49,94.53,85.71,78.19
132.14,148.00,159.96,170.47,183.98,193.37,202.77,213.56,216.30,221.23,226.59,228.12,231.35,232.78,233.14,238.30,239.71,241.51,247.15,246.29,246.08,248.08,251.32,251.02,251.61,250.91,241.41,235.44,228.47,222.05,213.70,206.18,194.18,188.31,180.42,172.82,168.32,162.56,158.71,155.05,148.66,146.25,139.63,137.93,132.48,125.67,122.64,115.16,107.80,101.02,92.03,84.00
143.84,162.09,174.26,187.77,199.99,211.07,222.10,232.86,235.92,243.10,244.75,250.89,253.31,253.34,254.76,261.96,264.02,265.00,270.05,267.91,269.94,274.04,273.26,276.50,275.07,272.68,264.59,258.30,251.31,243.82,234.10,225.73,210.04,205.27,196.01,188.25,184.70,180.48,174.07,168.83,163.00,159.20,152.32,148.52,143.56,135.83,131.05,124.48,117.17,108.78,97.42,89.50
143.57,162.63,176.17,188.29,199.82,211.01,221.27,233.94,236.81,241.48,244.28,249.99,254.21,252.73,254.01,259.13,263.03,264.89,268.16,265.64,263.43,268.40,271.67,272.21,272.95,271.91,262.67,254.89,246.81,239.84,228.63,219.42,204.42,203.69,193.38,183.20,176.58,171.09,167.08,165.74,162.34,153.44,149.97,147.51,141.15,131.64,127.02,118.95,115.69,108.00,97.75,88.46
143.03,160.55,174.77,187.00,200.69,210.49,221.02,232.70,235.57,239.72,244.64,247.70,253.94,251.28,254.61,258.07,261.16,260.35,266.99,265.32,262.91,267.90,269.48,271.47,270.56,271.27,262.73,251.80,244.40,238.05,226.61,218.22,202.04,201.16,191.46,183.40,176.79,173.29,168.12,162.89,159.83,153.32,148.68,146.01,140.12,132.28,127.47,121.07,112.95,106.40,97.53,88.28
133.20,149.41,161.47,172.59,185.00,194.50,204.92,214.67,218.80,223.99,229.82,231.49,234.56,235.17,234.68,242.74,241.01,244.13,249.02,250.15,250.64,252.98,257.01,256.89,256.34,255.23,246.13,239.01,233.53,226.77,217.64,209.47,195.00,191.11,183.84,177.39,171.42,166.77,160.86,157.00,151.92,148.35,141.90,138.84,134.40,124.62,123.20,114.48,109.29,102.45,91.76,84.59
142.43,158.78,171.11,184.46,196.24,206.19,217.68,229.17,230.60,236.78,238.30,243.68,248.31,247.00,248.57,253.16,256.22,257.26,262.20,261.35,260.31,264.07,266.96,267.23,265.75,264.44,258.90,248.65,243.31,235.19,224.52,216.09,200.59,199.25,189.43,181.71,173.37,169.58,165.56,162.79,160.03,152.82,147.32,143.66,138.85,130.65,124.85,119.81,112.58,105.00,96.21,87.78
131.85,149.31,158.69,170.46,184.88,193.04,203.54,213.66,214.76,220.77,225.58,228.27,233.57,231.22,233.60,238.53,241.48,241.02,246.64,245.05,245.16,247.19,250.46,253.21,254.91,252.11,244.66,235.26,228.67,225.06,214.25,204.83,192.17,189.17,180.34,171.61,168.43,163.86,159.81,155.56,150.08,146.81,140.12,137.88,133.66,126.29,120.49,114.13,108.71,100.12,92.61,82.04
139.52,158.86,169.50,183.63,194.83,206.02,214.57,228.32,228.47,234.09,238.30,242.17,245.72,245.45,245.40,251.45,254.12,254.92,259.80,258.84,255.49,260.75,262.19,264.55,262.19,263.70,257.29,245.70,238.05,233.99,222.25,214.23,197.69,196.17,187.52,178.87,172.74,169.26,165.53,161.40,158.40,151.43,146.12,142.17,138.85,130.15,124.62,118.80,110.94,105.31,94.37,87.14
132.48,148.34,160.63,173.25,182.58,194.26,202.63,215.23,216.23,221.68,223.04,230.34,233.28,231.04,229.82,236.48,237.52,240.05,242.17,243.94,242.03,246.11,248.77,247.07,248.47,247.52,239.13,232.03,226.24,218.19,208.72,201.32,187.32,185.08,173.99,169.04,163.71,160.03,153.64,149.86,148.22,142.06,138.24,136.44,130.97,122.58,117.18,110.04,106.57,100.77,90.35,81.15
136.68,153.52,163.41,177.41,189.65,199.12,208.66,218.76,219.66,224.88,229.14,231.62,236.93,233.93,234.85,239.70,240.20,241.02,246.00,247.95,246.95,249.48,251.39,251.92,254.83,250.46,243.00,237.19,230.53,225.40,215.34,209.57,195.39,188.56,184.01,174.87,171.40,167.63,161.31,155.12,151.58,147.15,141.68,138.19,134.35,125.67,122.58,114.77,109.22,99.93,91.97,83.77
134.63,152.07,164.30,175.91,185.35,196.79,207.41,217.80,220.77,223.89,228.27,230.84,235.47,233.90,234.45,238.30,239.93,239.43,244.27,244.25,245.52,247.62,248.87,247.01,247.92,245.42,237.55,231.08,224.54,218.60,207.76,198.08,184.36,179.84,172.41,166.36,160.15,155.47,151.45,145.66,143.54,139.46,134.00,130.00,127.32,118.53,115.85,108.47,102.73,93.72,86.33,79.40
132.31,149.49,160.51,174.75,184.04,194.47,205.07,214.53,217.86,224.83,226.05,230.77,234.77,233.63,234.80,240.62,242.40,242.60,247.48,246.56,247.29,250.41,254.33,254.88,254.61,253.10,245.28,238.21,229.27,226.04,216.00,208.83,193.29,189.01,180.25,175.65,169.40,164.92,158.62,156.35,152.97,147.32,141.74,139.14,134.03,124.68,120.10,113.46,108.12,101.53,90.91,83.19
132.40,150.15,158.69,171.96,181.18,190.07,201.64,212.06,211.28,218.04,220.51,223.22,227.70,226.63,226.43,233.42,234.05,237.69,239.26,240.51,237.93,244.48,246.13,247.76,248.85,246.56,239.45,233.42,227.13,221.58,211.68,204.95,192.09,188.30,179.81,173.74,169.85,167.72,161.48,156.16,152.16,148.40,141.03,138.72,133.99,126.92,121.33,114.86,109.66,101.60,91.78,83.29
121.70,140.46,156.04,168.69,183.10,191.64,204.27,216.27,217.50,222.64,227.11,232.08,234.79,234.78,235.70,241.55,245.17,245.74,249.05,246.91,246.71,250.60,253.90,254.02,254.56,249.61,242.56,234.88,226.72,219.43,209.88,199.15,185.59,182.10,173.62,166.72,162.43,156.78,152.45,149.86,147.12,139.40,134.95,133.27,128.57,120.33,115.62,109.60,105.77,97.42,88.12,80.00
138.75,157.16,168.24,180.65,192.44,202.68,213.78,225.41,227.66,232.13,236.02,240.17,242.79,241.13,241.05,246.98,250.17,249.62,254.64,253.48,252.01,256.35,257.01,255.73,255.99,255.52,245.70,238.30,231.09,224.84,214.08,206.30,188.66,186.60,176.08,171.00,166.37,160.01,156.08,151.82,148.66,144.46,136.00,135.57,130.73,123.15,118.14,111.36,105.00,99.25,89.16,79.91
135.38,153.64,166.31,177.65,188.83,200.34,209.39,220.64,223.43,227.98,233.41,235.00,238.20,237.17,238.61,244.09,243.77,248.65,249.10,249.59,247.07,251.25,252.11,251.37,252.38,249.69,239.70,234.20,228.22,219.74,209.39,202.04,187.22,181.75,173.44,167.36,162.12,157.89,154.95,148.19,145.72,140.86,134.27,134.24,128.39,121.00,115.52,108.85,105.12,96.88,86.83,80.05
140.43,157.08,170.94,184.17,195.36,205.06,216.02,226.99,229.19,235.23,239.30,243.58,248.26,245.90,244.36,251.81,251.81,254.70,259.92,258.54,258.28,259.11,265.41,264.33,263.80,263.80,255.00,245.06,237.22,233.48,220.97,212.08,197.84,197.31,188.31,181.62,174.14,167.86,164.01,161.64,157.65,148.66,147.18,142.28,138.71,127.58,123.31,116.42,110.16,102.42,93.05,84.63
142.13,160.12,174.45,184.62,195.73,206.89,219.11,231.18,232.69,237.44,239.52,245.45,247.76,245.74,246.66,253.16,256.50,256.73,263.30,259.61,259.05,262.82,265.41,266.54,263.91,263.19,254.42,245.81,239.89,231.70,223.23,214.87,198.15,195.21,187.39,180.24,175.57,168.87,163.20,161.83,157.89,149.97,147.34,143.25,140.00,131.03,126.04,118.93,113.00,105.95,95.67,87.24
140.29,159.20,174.35,185.59,196.38,207.51,215.86,228.53,231.23,237.93,241.40,242.99,248.85,247.63,246.79,255.71,254.96,259.05,261.45,259.83,259.62,262.10,263.78,265.73,265.42,262.94,254.37,246.86,241.40,233.21,223.51,213.04,198.28,193.75,184.32,178.64,172.36,166.76,162.05,160.10,157.00,150.07,145.89,143.96,138.29,129.77,123.17,118.53,112.01,106.51,94.30,86.27
130.42,146.99,160.23,171.71,180.31,190.25,201.02,210.41,211.87,217.23,217.46,224.64,226.82,224.08,224.77,230.10,232.36,233.24,238.21,234.62,233.81,238.14,240.01,239.70,239.44,240.21,232.22,221.92,216.15,210.54,201.06,192.51,176.95,175.57,167.87,161.11,153.44,150.00,145.42,144.47,141.03,133.22,131.70,128.23,124.54,115.11,110.72,104.86,100.44,92.65,83.86,76.66
131.59,149.26,160.38,173.44,181.03,192.51,201.40,213.12,214.45,219.74,220.59,227.02,230.87,227.31,228.13,235.65,236.25,237.93,241.87,240.47,239.38,243.40,245.20,246.45,246.03,244.44,236.97,230.22,223.96,217.08,207.54,198.93,184.57,183.48,172.79,165.44,159.33,157.20,150.86,150.79,146.70,138.23,137.27,132.74,129.50,121.05,114.44,109.77,103.48,98.49,87.82,80.28
140.04,158.32,168.69,181.80,196.42,205.52,216.00,224.90,227.07,231.82,235.27,241.65,244.81,242.62,241.75,249.09,252.16,251.53,259.98,255.37,255.20,259.38,261.01,261.93,260.85,262.55,251.63,240.68,236.70,233.27,220.48,212.01,195.48,195.23,185.40,177.05,171.72,166.11,162.09,159.52,156.00,149.97,145.88,141.15,137.71,130.23,124.68,116.71,111.16,103.39,94.87,85.70
129.85,146.86,158.82,170.84,180.23,190.78,199.16,211.48,214.09,219.32,220.20,226.15,229.22,226.26,229.01,233.89,236.73,238.41,242.26,240.65,238.95,244.43,244.71,247.33,248.47,244.40,238.03,231.45,224.86,218.55,208.39,198.71,186.55,185.44,175.31,167.63,163.38,157.63,153.88,152.28,148.19,141.60,138.09,135.79,131.24,122.41,117.46,111.52,107.34,99.30,88.28,81.27
139.20,157.54,168.19,180.94,192.31,203.96,213.01,224.88,227.71,232.77,236.24,240.36,245.00,243.30,243.02,249.20,251.87,253.66,258.79,257.48,259.22,260.02,265.15,263.90,264.77,265.32,259.88,247.82,241.01,235.44,224.89,218.13,202.85,202.28,194.70,186.63,178.57,172.28,169.05,167.71,162.56,155.68,150.05,148.27,141.87,132.50,129.07,121.07,115.32,108.34,97.80,89.81
138.65,157.69,167.86,180.36,192.48,204.50,213.59,224.98,228.06,232.48,237.53,241.76,244.29,244.48,242.87,250.89,251.29,253.95,257.50,259.60,257.62,262.51,265.24,266.69,265.61,265.35,259.92,247.81,240.67,234.88,225.80,218.51,201.88,201.47,193.78,187.20,180.32,174.45,171.33,165.85,161.97,155.54,150.12,146.22,142.97,135.51,128.81,122.35,114.59,106.40,99.14,89.56
138.60,156.25,169.85,181.57,192.82,202.04,212.60,223.66,226.31,232.17,234.92,239.28,244.03,240.03,239.48,247.70,250.45,250.83,255.07,251.11,251.02,257.33,258.79,260.11,258.64,259.93,252.38,240.38,235.69,229.37,216.63,208.15,194.00,193.21,185.93,176.23,168.81,165.34,161.01,161.64,157.65,146.44,145.79,140.66,138.19,130.10,123.48,115.95,111.22,103.82,95.52,87.09
138.85,156.60,169.43,183.34,191.82,202.61,212.14,225.75,227.44,232.55,233.39,240.78,242.62,243.29,242.25,248.71,251.21,252.10,254.37,254.54,252.49,256.77,258.60,258.80,258.07,259.51,250.38,240.03,234.34,229.11,216.45,208.17,195.44,194.47,184.30,176.31,168.67,164.34,160.00,159.46,157.70,147.50,145.52,141.03,139.05,128.71,122.00,117.00,110.42,103.77,93.56,86.12
130.00,146.82,159.18,170.30,181.00,190.55,199.36,210.04,211.48,216.04,220.69,221.47,226.05,224.44,225.40,229.14,232.24,232.02,238.16,236.28,234.27,239.38,238.35,240.08,239.01,236.60,228.14,222.65,216.09,208.20,199.06,193.19,176.88,172.47,164.47,160.01,154.21,150.44,146.69,141.77,138.45,135.19,127.88,126.67,124.79,116.04,112.01,105.30,98.72,92.44,85.60,75.00
131.19,147.26,157.04,169.16,181.28,189.47,199.28,211.25,212.53,216.92,221.73,224.15,228.11,228.27,227.84,233.96,236.84,236.25,241.91,240.10,240.47,243.00,246.05,246.34,248.07,244.88,238.47,233.42,226.02,219.32,209.77,201.56,188.16,184.91,177.23,172.03,166.15,162.39,156.52,153.26,150.43,145.03,139.04,135.72,131.85,125.73,120.70,113.44,107.49,99.98,92.01,82.97
138.77,156.54,168.18,180.90,191.98,203.03,212.25,223.93,226.57,231.42,235.76,240.17,242.20,242.84,242.67,248.13,250.38,252.07,256.53,257.75,256.29,259.62,261.63,261.30,261.73,263.32,255.79,246.13,240.17,233.03,224.08,216.93,201.00,198.76,189.16,182.12,177.20,172.56,169.29,162.41,160.22,154.03,149.28,145.34,141.51,132.85,127.63,120.74,114.34,106.47,96.54,88.09
129.76,145.77,158.22,169.62,181.25,191.23,201.01,212.61,214.11,217.81,221.62,226.02,229.96,229.26,230.38,234.68,235.76,237.86,241.58,240.83,241.88,244.46,247.37,249.61,250.11,246.84,238.60,233.45,225.79,219.80,212.00,203.04,189.62,185.88,178.24,172.26,165.71,160.08,155.36,152.90,148.27,145.42,138.46,135.16,131.18,122.61,118.93,112.61,106.62,99.04,90.14,82.28
130.14,146.44,160.38,173.52,181.57,190.44,202.12,211.10,214.08,218.51,222.27,225.54,229.38,226.52,227.71,233.57,236.07,236.92,241.70,240.21,238.56,243.21,243.85,244.17,245.20,244.35,235.03,229.26,221.98,216.61,207.71,198.52,184.84,181.11,171.33,165.47,162.10,159.02,152.64,149.20,146.49,141.03,134.65,131.64,127.63,121.02,116.69,111.00,105.30,99.20,87.82,81.50
140.12,156.54,168.58,182.32,192.63,202.80,213.48,225.11,226.49,230.89,235.76,240.44,243.02,241.67,241.40,246.66,249.45,251.59,255.63,256.14,254.57,258.00,262.41,261.59,262.09,263.11,253.31,244.77,237.00,233.70,223.81,213.43,198.04,197.80,188.90,181.69,175.16,168.72,165.60,163.88,158.67,151.60,148.76,144.13,142.04,132.55,127.77,119.64,113.99,105.12,96.43,87.60
129.03,145.88,157.65,169.29,178.99,188.17,198.54,208.15,211.42,217.81,218.75,224.24,228.18,225.94,225.01,231.81,234.23,236.04,241.45,238.68,237.12,241.30,244.25,245.01,244.47,244.62,236.39,226.97,222.20,217.48,207.18,200.00,182.54,185.16,176.60,170.24,161.93,157.41,154.06,151.92,148.12,141.60,140.00,134.63,132.14,122.97,117.80,112.73,107.06,100.22,90.21,82.01
145.60,164.61,175.84,190.26,203.21,213.53,224.44,235.69,238.32,242.53,249.19,250.78,256.22,254.88,255.60,262.53,265.84,267.48,270.82,269.12,268.50,273.01,275.48,275.19,276.52,274.07,267.96,258.97,251.46,244.01,235.30,225.20,210.09,205.73,198.88,188.16,183.99,180.48,174.84,170.00,166.21,161.05,154.64,152.00,148.12,139.99,133.60,126.67,117.99,111.95,101.49,92.23
136.01,152.12,164.45,177.51,188.81,199.46,209.62,219.86,221.00,226.11,229.38,233.59,237.50,236.33,238.42,241.37,243.90,246.11,249.01,247.76,247.73,250.46,253.31,252.83,255.56,251.47,242.23,235.05,230.43,221.92,213.44,204.48,190.82,187.54,177.56,171.29,166.77,164.92,156.92,153.83,150.24,145.00,139.62,135.69,131.87,124.04,119.05,112.16,106.78,99.70,89.69,82.97
134.97,152.19,164.54,175.80,188.09,197.71,207.37,216.68,220.44,226.55,229.73,233.32,235.26,234.98,235.67,241.30,242.55,244.50,249.07,246.90,250.02,250.79,255.55,255.03,254.76,255.97,249.10,237.93,231.62,226.77,215.62,206.70,193.83,192.94,185.22,176.32,170.45,165.80,162.11,159.33,155.36,147.49,144.28,141.09,136.50,128.86,123.98,116.69,110.44,103.37,93.17,86.05
137.42,155.62,168.24,182.21,194.49,206.46,215.20,227.41,230.51,234.76,242.74,245.11,248.32,249.23,248.07,253.62,256.46,257.12,259.26,262.01,259.09,263.73,262.15,264.46,262.45,259.85,249.90,241.65,234.44,225.79,215.08,206.70,191.05,186.90,178.21,169.96,166.17,162.83,157.51,152.59,149.88,147.99,141.32,137.36,133.30,128.23,124.68,115.92,108.67,101.36,93.19,85.00
139.79,156.82,169.45,183.81,194.05,206.81,216.78,229.31,233.11,238.46,242.77,247.82,251.91,249.07,249.95,257.24,259.33,262.01,263.83,262.53,261.74,264.38,266.60,265.19,267.03,261.49,253.31,244.12,237.61,227.88,219.02,208.08,191.46,187.60,179.01,171.51,167.48,162.46,156.70,156.55,154.16,146.86,143.69,140.73,135.09,126.05,122.44,116.11,109.00,102.79,92.76,84.58
136.31,154.94,165.92,179.61,191.42,202.94,212.61,224.24,225.36,231.19,234.03,238.32,241.68,241.36,241.51,248.17,249.24,251.75,254.06,255.49,252.52,255.05,258.92,259.86,258.09,256.91,249.20,240.63,234.40,226.50,219.02,207.79,193.84,189.11,180.56,173.97,170.47,166.03,160.25,154.55,151.38,146.25,140.58,138.11,132.83,125.26,120.22,113.16,106.40,98.18,88.77,84.21
131.23,146.24,159.05,172.03,181.14,190.54,199.65,211.48,212.81,220.17,221.00,225.82,230.99,227.92,228.67,234.68,235.24,239.02,243.90,240.88,240.96,244.05,247.35,247.46,247.52,247.42,241.92,229.02,223.95,219.83,209.83,199.55,187.21,185.42,179.03,169.52,164.11,159.36,156.06,154.18,150.46,141.89,140.17,134.20,132.06,123.07,117.43,111.09,105.95,100.21,88.77,81.39
128.51,144.36,155.68,168.36,179.69,191.23,200.30,211.24,214.11,218.04,221.36,225.50,229.00,227.40,229.39,235.36,235.65,237.68,240.90,240.39,237.53,240.63,241.01,240.30,241.46,240.00,227.22,219.76,214.29,203.65,196.41,185.37,171.40,168.63,158.90,153.84,148.66,144.28,141.38,137.20,134.38,130.08,125.25,124.62,117.96,112.20,108.60,103.12,96.19,90.96,83.49,74.06
131.93,147.14,158.15,171.03,181.10,192.42,201.70,211.65,214.29,219.64,221.90,225.39,230.53,229.13,228.55,234.31,235.36,237.84,241.51,241.47,242.50,244.38,247.49,246.92,247.87,248.36,240.20,232.42,225.89,220.06,211.44,202.20,188.74,185.97,177.41,169.65,166.78,162.41,158.22,152.74,149.16,144.51,139.56,135.68,132.02,125.67,119.92,113.16,107.80,99.90,91.68,81.79
127.48,143.56,155.22,167.24,177.73,189.17,198.71,213.06,215.19,219.15,224.56,227.77,231.42,230.47,230.53,237.53,237.08,238.95,241.65,242.74,240.02,244.14,244.52,243.50,244.59,240.26,232.56,223.97,218.11,207.48,199.54,191.06,174.67,173.10,162.87,157.19,153.58,150.00,146.11,139.95,137.30,133.72,128.70,128.06,123.91,116.30,112.29,106.47,99.72,94.56,83.76,75.74
139.30,154.87,166.08,179.95,188.04,200.26,207.62,218.22,221.82,229.02,231.98,236.76,239.49,239.83,240.45,243.53,247.16,251.01,254.40,253.66,255.07,258.79,263.05,266.48,265.48,265.19,259.53,252.02,247.42,240.44,234.14,223.89,213.00,207.62,200.96,196.76,193.05,188.90,184.84,180.47,178.57,172.24,168.51,164.44,161.14,154.32,152.24,144.93,137.64,125.92,116.76,104.04
130.10,145.78,158.32,169.06,179.92,190.21,200.25,212.26,213.59,218.59,219.99,227.27,228.90,227.04,228.54,234.96,236.96,239.53,243.50,240.93,241.10,243.28,246.60,246.42,247.99,246.79,240.19,230.54,226.82,218.40,209.38,199.16,187.64,186.27,178.00,168.86,162.64,159.93,153.95,153.69,148.82,142.34,140.21,135.83,132.23,121.49,117.04,110.42,106.04,98.79,89.10,82.49
135.65,154.16,166.03,178.60,188.92,198.37,210.09,220.79,219.75,228.67,231.81,235.55,239.93,237.61,237.42,243.85,244.97,249.47,251.85,250.41,248.46,250.08,253.71,254.57,255.72,254.14,245.33,236.03,230.42,224.12,213.26,206.94,190.65,192.04,181.55,173.35,164.88,161.23,157.31,156.18,151.05,143.39,141.36,135.67,131.89,123.33,116.35,111.80,106.02,99.90,89.69,82.98
126.66,143.67,156.00,168.75,177.14,189.74,198.31,211.45,214.35,221.33,223.90,229.27,233.09,233.19,231.97,239.83,241.01,244.62,247.01,245.08,246.46,246.98,252.04,251.78,251.14,251.02,240.84,230.76,224.62,219.48,207.09,198.39,185.92,180.45,173.74,164.79,159.96,156.06,150.15,148.08,143.89,137.31,134.32,131.70,127.57,119.08,113.57,106.98,103.04,96.80,87.11,79.18
131.75,148.79,158.24,171.59,182.02,191.51,200.49,213.10,212.73,218.68,222.81,226.81,230.57,230.26,229.92,235.10,238.47,238.58,244.38,243.88,242.39,245.13,248.89,247.80,249.07,246.45,239.77,232.36,225.38,220.30,211.44,202.18,187.41,184.57,177.69,171.54,166.93,160.56,155.91,152.32,147.63,144.81,138.22,134.83,131.24,122.80,119.97,112.72,105.04,98.35,89.20,83.77
137.71,157.04,166.65,181.96,193.26,205.35,215.03,228.11,232.40,234.61,242.24,244.49,249.65,249.10,247.92,256.20,256.02,257.10,261.40,262.19,259.42,262.07,264.21,263.53,261.82,262.68,251.27,240.83,233.81,225.30,214.15,205.93,190.41,187.88,177.03,170.60,165.05,160.11,157.08,151.60,149.21,144.47,138.06,135.42,131.24,125.17,122.04,114.81,106.90,101.12,91.29,82.81
130.60,148.12,159.70,171.84,181.24,192.01,201.11,212.47,215.24,221.05,222.28,228.04,233.09,230.00,229.65,236.21,236.07,241.08,245.18,243.18,243.99,246.33,249.19,248.20,249.62,249.56,242.16,231.71,227.71,220.05,210.74,202.79,188.14,186.50,177.07,171.42,165.53,160.21,155.32,152.43,150.27,141.44,140.06,137.30,132.59,122.04,117.99,111.04,106.53,101.00,89.11,81.54
132.48,147.76,160.06,171.33,181.47,192.68,202.20,212.70,216.00,221.51,224.11,228.33,232.40,232.33,232.22,237.45,237.45,241.35,245.86,243.99,244.10,245.49,250.45,249.23,251.88,248.78,242.00,234.54,228.22,221.11,213.00,204.02,189.38,185.15,177.26,170.43,165.71,162.02,157.01,152.08,149.37,145.25,138.45,136.31,131.86,124.08,119.10,112.61,106.48,100.24,89.47,82.73
129.63,146.49,158.60,170.80,181.18,190.55,200.82,212.46,214.24,218.65,221.92,228.35,231.52,229.48,226.97,235.58,237.07,239.58,243.53,243.23,242.40,244.25,247.42,248.46,246.85,249.63,241.59,230.93,225.72,220.42,211.01,201.26,188.11,186.39,178.10,171.29,163.78,160.11,155.72,154.03,149.97,141.32,140.58,133.66,131.49,121.76,117.24,111.07,105.76,99.28,91.05,82.42
130.39,145.52,159.02,170.79,180.94,191.63,200.66,213.97,216.11,220.66,225.44,230.50,233.86,233.21,232.59,239.70,241.01,243.02,246.15,244.86,244.57,247.07,248.27,247.54,245.69,245.38,234.39,225.66,218.93,213.04,200.94,192.48,176.82,176.74,166.03,159.02,154.28,149.86,145.36,142.84,141.50,133.69,130.25,128.70,123.88,116.50,112.11,105.93,100.00,93.91,85.28,78.41
139.65,156.63,168.59,183.92,192.59,206.53,214.48,227.11,227.86,234.45,238.95,243.18,247.29,245.16,246.17,252.69,252.34,253.94,259.37,259.82,257.70,261.56,265.93,267.02,264.33,264.57,258.01,248.02,240.00,234.70,223.96,216.13,201.10,198.64,191.00,181.25,175.93,171.29,165.71,163.13,159.48,152.20,147.00,146.03,139.79,131.85,126.10,119.55,112.45,106.33,94.76,87.28
129.40,145.61,159.00,170.84,180.24,191.64,202.43,212.60,215.93,220.84,225.20,229.22,232.54,230.67,231.66,239.29,240.68,242.21,245.23,245.08,243.33,246.76,248.68,248.39,247.95,245.52,236.14,227.85,219.66,213.00,203.07,193.50,178.31,175.57,165.60,160.03,155.05,153.05,147.49,144.36,140.94,134.73,131.46,129.69,124.81,117.00,113.16,107.56,101.53,96.25,86.37,78.45
136.88,155.08,169.57,179.05,190.80,203.75,214.58,225.75,227.84,235.42,240.14,244.08,248.65,246.45,247.34,254.23,254.68,256.76,262.99,260.40,257.45,263.87,265.04,262.88,261.59,262.50,254.28,239.27,234.96,227.11,214.77,203.54,188.83,189.51,181.57,172.46,164.35,160.33,157.27,155.66,151.57,143.59,141.79,137.30,133.00,125.28,120.07,113.65,107.17,100.34,91.92,82.01
140.87,160.08,172.03,187.38,196.51,208.56,215.84,228.98,232.00,238.41,242.26,245.41,249.71,248.64,249.80,255.36,255.41,259.70,261.22,265.05,262.53,265.00,269.08,268.73,269.14,271.01,263.58,250.06,245.46,237.54,227.48,219.16,206.00,201.07,192.32,186.59,179.01,175.36,170.21,165.60,162.31,155.08,150.34,147.22,142.02,134.63,129.00,122.35,114.86,108.08,97.49,88.36
128.16,143.18,155.68,167.53,177.28,187.93,197.23,207.62,210.24,215.87,217.15,223.60,227.18,225.02,224.56,230.05,231.66,235.44,238.21,236.69,238.03,238.31,241.12,243.07,245.64,244.52,235.69,225.80,221.14,216.06,207.24,199.40,184.69,183.47,174.00,166.46,162.26,158.40,152.86,150.71,148.52,140.80,138.06,135.15,130.77,123.02,114.93,108.85,105.31,99.82,88.23,80.99
141.36,158.15,172.74,184.72,195.89,207.89,216.91,229.86,233.14,238.05,241.60,247.89,249.72,247.89,249.21,255.00,258.59,259.33,265.93,262.24,261.27,264.02,270.19,271.15,270.60,269.76,260.93,251.75,243.46,239.77,229.08,218.25,202.68,204.32,193.34,186.04,179.23,174.14,169.19,168.67,163.11,156.01,152.40,149.24,143.81,134.46,127.35,119.34,115.52,108.24,97.95,88.87
141.88,159.77,173.76,185.71,196.04,207.42,217.81,230.56,232.96,239.62,241.68,246.76,251.73,248.36,248.07,257.93,256.10,259.94,265.50,262.99,262.50,268.84,271.56,271.01,270.90,267.31,260.97,253.51,246.13,237.55,229.40,220.49,206.24,202.48,192.72,185.55,180.24,178.10,170.76,165.86,162.37,155.08,151.33,148.49,143.13,134.97,129.44,121.20,117.62,110.54,98.03,89.68
129.81,147.14,159.05,172.54,180.32,192.20,199.12,211.45,214.24,220.58,221.29,226.23,230.78,228.98,229.97,236.13,237.01,240.69,243.30,243.29,241.30,246.20,248.89,249.88,249.69,249.65,242.03,232.44,226.72,221.72,213.19,202.77,188.81,188.16,180.01,171.71,165.60,163.00,157.54,155.21,152.08,144.25,142.13,137.06,133.36,124.79,119.00,111.83,110.32,105.12,91.26,82.49
132.85,148.64,158.93,171.48,182.60,191.51,202.78,212.51,212.78,218.83,222.46,227.07,231.66,230.10,230.84,236.54,239.60,240.10,245.20,244.36,242.20,247.30,251.00,250.15,250.20,247.26,241.07,234.97,228.60,221.62,214.01,206.16,190.00,187.52,179.69,173.03,167.72,164.30,157.88,153.39,149.83,147.49,138.84,137.30,132.91,126.59,121.20,115.10,108.37,100.85,92.01,84.17
138.92,155.05,166.44,180.55,192.07,202.06,213.77,223.19,224.59,230.63,235.47,238.85,241.40,239.25,243.00,247.42,250.20,251.41,254.05,254.57,254.70,256.52,260.02,259.94,259.82,255.20,250.02,243.29,234.96,229.01,220.17,210.12,195.58,190.69,183.17,175.51,171.30,164.62,160.96,156.43,151.22,148.66,139.26,137.08,134.06,125.87,121.00,112.58,107.20,99.86,90.24,83.02
129.71,147.14,158.15,172.54,180.00,191.94,199.54,211.06,213.58,219.18,221.82,227.30,231.08,230.22,228.60,235.54,235.44,239.30,244.57,241.77,241.30,245.23,248.29,248.62,247.95,249.63,242.42,230.49,225.09,220.27,211.99,201.76,189.01,186.87,180.62,170.85,165.20,160.61,156.20,152.97,150.53,142.27,139.52,136.36,132.55,124.39,117.63,112.22,107.35,101.59,89.59,83.55
131.59,147.65,157.69,171.42,182.73,192.04,200.66,211.55,214.67,219.49,224.27,228.11,231.97,230.29,230.31,235.80,237.03,238.90,244.93,241.48,242.20,245.98,250.32,247.89,248.47,248.36,243.21,233.56,226.10,221.72,212.20,202.04,190.38,186.20,180.69,173.57,167.82,162.46,157.85,153.06,151.08,143.59,139.95,136.01,132.59,125.16,119.82,112.54,107.28,101.00,91.22,83.24
137.19,156.17,165.19,179.72,191.32,201.90,212.42,222.44,224.15,231.09,233.62,237.56,240.21,239.64,243.34,246.45,248.49,250.39,255.03,253.40,250.83,255.70,258.01,259.86,260.60,257.61,248.47,240.47,235.75,229.58,219.40,208.61,194.99,191.38,182.99,176.18,171.61,167.37,163.71,156.47,151.49,148.17,142.28,139.54,134.71,127.04,120.51,113.55,109.77,101.98,90.70,83.22
130.92,147.65,157.85,169.99,181.66,192.09,200.55,212.00,214.03,219.92,223.60,226.95,231.42,230.00,228.35,236.78,236.66,239.03,243.33,243.53,242.03,244.63,249.93,247.41,248.65,248.39,239.01,231.04,225.14,219.82,210.30,203.69,188.10,186.13,176.88,172.00,166.52,161.64,157.17,152.51,149.28,142.52,138.74,133.09,129.10,123.81,119.37,112.29,106.10,98.99,91.18,83.29
137.71,151.95,166.97,180.38,189.36,200.09,211.32,221.82,225.28,232.86,234.96,239.47,242.54,240.10,241.51,246.78,249.20,252.05,257.34,254.89,257.18,257.12,263.35,261.96,263.96,260.86,254.05,243.95,238.37,232.69,222.80,215.75,199.62,195.58,188.69,181.47,175.55,168.47,163.99,162.10,157.01,150.23,147.57,143.59,139.01,127.88,125.00,117.34,114.07,104.92,94.76,86.73
130.78,148.22,158.52,171.14,181.32,193.50,200.64,213.32,213.69,220.79,223.43,228.16,231.81,231.23,231.02,235.85,238.93,242.03,246.52,245.20,241.90,246.29,251.11,250.46,252.30,249.42,243.39,233.44,227.77,223.27,214.39,203.54,189.10,188.43,180.65,172.57,166.74,161.91,157.65,155.44,151.74,143.54,137.90,135.15,131.14,122.65,118.41,112.29,106.02,98.66,90.67,83.19
133.20,148.50,159.53,173.23,184.81,193.20,202.41,213.25,216.15,222.78,225.14,230.52,234.41,232.09,232.42,239.92,242.07,244.90,248.40,246.07,246.66,250.20,252.68,251.92,253.28,252.22,246.59,237.24,230.31,226.55,215.63,205.64,191.51,191.64,183.10,175.29,167.33,162.03,158.14,156.25,152.79,145.01,140.69,136.09,132.85,125.73,119.04,112.07,106.90,99.02,90.74,83.73
140.89,157.28,171.06,185.15,193.44,206.50,214.87,228.54,231.61,236.70,239.89,244.46,249.02,247.19,248.82,254.85,256.13,258.80,264.32,263.83,263.39,265.64,270.63,268.37,270.02,267.32,260.71,253.00,245.71,239.01,230.22,219.44,205.93,204.02,194.16,186.60,180.42,175.51,170.24,168.47,163.71,156.31,151.79,148.66,144.01,134.79,129.40,121.12,115.00,108.63,97.62,89.55
141.53,159.70,170.58,182.92,197.57,206.93,218.02,229.84,230.50,237.12,240.75,245.54,250.32,248.67,248.62,254.17,259.47,259.59,267.03,262.62,262.59,265.88,271.46,269.61,270.13,270.57,263.61,253.78,244.39,243.48,230.95,221.06,205.29,205.30,196.01,186.40,179.42,176.82,169.33,170.91,164.78,157.41,153.57,149.63,144.84,135.25,128.41,121.84,117.15,108.08,98.35,89.90
142.61,161.24,173.66,187.00,197.19,209.02,218.52,230.26,232.94,236.43,241.92,246.62,252.56,249.07,249.95,256.53,260.23,261.22,266.54,263.60,262.83,266.91,271.77,272.66,272.12,272.81,263.90,254.40,247.61,242.51,231.78,221.98,207.80,205.30,197.06,188.48,181.03,178.28,171.94,170.06,165.31,157.10,154.80,150.01,145.65,134.20,129.25,123.18,115.88,108.47,98.35,90.35
137.27,156.03,164.77,180.01,190.59,203.04,210.65,222.41,224.06,230.51,232.40,237.03,242.54,239.25,241.34,249.42,249.65,253.15,254.89,256.31,252.01,256.35,261.47,259.33,260.25,258.07,250.06,243.40,238.16,228.98,219.05,211.52,194.26,192.90,183.45,176.10,171.41,167.03,160.26,156.40,153.44,149.40,140.94,139.65,133.96,125.48,120.21,113.60,108.23,101.21,90.38,82.04
136.40,152.12,166.98,177.79,189.38,196.77,208.95,222.52,227.66,231.90,234.89,238.84,242.33,240.41,240.86,246.14,249.42,251.79,255.52,253.25,254.20,255.00,260.93,259.73,258.80,260.97,252.05,241.51,235.61,230.93,218.28,210.42,194.70,193.83,186.78,177.41,170.18,165.68,160.33,160.02,155.08,147.11,144.03,139.29,134.74,123.26,119.22,112.58,108.05,99.82,90.44,80.99
140.01,155.91,171.48,183.00,192.34,204.39,215.06,226.12,228.71,233.21,236.10,242.79,246.24,243.91,244.12,248.65,252.30,253.31,258.80,257.05,252.46,257.50,259.88,260.40,259.62,261.36,251.35,239.41,234.18,228.60,216.60,206.79,191.65,190.52,181.23,174.43,166.00,163.11,157.93,155.90,154.85,145.44,142.44,140.12,137.13,126.21,121.56,114.74,108.37,103.58,93.06,84.39
131.05,148.03,158.78,172.35,183.14,194.14,202.32,214.73,218.02,223.95,225.70,230.78,234.68,232.83,233.53,240.60,240.71,245.40,248.17,247.01,246.64,249.28,253.16,253.06,254.59,251.39,243.31,236.68,230.77,224.38,215.08,205.46,190.43,189.28,179.43,174.04,168.24,163.17,157.92,154.31,151.82,144.84,140.46,137.44,133.20,123.17,119.23,112.29,107.00,100.00,91.42,83.73
134.21,150.62,164.47,177.63,186.30,197.01,206.81,218.49,221.78,228.06,229.34,234.05,238.95,237.15,237.84,243.35,244.27,245.59,251.14,249.11,249.29,251.44,258.04,255.78,255.99,255.03,247.10,238.20,231.81,225.23,214.56,206.34,191.98,188.37,182.48,173.40,166.76,161.31,156.02,155.32,152.82,142.86,140.66,136.47,132.38,120.78,116.36,110.39,106.00,97.12,87.05,80.41
130.98,145.84,159.29,171.84,180.36,191.07,199.85,212.70,215.60,220.64,222.01,228.05,231.39,230.32,230.99,237.26,239.71,244.01,246.16,244.30,243.53,248.20,251.02,251.08,250.08,249.00,244.23,233.82,229.84,223.03,215.24,205.18,191.23,189.41,180.31,172.56,167.63,161.89,158.45,156.18,153.08,142.86,141.48,137.08,133.14,123.85,116.73,110.35,107.12,101.79,88.55,80.66
142.52,161.60,171.48,187.18,198.13,211.57,221.25,234.78,238.91,240.36,247.95,250.80,257.31,257.78,256.80,264.76,264.36,266.44,270.30,272.81,270.48,274.12,273.86,274.61,273.21,271.89,261.23,250.44,245.60,233.44,224.12,215.23,196.92,194.49,182.66,176.57,171.84,167.37,162.25,157.21,153.95,149.65,144.00,140.81,136.85,131.75,125.57,118.00,110.72,103.73,94.63,85.62
142.71,161.48,171.49,187.77,197.36,210.15,218.66,231.33,234.08,238.82,243.70,247.32,253.00,252.60,253.48,260.23,259.56,263.55,265.92,267.28,265.19,271.16,271.49,271.81,274.05,272.21,264.57,255.28,249.61,241.92,232.24,222.87,208.61,204.71,195.78,187.38,182.70,178.10,173.46,166.00,164.76,158.04,152.40,147.87,144.46,134.97,129.00,123.17,114.95,109.00,99.76,89.94
143.68,161.04,173.90,186.59,198.18,209.83,217.83,232.02,233.44,241.13,242.57,249.05,254.03,251.64,251.08,260.10,260.46,263.96,269.77,267.59,265.71,269.61,273.79,273.08,273.41,274.27,266.05,255.15,248.20,245.09,233.36,223.18,206.90,206.40,196.08,188.45,181.22,174.60,172.18,169.80,165.16,156.32,153.01,149.45,145.61,133.42,129.47,121.75,116.50,109.04,97.74,90.43
139.74,157.28,168.67,182.94,194.31,205.24,215.52,226.74,230.06,234.16,239.10,242.23,246.16,246.62,246.00,254.03,254.38,256.30,261.77,261.73,260.20,263.69,267.23,267.86,266.51,267.19,260.52,247.20,242.55,236.01,227.38,218.40,203.16,200.12,192.42,184.81,178.44,173.95,169.24,164.22,159.30,153.44,150.08,147.26,142.09,132.88,129.81,121.12,114.00,106.98,98.35,89.55
128.74,146.24,157.78,170.21,178.76,189.28,201.26,214.56,214.84,221.46,223.57,229.27,232.43,232.02,231.49,237.84,239.13,239.17,245.20,243.85,241.60,244.25,244.01,246.34,244.02,245.20,236.05,222.95,217.85,209.44,197.70,190.26,172.70,174.16,162.87,155.71,151.60,145.41,140.58,140.43,138.35,130.65,127.42,124.08,120.10,113.65,108.12,101.65,95.96,90.80,81.04,72.69
138.74,157.54,170.47,183.83,193.22,205.39,215.96,229.31,230.50,236.19,238.25,242.89,248.08,244.46,246.98,250.89,256.12,256.60,261.20,259.76,258.86,261.89,266.24,263.03,261.73,260.98,252.67,243.74,239.17,233.12,223.81,214.46,198.60,198.28,187.13,179.74,173.73,168.12,162.94,160.86,157.55,148.03,146.75,142.21,136.00,125.00,121.24,114.34,108.85,103.32,90.61,82.22
133.02,150.85,160.64,174.43,185.70,194.73,204.83,216.75,218.68,222.83,228.97,230.67,234.80,235.02,236.17,241.70,243.92,244.23,248.36,247.41,249.82,251.64,256.01,255.21,257.39,253.79,246.83,240.97,233.64,227.14,219.54,209.06,195.93,190.00,183.37,176.82,172.41,168.05,161.11,156.89,153.45,148.95,142.52,140.12,136.46,125.57,122.49,115.43,109.20,102.42,92.70,82.38
133.69,149.38,160.82,173.65,185.00,195.58,204.38,215.67,219.67,223.09,226.81,230.41,234.83,236.14,234.83,241.01,244.28,245.28,251.15,249.59,247.52,253.99,255.03,255.64,256.16,256.42,248.36,239.71,233.65,228.98,217.17,209.38,194.81,193.87,185.08,179.01,171.48,168.08,162.86,157.41,153.73,149.01,143.14,140.19,135.65,127.61,121.70,114.91,109.20,102.96,91.44,83.57
139.20,155.08,168.08,181.33,194.62,205.06,217.59,228.66,230.83,234.85,243.56,245.52,249.80,249.97,251.08,257.19,261.26,262.01,266.33,263.58,264.55,268.00,267.60,268.49,266.72,266.15,256.67,245.84,238.32,232.90,219.18,211.15,194.26,192.15,182.85,176.23,168.91,165.42,160.78,156.43,152.96,148.76,141.66,137.46,135.01,129.12,123.88,117.41,110.39,103.25,95.19,83.22
131.52,146.03,157.42,168.83,181.46,189.93,199.62,211.28,212.04,218.69,222.25,226.37,231.00,228.12,227.67,235.93,237.74,238.10,245.20,241.91,241.10,246.05,249.30,248.85,249.07,247.50,242.64,232.12,226.08,222.00,212.25,202.25,187.96,187.88,180.35,172.19,166.05,161.64,157.44,154.99,149.38,145.28,140.29,135.98,132.61,124.92,120.00,113.65,107.06,99.73,91.27,83.22
140.04,157.80,169.43,183.17,194.73,206.74,216.72,231.40,234.09,236.93,243.40,248.20,252.24,253.51,253.00,261.01,261.85,262.82,266.72,268.34,266.43,268.54,270.33,270.28,269.31,268.29,258.94,248.56,243.42,232.36,221.22,211.48,195.39,191.44,182.28,175.01,170.24,165.28,161.45,155.23,150.46,147.14,139.98,137.54,133.09,126.25,123.31,115.92,108.67,101.02,90.70,83.19
142.43,158.62,171.14,183.37,196.16,207.28,218.55,228.55,229.65,237.13,241.23,245.54,246.88,249.26,250.58,255.77,256.02,259.28,264.71,265.27,263.52,268.26,271.19,270.14,270.41,269.53,261.47,252.96,247.70,239.71,230.33,220.29,206.16,201.49,194.37,187.49,180.69,176.41,170.50,165.42,162.01,156.98,150.72,146.32,141.03,133.54,130.51,122.58,113.60,107.19,98.23,89.82
133.24,150.05,161.34,175.48,185.19,195.32,203.27,215.52,220.03,224.64,227.00,232.44,235.73,235.05,235.36,242.00,243.04,244.29,248.92,249.02,248.92,251.03,254.59,254.66,255.28,253.72,245.20,238.76,232.57,226.74,216.45,207.70,195.43,191.01,182.70,174.26,171.82,167.09,160.08,155.82,153.05,146.82,142.04,140.09,134.83,126.46,120.51,114.16,108.67,101.07,88.46,83.01
130.86,147.60,160.51,171.92,181.66,193.01,201.38,213.93,215.80,221.14,224.76,229.00,234.08,232.17,234.80,238.67,240.78,242.87,248.26,245.99,247.41,250.35,253.51,252.44,255.27,251.79,247.52,236.58,229.80,226.81,217.31,206.52,194.09,192.00,183.31,176.71,169.80,166.64,161.25,158.23,155.24,147.76,144.06,140.73,135.68,126.83,120.51,113.53,110.72,103.70,91.55,82.76
131.38,149.49,158.40,172.20,183.10,193.89,202.43,213.70,214.39,219.15,224.93,227.50,232.03,231.25,231.81,238.56,239.79,243.91,244.97,245.97,243.40,249.39,250.74,251.07,253.89,249.62,243.40,234.56,231.23,224.12,214.90,206.87,192.20,188.47,180.01,172.68,168.24,165.48,161.42,155.05,150.99,147.03,139.99,138.84,134.16,126.02,121.76,114.53,108.85,102.30,90.38,83.19
132.85,149.40,160.00,172.89,183.45,194.14,203.18,212.85,215.78,220.27,225.06,228.14,230.65,231.74,234.40,239.11,240.96,242.98,245.95,245.03,245.69,248.23,251.07,252.03,252.76,251.03,245.38,236.54,229.43,225.80,215.81,205.55,190.91,189.26,179.48,173.76,169.09,165.59,160.21,154.47,150.90,146.25,139.79,137.77,133.30,125.93,120.93,112.90,107.49,99.57,91.18,82.30
140.25,158.91,168.24,183.00,194.28,204.38,214.16,226.32,228.04,233.32,236.88,243.06,246.98,246.33,246.01,251.87,255.38,256.74,262.68,260.66,259.09,263.34,266.37,266.17,267.47,267.68,258.82,247.82,243.18,236.46,226.18,218.68,203.92,202.57,192.31,184.76,177.28,171.29,168.72,164.03,161.79,154.35,149.94,144.93,140.91,133.21,126.05,119.62,112.97,107.12,95.88,87.98
136.36,157.80,171.64,185.01,193.38,204.06,217.08,226.01,232.77,236.38,242.33,245.36,250.05,249.91,249.90,255.16,256.75,260.21,263.60,263.87,261.23,265.93,267.04,267.00,264.61,266.60,257.16,242.92,238.73,231.03,219.49,208.73,192.63,192.35,182.04,174.94,167.97,162.59,159.71,155.03,153.06,144.37,142.68,140.53,136.21,126.67,122.59,115.04,108.91,102.24,93.21,83.38
139.62,159.11,170.84,182.00,193.83,206.53,212.45,224.96,226.87,231.87,234.27,239.10,242.67,241.59,241.21,246.73,247.29,251.41,253.79,254.85,253.50,259.36,257.61,258.79,260.02,258.10,246.62,241.05,233.28,226.61,216.51,208.22,193.85,190.00,180.85,174.89,169.58,165.64,160.56,157.81,154.98,148.00,142.34,142.58,136.40,128.10,123.33,118.07,108.91,104.56,94.11,85.91
132.20,149.63,160.61,175.03,182.16,191.85,201.81,213.06,215.56,222.28,223.83,228.96,233.42,232.31,233.35,239.27,240.30,243.30,246.92,246.45,246.73,251.32,251.87,252.30,254.56,252.99,244.17,237.60,232.05,224.21,215.41,204.41,190.85,189.08,179.81,174.27,169.50,165.10,159.15,155.24,152.63,144.52,141.06,138.25,132.85,124.48,119.21,114.28,107.34,101.51,90.43,83.20
136.12,153.72,164.65,178.76,189.72,201.72,211.43,222.25,226.22,230.87,235.48,240.36,242.01,241.85,242.19,250.24,249.13,250.83,255.57,255.99,254.57,256.28,257.64,256.83,257.57,257.01,245.74,234.78,227.26,218.87,209.54,199.46,181.82,180.54,170.07,161.41,158.05,153.29,148.50,145.80,142.43,137.56,131.24,129.40,124.49,117.34,113.28,107.91,98.37,94.02,84.48,77.67
141.03,157.31,169.50,183.58,194.92,205.24,216.02,227.61,229.83,235.00,239.85,242.99,247.33,247.24,248.57,254.02,254.59,257.86,261.24,260.25,258.97,263.64,264.43,267.02,266.92,265.66,255.77,249.81,242.39,234.80,224.20,215.75,200.81,196.47,186.60,180.14,174.91,170.85,166.03,159.33,154.73,149.25,143.18,140.76,135.53,125.90,121.64,115.26,108.69,101.32,92.36,84.17
144.67,162.66,175.33,188.32,200.39,210.79,220.99,234.65,237.42,242.44,245.70,249.47,254.52,253.86,254.02,261.77,264.95,266.05,271.97,267.87,268.97,273.38,278.23,276.32,278.58,274.80,267.60,261.28,252.57,246.42,234.93,228.04,209.69,207.71,197.47,190.28,184.74,179.52,171.94,170.66,166.23,158.84,153.94,150.27,145.99,135.25,129.54,121.75,117.21,108.08,99.01,89.69
136.86,153.47,166.31,177.18,189.64,200.34,209.10,219.49,224.72,228.27,232.69,237.02,240.03,239.88,242.19,247.03,248.07,252.13,255.80,256.29,255.24,258.95,261.60,264.62,264.59,261.60,252.72,245.34,239.43,232.22,223.14,216.00,202.15,196.16,186.87,182.54,175.60,171.23,166.74,160.21,155.79,151.72,145.84,141.04,138.18,128.27,125.54,117.60,111.07,103.73,93.30,85.02
135.25,152.05,162.44,175.19,185.80,196.41,207.04,218.16,219.33,225.30,227.11,232.85,235.05,235.64,235.64,241.00,247.30,246.02,251.85,249.61,251.11,255.20,258.07,258.04,259.01,256.22,248.48,244.27,235.48,230.17,219.97,210.75,197.12,193.83,183.83,177.55,172.90,168.83,162.01,161.82,155.42,150.62,143.89,141.09,136.00,128.63,122.49,115.04,109.66,103.37,92.65,84.31
134.85,151.82,163.34,174.93,186.57,197.12,206.29,217.57,219.11,225.22,227.25,233.75,238.05,235.00,233.80,241.02,245.96,247.75,253.92,250.39,249.15,254.57,258.41,257.60,259.12,258.24,250.35,241.14,235.09,231.25,220.27,211.26,195.78,195.69,187.32,179.07,171.14,167.76,162.12,162.74,156.55,148.12,144.68,142.21,136.62,128.28,122.92,116.18,108.91,102.53,94.20,85.29
135.96,147.99,162.83,175.51,186.55,194.83,205.88,218.05,220.32,226.38,230.46,233.57,237.05,236.46,235.64,242.84,246.81,248.24,253.55,251.79,252.58,256.00,258.44,258.37,259.38,259.70,251.02,241.75,237.36,232.02,220.27,211.95,197.02,195.23,187.43,178.19,171.82,167.39,162.39,160.96,155.00,147.11,145.01,140.43,136.12,127.05,122.04,115.43,109.48,102.47,92.35,84.21
134.94,152.61,162.36,177.28,186.57,197.08,207.06,216.90,220.87,227.18,229.00,233.04,237.50,236.19,237.03,243.61,244.97,248.52,253.82,251.73,251.11,256.45,258.24,258.06,258.94,259.33,251.67,241.42,236.04,230.31,219.21,212.47,196.51,196.49,187.45,178.47,172.68,167.73,164.69,160.86,155.87,148.66,145.00,142.87,136.75,128.86,122.69,115.73,110.14,101.40,91.48,84.17
143.59,161.89,174.60,189.17,198.16,210.87,220.74,231.86,234.17,241.68,245.54,247.16,251.19,250.22,252.06,258.66,259.70,262.77,266.10,265.84,265.94,270.70,272.66,273.47,273.84,271.62,264.49,256.83,248.70,242.22,231.03,222.45,206.66,202.30,194.13,185.32,181.20,174.60,169.11,164.88,160.08,154.95,148.52,146.65,139.60,131.59,125.17,116.04,112.29,103.62,93.48,84.50
127.48,145.96,155.80,168.22,180.83,190.82,200.06,211.14,213.43,218.63,223.66,227.31,230.67,230.03,231.42,236.58,237.76,241.98,243.81,241.51,240.52,246.29,245.47,246.08,248.27,245.07,235.30,228.00,221.12,214.01,204.38,193.35,178.83,174.77,166.14,159.21,155.28,150.76,144.06,139.81,135.82,131.67,127.48,124.26,120.34,112.36,108.27,101.20,96.08,88.28,80.78,73.01
144.50,162.98,173.52,188.85,201.64,213.34,220.51,232.13,236.54,241.27,246.13,249.48,253.99,252.17,252.52,258.56,259.74,265.52,267.51,265.98,268.47,270.65,274.12,275.08,275.66,273.89,265.17,256.76,249.88,242.10,233.26,222.75,210.11,203.06,196.86,188.48,182.54,173.67,171.47,165.68,161.44,155.00,150.59,145.84,139.18,132.38,126.32,117.90,111.62,101.79,94.79,89.05
143.76,161.22,174.07,188.51,198.65,210.87,220.77,233.21,235.72,242.24,244.79,248.74,253.00,251.70,253.62,259.42,262.00,265.21,267.40,265.66,266.87,271.01,271.96,272.62,275.05,272.36,262.86,257.60,251.46,241.08,232.05,222.32,208.41,203.48,195.06,188.28,180.71,174.75,171.30,164.16,160.16,154.87,148.34,145.09,138.92,130.00,124.17,117.92,110.54,104.10,93.30,85.71
146.51,165.12,176.24,190.28,204.30,216.91,224.59,236.68,238.60,244.05,247.39,251.88,254.70,254.40,255.52,263.92,264.04,266.33,270.05,268.93,268.69,275.22,277.88,278.47,279.51,276.52,267.43,261.40,253.95,246.59,236.97,225.88,210.54,207.04,198.52,192.76,185.28,179.47,173.46,168.34,164.03,157.50,151.00,147.03,141.43,133.54,127.14,118.61,114.83,104.86,96.83,88.26
135.77,153.91,163.11,173.57,185.87,197.40,206.01,216.95,218.92,225.40,228.76,231.14,234.40,234.54,235.76,242.00,241.02,244.07,248.42,248.07,248.24,255.00,256.07,255.60,255.44,255.81,248.03,241.88,234.83,224.74,216.81,208.48,197.00,189.93,183.36,178.22,168.88,164.25,161.31,153.83,149.41,145.07,136.85,136.61,129.73,120.50,115.35,108.34,102.96,95.43,88.01,80.32
127.77,144.94,156.72,169.50,179.34,189.07,196.33,207.20,210.89,217.22,222.81,226.45,228.47,227.85,232.17,237.01,238.05,240.41,242.33,237.50,239.58,244.24,243.13,242.67,244.52,239.70,233.77,224.02,219.24,209.12,202.01,193.02,176.41,173.31,164.50,159.25,151.34,148.27,145.12,138.60,133.28,130.43,124.48,121.61,117.18,107.91,102.49,96.17,93.65,87.73,77.03,68.88
142.87,163.57,172.99,186.39,194.49,209.09,215.93,229.82,233.94,238.05,240.03,245.52,248.20,248.65,249.07,253.86,255.36,260.23,261.30,262.01,263.40,267.73,269.60,268.40,269.09,269.46,261.46,254.23,249.97,237.76,232.33,222.04,208.08,202.80,194.62,188.22,181.82,176.05,171.17,165.47,159.70,153.84,149.01,146.15,140.04,129.36,123.91,114.91,108.91,102.40,93.04,84.17
144.89,164.17,175.29,186.53,198.46,211.98,218.90,231.73,236.10,240.52,243.94,249.11,251.29,250.51,250.14,254.57,257.70,261.98,265.27,262.21,263.43,269.47,271.18,269.97,269.45,271.97,263.47,254.66,249.55,240.57,233.21,222.41,207.52,206.01,199.40,190.19,181.62,175.14,171.76,167.92,163.08,154.98,151.48,145.91,141.32,129.85,122.26,115.21,109.00,101.41,92.44,84.85
129.97,147.51,157.89,168.19,179.72,191.65,197.41,208.06,210.06,214.37,218.69,222.28,224.59,224.02,225.72,230.72,231.31,234.34,236.10,235.02,236.18,243.23,242.05,242.07,245.12,242.00,236.18,232.23,225.18,215.67,211.63,201.73,188.30,183.17,174.87,170.88,164.88,161.14,155.50,148.17,146.51,141.85,135.00,132.28,126.63,118.34,112.61,103.60,98.41,92.11,84.01,76.69
137.46,153.18,165.30,179.20,189.26,200.85,210.00,221.47,226.21,229.48,235.85,238.82,240.80,240.10,240.63,243.39,248.05,249.10,252.80,251.08,251.56,255.03,254.70,254.68,256.26,254.69,247.12,237.90,232.82,222.50,216.31,207.62,190.79,188.60,179.29,174.43,166.31,160.01,157.71,153.45,149.40,141.87,139.29,135.44,129.25,120.54,113.85,105.42,103.25,95.75,86.88,76.85
134.40,152.12,161.21,172.82,183.41,193.79,200.36,210.15,214.95,217.04,221.89,224.24,227.06,226.30,226.24,231.22,230.97,233.81,234.03,235.85,237.59,240.50,239.44,239.03,244.48,242.47,236.03,229.27,225.57,214.39,212.47,201.02,186.82,182.72,174.39,168.07,162.29,157.21,156.78,148.01,143.50,139.26,134.08,130.10,126.91,116.93,113.16,103.09,98.18,92.10,83.22,75.01
135.98,154.12,163.05,174.52,186.45,199.37,204.24,215.23,219.75,223.18,229.87,231.62,233.70,230.76,232.21,234.88,240.11,241.00,243.76,242.00,243.31,249.95,248.34,247.98,249.51,249.02,242.21,238.12,232.14,222.89,218.76,208.29,195.51,190.72,182.40,178.62,171.96,166.14,162.63,156.72,152.09,146.81,141.09,137.28,133.27,121.02,117.92,107.91,101.71,95.08,87.21,79.08
140.73,158.90,168.32,180.51,192.20,204.38,210.02,218.89,223.38,227.43,233.66,235.99,239.12,237.74,237.32,242.17,241.81,244.57,247.04,245.35,246.98,251.11,252.52,252.30,253.84,255.33,249.62,240.98,235.84,227.69,220.95,210.47,198.44,195.90,188.16,181.89,175.48,168.72,164.92,161.42,155.67,149.72,143.59,140.43,133.82,125.00,120.74,112.81,104.09,97.02,89.89,80.62
145.87,164.76,174.00,187.84,200.06,212.00,216.76,227.37,230.99,234.10,240.20,242.54,243.67,244.18,243.81,249.11,249.69,252.80,252.77,252.72,252.37,258.77,257.58,258.28,260.26,261.40,254.61,246.66,244.72,232.71,229.40,218.51,206.04,201.44,192.52,188.44,181.75,175.39,173.07,165.74,161.55,156.16,150.62,147.57,140.80,130.65,124.60,115.66,108.93,101.60,92.57,84.59
147.32,166.09,175.52,189.17,201.69,214.74,222.50,232.35,237.90,238.65,245.20,249.90,251.96,248.21,251.34,252.69,255.79,257.26,258.44,256.76,255.33,260.51,258.36,262.09,263.96,260.52,255.15,248.05,244.37,231.01,227.50,214.98,201.55,194.88,186.53,181.73,173.08,170.00,167.09,158.29,153.57,151.43,144.03,139.49,134.74,124.48,120.83,111.02,107.30,98.48,89.47,79.98
147.73,165.30,177.08,190.54,202.25,214.85,223.09,235.31,237.39,240.42,245.33,250.80,251.05,249.21,250.77,250.71,254.49,254.91,257.07,255.56,253.21,259.02,258.50,256.46,262.15,258.77,253.81,246.56,239.43,231.60,225.44,212.42,199.98,195.90,187.96,180.25,174.65,167.86,165.72,159.71,155.44,149.62,145.80,141.89,137.01,124.81,119.97,111.25,106.62,100.13,90.61,80.62
149.05,166.29,176.88,191.44,204.71,214.79,224.47,233.00,236.72,240.00,245.70,249.11,251.75,248.65,250.01,250.06,257.02,253.97,255.39,254.37,250.59,257.03,256.46,256.03,260.25,257.39,253.93,246.79,239.74,230.67,224.38,212.46,199.80,196.08,186.80,183.11,176.50,170.19,167.15,160.85,155.87,151.33,146.48,141.44,137.10,126.30,121.25,112.45,107.17,100.18,92.07,81.88
149.60,167.43,178.68,192.90,203.16,215.42,222.35,232.17,237.32,239.04,243.53,245.49,247.58,244.59,245.23,248.21,247.88,250.10,251.70,250.59,252.13,256.02,254.47,256.89,258.41,260.93,254.48,246.60,243.51,233.94,231.62,220.24,208.87,204.46,199.14,192.38,185.42,180.24,176.65,171.57,166.77,160.80,156.11,148.45,145.73,132.97,127.58,119.21,111.97,105.68,95.46,86.45
149.88,167.59,179.01,194.05,203.06,216.37,223.40,234.02,239.35,240.38,245.05,250.71,250.35,246.13,247.81,250.41,253.13,254.53,253.24,251.64,249.88,255.48,254.81,254.72,259.89,259.33,255.16,243.31,240.97,231.37,224.59,213.18,201.31,199.38,189.26,187.07,176.92,170.58,170.58,165.68,160.56,154.05,150.05,143.95,140.09,128.74,123.00,113.70,109.22,101.53,91.22,81.74
149.97,169.52,181.54,192.44,205.55,216.40,224.22,233.12,236.33,237.06,241.96,247.11,247.65,244.46,242.13,245.25,246.42,248.87,252.45,248.36,248.91,253.66,253.93,255.13,257.67,261.64,256.74,246.88,243.07,236.08,229.26,221.00,210.51,209.35,199.81,195.17,187.55,179.74,180.48,175.78,171.73,163.08,159.88,152.95,148.17,137.06,131.86,121.34,115.04,107.30,98.48,88.84
150.81,167.50,180.01,192.60,204.20,215.80,222.04,229.53,233.75,236.24,239.35,244.05,244.17,241.37,240.96,242.55,242.37,243.68,247.13,244.37,245.60,248.39,250.89,252.48,254.01,254.03,252.07,242.24,242.44,232.40,227.14,219.02,208.37,206.94,197.95,193.89,186.69,179.98,178.37,175.39,171.14,164.16,160.80,153.55,148.63,139.32,132.97,122.26,116.00,107.56,99.86,90.14
150.71,167.45,181.22,195.13,202.94,215.33,223.14,232.69,237.29,237.69,241.30,245.55,245.96,242.00,240.97,243.73,243.45,247.26,248.46,244.59,247.50,249.58,250.49,250.42,255.52,257.24,253.28,244.63,241.81,233.94,229.84,221.11,208.69,208.04,199.84,194.79,188.05,181.07,180.65,176.66,172.45,163.08,160.51,154.98,151.95,138.00,131.70,122.38,118.04,110.16,98.11,87.97
151.05,169.37,181.32,194.20,206.73,218.02,228.16,236.24,240.01,241.48,246.13,250.25,249.15,247.54,246.45,247.34,250.80,249.02,251.03,248.46,247.75,252.81,253.00,254.15,256.43,255.93,252.07,245.98,240.15,233.12,226.18,216.68,206.07,200.82,193.35,188.68,182.16,178.01,174.96,168.62,164.76,160.55,153.94,150.42,144.84,133.88,129.25,120.62,115.42,106.51,96.63,86.31
151.99,171.17,181.22,196.35,206.71,217.66,225.21,233.50,237.19,237.81,243.00,244.97,246.35,243.02,242.91,246.01,245.58,246.42,248.29,247.95,246.94,251.02,250.71,254.19,258.49,256.33,254.85,249.23,245.35,236.36,235.21,225.63,212.98,212.19,200.82,197.80,192.48,187.61,186.21,178.90,173.66,169.43,164.15,154.78,152.46,140.12,135.92,126.63,119.44,111.00,102.11,91.42
120.65,134.41,144.84,153.65,160.38,168.67,172.96,175.41,175.23,178.02,181.66,182.58,179.13,181.73,176.82,176.58,176.08,172.01,168.36,165.37,156.16,148.57,150.99,147.25,151.83,150.88,160.82,163.92,169.81,172.93,173.81,175.55,174.16,172.82,170.46,168.88,167.03,165.52,163.75,157.76,158.81,155.77,147.08,143.34,137.79,126.61,119.22,110.75,102.11,94.37,84.72,78.01
143.89,160.31,172.01,182.57,194.26,205.92,213.04,220.68,223.21,225.08,228.37,230.67,231.50,229.44,229.44,231.32,231.84,233.26,232.28,233.60,233.89,238.46,237.74,240.17,244.01,244.18,240.87,235.85,232.64,223.22,220.88,212.06,201.23,199.32,188.73,186.39,181.32,177.12,174.14,165.70,163.68,160.33,154.08,147.49,143.92,133.21,128.81,118.66,114.11,106.04,95.41,87.11
137.44,154.57,163.37,176.14,186.81,198.59,205.20,211.70,215.60,216.46,221.55,222.27,223.81,222.63,220.06,222.74,222.61,223.57,226.28,225.18,228.27,230.87,230.29,230.99,233.80,237.13,233.14,226.63,222.91,216.53,211.99,204.41,195.72,191.95,185.40,182.48,174.90,169.01,169.19,161.30,157.88,154.20,148.73,143.89,138.83,128.66,123.65,115.97,109.60,100.85,93.86,82.39
137.03,151.82,162.20,173.10,185.33,195.26,202.20,207.94,209.01,212.61,214.57,216.23,218.30,216.91,215.52,217.55,218.26,218.68,219.74,219.32,219.24,225.84,224.32,227.25,229.31,230.67,228.32,222.57,220.54,212.13,207.18,198.93,191.13,188.40,180.71,176.82,170.08,166.71,166.21,158.15,154.21,152.00,144.18,140.12,135.69,127.78,123.47,114.84,109.29,100.98,92.48,81.69
148.12,164.56,177.10,190.69,199.98,209.99,219.61,226.27,232.69,232.82,233.77,239.24,240.16,234.55,235.02,235.59,240.34,243.66,242.71,240.52,241.05,247.03,248.30,246.14,249.21,252.96,249.56,243.40,239.92,232.05,225.28,218.26,208.12,203.74,198.39,194.18,183.00,179.89,178.99,173.12,169.40,164.07,159.76,154.35,148.19,137.82,133.45,123.55,119.60,111.25,101.02,90.45
142.86,160.11,172.04,182.56,194.01,202.76,212.53,219.48,222.17,225.57,226.18,231.62,233.46,229.62,229.73,231.08,234.33,234.48,239.21,237.00,237.69,241.98,245.20,244.63,247.80,250.06,246.22,241.25,235.78,230.56,222.50,215.68,207.17,203.55,195.97,191.71,183.33,180.81,177.73,172.70,168.08,164.35,159.45,155.63,151.12,139.52,132.25,125.36,121.63,111.63,101.32,90.48
147.05,166.00,179.03,192.48,202.73,213.78,222.40,231.73,237.59,238.76,241.60,245.82,246.13,242.01,241.03,244.23,244.13,246.09,246.04,244.77,245.05,247.93,250.24,247.58,249.93,255.88,249.19,241.13,238.10,229.09,224.15,215.78,206.63,203.07,196.09,190.78,182.13,178.08,179.08,175.14,169.29,165.01,160.38,156.54,152.40,141.15,136.01,125.72,121.62,114.83,102.79,91.14
149.04,168.96,179.03,193.61,202.59,213.19,221.63,234.09,237.93,236.43,241.37,245.98,245.20,244.03,242.13,242.99,245.23,247.27,248.39,246.91,245.25,250.60,251.03,250.80,253.31,257.19,250.51,242.10,237.98,232.33,224.76,217.25,206.81,205.53,197.59,191.60,182.99,179.03,178.62,175.86,169.17,163.62,161.60,156.98,154.63,142.62,134.94,125.06,123.32,116.06,103.59,92.63
137.10,154.21,161.38,174.41,184.81,195.26,199.18,205.55,210.24,211.44,213.84,217.71,218.96,218.21,219.70,222.41,223.45,229.00,225.80,230.99,229.65,237.10,236.54,239.03,242.77,243.25,242.12,235.33,233.75,225.50,222.93,215.45,205.29,204.02,194.34,193.00,188.73,185.32,183.93,175.23,171.30,170.31,162.41,158.70,153.88,144.06,140.43,130.74,124.52,115.76,106.30,96.75
134.21,149.09,159.79,169.85,179.04,189.50,196.47,203.44,208.00,208.43,212.45,215.87,214.95,212.72,214.40,214.44,218.05,219.48,221.21,221.10,222.97,226.63,229.11,227.76,230.00,230.63,228.33,222.25,218.30,211.03,208.01,201.56,192.85,189.02,182.36,179.61,174.04,171.08,169.50,164.10,161.55,157.28,153.26,146.70,144.93,133.96,129.97,120.15,116.50,109.59,99.01,89.16
143.22,158.15,167.69,180.47,191.88,201.63,208.75,214.19,218.83,220.49,223.89,228.08,228.67,227.22,227.77,228.27,231.94,232.73,234.39,234.77,235.65,242.17,241.30,242.16,243.21,243.74,242.74,235.19,232.04,222.95,219.78,211.48,202.71,200.83,193.83,190.31,185.01,180.27,180.00,172.70,171.33,167.20,159.55,155.19,150.86,141.01,137.80,129.19,122.20,114.59,104.39,94.59
132.85,145.28,155.54,167.03,175.73,182.85,189.45,193.68,196.88,198.71,201.44,205.50,207.02,205.45,207.06,208.70,211.23,214.16,216.54,215.15,216.06,223.68,222.70,224.95,227.50,228.18,228.04,219.67,218.52,211.38,207.52,202.24,193.13,191.86,186.47,185.15,178.94,175.51,174.27,169.66,167.44,161.06,156.97,153.84,149.40,140.00,132.91,125.22,121.38,114.62,101.84,93.05
154.95,171.03,184.39,198.17,208.93,220.00,228.04,235.93,239.53,239.53,245.59,247.69,249.37,244.39,243.61,244.10,246.48,247.95,248.70,247.59,248.22,251.79,253.49,251.51,253.66,254.26,251.07,242.00,236.71,230.36,224.88,216.09,209.09,207.14,201.64,195.78,189.69,184.97,183.98,182.17,178.22,170.80,168.66,162.37,158.90,148.50,143.11,132.67,127.10,120.35,107.56,99.01
154.95,170.05,181.30,197.57,206.17,216.57,222.69,232.90,234.39,236.76,238.66,242.16,240.83,238.45,239.29,238.58,241.54,243.58,242.53,244.64,242.59,245.60,248.20,248.20,250.30,250.05,244.74,239.11,234.41,227.50,222.14,215.52,206.48,201.52,196.56,193.09,187.00,183.83,181.37,180.28,176.62,168.58,167.19,161.55,158.14,147.36,142.06,132.00,126.40,120.28,104.69,97.51
144.27,160.18,171.98,180.21,186.70,198.03,202.03,208.48,212.25,215.18,213.72,218.82,217.80,217.79,220.12,221.03,225.28,227.55,229.08,231.04,232.03,238.47,239.25,244.86,245.12,248.29,243.85,239.83,236.62,229.00,225.50,217.22,210.38,208.40,206.34,202.09,197.77,191.51,191.03,190.00,185.70,178.63,177.55,173.57,168.01,158.15,151.05,140.94,134.30,125.94,114.97,104.69
143.22,159.62,167.08,177.12,187.61,195.39,199.25,204.13,206.79,208.57,211.46,211.98,213.35,213.10,214.22,216.54,217.33,221.54,223.49,225.20,228.27,233.94,235.46,241.13,241.40,243.82,238.44,234.92,234.40,223.04,222.17,215.03,206.85,204.96,201.88,198.65,195.73,192.01,189.91,186.04,183.53,177.23,173.35,169.76,165.22,157.75,150.43,141.51,132.74,124.62,116.28,103.97
148.66,162.98,175.58,183.85,192.31,201.90,206.16,213.30,213.57,218.77,216.45,220.66,219.58,218.69,220.27,222.99,227.02,230.17,231.57,230.56,234.09,243.30,243.61,247.32,249.04,254.24,249.33,241.87,242.17,234.39,228.88,221.42,213.01,214.67,211.09,207.82,201.60,196.06,194.94,195.06,192.17,183.58,182.57,178.62,173.01,162.24,153.44,146.73,136.69,129.00,119.10,108.12
143.76,158.53,169.78,177.79,186.21,195.13,198.01,204.25,205.06,208.93,208.61,212.60,213.36,209.31,214.37,213.05,219.00,219.99,223.89,222.77,226.15,233.42,237.12,240.26,242.70,245.84,242.66,235.85,233.08,229.40,224.24,216.95,209.47,207.97,207.86,204.83,198.40,195.94,190.94,194.31,190.70,183.58,181.82,178.39,172.31,161.38,155.03,147.83,140.00,130.38,121.31,112.64
143.38,158.69,169.81,179.40,189.07,197.80,202.71,209.04,209.04,210.58,211.15,214.45,211.98,210.04,211.40,209.99,216.67,217.22,218.26,219.26,222.41,227.66,230.12,233.53,236.07,238.65,231.62,229.09,224.90,218.55,213.74,205.12,198.93,196.95,195.29,191.40,186.60,180.35,177.63,179.81,175.35,170.08,168.51,165.48,159.20,147.87,143.29,133.84,128.22,122.07,113.30,102.00
155.00,169.54,180.71,191.93,200.86,211.59,215.86,221.25,221.77,222.18,223.57,224.38,223.22,221.88,225.08,224.66,227.06,227.64,231.04,231.32,235.05,240.68,241.62,246.16,250.00,249.44,244.95,243.68,238.65,229.48,226.59,219.43,211.15,205.77,203.93,201.42,198.37,193.20,191.47,189.84,185.43,182.79,177.25,174.48,168.40,159.40,154.31,146.12,139.18,129.56,121.20,110.02
153.08,168.12,180.36,190.09,200.00,208.02,213.19,218.93,218.67,221.92,219.80,222.87,221.14,217.67,219.74,219.48,224.51,224.15,226.55,227.68,231.70,237.26,238.83,243.24,244.90,248.56,244.09,238.14,235.05,227.17,223.57,212.72,205.02,204.20,202.41,198.88,193.20,189.28,187.88,187.84,184.84,177.18,176.37,172.54,167.59,158.14,150.95,142.95,136.94,130.98,120.55,109.20
162.41,179.01,189.26,203.20,210.77,223.29,227.11,231.86,234.00,235.51,237.59,238.60,238.31,236.58,238.21,236.36,239.56,241.66,242.43,246.02,248.60,254.28,256.46,262.41,264.32,265.17,259.73,256.20,250.13,243.02,239.38,229.94,222.42,218.26,214.76,211.86,208.06,203.86,201.46,197.23,194.49,189.53,185.60,183.09,178.73,166.30,162.12,153.06,146.49,139.95,127.80,117.63
149.41,165.52,177.10,187.75,192.38,204.08,205.60,211.10,212.72,214.01,211.52,215.61,213.65,211.65,213.89,213.21,217.02,219.32,220.74,223.71,227.67,233.94,237.60,241.51,244.01,247.32,243.59,239.04,235.64,228.55,226.37,215.34,208.87,208.08,202.65,201.02,198.01,193.00,189.03,190.68,187.26,182.16,178.04,175.15,171.96,161.53,153.22,146.58,141.03,134.74,122.64,112.75
162.29,178.40,188.09,200.57,208.15,217.41,221.78,227.69,229.06,231.23,231.29,233.21,232.48,229.65,233.32,231.37,236.21,239.53,241.01,243.85,250.05,254.53,258.79,265.03,265.84,267.20,263.21,260.26,255.86,248.08,244.10,237.26,228.74,224.61,221.58,218.93,215.06,209.75,207.62,207.71,203.07,198.92,194.37,191.16,186.26,175.73,170.42,161.93,154.57,147.23,135.99,126.59
153.64,170.70,179.64,190.65,201.85,210.87,217.12,219.54,221.07,222.41,224.08,227.52,227.79,225.28,225.68,227.22,231.22,231.97,236.86,236.58,238.58,246.02,249.39,254.57,254.06,261.01,255.52,247.32,242.55,237.23,230.01,222.30,213.25,216.06,210.30,205.37,198.91,194.81,192.42,193.42,189.43,185.30,181.22,176.00,174.15,164.47,157.47,151.21,142.34,134.83,130.03,117.83
156.27,170.70,181.22,192.33,201.46,210.20,217.57,221.68,222.15,226.29,226.90,229.68,230.05,225.28,228.62,227.69,233.75,234.09,236.36,238.72,242.80,249.29,251.34,254.92,258.00,259.79,254.03,249.83,244.40,238.29,231.26,223.86,216.40,213.85,209.25,204.63,199.97,197.04,193.19,193.69,189.86,184.04,180.41,178.44,173.22,164.35,158.83,150.34,145.84,137.83,127.28,118.09
135.00,149.89,157.41,168.22,173.35,182.54,184.55,186.95,188.22,189.87,191.80,191.13,192.09,191.41,193.83,194.37,195.53,199.04,199.49,203.19,210.77,213.96,215.37,223.02,224.22,225.87,222.69,216.46,216.02,208.80,203.94,197.77,189.59,186.78,183.39,180.55,178.19,173.83,174.04,168.60,166.96,163.27,158.86,156.46,153.64,144.70,141.45,135.07,129.53,121.84,112.87,104.09
151.79,165.77,178.90,185.91,195.43,205.12,207.79,213.86,213.47,215.23,215.26,217.41,216.45,215.87,218.33,217.35,222.62,224.61,228.37,230.43,236.71,242.56,245.76,252.51,254.03,253.44,250.71,248.05,242.68,234.45,231.01,222.62,212.90,210.04,205.29,203.16,199.32,194.08,191.01,191.19,187.11,181.54,178.37,175.28,171.84,161.92,157.32,149.40,142.52,137.30,126.63,117.21
145.00,158.81,167.71,176.92,185.32,194.67,196.57,200.26,201.70,202.28,203.74,207.87,205.02,204.80,207.02,209.31,213.59,215.41,220.01,221.68,229.21,234.09,237.81,243.99,243.65,250.95,246.29,239.01,237.50,229.43,223.65,216.12,206.12,205.23,203.04,197.16,193.08,187.24,184.74,185.35,181.16,174.98,172.68,169.30,166.09,158.26,152.20,144.47,136.62,131.85,123.88,114.56
144.10,158.49,169.50,179.12,185.81,196.88,200.66,205.20,205.91,209.88,210.11,214.72,214.11,211.68,216.36,215.26,221.50,222.62,228.24,227.85,234.56,238.82,242.84,246.61,249.61,250.16,246.87,239.94,234.14,226.74,221.90,212.68,205.43,201.22,195.80,191.09,186.78,181.04,178.27,177.71,174.48,169.01,166.14,163.05,160.12,150.42,145.01,137.90,132.74,127.61,117.04,107.91
145.50,160.80,168.47,177.37,187.54,196.82,201.10,204.71,206.81,210.20,210.09,213.97,214.58,213.60,216.33,216.54,221.07,224.18,228.11,230.24,235.80,240.92,243.77,251.10,250.07,255.00,248.81,241.58,238.16,229.97,224.18,218.07,205.97,204.50,199.16,196.17,190.91,186.32,184.44,182.46,178.62,172.59,170.70,165.22,162.09,154.06,152.74,143.74,136.49,129.50,120.54,111.45
138.09,153.08,159.03,170.60,179.78,188.86,190.43,195.06,196.47,199.12,200.66,203.09,202.03,203.04,205.23,206.53,211.59,211.81,216.33,219.92,225.38,230.29,233.60,239.71,239.63,244.20,238.47,233.42,229.32,221.40,218.28,208.24,198.65,194.28,191.45,187.86,183.85,178.81,177.12,174.26,170.84,168.05,164.35,159.53,157.78,149.16,144.94,137.36,130.31,124.62,115.95,105.55
137.87,151.46,162.87,172.82,178.09,186.60,191.09,197.31,200.23,200.85,204.38,205.92,208.09,206.12,209.47,209.95,214.26,218.29,221.35,220.05,227.50,234.78,236.86,239.79,242.20,247.31,241.21,232.30,228.98,222.28,216.51,207.29,199.67,197.50,194.04,188.25,183.73,178.01,177.63,176.07,172.05,165.05,164.84,158.15,157.20,146.54,141.45,135.06,131.23,124.65,112.87,103.58
137.54,152.32,160.33,170.36,179.30,189.16,192.75,196.73,197.16,202.23,205.77,206.94,209.35,206.49,211.15,212.43,216.02,219.32,222.97,223.83,229.83,235.26,237.45,241.10,242.83,246.98,243.43,236.33,234.39,225.08,219.87,211.68,204.00,201.36,197.63,195.18,189.61,184.30,181.20,181.33,177.01,171.98,168.87,163.29,160.42,153.10,146.54,139.64,134.09,125.93,118.07,106.79
144.54,158.81,168.18,180.06,186.34,198.00,201.14,207.20,208.73,214.02,213.46,219.15,219.89,219.13,221.10,222.62,228.09,231.41,234.80,236.68,240.85,249.06,250.33,255.19,257.00,259.05,256.91,250.46,246.06,238.17,233.11,223.76,216.39,213.52,208.81,206.16,200.35,196.33,194.16,193.44,189.97,183.10,179.75,174.93,171.64,160.46,153.94,147.68,140.89,135.77,125.24,112.64
136.93,152.47,163.29,173.24,181.57,190.52,196.90,201.53,202.43,207.93,207.41,214.45,215.06,213.96,217.00,218.69,225.72,228.04,232.70,232.21,238.17,245.02,248.85,250.00,253.81,257.84,252.72,247.48,245.08,237.99,230.73,225.18,217.83,219.49,213.93,210.54,204.89,200.96,198.49,199.25,196.33,187.04,186.47,180.41,178.04,166.11,161.01,152.12,146.58,138.64,128.41,118.26
140.04,154.50,164.47,174.81,184.72,193.09,199.45,203.04,205.83,209.12,213.23,214.46,215.93,217.86,219.69,220.20,226.37,227.72,231.81,232.20,236.14,244.98,246.07,247.50,251.46,252.16,247.41,244.01,239.25,231.48,227.16,218.28,211.15,208.12,205.65,200.90,197.96,193.49,191.34,189.01,184.32,181.03,174.00,170.63,167.29,156.34,154.35,143.56,137.23,129.99,121.49,111.61
139.82,155.27,163.03,174.90,183.40,194.25,198.91,203.05,207.08,210.15,214.14,216.93,217.45,216.36,219.02,222.61,226.00,227.22,231.25,231.01,236.64,243.03,243.02,247.36,250.00,251.45,247.14,243.66,237.66,230.67,226.11,218.55,210.16,207.66,204.80,201.02,198.16,192.57,192.07,187.68,184.40,180.31,175.57,172.19,167.93,157.04,153.79,145.34,137.54,129.29,122.00,111.16
147.05,164.02,175.11,184.61,194.66,204.64,210.52,217.61,219.91,224.41,225.04,233.17,232.20,231.77,232.30,233.55,241.01,245.25,246.14,246.56,249.47,257.56,257.85,260.11,262.18,265.84,259.89,253.00,250.64,243.70,238.81,229.26,220.11,221.47,217.83,215.80,206.71,201.79,200.68,200.80,196.22,188.17,185.95,181.08,176.96,164.83,158.75,151.48,143.56,136.47,126.06,114.91
145.66,162.82,173.53,183.18,192.30,202.36,209.40,215.04,218.56,222.73,224.09,230.05,230.63,229.01,228.43,230.08,238.95,241.12,242.41,241.54,246.10,250.71,254.03,254.10,258.10,259.46,254.17,247.00,243.65,236.58,230.76,224.93,214.28,216.83,212.29,208.32,202.48,198.09,197.65,195.85,190.96,184.36,181.47,178.49,172.41,160.78,154.62,146.41,140.25,132.19,122.70,111.02
147.80,164.30,171.40,184.13,195.82,205.55,210.19,215.56,218.56,222.62,226.77,230.16,229.63,230.64,231.37,232.45,238.00,239.84,241.03,242.07,243.63,252.41,249.61,254.33,254.87,253.39,249.56,245.55,243.23,233.69,228.83,220.53,212.14,209.77,205.77,203.48,200.80,196.62,194.20,190.19,186.13,183.00,177.69,173.08,169.46,158.69,153.77,146.89,138.03,129.03,121.31,109.04
148.40,162.25,175.68,186.07,196.09,206.63,211.85,217.15,220.02,224.36,228.59,231.80,233.66,232.02,232.79,236.03,239.18,240.63,242.00,241.36,243.24,249.76,249.34,250.80,252.01,255.20,249.63,241.08,237.46,231.14,225.73,216.31,208.49,211.40,205.15,202.08,197.29,192.09,192.00,189.62,185.55,180.35,176.71,171.81,167.84,156.28,151.82,143.54,136.52,129.25,118.90,108.12
148.40,165.08,174.14,187.52,196.54,207.33,212.94,218.00,219.76,223.61,227.78,231.63,232.65,231.46,232.05,233.57,237.54,240.21,239.79,240.47,239.46,246.00,245.17,248.49,250.22,247.98,242.89,238.45,234.93,225.11,222.91,214.48,205.97,205.23,197.71,198.30,193.37,190.17,189.42,184.23,181.11,178.90,172.05,168.19,164.20,152.32,149.26,139.79,133.12,126.83,115.32,104.58
156.78,173.00,182.85,196.56,207.01,218.28,223.79,229.14,232.31,235.26,241.41,241.90,244.20,242.39,242.64,244.77,248.94,250.25,250.15,250.58,250.28,258.80,254.37,258.06,259.38,258.98,252.51,246.55,243.59,233.62,231.63,222.28,212.98,212.08,206.65,205.87,200.41,197.41,198.12,191.93,188.45,184.57,179.40,173.83,168.96,160.65,154.90,147.28,136.69,129.44,121.15,108.50
156.82,174.59,186.94,197.50,207.68,219.33,226.01,234.09,233.94,239.71,240.03,245.84,246.60,244.20,242.53,244.36,248.36,250.10,252.00,249.33,250.80,256.52,255.28,255.56,255.85,257.53,251.80,242.40,239.92,232.48,227.44,220.00,208.93,211.12,206.53,202.59,197.08,191.46,192.57,190.28,186.42,179.01,176.60,171.06,166.39,155.21,150.22,140.62,133.42,126.32,116.73,107.20
152.64,170.21,180.00,190.29,202.76,212.94,218.63,222.19,225.96,228.01,232.85,236.38,236.52,235.68,236.14,237.47,239.38,242.14,243.58,243.50,243.03,249.90,248.65,249.43,250.20,249.77,245.03,239.70,238.88,228.04,226.68,218.50,209.15,205.77,199.70,201.00,197.21,192.94,192.76,186.78,184.05,181.80,174.69,170.99,165.13,155.54,152.12,141.65,134.01,126.09,117.11,107.97
158.77,176.07,187.21,199.61,210.60,221.92,228.88,234.40,239.18,240.87,245.49,248.20,248.82,245.20,246.01,246.90,249.56,247.33,250.80,248.20,248.50,254.02,253.31,252.92,252.41,252.02,247.43,239.99,236.19,226.11,222.46,215.37,205.78,203.35,198.25,193.88,190.21,185.59,185.32,176.23,173.67,170.19,165.36,161.38,155.90,144.81,142.00,132.77,126.63,119.28,110.44,98.35
161.53,179.01,191.09,203.82,216.09,226.29,232.42,241.60,247.69,245.65,253.21,255.01,256.36,250.91,250.34,252.20,256.18,254.38,254.13,251.27,253.21,255.98,255.16,254.69,255.78,253.90,247.76,241.13,237.65,228.84,224.24,216.95,205.19,206.32,197.63,194.00,189.68,184.59,183.31,179.04,174.20,169.09,164.26,160.78,155.21,142.41,139.52,129.34,124.04,116.85,106.33,97.02
151.58,169.66,179.23,190.91,203.03,213.80,220.04,227.24,230.20,231.92,237.51,238.44,240.83,237.84,238.16,240.83,242.03,240.84,242.01,242.03,239.37,246.46,243.45,245.60,246.42,244.92,239.60,233.12,232.17,222.27,218.51,211.94,200.85,197.50,191.64,189.76,186.53,181.82,180.55,172.19,168.66,165.56,158.03,154.74,148.93,140.04,136.74,126.85,120.67,112.07,102.46,92.91
152.53,170.95,181.46,193.21,206.63,215.86,221.90,230.60,233.01,233.39,240.02,241.31,244.08,241.99,240.26,242.84,241.63,244.01,244.01,243.80,243.31,246.73,246.03,246.66,247.52,245.96,241.53,236.14,230.59,222.20,221.77,212.44,203.04,198.92,192.42,189.02,185.83,182.36,180.11,172.41,169.94,164.84,158.80,152.50,148.49,139.72,135.83,125.16,118.34,110.60,101.49,93.04
149.56,166.15,180.57,191.31,201.72,212.49,219.82,227.40,233.26,234.34,238.13,241.08,243.23,238.30,237.19,239.70,243.00,242.79,243.02,242.10,239.48,244.72,245.60,245.41,243.91,245.38,240.42,232.78,229.11,221.79,215.50,208.63,199.22,202.09,189.93,189.41,182.53,177.60,176.50,174.32,168.50,160.46,157.18,152.41,147.76,136.82,132.00,121.75,119.08,110.32,101.12,91.24
148.95,167.49,178.37,191.54,203.04,215.61,221.90,230.77,234.52,235.23,238.45,243.10,244.27,240.24,240.01,242.40,242.57,243.99,244.97,241.40,239.34,242.74,241.21,243.53,241.17,241.40,235.55,227.75,223.57,217.12,211.86,204.28,193.83,193.04,184.59,182.01,176.41,171.99,169.59,165.01,161.82,155.35,149.83,143.01,137.77,130.42,123.85,115.87,109.84,102.31,96.21,85.91
156.40,172.05,183.10,197.70,212.00,224.40,230.69,240.35,245.31,245.05,251.02,251.46,252.35,249.51,248.58,249.56,250.51,249.38,251.08,251.07,247.88,248.78,244.72,246.22,244.38,245.73,235.94,230.50,228.09,216.63,213.69,202.92,193.62,188.52,181.73,179.36,173.05,170.59,164.84,159.38,156.55,149.27,143.84,140.04,134.85,128.16,123.37,114.13,109.29,100.88,92.65,83.10
152.95,170.07,180.25,194.74,207.10,218.98,227.49,233.32,241.58,240.16,248.13,248.03,250.67,246.55,247.80,250.89,250.60,250.57,252.14,252.24,250.06,253.48,250.34,254.17,253.33,253.02,246.13,239.38,235.75,228.53,224.02,216.45,205.70,203.19,194.54,193.71,186.21,181.79,180.42,171.82,168.27,163.00,155.54,151.57,144.75,137.64,129.77,122.71,116.43,107.79,98.23,88.87
152.98,169.06,181.59,195.02,207.39,220.38,228.30,238.21,241.18,244.12,249.06,251.45,253.44,250.80,250.17,255.57,254.57,257.16,259.83,258.60,255.15,261.56,258.88,260.28,260.77,261.84,256.00,249.07,246.46,238.54,234.05,223.27,216.17,213.02,204.16,201.69,196.66,192.42,188.92,180.16,174.64,170.14,162.43,156.26,152.46,142.27,135.51,126.65,122.20,112.61,101.08,91.29
151.27,169.10,179.47,194.26,207.65,219.97,226.17,235.75,240.45,242.51,247.29,250.88,250.92,250.78,250.73,253.46,255.42,256.89,257.84,258.50,256.16,259.83,259.01,262.55,262.69,264.85,257.44,252.17,248.89,241.51,236.02,227.17,218.23,214.00,206.04,205.83,198.60,194.18,189.91,182.98,175.45,171.03,163.96,158.11,153.58,144.45,137.61,127.40,123.31,112.01,101.32,91.78
149.33,167.05,179.32,192.76,203.09,216.53,222.43,233.77,239.38,239.47,246.81,248.57,251.07,249.28,247.01,250.71,250.71,255.19,255.69,257.39,254.78,259.03,258.70,259.70,261.74,265.17,260.97,249.97,249.06,242.08,237.51,228.60,221.22,216.41,209.58,205.76,198.91,197.21,193.33,185.30,181.11,173.18,170.07,159.77,157.16,144.97,138.70,129.77,124.20,114.11,104.24,92.31
147.63,165.44,179.07,190.98,201.02,211.82,222.17,232.01,237.50,237.93,242.13,244.68,246.92,244.73,243.56,245.38,250.58,252.98,253.31,252.45,252.66,254.95,258.49,258.04,259.75,263.27,259.56,253.85,249.36,244.44,239.15,227.50,221.36,220.05,213.01,209.02,201.92,197.39,193.05,188.52,184.29,176.30,170.58,164.56,159.52,147.50,140.41,130.65,126.82,116.04,106.33,94.56
142.24,159.91,173.49,184.02,195.30,206.60,214.06,225.42,229.44,230.46,233.14,236.93,238.83,235.37,234.36,238.14,238.84,240.69,244.10,245.80,245.08,248.62,250.03,250.80,251.33,257.74,252.42,245.97,243.35,237.36,230.21,224.34,218.63,216.12,209.16,205.57,197.77,194.61,190.59,187.00,183.10,172.47,169.50,165.42,160.42,148.30,140.51,131.87,127.41,117.15,107.54,95.34
142.71,159.59,171.97,183.67,194.64,206.24,213.02,221.36,224.84,226.18,230.42,232.94,234.05,234.30,232.86,236.02,235.75,237.19,242.03,242.96,237.17,244.90,244.75,250.46,251.92,251.59,249.16,245.65,242.39,236.32,231.14,226.50,216.19,214.05,206.25,204.75,201.21,197.89,193.66,185.69,181.23,177.02,168.32,165.16,159.48,149.64,142.66,134.95,128.70,117.64,109.02,98.08
140.06,157.15,170.02,181.66,193.04,203.69,211.19,219.53,222.83,224.96,228.32,231.49,232.11,229.71,228.58,231.85,235.76,235.03,240.68,237.12,238.17,242.85,244.23,246.16,249.47,252.63,250.64,246.06,242.59,238.30,231.04,224.70,218.16,215.59,208.34,205.04,200.24,195.66,192.61,190.07,185.15,177.34,172.03,165.42,161.45,149.63,144.70,135.64,129.26,120.15,111.29,100.34
128.55,142.84,155.00,164.76,173.18,183.85,189.53,198.83,199.45,202.01,204.57,207.95,208.97,206.63,206.25,208.69,209.01,211.52,213.94,214.02,216.98,219.70,220.30,223.02,224.56,231.23,228.42,221.61,221.17,216.12,214.06,206.32,200.30,198.07,191.91,189.11,182.86,181.18,176.82,173.52,168.83,162.94,158.03,153.69,149.97,141.21,134.72,126.81,121.76,112.61,102.40,92.42
140.90,159.62,170.29,182.83,191.70,203.84,209.81,216.33,220.33,222.04,224.09,228.21,227.76,226.81,225.14,228.35,231.62,235.65,234.29,235.23,237.19,243.15,244.13,249.90,251.87,258.13,255.12,248.85,249.65,242.84,240.05,233.80,226.55,225.97,218.04,215.59,208.73,204.92,202.25,198.64,193.69,187.77,182.46,176.01,172.19,161.01,154.06,145.88,137.35,128.76,117.35,103.85
145.00,163.47,174.27,187.24,199.12,209.39,217.30,223.47,226.74,228.16,231.35,234.33,234.45,232.28,230.80,232.17,233.08,235.36,233.68,236.86,238.65,242.71,241.90,247.39,249.33,250.34,252.51,246.91,246.81,237.59,237.17,228.67,219.58,215.57,208.09,207.08,199.80,195.97,193.89,186.46,181.91,178.40,172.54,165.52,163.69,153.44,145.89,139.85,131.21,120.10,110.16,99.02
139.13,155.17,167.19,177.13,186.68,197.04,203.34,208.54,212.64,214.77,219.21,220.06,221.37,217.86,217.02,221.00,223.65,225.89,227.75,226.99,227.64,234.33,236.24,242.00,246.50,247.99,248.24,244.66,242.62,241.05,235.72,229.84,223.44,221.00,215.23,213.04,207.41,205.83,200.81,196.79,191.02,187.75,180.61,174.54,171.82,159.76,153.24,145.13,138.06,128.72,115.69,104.02
138.00,152.32,164.76,173.85,183.22,192.63,198.44,204.32,209.00,212.20,212.45,217.41,215.23,213.47,212.58,217.42,218.56,220.49,223.27,223.73,225.20,231.81,233.21,240.34,242.22,247.65,247.97,242.84,243.74,237.23,235.31,229.40,225.02,224.54,216.93,214.46,209.99,205.32,203.09,200.80,194.81,189.10,183.74,176.30,174.00,161.68,153.00,146.03,138.44,128.22,119.10,104.17
139.99,155.05,166.78,178.00,184.81,196.54,200.66,207.47,211.15,212.87,215.06,217.61,217.33,215.42,214.29,219.28,220.91,221.74,224.27,225.74,227.02,234.40,235.70,240.52,244.52,248.89,247.52,246.13,245.94,243.10,238.42,233.12,229.17,225.20,218.11,217.15,211.53,211.29,207.46,203.08,196.13,192.51,184.89,179.20,176.21,163.09,156.04,145.96,136.82,129.20,118.93,105.00
144.01,159.62,169.64,180.89,191.40,201.14,208.04,219.24,221.30,222.85,225.80,227.30,227.24,225.75,225.04,227.11,226.37,227.13,229.87,228.55,230.63,234.93,237.61,244.53,246.33,247.63,245.73,244.59,241.23,234.55,233.48,226.46,221.29,216.75,209.68,205.52,203.04,199.11,196.56,190.07,184.74,180.75,173.76,168.60,167.55,155.39,149.27,140.06,132.38,121.20,113.28,100.66
125.50,139.54,149.21,159.13,166.74,176.82,184.02,191.02,193.24,193.79,196.88,198.92,200.00,198.15,195.62,198.80,200.81,201.14,205.08,204.92,205.80,210.01,214.23,216.62,221.31,222.30,223.99,219.94,219.86,214.09,211.53,208.63,204.40,202.18,195.89,194.81,190.07,187.01,184.30,181.47,174.61,170.47,164.07,160.31,155.94,146.41,138.76,129.65,123.33,114.14,105.55,93.35
139.09,153.63,166.93,177.18,187.11,196.73,203.27,211.63,216.33,216.59,218.33,221.47,221.92,218.65,217.91,221.03,223.18,224.62,227.64,227.40,227.66,231.89,236.76,237.54,241.92,247.33,247.80,242.67,241.45,238.00,234.61,228.25,225.61,224.54,220.24,215.08,210.64,206.31,203.33,201.06,195.51,188.16,183.98,176.82,173.30,160.78,154.26,143.39,135.79,125.48,116.11,102.80
130.97,148.06,157.00,168.51,177.10,188.18,196.37,199.02,202.53,204.42,207.62,208.90,208.17,209.46,210.54,210.44,213.82,213.46,216.30,216.94,217.83,220.91,223.49,228.99,232.41,235.19,233.27,234.27,231.18,226.06,225.04,219.40,214.72,211.87,205.29,206.07,201.24,199.02,193.98,188.99,183.09,180.28,171.84,166.68,163.88,151.65,147.12,139.09,130.25,120.20,109.66,98.11
143.69,161.41,172.89,185.15,196.31,207.07,214.76,222.40,226.88,227.38,230.05,233.79,234.54,233.43,230.20,234.08,234.20,236.41,236.75,236.66,236.28,240.64,242.01,244.98,247.65,252.44,249.71,242.56,242.99,236.28,232.79,225.04,220.47,214.72,207.39,203.74,200.38,195.53,193.09,186.27,181.25,175.84,171.90,165.59,161.77,150.01,144.36,135.38,127.41,116.93,109.12,97.02
138.64,154.67,164.76,176.28,185.30,197.31,203.49,210.11,211.98,214.25,217.88,218.68,219.91,219.86,221.02,222.20,223.95,225.50,228.54,227.69,230.51,233.93,236.32,241.21,243.96,244.74,241.30,241.48,238.10,233.11,230.89,225.89,221.05,216.39,210.44,206.63,203.48,201.23,197.59,193.75,187.77,181.89,175.29,169.04,164.84,152.21,146.32,138.65,130.38,120.65,112.79,98.51
142.68,159.08,171.03,181.28,193.75,205.29,212.55,218.66,222.14,224.12,229.86,232.43,232.94,231.68,232.31,234.80,237.26,239.26,242.03,241.83,241.54,248.28,249.28,253.33,255.33,258.82,256.42,249.69,250.23,245.42,241.23,234.29,227.97,222.89,218.41,214.14,209.03,204.35,202.04,196.98,191.09,186.43,181.01,172.28,169.54,157.54,149.62,141.42,132.31,122.58,115.21,101.04
136.82,151.95,164.20,176.83,185.32,197.88,203.80,212.04,214.46,217.42,221.64,225.38,225.50,224.32,226.31,229.94,231.40,233.94,235.54,237.36,236.62,241.99,244.38,249.19,251.45,253.05,250.94,246.11,244.10,238.81,235.26,226.32,222.09,216.91,211.43,209.40,202.78,198.12,197.04,189.45,185.74,181.47,175.64,166.21,165.06,153.18,145.22,137.28,129.71,121.38,111.25,98.37
136.68,152.21,166.57,176.69,186.94,198.66,206.04,213.01,217.28,219.67,222.99,226.28,227.85,226.83,228.02,231.23,234.36,238.25,240.87,240.03,240.55,246.01,250.32,252.73,254.65,258.79,256.13,249.90,246.79,245.90,238.00,230.32,225.38,222.17,215.39,212.49,206.78,204.01,200.41,195.11,189.24,184.10,177.89,171.96,168.94,157.29,149.22,139.86,134.35,122.49,112.27,99.30
139.70,157.65,170.29,181.80,190.91,202.43,211.02,217.99,221.51,221.38,228.27,229.17,230.48,233.05,233.63,236.14,239.93,242.16,243.56,245.38,247.14,251.03,255.78,258.03,262.24,264.37,260.92,256.28,255.67,249.60,247.07,237.89,232.57,229.31,221.14,218.36,213.77,209.77,207.06,199.58,195.44,193.71,182.43,176.83,174.84,161.92,154.30,146.12,138.51,128.38,116.82,102.90
140.36,157.43,167.11,179.94,190.83,203.15,209.90,217.19,221.12,222.47,228.27,230.52,231.59,234.00,232.66,238.25,239.43,243.52,246.89,247.20,248.31,254.06,255.86,261.08,262.03,266.02,262.99,258.23,258.84,252.00,248.29,241.63,232.00,229.84,220.86,219.32,214.61,210.74,210.00,202.32,197.22,192.11,185.69,176.07,174.11,164.00,154.78,147.12,136.36,125.71,120.21,105.08
136.70,150.01,163.29,173.49,186.40,196.46,203.21,210.01,214.84,218.01,223.04,226.00,226.38,226.05,228.18,230.72,236.35,237.52,241.10,241.34,245.00,246.61,252.72,254.03,254.20,255.64,253.24,250.49,246.03,242.53,234.44,224.54,221.46,212.61,208.68,203.16,197.80,194.26,191.92,188.44,181.47,175.93,170.01,162.51,158.34,150.57,144.03,135.96,124.62,116.36,109.71,98.49
136.03,153.21,161.70,172.99,186.63,194.28,203.49,210.52,215.28,214.40,222.00,224.01,224.74,227.91,228.47,230.69,236.14,235.10,241.87,243.13,244.44,250.20,254.14,257.98,258.50,260.89,258.12,255.43,252.51,247.25,243.38,235.99,227.72,225.52,216.90,215.96,209.00,205.41,203.30,196.29,190.18,189.25,178.39,173.57,170.58,158.96,152.08,142.59,132.38,123.23,118.07,102.94
135.99,152.11,161.93,172.07,185.35,195.21,201.40,209.15,211.75,215.75,220.64,223.24,224.64,226.14,226.81,230.85,233.35,236.84,241.96,243.59,246.62,249.95,253.54,258.99,258.72,262.37,260.00,254.70,253.81,246.89,242.33,238.03,230.31,227.14,219.20,215.76,210.44,208.00,206.89,199.06,193.60,189.93,182.12,176.16,171.84,160.35,154.18,145.77,135.62,124.62,119.07,105.95
144.01,160.08,171.90,184.11,196.06,205.88,214.22,221.11,223.01,226.37,233.21,232.65,236.60,237.50,241.00,245.15,246.86,249.80,255.89,256.56,258.63,265.19,267.71,273.30,274.36,277.28,274.24,271.50,268.11,263.22,258.49,249.26,242.99,239.77,231.81,227.79,224.32,221.46,218.84,211.87,205.16,203.25,193.98,187.61,184.74,174.04,167.76,157.95,146.49,137.30,127.12,113.23
144.92,159.48,171.98,183.66,194.62,205.53,212.85,219.97,222.85,227.07,229.37,234.65,235.71,234.57,236.93,241.13,246.48,249.73,255.16,255.44,255.89,262.86,266.01,271.96,271.15,276.80,274.97,268.15,265.81,261.63,255.38,250.33,241.42,240.52,230.59,229.08,222.16,220.74,218.02,214.18,207.52,200.21,197.23,188.86,184.61,172.86,165.00,157.89,147.01,137.24,130.10,111.83
143.62,159.79,173.95,184.57,193.31,205.30,212.62,219.18,224.36,225.32,231.89,232.07,234.83,235.48,235.72,239.87,242.30,245.49,247.32,254.62,255.03,259.72,265.51,268.07,270.85,272.86,270.11,266.81,265.55,258.09,255.00,249.66,241.02,237.59,231.61,228.47,223.99,220.18,218.51,210.30,206.24,203.66,196.08,191.44,184.95,175.03,168.07,160.26,149.51,140.86,130.59,115.41
146.37,163.81,173.98,185.15,196.11,208.66,215.41,222.28,224.18,227.22,230.96,233.00,234.45,235.03,236.28,241.41,244.81,248.67,252.52,254.03,258.23,262.19,266.84,271.06,272.73,273.34,270.65,267.37,267.37,263.21,258.01,251.64,243.08,242.08,232.65,230.10,224.54,221.21,219.24,213.60,206.87,205.18,194.99,189.93,186.68,177.23,168.58,160.38,149.80,139.52,133.00,116.08
138.51,150.96,163.37,174.90,184.23,193.13,199.04,205.77,209.88,209.83,213.24,215.38,218.23,217.08,218.69,222.42,225.22,229.98,232.14,236.91,238.48,242.04,247.31,252.40,255.83,259.62,256.83,253.20,250.34,247.78,244.08,236.91,231.40,227.98,222.32,219.06,217.92,214.22,210.80,205.14,203.03,199.21,191.60,186.78,180.80,173.63,165.42,157.81,147.35,139.18,129.02,113.76
139.27,156.77,168.51,178.71,187.63,198.40,205.57,211.57,212.62,215.64,219.48,222.06,223.22,223.13,224.97,228.55,230.06,231.31,236.22,237.99,239.30,247.15,248.03,254.96,255.64,256.69,255.86,253.20,252.07,245.09,243.74,237.43,230.87,226.05,218.41,216.78,214.80,211.70,209.31,202.63,198.60,195.82,189.59,182.70,180.24,170.02,161.90,155.56,144.94,137.30,127.58,111.65
143.17,158.00,171.96,181.37,189.90,200.63,205.53,214.67,215.52,216.76,218.04,222.69,224.01,222.03,221.24,225.57,229.18,232.79,235.37,236.63,238.83,245.20,250.01,252.21,256.18,261.81,261.17,252.41,255.05,250.06,244.63,238.53,233.73,230.67,224.32,222.12,215.72,212.60,211.45,206.94,202.41,197.31,192.17,187.88,184.11,174.38,166.21,154.18,147.73,141.11,131.76,116.30
145.99,161.77,173.07,184.40,193.68,204.12,208.46,215.00,218.01,219.11,223.91,225.04,226.50,227.85,229.90,234.20,235.13,240.03,243.71,248.20,250.59,257.67,259.85,268.58,269.79,272.44,274.05,273.08,273.31,265.14,264.01,255.98,253.43,247.32,240.25,240.14,233.91,232.40,230.84,224.08,219.49,215.04,208.08,202.87,199.01,188.28,181.46,171.03,162.26,151.48,142.44,125.87
137.30,150.80,161.31,171.14,183.17,191.81,198.09,201.49,203.58,204.83,209.23,208.09,210.58,209.88,211.15,215.03,217.63,219.24,221.62,223.95,228.14,233.57,235.26,238.81,243.51,246.62,244.18,244.72,244.14,236.91,233.62,229.24,224.76,218.01,213.69,213.44,207.85,207.39,204.29,197.65,193.49,190.76,182.19,180.85,176.48,169.16,161.62,153.21,145.78,135.35,128.23,113.84
138.31,152.79,165.47,174.60,181.89,190.44,198.03,203.79,204.62,207.96,208.50,211.25,213.10,210.88,212.29,215.82,220.77,224.41,228.01,228.19,233.94,243.43,246.79,249.40,254.92,258.99,261.03,256.91,254.59,251.18,249.80,239.51,236.39,235.51,228.37,226.50,220.33,219.24,216.06,210.15,207.71,201.30,197.03,190.70,187.02,177.20,168.66,159.86,155.04,145.96,134.95,120.03
145.34,161.04,170.84,183.07,192.05,200.82,207.62,212.81,213.36,216.58,219.15,219.86,222.31,222.71,222.05,226.36,228.08,231.68,236.30,237.90,241.54,250.60,251.92,256.83,261.96,265.82,266.05,263.21,262.98,256.81,253.54,245.61,242.79,239.02,229.69,230.59,223.02,220.52,219.75,213.71,207.63,203.96,196.00,193.50,189.84,180.06,171.60,163.88,157.88,146.09,137.88,122.80
144.81,161.45,172.75,184.61,193.50,202.77,208.68,214.16,215.61,217.20,221.07,222.28,223.67,221.94,223.01,226.74,231.28,234.18,238.03,239.84,244.25,251.15,254.56,261.01,264.68,266.96,268.65,266.58,265.63,259.42,254.61,248.62,242.49,240.02,232.18,230.80,224.88,221.82,219.60,214.09,209.06,205.01,197.72,193.68,190.98,179.61,171.97,164.92,157.69,148.03,138.32,123.17
144.59,160.55,169.71,180.70,190.52,200.63,205.30,211.47,213.60,215.08,219.02,219.18,221.82,221.36,220.42,227.04,227.50,230.93,234.96,237.93,242.08,249.83,253.10,257.61,265.73,265.71,265.85,264.05,263.01,256.43,254.89,246.79,241.60,238.46,229.17,228.18,224.88,220.03,218.33,211.65,207.12,204.27,194.21,191.37,187.93,181.16,171.77,162.02,156.01,146.16,137.31,123.22
137.03,152.30,162.20,172.66,180.01,190.52,195.27,201.72,203.50,203.04,207.96,208.54,211.02,209.72,212.08,216.36,218.15,220.47,223.18,227.42,232.57,238.80,241.55,246.34,253.22,253.58,254.37,252.92,250.57,244.09,243.85,235.59,230.38,228.83,219.66,219.99,214.15,212.42,209.50,201.41,198.85,195.88,187.13,184.84,180.00,171.09,164.45,157.89,152.12,139.74,130.54,118.07
142.67,156.20,166.43,178.28,185.65,192.44,200.57,205.64,207.85,210.04,214.41,216.93,217.87,216.54,217.22,221.03,226.32,228.79,235.19,238.12,244.27,250.48,256.90,261.85,267.56,271.27,271.03,271.54,265.83,263.05,258.01,252.07,248.24,242.63,236.56,236.30,228.63,226.34,224.47,219.15,212.27,207.47,202.07,198.04,195.67,183.15,174.43,165.47,158.39,147.14,139.81,123.66
139.85,154.35,165.22,177.51,184.13,192.07,198.09,205.81,207.56,209.31,208.27,212.43,214.22,214.01,214.11,218.84,222.51,226.13,231.32,231.77,236.48,243.31,247.81,252.40,256.86,261.14,263.74,257.02,255.63,250.94,247.01,239.35,235.03,233.79,225.20,223.65,215.06,213.38,210.83,207.41,202.48,195.69,190.92,186.59,183.39,171.72,163.48,154.86,150.71,140.89,131.85,116.81
139.32,155.44,165.00,175.45,181.89,192.13,200.04,203.16,203.84,207.20,210.92,212.24,214.98,214.71,216.60,218.84,222.99,224.18,230.38,232.86,239.06,244.66,248.36,254.13,259.34,260.73,262.20,259.24,258.80,252.87,251.11,242.44,237.40,232.28,225.14,224.16,218.28,215.68,213.65,204.86,199.90,197.09,189.97,185.32,182.52,170.45,165.25,156.73,148.12,140.04,132.42,118.15
127.74,142.17,151.49,161.05,168.30,176.57,182.85,186.50,191.44,192.31,193.29,196.74,197.99,197.40,195.79,200.72,204.07,207.28,213.01,214.25,217.47,227.04,230.31,233.08,237.93,243.65,242.84,237.23,235.00,232.21,227.44,221.45,217.68,216.37,208.54,206.05,199.67,195.36,193.04,191.09,184.40,179.36,176.18,171.23,168.65,156.21,150.08,142.86,138.05,128.16,118.07,107.19
139.95,154.62,166.74,175.33,183.47,191.47,198.76,203.38,206.05,208.91,210.44,213.30,215.06,213.12,215.37,217.96,221.52,226.05,230.26,230.96,237.54,243.40,250.06,255.43,258.50,260.38,261.88,260.22,255.54,251.53,247.05,239.71,235.37,231.92,224.96,220.31,215.10,213.38,208.09,204.14,197.71,193.40,187.01,183.13,178.37,167.39,162.09,153.01,147.05,136.48,127.06,114.48
130.15,142.86,151.61,162.50,170.48,177.54,184.11,189.11,189.76,192.20,195.92,197.63,199.06,199.60,199.32,202.71,207.28,209.66,214.85,217.04,223.16,227.88,231.86,237.43,240.66,243.99,244.43,242.89,238.60,234.94,234.06,224.52,219.66,216.63,209.33,205.43,201.30,199.57,195.43,187.66,184.50,181.82,174.86,169.64,166.43,157.81,151.79,144.25,136.69,129.12,120.02,108.50
131.37,145.04,156.35,165.59,173.62,181.03,186.12,191.18,193.55,195.31,199.45,199.69,201.47,202.48,203.12,206.20,211.15,211.95,217.00,220.19,225.04,231.61,236.58,241.01,246.00,246.98,246.11,244.93,243.99,238.29,236.18,227.73,221.27,217.75,211.51,207.87,203.91,200.19,195.21,191.60,185.93,182.57,175.32,172.00,168.08,158.26,151.95,144.16,138.18,129.25,121.26,107.56
131.53,144.28,154.04,161.62,170.84,179.12,185.06,189.45,192.42,194.16,196.02,198.59,199.75,201.16,201.56,205.83,209.77,213.93,216.89,220.10,224.12,232.65,235.48,240.44,243.82,248.01,246.66,245.54,243.74,237.69,234.94,227.09,222.55,220.08,212.48,210.30,201.44,200.06,197.04,192.92,187.68,182.20,177.55,169.99,169.28,159.03,150.00,143.39,136.21,128.39,121.04,107.42
122.56,135.09,148.14,154.87,162.05,169.43,177.34,181.32,184.40,186.39,188.96,192.51,194.47,194.26,192.85,198.12,203.44,206.70,213.66,214.77,221.01,227.77,234.08,237.79,241.90,247.61,246.13,244.77,242.71,239.14,233.52,229.26,222.73,221.58,217.20,213.46,207.29,203.96,201.70,197.95,191.46,187.88,182.99,178.06,174.05,162.63,156.54,146.28,143.59,132.92,124.02,109.20
132.82,148.27,156.85,166.15,175.31,183.45,189.40,195.13,198.54,199.36,202.19,204.98,206.01,206.65,207.39,210.74,215.59,218.40,224.08,223.99,231.80,236.92,242.39,245.84,249.47,254.23,255.34,250.60,246.95,243.82,238.80,229.65,225.89,222.03,217.15,211.97,205.80,202.31,199.49,195.49,190.32,182.01,178.00,174.14,170.65,160.25,151.91,143.60,137.24,129.38,121.40,107.69
131.46,147.18,157.21,166.21,173.01,182.78,188.60,195.11,197.21,200.59,201.52,205.14,205.77,205.22,208.12,211.30,217.30,219.92,224.15,226.24,230.63,238.45,242.39,247.00,251.32,254.38,253.00,252.12,247.63,243.90,238.66,232.00,225.06,222.19,214.68,211.57,205.79,202.09,200.00,195.65,190.03,185.17,177.89,174.03,169.64,159.83,151.95,143.34,138.09,129.03,121.21,108.05
142.39,157.75,169.81,179.03,189.50,197.72,201.94,208.04,210.94,214.97,216.15,221.54,222.41,223.60,224.93,229.80,232.61,237.40,244.14,244.90,249.95,258.10,260.68,266.27,268.54,274.59,277.06,271.02,266.55,262.38,257.12,249.82,245.49,241.59,231.62,228.00,221.68,217.80,216.18,210.30,206.86,198.13,192.04,187.84,182.22,172.41,163.32,155.00,148.01,139.79,130.80,116.66
132.20,147.53,158.38,166.23,174.32,181.28,187.00,195.49,199.49,200.94,202.65,205.19,205.00,205.92,207.97,209.34,214.80,218.82,225.39,226.00,231.81,236.01,243.08,247.20,251.15,255.23,253.87,250.77,245.60,242.33,239.71,232.14,227.09,221.43,217.08,211.92,206.24,202.94,199.64,195.60,190.54,184.29,178.40,174.43,170.29,158.69,151.16,143.84,137.57,129.69,120.07,106.25
133.96,148.64,157.47,166.97,177.10,185.13,191.06,196.31,197.41,200.18,203.93,207.51,206.93,208.02,210.04,213.18,216.95,220.31,227.07,227.71,231.61,239.80,242.92,247.63,251.24,257.45,255.52,251.38,249.06,245.08,239.21,232.24,224.32,222.83,216.62,213.00,206.53,200.04,200.12,195.45,189.40,182.70,177.26,172.05,168.86,156.85,152.12,142.84,137.06,127.09,121.04,106.63
141.15,155.71,166.42,174.24,184.78,193.40,199.60,204.29,209.09,213.02,214.65,217.96,219.37,218.84,221.21,223.89,229.87,231.17,239.27,237.79,246.08,251.43,257.07,259.56,263.94,270.41,269.25,263.88,259.12,256.35,250.28,244.24,236.41,234.09,227.50,223.30,215.47,210.84,207.18,205.25,197.59,190.22,185.27,181.46,177.18,163.84,157.99,148.48,143.59,132.26,123.23,110.39
140.09,154.16,164.92,175.07,184.39,193.05,199.85,203.67,208.60,210.79,214.90,216.67,216.54,220.74,220.06,224.59,226.27,230.69,237.80,240.00,245.40,252.48,256.05,260.31,265.20,268.31,267.57,263.69,260.87,255.41,251.34,243.24,238.40,233.09,226.27,221.92,217.46,210.84,210.64,203.38,198.58,192.11,185.80,180.28,175.96,167.04,160.33,148.60,141.09,134.18,124.62,111.20
144.31,160.65,169.58,179.36,189.27,198.64,206.02,212.16,215.08,216.93,218.92,223.38,225.30,225.89,228.74,231.18,235.27,240.29,245.51,248.47,252.86,258.57,264.84,270.74,274.45,278.02,277.51,271.90,271.04,263.21,260.50,253.03,244.08,242.62,233.02,230.67,223.29,218.52,216.48,209.66,203.55,198.39,192.80,186.82,181.24,170.16,162.34,154.87,146.24,136.33,128.10,113.81
147.36,164.98,174.15,183.99,194.16,204.16,211.32,216.09,219.76,222.00,223.77,227.67,227.98,229.98,232.03,237.51,240.44,246.22,250.06,252.52,255.21,265.22,268.33,273.72,277.35,282.64,279.61,275.54,274.45,267.01,264.07,255.16,247.00,245.69,236.85,233.63,225.04,220.52,218.90,214.45,206.70,199.91,194.55,186.56,183.61,172.57,164.55,156.19,147.87,138.65,128.76,116.76
149.47,163.78,174.26,187.22,194.18,203.39,211.63,217.83,219.33,223.49,228.54,228.48,231.04,232.36,234.31,237.40,240.43,244.71,249.69,253.51,258.88,265.34,270.10,274.37,280.17,279.65,279.30,277.35,274.12,267.53,264.28,253.97,248.49,243.82,234.92,231.40,225.80,222.65,217.12,210.11,204.01,199.81,190.54,187.84,182.10,171.92,164.83,155.18,146.81,138.10,128.63,115.00
149.51,164.75,176.31,186.99,195.21,205.93,213.19,220.06,221.62,226.15,227.01,230.93,231.59,233.42,234.46,237.23,244.09,249.06,252.84,256.33,258.94,265.75,272.30,275.41,279.30,283.98,283.40,277.02,275.97,269.15,264.76,255.56,247.92,245.51,237.26,234.34,224.76,220.18,217.62,212.85,207.89,198.73,194.79,189.02,182.63,169.80,163.98,153.53,148.22,138.84,129.47,115.10
146.82,162.05,172.15,182.10,191.32,200.41,206.63,214.02,216.97,221.62,223.18,226.24,227.98,229.39,231.23,234.44,237.42,240.95,248.24,250.15,255.73,261.77,269.16,272.68,278.04,278.76,278.00,274.85,270.42,266.27,260.74,253.03,247.07,242.16,236.08,230.78,224.22,220.27,216.54,210.98,203.73,200.12,192.00,186.51,183.36,171.23,163.23,153.73,145.91,135.59,128.63,114.13
144.59,160.20,171.16,182.20,189.74,200.96,205.04,215.23,216.00,218.71,221.82,224.80,226.43,229.65,230.67,234.18,238.05,243.25,246.60,250.40,254.57,259.94,264.70,270.22,273.99,276.09,275.73,271.01,270.21,263.03,261.74,251.38,242.70,239.35,230.63,227.14,221.44,218.69,213.82,206.02,200.87,196.33,189.01,184.61,178.00,167.60,160.64,151.61,145.42,133.79,124.02,112.90
137.75,149.03,161.89,172.10,179.27,187.81,195.36,200.50,205.35,207.65,209.31,212.90,215.03,214.40,215.78,220.23,223.33,226.11,231.89,233.32,237.49,244.03,248.36,251.29,258.40,260.93,260.34,254.83,251.10,247.94,242.07,234.97,228.27,224.72,217.15,215.82,206.16,203.30,201.38,194.13,189.16,180.85,177.53,173.37,167.03,156.40,150.34,139.46,135.62,127.91,117.59,104.40
145.25,161.05,169.01,181.20,190.80,200.20,206.85,213.24,217.37,219.43,223.28,227.06,227.71,229.84,230.08,233.08,236.69,240.30,246.84,249.58,254.23,259.62,265.17,271.28,273.06,275.36,275.14,268.57,266.69,260.71,259.62,250.06,243.00,236.91,231.47,229.24,220.86,215.75,213.12,205.92,201.30,194.01,188.99,182.53,177.61,167.32,160.82,151.48,141.87,133.33,126.44,113.16
147.27,162.52,172.13,182.99,193.83,204.32,209.29,216.84,219.35,222.46,225.89,227.55,229.84,231.33,233.24,237.00,240.24,246.35,250.57,254.02,256.86,264.09,266.91,274.26,276.40,280.59,279.03,274.90,272.66,265.95,262.19,252.98,246.08,243.90,234.83,233.21,223.57,219.97,216.84,209.81,204.20,198.73,192.20,184.02,181.47,170.16,162.63,152.61,145.73,136.08,127.42,114.24
145.50,159.14,170.47,181.18,189.76,199.25,208.00,213.71,215.75,220.20,223.29,224.64,227.26,228.04,228.05,231.82,238.25,240.92,246.88,248.57,252.17,259.82,265.50,269.31,274.24,274.08,274.09,271.09,267.93,261.69,258.15,250.48,241.48,239.97,230.01,227.88,221.58,217.09,212.53,206.65,201.06,195.79,187.52,183.25,178.90,168.19,160.65,151.01,144.20,134.41,126.02,112.00
101.02,105.72,112.00,120.07,133.00,135.36,144.10,139.01,146.18,149.70,143.61,147.79,145.72,142.62,143.81,144.50,140.53,138.22,145.38,142.00,154.74,169.37,177.50,186.27,196.70,207.62,218.98,215.42,217.45,213.32,212.66,213.02,205.73,204.79,197.61,193.94,190.25,186.20,186.55,177.05,171.84,172.93,166.48,161.07,150.66,140.09,137.87,126.81,118.41,103.08,112.25,102.63
147.14,162.50,175.52,185.81,195.24,204.83,210.28,218.55,222.16,226.63,227.30,230.42,233.08,233.00,235.87,237.80,244.49,248.57,255.52,254.23,258.37,265.29,271.71,276.28,279.52,282.08,281.85,277.16,273.06,270.21,263.49,252.55,247.13,244.27,237.12,232.80,223.33,220.05,216.30,210.87,206.48,198.76,192.30,187.26,182.22,170.45,160.80,152.32,146.89,137.31,127.28,113.55
147.20,164.76,173.17,184.46,193.09,204.22,210.15,217.09,220.95,224.44,226.05,230.36,233.35,234.00,234.75,238.02,240.48,246.02,252.41,255.74,259.27,266.09,270.30,276.34,278.57,282.00,280.48,276.21,273.71,266.82,263.95,256.85,246.92,244.14,235.31,232.36,225.14,219.22,217.68,210.52,205.06,198.66,193.60,186.13,181.14,171.49,162.12,153.05,144.51,136.40,128.32,113.18
138.16,152.76,165.64,173.03,182.36,191.44,198.73,205.20,207.07,212.15,213.49,219.06,221.90,222.28,224.01,227.80,233.62,239.11,243.65,244.68,252.68,258.10,263.10,267.48,272.53,279.76,277.02,272.18,271.65,266.24,260.95,255.19,246.00,246.29,238.21,235.55,226.35,221.94,219.23,216.93,210.00,202.55,197.68,192.11,187.13,173.56,164.88,155.63,149.78,140.58,129.29,114.48
146.74,162.78,172.04,183.66,194.49,203.06,209.75,214.67,217.92,222.00,224.61,227.43,228.43,231.32,234.44,237.43,241.60,244.02,249.93,253.67,256.78,265.32,267.68,275.14,277.89,280.86,278.30,275.62,272.24,267.05,263.21,253.03,245.74,241.83,234.45,230.93,224.14,219.06,216.91,208.20,203.91,198.16,192.04,184.84,179.77,170.29,162.05,151.91,144.53,133.75,128.76,113.64
146.18,160.29,172.24,183.88,191.70,200.41,206.41,216.64,219.39,224.45,224.11,228.32,230.29,229.58,232.42,235.47,238.89,245.31,249.40,252.07,258.52,263.49,269.09,272.97,276.59,281.97,279.03,272.12,273.30,265.55,261.56,252.19,244.03,243.89,234.44,230.49,222.77,217.83,214.79,211.07,204.04,194.09,191.23,186.17,180.94,168.29,160.18,149.91,145.42,134.63,125.61,111.41
137.75,151.33,163.17,172.61,181.11,190.16,196.25,203.60,207.61,210.95,213.71,217.37,220.74,220.84,222.42,227.95,233.94,236.61,243.50,245.08,252.81,257.41,263.10,266.44,271.69,277.48,277.42,270.68,268.01,265.58,259.85,253.27,246.79,245.37,238.42,234.09,226.32,219.97,219.54,213.88,206.55,199.91,196.70,191.01,185.80,171.73,165.00,154.50,149.59,141.48,127.46,114.63
145.34,160.35,171.03,181.11,190.41,198.43,206.93,213.40,218.01,221.20,224.29,226.64,230.23,228.65,230.08,233.99,239.25,241.90,248.85,248.64,255.00,260.28,268.23,268.97,273.30,279.41,277.60,271.43,266.68,264.84,258.37,250.51,243.10,239.72,232.78,229.92,220.20,215.03,210.79,209.29,201.40,192.59,189.17,183.96,179.13,166.11,158.49,149.41,141.40,132.31,125.10,111.33
144.59,159.05,170.70,181.14,190.92,200.88,206.53,215.39,217.72,221.65,223.16,227.78,227.01,228.95,233.02,232.90,241.21,243.40,249.83,251.03,255.16,262.49,267.47,272.88,275.14,279.31,277.02,273.54,270.30,264.88,259.98,251.37,244.09,241.07,232.90,228.21,221.85,216.10,214.08,207.51,202.41,195.06,189.55,184.02,178.73,166.30,158.81,149.59,142.86,135.91,125.16,111.36
142.90,156.54,168.24,179.40,186.13,197.61,204.12,211.02,214.67,219.66,219.67,223.93,226.97,226.42,229.33,231.11,236.44,241.27,244.92,247.40,250.32,257.67,262.38,268.29,272.03,275.63,272.92,268.48,265.21,260.77,258.68,248.36,241.11,237.23,229.11,226.10,218.52,213.47,209.38,203.65,197.74,192.38,186.95,181.62,175.41,162.74,155.24,147.32,142.00,132.85,122.07,109.11
142.03,156.08,168.51,178.84,186.42,196.98,201.66,210.02,213.25,217.80,218.83,222.60,223.40,225.46,227.11,229.72,235.59,240.10,244.56,245.20,249.32,256.00,262.25,265.98,269.71,273.54,272.81,266.55,264.55,260.29,254.56,245.95,239.07,236.91,228.11,225.08,216.54,213.49,209.68,202.41,197.01,191.09,185.84,180.28,176.08,163.42,154.83,145.00,141.36,132.74,120.33,107.30
146.03,160.46,170.88,183.92,192.11,201.81,210.24,215.36,218.11,221.71,225.69,227.47,229.67,231.46,234.97,237.92,240.57,244.74,250.07,253.10,255.44,263.59,268.80,273.43,278.13,279.15,277.62,275.12,273.31,266.09,264.20,254.56,246.55,242.67,232.22,229.61,222.61,218.39,216.12,207.97,202.63,198.24,190.06,183.44,179.07,169.31,161.32,151.61,142.71,134.81,125.40,111.66
146.00,160.73,171.86,183.47,192.02,201.47,208.49,215.64,218.66,223.23,223.68,229.71,230.08,231.05,234.39,237.70,240.26,246.97,251.87,253.24,257.41,263.93,267.47,274.39,277.61,282.58,281.01,274.93,272.73,266.73,263.41,253.54,246.84,245.01,234.89,230.67,221.42,217.88,215.64,209.19,204.62,197.50,192.00,183.37,179.45,168.24,158.69,150.08,142.62,134.30,124.19,110.80
145.60,160.31,169.52,180.55,191.13,201.00,206.58,214.76,215.86,219.51,222.47,226.63,227.98,230.08,233.00,234.09,239.14,244.40,249.58,250.71,256.82,264.20,268.64,272.46,279.33,279.59,277.35,275.81,272.33,266.07,261.54,253.82,246.43,242.01,233.94,230.34,224.40,219.74,216.16,208.50,202.09,198.21,188.85,185.88,178.73,168.47,161.94,150.62,144.06,135.33,125.60,112.16
145.67,159.54,169.01,180.71,191.25,200.96,206.81,212.88,215.72,219.71,223.58,225.89,228.97,230.41,232.61,234.92,238.42,243.15,250.19,251.75,255.89,263.95,267.30,273.34,278.43,280.03,276.76,274.64,272.62,264.61,263.00,254.23,246.50,241.87,233.95,231.60,223.95,219.35,216.69,208.39,201.21,198.83,189.62,185.28,179.90,169.50,161.20,151.29,142.02,133.00,126.18,112.16
144.22,158.70,169.50,182.10,191.88,201.41,206.65,213.76,216.52,220.59,223.49,226.61,228.48,230.03,231.73,236.68,239.71,244.39,248.94,251.34,255.82,263.93,267.00,272.04,276.20,280.03,278.79,273.91,272.42,265.34,262.00,254.18,246.27,243.28,235.91,229.71,223.26,217.19,216.63,208.66,203.11,195.53,190.52,183.81,178.88,167.91,158.75,150.12,141.89,132.59,125.99,112.16
142.05,158.05,167.39,177.69,187.67,196.79,203.73,211.25,213.08,217.57,220.81,222.40,223.62,226.59,230.02,232.16,234.57,239.27,244.38,249.42,254.14,259.94,263.77,270.93,272.66,274.85,272.39,270.60,268.79,261.87,260.50,251.37,243.97,239.30,230.36,229.44,221.55,215.75,215.08,207.16,199.53,194.92,187.52,182.39,177.90,165.52,158.52,149.93,139.61,129.81,123.07,109.56
143.01,157.42,167.97,179.00,188.15,197.84,204.31,209.94,214.35,217.80,220.64,224.02,224.18,227.13,229.90,232.74,235.19,239.35,246.29,247.29,254.47,260.52,265.66,268.78,272.69,275.36,277.08,271.67,268.58,263.94,259.53,250.16,244.81,242.24,235.51,228.53,221.94,215.04,214.98,208.87,200.06,194.76,187.88,183.36,177.07,165.71,159.40,148.17,140.53,131.69,124.04,110.91
143.03,157.66,168.77,179.23,188.66,199.22,203.79,210.64,213.25,217.92,222.27,223.79,226.46,228.65,232.23,234.55,236.10,240.85,246.43,249.16,256.39,261.08,264.00,269.87,275.18,278.21,275.07,273.10,270.05,263.39,260.86,252.42,244.63,239.87,230.02,227.90,224.13,217.80,215.10,204.42,199.45,194.26,187.11,183.10,176.40,166.01,158.75,148.41,140.25,132.00,123.24,110.54
141.66,157.11,167.72,179.28,187.97,196.70,203.06,211.40,213.43,218.28,219.74,223.90,225.61,227.85,230.49,232.02,236.78,242.01,245.73,249.06,254.23,260.00,264.91,269.60,275.84,276.22,274.43,272.40,270.78,264.03,262.21,252.00,244.77,241.01,232.43,227.50,222.20,218.55,215.08,206.46,201.10,196.31,187.00,182.79,178.10,166.24,158.40,149.86,143.18,133.99,122.89,111.40
141.90,157.41,167.49,176.12,188.61,196.82,202.53,210.72,213.59,216.46,219.20,223.79,223.71,227.01,230.78,231.14,235.79,240.34,246.66,248.27,253.03,258.80,262.94,269.15,272.95,275.36,275.51,269.62,269.43,262.19,259.38,250.50,242.20,239.74,232.17,227.26,220.72,215.03,213.78,205.66,200.44,195.26,186.68,181.14,176.47,163.71,155.93,148.17,140.39,130.19,123.08,108.58
140.86,156.39,168.03,180.31,187.38,197.31,201.72,210.51,214.27,217.61,219.02,222.99,224.96,225.84,228.04,229.79,235.93,241.59,246.14,247.20,251.34,257.41,263.21,267.86,272.33,274.78,274.69,269.24,269.06,262.92,258.07,249.61,242.53,238.93,230.67,227.26,220.15,214.22,212.17,205.57,200.12,193.83,188.31,181.76,176.30,164.20,155.80,147.43,141.74,132.85,121.20,108.23
142.76,157.70,169.31,178.62,187.58,196.70,204.02,209.75,213.01,218.30,220.15,223.67,224.80,226.60,228.82,232.55,235.37,240.24,246.86,247.99,253.00,261.12,263.77,270.82,273.25,276.49,273.85,271.33,270.82,262.77,259.37,250.46,244.29,239.38,231.49,227.27,221.94,216.06,215.76,206.89,199.62,194.02,187.26,183.17,177.60,167.37,158.26,149.00,141.21,132.31,123.76,109.66
137.28,149.62,158.93,169.55,180.01,187.54,193.33,199.62,203.06,207.48,209.46,213.18,212.90,217.15,219.08,222.25,225.74,229.86,233.01,237.86,240.88,249.56,251.58,259.52,261.37,261.97,263.59,259.96,257.86,251.45,247.95,239.65,232.28,228.78,222.03,215.60,210.92,205.18,203.38,198.15,189.49,186.36,177.55,172.96,167.05,158.40,150.86,142.00,133.70,124.90,118.46,104.96
135.48,149.09,157.49,171.23,177.07,189.56,191.65,198.71,202.54,205.65,208.72,212.61,213.49,215.76,218.08,222.38,221.74,227.75,229.94,236.30,239.43,246.89,247.33,256.26,258.99,262.10,262.09,256.53,256.83,247.73,246.83,238.21,231.78,227.37,218.50,216.01,209.99,206.31,204.71,192.04,188.86,182.16,177.43,172.47,166.37,155.08,149.05,139.99,131.14,125.10,115.80,104.12
136.24,149.21,162.52,171.42,179.20,189.45,193.44,200.90,203.38,208.15,210.23,214.90,216.04,215.75,218.02,221.20,224.52,229.27,236.36,234.88,240.75,246.83,252.35,256.63,260.02,264.01,265.15,257.19,256.60,249.58,246.02,237.00,231.19,230.31,219.97,217.83,210.80,205.08,202.04,195.23,190.22,183.39,179.12,171.30,168.51,154.35,147.00,139.18,133.75,124.78,116.18,102.73
140.09,155.67,166.52,179.23,184.68,195.53,200.48,208.50,211.70,216.54,216.81,222.60,223.90,223.95,225.67,230.53,234.03,238.47,242.79,245.55,250.59,255.93,262.09,265.82,270.15,275.07,275.31,266.54,267.59,262.15,257.38,248.86,243.25,240.34,230.72,225.49,219.48,214.23,211.75,208.06,200.12,191.26,189.19,180.00,177.20,163.34,156.54,146.51,140.16,133.33,121.66,108.75
140.73,157.95,165.60,176.92,188.45,196.85,203.96,209.57,210.34,215.47,219.02,223.60,224.88,225.28,226.87,230.08,234.73,240.20,245.16,247.78,251.53,258.21,262.76,269.44,271.88,276.03,274.61,270.84,270.11,263.50,262.27,250.46,244.40,241.85,233.70,227.79,220.48,215.36,213.83,208.40,201.31,195.32,188.96,181.55,176.40,166.48,156.68,149.05,141.68,131.75,123.23,110.37
132.91,146.86,158.15,168.27,175.64,184.78,190.68,197.99,199.72,204.47,205.30,210.09,210.95,212.25,214.95,218.83,220.37,225.85,230.71,233.01,237.03,244.05,249.20,252.83,256.80,259.28,258.37,254.81,252.94,247.19,243.50,235.55,230.48,225.75,217.96,213.32,208.09,202.60,200.94,192.80,187.32,182.94,175.62,171.00,165.66,155.08,147.80,138.92,132.52,125.78,116.36,103.32
134.11,146.65,156.22,166.01,175.19,185.65,189.20,195.92,199.74,201.78,206.31,208.60,210.23,211.91,214.53,217.57,220.41,225.02,229.71,231.77,236.26,244.26,247.76,254.10,257.38,258.96,259.02,255.77,253.67,248.82,244.29,236.13,230.03,225.61,217.85,214.80,209.34,204.07,202.78,194.16,187.49,184.62,176.82,172.07,166.21,155.82,149.97,140.46,132.31,123.43,116.36,103.48
138.52,152.95,162.64,173.57,182.21,191.61,198.18,204.08,206.73,210.02,212.96,215.33,217.22,220.51,221.45,225.28,225.28,232.14,235.85,239.00,244.52,252.58,254.79,259.76,264.69,266.25,265.93,264.20,262.69,255.36,252.66,243.51,236.39,230.52,225.72,219.17,215.23,210.21,208.85,200.74,192.68,190.44,180.36,176.30,172.35,160.64,156.11,145.12,136.40,126.91,119.75,107.54
136.85,150.71,163.05,171.69,179.39,188.22,195.49,203.00,206.04,208.06,210.76,215.54,216.91,217.79,218.72,221.29,223.76,229.17,235.37,236.17,241.10,248.58,255.16,257.10,261.47,264.71,262.55,259.52,257.65,254.17,249.69,241.47,235.23,230.77,222.11,217.57,212.62,208.40,205.30,199.56,191.44,186.94,180.32,174.89,171.41,159.70,152.62,143.74,136.31,125.32,117.20,106.30
143.14,156.85,170.58,179.74,189.93,198.13,205.91,213.93,215.46,217.60,221.33,227.25,226.24,227.32,230.42,231.71,237.06,241.95,247.76,248.36,252.69,260.42,266.05,270.07,272.81,277.35,277.22,271.23,271.15,267.09,261.20,250.05,244.35,241.81,235.31,227.80,219.58,215.93,212.25,208.00,200.85,193.91,188.79,183.39,177.79,163.38,156.19,147.87,140.29,132.38,124.46,108.85
143.89,159.67,168.60,180.69,189.53,200.83,205.97,211.95,214.22,217.97,222.40,224.29,226.00,227.37,232.11,232.09,237.23,241.76,247.00,248.65,253.21,262.25,265.11,271.12,275.44,276.26,276.84,274.41,274.43,265.55,262.86,253.81,247.89,242.43,234.00,229.94,224.15,220.33,216.01,207.28,200.48,198.85,189.19,183.20,178.40,166.97,158.38,148.65,141.90,133.36,125.54,110.89
136.13,150.78,164.05,172.93,181.10,191.04,193.98,203.05,206.18,209.47,208.87,217.68,217.15,217.66,221.56,226.21,230.80,236.07,239.92,243.58,249.05,255.25,261.12,266.05,268.29,274.91,275.07,267.51,268.99,262.41,259.20,251.01,244.90,243.20,233.53,230.53,222.64,215.37,216.19,209.66,204.13,195.13,192.51,185.28,179.48,166.21,159.03,150.55,142.03,134.10,123.81,110.98
136.31,152.01,164.16,174.00,179.80,190.16,196.23,204.04,206.74,209.75,212.25,217.35,218.69,220.55,222.17,225.00,231.39,235.17,239.02,242.16,248.05,255.67,261.66,265.58,269.60,273.54,272.81,270.12,269.99,264.32,259.95,249.45,245.97,241.58,235.19,229.58,222.32,217.91,214.67,209.78,202.77,195.75,191.59,184.79,180.27,168.22,158.83,148.66,142.97,136.88,125.21,110.31
141.17,155.32,165.74,176.78,186.95,195.21,201.26,207.18,211.70,214.01,218.00,222.34,222.18,224.20,225.85,229.54,233.82,239.23,243.50,245.84,249.07,256.96,261.38,265.80,269.07,274.10,275.81,269.46,268.16,262.48,256.64,251.45,241.58,240.65,230.71,227.01,220.49,213.01,213.04,208.02,199.92,192.04,186.82,180.71,175.07,163.86,156.21,148.01,139.56,132.08,123.33,110.14
138.45,152.80,164.10,174.41,183.85,192.30,199.58,206.83,210.11,213.58,214.79,220.51,221.82,223.22,223.49,229.01,230.99,237.92,243.30,244.64,251.98,256.67,262.94,266.01,269.67,276.44,276.59,269.36,269.43,263.39,260.50,254.23,245.66,242.47,235.26,230.00,221.49,216.47,215.23,211.21,203.68,195.35,190.32,184.62,180.37,167.86,157.85,149.48,142.14,134.46,125.88,111.65
149.12,166.00,176.62,187.45,197.59,208.10,213.46,221.01,224.27,228.08,229.24,235.92,237.14,236.68,238.67,242.89,247.15,254.03,259.12,259.05,263.64,273.72,277.96,282.30,286.14,290.49,291.67,286.67,283.64,279.01,272.62,263.87,258.21,255.92,245.45,241.53,232.18,226.50,225.75,221.88,212.08,203.80,199.01,191.32,186.59,173.62,165.28,155.29,147.23,138.40,129.96,115.43
140.46,156.19,165.06,175.76,184.36,196.62,199.91,207.70,210.01,214.72,216.93,219.59,220.84,225.06,226.05,229.94,231.70,238.81,241.75,245.93,250.34,258.52,261.45,267.92,271.19,274.45,273.25,267.57,270.20,261.62,260.82,250.84,243.58,239.93,231.02,228.67,221.84,216.21,216.19,206.90,200.64,195.06,187.86,181.34,177.49,166.46,158.24,149.51,140.36,131.03,123.97,111.02
135.07,151.17,162.12,171.61,179.98,190.24,196.36,203.16,205.93,210.43,210.72,218.16,218.83,218.92,221.18,225.89,231.72,236.19,241.03,241.23,247.07,254.47,261.36,263.30,269.07,276.28,274.24,270.45,268.17,262.09,257.70,249.24,242.79,241.00,233.11,229.93,220.84,218.34,213.89,208.52,204.19,196.73,190.38,185.22,179.07,166.86,158.27,149.01,144.55,134.65,123.79,109.59
125.06,138.20,145.58,155.36,164.98,174.00,179.96,184.13,187.26,189.61,194.73,195.60,199.09,201.47,202.80,204.83,209.35,213.15,219.74,220.55,226.74,234.97,239.76,244.23,249.93,251.28,249.00,249.04,246.04,241.99,239.38,232.35,225.42,224.15,216.06,211.62,206.18,203.71,199.75,193.87,185.65,184.02,175.00,170.34,165.76,156.02,149.48,140.43,131.52,121.66,116.73,103.45
136.18,151.27,161.79,170.77,179.81,189.86,195.72,202.61,205.87,211.21,211.26,215.96,217.19,218.75,221.85,225.58,230.23,233.56,238.95,240.76,247.00,255.23,262.25,264.70,270.57,273.25,272.62,271.71,268.76,265.05,259.02,251.81,244.93,241.35,234.68,229.51,221.38,217.86,215.95,210.06,200.09,196.42,189.25,184.13,179.39,166.37,158.32,150.63,142.30,132.38,122.00,109.00
142.17,158.38,170.88,179.81,189.17,199.01,205.25,213.14,215.76,222.25,223.40,229.86,230.05,230.46,230.99,237.43,243.18,249.16,253.94,254.89,260.89,270.44,275.18,279.97,283.73,288.92,291.34,286.25,284.54,280.28,274.02,266.30,258.12,257.08,248.36,244.18,236.24,230.36,226.77,222.87,214.61,207.46,202.36,195.56,190.12,177.02,166.39,158.05,150.55,141.40,130.63,116.50
136.48,150.94,163.25,173.00,180.56,188.60,196.09,202.41,205.00,210.87,211.87,217.06,220.06,219.74,222.99,225.40,232.21,235.69,241.63,242.99,250.05,256.35,262.69,267.86,271.53,276.59,277.31,271.25,268.16,265.63,261.90,251.32,246.64,245.82,237.26,231.35,225.49,220.58,216.91,212.88,205.00,197.50,193.22,187.38,183.41,168.77,160.07,151.48,144.00,134.77,124.85,110.94
133.26,147.80,157.56,166.51,177.79,183.98,193.30,197.59,201.04,205.00,206.90,211.30,214.06,215.86,216.60,222.79,227.07,232.48,238.35,240.83,247.88,254.62,259.62,265.04,268.57,277.28,275.54,271.46,269.87,265.12,261.59,253.99,248.57,246.66,238.03,235.58,226.61,220.78,219.53,217.04,209.34,200.24,196.77,189.62,185.07,171.98,164.88,154.87,146.03,137.20,128.41,114.02
141.68,156.63,166.48,177.91,185.72,195.86,199.72,209.16,214.11,215.68,218.45,222.71,222.63,224.32,226.51,229.43,233.67,240.20,242.92,245.95,252.35,257.60,263.76,268.52,273.22,275.96,275.48,272.86,271.01,264.09,261.56,252.05,245.75,242.59,232.72,229.45,223.01,215.87,214.71,206.96,200.42,193.71,188.66,182.89,177.45,165.52,157.06,147.71,141.01,131.90,123.46,108.81
142.68,159.11,169.17,181.22,191.06,199.28,205.78,212.42,215.54,218.52,223.44,225.74,229.46,231.25,232.85,236.21,239.57,245.99,251.09,253.66,260.35,268.81,274.64,281.30,286.19,286.94,287.78,286.12,285.30,277.19,274.85,267.61,259.42,252.99,244.25,242.17,235.93,232.14,228.27,218.98,213.12,206.97,198.28,193.98,189.51,175.84,169.66,157.69,149.16,140.87,131.75,117.18
140.04,154.43,166.39,177.60,185.18,195.16,201.10,209.61,211.52,214.28,218.51,220.45,223.37,222.95,225.66,229.65,232.69,237.89,243.35,244.09,250.83,256.60,263.01,265.80,272.66,275.36,275.73,271.59,269.26,263.15,258.52,249.16,245.25,239.21,231.35,226.55,220.79,217.28,214.70,205.73,199.90,195.23,186.94,182.63,176.18,164.92,158.69,147.92,141.52,132.70,123.04,109.56
142.58,157.87,168.24,178.90,188.69,198.67,204.69,211.15,211.70,216.45,219.65,222.10,224.29,226.29,227.90,232.44,234.08,239.60,244.03,246.60,251.64,260.11,262.99,269.68,273.72,275.26,275.36,273.31,272.24,263.43,262.49,252.24,245.42,240.83,231.40,228.12,222.17,218.50,215.26,207.35,199.18,197.04,185.63,181.96,175.55,165.47,158.32,148.48,140.72,130.14,123.79,109.48
130.68,145.17,155.32,164.08,173.08,183.17,189.65,195.47,199.90,202.25,206.79,208.28,211.85,214.85,216.81,219.83,223.79,227.97,235.42,237.07,246.59,252.12,258.21,262.71,267.99,269.90,270.09,269.27,268.03,261.24,260.23,252.30,244.03,241.37,232.71,231.61,224.06,219.66,218.74,211.38,203.09,201.31,190.39,185.61,182.33,170.42,164.20,152.64,146.67,134.73,126.91,112.00
142.20,158.64,166.82,178.57,187.38,197.95,204.47,209.76,213.02,216.21,221.06,224.90,226.02,230.42,233.01,235.51,238.42,245.15,250.28,253.66,262.19,268.48,273.59,280.05,283.24,289.03,287.70,284.86,282.03,275.29,275.94,266.17,259.08,254.03,246.14,242.40,235.97,232.46,229.53,219.69,212.85,207.82,199.02,194.03,189.00,177.13,168.05,158.40,150.62,139.81,131.03,116.47
127.56,141.15,151.00,159.09,167.61,176.71,183.10,187.72,191.15,195.16,196.88,200.41,202.09,203.59,207.10,211.93,212.25,217.00,220.84,225.00,231.69,237.42,241.13,247.32,250.58,253.10,255.00,250.60,250.57,243.74,243.02,235.02,228.55,226.00,216.81,213.53,207.50,203.06,202.53,194.18,187.97,182.20,175.16,171.41,167.05,156.11,149.31,140.25,131.18,123.32,114.98,102.86
140.92,156.16,165.21,175.57,186.10,196.42,200.42,207.62,210.61,214.25,217.31,219.01,220.68,223.79,225.34,229.14,230.23,238.00,239.60,244.40,248.87,257.07,260.25,267.93,269.71,273.00,270.96,270.02,269.54,259.42,259.56,251.29,243.97,236.05,228.23,226.35,221.38,215.60,214.44,204.75,197.04,194.03,183.83,181.32,174.29,162.02,157.00,147.73,139.09,128.89,122.11,109.14
140.09,154.55,167.62,177.55,184.10,193.94,201.54,209.38,212.27,215.29,216.93,222.14,223.22,223.49,224.12,227.78,232.94,237.66,243.82,245.07,250.22,255.88,264.32,265.32,270.63,276.02,275.88,270.08,268.17,263.08,258.04,249.90,242.99,241.67,233.62,226.30,220.23,215.03,211.82,208.22,199.62,192.51,187.54,181.25,178.20,164.00,155.63,146.33,140.46,132.40,122.58,107.08
141.33,157.61,166.48,178.02,189.24,197.95,204.12,209.03,211.40,216.06,219.64,221.18,222.99,224.80,228.21,231.20,235.36,239.64,245.46,246.79,253.27,261.32,264.38,271.27,274.13,277.60,278.00,275.94,273.72,264.62,263.40,253.16,247.99,242.86,234.92,230.96,223.38,219.15,216.38,208.63,201.33,197.16,187.88,182.22,179.00,167.04,159.81,149.40,140.76,132.00,124.46,109.88
134.65,148.34,159.42,169.43,178.94,187.54,194.81,199.61,205.57,207.29,210.52,214.14,216.51,217.71,217.94,222.61,227.27,232.66,238.25,240.02,246.45,254.53,260.92,265.99,267.07,275.03,273.38,267.53,267.00,262.07,260.51,251.80,245.64,242.57,234.31,229.96,223.30,217.11,216.45,210.04,203.12,197.34,190.82,183.53,180.68,169.50,162.34,151.01,142.41,132.82,125.02,110.69
140.06,154.83,164.84,176.21,185.61,195.56,201.32,206.78,211.29,212.95,218.28,219.83,222.27,224.11,226.12,230.23,231.70,236.02,242.41,243.94,250.89,258.77,263.11,268.29,270.93,274.39,273.22,270.78,269.45,261.00,260.02,251.51,245.60,239.14,230.67,227.30,221.44,215.01,214.28,205.97,197.99,193.87,184.82,181.04,176.08,166.51,158.38,146.73,140.13,129.28,123.42,108.00
139.81,154.98,167.26,177.67,184.74,193.89,200.80,209.12,212.05,214.60,217.47,222.41,222.87,223.77,224.75,228.12,233.79,239.83,242.89,245.11,250.29,257.56,264.82,266.69,271.05,277.02,274.41,270.12,269.43,265.63,259.25,250.35,244.23,241.21,232.86,229.67,220.48,215.23,213.25,207.47,198.80,194.10,186.75,183.00,177.54,163.69,155.60,147.05,140.29,132.00,121.94,108.58
132.88,146.67,158.93,166.47,177.63,185.31,192.02,199.14,200.56,206.25,207.15,213.04,215.13,214.67,216.67,223.24,225.80,233.03,238.73,240.20,244.26,253.19,258.29,262.03,265.59,276.00,275.41,269.08,269.30,261.84,259.62,253.34,243.88,243.96,233.26,231.04,223.79,218.60,216.93,211.21,205.34,198.09,192.17,185.65,181.37,169.66,159.66,152.27,145.46,135.91,125.73,110.72
140.91,155.04,167.11,179.01,186.08,195.97,201.44,209.54,211.90,215.30,218.82,221.14,223.91,223.99,226.76,229.37,232.77,237.90,242.92,245.46,251.32,257.84,262.93,267.06,272.86,276.02,275.97,269.41,269.61,261.86,258.94,250.58,245.25,240.43,231.72,226.74,218.74,216.53,214.69,204.48,198.24,193.66,186.55,182.13,176.31,164.40,156.08,146.26,140.81,131.19,120.90,107.94
136.42,151.56,162.27,171.13,181.64,190.19,197.50,204.38,205.30,210.24,214.11,217.52,218.51,218.91,221.63,224.59,230.76,234.29,240.21,242.79,248.43,256.90,262.59,266.27,271.15,273.12,272.74,270.12,268.40,263.49,261.50,251.79,246.89,241.12,233.42,229.58,223.29,217.44,214.45,207.35,200.17,197.80,189.26,185.13,179.40,165.48,157.49,148.60,143.00,132.52,124.17,110.46
137.06,152.40,160.11,172.59,182.78,190.02,196.16,202.32,206.65,208.68,212.35,215.52,218.56,221.38,223.86,225.57,229.84,235.31,238.31,242.79,248.20,257.19,261.63,266.48,271.02,273.23,273.12,271.36,270.25,262.42,260.76,252.11,246.34,240.64,233.66,231.16,223.06,219.79,216.33,206.79,199.46,197.82,186.34,183.96,179.63,167.49,160.25,148.98,140.86,131.61,125.03,108.52
140.12,154.94,168.44,178.22,184.62,195.13,202.15,209.57,214.67,216.37,218.55,221.63,224.27,224.18,225.14,229.40,233.96,239.52,243.85,246.11,252.13,257.60,263.40,266.05,270.38,277.15,278.00,268.08,268.09,263.01,259.53,250.06,243.29,241.35,233.42,227.48,218.83,213.02,212.85,207.20,198.07,192.01,186.87,181.84,176.20,163.67,156.21,146.05,139.86,129.63,120.74,107.06
141.01,155.64,165.01,175.82,186.32,196.40,202.25,207.87,211.98,214.98,219.11,219.92,223.22,223.39,226.42,228.97,231.81,235.05,239.87,244.25,250.80,256.60,260.00,267.33,269.90,272.36,271.12,267.71,267.93,259.36,256.56,249.10,242.55,235.42,228.40,225.66,218.66,213.96,211.26,201.54,194.18,191.80,182.70,178.73,173.22,162.31,155.63,144.59,137.20,126.62,120.02,106.04
141.69,157.44,168.00,179.00,188.10,197.96,204.47,210.06,212.51,216.40,219.15,221.45,225.04,226.11,228.90,231.81,233.99,238.61,242.64,247.41,249.82,259.03,262.23,268.21,272.64,273.88,273.25,270.84,270.65,261.73,259.24,249.60,243.68,237.42,227.85,225.79,218.11,214.67,213.35,203.73,195.94,193.96,183.79,177.79,173.60,163.23,155.82,143.56,138.31,128.04,120.93,107.07
142.27,156.58,169.03,178.26,189.53,198.18,204.63,213.60,213.93,216.98,219.86,224.40,225.28,225.75,225.85,229.14,237.19,240.67,247.00,247.52,251.19,259.06,265.35,268.32,271.97,279.04,276.59,271.59,270.78,266.16,260.82,250.77,243.40,240.61,234.18,227.71,219.91,215.37,211.19,207.14,200.26,194.49,188.37,181.41,176.56,162.81,156.20,146.32,139.81,131.40,121.31,107.17
125.77,142.04,148.81,159.36,167.76,177.69,181.07,187.30,190.16,194.74,196.03,201.08,202.41,204.20,207.50,210.71,213.04,219.97,222.00,226.50,231.26,239.43,242.20,248.05,250.74,255.65,256.67,252.11,252.76,244.37,242.91,236.58,228.43,225.94,217.71,215.52,209.03,203.87,202.47,196.33,192.11,185.01,178.84,172.31,167.60,157.81,149.41,141.06,133.27,125.26,115.60,104.39
142.00,158.04,167.72,179.23,189.19,199.49,203.97,211.61,213.58,217.57,219.21,225.06,226.81,226.18,228.44,231.53,234.14,241.75,244.52,249.10,251.33,258.26,264.12,270.39,271.59,277.42,276.90,271.60,271.04,262.61,262.37,252.40,243.31,240.39,232.36,230.00,219.74,214.71,213.71,207.55,198.28,192.67,186.76,180.69,175.21,165.03,155.76,147.12,140.09,129.54,122.15,108.78
127.66,142.21,151.08,162.74,169.46,179.01,183.77,190.63,193.99,197.34,200.80,202.41,204.41,206.81,209.70,213.10,215.24,221.68,223.01,227.27,233.42,240.20,244.23,249.56,254.71,256.78,256.69,253.53,253.30,245.20,244.27,236.13,229.71,226.01,216.34,215.10,208.54,204.83,202.18,193.65,188.22,185.07,175.60,171.28,166.60,155.86,148.79,139.70,134.13,123.71,115.60,104.69
132.32,145.80,157.71,167.11,174.73,181.95,192.01,197.94,199.96,203.38,208.02,211.24,213.60,214.57,217.42,221.14,226.92,229.93,236.03,239.02,245.97,251.75,258.03,262.61,268.09,273.09,273.25,271.06,267.84,261.17,259.26,250.80,243.19,241.83,233.42,231.82,223.65,220.19,217.26,210.06,203.82,200.41,190.80,187.60,180.04,168.66,162.00,151.45,145.88,135.18,126.65,111.50
135.37,148.97,158.43,167.76,178.60,186.07,193.35,201.30,203.80,206.20,211.68,212.87,215.06,218.00,220.10,225.20,227.04,233.69,238.00,241.37,248.65,256.67,259.38,264.85,270.15,273.78,274.54,271.71,271.68,262.18,262.09,253.87,247.31,241.88,235.65,231.37,226.30,222.95,219.33,211.70,205.08,200.35,190.90,186.72,181.14,169.85,163.68,154.25,147.65,134.97,126.91,112.41
94.64,105.48,114.24,119.44,127.40,135.34,138.22,143.03,141.83,147.60,149.97,151.01,153.11,153.18,152.63,149.56,149.57,150.33,148.03,142.01,143.84,148.76,161.25,172.53,183.36,196.16,204.95,209.02,209.25,208.25,206.04,206.31,198.00,193.87,185.73,187.04,180.77,176.41,173.18,168.19,164.03,158.71,151.16,144.46,139.64,130.83,119.97,107.67,102.90,94.37,90.67,80.06
132.38,147.14,155.42,167.17,176.88,186.08,192.40,197.50,200.81,203.36,204.48,209.85,211.62,212.87,213.49,217.42,219.87,225.02,228.54,231.74,235.59,242.06,247.52,249.88,252.44,258.10,258.86,252.96,253.00,243.29,240.88,234.09,225.58,223.29,215.98,210.95,202.94,198.92,196.11,190.92,185.84,177.20,173.67,166.24,162.09,149.81,143.28,134.65,129.29,122.00,112.93,100.80
139.45,155.86,164.88,175.73,185.71,196.60,201.34,208.29,210.11,213.12,217.80,219.75,221.95,224.32,225.72,228.72,231.17,236.41,240.07,242.89,247.94,253.57,259.28,264.66,267.87,270.42,269.31,267.40,264.58,258.02,254.95,245.31,239.01,232.14,224.54,221.22,215.00,210.11,206.86,198.11,191.85,189.02,179.78,174.32,168.96,157.18,153.45,142.87,135.15,126.05,117.18,103.08
146.03,162.69,173.97,183.90,194.74,204.71,210.79,218.05,219.45,224.12,226.24,229.94,231.67,232.23,232.42,238.14,241.02,246.11,251.34,252.62,256.60,265.83,268.70,272.53,276.92,281.18,279.97,275.17,273.06,265.65,262.23,254.03,244.32,243.28,233.73,228.22,221.27,216.91,213.93,206.09,199.92,195.83,185.78,180.69,174.20,164.58,155.13,145.12,139.79,128.46,121.21,107.56
145.60,160.08,172.36,184.74,193.75,202.16,209.38,218.05,223.14,224.52,226.32,231.04,230.77,232.79,232.26,237.26,243.37,246.83,250.17,254.00,258.98,266.65,272.37,275.14,279.58,285.05,284.90,277.60,277.00,269.27,265.27,257.51,247.80,246.71,236.93,233.31,223.60,220.42,214.97,210.22,201.65,196.16,190.03,185.65,178.63,166.69,157.54,147.14,143.66,133.66,123.15,109.77
144.78,161.76,171.97,182.39,192.59,203.03,209.61,216.52,218.77,221.58,224.66,228.35,229.53,231.21,232.04,237.29,240.47,246.08,249.21,252.86,255.52,264.32,267.28,273.75,277.62,280.49,279.20,275.26,272.57,264.28,263.88,255.33,244.80,242.50,232.77,230.01,222.52,217.30,216.28,206.94,199.70,195.63,187.38,181.57,177.55,167.11,158.66,149.57,142.13,133.15,125.02,109.93
144.31,161.89,172.24,182.83,193.41,202.18,210.61,216.67,218.96,221.79,224.18,228.16,229.92,231.77,231.94,236.93,240.26,245.65,249.63,251.29,255.28,264.05,268.49,272.36,278.11,282.06,280.14,276.21,275.09,264.97,264.07,253.95,245.35,242.33,233.04,228.28,222.30,217.18,215.95,207.40,203.06,196.70,188.61,183.53,175.87,166.59,158.96,149.20,142.06,132.50,123.07,109.66
145.36,159.79,173.37,183.88,193.20,202.41,209.47,217.44,218.84,224.01,224.88,230.08,230.23,230.78,230.72,236.37,241.41,243.82,251.60,250.70,256.78,263.49,270.30,272.42,277.90,280.70,281.03,275.44,271.33,266.19,261.17,253.29,244.25,243.84,236.38,230.08,222.01,219.36,213.70,208.87,201.30,195.35,189.32,183.73,178.35,166.81,156.71,148.66,144.70,133.69,122.64,108.34
141.43,157.49,169.14,178.24,188.40,198.30,205.91,213.78,214.71,219.35,218.75,224.64,225.80,224.61,228.08,232.36,236.18,242.03,246.59,247.30,251.25,260.13,264.09,267.00,273.54,276.52,276.47,270.86,269.65,261.66,256.97,249.80,241.60,240.17,230.33,228.28,218.52,216.31,213.06,206.55,199.82,193.79,187.10,180.83,176.20,164.62,155.24,148.35,142.27,133.54,121.83,108.24
142.06,157.50,169.73,177.54,189.04,197.36,205.68,211.28,213.08,217.89,219.48,223.49,224.88,226.72,228.09,231.23,237.65,239.63,246.40,247.65,251.86,259.42,264.02,267.96,272.66,276.35,277.00,275.20,270.75,264.20,260.09,251.72,242.84,240.10,230.15,228.35,221.47,216.78,213.66,205.41,199.70,196.16,186.25,182.28,176.95,165.20,158.26,148.96,143.13,131.24,124.06,108.04
144.22,156.52,170.56,179.41,188.90,200.03,205.65,212.00,216.75,218.05,222.41,223.18,226.59,226.74,229.46,231.61,236.95,241.13,245.18,249.51,252.44,260.55,265.32,267.69,274.99,277.03,275.33,273.77,269.97,262.12,261.84,250.45,243.60,239.12,231.31,226.57,220.74,217.68,213.56,204.17,199.67,196.02,186.87,181.53,175.79,164.50,156.95,149.35,143.01,130.97,124.47,109.29
144.01,160.08,171.43,181.71,192.59,201.88,208.85,215.80,219.61,221.89,223.14,227.49,228.99,231.25,231.66,236.46,238.90,243.50,248.97,249.99,256.63,265.20,266.58,269.30,274.88,278.88,282.14,271.95,270.93,262.76,259.39,253.15,243.82,241.68,231.85,229.86,221.42,217.22,214.05,204.95,200.82,193.20,184.62,182.33,175.87,165.89,156.92,148.17,143.00,132.38,121.66,108.12
134.39,149.31,160.58,169.01,179.57,188.80,195.00,202.48,204.35,209.02,210.45,214.16,217.46,218.25,219.69,225.50,229.45,233.55,240.35,241.96,246.66,255.37,259.67,264.46,269.60,272.62,275.73,269.58,268.08,261.22,256.63,251.98,243.30,243.82,234.39,232.00,223.60,220.18,215.24,213.58,207.87,198.16,193.17,186.51,182.13,170.39,162.78,153.22,148.72,137.54,127.14,112.45
132.56,145.24,158.29,166.11,176.08,184.72,190.21,197.88,200.64,202.61,206.21,209.01,209.85,210.01,209.50,214.67,220.29,221.27,226.35,227.50,232.60,238.81,244.43,247.61,252.00,254.33,253.06,249.74,246.90,240.79,235.58,229.18,221.37,220.52,210.64,208.17,200.96,199.64,192.60,188.68,183.15,177.16,170.46,165.10,162.36,150.10,142.86,134.83,130.77,121.00,111.32,99.40
143.78,159.42,171.14,183.70,191.02,202.25,208.28,215.39,218.51,222.28,223.89,228.08,229.79,229.73,229.64,235.10,238.52,245.23,247.93,249.69,256.42,261.98,268.07,268.51,273.30,280.33,280.03,270.25,270.71,263.04,259.39,251.43,240.84,241.99,231.09,228.04,221.08,215.98,211.63,206.79,200.64,192.94,187.75,182.08,176.48,165.08,157.01,146.56,144.27,134.20,119.55,108.46
148.14,163.01,173.63,186.76,196.09,206.04,211.29,220.38,223.89,225.18,228.47,233.03,233.08,235.02,234.42,240.76,240.80,246.60,252.94,255.04,258.94,266.18,270.11,273.36,277.02,284.38,284.61,274.69,273.51,264.60,263.59,257.39,245.49,245.00,235.05,231.33,221.92,216.52,213.56,209.16,203.00,194.28,187.86,182.58,176.82,165.71,158.70,148.11,141.91,133.06,121.84,109.62
146.60,162.05,175.19,185.33,196.33,203.49,212.81,220.64,221.49,225.04,227.90,232.31,232.71,233.38,232.50,240.17,244.36,249.26,252.45,252.07,256.22,264.02,270.19,274.12,278.57,283.64,281.60,276.44,272.84,267.49,263.83,255.99,242.54,245.08,233.94,230.67,222.38,219.94,213.59,209.01,201.93,196.06,188.10,184.27,179.01,165.85,158.93,147.92,145.21,135.06,124.20,108.07
127.12,138.45,149.77,159.88,168.32,176.20,182.43,190.07,191.16,193.94,198.98,200.88,203.35,201.56,203.96,211.10,214.22,217.85,225.25,227.73,230.46,238.82,242.84,248.20,253.49,254.02,254.59,252.56,250.80,243.82,239.30,236.32,225.61,226.45,218.05,218.11,210.15,209.31,202.85,200.77,195.90,188.86,182.01,177.79,171.28,163.40,153.77,146.66,140.91,130.74,119.85,107.54
135.42,149.72,158.81,170.84,181.04,190.12,194.37,202.65,202.25,206.40,210.32,212.29,213.46,214.39,216.75,220.93,222.25,225.14,232.69,234.67,238.30,247.30,247.98,252.87,258.54,261.60,259.90,255.36,254.71,244.47,242.14,236.33,226.30,225.00,215.62,213.89,208.74,205.80,200.52,192.84,187.54,184.02,175.32,171.90,164.84,158.32,149.64,140.94,136.24,125.00,117.05,104.24
146.16,163.00,170.84,184.04,195.39,204.55,211.25,218.08,220.48,222.93,226.50,229.16,232.08,231.21,232.31,239.57,240.41,243.68,247.68,252.05,257.34,264.09,267.37,271.01,275.29,279.02,279.18,273.06,272.64,261.27,260.02,254.53,243.01,240.85,230.97,229.94,221.33,219.92,213.24,205.91,201.32,195.82,187.68,182.33,177.78,166.74,159.93,149.62,142.61,132.50,122.69,112.54
128.58,144.01,151.61,162.79,172.01,181.80,187.98,193.04,194.36,197.20,203.25,203.65,208.02,207.33,211.18,214.18,219.01,220.74,228.09,229.96,234.55,242.99,246.10,253.45,256.77,258.26,257.56,255.55,253.44,247.62,245.46,239.11,229.80,229.22,220.74,218.25,212.71,209.01,205.83,200.26,195.02,190.67,183.83,176.95,172.26,162.27,157.00,147.73,140.47,130.48,121.59,109.66
146.09,161.48,171.48,183.39,194.18,203.74,210.06,218.55,218.24,222.99,223.77,229.14,230.87,229.83,230.53,238.60,239.35,243.46,248.79,250.19,256.24,263.15,266.45,271.01,274.87,280.46,280.00,272.15,271.02,262.32,258.49,253.31,242.29,243.74,231.10,229.54,222.09,216.10,213.53,208.00,203.07,194.73,190.16,183.10,177.72,168.51,160.37,151.08,144.84,135.60,125.20,112.75
136.50,150.60,161.53,172.42,180.28,191.11,197.23,203.57,206.23,207.74,211.52,213.14,215.14,214.98,216.91,220.48,224.41,225.89,233.35,233.02,239.57,245.58,249.78,254.03,258.29,260.11,260.21,256.40,253.05,244.99,240.84,237.26,227.34,225.98,218.00,213.10,208.03,203.27,198.01,192.01,187.43,183.33,174.61,171.05,165.80,155.97,149.49,140.36,135.59,127.32,114.86,104.92
142.79,156.60,166.90,178.73,190.32,199.46,202.47,211.00,213.25,217.04,221.78,223.09,223.91,224.54,226.34,232.17,234.56,236.32,241.37,244.00,249.76,256.83,259.86,264.70,268.56,271.64,271.94,266.25,263.22,255.98,252.56,247.14,235.67,235.93,226.38,223.71,216.75,210.43,206.89,200.49,198.04,191.82,184.44,178.35,173.10,163.98,157.38,147.46,140.23,131.73,120.80,109.27
142.84,158.15,170.70,180.94,189.01,197.91,205.54,213.01,217.34,218.23,222.51,223.62,226.64,224.96,226.00,232.14,234.75,237.59,243.95,243.02,250.72,256.22,261.44,264.88,269.63,271.45,268.88,266.63,263.43,254.95,253.44,248.31,235.75,235.94,227.00,223.65,216.61,212.93,206.83,202.09,196.73,190.18,182.45,180.42,173.69,163.42,154.83,147.08,140.89,132.38,120.22,107.62
137.28,149.46,160.03,171.97,180.69,189.17,194.10,202.16,202.94,204.56,208.00,213.56,217.37,212.98,216.12,220.79,222.25,227.04,231.98,234.13,237.97,244.29,248.56,253.67,256.38,260.76,260.46,253.87,253.22,245.02,241.76,238.61,226.29,226.92,219.21,215.04,207.80,202.09,200.64,196.73,192.26,183.85,179.01,173.51,167.43,158.38,150.28,142.06,135.00,127.47,117.07,105.34
140.90,155.04,163.57,174.60,185.22,194.49,201.20,206.04,209.40,209.90,214.48,216.75,219.87,218.76,221.35,227.41,229.00,229.00,236.54,237.90,242.51,250.00,255.10,259.34,263.94,263.23,263.80,261.09,255.89,247.97,244.68,242.16,230.00,228.04,221.06,217.79,211.74,205.43,202.00,196.22,191.94,187.49,177.02,173.69,168.67,159.70,153.84,143.00,136.70,127.39,119.82,106.25
138.77,154.33,160.45,172.63,183.25,192.63,199.30,207.18,206.79,208.81,213.40,213.43,217.12,218.63,219.58,223.18,226.88,228.24,234.02,235.85,240.52,248.16,250.00,255.77,261.46,262.68,260.40,257.19,255.41,245.80,245.69,240.30,227.27,227.67,218.84,216.93,210.54,202.60,199.92,196.16,190.82,184.38,177.48,173.95,167.16,159.93,150.88,143.54,134.81,127.01,118.80,106.10
137.23,154.86,163.37,174.29,183.52,192.85,199.25,207.09,206.90,209.77,213.18,215.11,217.71,216.92,218.63,224.14,226.91,229.87,235.37,236.14,239.14,247.69,250.74,255.55,260.93,262.91,259.61,257.24,253.43,246.43,245.18,238.20,227.30,227.30,218.79,217.06,210.06,204.07,200.39,196.09,192.42,183.98,176.26,174.24,166.74,159.00,151.17,142.13,134.39,127.48,116.00,105.70
