125.00,141.79,154.26,166.21,177.26,191.05,200.41,214.89,220.44,225.57,231.35,238.95,242.23,244.07,248.13,253.39,255.16,261.56,264.39,265.69,268.27,271.09,273.54,277.68,277.72,278.12,272.36,265.32,261.17,254.39,250.86,240.42,233.33,230.71,224.54,219.57,215.97,209.06,205.30,203.22,197.68,191.16,186.01,180.07,176.21,164.47,156.98,147.05,136.62,125.00,111.49,99.85
127.77,145.84,158.03,170.04,181.11,195.00,204.61,218.89,224.89,231.31,238.20,243.17,247.41,251.32,252.04,258.85,260.89,265.75,267.66,270.71,274.03,276.93,279.52,282.45,282.20,282.85,277.42,271.69,266.26,258.94,255.55,246.45,238.20,236.18,229.38,225.26,219.15,213.46,210.24,205.77,201.59,193.46,188.22,181.02,177.41,168.22,159.10,148.22,141.03,129.45,117.99,104.31
126.40,143.18,154.55,167.63,176.87,191.93,201.30,214.74,220.59,227.69,231.51,239.43,242.33,243.26,248.24,254.12,256.60,262.41,267.07,265.68,268.11,272.95,276.21,276.74,277.35,279.12,275.26,264.75,262.41,256.84,250.32,239.60,233.45,232.13,227.61,222.69,213.84,209.83,205.94,203.89,201.26,191.11,187.75,181.02,176.78,163.53,154.64,144.92,137.59,125.48,112.25,99.86
129.03,145.25,158.29,171.40,181.46,193.84,203.59,218.69,223.89,231.68,236.70,242.54,246.74,247.13,249.04,257.11,258.40,264.68,269.03,268.17,272.03,273.54,279.00,278.92,279.61,282.62,278.02,268.17,263.43,259.24,253.36,244.03,236.21,236.04,230.23,224.57,216.79,212.43,209.02,205.83,201.25,191.56,188.50,182.46,178.28,164.88,158.43,147.87,138.92,129.80,115.35,103.08
124.42,141.82,151.65,165.10,176.01,190.14,199.92,214.41,217.20,224.38,231.39,236.48,239.93,242.53,243.71,251.03,254.87,263.15,264.44,264.11,265.28,269.70,272.36,275.09,275.31,273.66,271.71,265.85,261.22,254.57,251.08,238.41,232.60,229.87,223.09,217.95,214.29,210.11,206.17,202.71,198.40,191.84,185.01,179.00,174.41,161.61,155.90,145.73,135.56,123.33,112.33,100.65
124.08,139.56,152.21,165.08,174.92,188.82,199.46,210.20,217.11,225.40,230.33,236.75,241.51,241.87,242.94,252.01,253.55,260.65,263.50,263.84,266.37,268.87,272.80,272.62,275.44,274.12,271.53,261.96,260.39,255.04,247.74,237.29,230.79,228.84,223.61,217.88,214.31,207.53,203.42,200.66,197.40,189.38,185.05,177.03,173.46,161.90,156.46,144.84,135.79,124.42,112.01,97.42
123.07,140.94,153.00,165.50,174.64,187.45,199.47,211.01,217.15,224.51,230.23,237.17,239.41,243.31,245.05,251.25,252.05,258.87,263.01,263.18,265.82,270.27,272.59,275.75,275.18,277.08,270.30,262.97,260.40,252.10,249.10,240.13,229.96,228.04,221.92,217.45,214.67,206.66,203.82,198.71,195.13,189.07,184.36,177.99,174.04,161.64,156.46,144.03,135.06,122.77,111.29,98.23
126.25,143.22,157.28,168.43,179.11,190.59,201.56,216.75,222.14,231.02,233.00,241.70,245.59,247.11,246.89,255.38,258.63,263.47,267.09,266.08,269.74,272.81,277.31,277.79,277.50,279.11,277.32,267.43,261.92,257.80,251.21,242.42,235.42,233.11,228.97,223.52,215.11,208.49,205.18,204.71,198.60,190.91,186.04,178.55,175.87,163.71,156.82,146.56,139.46,129.29,116.02,100.65
129.47,144.45,157.70,170.49,181.71,193.61,205.29,217.37,223.78,232.95,236.78,244.24,248.03,248.09,251.91,257.39,261.17,265.50,271.44,268.38,272.26,276.45,280.40,280.51,283.13,283.11,279.23,271.60,267.10,261.54,252.51,244.75,237.19,233.85,227.40,226.02,217.72,213.91,207.71,205.34,201.25,192.35,186.49,181.76,176.66,164.75,158.47,148.84,140.52,129.76,118.73,104.10
129.71,146.44,157.29,170.84,181.03,196.54,207.09,220.01,225.79,233.65,235.77,246.72,249.51,251.62,254.68,260.02,263.17,268.90,272.33,272.72,274.42,278.22,283.62,282.78,284.18,285.96,281.39,272.64,269.43,264.22,257.53,248.86,237.90,235.73,229.97,225.84,220.69,212.95,209.16,207.17,201.94,194.20,187.93,181.47,178.47,165.28,160.25,148.48,142.27,130.05,117.72,105.42
122.33,138.70,150.14,160.95,171.17,183.86,193.60,205.65,214.11,221.21,224.54,231.08,235.72,235.48,238.95,244.93,247.58,253.95,257.42,257.11,259.24,262.55,266.54,267.32,268.48,269.32,266.48,257.10,253.51,247.52,242.25,232.76,225.20,223.57,216.02,214.11,206.40,202.85,197.70,195.02,191.04,183.22,179.05,171.61,169.17,156.34,149.72,141.15,134.11,124.04,110.89,99.37
119.62,136.47,148.00,161.05,169.94,182.12,193.30,204.38,210.66,219.28,224.56,230.59,234.75,235.83,238.47,244.25,243.61,250.45,254.67,254.59,256.40,263.37,265.65,265.21,267.06,266.18,263.94,254.75,252.05,243.77,238.53,231.91,223.14,222.20,214.58,212.47,206.52,199.06,195.17,191.61,187.80,179.96,174.63,167.00,163.05,154.29,147.34,138.58,130.12,119.97,110.03,97.35
120.34,135.35,147.25,161.01,170.06,184.33,193.04,205.23,211.06,218.22,224.24,228.21,234.65,237.14,238.60,245.46,245.98,250.87,254.64,255.89,257.86,263.94,265.45,266.49,268.34,265.91,261.23,255.33,252.52,243.94,240.10,234.29,223.43,221.14,216.61,211.28,207.29,201.32,197.43,191.05,187.11,182.21,175.32,167.62,164.40,154.32,149.58,139.53,132.03,121.46,111.52,98.72
126.29,143.81,156.85,170.39,178.03,192.17,203.04,216.78,223.44,232.70,236.04,243.52,248.24,249.01,251.88,258.99,259.94,269.01,269.56,271.58,272.25,277.09,280.26,280.85,282.66,286.15,279.63,268.76,266.43,259.76,253.87,245.74,235.31,235.77,229.21,224.20,216.91,211.01,208.39,204.63,201.38,190.52,189.45,180.16,176.66,161.20,155.33,145.79,138.71,130.51,115.52,102.11
123.07,139.59,152.61,163.71,174.60,186.68,196.46,212.36,217.37,224.56,228.97,237.08,241.70,241.99,243.37,250.83,252.52,258.75,261.62,262.77,265.65,269.26,272.74,271.49,273.10,275.12,271.41,260.56,258.65,252.62,247.68,238.17,230.36,228.48,223.09,218.19,210.92,203.49,201.69,197.29,196.54,184.44,182.22,175.73,172.03,160.18,152.74,142.34,135.10,123.49,112.06,99.76
119.85,134.62,145.99,158.03,167.63,182.58,190.59,203.74,209.12,216.45,223.49,226.88,231.69,234.78,237.03,243.61,242.55,250.74,252.20,253.65,255.70,258.91,261.59,262.88,263.70,265.36,259.24,251.24,248.94,241.81,239.08,229.20,222.80,217.81,211.21,207.54,204.40,197.00,194.51,188.66,184.17,178.19,173.00,164.71,161.64,152.05,148.48,137.03,128.43,116.47,108.78,97.65
128.32,145.21,159.02,171.17,181.21,193.58,205.70,219.92,226.29,234.68,240.47,247.31,250.98,251.29,253.16,261.01,264.02,269.82,274.61,273.12,277.22,278.20,284.02,282.71,284.94,287.77,283.01,269.90,268.37,261.64,255.81,247.49,238.55,237.26,230.85,226.37,218.58,211.01,208.29,206.40,200.10,190.52,187.61,179.94,176.03,163.34,157.66,146.22,140.06,130.43,117.24,104.40
128.16,144.68,158.14,170.80,181.62,194.99,205.73,219.33,225.81,232.22,239.84,245.28,249.47,253.65,255.03,261.54,262.42,267.37,271.45,273.22,277.08,280.13,283.11,282.57,286.90,284.25,280.37,274.73,268.54,261.73,258.28,248.71,239.01,235.55,229.53,224.74,222.62,214.37,209.78,202.97,198.09,194.49,185.54,178.88,176.08,164.76,159.00,149.63,139.28,128.08,117.65,105.22
125.99,141.44,154.01,166.01,178.93,191.93,200.49,214.41,221.40,227.40,234.14,240.17,244.29,246.66,248.60,256.50,258.31,263.79,264.97,268.34,270.80,274.80,278.00,279.30,279.61,278.41,274.61,267.51,262.95,255.43,253.18,242.06,234.48,229.44,224.21,218.82,213.85,208.37,204.71,198.04,194.18,190.21,181.47,174.00,168.67,158.75,155.72,145.00,136.06,123.00,114.20,103.59
116.00,132.62,143.54,156.78,166.24,178.73,186.60,200.28,204.02,211.62,218.60,222.27,226.11,231.02,232.56,240.19,238.80,246.79,246.98,250.46,253.21,254.02,255.64,259.37,261.45,260.11,256.89,249.20,247.34,237.62,236.22,227.09,218.56,212.73,208.34,203.90,199.30,194.03,190.29,186.02,182.24,174.05,167.92,162.27,157.95,148.12,143.21,133.22,126.15,115.92,107.00,94.83
126.57,145.43,158.62,168.19,181.14,193.15,204.71,218.05,224.15,231.90,239.12,245.28,246.55,250.20,253.88,259.85,262.07,268.43,271.13,274.13,274.80,278.22,280.57,284.02,283.60,284.68,279.16,272.68,269.74,260.32,257.26,248.41,236.93,234.96,229.07,223.89,217.42,210.95,206.89,202.41,197.99,191.41,183.93,175.87,173.42,162.20,154.02,144.84,137.28,127.28,115.87,103.04
126.27,144.53,156.95,170.34,180.85,193.60,204.06,219.67,226.81,233.33,240.28,245.12,250.91,253.27,254.34,261.23,261.05,269.00,270.45,275.14,277.35,280.46,283.68,284.04,286.30,286.53,281.58,273.25,269.41,260.52,258.05,249.51,239.83,235.47,229.53,223.99,218.74,213.02,208.04,201.38,198.37,192.00,185.00,176.82,173.07,163.31,156.17,146.37,139.09,125.00,115.83,103.71
124.15,141.74,154.01,166.03,177.10,189.50,201.31,215.71,221.06,227.48,233.31,241.01,243.48,247.42,249.58,255.89,259.09,265.63,269.47,267.75,271.01,275.47,280.48,281.22,280.06,283.30,278.00,270.18,265.86,259.28,252.68,244.13,234.00,232.24,227.37,221.82,215.26,208.20,203.97,200.36,196.51,187.00,181.95,173.22,172.35,160.96,153.47,143.27,134.37,126.21,113.18,100.32
126.83,142.76,156.06,168.87,180.88,190.98,202.95,217.70,222.65,231.01,238.21,245.42,247.01,251.88,250.64,259.38,261.82,267.55,271.02,271.01,273.72,276.52,282.29,283.64,282.51,286.51,278.87,270.22,266.49,261.73,255.39,246.02,237.01,234.62,230.49,223.30,214.97,209.90,205.14,202.99,198.15,188.50,185.40,175.35,173.74,159.96,153.39,144.68,136.68,125.88,114.95,102.08
126.18,143.27,157.09,168.59,180.06,192.11,203.19,218.25,223.89,233.85,237.55,245.17,248.62,250.12,251.14,259.70,262.84,268.27,272.16,271.06,274.05,276.70,283.57,283.80,284.54,286.16,281.60,270.07,268.15,261.77,257.10,245.64,236.43,236.08,228.18,224.09,216.33,209.66,205.16,205.43,200.83,189.64,185.17,178.90,172.63,160.53,153.94,143.42,136.68,128.23,115.41,103.31
124.17,141.16,154.26,164.84,175.41,188.13,199.92,212.76,218.89,227.18,233.57,237.90,244.18,245.59,247.89,253.57,255.88,263.07,269.26,266.95,269.98,275.88,277.85,277.97,278.96,279.58,275.07,268.83,262.57,257.42,251.00,243.13,234.91,231.69,224.90,219.67,214.95,208.06,204.41,201.65,196.06,189.42,182.80,173.68,170.88,160.26,154.31,144.45,135.53,125.23,114.77,102.16
125.10,142.20,151.00,167.89,177.10,190.68,201.04,215.08,221.63,226.35,235.27,241.68,243.02,247.49,249.04,256.81,257.38,264.02,265.19,267.20,269.47,273.15,274.36,279.09,280.91,281.49,275.07,267.25,264.36,254.57,252.69,244.07,232.28,229.93,222.18,219.24,214.61,208.89,204.62,196.16,192.07,187.32,179.63,174.73,170.43,158.48,150.96,144.13,132.40,124.62,112.41,100.24
122.07,138.42,151.48,162.86,174.83,187.88,197.31,209.75,216.09,221.94,231.48,235.82,240.98,243.52,246.00,252.72,251.21,258.63,261.08,263.90,266.25,269.85,271.31,273.65,275.41,275.41,270.25,264.37,261.63,251.81,247.17,238.17,230.80,225.84,220.74,216.09,209.31,204.92,200.36,193.85,190.54,183.34,177.50,170.26,166.82,157.28,152.12,140.86,132.40,122.41,112.61,99.48
124.85,141.03,151.48,165.39,177.23,189.62,199.81,213.21,219.40,227.74,234.13,239.73,243.95,246.91,248.58,255.44,257.47,263.93,265.98,268.00,271.90,275.43,276.74,280.40,280.45,279.31,274.51,269.49,264.46,256.85,251.87,244.17,232.20,228.27,221.71,218.67,216.02,210.11,205.23,198.16,193.22,189.91,179.41,172.54,169.37,158.52,152.74,143.57,134.35,124.60,115.26,102.90
122.20,136.89,149.82,160.43,174.03,184.39,196.33,209.30,215.47,222.95,230.12,234.44,237.95,241.61,242.54,249.10,251.03,256.82,259.49,260.77,262.83,267.09,271.46,273.01,274.71,273.22,269.43,263.35,258.85,251.85,247.52,237.21,229.31,226.29,219.44,214.77,209.75,204.36,199.42,193.04,190.68,183.90,175.21,169.92,166.48,155.16,151.11,141.82,131.59,123.17,111.20,98.99
123.07,141.36,153.15,166.69,177.14,190.16,198.85,213.27,221.46,228.47,232.95,239.12,242.83,246.98,249.36,256.63,256.85,262.76,267.28,267.03,270.23,275.05,277.48,277.66,280.71,280.47,276.05,268.06,263.69,256.31,252.96,242.79,233.31,231.19,226.27,221.29,215.54,207.80,205.27,197.25,196.09,187.97,180.71,172.97,169.78,159.76,154.15,143.18,135.43,125.71,115.07,101.98
124.34,141.87,154.95,167.51,178.60,193.05,203.06,215.20,221.42,230.72,236.62,242.67,246.66,249.36,253.81,259.22,260.20,267.51,271.39,270.93,272.80,279.49,280.86,281.44,284.06,284.79,278.74,270.56,268.57,259.56,254.04,244.01,236.17,233.85,226.80,221.39,217.50,209.91,206.53,203.93,197.22,188.09,183.17,174.56,170.79,159.85,153.22,142.86,136.21,125.71,115.21,102.16
122.49,142.94,152.75,166.21,177.39,189.08,199.32,213.12,219.67,224.56,229.61,236.19,241.05,244.46,245.72,253.16,255.33,261.31,263.74,266.07,268.79,273.00,275.23,275.14,279.27,278.20,272.95,267.31,263.19,256.46,251.34,241.30,233.01,228.36,222.18,217.25,214.45,206.20,203.30,194.98,192.43,187.88,180.00,172.66,169.14,158.86,153.76,143.95,134.24,124.15,113.05,100.77
123.04,138.58,150.01,164.77,175.00,186.82,198.49,210.09,217.27,226.05,231.17,239.60,241.81,241.18,245.45,251.59,255.93,261.32,266.27,264.62,269.07,271.53,279.33,276.59,279.30,281.51,275.12,266.63,262.39,256.90,250.45,240.87,232.31,230.99,224.96,220.43,212.01,204.98,201.91,198.98,193.87,186.27,181.46,171.97,170.21,157.08,150.88,142.13,124.72,100.02,90.09,99.16
124.08,138.60,153.03,164.78,175.60,186.14,196.80,212.94,215.93,226.35,230.59,239.27,242.55,244.10,245.08,252.72,255.78,262.99,266.18,265.28,269.40,270.66,275.39,275.98,275.70,279.59,274.36,266.60,263.43,256.42,250.12,241.15,230.42,231.22,225.79,221.11,211.46,206.16,202.31,200.04,195.62,185.98,181.60,171.69,169.45,156.63,151.57,144.01,133.15,123.75,113.30,99.13
123.00,139.20,150.81,164.81,176.18,186.46,198.73,210.49,219.87,226.42,233.67,237.36,241.10,244.92,247.42,253.82,254.89,260.00,264.05,264.82,268.21,272.05,275.47,276.02,278.74,277.88,273.76,265.50,261.85,255.63,248.58,241.78,232.38,229.86,223.76,219.58,214.26,207.10,203.09,197.44,193.34,186.82,179.72,172.74,168.61,158.15,154.32,143.13,136.82,123.45,114.24,100.77
124.53,140.91,152.35,165.21,175.97,188.66,199.27,212.90,218.69,225.87,233.19,237.19,241.21,245.54,247.93,254.01,255.36,263.05,264.89,265.75,268.15,273.47,276.99,277.22,279.65,278.79,274.05,268.96,262.05,257.41,253.81,242.62,234.05,230.93,224.47,219.40,215.71,208.02,203.35,197.25,193.89,188.45,180.11,174.43,170.48,158.11,153.57,144.26,134.46,125.06,115.49,102.65
121.76,139.43,152.50,164.35,173.46,186.07,198.60,211.07,218.00,225.22,230.59,238.65,242.69,243.52,244.02,253.00,253.89,261.02,264.77,266.54,266.51,272.72,275.68,275.23,276.74,279.97,276.00,264.76,262.61,254.24,250.14,241.68,232.42,230.63,226.37,221.43,211.98,205.62,202.23,200.39,196.10,185.15,180.68,173.28,170.29,157.01,151.00,142.17,135.42,126.40,112.00,100.44
123.49,140.43,149.22,162.27,175.86,187.27,197.62,211.85,215.75,223.64,230.41,235.65,238.65,242.43,246.08,251.62,254.03,257.16,261.98,264.27,266.02,270.63,273.22,275.03,277.48,276.80,270.93,266.68,260.99,254.68,252.21,241.25,232.82,227.38,222.87,218.82,214.24,208.28,203.06,198.49,192.94,186.27,179.63,173.00,168.66,158.32,154.24,145.09,135.71,123.98,115.26,103.37
121.46,139.13,149.05,163.72,175.07,187.45,197.68,211.37,214.39,224.59,230.08,236.03,240.52,241.81,242.94,250.14,254.49,260.00,263.87,261.22,265.05,270.90,274.87,273.79,276.80,275.98,273.23,262.94,262.05,256.09,250.06,239.42,231.42,230.18,222.32,218.20,212.72,205.88,202.18,198.96,193.87,187.42,181.54,174.18,170.47,157.05,153.21,142.79,135.64,126.14,114.56,102.88
120.31,137.30,149.08,160.16,171.43,183.86,194.01,207.28,213.24,222.58,227.02,233.33,238.25,238.53,240.67,247.10,250.17,254.83,260.03,258.80,261.18,268.07,270.82,271.09,272.37,273.88,269.03,262.01,254.69,252.54,245.07,236.60,229.54,228.98,222.32,216.69,211.25,201.84,198.66,196.90,192.26,184.05,178.36,170.42,169.25,157.21,148.95,140.09,134.18,123.98,111.52,100.12
120.27,137.67,149.40,163.05,174.00,187.42,196.84,208.87,216.12,222.38,231.04,235.55,240.20,242.89,242.57,251.07,251.01,258.12,260.89,262.51,265.91,268.60,271.95,273.54,275.39,275.05,271.67,264.33,261.34,253.88,249.02,241.07,232.13,229.03,223.61,217.11,212.49,205.24,203.20,197.37,192.59,186.82,180.54,171.99,169.53,158.22,150.88,142.56,135.07,124.62,115.11,101.79
121.76,140.29,151.92,164.15,175.90,187.67,197.91,210.80,216.21,224.72,231.10,234.18,240.16,242.84,244.63,253.71,254.14,259.86,262.62,265.09,265.84,269.81,272.01,275.44,277.20,278.48,273.47,266.85,262.27,256.40,252.41,240.56,234.08,230.08,225.72,217.34,214.48,208.66,204.80,198.91,194.99,189.53,180.69,173.05,169.73,159.73,155.00,144.18,136.24,126.38,116.93,103.59
121.02,137.67,150.03,163.11,173.10,184.95,195.80,209.12,213.74,222.08,228.36,235.80,239.08,239.97,242.35,248.49,251.75,259.31,259.89,260.62,266.01,268.88,273.89,272.95,275.54,277.94,274.99,261.63,261.37,254.57,250.87,240.47,232.17,231.60,224.90,220.27,213.38,206.71,203.59,199.27,197.10,188.37,184.40,175.41,171.94,158.38,153.57,142.71,136.46,127.09,115.28,102.42
120.51,136.18,147.28,161.01,171.41,184.23,193.81,207.24,214.31,221.92,227.25,233.98,235.79,237.93,240.43,245.59,249.73,254.01,256.73,258.82,262.62,266.18,271.12,270.90,272.95,274.24,269.44,262.68,257.39,252.24,247.15,238.40,230.63,228.37,222.25,217.04,211.63,203.30,200.56,195.78,192.42,186.49,180.01,173.17,168.00,158.15,154.02,143.06,133.30,124.06,115.39,101.83
121.43,137.71,151.18,162.48,171.41,184.00,195.23,207.55,215.86,221.90,228.78,235.08,236.70,239.38,240.35,248.96,250.23,255.45,259.09,259.01,263.55,266.45,272.83,269.74,271.88,274.91,272.53,261.73,260.28,252.83,246.11,238.37,230.82,229.42,224.15,216.91,210.30,203.21,200.96,198.98,194.34,185.69,181.04,174.26,171.68,155.56,152.46,142.00,134.62,125.72,113.07,101.55
120.42,138.71,148.27,161.60,173.14,184.02,195.58,207.10,213.94,220.15,226.63,231.35,235.51,239.41,242.39,249.01,249.47,255.83,256.05,259.20,261.96,265.11,269.90,271.83,274.19,271.56,267.92,262.19,259.46,252.74,249.11,239.28,229.90,227.80,221.23,217.27,213.02,204.98,202.41,196.12,193.40,187.13,181.08,172.25,169.53,159.35,153.45,144.92,135.34,124.72,114.63,102.53
127.48,143.67,156.46,168.68,180.28,193.35,204.83,219.27,223.47,235.19,238.37,245.37,248.77,250.60,253.06,259.60,263.44,269.12,272.42,271.31,275.50,280.25,284.93,284.89,285.00,288.21,284.59,275.57,271.46,268.88,260.00,251.54,241.92,241.60,235.99,229.33,221.73,216.17,212.23,210.07,205.77,194.61,192.00,183.70,180.92,166.05,160.11,150.81,143.13,133.09,121.46,107.52
128.14,145.41,156.28,169.58,181.47,195.00,206.09,218.01,223.40,231.81,237.59,243.24,245.59,250.67,254.57,259.05,262.03,268.31,270.56,271.66,273.70,278.37,280.79,284.61,287.01,285.85,280.37,276.45,271.75,264.82,261.17,251.75,242.55,238.08,232.16,228.86,222.91,217.71,213.04,206.32,204.17,196.76,187.13,182.10,178.04,168.00,162.02,152.32,144.25,133.41,120.30,108.93
118.60,137.06,146.78,161.34,171.19,182.39,193.75,205.53,212.19,219.48,225.14,230.67,232.05,239.04,239.30,246.00,248.52,251.45,256.91,255.69,263.75,268.04,269.85,266.90,268.60,270.84,266.92,259.38,255.03,246.98,247.41,237.14,224.66,225.14,222.32,216.38,209.62,206.16,200.89,195.69,192.09,185.13,178.64,172.10,168.24,158.27,152.12,142.76,133.45,124.58,112.87,100.44
127.61,144.64,155.54,169.58,182.48,194.18,205.01,217.49,223.81,230.20,239.07,242.13,246.20,249.56,252.44,257.99,261.47,267.07,269.82,270.20,274.59,278.33,282.51,284.92,287.90,286.04,280.79,276.52,272.05,265.22,262.20,251.80,242.49,238.37,234.29,227.92,225.08,215.06,212.82,207.85,204.20,196.87,189.07,182.43,178.10,168.88,162.31,152.12,144.42,132.82,121.59,107.54
122.02,138.80,152.03,163.88,173.14,184.76,194.61,208.73,214.00,223.26,228.43,235.80,238.47,238.30,240.11,247.48,250.57,254.09,257.39,258.80,265.58,265.32,271.65,272.22,273.25,275.63,270.84,261.38,258.07,253.31,247.07,238.40,232.80,230.31,226.99,219.18,212.08,206.05,202.14,200.82,195.88,185.83,182.99,175.28,172.10,158.15,152.12,143.09,137.24,125.57,114.06,102.63
120.35,138.74,149.00,161.30,171.76,182.20,194.16,207.06,214.00,221.11,225.14,232.56,236.60,237.99,238.38,244.88,249.44,253.40,256.33,257.44,259.53,263.40,269.45,269.33,271.06,273.27,270.43,260.20,256.44,251.86,246.42,238.77,229.38,230.02,224.15,216.93,211.15,202.55,200.57,198.12,194.20,184.29,181.62,173.01,170.18,156.85,150.88,143.01,139.54,125.94,113.28,100.72
127.40,145.11,156.24,167.76,182.46,195.11,208.39,220.10,225.52,233.85,240.07,246.13,249.33,252.20,255.49,259.88,266.11,270.96,271.77,273.18,275.31,280.03,284.25,287.47,287.95,287.57,283.24,277.60,273.12,266.27,263.55,253.05,243.88,240.21,234.72,229.64,225.08,217.50,214.06,208.32,203.69,199.46,190.43,182.00,178.10,169.00,162.27,153.56,142.14,133.76,122.81,106.21
109.18,126.48,138.97,146.81,158.52,170.41,179.39,188.66,195.17,200.60,207.76,212.08,213.95,218.34,220.41,226.51,229.24,233.91,235.60,237.40,241.21,244.35,248.60,249.24,251.07,248.96,247.48,240.52,237.39,232.65,228.04,220.47,213.88,209.40,204.71,199.15,196.86,191.00,187.11,182.00,179.04,174.18,166.18,161.06,158.05,149.20,143.62,134.63,125.72,115.76,105.00,90.82
121.24,138.08,150.03,161.55,173.18,184.29,196.21,208.66,214.46,221.65,226.77,233.63,237.69,238.38,240.41,246.53,250.14,255.48,259.02,258.94,261.38,265.41,270.93,270.99,271.71,274.61,268.48,261.96,259.08,254.19,248.49,238.32,230.87,229.51,222.01,217.10,211.70,205.01,203.09,199.01,195.89,186.27,181.18,173.44,171.62,158.04,154.35,143.38,137.52,128.16,114.59,101.53
120.35,137.30,149.77,162.39,172.29,185.22,197.09,208.04,214.73,222.27,228.54,232.83,237.76,240.69,240.47,248.89,248.85,255.13,257.50,260.86,261.74,268.17,271.02,271.31,273.03,274.20,269.07,262.01,258.13,252.99,247.59,238.93,230.89,228.85,221.12,217.96,213.04,204.19,202.42,198.08,194.61,186.95,180.71,172.54,170.67,158.45,155.17,143.39,135.67,125.45,115.43,101.32
120.92,138.93,150.03,162.05,173.25,184.89,198.36,209.15,212.61,221.38,227.04,232.11,236.02,238.25,241.37,246.03,250.78,255.00,258.31,257.12,261.20,265.63,270.80,270.38,274.03,270.78,268.82,263.76,258.09,253.06,247.16,238.21,230.03,227.71,220.42,215.87,211.28,208.29,201.85,196.99,193.00,187.42,179.45,171.84,168.40,159.02,155.05,145.21,135.92,125.63,115.43,102.88
111.63,126.67,138.80,149.63,158.93,169.85,180.23,192.84,197.91,205.19,208.86,215.84,219.49,219.04,220.43,229.47,232.62,235.94,239.02,239.41,241.30,244.25,249.13,249.65,251.13,253.51,251.39,242.16,238.30,233.75,228.11,220.20,210.79,212.47,206.49,200.63,195.51,189.38,186.68,185.02,179.30,170.42,168.44,161.11,157.18,145.65,139.74,132.00,125.50,116.36,104.69,93.60
111.66,128.19,137.48,149.91,159.73,170.85,181.42,193.41,198.71,205.29,209.85,215.59,218.52,220.59,220.84,228.49,232.56,235.60,240.20,239.74,243.30,245.25,251.02,251.88,253.19,252.72,250.00,243.66,239.41,233.36,231.14,220.91,213.78,210.60,205.91,201.73,196.62,192.02,186.32,181.99,178.60,173.31,166.88,159.30,156.71,146.35,142.34,132.74,124.42,116.21,105.55,93.92
113.22,129.42,137.88,150.33,159.77,171.71,181.21,193.26,198.71,206.16,211.45,214.71,219.26,221.51,222.99,230.53,230.99,237.29,240.01,240.56,243.02,247.49,249.30,251.72,254.37,252.69,249.21,244.09,242.00,233.65,230.34,221.46,213.78,211.26,203.71,200.68,197.21,193.23,187.01,182.00,178.89,174.14,166.43,158.20,156.89,147.00,142.64,132.67,125.54,116.02,105.22,94.25
112.00,127.35,138.84,150.33,159.68,170.53,179.94,191.00,198.66,205.85,211.01,216.02,219.66,221.46,221.95,229.51,233.64,237.49,240.48,240.63,243.97,245.84,249.39,251.72,250.80,253.21,248.79,242.39,237.13,233.73,229.83,222.04,212.15,210.02,207.71,200.69,195.16,188.57,185.81,183.86,179.67,171.00,168.80,159.96,157.99,144.84,140.19,132.23,124.26,116.62,105.68,93.19
130.08,146.18,158.86,170.43,184.46,197.41,208.81,221.00,227.67,235.47,241.66,245.28,249.69,253.46,254.53,260.10,265.00,270.77,274.88,274.05,275.96,281.33,286.30,287.69,290.84,286.30,282.24,277.35,270.33,266.15,260.55,250.23,241.21,239.21,233.85,227.67,222.28,215.75,211.60,206.25,200.82,196.89,187.60,181.46,177.80,164.58,160.80,150.42,141.42,132.09,120.83,106.21
113.00,129.12,140.80,152.74,161.76,172.75,181.73,195.00,201.04,207.27,212.15,218.08,223.29,224.45,224.51,232.31,233.11,240.16,241.36,243.84,245.35,249.06,251.43,254.07,253.86,256.78,251.40,244.00,241.30,233.63,231.14,223.81,213.68,213.86,208.66,202.28,196.64,190.92,187.54,184.04,181.03,172.53,170.02,161.94,157.95,146.77,141.41,133.28,125.99,117.99,106.30,92.35
116.93,133.14,145.43,156.89,166.08,177.73,186.82,200.03,207.96,214.16,217.81,223.44,228.27,230.22,231.55,238.72,241.07,246.87,248.81,250.24,252.69,257.80,259.28,260.80,262.94,262.21,257.23,250.67,248.21,239.00,237.04,228.84,221.81,218.81,212.81,208.06,201.88,194.59,195.41,187.63,185.32,178.03,172.07,165.42,163.22,153.01,146.33,137.36,127.91,118.15,106.62,94.79
112.90,128.46,138.76,148.61,162.05,170.91,181.46,192.78,199.81,204.47,212.26,215.08,218.05,221.28,224.21,227.92,233.39,236.02,239.18,241.50,242.74,245.49,251.01,251.54,252.54,251.02,245.49,242.00,237.51,229.48,227.71,220.68,212.08,208.43,203.87,197.95,195.56,188.40,184.70,181.25,175.17,171.42,163.95,157.20,153.94,143.54,139.64,130.05,122.97,113.23,104.14,93.39
114.14,129.03,141.65,150.76,161.79,171.56,182.26,194.55,199.97,206.79,213.10,217.85,221.27,223.76,226.36,232.41,233.43,238.17,241.60,242.76,245.57,248.82,252.25,253.88,252.68,254.02,250.39,243.40,240.30,233.14,229.31,222.62,212.78,209.77,205.00,200.11,196.35,192.04,187.00,183.44,179.45,171.23,167.04,160.75,156.21,145.38,140.98,130.92,125.30,116.06,106.10,94.37
113.99,129.99,140.43,150.23,161.48,173.18,182.50,195.53,200.26,207.93,213.38,217.61,221.74,224.14,226.01,233.21,235.05,239.37,240.25,243.99,245.33,250.13,250.79,254.80,254.06,254.42,250.53,243.98,241.54,235.13,231.14,223.27,213.51,210.61,204.92,201.53,196.35,188.96,187.64,184.62,179.90,172.46,167.37,160.08,155.40,146.49,140.87,131.03,123.02,115.83,106.23,95.19
129.40,147.56,159.22,172.63,184.61,196.09,207.51,221.82,227.04,236.21,242.89,247.78,251.62,253.41,256.22,263.59,265.18,270.96,275.81,275.18,276.26,282.15,285.43,286.63,287.17,286.02,283.00,275.05,271.45,265.19,257.61,248.79,240.61,236.66,232.11,225.57,220.48,213.35,209.80,206.07,201.82,193.68,185.97,178.00,174.98,162.11,158.32,148.53,141.16,128.86,118.70,106.10
113.16,128.27,140.81,151.72,161.47,171.23,182.99,195.21,200.96,207.97,211.99,220.03,222.75,224.12,224.16,230.59,232.65,238.01,242.87,242.79,243.63,246.76,252.12,251.37,253.16,255.84,249.47,240.66,237.02,232.48,228.08,218.83,212.12,210.72,206.12,200.80,192.90,186.00,184.05,180.85,175.57,169.29,165.22,157.87,154.31,144.01,138.92,129.42,122.78,114.35,103.59,92.28
118.97,134.13,144.84,158.80,167.30,182.01,190.82,201.97,208.00,214.76,221.71,226.38,228.79,231.91,234.45,240.07,242.89,247.49,250.94,252.41,255.16,258.80,262.15,263.05,265.19,261.52,261.01,251.72,249.05,240.24,239.63,231.49,220.82,217.37,212.14,207.06,202.23,195.66,192.35,188.06,184.29,179.33,172.00,166.03,162.37,152.32,147.46,137.00,127.53,117.21,107.42,94.81
122.78,137.80,153.68,165.22,175.41,188.40,197.74,210.92,216.60,226.06,229.71,236.30,241.37,241.68,244.24,251.15,253.13,258.54,261.46,263.30,264.19,269.39,272.35,273.42,275.05,277.67,272.35,262.19,260.51,253.72,247.73,239.58,230.05,226.76,223.49,216.13,209.12,203.42,200.37,198.17,193.87,183.13,180.01,169.99,166.81,156.22,150.15,140.63,135.06,123.00,113.44,99.61
117.72,133.06,145.26,155.54,167.53,179.49,188.96,201.32,207.15,212.44,218.59,224.01,228.24,230.37,232.76,238.31,240.84,247.39,248.47,249.90,253.40,256.32,259.48,263.00,261.98,260.68,258.94,250.55,245.72,239.93,240.21,228.57,220.27,215.15,212.00,206.78,203.27,194.74,190.07,186.07,182.43,177.55,170.56,164.40,160.38,150.42,145.00,135.93,127.28,116.25,104.48,93.54
130.03,148.41,159.67,173.28,184.46,197.94,207.12,223.19,228.28,237.12,241.40,247.42,250.28,254.00,255.57,262.61,265.67,272.35,272.52,275.57,278.35,283.34,285.28,287.12,287.92,288.76,282.62,274.01,271.12,263.49,259.30,249.11,239.68,237.08,230.02,225.20,220.23,213.82,210.77,203.89,199.47,194.49,186.45,179.11,174.35,163.11,156.98,147.30,138.92,129.25,117.72,104.39
128.60,148.68,162.52,173.09,183.14,194.55,206.52,224.52,227.38,237.36,240.14,248.13,252.36,252.39,254.47,261.63,266.99,273.00,274.85,276.02,276.57,281.71,286.40,285.35,287.59,289.85,284.21,272.87,270.15,264.46,258.59,249.60,239.08,237.74,232.70,226.18,218.74,212.60,207.27,205.78,201.70,190.87,187.26,178.89,176.14,161.70,156.60,146.65,139.43,129.87,117.32,104.66
113.17,128.16,139.01,151.16,160.03,172.71,183.15,194.12,200.11,205.72,210.76,217.22,220.48,222.99,224.32,230.67,231.31,236.58,238.81,240.00,242.46,245.25,250.80,248.28,250.89,251.87,247.25,241.35,236.32,229.12,225.04,218.52,210.52,207.28,202.30,197.44,192.82,185.15,183.47,179.40,174.89,169.20,162.20,155.27,153.08,142.34,137.80,128.25,120.21,112.43,101.84,90.43
112.89,130.08,139.39,149.97,161.40,171.57,182.58,195.06,199.62,206.21,210.95,216.92,220.51,223.38,224.18,230.17,231.81,237.41,239.27,240.51,242.04,247.11,248.29,251.68,251.92,252.42,247.01,240.84,236.80,229.65,226.56,218.06,209.39,207.97,199.40,198.12,192.82,186.46,183.41,178.23,173.95,170.53,162.41,156.46,152.87,143.85,138.81,129.10,121.02,112.61,102.79,91.14
116.71,133.09,145.77,156.43,168.34,178.77,188.60,202.87,208.28,214.39,218.60,227.07,230.05,231.66,230.56,238.61,242.25,248.89,250.67,250.91,250.06,255.55,260.11,261.84,261.01,262.79,258.86,249.07,245.93,240.30,234.80,226.75,219.94,217.79,211.29,207.29,198.60,192.57,190.28,188.29,184.62,174.40,171.54,165.34,161.01,149.40,142.00,133.28,127.00,115.74,104.00,93.60
117.72,134.09,142.62,157.04,167.97,180.28,190.12,202.23,208.12,213.51,218.56,223.51,228.69,230.05,232.22,237.77,241.46,246.00,248.62,250.70,251.87,255.15,259.54,260.77,261.28,260.23,257.00,249.42,244.81,237.90,235.30,226.63,218.15,214.11,210.68,205.46,200.73,192.40,188.15,186.02,180.77,175.15,169.59,163.52,159.20,150.63,147.83,132.09,121.12,108.67,96.01,91.61
125.30,138.76,155.05,161.44,181.08,190.28,199.91,217.41,220.42,228.24,229.37,241.41,244.01,245.64,246.22,254.03,256.42,263.01,263.40,267.02,267.15,272.98,273.51,274.54,275.47,278.49,272.26,263.60,261.28,255.98,249.58,238.32,229.39,230.67,222.99,217.70,210.64,205.12,201.30,200.26,193.66,184.46,182.61,171.40,169.94,161.07,150.88,145.43,134.20,123.69,106.17,95.00
114.86,131.03,141.01,153.29,162.78,174.77,183.99,196.00,202.70,209.44,212.76,220.49,222.65,225.85,226.26,233.09,235.28,242.19,241.75,244.25,244.75,249.58,252.01,253.34,254.19,254.76,251.38,243.31,239.77,234.61,230.82,221.38,212.43,211.99,203.77,201.56,197.57,191.48,186.04,181.53,178.40,172.89,165.33,159.14,155.55,143.96,138.76,131.23,124.56,114.98,104.92,94.26
119.44,135.03,146.54,158.39,171.23,182.07,192.27,203.94,211.29,217.68,224.98,229.12,233.00,235.61,236.41,243.35,245.49,248.72,253.55,256.33,257.86,260.54,265.38,265.20,267.20,264.34,260.93,255.67,252.29,242.76,240.88,231.42,223.27,221.40,215.03,211.06,206.34,200.38,195.17,191.42,185.13,180.29,172.47,165.75,163.15,153.46,149.12,136.18,128.83,118.60,109.66,97.41
121.34,137.74,150.01,161.74,172.20,186.02,194.37,207.33,215.54,221.72,225.58,232.62,235.34,238.16,241.01,246.02,248.78,254.03,256.00,257.51,260.00,264.76,267.42,268.81,269.98,269.67,266.05,259.05,255.28,249.48,244.00,233.08,226.32,222.25,216.93,210.67,207.50,203.04,197.44,193.66,188.52,181.96,175.91,168.96,164.23,153.64,147.85,138.29,131.97,119.87,111.07,98.79
121.51,137.93,151.56,163.69,173.97,186.63,197.82,211.63,216.00,223.49,226.99,233.80,237.53,240.45,242.74,249.60,252.57,257.50,260.41,261.60,262.43,268.78,269.28,271.56,274.61,272.62,270.01,258.94,258.55,250.46,245.10,236.02,227.38,227.04,219.54,214.57,209.77,202.94,200.80,194.88,191.05,183.83,178.39,169.66,166.24,155.80,148.72,139.90,132.44,123.23,111.80,98.02
122.20,138.51,152.75,163.98,173.77,185.56,195.92,210.26,215.37,223.38,228.37,233.00,238.40,241.40,243.61,251.37,250.01,257.86,258.85,261.01,262.19,266.92,266.59,270.31,272.39,273.31,268.75,260.32,259.05,250.06,247.82,235.31,228.43,225.16,220.18,213.68,209.40,202.41,198.12,194.18,190.87,182.46,176.80,169.50,166.21,154.35,147.61,137.64,132.74,122.45,109.04,97.16
117.44,132.67,149.05,161.24,169.10,183.00,190.25,206.01,210.30,217.52,219.54,230.12,233.53,232.80,235.15,241.75,246.56,252.38,253.39,254.53,254.47,258.52,262.15,265.80,267.60,267.98,261.61,253.58,250.33,244.25,239.31,229.73,221.92,220.44,215.01,209.15,202.73,197.85,195.17,191.02,187.83,178.81,174.72,169.19,164.35,152.61,144.84,134.79,128.63,118.27,103.79,91.53
122.59,137.10,149.41,160.82,172.20,182.88,195.17,207.89,214.16,220.41,226.77,234.41,236.73,236.21,239.08,245.16,250.20,255.98,257.15,258.06,260.84,263.93,270.05,269.43,269.83,271.02,266.18,258.02,254.24,248.73,243.77,235.05,225.94,224.70,219.27,215.23,207.34,200.26,196.50,195.13,190.59,182.57,177.55,171.05,166.59,153.40,149.21,139.28,131.55,121.67,110.26,96.77
120.34,136.01,147.63,159.83,171.49,183.33,194.54,206.90,212.08,217.45,226.18,231.37,233.75,236.25,237.84,244.93,247.52,253.14,255.39,256.63,259.15,261.55,264.17,264.37,267.09,267.07,261.12,254.13,250.59,243.03,241.57,232.56,223.60,218.65,212.46,207.62,202.71,197.62,193.20,187.00,182.16,176.92,170.14,161.97,157.80,149.40,143.75,132.82,123.41,115.10,105.12,93.65
122.89,137.67,150.81,162.25,174.75,186.51,197.34,209.30,217.35,223.03,228.09,233.69,237.74,240.26,241.87,248.30,250.20,256.11,259.42,261.22,262.65,265.88,270.57,272.42,272.95,271.94,268.48,261.63,257.26,250.05,246.86,236.32,228.72,224.62,219.28,214.77,210.15,204.02,199.60,193.93,189.48,185.39,176.77,170.00,166.87,155.33,150.66,141.83,132.97,121.76,111.76,97.42
85.29,95.43,105.00,114.76,121.70,130.65,134.62,146.44,150.27,157.43,161.97,164.30,169.28,173.05,174.29,176.71,179.81,184.62,184.05,188.09,188.90,193.04,198.71,197.31,200.48,198.77,198.81,197.09,192.21,189.76,187.42,182.28,177.46,174.39,168.72,166.21,161.55,156.63,151.73,143.13,138.13,131.76,122.09,116.21,110.14,102.04,96.25,89.44,87.69,85.15,83.24,74.33
119.20,136.82,148.25,158.49,169.36,184.20,193.20,201.42,211.12,216.41,225.06,228.00,233.45,235.97,238.16,242.07,247.23,249.42,254.23,253.72,254.44,259.53,261.36,263.21,265.32,263.82,258.68,253.67,249.01,242.16,238.47,228.65,220.91,216.67,209.47,205.34,202.06,196.46,192.32,185.93,181.37,177.61,168.25,160.56,157.01,148.07,141.99,131.61,123.37,114.35,104.56,92.28
122.41,138.51,149.68,162.79,171.13,183.61,194.08,207.52,212.20,218.00,225.74,231.32,236.14,235.42,237.59,244.83,247.34,251.53,254.28,254.07,255.62,258.37,263.31,264.02,264.07,265.83,259.31,250.51,247.88,243.08,237.99,228.71,219.54,218.05,212.25,207.00,198.86,193.13,190.71,187.02,182.61,173.99,169.29,161.20,159.48,145.66,140.58,131.05,123.17,113.64,102.46,92.76
122.35,140.66,149.62,162.69,175.51,186.26,197.47,208.80,215.23,223.22,228.73,233.21,237.03,239.04,243.21,247.39,250.17,256.44,257.74,257.47,258.38,263.75,266.01,267.71,269.64,267.75,264.91,255.62,252.94,246.88,240.66,232.30,222.52,220.76,211.70,208.86,204.56,196.47,193.87,186.45,183.37,178.01,169.50,163.19,159.85,149.03,141.69,133.82,125.57,115.17,103.81,93.09
124.33,139.83,156.08,165.95,176.40,188.37,200.45,212.08,219.83,226.74,231.80,239.58,243.90,243.24,246.60,253.00,254.02,260.32,263.33,263.31,264.37,267.62,270.73,273.53,272.44,275.31,271.83,261.69,257.41,250.44,245.49,235.19,227.34,226.24,219.67,214.31,207.41,200.82,196.02,192.44,188.66,180.57,176.30,166.97,164.20,151.46,144.01,134.08,128.23,119.62,105.62,93.02
129.87,146.51,158.09,172.26,183.50,198.12,207.37,221.77,229.12,233.94,240.84,248.42,251.87,253.16,254.03,258.56,262.39,268.13,271.55,271.01,271.01,276.39,277.65,280.86,281.06,281.30,277.11,268.15,264.25,255.78,253.48,242.55,231.58,229.40,221.37,218.22,214.52,207.35,201.68,195.14,192.00,186.34,178.71,169.50,167.09,154.81,149.00,138.75,131.23,121.63,109.12,98.31
131.03,147.68,160.65,173.00,184.81,199.01,208.17,221.23,227.30,233.53,241.37,247.16,249.66,251.60,254.24,258.37,262.83,268.58,270.74,270.13,271.82,276.50,278.74,279.50,281.85,280.58,276.47,268.02,262.80,259.12,250.46,241.00,232.12,230.84,222.41,217.81,212.60,206.02,201.81,196.41,191.25,183.88,178.68,171.66,166.51,155.59,148.12,139.64,129.26,119.85,109.71,97.17
123.76,138.51,150.88,161.98,173.00,184.70,193.78,209.06,213.24,220.97,224.15,230.20,235.70,234.04,236.56,243.99,246.40,252.29,254.15,253.84,252.44,256.35,260.10,261.09,263.04,263.50,260.02,249.80,246.42,240.98,236.61,228.57,219.49,219.62,212.45,208.13,200.25,194.43,189.50,188.82,183.97,175.51,170.42,164.20,160.82,147.83,140.73,130.92,124.06,114.93,102.62,91.41
129.71,147.09,159.70,171.12,183.47,196.01,207.06,219.24,224.24,232.21,236.91,243.18,246.05,248.34,250.96,256.59,255.42,260.93,264.15,266.05,265.32,270.44,268.99,274.05,274.65,274.39,268.15,260.74,257.45,250.11,244.50,236.25,227.40,223.27,215.00,211.90,206.79,203.42,197.10,190.87,187.30,181.04,173.61,166.15,161.97,151.57,146.34,135.12,127.06,116.73,106.57,94.26
129.85,148.27,158.34,173.44,184.20,197.03,207.74,218.89,225.81,232.50,237.26,243.99,246.91,247.41,249.23,254.19,255.97,261.73,264.12,263.25,264.37,266.59,271.01,271.30,272.68,272.26,267.59,257.93,256.36,248.82,244.63,234.09,226.74,225.16,216.81,213.18,207.62,202.77,198.49,192.00,188.73,181.12,177.10,170.24,164.79,153.18,148.65,137.64,129.85,118.60,105.93,94.67
130.63,148.55,158.78,172.17,185.06,196.74,207.42,217.59,223.44,231.57,235.52,240.16,244.18,245.18,246.98,252.80,254.40,258.68,258.94,262.21,262.50,263.95,265.93,269.02,268.40,270.30,263.41,258.31,252.34,245.12,242.24,234.40,224.50,221.27,214.85,209.38,207.06,200.26,195.60,190.12,185.46,181.73,172.99,167.45,163.25,151.80,146.01,136.31,126.57,115.69,106.23,94.02
129.87,146.29,158.00,170.45,182.07,193.87,204.35,213.69,218.59,226.38,231.77,235.64,240.76,242.67,244.59,248.21,251.87,253.66,256.60,256.12,257.49,261.46,263.80,264.33,266.49,264.09,259.88,253.73,250.07,242.79,238.73,229.94,221.46,217.68,211.40,207.94,203.94,197.25,192.21,187.88,183.22,179.18,171.56,164.25,160.73,151.17,143.22,135.07,125.18,114.24,103.04,91.24
128.84,145.40,155.29,170.43,179.78,192.21,202.28,213.74,220.05,224.04,227.50,235.28,237.45,238.47,239.20,242.63,244.79,249.39,252.00,250.38,250.60,253.82,256.63,256.74,259.38,259.47,253.87,246.20,244.25,239.38,229.14,220.87,214.28,215.23,210.61,204.97,199.02,195.23,191.80,189.79,186.97,179.71,174.80,168.43,163.40,145.41,136.72,123.23,115.11,103.25,91.35,82.08
130.63,149.26,159.79,172.63,184.09,195.09,205.92,216.67,223.56,228.43,234.34,238.80,239.88,241.25,242.99,247.19,247.48,252.24,253.06,254.19,254.18,258.85,257.78,257.84,259.08,259.31,253.51,246.11,243.46,235.16,233.21,224.75,216.01,211.82,205.83,201.64,198.15,191.44,189.13,182.01,178.73,174.07,167.66,159.51,158.03,146.58,140.22,130.43,122.00,109.77,99.25,89.47
137.06,155.56,168.80,180.65,191.25,205.15,214.11,225.44,232.66,237.80,241.85,247.69,251.02,250.20,251.73,254.95,256.10,262.21,262.64,261.28,262.50,265.34,268.57,266.87,266.73,266.83,262.67,254.47,250.27,243.84,240.71,230.85,222.46,220.33,214.70,208.14,205.30,198.40,194.08,189.53,186.10,180.35,174.10,166.39,163.25,148.81,144.25,133.06,123.02,113.70,102.22,88.12
140.43,158.52,169.09,182.78,196.04,207.40,219.18,229.14,236.60,241.66,246.98,250.46,252.51,253.27,254.96,257.26,257.87,261.34,262.39,261.86,259.74,265.05,266.01,267.22,266.56,266.09,260.00,255.47,250.50,243.02,241.05,230.10,223.62,219.83,213.55,209.41,204.09,199.12,194.50,188.96,184.48,180.29,172.47,163.67,161.45,153.01,144.84,137.30,127.00,116.21,104.74,91.26
141.60,160.86,172.53,186.68,196.43,207.96,220.07,231.35,237.17,243.40,246.16,252.04,255.13,252.86,250.79,258.52,259.06,261.87,263.78,262.25,260.31,261.92,264.00,266.44,264.70,268.78,260.82,252.60,249.63,243.30,237.81,230.33,220.78,220.78,215.61,209.48,203.65,195.80,192.75,189.47,185.31,176.41,174.63,163.69,161.48,149.83,143.38,133.96,125.24,114.11,102.79,89.36
142.79,160.33,171.51,184.95,197.80,210.15,219.20,232.61,235.99,242.08,244.37,250.24,251.64,251.56,252.79,256.10,256.46,260.57,259.49,257.28,257.29,258.60,262.68,262.82,263.05,261.96,256.75,251.13,247.34,240.90,237.03,228.47,222.15,217.20,211.54,206.49,202.20,196.76,192.21,187.02,182.46,177.29,169.85,163.62,158.67,148.08,141.51,132.41,122.00,110.03,100.09,86.28
142.64,159.39,172.28,184.48,195.69,207.02,219.49,231.53,234.95,241.11,242.17,247.33,250.42,247.03,248.24,255.01,252.36,257.03,258.65,255.52,253.65,254.89,258.82,258.54,257.33,259.08,255.83,245.12,243.46,237.45,233.55,224.59,216.11,216.62,212.20,204.98,199.18,192.44,189.36,187.42,182.51,172.84,170.60,161.21,156.28,143.68,137.89,127.78,119.33,107.17,92.02,81.06
146.01,162.05,177.55,189.75,201.23,213.68,224.18,234.05,240.62,246.95,249.66,253.41,256.29,253.74,252.91,259.12,258.18,260.95,262.07,258.77,259.05,258.52,262.05,260.00,260.38,261.95,257.16,247.94,244.01,239.71,233.43,225.20,220.04,218.52,213.22,205.81,199.45,191.26,187.00,186.20,181.60,168.72,167.37,159.48,154.51,140.89,135.35,124.53,119.04,108.69,97.06,86.28
152.51,173.95,184.57,198.93,212.87,224.44,238.32,247.10,251.03,257.15,262.24,265.20,268.96,266.91,268.16,270.60,271.65,273.27,275.05,270.21,268.70,272.46,274.18,275.63,275.14,273.03,268.89,262.35,258.68,251.91,247.65,238.21,230.84,225.61,222.35,216.48,212.40,205.35,200.38,193.31,188.90,183.20,172.80,165.11,160.80,147.79,143.56,131.97,124.72,111.66,103.47,90.14
154.32,172.19,186.76,198.54,211.15,222.41,238.08,246.03,251.24,257.69,261.40,265.00,267.57,264.74,266.18,269.08,270.34,271.67,273.91,270.16,268.78,268.78,274.02,272.27,272.31,274.20,269.52,261.02,258.38,254.05,247.70,237.99,232.72,230.83,228.71,218.26,211.44,204.95,200.63,198.46,191.45,181.11,176.66,166.74,161.83,145.60,140.25,129.76,122.58,111.63,98.35,86.02
152.46,170.53,181.84,196.51,209.50,221.55,231.49,243.50,248.73,253.58,257.19,262.09,263.65,261.31,261.24,263.76,266.27,267.55,269.43,264.04,264.07,265.83,271.64,268.92,270.30,271.83,267.71,259.51,256.22,254.64,248.49,240.01,233.11,232.13,229.47,222.87,215.08,208.52,203.04,203.25,196.37,186.13,180.70,175.15,167.84,146.12,128.06,110.79,97.95,84.17,74.28,67.47
148.01,168.24,180.00,194.02,205.23,218.19,228.76,239.89,243.81,249.51,251.96,255.84,260.00,255.28,257.03,259.73,260.16,262.76,263.90,261.27,260.22,262.37,265.73,265.20,268.09,268.03,265.19,256.63,253.58,251.10,245.02,238.43,233.42,232.26,227.11,222.89,214.70,208.17,203.00,201.02,195.00,186.19,181.41,171.92,164.54,135.83,118.98,101.98,90.93,79.98,70.88,60.88
134.53,152.35,162.15,175.57,188.44,199.44,207.47,218.22,224.54,226.60,228.58,231.08,232.96,230.31,229.17,232.91,232.71,236.89,237.70,234.35,232.22,233.11,238.03,235.20,238.01,236.33,237.43,231.25,227.71,226.89,221.33,216.33,211.86,210.95,206.58,206.07,198.40,191.94,189.93,186.10,181.53,174.75,164.81,152.78,136.44,108.85,98.49,86.65,79.21,70.34,64.85,58.00
143.68,163.88,173.16,188.66,198.24,211.45,221.92,231.03,238.52,241.94,247.11,247.03,250.54,249.73,249.39,254.70,251.48,251.86,256.20,255.82,255.07,256.35,259.79,261.58,262.41,264.15,260.97,255.43,253.93,249.74,245.37,239.45,233.14,228.85,222.85,217.80,211.93,207.58,203.04,192.84,188.22,182.28,172.61,164.34,158.32,141.48,132.85,117.24,107.52,91.83,82.39,71.11
142.00,159.38,172.53,184.91,196.17,208.63,218.01,228.02,234.06,236.70,241.70,242.99,245.74,245.60,247.36,247.86,248.39,251.18,251.41,251.18,252.48,254.58,256.44,257.48,259.08,259.79,259.01,253.39,251.20,248.65,244.25,238.91,231.58,228.37,222.33,218.36,211.43,205.85,201.44,192.51,186.27,178.71,170.55,159.84,155.27,139.47,127.91,112.71,102.00,88.32,76.06,67.36
139.59,157.71,171.48,185.07,194.73,206.90,216.28,229.11,234.39,235.64,240.03,239.84,242.44,242.24,243.74,245.54,243.99,247.08,248.31,246.99,245.62,246.89,250.24,246.92,252.62,250.91,250.68,247.54,246.29,240.78,237.17,233.21,226.74,225.82,218.33,212.85,207.15,202.18,196.58,189.64,182.46,173.37,165.30,151.40,141.40,120.95,112.36,98.51,90.05,82.30,70.21,64.54
146.66,163.98,177.99,192.42,202.04,214.41,223.08,233.75,239.84,244.05,247.49,249.61,252.16,248.85,251.00,253.94,255.54,256.69,258.49,256.19,254.66,258.54,261.82,262.94,265.01,265.42,265.65,257.78,257.70,253.44,247.02,241.82,234.10,232.13,225.75,218.44,213.38,207.56,199.69,197.25,189.17,178.39,172.47,161.55,154.38,134.27,121.66,107.02,98.74,86.03,73.68,66.84
148.60,166.43,178.26,193.04,202.87,214.67,223.88,236.02,240.60,243.37,244.70,250.06,250.14,250.07,250.88,252.29,254.03,254.61,257.23,255.81,253.65,257.12,258.17,262.94,262.55,262.39,259.62,256.01,255.05,247.87,244.63,237.47,227.15,225.61,219.61,213.41,207.70,201.20,194.83,190.21,181.89,171.42,166.21,154.77,146.24,127.28,114.28,99.40,90.47,80.28,70.11,62.65
154.86,174.00,185.22,201.46,213.00,226.36,234.09,246.66,249.90,254.15,253.84,258.52,261.49,257.62,257.07,259.62,258.16,261.09,260.23,259.05,253.79,257.16,258.31,256.56,258.04,261.01,257.60,245.95,244.50,239.18,233.65,226.60,216.59,214.44,206.52,200.12,189.18,181.02,176.24,170.88,163.36,149.69,143.06,132.97,123.11,104.79,96.54,83.86,74.09,62.03,60.42,56.61
166.34,186.45,200.57,216.53,228.71,242.63,251.92,265.45,268.16,271.13,272.59,278.18,279.23,273.31,275.39,275.49,275.47,276.57,276.74,275.80,272.41,272.22,272.84,272.05,274.12,272.66,267.23,258.50,256.14,251.29,243.07,237.59,225.63,220.44,213.94,207.06,195.69,187.49,180.77,175.29,169.01,152.97,147.58,137.36,127.02,108.17,96.66,86.65,78.89,67.08,62.07,59.48
166.96,188.57,203.08,216.47,232.09,244.04,254.53,266.06,267.88,272.15,274.24,277.08,281.95,276.52,277.06,277.74,278.23,277.00,279.11,275.54,272.09,271.54,272.36,272.98,273.27,267.87,263.39,255.22,252.72,245.39,238.91,227.48,215.75,207.53,199.15,188.32,181.20,171.29,161.05,151.99,139.81,127.35,119.94,105.21,96.93,83.55,76.66,71.31,70.94,63.98,57.01,51.89
171.40,192.35,205.30,223.18,238.02,248.85,259.82,268.41,271.49,277.12,277.71,281.82,282.34,278.60,280.14,280.13,281.18,278.52,279.85,275.41,270.15,270.77,269.68,272.15,271.65,267.03,260.69,251.33,247.15,240.00,231.62,221.82,208.09,198.32,188.18,182.16,171.76,163.78,152.86,142.86,129.76,120.83,110.00,98.84,88.77,81.05,75.03,66.84,65.31,61.85,56.86,51.04
176.57,196.82,213.00,228.95,243.31,256.14,264.61,276.45,279.01,282.99,283.54,285.22,290.06,286.53,285.46,285.95,286.40,284.40,283.13,280.96,271.88,273.13,270.63,270.35,272.53,269.81,257.42,247.01,243.91,235.47,228.11,214.73,202.70,193.94,185.69,176.01,166.21,156.54,146.76,139.23,128.00,117.05,110.17,98.81,89.69,78.60,73.36,68.07,65.30,61.85,54.82,50.49
171.40,191.02,204.02,220.22,236.69,248.21,257.72,268.03,271.47,275.67,275.81,279.98,282.59,276.41,276.76,275.75,276.73,277.24,274.71,270.71,263.49,266.42,265.14,262.09,261.81,260.46,249.24,238.31,233.14,228.00,218.16,207.93,191.98,189.28,175.93,169.66,160.70,151.73,141.68,134.01,126.53,116.10,109.17,103.24,94.51,84.29,80.23,75.29,68.68,62.51,61.06,55.61
180.75,203.96,217.01,234.14,250.70,263.29,272.42,282.61,285.79,291.34,292.36,292.43,295.97,288.94,289.25,288.80,289.21,286.63,287.13,282.21,273.38,274.04,271.03,266.90,267.20,263.80,254.49,243.39,238.03,230.05,218.55,208.15,194.65,188.96,179.49,172.29,160.85,150.60,142.56,137.77,127.10,118.41,110.07,102.83,95.13,84.50,81.40,75.24,69.86,61.61,58.55,54.42
171.99,193.35,205.91,221.77,235.99,247.95,256.60,268.05,270.07,275.86,275.20,277.41,278.52,275.04,273.25,275.09,273.42,276.05,273.41,270.09,261.32,261.66,261.56,259.86,255.16,253.16,244.14,235.17,231.39,223.03,213.69,203.39,190.25,188.31,175.17,170.47,160.08,151.24,144.81,143.12,134.17,126.70,120.67,110.94,107.00,96.42,91.40,83.55,75.64,69.53,66.29,58.19
176.31,197.77,211.92,224.76,239.87,252.44,262.76,271.74,273.66,277.66,280.30,280.02,282.61,277.89,278.00,275.54,275.44,274.81,274.47,270.08,263.14,262.46,262.55,259.05,259.28,252.96,244.63,238.90,234.34,224.80,218.25,207.23,195.43,185.32,177.99,173.22,166.51,161.25,151.65,144.42,136.49,132.02,124.81,113.41,110.64,99.93,94.37,85.62,82.00,74.65,68.15,60.21
164.88,184.39,198.31,212.20,224.20,235.75,245.23,254.80,256.81,257.84,262.89,261.55,260.86,258.59,255.43,256.63,254.97,255.20,254.58,250.45,243.81,242.39,244.09,242.32,238.45,234.95,230.11,223.90,217.71,211.12,206.49,198.96,185.27,182.83,175.41,169.50,165.39,158.05,151.17,142.41,136.82,131.04,124.40,116.73,112.00,102.22,93.43,86.37,81.01,74.43,67.12,59.84
171.21,191.02,204.47,217.20,231.82,245.07,251.18,260.76,262.16,264.32,264.85,268.29,266.59,261.86,257.84,257.02,257.60,254.89,253.86,249.87,241.21,241.62,242.44,241.35,238.89,238.08,232.47,227.76,223.18,218.58,211.25,205.20,193.00,192.33,184.76,179.64,174.04,167.69,160.43,156.43,148.37,143.28,134.63,126.15,120.77,108.67,102.11,94.37,86.82,78.24,72.69,65.52
167.29,186.32,198.25,214.11,225.89,237.05,244.25,254.57,252.24,257.75,258.28,260.45,259.15,254.37,250.84,251.35,250.06,249.48,249.44,245.51,238.29,238.25,242.26,238.73,241.87,240.10,238.00,229.68,230.01,223.46,217.68,213.22,203.84,202.71,195.24,189.62,184.17,180.11,171.62,166.64,160.90,152.88,146.01,137.64,131.02,117.09,109.59,103.75,92.42,85.15,80.41,72.11
162.25,181.46,192.44,206.48,218.56,229.31,235.77,246.05,249.18,248.68,253.29,255.00,252.00,250.02,244.01,246.13,245.54,245.46,245.41,245.60,239.94,241.85,244.92,245.35,247.12,249.24,245.52,239.51,239.08,235.03,230.15,222.77,217.61,211.40,207.28,200.10,196.79,189.77,181.95,179.72,172.05,161.05,156.73,147.34,142.76,126.06,118.31,108.41,100.70,92.20,84.01,76.69
154.85,172.56,186.13,200.00,208.69,223.24,227.73,236.93,237.84,241.96,244.38,246.00,245.07,241.45,238.13,242.07,240.39,241.36,242.69,242.74,240.20,245.12,245.75,248.28,249.56,252.34,251.23,245.11,243.53,239.61,236.95,228.84,222.28,217.62,213.34,207.65,202.87,195.66,190.19,184.20,177.43,167.55,160.90,151.08,146.69,130.38,123.33,116.25,104.81,97.58,87.30,79.83
151.38,170.32,184.40,197.33,209.12,220.76,228.78,237.67,238.47,239.05,244.81,245.98,245.98,243.21,241.59,242.32,244.03,243.97,245.72,244.24,243.99,247.94,248.97,251.31,254.45,253.22,251.59,247.61,246.38,240.42,236.58,229.09,221.95,216.21,210.02,205.55,199.06,193.83,185.69,178.60,172.99,164.44,153.06,148.19,140.01,127.22,121.04,113.64,103.39,97.65,87.78,79.08
158.82,176.73,190.39,203.74,213.78,228.53,234.17,245.71,246.79,248.20,251.11,253.95,252.79,249.36,245.71,249.33,249.30,250.80,253.19,253.72,252.86,259.25,261.82,263.04,266.84,268.52,269.31,260.58,259.89,255.69,252.00,242.01,238.00,232.59,227.22,221.77,215.23,208.41,202.07,194.00,188.96,176.66,170.29,161.60,154.16,138.01,130.65,122.15,113.77,108.16,95.51,88.20
157.43,175.09,189.39,204.44,215.52,227.98,235.92,241.55,245.20,243.79,248.90,248.81,248.65,244.81,244.07,244.56,245.69,246.29,246.83,249.70,246.42,252.57,252.04,255.52,259.54,260.69,257.19,254.12,251.15,246.38,241.31,233.21,225.84,220.03,213.68,210.19,206.81,200.03,194.73,183.87,177.79,171.23,158.82,152.12,145.56,133.30,128.13,119.51,111.07,105.62,98.98,88.41
166.43,187.72,200.48,215.81,227.30,239.40,248.02,255.36,258.03,257.87,257.78,259.98,258.86,253.64,251.29,251.72,254.37,255.29,255.86,253.15,249.36,256.33,257.09,257.90,260.71,264.55,260.80,253.94,249.72,247.59,240.35,231.71,223.56,223.02,213.15,209.75,202.48,194.54,189.18,182.61,176.24,164.84,159.18,149.46,145.12,130.75,124.58,119.02,112.00,109.29,104.56,94.41
166.01,185.88,198.01,214.11,224.96,235.77,243.28,252.42,252.61,253.34,254.33,254.79,253.16,247.49,242.20,244.76,245.67,244.90,246.33,244.64,240.05,244.99,246.91,247.55,248.94,252.20,246.02,238.65,234.72,232.60,227.71,217.33,210.09,207.59,201.64,195.97,187.52,179.33,174.56,171.47,166.11,154.30,147.80,138.35,135.57,124.62,120.33,114.54,108.24,105.69,104.32,97.08
162.87,182.40,195.06,208.90,219.80,231.20,239.35,246.94,246.40,247.13,247.95,247.98,245.51,242.33,238.08,239.15,238.27,236.01,236.61,235.47,232.42,234.05,236.92,236.58,238.77,237.93,229.40,224.21,220.38,215.68,210.54,203.38,196.23,189.18,185.59,179.51,174.10,168.58,162.41,154.25,149.51,142.68,133.82,129.02,125.30,117.15,113.27,111.02,106.51,105.21,100.80,93.30
181.23,201.84,212.53,228.12,243.45,255.49,262.49,269.71,271.82,271.18,269.46,271.07,269.52,264.01,258.31,259.51,258.57,259.67,257.99,256.20,250.54,254.57,255.48,253.30,254.24,255.97,251.56,239.97,236.21,232.33,228.04,217.75,208.47,207.34,202.41,193.78,185.61,177.39,173.12,169.07,165.05,152.19,147.96,141.69,138.96,130.82,129.20,123.44,117.89,116.73,112.71,105.76
176.26,197.36,207.89,221.21,236.26,246.55,256.84,260.09,264.70,262.69,263.53,263.17,260.11,257.80,253.40,253.48,253.19,250.57,255.57,250.23,245.94,250.51,252.00,253.01,253.02,252.97,250.54,244.59,239.42,236.35,231.58,223.29,218.72,214.25,212.00,205.80,199.81,191.85,189.45,186.12,178.34,172.47,165.08,155.56,153.64,143.18,140.91,133.65,125.20,119.11,116.28,106.89
168.66,187.60,199.53,214.27,225.00,236.12,244.18,250.60,249.58,251.32,250.39,251.10,250.01,245.90,243.40,244.66,243.28,242.89,243.20,240.20,236.62,242.74,241.92,245.05,247.12,244.66,242.54,239.01,235.59,229.34,226.56,220.08,214.76,212.53,208.01,203.59,199.33,193.76,190.66,184.62,179.79,176.74,164.88,159.38,156.58,145.34,141.32,135.38,126.92,121.50,116.47,106.78
164.58,187.61,198.66,210.45,222.28,232.20,239.18,247.87,246.95,247.82,247.10,249.23,247.32,243.26,240.15,240.83,240.88,239.12,241.58,238.61,235.14,240.97,240.05,241.81,242.64,247.20,239.68,234.95,234.00,227.71,227.26,217.12,214.31,209.69,205.92,201.65,197.25,190.55,186.27,183.13,179.57,172.25,164.20,158.69,155.00,144.56,137.93,131.65,126.21,118.70,112.64,104.40
156.54,176.30,184.57,199.16,210.94,219.53,227.69,233.70,236.75,235.69,237.45,237.47,236.60,231.35,229.10,232.31,230.49,232.26,232.69,232.96,229.71,236.19,235.29,237.50,241.21,241.40,241.57,234.88,233.89,230.53,228.82,223.49,219.23,217.37,212.57,209.06,202.73,197.57,195.53,189.47,184.70,177.10,169.86,160.37,158.34,149.21,142.20,136.36,126.62,119.10,114.59,103.73
158.40,178.37,189.62,201.24,214.39,224.93,231.80,239.71,241.35,241.70,241.68,243.48,244.77,238.03,237.45,241.40,238.03,242.07,242.54,244.97,241.46,249.95,248.65,252.72,256.97,260.69,261.58,255.56,257.66,251.53,248.58,242.89,240.51,240.48,234.34,229.01,224.20,218.05,213.90,210.01,205.79,193.83,191.45,179.45,175.60,164.47,156.85,150.00,139.30,132.19,126.78,115.75
153.40,171.49,184.68,196.80,207.35,216.72,224.29,234.52,236.86,236.68,237.02,241.11,241.30,237.60,234.08,239.18,240.00,242.79,245.35,246.22,247.03,251.24,255.98,258.49,260.77,265.71,264.61,257.93,258.04,254.29,252.18,247.94,242.85,241.94,232.73,232.38,225.00,221.06,216.10,213.41,206.60,195.51,192.28,183.33,178.08,168.07,159.81,152.61,144.47,136.97,127.88,116.40
139.29,155.29,166.40,178.06,187.43,197.36,204.16,213.70,217.09,217.48,218.52,222.01,221.98,218.93,217.22,221.88,223.27,227.27,230.10,231.04,234.44,240.78,244.01,247.02,250.12,255.36,258.43,252.93,252.52,248.97,245.46,240.22,235.17,237.78,229.18,224.86,219.15,213.69,210.20,204.27,200.82,190.95,187.97,179.72,176.18,160.65,157.54,147.05,139.27,130.78,125.00,113.07
133.24,149.50,159.45,170.86,180.62,191.17,200.14,206.65,209.23,208.63,214.73,215.39,216.08,214.16,217.11,220.05,223.68,226.72,229.82,232.69,239.53,247.98,249.61,255.91,259.89,261.04,263.47,260.28,257.97,254.05,251.81,243.24,238.48,236.38,227.48,223.95,220.97,215.52,211.15,203.84,200.03,194.16,185.98,180.21,173.54,162.98,159.05,148.57,140.92,132.26,124.53,112.70
131.85,147.92,159.24,170.70,181.84,190.54,198.73,206.65,209.02,208.10,214.71,216.60,219.11,216.54,217.08,221.90,225.79,228.44,232.65,234.93,241.87,251.25,251.45,258.85,263.05,265.66,268.08,263.90,263.14,257.16,252.79,246.83,240.53,239.37,228.47,228.40,222.58,218.30,214.90,207.01,201.43,196.40,188.35,182.26,174.47,164.08,159.84,149.49,141.45,132.23,125.40,116.09
125.30,141.45,149.83,163.09,171.69,181.75,188.73,197.22,201.68,202.20,207.52,209.70,212.15,210.30,211.29,214.97,219.82,221.38,225.25,228.13,234.14,239.93,242.00,245.57,249.69,252.84,253.80,248.76,244.66,240.28,238.54,233.62,226.32,225.62,214.71,215.59,208.93,205.72,202.43,195.06,190.55,183.41,177.05,171.61,167.55,155.56,150.33,141.69,135.15,128.02,118.46,106.93
125.24,140.01,151.17,161.37,172.68,182.57,189.62,200.61,205.78,206.18,210.62,213.60,215.67,213.85,216.54,218.98,225.57,229.12,233.94,233.95,241.05,246.72,249.20,253.18,256.46,262.99,262.39,256.32,255.84,251.39,247.68,241.50,234.31,234.41,226.55,221.23,215.86,208.22,208.31,203.65,198.59,188.56,185.13,178.40,172.26,159.20,153.15,145.26,140.12,131.53,121.10,110.06
118.43,133.23,144.56,153.16,163.25,173.59,180.38,189.11,197.12,196.47,200.81,204.79,208.66,205.88,207.34,213.24,216.00,220.05,224.15,225.80,233.57,240.34,241.24,245.13,249.73,256.32,257.45,249.70,249.37,244.05,242.07,236.24,230.34,228.58,221.11,216.79,212.05,205.09,203.21,198.32,193.31,183.85,180.28,174.18,165.92,154.38,147.26,140.29,134.62,127.61,114.93,105.02
118.34,134.66,146.09,155.93,163.03,174.06,182.32,194.18,198.70,201.70,204.36,209.16,212.47,209.54,211.80,219.09,221.04,225.00,231.33,234.62,238.88,246.83,251.32,256.60,260.19,265.11,266.83,262.46,262.35,257.78,253.60,248.29,240.05,242.54,233.62,229.87,223.18,216.91,215.76,208.03,203.97,193.26,188.49,182.28,177.61,163.23,156.02,144.93,138.85,131.19,121.76,109.04
112.61,126.72,136.19,147.80,157.18,167.61,175.41,184.18,189.00,189.45,195.26,198.34,200.86,200.81,205.39,210.24,214.02,217.99,220.17,224.01,229.73,236.91,238.76,243.98,249.13,251.81,253.87,251.10,250.80,243.74,243.56,237.12,229.53,228.09,218.40,218.91,212.66,205.77,203.39,196.00,190.43,186.46,178.63,172.59,165.65,154.81,149.48,138.52,132.91,126.32,113.46,103.32
111.65,124.39,135.95,147.87,156.24,166.24,174.35,185.00,191.25,191.15,194.25,201.00,202.71,200.96,203.93,209.80,214.67,219.86,223.79,224.96,229.69,237.60,242.16,244.59,250.35,256.03,255.55,251.45,250.80,248.57,245.77,239.01,230.99,231.86,223.27,218.36,213.46,207.27,203.59,197.87,194.18,186.40,179.90,173.05,165.52,155.80,148.07,137.30,133.54,125.93,113.07,101.79
111.21,124.65,136.18,146.01,156.08,166.51,173.68,184.30,188.10,190.88,195.45,200.60,203.22,203.94,203.18,209.48,215.04,220.66,226.37,225.74,234.31,241.65,243.85,249.39,254.05,259.07,258.64,254.75,251.21,249.55,245.20,237.43,230.67,230.79,221.82,218.75,209.70,202.23,200.24,195.00,190.43,180.87,176.95,169.04,163.44,150.96,144.59,135.45,129.81,123.00,110.68,101.14
112.45,125.96,133.06,146.29,155.98,164.22,172.66,182.60,187.01,189.38,192.92,196.82,200.85,203.00,201.95,208.50,212.85,215.23,222.80,222.31,228.84,235.49,238.60,242.54,247.95,250.22,253.30,251.01,248.94,246.73,241.55,235.33,230.80,229.01,221.35,219.11,210.45,206.42,204.12,198.60,194.49,185.13,181.18,172.31,166.90,156.73,149.00,140.19,133.46,124.48,117.66,104.55
119.07,135.15,144.36,155.80,164.00,172.41,182.04,192.94,194.25,199.74,204.83,208.47,212.17,210.94,214.23,219.26,223.61,227.02,233.00,235.03,241.01,249.09,254.26,257.61,262.23,264.52,269.31,266.22,265.42,259.96,256.46,250.80,244.64,243.18,237.07,233.12,226.28,222.85,217.62,211.93,208.56,198.98,191.39,184.59,179.64,167.31,158.03,147.96,138.40,149.03,129.62,111.07
121.49,137.10,148.79,161.53,171.21,179.37,186.96,200.82,205.12,208.02,211.57,216.45,219.06,218.75,220.23,225.80,232.49,235.05,239.53,241.02,244.99,255.16,259.03,263.03,265.64,273.70,276.57,269.21,268.57,265.73,260.92,254.61,246.97,248.92,239.75,237.86,226.88,222.58,220.04,218.08,211.29,199.54,196.64,188.62,179.80,170.19,161.91,151.27,145.00,135.69,125.87,113.11
119.27,133.96,145.34,156.54,165.32,176.05,184.14,193.06,198.21,201.23,203.73,208.57,210.62,211.83,214.15,218.55,221.84,226.32,230.29,231.97,238.38,244.76,249.23,253.01,258.94,261.22,263.82,259.19,258.24,254.47,250.57,243.53,239.56,236.64,226.60,225.75,221.96,217.85,212.05,206.20,202.94,196.42,186.68,180.28,173.51,164.12,156.16,148.22,141.44,130.55,120.07,109.22
122.54,138.05,147.68,161.53,171.17,180.68,186.70,199.54,203.94,207.24,210.49,214.84,216.28,216.91,218.91,224.02,226.91,231.77,237.78,238.25,244.01,252.39,257.48,259.14,266.00,268.26,272.37,266.54,264.55,260.51,257.85,250.58,245.69,244.71,236.13,233.45,226.37,223.02,215.86,213.41,208.12,198.11,191.65,184.69,175.93,166.64,160.42,150.08,142.04,134.24,121.84,111.65
123.86,140.23,148.03,161.84,173.30,183.27,190.18,202.68,205.41,206.95,211.80,214.34,218.19,217.39,217.34,226.10,225.22,231.77,234.85,238.95,242.77,250.48,253.90,259.30,263.13,266.63,267.16,267.64,266.09,261.63,260.29,253.02,246.94,245.45,238.03,235.23,230.06,225.52,221.17,213.60,210.09,202.77,196.21,186.94,182.22,169.16,162.63,152.53,142.56,132.57,123.94,113.17
115.41,127.29,141.32,152.07,158.53,168.31,176.96,187.84,189.71,191.26,195.80,199.46,203.33,202.25,203.03,207.79,209.94,216.08,220.74,219.42,224.16,232.14,237.88,240.63,244.01,248.71,251.34,243.35,246.13,242.30,239.15,231.42,225.47,226.26,218.21,217.59,208.48,202.01,199.90,196.33,191.55,180.00,177.00,169.50,163.44,152.12,145.73,136.69,130.65,120.42,110.89,100.30
119.50,137.38,147.22,159.40,169.01,179.45,186.75,196.87,199.80,202.27,205.57,208.00,212.08,210.54,211.29,215.11,219.15,220.10,226.55,226.40,231.94,236.91,243.98,247.46,250.45,256.59,259.28,255.16,254.77,252.52,248.21,242.01,235.85,237.54,231.61,227.40,221.02,216.31,211.37,209.01,204.71,195.06,190.52,181.96,178.00,162.01,155.32,146.65,138.97,128.79,118.15,107.15
120.28,135.68,147.36,158.71,166.33,175.19,183.70,194.62,198.09,200.03,203.18,206.24,210.95,208.10,208.17,213.59,215.23,218.50,223.00,223.89,228.48,235.05,240.03,243.67,247.41,254.24,256.97,251.38,251.84,249.20,247.25,240.71,236.91,234.96,230.82,224.80,218.55,213.58,210.72,207.16,202.71,192.67,189.28,180.68,176.03,161.04,153.06,144.01,135.37,127.61,114.97,104.81
126.38,145.34,152.54,165.05,176.23,186.68,194.24,203.67,207.00,210.24,213.03,215.34,218.71,219.91,220.03,224.59,227.54,229.94,232.73,234.40,240.05,247.10,250.51,255.07,259.51,262.61,266.07,265.00,264.23,260.16,258.07,250.64,246.34,244.23,237.86,233.48,228.97,225.61,221.65,213.60,210.44,202.89,194.09,188.22,180.36,167.94,160.55,150.05,141.01,129.36,119.60,107.91
124.15,141.03,150.60,161.30,172.63,182.32,190.21,200.10,204.01,207.93,212.88,218.07,215.14,214.85,217.18,223.61,224.88,226.38,229.47,232.65,236.24,243.12,248.68,251.87,256.13,260.25,264.43,258.86,259.54,257.96,255.15,247.78,244.25,245.18,239.64,234.09,228.04,220.74,218.15,212.85,208.66,200.35,194.83,185.16,180.24,165.56,157.65,146.40,138.42,129.87,116.76,106.04
127.94,146.21,155.24,167.04,178.72,189.40,198.76,208.15,211.57,214.67,217.22,220.84,225.63,223.81,224.80,229.48,230.63,235.44,238.42,241.54,246.27,250.44,255.31,260.82,265.56,271.66,276.13,270.31,273.00,267.30,267.43,259.52,256.68,255.74,246.83,245.58,239.82,234.02,230.59,224.59,218.55,209.94,204.36,193.89,189.74,175.09,167.59,155.33,145.91,134.73,123.00,110.48
123.82,139.03,147.96,162.61,172.57,182.61,190.13,200.55,205.24,208.72,211.83,215.13,217.59,216.75,217.64,222.89,224.38,229.65,232.80,233.81,239.30,244.05,250.06,253.40,257.16,263.70,268.06,263.18,265.07,262.27,261.61,253.95,249.71,249.15,244.39,241.97,235.48,231.23,225.50,221.05,216.67,207.00,201.82,192.31,187.04,172.15,164.11,151.70,144.28,133.20,119.60,108.91
124.68,142.56,153.59,164.47,176.40,185.35,195.04,206.02,209.83,214.09,216.11,221.72,225.36,223.14,224.95,227.69,229.87,233.15,235.87,238.03,243.98,250.25,255.16,259.40,266.12,268.39,275.07,271.21,273.36,269.86,269.53,263.09,258.01,258.70,252.92,248.58,244.75,237.59,234.87,229.93,225.62,217.10,208.72,198.60,193.87,178.73,170.08,155.63,148.57,137.27,126.25,110.92
116.90,126.70,136.08,144.81,144.54,159.03,161.68,175.21,175.11,184.98,181.80,186.12,189.53,187.45,190.24,195.09,191.88,195.06,201.68,202.19,206.78,208.14,212.61,217.08,220.00,226.18,227.26,229.54,232.08,225.06,227.43,223.29,220.05,223.52,213.35,209.12,205.29,200.38,198.50,194.02,190.07,186.10,182.24,168.00,170.58,157.54,145.99,134.32,134.71,131.14,96.01,82.20
121.33,139.56,148.52,160.15,171.57,183.12,191.56,203.27,204.66,208.79,213.32,216.60,219.53,217.86,219.01,221.46,224.38,227.01,228.78,230.50,232.83,237.07,245.66,246.89,252.05,255.33,259.38,257.58,260.02,256.60,255.02,249.87,248.49,247.78,244.14,242.54,234.80,230.67,227.11,223.22,219.21,213.03,205.87,198.65,192.63,179.78,170.21,161.30,150.21,138.92,128.46,114.54
123.49,141.91,151.16,162.05,176.16,186.00,196.09,206.93,210.49,214.83,219.20,222.97,224.74,223.81,225.62,231.09,230.36,233.50,234.96,235.10,237.93,243.07,247.95,252.23,256.09,259.46,260.97,261.22,262.57,258.60,258.64,254.75,251.68,250.54,246.91,244.13,240.03,232.31,232.11,227.92,223.99,215.26,207.96,202.07,196.11,183.52,172.01,162.12,152.84,141.85,131.03,115.88
127.48,144.68,157.50,170.82,184.04,193.26,203.86,215.78,221.01,227.08,227.84,233.28,235.69,232.76,233.75,237.59,239.45,239.08,242.29,239.76,239.99,243.96,250.74,254.45,255.27,258.94,264.97,262.38,263.84,263.43,261.02,256.68,256.40,259.88,253.95,253.43,248.20,243.46,239.73,239.71,235.27,225.18,220.06,212.33,206.65,190.52,183.66,172.41,163.92,151.42,138.76,123.31
128.13,145.45,156.26,167.30,181.66,193.79,203.09,216.61,224.00,228.48,227.48,235.65,237.74,235.14,234.06,237.22,237.19,239.64,239.94,237.26,236.71,240.00,243.83,247.87,251.01,253.46,258.24,253.51,256.46,256.46,256.40,251.98,251.54,255.07,250.96,251.25,245.54,241.59,237.76,236.21,233.42,222.41,216.01,210.44,205.20,189.99,182.00,170.79,162.15,151.80,137.30,124.23
121.92,139.78,153.47,164.13,176.98,188.11,200.12,211.60,217.51,221.98,225.44,231.19,232.13,229.40,227.34,230.08,230.22,230.20,232.20,230.26,228.09,229.90,232.77,233.31,234.05,239.17,240.64,237.62,239.08,240.17,238.50,236.92,236.86,241.02,238.20,238.80,235.13,228.67,226.21,224.01,221.14,209.99,206.62,199.92,194.92,180.40,174.47,161.40,154.35,144.31,130.48,118.11
123.71,140.72,154.43,168.07,182.83,195.26,205.15,216.38,222.73,231.95,232.56,237.90,240.25,239.43,239.00,244.20,239.46,241.30,242.92,240.05,237.60,240.75,240.44,243.74,245.49,248.50,248.39,243.33,247.86,242.42,243.96,238.08,239.10,240.52,236.48,234.80,233.45,227.69,223.89,222.18,217.89,206.79,202.65,195.36,190.42,177.18,171.35,160.26,151.49,142.72,129.84,118.70
122.80,142.56,154.81,169.07,183.58,196.24,207.65,219.87,227.65,234.97,237.15,242.35,243.30,242.67,241.99,245.94,242.62,246.27,247.32,243.53,238.81,239.11,243.31,244.20,243.58,246.04,247.03,241.30,244.24,243.60,237.81,237.02,235.23,238.25,234.29,235.13,231.21,227.04,222.70,220.27,215.68,208.37,200.80,192.51,188.16,176.37,169.03,157.42,149.81,139.26,128.75,118.26
126.37,146.73,159.81,174.04,188.13,203.34,215.52,228.24,237.47,243.82,248.32,252.94,255.83,255.20,251.27,255.47,258.86,256.42,257.56,255.71,250.93,250.80,253.06,252.69,251.64,253.57,253.89,247.07,246.98,247.73,242.32,239.27,239.84,240.41,236.78,237.23,230.72,224.72,220.00,221.38,213.96,205.15,200.26,191.37,187.80,174.11,168.00,156.40,147.63,138.52,126.40,117.78
121.59,139.20,148.93,164.51,180.43,195.41,206.31,221.65,228.67,235.10,241.81,246.91,248.07,249.84,247.68,253.46,249.56,252.74,251.00,250.57,244.62,245.20,249.11,247.32,249.80,248.87,248.17,242.01,242.54,241.01,241.05,234.76,232.02,230.10,224.50,224.16,220.08,212.72,207.86,202.48,197.20,189.97,182.99,175.32,170.55,159.02,154.18,147.28,135.94,128.16,119.20,110.03
94.67,102.61,111.54,117.17,123.75,131.05,139.04,149.56,154.30,157.87,169.37,175.35,180.83,185.65,192.31,198.67,203.71,211.02,217.75,221.29,231.04,234.96,241.70,244.52,246.22,250.12,247.81,243.19,239.64,235.32,226.63,220.73,210.02,198.98,189.17,183.61,177.20,168.05,160.26,147.57,139.18,132.25,122.07,113.77,110.39,95.80,92.63,86.70,82.86,76.49,69.86,64.66
83.65,90.67,97.51,102.90,109.55,114.56,119.21,130.21,134.40,136.86,147.87,154.74,160.64,166.07,172.63,179.57,185.78,190.87,198.74,203.67,212.47,212.98,222.41,223.79,226.56,231.85,231.84,224.76,222.27,220.17,211.15,204.71,194.74,189.21,180.01,173.36,166.02,159.15,150.99,145.67,138.58,131.24,122.87,116.76,110.65,99.46,93.41,86.31,78.11,72.01,67.23,62.27
109.18,124.66,142.56,157.41,166.21,176.28,190.71,204.96,212.51,214.39,218.05,220.59,223.06,224.38,220.77,226.13,222.90,220.41,223.89,225.70,222.47,220.30,224.89,223.60,224.40,227.14,225.14,221.47,220.51,218.69,215.23,212.27,208.93,208.49,202.19,196.94,193.66,185.01,181.96,176.01,171.14,160.82,156.71,150.60,144.81,133.12,126.70,122.43,116.62,109.88,105.17,97.94
112.77,130.61,144.22,156.87,173.35,185.40,196.60,210.15,213.06,219.54,223.62,225.89,228.32,226.81,226.21,231.26,231.82,229.07,230.22,228.79,225.80,226.32,230.20,227.38,234.10,234.18,232.22,224.08,227.50,224.88,223.57,214.31,209.06,210.54,205.02,200.04,194.65,186.40,180.55,176.88,169.54,161.08,154.03,147.58,140.93,128.32,126.19,124.62,117.39,110.35,108.60,100.40
117.92,135.24,149.40,165.52,177.54,190.38,202.88,217.08,224.15,225.39,229.39,228.87,230.84,232.80,230.71,232.64,230.78,229.27,234.96,231.28,229.65,228.37,232.08,228.24,231.63,231.63,233.45,226.97,227.88,222.20,219.62,215.78,210.04,208.89,202.94,195.06,191.23,183.32,176.88,172.25,160.18,155.00,148.49,141.85,137.19,127.58,126.12,124.52,120.42,112.29,108.78,100.24
112.07,130.03,140.60,155.43,167.14,181.11,188.80,201.10,205.10,208.85,209.70,213.03,213.12,214.25,211.25,216.45,215.42,217.79,219.02,216.53,213.18,214.53,218.32,218.05,221.14,223.57,222.55,214.37,214.11,211.29,209.09,204.57,200.26,202.31,193.91,190.68,182.44,176.07,171.14,167.97,161.15,152.76,147.03,139.32,136.40,124.23,120.92,115.88,109.79,104.32,100.01,93.74
114.73,133.03,145.60,158.47,171.86,183.33,193.13,203.00,206.98,212.57,212.53,216.40,214.98,214.83,212.94,215.97,219.54,217.68,222.01,217.44,212.57,215.14,220.51,220.10,222.93,225.20,224.88,217.82,217.12,215.33,210.83,206.85,201.01,202.95,195.65,193.20,184.39,178.76,172.00,170.32,162.93,154.55,146.75,141.60,137.20,125.90,121.46,117.10,114.54,108.23,100.72,94.24
128.47,143.75,159.30,175.03,183.31,196.89,205.78,215.87,218.22,220.80,223.02,224.15,225.18,223.60,222.99,226.99,226.55,225.82,227.13,223.90,223.79,224.96,228.48,224.52,230.18,230.05,232.31,224.89,221.77,219.58,217.37,213.06,207.66,206.12,199.42,197.01,190.32,186.51,176.23,172.25,166.98,160.85,150.00,146.45,141.24,135.15,130.68,128.72,126.15,120.33,112.22,102.88
129.62,146.29,161.31,174.38,186.04,198.59,207.28,219.02,221.88,222.83,226.42,230.59,229.26,225.62,224.96,225.69,229.86,228.83,229.00,226.32,224.16,223.95,227.72,229.84,231.35,232.31,231.03,221.44,220.93,220.60,219.46,212.90,206.12,206.34,205.00,198.83,190.07,185.41,179.25,176.56,169.81,161.24,154.93,148.77,145.12,141.36,141.28,136.69,130.51,121.66,111.72,101.53
136.57,155.05,168.24,182.89,194.55,206.96,215.47,229.60,228.40,232.71,232.86,236.30,234.79,231.46,228.54,231.49,234.08,232.42,235.47,233.62,226.32,229.49,232.22,232.62,232.25,234.54,236.75,230.41,229.11,225.38,226.92,221.73,214.90,218.01,211.68,210.12,202.61,195.26,191.38,185.78,180.34,173.52,166.17,159.82,155.32,150.87,145.61,141.06,132.14,125.90,118.09,107.22
132.31,151.43,163.71,178.02,187.88,202.31,205.53,215.46,215.67,215.30,213.69,214.35,212.08,208.61,207.46,207.68,208.61,208.39,206.89,203.42,205.23,205.06,203.71,203.95,208.10,209.00,209.90,204.56,201.65,201.44,199.56,192.40,194.91,193.21,193.13,188.68,181.84,177.61,175.17,169.74,166.09,159.05,154.28,149.89,144.36,132.02,131.10,126.15,118.70,111.31,110.11,97.08
143.67,162.73,177.12,191.32,202.87,215.70,226.74,238.48,240.24,245.49,242.84,246.11,244.11,237.69,233.21,237.74,234.33,234.31,235.59,230.76,224.12,227.37,227.18,228.98,230.41,235.55,236.28,231.05,236.30,235.77,232.13,231.74,231.09,232.94,231.14,230.20,220.49,215.01,213.22,208.89,204.38,193.30,188.45,179.03,172.63,159.20,152.74,146.32,135.69,127.02,120.43,110.35
135.16,150.89,164.00,178.10,189.21,201.97,212.23,223.89,223.61,226.32,226.50,227.27,224.41,219.89,216.67,220.27,216.37,219.15,217.00,211.62,206.32,208.61,209.44,209.15,211.24,214.44,215.23,211.57,215.02,215.35,212.87,211.07,212.46,215.23,210.95,210.38,203.58,198.13,196.33,193.75,189.17,178.06,175.09,165.60,159.01,147.99,143.22,137.77,127.22,118.95,113.16,101.02
135.13,154.55,169.92,184.69,194.14,207.27,217.55,231.49,235.70,238.32,240.20,241.40,239.40,240.22,235.67,239.37,240.21,237.51,237.97,234.10,227.32,232.36,230.55,231.37,231.56,234.69,233.94,230.99,230.46,228.22,229.02,221.36,222.64,225.00,220.77,218.19,213.70,210.28,204.55,201.48,196.54,187.80,179.97,173.29,167.72,154.84,148.07,140.86,132.85,125.25,116.04,103.73
128.41,147.00,158.05,173.28,183.71,194.81,204.41,217.89,221.06,222.34,226.11,227.61,228.37,227.14,226.55,225.88,227.76,224.54,225.74,222.58,216.69,218.69,221.65,222.61,221.65,221.54,223.66,219.46,220.15,219.74,217.46,214.35,214.57,212.36,209.47,208.70,203.87,199.90,194.00,189.17,184.76,177.80,169.96,162.19,158.00,145.78,141.95,134.24,127.03,117.41,110.39,97.74
125.30,145.67,155.86,169.11,179.62,190.26,200.32,216.09,217.49,221.65,221.92,225.09,224.64,222.50,220.42,224.59,222.47,223.76,224.15,220.62,215.41,218.50,221.90,221.77,221.92,225.00,224.15,219.21,218.66,220.57,218.16,213.60,214.02,214.44,208.40,206.87,199.92,195.35,189.86,188.68,185.23,172.80,170.47,161.64,158.53,145.91,140.47,132.23,125.94,117.69,111.25,99.62
143.84,164.47,179.28,192.35,205.07,218.82,228.27,245.08,248.64,252.12,254.66,257.15,258.05,255.43,252.62,255.64,256.00,257.34,257.39,251.73,249.45,252.20,254.47,257.19,256.96,260.17,261.32,257.84,254.95,255.31,252.66,248.65,247.41,248.52,241.67,238.52,232.65,226.00,220.79,218.04,213.81,200.52,198.01,185.83,184.95,170.74,163.60,156.40,147.90,139.82,130.63,116.43
139.95,160.29,174.93,188.83,199.86,213.04,223.67,237.43,242.23,244.02,247.12,250.80,251.46,247.34,246.15,246.59,247.62,247.40,252.72,246.13,245.03,244.50,250.20,250.64,254.64,254.34,255.64,252.72,252.11,253.07,250.84,244.90,243.77,244.17,240.21,234.34,231.08,224.59,217.48,216.45,209.58,200.28,195.16,184.55,183.84,169.00,164.78,155.72,148.92,139.23,133.02,118.38
132.14,151.82,165.08,178.21,193.13,205.12,213.34,225.16,227.14,227.24,231.35,229.20,228.90,224.66,221.92,222.58,220.23,219.28,218.72,217.83,214.95,218.08,219.94,222.73,228.74,229.65,235.29,238.17,245.69,242.91,242.06,237.59,241.60,239.20,234.76,230.70,227.04,220.64,216.47,209.77,203.75,196.09,189.83,181.60,179.14,168.94,166.71,154.94,147.83,138.96,131.87,119.51
122.64,140.04,151.72,165.08,178.06,189.07,198.08,208.28,207.95,208.31,206.78,206.52,205.55,198.80,194.36,191.32,192.51,186.55,188.49,181.16,179.57,180.71,183.71,182.62,187.28,198.03,198.25,209.31,220.02,232.61,240.79,241.83,240.93,240.10,232.36,228.65,216.09,211.07,207.06,203.54,198.46,187.88,185.84,178.21,175.57,164.79,158.96,151.54,146.18,136.06,131.14,118.60
126.48,144.20,158.45,172.03,182.46,196.23,202.00,215.96,216.02,218.56,216.62,215.34,217.19,207.18,204.08,206.40,198.30,199.12,203.09,193.22,190.41,190.95,199.42,208.72,210.80,215.72,220.88,234.02,247.16,258.75,255.31,250.46,240.63,238.21,228.65,226.32,217.90,211.12,206.19,203.19,200.69,185.31,185.32,176.64,171.27,163.08,159.33,150.08,145.44,137.38,126.61,116.02
115.88,132.41,146.11,156.95,166.40,177.02,187.58,195.36,198.20,198.28,200.00,197.36,197.00,194.15,191.90,191.02,188.49,189.61,189.40,188.56,187.48,191.91,197.74,198.64,208.27,211.62,222.19,224.70,226.17,227.56,231.01,227.78,225.44,226.11,219.97,216.82,214.41,208.00,204.28,197.20,193.44,185.35,181.00,172.70,171.68,159.48,154.74,149.05,143.29,133.73,125.90,114.06
122.64,138.52,151.35,164.77,176.26,187.32,196.33,205.65,208.00,209.65,210.35,210.66,210.30,206.17,202.81,205.97,203.92,202.80,205.68,204.79,206.55,212.76,217.34,223.57,228.83,234.65,243.85,243.17,245.81,248.50,245.23,242.85,240.31,239.35,232.48,231.63,225.50,219.76,214.93,210.19,205.78,196.35,191.27,181.66,180.68,168.51,166.14,156.97,149.91,139.92,133.18,119.36
123.43,141.57,152.41,166.83,178.33,188.68,198.08,210.64,210.62,212.41,213.93,212.72,211.56,205.65,206.55,205.45,204.86,204.16,208.61,205.55,207.86,213.46,220.05,225.16,234.30,242.53,252.68,251.75,255.33,258.60,254.59,251.03,248.78,249.95,243.15,242.46,235.51,228.98,223.04,219.10,213.89,202.41,200.32,191.07,187.58,175.86,170.99,161.83,154.74,147.36,137.77,123.84
116.02,135.15,145.73,158.83,169.11,178.85,189.64,199.27,199.27,201.26,204.36,200.41,201.80,199.01,198.70,198.22,199.25,196.09,199.30,201.22,200.14,208.89,212.95,218.08,223.90,229.09,239.18,239.60,243.83,242.87,240.62,236.60,234.63,235.26,227.80,224.59,222.40,217.33,211.54,206.65,201.08,193.88,186.01,179.64,174.90,167.84,163.34,154.87,148.84,139.99,132.44,117.10
116.04,130.60,141.35,156.52,168.34,177.54,187.32,197.20,199.02,200.86,202.01,200.20,199.42,197.08,193.26,196.96,195.02,197.49,198.07,198.44,198.65,206.71,210.20,216.49,221.06,228.23,238.44,238.08,240.67,240.17,239.41,234.08,232.82,233.93,225.28,222.80,220.93,211.45,208.75,203.81,200.42,190.44,186.82,177.46,174.54,165.42,161.12,153.38,145.34,137.00,131.32,118.81
122.59,142.86,152.54,166.33,177.23,188.74,198.49,209.50,212.85,214.13,213.46,214.03,213.71,209.48,207.86,211.07,208.01,210.64,212.62,210.62,206.82,214.66,219.99,227.14,230.00,239.94,248.20,249.42,254.00,255.41,254.14,249.84,251.14,251.29,243.68,241.87,235.13,229.90,224.32,219.21,215.82,202.48,198.98,192.04,187.75,177.63,172.24,165.03,156.26,148.93,139.03,125.23
121.81,142.64,153.65,166.54,177.10,188.48,198.07,209.54,212.49,212.49,218.59,213.32,213.96,212.14,209.47,211.01,211.63,208.92,211.73,212.98,210.00,216.15,223.39,229.59,230.67,238.10,248.78,250.68,252.00,254.40,252.67,249.80,251.68,245.97,242.89,239.01,236.18,228.28,222.19,216.39,212.29,203.86,195.13,188.68,185.97,176.71,172.07,163.25,155.72,146.51,139.12,124.65
123.00,142.21,152.46,164.40,178.73,189.21,199.25,206.93,211.68,212.06,214.46,214.95,213.46,211.57,209.12,210.69,209.50,210.30,212.29,209.30,206.20,214.46,217.45,222.83,225.85,229.51,241.30,242.74,245.35,247.92,246.59,244.00,246.86,245.74,239.28,239.11,232.12,226.30,219.72,215.71,211.01,200.14,196.66,186.94,184.70,173.97,170.58,163.11,153.64,144.17,136.85,123.18
123.47,139.81,150.87,163.52,175.64,186.90,195.60,208.06,208.72,210.28,211.24,214.09,212.76,208.49,205.51,206.17,209.16,207.52,209.72,206.96,203.59,207.04,211.68,216.26,217.95,224.59,232.31,231.53,233.89,236.76,234.54,233.68,236.65,239.01,233.91,230.85,227.85,221.05,213.85,213.35,206.95,196.92,191.85,184.91,180.42,169.73,164.98,157.38,149.21,140.94,133.65,120.93
126.44,146.66,154.85,168.24,183.00,193.02,202.41,212.72,216.67,217.51,219.92,221.11,222.38,217.44,216.45,218.08,217.10,215.39,217.08,215.64,211.63,214.58,214.54,217.91,220.33,222.30,226.64,223.88,227.30,228.83,225.47,224.21,226.27,227.98,224.08,226.21,223.66,219.01,215.13,212.28,209.61,200.59,199.06,187.26,185.35,174.09,168.01,163.62,153.05,141.03,136.95,123.04
126.50,148.41,160.65,173.35,185.27,196.74,206.93,215.02,218.82,218.89,221.88,222.80,219.91,218.00,213.89,213.38,213.19,211.37,211.00,210.15,204.71,203.48,206.90,207.94,208.28,209.98,209.75,211.81,212.40,212.25,215.37,209.85,222.99,228.65,228.98,231.19,228.48,221.65,217.60,214.22,206.82,197.31,193.79,185.54,185.06,173.90,170.76,163.48,156.20,144.17,138.74,124.53
124.46,143.03,156.60,170.07,181.03,192.23,201.94,212.19,215.19,215.67,220.42,220.11,220.05,217.61,217.41,215.80,217.28,215.10,214.68,213.78,208.37,212.48,216.06,217.68,218.30,220.42,222.42,220.66,218.21,218.72,216.95,212.43,216.23,216.67,212.43,212.42,212.36,208.72,206.49,204.75,199.16,195.60,187.84,180.68,177.80,169.01,161.97,156.03,147.63,140.60,131.85,119.71
122.77,142.80,153.53,165.47,176.65,187.86,195.74,207.23,208.93,212.81,213.85,215.54,214.25,209.86,211.01,211.59,210.12,210.34,209.12,206.65,201.70,203.92,205.60,209.48,208.47,212.51,209.06,207.18,210.28,209.29,204.71,202.98,202.15,206.37,202.36,201.02,200.19,196.65,195.97,195.03,192.31,185.72,184.11,175.82,173.22,162.25,158.40,153.22,144.59,137.20,128.81,116.30
127.31,146.60,158.45,173.03,183.60,196.60,202.94,214.41,215.57,215.34,218.83,220.29,219.00,215.60,215.11,214.11,215.23,212.60,212.95,210.23,206.65,208.19,209.51,212.84,211.59,212.02,212.62,208.57,209.31,208.29,208.00,202.20,203.18,205.23,203.21,204.24,204.95,201.56,200.36,196.86,195.82,188.48,182.63,177.61,174.15,166.96,162.27,155.63,150.31,142.84,134.18,120.70
129.25,147.83,158.40,173.05,186.21,195.35,204.24,213.34,217.62,218.01,219.67,223.09,218.28,216.67,213.53,212.60,212.81,212.23,209.20,207.19,201.19,201.69,205.43,204.66,204.01,208.32,204.84,198.21,196.58,195.56,192.78,190.13,189.26,190.25,188.16,187.83,183.99,183.10,185.40,185.54,184.36,176.50,176.07,167.07,168.50,161.77,157.19,153.69,143.84,138.29,131.80,123.43
83.02,93.15,102.00,111.87,119.27,123.86,128.65,144.78,150.28,157.44,163.68,174.66,179.14,182.21,190.44,196.54,205.29,212.68,218.52,223.02,230.29,232.13,240.28,245.69,244.00,249.00,245.69,238.30,234.80,232.85,224.80,214.00,203.81,193.33,185.60,177.73,168.86,158.82,147.87,137.64,128.60,119.63,113.60,107.28,103.02,93.34,88.00,86.47,77.10,72.01,67.27,62.17
89.59,99.16,105.99,111.83,118.27,127.14,132.52,138.68,144.81,145.04,158.37,169.94,175.28,183.64,192.04,204.92,211.56,219.91,227.86,232.77,244.71,248.24,255.31,258.00,260.91,263.23,260.68,256.20,256.25,249.18,244.40,236.04,225.38,220.05,215.06,206.31,201.95,191.85,186.34,175.42,168.01,158.32,150.14,138.13,132.64,116.35,107.47,102.83,94.92,87.24,83.10,73.50
89.94,102.55,108.23,115.62,123.17,130.92,139.59,148.79,157.19,162.46,174.26,182.33,188.14,196.40,201.84,210.95,217.55,225.50,230.22,238.21,246.88,251.02,256.96,263.47,262.83,267.59,265.01,261.90,260.07,254.33,249.78,239.27,230.64,221.65,216.95,209.68,201.52,188.81,179.25,169.50,157.32,148.12,138.72,131.23,125.21,112.70,106.53,98.60,90.55,83.82,78.71,71.06
87.71,97.02,107.94,116.04,118.90,126.04,133.70,140.94,151.08,159.97,168.61,180.31,182.94,191.51,197.50,204.66,217.50,222.09,225.38,233.32,242.42,245.73,252.10,254.34,256.33,260.98,259.34,251.56,250.28,244.72,238.65,225.89,218.83,212.40,206.61,197.08,189.42,180.90,174.47,166.03,160.59,149.28,144.75,135.21,128.74,114.48,108.30,101.83,96.05,89.05,80.22,71.84
79.43,87.62,99.85,110.89,117.63,128.41,131.37,135.72,138.28,146.74,157.61,170.88,175.41,187.01,195.43,203.91,214.44,224.72,231.86,236.41,244.70,251.29,254.95,257.75,259.62,263.91,263.59,256.98,256.27,251.92,246.08,237.61,230.05,226.05,220.97,215.70,207.54,200.47,193.94,186.10,176.88,167.59,158.32,150.62,142.27,127.88,119.85,111.83,101.20,95.19,86.54,75.66
73.88,82.93,90.80,91.02,99.20,102.58,110.45,112.26,121.28,125.26,132.97,144.52,147.65,156.03,159.29,167.91,174.29,177.72,184.10,190.25,194.51,196.02,202.80,200.35,202.34,207.47,198.39,194.20,193.04,187.52,182.36,174.80,164.47,161.62,155.57,152.27,144.22,139.70,135.07,130.38,126.49,119.33,113.16,109.24,105.08,94.85,89.40,84.17,77.08,72.14,65.86,59.17
83.77,93.51,102.08,106.90,114.16,119.52,126.46,137.30,142.20,151.61,161.31,172.82,178.03,185.95,191.04,199.70,210.88,219.21,223.40,228.04,238.02,245.02,250.01,255.20,254.59,259.31,256.88,251.91,250.17,247.19,239.72,230.34,224.57,220.79,216.00,210.23,203.60,193.31,189.17,182.01,174.13,164.78,159.30,150.71,144.25,132.03,123.04,115.21,105.11,97.64,88.39,78.39
96.54,103.70,111.65,119.40,126.13,135.62,140.89,149.22,159.88,166.24,176.51,186.60,191.46,198.04,201.64,214.44,221.16,227.80,230.76,237.39,245.58,249.90,254.89,258.70,259.41,262.56,260.73,256.13,256.13,247.73,242.80,231.23,222.85,215.08,205.77,198.43,193.85,183.74,174.43,162.52,158.81,153.22,144.27,135.15,129.76,122.07,116.04,108.05,97.72,91.27,84.65,77.39
81.25,87.82,95.52,100.65,108.67,115.07,122.00,127.42,134.71,140.58,151.27,161.00,163.57,170.36,176.26,185.65,190.96,195.56,200.94,205.85,214.67,217.23,222.77,224.22,224.51,227.80,225.85,222.62,220.33,213.48,209.51,200.47,192.77,184.70,178.24,175.57,171.23,162.89,156.67,144.68,137.93,136.12,128.41,123.76,118.98,111.33,105.77,98.06,90.35,83.29,74.73,67.12
89.47,98.35,106.85,113.84,119.60,128.47,136.01,143.81,150.62,156.40,166.88,176.26,181.03,185.27,189.95,199.61,205.63,212.85,216.60,219.97,226.37,231.61,236.10,239.88,239.56,240.62,238.95,234.08,231.89,226.88,217.56,208.73,197.65,191.13,184.02,175.09,167.20,157.81,150.33,146.51,137.83,131.22,130.25,122.33,119.55,110.02,102.96,98.79,90.70,83.74,77.23,68.10
89.55,101.39,106.00,114.76,121.85,126.49,135.07,145.62,151.35,157.00,169.17,178.04,181.11,188.30,194.49,202.14,211.12,218.75,223.68,225.21,234.48,237.45,244.13,246.71,247.43,251.79,250.57,245.42,245.80,238.73,235.14,225.39,217.85,211.10,205.35,196.47,191.00,178.87,169.06,166.64,155.42,149.83,144.52,137.12,133.38,123.00,115.02,110.16,102.26,92.72,85.87,75.60
92.70,103.23,106.40,117.10,119.51,132.98,130.55,144.81,152.16,161.48,166.21,177.65,180.14,188.22,193.89,203.06,210.26,215.75,223.39,225.06,234.91,238.03,245.10,246.62,247.52,254.20,249.90,244.24,246.21,240.75,234.80,227.53,220.27,216.10,209.77,202.07,193.05,182.58,172.84,164.35,157.89,150.95,145.80,139.82,135.07,125.16,120.34,112.29,102.65,96.60,89.99,80.02
82.81,92.13,96.32,102.04,107.49,112.92,118.43,124.96,134.11,137.75,149.26,155.54,161.08,166.43,168.34,180.28,185.32,191.60,195.88,198.44,206.19,209.77,214.00,215.39,213.77,218.76,212.05,204.43,199.92,195.63,191.26,182.39,171.21,165.56,160.58,151.42,146.05,139.28,131.37,128.04,124.42,121.56,119.42,116.21,115.04,108.17,101.98,97.86,89.27,86.01,75.50,69.35
83.01,93.52,97.00,103.41,108.17,117.00,118.19,123.76,132.64,137.06,147.80,156.47,158.75,167.11,171.03,180.94,187.21,192.11,194.93,198.71,208.12,206.55,214.67,215.42,214.23,216.30,210.04,204.83,201.42,195.23,190.65,180.27,172.05,163.25,155.54,150.33,143.67,138.46,133.15,125.61,124.33,121.93,118.96,115.94,114.11,107.30,104.00,98.47,90.80,86.28,76.06,69.40
92.27,95.88,102.94,110.72,118.27,124.89,130.97,133.20,142.23,149.60,159.76,167.60,171.03,179.01,183.98,192.30,197.99,204.00,207.33,213.76,221.38,223.81,229.68,229.06,234.05,234.97,233.49,230.06,227.79,225.06,220.49,212.34,202.36,193.00,189.13,182.92,176.60,164.35,157.41,151.01,148.66,141.91,134.73,134.01,130.25,122.07,115.97,108.98,101.24,94.05,87.32,77.78
93.56,101.12,108.90,113.18,120.54,125.00,133.20,142.00,148.49,155.08,165.95,174.18,178.91,186.32,188.94,198.30,206.12,211.45,216.78,218.39,228.01,231.61,238.32,239.24,242.53,244.71,246.05,241.88,240.63,237.00,232.74,220.86,216.54,214.25,208.63,199.02,191.44,176.92,169.75,167.26,159.15,154.51,149.16,145.89,140.94,129.97,124.78,117.21,109.77,101.79,90.91,81.71
91.02,99.33,109.04,113.70,122.10,127.68,134.03,142.08,147.34,154.56,161.84,172.41,179.33,184.35,189.00,200.57,205.30,211.85,216.51,221.50,228.73,232.46,237.12,239.71,241.81,246.90,249.78,242.54,243.00,240.88,237.50,230.73,223.97,221.00,214.56,210.44,199.62,186.17,175.85,173.08,164.47,159.01,158.32,149.69,142.66,134.35,129.14,121.17,114.02,104.79,93.15,84.29
69.81,75.72,82.87,84.38,90.09,94.58,99.02,106.21,110.06,116.71,127.88,136.30,143.40,153.44,158.32,169.61,178.19,183.10,187.24,190.39,199.33,204.28,205.15,206.12,211.45,216.00,211.02,206.74,204.39,205.12,197.77,191.64,183.21,178.19,176.95,172.51,169.32,166.33,165.22,160.53,161.52,155.97,147.83,145.17,139.34,128.16,123.91,116.25,103.47,93.72,85.96,76.30
86.76,93.43,99.46,102.80,108.45,115.25,117.07,124.34,132.23,140.36,150.22,156.82,162.26,171.77,179.03,188.62,196.40,203.21,209.69,216.33,224.74,230.49,234.48,236.08,242.87,246.95,252.41,247.07,249.88,247.75,243.23,241.03,238.37,240.42,239.27,235.79,229.68,219.54,210.88,204.09,196.62,186.42,176.98,168.60,164.40,148.22,142.72,130.67,121.49,110.11,97.67,85.70
84.29,92.70,97.02,101.39,109.88,117.34,118.36,125.87,132.00,135.95,149.21,156.87,162.79,171.98,180.69,188.60,196.64,198.93,206.77,212.48,220.41,224.80,230.93,234.69,241.12,244.90,244.62,246.73,243.76,242.87,239.42,233.14,233.08,233.55,232.00,229.90,222.06,217.33,207.62,198.83,188.22,185.17,171.49,167.22,163.03,148.41,141.91,129.27,118.43,106.51,96.51,85.76
85.00,91.76,98.41,102.42,111.02,117.18,116.93,128.16,132.88,140.36,151.24,159.33,167.04,176.41,183.81,193.28,201.54,204.17,212.25,216.11,226.31,230.05,234.61,241.09,246.00,249.84,251.02,249.06,249.39,247.65,244.74,239.11,236.43,240.68,235.65,233.96,226.43,219.79,211.22,200.83,192.35,184.84,176.57,170.19,164.56,147.87,140.25,130.14,120.02,109.62,97.08,84.15
75.66,82.86,85.04,90.47,97.74,102.42,108.34,113.70,119.88,127.88,140.17,145.67,153.57,167.24,173.36,179.39,189.17,193.26,197.50,202.87,210.24,215.57,219.67,218.92,228.37,226.36,227.76,222.04,224.59,218.91,214.87,209.46,204.02,202.71,204.02,206.82,208.43,215.02,214.56,199.46,183.66,173.51,160.15,153.39,145.88,133.12,125.36,111.02,104.24,93.04,86.05,75.89
96.90,107.62,112.45,116.66,128.00,133.45,140.25,148.07,154.38,161.04,175.85,181.47,186.08,196.66,202.19,210.58,220.23,222.47,232.66,236.17,244.61,249.58,255.98,258.81,264.68,265.93,270.15,268.15,267.98,265.53,262.00,254.97,250.45,251.14,243.24,240.10,230.49,222.04,214.85,203.04,196.31,190.32,177.10,170.85,166.21,154.35,149.11,136.56,124.81,113.18,105.04,93.94
91.76,101.12,106.62,113.00,120.15,129.45,132.00,140.04,148.25,156.97,166.74,174.32,181.04,187.26,196.12,201.31,209.50,217.15,224.88,226.05,234.92,240.10,244.83,249.24,252.98,256.46,260.95,254.56,255.98,253.57,253.06,246.02,240.63,241.41,234.18,229.08,221.36,213.40,206.32,195.90,189.08,182.10,170.76,165.41,160.18,147.49,141.83,132.41,120.78,111.02,103.23,90.43
91.76,101.12,106.62,114.16,123.02,130.60,136.82,141.23,148.28,156.12,169.01,176.14,179.72,191.01,199.32,203.94,213.36,218.00,225.87,230.00,240.57,242.87,250.25,254.54,258.63,261.34,262.43,259.75,259.89,256.84,256.85,247.73,244.47,244.71,238.21,234.77,230.79,222.07,212.21,202.99,193.57,188.00,177.23,168.68,166.15,151.86,145.26,134.97,124.20,113.81,105.48,91.79
94.26,101.08,109.46,116.18,120.42,126.25,131.48,141.17,150.00,157.78,167.62,175.33,179.94,190.44,198.30,203.27,212.87,220.20,223.77,229.84,238.72,244.10,251.45,251.45,258.44,260.76,263.10,260.73,258.77,256.01,253.13,246.27,240.11,243.29,245.22,234.72,229.98,220.44,212.36,206.74,195.18,189.24,177.90,172.74,166.63,153.17,143.84,134.45,124.81,113.85,102.46,90.20
82.42,89.31,95.08,99.25,106.23,112.29,116.02,123.47,129.25,138.05,147.25,155.05,159.76,169.37,175.92,183.71,192.01,198.21,201.02,208.48,214.46,218.22,224.47,227.40,228.87,232.94,233.07,227.17,226.74,221.46,214.46,210.30,205.64,200.81,198.01,200.52,197.43,199.48,207.96,209.54,197.10,178.62,165.68,156.59,150.37,134.41,125.21,118.60,106.57,99.08,88.14,77.08
90.21,97.62,102.79,110.00,115.80,123.17,128.00,136.62,142.79,152.32,163.62,174.48,178.21,187.63,193.88,200.90,210.92,217.08,222.87,228.83,235.15,242.74,245.73,251.02,255.44,258.99,261.61,258.54,256.91,253.31,248.56,244.35,240.01,241.85,238.42,237.74,231.70,228.12,222.87,215.33,204.16,192.04,181.34,173.66,168.24,153.00,147.68,134.27,125.60,113.55,105.12,91.76
87.32,96.94,101.53,106.10,117.43,122.43,128.70,135.48,142.95,149.86,163.78,168.88,175.28,188.18,194.43,203.34,213.12,215.13,222.66,227.72,238.77,242.04,245.13,250.88,256.30,258.31,258.37,255.07,256.87,250.12,246.07,243.88,238.02,237.95,233.59,235.85,231.32,228.69,225.01,216.09,206.55,194.18,178.89,172.84,166.63,155.60,145.78,135.09,124.72,112.61,104.62,93.30
82.10,90.14,93.60,100.00,106.04,114.63,120.07,126.05,133.66,139.79,152.86,158.32,166.24,175.68,180.97,189.10,198.34,201.11,209.31,216.23,225.26,227.04,232.94,236.28,240.00,245.20,247.52,240.63,240.24,234.05,232.42,226.24,223.02,221.02,218.06,218.87,214.68,212.81,213.94,206.29,197.69,187.11,172.15,165.08,156.04,144.90,136.62,126.25,119.10,105.17,97.58,86.37
77.47,87.21,91.92,95.88,102.08,109.66,114.63,123.11,129.00,137.06,147.49,155.08,160.64,170.49,176.40,183.98,190.54,197.01,203.98,210.26,215.75,222.25,226.05,229.75,235.79,237.43,237.70,235.85,234.18,229.53,224.02,221.82,214.87,214.25,210.58,209.38,205.91,204.27,205.20,203.83,196.29,185.39,172.41,161.98,154.30,141.72,132.64,123.13,116.21,103.81,96.14,84.02
138.29,155.05,167.94,182.58,194.49,206.58,215.23,225.49,226.38,229.90,233.89,235.05,234.08,236.14,235.42,238.14,238.77,238.10,241.13,238.88,236.66,239.41,239.38,238.87,242.62,241.30,237.52,230.83,224.98,221.74,218.18,206.65,200.38,195.02,184.44,175.48,161.82,148.81,130.08,104.14,74.63,70.94,85.23,99.30,106.40,118.46,118.27,118.47,118.60,114.62,111.13,101.02
138.40,158.38,169.00,184.09,194.74,207.42,217.85,227.61,232.81,236.18,240.25,241.66,243.31,241.60,241.12,245.42,246.91,247.80,252.14,250.58,247.14,252.18,256.11,257.07,259.85,259.38,259.62,249.45,247.36,244.44,239.06,231.08,222.90,221.20,210.34,206.39,197.99,190.06,183.11,176.92,173.40,167.14,170.88,166.09,160.31,145.77,140.47,135.67,133.96,126.09,119.08,113.00
134.01,151.48,163.05,178.31,189.68,201.54,209.91,222.73,222.41,226.15,229.30,232.88,233.81,234.05,234.54,239.53,241.87,243.52,246.61,247.88,243.42,249.23,251.31,254.39,259.28,258.14,252.87,248.94,246.98,242.19,241.00,229.31,222.05,216.45,209.99,204.30,197.52,187.38,179.07,170.18,158.67,145.46,130.51,126.49,125.93,123.98,119.57,124.79,125.40,118.19,108.78,100.22
133.93,151.49,166.01,177.54,189.39,201.42,208.66,223.22,225.70,229.17,234.00,235.99,236.69,239.01,240.40,243.85,247.64,248.65,253.46,252.12,254.80,259.79,262.12,262.99,267.44,268.42,266.06,262.94,262.88,258.31,254.24,241.87,238.00,234.44,226.14,217.79,212.96,206.29,197.31,189.36,179.77,174.73,166.37,147.35,140.70,135.92,130.25,127.66,123.07,118.23,112.75,104.92
126.29,143.84,156.29,169.85,180.23,192.42,200.25,211.90,214.84,219.67,222.06,227.42,228.33,227.76,229.07,234.08,236.54,239.35,243.74,244.47,244.81,249.16,254.80,255.16,258.94,261.27,262.83,254.70,253.95,250.20,249.88,241.25,233.34,232.33,222.80,216.23,208.46,202.42,193.79,191.05,184.29,170.46,169.14,161.23,150.88,136.47,129.26,127.48,121.49,115.26,106.61,99.41
128.19,144.84,155.21,170.07,182.46,193.06,201.31,215.68,218.59,222.64,222.65,229.01,231.01,231.45,233.21,237.40,240.52,243.46,249.23,248.28,250.42,255.89,261.23,261.11,265.45,268.38,269.74,262.25,261.72,259.03,255.89,246.43,241.30,239.41,232.48,228.54,219.58,210.15,204.43,203.74,198.25,182.92,183.37,177.10,170.07,147.46,137.31,131.03,124.19,117.43,111.83,103.28
129.00,145.56,154.06,169.16,182.04,192.94,201.38,215.37,217.80,222.32,227.50,230.83,231.37,232.95,233.69,239.27,244.76,245.46,252.00,253.34,255.77,261.71,264.25,270.05,270.50,275.05,274.90,270.80,268.02,267.23,261.89,255.63,246.55,245.84,241.10,235.30,226.64,219.86,212.88,210.02,201.36,193.20,188.10,182.60,177.46,156.20,145.09,137.20,130.73,122.58,115.28,105.26
129.65,145.78,158.71,168.24,184.62,195.42,203.34,216.23,218.52,225.57,225.58,233.26,233.27,234.63,235.69,239.89,247.76,246.45,254.28,253.31,257.22,261.20,267.56,268.78,272.81,277.20,275.54,266.09,267.28,263.41,260.43,250.80,246.43,244.74,235.92,231.31,221.27,212.47,205.83,197.59,189.64,172.25,159.20,150.44,133.60,126.18,123.32,114.98,114.13,108.02,100.66,94.85
123.79,140.89,152.59,167.73,176.71,190.26,198.21,210.28,213.12,217.17,226.77,228.18,229.58,230.33,233.57,238.76,241.75,242.87,251.18,254.68,257.16,262.92,266.48,272.44,274.83,276.62,280.33,277.42,273.59,266.02,265.96,258.63,253.79,249.55,243.30,241.05,233.39,228.74,222.10,214.03,208.73,202.06,195.33,188.37,182.88,167.87,157.44,143.95,135.87,128.51,116.07,105.95
121.20,137.74,147.79,160.75,172.20,186.04,190.94,204.63,207.20,213.77,218.08,221.02,224.64,223.22,226.02,232.14,234.61,238.88,242.68,247.29,249.62,254.83,260.68,265.19,268.48,270.02,273.94,264.69,266.11,262.03,261.09,249.56,244.53,245.84,239.02,234.27,225.28,219.23,211.01,202.81,198.70,189.62,176.38,166.64,155.22,137.44,129.26,121.40,116.62,111.07,102.65,93.04
121.17,137.88,148.22,160.08,174.66,185.31,192.66,205.07,208.59,213.74,218.33,223.06,226.59,225.20,227.26,233.35,237.43,242.67,245.47,248.34,249.82,256.83,262.61,265.19,269.76,272.62,275.96,269.25,269.92,266.96,262.80,252.72,247.02,249.85,241.54,236.62,227.80,222.17,215.39,207.39,202.61,191.67,181.16,171.21,159.83,141.23,131.47,125.40,120.00,113.36,105.55,96.57
117.04,133.41,143.54,156.31,169.20,180.24,189.17,201.31,207.18,210.72,216.62,219.16,222.80,224.02,228.09,231.20,236.17,239.71,245.20,249.72,254.01,261.02,264.95,270.56,274.65,275.22,279.96,275.77,275.09,269.95,268.16,261.61,256.02,253.16,248.41,243.53,238.21,233.21,227.30,221.88,214.31,209.62,200.96,193.55,190.39,178.46,172.35,157.21,145.84,137.09,124.46,111.16
116.25,131.02,140.01,153.64,161.90,176.40,182.32,196.76,200.14,204.97,209.15,214.41,216.62,220.10,221.25,226.21,233.34,234.92,241.01,244.72,246.50,253.66,261.47,262.61,271.02,274.31,274.41,270.60,270.90,267.56,264.66,258.28,250.60,252.20,243.52,242.03,232.43,227.85,223.22,219.78,215.01,204.36,199.12,192.28,188.30,174.87,164.83,154.94,142.21,135.37,122.25,109.29
118.31,133.23,146.82,160.46,171.47,182.54,192.44,204.28,211.10,214.58,221.45,225.23,229.00,229.07,233.27,236.91,240.98,244.70,250.73,253.48,260.28,266.81,271.84,274.59,279.23,281.52,282.31,280.71,279.11,277.05,275.19,265.83,261.60,258.63,253.60,250.00,243.30,238.45,230.51,225.84,218.33,210.45,199.57,190.18,180.35,162.36,151.25,142.87,134.24,124.39,117.39,105.70
117.60,135.21,146.29,157.38,171.09,183.31,189.17,204.20,209.69,214.41,216.93,225.46,226.38,228.88,230.11,237.43,241.35,246.91,250.55,253.87,257.67,265.00,269.24,273.98,278.65,283.13,285.33,279.16,282.06,275.38,276.41,268.49,261.54,263.09,253.33,250.84,242.17,236.86,231.08,228.71,223.96,206.52,202.67,192.82,182.00,163.99,154.35,145.25,136.12,126.66,121.20,109.90
116.36,133.54,144.81,158.90,169.10,182.00,190.43,204.08,207.94,212.16,220.20,222.65,227.56,228.49,231.05,236.56,241.03,245.60,251.61,255.43,258.99,265.35,272.66,275.09,281.13,284.92,286.81,283.02,280.96,279.32,279.66,268.54,263.21,263.41,254.10,253.27,248.29,240.42,233.77,227.98,221.71,213.58,200.89,193.26,182.21,164.66,153.44,145.00,136.24,127.42,119.24,109.66
104.65,118.85,128.04,141.15,150.23,160.75,171.64,183.81,186.72,190.54,196.33,202.09,206.55,207.17,208.93,215.80,218.02,222.64,231.92,233.03,239.21,246.71,251.83,258.17,262.25,264.37,268.78,263.35,265.69,261.29,262.19,252.24,248.20,249.69,242.26,239.73,231.97,229.58,222.81,220.33,216.36,206.37,203.50,191.77,189.71,176.78,167.32,156.16,146.24,137.87,126.56,113.41
108.07,122.64,133.18,145.52,156.54,167.62,178.06,192.51,195.82,201.82,204.44,210.62,213.84,215.24,217.71,224.80,227.42,233.47,241.99,245.84,249.01,257.07,263.87,267.05,274.64,278.24,282.14,274.49,277.30,275.54,272.75,264.47,260.65,262.29,254.47,253.16,245.51,240.40,235.26,233.79,229.44,214.72,212.20,204.07,201.36,183.50,173.90,162.93,150.27,143.03,133.20,120.11
112.51,128.43,136.12,151.08,163.22,172.53,181.69,196.62,201.72,205.99,209.72,216.39,218.28,219.86,220.66,228.01,231.62,232.73,243.77,246.17,251.75,259.94,263.10,269.45,270.78,279.22,281.01,275.11,273.89,272.94,270.05,264.28,261.20,257.66,252.72,248.77,242.40,234.97,228.35,227.72,219.20,207.12,200.26,190.54,183.01,163.67,154.77,145.87,139.01,127.61,121.75,108.85
111.09,128.32,137.79,149.21,165.08,177.79,184.53,199.01,202.30,207.20,209.75,217.66,220.48,221.47,223.96,229.62,234.00,239.57,247.59,248.62,252.40,258.94,267.51,269.27,274.18,279.33,282.21,275.54,278.72,275.80,271.09,263.50,259.51,262.23,257.16,251.10,240.78,236.91,231.05,228.87,223.81,210.66,202.55,193.83,181.40,165.56,156.70,149.09,140.53,129.32,124.72,114.98
112.16,128.32,137.00,152.27,165.52,178.04,182.17,198.73,201.94,209.04,209.77,217.83,222.31,220.20,222.91,229.94,234.54,240.01,245.70,247.31,252.41,259.22,267.48,269.74,276.38,280.79,282.68,276.99,278.01,276.25,274.39,266.66,262.92,262.07,256.89,252.81,244.92,237.47,232.47,228.54,225.04,207.21,201.26,191.51,180.50,164.10,156.71,148.95,138.03,129.36,121.17,112.95
99.86,113.16,118.60,132.00,136.62,151.73,155.79,167.09,172.10,179.54,179.41,184.20,188.88,189.61,194.49,199.49,201.82,206.16,214.26,216.91,221.31,227.27,233.09,239.14,243.96,246.13,247.03,247.74,250.00,241.88,243.81,237.72,234.93,233.33,225.36,221.69,218.63,213.53,209.67,207.59,205.07,191.89,189.84,181.54,178.49,163.22,152.53,144.28,133.15,125.00,113.00,113.77
112.64,127.39,139.46,153.12,164.14,176.73,182.01,198.60,201.63,206.52,211.56,214.46,218.44,220.11,222.28,229.46,235.53,240.95,243.58,247.10,250.95,260.60,267.37,271.95,276.80,280.46,283.01,278.65,279.30,277.02,274.55,266.05,261.19,261.96,254.70,253.16,245.28,237.39,233.14,227.91,221.05,209.69,200.04,188.56,179.00,165.37,155.22,147.11,140.73,130.97,121.20,111.22
111.13,127.09,137.97,150.71,163.57,175.14,181.91,196.47,198.72,204.38,209.48,214.76,216.69,217.25,221.06,226.37,233.32,237.03,243.40,243.59,247.92,256.52,263.59,268.40,271.98,277.46,279.87,275.48,274.12,274.05,270.80,262.55,257.97,259.98,253.65,247.75,241.97,234.39,229.26,223.59,218.36,207.62,196.79,187.30,176.71,163.25,154.69,147.00,139.06,127.10,121.94,110.00
105.02,119.92,128.80,140.80,151.60,161.40,171.35,186.27,190.03,195.49,199.01,205.73,207.28,208.87,212.04,217.60,221.82,227.80,233.62,235.54,241.03,249.10,254.49,258.44,261.37,264.09,270.57,262.43,262.27,261.77,259.99,251.77,247.16,249.37,242.22,238.35,233.39,225.47,223.14,221.69,216.16,206.19,205.08,195.82,193.60,178.37,170.10,159.35,148.53,139.56,128.10,114.63
103.73,118.07,129.47,140.07,152.53,164.76,169.01,183.31,185.08,191.13,194.13,199.54,201.36,201.79,203.39,211.29,214.25,221.96,226.50,227.71,231.08,239.87,245.60,251.02,255.42,261.29,263.93,239.71,214.37,187.24,227.79,249.24,239.47,240.33,232.08,229.75,223.81,216.26,207.71,208.69,201.85,188.22,178.07,173.01,161.38,150.21,142.44,137.18,128.89,122.61,113.05,102.42
116.61,132.61,144.81,157.69,170.88,183.98,189.62,206.34,209.47,214.67,220.22,221.74,227.01,228.84,230.49,237.69,241.51,246.78,252.45,257.19,260.86,269.55,272.36,278.45,283.92,287.14,287.92,286.03,288.76,282.23,280.07,272.37,266.51,266.12,258.85,257.33,250.15,241.35,236.38,233.02,224.02,211.98,203.81,191.76,181.33,167.36,157.81,150.71,142.77,135.34,126.06,114.02
102.96,118.09,128.80,140.29,153.76,164.65,170.45,182.63,186.00,190.52,194.31,199.42,202.43,201.56,205.16,210.58,217.82,221.35,226.99,227.02,232.16,239.14,244.66,248.94,252.48,255.02,259.17,255.03,254.48,251.43,250.57,241.78,238.08,237.49,231.03,228.73,221.11,214.80,206.85,204.06,197.34,188.66,180.28,169.78,161.62,147.80,141.79,135.25,128.10,118.53,113.23,102.11
105.48,122.19,130.61,142.27,154.30,164.27,171.13,182.46,186.76,192.35,195.85,201.02,203.68,202.87,205.79,212.26,215.93,219.94,225.74,228.44,233.99,240.44,244.88,249.80,252.52,256.14,259.05,255.77,255.44,251.79,248.68,242.53,239.08,237.54,230.63,228.27,219.67,214.66,207.28,204.00,197.69,187.18,178.01,169.07,160.08,148.95,142.21,136.08,129.54,119.44,114.14,103.00
106.73,123.71,131.65,145.60,157.20,169.54,174.64,188.66,189.56,195.01,198.93,204.38,206.87,207.20,211.29,214.58,219.20,223.39,229.20,234.31,236.32,245.13,249.24,255.25,257.42,261.59,264.05,260.75,258.28,255.29,254.40,247.63,241.01,239.92,233.67,232.02,221.31,216.36,210.20,205.78,198.12,188.29,178.26,168.11,160.02,148.05,140.80,135.09,127.31,120.42,114.04,104.00
110.64,123.56,134.95,148.25,159.67,172.51,179.00,190.54,192.39,197.80,200.66,207.08,208.34,209.02,213.93,218.75,223.33,225.06,233.23,236.35,239.63,248.21,251.55,256.91,261.28,265.19,268.79,261.55,262.68,256.30,255.16,248.00,244.60,243.95,236.41,233.33,223.27,218.52,211.90,207.25,199.45,187.13,179.69,170.41,160.65,148.05,142.14,135.25,130.18,119.47,114.21,103.45
110.02,124.58,138.42,149.40,161.05,171.75,178.02,189.21,192.42,198.46,201.80,206.83,210.87,209.48,213.90,219.32,223.58,227.04,233.33,235.31,240.47,246.61,253.57,256.56,264.36,263.71,267.47,263.13,262.77,256.33,258.68,248.46,243.80,244.25,234.79,231.78,225.66,218.08,212.29,203.27,196.60,185.53,176.78,166.35,158.60,145.99,139.03,134.24,129.63,120.15,112.00,100.90
113.23,125.00,135.24,148.00,159.84,172.10,177.56,192.09,196.15,199.21,203.21,209.69,211.85,209.04,210.77,217.12,223.57,227.11,235.65,233.32,241.81,246.01,253.27,255.49,259.80,263.69,266.90,260.23,260.65,257.10,254.40,245.70,242.32,242.02,234.89,230.21,220.62,213.71,205.68,203.04,196.16,184.25,175.41,167.72,159.03,147.61,140.46,132.23,126.87,119.07,111.62,99.82
106.85,123.69,132.19,143.57,157.00,164.27,173.59,187.13,191.86,195.26,200.25,205.07,209.15,207.52,210.87,215.19,222.17,224.52,234.44,233.96,241.60,248.07,254.95,257.00,261.20,267.73,269.24,263.25,259.00,259.68,255.16,250.60,246.43,246.66,240.01,235.26,228.09,220.51,216.62,215.73,208.39,198.60,193.02,185.85,179.00,161.38,155.80,148.49,139.28,130.19,122.72,110.14
113.72,127.35,137.03,148.08,162.93,175.41,179.74,192.26,196.74,200.17,203.30,209.78,212.42,211.98,213.93,216.67,224.15,228.65,236.17,237.35,240.61,246.98,254.44,255.55,260.93,265.66,268.30,260.39,260.05,260.05,256.60,247.32,240.67,243.34,234.55,231.31,221.45,212.66,209.30,204.17,196.46,181.40,173.95,166.72,159.79,147.87,140.00,135.07,127.61,120.10,114.56,106.30
108.07,124.62,136.24,146.32,162.79,170.29,174.27,191.85,197.02,200.88,202.47,208.58,210.23,209.38,212.00,221.05,224.29,231.71,235.51,237.47,243.81,251.45,257.75,260.77,265.20,272.07,273.74,266.58,265.02,263.01,259.53,250.00,247.26,248.20,239.74,235.79,228.48,220.84,217.12,216.00,211.97,199.00,194.81,186.82,179.81,162.12,156.60,150.71,137.77,132.23,123.89,112.22
112.72,129.47,140.21,151.82,161.01,176.92,183.10,194.46,195.56,201.11,208.28,210.00,213.59,213.18,216.06,221.52,226.60,229.89,236.73,237.68,244.17,250.45,255.34,257.61,262.83,267.87,269.60,262.08,262.52,258.64,258.51,248.71,240.41,241.01,233.62,231.11,223.23,214.67,206.89,203.00,196.94,185.22,174.67,167.39,158.81,149.21,141.60,136.01,129.03,123.26,116.71,104.96
120.88,137.84,148.01,161.20,174.35,185.61,190.85,206.71,207.78,212.04,216.02,222.12,223.62,226.46,228.55,233.24,239.48,243.98,248.05,250.67,255.73,263.87,269.12,273.44,276.74,280.46,281.18,275.43,273.86,272.41,270.90,260.10,251.44,250.80,244.62,241.48,233.50,222.40,217.06,207.18,198.77,191.64,180.47,172.26,163.11,154.03,146.99,142.64,135.24,129.07,121.66,110.32
117.69,135.83,147.31,159.21,169.99,181.95,188.22,201.10,205.57,207.68,211.02,217.04,220.57,220.29,223.00,230.67,232.86,237.97,241.83,245.73,252.23,259.00,262.21,268.26,271.33,274.54,277.35,271.89,272.24,265.01,264.82,255.38,252.00,244.38,236.55,236.07,229.65,220.91,214.67,207.50,199.25,189.42,180.42,170.59,164.54,154.30,149.04,141.74,136.01,129.14,122.00,109.86
119.68,137.46,148.14,160.70,173.40,184.23,190.87,204.00,208.43,212.25,213.36,221.78,222.05,221.33,223.38,231.91,237.69,242.17,246.81,249.07,252.62,261.38,265.04,268.53,271.52,279.96,278.17,271.45,269.54,268.29,264.77,256.74,251.29,249.77,240.71,239.68,229.31,220.20,216.45,212.22,204.92,191.59,183.21,175.00,166.77,155.86,152.46,145.61,135.83,130.18,124.74,113.64
122.79,140.46,150.92,163.44,176.92,188.43,195.13,209.12,213.25,216.19,219.02,225.89,228.66,225.85,229.20,236.89,243.43,247.31,252.67,253.34,257.82,265.13,272.37,273.54,277.24,284.01,284.29,278.04,276.12,274.77,271.12,263.60,258.94,255.95,248.65,244.90,236.43,229.31,223.30,217.92,210.38,195.45,189.56,178.06,174.39,162.11,157.17,150.85,142.87,135.06,129.73,118.71
122.98,142.43,150.90,164.16,178.89,189.07,196.12,208.72,214.34,216.28,219.43,224.93,228.74,227.38,230.26,237.89,241.61,247.32,252.98,255.49,260.16,268.06,269.22,275.75,279.09,284.61,285.41,279.02,277.89,275.05,273.25,263.44,260.09,258.29,248.85,246.04,237.06,225.64,221.89,219.74,210.77,200.10,190.52,179.67,173.35,163.44,158.60,154.63,142.86,135.07,130.74,120.60
124.46,140.25,150.08,162.73,176.50,188.45,196.06,206.31,210.11,213.08,214.95,222.10,225.22,224.11,226.31,233.65,236.62,244.63,250.06,250.24,257.01,265.42,265.32,269.78,274.19,277.85,279.90,274.57,273.70,273.21,266.99,258.86,253.87,252.16,243.29,242.40,235.59,225.22,219.83,215.82,207.93,197.23,187.52,180.51,172.49,164.83,162.60,153.94,145.73,137.38,131.22,118.51
114.76,132.10,143.89,156.67,172.26,177.75,185.31,201.56,205.24,210.77,215.13,211.65,217.41,214.41,219.67,224.11,232.88,238.20,242.96,246.78,250.11,258.57,260.49,264.94,267.25,269.30,270.54,267.94,266.00,262.39,258.86,249.84,244.25,239.83,233.24,230.98,225.32,214.28,207.54,198.31,192.00,185.71,175.35,170.30,165.47,160.42,155.64,148.93,142.41,135.95,130.18,117.89
120.07,136.62,147.00,160.21,172.31,183.93,190.44,203.42,209.62,212.05,215.75,221.07,223.89,222.93,223.08,231.48,235.14,242.87,247.11,251.55,256.10,262.49,268.19,270.28,276.70,280.43,283.75,275.28,275.39,272.81,268.07,262.38,259.49,258.52,252.80,250.05,241.57,233.21,231.82,228.65,222.04,208.37,202.73,192.77,189.17,173.66,169.96,163.62,152.12,145.42,137.90,127.14
117.69,136.37,147.38,160.86,170.48,183.20,190.07,202.71,207.62,209.39,214.48,217.79,220.87,221.42,223.65,230.83,234.48,238.95,244.93,248.89,253.65,262.23,264.64,271.23,276.18,279.61,278.66,274.71,273.24,269.06,268.52,259.47,257.45,255.88,247.99,245.60,241.81,235.24,229.97,223.73,219.11,210.16,200.36,191.44,185.88,175.45,167.89,161.15,154.32,146.11,137.42,124.62
120.74,137.79,149.08,160.16,171.43,184.04,188.60,202.28,205.55,208.50,210.05,213.78,218.00,216.42,219.13,224.13,229.71,233.94,239.47,241.58,245.20,252.96,257.86,260.02,265.32,270.12,270.30,263.71,264.28,260.21,257.86,250.60,246.17,243.82,238.50,232.94,228.22,219.62,210.67,208.52,201.32,192.51,186.29,176.92,174.32,168.24,161.01,154.35,148.77,139.95,135.01,122.97
118.53,137.00,147.87,159.89,171.30,182.22,189.66,202.47,205.30,209.01,212.23,215.68,219.26,219.11,224.02,227.26,231.10,236.17,241.23,245.07,250.05,255.56,260.09,264.00,270.13,272.69,273.48,268.07,269.61,264.49,263.43,256.35,252.30,250.79,244.24,243.48,239.27,235.32,230.31,223.38,218.83,207.70,202.20,191.38,187.75,176.34,171.02,164.81,157.49,148.93,139.03,128.32
121.34,139.83,147.67,160.31,174.13,184.98,191.91,201.02,206.79,209.39,211.83,215.19,220.06,218.36,220.84,227.62,231.77,236.41,241.47,243.96,248.56,256.60,261.47,265.84,268.67,272.69,276.59,269.06,268.27,267.37,261.49,255.89,252.40,254.47,248.71,245.25,239.28,233.75,229.82,227.41,221.69,210.29,203.04,196.06,189.17,180.71,175.58,168.43,157.99,148.56,140.80,130.21
118.00,137.18,147.83,159.15,170.58,182.16,190.32,199.97,205.41,207.87,211.57,213.24,216.00,215.87,217.35,221.81,228.55,232.59,237.95,240.25,245.69,250.73,258.21,261.37,264.70,269.46,269.81,263.76,263.10,261.54,259.98,251.80,251.85,248.65,245.35,243.74,239.49,233.11,227.07,224.66,218.01,211.07,202.36,196.00,189.40,181.18,175.33,169.10,160.22,150.69,142.13,128.58
119.10,137.06,146.33,159.24,170.48,180.09,189.42,198.28,202.48,205.80,210.72,210.54,214.31,213.72,217.28,223.14,227.22,232.00,235.19,240.28,242.26,249.45,255.23,261.18,267.07,268.58,268.13,265.48,265.32,264.51,259.62,253.85,254.10,250.92,246.08,244.46,238.73,233.36,227.72,220.51,214.11,207.47,198.92,190.71,186.53,177.91,173.74,168.01,155.21,149.16,140.00,127.31
117.96,134.73,146.37,157.72,170.18,179.27,187.10,197.80,201.46,206.78,208.54,211.24,213.97,212.46,214.97,220.57,226.40,230.79,235.65,236.66,239.10,247.32,251.10,256.10,261.77,266.26,265.84,262.12,262.71,259.96,256.20,248.73,250.19,249.88,244.52,242.39,235.48,230.52,224.12,222.09,213.72,202.20,197.52,188.48,185.15,175.41,169.01,165.22,155.26,146.58,140.12,127.80
119.36,137.46,148.14,160.86,169.75,180.71,187.67,198.30,204.47,204.35,209.75,211.55,212.92,214.03,217.92,221.46,225.42,229.40,233.45,237.99,241.81,249.16,252.52,259.05,262.39,263.69,266.56,263.05,261.93,259.74,258.68,251.67,251.02,249.11,243.51,241.07,238.90,233.47,226.61,221.38,216.33,207.42,198.12,191.32,187.38,178.24,172.93,168.68,158.38,151.00,141.06,128.88
120.11,138.19,146.82,159.81,171.57,181.84,189.17,201.46,203.11,205.43,208.35,211.73,214.17,212.90,215.84,220.73,226.05,229.39,234.08,235.48,239.46,247.76,252.20,256.11,262.69,266.55,266.19,262.76,264.70,263.33,260.11,254.72,253.06,252.45,247.48,246.66,240.01,233.42,225.51,221.84,215.42,204.98,199.49,191.23,186.90,178.81,171.48,166.93,156.92,147.96,140.29,129.76
120.93,138.60,149.09,162.27,172.10,183.98,191.85,200.86,203.40,206.62,210.64,211.14,215.08,215.74,220.17,221.88,226.40,231.23,236.10,238.37,241.17,250.07,252.72,258.72,262.96,264.94,266.22,263.43,263.80,262.09,261.32,253.60,251.96,250.80,246.02,245.52,241.37,235.23,228.49,224.35,217.71,212.17,204.45,196.24,190.56,182.70,177.54,171.06,161.25,153.29,143.60,131.37
121.04,138.00,148.22,161.23,172.53,182.39,192.40,202.05,204.30,207.66,210.85,212.21,216.62,214.28,217.17,221.47,227.02,231.97,236.24,236.60,240.57,248.02,255.26,257.96,263.19,267.68,267.53,265.92,267.76,264.76,263.82,255.16,254.49,255.02,248.49,248.49,241.65,235.37,227.08,224.01,215.24,206.81,201.09,192.94,189.64,180.71,174.89,169.73,160.64,151.73,143.78,129.87
120.93,137.46,147.76,159.42,172.89,182.48,187.04,200.14,203.54,204.35,209.06,211.38,213.49,213.04,214.98,220.00,224.18,228.37,230.84,236.36,238.52,247.43,251.18,256.63,259.56,259.61,263.43,262.88,262.05,258.66,258.43,251.33,251.03,249.47,243.30,243.40,240.41,234.55,226.29,223.77,218.16,211.85,203.84,195.27,190.96,182.10,177.28,171.42,160.53,153.38,145.00,131.40
90.09,99.76,106.93,116.10,123.04,132.83,136.17,145.01,150.42,153.40,153.73,160.80,165.28,165.22,166.19,173.69,179.45,185.80,187.22,193.19,198.91,204.36,215.93,216.97,223.14,227.85,231.39,224.88,223.91,221.92,216.38,215.35,152.32,150.79,147.80,155.67,158.47,162.25,163.60,170.75,173.08,168.08,167.24,163.45,160.18,143.03,116.90,94.54,86.95,78.75,94.92,97.14
117.34,135.83,146.77,160.42,170.49,180.47,187.26,200.85,205.24,206.20,209.55,212.04,215.14,213.38,215.54,219.97,224.15,226.74,233.14,235.33,242.00,246.48,250.77,255.39,258.13,264.23,265.24,263.14,260.60,260.54,256.91,251.16,251.56,250.42,246.84,243.81,243.19,235.76,231.01,226.40,220.37,209.30,206.20,199.12,194.18,185.53,181.50,177.26,164.21,153.94,146.24,132.22
122.79,138.22,149.08,163.62,171.33,183.37,189.17,199.97,201.22,204.08,206.70,207.86,210.95,211.29,213.00,218.32,221.22,224.27,228.45,230.78,236.60,241.17,245.60,249.56,255.56,256.04,259.93,258.86,257.31,254.66,254.52,247.59,249.47,245.73,239.07,234.58,229.65,222.02,214.46,210.06,204.25,198.30,190.00,185.44,180.62,176.47,170.84,163.20,159.25,150.30,142.95,128.75
125.71,143.59,154.35,168.08,180.05,190.97,198.85,208.40,213.85,214.71,219.86,220.64,222.40,222.43,225.84,232.36,235.59,239.77,244.47,247.07,252.77,259.77,266.18,270.01,274.61,279.57,281.46,281.35,280.49,275.60,276.74,270.84,268.96,266.68,261.22,258.50,256.22,245.65,236.96,233.01,226.37,218.93,210.84,203.09,198.30,188.81,186.40,179.00,169.25,161.01,149.16,137.23
125.16,142.35,154.16,166.71,176.71,187.22,194.66,206.94,210.54,213.26,215.33,218.87,221.90,220.91,222.99,227.61,234.91,238.43,243.07,244.59,248.87,257.01,263.80,267.32,271.49,275.28,277.79,274.83,274.99,272.50,269.36,262.62,262.37,261.12,256.26,253.93,249.65,240.97,234.23,233.07,226.59,218.28,211.48,203.06,198.92,187.88,181.95,174.64,166.01,159.15,147.83,133.84
