115.57,126.73,132.00,141.76,152.74,159.62,165.20,174.39,177.91,184.46,189.86,194.58,197.02,200.94,204.02,207.18,210.51,217.12,219.74,222.05,227.43,231.70,238.40,243.81,247.59,253.73,256.31,255.16,254.95,255.20,254.76,248.12,244.25,244.00,238.83,234.10,229.96,225.94,222.42,219.59,213.04,206.25,199.44,194.37,188.22,180.94,169.58,163.45,150.46,143.03,130.65,118.51
110.00,125.30,131.46,143.39,152.20,157.01,164.60,173.95,178.04,185.28,188.68,195.58,198.96,199.73,200.90,207.13,212.25,216.00,218.06,221.39,224.85,231.35,240.28,242.42,246.15,254.42,259.00,256.16,255.16,254.75,250.79,247.59,243.52,245.45,238.74,234.44,229.93,226.04,222.87,217.80,216.21,204.02,200.64,195.73,189.21,181.22,170.06,160.82,153.84,143.27,130.55,117.41
115.45,128.00,134.12,144.81,152.84,160.03,167.32,178.88,181.80,188.32,191.64,198.16,201.36,203.95,204.90,210.85,214.25,221.96,224.10,225.74,232.03,236.84,243.85,248.36,251.61,259.83,263.58,257.45,258.31,260.05,258.09,250.71,247.27,248.07,243.81,238.95,232.02,226.32,223.13,222.04,216.48,207.94,202.77,194.02,187.88,179.03,168.34,159.76,150.84,142.09,127.05,116.02
114.48,127.35,132.23,140.80,151.80,160.00,165.48,173.85,177.65,183.44,188.96,193.99,198.00,201.33,203.69,207.55,211.69,216.93,218.87,222.44,226.32,231.84,239.35,245.75,248.68,251.86,257.95,257.15,256.20,257.26,256.05,250.06,246.60,244.48,239.64,235.85,231.92,226.90,222.09,219.15,214.11,208.87,200.02,194.79,188.86,182.18,172.24,163.40,152.40,142.87,130.60,119.04
112.72,126.02,133.22,142.71,151.03,159.73,166.51,175.65,180.42,187.04,190.63,196.96,199.49,203.21,204.46,209.27,214.37,218.82,223.59,223.32,229.90,234.92,243.02,246.79,249.16,257.66,261.89,257.24,255.64,258.12,255.16,247.26,245.17,245.73,242.44,236.45,229.96,224.15,220.91,218.83,214.28,205.29,198.83,194.13,186.82,175.90,166.40,157.18,150.23,139.40,126.18,115.07
113.22,124.20,130.97,141.01,151.43,156.32,163.78,173.35,176.08,182.80,187.38,192.07,197.37,198.44,200.26,204.32,210.01,215.06,219.06,220.77,224.44,229.33,238.19,244.26,246.33,252.07,256.02,253.12,253.00,255.64,254.97,246.27,243.29,245.81,240.96,235.77,228.78,225.14,220.24,220.29,215.23,206.74,200.56,195.51,189.53,181.80,171.33,163.17,153.71,143.84,129.84,119.62
112.16,127.35,133.24,143.59,151.21,159.20,164.07,173.67,178.19,187.63,188.29,195.44,199.48,201.68,201.64,205.73,210.23,216.83,220.84,221.36,227.49,231.89,240.47,243.48,248.01,253.84,258.37,255.02,253.99,254.13,251.70,245.94,244.24,243.59,241.46,234.05,229.65,223.73,221.07,219.01,213.69,204.25,199.80,194.18,187.22,179.81,168.68,160.64,151.82,143.56,128.14,118.34
114.04,126.76,133.45,143.09,151.21,160.60,166.51,176.32,179.36,186.13,189.23,194.49,198.04,202.36,203.93,207.71,211.90,216.75,219.65,222.41,226.00,232.44,238.21,243.51,247.49,253.99,256.87,255.99,255.48,256.34,253.21,247.74,245.28,244.30,240.11,236.21,230.10,225.62,222.41,218.82,214.25,208.47,199.09,195.93,188.11,181.14,169.62,162.27,153.38,143.84,129.77,118.34
116.00,126.66,130.19,140.70,150.88,159.67,163.60,171.14,173.69,180.47,186.05,191.92,193.54,198.16,199.49,203.69,206.70,212.04,215.76,217.79,223.06,227.77,235.03,241.07,242.67,248.56,250.06,248.47,247.68,248.03,247.83,240.86,239.47,235.23,232.64,227.50,221.33,218.33,212.27,209.66,205.01,198.44,192.21,187.58,179.72,170.63,162.05,154.40,144.47,133.14,124.62,113.41
120.97,135.15,140.12,151.16,160.11,167.84,176.71,182.91,188.35,192.50,202.48,205.46,208.59,212.05,215.23,219.24,223.18,226.90,233.00,235.33,241.12,247.95,255.41,260.45,263.22,267.27,272.59,272.39,268.73,270.95,267.47,260.43,258.21,254.89,251.53,246.86,242.04,238.38,232.20,228.08,222.00,219.60,207.20,204.92,196.16,187.78,180.21,170.08,158.45,148.07,137.30,123.23
111.54,122.92,128.71,137.03,147.11,156.47,160.10,169.01,171.42,179.18,183.58,188.17,191.09,194.49,196.23,200.24,204.62,211.09,212.01,216.17,219.02,225.94,232.61,235.30,238.21,244.40,247.42,244.63,246.68,244.30,242.25,237.15,231.73,232.47,227.26,224.66,219.33,213.18,210.95,207.16,203.21,194.49,188.73,183.04,175.33,168.67,159.20,152.07,141.09,132.98,121.83,111.63
115.97,130.19,137.36,147.26,153.69,162.61,169.73,179.25,182.91,189.76,191.65,199.25,200.90,204.52,205.01,210.87,216.18,222.30,224.12,226.02,230.33,236.29,243.65,247.95,249.47,258.19,263.22,256.80,258.50,256.67,254.66,247.59,244.07,246.11,240.63,236.12,229.22,221.82,219.32,218.04,212.08,204.50,199.28,192.37,185.63,175.45,165.48,156.31,148.57,140.01,124.96,114.59
105.12,117.24,123.32,131.93,140.07,146.63,153.44,160.03,165.71,170.24,174.00,177.65,182.28,184.33,185.83,189.43,194.86,200.47,200.60,203.04,207.29,212.72,219.16,224.66,227.38,231.02,235.31,231.31,232.08,231.49,228.27,224.64,220.93,220.33,215.52,211.99,206.24,204.08,199.72,195.60,191.02,185.59,180.01,172.80,167.16,159.96,152.12,144.10,135.06,126.61,115.49,103.97
110.64,123.36,131.55,140.39,147.20,154.81,162.82,171.01,175.73,181.25,182.04,189.53,193.66,195.72,198.08,202.09,206.49,212.51,214.85,215.52,219.54,224.15,232.21,238.01,239.37,246.35,250.83,245.70,245.60,246.49,242.99,237.00,231.04,234.30,230.60,225.86,218.44,214.11,211.75,209.04,204.16,196.31,190.26,186.00,178.92,169.10,160.00,151.42,143.18,136.65,120.42,109.93
116.73,129.31,136.70,144.63,155.72,159.25,169.31,177.89,179.57,190.16,191.02,198.66,204.13,204.71,204.38,211.83,217.39,221.36,224.93,227.38,229.65,238.25,245.73,250.19,252.72,260.74,263.27,259.98,260.55,261.82,256.27,249.15,246.38,248.27,243.58,239.73,232.23,226.32,223.59,224.10,216.84,208.41,203.53,196.13,190.00,180.80,171.71,161.11,154.40,145.09,131.40,118.96
116.76,128.88,133.06,142.09,154.87,162.05,170.91,174.20,178.94,184.02,190.97,193.40,196.15,201.24,202.47,206.55,210.24,216.48,218.21,221.27,228.65,233.06,239.13,245.31,250.05,252.07,255.28,254.67,255.57,254.03,254.07,244.77,241.85,237.55,235.33,230.87,225.58,221.45,217.22,214.55,208.31,203.80,195.48,190.92,183.41,176.71,167.76,160.03,148.53,138.96,128.39,116.73
115.04,129.26,134.54,139.28,151.24,157.70,164.98,172.80,177.51,184.53,186.34,195.17,198.39,201.56,202.43,207.85,212.98,218.05,217.55,220.53,225.66,232.69,239.74,243.30,245.52,255.05,256.97,252.41,252.10,251.91,248.24,242.99,236.00,239.84,234.72,229.80,223.30,216.98,213.85,212.28,206.60,197.84,193.02,188.02,181.12,170.75,162.51,153.53,146.15,134.63,124.26,113.60
121.49,136.18,144.90,156.16,162.79,171.40,179.01,188.74,190.79,198.41,201.06,208.15,213.10,215.06,215.52,222.73,226.00,230.08,235.19,235.31,241.88,247.26,255.78,259.05,264.04,270.73,272.53,269.55,267.33,268.64,263.94,257.22,254.37,254.02,249.29,244.03,237.59,232.94,228.02,224.80,220.00,209.35,204.08,200.88,193.21,182.44,172.43,162.34,153.00,146.24,130.80,115.97
94.76,104.14,110.17,115.43,125.00,132.08,136.85,144.03,145.91,150.21,154.26,155.21,160.53,161.76,165.22,168.01,169.53,171.71,175.26,177.55,181.80,183.60,188.35,196.65,205.83,209.20,207.20,210.87,202.79,197.23,199.81,197.08,187.26,183.93,175.51,166.74,152.41,143.00,134.08,122.15,121.15,120.83,123.04,126.65,129.07,127.39,121.93,116.61,113.46,105.38,99.81,89.49
118.30,132.28,136.82,146.32,157.11,164.58,169.07,179.63,180.71,188.22,192.84,195.35,200.26,205.06,206.42,210.04,214.85,219.33,221.68,223.81,230.23,234.08,241.03,246.59,250.57,254.56,257.10,255.20,255.28,254.24,250.42,245.42,241.96,238.95,234.37,232.05,225.68,222.62,218.36,210.76,208.08,203.32,193.87,187.76,180.68,174.61,164.98,157.88,146.82,137.93,125.40,115.69
114.27,128.44,136.75,142.00,153.18,161.90,168.19,175.65,177.91,184.68,192.34,193.85,198.13,200.52,203.06,208.17,213.25,217.81,220.73,222.77,227.18,234.06,240.02,244.72,249.78,251.72,254.95,255.48,256.73,254.95,253.31,245.25,241.01,239.27,235.85,232.36,226.38,220.18,219.18,214.02,208.31,205.50,195.29,189.23,182.70,175.33,167.51,158.50,149.81,139.59,128.16,116.66
114.35,129.40,134.46,143.54,153.05,161.77,168.50,173.74,178.91,185.16,190.97,194.80,196.73,201.41,204.17,207.48,209.48,215.63,217.91,222.02,227.30,232.43,238.77,244.56,248.24,252.52,253.94,252.69,251.20,249.39,249.05,242.24,237.90,234.14,230.85,226.30,223.18,216.90,214.19,207.86,202.47,197.04,190.22,183.92,178.19,170.19,162.79,152.49,142.77,133.69,123.31,111.16
116.78,130.08,134.24,145.36,154.51,162.89,169.59,177.09,179.35,185.84,191.97,195.17,198.49,203.07,204.38,209.40,210.79,217.14,221.17,224.06,228.79,234.01,239.11,245.25,249.62,254.19,257.70,254.06,255.00,253.95,252.80,246.83,242.56,240.17,233.56,232.03,225.85,222.07,218.29,211.68,208.47,203.83,196.23,190.43,182.41,175.64,167.50,159.14,147.12,138.46,127.44,115.69
116.87,128.22,134.84,145.10,153.05,161.99,169.80,176.37,179.01,187.54,190.43,194.16,198.73,203.59,204.12,207.85,211.48,217.08,219.62,222.69,226.74,231.92,239.01,243.61,248.57,250.67,254.28,251.94,252.00,249.10,248.24,241.65,236.72,233.49,233.09,225.87,219.87,214.57,212.46,208.02,201.80,196.54,186.82,184.02,177.25,168.01,158.90,151.01,140.87,131.21,121.20,108.78
119.97,136.36,142.20,150.69,159.23,166.94,174.23,183.66,187.00,193.34,198.25,203.09,207.17,211.75,213.71,216.46,222.80,226.97,228.12,231.61,237.17,245.02,251.03,254.47,260.09,262.29,266.54,262.92,263.21,265.34,262.95,254.85,250.52,248.27,246.15,241.62,234.09,228.66,224.35,220.79,215.41,210.60,199.38,196.86,189.21,182.66,172.00,161.15,152.82,139.29,131.58,119.10
119.02,130.65,136.40,146.66,156.02,163.05,170.55,176.46,181.22,187.72,193.55,197.31,200.93,204.71,205.64,210.54,214.84,220.27,221.58,226.11,231.40,234.37,242.05,247.78,249.44,254.17,259.36,255.33,255.78,252.96,253.87,245.38,241.25,238.21,234.97,231.21,225.42,220.00,216.02,212.04,206.34,201.46,191.66,186.60,179.87,173.63,163.52,155.62,145.36,135.18,124.26,113.22
111.22,125.02,129.87,139.67,149.05,155.55,162.60,169.17,172.82,179.54,183.00,189.25,191.54,194.21,193.31,198.71,204.63,206.87,209.25,212.85,217.55,221.81,227.71,233.36,236.21,239.01,242.67,241.37,240.80,240.47,236.72,231.21,228.37,224.72,223.45,220.11,212.14,207.52,203.33,199.10,195.00,188.73,181.25,177.01,170.39,161.83,153.57,145.84,137.99,127.14,117.41,107.02
118.60,131.32,139.46,149.48,158.98,168.43,173.22,181.24,187.77,192.21,193.68,202.28,205.55,207.33,206.23,213.82,220.00,226.29,228.21,229.17,233.38,238.88,246.71,250.46,252.92,259.43,264.56,258.09,259.08,258.61,252.94,246.17,242.00,242.67,237.40,233.67,225.53,220.06,216.60,213.74,211.15,200.81,194.36,190.07,180.37,171.06,161.77,152.80,145.00,136.69,124.81,112.64
111.95,124.91,131.59,140.04,148.33,156.08,160.23,171.12,174.61,180.05,182.61,189.18,193.01,193.20,192.61,198.49,203.00,208.97,210.72,211.06,216.21,220.51,228.01,231.14,233.50,240.00,243.66,236.56,238.95,236.46,234.40,229.02,226.30,225.80,221.27,216.46,209.81,205.01,200.36,200.85,195.14,185.32,182.04,176.62,169.58,159.85,151.27,144.09,135.60,128.27,115.88,104.62
111.63,125.50,133.66,142.08,149.81,156.85,163.27,171.29,175.73,181.47,184.27,190.00,194.09,194.45,196.23,200.82,203.44,209.12,211.61,212.66,218.55,222.81,229.72,232.50,235.95,243.53,246.87,240.03,240.16,238.60,236.68,231.82,227.48,226.57,222.04,217.34,211.70,206.20,203.95,200.41,196.76,187.48,182.10,177.56,171.01,161.21,153.22,145.15,138.59,128.74,115.95,104.69
118.00,132.50,141.15,150.60,156.67,165.44,172.19,180.11,185.00,192.33,192.77,200.42,203.59,205.23,206.89,210.60,216.07,223.27,223.91,223.62,231.37,237.02,243.82,245.81,250.11,258.07,260.22,253.87,252.24,253.58,248.65,244.53,239.93,240.05,236.35,230.84,223.21,218.32,213.59,212.26,207.06,197.39,193.02,187.95,180.92,171.14,160.42,152.20,146.17,133.75,122.61,111.16
117.52,130.14,137.89,147.60,155.24,164.11,169.84,178.39,182.95,189.28,191.38,196.96,202.08,202.77,202.94,208.85,212.81,220.30,220.06,223.22,227.62,231.97,240.22,243.10,246.78,254.07,257.80,249.83,251.31,252.10,249.84,240.56,238.21,238.83,235.84,229.19,223.24,217.62,213.76,211.48,207.14,199.11,194.52,188.61,182.73,173.35,163.51,154.02,147.80,138.71,125.17,113.28
120.10,133.52,140.00,149.91,158.09,166.97,173.77,181.40,185.69,188.90,195.36,199.58,203.60,207.10,209.35,211.15,217.83,220.76,221.82,227.50,231.35,237.54,242.33,246.98,251.15,254.70,256.91,255.27,254.37,251.44,247.88,242.83,238.74,234.83,232.20,228.45,222.19,217.71,212.95,208.15,203.08,199.22,189.17,184.39,178.04,168.68,159.20,152.07,141.16,131.02,121.38,109.66
125.30,138.84,146.84,156.63,165.92,174.66,181.14,189.55,192.84,198.85,201.41,207.42,212.01,215.24,217.64,221.33,225.94,232.36,232.14,236.40,241.15,246.33,253.03,259.00,260.75,265.19,268.92,264.97,266.02,262.43,258.99,253.86,247.25,248.03,242.59,238.16,231.23,225.69,222.80,217.02,212.08,204.94,196.16,191.86,185.15,176.26,164.30,159.20,147.80,138.13,126.87,115.43
114.54,128.76,136.69,145.17,153.08,161.82,168.40,177.28,182.44,186.68,188.80,196.37,199.18,203.01,203.00,207.08,212.51,218.58,222.66,222.00,227.16,233.43,241.48,241.59,245.35,253.28,256.05,248.91,247.99,249.24,244.17,237.89,234.18,233.81,230.83,225.01,215.96,210.79,207.62,207.17,199.49,191.23,185.78,180.89,173.68,163.37,154.18,145.00,139.53,129.40,115.88,106.07
124.53,135.34,141.89,152.32,162.89,171.23,175.56,185.61,189.02,193.13,200.81,204.30,208.49,212.12,213.22,218.82,221.85,226.37,229.08,234.80,240.17,242.62,249.62,255.31,258.56,263.44,264.55,262.65,261.95,258.98,257.87,251.78,244.72,243.37,238.88,234.42,228.89,223.62,217.80,213.82,207.53,202.62,195.31,190.80,183.17,174.64,163.48,156.12,145.78,134.85,127.00,112.27
121.08,132.48,139.01,152.32,159.85,168.24,174.64,183.39,187.92,194.83,197.96,205.88,210.01,210.15,212.72,215.04,220.86,228.45,230.59,231.26,237.77,242.87,250.15,253.41,256.40,264.37,266.60,260.16,258.87,259.89,255.05,249.42,245.06,242.70,239.30,233.55,225.89,220.78,217.19,216.02,209.06,198.91,194.80,188.86,181.80,170.84,161.68,150.81,144.47,133.63,121.79,109.18
119.24,131.71,138.51,147.96,158.00,164.58,172.05,180.06,185.35,188.80,195.51,200.88,204.57,208.49,209.46,213.43,215.96,222.45,225.80,227.04,234.10,238.91,246.21,250.58,252.44,258.28,261.54,254.77,254.67,254.72,251.53,244.99,241.35,237.84,236.03,231.24,224.32,219.15,214.76,210.30,206.16,197.70,190.39,185.32,178.60,170.66,161.15,151.95,142.43,131.85,122.43,110.60
120.28,133.09,138.19,147.49,158.11,165.89,171.73,179.72,183.83,188.10,194.86,198.44,203.48,206.94,208.06,211.75,217.34,222.32,226.59,227.17,234.30,239.47,246.22,250.35,253.05,258.12,260.91,256.22,256.86,253.16,250.34,245.42,241.45,240.14,232.88,230.11,224.40,218.84,214.08,209.06,204.83,198.00,189.93,187.54,178.47,171.23,161.25,151.82,143.34,131.52,121.75,108.78
114.20,125.48,133.30,143.54,152.05,159.24,166.97,174.55,176.98,183.66,186.13,194.20,195.90,198.12,201.69,205.18,209.35,214.58,219.74,219.67,225.68,231.37,238.87,242.02,244.40,250.34,253.02,247.68,249.74,247.95,245.08,237.26,232.14,232.56,228.83,223.89,217.15,212.20,207.18,206.20,200.38,191.78,184.48,179.89,173.10,164.30,154.43,145.87,139.45,126.81,118.11,105.26
118.07,127.77,133.22,144.31,150.85,159.76,167.36,173.63,178.75,184.36,189.45,195.06,198.46,199.72,200.52,206.65,212.32,217.00,219.73,220.98,227.38,231.57,239.80,242.85,245.54,251.85,254.56,250.57,249.80,247.76,246.13,239.74,236.78,234.26,228.98,224.27,217.55,215.03,208.85,205.55,199.27,191.02,185.04,180.75,174.01,165.70,155.54,146.74,138.95,128.88,116.73,106.83
112.70,125.72,130.29,139.34,148.49,156.31,163.22,170.07,174.55,179.07,186.27,187.60,193.71,196.94,197.25,202.20,205.53,210.68,213.74,217.56,223.22,227.88,233.81,237.90,242.61,246.20,248.20,246.81,245.33,244.11,238.91,237.24,232.22,228.27,224.02,218.79,213.88,210.95,204.25,200.24,195.35,188.05,180.09,177.39,169.54,163.71,153.12,144.70,135.37,124.72,115.12,104.48
94.37,105.59,111.45,117.29,123.33,133.65,139.30,146.49,150.01,153.38,155.13,160.56,165.28,164.88,167.82,169.68,177.01,181.57,185.07,183.85,188.18,196.09,204.20,206.81,208.91,215.06,220.49,214.83,215.82,215.08,210.32,206.32,200.94,202.09,193.78,190.82,180.47,175.23,159.81,156.89,144.84,117.80,103.37,104.55,112.61,117.65,116.04,111.09,107.97,101.12,95.57,86.33
117.72,132.88,138.31,148.27,157.80,165.46,173.05,181.66,183.39,191.23,195.73,202.30,205.83,210.23,209.06,215.67,220.98,225.81,229.06,233.55,239.68,244.01,253.62,256.63,261.43,264.88,268.07,265.77,266.09,262.76,260.89,253.85,247.93,245.77,243.82,237.08,231.66,225.41,222.99,217.72,212.90,206.18,197.61,191.82,184.27,177.51,167.22,157.05,147.18,137.38,126.00,115.12
119.97,131.75,139.98,148.72,156.03,164.73,172.57,180.34,186.17,190.25,195.60,202.41,205.06,207.07,208.20,214.11,218.67,225.16,229.82,229.65,236.84,241.57,251.59,253.31,256.11,265.57,266.05,260.16,260.09,259.09,255.43,251.44,246.33,245.20,242.99,235.64,229.90,221.35,219.74,216.95,213.01,202.55,197.10,194.49,185.72,174.40,166.39,155.12,148.19,138.31,126.00,113.21
112.97,125.21,132.19,142.72,149.24,158.14,162.98,172.70,177.48,182.99,186.94,192.76,196.38,199.45,199.09,204.30,210.24,215.41,219.66,221.27,225.47,230.63,238.88,242.56,246.68,251.72,255.20,249.47,248.39,248.03,243.73,237.21,235.65,234.03,229.59,223.99,214.68,212.42,208.81,205.46,200.12,191.13,186.95,181.82,174.35,164.35,154.87,145.58,138.97,128.02,117.00,105.82
112.70,125.60,130.74,140.09,149.11,156.22,162.64,170.56,173.95,179.25,187.54,189.42,193.20,197.49,200.00,202.87,210.21,211.87,217.02,219.32,224.83,229.84,236.61,241.85,243.65,250.30,252.05,248.16,246.98,247.15,243.90,237.08,233.38,229.75,226.50,222.30,215.84,209.62,206.49,202.19,196.11,192.35,181.60,179.64,171.40,162.87,154.80,145.04,136.80,126.15,117.55,105.93
111.20,122.70,130.30,140.69,147.26,153.57,162.48,169.53,173.22,179.74,183.37,190.56,194.51,195.17,197.44,202.41,208.03,212.28,216.37,216.21,222.89,228.23,235.60,237.54,240.88,249.61,250.06,246.59,246.98,246.63,240.30,235.79,231.14,230.21,228.37,221.16,213.69,207.97,204.71,203.02,197.08,187.84,184.17,179.42,171.83,161.15,152.07,143.60,136.89,128.06,116.28,102.88
117.43,131.76,134.61,147.01,156.59,163.60,168.67,177.61,181.97,186.08,195.49,197.95,202.61,206.97,207.96,214.62,218.55,222.32,227.50,230.53,236.91,241.51,250.39,255.80,258.57,263.95,265.42,263.10,263.43,259.47,258.44,252.94,247.39,241.83,239.24,235.10,227.88,221.65,216.91,213.28,208.73,201.97,193.69,188.32,181.55,172.72,164.01,154.43,144.59,133.41,123.97,111.83
116.84,126.81,135.59,143.59,154.47,161.99,168.24,175.35,182.89,187.02,192.57,199.01,201.36,204.94,206.78,211.15,216.54,222.12,224.96,228.43,235.10,239.64,249.04,251.51,251.44,260.05,263.01,257.16,260.05,256.74,254.19,247.11,243.30,242.63,237.99,232.80,224.85,217.14,215.13,213.47,206.90,198.09,192.09,187.13,179.29,170.33,160.53,151.48,143.18,133.21,122.70,111.61
112.00,124.68,129.25,136.37,148.66,156.97,162.01,171.14,173.81,179.30,186.00,189.50,193.75,198.44,199.97,205.51,209.20,216.18,218.00,222.02,228.04,233.83,240.52,244.90,247.99,252.05,253.86,252.58,253.64,250.20,249.24,242.01,236.29,234.34,229.05,225.72,220.51,216.09,210.45,205.55,200.32,194.58,188.48,183.25,175.86,167.29,159.24,150.00,140.00,131.49,121.59,109.66
117.07,130.65,136.86,145.28,154.85,163.05,170.43,179.14,185.15,190.09,195.72,201.54,205.65,208.24,209.77,215.86,222.00,224.50,229.87,232.55,239.01,244.66,253.01,256.89,261.61,265.07,268.56,264.33,263.82,261.20,256.85,252.58,248.65,246.76,242.22,236.58,229.65,223.38,219.10,214.83,209.91,201.25,193.29,188.99,182.47,173.82,164.79,154.65,144.39,133.69,124.17,111.11
115.16,127.46,134.71,146.11,152.27,159.93,168.51,178.08,182.21,188.37,192.46,199.62,203.50,205.41,207.18,214.48,219.27,222.70,226.28,229.87,237.79,241.15,249.45,255.02,258.14,264.07,265.27,262.62,262.95,260.25,256.20,249.38,245.17,243.76,237.54,234.91,226.29,221.82,216.12,215.41,208.66,200.81,195.13,188.07,182.28,172.10,161.64,153.08,145.21,134.62,123.15,111.61
114.69,127.81,133.18,145.50,152.76,159.21,167.87,176.21,181.07,185.32,190.39,196.37,201.47,206.12,205.12,213.81,217.01,221.10,224.51,227.85,234.14,238.73,245.38,250.14,255.63,262.07,263.34,258.98,259.24,255.23,252.80,247.39,242.40,241.87,236.14,232.26,225.30,220.20,214.22,212.88,207.62,197.20,193.00,188.10,180.50,172.63,160.58,153.44,144.36,133.84,123.17,111.23
113.60,126.32,131.87,141.65,150.10,158.62,166.36,175.24,180.21,184.11,188.68,195.72,200.36,203.38,205.55,210.09,213.76,220.79,223.89,226.46,230.71,238.05,245.38,248.02,251.00,258.52,259.89,256.16,256.04,254.68,252.45,244.39,240.10,237.98,234.88,229.32,222.44,216.95,212.60,211.62,206.63,197.84,190.54,184.05,178.40,169.96,159.83,150.23,142.97,131.75,121.25,109.66
117.89,131.88,138.54,149.70,156.08,165.52,171.51,182.04,186.70,193.58,199.22,205.25,208.80,213.01,214.44,221.23,224.76,231.32,235.36,238.17,243.97,251.07,258.57,259.94,265.58,272.40,273.51,269.07,269.43,266.91,262.41,256.42,252.64,250.89,246.86,240.20,234.31,224.95,222.46,221.08,216.63,205.83,200.17,193.05,186.26,176.92,166.36,157.21,150.42,139.46,125.06,114.23
111.66,126.00,133.20,142.76,150.88,158.24,167.01,176.14,181.07,187.96,189.76,197.43,202.05,204.19,204.40,211.95,217.83,221.98,225.08,226.56,231.60,237.26,246.71,249.04,252.51,261.08,261.58,257.70,257.99,255.27,252.57,245.51,241.60,239.79,236.17,229.02,221.38,216.68,211.88,212.19,207.39,197.85,190.94,186.17,178.87,168.51,159.03,150.42,142.59,134.54,121.20,108.89
117.65,132.10,140.12,149.16,156.60,165.60,172.05,185.88,188.77,194.59,199.25,208.27,210.09,213.49,214.05,221.36,228.53,232.61,235.51,237.93,245.80,249.83,258.99,260.32,264.46,273.20,275.07,269.46,267.92,268.16,262.61,255.98,252.45,253.36,248.87,241.48,234.72,227.38,222.50,221.37,217.28,205.46,200.96,195.02,186.20,177.23,167.30,156.77,147.01,139.28,126.12,114.86
115.66,128.06,134.40,141.74,151.86,161.25,167.72,177.50,181.60,186.78,195.02,199.67,202.09,207.04,208.41,212.04,217.57,222.44,225.98,229.53,237.46,241.58,248.73,251.62,255.04,261.31,263.19,258.96,260.80,258.44,252.67,247.49,244.37,242.54,238.72,232.36,226.74,218.68,215.46,213.44,208.60,201.07,193.26,188.18,180.69,170.66,161.91,152.97,144.42,133.52,123.45,113.17
116.52,130.60,135.68,145.34,154.16,164.17,168.67,180.31,184.61,190.83,197.23,199.36,204.71,209.69,211.12,216.36,220.64,226.50,230.26,233.47,239.70,245.62,253.07,257.99,259.70,267.40,270.49,266.18,265.76,262.83,260.49,254.78,249.24,248.41,243.89,238.16,233.42,224.54,222.48,219.53,213.78,207.04,198.12,195.01,188.28,178.08,168.88,159.81,151.38,138.97,128.08,116.76
114.28,128.41,134.26,143.20,153.39,160.11,167.97,175.51,179.34,185.41,192.85,195.33,198.76,204.73,207.02,211.95,216.00,220.66,224.15,228.37,234.20,239.18,245.15,250.05,252.54,256.94,260.92,258.54,256.70,254.67,252.84,245.57,241.81,239.30,233.26,229.33,224.97,219.16,215.23,209.25,206.35,202.09,191.32,185.46,179.20,171.05,161.15,154.18,143.38,133.21,124.20,110.72
113.16,125.20,133.72,141.51,151.01,157.18,164.68,173.67,179.04,186.04,188.22,195.80,199.90,203.04,204.71,207.78,214.37,219.39,222.89,223.89,231.53,234.04,242.16,245.20,248.70,255.83,258.19,253.34,252.29,251.87,246.38,241.30,235.92,236.12,232.25,227.26,219.82,215.47,211.45,209.35,202.94,195.06,189.31,184.22,176.78,166.93,157.28,149.93,139.78,130.82,121.17,108.16
117.24,131.52,138.40,147.22,156.08,163.93,172.74,183.63,187.26,194.16,197.61,205.72,209.04,212.12,213.46,218.13,226.05,230.22,232.22,234.23,241.17,246.62,254.28,257.19,259.26,266.09,270.20,263.53,264.55,263.71,258.90,252.39,247.99,249.38,243.82,239.44,229.73,223.71,220.01,220.51,213.82,203.25,198.49,191.82,185.59,174.96,165.56,156.52,149.04,137.19,125.87,113.56
116.73,129.81,138.25,147.11,154.12,163.77,171.21,182.00,186.63,192.96,195.50,204.84,208.59,211.15,211.86,216.90,221.77,229.47,230.31,233.27,241.03,244.03,255.57,256.44,259.98,267.37,268.21,264.37,264.04,263.76,260.55,251.88,249.57,247.89,245.74,239.82,230.53,225.08,221.06,220.99,215.43,206.04,200.11,194.20,189.21,178.16,167.03,158.03,149.41,140.66,127.77,115.07
116.30,129.19,139.61,147.85,156.01,163.29,173.37,182.39,185.56,194.49,196.60,205.93,209.23,212.43,213.34,219.46,223.81,232.12,234.26,235.64,241.59,247.24,255.28,258.31,261.86,270.19,272.39,264.60,267.12,265.00,260.97,253.55,248.85,248.91,244.62,241.01,234.14,227.71,223.22,222.11,217.49,205.46,202.39,194.66,188.53,178.26,168.07,158.22,150.84,142.13,127.53,115.42
113.84,126.30,130.87,141.16,149.27,158.65,165.89,174.42,178.60,183.20,190.28,193.68,197.57,202.71,204.53,209.80,210.80,215.08,217.01,222.03,229.39,234.31,238.88,243.53,248.40,251.64,254.06,250.45,251.11,248.20,245.64,239.76,236.00,230.26,227.76,225.52,219.23,212.57,211.19,205.27,201.56,194.80,186.45,182.06,175.48,167.92,158.40,149.05,141.03,131.05,120.21,109.04
116.39,130.87,137.93,144.90,154.87,164.03,170.88,177.81,183.70,189.13,195.14,200.09,203.96,208.72,209.86,215.23,218.84,222.77,226.49,229.82,235.92,241.06,247.99,251.88,256.46,261.00,263.21,257.84,258.66,256.33,254.24,246.11,242.60,241.21,237.02,232.00,225.40,219.62,216.91,210.06,206.12,201.48,192.75,187.11,179.39,171.90,162.27,153.76,144.20,133.79,122.78,111.33
117.43,130.65,134.83,145.12,154.30,163.11,169.43,177.52,183.41,187.81,194.98,199.81,202.55,205.57,207.45,212.61,216.00,220.64,225.40,227.11,233.75,237.84,245.93,248.62,253.00,257.12,258.68,257.48,255.92,253.03,251.35,246.76,242.12,238.40,236.04,231.66,225.58,220.52,216.02,210.24,207.06,202.31,193.54,188.77,182.13,172.13,163.51,155.62,146.44,136.19,123.81,112.73
120.07,133.46,141.01,151.09,158.47,166.51,174.55,185.05,187.54,195.27,198.31,205.66,210.77,212.87,212.61,219.54,224.24,232.01,233.89,234.55,239.27,245.98,253.24,257.61,260.31,267.24,269.63,265.88,264.43,265.07,259.12,251.92,247.40,247.32,244.70,237.50,229.06,224.27,217.87,220.24,214.25,204.79,198.03,192.59,184.57,174.06,164.37,157.66,148.55,137.36,124.78,113.07
116.73,130.38,137.36,144.84,156.08,164.23,170.88,179.25,182.15,189.59,194.10,198.49,202.94,207.47,209.77,213.52,218.16,223.81,226.38,228.88,234.83,240.51,246.13,250.45,253.53,257.66,260.07,258.37,257.42,255.36,253.31,245.15,241.18,239.13,236.04,231.53,225.08,222.25,216.12,212.71,205.41,201.36,192.08,187.83,181.33,174.20,163.77,154.51,144.46,133.82,125.16,112.41
118.70,130.25,136.86,144.36,151.00,159.15,166.40,178.90,181.47,189.93,193.02,197.96,201.38,205.00,205.27,210.83,213.68,223.60,226.32,227.90,232.88,238.10,244.25,248.36,251.77,257.88,261.00,255.16,256.91,256.04,252.96,246.16,240.15,242.89,237.79,231.93,225.80,219.39,216.93,214.37,209.42,200.87,196.29,189.01,183.93,174.69,163.68,155.36,147.80,137.77,124.45,113.64
109.11,123.07,131.47,139.52,147.83,156.89,163.08,172.31,174.66,182.83,183.52,190.26,193.38,196.98,197.20,202.83,206.62,212.71,213.06,216.54,222.20,225.61,232.18,236.02,238.13,245.17,247.26,241.77,241.18,241.48,236.26,232.30,227.04,228.79,224.59,217.60,211.09,206.71,203.27,200.80,196.54,187.39,182.89,176.00,171.48,161.52,151.72,142.30,136.18,128.32,114.74,104.14
118.70,133.12,139.32,149.75,158.67,168.16,173.88,181.43,185.13,190.85,198.60,201.85,207.28,210.30,214.16,216.93,223.00,228.28,230.31,233.53,237.99,243.63,249.73,254.07,259.12,262.68,267.59,263.77,264.43,262.48,259.70,250.84,247.69,245.51,239.27,237.78,232.31,227.41,223.67,218.05,212.90,207.76,198.88,193.83,187.38,180.29,169.12,161.15,150.84,139.29,128.65,115.88
119.71,134.62,139.52,150.42,160.60,168.22,177.19,183.39,187.09,194.26,200.01,202.80,208.06,210.77,214.28,216.82,222.95,228.84,233.96,232.54,238.88,245.49,252.05,255.49,260.28,264.61,268.06,265.71,264.36,263.15,259.28,251.60,246.81,248.04,241.70,239.71,232.22,229.09,222.17,221.45,212.90,208.86,198.74,194.65,187.45,180.23,170.18,159.40,151.71,139.17,128.00,115.55
118.90,131.21,137.13,146.32,157.11,165.53,171.33,180.19,183.38,189.83,195.78,201.56,202.37,208.40,210.06,213.85,220.03,223.66,225.30,230.00,234.97,240.16,246.27,250.00,255.20,258.85,259.75,258.97,256.63,255.64,252.05,246.88,241.40,240.02,234.56,231.47,225.46,222.65,217.33,210.85,204.66,198.98,190.88,187.86,180.09,172.03,161.60,153.83,143.78,133.76,122.38,110.72
118.85,131.87,138.00,148.50,157.65,166.90,171.84,181.41,183.50,189.36,196.31,200.32,203.30,208.75,211.57,214.28,217.28,222.41,225.57,230.02,235.92,239.72,246.74,251.68,256.42,259.39,261.84,260.22,259.66,255.65,256.56,249.42,245.46,240.43,236.55,233.64,229.14,224.51,221.51,213.00,209.03,204.97,194.94,191.02,185.22,176.88,166.74,158.53,147.23,137.20,125.78,115.45
119.33,133.14,137.00,147.68,157.89,166.51,173.42,181.95,183.98,190.21,198.18,201.01,206.71,209.55,211.30,215.59,221.14,225.62,227.11,232.11,236.17,244.24,249.47,253.22,258.31,262.55,262.94,262.55,261.84,260.30,257.27,250.77,245.45,244.57,240.61,235.08,230.49,225.40,220.88,216.68,207.74,205.97,196.92,191.98,184.56,177.25,168.36,158.03,148.08,138.20,127.31,114.28
116.09,131.94,140.04,149.91,157.50,166.96,171.81,182.46,186.21,192.21,197.73,202.20,206.79,210.69,210.01,216.00,220.64,225.04,230.31,232.00,237.41,242.84,249.04,252.61,256.13,263.45,265.11,260.86,260.76,259.70,258.25,250.41,246.01,244.66,241.02,233.45,229.71,225.14,220.48,215.52,211.97,202.09,197.59,192.77,185.28,176.69,167.03,157.16,147.73,139.23,124.90,113.85
115.38,129.39,137.75,146.82,153.44,162.86,169.00,179.71,181.34,189.81,190.16,199.28,201.64,204.41,205.73,211.62,215.80,223.83,226.38,225.74,231.40,238.48,244.38,247.99,251.58,256.80,258.55,252.18,253.67,252.29,250.05,242.85,237.69,237.03,233.42,227.55,220.49,214.20,211.85,210.26,206.32,196.03,191.41,184.39,178.14,167.55,158.08,150.72,141.61,133.00,120.78,108.93
114.06,126.76,135.24,143.41,149.69,159.67,162.89,171.48,173.24,179.40,183.36,189.69,193.54,193.83,195.41,199.12,206.20,210.12,211.47,211.53,220.23,222.60,231.32,235.49,236.54,242.84,242.84,240.30,242.87,240.52,238.76,232.31,227.69,230.50,225.62,221.05,213.78,211.46,207.23,203.63,199.81,192.63,187.10,184.26,173.35,167.84,158.00,149.48,139.32,129.80,124.15,108.41
113.76,124.92,133.00,143.59,155.19,159.00,166.11,175.84,179.01,184.62,189.28,195.72,198.76,201.63,202.74,207.39,213.30,217.68,221.23,221.25,226.59,232.88,239.30,242.79,245.52,249.93,253.29,250.59,248.28,248.28,246.33,237.62,233.01,232.55,227.20,223.09,216.62,213.55,208.71,204.22,199.25,194.10,186.01,179.36,172.79,164.71,155.86,146.33,140.12,129.32,119.68,106.62
119.55,132.91,138.92,149.16,158.69,164.20,170.84,180.35,184.72,190.28,195.33,199.46,204.20,206.17,208.00,211.57,217.41,222.17,226.81,228.04,233.05,238.20,246.76,249.10,253.97,259.02,259.19,258.71,255.88,256.38,252.01,246.60,242.07,241.25,237.89,232.11,226.06,222.08,216.94,215.01,207.07,203.83,193.76,190.67,184.66,175.15,166.47,157.43,147.03,135.83,124.53,114.04
116.00,129.25,136.49,146.21,155.71,164.21,169.33,178.77,181.95,188.04,193.06,198.13,203.40,205.22,205.00,211.01,215.72,221.65,224.15,224.15,230.70,234.00,242.80,246.22,247.52,255.00,256.56,251.29,252.44,251.87,247.73,240.24,235.80,236.56,231.81,226.31,219.23,214.67,209.31,208.71,203.42,195.69,188.37,183.85,174.24,165.64,157.81,149.79,140.94,130.00,118.96,107.62
114.23,126.92,132.65,141.74,149.11,159.20,166.82,173.99,175.55,184.09,185.92,191.82,196.10,197.91,199.86,205.46,208.06,214.11,216.54,217.11,221.38,228.55,233.42,235.44,240.88,244.97,245.47,243.58,245.18,241.90,238.44,232.36,228.65,227.07,222.95,217.95,212.85,207.00,204.19,201.00,196.09,189.95,183.20,178.60,170.23,162.43,152.51,145.00,135.96,127.61,116.90,105.95
120.28,133.52,139.06,147.51,158.24,166.87,173.05,181.18,186.12,191.44,197.23,200.36,205.77,207.91,209.57,215.08,216.71,223.46,224.40,230.03,233.36,239.01,244.07,249.78,252.52,254.24,257.61,254.66,254.16,253.16,251.07,244.76,240.17,236.07,234.83,228.76,223.01,218.76,214.31,209.70,204.01,198.15,191.00,186.45,178.23,171.70,162.09,152.90,142.30,132.97,122.20,110.49
113.81,125.16,132.85,140.86,148.68,158.07,163.44,171.29,174.32,181.57,184.70,189.86,192.59,196.54,196.41,200.69,205.43,210.42,212.53,216.72,219.43,224.80,229.26,234.56,238.42,240.26,243.13,241.35,241.12,238.20,237.08,231.53,227.20,222.52,220.06,217.00,211.63,206.00,200.45,198.03,193.60,186.13,179.45,175.33,168.68,160.82,151.16,143.42,134.50,125.28,114.02,104.40
121.20,135.60,141.40,151.01,159.91,168.88,176.15,184.02,187.86,195.82,198.46,204.48,208.39,211.29,211.74,215.56,223.00,226.90,230.26,231.10,237.51,242.32,249.13,251.96,255.44,261.28,262.19,259.42,257.94,259.65,253.64,246.62,243.52,243.12,240.47,232.22,226.72,219.70,216.49,214.11,207.18,202.51,193.78,187.32,182.16,171.81,163.60,152.79,146.10,132.57,122.67,111.63
116.36,131.19,143.54,150.71,158.81,167.86,173.33,183.64,187.01,193.08,195.56,204.04,207.07,210.24,210.06,217.37,221.62,228.78,228.97,230.26,236.02,239.10,247.76,253.31,253.45,261.08,261.88,256.04,256.78,256.07,252.73,246.34,241.63,240.60,236.32,231.60,226.02,218.66,214.54,211.43,207.87,198.01,192.42,188.05,179.75,169.80,159.77,151.08,142.87,133.27,120.15,109.84
117.24,133.15,140.86,149.16,159.25,168.01,172.53,181.62,185.83,191.06,196.56,202.07,204.39,209.34,210.44,215.86,219.16,226.06,228.09,228.04,235.13,240.24,246.91,250.84,253.57,260.55,259.67,255.00,256.91,256.05,251.31,244.09,240.16,238.47,234.44,230.56,224.54,219.01,212.61,211.10,206.18,196.92,191.40,186.23,179.25,169.20,159.67,152.08,144.00,132.64,120.84,109.44
115.00,128.14,133.26,143.39,151.08,161.06,165.42,173.97,177.53,183.34,187.54,190.52,196.16,199.06,197.82,204.02,207.82,211.59,212.76,219.54,220.95,226.28,231.32,236.92,240.13,242.62,245.84,242.37,242.12,240.14,237.86,233.08,229.20,225.80,221.58,217.22,211.99,206.23,202.71,197.85,193.57,188.22,180.77,175.03,169.81,161.91,153.01,144.70,134.62,125.88,116.50,104.64
120.21,132.20,140.12,150.33,158.00,167.73,173.59,183.70,186.08,193.09,193.64,202.41,206.05,208.12,205.92,213.21,219.67,225.60,225.89,229.08,231.04,236.60,245.08,248.20,251.41,255.99,258.59,255.00,254.91,253.60,248.77,242.33,238.76,238.16,233.82,229.47,222.00,217.35,213.00,208.95,206.23,197.28,191.38,185.95,177.73,168.67,159.20,150.72,141.17,132.85,121.20,110.55
121.70,134.95,141.09,150.15,159.86,169.05,172.80,182.85,186.32,192.57,197.31,202.30,205.65,208.02,210.87,214.41,219.92,223.93,224.75,228.64,233.14,237.26,243.96,249.51,251.05,258.50,259.02,254.45,256.01,253.95,251.05,244.08,239.53,240.31,234.62,230.23,223.97,219.24,214.25,211.02,205.77,198.50,192.40,186.82,180.55,171.06,160.33,153.95,145.03,132.92,123.17,113.07
113.75,127.02,133.73,143.00,151.12,158.93,166.74,173.09,175.58,184.32,186.82,191.82,194.91,199.12,198.12,203.30,206.83,210.77,214.25,216.26,221.38,227.04,232.94,236.63,239.73,242.87,244.17,242.04,243.12,239.84,236.92,231.16,228.69,224.54,223.00,216.78,211.62,207.30,202.25,198.08,193.63,188.14,180.97,175.68,170.00,161.25,153.46,145.41,135.92,124.58,116.36,105.42
119.04,133.23,140.80,149.08,158.15,167.41,174.01,183.58,185.69,192.63,197.63,202.57,206.63,209.34,209.00,214.22,222.32,227.25,230.05,228.53,234.02,240.63,247.04,252.42,253.39,260.74,262.15,257.33,258.02,258.43,253.16,246.13,241.30,243.02,238.72,233.66,226.91,221.95,216.63,215.04,210.44,201.36,196.31,190.85,184.09,173.35,163.49,157.54,146.99,138.00,125.16,114.14
119.85,132.88,139.01,149.16,157.17,167.54,172.35,181.60,183.17,190.42,194.65,199.58,203.33,207.34,208.08,214.00,217.15,225.11,225.00,228.58,230.85,238.16,243.82,248.36,251.88,255.44,259.38,255.67,256.50,253.71,254.45,243.38,240.21,242.16,235.59,230.14,225.56,219.66,216.40,213.05,207.08,201.65,194.13,187.92,181.34,172.82,164.60,155.71,147.12,137.57,123.17,112.16
119.28,134.03,142.64,152.00,159.20,167.06,176.11,185.72,188.77,195.17,197.10,205.55,208.61,210.80,211.15,216.72,222.02,229.07,231.76,232.25,235.05,241.54,248.85,252.39,255.02,262.79,264.27,259.26,258.96,258.43,253.05,246.81,241.05,243.40,236.78,231.95,225.50,220.42,217.59,214.18,208.85,199.44,194.62,188.43,179.81,170.70,161.55,151.24,146.10,135.51,120.22,109.37
122.00,135.45,139.95,150.95,159.81,169.10,176.77,184.70,187.88,192.08,198.91,202.63,208.00,210.32,211.61,216.02,222.52,227.22,229.40,231.94,235.87,243.04,249.58,252.45,258.24,260.73,263.10,261.28,260.95,259.76,257.38,249.58,244.18,244.01,238.47,234.93,228.78,224.20,219.15,214.87,209.40,204.29,195.49,191.02,182.91,174.73,165.60,158.48,147.56,138.11,125.30,113.78
114.18,126.24,134.06,142.56,151.40,158.00,165.10,172.47,178.87,183.24,186.00,192.32,194.74,196.38,197.37,201.42,207.47,211.19,214.65,214.57,220.48,226.08,231.81,234.44,237.00,243.61,246.01,241.07,239.71,240.41,236.14,228.48,225.85,226.27,222.43,216.36,210.87,206.18,200.84,198.64,194.14,185.83,181.34,176.23,168.75,158.27,150.22,140.72,134.20,126.61,114.59,103.58
121.15,133.96,141.48,147.87,158.76,167.92,174.38,184.29,189.62,197.01,199.92,206.81,209.30,210.44,211.02,217.08,221.33,228.09,231.02,229.44,235.80,242.63,249.58,252.58,253.88,262.49,263.77,257.38,257.13,258.65,253.54,246.22,242.84,244.43,238.43,232.79,224.62,218.30,216.28,212.85,208.94,198.76,194.82,187.28,179.41,170.18,160.70,151.01,144.25,134.38,121.56,110.16
123.07,136.01,144.93,153.91,161.76,172.54,178.92,188.13,190.00,197.84,200.41,207.48,211.62,213.91,213.27,218.13,225.86,232.11,234.21,234.92,238.08,243.17,253.15,254.57,257.47,264.82,266.44,261.23,261.29,262.03,257.88,250.46,245.90,246.01,241.05,237.15,226.43,222.33,218.92,217.48,212.00,201.64,196.76,189.81,184.30,173.25,162.94,153.84,144.93,136.50,122.65,110.55
122.38,135.80,143.14,153.77,161.20,168.88,176.82,185.61,189.04,196.57,200.26,206.50,210.95,212.06,212.42,217.33,223.40,227.86,231.02,232.42,237.19,243.21,250.07,253.43,255.03,263.21,265.19,257.93,258.88,259.56,254.20,248.04,242.64,243.39,240.47,234.64,226.38,220.84,216.69,214.03,209.16,198.92,194.62,188.35,181.33,173.31,162.12,153.33,143.76,133.96,122.19,111.43
120.78,135.44,142.17,151.53,162.19,170.41,178.47,184.23,187.42,194.20,199.30,203.93,206.30,210.61,213.53,216.45,221.65,227.09,228.43,231.32,235.14,242.02,247.00,253.15,254.87,259.05,260.35,260.80,259.28,258.71,254.21,247.31,242.56,240.07,236.60,231.15,225.20,222.08,216.60,212.04,207.56,202.71,191.43,185.97,179.30,173.53,164.05,153.63,144.50,132.97,122.00,111.04
114.02,126.53,133.15,143.18,150.47,157.47,164.62,174.55,176.05,182.58,185.72,192.38,195.75,196.79,195.80,202.61,207.01,212.88,214.80,216.54,220.78,224.72,232.24,234.93,238.56,243.74,245.81,241.08,239.71,241.29,235.97,230.22,226.61,228.12,222.33,217.14,210.44,205.36,200.60,198.59,194.00,185.18,181.71,176.64,168.07,158.38,149.72,141.45,134.20,125.42,113.15,103.59
121.24,135.72,141.65,150.88,162.39,169.99,175.84,184.01,185.71,192.37,199.97,202.48,207.17,209.15,213.62,215.67,221.33,225.79,228.84,230.56,237.19,239.75,246.27,253.55,255.76,259.38,259.79,260.72,257.45,256.91,254.67,244.40,240.26,239.18,237.12,230.60,225.40,221.08,215.26,211.93,205.22,201.10,190.79,185.81,178.40,169.50,162.37,153.94,143.81,132.10,123.69,111.61
121.06,135.06,142.89,152.00,158.90,167.73,174.14,184.62,187.68,195.60,196.82,204.64,207.47,209.12,207.85,215.34,220.95,225.36,227.65,230.05,233.96,238.80,246.36,249.90,250.49,259.24,262.01,255.39,256.20,255.81,252.86,244.97,241.01,240.50,236.61,232.12,224.90,216.95,213.35,213.18,206.63,198.84,195.11,187.45,179.78,169.61,161.04,151.40,142.86,134.01,122.33,110.69
115.28,127.06,133.72,144.28,151.48,159.15,166.36,173.95,177.12,183.70,186.80,192.80,195.03,198.30,199.42,202.74,208.49,213.38,215.30,215.82,221.92,224.83,232.90,235.47,237.95,243.00,246.36,242.17,241.02,241.87,237.32,230.93,228.59,227.07,222.04,219.10,213.34,209.34,204.02,198.85,195.07,189.00,182.39,176.80,168.57,161.14,151.24,143.75,135.59,128.32,115.32,103.82
115.21,126.29,133.60,143.35,151.24,160.52,166.03,174.45,176.82,185.70,185.40,192.63,195.50,198.24,199.45,202.63,209.58,213.30,215.23,215.73,221.38,228.12,231.61,236.91,238.35,243.31,245.23,241.45,243.21,243.29,237.08,229.43,226.92,227.07,222.32,217.26,213.94,208.20,201.94,198.12,196.16,186.87,182.43,176.31,169.78,160.45,150.60,143.18,136.01,125.54,116.36,104.12
122.00,134.79,140.12,147.65,159.93,169.01,175.09,183.07,186.45,193.63,198.65,201.72,204.08,207.45,209.48,213.88,218.66,223.30,227.18,227.85,232.56,238.05,243.89,248.94,251.72,254.23,256.32,255.99,254.63,254.77,249.39,245.12,238.50,238.05,234.83,227.86,222.32,218.56,212.43,210.58,203.39,199.61,190.08,186.00,178.44,170.48,160.65,152.79,142.62,132.44,123.76,110.35
120.11,132.42,139.17,149.31,156.73,166.05,173.00,181.04,186.59,191.13,195.02,201.16,205.24,207.24,207.54,212.06,217.62,220.64,224.12,226.92,231.08,234.92,243.45,246.68,250.19,255.57,255.99,252.70,255.03,252.12,249.16,241.50,237.93,235.15,232.85,226.02,220.33,215.60,212.17,206.52,201.21,195.58,187.83,182.46,176.51,166.65,157.99,148.81,139.98,132.06,120.42,108.71
123.00,135.19,140.89,150.71,162.48,171.17,177.79,185.33,187.00,194.67,199.25,202.55,207.23,211.34,214.05,215.13,219.62,226.50,228.63,231.16,233.73,239.03,247.78,253.29,254.94,257.70,259.88,258.82,258.52,258.01,252.67,245.35,242.41,237.78,233.94,231.80,225.75,219.82,215.00,210.79,206.12,200.17,190.78,187.11,179.72,171.56,162.11,153.77,143.68,131.76,123.31,111.04
119.62,131.75,141.24,149.83,157.16,164.35,170.58,180.50,185.27,192.84,194.06,201.48,205.08,206.13,208.12,211.80,216.45,220.63,225.14,224.62,229.75,235.05,242.16,246.90,249.42,256.07,257.45,250.71,252.10,252.52,246.95,241.23,237.69,237.66,232.91,227.14,220.57,215.81,211.62,208.29,203.11,193.61,188.81,182.79,176.50,167.15,156.52,148.00,139.98,132.03,119.01,108.41
115.32,128.55,133.20,144.07,157.11,166.39,174.29,181.79,184.77,190.09,196.47,200.26,204.12,207.09,210.09,212.15,216.67,221.18,224.88,227.78,231.70,236.72,243.31,248.81,251.86,254.83,257.24,254.12,254.87,252.23,251.38,244.75,239.37,236.93,232.23,228.37,223.89,221.14,214.37,210.15,204.27,200.42,190.71,186.76,179.74,172.57,162.50,153.57,144.59,135.25,123.07,112.38
122.80,136.13,140.35,149.05,161.12,168.40,177.61,184.02,186.14,191.76,199.45,202.47,206.04,208.95,211.69,216.45,219.66,224.15,227.04,230.22,235.00,238.25,245.80,249.54,253.54,256.31,257.61,256.81,255.98,254.69,253.79,245.97,241.35,236.78,234.62,227.72,224.02,218.93,213.53,208.72,202.41,199.90,188.90,186.13,176.71,168.75,161.82,153.76,141.99,131.59,121.51,110.72
118.11,133.14,139.46,149.25,156.44,166.30,171.47,179.64,184.71,191.42,193.37,200.86,204.43,205.80,206.93,212.08,215.96,222.09,223.89,226.04,232.17,234.92,241.85,245.81,248.94,254.40,255.52,251.64,251.88,250.45,247.33,240.39,237.50,235.70,231.31,225.50,219.17,215.59,210.21,207.76,203.71,194.61,188.07,183.41,176.41,166.48,158.15,148.12,141.99,132.31,119.47,108.27
121.20,133.69,139.13,149.09,160.82,169.50,172.74,183.41,187.77,193.19,197.22,201.70,206.04,209.25,212.51,216.57,219.32,224.52,227.25,230.20,233.56,239.64,244.05,251.43,252.77,256.34,260.68,256.83,255.55,252.72,254.02,244.71,239.27,239.73,232.83,230.08,223.97,218.56,213.28,210.15,205.80,197.65,189.76,182.46,177.20,168.34,159.39,152.88,142.00,133.24,120.95,109.88
119.55,134.20,137.31,148.31,158.11,168.12,174.89,180.07,184.40,190.70,196.25,198.92,205.73,206.93,210.75,213.71,218.20,223.64,226.80,228.04,233.82,238.60,243.88,251.78,253.86,257.28,257.24,258.43,255.38,255.04,252.58,244.63,240.90,237.69,233.89,229.90,224.19,221.56,216.19,210.12,203.74,201.36,191.40,186.94,180.77,172.57,164.75,156.00,145.24,135.60,124.62,111.45
123.00,138.18,141.65,150.94,159.18,164.58,171.41,182.22,186.32,191.40,194.49,199.81,204.36,206.34,209.01,213.23,218.98,223.99,225.30,228.81,231.16,236.41,243.10,249.07,251.64,256.10,257.86,255.00,254.88,254.15,250.29,244.59,237.70,236.97,234.02,230.33,222.69,220.20,215.75,211.12,204.82,200.80,192.10,186.25,179.33,171.14,162.36,154.83,145.77,136.74,123.03,112.36
124.40,136.31,143.27,154.30,164.79,172.24,179.48,189.65,191.69,199.46,203.30,208.09,213.60,215.95,216.38,221.06,227.34,234.08,234.78,237.49,242.14,248.36,254.95,260.09,262.48,264.88,268.39,264.89,264.19,264.51,260.52,251.55,247.70,246.34,241.61,238.30,229.99,225.14,218.52,217.06,210.44,206.31,195.41,188.77,183.56,174.90,164.20,155.60,147.05,137.00,125.23,113.23
121.80,136.47,143.28,152.82,161.91,171.42,178.93,186.13,189.77,197.72,202.62,206.16,210.88,214.28,215.06,220.51,223.96,229.92,232.79,234.61,239.35,243.46,252.49,256.46,259.98,263.10,263.90,261.54,259.11,261.17,257.38,249.13,245.93,243.30,239.10,232.12,227.01,222.32,217.41,212.25,207.88,201.81,191.86,188.01,180.24,171.21,162.56,152.74,143.89,134.73,123.17,111.63
119.64,131.53,141.65,149.72,159.10,166.03,173.97,182.92,188.07,192.84,197.31,204.00,207.33,208.90,210.95,214.70,220.13,224.74,230.49,228.05,235.71,240.68,249.97,251.18,252.80,260.86,264.70,257.62,254.66,259.02,253.40,245.72,242.99,243.08,240.13,232.08,225.26,219.94,213.56,212.78,208.06,199.49,192.00,186.63,181.81,171.21,163.22,152.07,144.09,134.46,122.11,109.17
118.53,131.24,139.23,148.06,157.00,166.41,173.00,182.43,186.17,192.31,193.04,202.08,205.87,208.46,207.41,212.90,219.10,225.80,229.06,229.13,233.39,238.53,245.96,250.42,250.54,257.13,260.52,254.76,255.15,254.89,250.06,241.85,238.82,235.67,233.45,227.11,221.27,214.66,209.24,207.28,203.73,195.54,189.21,182.91,176.95,166.37,157.05,146.37,140.29,132.10,117.29,106.53
118.04,132.08,140.16,151.05,156.08,165.80,171.81,182.43,184.84,192.51,193.60,202.36,206.83,208.01,209.47,215.76,216.67,225.08,227.88,229.17,235.17,239.14,245.66,249.69,252.39,259.99,261.18,253.33,255.52,253.06,252.25,241.60,239.51,236.14,232.70,227.06,221.65,216.01,210.34,205.57,204.04,194.16,189.02,183.10,174.67,166.24,154.83,146.60,140.81,132.70,116.85,105.69
117.92,132.64,138.96,148.22,157.20,165.46,173.31,182.46,185.61,192.96,194.80,203.63,206.62,208.20,210.79,214.00,221.72,224.34,229.93,228.88,233.82,239.14,247.13,251.25,252.29,258.60,260.11,255.81,253.34,256.10,251.01,243.46,239.73,237.61,232.12,227.55,222.52,213.56,209.12,207.51,203.03,194.16,187.30,181.16,175.01,164.75,156.43,147.57,138.18,128.39,118.93,105.11
118.44,131.24,139.99,147.57,157.11,164.25,173.42,180.83,187.61,192.84,194.83,202.95,208.71,209.02,208.02,215.23,219.58,224.88,228.13,230.36,235.64,238.16,247.20,252.12,252.51,260.25,261.20,253.58,253.01,253.15,248.65,244.05,239.06,238.20,231.31,227.48,219.97,214.40,209.99,205.77,201.76,190.65,187.52,180.85,175.01,163.81,156.55,145.25,137.77,130.86,116.11,104.64
115.52,130.42,139.18,146.11,154.99,165.39,170.16,180.27,185.01,191.47,193.44,200.90,205.36,206.12,208.39,212.12,218.30,225.60,227.13,228.76,234.34,237.36,246.08,249.16,251.15,258.38,258.64,252.24,253.62,251.07,249.30,240.67,236.35,236.14,230.67,224.64,218.10,211.06,208.86,203.40,201.22,192.09,185.70,180.43,173.29,164.20,153.94,143.38,136.24,130.61,115.11,104.89
116.61,129.87,136.19,147.63,156.54,166.05,171.77,179.07,182.63,189.62,195.43,199.16,203.54,206.49,208.22,214.19,216.45,223.33,224.24,229.16,233.82,238.21,243.67,250.59,253.31,255.56,256.59,253.34,254.01,248.85,246.63,239.43,236.86,231.61,226.79,221.11,216.54,212.13,207.06,199.30,197.67,190.91,182.43,178.06,170.85,163.49,154.00,144.97,134.74,126.29,115.21,105.12
116.93,129.44,134.41,144.97,154.12,162.26,170.07,177.81,182.79,189.18,192.84,196.04,201.31,206.48,208.00,211.06,216.71,219.24,223.49,227.08,232.95,234.80,241.53,247.68,250.14,253.12,253.65,253.16,247.32,249.26,244.77,238.66,233.34,227.88,225.67,219.32,214.13,210.16,204.12,198.65,193.04,187.86,178.75,174.89,169.19,161.97,152.51,142.28,132.97,124.28,113.28,102.79
120.00,133.42,140.43,151.60,160.38,170.30,176.82,185.61,188.27,198.39,199.53,208.06,211.24,213.78,216.18,219.80,226.86,232.36,235.64,234.93,241.34,245.46,251.91,257.18,259.70,265.27,266.16,263.00,258.90,259.27,253.13,245.18,242.00,238.30,233.99,228.28,220.77,215.06,210.28,208.89,201.44,194.91,186.60,181.54,174.06,164.47,156.16,146.63,137.88,129.07,116.76,105.42
118.22,132.85,140.03,150.76,159.62,168.47,174.75,185.40,191.53,197.91,200.06,208.31,211.02,212.61,213.18,218.96,224.54,231.31,235.17,236.18,241.53,245.20,253.40,258.64,256.91,264.36,264.78,260.26,257.24,257.77,255.29,245.11,241.21,239.61,233.85,226.51,219.49,215.95,211.46,207.14,201.36,192.42,187.49,180.16,174.01,164.05,155.62,145.06,137.80,129.73,116.21,104.92
119.15,132.48,138.92,149.00,161.74,170.47,178.40,186.32,190.68,197.43,201.94,207.10,211.02,215.57,218.05,221.56,224.41,229.14,234.10,236.55,243.39,246.33,254.10,258.04,261.32,264.62,264.88,263.77,260.62,256.78,254.75,247.39,240.61,237.39,231.14,226.74,221.69,216.45,210.95,203.08,198.70,193.94,183.98,180.25,173.35,164.77,156.98,146.41,136.13,128.23,117.92,105.93
120.21,136.78,143.56,154.03,164.76,173.61,181.34,191.44,196.01,203.07,208.58,215.68,218.02,220.24,222.04,226.38,232.00,237.29,241.30,242.71,247.14,251.79,261.12,263.19,265.83,271.83,273.15,268.41,266.06,265.37,259.38,252.34,246.40,244.59,240.17,233.11,226.11,220.45,215.11,212.56,207.85,198.01,191.76,187.61,179.29,168.68,161.38,152.84,143.74,133.73,122.41,111.20
120.10,135.15,145.50,157.14,164.44,174.39,181.14,192.03,196.98,204.01,209.82,216.12,218.83,221.14,223.40,228.54,233.11,237.43,241.85,244.05,248.50,253.16,260.28,263.92,267.90,272.35,272.05,269.45,268.26,265.65,260.93,253.16,246.79,244.18,237.12,233.55,226.11,221.68,216.69,210.87,206.53,198.30,192.51,186.51,180.71,170.42,162.83,152.75,144.55,134.35,123.22,111.36
117.21,132.08,140.87,153.39,160.86,171.40,178.08,189.27,196.37,201.41,205.04,213.12,216.00,220.06,220.05,225.33,230.29,234.25,238.47,240.88,245.96,249.84,256.11,261.60,264.38,270.11,271.02,264.86,264.49,259.94,258.80,249.07,243.67,240.30,233.50,229.12,223.79,218.21,214.25,207.09,204.92,196.47,189.27,183.13,176.98,168.08,159.26,151.18,142.09,134.11,121.71,110.16
119.10,133.21,138.76,149.12,161.84,171.41,178.04,187.56,192.51,199.80,206.62,212.00,215.14,218.96,219.76,224.16,229.80,232.13,236.21,239.93,242.92,247.82,255.25,259.92,261.49,266.00,267.87,263.15,259.38,258.03,254.47,246.91,241.75,237.36,232.86,227.17,220.74,214.35,210.43,206.39,201.56,193.88,187.40,183.66,174.93,165.30,158.71,150.42,140.58,131.59,121.76,110.45
118.00,132.61,139.59,152.12,163.13,170.67,179.28,189.76,194.76,203.38,208.04,213.33,217.11,221.25,221.65,227.37,231.35,236.68,238.08,241.42,246.02,251.18,255.86,261.87,263.91,268.00,268.48,265.10,263.14,258.86,259.49,249.38,243.53,240.60,232.72,227.71,222.14,217.11,211.70,205.12,199.46,196.31,187.24,181.03,173.81,165.44,156.54,147.99,138.25,127.58,118.34,108.47
118.51,133.93,142.21,154.05,161.53,172.24,180.89,191.92,196.89,205.19,208.04,216.72,220.08,222.25,222.41,227.71,233.39,240.47,243.31,243.46,247.50,252.96,259.25,263.21,263.37,272.62,273.15,265.97,265.21,264.70,259.33,250.89,244.66,244.66,238.80,230.26,222.46,217.45,214.01,210.20,205.38,196.40,190.12,183.64,178.00,165.92,157.29,148.45,140.80,132.38,119.44,107.42
119.85,133.78,142.64,156.39,163.36,174.11,182.78,193.98,199.90,207.17,209.01,218.34,222.80,226.01,224.47,230.67,237.52,243.39,245.66,246.20,249.26,255.70,263.77,265.37,268.84,274.53,275.54,270.20,271.03,269.26,263.15,253.71,248.36,246.48,242.00,236.44,229.48,221.11,218.07,214.46,210.58,199.01,196.80,188.99,181.14,168.24,161.01,151.70,144.46,133.60,119.77,109.77
116.11,132.19,140.92,151.18,159.86,169.50,179.08,189.76,194.64,202.65,204.90,214.34,217.48,219.78,222.32,228.02,233.77,237.88,239.77,242.33,247.49,251.45,259.59,262.02,263.59,272.37,274.77,266.32,264.32,263.23,260.10,253.01,245.80,244.86,240.35,232.90,226.24,220.77,214.05,211.00,206.34,197.59,193.66,184.78,180.42,167.61,157.16,149.93,141.87,133.22,119.85,108.69
116.30,131.06,139.34,150.63,158.15,168.50,177.63,188.48,193.93,200.80,206.63,211.81,216.83,219.82,223.14,227.16,232.17,237.79,240.05,242.14,246.60,252.03,258.52,262.49,266.10,272.62,273.07,267.03,268.00,262.21,262.27,252.41,246.62,245.58,236.78,234.61,226.01,222.40,216.15,211.48,206.89,198.60,193.40,186.76,179.25,167.29,158.01,150.23,142.08,133.60,119.21,107.35
116.30,129.50,137.88,149.75,159.45,169.59,177.50,187.00,193.00,202.07,206.89,213.04,218.59,223.60,224.98,229.71,234.79,239.92,243.39,248.34,252.51,258.12,265.36,269.94,273.31,277.60,276.41,274.37,274.05,270.00,267.73,259.39,252.03,249.60,242.84,238.41,232.85,226.55,221.94,215.67,210.64,203.10,194.49,189.53,181.46,170.52,162.41,152.79,144.40,134.12,122.15,109.56
114.76,128.16,137.64,147.68,157.85,167.60,175.23,187.63,190.26,200.57,203.16,213.69,217.79,220.18,222.65,229.84,235.31,239.01,243.48,247.01,253.71,257.61,266.07,268.96,272.01,274.75,276.28,272.81,270.97,271.58,267.16,258.31,251.96,248.26,244.76,237.26,231.50,226.04,219.54,215.72,211.29,203.63,194.65,186.82,181.46,171.01,161.47,151.12,144.18,133.42,120.07,108.24
108.60,121.40,128.79,140.58,152.12,163.52,171.23,182.94,185.69,196.36,201.94,208.81,213.24,219.65,222.08,225.80,233.69,236.58,242.64,244.47,250.53,256.74,262.47,267.82,272.36,274.97,276.59,272.84,270.95,269.16,265.38,256.77,251.81,245.99,241.18,235.51,229.53,226.74,219.05,214.01,207.87,200.41,193.35,185.88,178.89,170.42,160.26,151.48,141.15,130.83,119.55,109.24
112.33,125.78,133.42,143.28,154.28,161.99,172.79,183.71,190.41,200.06,200.19,209.50,216.21,218.60,222.61,226.92,233.77,237.76,242.74,244.01,251.88,255.98,263.42,267.37,270.30,276.63,278.02,271.68,271.83,270.60,265.68,256.82,250.31,250.06,242.33,236.60,228.11,222.45,218.28,215.80,210.51,199.68,193.57,188.15,177.79,167.71,161.42,151.48,143.14,133.15,120.42,109.93
103.39,115.41,123.85,132.91,143.69,152.41,160.02,170.33,174.81,182.99,189.08,195.56,198.60,201.91,205.68,210.15,216.45,221.46,226.00,229.14,235.21,240.79,247.42,251.23,253.66,258.03,258.44,255.57,253.15,251.92,247.52,237.55,233.09,227.34,225.73,218.18,211.93,206.81,202.16,196.31,191.73,185.65,176.41,172.12,164.30,155.71,146.74,139.01,128.63,120.81,110.39,99.72
106.96,118.53,126.14,136.48,144.89,154.69,162.61,172.45,177.99,186.08,188.32,197.59,201.38,203.21,207.87,212.81,218.00,224.08,228.98,228.43,236.08,240.74,247.70,249.58,253.16,258.14,261.50,256.63,254.83,255.00,250.00,240.26,234.08,234.83,228.81,223.62,216.32,210.80,204.88,202.12,197.49,189.18,181.66,176.31,169.81,160.08,152.97,141.82,135.34,126.53,115.43,103.37
106.89,120.81,127.82,137.21,148.96,154.74,164.20,174.03,179.33,186.82,192.21,197.91,202.87,207.08,209.24,214.11,219.94,226.49,231.95,233.21,238.10,244.38,250.60,256.03,256.63,261.48,265.45,261.55,259.94,259.80,253.39,245.36,238.07,236.48,232.33,226.98,218.89,213.46,209.42,206.23,198.86,193.83,184.76,179.79,172.01,164.44,154.74,147.30,138.19,127.24,117.52,107.07
113.17,125.17,130.94,142.14,154.69,163.42,172.86,182.22,185.70,195.24,202.39,209.16,212.85,217.41,219.76,225.06,231.04,237.70,243.15,245.70,251.18,256.76,263.75,270.65,275.07,278.12,279.31,277.06,275.18,272.35,268.37,258.80,252.80,248.43,242.43,238.48,231.92,226.95,221.47,217.44,209.60,205.73,195.16,190.55,183.21,174.48,166.09,156.60,145.99,135.35,126.57,112.36
109.79,123.04,132.00,140.89,153.16,163.29,172.05,180.94,185.00,193.30,201.90,206.19,209.69,214.71,220.27,223.60,229.38,234.88,239.10,242.30,247.04,255.20,261.35,268.79,271.62,274.05,275.80,274.31,272.03,270.39,265.88,259.24,250.40,247.59,241.96,238.05,230.90,225.62,221.21,215.23,209.77,204.71,195.44,189.59,182.21,175.15,166.21,155.60,144.75,135.53,125.72,113.36
105.00,118.12,123.42,132.74,143.38,152.76,159.42,170.95,174.92,183.39,188.29,193.63,199.01,203.57,207.39,211.59,214.60,220.43,224.57,229.03,234.56,239.00,247.16,252.46,254.65,258.09,261.43,258.50,255.78,253.31,251.34,244.38,238.21,235.00,229.82,224.59,218.79,214.97,210.51,203.39,198.67,194.20,185.00,180.71,174.77,166.97,156.71,148.71,139.81,131.49,119.15,108.34
107.65,119.85,129.00,138.20,148.60,156.73,164.98,178.09,183.64,192.11,196.12,201.36,207.71,210.92,212.49,219.11,224.54,231.42,234.96,236.89,243.21,248.89,256.91,259.36,265.19,269.87,273.43,267.03,267.05,266.59,260.21,253.40,246.79,246.27,240.61,234.85,229.69,222.80,219.01,214.95,209.48,201.41,196.23,189.71,183.45,173.51,164.01,154.18,147.49,139.20,124.34,112.79
105.59,119.20,125.04,136.75,147.14,155.21,164.12,175.35,179.11,187.10,193.40,197.67,204.24,207.74,210.24,215.56,221.40,227.69,231.14,235.48,240.10,245.52,253.65,260.05,261.94,266.32,268.02,265.67,266.20,262.61,257.15,251.21,244.17,242.40,237.80,231.04,225.68,220.51,216.39,211.19,206.31,200.30,193.19,187.93,182.44,171.55,164.26,157.00,147.00,138.31,125.90,114.00
104.06,117.28,123.79,134.41,143.95,154.03,161.77,173.42,178.34,186.87,191.95,199.40,204.36,206.70,210.12,213.66,220.48,227.26,232.90,233.00,238.72,247.01,253.00,257.26,259.49,267.98,269.53,264.84,262.48,263.15,256.77,251.29,245.93,244.83,239.83,234.42,226.18,221.35,216.00,214.35,208.20,198.88,195.36,188.81,183.87,172.84,164.83,156.25,148.27,138.29,125.60,113.99
91.05,109.93,120.50,131.85,138.54,147.31,153.69,165.41,171.57,178.19,179.57,185.97,190.06,194.74,194.74,202.09,208.92,215.68,218.63,221.27,227.91,233.14,240.88,244.56,246.34,254.38,255.20,250.20,250.06,249.51,246.11,238.32,233.98,233.11,227.40,220.66,214.55,210.06,204.94,203.05,197.20,188.83,185.39,180.01,173.25,164.51,153.83,147.00,137.93,130.38,116.93,105.12
90.80,102.55,108.37,119.04,128.13,137.30,144.10,153.08,157.81,165.85,169.50,174.96,179.64,184.74,188.37,191.23,196.23,202.04,203.74,208.63,212.80,219.53,224.15,229.00,233.21,235.93,237.36,234.95,234.37,231.62,229.31,223.73,216.23,213.60,209.38,207.34,199.00,196.47,192.33,187.93,182.01,176.28,172.00,166.09,159.45,153.05,144.81,137.48,128.00,120.83,109.07,100.18
102.55,115.43,120.74,132.92,142.59,152.16,159.14,170.19,174.47,184.29,189.11,195.43,202.60,206.78,208.73,213.06,218.00,224.15,227.95,232.11,238.67,244.20,250.97,256.60,261.28,265.07,267.52,264.02,264.68,262.07,258.59,254.89,245.78,242.32,237.88,233.00,227.98,222.64,219.32,212.56,207.76,200.72,194.54,189.02,182.46,174.41,166.19,155.65,146.51,137.38,125.64,114.74
93.09,105.68,111.09,121.34,130.87,140.01,147.23,159.68,165.11,171.68,180.28,183.21,188.68,194.56,195.21,203.69,207.85,214.71,217.06,222.06,228.47,234.96,241.46,245.64,249.02,257.19,257.61,255.93,254.66,252.12,248.94,241.90,236.69,231.77,231.04,225.58,217.50,212.41,207.95,205.00,198.12,192.00,184.62,179.54,175.45,164.78,157.54,149.59,138.01,129.29,120.65,109.02
99.72,111.99,120.55,128.84,140.25,150.53,157.04,172.19,176.40,184.27,191.00,197.23,202.87,206.20,209.67,218.21,224.18,230.26,236.23,239.02,246.71,252.10,261.82,265.88,269.53,275.27,276.46,273.51,272.03,271.46,264.70,259.67,251.07,249.13,243.40,237.12,229.68,221.63,218.69,215.01,207.74,200.12,191.60,185.53,179.01,167.19,161.97,150.57,141.79,132.28,121.66,109.48
96.46,109.22,114.34,122.09,133.87,146.03,151.63,163.29,169.00,174.86,183.66,187.24,192.78,198.21,202.05,209.16,212.82,218.63,222.70,228.00,236.78,240.71,248.94,254.19,257.67,260.41,260.69,260.80,258.03,254.35,253.06,247.63,239.45,231.04,228.85,222.25,216.64,211.09,207.06,202.87,194.56,191.32,181.73,177.16,169.74,161.12,152.23,143.00,131.38,123.66,113.74,103.17
99.25,112.29,119.97,127.31,139.09,148.86,156.19,169.81,174.64,182.10,189.53,193.49,200.06,204.38,209.25,214.25,220.17,227.47,232.60,233.81,241.70,248.07,255.05,260.29,263.23,267.56,268.37,265.70,264.61,262.76,256.91,249.83,242.29,241.36,234.65,227.86,223.40,215.61,211.34,207.87,202.71,195.21,186.50,180.65,175.15,164.15,157.17,146.78,137.91,127.28,119.23,105.68
100.50,113.23,123.00,130.86,139.29,149.16,158.40,171.03,176.17,182.73,189.48,194.93,201.80,205.28,210.21,216.67,220.60,228.01,231.32,235.98,242.40,250.05,255.78,261.12,264.40,267.42,269.07,265.75,266.10,260.40,256.40,249.45,242.04,241.85,233.31,227.76,220.64,213.47,210.23,206.79,201.70,191.04,184.07,177.05,172.19,161.90,153.88,145.67,138.20,126.59,115.87,104.39
103.59,115.12,126.05,139.31,140.22,153.33,160.43,171.12,175.97,184.20,190.01,195.03,200.41,205.37,208.85,215.23,221.62,225.64,232.74,233.42,242.00,245.41,256.13,261.77,264.46,270.05,273.30,268.03,265.00,263.88,260.02,252.13,244.86,243.85,237.54,231.62,222.50,217.50,212.01,209.31,203.00,194.03,187.07,182.57,174.48,164.30,155.00,145.01,137.21,127.63,115.32,103.82
82.04,93.06,102.00,109.59,113.60,123.17,132.00,141.21,146.77,150.27,155.08,161.11,166.21,166.36,170.05,175.03,177.75,187.01,187.56,189.00,191.86,198.59,201.36,202.15,203.87,209.47,213.02,212.46,212.88,211.63,201.56,196.89,186.87,187.24,177.80,173.40,167.55,164.26,157.92,153.11,152.00,141.90,134.66,103.47,124.45,109.64,102.49,94.05,90.71,81.32,73.11,67.60
100.90,113.51,120.33,132.06,140.13,149.04,155.24,168.11,172.19,178.72,185.83,191.42,198.16,199.97,204.94,210.34,215.13,224.14,226.61,229.17,235.05,242.86,249.63,252.77,255.00,261.34,265.35,259.61,258.09,254.50,251.87,241.87,234.96,234.09,228.88,223.89,214.62,207.48,202.74,199.90,195.14,184.48,178.97,172.26,163.75,155.65,145.52,135.77,126.85,117.64,107.81,96.75
104.29,117.52,125.54,135.59,142.77,151.83,160.24,171.29,176.51,183.25,188.45,194.09,199.09,205.10,211.21,214.53,219.17,224.74,230.49,234.80,240.29,246.01,253.19,258.31,261.61,266.44,266.05,262.83,263.64,259.02,255.95,249.10,241.96,238.13,231.40,227.01,219.13,215.02,209.85,202.25,196.57,191.04,182.54,176.80,169.54,159.41,149.34,141.35,130.55,120.22,110.11,99.85
106.83,119.64,127.47,139.18,145.83,154.73,160.08,171.08,176.24,184.36,187.76,196.66,201.56,203.35,206.40,210.06,217.52,223.59,228.40,226.83,234.80,239.68,247.59,252.12,254.62,262.19,264.05,258.75,256.50,255.39,249.43,241.82,236.29,236.21,231.11,222.83,214.72,208.63,203.02,202.25,196.09,185.83,181.71,175.03,167.00,156.60,144.26,137.42,129.96,117.89,105.95,95.90
109.22,123.17,131.95,141.43,149.62,157.18,166.68,177.59,179.01,189.17,191.60,199.10,204.69,206.65,208.72,214.23,221.47,227.62,231.84,230.42,239.73,245.02,254.16,258.38,260.97,266.18,268.17,260.12,260.39,259.19,253.30,244.46,238.65,239.84,231.76,227.11,217.33,211.44,205.55,203.79,194.58,186.46,181.37,173.22,165.33,155.68,146.05,137.06,129.00,119.21,106.45,96.26
113.14,128.43,134.41,144.16,156.63,164.56,169.43,180.25,183.61,190.91,199.58,202.07,208.39,212.66,217.51,219.66,224.76,230.05,233.59,237.90,243.40,249.56,254.50,261.95,265.91,266.69,269.80,266.61,267.86,260.51,259.14,251.22,243.40,236.81,229.98,225.28,218.22,215.34,209.39,199.00,193.42,186.27,178.07,174.15,163.98,154.43,143.59,135.79,127.22,114.86,105.12,94.37
103.17,118.43,125.67,135.24,143.42,152.82,160.38,169.85,172.70,179.75,185.30,191.09,193.83,198.15,202.20,204.60,211.14,215.41,220.41,223.14,228.30,234.62,239.27,245.23,247.52,252.86,255.65,249.84,249.93,246.94,243.74,235.27,229.93,223.14,219.23,212.17,205.23,200.00,195.39,188.83,182.36,174.29,168.15,163.13,155.24,144.27,134.53,125.03,118.60,108.25,97.50,86.58
107.28,120.50,128.04,140.73,148.85,160.42,165.95,176.08,179.30,185.44,190.65,197.06,200.81,203.77,207.69,211.68,217.75,221.71,225.06,230.15,239.70,243.50,251.88,257.38,259.68,263.19,266.07,263.14,263.01,258.50,255.56,248.56,239.71,237.12,231.23,223.81,218.72,212.05,205.57,198.91,191.00,186.04,176.65,168.96,161.74,150.14,142.58,132.64,122.67,111.29,103.46,91.29
100.12,113.74,119.01,128.41,138.66,147.53,153.31,161.40,164.22,170.59,176.17,181.02,183.22,187.84,190.04,194.99,200.42,205.51,207.45,212.85,218.07,223.54,230.71,238.35,241.25,242.25,246.66,245.66,246.42,242.00,241.02,231.71,224.70,222.87,217.10,211.81,204.41,199.92,193.62,186.70,180.29,176.00,168.18,162.29,152.95,143.93,133.75,124.92,116.78,107.71,96.77,87.21
103.41,115.43,122.10,132.20,141.51,150.27,153.53,163.42,166.71,173.08,180.54,184.88,188.37,192.75,197.02,200.86,206.23,211.29,214.41,220.41,228.23,230.67,239.56,246.15,250.00,252.69,255.91,255.84,252.62,250.06,250.14,240.69,236.17,231.59,227.61,220.77,214.31,209.99,204.68,196.23,188.30,182.02,174.00,168.60,160.12,149.24,139.56,130.05,120.51,109.44,101.79,89.20
110.07,124.91,134.33,143.13,150.60,160.59,165.00,178.68,181.33,190.72,194.61,201.68,208.24,207.18,212.61,215.13,224.16,231.68,235.31,238.31,247.75,252.42,264.00,268.06,272.06,281.77,286.09,281.79,282.93,281.73,278.65,269.39,263.94,263.14,256.73,248.24,239.95,232.05,226.28,221.71,215.68,205.41,199.01,191.05,182.24,168.24,158.40,146.41,138.45,128.00,112.73,101.24
106.98,118.26,125.50,136.30,143.75,153.67,158.34,169.96,173.22,179.00,185.15,190.07,195.73,196.13,200.50,206.01,211.55,220.51,222.33,228.04,234.17,241.36,249.05,255.67,260.00,266.48,270.96,267.42,267.90,265.42,265.24,256.13,250.52,249.69,242.40,236.68,228.11,220.54,217.33,211.40,205.29,195.06,188.56,182.52,173.66,160.38,150.63,140.04,133.46,120.92,108.81,96.51
105.77,119.27,124.40,134.06,142.89,153.39,156.54,166.82,171.49,176.12,185.18,188.00,193.00,194.44,200.81,204.83,207.62,216.37,218.79,225.09,232.55,238.91,245.51,251.80,258.94,263.14,266.31,265.38,266.31,259.79,261.01,253.57,248.94,245.81,238.68,234.14,227.42,220.48,217.27,206.49,201.65,193.61,185.04,179.20,170.84,161.14,150.65,139.27,132.42,119.42,108.72,98.49
139.83,155.59,167.36,181.25,190.83,203.04,210.26,221.04,225.88,232.07,236.14,240.16,242.42,240.14,241.63,242.71,243.00,244.56,246.29,242.92,239.03,238.31,242.40,241.30,238.38,239.75,231.40,222.72,220.04,211.74,205.55,197.29,185.26,182.85,176.74,170.21,163.68,158.05,151.17,149.03,144.68,136.01,132.97,127.88,122.58,116.25,108.90,101.21,95.27,86.49,80.43,71.17
122.49,140.01,153.40,166.03,170.56,184.91,190.18,197.47,200.14,201.90,202.48,205.92,209.39,210.01,209.77,211.92,213.72,211.55,214.34,209.75,208.15,206.30,210.85,209.61,209.95,208.03,203.97,197.44,192.23,187.07,185.17,178.10,167.19,165.89,161.04,155.05,149.58,145.91,142.86,141.13,135.06,131.65,127.68,123.00,120.10,113.02,108.24,101.26,93.54,87.09,82.33,72.99
119.75,135.96,148.92,163.11,166.51,182.04,185.54,194.05,196.24,200.03,201.02,203.04,207.87,209.09,212.42,211.38,211.94,212.40,210.86,210.87,210.49,208.14,211.19,211.21,212.02,211.80,205.57,200.56,197.25,190.39,189.01,181.46,175.42,168.67,164.35,159.84,154.69,152.45,147.53,142.76,139.98,136.24,131.31,128.00,123.02,118.19,112.16,105.48,97.31,90.03,84.17,75.58
115.95,129.63,134.62,142.69,152.74,159.66,168.08,173.63,177.91,182.22,189.90,190.92,198.73,201.56,206.20,207.42,212.85,217.79,221.65,226.65,232.36,238.42,247.81,256.02,261.23,263.43,271.03,273.24,273.19,269.74,268.19,262.41,257.70,255.25,251.75,247.13,238.66,234.08,232.04,225.52,217.72,213.01,202.88,199.46,191.11,182.44,172.49,163.27,150.80,140.80,131.91,119.00
117.92,131.00,139.09,148.52,157.01,164.98,172.79,183.17,186.12,191.61,194.58,199.92,205.81,206.96,211.09,214.65,220.01,226.53,229.44,233.11,238.25,244.97,253.95,258.38,264.87,269.52,273.76,274.15,272.04,271.01,270.84,263.07,258.98,258.75,251.29,246.34,239.18,233.89,229.73,225.02,219.53,211.85,202.95,199.49,190.42,183.76,172.63,163.53,154.55,145.50,132.00,120.81
121.04,136.70,142.21,152.53,161.64,169.67,177.12,184.20,187.26,192.07,196.73,201.19,205.83,207.18,211.15,212.90,218.59,221.45,226.24,228.04,232.42,237.89,247.07,249.57,255.81,261.20,263.04,261.08,262.01,259.28,256.70,249.57,245.22,242.60,237.10,234.29,227.20,220.10,215.84,212.61,206.90,199.09,189.97,188.77,180.55,169.78,162.63,154.64,146.54,134.62,127.02,115.55
110.39,125.94,131.95,140.55,148.97,156.85,161.97,169.85,171.41,177.20,181.18,182.65,186.45,186.68,188.86,194.18,191.73,193.83,196.94,199.53,201.07,204.28,206.42,208.87,213.84,212.47,211.65,211.68,210.29,203.53,199.48,196.47,187.72,180.24,170.45,169.18,165.42,159.48,153.46,147.80,144.07,140.07,134.77,131.70,138.22,125.72,117.59,111.61,100.28,92.66,87.56,77.20
139.32,157.03,161.90,171.59,182.19,190.44,197.80,200.94,203.09,205.92,211.99,213.46,217.59,219.79,220.13,222.80,227.97,231.62,233.83,235.01,237.70,242.17,250.01,255.00,259.62,262.23,265.42,263.44,263.09,259.08,256.10,247.23,241.55,240.03,233.07,226.15,222.28,215.80,210.00,204.32,199.14,195.26,186.08,181.22,174.16,167.76,158.52,150.88,139.70,129.87,122.49,110.06
140.09,155.62,161.97,171.30,181.11,187.78,194.76,198.76,199.68,205.65,208.12,209.75,213.08,214.71,215.04,217.08,224.45,226.06,226.53,227.14,230.14,237.49,246.60,249.23,253.65,256.16,257.42,259.05,253.90,253.44,251.02,244.29,238.90,236.78,229.92,225.57,219.53,214.23,208.96,203.90,196.76,192.60,182.44,178.04,171.40,162.98,155.93,146.49,139.32,128.84,122.48,107.54
136.00,150.08,154.69,163.96,172.59,178.84,184.57,188.16,190.70,193.83,195.98,199.25,199.70,203.09,200.57,204.27,206.96,209.97,211.15,213.78,213.03,218.68,225.23,231.67,234.10,237.19,238.90,236.71,235.41,234.34,234.00,223.71,220.97,219.02,211.93,208.48,203.06,196.33,193.04,190.25,184.09,178.04,170.00,165.01,159.66,151.11,144.31,136.36,128.55,120.34,112.36,102.47
158.47,168.87,176.87,182.99,192.07,199.58,207.00,211.15,211.62,215.02,219.15,220.00,222.46,226.13,224.72,227.72,230.50,235.02,236.21,237.78,242.62,248.02,252.68,260.19,264.80,267.99,269.22,267.45,265.19,266.81,265.02,255.73,253.71,247.95,243.66,237.92,233.14,227.11,222.04,215.60,210.15,206.17,195.39,190.94,185.13,174.45,166.21,158.66,147.63,139.56,129.00,116.97
133.79,146.32,154.94,162.26,168.81,173.88,179.51,185.65,185.85,193.08,195.35,199.14,201.38,201.02,201.61,203.94,206.46,213.43,217.08,215.82,220.88,225.89,233.06,236.14,239.84,247.17,250.35,248.13,246.36,247.64,243.07,237.98,236.03,229.92,229.26,224.41,217.04,213.70,206.34,205.92,200.80,191.64,187.54,181.91,175.70,164.22,157.85,148.53,139.98,132.24,120.55,108.25
136.31,150.23,154.56,162.86,172.07,180.24,182.02,190.12,189.59,195.23,199.53,201.85,205.24,206.85,209.12,212.06,213.94,219.09,222.61,225.04,229.86,236.61,243.56,247.52,253.03,259.39,264.44,260.65,262.10,259.33,256.91,252.01,248.52,245.62,239.71,235.53,229.40,222.80,218.34,215.42,209.46,202.23,195.26,191.13,183.70,173.37,164.76,155.60,145.67,136.57,125.60,113.60
123.76,136.36,139.86,147.36,157.29,163.86,168.67,174.16,175.38,180.14,185.40,186.20,189.17,193.15,195.50,198.86,203.09,209.35,212.04,216.90,221.17,230.05,237.95,242.77,253.12,255.04,260.84,263.96,262.07,262.91,260.42,253.80,250.83,246.89,243.66,239.40,232.65,228.35,222.41,219.17,211.53,207.07,197.08,192.42,186.07,176.24,168.25,158.32,146.18,137.00,127.91,115.43
116.38,126.57,125.02,133.00,138.54,146.37,149.46,163.78,156.25,170.14,169.50,172.01,177.05,182.17,180.83,187.28,191.06,197.50,199.62,204.41,211.09,215.80,226.12,231.18,238.20,244.81,251.10,251.10,249.88,251.39,250.22,246.59,242.74,239.15,234.48,230.63,224.62,220.93,214.02,210.20,204.02,198.44,191.00,186.00,178.04,170.29,161.14,153.16,141.33,132.44,121.49,110.86
122.38,137.80,91.48,100.09,108.78,119.42,124.08,174.24,165.59,161.08,157.26,158.34,161.37,165.41,169.94,172.13,171.06,180.01,176.12,183.74,191.44,193.41,197.41,206.16,211.44,217.08,217.22,219.06,217.83,210.60,212.14,208.91,190.44,184.72,164.84,148.49,135.28,123.91,127.94,128.36,124.15,125.10,118.53,114.44,111.61,105.48,100.00,93.62,86.98,76.22,73.39,65.31
111.02,122.71,133.26,126.72,132.08,141.35,144.51,155.71,161.12,167.80,174.03,180.24,184.09,188.22,191.43,195.43,199.62,207.18,209.50,214.06,224.97,237.26,244.09,250.80,257.62,266.17,272.84,269.83,273.66,273.65,271.56,265.80,261.96,261.22,257.31,253.45,244.72,237.92,233.08,230.71,225.08,216.01,207.33,199.42,192.94,178.68,169.04,158.96,147.98,140.90,125.90,116.02
126.49,141.51,151.27,162.78,173.48,184.09,190.69,196.60,198.30,201.46,205.97,206.74,206.40,206.77,205.57,205.65,207.51,208.40,208.80,209.55,211.45,215.13,219.10,222.40,223.89,226.05,226.00,224.88,225.06,220.15,216.67,209.40,204.06,198.96,196.73,194.04,189.19,184.46,179.47,175.76,170.07,168.50,160.11,154.77,148.27,142.36,134.00,126.78,117.69,107.91,98.49,87.32
72.69,83.01,85.21,91.55,99.81,107.45,113.36,125.32,132.26,136.94,145.91,151.45,157.32,161.25,166.96,173.42,179.51,185.91,190.34,195.74,205.15,213.23,222.32,228.21,234.78,242.24,249.57,247.42,248.28,249.51,247.70,245.98,238.65,241.03,234.34,228.18,224.84,218.32,215.04,208.85,204.16,196.65,187.54,181.82,173.28,160.86,153.73,143.74,134.47,123.32,112.40,102.90
87.98,97.05,102.93,108.71,119.02,128.02,132.88,147.05,154.21,158.76,169.07,175.87,181.62,188.86,192.77,199.48,206.23,212.90,219.02,225.06,235.26,239.89,250.05,259.38,260.35,268.20,271.83,272.38,273.00,269.23,271.58,265.73,260.28,254.53,251.86,244.70,239.93,232.95,228.56,220.78,214.11,207.07,196.38,189.79,182.73,168.88,160.35,147.09,137.28,125.42,116.69,103.37
89.69,100.65,106.17,114.06,122.45,131.24,138.54,152.88,158.68,166.97,175.11,182.79,190.19,195.88,201.20,206.70,215.23,221.33,227.13,232.28,241.03,246.52,254.89,262.37,266.58,272.27,276.13,273.12,275.43,270.80,270.74,264.43,260.31,255.35,252.86,246.06,241.07,233.48,229.83,221.62,216.31,206.49,196.74,189.24,182.80,167.01,160.26,145.91,137.36,126.32,115.60,104.69
101.12,112.81,119.11,128.76,139.14,146.81,155.33,169.76,172.75,181.16,187.52,193.49,198.34,203.32,205.65,213.32,217.41,226.24,226.14,233.45,240.15,247.89,252.80,260.35,265.37,271.02,274.24,274.08,273.48,272.88,270.67,263.58,259.33,257.39,252.39,247.48,240.67,233.27,229.21,225.00,217.99,210.42,202.14,194.04,185.15,170.48,161.91,150.62,140.94,131.03,116.85,105.30
101.02,111.14,119.34,128.08,132.46,142.00,147.34,163.03,167.33,173.40,181.47,187.86,193.40,195.56,201.38,206.17,212.42,219.79,225.22,227.71,235.38,242.71,248.85,253.10,259.42,266.72,271.67,269.13,271.80,268.63,268.82,263.78,257.07,256.58,252.96,248.65,240.42,234.39,229.82,223.29,217.25,204.45,198.98,189.76,182.00,165.87,156.73,143.01,136.06,123.23,110.34,99.33
58.14,72.11,81.58,94.37,98.67,108.47,119.10,132.38,139.05,144.52,147.65,155.57,159.53,160.65,165.80,170.18,173.16,180.89,186.51,190.17,201.44,209.00,219.91,226.42,234.17,242.40,252.57,252.72,253.55,252.79,251.81,251.91,250.91,249.90,243.13,240.50,236.24,231.49,226.81,216.30,207.87,191.25,177.50,162.82,152.12,122.97,112.29,96.19,85.45,75.77,64.78,58.26
148.72,164.15,175.48,185.61,192.90,202.20,205.88,211.85,210.20,214.65,213.88,217.51,215.23,213.58,210.64,212.17,214.72,217.70,218.08,215.23,213.58,216.54,220.51,224.10,220.29,225.75,224.14,216.93,216.02,211.80,207.04,198.66,189.90,187.61,184.10,176.64,171.17,163.40,162.27,159.81,154.87,148.45,145.17,139.71,133.84,124.10,116.36,109.99,103.08,97.74,87.86,78.19
146.51,165.39,176.26,188.00,198.41,208.87,212.17,220.27,220.57,225.23,225.40,229.40,228.42,228.00,227.26,230.29,229.53,234.05,231.21,231.22,231.17,234.10,240.03,240.42,239.71,242.06,237.97,232.20,228.53,222.12,217.83,210.09,201.64,198.83,191.13,186.63,181.02,173.17,169.54,164.05,159.70,150.81,146.49,140.77,134.08,124.48,118.83,109.20,100.72,94.05,85.70,77.20
143.13,161.12,168.36,182.58,189.87,199.27,205.53,211.82,211.15,215.68,217.18,218.52,218.83,215.23,217.86,219.32,220.06,223.00,221.72,223.71,223.66,225.80,230.22,233.42,233.02,234.36,230.54,227.56,224.59,218.33,215.87,208.60,199.33,194.33,189.87,182.10,178.22,171.96,168.96,162.43,157.50,152.40,143.54,139.28,132.09,124.28,117.80,108.78,100.02,91.76,86.05,75.80
143.56,160.63,169.00,178.84,188.73,199.11,205.00,211.21,211.62,214.89,218.68,219.43,219.73,218.83,219.18,222.03,220.91,224.01,225.82,226.12,226.42,231.21,234.05,237.50,238.65,240.83,240.36,235.85,234.26,227.20,224.02,216.69,209.19,204.27,196.43,192.13,186.94,181.50,176.88,170.18,164.92,160.01,150.63,145.34,138.64,129.81,124.20,114.24,105.80,96.17,87.21,78.79
143.20,159.67,168.67,179.63,189.04,196.70,203.81,210.30,212.08,216.58,216.91,221.27,221.25,219.21,219.86,220.07,222.77,225.06,226.92,226.00,229.21,232.33,235.93,239.64,238.45,246.33,243.77,235.05,235.31,231.31,224.59,215.38,209.75,207.91,199.91,194.03,187.11,181.84,175.64,172.93,166.51,157.97,153.45,145.09,139.71,128.36,121.92,111.00,105.04,96.25,85.15,76.24
144.25,162.96,173.93,181.65,190.18,200.82,210.00,214.76,217.33,221.58,222.14,224.98,227.26,226.05,228.53,230.73,231.35,236.02,236.08,237.36,240.07,244.23,248.16,252.99,255.47,258.10,257.51,250.68,250.28,242.43,239.25,231.19,222.39,218.83,210.54,204.92,199.00,192.28,189.02,181.23,176.16,168.00,159.53,152.27,145.44,133.73,127.02,118.19,111.07,100.04,89.16,79.93
138.52,156.12,165.39,177.88,184.44,193.54,200.36,207.97,210.21,214.68,216.09,218.23,220.23,218.84,220.69,224.15,223.22,227.00,230.36,230.85,234.34,236.71,241.91,246.62,247.00,251.22,248.58,242.85,242.94,236.18,231.46,224.86,217.01,211.81,204.61,198.98,192.31,185.81,181.62,174.98,168.25,161.25,155.33,147.25,141.77,128.47,122.00,111.77,104.62,96.05,85.38,77.37
146.22,165.02,175.32,188.94,197.01,207.21,212.45,221.38,223.68,227.34,227.98,229.82,232.97,229.26,231.91,234.80,233.12,238.30,237.51,238.30,240.20,244.10,247.42,253.34,254.40,257.86,255.33,251.96,250.42,243.02,240.24,233.31,224.14,221.47,210.42,206.17,199.45,192.67,188.85,180.71,175.97,170.04,162.31,156.39,149.31,139.72,130.83,122.70,115.52,104.80,95.82,86.12
148.41,167.86,175.07,186.80,197.37,206.12,211.47,222.32,224.50,226.61,229.06,231.77,232.25,230.50,231.49,233.62,234.78,239.46,241.13,237.24,241.83,244.92,250.54,253.88,253.30,261.47,258.82,253.44,250.35,248.12,243.82,234.97,226.42,224.85,216.54,212.45,203.04,193.26,190.68,187.28,180.34,170.47,166.48,158.15,152.63,141.41,132.94,121.81,115.88,106.51,94.13,86.05
141.53,158.15,168.24,178.83,189.53,198.74,205.46,212.95,215.37,217.71,220.20,224.72,224.01,225.11,226.52,228.40,228.71,233.70,233.50,236.23,239.84,243.52,249.90,253.65,254.59,259.24,259.90,253.71,254.61,249.13,245.20,237.70,230.03,226.02,218.89,214.11,207.08,199.97,195.31,188.28,183.88,177.34,168.65,163.13,155.01,144.63,136.18,127.06,117.00,109.44,97.58,88.84
143.14,161.01,170.66,181.46,189.74,200.12,206.53,216.45,218.84,222.11,226.29,231.40,232.13,230.53,229.90,233.69,235.92,242.20,243.34,240.41,246.79,250.51,259.42,262.26,261.84,270.38,269.32,262.19,261.63,258.12,249.60,245.25,236.08,233.65,226.24,220.54,213.43,203.53,200.64,195.27,188.77,178.23,173.64,168.18,158.32,147.17,138.92,128.84,119.62,110.63,98.35,90.09
138.71,155.43,166.64,179.57,187.67,198.34,203.68,212.32,216.28,220.24,220.44,227.80,227.69,224.00,227.69,231.02,234.36,240.13,238.35,237.95,241.30,247.10,251.02,255.36,254.61,262.07,260.97,253.84,255.15,248.65,243.31,236.41,228.11,226.18,219.61,213.81,206.19,197.70,196.08,190.39,184.82,174.04,168.88,162.39,154.56,142.39,135.37,122.70,117.90,107.48,95.13,85.44
141.33,158.03,165.89,179.78,189.13,201.76,204.98,215.67,219.33,224.20,229.08,230.79,232.26,231.64,232.21,236.45,237.67,241.53,243.63,242.84,245.80,250.17,255.03,257.70,259.24,263.23,263.53,257.41,256.73,252.10,246.48,238.03,231.39,228.67,221.39,214.46,207.68,202.48,197.12,192.42,184.04,178.51,169.78,163.78,156.87,144.81,140.77,129.00,119.62,110.17,100.81,89.38
141.13,158.69,168.24,182.02,191.41,200.85,206.90,217.87,220.95,225.27,229.54,232.73,233.38,231.86,233.31,238.43,240.07,243.51,245.07,242.84,244.90,250.71,254.53,258.77,260.52,262.46,262.21,258.99,255.93,250.89,248.81,239.42,230.46,227.97,220.20,215.03,207.41,201.84,195.16,192.35,185.85,176.71,171.45,162.73,157.49,144.40,137.88,126.48,120.67,109.17,98.73,88.41
142.64,160.33,173.67,183.56,191.90,201.88,209.61,218.66,223.52,228.04,233.21,235.16,237.50,235.10,235.59,239.75,240.43,246.45,249.61,246.81,250.07,254.66,260.16,262.67,265.21,268.68,267.99,260.50,260.75,254.57,250.30,242.17,234.83,231.16,225.61,219.49,208.93,202.25,197.72,192.84,186.13,176.28,170.56,163.86,155.54,143.38,135.15,125.16,117.55,107.79,95.77,85.59
135.25,149.86,158.71,170.88,182.48,192.15,197.34,206.20,207.20,213.95,218.50,219.02,222.00,219.94,221.38,224.32,225.04,228.35,232.95,230.22,230.78,238.03,241.21,242.68,245.61,248.81,249.60,241.81,239.64,235.94,231.87,222.93,216.11,214.71,205.24,200.85,195.97,189.74,184.36,180.11,172.66,166.17,159.18,151.65,145.11,136.72,131.47,122.58,111.83,103.58,94.07,83.68
138.60,152.51,163.05,176.24,182.20,192.57,200.63,211.12,212.05,216.53,220.06,224.40,224.62,222.64,225.63,227.40,228.66,232.78,236.18,234.83,235.61,241.51,246.87,247.29,250.25,254.53,253.73,247.08,244.97,240.41,235.75,228.69,220.79,219.26,212.27,209.25,199.46,194.37,190.42,184.29,178.04,169.01,163.78,155.88,150.15,141.48,133.76,124.06,116.78,106.04,96.03,85.80
138.44,154.16,164.20,176.16,183.32,194.36,201.16,208.09,212.72,214.97,220.34,221.18,223.26,221.00,223.89,226.21,225.34,231.33,234.71,232.11,235.44,239.82,245.71,245.52,248.24,253.34,252.01,245.94,243.95,240.95,237.03,228.82,221.47,218.28,212.91,208.06,199.54,194.26,188.90,184.66,177.69,170.00,164.00,157.72,151.79,141.52,133.96,126.75,116.76,108.25,98.03,88.12
126.91,141.04,150.44,158.80,169.54,178.55,183.92,190.16,193.54,197.28,202.39,204.53,206.09,205.12,208.96,209.15,212.87,214.09,218.51,216.93,219.33,223.62,228.43,231.16,231.91,233.81,236.30,232.57,231.59,225.50,222.39,216.42,207.97,205.00,200.39,195.06,190.66,183.61,180.11,175.33,170.59,163.25,157.89,152.16,144.52,134.95,130.38,120.51,111.52,104.06,93.62,85.56
126.61,138.05,153.38,155.22,171.48,178.54,186.23,195.66,197.33,201.54,205.57,208.29,208.89,211.81,214.16,215.75,215.42,220.19,220.51,223.79,226.15,229.16,235.47,236.86,239.57,240.71,242.71,237.61,235.93,228.66,226.56,220.76,213.03,208.24,204.47,198.81,192.21,187.52,186.27,177.34,173.42,168.08,158.47,154.55,148.00,139.49,135.16,123.75,114.28,105.26,98.29,87.56
128.35,143.03,151.08,162.81,171.49,182.99,188.60,196.43,201.10,205.53,211.00,212.53,214.39,214.93,216.39,221.21,220.05,226.42,225.82,227.74,229.21,233.70,239.65,240.58,241.81,245.23,242.08,237.02,236.30,229.43,225.27,218.89,211.01,206.52,200.83,194.02,189.71,183.38,180.14,173.18,169.20,163.20,155.79,151.27,145.01,135.07,130.38,119.81,111.95,102.36,94.26,84.48
128.75,144.62,153.47,166.48,174.42,184.01,190.18,202.71,204.59,210.06,214.39,218.52,221.38,218.58,222.45,226.63,227.34,232.36,234.61,232.38,237.29,239.58,245.17,246.38,247.49,253.44,249.93,241.03,242.40,236.35,233.00,224.02,214.44,213.46,208.87,202.27,195.60,189.04,184.50,179.87,174.56,166.29,162.81,156.24,148.66,138.22,131.14,122.81,115.55,105.95,94.02,85.70
140.00,156.58,165.48,176.92,186.13,198.57,202.16,213.01,216.34,220.17,227.23,228.73,230.05,230.23,232.11,235.01,233.90,240.41,241.42,240.93,244.19,245.90,253.87,255.19,255.44,261.05,259.34,253.48,251.46,245.20,241.87,234.09,226.08,220.04,214.25,208.03,202.08,195.93,193.13,183.41,178.75,173.25,164.61,161.60,152.32,143.13,135.96,127.39,117.20,108.27,99.30,89.20
140.00,157.65,163.01,176.14,182.33,194.31,201.78,210.10,212.72,217.41,221.47,224.02,225.89,224.80,225.18,230.18,231.29,236.60,238.00,234.36,238.43,239.85,246.29,248.29,249.03,254.91,252.99,245.60,246.56,238.81,233.86,226.89,219.21,216.18,209.54,203.84,195.92,190.85,188.31,183.07,177.18,170.29,163.99,157.66,149.80,139.18,133.66,124.66,115.25,108.21,97.86,89.32
130.86,149.04,154.64,166.90,175.00,189.19,193.00,203.09,207.78,209.46,214.67,217.83,219.21,217.61,219.24,221.35,220.38,226.77,225.84,226.29,230.29,230.85,236.22,238.47,239.00,243.33,243.23,235.21,237.07,229.12,226.63,219.94,213.36,209.20,202.79,198.66,192.85,185.41,183.17,177.18,171.60,165.22,158.81,154.21,148.31,136.82,132.85,123.15,114.91,104.32,97.13,87.37
141.68,156.11,165.19,178.27,186.30,198.11,202.71,209.66,215.08,216.39,223.11,224.13,226.15,226.45,226.97,230.21,229.80,235.51,235.77,236.30,237.89,240.14,244.43,248.20,246.34,251.44,250.24,243.91,244.38,238.81,237.33,229.73,221.95,216.39,211.51,207.97,200.19,194.03,191.91,183.61,179.05,174.61,165.52,160.82,155.72,142.36,139.52,128.69,117.00,110.64,101.24,90.14
130.73,148.66,154.55,165.92,175.39,185.71,189.86,197.96,202.41,203.93,211.00,212.58,213.78,214.39,215.93,218.30,219.04,223.57,225.06,224.01,227.56,229.96,236.68,236.52,239.35,243.25,239.30,234.78,233.48,227.86,226.42,217.35,210.30,205.73,200.69,194.12,188.86,182.60,179.07,172.28,166.86,161.28,153.39,148.64,143.75,132.65,128.41,118.00,108.63,99.82,92.70,82.01
135.15,148.40,156.54,170.14,177.92,186.04,193.60,200.02,203.07,207.23,211.78,212.61,212.72,212.73,214.85,217.15,217.45,222.00,224.08,222.95,226.49,228.08,231.14,235.05,235.79,238.67,236.28,231.22,230.54,226.23,221.23,213.85,205.43,204.79,198.49,194.08,187.07,180.43,176.78,175.39,168.16,160.13,154.93,149.97,142.43,134.37,127.78,119.81,110.68,103.37,93.74,84.63
131.67,147.03,154.95,165.24,175.84,182.85,189.02,195.69,196.62,202.32,207.40,208.19,209.35,208.31,209.48,212.01,214.67,218.15,222.31,219.13,220.48,223.97,228.97,232.12,232.80,235.00,234.13,230.05,228.08,223.52,220.20,213.93,206.53,202.20,198.50,191.71,184.32,180.04,174.87,173.31,164.98,160.10,152.84,147.63,141.11,132.19,124.58,116.87,109.60,101.55,91.44,81.61
128.43,141.87,150.01,161.68,169.46,178.87,184.81,192.75,193.35,198.91,202.83,206.19,206.74,206.16,209.62,212.72,212.25,216.36,218.58,220.38,223.18,225.09,230.29,233.75,235.03,237.56,237.77,233.82,233.09,224.64,225.34,217.35,208.57,205.27,198.12,194.52,187.47,181.76,178.88,170.26,168.01,161.61,154.21,147.76,141.32,132.77,126.76,118.83,108.85,100.12,90.80,83.60
138.75,153.94,161.64,173.76,184.76,193.68,199.06,207.07,210.88,214.40,220.08,220.79,222.65,222.95,225.18,229.14,230.78,234.03,236.03,236.60,238.43,244.70,248.65,252.62,255.16,258.80,258.09,252.96,254.40,247.20,241.66,236.58,228.32,221.11,216.92,211.91,206.83,199.90,194.20,189.41,182.46,179.05,168.67,163.38,157.00,147.03,140.52,130.63,121.82,111.66,104.02,93.98
116.10,127.44,135.77,145.50,152.07,159.26,163.86,172.07,174.66,178.84,183.33,184.30,186.47,186.55,188.10,192.76,193.60,196.62,198.22,199.28,201.25,207.06,210.76,214.11,215.84,219.42,218.68,214.44,214.62,209.35,208.29,203.34,195.48,191.94,187.30,183.35,176.74,170.26,168.24,161.97,158.00,151.64,146.01,139.06,135.34,126.46,118.51,110.39,102.88,94.01,86.45,78.39
130.00,143.59,152.20,164.91,172.70,181.96,187.54,196.98,199.65,204.92,205.97,210.30,214.62,211.28,214.40,216.95,219.48,224.41,226.32,225.22,227.04,232.36,236.40,238.95,241.10,246.03,245.64,241.01,238.46,237.01,230.54,225.50,218.04,216.34,211.44,206.37,198.77,193.75,190.42,187.77,180.34,173.01,168.62,161.97,156.20,145.24,138.71,129.25,121.08,112.06,101.24,91.71
135.06,149.22,161.01,172.57,182.60,191.00,198.18,207.17,211.15,215.75,219.02,222.41,226.81,226.38,227.71,232.90,234.47,237.84,242.39,241.77,245.25,249.93,254.08,257.86,260.23,264.82,262.19,258.31,254.20,252.36,247.49,239.40,233.21,230.90,224.50,219.53,211.29,204.41,201.36,196.21,189.24,183.44,176.39,169.78,163.88,150.28,145.52,133.65,125.63,115.43,104.35,91.92
126.14,142.02,148.81,161.25,169.07,178.35,185.61,193.26,194.62,200.66,206.46,209.23,213.24,212.34,214.29,220.42,219.32,225.68,228.04,228.78,231.37,236.35,240.86,243.87,248.28,250.59,249.21,244.56,244.99,239.37,235.10,229.12,222.62,217.80,211.01,206.63,200.41,194.18,190.24,185.40,177.20,172.54,165.32,158.03,152.00,143.13,136.53,125.80,114.20,106.68,98.39,88.20
133.24,148.22,159.22,170.24,177.56,189.62,194.65,203.48,207.86,213.06,218.76,221.81,224.96,222.17,227.42,231.24,231.26,237.93,239.94,241.31,242.00,250.45,253.57,259.02,259.67,262.94,261.77,256.10,258.31,250.84,245.25,238.52,233.00,228.48,219.32,217.37,208.34,202.20,198.00,191.86,185.07,179.45,169.54,164.54,156.17,147.87,140.55,129.06,118.96,110.39,102.00,91.30
130.60,150.28,159.14,169.81,176.71,188.13,192.42,200.45,204.25,207.87,216.48,216.33,220.42,221.33,223.79,228.37,226.42,232.86,231.62,234.17,238.40,240.88,247.03,249.97,254.35,259.02,253.27,249.18,251.21,243.52,242.51,233.81,226.56,219.94,214.11,211.55,204.90,194.76,193.57,186.60,181.25,176.23,167.55,161.44,155.24,144.81,138.22,128.06,117.34,107.70,99.01,88.68
133.54,148.95,158.11,168.81,178.13,187.02,192.77,202.01,204.55,208.93,213.12,216.02,217.45,216.83,218.50,220.23,224.24,227.71,229.54,228.01,228.41,234.64,239.65,242.43,243.24,247.26,244.77,238.89,237.41,235.87,229.06,224.66,214.23,213.91,207.59,203.09,194.31,189.31,184.00,181.97,175.79,166.00,163.11,156.42,150.05,139.09,132.74,123.23,116.71,107.20,94.18,85.59
132.26,147.87,161.31,173.93,182.46,189.04,198.73,208.87,209.47,214.60,216.72,221.16,223.49,223.27,222.46,225.64,227.63,231.03,235.54,232.14,234.72,240.83,245.20,245.69,248.49,252.72,251.45,246.42,245.13,242.37,237.88,229.56,221.40,218.82,216.07,208.87,200.58,194.54,191.00,186.90,179.85,172.73,167.50,162.36,154.63,144.89,135.60,128.32,118.87,111.07,98.23,87.60
140.73,157.61,166.37,178.35,187.11,197.20,203.49,213.18,214.84,220.59,223.65,227.64,230.63,230.29,231.39,234.17,235.23,239.27,241.05,241.51,244.63,247.25,254.07,254.45,255.54,262.99,259.77,252.92,252.62,249.37,243.76,236.78,228.79,225.89,219.69,214.46,208.15,202.57,197.31,191.90,185.40,178.99,172.13,165.80,157.58,145.89,140.87,132.19,122.04,113.15,101.71,90.91
129.45,141.65,152.35,162.94,173.62,182.72,188.06,197.12,198.39,202.97,209.35,210.61,210.95,213.56,213.56,217.44,216.84,221.96,221.06,223.61,224.86,228.88,233.60,234.88,237.30,240.31,238.80,234.63,234.39,229.48,224.64,220.27,210.30,206.77,203.30,198.96,192.84,186.68,182.48,176.16,171.30,166.23,159.21,152.08,147.58,137.93,131.24,125.21,114.48,105.08,96.26,88.84
70.18,79.31,81.04,93.43,102.90,114.84,123.47,137.84,143.69,151.17,159.30,166.83,174.65,175.91,179.66,186.13,193.02,199.85,205.97,208.41,214.46,222.25,229.96,236.35,240.05,247.01,251.73,248.28,247.16,247.34,244.71,240.05,233.98,234.61,229.47,226.50,215.60,213.55,207.52,207.70,200.69,192.52,186.27,181.46,173.57,164.03,158.03,148.45,140.29,130.97,117.03,107.87
135.87,150.22,160.56,171.84,181.25,189.76,197.50,206.73,207.89,213.05,216.10,220.84,222.00,220.05,221.77,225.08,226.38,232.50,235.26,232.36,234.30,240.07,244.66,247.40,248.65,253.67,254.02,249.39,247.39,244.30,237.95,233.03,224.24,222.75,216.58,211.55,203.65,199.04,193.31,189.76,184.05,175.39,169.85,163.17,155.96,146.03,137.27,129.63,121.49,112.00,100.17,88.14
137.52,153.10,161.76,173.93,185.00,196.02,199.85,208.54,211.44,215.62,221.02,222.85,225.58,223.95,226.01,230.08,229.86,235.17,238.02,238.81,240.44,247.10,250.35,252.60,256.07,259.07,258.84,255.79,254.02,249.23,243.96,239.00,230.59,224.16,220.27,217.19,208.00,202.47,197.33,192.51,186.50,180.69,171.99,165.47,158.09,149.78,141.09,131.71,122.56,111.16,102.40,91.42
134.62,149.89,161.44,172.03,178.99,190.32,195.33,206.16,210.38,213.46,216.45,221.24,222.73,222.85,224.85,226.05,228.98,234.83,237.15,234.94,238.40,242.91,249.02,252.62,252.00,260.97,258.68,252.45,250.73,248.36,243.01,236.14,229.01,227.68,220.69,215.80,206.32,202.57,197.23,192.51,185.84,176.71,172.00,166.83,159.22,147.65,141.74,129.56,123.44,114.28,100.00,89.89
139.04,153.06,164.56,178.16,185.15,195.63,202.23,211.73,216.00,220.23,222.64,227.31,227.86,228.69,228.60,233.03,235.42,241.30,243.84,242.79,244.18,250.80,256.22,258.26,260.02,265.80,266.31,259.48,257.42,254.66,247.70,242.59,233.93,234.06,225.09,220.49,212.93,206.20,201.46,197.50,190.82,182.24,176.32,170.84,163.08,153.33,143.89,135.96,126.57,118.56,104.05,95.27
131.55,148.56,156.01,169.43,178.47,189.45,194.16,200.55,202.79,209.42,211.45,214.77,215.37,217.33,216.95,221.38,221.47,223.68,225.22,226.42,228.37,232.55,237.78,240.60,244.01,245.25,246.03,239.02,240.53,235.58,233.45,227.42,219.80,215.06,211.05,208.17,200.50,195.94,190.91,187.00,179.37,175.39,169.01,160.64,155.64,146.35,139.62,131.40,122.49,115.17,101.83,92.80
134.11,150.44,160.46,171.92,179.74,189.62,195.63,204.31,207.25,212.51,216.30,217.45,219.87,218.72,222.32,224.96,226.11,231.22,232.83,232.24,235.67,241.37,244.13,248.28,249.90,253.92,252.19,245.84,246.47,240.21,237.50,229.99,222.46,217.31,212.87,207.54,200.24,193.51,188.90,185.00,177.80,171.47,164.08,157.65,150.63,141.95,133.54,124.43,115.11,107.42,97.12,87.21
133.09,148.56,157.89,172.80,176.11,187.13,194.54,202.31,206.89,210.52,214.06,217.60,218.68,217.79,219.01,224.85,224.44,228.48,232.11,231.49,233.85,238.65,242.99,247.65,248.94,254.40,251.91,244.81,245.16,238.48,234.61,227.85,220.19,215.36,208.49,204.83,195.58,189.95,186.27,181.18,175.29,168.07,161.61,155.12,147.53,138.11,130.27,121.70,113.36,105.68,95.78,86.38
129.63,149.83,160.25,176.23,184.95,194.86,200.84,211.25,213.04,216.52,220.95,224.59,227.04,225.46,226.87,231.70,233.43,238.21,239.71,239.93,242.53,248.08,254.87,256.63,258.47,262.68,261.43,255.86,254.52,248.94,244.86,234.89,228.54,224.06,216.09,210.51,205.57,196.92,192.20,189.08,181.82,173.81,167.50,161.12,153.22,143.93,135.15,127.35,117.07,108.17,99.49,88.51
138.29,156.08,164.28,179.61,188.56,197.25,204.69,212.73,217.80,219.82,223.38,226.56,229.13,230.24,231.37,235.31,234.14,240.24,240.71,242.32,246.11,250.91,255.88,258.49,259.49,263.14,263.49,256.73,255.72,251.01,246.98,239.01,229.44,226.64,218.56,214.35,207.15,197.34,196.79,189.65,182.01,175.79,169.01,161.92,156.08,144.36,135.51,128.32,118.27,109.12,98.41,89.05
84.53,96.38,101.02,109.84,115.87,125.20,133.36,143.35,150.88,157.29,162.89,170.18,175.70,179.69,185.63,192.34,194.10,205.14,207.45,209.98,219.10,222.73,232.80,236.92,240.48,247.82,251.02,244.39,245.05,245.64,242.00,236.04,229.63,229.37,224.06,218.52,211.34,204.38,200.36,196.09,191.47,182.54,176.96,169.50,163.78,151.29,142.56,136.36,127.44,118.85,107.56,95.75
132.10,148.30,158.40,170.06,179.12,188.14,194.52,203.65,205.50,211.25,215.86,215.68,218.33,218.40,220.23,220.33,223.13,226.74,229.11,230.79,232.50,237.86,243.66,246.17,247.63,251.14,248.41,246.63,241.75,238.84,236.32,227.48,218.76,215.23,208.61,203.18,196.60,191.37,186.34,180.16,172.79,168.00,160.64,152.80,146.56,136.82,128.84,120.22,109.04,101.59,92.62,82.39
87.80,97.53,105.93,114.24,120.67,129.28,137.93,151.56,158.03,167.03,171.03,180.55,184.70,187.86,193.57,199.98,206.37,215.62,220.19,223.24,232.14,241.05,247.00,252.49,255.57,264.61,268.15,261.96,260.78,259.04,257.73,250.17,244.30,242.37,236.29,229.31,221.65,214.71,210.89,209.29,203.00,191.46,186.70,181.25,174.14,161.62,155.21,145.22,137.30,128.76,116.47,106.12
79.65,90.47,94.64,104.01,112.00,118.27,125.00,137.28,141.06,148.60,156.12,159.08,165.20,168.77,171.73,178.54,183.92,191.15,196.21,197.40,204.98,213.27,220.29,226.02,229.43,232.82,236.02,233.99,233.00,231.21,229.00,222.38,218.56,216.10,210.54,205.91,200.12,195.01,188.81,187.42,179.69,173.42,167.03,161.79,154.55,146.87,141.16,132.65,124.54,115.52,104.66,94.92
77.42,89.47,99.00,107.91,115.66,125.90,133.15,146.15,152.16,161.47,164.62,173.90,178.08,182.53,183.50,189.79,195.33,204.61,208.85,209.19,219.22,224.15,231.49,234.88,240.41,246.68,253.81,243.53,245.72,246.98,242.77,236.37,233.98,232.55,227.20,220.64,214.98,209.12,203.86,200.41,196.31,187.38,180.02,174.77,169.25,157.04,152.55,143.21,135.72,126.53,113.90,105.77
123.76,133.90,138.95,154.26,163.71,173.83,178.19,185.22,191.18,191.64,196.74,199.48,201.94,201.38,202.31,203.68,207.56,212.36,215.39,218.32,224.36,229.39,234.27,238.43,243.07,247.50,247.40,246.78,246.55,243.21,242.87,235.05,227.70,226.42,219.58,213.17,209.61,203.59,200.02,187.38,185.28,179.08,170.50,165.06,155.00,145.13,139.81,126.59,117.15,102.69,96.88,91.24
75.39,85.70,96.05,104.31,110.92,122.20,128.97,144.09,150.59,158.65,164.08,172.19,177.86,180.04,182.83,188.14,196.29,202.98,207.56,209.06,219.21,223.47,233.31,237.07,243.21,249.56,254.66,251.80,252.29,253.16,249.06,244.97,240.16,238.05,232.94,228.02,220.58,214.44,210.68,205.36,201.46,192.42,188.22,180.27,172.90,162.50,155.00,147.65,138.61,128.46,117.27,108.05
72.53,81.74,87.69,94.92,103.58,113.23,118.07,133.75,139.31,144.16,151.34,158.84,161.89,168.05,173.33,179.74,185.00,190.16,196.02,201.08,207.28,216.39,221.96,228.18,234.34,237.24,244.38,242.42,242.40,241.07,240.20,234.07,229.87,228.08,220.19,216.23,211.01,206.04,204.69,196.16,191.93,186.43,177.55,173.10,166.93,157.41,147.83,142.02,132.14,123.57,113.23,103.10
93.06,100.66,108.89,118.00,125.30,133.99,141.51,155.24,161.64,168.61,176.56,181.65,187.38,192.77,198.04,205.51,210.84,217.95,223.57,228.55,237.95,248.62,256.28,261.85,270.28,273.48,282.19,279.18,280.23,279.63,275.75,270.35,263.88,260.65,255.39,250.84,243.31,238.47,230.69,226.99,221.79,212.60,204.66,197.80,191.44,178.81,172.65,162.25,151.40,141.77,128.79,117.88
94.59,103.12,112.70,121.20,126.46,136.50,142.41,158.55,162.52,172.45,177.65,185.63,188.90,193.83,197.39,204.41,212.53,222.28,226.08,229.42,239.53,248.28,258.31,262.07,266.58,276.13,282.59,277.24,277.48,279.20,274.65,268.53,263.93,261.85,255.14,251.22,242.57,235.54,229.10,229.01,221.14,212.49,204.66,199.06,191.06,176.48,172.18,161.98,151.33,141.78,128.28,118.11
93.21,111.21,124.48,141.60,149.97,158.43,169.07,177.28,180.60,187.77,191.95,195.32,196.42,196.76,196.29,200.04,198.40,201.70,206.16,201.06,210.26,213.02,216.75,223.14,224.11,230.49,230.25,226.05,224.27,224.04,220.93,214.02,211.25,207.21,204.27,196.54,192.20,188.11,182.10,181.11,174.54,168.01,163.98,157.62,150.16,138.96,133.24,122.98,116.76,107.12,95.72,85.43
97.87,115.80,124.39,143.17,154.93,163.69,167.97,174.77,182.56,188.69,191.66,196.51,197.72,199.42,199.82,201.36,199.62,203.38,207.13,205.34,211.14,216.08,220.12,225.53,229.53,232.74,233.08,228.54,228.08,224.51,222.01,220.05,212.98,209.76,205.10,199.58,195.02,188.92,188.83,181.00,174.87,172.05,164.22,159.53,151.74,141.76,135.77,126.65,115.25,107.49,98.27,87.32
121.10,136.21,142.62,154.56,160.70,171.96,175.15,182.60,186.17,190.39,193.72,195.50,196.90,199.01,202.24,205.20,204.46,206.87,208.24,210.30,217.31,217.83,223.79,228.48,232.12,233.49,235.47,229.63,232.69,224.34,225.96,220.48,213.22,208.54,204.08,199.65,192.87,189.08,186.01,177.10,172.10,167.76,159.81,154.93,147.12,136.96,128.89,121.21,110.17,100.72,91.21,82.08
133.66,150.87,160.51,173.67,182.69,193.15,200.38,209.58,213.01,217.81,221.05,224.18,227.53,225.32,225.89,230.05,230.65,234.75,237.62,236.17,240.35,246.14,251.07,257.63,259.14,264.46,264.37,259.26,260.73,255.05,251.10,246.48,237.59,235.48,228.27,223.09,216.33,210.02,205.99,200.21,194.65,187.77,179.90,173.01,164.83,150.92,147.41,135.06,126.10,113.53,103.08,92.00
129.56,146.67,153.94,165.70,177.72,187.36,188.60,198.25,201.20,203.69,209.68,209.24,211.98,214.11,214.56,218.07,215.95,221.82,222.80,224.56,228.11,232.50,235.85,241.35,242.84,248.20,246.78,243.68,244.40,237.49,237.08,230.93,222.44,220.81,213.27,208.93,203.59,195.89,193.04,185.93,181.16,175.86,166.74,162.83,152.98,143.28,137.24,126.53,114.93,105.42,95.85,84.59
135.35,152.83,162.19,175.15,185.35,196.33,202.07,212.13,216.21,219.26,222.07,226.76,228.19,228.04,228.67,231.55,232.05,237.19,238.30,239.27,242.40,246.74,248.49,255.89,256.19,266.01,264.04,258.38,259.24,254.44,250.42,243.73,236.68,235.82,227.08,222.71,218.28,209.95,205.63,199.20,193.89,184.40,180.24,173.61,163.78,151.33,144.31,133.22,124.33,113.18,101.53,89.36
126.66,140.09,150.00,159.77,167.48,177.87,181.46,191.00,193.87,197.72,202.61,205.18,206.98,205.77,208.37,208.86,209.66,215.33,217.82,216.21,218.44,224.35,227.14,231.49,234.65,239.82,241.99,233.45,237.50,232.95,229.98,223.65,219.78,217.19,211.15,205.63,201.10,195.53,192.31,185.98,182.21,173.97,169.19,160.73,154.99,143.56,135.79,127.02,118.83,109.77,98.02,86.73
122.80,137.53,147.83,159.30,167.03,174.41,182.44,189.50,193.13,197.19,200.06,203.57,203.74,204.36,206.31,207.56,208.12,211.75,214.29,211.10,215.35,218.66,224.36,228.99,231.04,236.32,236.36,232.02,233.00,227.85,226.55,220.20,214.40,211.99,207.93,202.71,198.18,191.13,187.52,182.86,177.59,171.90,165.68,158.49,153.00,140.94,136.13,125.16,117.65,106.83,97.58,86.21
125.10,141.74,151.48,162.51,169.81,179.61,186.08,193.31,197.77,200.64,204.62,209.47,209.75,206.65,208.24,212.61,209.97,214.61,217.59,216.21,218.45,223.75,226.00,232.85,234.62,237.53,240.10,233.98,236.16,230.85,229.80,224.70,219.28,215.42,211.63,207.89,201.00,194.80,191.38,185.53,182.08,175.55,168.93,162.69,156.63,145.84,138.85,129.00,119.57,107.04,100.09,90.14
139.59,156.82,167.44,181.02,187.80,199.06,203.67,213.55,217.88,222.27,222.77,228.97,231.28,227.38,229.30,231.78,233.79,238.66,242.14,237.78,239.38,246.34,249.24,253.93,255.03,262.84,262.24,255.22,257.12,250.49,247.49,241.02,235.03,234.68,226.23,222.41,215.03,208.01,204.30,203.04,196.38,185.78,182.99,173.63,166.88,152.95,145.77,135.09,127.86,115.52,102.39,92.42
135.44,154.55,163.03,175.70,183.14,193.20,201.31,210.86,213.46,217.70,219.83,224.44,226.18,225.18,228.09,230.36,228.41,233.21,237.12,237.47,237.41,243.40,247.01,252.24,254.19,257.60,258.21,255.02,256.46,248.67,248.92,241.75,234.68,231.50,223.89,220.91,215.37,208.24,204.64,197.43,193.05,187.48,178.81,170.18,164.15,153.76,147.14,136.95,124.96,114.48,102.59,92.66
132.85,146.86,155.54,166.94,177.26,185.61,191.00,201.31,202.76,209.69,213.25,215.57,219.94,217.68,216.33,221.25,223.96,224.20,229.97,225.30,230.96,236.70,238.77,243.35,246.22,250.67,251.53,246.81,246.98,244.63,240.23,236.16,229.34,227.59,220.66,216.39,211.46,205.73,203.07,198.73,191.48,185.15,176.98,172.07,164.75,153.01,146.66,136.65,126.19,115.73,105.36,93.39
126.21,141.45,150.33,160.55,168.07,178.47,183.90,191.61,196.29,199.65,204.96,208.06,209.77,209.77,210.95,213.02,215.81,218.52,222.61,217.75,221.38,228.62,230.49,232.60,237.23,243.94,242.17,239.27,240.74,234.68,232.22,227.01,222.10,222.20,214.67,210.01,203.53,196.70,196.16,191.32,185.31,178.84,173.77,166.83,159.89,146.82,140.94,130.46,120.93,112.31,99.98,90.14
126.38,139.56,145.69,157.00,166.87,179.01,181.24,190.71,192.82,198.12,203.18,205.78,209.07,208.06,210.95,213.28,212.73,217.04,218.75,220.86,223.19,228.83,230.84,235.75,237.89,244.25,246.01,239.01,241.88,235.99,234.31,228.18,221.82,221.21,212.20,209.55,205.00,198.15,196.25,189.31,184.49,176.50,172.68,166.88,157.97,147.76,140.94,132.74,120.37,111.36,101.71,90.00
125.90,139.20,147.60,158.15,168.59,176.95,183.21,190.22,192.07,195.74,202.20,202.27,204.38,206.65,207.29,207.97,210.29,214.67,217.83,216.67,220.41,226.01,228.88,233.11,235.51,238.88,237.88,235.03,235.59,231.82,227.48,221.06,216.67,214.01,209.06,205.09,199.91,193.66,188.51,184.84,179.62,175.80,168.01,162.35,156.40,143.96,137.90,128.71,117.71,107.80,97.86,88.12
109.90,127.09,133.12,139.79,151.08,157.00,163.13,170.45,175.57,180.55,185.13,187.84,190.14,187.93,188.66,193.49,194.40,197.91,203.77,198.60,203.38,207.87,212.56,216.94,216.52,223.67,224.70,218.19,218.69,215.75,213.32,206.90,199.99,200.08,194.76,190.23,184.30,178.28,175.33,173.24,166.21,158.71,157.16,151.01,143.03,131.71,126.46,116.28,110.79,101.55,90.05,80.95
129.10,145.84,152.09,165.20,169.04,181.52,187.84,200.12,204.02,207.24,210.92,215.86,218.22,216.67,216.02,220.79,222.27,227.14,230.49,229.65,233.62,237.26,241.81,247.03,247.49,254.53,254.47,247.78,249.33,242.03,241.59,234.26,227.25,225.04,220.53,216.06,209.06,202.62,199.28,193.19,189.76,179.30,176.31,169.84,162.27,149.91,143.75,132.38,123.49,113.81,102.18,91.27
111.00,124.28,130.78,141.42,150.57,158.60,163.09,172.81,175.48,181.47,184.45,188.07,188.72,188.60,192.40,194.25,196.60,198.28,202.24,201.12,205.01,208.41,213.66,217.37,220.73,224.29,225.53,220.37,220.34,215.59,214.44,209.58,202.36,200.06,195.16,189.76,185.97,179.32,176.74,171.48,166.52,162.44,155.04,150.36,143.03,132.92,128.06,119.00,109.42,101.02,91.59,83.19
133.99,150.00,156.58,167.71,179.47,189.17,194.99,202.81,207.18,211.15,217.46,219.21,219.49,221.71,224.74,228.25,230.22,230.59,236.30,235.92,241.13,244.76,250.06,252.62,256.30,259.01,257.80,256.30,253.65,248.20,246.03,238.88,231.24,228.02,219.58,216.45,209.77,205.23,200.82,192.63,185.61,182.43,172.31,166.24,159.33,148.05,142.67,131.75,120.34,109.57,101.55,91.01
126.92,143.09,149.60,160.43,170.18,181.43,184.09,193.38,196.16,202.36,207.42,209.34,213.24,212.71,214.22,218.04,217.85,223.18,223.14,226.92,228.09,233.17,237.61,240.07,246.42,247.74,249.55,244.00,245.54,237.24,238.87,230.18,225.11,218.08,213.01,210.87,204.84,198.76,196.02,189.61,184.88,178.40,169.81,165.44,157.99,148.28,141.76,131.52,122.12,110.63,100.45,92.72
135.59,148.72,158.03,168.44,180.09,189.52,196.17,204.25,207.62,212.56,217.91,221.08,223.16,223.83,224.64,228.32,229.44,232.13,235.14,237.93,239.46,244.24,250.46,255.03,257.03,261.12,261.20,255.27,256.63,248.68,249.16,243.19,235.30,228.37,224.41,222.50,215.23,209.35,205.77,197.97,193.62,188.05,178.62,174.29,166.93,152.83,149.72,138.66,127.13,115.92,107.06,98.35
127.39,143.10,148.60,161.64,170.86,180.09,185.01,193.38,197.00,201.56,206.79,209.00,210.98,211.47,214.23,216.90,219.15,222.09,224.40,224.80,231.04,233.96,236.32,241.60,244.18,246.68,247.52,241.57,242.54,236.21,235.85,229.73,221.38,217.50,212.70,205.91,200.63,193.72,191.38,185.61,180.54,173.69,164.58,159.02,152.43,142.21,136.12,126.65,117.52,107.52,95.75,86.09
128.08,143.96,150.07,161.79,170.07,182.50,184.53,193.67,198.12,201.16,208.00,210.60,211.62,211.10,214.67,217.80,217.41,222.33,225.89,226.21,230.37,234.96,237.70,242.10,242.84,249.70,249.58,243.02,243.20,238.80,234.83,230.50,222.40,220.17,215.03,210.23,201.56,195.92,193.34,186.95,181.02,174.59,168.32,162.00,155.05,144.00,136.86,126.18,118.07,108.72,98.23,86.68
131.24,144.63,151.74,162.35,171.84,181.10,187.95,195.66,197.49,202.09,208.79,211.60,212.84,211.60,214.22,217.20,220.48,223.02,226.82,225.22,230.87,234.06,238.60,243.77,245.98,250.69,251.59,244.90,243.53,238.61,237.86,230.05,224.86,219.78,215.20,210.23,204.09,196.57,193.46,187.96,181.28,175.31,168.44,161.51,154.31,145.34,138.58,127.78,118.53,106.98,99.40,88.28
130.55,144.06,150.75,166.03,172.31,183.92,189.45,195.67,199.18,203.38,211.30,208.43,211.01,215.61,214.34,220.71,219.06,224.02,226.50,227.37,232.88,236.89,239.87,244.38,247.70,250.65,252.66,249.32,247.10,241.03,240.30,233.36,228.04,223.08,216.54,210.64,206.71,201.16,197.39,190.39,185.54,180.45,170.84,165.31,157.54,146.63,141.23,131.10,119.40,108.78,102.04,90.21
132.22,146.56,154.87,166.21,174.87,184.45,190.00,200.57,204.73,209.30,212.96,215.84,217.35,217.59,220.73,224.21,222.28,228.27,231.67,230.72,235.33,241.06,244.66,249.76,254.53,258.91,258.03,252.63,254.95,246.74,247.08,239.99,232.80,228.44,221.17,216.17,212.00,206.25,202.43,194.54,189.89,182.28,176.71,168.30,161.25,150.42,144.93,134.63,123.69,114.53,103.73,93.04
129.10,145.06,154.01,166.47,171.96,185.15,189.27,198.49,201.88,206.81,209.88,213.57,216.67,216.84,217.71,222.06,221.20,228.00,230.76,230.18,233.08,238.10,245.59,245.75,249.51,257.66,256.88,250.40,249.62,245.65,244.93,235.99,230.87,228.97,221.42,216.62,210.28,203.27,199.61,193.83,189.19,179.32,176.31,169.10,161.31,150.10,143.39,132.41,124.26,114.13,101.08,91.92
130.74,144.01,154.83,165.56,173.00,183.36,188.11,197.52,200.47,204.02,210.11,213.49,214.95,213.60,213.91,218.18,220.27,225.89,229.83,226.42,233.45,236.54,243.53,247.23,248.36,254.56,257.62,247.40,250.39,245.46,242.03,235.24,229.37,229.39,223.33,215.20,209.03,203.82,200.82,196.02,188.86,180.94,175.85,168.58,161.91,149.40,143.29,131.47,124.46,114.98,101.59,91.02
130.97,143.57,153.44,163.93,172.19,182.89,188.16,198.12,200.49,204.62,206.30,210.71,214.35,213.74,215.20,219.97,219.06,226.92,228.64,228.00,230.25,235.69,241.50,245.12,248.16,253.95,256.98,248.02,250.14,246.22,243.90,236.41,230.72,228.59,222.99,219.92,211.78,206.02,202.43,198.22,194.01,183.96,179.01,173.08,165.19,153.21,145.40,135.06,127.47,118.71,106.23,94.89
54.20,65.12,72.01,77.08,88.06,93.72,102.12,109.38,115.12,120.22,126.91,128.69,133.41,137.09,141.32,145.83,147.67,153.40,156.37,161.41,168.58,176.53,182.78,188.10,191.60,196.64,205.46,205.72,205.08,206.47,208.73,209.10,221.06,227.73,196.01,174.03,164.56,144.59,140.80,129.28,124.72,120.34,111.20,103.46,97.01,89.05,81.54,76.06,69.46,62.18,59.08,52.80
129.07,143.85,151.61,161.22,173.59,183.41,186.27,194.73,200.21,202.43,208.39,208.06,211.83,213.86,213.65,218.19,218.28,222.69,227.06,226.06,231.77,235.67,240.26,244.00,248.24,252.61,254.81,248.52,250.84,243.29,241.55,237.14,228.88,225.00,219.99,215.00,210.28,203.07,198.98,193.04,187.62,182.70,174.60,168.34,161.20,150.28,145.34,134.94,122.59,113.15,103.32,94.43
129.26,145.44,153.22,164.55,172.80,182.99,188.50,194.01,200.17,204.20,209.12,210.72,212.19,211.97,215.60,218.33,217.57,223.00,230.22,226.81,231.49,238.08,241.67,245.77,249.40,252.68,256.60,250.42,251.81,246.03,242.03,235.27,229.39,227.20,220.15,216.76,211.01,203.10,200.58,193.84,187.77,182.52,176.24,168.18,160.64,150.08,145.50,133.24,124.89,113.85,104.40,93.09
122.97,141.01,150.63,161.44,170.95,182.79,187.88,192.76,198.40,203.35,210.22,209.75,212.45,211.90,215.06,217.72,217.75,223.18,226.38,227.17,232.18,236.19,241.12,245.35,249.69,252.92,253.14,251.54,250.72,243.46,242.64,236.86,229.14,224.96,220.41,215.54,208.81,202.06,201.14,194.62,187.63,182.56,173.18,167.72,159.67,150.44,142.56,133.76,121.92,113.55,104.12,93.02
127.01,143.28,151.48,162.74,169.71,180.36,184.61,193.50,197.23,201.91,205.65,207.35,210.38,210.75,212.46,217.59,217.41,220.74,224.22,224.12,230.16,233.81,239.11,244.79,246.71,251.56,251.34,246.55,249.72,240.05,239.97,235.77,227.07,224.12,218.18,212.19,207.65,201.79,197.10,191.09,186.76,179.95,172.80,167.80,159.82,148.41,143.18,134.00,121.79,112.71,103.17,92.42
126.32,143.81,153.63,163.49,172.43,183.17,186.45,195.17,199.90,204.83,206.87,211.81,214.57,211.23,213.97,216.45,220.06,226.38,229.61,227.41,231.87,238.02,243.33,245.45,248.58,255.55,256.76,247.58,251.62,245.25,243.56,235.42,227.66,228.08,221.42,216.30,210.86,202.03,200.66,196.85,190.32,181.11,177.16,170.66,161.38,149.68,142.72,132.94,124.72,113.27,102.53,90.96
132.83,146.34,156.06,167.30,176.05,185.32,192.77,201.16,204.56,208.17,211.85,216.70,217.62,218.87,218.28,222.42,225.00,230.37,233.42,232.69,233.94,242.63,247.62,252.41,253.69,260.50,261.16,254.16,253.81,251.92,247.76,241.92,235.13,233.75,225.59,221.38,213.35,206.83,202.48,199.83,193.23,186.68,179.33,173.05,165.30,153.33,147.17,137.00,125.94,117.00,105.12,94.37
132.46,147.67,156.17,167.71,176.87,188.94,192.63,201.80,204.63,208.37,213.78,214.73,218.16,219.32,220.20,223.45,224.62,227.98,234.80,234.39,237.44,242.04,248.24,252.88,255.89,258.52,259.46,255.27,254.80,251.85,248.94,241.81,237.12,231.68,225.11,223.09,214.83,210.30,203.98,197.63,191.19,188.53,178.51,171.77,164.58,154.64,149.19,139.45,125.77,116.87,106.85,96.13
131.23,145.50,156.03,167.60,176.08,185.26,192.09,198.71,203.04,206.89,213.66,215.67,216.72,216.93,217.19,218.74,224.12,226.90,233.00,231.24,234.34,240.85,245.84,251.43,253.95,257.45,258.31,254.07,251.73,250.26,245.98,240.16,232.17,230.33,224.38,220.59,213.01,208.00,203.68,197.91,190.17,186.07,178.19,170.24,164.65,153.12,147.73,136.57,125.32,116.02,104.92,94.73
129.71,143.28,151.49,163.17,171.41,182.83,185.83,195.62,201.16,204.50,207.71,212.46,213.58,212.00,214.29,218.11,219.54,224.56,229.12,225.58,231.71,237.02,242.04,244.70,248.56,256.01,255.37,247.89,250.00,245.49,242.26,235.33,228.62,227.64,221.00,215.86,208.24,203.86,200.20,195.01,188.04,179.80,177.20,169.85,162.86,148.95,142.04,133.23,123.86,114.98,102.62,91.18
129.80,144.00,150.40,162.83,172.24,183.00,186.04,193.96,197.91,201.79,208.06,209.00,211.21,211.85,215.06,216.95,218.16,222.71,225.06,228.48,232.55,237.30,240.31,244.92,249.84,252.67,253.50,249.47,251.24,242.33,242.79,236.08,228.81,225.08,217.70,214.61,207.66,202.48,199.25,191.05,186.60,182.16,174.26,165.22,160.20,148.27,143.39,133.41,120.97,113.84,102.18,92.85
129.02,144.22,151.60,162.87,172.29,181.96,186.30,195.17,197.52,202.53,207.89,211.12,211.98,212.98,215.03,218.08,218.69,222.65,227.26,227.00,231.95,236.04,241.05,247.40,249.11,253.65,254.53,248.85,248.00,242.87,242.37,234.03,228.97,224.14,221.00,214.44,208.19,202.18,198.34,190.21,186.95,179.57,173.07,168.32,159.39,148.66,142.27,134.21,122.79,113.23,101.19,92.01
127.19,141.21,153.06,163.49,171.33,179.87,184.72,195.16,199.86,204.04,207.50,210.72,212.85,212.26,214.36,216.78,221.17,225.18,230.78,225.00,231.37,237.41,240.92,244.40,246.81,254.01,255.12,246.68,248.49,243.95,241.09,233.00,225.30,224.74,219.44,214.04,205.88,201.64,197.67,194.21,187.63,179.98,174.07,168.24,158.82,148.19,141.78,131.24,124.20,113.65,101.00,90.52
129.81,144.27,151.27,163.86,174.27,184.01,188.16,196.25,199.46,204.02,210.01,212.91,212.98,214.70,216.17,218.49,220.99,224.14,227.61,229.94,232.86,238.76,242.54,247.88,249.97,254.59,254.06,251.00,249.03,244.63,242.42,235.33,227.97,223.14,218.05,216.18,208.22,203.67,197.27,193.20,187.01,180.76,173.74,167.30,160.10,148.66,144.00,133.70,122.33,112.70,103.08,93.09
128.55,143.54,151.98,164.14,171.61,180.71,187.28,197.04,198.60,204.02,207.51,211.82,213.88,211.97,213.10,218.94,220.82,226.38,230.78,225.74,230.52,235.64,243.25,244.90,248.57,253.33,256.33,246.68,248.62,244.05,242.00,233.26,226.60,226.61,220.99,212.98,207.00,201.61,197.43,194.16,187.07,179.01,174.26,165.68,159.54,147.87,141.04,131.55,123.00,113.23,101.24,91.24
124.95,137.90,143.96,155.98,164.88,174.24,178.37,186.95,191.07,194.24,201.16,201.31,203.39,203.60,206.79,210.54,209.86,215.08,217.25,219.43,222.99,227.71,230.93,234.97,238.46,241.21,242.80,238.10,237.95,232.01,230.59,224.08,218.83,214.22,207.62,203.34,199.06,193.01,189.62,181.82,176.37,171.99,164.27,157.85,150.48,141.83,136.24,127.12,114.81,107.06,98.62,87.80
127.25,142.21,151.99,162.44,170.18,178.87,184.84,193.98,197.23,203.06,205.91,210.35,210.34,210.49,212.49,217.51,217.89,222.69,226.81,225.25,229.90,236.52,237.93,245.07,247.78,251.98,251.73,246.59,245.20,241.13,237.55,232.01,225.04,223.22,217.04,211.12,205.35,198.04,196.42,188.29,182.49,177.60,169.94,164.37,156.42,146.66,140.09,130.82,120.88,111.00,99.90,89.89
128.55,141.21,151.16,162.00,169.66,180.68,186.78,194.49,199.11,203.09,207.66,208.61,210.29,211.62,213.81,217.68,218.56,222.41,227.90,225.50,232.42,236.25,241.30,244.13,249.28,251.34,251.31,246.40,247.04,240.30,239.13,233.89,226.21,222.43,217.04,210.62,204.08,197.09,195.01,189.53,183.22,177.10,168.76,162.15,156.67,145.03,139.09,129.71,120.50,111.21,100.24,90.25
126.59,142.79,149.31,160.01,169.29,181.07,183.93,192.38,196.06,201.25,204.61,208.54,210.15,211.62,213.22,218.15,216.47,224.02,225.73,225.79,231.60,236.52,239.94,245.31,248.07,249.90,251.10,245.12,245.77,239.53,239.55,231.80,223.76,220.64,213.15,208.31,204.28,198.41,193.84,186.66,182.06,176.03,167.91,162.25,154.00,145.65,139.09,129.77,117.48,110.04,100.12,88.77
125.21,138.97,149.58,162.48,171.30,182.49,186.81,194.37,197.00,203.04,206.00,210.24,212.04,211.27,215.41,217.80,219.94,224.18,227.30,224.40,231.39,234.95,239.93,244.20,247.41,252.84,250.68,245.60,245.49,240.83,238.21,233.26,223.89,222.05,215.03,210.01,203.03,197.23,192.51,187.13,181.47,175.35,169.29,163.03,154.87,143.42,137.35,128.06,117.72,107.70,99.01,87.82
126.40,144.20,149.81,164.26,165.72,178.03,184.10,191.73,195.36,201.11,205.02,207.62,210.24,211.02,214.48,218.01,215.39,222.09,227.06,226.21,229.82,234.96,239.47,242.84,245.82,249.44,250.53,244.00,245.34,236.24,236.50,231.23,224.24,219.28,212.00,208.91,201.94,195.41,192.23,184.84,179.90,174.04,164.61,161.20,152.71,142.90,135.00,126.66,115.94,107.86,98.02,88.26
116.93,131.93,137.71,149.33,158.22,168.12,173.44,181.25,184.72,188.43,193.20,196.35,196.98,198.40,199.81,204.27,205.12,210.01,212.00,213.00,214.19,222.43,225.50,230.49,232.12,236.22,234.96,232.36,230.99,226.74,222.45,214.67,207.76,204.57,198.12,193.83,189.02,185.22,179.08,174.73,169.39,164.20,156.78,149.47,144.13,133.69,127.63,119.27,109.77,100.00,90.55,81.05
117.38,131.93,141.22,151.21,157.00,167.57,172.74,181.47,184.95,190.00,192.78,196.09,198.86,199.45,200.64,202.16,205.68,208.54,211.37,211.68,214.01,219.66,225.69,226.83,229.34,235.10,235.70,227.71,226.98,227.44,222.17,215.64,209.46,208.12,202.37,199.58,190.21,186.51,181.42,175.18,170.84,164.56,160.31,152.76,147.87,134.50,129.56,120.49,112.06,104.00,91.24,82.00
117.72,129.69,139.30,149.40,157.28,166.90,170.46,180.65,183.88,188.07,190.12,195.23,195.56,195.78,197.09,201.25,203.01,209.33,210.38,209.55,212.00,216.53,221.11,225.20,228.32,233.08,234.20,228.09,228.04,224.56,219.89,213.19,207.25,204.86,199.04,196.33,189.81,184.74,180.24,177.05,170.85,162.52,158.38,150.42,144.17,132.14,128.27,118.90,110.39,100.17,90.80,81.39
121.33,135.72,145.80,157.92,164.20,173.40,181.16,189.26,193.07,197.96,201.68,203.87,207.68,207.51,208.40,213.04,214.31,219.28,222.30,222.55,221.82,230.87,235.05,236.69,240.88,245.45,244.61,240.96,239.35,235.61,231.23,226.06,218.15,214.71,208.21,205.34,197.67,192.43,188.31,182.01,175.33,170.24,162.98,154.50,148.82,137.23,132.40,122.80,112.04,101.98,92.66,83.38
120.78,135.34,144.50,156.87,165.06,174.26,180.37,190.92,192.38,198.28,199.57,206.31,207.85,208.08,207.86,212.41,215.08,220.31,222.64,223.06,222.04,230.85,234.10,235.97,239.84,247.10,245.94,239.65,240.87,237.36,232.95,225.20,218.82,218.00,210.38,207.06,198.37,191.51,186.99,184.17,178.21,169.25,166.35,159.01,150.27,138.22,129.55,121.17,112.45,104.36,91.59,81.57
132.24,145.99,155.21,165.00,177.00,186.68,190.59,199.25,203.00,207.17,213.69,212.95,216.11,217.37,217.00,220.08,220.74,223.33,226.79,229.00,231.92,238.90,240.90,244.72,249.15,252.01,253.31,251.44,248.36,243.40,243.18,237.14,230.42,225.23,218.58,215.76,208.46,201.99,197.50,190.19,182.70,180.69,169.78,163.02,155.24,144.90,139.74,127.61,115.55,105.68,98.23,86.16
129.50,142.01,152.59,162.93,173.14,182.16,186.04,196.54,199.28,202.61,204.09,210.49,212.43,210.61,211.26,215.08,216.23,220.29,223.22,220.20,226.07,230.22,236.44,239.24,241.13,247.32,248.85,241.05,242.74,240.28,234.77,229.92,220.99,219.45,215.24,209.40,203.18,194.28,191.64,189.17,182.04,172.24,167.74,161.77,155.00,140.53,134.24,124.17,114.28,106.38,93.48,83.76
80.05,86.65,95.78,103.75,112.61,123.17,131.47,144.25,148.49,158.38,166.24,171.40,177.72,185.40,190.34,195.92,201.12,209.75,214.28,221.43,231.00,238.07,246.27,255.05,259.47,263.53,269.68,269.67,268.23,266.18,264.62,258.12,256.10,249.16,243.82,238.73,232.02,226.35,220.20,213.08,207.66,200.69,191.07,183.85,176.71,165.36,157.88,148.57,136.21,126.46,116.90,105.36
132.46,146.03,159.38,170.02,176.83,187.01,192.92,201.85,205.50,209.31,210.85,214.98,216.93,215.24,215.70,220.29,222.71,226.06,227.98,226.05,229.39,234.44,239.89,243.50,247.01,252.25,253.46,246.03,248.57,243.48,240.31,231.95,225.42,225.22,216.60,212.85,205.06,200.37,194.70,191.44,186.98,175.42,171.75,164.79,157.29,143.60,137.01,125.14,117.83,108.71,96.42,85.28
140.00,155.04,163.29,175.51,185.80,197.45,200.90,209.97,211.46,216.98,221.55,223.22,225.89,226.21,225.40,229.61,230.56,234.36,237.31,236.60,239.03,245.07,250.20,255.31,257.11,262.38,262.99,257.61,255.92,252.79,250.45,241.37,235.24,232.41,224.02,221.05,213.85,207.37,201.56,196.16,191.13,183.47,177.61,169.66,159.80,149.88,141.69,130.43,121.33,111.76,100.12,89.56
132.00,146.99,158.15,168.00,176.39,185.61,189.52,200.32,203.57,208.49,210.80,214.67,214.11,213.38,215.26,217.33,218.07,223.54,226.74,224.18,228.45,233.85,237.93,241.81,243.52,250.60,250.42,242.53,242.83,239.77,234.64,228.85,221.46,218.40,212.85,205.46,200.25,192.76,190.37,184.56,178.39,170.18,166.72,158.03,152.05,140.00,133.66,123.33,116.28,106.30,94.56,85.04
130.87,145.80,154.74,163.77,173.62,182.86,186.13,193.16,197.57,202.81,206.90,208.63,210.32,210.85,213.82,215.46,215.39,219.22,223.22,222.23,226.63,231.46,235.09,239.08,242.33,245.96,245.90,240.95,243.02,234.80,233.95,227.07,219.11,215.75,208.39,203.97,198.17,190.54,188.13,180.68,175.07,171.27,162.27,155.42,149.40,138.19,131.83,121.82,113.53,102.55,92.76,84.76
131.61,146.87,155.90,166.43,175.00,186.08,186.70,196.60,201.84,205.06,210.79,212.47,215.04,213.49,216.13,219.39,220.15,224.02,226.61,226.93,231.66,235.91,239.27,244.05,247.12,251.73,252.74,245.42,246.38,241.24,239.34,232.14,223.96,221.92,214.11,207.42,201.56,194.25,192.04,187.04,179.71,171.47,166.93,159.71,152.00,140.43,133.30,123.33,114.24,104.74,95.63,85.96
125.64,141.87,152.24,162.69,173.08,181.18,188.83,198.29,201.97,206.93,209.61,214.01,214.44,214.53,214.44,217.46,221.23,225.04,228.40,224.74,229.32,236.12,241.12,243.66,245.80,251.59,252.69,245.13,243.88,243.19,237.26,229.09,222.46,220.51,214.87,210.10,201.92,194.52,189.47,188.47,180.41,171.23,167.04,161.21,153.94,140.80,132.77,123.63,116.28,106.25,94.11,84.29
135.09,149.72,159.78,171.11,180.28,192.82,197.06,208.03,209.29,213.94,220.00,221.64,224.21,224.24,225.55,229.71,228.83,235.36,237.05,237.61,243.20,247.88,251.38,255.97,259.62,262.93,263.19,259.54,259.88,253.03,251.15,246.17,235.92,231.11,225.85,219.00,213.77,208.21,202.70,195.76,190.28,183.93,172.47,168.77,160.70,149.40,142.08,132.64,120.60,110.86,101.27,91.97
133.36,148.72,159.03,169.45,180.76,190.59,197.62,205.68,208.83,212.56,219.73,221.01,223.61,224.59,225.33,228.28,230.29,234.18,237.68,237.60,241.70,246.81,251.94,256.59,261.56,264.70,263.18,261.03,260.73,254.72,253.49,244.75,238.88,234.31,226.77,223.81,217.33,209.16,203.86,198.09,190.76,187.39,178.47,170.21,163.17,151.61,147.12,135.69,123.49,112.22,105.12,93.81
129.85,145.00,157.89,169.20,176.01,189.08,192.21,203.48,206.02,211.95,212.71,218.16,220.62,218.77,220.00,224.36,226.99,235.52,236.14,233.79,238.83,243.58,250.06,250.88,255.23,261.17,262.15,255.41,257.33,253.16,247.07,241.10,235.01,234.34,225.64,223.81,213.14,208.06,204.12,198.60,193.22,184.05,179.00,171.45,164.62,151.12,144.01,133.27,125.32,115.69,102.04,91.71
123.57,135.76,144.46,159.11,166.03,173.40,178.33,185.97,188.66,191.94,195.16,198.83,199.38,202.20,201.46,202.79,206.96,209.30,211.44,213.85,216.45,222.27,227.44,232.22,234.48,236.37,238.66,237.19,234.55,231.25,229.53,222.93,218.13,212.00,207.28,204.47,197.50,194.09,187.75,184.88,179.01,174.77,166.14,159.70,155.01,142.87,136.61,128.71,117.02,108.27,99.16,90.34
120.67,132.97,144.46,152.51,163.05,172.35,178.68,186.34,188.77,193.57,195.90,200.21,201.00,202.11,201.25,204.78,206.62,212.36,216.36,213.78,217.30,223.65,228.79,230.48,235.92,240.75,240.63,236.78,236.60,233.70,228.56,222.99,215.63,215.50,207.14,203.48,195.72,190.08,187.86,183.08,176.77,169.11,163.75,158.15,150.07,138.10,133.22,123.07,114.56,104.66,96.03,84.72
121.28,134.11,143.09,156.02,165.01,174.32,181.28,188.28,192.21,196.43,198.31,203.87,203.89,204.07,204.97,206.02,209.12,215.14,218.56,218.43,221.18,228.88,232.76,237.41,239.27,244.86,246.13,241.08,241.05,238.41,233.32,227.67,219.43,217.35,213.02,206.87,199.91,195.49,190.04,186.82,179.60,173.25,167.07,159.48,152.00,141.32,133.87,125.22,116.40,106.07,96.65,86.37
83.02,92.35,99.16,104.39,114.00,119.44,128.97,141.42,146.29,154.21,162.43,164.98,173.83,176.71,181.54,188.16,192.42,201.96,205.02,212.61,219.48,228.27,238.56,243.56,250.64,254.66,261.63,260.32,259.79,260.40,256.47,251.35,247.42,243.02,237.95,233.67,224.96,220.18,214.31,210.21,203.07,196.73,189.71,182.78,175.39,165.68,157.10,148.41,137.38,129.54,119.42,107.42
84.15,90.96,99.46,106.15,114.28,120.54,129.50,142.21,147.27,155.44,163.00,167.41,171.76,177.28,183.17,187.45,195.06,200.35,206.63,211.26,220.68,229.34,239.48,244.17,249.48,254.91,261.22,261.28,258.80,260.31,256.12,251.19,248.29,243.08,238.47,233.99,225.73,219.86,214.11,210.85,203.54,196.47,189.01,183.48,175.03,164.62,159.02,149.20,138.58,129.25,120.28,106.96
81.22,90.93,97.31,106.30,114.14,121.76,129.40,144.73,148.84,159.01,163.78,172.26,179.74,183.13,186.51,193.66,200.26,209.76,212.85,215.06,225.06,235.37,242.53,246.66,253.53,262.23,269.02,264.20,265.22,264.55,258.09,253.57,249.84,249.28,241.62,237.54,229.16,224.66,219.18,213.01,208.06,199.18,192.31,185.81,179.40,166.43,160.21,149.25,141.06,131.03,120.21,107.94
83.22,91.20,99.28,108.23,116.11,123.37,131.64,146.11,152.12,162.56,167.67,176.49,184.02,185.53,188.69,195.49,202.53,211.62,216.51,219.94,227.59,237.76,247.73,249.88,255.20,264.78,270.30,266.60,266.18,267.20,261.66,257.16,253.51,253.24,245.16,239.43,230.63,225.68,219.28,216.62,209.16,202.20,193.33,187.17,180.76,166.43,163.29,149.62,141.80,132.38,119.28,109.22
89.63,99.28,106.08,113.53,121.49,131.11,136.49,150.96,157.69,164.62,170.84,177.00,183.37,187.88,191.66,197.73,202.57,212.47,217.00,221.82,230.44,237.70,247.23,252.73,257.94,265.00,271.45,267.80,266.79,266.63,263.80,258.82,252.05,250.06,245.52,240.42,232.11,226.29,220.73,217.52,208.90,203.12,194.00,187.41,182.20,170.50,164.76,152.78,141.99,134.06,123.37,111.80
90.08,101.18,109.29,117.14,128.47,137.06,145.77,160.12,165.30,173.40,180.54,186.10,193.07,197.70,198.57,205.43,210.64,219.26,226.30,230.51,235.05,245.02,254.47,260.85,264.68,273.07,279.72,274.48,274.49,273.88,268.84,264.32,257.42,255.55,250.32,244.79,237.43,230.50,224.93,223.89,214.72,207.33,200.26,191.59,187.11,174.26,166.65,158.45,147.68,136.19,124.34,114.06
86.31,98.03,104.09,113.81,122.12,133.24,139.85,152.12,159.02,164.83,172.80,176.92,184.20,189.38,191.88,197.21,201.31,207.91,213.78,220.74,227.41,234.39,241.45,249.20,254.59,258.44,263.08,262.49,260.30,258.28,255.45,251.07,246.61,241.97,237.02,233.23,226.06,219.83,213.97,209.40,203.10,197.59,188.47,182.63,174.55,165.06,159.84,149.63,138.60,128.97,117.17,108.05
87.97,98.67,106.79,115.32,126.19,133.72,142.76,157.00,161.45,168.91,178.54,184.57,187.61,194.86,198.58,205.23,209.75,219.18,223.50,228.32,235.37,242.13,251.25,257.45,262.41,267.54,272.22,270.60,268.70,267.98,266.26,260.46,254.61,251.08,244.90,239.70,234.36,227.27,221.02,217.19,208.74,205.55,194.37,188.83,182.41,171.21,165.00,154.83,142.59,132.97,123.91,110.02
82.39,91.55,96.88,105.34,115.52,123.47,129.32,143.59,147.14,154.03,162.56,165.77,171.30,178.75,182.46,189.21,191.45,198.85,201.80,209.09,215.03,223.22,229.11,233.56,240.52,243.33,249.27,246.33,245.80,243.40,244.18,240.17,233.62,228.53,222.91,218.52,213.94,207.97,203.20,197.41,192.84,186.30,177.20,171.73,164.91,156.01,147.87,139.06,130.60,121.31,112.16,100.72
89.83,98.37,110.64,117.15,125.00,133.84,140.91,155.03,161.00,169.61,174.94,183.10,187.38,191.97,194.03,200.88,207.54,218.06,222.27,224.40,232.43,240.42,249.84,255.00,259.01,266.18,270.41,266.81,264.28,266.16,260.69,256.96,250.51,249.90,242.26,236.68,228.97,222.01,215.18,215.80,207.39,199.25,193.08,186.78,178.84,167.30,160.46,150.71,139.46,130.25,118.85,108.85
75.69,85.07,94.15,102.73,107.54,115.62,121.79,136.44,137.99,146.66,152.88,159.66,163.22,169.12,171.14,179.63,182.22,189.45,195.35,197.20,205.01,212.53,219.11,223.38,228.48,234.52,237.61,233.08,234.93,232.24,230.11,225.62,219.97,218.00,212.88,208.00,202.60,195.23,190.43,188.60,183.45,173.46,168.44,162.83,156.29,147.33,141.03,132.38,124.28,115.28,106.04,95.60
88.62,100.69,107.52,115.43,124.35,134.18,142.62,152.88,158.40,166.41,176.49,180.23,185.95,192.46,195.17,204.04,207.07,215.37,219.02,225.94,232.82,241.75,249.21,256.80,262.15,265.45,270.51,267.92,265.95,265.17,263.49,255.95,251.29,246.11,240.35,236.33,229.33,224.32,218.36,212.51,206.00,200.00,190.37,183.31,178.40,167.05,161.51,151.79,140.07,131.32,119.05,109.12
89.00,99.74,107.81,116.66,124.54,133.81,143.03,153.73,161.07,169.06,176.05,181.08,188.11,192.92,195.66,204.82,209.99,218.96,224.59,228.64,235.42,245.70,253.03,258.05,263.43,270.60,275.05,268.90,268.88,268.82,264.78,258.29,253.41,250.35,244.79,239.76,231.19,226.32,218.72,216.30,209.80,201.43,193.60,188.16,179.55,169.00,163.49,152.07,141.74,133.26,121.20,110.07
137.77,152.63,161.64,173.62,183.14,192.66,198.01,205.55,207.50,212.00,216.93,218.68,220.48,221.68,222.41,224.66,224.15,230.93,232.70,234.18,239.28,243.48,247.49,251.15,253.65,259.56,257.56,251.78,250.51,246.97,243.07,237.14,227.69,223.00,216.27,210.84,204.71,197.21,193.21,186.04,180.94,174.04,164.64,158.22,149.83,140.43,134.72,124.40,113.32,104.14,95.08,83.74
75.47,84.05,91.44,100.62,108.76,116.50,125.40,139.43,145.60,155.24,158.68,167.22,173.83,176.11,180.23,188.30,193.61,201.44,206.78,209.30,216.95,225.27,233.03,238.01,243.52,249.39,252.79,248.57,247.46,249.10,245.46,237.17,232.13,229.63,223.59,220.00,212.53,206.01,201.82,198.91,192.82,183.04,178.57,172.28,165.85,154.02,148.12,140.06,132.08,122.05,111.95,101.83
88.24,98.49,102.83,111.32,122.41,130.10,138.25,150.36,155.22,164.56,172.01,176.98,183.45,190.07,193.15,200.35,203.58,212.27,218.05,224.63,232.55,239.94,248.05,253.55,259.56,261.71,265.65,266.45,265.45,264.33,260.05,254.70,246.91,242.32,238.40,233.81,225.33,220.31,215.18,210.75,202.08,198.36,188.74,183.21,176.05,165.08,159.86,149.49,138.06,129.28,119.21,108.93
88.09,97.08,105.08,114.69,121.84,130.25,136.88,150.03,156.44,166.19,172.31,177.07,183.37,190.54,193.31,200.24,205.20,213.89,219.15,223.23,229.80,240.86,246.22,251.88,257.28,265.92,269.00,263.97,264.20,261.62,258.01,252.23,247.32,243.56,236.03,232.69,225.38,220.68,214.72,211.29,202.71,196.58,189.11,183.58,175.32,163.37,158.82,148.84,137.77,129.03,118.87,106.96
88.57,97.62,105.85,113.77,123.24,129.97,138.85,153.44,156.89,165.95,173.30,179.07,185.80,189.76,194.55,201.66,205.06,214.87,221.50,222.73,230.60,241.36,248.49,253.62,259.02,262.94,267.72,265.40,263.05,263.88,258.07,251.98,246.40,243.94,237.07,233.24,223.60,221.53,211.70,209.25,203.63,195.01,189.00,182.07,173.91,162.25,156.40,147.08,138.28,129.50,118.36,106.40
134.53,149.31,159.14,171.90,179.51,191.00,196.33,204.96,207.94,211.22,216.18,219.00,220.44,221.38,221.65,225.09,225.68,231.23,230.64,231.68,234.65,242.32,244.72,245.33,247.35,253.40,252.05,246.34,243.74,241.35,236.86,228.59,220.72,218.55,212.00,206.52,198.60,190.04,187.47,183.70,176.10,168.72,164.12,157.03,149.72,138.06,131.75,122.58,113.99,105.76,93.68,83.17
87.05,97.75,103.37,113.64,121.46,130.10,139.23,150.00,154.81,165.59,172.25,177.61,183.00,188.73,195.45,201.14,204.27,211.81,216.08,223.57,231.60,238.88,247.34,252.51,258.45,262.93,266.81,264.37,264.89,259.56,256.28,251.88,247.32,244.08,236.41,230.63,223.64,218.00,213.85,210.26,203.27,195.03,188.56,181.47,175.14,163.69,155.68,147.14,135.96,129.12,117.15,105.44
137.41,150.88,161.21,171.83,182.06,190.92,197.67,205.06,205.73,210.28,214.37,216.58,217.23,217.25,220.23,221.63,223.38,225.01,228.85,229.67,231.87,238.80,241.02,246.02,246.46,252.21,250.89,246.36,244.10,240.36,234.69,229.31,219.36,216.91,210.75,208.25,199.45,194.65,189.19,183.87,178.37,173.22,165.77,158.77,153.15,143.34,134.63,126.72,117.39,108.23,97.62,87.80
133.75,145.65,157.43,165.50,177.00,186.01,192.28,199.67,201.36,206.74,211.10,214.01,216.07,213.78,218.39,219.87,222.73,224.97,228.35,227.26,231.90,236.17,240.48,242.42,246.13,248.58,247.74,244.57,244.10,236.78,233.94,226.02,218.58,212.82,206.24,202.53,198.73,190.92,186.68,178.54,174.23,168.91,159.81,153.22,146.44,137.28,129.54,119.21,110.49,102.04,94.87,82.46
135.69,151.60,158.67,169.69,178.97,188.28,194.65,201.85,205.00,207.71,214.95,217.67,217.68,218.29,221.36,222.58,223.61,226.37,231.37,231.60,234.76,239.93,242.59,247.01,250.32,254.19,253.56,250.19,247.40,242.43,240.19,232.45,223.27,218.39,212.40,209.30,203.38,196.09,192.92,187.45,179.64,176.21,166.93,159.00,154.28,143.59,137.31,127.44,116.71,107.07,99.62,89.20
141.66,157.11,165.64,178.55,187.88,195.01,206.04,211.68,214.15,219.06,222.38,223.96,226.21,224.70,228.71,230.26,232.96,236.54,238.32,239.08,242.29,246.83,254.03,255.77,258.44,263.47,260.00,258.07,253.57,252.30,247.16,239.74,231.58,227.67,221.93,216.18,207.51,203.27,197.02,193.68,186.80,179.61,172.90,164.98,160.00,148.35,140.80,133.30,122.64,113.14,103.32,91.93
122.87,136.78,143.75,157.00,166.23,174.72,179.63,186.70,191.89,194.49,198.12,200.48,201.63,203.59,204.30,206.90,209.02,212.17,214.04,216.45,218.55,222.99,228.76,230.15,232.88,235.13,236.02,231.31,228.04,224.93,219.62,212.57,205.93,201.60,197.52,192.63,184.13,178.49,174.77,169.10,162.59,159.26,152.50,144.26,138.80,130.08,124.40,116.81,105.72,97.08,89.63,81.30
137.13,149.91,160.06,169.73,184.18,191.98,200.89,208.41,211.62,215.13,220.88,222.74,224.61,228.32,226.91,231.56,230.83,237.62,237.97,241.30,242.67,248.20,253.12,256.91,258.75,263.70,261.08,256.46,254.66,249.33,245.49,238.42,229.46,224.32,216.76,213.56,207.42,200.45,194.83,188.92,182.04,175.18,168.91,163.25,154.39,145.79,136.62,130.00,117.39,108.47,99.70,89.82
126.02,138.58,147.68,158.62,166.34,173.00,179.81,188.40,191.31,193.02,197.82,202.19,201.84,202.09,201.70,206.21,206.49,210.95,212.36,213.05,217.28,220.62,226.17,228.54,230.01,235.01,232.74,228.48,227.67,224.96,219.66,213.32,203.97,202.41,197.87,192.23,185.97,180.56,175.82,172.00,166.09,158.47,154.12,146.69,142.84,132.42,125.10,117.15,108.30,101.71,90.05,80.21
126.57,139.12,150.88,161.25,169.58,177.43,182.39,191.05,193.60,199.57,200.26,204.94,204.71,206.70,207.24,211.24,212.85,216.89,218.68,217.02,220.00,224.52,230.38,232.74,234.67,240.47,238.01,231.64,231.23,229.01,223.16,217.04,207.09,205.34,199.37,194.26,186.46,180.34,177.00,176.41,167.20,161.05,156.46,148.22,142.41,132.23,125.78,118.22,110.98,100.32,90.43,80.23
137.00,151.34,160.65,171.19,181.18,191.27,194.91,202.83,206.41,211.44,213.77,217.86,219.53,219.02,223.14,225.66,223.30,230.20,230.99,233.42,235.17,241.07,245.55,247.42,250.15,254.35,252.52,246.03,246.22,240.61,238.74,229.86,222.01,217.15,210.22,207.76,200.20,194.59,189.68,183.88,178.44,171.29,165.30,157.89,151.27,143.59,135.37,127.06,117.55,108.50,98.35,88.07
139.40,152.64,161.94,172.70,181.00,192.42,197.59,206.32,211.40,214.55,218.55,224.16,223.76,222.62,223.65,226.85,229.26,234.80,238.40,235.13,241.12,244.73,250.84,254.88,254.10,260.97,257.19,252.03,252.36,249.07,242.40,234.92,226.81,224.62,217.22,213.51,205.51,198.00,192.84,190.32,182.65,174.64,170.01,163.29,155.93,143.13,138.40,126.19,120.35,109.93,98.08,87.66
