114.23,125.21,130.06,139.19,143.96,151.16,154.51,159.01,160.45,164.98,169.05,169.31,172.05,176.65,180.56,181.02,185.78,190.52,195.82,199.14,206.90,213.49,220.03,225.06,230.18,232.66,234.20,236.30,233.75,230.36,227.09,222.07,216.39,211.18,204.20,197.31,190.16,183.83,177.99,173.29,164.92,158.62,149.04,142.86,136.24,123.33,117.39,107.45,99.46,90.48,81.57,72.99
113.46,125.16,132.20,139.31,144.59,149.75,157.31,161.31,161.05,165.74,167.59,170.14,172.14,174.61,177.37,180.60,186.30,191.67,198.13,199.48,207.76,213.18,220.29,227.50,229.09,234.62,238.21,234.70,234.80,232.12,226.18,221.37,214.28,213.41,205.01,200.55,191.05,184.09,176.64,174.47,168.30,156.00,149.97,143.38,137.52,122.89,116.11,107.84,99.01,89.56,79.81,71.42
121.56,131.73,138.66,146.01,154.35,159.67,164.20,170.51,172.04,173.00,179.72,179.80,184.72,186.94,189.99,193.00,199.20,203.00,209.38,211.15,221.78,226.99,234.16,239.08,242.50,245.07,249.58,251.37,251.98,246.56,242.12,233.31,229.20,225.43,216.78,210.87,201.22,196.90,191.38,183.92,175.52,169.55,159.20,150.59,143.68,131.80,124.08,114.11,102.22,95.72,85.38,76.56
122.05,129.03,139.71,148.10,159.40,154.74,166.68,170.41,172.93,174.04,179.27,179.40,184.84,185.87,188.68,192.57,198.96,203.09,209.69,212.36,221.82,223.79,232.85,240.35,243.82,250.14,250.03,249.18,245.64,245.97,240.52,233.69,227.08,223.62,217.08,209.46,202.76,195.69,189.21,182.07,174.54,169.01,157.71,150.66,143.28,130.19,123.31,113.88,104.04,94.02,83.86,76.00
125.40,136.69,151.29,163.49,177.63,185.72,195.43,207.70,210.23,220.59,227.26,237.06,240.69,239.25,246.24,246.81,249.65,254.33,259.88,255.25,260.55,261.08,263.75,268.47,265.98,272.26,266.87,258.21,255.93,250.22,241.57,237.04,223.33,217.81,211.62,206.07,195.69,186.39,181.87,175.86,169.85,161.19,155.46,147.03,143.54,132.91,125.00,116.73,110.57,103.47,93.05,83.01
120.07,131.53,138.13,146.44,151.95,158.05,165.08,171.59,172.74,173.49,175.73,179.07,180.69,188.02,191.38,193.81,198.09,200.00,209.20,210.06,220.45,220.86,231.49,233.50,241.30,248.17,250.70,245.13,244.38,246.02,240.61,235.59,225.06,223.97,217.55,212.08,201.72,193.66,187.28,184.66,174.64,164.03,157.50,151.56,143.00,128.70,121.59,112.36,103.47,95.27,84.53,75.61
113.16,124.90,132.20,139.13,145.22,152.32,157.05,161.70,162.34,167.71,166.93,171.82,174.57,177.26,180.16,184.76,186.30,192.63,197.52,201.36,209.48,213.60,222.18,225.94,230.06,234.47,238.72,234.29,236.02,232.07,228.37,221.29,214.77,215.93,206.53,201.42,191.41,184.98,180.25,175.73,170.39,157.20,151.57,142.14,136.31,124.34,114.98,106.96,98.27,90.27,79.85,71.57
129.02,141.45,149.04,154.39,162.25,165.56,170.99,176.82,179.45,183.44,189.16,190.92,194.06,197.33,198.60,201.12,207.13,211.26,218.26,218.83,229.00,232.42,239.71,244.23,250.03,258.54,261.17,256.44,254.94,253.54,247.95,240.35,235.72,233.31,227.61,217.60,210.23,203.42,196.73,192.11,181.23,174.64,161.64,156.73,149.31,133.96,125.57,116.85,105.11,96.52,88.51,79.08
121.08,131.58,140.43,148.48,152.84,159.88,166.31,171.41,171.81,178.89,178.54,181.04,182.58,187.68,191.07,192.42,197.69,205.64,208.04,213.38,224.18,225.89,233.66,240.21,243.58,247.21,252.00,248.21,249.01,245.86,241.10,234.10,228.67,224.24,215.47,210.95,203.69,195.66,192.20,184.49,176.79,166.30,156.73,150.76,145.66,130.73,122.33,113.30,103.48,95.88,85.00,77.47
119.85,130.60,139.46,148.17,154.04,160.21,167.05,172.68,172.14,177.03,177.41,181.84,184.40,188.35,191.26,193.87,198.22,205.48,208.41,211.90,221.65,227.07,233.01,239.40,243.02,248.91,253.93,247.34,248.71,246.42,241.42,234.36,228.56,227.37,217.42,212.71,203.81,193.94,190.78,185.31,179.20,165.00,159.46,151.92,145.12,129.36,121.83,113.74,104.29,96.33,84.08,77.08
119.50,132.40,140.13,147.68,153.00,159.40,166.78,172.35,170.43,176.03,177.34,182.78,183.34,187.00,191.45,191.85,197.43,204.79,209.40,211.63,219.42,224.32,230.31,237.50,242.50,249.43,250.69,244.63,246.52,243.82,238.30,231.31,225.57,224.32,214.77,211.21,202.71,195.06,189.36,182.20,178.28,164.12,159.67,150.62,144.14,130.02,122.80,112.61,104.35,94.34,84.05,74.63
119.44,131.47,138.00,144.90,153.21,157.89,163.25,168.67,170.42,174.92,176.95,178.39,182.58,185.32,189.84,191.86,196.21,200.12,206.79,210.94,218.66,223.08,230.76,236.91,240.13,243.87,249.47,245.49,245.05,242.91,238.42,230.77,227.37,223.58,215.06,209.88,198.60,192.72,188.10,180.68,171.49,166.01,157.49,150.27,143.61,128.32,120.07,112.45,102.42,94.20,82.87,74.71
119.75,133.72,139.30,148.48,154.74,160.03,166.69,173.17,171.41,176.38,179.60,182.78,186.40,190.91,195.65,196.60,200.25,203.00,211.98,214.04,221.17,227.43,232.65,241.36,243.52,245.28,253.84,251.18,247.81,246.81,240.16,234.75,229.51,227.44,216.60,211.85,204.88,198.66,190.59,184.57,175.51,169.81,158.39,152.86,145.17,130.86,120.55,113.60,104.20,96.21,84.21,73.50
120.20,131.31,138.11,147.35,155.08,160.00,166.11,170.58,170.86,173.95,180.21,182.21,185.59,189.84,189.64,191.44,198.73,202.53,211.40,212.73,220.87,227.84,233.85,239.17,241.68,247.92,251.73,247.95,248.85,247.32,240.02,232.79,226.61,228.41,216.06,211.32,202.41,193.00,189.27,185.15,176.41,170.45,157.00,151.71,144.26,131.04,122.30,113.85,104.45,93.15,85.02,75.27
122.02,133.69,140.47,148.00,155.76,162.43,167.11,173.54,174.16,177.46,179.88,181.18,184.39,186.82,189.50,195.54,198.49,202.88,209.80,210.49,218.79,223.83,232.74,236.03,239.89,244.66,245.45,244.14,245.42,242.00,236.96,229.84,224.44,221.45,213.14,207.08,198.07,192.27,183.61,178.47,169.18,163.49,152.33,147.17,138.19,125.32,115.88,107.00,96.88,89.56,81.39,70.84
119.44,132.20,140.72,146.03,153.57,161.32,167.84,172.20,175.01,178.13,180.29,184.45,186.50,186.13,190.39,191.40,200.06,204.47,209.80,210.24,220.08,227.22,234.10,238.10,242.05,249.83,252.72,249.21,248.16,245.18,240.88,235.03,227.37,225.00,218.26,212.00,203.93,195.39,189.84,187.36,177.72,167.72,158.53,150.94,143.39,129.28,120.80,111.76,103.25,94.20,85.21,74.79
119.00,131.61,138.36,146.60,154.03,159.53,165.59,170.99,171.98,176.14,178.55,181.66,184.57,186.43,188.52,193.54,198.12,203.68,209.88,213.21,220.23,228.11,233.14,239.41,246.83,248.58,249.95,252.62,247.98,246.07,239.89,233.73,226.61,224.15,216.02,210.79,204.41,197.33,191.39,185.55,176.17,169.96,159.53,152.79,144.64,131.61,123.91,112.11,104.85,94.37,85.15,74.89
117.48,130.94,140.58,145.12,153.44,162.37,167.60,171.13,172.35,175.97,181.73,182.04,187.43,188.69,188.60,193.00,198.00,205.01,211.99,213.05,223.29,227.00,235.87,241.36,244.64,250.38,252.18,249.69,249.84,246.95,242.74,234.69,229.47,226.37,217.37,214.11,203.49,195.16,190.39,188.18,177.73,167.59,162.29,150.94,143.78,131.52,124.33,112.97,103.86,93.78,85.00,74.65
107.38,118.07,123.07,129.71,143.96,154.21,159.93,167.67,166.57,166.38,171.03,170.01,172.68,175.23,180.56,181.23,188.51,191.51,197.68,200.77,209.62,215.45,222.04,226.51,231.46,236.21,239.01,233.27,231.97,230.69,224.64,220.95,217.44,215.46,207.17,199.97,190.07,185.32,178.75,172.18,165.25,160.46,150.01,143.25,135.20,123.98,114.98,107.56,97.67,88.77,80.08,70.72
119.10,131.88,137.71,145.00,152.95,158.00,166.37,167.91,169.99,173.36,176.21,181.07,184.78,186.45,186.45,190.09,195.00,199.48,205.41,206.29,215.67,217.26,224.04,231.74,235.85,242.55,247.78,243.08,244.76,242.40,234.48,227.40,222.32,222.43,214.72,204.57,195.56,191.65,184.23,184.17,175.17,165.00,156.06,148.22,140.09,127.63,120.10,111.41,101.83,92.91,85.09,72.47
125.63,138.19,144.36,152.55,159.45,167.60,173.73,179.48,179.79,187.32,188.82,191.45,195.48,196.98,200.21,202.68,206.35,213.51,220.06,220.29,231.90,235.64,243.71,250.55,254.24,261.01,264.07,258.38,259.09,257.01,252.45,245.33,238.65,237.32,226.92,222.08,212.53,204.07,198.37,195.39,187.56,175.73,167.60,159.55,152.12,137.08,127.40,118.30,108.34,100.21,88.55,78.06
121.66,130.73,139.84,147.79,155.32,158.91,168.18,170.91,172.24,178.24,180.27,182.00,183.81,188.80,191.86,194.59,200.14,205.63,210.34,213.88,221.92,226.72,234.18,241.85,244.90,248.29,254.68,251.81,251.10,247.59,243.50,239.18,231.49,226.36,216.45,211.15,203.06,198.16,193.05,187.54,176.28,168.24,160.03,152.96,145.22,131.71,122.58,112.00,103.32,95.43,84.72,74.63
122.56,131.02,135.19,140.21,151.16,148.01,153.57,164.60,162.53,171.09,177.00,179.12,182.16,180.28,185.07,183.90,193.28,197.43,201.55,203.04,212.70,218.18,223.89,227.26,229.96,237.41,239.72,235.17,234.89,234.98,227.64,220.64,215.23,215.19,207.45,200.12,190.77,184.30,178.03,175.01,165.08,154.35,146.24,138.31,132.44,119.60,112.38,102.80,94.83,85.91,76.69,68.94
115.92,127.53,134.83,139.00,146.26,148.66,160.38,164.81,164.20,171.03,171.73,173.59,175.33,178.54,180.68,185.81,190.41,194.54,200.82,203.44,212.85,213.85,224.86,227.71,232.69,239.08,242.62,237.60,237.59,236.25,229.71,223.88,218.22,215.03,207.93,201.20,193.04,187.11,181.95,176.24,166.76,161.25,151.35,143.68,137.59,126.40,115.95,106.04,98.31,89.54,79.65,70.86
117.00,128.70,138.19,145.67,150.94,155.71,163.25,169.65,169.26,174.43,175.79,180.31,182.17,184.57,187.26,189.62,193.88,198.08,205.70,205.65,218.77,223.18,230.29,237.19,240.20,245.33,247.92,242.17,245.98,241.81,236.56,229.30,224.76,221.65,215.13,207.89,199.32,194.37,187.07,182.20,174.20,163.71,157.89,148.92,141.00,127.28,117.69,109.20,103.28,93.30,80.60,72.18
116.39,128.41,134.85,141.82,149.64,155.28,161.84,165.22,165.87,171.56,173.98,175.15,179.23,183.58,185.35,187.84,192.04,195.50,202.43,204.79,215.41,218.22,227.71,229.96,235.92,241.25,244.05,241.47,239.94,238.14,232.86,224.66,222.41,217.67,210.30,203.87,196.33,190.39,184.81,178.62,170.06,161.92,152.84,145.10,138.13,125.25,117.39,107.71,98.60,89.32,79.63,70.60
122.00,135.68,140.47,149.00,155.63,162.05,168.58,173.22,173.83,181.79,182.57,185.21,188.22,189.99,192.07,196.01,202.08,206.79,214.37,214.11,226.11,229.10,238.21,244.17,245.28,253.82,257.84,251.45,252.66,250.32,244.79,237.86,233.57,232.00,222.08,215.65,205.29,196.84,193.35,191.00,181.99,168.87,161.62,153.40,146.09,132.94,123.03,113.86,103.77,94.67,84.05,74.24
107.48,120.30,128.74,140.73,155.32,169.31,174.26,194.36,200.81,211.22,219.97,225.87,231.84,231.23,234.14,236.41,239.53,242.85,246.92,245.42,247.63,250.42,253.48,253.71,255.41,259.26,254.28,245.20,243.66,238.65,229.71,220.06,212.61,209.31,199.38,191.02,182.33,171.69,169.80,165.60,155.91,148.66,142.34,136.24,130.68,120.77,114.63,107.28,97.53,89.81,83.93,74.73
122.48,133.42,139.30,147.60,158.09,162.25,169.54,173.69,175.41,179.48,181.33,184.84,188.96,190.80,194.16,196.46,202.24,206.93,214.23,215.23,225.66,230.87,239.57,241.30,247.01,253.13,257.10,251.23,251.29,249.97,244.03,236.85,231.19,232.05,222.50,214.67,207.16,198.08,193.04,186.94,180.01,170.56,159.76,150.76,145.84,132.44,122.97,114.59,101.53,93.15,84.90,75.31
121.63,133.66,139.28,147.43,156.63,163.69,167.74,172.19,171.75,177.20,181.18,183.70,187.00,189.74,191.05,194.33,201.79,204.47,211.57,211.01,221.27,225.68,232.82,238.43,242.42,247.16,251.86,247.42,248.39,245.84,238.45,232.02,226.92,226.81,218.05,211.93,199.97,193.01,188.30,186.21,174.55,167.04,156.54,148.19,142.02,130.00,120.15,110.02,99.05,90.27,80.95,74.09
132.02,144.31,153.06,162.37,168.31,173.42,180.94,186.29,185.00,191.06,196.12,198.66,202.87,205.34,210.12,211.23,217.08,220.79,226.64,227.15,239.28,243.29,249.55,254.02,259.90,263.90,269.45,266.33,265.45,263.01,258.68,251.07,241.20,240.01,231.92,227.04,217.44,210.75,203.68,196.01,187.88,178.66,168.88,158.15,152.62,137.03,126.66,115.94,108.30,97.58,87.20,76.24
124.46,135.37,145.17,151.86,158.47,163.57,169.45,175.41,177.63,181.25,183.99,186.75,189.65,193.08,196.88,197.63,204.00,207.18,214.72,215.20,225.18,227.04,236.50,241.20,243.50,249.90,252.01,250.01,249.57,246.02,243.48,235.48,230.10,227.07,219.21,212.95,204.00,196.31,191.18,184.39,175.03,168.12,159.22,151.33,144.52,130.38,119.42,109.60,100.34,92.02,81.88,71.87
120.24,131.03,139.56,145.67,154.04,160.38,164.83,170.46,170.30,176.01,176.23,179.14,184.98,186.12,188.37,192.96,195.13,202.12,208.06,209.35,220.02,225.81,231.23,237.32,240.00,246.06,249.90,247.40,249.11,244.70,240.71,234.34,226.02,224.18,217.22,208.72,202.41,193.79,189.08,184.17,177.53,164.94,159.13,148.81,142.78,128.71,119.50,109.11,100.84,91.84,81.41,71.06
115.52,128.75,136.09,138.76,142.80,145.25,148.40,161.28,165.37,163.78,173.42,174.13,174.47,182.02,186.04,189.68,193.88,197.40,200.96,200.64,210.28,216.54,222.19,227.73,230.29,236.95,240.10,236.58,234.92,233.85,226.98,223.08,214.22,216.06,206.17,198.16,189.75,183.31,177.05,173.99,165.42,156.05,147.65,138.24,132.31,119.82,110.05,100.60,93.06,84.69,73.66,65.00
119.97,131.94,139.44,147.14,152.74,160.22,164.23,170.29,168.87,173.98,174.83,180.14,182.00,185.27,186.56,192.60,195.26,200.17,205.97,210.92,218.16,223.38,231.46,235.67,243.31,245.10,248.65,247.07,246.40,243.85,240.01,233.21,226.46,223.04,215.08,210.01,201.68,193.13,190.42,181.47,175.96,165.75,158.53,151.54,144.17,128.08,120.15,108.93,100.69,92.20,81.91,72.06
118.42,130.63,139.31,147.03,151.38,158.20,164.14,168.67,169.25,173.05,174.43,178.46,180.43,185.41,188.90,189.59,196.64,197.80,204.25,207.06,215.61,222.41,228.00,235.05,238.38,241.30,248.23,245.60,247.41,243.04,236.01,231.14,224.40,222.99,214.11,209.77,200.73,194.62,186.60,182.10,175.38,165.74,158.38,149.89,141.74,128.38,119.05,109.04,102.46,92.66,80.06,70.46
121.02,132.02,139.52,147.27,153.94,160.13,165.56,170.07,171.74,176.66,179.32,180.49,181.11,186.76,189.47,191.88,196.12,200.94,207.02,211.73,219.74,223.29,230.02,236.24,243.59,245.71,248.20,246.98,246.92,244.49,240.65,232.11,224.86,223.65,213.82,208.60,201.96,195.35,189.32,183.52,176.88,167.59,157.10,148.31,143.22,129.28,120.42,112.61,101.92,92.14,81.71,72.35
120.88,132.28,140.04,146.41,155.62,158.76,166.33,170.45,169.31,174.77,177.41,180.01,182.44,184.27,187.56,192.00,195.56,200.82,207.89,208.29,217.35,224.76,230.78,235.32,239.43,244.92,247.78,245.40,246.62,243.24,237.60,229.43,225.86,224.24,215.34,209.06,200.30,193.96,187.11,181.96,173.74,168.50,155.27,147.99,142.24,129.71,118.81,111.63,98.35,90.51,81.74,72.53
120.88,132.56,140.04,148.66,155.91,160.90,167.07,170.30,172.41,176.37,179.33,183.34,184.40,185.54,186.94,192.84,198.44,204.95,207.42,209.68,219.18,223.66,231.81,235.21,242.50,249.23,250.29,247.81,249.39,246.66,238.92,231.67,224.61,226.72,216.12,212.56,202.20,194.03,190.66,185.69,177.20,166.74,159.85,151.01,142.97,130.43,119.47,110.04,100.32,93.09,82.00,71.17
118.90,131.70,140.76,149.12,154.18,160.02,167.63,170.00,170.75,177.49,178.37,182.94,185.15,188.22,188.66,194.24,196.50,203.04,208.81,210.80,220.64,223.65,231.40,236.40,243.09,247.82,251.72,247.46,249.58,246.56,240.68,233.17,225.02,225.81,215.06,211.01,205.07,193.83,190.07,185.16,177.65,167.43,160.05,150.28,142.84,129.00,118.60,110.89,101.39,91.01,80.00,71.18
120.70,132.97,133.54,145.96,150.85,158.81,164.20,169.57,171.03,177.46,176.17,184.48,183.11,188.77,193.21,195.69,197.88,201.68,208.63,209.34,221.08,224.70,230.67,237.03,241.83,244.77,249.44,245.37,246.66,243.07,238.08,231.61,223.99,223.22,214.97,208.39,200.37,194.00,185.33,183.13,175.96,164.05,157.85,149.00,141.16,126.09,117.04,107.79,96.83,89.27,78.34,68.68
127.99,139.59,137.82,144.93,159.15,171.61,172.66,176.48,178.27,180.31,184.20,186.53,188.47,191.44,194.01,196.29,203.98,208.89,215.82,212.85,224.47,229.71,238.30,242.06,244.47,251.73,254.59,248.24,250.06,247.12,242.00,232.78,228.04,226.92,219.86,211.40,201.30,195.16,187.88,184.50,175.11,164.71,155.32,146.54,138.71,125.03,116.04,107.42,97.35,88.14,77.83,71.02
121.20,133.36,140.36,147.68,158.32,161.64,166.39,170.79,173.05,177.20,179.00,180.31,182.28,188.22,189.02,193.71,197.65,201.78,209.12,210.58,221.71,223.65,231.95,235.78,244.63,247.80,250.53,249.20,247.36,245.84,238.87,233.57,227.63,226.18,218.00,209.78,203.04,195.97,190.56,184.55,175.92,167.69,157.14,148.66,141.23,129.29,121.00,109.18,98.18,89.09,81.41,72.72
118.34,130.10,137.88,145.80,152.01,156.42,163.11,167.51,167.04,172.90,175.33,176.12,177.60,181.16,185.15,185.87,192.01,195.58,202.14,205.62,215.10,217.86,226.05,231.19,236.03,237.90,242.33,242.57,241.00,239.73,233.67,226.65,222.16,217.83,210.61,204.62,196.24,190.60,185.02,178.04,171.59,161.82,153.76,147.87,140.16,125.72,116.93,104.79,98.08,89.11,78.75,68.66
122.07,133.41,138.71,146.28,152.46,158.93,163.92,166.88,167.84,171.21,172.07,173.11,176.41,179.08,179.03,182.00,191.09,194.73,202.30,203.38,208.85,217.10,225.94,230.48,234.69,240.56,243.48,236.14,238.47,235.97,230.52,223.09,217.19,215.81,206.24,200.64,192.42,185.07,179.48,175.51,166.87,153.94,144.54,138.51,130.73,119.10,109.38,99.36,91.68,82.46,72.92,64.20
119.54,131.05,137.44,143.89,150.88,156.55,163.75,166.21,165.58,167.91,169.74,171.17,174.47,177.49,181.33,181.62,188.09,192.28,197.10,201.72,210.68,213.15,219.66,225.40,228.13,234.36,236.88,234.80,232.69,231.03,225.46,219.22,214.11,210.95,201.73,195.89,189.68,180.94,174.14,169.68,162.24,152.35,143.06,136.69,128.56,116.66,106.00,98.18,89.55,81.57,72.28,62.82
125.57,137.35,145.79,152.27,159.15,163.27,171.42,176.82,178.04,182.53,181.65,185.16,186.51,188.38,191.67,194.40,199.18,203.93,211.30,212.60,220.11,224.29,234.31,237.93,240.83,248.82,249.07,245.64,245.58,244.52,238.48,231.81,225.08,222.70,215.52,207.42,201.07,192.28,183.96,180.22,171.77,160.43,154.28,143.75,138.06,122.07,114.74,104.10,95.13,84.53,73.78,65.01
127.28,137.93,146.77,154.24,160.02,164.71,174.09,177.18,177.49,181.07,182.16,184.71,188.37,191.18,194.59,195.97,203.39,204.42,213.38,214.25,225.09,227.66,237.26,241.08,246.22,248.89,249.21,250.19,246.79,246.98,242.99,234.78,228.99,222.68,216.90,209.94,202.47,196.21,186.19,179.95,171.90,163.62,154.55,145.99,139.79,122.07,113.85,104.36,95.71,86.05,75.39,65.76
122.25,133.76,140.86,147.09,156.47,160.43,165.95,171.84,171.92,175.90,178.72,180.01,183.87,185.57,187.76,193.34,197.71,203.15,207.76,208.41,219.86,223.59,234.04,234.96,240.41,247.20,250.20,245.25,245.96,245.88,238.41,229.43,225.08,225.59,218.39,210.29,201.70,192.10,187.36,184.20,176.14,165.02,157.88,149.68,140.87,127.02,117.63,107.00,97.08,89.19,79.21,70.09
126.92,138.77,145.04,152.88,160.03,167.14,173.01,179.00,180.42,183.81,188.00,188.61,191.54,195.33,198.49,201.68,206.12,209.82,217.02,219.53,230.50,232.96,242.05,247.03,251.43,253.78,256.75,254.12,253.95,251.41,250.14,242.87,235.64,231.35,222.87,217.00,210.23,203.69,196.85,189.01,182.16,172.68,164.44,156.46,147.85,133.75,124.43,113.07,103.47,94.34,81.12,73.93
121.04,131.11,140.01,147.63,152.88,158.82,164.83,167.72,166.09,171.05,173.22,173.79,174.05,178.10,179.43,182.88,189.99,193.55,200.00,203.93,212.66,215.00,221.92,227.80,234.46,236.17,237.35,236.14,234.77,233.06,230.08,221.47,216.63,210.80,204.94,199.28,190.47,185.30,176.14,172.70,163.42,153.50,145.66,137.77,130.23,116.83,105.12,96.54,88.09,82.35,70.06,62.27
121.70,132.85,141.41,147.61,154.83,159.45,167.60,168.44,167.82,173.40,173.42,176.78,175.91,178.36,177.55,182.15,190.82,194.61,203.36,202.25,212.87,215.56,223.65,229.26,232.00,237.02,238.29,236.50,234.80,236.23,228.27,221.38,215.60,214.00,207.06,200.56,190.08,182.33,173.92,173.10,164.21,152.97,146.51,137.59,130.10,116.25,106.23,98.18,89.11,77.20,70.72,62.63
127.74,140.89,146.63,155.00,161.90,169.20,172.28,179.01,178.81,182.20,187.21,185.07,189.11,192.00,196.73,196.82,204.96,207.89,213.48,216.28,228.14,232.56,238.48,242.22,247.88,252.11,254.00,251.80,252.00,247.32,242.59,234.62,232.55,229.01,218.66,214.16,203.49,196.54,189.62,182.13,174.47,168.11,156.85,146.75,140.04,124.46,115.60,106.02,96.33,87.66,76.97,68.47
127.94,140.70,145.42,151.71,161.61,166.72,172.54,177.34,178.44,181.60,185.15,186.04,189.02,189.03,194.37,195.74,203.53,207.29,214.76,215.70,225.21,228.35,236.28,240.47,244.68,252.01,254.47,246.91,248.11,245.42,239.83,231.55,227.90,226.49,216.45,211.48,201.38,193.50,186.01,181.57,174.64,164.30,154.35,145.42,135.79,123.24,115.11,104.09,93.81,85.00,76.24,67.80
129.47,142.30,149.09,156.16,164.58,170.89,177.29,183.44,180.28,185.71,186.68,190.28,194.28,196.38,203.04,202.24,208.54,213.34,219.09,220.34,228.64,231.81,239.46,245.73,251.72,257.01,261.73,258.49,258.03,255.03,252.73,243.77,236.29,231.67,223.02,218.50,209.12,200.50,194.18,188.90,180.01,174.16,164.45,153.39,145.96,128.80,118.73,107.67,100.30,92.20,79.25,71.87
120.37,132.88,138.32,147.03,152.49,158.15,164.77,169.59,170.34,174.92,176.58,177.50,181.16,185.88,187.02,191.80,195.69,198.93,202.05,206.16,214.56,221.69,227.23,235.65,237.52,243.29,244.53,244.48,245.60,240.29,237.93,232.21,224.11,219.24,212.42,207.42,198.18,191.48,185.39,180.19,171.96,163.37,154.94,147.49,139.84,125.60,117.69,106.40,99.05,89.19,78.01,69.57
121.49,132.22,138.61,147.26,153.00,158.26,163.71,170.60,168.43,173.33,178.35,176.80,180.06,186.08,187.20,191.05,192.94,198.22,205.79,208.06,218.69,220.84,226.81,234.10,238.20,243.25,246.20,245.07,243.21,240.17,236.41,228.96,222.73,220.06,213.36,207.56,198.98,192.90,186.30,178.02,171.57,164.47,156.59,146.10,138.22,124.34,118.11,108.24,98.27,88.53,76.92,67.74
85.38,92.62,100.13,103.25,103.32,105.36,115.32,153.91,150.15,65.00,44.10,33.60,59.14,76.06,81.32,93.19,109.48,115.69,119.00,119.04,125.67,129.87,131.04,131.37,137.56,134.65,130.38,128.60,125.88,119.94,112.87,101.41,97.08,94.34,79.98,77.37,69.26,65.52,60.31,59.68,50.99,44.91,41.68,37.20,35.11,30.41,26.87,25.50,21.00,21.54,19.10,18.03
121.34,133.45,141.24,146.74,154.39,161.77,168.00,169.40,167.80,170.84,172.74,175.29,177.89,180.55,184.17,187.95,190.91,197.01,201.64,204.38,214.72,219.70,228.60,230.00,236.37,241.62,242.33,240.30,240.52,238.03,230.38,226.11,217.59,217.67,209.39,202.83,192.77,187.84,180.54,174.43,166.93,157.29,146.73,139.47,132.02,117.34,107.56,100.72,91.35,82.97,73.50,65.00
114.18,126.83,133.87,141.23,145.17,151.35,158.24,159.70,160.70,165.30,164.62,164.07,167.73,168.83,173.35,176.78,178.20,186.08,191.04,193.74,201.11,206.81,212.85,219.05,224.72,223.77,229.60,228.60,226.64,225.69,219.82,214.11,209.07,205.18,197.40,189.71,183.71,178.16,170.53,166.39,158.20,146.86,140.09,132.67,126.49,111.66,106.21,94.40,86.82,79.23,68.60,61.85
119.00,132.00,137.09,142.84,151.65,155.54,163.40,164.14,163.49,168.00,167.11,168.50,172.70,172.57,174.52,179.23,183.01,189.97,194.52,197.09,205.34,211.02,217.44,223.76,227.79,230.02,234.35,231.37,233.14,230.00,223.18,217.04,208.79,210.79,202.25,194.88,187.56,179.40,172.81,171.00,162.56,150.57,143.68,134.65,128.00,114.21,106.93,95.43,88.65,80.96,72.18,63.35
118.60,131.97,137.91,144.85,152.07,156.77,163.92,166.30,166.39,169.19,167.60,172.33,173.42,173.76,177.69,181.11,186.51,190.31,200.02,197.77,209.80,213.59,222.00,228.36,231.04,238.10,239.77,233.62,236.25,234.04,226.24,218.81,215.96,213.66,204.43,198.01,188.16,181.57,174.13,172.07,165.46,152.97,146.41,136.72,129.85,116.25,107.21,98.29,89.49,79.25,70.29,62.03
116.28,125.40,132.64,139.53,146.01,151.61,156.40,159.14,160.11,161.79,162.69,162.19,165.70,171.33,173.28,173.57,181.80,184.61,191.13,193.05,202.07,208.02,213.01,217.89,224.20,227.26,230.67,226.55,226.40,223.79,217.92,213.21,208.43,202.99,197.96,191.34,181.60,176.23,171.47,165.68,155.26,148.05,138.00,132.25,125.23,112.77,104.20,94.73,85.44,77.08,69.89,60.21
120.33,132.00,137.89,146.16,152.40,159.01,164.81,168.36,168.51,171.82,175.51,177.90,178.73,184.02,185.91,188.69,195.03,198.40,206.69,206.70,215.38,221.92,229.83,231.16,238.58,244.39,248.65,242.62,241.00,242.07,236.68,229.16,223.18,222.31,213.94,209.75,199.25,194.49,187.45,180.83,171.90,166.03,154.55,146.69,141.23,125.78,117.66,108.45,97.87,87.92,80.61,71.17
121.81,133.42,138.88,147.46,155.62,158.76,164.76,170.42,170.47,173.62,179.23,179.45,181.28,184.48,188.88,191.93,195.80,198.88,207.41,210.77,217.64,222.77,232.77,235.67,242.44,245.93,247.01,248.91,245.80,243.61,237.41,233.09,226.49,222.74,214.09,209.88,201.10,196.74,190.16,183.44,174.66,167.92,155.29,147.00,142.30,128.44,119.20,108.34,99.72,89.02,79.91,69.86
79.03,85.00,92.11,98.84,99.82,103.74,107.08,101.02,86.38,62.63,40.31,44.27,60.42,73.93,80.66,90.82,96.08,106.57,106.22,112.73,118.70,120.93,126.24,127.88,130.86,128.71,126.37,119.81,115.41,113.07,103.62,98.35,92.35,85.59,78.82,74.33,66.94,61.22,56.44,56.08,48.38,41.73,39.00,34.01,32.20,27.29,25.18,23.02,18.87,18.68,17.89,18.44
120.83,133.36,141.03,146.41,155.72,160.52,167.63,171.29,171.21,173.76,175.76,181.11,183.22,185.60,186.68,192.17,197.96,201.66,208.41,208.41,219.00,224.40,231.03,236.02,239.07,248.02,249.59,245.84,248.36,245.97,240.19,232.38,225.68,227.91,218.75,211.04,202.78,193.04,186.94,185.39,175.82,166.21,158.14,149.83,143.00,128.10,118.19,108.71,100.44,90.80,79.91,70.09
121.26,131.53,140.23,148.52,153.17,156.70,164.77,168.67,167.84,169.96,170.58,174.98,177.41,178.47,183.60,182.04,189.91,192.92,202.02,205.23,212.85,217.04,223.23,230.56,236.02,236.10,242.66,240.52,240.41,237.03,230.85,224.52,218.76,213.19,207.96,200.44,193.38,188.83,181.46,174.27,166.36,156.82,149.25,140.43,133.22,118.23,109.42,99.01,91.42,84.72,70.21,62.61
121.66,132.14,137.79,145.88,154.55,159.62,165.13,168.24,168.60,169.05,171.28,171.92,175.57,177.50,182.22,181.20,189.21,191.84,201.94,201.06,211.44,217.31,226.46,229.27,231.37,239.35,240.84,237.08,236.92,234.52,230.33,222.19,219.02,213.60,204.94,201.25,191.76,185.85,180.08,172.19,164.20,157.88,145.96,138.01,132.91,119.23,111.00,99.81,89.27,80.52,73.35,63.41
120.07,131.80,140.92,147.00,154.86,159.40,163.25,170.41,171.62,175.15,176.16,177.50,181.04,186.10,187.26,190.96,195.87,200.96,206.41,207.23,219.73,222.91,231.64,237.74,244.02,246.01,247.95,246.47,246.22,243.07,239.94,233.46,225.84,221.92,214.98,210.54,200.38,195.45,190.01,183.81,175.60,167.71,157.56,149.34,143.02,127.32,118.60,109.00,99.76,90.43,79.01,72.67
128.70,139.13,146.17,156.24,161.38,166.68,173.46,177.61,180.34,186.97,186.94,191.45,193.50,193.49,198.64,201.56,206.42,211.02,215.47,219.24,230.01,234.65,241.90,247.62,251.25,255.70,260.84,254.66,256.20,253.25,249.00,240.68,235.91,231.15,226.50,217.20,209.12,199.65,194.25,190.39,181.89,171.41,166.18,155.44,147.76,132.88,121.93,111.66,102.55,94.64,82.01,72.25
125.90,136.95,144.22,150.95,160.03,167.20,171.16,175.57,175.69,179.63,185.15,183.98,186.97,189.04,189.56,195.30,201.64,206.73,213.94,213.10,223.91,228.37,234.67,240.67,242.29,248.74,251.34,248.11,248.12,246.81,240.50,232.05,228.97,227.18,216.33,209.15,200.84,193.55,189.01,182.39,173.28,165.08,153.55,146.77,138.60,125.72,116.04,105.55,95.02,85.96,76.84,67.19
121.04,130.54,137.42,145.77,153.38,160.51,163.37,168.60,168.59,173.37,177.55,179.52,182.04,183.13,185.06,190.37,198.12,201.72,207.62,209.01,218.08,222.62,233.59,237.41,240.35,245.65,249.88,245.75,245.96,243.42,238.48,232.56,227.30,223.99,215.68,210.40,201.70,192.59,189.76,184.07,174.64,167.84,156.95,148.22,141.78,128.39,120.07,110.14,100.17,89.56,81.71,71.70
125.16,137.48,142.62,151.24,160.61,164.16,170.55,175.23,173.00,178.89,180.47,183.90,185.70,187.22,194.47,191.06,199.25,208.58,210.58,214.70,234.27,225.08,237.12,238.66,245.79,248.89,254.59,246.83,248.81,247.19,241.01,234.92,226.92,226.38,217.04,211.59,203.01,195.02,187.80,180.49,172.45,165.61,155.24,146.58,140.06,125.10,113.60,107.07,95.19,86.31,77.94,69.07
119.50,132.61,139.03,146.89,154.03,160.24,165.11,168.58,169.43,174.73,177.34,177.12,181.47,186.03,188.80,191.21,196.99,201.30,206.01,210.52,219.10,225.00,232.60,237.53,240.68,246.29,249.26,246.27,248.05,242.24,240.84,232.54,228.79,222.64,216.36,210.95,201.93,196.84,190.01,182.66,174.43,168.51,158.93,148.95,143.09,127.94,119.55,110.64,99.04,90.93,81.84,72.84
116.76,129.63,136.07,145.79,149.28,157.28,163.05,167.24,168.24,172.65,171.02,175.35,178.07,180.49,182.10,186.17,193.76,196.31,203.59,205.78,215.03,221.10,228.25,233.27,235.21,242.33,244.98,241.07,242.22,241.11,235.85,229.01,219.86,222.14,213.32,206.02,198.85,191.70,186.34,181.34,172.94,161.99,157.29,147.25,140.43,126.14,118.27,108.47,99.64,90.82,79.01,70.52
120.07,131.24,137.44,143.95,152.11,159.20,164.58,166.57,169.00,170.14,177.23,175.73,178.18,183.39,186.12,189.47,196.35,199.73,206.52,207.23,216.68,222.11,232.44,233.93,238.81,246.00,248.36,245.34,245.45,243.08,236.92,232.88,227.06,222.46,212.76,208.40,200.69,194.16,188.67,180.83,173.98,166.05,155.50,148.95,141.60,127.39,120.07,110.17,99.40,89.50,79.92,71.06
121.17,132.31,138.41,146.54,153.06,157.20,165.17,169.09,168.87,171.56,174.35,176.41,179.01,179.07,185.07,189.08,194.03,199.81,205.97,208.58,215.95,222.14,231.31,235.00,237.92,243.82,249.30,243.00,245.52,241.90,236.54,230.71,225.42,225.00,215.93,209.77,201.90,191.86,187.10,181.03,174.39,163.93,157.00,146.48,141.16,128.00,117.88,109.13,99.76,89.59,80.32,69.07
118.07,129.87,137.52,144.84,152.61,156.20,164.12,168.40,166.09,171.29,172.80,174.90,179.18,180.80,184.69,186.78,193.66,197.43,204.71,208.08,215.56,220.04,230.79,233.32,236.35,241.11,247.39,242.91,246.27,241.68,236.61,229.54,223.14,222.62,212.80,208.87,198.04,191.94,185.56,182.65,173.95,164.10,155.28,147.96,139.63,128.14,118.19,108.78,98.08,88.75,79.62,70.46
119.04,129.07,137.93,144.93,153.73,156.98,162.48,166.94,168.05,170.00,174.00,174.26,176.78,181.99,185.06,187.63,191.13,197.31,202.34,205.76,215.04,219.32,228.55,232.36,238.87,241.63,245.10,241.97,242.54,237.98,235.02,230.08,223.02,217.35,212.42,204.56,198.92,192.31,187.13,179.04,171.74,163.44,152.90,146.75,141.42,126.59,118.41,108.75,99.72,89.40,79.31,70.04
118.46,129.40,136.34,144.64,149.20,155.27,162.00,165.76,165.50,171.81,169.54,175.52,176.05,179.48,183.62,187.20,192.17,196.73,204.66,205.80,213.79,218.81,225.14,231.49,236.78,243.45,244.18,242.16,241.90,241.27,234.98,229.46,222.23,221.42,212.42,206.32,198.18,190.80,184.72,181.18,173.08,162.86,156.32,146.97,139.03,125.20,117.20,107.80,98.15,91.18,78.41,71.34
117.44,131.05,137.61,144.84,150.62,154.04,161.70,166.17,167.39,171.77,170.91,174.63,176.57,180.47,183.81,185.31,191.31,195.09,203.54,205.78,217.00,220.64,227.90,234.03,239.11,242.33,244.18,242.05,244.10,241.05,235.31,229.33,222.14,219.66,212.61,208.00,198.93,190.70,184.49,179.39,172.74,162.34,157.70,149.31,141.51,125.67,117.10,107.52,99.04,91.48,80.08,68.62
121.26,138.10,143.28,154.80,158.15,165.94,173.22,178.49,176.62,180.28,180.62,188.73,191.04,193.34,200.00,200.89,205.27,209.75,217.88,218.19,229.59,235.36,239.95,245.93,247.95,256.81,260.78,254.26,255.78,252.52,249.00,239.12,235.92,231.86,225.14,217.80,208.59,201.68,193.60,191.93,182.65,170.33,164.66,156.52,147.00,131.24,120.54,111.83,103.71,94.70,80.75,72.20
130.19,141.74,150.27,158.32,164.30,169.78,176.82,182.48,181.64,185.91,190.26,192.42,197.20,199.22,202.12,204.64,211.19,212.90,224.08,223.90,233.06,238.02,246.68,251.38,256.33,259.01,263.06,261.84,260.23,258.94,251.75,246.03,238.27,235.80,226.59,222.27,213.01,205.30,198.48,194.28,183.00,176.01,165.59,158.11,148.52,133.09,124.35,112.65,105.08,94.92,84.22,73.01
118.81,130.68,137.44,144.92,154.21,155.71,162.59,165.49,167.00,171.84,173.40,177.54,178.68,181.46,184.97,188.28,195.88,197.73,206.97,204.00,216.45,222.03,229.87,232.90,237.03,245.20,247.58,245.70,244.47,245.18,236.65,228.22,223.50,223.65,215.03,208.72,199.00,191.46,185.28,184.32,174.18,165.15,157.21,149.40,141.06,127.99,119.04,109.22,98.88,89.63,82.04,70.23
119.02,129.87,137.62,146.29,151.48,158.32,161.11,167.48,168.58,172.41,174.40,176.12,176.66,182.96,187.07,188.88,195.06,197.63,203.97,207.15,216.39,222.73,229.87,234.35,239.80,244.23,245.28,243.88,246.45,243.40,239.31,232.56,225.08,221.01,212.91,207.45,199.02,193.04,187.09,181.23,171.72,165.13,156.89,149.79,141.74,126.75,119.27,109.55,99.14,90.44,80.72,70.23
120.21,130.29,137.00,145.25,150.99,155.22,162.36,163.88,166.21,169.73,169.29,170.88,174.38,174.41,179.87,182.32,189.40,193.20,201.31,201.64,210.12,215.23,223.89,231.60,233.63,238.40,241.21,239.01,238.17,235.59,229.96,224.74,218.02,215.11,206.81,202.62,193.06,184.13,179.43,174.03,166.81,153.81,148.30,139.72,133.00,117.10,109.40,100.65,92.09,83.53,72.92,64.50
119.33,130.94,136.82,144.97,151.48,156.42,163.44,165.85,168.08,173.16,173.07,176.74,181.12,181.82,183.58,188.45,193.89,200.52,206.69,205.98,216.82,224.15,232.24,237.81,238.32,247.55,250.45,243.65,243.61,243.30,237.24,232.13,225.72,225.75,216.97,208.63,202.20,192.21,186.27,183.93,174.14,166.23,158.08,147.58,142.87,127.09,118.87,109.11,99.98,92.20,80.23,72.84
120.54,132.02,140.12,145.50,152.84,159.33,165.16,168.01,169.31,171.74,177.55,178.13,180.31,184.49,188.51,191.21,196.31,200.94,207.79,212.00,218.59,225.44,234.36,239.30,243.65,248.60,251.11,249.07,247.10,244.79,240.07,235.24,229.00,223.46,216.67,209.61,205.30,197.09,189.91,183.81,175.64,169.28,158.03,150.22,143.54,129.14,119.47,110.39,99.50,93.11,80.28,70.71
119.94,133.93,141.01,147.49,152.80,157.75,163.71,168.44,162.51,174.29,174.91,173.85,180.31,183.53,186.10,186.82,193.04,198.16,205.24,208.43,215.24,222.00,227.75,233.35,238.42,241.60,244.18,243.30,241.22,240.30,235.09,228.01,220.77,218.28,211.02,204.42,196.64,188.51,183.64,178.72,168.44,160.64,148.85,142.58,134.24,121.81,113.60,104.24,94.09,84.17,75.60,66.29
119.08,130.00,136.47,144.52,153.76,157.99,161.55,167.84,168.88,173.67,172.70,177.48,180.62,182.49,188.92,190.92,194.55,199.83,207.69,207.88,219.92,224.14,231.56,238.10,238.82,247.59,251.22,245.08,247.59,244.63,239.68,232.20,225.98,225.04,217.14,210.58,201.00,195.48,186.36,185.24,175.03,165.52,158.00,149.79,140.73,127.88,120.74,110.89,98.08,89.94,81.34,71.57
113.28,127.62,131.93,143.03,151.48,154.02,157.54,166.40,169.01,171.96,171.90,175.09,177.48,180.87,187.10,189.34,193.49,196.84,205.38,207.97,218.23,221.50,229.53,235.61,239.71,243.12,247.92,244.17,243.76,240.63,236.76,231.69,225.89,221.50,211.52,206.42,198.84,195.02,187.01,182.47,173.40,164.15,155.50,148.82,141.74,128.47,119.57,109.00,98.01,88.84,80.01,71.28
122.12,134.95,141.03,149.49,156.97,161.21,168.88,173.00,175.23,177.29,183.12,182.10,185.10,189.77,193.85,197.37,203.21,207.17,215.23,217.83,228.08,232.09,237.81,243.50,249.21,252.26,258.12,257.39,254.62,255.13,245.74,239.10,236.03,232.25,221.89,217.02,208.43,202.30,193.55,188.57,182.50,174.42,163.37,155.47,148.17,133.75,125.10,114.63,103.59,95.80,84.53,74.55
123.41,135.60,141.51,148.97,158.69,163.29,167.97,171.97,173.66,178.00,181.23,183.34,186.85,188.10,194.81,196.66,201.31,206.23,213.59,215.23,225.14,231.46,238.08,241.14,247.37,251.92,258.57,254.01,255.43,252.87,245.60,237.43,236.04,232.64,222.25,217.15,208.87,200.20,192.63,188.81,180.87,173.49,163.37,153.81,147.31,133.30,124.62,116.28,105.69,95.77,85.01,76.16
124.33,137.06,143.00,151.65,156.73,162.27,167.80,173.93,175.65,181.22,183.70,186.34,189.87,191.65,194.15,196.45,202.30,209.06,215.67,216.92,227.69,229.86,240.69,246.20,250.01,257.19,262.01,254.03,254.62,253.48,247.76,241.90,233.45,234.08,224.80,218.93,209.86,203.07,194.92,191.45,185.17,171.23,165.56,156.54,150.85,136.24,126.29,115.74,106.08,97.08,82.76,73.66
124.42,135.42,141.74,150.22,158.15,164.37,169.80,173.09,175.87,179.54,181.03,186.01,190.95,191.94,195.06,198.16,204.02,209.35,218.39,217.17,228.04,232.94,240.76,245.17,249.02,256.80,260.98,254.42,255.98,251.94,247.30,242.03,235.42,235.30,222.64,216.51,208.83,202.05,195.48,191.80,185.04,173.77,163.05,153.17,149.21,134.74,125.72,116.00,106.23,94.89,85.56,75.29
115.73,131.11,142.39,152.31,164.92,175.48,184.61,200.00,206.52,215.67,220.91,228.83,232.67,235.72,239.77,242.33,245.81,249.76,253.31,257.20,258.52,261.23,265.18,265.98,268.30,269.88,263.90,257.99,252.93,248.00,241.29,233.73,222.52,215.24,207.27,202.09,192.92,184.95,180.54,173.69,166.72,159.67,151.29,146.37,143.03,130.18,123.07,115.92,108.67,101.87,89.40,82.46
117.20,130.23,136.19,145.80,150.71,156.72,162.34,164.00,165.00,168.32,171.41,177.12,177.79,181.73,186.17,188.22,194.59,198.70,204.73,208.74,217.47,224.59,232.48,236.89,242.87,244.70,245.20,243.99,243.12,242.57,237.17,231.28,224.61,220.74,214.11,210.02,201.46,192.10,187.56,180.36,172.24,165.74,153.87,146.65,141.61,126.29,120.93,109.56,100.26,89.59,80.78,70.26
122.78,129.10,137.99,143.69,151.60,157.49,162.79,176.21,172.35,178.06,176.14,177.55,178.81,182.04,184.46,188.48,196.09,203.49,207.82,209.47,220.60,226.88,235.13,235.59,242.63,247.63,251.44,248.77,248.00,246.76,241.11,232.08,224.15,224.41,213.02,208.87,200.12,192.20,186.04,181.65,172.12,162.25,155.19,145.62,137.00,122.98,115.12,105.17,96.46,87.66,74.63,67.72
116.18,128.70,135.34,142.86,147.20,153.42,155.56,162.35,165.68,167.48,171.21,169.53,175.19,178.91,182.82,183.36,189.59,194.16,199.12,203.97,213.97,216.23,224.32,231.63,235.05,240.20,242.39,241.07,238.84,234.98,234.07,226.29,224.54,217.41,208.91,203.09,194.43,189.59,184.49,179.14,169.73,162.64,153.77,146.01,140.43,125.57,115.97,107.91,97.62,89.09,77.88,67.80
120.55,136.78,144.73,158.45,173.36,182.58,195.16,208.87,213.82,224.20,230.78,237.47,242.56,241.25,244.64,249.10,251.79,256.35,261.22,257.16,258.13,260.32,265.86,267.55,264.52,270.43,266.19,254.89,252.88,248.32,238.47,229.59,218.33,217.48,206.40,201.92,189.76,183.09,178.13,172.80,166.48,156.54,153.47,146.44,140.73,131.31,122.80,117.05,106.47,99.54,89.63,83.29
115.92,127.95,134.71,144.07,147.65,153.32,158.22,164.30,165.59,167.89,170.50,173.08,176.41,178.47,182.50,185.95,192.01,194.81,202.87,205.55,216.19,220.19,228.04,235.64,236.10,242.16,246.63,243.13,242.64,241.58,238.82,229.37,222.61,221.24,212.73,207.69,201.10,193.00,185.30,178.76,172.79,162.89,154.64,148.34,141.32,125.54,115.52,107.42,99.05,91.41,81.61,71.42
117.05,128.22,135.03,140.94,148.95,152.84,158.40,162.36,162.81,165.03,166.36,167.90,171.77,177.41,178.60,182.96,189.28,191.76,201.01,201.22,212.81,216.52,225.00,229.51,232.70,236.32,241.01,237.40,237.41,237.19,231.04,222.61,217.09,214.31,208.96,201.00,191.23,184.32,176.85,173.25,165.70,157.33,146.73,139.79,132.03,118.23,111.31,100.90,90.03,81.58,74.09,65.30
116.38,128.06,132.97,141.69,148.39,151.63,156.95,162.20,160.73,165.74,165.77,172.29,172.20,177.00,180.81,183.70,189.07,191.00,200.56,204.09,213.94,218.69,227.11,232.57,237.36,240.76,241.76,242.33,242.39,239.08,235.69,227.42,221.27,217.61,210.24,205.29,195.92,191.00,183.10,178.91,169.61,163.45,153.73,145.78,139.30,125.67,117.60,106.55,98.01,89.19,79.61,70.01
120.00,130.98,136.97,144.63,151.80,154.81,162.48,165.95,167.00,170.66,171.45,177.28,180.83,180.06,183.31,187.77,194.54,199.16,209.68,207.88,218.43,223.34,233.93,236.99,242.39,248.65,251.64,246.81,245.33,246.46,239.77,231.92,226.74,226.05,217.51,211.29,200.00,191.80,187.38,186.45,174.39,165.61,158.11,147.76,141.83,128.72,120.50,108.93,100.57,91.41,80.60,70.94
122.59,134.63,140.94,149.09,155.93,159.48,165.39,169.53,170.18,173.25,177.00,178.19,180.27,185.30,190.00,191.32,198.22,199.62,209.66,213.79,221.11,226.77,236.58,240.76,248.78,248.30,251.22,253.16,250.19,250.00,244.81,235.70,229.65,225.02,215.47,212.00,202.87,195.21,188.22,182.22,174.90,165.10,155.94,146.87,140.46,125.72,115.95,105.65,97.31,87.37,78.03,68.10
123.00,135.42,139.60,147.46,157.09,158.11,164.47,169.11,169.78,171.09,176.28,176.39,178.62,184.56,189.21,192.72,195.26,202.47,209.48,212.95,221.98,227.04,233.94,239.53,245.70,249.63,251.81,250.34,252.41,248.23,244.46,234.83,230.76,225.94,217.71,211.90,201.64,195.35,187.49,182.00,173.22,164.00,154.38,144.59,139.79,126.50,116.02,107.42,95.19,86.41,77.23,69.86
121.41,136.97,134.73,160.70,171.09,183.81,191.66,205.54,212.49,220.81,226.92,235.76,237.15,241.01,243.96,248.20,250.96,255.28,258.77,253.60,257.01,259.88,262.92,264.38,264.32,272.06,262.05,254.58,252.52,247.16,240.01,228.04,217.81,213.76,204.92,198.98,188.53,181.73,178.51,170.65,165.05,154.72,152.19,145.43,139.43,128.08,123.79,114.95,104.58,96.80,91.24,83.00
114.39,117.03,127.66,127.47,142.35,149.45,157.01,158.08,165.06,168.43,166.90,170.88,176.80,182.46,182.16,184.62,193.78,195.85,206.46,210.15,218.68,223.52,231.49,238.32,241.60,246.38,249.42,247.82,245.55,244.66,240.97,232.81,226.42,224.89,216.41,208.06,201.46,196.73,190.29,182.65,173.83,166.78,157.14,150.00,141.79,125.67,120.10,108.05,99.48,92.01,83.35,72.47
113.22,118.12,125.94,127.64,140.73,148.52,154.57,156.95,164.55,167.63,163.17,170.00,174.18,180.69,179.74,185.35,191.09,196.17,205.77,204.85,216.91,221.50,227.07,233.64,237.45,245.42,247.61,243.39,242.04,241.53,238.16,230.20,222.69,222.87,215.13,205.04,198.01,193.20,185.35,182.33,173.74,163.13,156.28,146.10,139.30,126.78,118.15,106.55,99.02,90.35,81.84,73.01
122.78,135.52,142.34,148.00,154.94,159.20,164.64,169.57,169.94,173.18,176.23,177.49,179.84,186.08,188.80,191.91,196.41,200.94,208.73,211.68,223.44,227.40,237.32,241.87,245.42,248.49,251.81,251.18,251.80,247.68,241.83,237.14,229.42,226.63,214.65,211.09,202.47,195.58,189.08,181.46,171.83,164.58,155.01,147.33,138.29,125.60,115.94,105.19,97.02,87.24,76.28,68.12
122.25,133.22,139.81,148.56,152.79,158.52,164.35,169.71,168.07,171.28,173.10,175.93,179.47,185.78,188.48,192.20,196.92,201.65,207.51,209.62,222.04,226.80,235.26,240.07,245.49,247.35,252.80,250.30,251.07,248.23,243.59,234.93,229.01,227.11,215.13,211.60,201.53,195.90,187.52,179.62,174.09,162.05,155.00,148.25,138.77,124.58,115.60,105.39,96.63,87.66,77.23,67.68
125.73,137.31,142.00,150.76,158.00,163.23,167.76,175.39,176.40,182.13,184.20,185.91,188.16,194.10,197.12,200.52,205.60,206.93,215.67,219.92,229.84,233.09,242.05,246.33,252.60,256.89,260.66,257.78,256.26,255.23,250.86,242.07,236.78,232.16,222.42,217.64,209.02,201.64,195.65,188.06,180.62,173.97,164.21,157.41,149.25,133.26,123.71,113.28,102.20,94.75,82.28,73.55
122.78,134.17,139.32,145.21,156.52,157.61,164.14,168.13,166.88,172.41,176.11,174.61,181.57,183.56,185.61,189.87,196.82,201.70,210.34,211.62,222.85,228.05,237.02,238.80,244.52,249.28,255.03,249.80,246.98,247.49,240.65,232.69,227.72,225.40,216.21,207.62,199.62,192.09,186.50,181.18,170.77,164.45,153.22,146.29,138.09,124.84,116.18,106.48,96.26,86.65,76.49,70.09
106.10,128.13,138.84,149.11,148.95,150.63,162.53,159.01,162.51,173.00,178.09,171.16,157.29,170.74,178.87,178.37,180.24,185.73,199.48,202.41,211.55,216.84,224.18,229.84,231.40,232.43,235.05,235.85,234.79,232.22,226.77,222.75,216.23,209.90,201.40,195.14,188.96,181.23,173.77,168.19,161.01,154.99,145.77,139.00,131.03,115.45,108.26,97.45,88.39,83.49,72.95,64.85
121.08,133.06,137.36,146.18,151.38,157.00,161.64,167.30,168.19,170.95,172.93,176.48,181.47,180.68,186.04,189.04,195.53,200.42,208.41,210.06,218.55,225.62,234.02,237.50,240.40,247.29,251.73,244.97,245.54,245.05,239.78,231.14,225.57,222.73,212.76,205.87,196.82,187.95,182.66,176.23,171.30,159.89,152.86,142.27,134.79,120.84,112.22,102.14,93.65,86.28,76.48,67.27
116.40,127.13,136.03,144.10,149.00,154.67,158.90,164.14,165.92,167.82,170.00,177.05,177.14,179.61,182.46,187.26,192.51,198.59,205.55,208.31,217.52,222.34,229.06,235.60,238.42,244.23,249.69,245.20,245.80,241.02,236.17,232.01,221.55,221.36,211.29,205.20,198.71,189.23,183.33,180.48,173.40,161.48,156.21,145.67,138.18,124.91,116.18,106.83,98.23,89.56,78.92,70.21
123.43,135.30,142.34,149.68,155.87,162.56,169.00,171.59,172.63,177.00,179.43,179.57,184.23,186.82,192.42,196.74,202.73,208.60,213.94,217.59,224.62,233.00,241.23,243.81,248.49,253.14,257.80,251.75,253.21,251.07,243.50,233.94,228.65,229.27,219.02,211.59,200.10,193.00,186.23,180.92,172.19,163.09,153.55,144.22,136.82,123.57,113.00,103.94,94.37,85.56,76.49,69.12
120.67,131.47,138.31,146.69,154.21,159.15,167.87,169.85,171.21,175.39,179.45,182.72,184.10,186.17,188.94,192.87,201.85,204.61,212.21,214.98,224.44,229.96,237.50,240.96,246.07,254.52,256.86,249.10,248.78,248.32,240.84,234.05,227.37,225.28,215.75,210.02,200.48,191.64,185.61,182.48,174.77,164.01,155.71,147.65,140.07,124.60,116.83,107.45,99.16,89.20,81.04,70.60
120.34,132.23,139.82,148.38,155.05,159.20,165.34,171.14,171.74,174.52,177.89,183.92,184.70,189.17,192.17,195.60,199.81,203.81,212.08,212.58,224.11,228.84,234.78,241.06,247.95,250.74,252.86,251.34,250.16,245.90,241.98,232.81,226.02,221.63,212.95,205.36,199.25,190.54,185.31,177.72,169.99,162.46,153.01,146.54,138.19,123.79,114.62,104.65,97.02,90.05,79.61,68.03
122.04,133.42,141.60,150.63,156.06,161.45,168.08,173.22,175.93,177.28,182.46,186.60,190.39,190.71,196.81,197.39,204.31,207.54,215.80,220.06,229.30,233.94,239.92,246.60,250.34,253.39,253.82,250.89,252.52,249.01,244.23,233.81,224.96,221.37,210.34,206.85,198.80,190.98,183.04,176.78,169.71,159.54,153.08,144.18,136.03,121.70,112.51,102.90,95.75,88.96,77.16,66.94
119.20,135.06,130.12,144.54,157.00,169.50,169.73,177.40,179.47,177.71,186.27,190.07,190.06,196.37,198.71,200.82,208.61,213.78,226.10,225.75,234.08,235.99,243.96,247.27,252.76,256.20,258.44,252.23,248.93,247.29,240.83,232.13,225.79,217.39,208.15,201.00,194.20,186.07,178.10,170.53,160.46,154.05,143.67,135.83,128.16,115.39,107.06,98.67,88.81,80.21,72.95,65.01
120.15,135.10,131.24,144.53,158.90,170.48,170.03,176.80,179.00,177.23,185.32,190.55,189.23,196.33,198.46,201.72,207.18,213.86,223.58,225.00,232.80,233.62,241.85,246.71,248.57,252.20,254.04,249.18,245.35,241.30,235.31,227.34,220.86,213.23,203.36,197.31,191.06,182.01,175.35,165.65,158.37,150.66,141.72,133.26,127.20,113.64,106.55,98.41,87.10,79.31,73.25,65.31
125.60,137.09,143.03,151.64,162.00,167.41,169.53,174.86,174.64,179.98,184.88,185.15,188.99,191.67,194.44,199.16,202.63,205.91,213.24,217.08,223.14,227.38,234.36,238.89,237.56,244.83,246.63,239.53,236.41,235.21,229.53,220.41,214.67,210.54,199.32,193.60,187.11,180.28,175.50,162.86,158.26,152.46,141.74,134.50,129.97,117.00,109.04,102.20,91.71,84.38,78.24,68.15
119.05,130.82,134.62,143.89,151.49,158.67,161.55,167.16,167.01,170.47,176.80,176.50,180.45,180.47,183.10,189.00,194.03,196.89,202.25,204.80,210.28,214.41,221.16,223.75,226.81,233.69,234.02,226.32,223.04,222.41,215.74,208.60,201.64,200.96,188.80,184.46,176.56,165.22,161.82,156.11,151.63,141.87,134.61,127.10,121.74,111.57,102.18,95.78,88.24,82.39,73.60,65.00
118.90,129.81,136.78,143.56,151.79,155.67,159.36,165.21,167.30,171.29,173.67,176.71,177.72,177.18,180.01,186.82,189.45,194.49,199.97,201.55,209.75,211.60,217.57,222.68,222.83,227.50,228.58,225.32,221.14,218.28,212.56,206.20,199.18,193.05,185.44,178.76,173.51,164.60,160.20,154.73,149.21,141.69,134.18,125.67,122.20,110.42,102.80,96.15,89.05,82.86,74.09,66.03
127.88,140.47,145.65,156.01,161.90,168.11,172.29,175.64,176.66,179.40,184.20,182.24,185.91,189.31,191.91,195.37,199.12,202.43,209.62,210.62,220.49,224.74,230.71,236.03,238.89,243.26,242.67,236.45,233.11,231.14,224.15,216.69,206.32,204.48,194.70,186.32,180.83,173.90,165.05,159.25,152.40,147.30,138.13,132.52,123.49,115.83,109.11,101.64,94.92,87.32,81.49,72.84
132.22,145.50,152.75,158.86,167.93,174.73,178.06,182.21,184.62,186.60,189.06,191.46,197.20,197.99,200.45,206.52,210.30,214.37,221.38,222.04,229.72,232.86,240.97,244.66,245.97,254.68,255.33,244.24,243.66,242.26,237.93,231.29,220.06,217.56,205.91,203.22,194.76,185.13,180.42,172.00,166.14,158.67,150.42,144.27,136.13,125.42,118.12,110.11,103.08,95.78,86.49,75.89
132.24,146.73,150.79,159.25,167.57,173.10,176.92,180.54,180.85,183.47,188.30,188.92,191.92,194.37,196.47,202.18,207.68,208.94,214.79,218.66,227.64,228.64,236.37,242.05,242.74,248.56,249.58,242.87,242.89,239.64,233.81,226.81,217.46,211.91,202.62,198.60,191.67,183.56,178.27,170.99,162.63,157.41,149.48,143.03,136.24,125.60,119.57,110.68,102.83,94.58,87.73,79.56
132.77,143.59,150.89,158.68,166.11,171.13,176.34,179.45,180.05,183.24,187.49,187.38,190.13,190.69,193.04,199.45,203.34,209.68,213.04,216.30,221.77,225.63,233.26,237.07,241.37,246.07,249.58,239.42,238.08,235.94,229.75,223.89,215.14,213.04,201.78,196.12,190.52,181.82,177.10,168.58,162.19,154.73,149.75,141.20,134.83,126.57,119.62,110.65,104.00,97.42,87.05,79.40
130.25,143.96,149.91,157.38,164.40,168.24,173.37,176.65,178.20,179.78,183.32,184.56,186.32,186.40,186.17,195.15,196.37,199.04,206.04,209.75,219.28,220.34,227.18,233.24,232.73,237.51,235.77,235.00,230.47,225.82,223.45,217.64,207.35,201.08,194.18,188.48,182.22,174.64,166.00,162.82,157.11,147.96,141.16,136.50,128.86,119.88,114.55,105.57,99.40,93.60,83.49,75.15
130.46,144.17,153.06,155.98,164.79,168.68,172.24,177.28,178.28,179.79,182.28,182.15,184.57,184.94,184.72,193.31,195.88,199.62,206.71,208.28,214.83,218.56,224.83,230.15,232.94,235.14,236.09,231.03,228.99,224.27,220.24,213.41,204.79,201.10,193.85,188.52,180.94,171.14,165.11,162.86,156.60,147.96,140.35,134.11,126.40,118.11,111.40,105.12,98.72,93.78,84.17,75.93
139.09,151.95,156.12,164.47,172.63,177.28,180.10,179.75,183.14,182.98,188.96,188.02,192.11,191.03,194.65,199.86,203.06,205.04,211.32,213.70,222.43,223.29,230.59,232.03,234.83,242.55,245.76,235.44,235.44,229.63,224.52,218.23,212.85,208.36,200.06,195.43,190.91,182.69,175.26,165.50,162.29,155.72,146.99,141.03,136.42,126.32,122.58,114.73,106.23,97.74,91.71,81.58
140.70,155.08,158.60,167.09,175.93,179.57,184.88,187.77,187.67,190.24,192.88,193.38,194.03,197.34,197.75,204.75,207.51,211.43,217.41,217.75,224.51,231.40,237.54,242.32,243.07,248.50,249.35,244.26,241.18,239.64,232.77,227.56,218.08,213.78,203.77,201.36,194.06,187.03,178.24,175.16,168.00,160.73,151.49,147.38,139.61,128.81,122.18,114.28,107.49,99.62,93.21,82.62
140.04,153.11,158.37,164.78,173.33,178.23,182.63,184.40,184.94,184.61,191.32,188.90,190.71,190.47,195.13,199.18,203.07,207.28,213.60,213.55,222.41,224.27,233.45,235.31,238.17,241.35,243.90,238.08,233.79,232.88,224.01,221.38,215.52,211.59,204.79,196.09,189.50,183.96,175.26,167.61,165.00,155.91,147.23,142.62,136.65,128.66,124.31,114.55,106.90,98.48,91.21,81.86
104.64,118.30,124.28,137.44,152.55,164.65,171.43,191.23,198.01,205.78,220.20,224.32,228.28,233.56,237.69,240.61,241.23,245.80,246.08,247.14,244.14,248.58,251.92,253.16,250.05,255.60,252.02,243.77,239.02,235.59,225.68,219.66,209.34,205.35,198.09,192.20,180.25,174.73,169.19,161.94,152.80,149.88,139.52,133.69,127.91,122.33,115.87,109.77,102.94,96.17,87.28,81.06
106.21,122.10,123.33,141.76,154.40,164.48,172.82,189.03,200.47,207.08,220.00,226.29,231.61,234.96,240.07,239.30,244.25,246.84,249.13,248.32,248.07,250.22,254.47,257.29,254.34,258.10,254.83,245.72,242.07,238.81,227.55,220.66,209.35,203.23,196.58,191.40,181.60,175.10,170.75,161.47,154.90,147.35,142.13,134.13,130.38,120.95,115.95,108.56,104.65,98.35,89.81,81.10
132.00,145.10,150.62,159.25,162.52,169.10,175.87,176.78,177.91,179.36,184.70,183.85,187.13,189.51,189.83,193.49,195.13,199.42,205.77,207.25,210.44,215.46,220.19,226.64,224.62,228.65,231.39,225.14,223.66,221.82,217.08,213.57,204.71,200.20,194.18,188.31,181.66,173.97,168.76,160.96,154.94,147.80,140.39,131.24,128.55,118.53,109.77,104.69,98.49,91.42,82.20,74.53
141.03,153.18,161.20,167.63,174.03,178.68,186.13,189.23,189.06,191.23,195.88,195.21,196.99,201.12,204.09,204.36,209.75,212.58,219.20,218.10,223.65,229.09,234.08,239.10,239.63,242.63,243.00,239.12,237.12,235.00,230.44,224.88,217.79,214.72,206.74,202.30,194.02,187.11,179.39,172.51,166.17,160.02,151.16,142.90,137.46,127.20,118.85,111.62,104.48,98.49,87.98,79.65
138.64,150.23,156.37,165.00,171.40,178.83,183.44,185.10,185.35,187.28,193.87,192.04,196.03,197.19,199.54,204.04,205.51,211.00,216.82,216.79,221.01,226.43,231.66,234.77,237.26,242.63,241.45,237.19,236.03,235.21,229.17,222.63,217.41,212.29,207.59,199.55,190.39,183.33,177.49,173.18,166.96,158.84,147.73,140.25,134.03,123.47,116.10,109.08,99.92,92.14,85.09,76.06
142.39,152.62,158.48,167.01,176.82,181.46,187.28,187.01,186.68,190.24,197.03,196.46,201.59,201.55,203.89,204.88,208.63,212.01,218.89,218.15,222.73,229.96,236.01,238.72,239.27,245.20,246.08,241.03,239.01,239.47,231.91,225.86,218.59,217.55,210.89,204.98,193.77,186.01,180.27,177.05,169.11,161.11,150.23,143.95,135.83,125.87,117.27,112.18,100.18,91.97,86.45,76.30
148.25,160.15,168.61,175.41,183.20,188.86,194.01,195.83,197.80,201.10,203.16,204.28,209.70,210.69,212.94,214.87,219.49,222.02,228.98,230.23,233.93,239.35,243.92,250.05,252.26,255.52,256.42,254.77,251.03,248.07,242.29,237.01,231.95,225.58,220.05,212.36,204.00,197.95,191.05,185.31,179.01,168.51,160.90,153.63,145.17,133.20,124.04,114.93,107.63,100.30,88.02,79.62
149.21,165.92,166.37,181.50,188.81,190.07,194.55,194.55,197.09,199.56,201.54,204.63,208.72,210.77,212.28,216.39,218.40,223.26,224.96,230.11,235.64,240.19,246.05,252.72,253.31,257.13,259.53,256.49,252.56,250.91,247.97,239.57,234.23,226.38,222.44,214.95,207.27,200.26,195.21,187.49,180.14,171.55,160.08,154.83,146.00,134.83,124.20,115.38,108.76,101.02,89.87,82.08
144.27,156.54,164.22,170.94,177.63,183.92,186.72,188.22,190.06,191.25,196.90,196.47,200.26,204.01,208.00,210.84,212.60,217.08,222.87,227.30,235.03,239.64,245.66,250.43,254.89,259.26,258.70,256.76,254.00,250.69,248.64,241.61,232.25,226.88,220.79,215.80,209.23,199.54,196.02,186.05,179.62,172.99,162.36,155.79,148.41,134.79,123.43,116.07,110.14,100.50,92.35,84.40
123.33,139.71,151.70,162.50,176.03,188.81,196.82,208.83,215.68,221.88,226.38,229.46,233.39,235.51,239.01,240.52,243.20,243.21,245.72,247.07,248.40,250.88,250.57,253.60,252.72,253.39,248.22,240.67,234.42,229.53,219.89,211.81,200.55,192.61,187.18,180.25,171.86,164.34,158.38,150.08,146.73,142.79,134.26,129.56,126.37,118.79,111.83,107.86,104.74,100.45,89.96,83.53
126.65,140.72,150.21,163.67,177.54,188.74,197.63,210.04,217.67,222.30,230.79,232.69,236.63,239.64,242.40,243.52,245.18,246.29,250.69,249.39,249.33,250.80,252.96,253.50,252.72,255.34,246.73,239.40,234.36,227.34,219.23,212.23,200.93,191.07,186.08,180.16,169.92,164.35,158.15,150.10,145.12,141.68,132.28,130.29,124.95,119.01,114.74,110.00,101.64,97.74,90.61,84.65
124.33,137.32,152.35,165.86,177.72,189.02,197.46,213.02,221.50,228.23,231.91,238.40,242.03,244.66,246.48,249.39,253.02,253.41,256.05,253.18,251.91,254.45,254.07,254.00,251.03,253.79,244.35,235.32,228.78,222.73,212.72,203.71,193.40,187.49,180.57,174.60,162.27,158.50,152.74,148.41,141.03,135.09,131.37,127.26,124.04,117.18,112.64,109.81,104.69,100.28,91.68,85.15
124.89,138.97,149.01,162.31,177.55,190.00,196.90,213.56,221.16,227.38,234.92,238.00,242.74,245.12,246.52,250.27,251.56,253.03,255.47,253.07,254.57,252.46,256.14,253.86,250.46,254.19,244.40,236.29,230.84,221.92,215.26,204.08,193.98,185.57,182.22,174.05,163.67,156.31,152.12,146.37,141.09,136.69,131.14,126.29,122.98,117.39,114.34,110.34,103.37,96.21,92.66,85.01
142.24,149.86,157.89,167.43,170.43,176.14,174.04,177.20,176.05,176.56,179.01,180.07,184.17,185.78,186.68,189.61,194.83,201.00,203.94,205.91,211.77,220.23,227.06,230.76,235.36,241.32,245.42,238.95,236.69,235.65,227.90,224.21,215.60,213.85,206.52,200.49,189.53,184.11,176.82,174.59,168.12,158.03,152.86,146.45,140.25,131.65,124.89,118.51,111.02,104.39,98.73,89.50
123.58,135.62,142.34,148.38,152.82,156.72,158.14,157.19,157.61,159.14,159.82,160.33,164.37,165.95,164.76,166.87,168.67,169.84,172.17,173.63,176.12,175.51,179.13,181.42,182.96,185.31,185.37,178.64,172.75,171.98,166.60,163.25,153.17,153.08,144.00,141.82,135.07,130.46,126.14,122.07,119.94,112.16,107.45,103.41,97.14,93.94,86.98,82.22,77.93,71.11,68.80,62.03
137.23,150.87,156.43,163.23,167.66,174.27,177.18,180.90,182.73,186.89,188.30,194.00,197.96,199.91,203.07,209.17,216.75,222.50,229.34,233.14,243.40,251.37,262.19,266.59,272.03,279.27,281.35,276.22,274.12,272.12,265.18,258.86,248.93,246.42,237.19,229.17,219.79,210.54,204.38,198.02,190.77,180.42,173.18,168.16,158.37,147.65,139.27,129.47,122.12,113.74,103.08,92.80
131.70,145.28,148.22,156.08,163.53,170.52,172.53,175.05,175.11,179.89,185.10,187.45,191.40,195.13,198.12,203.21,208.14,213.21,219.92,227.71,234.92,241.37,250.34,258.63,264.41,268.09,270.84,268.92,264.76,263.10,258.97,249.97,241.67,234.29,227.56,221.77,212.72,207.35,199.97,190.91,184.46,177.28,167.61,161.62,154.32,144.31,136.68,129.42,119.10,111.63,101.53,92.66
101.64,113.22,118.00,122.45,125.60,130.83,132.38,132.61,131.73,135.09,134.37,136.08,139.54,135.83,137.00,139.47,139.98,144.36,145.34,145.40,146.28,148.22,153.47,153.39,158.60,161.19,160.64,153.31,151.79,150.33,147.36,141.95,135.09,133.46,124.82,123.69,114.63,111.07,108.47,107.49,104.81,97.72,95.90,87.46,84.08,78.10,74.40,69.46,65.51,58.05,56.32,50.77
125.10,139.28,143.84,149.24,160.64,167.72,172.73,177.73,177.55,184.89,188.96,190.14,195.66,196.21,200.88,203.60,210.65,214.22,219.11,224.06,230.31,237.01,243.50,250.46,255.54,256.59,258.06,259.56,255.84,251.16,245.69,238.47,229.37,222.95,216.62,209.94,202.88,196.43,188.45,181.02,173.07,168.40,158.27,152.32,145.45,137.18,128.63,120.74,113.16,105.12,97.91,89.20
130.87,142.94,150.42,159.91,166.11,176.17,180.62,188.94,190.51,196.29,199.01,203.42,207.74,210.74,212.26,216.93,223.71,229.08,235.17,236.38,242.83,250.53,256.75,262.94,268.15,271.05,271.63,268.56,266.91,262.91,256.13,247.12,237.47,233.48,225.30,218.52,210.22,203.16,195.89,187.45,181.04,172.63,165.58,159.00,150.96,140.01,132.19,123.32,116.83,110.02,99.08,90.74
127.78,141.09,144.28,151.33,161.45,169.96,176.28,183.07,184.62,190.59,197.45,199.74,203.71,206.58,210.45,212.25,218.77,224.40,229.83,234.34,239.52,247.43,252.72,260.13,264.88,266.82,268.73,267.04,262.41,258.15,254.03,245.28,236.13,229.08,220.91,214.76,207.29,199.54,192.41,184.20,176.62,170.70,157.69,154.73,147.27,139.18,128.69,121.70,113.64,104.31,97.05,87.66
132.41,139.20,154.15,163.48,172.41,175.90,182.01,188.06,194.62,201.16,204.04,208.22,214.11,215.23,217.72,224.06,232.48,235.19,243.32,244.77,251.70,256.81,268.67,269.90,273.94,280.06,280.59,276.59,269.76,268.69,258.94,251.45,241.63,237.70,229.26,219.86,209.35,200.86,194.36,190.16,181.40,172.53,164.62,156.72,149.33,138.83,129.63,120.65,115.95,108.05,97.53,86.56
122.81,135.82,143.42,155.04,160.64,169.57,174.06,184.38,187.13,193.94,195.78,199.97,206.73,209.19,211.97,217.46,222.77,230.33,232.21,236.03,242.42,249.10,257.39,259.79,263.29,270.60,268.89,261.36,258.77,256.43,249.58,240.87,232.31,227.86,219.11,211.15,201.47,194.20,187.39,181.00,174.77,165.48,159.86,152.12,143.84,133.46,125.88,115.97,110.11,102.70,91.68,83.49
125.30,138.29,147.36,155.63,165.48,174.09,179.23,185.54,190.71,197.19,200.64,204.53,208.79,211.09,213.85,219.11,222.95,229.63,234.36,237.07,245.86,250.70,258.52,260.85,264.51,270.44,267.90,262.49,260.01,255.41,249.82,242.03,234.01,225.57,218.33,209.88,202.30,192.85,185.99,180.11,173.61,164.58,158.04,151.16,144.25,133.66,125.64,116.04,109.44,104.08,92.66,82.62
135.96,150.81,158.15,166.05,178.19,186.08,193.00,201.10,201.48,210.88,211.94,219.15,222.32,225.18,228.08,230.49,237.74,243.68,249.93,248.82,254.33,261.77,267.92,272.41,274.31,279.69,277.20,272.59,267.02,262.91,253.02,243.83,235.72,229.40,219.94,210.60,200.00,193.54,183.61,180.42,172.31,159.59,156.05,147.71,139.94,130.65,121.02,113.44,108.85,101.98,90.05,80.81
142.17,154.93,165.74,180.01,186.64,192.84,198.91,209.76,210.76,219.40,218.93,225.50,229.71,230.73,232.76,235.94,242.14,246.63,251.54,249.10,254.94,259.92,267.29,268.40,269.65,276.10,273.03,264.49,261.02,259.68,249.69,241.05,230.22,222.40,217.38,208.15,198.88,185.98,182.00,177.10,167.29,158.90,152.35,147.23,138.13,125.16,117.95,111.73,108.47,100.22,90.27,82.08
140.07,156.08,163.62,174.66,183.22,191.86,199.06,205.12,207.87,213.59,217.27,223.66,224.15,229.12,229.44,233.94,236.85,240.33,245.15,245.97,250.77,253.81,258.50,260.77,262.49,266.60,264.07,258.38,254.20,247.99,244.30,234.83,225.21,218.12,209.30,202.57,193.09,186.56,178.54,170.88,165.42,158.07,150.03,143.95,136.86,128.08,118.83,112.36,107.47,101.02,91.79,82.01
138.60,152.78,160.96,170.00,180.03,188.67,192.67,200.06,202.43,208.39,211.30,215.93,219.17,222.04,221.38,225.23,226.81,232.17,236.26,233.69,239.53,242.30,249.05,248.36,249.90,253.21,251.01,245.97,243.00,237.23,231.89,223.52,211.60,210.80,203.19,194.09,188.37,179.77,173.77,168.96,161.94,156.54,149.46,143.41,136.56,128.70,122.54,115.16,109.86,101.77,93.90,84.29
130.00,145.34,152.69,163.93,168.86,181.32,183.74,191.44,193.54,201.06,201.30,207.62,207.48,210.38,211.48,213.88,214.00,221.06,221.82,222.95,226.29,229.82,233.23,234.48,237.26,238.40,238.43,231.95,229.94,223.81,220.06,211.06,203.84,201.34,191.86,187.11,177.87,171.48,167.93,162.25,156.67,149.97,143.92,139.06,131.85,124.48,117.00,111.49,105.48,100.00,89.44,82.20
126.12,138.84,147.76,156.71,163.49,171.84,175.28,181.64,186.05,189.00,194.12,197.25,199.68,200.35,200.23,205.30,204.16,211.01,211.02,209.35,214.37,216.36,221.29,221.68,221.30,228.08,227.31,219.24,217.95,213.94,207.76,203.21,194.52,191.31,186.50,179.07,172.01,165.01,161.31,157.69,153.65,143.54,142.35,137.06,131.05,124.34,117.92,111.62,108.78,102.00,91.00,84.01
136.18,150.27,156.72,167.08,176.23,184.86,190.41,197.43,199.94,208.19,211.01,213.10,216.37,219.06,218.36,223.57,224.77,227.02,230.67,231.24,235.92,239.21,244.40,244.00,247.14,250.57,248.45,243.82,241.13,236.99,230.67,225.26,216.19,211.49,207.09,198.57,191.21,184.23,180.32,174.39,168.43,163.11,155.90,151.43,145.60,138.16,130.75,124.54,118.60,111.02,103.08,93.54
126.78,140.09,147.28,157.58,163.92,174.29,176.26,185.27,188.32,193.02,199.75,200.00,204.66,208.60,209.47,212.53,214.44,218.36,219.00,225.14,227.07,229.92,235.08,236.93,239.10,241.83,239.71,235.85,235.38,230.23,225.84,219.82,210.80,206.17,200.20,194.20,188.35,183.02,175.64,170.31,165.00,157.78,153.08,146.00,139.28,132.24,124.40,117.75,111.20,103.95,93.38,86.33
128.32,139.90,147.57,157.81,165.74,173.17,179.18,185.59,188.10,195.86,198.83,202.88,206.97,209.82,211.40,216.33,218.15,223.79,228.41,228.23,235.49,241.50,245.07,247.81,250.79,257.24,258.25,253.73,254.20,248.34,241.55,235.05,227.07,222.10,215.37,210.80,200.32,195.87,186.29,182.61,175.14,167.67,160.01,153.26,145.41,135.77,128.32,121.56,111.63,104.04,95.75,88.05
154.77,172.35,178.84,192.34,201.32,209.04,214.85,220.51,222.08,227.04,229.82,231.94,233.01,234.72,233.45,237.12,237.47,240.65,243.94,244.30,244.26,249.02,254.19,255.18,255.35,256.55,255.44,247.78,244.23,237.80,231.19,222.09,211.52,206.83,200.72,195.88,187.21,181.22,176.48,171.29,165.30,159.40,152.32,146.12,139.52,131.94,125.73,119.51,110.22,101.87,93.81,82.10
153.79,169.71,179.00,189.17,199.62,205.87,211.73,216.67,219.21,225.74,227.55,230.05,230.55,231.29,232.11,234.10,236.39,238.60,241.51,243.53,245.81,248.48,254.61,255.28,255.79,258.86,256.43,248.85,246.59,239.38,232.60,224.29,213.10,207.99,202.00,195.36,186.27,180.25,176.92,169.37,162.00,156.25,148.64,146.01,139.40,130.25,124.04,116.93,109.38,101.18,94.41,83.49
111.32,122.18,130.43,138.57,145.58,153.16,159.02,166.43,168.59,175.17,178.44,184.33,187.62,190.24,191.85,197.00,199.62,204.80,209.04,210.26,214.25,218.12,226.37,226.81,227.48,233.94,233.45,229.17,227.50,224.12,218.40,209.12,200.60,199.12,193.26,185.70,176.87,168.87,164.48,160.70,153.10,143.27,139.46,134.42,127.47,116.28,108.91,102.08,96.61,90.60,81.50,73.41
143.22,156.67,168.24,176.57,186.94,194.70,200.52,206.65,207.85,212.66,217.68,219.64,222.08,222.35,225.89,226.42,228.71,232.31,235.00,237.54,241.02,243.53,249.56,252.86,253.48,256.63,252.72,247.35,245.06,239.94,235.26,225.14,215.72,210.95,204.98,198.09,190.07,183.97,179.48,173.51,166.82,162.00,154.74,150.71,143.95,136.12,130.03,121.20,112.20,103.47,94.89,85.60
138.51,152.19,164.83,173.64,181.18,188.69,191.60,204.84,208.60,213.08,214.95,220.30,221.49,221.11,223.57,226.38,228.47,235.42,236.04,240.28,241.63,244.86,251.15,253.95,255.88,259.54,258.68,250.32,248.85,244.10,236.21,228.71,218.01,215.82,208.60,202.30,194.36,186.66,182.85,178.62,173.66,162.19,159.70,153.12,147.25,136.13,129.34,121.66,113.05,106.96,95.48,85.38
146.54,161.41,171.97,184.17,192.42,202.87,209.02,215.60,221.01,225.89,226.81,232.59,235.67,234.09,235.87,239.92,240.25,245.73,249.65,248.43,249.93,252.83,259.67,260.89,260.49,266.66,263.70,252.00,251.07,247.59,240.26,231.55,223.04,218.55,213.59,205.94,197.00,187.45,183.99,181.42,174.20,162.25,161.25,154.81,148.27,137.06,129.77,122.92,115.45,106.73,94.79,85.09
145.17,161.77,171.00,182.00,192.35,202.16,209.06,213.84,218.40,223.76,226.57,232.31,234.08,231.40,233.04,236.28,237.50,241.30,244.73,246.95,247.75,250.01,255.24,256.14,257.87,261.54,256.14,250.22,247.88,242.87,235.21,228.62,218.69,214.24,210.16,200.20,193.13,187.49,181.03,177.51,170.41,161.30,155.93,150.30,142.44,133.51,127.32,119.57,111.02,100.88,94.79,83.82
143.39,161.01,169.59,181.11,190.85,200.38,205.92,213.59,217.30,223.28,225.58,231.32,233.96,231.40,234.00,239.43,238.95,242.86,245.62,246.85,247.82,250.79,258.26,258.49,259.43,263.43,260.65,252.00,251.13,247.34,239.00,230.84,220.23,216.52,210.06,202.59,194.01,186.08,182.26,177.34,171.96,160.78,160.08,150.40,143.74,133.06,127.94,119.82,110.37,103.75,91.30,82.10
148.00,162.63,172.68,185.33,193.83,201.73,208.83,215.57,222.17,225.06,229.26,233.73,234.47,233.62,234.10,239.41,240.63,244.28,247.92,248.34,249.13,252.77,259.30,263.32,263.47,268.79,265.60,256.98,257.11,251.24,241.90,235.76,224.61,221.65,215.03,208.47,199.61,193.63,188.11,183.08,177.45,165.68,162.26,156.26,149.94,137.57,131.14,123.76,115.97,109.34,96.77,86.15
153.50,169.85,181.91,192.51,200.85,211.62,216.08,223.54,227.02,231.23,233.34,237.12,236.18,236.19,237.12,242.22,244.09,247.54,248.52,249.34,253.03,255.56,261.34,262.24,265.45,271.47,266.70,259.56,257.90,253.05,245.25,235.54,225.94,224.02,216.12,207.27,199.48,195.02,188.53,185.33,179.98,167.84,165.08,157.38,151.82,140.90,131.21,125.32,118.43,110.14,98.01,86.98
148.19,163.75,173.10,185.16,195.23,204.71,210.06,212.49,217.28,219.06,223.60,226.12,225.86,226.63,228.47,232.22,230.98,235.03,235.93,239.38,240.52,247.62,249.15,251.75,254.44,256.13,256.83,250.45,248.79,241.12,235.16,227.17,218.87,216.06,208.06,200.23,193.20,189.71,183.39,175.51,170.53,164.75,156.31,149.25,144.84,137.12,130.59,123.99,113.44,105.36,98.18,86.16
147.58,163.77,173.49,183.10,193.98,205.08,208.90,214.65,218.66,219.91,227.26,228.67,228.54,229.90,230.60,235.36,236.54,240.69,242.00,243.48,246.13,253.82,256.90,258.79,260.54,263.69,262.21,256.78,254.95,248.32,242.33,233.42,223.97,220.06,215.56,207.63,199.18,192.46,188.22,182.91,177.08,169.14,162.26,155.67,151.16,141.52,134.37,127.02,117.63,110.54,101.91,91.29
144.67,161.00,172.41,182.10,192.21,202.07,207.04,214.95,218.63,219.21,227.37,226.50,228.28,231.32,234.44,235.21,240.26,244.00,246.81,249.54,252.52,257.12,263.47,266.07,267.52,270.65,270.20,265.71,267.37,257.39,254.53,245.15,236.86,231.26,226.59,220.59,211.48,208.40,199.45,195.00,189.56,181.16,173.11,168.62,161.51,153.42,145.69,138.29,126.40,116.76,109.20,98.27
133.24,147.00,156.02,166.40,175.41,182.20,187.39,194.49,199.72,201.60,206.40,208.66,212.27,213.04,215.26,219.02,222.09,226.64,228.08,231.05,238.31,243.29,249.20,251.59,255.78,256.25,259.28,254.59,254.68,248.00,243.19,238.95,230.48,225.46,222.30,214.80,209.29,203.69,198.40,192.63,184.89,179.74,171.30,166.39,160.90,150.23,141.95,134.54,125.21,115.73,106.33,94.70
133.09,144.47,154.80,163.71,174.64,184.84,188.79,197.23,196.43,203.84,204.79,209.25,214.67,213.78,214.90,219.20,225.63,229.26,233.73,233.21,237.14,246.62,250.32,251.80,255.24,258.94,260.85,254.17,253.56,250.19,243.25,236.40,227.76,227.00,218.41,213.93,205.08,198.13,192.76,186.45,180.11,171.47,166.17,160.37,152.19,141.42,134.00,124.35,117.32,108.37,96.65,87.98
110.91,123.46,125.16,133.15,141.45,149.88,158.32,170.18,174.89,183.46,189.11,193.15,202.36,205.02,208.93,216.49,218.28,225.44,230.22,233.31,235.94,243.58,248.94,253.41,253.90,254.40,255.64,250.06,248.13,243.40,235.82,229.53,221.40,211.85,207.63,200.68,193.40,186.08,179.61,173.08,165.70,158.90,150.33,145.15,138.03,129.02,123.07,114.21,108.47,100.90,92.31,83.01
114.54,124.02,129.44,134.08,146.58,154.92,162.26,173.35,177.28,186.04,192.51,195.58,205.06,207.40,211.99,217.57,222.15,227.38,232.22,234.25,238.61,242.25,249.51,252.88,255.55,253.66,256.22,251.33,247.32,241.85,235.85,228.60,221.77,212.61,204.75,201.46,194.50,186.55,179.69,171.47,166.11,159.82,149.97,142.24,138.06,129.56,123.02,112.75,107.91,100.17,91.55,83.38
102.32,113.11,122.58,131.89,140.43,147.41,156.11,169.94,173.01,185.52,186.87,195.44,200.10,202.88,204.83,208.57,216.17,219.06,225.54,224.74,229.08,233.27,240.26,240.30,243.98,245.70,245.28,236.73,233.14,230.33,224.40,217.64,208.46,200.89,195.47,189.06,182.43,175.42,167.59,164.00,155.86,145.96,142.61,136.40,130.39,118.23,110.60,104.09,99.02,92.44,82.30,75.03
112.36,123.43,131.53,141.55,148.69,156.54,163.29,172.17,179.94,185.69,188.73,195.14,199.06,200.63,205.87,209.48,214.67,218.68,222.04,222.43,229.81,232.85,238.73,241.30,241.61,244.56,245.73,238.67,238.30,234.09,226.74,221.50,212.90,211.65,205.65,197.77,190.14,182.83,175.52,170.08,165.08,157.18,149.97,142.44,138.05,127.88,119.04,110.60,104.12,99.13,89.55,80.41
153.08,166.07,175.00,187.86,194.16,204.88,208.02,213.21,214.13,219.18,222.75,227.38,228.71,227.97,228.04,231.62,234.97,239.40,240.87,245.07,247.08,254.24,256.72,259.38,261.61,262.83,261.77,256.74,256.38,245.52,242.42,234.45,222.42,217.83,210.09,204.14,197.69,190.37,185.46,176.82,171.56,162.66,155.96,150.42,144.36,132.85,126.04,117.61,107.35,99.36,90.93,81.34
153.26,168.93,178.01,191.02,197.69,205.01,212.76,218.32,218.32,225.79,225.34,233.21,232.71,232.62,233.39,236.04,239.77,242.80,248.60,248.92,252.26,257.10,261.73,264.68,264.94,265.96,267.38,259.60,258.68,251.86,244.13,236.92,224.35,221.60,215.95,208.75,199.04,188.50,185.65,181.54,174.57,163.53,158.23,150.00,145.36,132.44,125.51,114.81,110.57,101.24,89.04,79.18
140.25,156.39,164.14,172.53,186.30,193.50,197.74,204.16,208.83,213.53,219.39,221.42,221.35,225.72,226.55,231.70,235.28,239.63,243.58,244.03,252.16,259.85,264.00,266.65,268.49,270.90,270.48,266.83,267.03,259.11,252.06,244.97,235.70,230.08,225.38,217.51,210.54,203.27,196.64,191.05,181.84,177.72,167.60,164.98,156.27,146.29,140.76,131.03,120.55,109.62,104.17,91.42
138.00,153.22,160.64,171.71,181.34,188.40,194.52,200.34,203.74,206.05,210.26,211.46,214.11,214.53,216.04,218.51,223.38,223.18,228.00,229.89,234.93,239.85,243.82,245.64,247.88,248.94,247.52,245.08,241.30,234.05,232.00,223.09,214.19,205.55,200.35,194.66,189.17,182.43,175.64,169.71,162.51,156.82,148.00,142.86,137.79,127.94,122.26,113.09,103.32,93.41,88.84,77.99
135.64,151.34,160.63,168.67,178.06,186.43,191.38,198.49,199.62,205.18,205.80,212.13,212.19,212.85,213.04,216.76,220.13,224.72,228.35,228.49,231.47,236.59,242.54,244.07,245.25,247.73,249.05,241.37,241.85,234.71,230.49,222.44,211.10,208.13,201.07,196.01,188.30,181.10,174.54,172.10,165.95,152.55,149.48,144.85,137.82,126.18,118.00,110.64,107.04,98.02,85.98,77.39
151.05,165.85,176.95,188.66,195.48,204.36,210.95,216.95,220.64,224.36,225.56,230.05,233.06,231.31,231.40,237.59,239.18,246.29,247.76,250.50,254.83,258.50,262.99,267.71,268.00,273.01,272.05,263.10,264.17,256.82,252.04,240.96,232.47,228.23,219.27,212.43,205.09,198.15,193.15,187.52,180.11,168.96,167.28,157.69,152.11,141.68,132.02,124.02,118.11,109.46,96.21,87.66
148.64,165.95,174.48,184.10,193.00,201.69,208.01,215.08,217.04,221.47,224.19,228.27,231.66,230.22,231.15,235.97,238.65,242.68,245.33,247.41,254.26,257.53,264.12,266.81,268.76,273.08,274.05,265.00,263.23,259.02,252.00,243.12,232.82,230.25,223.90,216.52,207.54,199.97,193.20,188.32,182.54,173.12,168.30,161.45,155.68,143.41,135.19,125.51,120.24,112.45,99.74,88.59
135.59,151.33,159.05,169.96,179.41,189.00,195.62,201.25,203.68,209.01,216.23,217.70,219.75,221.71,225.58,231.35,233.38,237.31,243.02,245.54,250.46,259.94,260.01,266.72,269.86,270.16,269.43,268.47,266.27,259.72,255.15,245.94,235.92,230.67,225.67,218.63,214.93,209.40,201.26,193.04,185.93,181.97,172.00,167.84,162.25,154.35,146.69,137.44,128.41,116.69,110.16,98.86
124.40,141.40,151.64,164.68,169.75,176.78,184.07,191.97,193.84,197.62,204.12,206.53,209.99,210.74,212.82,220.30,224.27,228.35,231.78,235.32,241.25,247.87,251.40,255.48,258.68,261.69,261.51,256.33,254.62,249.36,244.64,236.71,227.20,224.14,219.32,210.95,205.00,199.38,193.13,188.14,181.84,175.14,168.67,163.27,156.35,148.41,141.41,133.12,123.23,115.11,105.26,94.26
133.20,148.07,158.42,168.30,179.01,186.81,194.31,201.56,205.25,212.93,214.09,219.15,220.62,222.04,221.25,228.27,230.54,234.95,239.91,241.87,247.49,254.89,257.39,261.08,262.59,265.97,265.68,260.29,260.40,254.96,249.02,239.18,231.26,228.79,219.17,215.10,208.54,200.56,194.54,189.40,182.48,176.38,168.58,163.40,155.79,147.38,140.01,130.97,121.59,113.53,104.32,93.13
135.51,152.61,159.36,169.31,178.40,188.50,193.54,201.31,205.24,210.24,211.60,217.59,220.22,221.23,223.65,229.31,232.42,237.69,240.61,241.30,249.07,253.07,257.96,260.77,263.94,268.00,266.91,259.09,258.80,255.18,247.52,239.29,230.38,229.17,220.00,215.24,205.30,201.30,194.25,189.91,183.67,174.48,169.45,162.79,156.98,145.34,138.25,130.42,122.12,112.04,102.88,93.23
135.83,152.50,161.30,173.57,182.78,192.31,198.73,203.16,206.53,210.15,212.55,220.91,222.75,223.34,225.79,231.95,236.60,239.77,244.20,245.07,250.34,256.00,259.79,265.67,263.79,268.65,269.83,262.72,261.60,255.45,249.97,242.06,232.00,228.24,221.42,216.00,207.47,202.70,194.66,190.87,184.81,175.93,169.26,163.87,157.26,146.12,139.52,130.27,121.81,112.59,102.08,93.81
145.07,160.38,170.19,181.14,191.67,199.92,208.69,213.43,219.15,222.55,226.40,230.79,234.61,235.02,235.75,242.44,245.23,249.04,251.80,252.97,261.82,266.55,270.28,275.54,276.14,278.44,278.50,272.46,271.58,264.17,259.47,251.37,242.03,238.32,231.40,223.18,217.85,209.88,203.06,197.44,190.18,183.25,177.79,170.14,163.20,153.00,145.66,135.12,126.30,117.83,106.55,97.08
139.29,156.27,163.62,177.12,185.87,195.24,199.55,207.29,210.85,213.78,218.40,222.99,224.18,225.16,226.42,230.84,234.44,238.21,242.04,243.53,249.60,255.00,259.60,264.46,263.76,268.78,269.02,263.97,262.57,256.86,253.14,243.25,234.96,232.05,223.61,218.94,211.07,204.36,199.72,193.87,188.57,180.34,174.18,167.30,160.86,150.62,142.02,133.36,123.98,114.21,102.73,92.65
140.43,155.90,165.16,175.41,186.56,193.34,200.26,206.65,209.25,214.74,216.01,221.38,221.47,222.77,222.97,230.22,230.85,234.31,238.55,242.54,244.07,251.22,255.41,259.62,260.77,263.14,263.12,258.54,258.17,250.19,247.29,239.38,228.25,225.87,218.05,214.61,205.55,199.26,194.55,188.61,183.92,175.85,168.69,162.83,155.33,144.59,136.21,129.77,120.04,111.80,101.21,90.61
111.65,123.47,128.46,138.13,147.61,155.60,161.00,170.60,176.67,183.85,187.68,193.33,198.07,202.14,204.41,210.10,214.03,218.22,221.69,225.11,230.20,233.60,239.57,244.17,248.04,250.41,248.20,245.02,245.66,239.71,233.34,227.26,218.01,212.96,208.27,201.70,194.00,187.38,180.07,174.57,166.48,159.39,151.46,146.11,139.27,128.32,125.32,112.33,104.10,97.87,90.80,81.34
139.00,154.30,165.30,174.52,185.00,193.10,198.52,206.79,208.04,214.22,215.75,219.62,221.95,221.90,224.88,227.04,229.90,234.31,239.77,239.27,244.56,250.20,255.39,259.11,261.54,263.77,263.55,257.24,256.20,251.86,246.55,238.00,228.43,225.25,218.63,211.90,204.66,198.44,192.76,189.65,183.11,174.73,166.97,163.11,156.43,146.22,137.30,128.81,120.50,112.31,101.51,91.14
143.01,158.49,165.71,177.28,186.60,196.40,198.91,207.65,210.60,214.83,217.64,222.25,223.91,224.22,225.22,230.71,232.18,235.49,240.35,241.32,248.94,252.21,257.03,261.54,261.90,264.78,266.49,259.09,258.69,250.92,245.80,239.43,230.87,226.43,219.01,213.08,207.53,200.42,195.56,188.31,183.88,176.71,169.39,163.36,157.61,145.78,138.66,129.44,121.25,112.51,102.40,90.79
142.87,157.69,164.56,174.41,182.57,191.13,198.52,202.47,202.00,208.78,210.74,214.48,218.00,216.58,216.49,219.34,222.08,225.04,231.47,232.48,236.64,239.51,246.98,250.65,250.48,254.80,255.23,246.33,245.23,243.04,235.33,230.50,218.12,213.41,209.95,201.94,192.51,188.22,181.47,178.62,171.75,162.34,156.98,150.23,142.43,133.14,126.02,117.75,109.71,99.92,90.14,79.91
143.03,158.11,168.44,179.90,188.88,196.31,200.32,206.74,208.31,215.41,215.52,221.10,222.72,219.43,221.92,229.05,228.12,235.77,237.92,241.10,242.80,250.80,256.16,260.46,261.61,263.65,263.34,257.78,256.33,251.15,245.74,237.07,227.31,223.06,218.00,213.55,201.69,196.04,191.08,183.85,178.71,169.03,163.88,157.70,150.55,138.71,131.24,122.81,115.43,107.49,95.19,85.84
137.82,151.57,161.97,170.31,178.03,186.08,190.21,196.02,199.62,202.77,202.27,209.35,210.77,208.06,210.72,215.57,216.12,222.17,227.18,227.26,230.78,234.96,241.83,244.68,245.52,252.20,254.10,242.43,242.40,240.50,233.54,225.82,215.23,215.81,208.87,202.71,193.29,186.64,182.13,177.55,174.55,162.81,159.76,153.59,145.91,134.83,128.13,117.64,113.95,105.48,93.06,84.63
146.82,162.69,170.70,180.21,191.88,197.04,203.95,209.88,209.88,215.41,220.95,221.27,222.09,224.24,226.43,229.16,230.85,234.39,240.19,242.07,246.91,251.01,259.96,262.61,265.09,266.13,267.60,262.43,262.57,254.29,249.04,242.68,232.07,225.64,219.86,215.19,205.36,200.57,195.65,189.71,183.13,175.38,166.82,161.21,153.73,144.84,138.08,128.22,119.55,108.42,101.18,91.01
147.83,163.36,172.19,182.33,194.31,201.12,205.10,210.60,214.31,216.57,223.60,225.20,225.98,226.68,228.53,232.42,234.36,239.27,240.47,246.01,251.24,257.79,260.89,263.15,266.60,272.00,270.74,266.10,263.62,257.98,253.25,243.99,236.37,229.37,225.60,218.56,210.92,204.61,199.86,193.19,185.40,177.79,171.45,165.01,157.99,148.95,141.09,132.41,122.07,112.36,104.04,93.09
141.33,156.19,165.19,173.81,182.58,191.23,194.49,202.87,208.66,211.54,214.58,219.83,220.51,219.45,218.89,226.50,230.01,236.41,239.99,239.35,246.34,252.45,260.00,262.24,263.75,271.18,268.51,262.64,263.03,259.48,252.72,245.81,236.86,234.18,229.51,220.13,211.77,203.81,198.91,195.41,188.30,178.39,176.18,170.32,161.64,150.16,143.21,134.66,125.60,116.00,106.07,95.29
132.20,147.11,153.77,163.60,173.42,181.25,184.10,190.07,194.00,196.21,201.96,206.41,208.20,208.20,209.47,212.85,216.64,220.84,223.49,226.31,231.97,237.03,241.94,245.02,246.22,249.06,249.39,244.10,243.58,235.72,234.78,223.95,217.92,212.08,206.29,199.73,194.54,188.04,183.85,176.49,170.19,163.68,157.55,151.65,145.34,138.09,130.74,121.71,112.36,104.81,98.76,86.33
139.46,156.22,165.30,175.93,186.60,194.67,199.38,205.65,210.39,214.84,220.06,223.29,224.57,227.69,229.19,232.83,237.00,242.25,244.10,247.40,255.18,259.86,266.05,270.25,271.16,273.39,274.21,269.36,269.05,260.72,257.12,248.49,240.60,235.28,230.49,223.22,216.34,209.95,204.88,198.02,190.54,182.53,176.82,172.54,164.01,155.80,148.40,138.81,128.35,117.48,111.22,99.81
145.73,161.55,174.10,182.51,191.34,198.64,206.20,216.37,218.91,221.58,226.81,229.62,232.78,234.18,234.20,241.12,243.74,248.13,254.01,251.45,258.49,263.87,270.30,273.03,275.81,279.56,277.32,273.00,270.14,266.83,258.52,252.03,242.99,239.37,234.30,227.40,217.57,211.19,205.41,200.86,193.31,183.04,178.64,174.00,165.71,154.16,147.11,136.62,131.11,120.67,108.41,97.13
140.94,156.65,167.69,177.61,186.13,194.06,199.30,209.48,210.46,217.34,220.10,224.62,225.00,227.84,227.38,232.77,237.90,240.83,245.75,244.97,251.75,256.28,263.05,267.24,267.82,269.92,271.28,264.91,262.91,258.68,251.98,243.18,235.72,232.25,224.86,217.91,209.62,203.12,196.16,192.92,187.32,178.04,171.05,166.48,158.82,148.22,140.13,131.14,127.02,116.50,105.02,91.92
146.73,161.79,172.98,184.62,192.51,201.02,207.86,215.41,216.01,222.47,225.58,230.46,231.05,234.39,235.49,240.55,242.03,246.79,249.69,253.33,257.85,264.92,266.60,272.53,274.49,276.13,276.46,271.01,267.26,263.41,257.50,250.46,241.94,236.54,228.98,224.56,216.94,210.34,204.71,197.31,190.39,185.00,176.66,170.74,164.56,154.24,145.77,136.44,128.04,118.85,108.67,98.68
144.68,160.46,171.19,182.46,191.70,199.06,206.90,213.85,215.67,220.08,224.24,229.14,232.74,231.74,231.60,237.54,240.35,245.94,250.93,250.80,254.88,259.73,267.59,269.78,271.00,276.20,275.86,270.34,266.41,264.46,256.67,249.47,239.87,239.41,231.57,224.32,216.39,209.25,204.30,200.73,194.09,185.30,178.47,174.61,165.10,154.03,146.34,134.16,130.15,121.08,107.62,93.30
143.93,160.31,172.05,180.14,189.91,199.12,205.83,212.92,214.39,222.25,222.72,229.63,230.78,231.04,233.81,236.04,241.40,245.20,249.72,251.79,256.44,260.63,267.88,272.24,272.34,276.37,276.28,268.34,268.67,264.32,256.83,249.06,239.12,236.76,230.60,225.08,214.58,209.75,202.62,199.44,192.20,182.73,177.72,171.02,163.71,152.32,142.97,135.07,129.69,118.87,107.54,96.08
142.43,158.77,168.76,177.29,189.21,197.57,204.73,210.74,212.36,219.13,221.88,227.67,227.64,228.95,232.02,234.31,238.38,243.29,248.81,248.09,253.14,257.41,265.45,269.48,269.28,272.68,273.02,268.84,265.19,261.81,253.85,246.94,236.25,236.58,230.79,221.07,212.95,206.01,200.85,197.09,189.55,180.25,174.63,170.00,161.97,149.40,141.85,134.95,126.61,118.73,105.42,94.87
135.67,150.00,158.48,167.76,178.90,184.40,191.60,198.56,199.38,205.01,209.34,212.44,213.82,215.23,216.47,221.05,225.02,227.02,230.82,232.77,237.29,243.97,247.13,253.22,253.24,255.03,256.31,249.56,248.52,243.58,238.91,231.35,223.43,216.82,212.60,205.99,199.69,196.02,187.56,182.43,176.01,171.49,163.77,158.62,152.32,143.06,134.89,127.32,118.70,108.85,102.00,90.44
137.64,153.44,163.17,173.16,181.80,191.67,197.13,203.60,207.02,212.60,218.40,220.74,222.27,224.57,227.43,229.99,231.32,236.02,239.77,244.66,248.10,253.74,256.90,261.22,264.68,266.56,264.28,260.97,259.49,253.43,249.90,242.03,234.09,226.87,221.68,216.46,208.54,205.79,199.25,190.97,187.38,181.04,173.08,167.11,161.07,151.65,144.51,136.13,126.57,116.47,107.02,96.25
138.22,153.45,163.05,173.07,182.10,190.24,195.74,204.24,208.09,213.14,215.26,222.10,224.15,222.11,222.97,227.01,231.40,235.17,239.84,239.71,244.02,250.35,256.22,256.70,258.33,266.92,266.99,257.44,256.16,252.62,246.87,239.01,230.22,229.61,222.30,215.52,208.34,201.84,195.13,192.63,187.45,175.31,174.18,167.50,161.94,148.66,142.69,132.61,125.67,115.88,104.81,94.20
143.54,157.84,168.91,176.40,186.51,196.46,201.91,206.98,209.90,216.64,216.30,222.23,224.01,223.45,226.43,230.56,232.85,238.40,239.77,239.08,245.08,248.94,253.62,258.50,258.63,263.05,264.27,256.49,258.26,251.96,244.38,237.54,229.09,228.24,221.05,214.95,205.85,199.72,194.83,190.52,184.11,175.51,171.29,165.05,157.61,147.23,139.82,132.08,122.80,113.55,102.73,92.89
137.23,151.35,159.53,171.19,179.63,187.38,194.24,199.32,200.80,205.25,208.10,212.25,214.67,215.70,217.49,221.82,220.76,224.02,228.54,231.14,234.80,240.42,245.22,247.81,249.87,250.20,250.30,247.59,245.97,239.21,235.85,228.27,219.62,216.45,210.64,204.20,198.09,193.85,187.52,181.28,174.13,169.71,161.55,158.03,150.23,141.16,135.06,126.14,116.66,106.51,98.95,89.38
138.74,154.69,164.77,174.18,184.39,192.09,196.89,203.06,205.23,209.88,212.71,217.41,218.28,220.04,220.08,223.68,226.53,229.65,232.25,234.79,239.43,242.64,248.91,251.81,253.60,256.73,255.26,248.65,251.03,242.99,238.21,232.11,220.93,218.33,214.44,208.83,200.77,197.89,192.31,184.45,179.45,172.05,166.57,161.44,152.55,143.56,136.01,128.32,120.24,109.90,101.19,90.14
146.49,162.11,171.14,181.66,192.00,201.22,205.19,212.88,214.19,217.08,223.61,225.80,226.50,229.49,229.65,234.10,234.80,239.18,242.01,245.00,250.14,254.97,258.38,262.39,262.77,269.42,267.59,261.47,261.16,252.72,250.60,243.61,235.23,227.66,222.14,216.39,211.19,203.30,199.28,191.23,185.24,180.07,172.66,167.11,158.86,149.20,144.25,134.94,125.32,114.48,106.04,94.76
145.84,161.62,173.22,184.72,191.00,200.87,204.47,212.98,215.41,220.54,221.64,228.48,230.23,228.98,228.71,235.97,237.69,244.01,245.25,243.29,247.52,253.43,259.17,262.10,262.55,269.97,270.57,261.19,262.57,256.11,250.77,243.09,232.85,232.59,224.12,218.22,210.20,202.12,198.93,193.93,188.22,177.39,175.65,167.94,160.15,148.22,140.07,132.82,125.99,116.93,104.40,92.46
128.32,146.24,153.16,162.50,170.31,179.00,185.43,193.09,195.02,201.12,202.71,208.97,210.80,210.49,213.38,216.64,221.82,225.82,230.20,228.11,232.00,238.92,244.52,246.83,248.94,255.22,255.84,247.89,246.99,244.27,238.72,230.67,223.03,222.20,216.00,210.49,203.60,196.57,191.27,190.80,183.70,173.81,170.42,165.75,158.27,146.25,140.46,131.40,124.15,114.91,102.18,92.72
143.02,156.73,169.12,178.16,186.34,195.26,199.08,208.02,212.13,217.15,217.35,225.20,226.05,224.52,226.99,230.22,234.78,240.00,244.20,243.05,246.56,252.67,258.90,262.09,262.91,269.24,269.63,260.73,260.71,258.12,250.01,243.77,234.68,234.20,227.56,221.49,211.40,205.80,200.50,198.12,191.94,180.50,178.62,172.80,164.92,153.84,144.31,136.89,128.72,119.33,106.23,97.10
142.27,158.37,168.08,178.36,187.26,194.40,198.44,207.69,211.47,217.80,219.17,223.57,226.36,224.18,226.52,232.42,234.01,237.89,241.87,242.49,248.52,255.60,257.69,262.19,261.18,268.40,268.00,261.64,261.14,254.05,249.72,244.92,235.31,230.52,227.27,219.67,210.79,204.57,202.23,196.96,189.49,181.69,176.31,170.58,165.05,153.29,145.09,136.42,128.06,118.21,107.34,95.75
142.76,158.34,168.05,177.71,186.68,193.94,202.16,207.87,210.84,216.91,219.49,224.15,223.81,226.74,229.11,230.63,233.56,235.72,240.75,240.11,248.31,251.75,259.21,261.63,261.94,267.40,266.05,262.84,260.50,256.88,249.57,243.31,235.37,233.07,226.24,219.46,211.90,207.47,200.82,197.34,189.78,182.10,175.56,171.84,163.05,153.85,147.90,137.03,126.70,117.29,108.34,97.25
147.41,165.06,172.57,185.00,192.59,204.38,209.06,215.87,219.48,223.86,227.49,231.67,234.23,234.16,235.17,239.07,240.51,246.62,248.30,250.89,254.57,261.20,267.12,270.50,272.31,277.74,277.33,271.20,271.89,264.95,261.44,251.25,243.00,240.41,233.07,228.48,220.42,215.01,210.22,203.89,198.12,188.32,184.38,177.89,169.96,160.08,151.38,142.30,132.10,122.87,115.41,101.00
145.09,162.16,171.17,182.17,191.09,200.00,205.87,213.59,215.42,220.59,221.81,228.32,228.05,226.55,229.46,233.69,236.08,243.58,246.66,245.51,248.03,254.45,260.97,263.13,263.90,269.87,269.26,260.28,261.28,257.90,251.07,243.74,234.35,233.66,226.88,219.10,212.28,202.81,199.75,196.70,190.26,178.52,176.18,170.47,162.01,150.01,141.68,132.64,127.14,117.07,104.48,93.78
143.35,161.77,173.66,183.67,190.72,200.64,208.54,215.23,219.33,222.63,225.36,228.78,230.06,229.37,232.12,236.18,238.93,242.00,247.16,246.29,251.75,257.07,262.57,265.58,265.94,270.60,271.52,264.66,262.99,261.00,254.34,248.16,237.50,236.08,231.57,220.62,214.54,208.00,202.83,198.31,194.59,182.46,177.08,172.41,166.53,152.08,147.41,135.83,128.47,118.68,107.56,95.21
145.67,161.81,172.81,184.49,193.31,200.83,208.86,211.98,216.62,222.00,224.62,228.21,228.48,229.79,232.42,234.78,239.37,240.35,247.26,247.08,252.41,256.14,262.68,264.78,267.22,267.92,269.43,265.51,262.82,259.00,251.64,245.36,235.93,234.17,228.37,221.50,212.90,207.28,200.53,197.72,190.79,181.82,176.14,168.65,161.62,153.94,145.60,134.12,127.56,118.51,106.68,94.54
146.73,162.05,172.79,183.90,193.04,202.20,205.73,214.23,216.45,220.15,226.29,228.54,230.05,230.71,232.08,235.77,239.08,241.50,244.81,247.52,253.16,257.72,260.11,264.17,267.48,271.74,268.91,264.61,264.50,257.94,253.81,244.63,237.23,231.77,227.11,220.72,210.49,206.00,200.83,195.73,190.02,181.11,176.66,168.15,162.54,151.33,145.34,135.44,128.08,118.60,106.02,95.13
149.12,165.42,177.02,188.45,196.60,204.79,211.97,218.56,221.71,226.00,229.27,233.77,235.00,235.17,235.21,239.30,245.00,247.42,251.11,251.10,255.77,262.23,267.62,270.16,274.02,274.71,276.47,268.75,268.36,263.80,258.16,248.87,239.72,238.32,231.68,224.64,216.07,209.16,204.20,200.12,192.84,183.35,178.10,173.49,165.89,155.82,146.82,137.30,130.00,120.34,108.05,96.60
151.21,166.23,176.37,188.77,197.21,206.17,210.01,219.72,223.03,225.79,229.81,233.14,233.19,235.84,236.21,241.17,243.73,247.43,250.80,253.85,257.17,261.94,267.59,271.18,273.38,275.27,275.05,270.31,270.15,261.77,260.25,251.47,241.37,239.00,229.98,225.34,217.15,210.23,205.29,198.67,191.86,185.17,178.06,172.71,165.15,154.30,147.34,138.22,130.03,120.30,111.13,98.15
147.90,163.69,172.24,186.82,195.24,205.41,210.61,218.04,220.06,225.14,228.53,232.57,232.70,235.59,236.36,240.03,241.83,245.22,246.52,250.49,254.53,263.37,265.55,267.09,269.46,271.90,274.30,267.60,267.54,261.28,257.39,248.20,239.08,236.32,227.97,221.38,215.75,207.56,204.75,196.60,189.40,182.85,174.92,169.12,163.60,155.59,146.54,137.36,127.26,116.76,109.29,97.58
142.20,160.56,173.11,183.36,192.57,201.21,208.87,215.57,217.44,223.38,224.66,229.83,230.64,231.62,233.73,237.63,241.11,245.18,250.41,249.13,254.19,260.40,266.09,269.56,272.08,275.09,277.08,268.66,269.61,264.98,257.40,251.02,241.67,240.63,233.45,225.62,218.02,211.87,206.30,204.00,197.02,185.16,182.58,176.30,167.86,158.26,148.98,140.00,131.95,122.61,109.84,99.33
151.74,169.64,179.48,191.06,198.98,207.79,214.04,222.61,224.10,229.45,232.78,235.37,236.93,237.07,240.42,244.17,245.93,250.98,253.30,255.00,259.28,265.99,268.69,272.80,274.71,276.96,277.15,271.97,271.02,264.47,258.49,250.92,241.36,236.02,230.08,225.16,216.46,212.33,205.54,197.50,194.31,183.83,177.08,172.84,164.65,156.24,147.87,137.93,130.36,120.35,109.77,98.35
152.12,168.67,179.00,187.04,199.04,207.97,215.37,222.80,223.01,227.26,231.23,232.48,236.03,236.64,238.01,242.99,244.32,247.41,250.06,251.87,257.67,264.01,266.61,271.62,272.01,274.27,273.21,270.93,267.40,261.22,258.12,249.56,239.94,234.62,228.47,221.36,215.03,209.35,201.97,197.09,190.26,183.96,175.57,170.84,164.47,154.12,146.32,138.29,129.34,116.71,108.93,98.23
152.16,170.30,178.01,188.90,199.36,208.93,214.22,220.79,223.96,226.05,233.57,234.48,235.49,235.84,240.47,241.48,243.07,246.40,250.67,253.81,257.16,262.55,268.03,269.88,272.80,274.18,277.06,269.90,267.78,262.55,257.77,249.16,241.35,234.04,227.34,221.42,215.18,208.14,203.86,196.41,190.37,185.15,176.18,170.88,164.01,155.72,148.07,138.40,128.70,117.55,109.77,99.16
141.35,157.05,166.42,176.78,185.92,191.94,198.52,205.18,206.31,210.79,213.58,220.04,218.98,219.57,221.96,223.61,230.29,229.92,235.15,233.02,239.01,243.89,249.05,252.29,252.46,254.28,255.08,248.71,247.88,244.44,237.93,229.00,220.95,218.01,212.76,207.24,198.25,193.54,186.19,183.98,175.84,171.19,164.79,159.15,152.88,142.97,135.12,125.90,120.83,111.20,100.72,87.66
145.34,162.43,170.84,181.57,191.63,201.72,205.92,210.77,214.11,219.40,220.49,225.02,225.28,227.43,228.55,230.59,235.33,239.20,241.50,241.98,246.76,251.51,253.75,258.82,259.12,261.84,263.05,257.11,258.15,250.15,245.99,236.71,229.17,224.95,217.67,211.00,207.06,200.86,194.59,188.86,183.32,174.87,170.41,163.29,156.42,148.19,141.01,131.73,122.69,114.53,103.60,93.39
149.41,165.42,178.02,186.27,195.69,204.95,209.99,217.08,220.24,223.79,226.38,231.37,232.66,232.38,231.19,236.14,240.13,244.11,247.29,248.21,252.60,257.66,262.77,265.59,265.68,271.45,270.60,262.26,262.35,258.77,249.37,239.63,231.35,231.23,223.65,217.00,208.87,201.72,195.58,192.03,187.01,177.34,173.22,167.29,160.70,149.62,141.29,130.05,127.01,116.85,103.46,91.48
148.00,164.03,175.64,186.50,195.13,203.59,209.30,216.93,218.33,223.90,224.83,229.17,231.46,231.21,231.39,235.19,237.86,241.96,246.43,245.70,249.10,255.44,260.60,264.17,264.92,269.46,268.76,260.85,259.08,256.70,248.39,240.13,231.61,230.93,223.81,216.38,208.54,201.01,194.83,192.30,186.78,177.00,172.26,166.82,159.52,150.00,142.64,132.61,126.04,118.71,105.00,93.92
152.32,169.07,179.23,190.00,200.88,210.26,215.11,221.96,222.32,227.19,231.59,233.77,234.88,237.50,238.21,243.58,243.00,246.83,247.39,252.61,254.03,262.23,266.01,268.61,270.95,272.62,270.65,267.90,266.27,258.52,255.36,246.34,238.10,231.48,224.47,218.28,214.09,206.78,200.82,193.26,188.22,182.01,172.93,168.81,160.31,153.08,145.50,136.50,126.53,119.22,109.29,97.05
145.83,161.90,172.73,184.11,190.87,199.75,203.71,211.81,214.85,216.59,221.35,224.12,226.00,226.42,226.34,232.86,232.23,237.80,238.44,241.70,245.02,251.37,254.57,256.82,258.87,260.97,261.63,256.20,254.65,247.89,244.90,235.30,228.62,222.64,216.02,209.51,203.63,196.50,192.30,186.94,182.40,173.14,167.28,162.20,155.79,146.00,139.52,129.36,123.17,115.26,104.74,93.04
143.54,158.96,168.67,178.08,188.79,196.62,202.71,208.81,213.33,216.00,221.37,223.60,223.79,225.96,227.23,231.56,234.77,238.40,240.30,243.09,248.36,254.61,257.61,261.60,262.98,266.03,264.43,261.08,258.24,251.87,247.08,241.30,232.44,228.22,220.23,216.15,208.08,203.57,199.53,189.76,184.14,180.21,171.29,166.11,160.70,151.01,145.26,136.47,126.19,116.25,109.20,96.32
149.34,163.82,174.45,184.25,196.23,203.96,211.47,216.30,219.06,223.90,227.42,228.82,230.65,231.82,234.88,237.06,239.93,241.21,244.13,247.86,251.10,256.13,261.18,265.32,267.23,266.27,266.02,263.10,260.65,254.01,250.80,240.26,234.00,226.49,221.27,216.12,208.89,204.25,196.92,191.46,183.85,179.61,170.07,165.56,158.52,150.36,144.81,135.59,124.95,115.60,106.89,97.02
149.84,168.86,174.24,184.63,197.43,203.81,208.97,216.01,215.57,221.63,225.80,228.09,230.05,230.21,230.87,234.09,236.89,241.11,244.99,246.33,248.92,256.60,260.34,262.07,265.05,267.15,263.21,260.91,257.73,252.16,246.73,238.30,231.16,224.75,217.75,213.70,205.29,201.14,195.16,188.47,181.87,177.79,168.72,163.20,157.01,148.30,142.00,132.46,124.15,114.49,106.04,95.75
148.00,163.68,171.03,182.48,192.90,200.12,206.93,212.15,214.23,217.88,224.14,226.21,226.12,228.01,230.21,233.75,235.14,237.95,241.36,243.46,248.51,254.14,256.89,260.20,259.62,263.80,262.48,260.16,256.28,251.45,244.56,238.17,229.17,223.49,217.52,212.25,206.63,200.26,194.24,189.01,184.20,178.10,167.24,163.25,158.52,150.27,141.01,132.85,125.00,114.63,106.12,94.34
117.69,128.80,133.03,141.74,144.93,150.08,153.00,153.18,153.22,155.86,160.53,157.29,157.44,158.11,160.02,165.85,161.01,167.76,171.97,172.65,178.22,181.33,185.66,191.25,194.05,192.17,189.28,187.76,185.40,178.04,175.76,173.37,166.74,161.03,154.03,150.75,148.22,143.18,138.61,129.03,127.48,122.41,113.81,108.85,101.12,98.35,89.50,82.76,76.79,70.66,66.19,58.86
142.76,156.42,165.85,176.40,184.20,192.11,198.22,206.24,209.12,213.43,216.63,219.97,221.05,222.62,221.02,225.61,232.62,234.16,237.29,236.02,240.78,246.83,252.00,255.22,253.05,258.24,259.02,252.01,249.93,246.79,239.29,231.45,224.38,223.47,215.82,210.04,201.84,197.50,190.38,185.61,180.31,170.66,168.67,162.63,156.46,145.65,138.00,129.00,121.25,112.29,102.53,91.41
150.36,165.25,173.63,183.90,193.26,202.36,209.75,216.00,216.33,221.05,223.61,228.41,230.01,231.39,228.45,234.05,236.48,241.60,246.87,243.77,247.80,253.60,258.64,260.91,261.29,268.20,264.44,257.15,255.57,252.84,246.22,237.59,230.80,227.52,219.92,213.71,205.60,199.45,193.62,190.39,183.00,175.39,170.84,165.59,158.47,148.01,139.39,131.67,124.68,115.12,104.20,94.01
147.72,163.36,172.75,182.22,192.42,200.26,208.36,213.38,216.67,220.95,223.90,228.74,229.02,231.62,232.23,234.34,239.35,241.12,246.14,247.05,251.98,255.84,262.09,264.85,264.12,269.31,268.16,262.95,261.96,257.73,251.34,243.31,236.28,230.49,224.52,219.33,212.06,204.79,197.44,193.44,187.52,180.35,175.17,169.75,161.76,152.35,145.34,136.47,126.00,117.17,107.90,96.88
152.12,167.34,174.64,185.00,197.57,204.86,210.21,217.02,218.89,222.15,228.47,229.17,231.84,233.24,233.03,236.58,239.02,240.88,246.56,247.49,252.01,258.45,262.53,265.00,268.09,267.40,266.56,261.84,260.99,254.89,249.13,242.59,232.11,226.34,221.54,216.06,208.73,203.84,196.49,189.79,182.15,179.84,170.34,164.94,158.69,149.79,144.68,133.93,124.65,113.85,107.23,96.04
147.71,161.93,172.05,182.02,192.61,200.80,205.01,210.38,214.40,219.26,220.20,225.94,227.37,227.67,229.90,233.70,234.45,239.59,241.03,242.99,246.11,253.25,257.02,259.96,261.84,264.17,262.15,256.03,256.70,249.42,246.27,237.17,228.02,224.72,215.57,213.46,205.77,198.64,194.25,186.78,182.00,175.64,169.73,162.11,156.21,148.92,141.06,132.67,123.07,113.65,105.32,94.07
147.65,164.37,174.93,185.30,193.66,202.25,207.93,215.93,214.85,221.82,223.58,229.96,231.40,228.59,230.78,235.64,238.42,242.16,245.13,243.29,247.52,253.29,258.32,263.21,262.55,265.84,267.44,257.03,256.46,251.31,246.08,237.54,228.83,227.20,219.09,214.34,206.83,199.01,191.45,193.72,184.10,174.35,171.21,165.48,160.00,148.00,138.18,130.38,125.61,117.89,102.69,93.41
147.15,161.25,172.03,182.52,194.79,203.04,207.18,213.96,214.87,221.11,225.53,227.78,230.11,231.95,234.24,236.16,238.47,241.90,242.00,247.00,250.59,255.44,259.83,264.12,265.28,266.55,265.73,260.55,259.67,252.86,248.62,239.42,231.82,227.85,220.97,215.80,207.97,201.56,196.29,189.55,184.33,177.49,169.92,165.95,159.77,149.48,141.79,134.63,123.33,116.66,105.65,94.87
148.01,163.62,174.00,184.33,193.02,200.23,206.19,215.08,215.64,221.29,223.49,225.57,228.11,229.19,229.54,232.24,236.86,238.42,244.01,243.82,246.98,253.31,259.42,261.82,263.80,264.49,266.17,258.70,255.97,251.73,247.00,238.03,228.02,226.42,218.01,213.10,205.85,198.43,194.12,188.92,182.89,176.88,168.68,163.78,157.44,148.27,140.94,131.61,123.58,114.48,104.69,93.61
142.27,158.03,169.01,179.11,189.06,198.44,200.82,209.75,211.15,214.84,221.39,223.04,225.94,226.37,227.11,230.69,233.81,237.43,241.07,243.00,247.26,253.34,256.78,260.95,262.55,265.56,264.60,259.77,260.35,249.20,249.24,239.43,231.31,225.16,219.28,213.74,207.17,203.48,197.22,187.67,184.61,178.52,170.50,165.30,158.76,149.21,140.89,134.73,124.33,114.48,106.74,95.78
147.87,162.48,173.18,182.46,193.35,201.82,206.18,212.51,214.54,219.01,223.77,225.58,227.65,227.64,229.40,234.20,237.02,238.48,242.66,243.71,248.58,255.33,258.30,260.92,263.01,263.27,262.73,259.47,257.26,251.51,247.03,237.70,230.33,225.52,219.20,214.18,206.40,201.30,195.90,188.47,182.46,177.10,168.88,163.49,156.82,149.20,140.25,131.47,122.92,114.13,107.23,95.72
144.84,160.08,168.76,179.52,187.72,197.27,203.10,207.64,211.48,215.37,217.25,221.14,223.23,223.61,225.42,227.17,231.39,235.78,237.99,238.42,244.18,247.63,253.03,253.33,255.83,260.50,259.12,253.78,251.25,248.82,241.09,231.49,226.31,221.65,214.19,207.76,201.53,196.01,190.39,184.33,179.84,170.14,164.58,159.66,154.26,146.51,138.60,126.81,121.74,113.02,103.08,92.65
141.17,155.76,165.60,174.50,186.00,193.04,199.72,202.99,208.47,209.46,212.31,217.31,218.49,218.69,218.84,223.18,227.06,229.68,233.00,233.35,236.58,243.24,247.81,251.61,251.43,253.48,252.64,247.17,246.42,240.69,235.23,226.81,217.97,216.16,207.17,202.42,195.48,190.24,185.65,179.45,172.59,168.11,161.06,155.50,149.41,141.40,132.31,125.16,115.43,108.16,99.05,89.50
146.87,162.19,172.41,183.85,191.54,199.88,205.00,213.41,216.67,220.79,222.50,226.50,229.59,226.83,227.72,232.04,237.70,242.92,243.53,245.62,246.60,253.27,257.61,261.46,263.01,268.73,268.02,259.37,255.70,253.29,244.50,237.86,227.90,227.77,221.44,214.02,206.40,200.41,195.35,191.97,186.27,174.35,170.63,163.68,158.49,147.96,140.09,130.03,125.25,116.28,103.16,93.21
149.21,164.45,173.63,185.19,193.49,202.83,210.30,214.85,216.09,222.32,226.21,229.16,230.53,231.47,233.44,236.89,238.84,242.26,245.90,248.27,253.02,257.26,260.50,264.19,266.91,267.71,267.09,262.64,262.62,253.05,249.82,241.65,231.04,224.96,220.54,215.46,208.22,203.03,198.80,189.90,184.89,178.07,169.78,165.92,158.55,149.91,142.01,133.93,125.36,116.21,105.62,96.01
147.36,164.12,172.61,183.73,192.01,200.26,205.06,213.88,215.06,219.46,222.04,226.23,228.00,229.18,229.26,234.69,236.78,239.24,241.10,244.75,250.33,253.60,258.77,261.84,263.59,264.09,264.88,259.85,259.62,251.21,248.04,239.44,229.75,223.49,218.00,211.55,205.16,199.58,195.53,188.37,182.63,175.56,168.75,162.86,156.54,147.09,140.06,131.83,123.76,114.14,104.56,95.19
146.15,162.36,171.06,181.84,192.28,200.84,206.63,211.07,213.06,218.98,223.67,226.04,228.97,229.89,231.29,233.69,235.05,238.41,242.29,245.31,247.50,254.63,258.21,263.40,263.37,263.34,263.71,258.70,257.53,250.48,246.74,238.65,231.04,224.95,217.25,211.95,206.40,200.17,194.25,187.60,181.04,178.62,168.01,162.61,157.58,147.12,139.78,131.23,121.83,112.26,105.22,92.07
146.41,161.64,171.19,180.89,190.63,198.86,204.96,209.57,210.01,216.70,222.27,223.59,227.18,226.64,228.45,232.59,235.54,236.89,240.51,242.53,245.35,252.10,256.81,261.01,261.77,263.43,261.85,257.00,254.80,249.10,243.29,237.12,228.04,222.28,215.54,211.29,204.16,198.03,192.21,186.32,180.31,174.50,167.69,162.79,155.33,146.97,139.56,129.73,119.97,112.45,104.62,92.78
153.05,171.13,181.34,192.35,202.60,208.89,215.93,223.50,226.32,233.36,234.36,239.53,241.57,240.87,242.99,247.63,250.80,257.16,258.99,259.33,259.94,268.64,272.66,273.99,276.21,282.06,281.51,273.12,271.12,266.85,260.29,249.58,240.05,241.30,232.88,225.43,218.06,208.83,203.67,200.20,194.65,182.52,178.27,173.01,164.28,154.73,146.34,138.71,130.80,120.22,108.47,98.31
142.90,159.20,167.26,181.02,189.31,200.81,205.83,209.03,214.56,217.08,220.07,223.04,224.64,226.15,229.40,232.24,233.77,237.36,241.13,241.63,245.76,250.46,255.00,260.31,261.32,262.13,262.19,256.75,256.85,249.85,247.00,235.36,227.16,222.93,215.71,209.77,203.91,198.46,191.32,186.08,181.29,173.42,166.51,159.62,154.03,145.96,138.31,129.00,120.44,111.65,105.17,92.09
145.09,161.28,172.70,181.73,191.32,197.59,204.27,211.14,212.92,219.66,220.34,226.02,226.36,226.37,226.53,231.37,233.09,238.52,243.15,242.59,245.54,250.07,256.46,261.77,259.00,265.28,264.94,253.67,255.16,251.47,242.87,236.08,226.15,225.00,218.51,209.68,203.92,196.13,190.10,186.68,182.50,171.29,167.82,161.90,155.32,144.81,136.50,128.39,123.11,114.00,100.90,90.27
142.01,158.37,166.02,175.51,186.47,195.36,199.27,204.64,208.75,211.82,215.26,217.75,219.11,220.49,222.04,226.12,229.71,232.42,234.79,237.43,240.55,246.13,250.71,252.06,255.70,256.42,258.09,253.73,249.09,244.76,238.88,231.25,222.95,218.33,211.52,207.28,198.44,193.66,189.04,182.01,175.86,170.88,162.61,156.63,151.82,143.56,135.92,127.02,118.15,110.00,101.40,89.49
145.09,162.75,171.30,181.33,190.07,200.45,204.55,210.30,211.00,217.96,220.51,222.73,224.29,226.81,227.37,233.38,235.55,238.92,240.84,242.84,246.64,253.21,256.29,259.38,261.93,261.59,262.52,258.77,257.12,249.48,245.60,236.08,227.67,223.44,216.09,210.01,204.00,197.67,192.42,184.39,178.87,173.36,164.77,158.69,152.76,144.92,137.44,127.58,119.01,111.83,101.24,90.43
152.82,169.50,178.54,189.91,200.60,207.52,213.72,220.22,221.69,227.26,231.70,233.91,236.52,238.88,238.00,242.74,246.11,249.24,254.15,254.47,257.73,265.34,268.26,273.27,274.13,276.70,275.28,271.90,268.37,263.49,256.73,247.41,240.25,234.79,226.21,221.40,213.22,209.38,201.76,196.03,188.79,182.62,173.97,170.08,161.97,152.32,144.52,135.96,126.92,116.85,109.11,96.88
146.35,160.65,170.84,181.18,193.02,198.65,204.60,212.48,214.73,218.52,224.61,227.38,228.64,231.04,233.64,236.24,239.94,243.26,245.74,247.49,253.84,259.08,264.55,268.15,270.15,272.88,271.83,267.33,265.10,259.08,254.33,248.29,236.91,231.60,226.49,221.35,213.94,208.20,200.87,195.74,188.48,182.70,173.90,168.57,162.19,153.44,145.42,137.62,125.60,117.69,109.42,98.23
145.07,160.33,170.48,179.95,189.65,196.64,204.79,209.40,210.74,213.95,218.52,221.55,223.60,223.78,225.74,228.00,230.89,232.70,237.36,239.01,243.59,247.41,251.40,254.47,255.98,257.20,258.38,252.93,251.10,242.23,240.75,231.19,221.47,216.01,210.95,204.46,198.43,194.18,186.23,179.36,174.04,167.92,159.18,154.55,147.57,138.23,132.82,123.46,117.21,108.23,98.48,89.02
138.01,152.53,162.86,171.64,178.31,186.68,191.86,199.67,200.86,205.10,206.00,211.54,212.15,210.79,212.08,215.87,220.00,224.02,227.32,225.42,231.16,236.54,240.16,243.40,242.62,247.59,247.61,237.20,237.89,233.31,228.54,218.08,212.27,209.40,202.43,195.88,187.97,182.47,175.10,172.70,167.62,157.49,153.94,149.22,142.84,132.50,125.16,116.39,111.00,103.86,90.48,83.19
141.16,156.46,166.71,175.89,185.53,192.42,197.85,203.39,203.38,209.95,213.58,215.75,217.18,218.49,218.83,222.52,226.17,229.47,229.96,233.38,236.64,239.74,245.86,248.00,248.09,250.33,250.16,246.40,245.81,239.35,235.36,225.47,216.90,211.46,206.81,200.56,192.75,186.53,180.57,174.98,170.00,163.05,155.47,152.04,143.28,136.56,130.10,120.21,112.61,104.74,94.64,86.35
143.39,158.40,166.71,177.56,189.17,194.64,201.06,207.78,206.53,212.42,217.12,218.98,220.24,220.38,223.04,226.15,228.71,229.93,235.55,236.09,241.30,247.24,249.82,252.04,254.24,256.02,255.89,250.46,249.33,243.94,237.84,228.43,222.10,217.26,212.00,205.01,198.04,191.93,185.22,178.73,173.48,169.06,159.08,154.38,147.09,138.09,131.93,123.23,114.14,106.04,98.35,88.87
137.99,154.55,164.73,174.01,182.15,191.37,197.23,203.97,207.09,211.93,214.31,219.15,220.20,221.21,223.57,227.50,230.93,237.93,242.50,239.71,246.59,252.07,255.63,262.10,261.51,267.43,266.25,261.84,260.03,256.32,250.80,243.02,231.62,230.22,223.57,218.52,209.88,204.07,198.60,194.81,189.13,178.60,174.04,168.80,162.15,150.07,141.76,132.37,127.03,117.99,106.12,94.94
143.69,160.85,171.03,180.51,190.37,197.29,203.67,212.46,213.70,220.00,221.79,226.29,227.38,229.06,230.15,235.05,236.76,241.63,248.07,247.46,251.33,257.74,263.40,267.11,268.40,271.03,272.33,266.51,265.93,260.10,252.84,246.71,236.23,233.62,227.61,222.62,213.60,207.12,201.12,197.31,190.07,182.22,176.92,170.66,163.53,154.03,144.51,136.53,128.81,119.23,107.52,96.33
151.16,167.06,176.01,186.13,197.69,205.68,211.01,219.24,220.68,225.89,227.88,233.35,232.33,234.77,234.88,239.27,243.02,246.71,251.10,252.66,255.84,262.45,267.62,270.27,272.35,277.37,274.41,269.46,269.28,262.92,258.19,249.61,238.92,235.44,226.45,222.45,212.78,207.71,201.96,195.06,189.18,182.41,175.14,170.06,162.73,150.62,143.41,136.17,126.57,116.61,107.15,96.34
