122.05,135.15,141.51,151.21,155.62,163.88,168.51,176.03,179.01,186.72,189.08,197.25,201.65,203.30,208.37,215.00,219.24,226.15,232.01,233.21,240.05,249.16,254.17,259.31,258.52,265.38,269.60,263.83,262.10,256.67,250.89,243.59,233.31,232.21,221.33,212.57,201.56,192.15,184.38,178.63,169.07,156.67,148.93,136.18,128.46,111.83,102.20,94.15,87.82,80.75,72.09,65.19
121.20,135.10,138.20,147.96,153.73,162.12,165.42,172.63,176.82,183.00,188.30,193.74,197.80,201.32,206.89,211.25,215.70,221.65,227.20,233.45,238.30,244.60,250.14,254.15,257.44,258.65,261.02,258.91,258.18,251.92,246.59,242.86,231.53,225.66,216.89,208.17,198.93,193.13,184.62,174.94,165.30,152.80,144.85,133.36,126.14,111.36,102.73,95.21,86.16,78.64,71.85,63.98
122.38,136.00,138.92,147.87,157.70,163.22,166.64,173.22,176.00,182.01,190.00,193.91,197.99,202.48,206.31,211.62,217.06,222.27,226.83,231.95,235.51,245.35,249.19,253.57,257.19,262.49,263.21,260.22,258.80,252.00,244.95,241.07,229.90,225.50,217.79,209.68,200.00,194.55,185.01,173.98,165.11,156.01,146.00,135.69,125.87,110.77,102.79,94.15,86.27,79.92,71.84,64.03
121.12,133.06,141.21,148.52,156.27,161.90,167.04,175.15,178.04,184.71,188.73,195.06,200.88,202.41,205.78,211.06,217.70,223.95,230.67,230.49,236.33,244.75,252.21,256.16,256.54,263.10,264.01,259.11,256.94,252.93,247.89,241.10,229.31,227.48,219.10,209.62,199.46,191.09,181.99,177.41,167.17,156.54,145.87,134.71,127.14,107.91,102.40,93.41,86.45,78.64,71.28,62.63
122.20,135.48,139.74,148.85,156.58,164.54,167.43,175.33,179.33,184.56,189.17,194.54,200.00,203.84,207.52,213.56,218.32,225.68,230.05,232.23,238.85,247.42,252.81,258.31,258.80,263.69,266.02,262.39,261.22,253.57,249.09,245.05,232.49,225.28,221.46,212.47,200.77,193.34,182.78,176.18,167.60,155.79,145.73,135.69,126.91,111.95,101.83,94.02,86.65,78.06,71.84,65.46
123.42,137.31,139.72,150.40,157.47,166.60,168.66,176.03,179.48,184.71,191.66,194.14,200.20,206.24,209.66,214.85,219.89,225.51,228.18,234.55,239.44,248.24,252.21,257.73,260.91,264.20,264.38,262.37,264.02,256.43,251.29,245.01,233.53,225.97,219.13,212.51,201.36,194.00,184.74,176.05,167.63,156.73,146.49,136.62,126.63,111.83,104.40,95.34,85.91,78.77,71.45,65.31
126.44,140.43,147.35,155.43,161.40,172.28,174.45,179.64,185.61,195.88,198.13,204.22,210.92,211.26,214.28,222.73,229.01,234.34,241.54,242.71,248.17,257.70,265.73,267.53,270.42,276.10,277.68,271.63,269.36,267.44,259.12,254.28,240.74,239.56,232.42,220.42,210.11,202.57,189.93,185.97,177.28,161.28,154.77,141.88,134.16,116.10,106.04,98.18,92.03,84.50,74.43,66.91
117.55,133.81,140.42,150.62,159.30,169.43,169.85,175.64,183.09,186.01,192.84,194.49,200.38,205.25,210.01,214.41,218.94,224.56,228.01,232.82,239.14,245.60,251.40,258.06,259.79,262.43,265.95,262.39,260.53,254.02,247.54,244.97,233.63,226.18,217.19,210.11,201.00,193.87,184.44,174.73,166.09,157.54,145.84,135.21,126.85,111.07,103.58,95.29,87.05,79.06,72.45,65.38
113.99,129.07,134.62,141.20,149.01,154.32,162.00,169.46,170.18,176.62,180.88,186.12,189.87,196.03,196.70,202.61,211.95,215.86,218.91,223.96,231.19,236.32,241.99,247.16,250.00,252.07,254.17,251.05,250.32,246.21,238.81,234.72,222.77,217.08,212.29,203.03,192.92,186.17,175.11,169.45,157.70,147.14,138.10,131.55,120.54,106.02,98.08,90.09,78.34,71.85,69.03,61.68
117.72,129.32,137.44,144.68,150.63,158.03,160.59,171.21,171.66,180.50,182.28,189.28,194.24,195.47,197.73,206.52,211.08,218.08,223.30,224.36,231.39,237.47,244.59,248.89,248.85,255.65,257.75,252.03,252.88,249.27,239.53,234.55,223.54,221.65,212.88,205.36,193.58,185.95,176.14,171.70,162.39,146.81,141.15,131.10,122.44,105.85,96.63,89.63,83.19,76.38,67.12,62.80
124.15,135.98,141.35,150.10,158.38,165.37,169.59,176.82,179.23,185.56,191.27,197.95,202.27,205.00,210.20,213.93,220.02,225.83,233.45,234.89,242.16,247.52,255.05,258.57,260.35,266.25,267.78,262.48,262.39,257.26,249.63,246.27,233.83,230.01,221.92,213.89,203.04,194.43,184.68,178.40,169.50,155.68,146.75,136.82,128.16,112.01,103.47,95.27,87.66,78.11,72.01,65.52
117.95,130.25,134.79,144.37,151.08,158.75,162.53,170.56,172.53,180.07,183.00,190.39,194.49,197.65,200.19,206.50,214.24,218.92,224.24,226.90,231.63,239.73,245.33,248.58,250.46,257.77,259.62,254.06,254.03,248.41,241.30,235.51,225.73,220.68,212.47,204.36,194.04,187.01,178.44,171.82,162.27,150.79,142.77,131.02,122.00,107.81,99.62,89.69,83.73,76.66,66.71,59.67
125.10,137.32,144.09,154.15,160.11,168.18,172.68,180.97,186.08,191.60,193.75,201.25,207.95,209.31,213.10,218.05,224.50,233.50,237.03,239.27,246.17,254.20,261.62,265.38,265.48,272.86,275.14,268.65,268.60,266.05,259.33,252.00,239.94,237.54,228.84,220.48,209.77,199.42,189.24,185.72,174.52,160.58,154.18,142.89,133.36,116.47,107.56,98.49,91.41,83.55,73.06,66.84
116.71,129.10,131.47,141.66,149.91,157.10,160.65,169.07,172.35,178.24,183.36,186.47,192.42,195.75,199.97,205.06,210.44,216.90,219.86,224.85,229.34,235.85,242.22,248.10,248.77,252.06,254.88,251.46,251.77,243.68,238.72,233.01,221.21,216.78,209.38,202.41,193.65,184.89,176.64,168.96,160.35,148.12,139.60,130.10,122.12,106.57,97.51,91.39,82.15,75.66,68.26,60.08
115.52,132.44,134.20,142.89,148.49,156.92,161.55,171.51,172.26,179.07,182.00,187.77,193.33,195.88,198.86,205.29,212.20,217.75,222.19,224.66,231.05,238.21,242.87,247.50,248.50,254.96,257.33,251.08,249.66,246.62,238.92,233.01,220.72,220.00,212.44,202.41,191.44,183.73,174.50,170.42,162.56,147.11,141.41,130.19,122.49,105.95,96.02,87.93,84.31,76.40,68.95,60.07
122.59,135.82,142.02,151.18,159.14,165.92,170.00,178.60,180.28,189.99,193.87,199.42,205.73,208.85,212.05,218.21,224.51,229.97,235.33,237.95,245.73,250.53,256.85,261.02,264.12,269.30,270.70,264.68,265.83,258.68,251.38,247.24,235.14,229.48,223.75,214.35,203.84,196.82,186.10,181.11,170.99,156.11,150.33,137.64,128.71,110.63,102.96,92.63,87.32,80.81,70.46,64.40
111.89,121.04,125.87,135.06,143.62,150.00,154.20,161.70,164.40,170.91,178.36,181.01,184.95,191.64,193.15,198.64,203.87,207.91,211.99,216.67,222.10,228.78,236.68,239.60,240.16,241.57,243.61,242.85,239.18,234.24,227.88,225.01,212.31,206.94,201.32,194.09,185.15,178.10,168.96,161.04,150.62,142.89,132.19,122.02,113.76,101.83,93.65,86.13,78.03,71.78,65.22,58.60
116.52,130.78,134.54,144.63,151.21,159.31,161.64,171.83,174.43,181.84,185.17,190.13,195.36,199.48,204.69,209.31,212.58,220.51,223.76,227.71,234.80,239.78,247.52,250.01,253.27,256.26,258.16,254.09,254.17,246.07,243.26,237.47,226.60,219.42,213.72,205.62,195.44,188.31,178.90,169.10,162.26,150.16,141.01,129.77,123.69,107.42,100.13,89.36,83.01,75.80,67.80,61.35
116.76,128.76,135.57,142.27,150.44,157.88,164.44,171.59,173.28,179.12,184.05,190.29,193.04,198.11,201.20,206.81,214.28,218.77,226.29,224.44,231.37,238.14,244.09,250.68,252.35,254.68,257.80,253.55,251.23,246.01,238.43,233.50,222.55,220.95,212.46,205.02,193.40,186.63,177.80,170.84,159.71,150.14,139.00,129.84,121.64,107.00,98.09,89.44,83.38,75.61,67.42,59.67
97.05,106.22,110.68,122.00,127.02,133.20,136.88,145.80,145.36,156.52,157.05,161.45,168.43,171.19,174.04,178.04,185.61,189.11,191.39,196.31,200.77,204.17,212.25,215.87,216.45,218.96,218.74,217.86,218.25,211.40,206.12,201.85,191.69,186.04,180.71,173.22,165.42,159.18,151.79,144.10,136.31,128.10,118.85,110.07,102.20,90.92,83.82,76.16,69.87,64.62,56.61,52.63
116.47,130.39,135.86,144.62,150.34,158.24,163.52,171.82,177.00,181.89,186.45,191.23,196.33,200.12,202.92,207.28,214.02,218.52,224.18,229.99,233.52,238.08,244.97,249.33,252.46,254.53,258.03,253.57,251.43,246.22,240.19,235.59,225.49,219.67,210.24,202.87,192.38,185.28,178.04,168.01,159.77,149.45,141.00,130.65,121.76,107.42,97.74,90.43,82.30,74.95,67.54,61.29
82.86,92.23,100.00,104.40,113.76,118.83,122.71,130.48,131.67,135.20,142.06,142.24,147.05,147.60,151.03,153.38,151.83,155.08,153.52,156.00,148.05,142.86,141.66,140.09,140.63,135.01,133.41,127.88,127.20,119.00,119.10,116.07,109.81,106.53,101.39,95.67,98.09,92.09,89.00,83.82,80.28,78.64,71.06,67.54,63.03,60.21,58.52,54.45,49.41,45.62,45.28,42.20
119.62,132.31,139.71,148.10,154.78,162.11,166.36,175.03,177.88,184.36,189.50,195.36,200.28,202.09,204.16,212.61,218.40,223.18,228.99,230.27,236.72,241.94,250.70,254.61,253.55,259.92,261.97,255.19,255.27,249.02,242.62,236.54,224.70,221.46,215.00,206.02,194.18,186.78,176.17,172.24,161.44,148.92,141.79,133.09,123.02,106.79,98.84,89.50,82.15,75.61,67.20,60.46
99.20,109.22,114.63,122.58,129.65,137.28,140.06,147.15,151.32,157.44,161.91,166.43,172.46,174.00,176.23,182.57,187.80,191.32,196.92,196.35,201.52,208.66,214.67,215.78,217.01,222.44,223.65,216.75,217.85,212.85,205.18,200.20,190.77,188.35,182.50,174.98,165.22,157.81,147.72,144.80,137.93,125.40,120.33,111.11,103.59,89.64,82.20,74.46,69.58,64.78,55.95,50.33
113.64,124.66,129.54,139.18,147.26,154.94,159.97,167.20,170.18,177.10,181.42,186.04,191.42,197.49,200.88,203.73,209.77,215.13,220.48,225.22,232.12,236.01,241.58,246.71,249.82,251.56,252.05,252.30,249.78,243.07,238.08,232.02,219.49,214.24,208.83,199.90,190.60,183.86,175.00,164.68,158.78,149.16,137.61,128.44,119.44,106.48,98.49,89.14,81.30,74.33,67.07,59.91
108.04,122.26,128.28,137.24,143.39,152.35,155.01,163.23,168.67,173.37,179.01,182.56,188.86,191.05,193.29,198.60,206.63,209.69,216.60,217.47,223.00,228.71,235.14,237.88,240.09,245.00,244.01,239.41,238.30,234.65,227.98,223.56,211.09,207.16,201.36,192.76,182.50,173.91,166.29,161.47,150.88,141.01,133.06,124.95,116.36,101.24,93.54,85.73,80.06,72.57,64.40,57.49
109.90,121.08,129.02,137.44,145.41,152.97,157.32,165.06,170.24,174.41,179.23,185.33,190.70,192.09,197.52,198.88,207.52,212.93,215.10,219.18,223.38,230.18,235.92,239.10,241.54,245.60,245.75,241.60,242.01,235.14,228.69,223.57,211.78,209.78,201.06,194.16,183.71,176.23,167.84,162.05,152.30,142.90,135.37,125.16,117.89,101.41,93.11,86.02,80.06,73.82,65.00,58.01
108.63,119.02,125.92,133.00,141.35,146.81,150.27,160.55,164.98,170.02,173.07,180.28,185.61,187.61,190.12,195.73,201.04,209.20,211.12,213.59,218.68,224.32,231.25,235.24,234.52,240.19,238.76,233.80,232.56,228.97,222.16,216.95,204.36,203.04,196.02,188.15,176.53,168.19,160.80,156.78,147.79,135.59,128.46,119.27,111.33,97.19,90.08,82.61,75.50,68.96,62.24,55.95
102.58,115.88,117.95,127.04,134.48,142.00,145.21,154.32,156.89,161.90,167.48,170.85,175.57,179.71,183.99,188.48,192.85,194.92,201.72,203.97,210.54,215.11,220.10,222.85,226.00,227.55,226.43,223.54,222.19,216.94,210.77,207.00,194.26,189.64,184.76,176.82,169.30,161.01,153.87,146.75,138.45,128.75,121.33,113.60,105.12,94.05,85.70,78.23,71.81,65.37,59.46,54.13
107.07,118.90,126.61,134.53,142.34,147.00,154.12,161.28,166.09,172.96,176.01,181.25,186.05,189.13,193.40,195.89,204.25,209.01,213.24,214.28,221.77,226.35,231.90,234.10,235.34,238.20,238.95,235.24,234.78,229.00,220.97,215.14,205.60,201.85,196.33,187.32,177.78,169.45,161.25,156.71,147.38,137.36,129.55,120.15,112.80,96.61,90.43,81.30,77.16,70.80,61.40,56.30
107.84,118.80,125.22,132.83,140.58,146.32,154.93,159.70,163.77,171.57,174.91,180.60,184.78,187.52,189.23,194.94,201.06,207.93,212.53,212.20,218.32,222.33,230.10,232.86,233.81,235.36,237.86,231.74,230.71,226.02,220.84,214.95,204.04,200.57,193.68,184.33,176.40,168.80,158.37,155.59,145.77,136.01,127.25,119.52,112.16,96.94,89.47,81.49,78.01,70.34,62.43,57.49
104.92,116.85,120.24,129.77,137.77,144.03,149.16,154.30,160.31,166.88,169.54,174.83,180.01,181.60,187.38,191.60,196.66,203.03,205.23,206.42,211.60,218.00,224.51,226.81,225.08,230.55,229.86,226.08,224.74,218.89,212.85,208.58,195.94,194.54,186.08,180.80,170.51,162.82,154.20,150.81,141.83,131.32,124.04,115.16,107.45,95.00,87.86,80.62,74.46,67.03,60.21,54.13
107.62,120.42,120.30,131.21,140.43,148.66,151.33,159.40,161.48,169.80,175.35,178.91,184.20,187.84,190.80,194.49,201.94,205.73,210.44,212.36,216.61,223.08,229.98,230.85,233.31,235.13,234.18,233.14,232.94,225.50,217.88,211.01,202.79,195.92,192.63,183.17,174.80,166.38,158.42,152.61,144.42,137.20,125.36,117.71,109.00,97.69,91.26,82.04,74.09,69.29,61.40,56.72
103.71,119.57,123.45,132.02,141.32,149.68,155.91,165.19,167.30,173.67,179.01,182.36,185.43,191.91,196.09,198.44,204.61,208.41,212.98,216.19,221.58,226.29,233.42,235.05,238.35,239.65,240.21,235.20,233.62,228.97,222.64,216.54,205.88,200.39,193.20,187.52,177.09,170.88,160.86,154.30,147.09,138.29,128.41,121.20,111.40,99.82,92.44,84.86,78.41,70.21,63.60,58.14
112.45,124.89,129.39,138.00,147.34,155.22,160.15,168.19,173.10,177.63,183.86,188.31,193.40,199.09,202.07,206.65,212.60,217.41,219.69,223.09,229.40,233.12,241.50,244.71,245.49,247.49,247.33,244.04,242.56,236.17,229.58,224.98,212.25,205.88,201.32,193.66,183.36,176.03,167.37,158.78,152.40,144.27,133.54,124.90,116.97,104.86,97.45,89.96,80.89,74.67,67.12,62.24
106.78,119.00,123.17,131.80,138.52,146.89,151.03,159.54,163.42,169.58,175.51,178.40,184.56,186.99,190.10,196.01,200.72,206.23,209.25,211.02,216.79,221.05,230.03,230.71,232.17,234.89,235.69,230.67,227.18,222.40,217.19,210.64,200.88,198.22,191.17,182.20,173.85,168.11,159.45,152.53,145.07,136.09,128.10,119.92,112.61,99.28,92.57,84.15,78.77,71.85,64.66,58.31
108.78,119.02,126.83,135.67,142.90,150.08,155.71,162.86,167.91,173.95,177.79,184.11,188.10,190.59,195.33,199.46,206.31,209.47,216.60,213.80,221.10,224.72,232.65,233.95,236.48,239.30,239.01,234.80,232.74,229.48,220.98,214.80,203.50,202.06,196.90,186.46,177.79,169.71,160.38,156.60,148.64,138.36,131.24,122.19,114.02,100.72,94.37,86.09,81.91,74.09,67.27,60.83
107.54,118.44,126.25,134.48,142.01,149.65,154.77,164.03,168.34,175.33,177.01,184.09,188.45,191.01,193.83,200.26,204.64,212.79,216.01,215.74,220.27,227.85,233.00,236.16,236.73,240.47,241.67,235.05,234.95,227.70,220.53,214.76,204.08,201.65,195.94,187.72,176.05,169.69,161.31,157.92,149.66,136.62,132.59,122.67,114.20,101.39,94.05,84.93,82.76,75.43,66.40,58.52
120.93,132.67,138.36,148.95,155.33,163.69,171.05,177.25,180.80,188.22,194.18,198.07,202.94,207.27,211.62,216.19,221.02,226.21,231.28,233.31,238.30,244.44,249.21,252.99,257.03,258.12,259.06,256.12,254.21,248.68,241.23,234.75,225.06,218.55,210.12,205.12,193.85,187.66,175.84,171.14,162.08,153.06,142.76,133.96,126.57,114.13,105.12,99.00,89.50,83.19,75.17,66.85
105.57,116.39,123.85,133.60,139.64,145.99,151.64,159.67,163.75,170.19,173.30,181.39,185.61,188.79,190.87,197.57,200.61,207.51,211.95,211.09,215.46,220.43,228.02,231.41,230.36,236.56,235.05,228.86,227.85,222.73,216.17,210.09,199.72,198.85,191.86,182.01,172.42,165.70,157.81,153.81,145.79,132.38,128.76,118.33,113.00,100.85,92.44,84.72,81.49,75.01,65.80,61.20
118.15,130.27,138.31,147.60,154.18,160.56,167.04,176.78,181.82,187.20,192.57,199.11,204.07,205.91,208.83,214.74,220.64,226.74,230.43,231.17,238.32,243.37,251.53,253.28,251.44,258.09,259.02,253.66,251.31,246.83,239.01,230.53,221.37,218.28,212.12,202.20,191.05,185.98,174.42,169.54,161.25,149.40,142.71,133.21,126.48,112.22,105.02,95.38,89.83,84.53,74.81,66.29
88.20,102.62,108.56,125.57,137.06,149.77,152.75,157.54,159.67,167.03,174.18,180.48,185.57,187.64,191.67,195.87,203.08,205.32,211.43,211.07,214.71,220.45,227.07,229.47,231.62,233.65,234.31,230.03,227.50,222.87,216.82,209.54,198.60,197.02,191.51,182.83,173.42,169.71,158.64,154.04,147.23,135.62,129.03,121.26,113.85,103.12,96.42,89.27,84.53,78.75,70.72,63.60
89.83,102.73,109.04,127.48,137.23,151.24,154.02,158.90,162.59,169.19,176.37,180.70,185.41,191.03,193.71,198.37,202.71,205.53,210.30,215.45,219.02,223.79,229.96,233.11,234.44,236.02,236.88,233.31,231.19,225.89,219.18,214.67,205.00,198.98,193.00,184.69,177.02,171.75,162.26,154.05,147.19,138.22,131.47,123.97,115.04,105.10,97.84,90.44,84.43,78.31,71.39,65.30
110.54,123.17,128.76,137.79,144.81,151.03,156.67,167.07,169.32,177.54,182.61,188.52,192.13,196.09,199.22,203.48,209.80,214.67,219.80,220.17,224.37,231.23,238.00,238.67,239.00,244.44,245.00,238.45,236.73,232.48,224.44,220.41,209.34,206.65,199.48,189.56,181.00,174.93,165.80,161.45,154.81,144.05,136.08,128.39,120.70,108.81,100.34,94.85,88.75,83.82,74.17,67.47
109.33,120.22,127.53,137.54,142.87,152.09,156.16,164.56,169.07,175.55,178.75,186.30,191.32,192.63,195.16,201.43,204.46,210.84,214.52,216.02,220.74,227.41,232.11,234.96,238.25,242.00,242.25,235.76,235.92,230.67,225.08,217.89,207.55,204.14,197.09,189.65,178.73,173.40,166.19,160.23,153.39,143.39,136.49,128.81,121.74,109.17,102.42,94.34,89.63,83.55,75.59,67.91
109.93,124.04,129.40,135.83,147.27,153.39,159.14,168.19,171.19,180.07,185.15,188.77,193.20,195.92,200.06,203.83,209.88,215.20,218.22,218.63,226.34,230.85,236.40,241.17,241.45,246.87,246.45,243.46,240.86,237.22,232.14,225.80,215.33,209.09,202.00,196.23,186.07,179.30,171.97,165.50,156.72,148.79,141.95,132.80,125.60,115.41,109.90,103.08,95.67,87.98,80.60,72.84
112.27,123.07,130.97,138.41,146.73,153.08,158.15,168.61,173.66,180.01,184.02,190.28,194.37,198.04,201.65,206.48,213.38,215.35,221.73,220.66,225.26,233.35,240.22,241.70,241.87,247.17,246.97,244.00,242.69,238.08,229.53,224.50,212.49,208.80,204.98,195.36,185.28,177.41,168.96,166.09,157.14,145.34,141.74,132.37,124.58,114.83,106.30,100.62,95.71,88.57,78.92,72.25
112.77,126.12,127.88,139.20,147.12,155.21,159.54,169.50,172.53,179.11,184.29,189.02,196.40,198.18,203.20,207.48,212.08,219.21,222.19,224.02,227.98,235.42,243.25,243.52,246.22,250.71,252.68,246.02,245.90,238.53,233.69,224.66,216.00,212.06,204.40,199.01,188.96,179.81,172.65,167.74,159.79,150.30,143.14,133.54,129.87,117.48,112.45,104.85,97.42,91.09,83.43,75.29
115.73,129.85,136.74,146.99,151.75,160.12,163.34,174.80,176.78,185.61,186.87,195.00,199.12,203.30,206.19,211.63,217.28,222.97,227.13,229.24,234.31,240.29,247.01,249.58,251.64,256.35,258.64,252.25,252.05,247.03,239.92,235.03,222.80,219.74,211.73,205.20,193.60,187.39,179.71,172.63,166.39,153.52,148.86,139.72,134.09,121.83,115.21,107.21,102.04,93.41,85.70,77.37
98.43,110.04,115.12,124.81,138.24,144.05,149.03,154.38,156.54,163.22,169.09,172.00,175.45,179.57,183.47,186.78,192.51,196.02,200.59,202.87,205.97,210.52,216.81,220.17,223.18,224.11,225.28,223.18,222.50,217.14,211.40,208.94,197.94,191.02,185.61,180.28,170.88,167.00,159.14,151.73,145.36,138.05,129.65,123.26,118.60,109.04,103.97,96.57,90.44,84.48,77.10,70.26
109.17,119.27,127.20,134.40,141.82,149.26,153.01,163.27,166.21,174.06,176.08,182.04,188.32,192.08,194.46,201.00,205.93,212.29,214.16,216.94,222.85,228.23,234.63,238.11,238.14,244.36,244.10,238.67,239.08,233.85,228.09,223.56,211.38,206.77,199.45,194.06,183.67,177.89,169.50,166.17,157.05,146.84,141.83,133.65,127.63,117.00,110.37,103.73,97.45,91.18,82.02,75.58
106.61,119.21,124.08,133.21,139.61,147.00,152.16,160.38,164.07,171.43,175.15,181.02,187.32,190.52,194.49,199.01,202.87,208.49,214.34,213.32,220.00,226.61,235.14,237.31,235.85,242.23,242.56,237.23,235.97,231.25,226.61,220.77,210.79,206.31,200.20,191.44,183.64,176.23,167.05,164.35,156.12,147.22,140.00,133.65,127.48,116.76,111.02,103.08,98.23,90.74,82.33,74.46
106.25,119.04,124.28,134.79,141.11,148.03,151.63,160.80,163.68,171.83,175.07,182.04,186.27,190.07,193.34,197.80,203.94,210.76,214.15,215.76,220.01,227.20,231.76,237.23,238.42,243.81,244.05,239.17,236.08,233.05,229.40,222.14,211.21,209.34,202.00,194.00,184.59,177.55,170.43,165.32,159.01,148.85,142.09,134.62,126.56,117.69,111.36,104.79,100.24,92.36,84.05,75.43
101.98,112.01,117.69,127.48,132.57,139.79,142.51,149.27,156.06,161.28,164.84,170.99,173.22,177.07,181.50,187.28,191.56,196.82,198.22,202.59,208.96,213.94,219.79,224.50,225.60,230.05,231.56,229.07,227.01,223.79,216.54,211.68,203.21,199.46,192.60,185.39,177.77,169.81,163.48,159.30,152.62,143.13,134.89,129.65,123.18,114.39,107.48,101.02,95.21,89.09,81.25,72.56
129.00,137.77,137.06,154.90,159.30,172.93,176.82,182.20,184.02,194.83,201.00,207.00,208.85,212.00,215.73,221.33,225.32,227.75,233.41,239.03,245.25,252.40,257.66,262.09,263.69,268.16,270.90,268.02,266.54,260.58,255.05,250.07,236.33,232.11,225.57,216.92,209.29,199.40,192.20,184.81,174.65,166.93,158.15,148.50,143.11,129.99,124.34,116.69,110.02,99.72,94.11,85.80
124.20,139.18,141.16,154.20,159.84,166.65,174.05,187.22,188.09,197.02,198.43,205.55,208.72,210.54,214.16,218.32,224.96,231.24,234.18,237.02,244.02,250.84,258.12,262.68,261.19,269.45,272.33,267.09,263.49,261.52,253.07,247.63,235.65,233.91,226.92,216.92,205.94,199.20,188.81,187.62,176.28,163.48,158.47,149.34,142.70,130.54,122.54,115.26,110.07,102.18,93.01,83.87
97.80,108.23,114.24,121.82,126.75,132.41,137.89,143.56,146.77,155.24,157.80,164.20,168.24,170.75,173.28,179.11,181.95,187.86,191.84,194.25,199.62,203.04,211.40,212.46,214.97,220.78,222.00,216.40,216.39,212.72,205.65,201.68,193.50,189.08,184.14,177.37,167.69,161.60,155.24,152.32,145.67,134.35,129.87,121.66,118.46,106.17,102.11,94.34,90.27,84.15,75.01,70.58
98.33,108.81,115.26,123.17,129.76,133.30,137.99,145.80,147.26,155.93,159.52,163.37,168.67,171.82,172.54,179.20,183.98,189.50,194.99,194.67,201.79,204.01,211.01,213.82,216.84,221.88,222.41,218.21,217.64,213.00,209.47,203.93,194.13,191.09,186.08,176.80,168.94,163.22,155.21,152.61,145.79,136.78,130.08,123.98,117.43,109.12,101.86,95.02,90.03,83.60,76.92,70.71
116.39,126.04,135.00,143.41,150.34,158.75,162.01,171.05,176.07,183.58,183.93,191.02,195.78,199.06,202.73,208.66,212.81,221.33,223.09,224.61,232.73,238.77,245.49,250.51,253.03,256.98,258.64,255.00,254.03,249.05,240.67,237.67,226.88,221.45,218.44,207.63,198.16,191.38,184.29,178.06,170.02,160.08,153.16,146.86,137.89,127.88,119.00,111.02,107.07,99.64,91.08,82.00
115.83,128.00,131.94,142.78,152.11,159.24,164.15,170.79,173.93,182.45,186.49,189.27,194.09,198.76,204.17,208.01,212.45,217.01,222.41,224.63,232.42,237.66,245.60,249.54,253.64,255.99,257.62,256.09,252.72,250.06,243.00,237.54,226.37,221.23,213.93,209.77,199.49,191.67,184.02,176.78,168.76,161.01,151.08,144.16,137.74,127.06,120.81,113.22,106.48,96.80,90.91,83.22
98.60,110.06,114.13,121.66,127.05,133.30,137.57,143.42,146.81,153.24,157.41,163.25,168.65,169.29,172.03,176.31,181.75,185.21,190.69,193.49,197.57,203.23,208.46,211.92,212.84,219.01,220.78,215.75,216.37,211.48,208.06,201.46,192.03,189.26,183.24,175.82,169.33,161.60,154.43,149.83,144.06,134.63,128.50,121.92,117.07,105.08,99.85,94.15,90.27,83.76,75.29,70.03
116.04,127.91,136.31,142.51,149.60,156.71,159.91,167.29,171.55,179.63,182.69,189.17,195.00,196.99,199.62,204.47,211.44,215.00,220.66,219.23,225.73,232.55,240.28,243.68,245.17,253.00,255.88,246.83,249.04,245.98,236.80,232.22,223.06,222.20,212.46,206.39,195.29,186.60,177.99,174.32,167.86,154.64,148.08,138.64,133.84,120.93,113.60,106.30,102.42,94.85,86.05,78.24
125.67,139.31,146.16,155.26,163.98,170.08,174.77,184.53,186.82,194.28,199.20,204.36,206.48,209.67,214.77,220.69,224.66,230.08,237.00,240.67,246.08,252.05,260.73,266.05,268.00,273.59,275.05,275.35,272.73,267.93,263.88,256.97,248.08,240.01,233.33,225.36,216.11,208.81,199.56,192.42,185.65,173.97,165.71,156.44,148.34,137.64,129.40,121.12,113.07,104.92,97.00,88.19
123.76,134.27,142.64,151.92,156.26,166.39,170.55,178.73,181.01,190.42,192.28,199.58,202.61,206.12,208.47,213.77,220.81,226.63,232.55,233.00,240.33,248.27,254.07,258.59,261.51,269.15,270.80,264.55,266.33,262.19,254.20,249.04,239.84,238.95,231.16,221.23,209.99,202.79,194.00,191.47,182.01,168.50,162.34,155.08,146.82,134.84,125.51,117.24,111.07,104.39,94.19,84.77
122.77,135.06,141.35,150.60,155.93,163.75,167.07,177.50,179.88,188.31,189.84,196.57,200.81,204.71,207.33,214.46,218.05,226.01,229.96,231.24,239.95,246.62,253.03,257.00,259.98,268.30,271.03,264.57,266.19,260.85,257.08,251.05,243.29,235.42,229.09,222.28,211.19,204.73,194.20,188.18,181.59,168.34,163.05,154.81,146.33,134.97,126.56,118.83,110.15,104.14,93.21,85.00
117.15,127.42,133.30,139.61,148.37,158.27,164.10,171.12,173.63,178.10,184.20,189.91,193.05,195.49,199.56,205.39,212.05,215.75,221.49,223.73,230.29,237.76,245.45,247.58,253.10,257.50,260.25,256.94,258.02,255.03,249.56,244.50,234.55,231.41,224.59,215.03,206.34,199.91,190.92,186.05,177.37,167.49,158.81,148.92,140.58,129.03,121.82,114.39,107.35,99.46,91.26,81.30
105.42,116.69,122.49,129.71,135.59,139.79,144.01,150.86,155.32,160.59,165.15,171.13,174.01,176.96,178.37,186.02,191.21,194.44,200.66,199.85,209.06,214.71,221.33,224.66,227.34,232.86,236.92,233.26,231.32,231.05,223.90,220.06,211.38,209.47,204.71,196.42,186.68,181.47,172.65,169.65,162.50,150.81,144.09,134.95,131.03,116.85,109.00,102.04,96.14,89.50,80.53,72.34
115.88,127.25,131.95,140.26,146.18,154.00,156.54,164.76,166.76,174.05,179.94,183.67,187.43,192.42,197.65,201.43,204.95,211.44,217.08,218.89,227.88,233.00,238.40,245.69,247.17,253.19,255.98,254.28,253.39,248.97,246.26,241.63,231.20,227.18,219.27,213.60,205.55,197.31,189.53,181.66,174.86,164.77,156.12,147.87,141.28,128.14,119.47,111.63,101.98,95.19,87.80,77.88
124.04,136.53,143.38,150.44,158.81,164.78,169.17,178.03,179.74,187.68,192.30,197.77,200.21,205.77,208.83,215.80,221.56,224.89,233.19,234.80,242.40,252.03,258.28,263.03,264.41,272.24,275.31,272.05,272.80,268.82,262.93,258.04,248.36,245.69,240.21,231.35,220.11,213.40,202.76,198.96,190.28,175.35,169.33,160.13,151.21,137.91,126.61,119.34,112.73,101.14,93.02,83.49
130.42,143.56,149.89,157.75,165.85,173.35,176.82,185.28,188.83,195.35,200.20,206.19,211.08,213.10,216.53,222.89,228.00,234.35,241.37,244.76,249.82,257.22,267.01,270.62,273.60,281.90,284.79,278.79,280.81,276.80,271.15,266.59,257.12,253.73,247.51,239.11,227.24,220.97,211.12,205.27,196.42,183.37,176.66,166.11,156.82,142.00,132.64,122.70,113.00,105.62,95.80,85.98
80.43,88.02,96.26,100.88,107.52,111.66,120.34,126.12,129.56,135.59,138.51,139.22,144.96,142.20,147.05,148.53,147.98,152.54,151.43,152.55,152.64,154.05,160.52,160.26,164.08,166.69,169.43,164.20,167.34,166.46,159.20,157.47,156.08,157.19,151.58,144.25,142.37,137.57,132.46,126.75,125.72,114.63,109.55,102.88,97.10,87.46,84.08,76.42,73.00,64.03,61.68,53.60
109.84,120.54,125.67,134.63,138.29,145.11,147.12,156.44,160.56,166.60,170.07,178.08,180.04,183.79,186.57,190.90,196.99,204.16,205.57,207.76,215.13,218.06,225.89,232.03,231.62,238.29,243.26,238.47,238.10,235.87,231.62,227.37,220.20,218.18,214.26,203.74,197.33,187.77,181.33,178.31,169.81,157.27,151.40,142.21,134.37,119.54,111.52,104.22,97.02,89.11,76.94,70.04
110.35,122.32,127.41,135.03,139.09,146.25,148.61,155.32,161.40,165.22,169.85,176.46,179.57,182.43,185.55,189.78,197.31,201.36,205.94,207.51,213.19,216.94,225.00,227.64,227.85,236.86,240.68,234.71,237.80,232.82,227.14,221.68,216.51,215.41,210.30,203.38,194.13,188.94,180.71,176.69,168.44,156.37,150.34,139.70,131.24,118.87,109.13,101.64,94.13,87.28,76.40,67.42
117.61,128.08,133.79,142.02,147.36,153.59,159.51,164.54,167.45,174.60,182.94,189.02,192.42,194.18,198.91,204.64,207.42,213.30,215.94,218.00,226.32,231.37,236.48,240.52,243.82,247.78,252.30,250.80,252.57,246.98,242.86,239.38,230.00,231.17,223.81,218.81,209.03,202.09,194.25,188.67,180.21,168.24,160.03,150.55,142.27,126.85,116.73,109.12,101.24,91.18,82.00,73.74
99.36,108.63,110.77,118.23,125.72,131.21,133.30,138.60,142.79,145.77,152.20,154.30,157.80,162.79,166.14,168.86,172.20,176.64,178.91,180.24,186.39,187.11,191.80,194.49,197.80,200.24,201.99,201.92,203.11,198.60,195.17,191.01,186.68,182.46,179.63,174.18,166.86,162.05,156.35,150.88,141.32,135.33,126.06,119.64,111.49,98.31,91.30,84.12,76.16,68.88,62.24,55.00
116.11,127.58,132.67,141.74,145.80,152.11,155.01,160.07,164.94,169.06,174.75,179.63,183.11,186.66,191.18,194.12,197.20,202.12,206.32,208.25,212.46,217.35,221.42,225.87,228.82,232.74,234.00,234.05,234.03,231.64,226.42,226.06,218.52,215.52,210.24,207.51,199.15,191.38,185.00,178.18,171.49,158.90,152.03,141.90,132.57,116.11,106.21,97.91,90.52,81.06,72.45,64.66
116.11,127.94,134.54,140.94,148.17,152.88,157.62,162.79,166.72,170.29,177.09,181.16,186.00,188.83,191.90,197.21,198.86,204.01,207.09,208.83,213.58,217.00,222.25,225.42,226.46,234.44,234.29,236.03,236.35,232.59,229.44,226.63,220.48,219.28,212.85,207.02,199.48,194.36,185.32,182.13,172.47,162.50,152.74,143.89,134.37,117.34,108.47,98.08,88.02,78.41,69.86,62.13
125.54,138.10,141.61,149.89,153.94,157.66,160.70,166.05,171.41,177.12,183.85,186.98,188.41,192.57,195.00,198.85,201.56,206.29,208.69,212.23,214.67,217.99,223.76,226.36,230.12,234.27,236.08,235.92,237.50,233.82,231.53,230.31,223.03,220.41,215.62,208.54,202.30,195.17,190.03,183.85,175.35,166.09,157.05,148.22,137.28,122.65,110.34,100.85,91.20,80.32,70.29,62.61
122.33,134.85,136.78,144.90,148.34,152.82,157.75,162.15,165.13,173.10,177.89,182.54,185.78,188.22,190.19,195.35,198.16,200.26,205.35,207.10,210.30,212.36,218.00,220.20,224.72,228.79,233.19,231.25,231.40,228.21,223.08,222.33,218.05,215.08,210.84,204.39,196.46,192.90,185.17,178.33,171.92,161.45,152.45,142.66,134.38,118.83,106.23,97.35,88.41,78.45,69.12,60.37
110.37,121.81,125.40,131.40,138.00,143.89,145.80,150.71,152.59,154.56,162.83,164.77,168.18,171.64,172.74,176.23,180.24,182.41,186.94,187.52,190.96,195.13,198.60,202.07,206.24,207.17,211.02,210.54,210.64,211.04,206.65,202.43,197.96,195.03,192.31,187.88,179.84,176.18,170.31,164.98,155.19,148.48,140.01,131.61,122.98,107.94,98.31,89.01,79.76,70.61,63.13,56.08
121.93,133.78,137.31,147.46,150.62,158.34,160.51,166.31,169.66,175.68,178.00,184.45,186.85,188.10,192.84,197.65,200.56,205.08,210.26,210.72,216.19,223.02,228.43,231.04,234.00,240.40,244.37,241.17,242.24,239.27,235.79,231.04,227.34,225.14,219.32,213.30,205.57,196.74,191.21,184.62,179.61,165.56,160.64,150.03,141.35,122.64,111.95,101.98,91.79,83.86,73.01,64.44
112.72,125.21,128.44,137.09,142.64,148.69,149.03,155.72,158.98,164.69,168.81,174.29,176.23,179.45,184.00,188.73,194.65,198.22,201.66,205.43,212.68,217.56,223.89,228.11,231.54,238.08,243.20,238.01,239.28,236.60,232.25,226.26,220.06,218.33,212.61,205.77,197.77,190.43,183.34,179.63,171.94,160.51,153.94,144.78,135.15,119.55,108.23,98.84,91.24,79.51,70.46,62.30
116.78,128.82,132.40,140.03,144.70,150.23,154.55,157.00,161.05,166.00,171.94,174.45,179.94,183.71,185.39,189.71,196.79,200.41,207.06,209.02,214.35,219.45,227.77,232.56,238.03,242.33,245.46,244.84,242.67,240.24,233.12,231.49,222.72,219.36,212.29,206.49,196.51,191.13,184.56,177.28,169.54,158.82,152.16,142.87,132.88,117.00,108.85,97.49,90.20,80.65,68.80,59.55
121.02,133.27,135.00,143.11,149.81,152.40,158.86,160.60,163.49,167.24,172.89,176.18,180.85,186.29,190.26,193.26,197.85,201.81,209.07,211.77,218.26,225.70,232.57,239.14,242.21,246.35,249.43,249.77,247.59,245.54,238.38,234.87,223.44,222.81,215.24,208.04,200.30,192.60,184.10,177.08,169.81,162.94,151.92,141.80,134.17,118.11,109.66,100.60,89.50,80.78,71.84,63.89
109.42,118.81,124.62,129.03,132.25,139.65,140.13,143.54,144.90,148.76,150.44,155.21,159.23,162.82,166.21,169.96,174.77,180.85,184.61,186.82,194.49,198.30,206.65,211.69,214.11,221.51,224.08,218.69,219.67,217.72,210.01,202.53,199.53,196.98,190.82,182.62,174.04,168.81,159.81,158.23,151.20,140.43,134.18,127.35,120.07,106.08,93.78,86.83,80.26,73.76,64.20,55.46
108.98,120.81,122.64,130.80,134.24,138.61,141.09,143.21,143.61,150.21,152.61,156.46,160.38,164.01,167.00,170.51,176.82,183.15,188.92,188.22,196.22,202.24,208.66,215.60,216.76,224.11,226.77,222.87,222.73,219.54,213.08,207.40,202.97,198.65,192.87,186.00,176.11,170.67,164.05,161.25,153.05,141.09,137.57,129.25,121.51,106.21,98.15,89.00,82.73,74.71,66.29,57.71
118.93,134.54,141.32,154.64,165.68,177.25,184.55,197.00,202.05,210.30,215.75,222.81,226.50,228.62,228.97,235.54,238.07,243.26,246.71,245.45,246.16,247.64,248.32,247.82,246.17,249.10,240.44,230.53,227.11,219.02,210.00,202.53,188.90,185.61,178.68,171.24,161.81,155.26,151.34,146.01,140.94,133.96,130.05,124.39,119.85,113.84,109.02,107.84,99.64,92.11,86.88,79.91
111.02,127.88,135.71,148.68,156.97,168.19,177.00,189.59,196.29,202.04,209.09,214.11,219.05,221.44,223.50,228.12,230.29,232.86,238.85,240.42,241.03,242.03,242.89,241.54,240.05,242.21,232.07,224.86,220.27,213.15,203.42,197.13,188.00,180.92,173.07,167.37,160.03,153.05,148.53,141.77,137.88,132.85,127.66,124.31,118.19,114.28,108.52,103.00,99.30,95.60,84.91,77.88
108.17,120.35,132.22,143.00,154.55,164.48,171.99,185.15,192.21,199.45,207.89,213.77,218.59,221.71,225.18,228.58,231.22,233.00,238.68,239.38,239.07,241.14,243.96,243.40,240.44,243.90,232.90,227.22,220.51,212.00,204.71,198.16,186.32,178.89,171.23,166.03,158.47,153.87,149.01,143.40,138.19,134.17,129.06,126.13,120.07,115.10,109.66,105.17,101.24,96.05,87.66,80.81
106.89,119.04,127.32,139.45,148.85,161.45,168.68,182.01,188.10,194.83,201.72,209.67,215.08,216.42,222.27,221.82,226.64,230.85,236.86,233.45,234.68,237.76,239.57,237.72,235.21,239.79,230.54,222.00,216.34,209.98,201.00,193.26,181.75,179.08,172.01,165.92,155.86,150.43,146.51,143.54,137.57,132.64,129.26,124.31,120.10,114.49,110.22,105.17,101.59,93.24,87.66,81.74
106.17,114.49,126.81,130.74,146.41,151.82,159.76,178.19,184.61,191.86,196.09,205.10,209.66,212.04,216.70,221.65,224.51,227.43,232.18,232.41,231.80,235.00,235.94,238.82,234.40,238.54,228.47,220.38,214.52,207.58,200.96,192.20,181.22,175.33,171.03,164.08,156.22,150.66,146.21,141.32,136.53,131.47,129.14,123.91,120.02,114.98,110.44,106.51,102.18,96.34,88.84,82.38
127.94,140.43,145.56,153.39,158.69,162.86,166.90,166.53,166.23,166.21,168.29,166.17,168.43,169.36,172.93,177.88,181.47,184.57,193.21,192.60,202.83,208.15,216.82,224.08,228.97,234.40,241.54,238.72,236.43,234.72,230.60,224.83,219.11,217.82,212.61,207.19,198.25,191.48,186.02,182.19,173.93,168.51,158.24,151.56,144.59,135.07,125.30,118.71,108.17,100.96,92.20,81.49
126.18,139.17,144.14,153.40,154.40,162.60,164.62,165.50,163.15,164.65,164.03,162.61,165.89,165.70,168.12,173.00,176.00,179.03,184.17,190.03,197.88,202.71,209.75,216.60,223.06,227.77,233.21,232.83,231.37,229.21,225.04,219.09,215.36,210.95,206.49,202.32,195.00,189.00,185.44,177.34,170.59,164.15,157.17,150.96,145.00,134.79,124.19,117.11,108.08,101.41,90.05,80.89
127.14,139.56,147.43,154.35,158.82,163.17,167.73,165.41,164.08,163.68,165.85,165.25,165.75,164.21,165.65,167.44,170.03,174.56,179.18,182.12,187.88,196.06,202.53,209.90,214.45,219.39,224.08,224.29,225.25,223.66,220.37,216.90,211.34,207.56,202.37,198.73,189.79,187.00,182.01,177.79,172.79,163.36,157.16,150.15,143.13,134.27,124.81,116.11,110.11,101.24,90.44,82.66
97.13,108.34,115.97,128.44,138.61,147.00,158.94,171.49,180.04,186.39,197.21,204.24,211.09,215.23,219.54,226.15,233.08,235.19,244.48,241.47,243.07,246.76,250.01,249.10,245.18,250.50,240.83,231.29,226.53,219.00,208.83,199.91,190.42,184.77,178.37,173.42,163.17,156.06,151.35,147.34,142.62,137.36,129.63,129.28,124.74,118.60,115.11,110.35,104.01,99.49,92.03,86.00
129.55,141.44,146.49,155.24,161.31,167.15,169.80,168.67,164.79,164.10,166.31,162.29,161.04,161.12,161.28,160.31,164.25,164.55,169.58,168.24,176.31,181.97,188.79,195.24,199.81,204.28,209.23,209.80,212.00,212.46,209.09,205.54,201.23,199.06,195.62,192.04,186.27,182.32,177.54,173.10,167.17,163.71,153.53,148.00,141.91,134.38,126.40,117.88,110.04,99.93,94.05,83.01
93.38,102.49,108.66,121.80,133.23,141.91,152.74,165.21,174.75,182.99,196.01,202.18,209.62,217.20,222.00,228.71,234.07,238.48,246.66,247.39,247.59,252.00,255.44,256.63,252.03,257.02,248.40,237.03,232.56,225.00,214.11,207.51,196.70,188.04,182.43,175.64,165.42,162.69,156.82,149.68,143.89,142.34,134.46,129.65,125.16,123.81,116.76,112.45,105.55,99.25,93.30,86.98
90.82,102.59,110.05,120.42,129.71,140.60,147.68,165.60,175.39,184.89,196.40,203.93,214.06,220.19,225.29,232.22,236.92,243.97,250.84,252.51,256.53,260.76,262.15,261.46,258.68,263.27,254.34,244.57,240.16,230.05,222.46,211.65,201.76,193.40,187.60,180.87,171.96,166.15,161.01,154.05,148.76,145.06,140.72,134.83,129.25,125.36,118.22,114.98,110.65,102.42,95.13,88.60
87.64,97.80,102.96,115.85,125.40,137.31,145.09,159.26,168.60,177.89,192.39,198.01,205.77,217.79,223.02,232.81,238.81,241.02,251.41,252.84,254.80,262.53,265.32,265.64,262.61,267.24,258.45,246.91,241.30,232.76,223.66,213.34,199.45,195.35,187.84,181.22,171.51,167.17,161.05,154.69,150.88,146.75,138.40,134.84,131.80,128.14,122.00,115.28,109.42,104.02,97.62,89.56
87.85,96.08,104.06,114.87,126.76,135.79,144.01,161.72,168.24,178.07,192.63,197.25,206.70,214.71,222.46,228.97,238.44,241.03,250.64,251.79,256.16,260.76,263.95,266.18,261.77,265.17,257.17,246.46,241.30,234.92,222.68,214.24,200.30,196.76,189.99,181.57,173.09,168.67,159.15,156.54,149.77,146.10,140.53,136.62,132.52,126.81,121.80,115.32,110.48,105.19,97.08,89.20
154.29,169.29,171.41,179.03,185.88,194.49,204.17,205.00,200.50,199.97,196.90,196.35,193.02,188.77,184.62,181.57,181.60,182.27,181.57,177.05,172.17,180.31,185.15,187.95,190.63,197.12,207.97,204.90,204.01,207.65,204.78,202.04,203.07,201.16,201.40,195.39,191.21,189.95,184.38,183.33,176.31,172.63,165.13,158.38,153.10,145.58,136.86,127.39,119.57,108.76,100.00,88.26
152.55,168.24,176.40,187.42,194.28,203.22,207.17,206.71,207.02,206.01,205.77,203.20,200.96,195.21,190.31,190.24,185.39,183.20,184.02,182.54,176.30,181.14,180.87,186.27,190.71,194.37,199.85,200.38,201.36,201.12,203.04,198.08,198.60,198.01,196.47,194.55,188.04,186.87,183.84,179.61,176.92,169.31,163.69,157.70,150.16,143.41,134.30,126.92,118.07,109.00,97.64,86.98
143.38,157.56,165.19,175.87,178.18,187.97,189.84,189.55,185.61,184.07,181.16,177.28,176.82,167.37,163.98,164.66,163.81,162.15,163.25,161.24,159.78,162.54,166.05,169.78,174.19,176.82,184.69,182.99,186.07,186.03,185.57,184.57,186.34,185.07,185.23,183.29,178.40,174.87,174.27,171.21,169.09,160.90,158.47,152.82,147.76,139.06,130.30,123.85,115.49,107.79,95.60,86.05
144.10,155.05,162.46,172.35,180.28,191.94,196.79,196.06,187.18,185.37,183.09,175.41,171.73,166.88,160.82,158.32,156.20,153.10,155.39,154.02,148.00,148.73,144.84,152.47,152.83,157.00,161.70,167.72,167.86,168.72,170.66,168.40,170.31,169.31,167.45,168.86,167.48,164.20,161.31,160.15,157.89,155.93,146.66,143.67,140.51,134.83,125.42,117.64,110.07,101.77,94.07,84.53
146.29,159.30,168.18,176.64,182.96,190.00,193.60,191.21,190.10,186.21,183.81,180.61,179.14,173.17,168.24,166.21,168.19,166.77,165.94,160.24,158.05,161.38,167.86,166.87,172.17,174.05,182.20,181.30,179.34,184.95,180.27,182.33,182.36,183.21,182.86,178.71,175.55,173.44,171.23,170.18,166.72,160.18,154.16,149.88,145.53,137.48,128.76,120.35,113.75,105.02,94.87,84.40
146.05,160.82,170.48,180.75,185.39,193.68,194.99,193.35,190.59,188.09,187.07,183.17,181.11,173.67,171.07,169.37,166.98,165.21,166.03,162.05,159.81,162.79,163.05,167.43,170.14,170.26,177.61,180.47,178.21,179.39,177.72,177.41,178.46,179.61,177.26,176.71,174.77,170.66,170.14,167.28,164.27,157.99,151.60,146.99,142.86,137.06,126.91,119.60,110.57,102.55,93.04,83.22
73.33,82.76,89.11,98.41,107.56,115.21,122.80,135.38,145.58,150.66,163.48,170.74,177.79,186.53,193.06,201.41,209.23,216.33,223.08,228.78,235.27,241.20,243.88,243.56,249.07,251.86,245.60,238.44,230.87,224.96,216.94,208.69,199.32,194.13,184.61,178.94,174.04,170.34,162.86,159.45,155.72,152.95,147.32,143.21,141.48,138.83,133.23,130.92,123.76,119.34,110.46,103.32
148.48,161.40,169.80,178.85,182.13,194.99,195.49,196.02,192.20,191.18,190.12,189.93,182.58,178.53,170.18,172.54,169.03,166.97,165.85,163.37,158.52,161.47,161.25,167.82,168.63,169.50,175.42,174.98,173.25,176.03,178.66,176.78,176.71,174.80,174.60,173.12,169.85,167.76,165.87,164.35,159.33,156.01,149.26,145.17,141.69,132.38,121.00,114.95,105.38,99.54,89.02,81.39
70.29,74.63,84.01,92.72,106.61,110.15,117.48,128.80,136.03,143.89,154.26,162.05,171.14,178.85,189.17,193.26,201.22,210.19,215.46,222.33,232.18,238.10,239.74,239.08,244.18,246.45,242.74,232.44,226.74,222.20,215.67,209.04,198.21,190.60,184.05,181.04,175.21,172.86,166.82,161.99,160.05,156.89,151.48,149.40,145.88,145.91,142.21,139.09,132.02,125.80,119.75,111.02
71.18,79.10,85.07,94.37,102.96,112.01,118.46,132.14,139.28,147.03,158.75,165.60,173.10,184.36,192.67,198.12,203.73,206.70,216.04,225.89,232.69,238.20,244.24,245.07,246.05,246.86,250.67,243.12,237.06,226.04,218.79,210.04,202.74,198.98,193.42,191.05,184.98,176.37,169.65,163.37,161.97,160.01,155.28,151.43,149.01,147.00,142.44,139.60,129.77,125.90,121.17,112.16
148.76,162.61,169.14,180.36,185.61,193.26,195.97,195.53,191.94,192.23,190.39,188.67,184.46,179.55,171.02,171.29,169.92,167.57,161.30,156.26,154.16,155.17,153.88,159.93,164.56,170.19,157.69,157.26,158.43,165.95,167.01,168.59,166.29,162.79,161.45,156.72,157.89,154.35,155.57,151.17,144.25,141.09,135.67,131.23,125.61,118.34,107.28,101.02,93.23,84.48,77.23,67.12
151.86,165.72,173.35,183.90,188.11,196.77,199.58,199.12,196.54,196.37,193.22,189.45,186.90,178.89,171.83,172.20,166.94,165.98,163.59,157.43,151.21,150.22,153.53,153.53,152.59,156.08,159.20,158.77,159.48,161.20,160.06,158.52,161.15,160.85,158.98,155.82,154.32,150.05,148.73,147.25,142.62,134.01,130.29,126.48,122.58,110.82,103.10,94.81,86.27,81.84,71.02,64.54
76.92,83.02,87.32,100.00,104.06,112.22,125.22,136.01,143.42,150.72,164.20,172.35,180.54,188.77,199.25,203.67,214.39,220.19,230.05,233.80,244.23,250.22,254.03,255.41,259.62,261.32,260.51,253.62,250.42,242.92,237.30,228.04,218.40,212.84,207.09,201.20,194.01,191.67,184.57,183.88,180.27,174.66,172.01,171.49,165.13,162.61,159.71,154.69,148.92,141.95,134.03,125.24
72.03,75.18,82.20,85.15,96.88,109.00,113.46,124.04,132.88,140.09,149.62,156.63,167.72,175.41,183.41,192.51,200.35,208.47,218.00,222.32,230.82,239.10,241.86,244.86,249.91,249.80,247.81,238.43,235.00,229.17,220.29,214.11,206.21,203.39,197.73,196.46,190.91,190.41,184.38,182.00,177.12,176.69,170.18,171.30,169.10,170.07,165.92,159.45,152.41,147.35,138.44,126.87
158.40,171.61,180.71,189.01,197.74,205.20,207.93,206.63,206.85,206.00,204.62,201.46,197.63,194.80,187.04,184.57,178.93,178.83,175.96,167.86,158.90,163.15,161.82,162.35,166.51,167.17,171.70,172.31,170.56,172.97,169.09,167.17,165.68,167.01,165.13,161.15,155.08,151.22,148.27,144.81,141.66,133.84,127.81,122.07,117.72,105.80,97.53,88.28,79.61,72.25,65.19,60.01
158.07,172.86,179.39,188.53,197.19,204.83,208.33,207.47,205.77,204.47,206.39,200.14,197.12,193.22,186.46,183.86,179.01,178.34,175.86,168.67,159.11,160.31,161.93,165.25,164.92,164.07,169.05,172.00,170.50,171.72,172.00,168.16,165.87,163.98,163.81,157.80,155.44,152.21,147.73,144.25,137.89,134.74,125.90,119.05,115.41,105.10,97.42,89.74,76.84,69.63,65.51,60.41
66.71,74.67,80.53,89.38,96.93,108.07,111.97,126.83,135.06,144.12,154.98,164.54,172.54,182.01,188.66,201.70,209.31,217.11,225.64,232.12,239.17,249.21,252.30,257.70,261.72,263.78,263.07,253.73,250.00,247.03,240.17,230.78,222.73,222.10,213.18,209.89,203.01,201.16,197.20,190.37,189.18,184.14,183.64,182.02,180.31,177.77,173.77,167.73,161.03,152.20,143.50,131.06
65.76,73.82,78.23,87.09,98.48,106.67,112.01,124.62,130.36,139.20,154.98,158.08,168.00,182.04,189.74,198.92,205.97,210.77,223.06,230.59,241.23,249.10,255.41,257.48,260.91,265.07,264.66,253.55,250.46,247.07,242.17,234.30,227.38,217.60,212.02,209.89,205.29,205.14,198.65,194.05,191.17,192.20,185.80,184.62,181.65,180.36,176.71,169.03,161.82,155.82,145.79,133.06
63.16,70.00,75.39,86.27,93.98,103.12,105.31,123.07,128.19,137.24,146.66,156.67,166.36,178.35,186.27,198.56,204.20,214.11,220.51,231.42,241.00,251.24,253.16,257.50,264.39,265.71,264.36,256.16,255.37,248.94,245.73,236.01,228.48,224.72,217.31,214.58,210.20,207.89,206.32,197.72,197.95,192.76,189.61,188.05,183.98,183.53,178.07,170.66,163.77,155.60,145.13,134.62
63.06,69.20,74.95,82.73,94.11,100.80,107.91,121.20,126.66,135.59,147.68,156.20,166.11,177.50,184.95,197.04,204.09,213.10,221.46,231.14,242.40,247.68,254.33,258.28,263.41,267.85,267.27,262.07,257.64,254.16,245.49,242.05,235.51,231.01,220.51,219.79,211.68,210.68,209.35,205.00,203.35,201.16,194.51,193.08,190.65,186.36,179.95,176.23,166.39,159.67,148.76,134.65
150.86,164.94,170.89,182.48,188.10,195.73,198.91,200.96,200.25,197.95,197.31,193.98,192.11,186.39,176.62,175.21,172.70,172.70,171.41,164.30,156.16,157.87,158.60,158.98,157.18,156.03,160.65,156.00,154.12,153.39,153.81,149.69,146.89,144.93,141.43,136.95,130.61,122.33,120.77,119.75,114.91,108.26,100.84,97.17,91.24,79.25,73.16,64.50,58.90,55.36,49.01,42.15
46.84,54.64,62.80,71.84,82.01,87.32,92.42,104.69,108.00,114.23,122.61,132.08,140.52,150.21,159.70,170.66,184.76,196.82,207.18,213.10,227.37,235.21,241.41,244.90,248.32,251.46,248.12,244.95,244.20,238.81,233.86,224.90,216.18,213.30,208.81,206.06,202.78,198.25,195.29,191.86,189.26,185.53,183.29,179.45,175.97,173.18,166.57,162.61,157.65,150.44,139.09,124.87
159.89,174.07,183.31,191.63,198.64,207.87,211.07,211.57,208.89,209.30,208.06,202.78,202.00,198.40,191.31,190.07,183.15,183.37,178.91,173.52,166.23,169.18,166.72,169.25,166.41,166.72,169.30,166.21,168.24,159.02,159.81,155.47,148.79,148.93,142.80,137.61,133.93,129.55,123.79,117.39,114.63,107.65,101.19,94.19,87.80,79.93,72.47,65.73,59.08,52.20,49.58,44.42
61.39,68.45,74.63,81.99,88.81,97.53,103.23,118.71,125.28,133.54,146.12,154.18,163.49,173.51,180.77,191.44,202.78,211.19,220.49,226.06,238.30,249.37,254.53,258.28,263.95,266.70,269.46,264.17,264.01,258.94,250.32,244.83,235.02,235.85,228.87,227.69,222.57,217.75,215.52,212.62,208.00,205.76,200.90,198.34,197.43,189.95,184.84,176.64,169.78,160.43,151.40,137.77
159.48,174.16,184.61,192.35,200.36,207.28,212.36,212.14,212.51,211.60,209.95,207.62,207.17,201.70,195.90,193.20,188.77,186.68,183.22,179.90,170.86,172.24,172.24,173.54,174.64,175.86,171.35,170.08,162.86,162.25,162.74,159.76,154.00,150.01,144.52,143.60,134.30,125.13,126.02,117.62,113.86,104.00,100.18,93.86,87.80,77.47,71.20,63.29,54.82,50.00,46.53,41.68
160.86,175.69,184.02,190.96,200.12,210.64,213.60,213.56,213.44,212.53,212.49,208.31,206.31,202.14,192.17,192.60,192.80,192.26,186.13,178.49,169.81,174.05,174.54,173.05,170.66,172.66,171.17,170.52,166.59,164.40,164.66,163.67,156.32,149.31,144.81,136.34,135.71,131.11,128.04,121.70,114.95,113.00,97.08,90.74,85.91,77.03,68.15,66.85,58.31,52.00,50.25,41.15
63.03,69.08,73.59,81.44,91.55,100.69,104.86,116.91,124.33,130.19,144.97,149.56,158.53,172.53,182.86,191.97,197.29,207.40,219.01,225.89,237.88,247.76,253.05,257.00,262.55,270.09,272.31,263.46,262.50,259.34,254.94,245.70,243.74,238.10,234.10,228.71,226.52,224.51,220.24,215.18,215.72,210.67,204.19,203.18,198.44,195.23,186.01,179.57,172.68,162.87,153.05,142.24
161.91,176.58,183.73,191.51,200.45,210.74,215.56,212.90,212.00,212.21,214.72,208.10,208.15,202.39,198.67,197.31,193.55,192.84,189.49,184.20,173.98,179.74,179.30,178.52,179.01,177.54,179.78,175.11,172.05,168.88,168.07,162.27,155.71,151.85,148.56,142.27,138.70,132.20,132.09,123.45,118.70,116.10,100.32,95.52,89.05,80.62,69.35,61.81,56.44,49.66,46.67,40.72
161.97,178.20,185.31,196.16,202.47,213.70,214.11,217.41,212.53,215.56,214.57,211.92,210.41,205.08,200.56,200.64,196.58,195.39,195.00,186.63,179.72,181.53,182.98,183.81,184.62,183.87,182.18,178.71,179.63,174.41,170.95,165.52,159.00,155.98,152.74,148.53,144.50,135.35,132.14,127.12,123.79,113.46,106.00,101.39,93.34,84.21,74.00,65.86,59.09,50.01,45.54,41.77
59.14,67.48,71.12,83.02,94.92,103.97,103.75,117.64,124.33,132.48,145.12,151.24,160.70,171.43,177.91,189.11,197.95,204.92,214.06,224.96,234.80,245.25,252.25,255.54,259.62,266.10,269.80,264.52,261.47,258.02,253.16,247.23,244.97,238.10,232.38,229.19,226.59,224.01,217.01,220.52,217.12,211.27,203.77,205.29,202.61,196.74,190.18,183.66,173.49,164.23,156.16,142.52
64.35,68.82,74.73,86.28,94.37,105.38,106.04,113.32,120.22,126.14,139.29,148.66,156.73,169.53,175.64,190.24,194.91,201.26,214.15,221.78,232.02,242.64,249.61,252.96,258.63,264.27,266.53,262.39,262.10,259.68,253.90,247.76,241.97,237.78,231.68,231.09,227.70,222.73,220.00,218.20,216.63,211.92,206.53,205.41,202.24,198.16,191.09,184.23,173.97,166.09,156.92,144.40
59.93,65.12,70.38,77.01,84.69,93.38,98.39,109.66,115.43,123.60,131.90,140.60,148.56,156.98,165.60,174.14,182.24,189.10,195.66,204.01,216.67,224.51,228.76,235.77,237.61,242.39,246.66,243.53,242.16,237.59,235.24,231.35,224.76,219.92,213.78,213.84,210.32,209.91,205.30,203.59,200.32,198.64,191.76,190.39,185.66,183.52,177.23,170.88,162.79,152.49,145.45,132.82
63.20,69.12,80.21,84.88,90.96,101.49,105.55,121.20,127.01,135.92,140.80,152.27,158.76,170.05,174.39,187.86,195.94,207.04,214.90,220.20,232.01,241.07,247.40,250.06,257.61,262.86,266.33,260.72,259.67,256.08,252.07,246.45,240.05,239.94,233.62,230.65,228.44,223.14,220.64,217.22,216.36,210.71,208.69,203.49,201.32,198.46,190.54,184.68,176.07,166.52,157.14,142.34
63.89,72.11,76.11,83.93,93.61,102.73,107.71,119.92,125.94,132.10,145.13,150.62,160.56,171.17,176.23,186.87,194.79,204.69,213.90,220.71,229.80,240.61,248.29,251.79,257.30,262.84,264.34,258.75,259.12,254.77,251.33,246.83,240.90,238.61,230.59,229.02,227.80,221.56,218.66,217.10,215.65,211.43,207.95,205.54,200.69,197.50,190.08,183.85,173.77,165.59,156.16,143.61
59.03,65.55,70.18,77.52,86.68,93.77,98.90,109.42,117.88,122.26,133.90,141.50,149.26,157.43,163.25,171.59,180.06,187.30,193.57,201.88,213.28,219.79,228.23,231.25,236.48,240.25,243.24,240.61,238.76,235.70,231.49,224.96,222.11,218.79,213.01,214.26,209.51,205.19,200.12,200.28,197.80,193.61,191.09,188.53,185.28,181.84,175.42,170.48,161.28,153.68,144.31,130.94
59.68,67.12,70.72,79.08,87.32,95.80,100.70,111.61,114.55,122.87,133.96,139.45,148.11,156.16,161.21,167.89,177.50,182.78,191.77,199.90,212.08,218.67,225.60,229.33,236.32,239.06,241.47,234.96,235.37,235.58,230.47,223.16,219.31,216.06,210.30,209.12,204.08,203.58,200.08,198.46,195.58,191.04,187.17,185.32,183.85,181.14,174.75,167.60,160.82,151.27,144.14,132.31
60.61,69.38,76.66,83.86,90.21,99.92,104.81,119.75,121.76,129.19,139.20,147.83,157.85,162.00,168.08,176.08,187.24,195.02,204.19,208.28,222.89,230.60,235.87,239.53,245.98,248.31,252.92,246.61,247.95,247.26,243.02,235.99,230.00,227.18,223.44,217.82,215.74,212.73,209.90,208.94,205.23,201.16,198.60,196.47,192.26,190.47,185.07,177.34,170.16,162.09,150.99,139.71
163.11,178.47,187.75,198.01,202.97,213.06,216.39,220.48,218.80,218.79,216.67,220.06,216.76,211.06,206.89,208.85,206.01,206.18,207.35,202.23,198.41,200.02,201.93,200.56,201.10,202.74,198.81,196.04,194.80,195.00,193.31,185.81,180.83,177.80,177.51,169.85,162.61,153.83,152.40,149.31,144.17,132.19,128.55,120.57,113.36,99.76,88.73,80.01,73.17,65.74,56.64,48.10
64.50,70.29,79.06,85.21,93.94,100.45,107.84,119.82,124.54,133.81,144.25,151.16,158.23,165.52,172.63,180.80,188.48,196.01,205.46,210.92,223.44,232.31,237.47,241.85,248.71,250.39,251.19,251.78,249.39,246.73,240.52,235.30,230.82,227.76,222.48,218.55,216.32,212.36,208.91,210.28,208.15,203.04,198.44,194.99,191.69,188.60,182.85,178.04,170.47,162.93,151.65,139.31
58.69,68.59,72.62,82.05,88.60,97.20,102.08,111.36,116.47,125.32,136.57,140.25,146.66,156.59,162.27,169.17,176.01,180.28,192.75,196.89,206.93,214.26,220.78,223.78,229.19,233.90,234.14,230.52,230.46,228.22,222.80,218.58,214.79,208.47,204.78,202.71,200.32,197.31,193.62,191.37,189.65,188.10,180.68,179.69,177.55,175.50,171.40,164.03,157.54,147.99,141.79,128.14
61.85,70.04,78.26,85.38,92.42,99.02,105.12,118.21,124.43,130.08,139.82,148.41,156.16,161.40,168.11,176.82,183.52,191.27,200.87,205.08,218.00,224.80,229.46,234.93,236.72,244.70,245.34,241.46,240.09,239.14,233.19,228.12,223.18,221.11,216.93,214.06,209.80,207.02,203.71,203.59,199.97,194.33,192.31,188.83,187.00,184.84,178.94,171.94,164.92,158.08,146.78,135.21
61.33,68.77,73.50,81.05,89.04,96.52,101.98,114.04,118.19,123.18,133.88,138.41,146.63,154.18,160.06,167.36,173.53,178.00,188.86,192.31,202.07,209.31,218.05,217.89,222.91,228.69,230.53,223.33,223.76,219.86,216.69,210.54,209.06,203.97,198.28,197.16,194.24,191.66,187.54,184.39,183.74,180.81,177.55,175.56,173.30,170.84,167.03,159.41,155.13,145.33,136.69,125.60
63.91,75.69,83.01,85.01,94.54,99.90,108.27,119.85,128.82,132.19,141.13,149.05,156.46,165.15,170.11,181.66,184.11,192.32,198.58,204.47,217.18,224.37,229.73,232.80,239.84,244.10,246.35,239.76,237.80,238.03,231.94,225.02,219.58,217.86,212.76,209.95,207.40,204.41,199.46,199.58,196.47,192.00,190.34,189.59,184.81,183.17,176.80,170.31,164.05,156.08,145.24,135.15
68.18,75.13,80.16,86.03,92.20,99.28,106.89,123.26,126.63,133.66,141.85,149.16,156.60,166.60,172.24,180.01,185.72,191.82,196.77,203.30,212.98,223.90,228.09,234.36,237.78,244.81,244.40,238.02,238.44,236.18,231.74,224.89,218.43,217.85,209.76,210.47,206.16,201.06,200.48,197.29,196.33,192.94,189.81,190.13,184.53,184.62,177.20,170.07,164.58,156.20,146.16,135.52
169.31,185.63,194.74,205.51,213.08,224.02,227.67,231.48,229.53,233.06,232.67,233.00,230.67,228.35,225.85,227.11,224.76,223.38,221.82,217.08,202.61,207.24,206.40,205.83,202.09,200.34,196.73,191.44,188.68,186.95,180.21,172.41,171.72,170.56,165.56,159.66,157.33,148.22,147.60,144.31,136.19,129.25,124.46,117.62,110.32,99.72,89.82,79.92,75.00,67.45,58.31,50.12
170.00,188.00,195.15,205.92,216.54,224.01,227.88,227.92,226.59,225.39,227.44,225.14,221.92,217.82,214.39,212.23,209.61,205.00,203.97,203.06,197.25,198.13,198.12,199.69,199.02,200.56,205.37,200.38,198.31,196.73,197.20,188.99,188.41,184.62,179.79,173.25,171.77,166.11,163.00,159.41,153.15,147.35,141.41,132.10,123.43,114.97,107.91,98.95,84.31,75.80,70.41,60.21
66.76,75.00,79.40,87.66,97.02,106.55,111.07,121.81,126.70,133.60,145.17,148.00,154.26,164.98,169.19,179.20,185.95,195.21,204.08,213.18,229.31,238.45,248.46,248.16,253.88,261.92,260.97,254.59,252.04,249.27,244.71,236.89,232.79,226.80,221.21,221.63,216.82,213.25,208.35,205.98,204.07,200.90,194.12,194.49,190.54,187.45,180.03,175.56,165.42,158.05,150.46,139.04
149.48,162.61,171.29,182.33,189.19,196.76,199.72,201.64,200.57,199.48,198.60,197.50,195.66,190.78,187.52,187.11,184.74,183.99,182.46,177.40,173.95,176.57,174.87,174.64,173.29,174.47,178.47,174.80,173.12,176.62,173.37,164.20,164.20,164.15,159.21,157.49,149.89,145.33,144.01,143.41,138.06,130.60,127.24,118.83,115.12,102.55,93.11,83.60,77.47,71.34,59.82,51.55
66.64,75.93,82.46,89.27,97.10,104.86,111.40,122.89,127.32,132.83,146.11,150.66,156.16,164.94,169.65,175.65,187.96,193.04,204.28,214.22,223.81,234.27,242.87,249.11,255.27,259.68,261.96,252.62,252.61,247.99,243.31,236.32,229.47,228.74,222.30,220.07,214.39,209.85,207.35,205.87,201.79,200.32,195.60,193.19,189.49,186.94,178.76,173.22,165.03,157.03,150.73,137.61
68.68,76.84,82.49,91.42,99.86,107.08,112.97,125.10,130.27,137.93,146.81,154.51,159.13,166.90,173.90,179.72,185.53,193.61,199.40,207.52,215.26,222.61,226.17,230.32,235.31,238.02,237.90,234.26,233.42,229.82,224.96,220.01,214.39,211.98,205.97,205.27,202.00,198.65,192.42,194.33,190.90,187.61,183.39,181.00,178.06,176.53,169.85,163.67,158.38,150.08,142.68,130.97
70.18,78.09,85.15,92.42,99.64,109.33,113.03,127.20,133.41,141.03,147.25,156.85,163.82,166.59,171.76,180.32,184.62,195.58,202.16,207.21,218.16,223.40,227.31,229.68,234.72,238.92,240.21,234.46,236.01,230.31,225.66,220.74,215.52,213.40,206.23,201.81,200.72,198.21,193.75,192.30,190.16,186.75,185.21,182.50,177.89,175.11,171.41,165.13,158.27,152.20,143.59,130.03
69.89,75.72,81.02,91.41,99.32,109.40,114.56,125.24,130.82,136.89,147.57,151.65,159.26,166.74,173.77,178.90,186.80,189.62,198.22,204.08,214.25,218.22,223.39,229.44,232.14,235.26,234.93,229.45,230.60,223.03,220.64,217.18,212.29,206.49,202.25,201.11,196.12,194.83,189.42,187.22,185.05,184.86,177.75,174.95,173.37,171.60,167.61,161.37,152.82,146.24,138.46,127.09
64.26,70.03,80.23,87.00,92.57,101.60,108.17,121.21,123.33,131.06,140.46,147.76,151.27,158.49,162.61,170.07,177.14,184.46,190.09,197.09,203.90,209.27,214.98,218.69,223.29,226.60,225.00,219.32,218.16,213.93,210.06,204.40,199.42,196.45,190.02,188.16,186.02,183.44,178.99,180.01,176.47,173.05,168.12,168.34,163.88,161.93,156.78,148.17,144.56,140.07,129.87,119.00
64.76,72.95,81.02,86.83,92.54,102.86,108.21,120.70,126.15,131.76,139.46,146.78,153.01,159.77,165.42,169.81,177.69,183.31,188.66,195.41,204.79,210.24,215.82,219.04,223.01,224.08,224.95,219.46,216.63,213.60,209.88,203.77,199.27,196.73,190.18,188.14,184.76,182.58,178.13,179.01,176.31,170.95,170.32,168.87,164.65,160.26,157.00,148.33,144.50,137.32,130.14,118.85
67.42,70.60,80.78,84.38,91.29,105.36,110.02,120.62,122.30,130.23,139.62,145.50,150.15,159.48,163.52,167.14,175.00,181.89,190.14,198.96,207.42,214.39,222.00,225.58,229.54,233.42,233.77,228.12,225.28,222.17,219.94,211.78,206.41,202.76,198.25,197.65,193.83,190.39,188.57,186.94,184.59,180.85,177.39,176.50,172.63,170.86,165.59,159.36,151.01,145.44,137.77,125.40
67.05,74.52,80.06,86.83,94.54,105.59,111.80,122.05,123.79,130.74,139.82,147.08,153.39,161.53,162.83,169.01,175.41,181.22,189.74,192.75,201.43,208.24,212.60,216.83,220.20,225.22,223.89,219.05,215.75,213.93,209.06,204.71,198.40,197.80,191.06,189.79,185.22,183.53,177.02,177.49,174.00,169.54,166.15,164.62,162.25,159.40,155.21,148.38,144.07,136.19,127.26,119.02
67.27,74.30,80.16,91.92,98.33,108.68,111.51,124.48,132.23,135.79,143.60,149.93,158.03,164.20,170.24,175.23,182.10,186.99,191.13,196.92,207.21,212.91,217.10,216.45,221.38,228.28,226.82,221.18,218.28,215.45,212.25,204.38,199.81,196.51,188.61,186.27,183.84,182.48,179.35,177.54,173.60,170.21,166.09,165.25,160.80,160.11,153.39,149.41,145.50,136.61,129.00,116.90
66.48,74.65,78.89,89.68,98.49,107.80,111.83,122.81,128.13,136.36,143.25,149.16,154.16,161.25,168.62,173.74,178.37,184.50,187.88,195.03,204.80,207.79,211.74,214.97,218.98,221.95,221.53,217.70,216.45,210.64,207.17,201.38,194.73,190.07,183.02,181.84,179.51,178.53,173.37,170.70,167.71,165.68,162.86,162.05,157.54,156.12,151.56,147.05,140.86,133.33,127.04,116.28
75.74,80.53,83.15,79.62,92.63,112.51,118.85,136.96,143.22,148.95,160.08,168.36,171.23,179.88,185.93,190.22,198.60,204.95,211.78,215.06,221.37,227.08,233.93,234.34,238.42,240.28,240.10,238.84,235.02,232.70,227.15,221.74,214.77,209.30,201.21,193.04,192.34,190.76,183.98,187.49,183.09,180.05,178.06,175.31,170.41,165.60,163.57,157.81,152.30,142.64,135.92,123.46
167.71,193.35,200.82,213.15,219.39,227.88,235.85,235.31,233.14,234.70,231.45,229.44,229.33,222.09,217.99,217.00,215.43,211.90,211.25,206.16,204.83,205.52,206.18,208.92,211.40,212.76,214.11,210.20,208.48,205.18,204.01,198.49,202.25,203.23,203.98,199.62,191.92,181.34,180.50,177.23,168.66,164.15,154.69,146.29,142.13,130.36,119.20,110.06,102.40,92.57,79.21,73.93
75.59,82.07,91.39,99.13,106.74,117.60,122.29,138.52,144.59,149.72,157.08,165.92,170.56,177.72,184.30,191.00,198.65,202.43,208.95,214.71,220.17,226.64,230.53,235.31,236.36,241.76,239.17,233.50,231.04,225.94,219.87,214.76,209.62,209.25,198.39,195.74,191.86,187.04,184.11,183.08,179.69,174.00,171.45,166.72,164.30,163.15,159.70,152.80,149.25,140.04,131.69,121.79
72.01,78.87,86.83,94.37,102.65,111.31,115.41,129.62,134.97,142.86,150.14,156.40,161.74,169.43,175.00,179.01,185.93,191.77,197.65,203.38,208.54,214.83,220.79,221.94,225.89,227.38,225.06,221.27,218.33,214.46,208.09,202.30,197.39,192.23,187.10,183.11,181.29,176.66,172.84,172.26,167.63,163.98,160.29,158.69,158.00,153.31,148.96,144.36,136.69,129.25,125.40,114.74
71.06,79.40,85.84,93.81,103.23,112.29,119.08,130.25,135.98,140.36,152.20,156.31,161.77,170.03,176.26,179.96,187.39,192.94,197.99,202.94,209.15,213.82,218.89,219.87,223.46,227.50,225.61,218.68,216.19,211.85,207.80,199.86,196.40,192.34,185.65,183.10,179.27,176.67,170.80,169.54,165.11,165.20,159.81,158.50,155.16,151.56,148.14,144.00,136.97,129.73,122.53,114.76
69.72,79.76,85.80,95.80,102.83,111.02,116.39,130.03,134.83,140.93,147.65,153.31,159.13,167.24,169.61,176.65,185.31,191.54,197.74,203.97,213.01,219.13,225.22,229.24,231.39,237.54,233.79,224.32,221.63,216.70,213.84,206.32,200.06,198.31,188.17,185.95,184.01,180.85,177.29,174.73,171.81,169.01,168.34,162.52,160.85,157.31,152.90,148.68,143.22,136.47,128.39,117.55
80.16,91.08,99.05,108.08,118.87,128.80,137.77,148.95,155.59,161.01,174.52,182.20,189.71,196.76,201.36,209.31,217.52,223.16,228.42,236.32,241.24,250.45,254.72,254.67,261.34,266.83,260.25,254.92,253.85,245.96,241.85,235.69,224.11,223.43,212.84,211.29,203.81,201.36,194.49,192.13,186.34,181.40,177.92,174.64,171.33,163.60,159.21,154.99,144.67,139.03,131.52,121.92
125.60,138.06,146.73,150.88,158.67,165.10,169.64,173.97,179.12,181.66,187.49,188.79,190.87,191.82,195.02,199.06,200.19,206.94,212.13,218.22,228.95,237.31,246.56,251.10,244.23,233.82,211.14,206.65,195.14,184.36,179.30,170.58,157.54,152.55,145.38,136.30,130.12,123.33,117.10,110.60,105.31,95.26,88.14,81.22,75.50,63.41,59.03,55.01,47.89,40.80,40.79,36.40
74.06,89.90,95.60,108.17,114.42,123.71,131.02,144.84,152.12,158.00,169.54,176.38,182.60,189.13,193.85,201.49,210.64,216.67,220.77,226.32,234.80,237.90,242.39,244.56,247.54,250.91,248.79,242.51,237.17,231.49,228.32,219.54,209.26,208.29,199.01,197.41,191.44,186.72,183.15,181.60,176.73,171.16,168.67,165.22,162.24,158.84,152.50,147.22,142.24,134.54,128.79,120.54
68.62,70.77,67.80,76.30,89.44,114.59,124.48,135.09,139.32,144.96,152.20,157.32,167.17,176.01,180.89,189.56,198.49,204.59,215.19,222.35,234.10,245.07,254.34,257.19,261.35,261.48,255.18,245.94,241.17,230.87,225.09,218.89,206.70,205.63,197.44,191.94,186.51,179.12,180.23,173.95,167.72,165.77,164.45,160.33,158.94,154.43,148.72,143.22,136.31,130.05,123.46,112.87
73.41,81.06,88.96,98.35,107.54,116.07,123.33,134.63,139.06,146.97,156.67,161.84,166.43,175.01,180.14,185.04,193.49,198.93,206.53,209.40,214.95,221.20,224.97,226.04,231.25,232.01,227.86,224.77,218.66,216.36,207.56,201.68,193.22,192.04,181.82,178.68,173.03,173.46,168.51,165.89,162.05,157.84,152.54,150.42,147.18,147.08,142.21,138.54,131.03,124.89,117.03,110.35
73.79,83.15,88.23,97.31,106.89,116.73,123.45,130.42,138.19,144.00,156.02,158.90,165.68,175.93,180.35,186.05,195.18,199.21,207.87,217.44,224.66,235.26,235.26,241.23,241.14,241.47,242.24,234.34,227.79,221.84,216.23,211.01,201.00,195.88,186.39,183.22,180.36,174.23,174.32,170.65,165.65,161.31,161.38,157.47,154.38,151.46,147.71,144.40,134.63,130.54,122.41,113.22
70.04,78.72,84.15,92.97,101.67,109.29,115.45,126.63,133.00,137.83,148.30,152.90,158.76,166.17,172.19,177.55,187.11,190.28,201.06,205.65,214.11,217.86,227.64,230.42,233.42,235.03,228.18,220.86,216.40,211.92,205.23,202.12,191.23,187.88,180.50,177.34,174.14,169.61,167.84,164.58,157.84,155.19,153.08,149.24,146.41,142.37,138.70,134.79,130.42,121.40,115.94,108.23
137.20,151.53,157.80,165.41,177.63,184.72,190.03,193.99,198.83,202.02,205.53,207.77,208.35,206.94,210.38,211.62,214.01,216.09,218.19,222.58,219.39,229.71,236.78,253.19,250.12,235.85,205.51,197.25,188.66,185.54,178.75,171.03,162.41,160.38,152.19,144.67,137.93,130.94,123.97,120.10,116.47,107.30,96.38,90.55,84.10,73.11,67.72,59.20,53.76,45.79,42.54,52.35
78.09,87.30,96.65,104.80,114.02,122.33,130.27,142.21,146.70,155.56,165.89,173.57,179.13,186.25,192.72,200.16,207.00,213.28,218.22,223.79,231.04,234.61,240.10,240.10,244.13,245.10,241.82,234.48,234.16,225.87,219.02,211.15,200.73,199.06,191.03,187.52,182.24,179.34,172.39,169.06,164.35,161.23,155.50,155.26,149.60,147.28,142.62,138.44,132.00,124.46,119.40,110.00
73.43,83.22,90.82,98.29,107.34,118.07,121.25,137.79,142.01,150.05,156.40,166.36,172.74,180.77,184.20,190.83,197.20,204.68,207.88,215.42,221.33,223.30,230.87,230.97,235.77,239.87,235.24,226.15,226.24,219.33,213.02,205.76,195.32,191.37,182.02,180.38,175.05,169.30,166.34,162.00,161.55,154.74,154.35,148.52,143.41,143.38,133.99,131.55,125.90,122.38,112.43,103.09
73.17,83.01,92.63,98.43,106.04,116.87,121.66,136.06,141.38,148.53,158.29,166.90,173.79,179.60,183.99,189.26,199.04,204.36,208.06,213.33,219.67,225.29,231.08,231.87,238.32,236.93,233.53,225.50,224.32,221.11,211.57,205.23,195.49,192.37,182.36,181.81,175.11,168.12,164.91,163.68,159.91,155.47,153.08,147.71,142.61,141.80,135.86,131.37,125.22,121.10,111.49,103.59
81.02,92.02,98.43,107.07,119.10,127.99,136.06,147.96,153.39,159.62,171.08,178.00,184.68,195.06,203.81,209.75,216.23,225.21,233.03,235.17,237.99,246.86,251.33,255.52,253.03,263.21,265.65,247.99,250.93,236.58,227.07,221.72,211.48,200.66,194.54,195.74,186.68,177.61,176.71,172.70,166.15,164.56,160.31,162.01,155.03,153.94,149.50,144.73,136.69,129.80,124.17,114.74
76.90,88.75,96.83,106.48,114.74,126.14,132.23,145.52,151.91,159.21,168.29,177.10,184.84,191.80,198.46,202.95,213.59,220.51,225.98,232.31,239.71,245.80,250.06,251.78,255.13,255.57,251.72,245.34,240.35,235.13,227.56,220.07,210.15,202.78,196.21,191.82,187.54,181.14,174.89,174.77,167.76,161.89,156.70,154.74,151.45,148.41,144.01,138.35,132.32,127.05,119.07,110.31
75.47,85.60,92.97,103.04,110.86,120.10,127.09,141.09,145.17,150.21,160.21,169.85,176.18,185.06,190.54,199.40,210.98,218.30,227.11,234.34,244.70,250.80,260.25,262.07,263.22,266.32,258.71,251.25,244.97,240.16,230.20,219.59,210.15,206.07,195.00,194.28,186.82,180.69,176.38,175.65,170.07,162.94,159.00,156.47,151.05,147.76,144.40,138.46,132.52,128.13,120.80,110.86
76.03,87.02,94.54,102.73,110.06,120.70,124.82,142.34,145.58,152.50,160.11,169.52,178.14,185.54,193.05,200.36,212.04,219.99,228.32,234.36,245.59,251.32,260.71,263.03,262.39,266.06,259.47,252.19,245.45,239.43,228.58,219.02,210.05,204.02,194.99,191.88,186.30,180.68,177.55,174.64,169.19,162.93,160.11,156.08,150.85,150.33,142.86,139.00,133.33,128.84,120.62,109.90
75.69,87.30,93.19,102.63,112.97,121.66,128.80,137.88,143.00,153.06,163.13,171.51,178.87,191.51,195.98,203.38,213.71,221.56,231.05,240.24,252.41,264.71,270.41,272.68,274.99,278.21,270.86,255.89,250.46,241.01,233.50,223.44,210.72,205.04,194.18,189.25,181.01,176.62,170.11,165.80,160.90,154.62,150.87,149.12,144.31,139.53,137.52,132.50,123.69,119.47,113.07,101.39
76.16,87.02,94.34,102.55,110.07,121.33,125.69,138.45,145.33,153.33,161.77,170.66,181.11,188.47,195.24,201.85,212.98,221.76,231.90,239.00,248.46,257.24,263.83,266.39,264.62,268.39,261.00,250.67,246.06,238.32,231.67,222.80,211.70,207.42,194.02,189.74,185.04,178.16,173.36,170.24,167.03,160.05,158.43,152.80,150.88,145.38,141.52,136.65,130.65,124.04,117.89,109.00
159.86,176.77,183.99,193.63,202.43,211.49,210.47,211.43,211.12,206.81,208.32,205.34,201.88,196.92,191.00,188.07,178.76,173.01,166.53,158.52,135.10,130.60,113.64,114.84,112.87,115.21,127.04,137.06,142.21,148.63,151.09,154.25,157.89,157.71,155.71,156.78,154.03,152.50,147.46,148.49,144.53,137.88,134.42,130.00,123.45,113.65,110.11,101.87,93.38,86.68,74.95,68.60
79.18,88.53,94.58,104.00,113.55,123.23,129.80,141.17,147.38,157.00,167.20,173.95,182.13,192.09,198.46,207.91,218.18,225.33,234.03,242.79,254.40,261.04,270.95,273.00,271.59,272.84,267.54,255.02,249.90,240.30,231.35,223.30,215.13,209.07,193.67,192.96,180.68,177.49,174.65,171.23,165.21,161.21,158.43,154.05,149.04,148.00,151.34,145.77,139.54,130.18,123.98,115.21
76.53,86.82,90.51,100.18,112.64,120.42,127.53,139.09,145.17,152.84,161.38,167.89,176.60,188.82,194.58,202.23,213.38,221.14,230.84,239.43,251.51,258.63,265.48,267.43,265.32,267.85,261.43,250.64,244.50,238.21,227.37,219.64,205.10,201.91,187.03,185.27,175.93,172.24,163.69,162.29,157.17,153.16,146.99,145.99,141.48,139.17,135.92,132.23,122.15,118.60,113.28,106.44
79.65,90.43,98.06,108.26,116.83,126.78,133.99,149.26,153.38,162.51,174.39,181.84,189.38,198.31,208.00,212.84,224.11,228.25,236.76,244.38,251.19,254.92,261.70,264.89,262.59,267.07,256.56,248.31,244.92,235.44,227.54,220.54,210.02,203.49,192.04,187.24,183.08,177.59,172.41,168.05,163.98,158.04,151.18,148.76,145.60,142.71,135.24,131.58,126.57,120.49,113.99,106.25
79.63,90.03,97.98,108.81,119.20,128.27,134.17,149.50,154.26,164.22,173.97,181.89,189.48,199.20,207.28,214.15,222.41,229.71,237.36,245.55,249.83,257.00,262.80,265.41,264.77,267.30,256.80,249.65,246.90,237.12,229.71,220.79,209.38,203.96,190.39,189.49,182.99,177.80,171.09,168.24,163.60,157.41,151.43,149.68,144.68,142.20,134.85,130.70,124.81,118.51,112.54,105.11
81.34,91.18,97.02,107.94,118.80,127.12,134.30,147.30,154.62,163.82,174.05,180.36,189.28,199.81,208.66,216.06,225.21,230.67,237.84,246.42,249.83,258.05,263.60,264.41,263.50,266.10,260.19,249.10,246.11,235.47,229.79,221.30,205.91,200.56,189.71,185.24,178.24,174.86,167.04,163.62,158.34,154.15,148.03,146.67,140.69,138.00,135.34,129.76,120.57,117.80,113.78,102.18
113.60,124.20,130.86,139.43,149.21,154.55,158.90,164.07,166.14,170.58,174.60,177.12,177.28,178.06,179.29,181.02,178.00,176.08,173.14,166.21,133.75,99.82,58.05,59.20,89.81,107.20,131.65,142.09,146.00,146.41,146.21,143.12,140.16,138.22,132.23,127.91,125.48,121.81,113.02,106.67,100.24,94.02,86.54,77.34,72.01,62.94,54.20,50.25,44.91,37.11,32.45,30.53
71.34,86.40,92.65,95.05,117.39,127.31,127.95,141.32,147.08,156.11,168.19,175.86,183.83,198.77,202.60,212.73,225.85,234.87,243.50,251.75,262.35,272.44,277.35,279.00,276.05,277.85,270.51,256.97,250.95,243.73,231.46,225.04,213.18,207.87,193.31,184.72,177.61,172.35,164.25,161.19,154.47,149.83,145.88,141.21,139.81,131.24,128.74,125.61,118.97,113.02,107.35,99.86
81.61,94.26,100.32,111.00,119.51,130.83,136.86,153.21,158.62,169.50,179.23,190.63,197.52,208.02,215.37,225.38,235.70,246.47,251.94,258.91,265.86,273.38,280.14,280.17,279.93,276.96,268.16,259.37,256.27,245.38,236.24,227.11,213.78,208.12,193.87,189.45,179.20,176.30,169.92,165.60,159.45,149.72,147.20,141.17,137.10,132.85,127.03,125.13,117.63,114.48,106.10,101.18
78.52,90.92,95.69,107.28,117.09,128.47,133.00,145.88,153.84,162.73,176.88,183.33,190.52,202.43,211.34,220.49,229.18,237.55,244.20,251.68,260.25,267.25,271.31,273.34,269.98,272.47,266.60,250.87,249.45,241.12,230.21,221.42,208.89,201.81,190.55,185.31,177.12,175.25,168.51,161.45,152.04,150.38,142.28,138.25,134.62,131.21,126.91,122.07,113.53,110.89,107.22,98.99
160.98,177.49,184.05,193.04,201.36,209.44,210.72,209.97,207.33,205.83,202.60,194.61,191.09,181.04,171.23,167.84,157.17,153.21,147.09,139.46,125.77,130.00,130.50,132.57,138.44,145.99,161.21,166.11,170.16,174.38,179.40,176.03,181.18,181.34,179.77,177.88,176.82,173.35,171.07,170.33,167.73,160.21,156.73,150.65,146.03,136.65,131.91,121.15,111.83,104.74,93.78,86.09
79.91,89.69,95.01,106.23,117.41,127.91,133.96,147.57,154.46,162.69,176.18,185.16,193.04,206.21,213.00,222.99,233.80,239.27,250.57,259.28,266.81,272.24,278.33,281.37,277.09,278.35,272.08,258.54,253.43,245.10,234.39,226.50,213.25,204.88,196.12,186.50,178.97,174.07,165.17,159.05,149.89,145.60,140.66,137.36,133.09,127.02,124.42,119.52,110.35,107.65,104.32,94.53
154.74,172.28,175.97,187.95,195.73,203.33,206.23,204.09,201.12,198.67,196.21,190.34,185.97,179.05,170.10,162.75,153.57,150.60,139.28,133.99,121.21,124.62,125.32,128.46,135.86,142.79,160.82,162.93,168.08,172.90,174.84,173.82,174.15,175.19,176.30,174.67,172.18,170.52,170.11,167.44,163.11,158.70,155.18,147.87,143.68,137.00,130.86,122.58,113.60,104.24,95.67,84.76
144.68,160.75,168.51,177.49,184.53,189.77,196.02,196.54,191.32,190.10,186.23,180.92,172.65,164.20,152.40,146.28,130.05,118.36,103.94,89.68,70.34,64.40,60.46,68.59,73.59,84.20,109.27,110.49,118.87,123.02,131.24,131.18,136.49,143.21,138.84,139.43,142.02,139.86,138.13,139.32,137.71,135.59,132.00,128.32,124.53,118.96,112.61,108.05,102.88,94.75,84.17,76.11
145.60,159.86,166.97,175.79,183.88,190.91,194.03,193.81,190.83,188.86,185.28,181.65,173.28,163.23,151.99,146.03,130.27,117.75,104.79,90.08,69.23,65.38,61.01,70.18,75.03,85.38,110.28,111.73,121.31,123.69,131.14,132.52,139.18,142.80,140.43,139.98,141.32,140.36,139.32,141.69,139.95,133.41,132.41,128.74,124.33,118.11,112.54,107.00,102.96,95.67,86.02,75.95
159.00,172.57,182.00,190.32,198.92,206.55,208.00,205.23,202.56,200.41,198.31,188.50,183.85,170.43,158.81,155.28,138.19,127.05,123.07,120.55,114.48,116.42,122.80,131.21,132.38,145.77,162.89,164.20,169.50,173.30,173.05,176.59,182.48,181.84,181.42,177.34,178.73,175.42,172.20,171.47,168.11,164.01,159.51,155.42,149.91,143.62,138.95,129.77,117.83,113.32,101.83,91.71
161.64,180.94,195.16,192.09,204.17,204.02,209.66,211.65,211.73,207.35,199.90,196.10,185.97,171.97,148.93,140.58,117.05,106.98,90.82,82.46,70.77,65.60,75.45,90.80,96.43,111.29,128.44,134.63,139.30,147.46,149.26,155.97,162.61,165.03,161.82,159.53,160.86,161.06,160.03,164.37,161.31,159.03,151.60,148.66,145.09,138.96,131.40,124.33,116.43,110.02,100.42,91.76
140.19,154.74,162.54,172.26,179.07,184.55,189.17,187.77,184.09,179.45,176.71,166.51,159.76,143.56,126.49,116.09,98.35,85.42,73.01,62.97,61.29,62.61,69.35,80.26,90.70,94.92,117.78,122.58,129.19,131.47,135.33,136.56,143.54,144.89,143.14,142.08,146.24,143.28,143.13,141.44,138.29,137.64,134.62,129.47,127.22,122.72,118.43,111.83,103.73,96.02,86.93,79.91
157.49,181.02,185.41,193.06,208.46,207.42,207.02,206.07,199.81,194.49,191.80,177.61,169.10,157.08,141.35,135.48,121.70,117.09,108.23,107.06,108.23,111.25,121.83,127.31,135.60,145.34,161.70,168.50,171.45,177.65,180.42,180.01,181.46,183.45,182.83,183.62,180.42,177.00,175.35,174.00,170.33,167.07,161.97,157.54,156.31,147.38,140.60,130.67,123.76,114.44,100.65,91.22
160.00,176.48,182.44,191.31,200.36,206.73,209.95,209.09,205.41,201.25,198.93,188.81,182.12,169.81,157.08,149.86,140.80,137.31,136.18,127.61,135.95,145.21,153.45,162.36,165.87,175.39,191.94,198.66,198.40,202.60,203.74,201.01,203.93,205.00,200.53,196.57,193.83,193.17,187.36,184.20,180.32,179.39,169.78,163.00,159.89,152.74,144.90,136.31,125.16,114.06,103.95,93.91
158.49,173.73,182.22,191.32,198.60,204.98,208.73,207.96,204.94,200.82,197.91,189.42,182.46,169.11,153.73,150.27,139.01,136.37,133.72,127.63,136.06,145.99,154.16,162.79,168.66,175.86,193.66,197.37,201.56,202.63,205.78,203.69,203.65,204.98,200.38,197.23,194.37,192.92,187.63,184.56,182.85,177.42,172.05,167.09,161.89,152.05,145.15,136.09,125.42,115.66,103.23,91.18
28.64,33.02,39.66,41.59,45.28,48.60,49.24,50.99,56.75,62.18,70.66,82.57,106.10,129.36,157.00,209.27,231.28,222.64,218.08,206.53,200.32,199.90,201.16,193.35,192.31,196.25,189.50,182.00,179.18,176.20,170.55,167.04,161.45,161.42,158.07,152.32,150.42,151.33,150.08,144.84,146.86,139.09,143.13,143.02,143.63,142.13,134.61,133.84,126.92,124.28,118.14,109.88
156.89,173.44,179.18,189.34,198.28,205.19,208.09,204.80,199.16,195.48,189.40,179.81,166.82,150.22,135.86,134.38,124.33,120.44,122.59,123.02,136.18,142.37,152.12,165.30,176.82,185.52,202.31,205.39,208.04,208.21,209.15,211.61,207.88,207.19,204.95,201.22,196.92,195.17,192.43,189.74,183.44,179.04,171.13,168.81,165.60,153.00,146.18,135.87,130.36,121.20,107.94,95.80
71.61,80.45,87.30,96.88,110.64,120.10,128.75,153.73,166.14,178.83,196.98,210.58,220.23,231.57,238.21,245.08,252.42,258.16,263.43,265.75,270.12,271.58,276.00,276.94,276.59,276.22,266.19,258.21,254.19,242.54,236.14,222.70,210.28,203.48,192.21,183.61,174.55,168.60,160.42,150.28,143.42,133.00,130.25,125.87,119.88,114.76,108.24,103.32,97.74,96.05,90.87,84.90
77.47,85.04,89.02,96.32,114.24,130.12,143.11,163.05,179.18,190.51,207.89,214.62,221.92,229.11,234.10,242.84,251.80,255.89,261.27,259.70,260.20,263.75,267.03,267.25,265.68,266.54,257.19,247.12,245.61,233.35,225.74,215.41,203.75,198.18,186.72,179.05,169.92,166.08,158.38,152.69,143.59,140.46,134.39,129.19,124.92,118.46,117.34,110.00,102.69,100.45,93.52,89.02
57.49,65.51,68.88,79.31,83.82,93.24,93.81,113.75,125.67,147.05,186.85,215.34,222.27,222.41,226.30,228.78,228.95,235.42,234.48,238.25,236.91,239.25,241.60,243.82,240.88,242.64,233.35,224.32,222.33,212.25,205.91,198.16,190.24,179.74,175.21,169.24,161.81,158.09,152.43,144.01,141.03,137.30,133.54,126.18,126.75,118.11,114.98,112.45,106.94,103.28,98.23,90.09
72.84,80.96,89.36,100.81,110.02,122.38,129.00,153.16,161.53,173.08,184.81,192.01,198.15,201.68,208.33,212.13,215.29,219.31,223.16,224.14,225.94,228.32,231.63,229.43,227.98,228.08,222.31,214.25,212.21,204.43,195.76,188.07,179.95,172.36,167.03,161.70,154.04,152.19,147.87,138.83,133.45,131.53,126.91,122.71,118.15,112.71,108.93,106.07,99.04,94.53,88.57,80.62
60.21,66.53,72.09,78.77,89.36,97.50,103.73,120.34,127.42,153.55,194.93,214.44,218.12,215.82,218.15,219.92,223.71,227.70,232.54,225.47,228.88,232.57,235.59,234.08,231.80,234.62,228.74,221.38,217.22,210.01,201.19,195.29,186.32,182.78,178.00,170.63,163.72,159.84,154.31,150.46,144.54,144.59,137.46,134.83,131.83,127.46,126.30,122.33,114.02,109.20,103.46,96.05
64.85,70.03,78.29,86.28,93.11,100.04,106.63,130.18,140.70,164.16,190.71,205.88,213.49,213.74,216.75,220.99,223.46,225.85,232.47,232.22,231.04,235.48,239.70,238.02,241.01,242.99,235.17,227.73,223.75,218.75,213.10,201.65,196.04,189.11,187.52,181.95,173.46,170.18,165.92,161.47,156.27,155.71,150.81,144.89,143.11,138.19,135.53,128.06,124.62,120.11,110.48,101.14
61.62,68.15,73.11,82.86,90.79,96.15,104.58,126.25,136.75,159.91,185.81,201.06,210.79,210.07,213.33,218.80,220.24,226.42,227.69,228.55,229.63,232.76,236.68,236.92,237.15,242.62,237.19,227.78,225.79,216.95,213.23,204.94,199.45,191.40,188.94,184.04,175.82,173.35,170.29,162.46,161.51,156.85,152.05,146.58,144.53,141.15,136.42,132.97,127.02,121.04,110.86,103.25
62.20,68.45,72.14,80.50,86.83,95.34,103.23,127.14,144.53,163.37,173.05,183.52,189.55,191.84,196.31,201.11,204.47,209.12,214.04,215.10,218.63,220.68,226.23,229.33,227.49,232.80,225.84,220.80,221.00,212.85,208.03,201.48,195.69,190.28,187.26,181.99,176.05,172.86,168.51,163.88,159.14,155.43,151.92,147.90,146.17,140.00,135.68,130.00,125.40,119.64,110.03,100.34
66.65,72.69,76.40,85.76,94.37,104.36,112.45,139.20,159.26,178.47,191.46,201.90,209.06,211.36,215.19,220.51,224.59,229.97,234.05,235.21,240.67,242.51,248.48,251.25,250.00,258.31,253.03,244.82,245.08,237.76,231.54,225.14,220.04,215.13,212.06,204.63,196.66,192.60,190.44,184.17,179.85,174.41,168.63,165.08,162.11,156.58,151.74,143.92,137.13,130.65,121.40,112.68
78.49,89.47,94.26,106.23,119.57,133.14,144.31,169.01,180.68,190.44,195.85,202.19,210.52,209.04,216.09,221.89,225.75,232.82,237.70,238.01,241.05,245.70,251.60,254.62,257.13,262.62,259.82,252.44,252.49,248.56,242.46,235.19,227.18,225.97,221.88,217.80,205.09,198.86,200.39,192.57,190.00,180.55,177.50,172.84,167.87,159.81,156.26,149.12,139.98,133.96,124.62,114.28
53.34,54.78,60.00,61.29,60.88,67.07,63.98,148.56,159.81,172.26,179.28,183.41,189.21,193.10,197.59,201.16,205.41,211.75,216.67,220.42,226.82,229.71,236.05,239.08,242.67,245.20,246.13,241.76,240.60,236.41,230.85,228.00,222.78,215.06,213.85,210.01,201.32,195.27,195.16,186.45,182.15,180.71,173.12,168.43,165.21,157.99,151.33,143.85,136.42,129.50,118.97,110.03
95.71,121.25,133.03,146.32,136.48,141.11,156.21,193.58,199.32,206.25,211.09,215.23,220.37,219.94,224.96,229.03,233.99,241.08,244.64,243.31,247.62,254.66,261.20,265.13,265.94,271.06,268.79,263.88,264.37,261.56,253.30,248.27,243.79,242.16,238.55,232.03,223.62,219.61,213.65,212.05,204.55,196.16,194.31,187.26,184.09,175.70,170.99,164.76,152.32,144.03,133.65,122.54
87.32,101.98,112.00,127.48,140.81,155.05,164.92,178.32,184.94,190.03,195.54,199.64,205.00,207.88,209.35,215.59,219.97,224.18,227.16,230.22,233.06,236.21,241.82,246.46,249.23,253.13,253.03,249.88,248.52,244.91,240.52,235.00,230.76,224.96,223.39,220.20,210.24,208.43,204.38,197.85,195.53,187.77,185.30,177.99,173.91,166.09,159.66,152.84,143.92,137.01,124.48,114.59
90.27,103.31,113.60,131.38,143.78,156.63,167.30,181.24,188.22,193.35,201.56,204.16,208.08,212.04,213.19,217.59,222.30,227.41,229.51,233.31,234.65,241.47,244.05,246.61,249.62,253.31,250.05,250.57,248.57,243.66,238.45,232.82,226.93,221.21,218.90,215.13,208.41,205.14,201.72,195.24,193.00,185.30,181.47,176.17,172.26,163.22,156.12,149.49,141.68,133.30,122.33,112.58
79.70,93.51,106.02,122.07,138.40,154.03,168.31,189.24,199.22,204.63,213.96,218.36,222.17,227.02,229.98,232.78,235.85,242.40,244.00,247.73,249.07,250.80,258.05,256.74,260.56,263.42,259.19,256.26,253.39,248.45,244.14,239.91,233.90,228.09,224.89,221.45,212.85,207.42,205.00,195.63,192.15,189.23,182.26,176.01,172.98,165.25,158.37,149.01,141.38,135.09,123.98,114.59
82.42,94.03,99.14,116.42,132.20,144.25,159.00,176.41,187.02,193.96,202.41,209.25,216.69,218.13,221.14,228.32,230.87,233.69,239.73,240.83,243.00,243.88,249.63,250.06,250.14,256.16,251.33,245.35,242.50,239.23,232.05,226.27,220.20,217.87,214.04,208.79,199.90,194.20,191.95,185.91,183.37,175.14,172.65,167.97,161.01,155.08,147.17,141.91,132.31,125.80,116.48,106.47
50.91,63.16,70.01,78.72,88.53,106.25,122.19,162.27,177.99,190.12,201.04,210.19,217.86,219.58,226.00,230.38,235.17,240.07,244.71,244.27,245.60,248.71,251.84,254.70,253.80,256.73,252.99,246.91,247.39,243.60,234.92,228.71,221.69,218.49,214.28,209.06,200.00,194.37,192.40,183.48,180.69,173.60,168.08,164.76,158.82,151.34,143.67,138.05,132.14,123.13,114.21,103.35
63.41,75.31,91.92,98.49,114.97,130.46,143.54,171.01,186.46,195.07,203.00,212.12,220.64,222.73,228.28,234.77,237.95,245.86,249.43,253.13,252.00,255.44,259.39,260.19,261.12,265.20,259.01,253.60,251.72,244.24,235.85,231.08,225.38,220.95,216.92,210.64,203.38,198.24,196.29,186.32,183.64,175.38,174.14,167.43,160.85,154.55,146.70,141.50,132.31,127.82,115.21,105.11
129.62,142.14,146.73,152.98,157.81,163.27,162.00,158.98,155.60,155.31,160.80,156.22,158.04,163.86,164.40,166.74,169.07,173.24,177.10,179.87,187.24,191.55,198.03,204.28,208.24,210.52,215.72,211.55,212.81,207.54,204.30,199.48,193.02,188.29,183.99,177.28,171.19,165.65,161.05,154.32,149.05,147.14,140.04,134.46,128.55,121.43,114.20,108.23,100.96,93.19,86.33,79.20
122.00,135.16,140.86,147.08,152.05,157.42,159.29,157.81,156.78,160.42,159.48,160.38,164.69,164.76,167.72,173.17,175.51,182.66,186.27,187.83,194.04,202.61,209.77,214.35,216.46,222.20,229.60,220.64,222.91,219.16,216.09,211.86,204.12,202.63,195.36,190.95,182.48,177.61,173.00,170.58,165.70,156.16,152.32,145.89,142.86,132.00,124.68,118.60,111.02,104.22,94.64,85.87
118.00,140.26,144.00,156.72,161.31,174.01,180.85,188.52,191.08,199.48,201.41,205.50,211.09,213.77,213.58,222.48,224.62,234.10,237.93,241.11,246.87,255.36,261.84,268.42,272.33,275.09,278.86,272.94,269.09,266.17,261.71,253.71,245.20,239.64,233.07,226.38,216.40,211.01,206.20,202.20,194.21,184.36,178.34,169.85,165.03,152.33,142.62,134.47,125.92,120.21,107.07,97.31
122.97,138.45,146.76,157.26,168.00,177.42,186.01,197.04,200.68,206.34,208.61,216.12,219.58,222.93,225.89,232.11,238.35,246.15,248.72,250.98,256.46,266.99,270.67,276.70,278.36,281.43,282.41,275.88,274.39,267.96,263.43,255.88,244.48,239.13,230.63,223.18,215.37,208.83,202.27,196.71,190.09,179.03,171.33,164.83,157.10,145.17,134.12,128.50,119.50,110.94,102.26,91.41
122.61,136.47,146.01,156.52,167.26,177.08,184.70,195.69,199.90,205.70,211.14,215.67,221.14,224.44,228.16,233.32,237.26,242.62,248.24,251.07,257.27,262.94,269.16,272.21,277.55,277.11,275.98,272.37,268.11,262.65,256.30,249.47,239.00,230.78,222.77,215.86,208.00,202.25,194.09,185.97,178.21,170.95,162.05,153.87,146.77,135.91,128.41,120.21,111.36,105.12,94.18,85.38
136.46,152.32,159.40,171.41,186.08,194.26,203.33,212.72,216.36,224.41,227.38,232.28,238.08,241.60,242.05,249.87,253.92,261.45,263.01,265.55,267.42,276.47,284.26,285.69,289.54,290.91,289.28,283.03,279.60,274.05,267.53,256.08,242.60,239.35,228.41,220.68,210.10,200.30,193.00,187.00,177.80,168.43,159.25,150.66,145.12,137.77,126.59,121.66,113.65,105.65,99.37,90.05
132.56,146.75,155.68,167.03,177.55,188.28,195.47,201.33,205.64,211.15,216.34,218.39,224.18,222.99,224.45,231.23,234.34,241.23,243.77,244.03,245.23,252.01,258.52,260.46,263.42,266.10,265.28,256.82,255.80,248.81,242.17,232.05,219.13,216.75,206.39,197.41,189.02,179.48,171.43,166.17,159.67,149.04,143.01,134.12,129.50,121.94,115.21,109.22,104.00,99.16,92.78,83.02
13.04,12.17,14.56,13.45,13.93,16.28,21.21,36.12,44.92,56.61,71.03,86.98,105.00,115.80,128.97,139.60,153.45,164.23,178.71,184.81,194.01,205.57,211.00,216.23,218.98,228.90,230.79,227.98,233.45,231.62,230.60,231.01,232.26,237.46,234.67,236.03,234.92,231.55,232.36,231.35,230.05,224.70,221.18,216.95,210.64,202.04,194.54,181.18,176.51,163.22,150.05,135.71
8.00,8.49,10.05,13.93,13.60,17.03,24.70,40.01,49.73,59.94,71.06,88.51,103.46,112.87,126.15,136.12,147.63,160.86,171.77,177.91,186.97,197.40,203.73,206.63,208.81,218.32,218.63,218.60,221.38,220.04,219.46,219.58,223.90,228.04,224.62,226.28,223.38,221.95,223.45,223.30,221.05,215.67,214.19,211.37,205.41,196.86,188.10,176.28,167.26,158.15,143.61,129.99
10.00,12.37,15.13,19.70,21.26,25.63,26.31,31.02,33.06,39.12,68.45,107.33,143.75,164.92,177.28,191.88,200.86,206.42,218.04,222.39,227.75,234.75,240.52,244.40,251.73,255.43,257.31,255.16,256.01,255.64,250.24,251.44,249.95,252.20,253.00,246.13,245.84,244.30,243.20,239.52,238.85,232.12,224.18,220.43,214.61,206.40,194.49,189.19,177.14,166.03,151.56,137.93
21.95,22.14,25.50,28.18,37.00,30.81,26.57,18.03,16.64,24.02,50.49,86.68,150.31,171.29,178.73,190.92,198.54,202.00,215.56,217.51,224.24,230.96,238.37,241.17,245.65,250.08,251.79,247.55,248.24,248.65,244.53,243.81,244.50,245.72,246.22,238.76,238.30,235.21,233.52,233.32,230.20,223.29,215.11,214.89,208.70,198.86,189.55,179.11,167.26,159.10,146.77,132.97
18.79,25.02,25.30,33.97,41.63,48.17,50.22,54.45,59.08,80.23,100.00,172.70,204.41,214.77,220.17,228.18,231.35,237.92,245.65,249.73,252.58,259.26,258.71,263.82,268.49,272.64,274.61,271.28,274.01,270.42,271.00,265.96,266.44,267.86,265.03,262.29,260.05,258.23,256.89,252.05,251.41,241.60,235.53,230.22,223.08,215.60,204.96,194.64,183.53,172.19,157.88,141.99
148.05,157.47,167.48,179.54,176.64,193.87,200.12,192.51,197.39,201.81,178.00,168.60,162.27,147.17,131.59,136.89,154.69,158.14,152.09,147.83,161.99,163.11,169.96,178.00,175.45,181.18,184.69,180.00,176.40,167.84,162.63,158.32,144.70,137.36,133.88,122.89,110.60,101.51,97.02,90.76,84.91,73.66,66.71,60.30,52.17,36.62,30.41,25.81,21.54,18.97,20.25,18.44
141.48,157.78,163.62,174.18,180.41,193.28,193.76,196.89,199.90,203.08,204.00,200.93,202.97,199.21,200.64,199.04,195.60,194.73,199.04,201.02,207.39,212.87,216.06,219.10,223.00,226.65,230.56,224.59,219.86,212.36,207.34,198.07,181.22,175.93,165.47,157.08,148.22,137.09,127.48,120.55,114.55,104.24,93.52,87.32,85.02,77.39,71.84,67.80,63.56,60.83,58.42,54.13
144.09,159.70,166.29,178.47,185.46,194.25,198.67,203.02,202.00,207.76,206.40,205.06,205.87,208.12,207.87,210.71,212.85,215.41,219.78,222.65,224.93,229.24,236.13,240.65,246.02,245.05,247.32,241.99,238.31,233.05,228.72,220.78,207.85,201.02,191.88,185.15,177.41,166.09,162.61,152.74,147.34,136.97,128.06,121.82,116.78,108.41,100.09,93.65,85.16,81.39,73.59,67.12
145.12,159.53,169.19,179.42,189.53,198.92,204.55,208.19,208.14,214.84,215.11,214.11,216.33,215.15,216.34,220.74,224.38,225.89,227.04,229.90,230.84,238.30,244.75,247.20,247.75,250.69,251.77,245.81,242.89,237.26,228.01,221.38,208.02,202.61,194.58,185.81,174.98,163.98,158.07,154.43,146.69,134.38,129.28,122.05,115.52,106.89,96.01,91.14,86.65,80.28,75.18,68.47
142.80,159.21,168.03,178.52,188.62,197.12,201.99,208.83,206.18,212.34,213.12,210.74,215.26,214.60,215.41,218.29,221.21,225.49,228.00,226.45,229.61,233.75,241.07,242.72,247.40,246.02,250.05,239.46,235.87,231.22,224.21,216.00,201.64,195.53,188.74,179.40,169.73,161.34,152.86,147.22,137.36,128.88,122.58,114.39,109.88,100.46,92.85,88.32,81.05,74.33,69.46,63.01
50.00,56.82,57.63,64.29,70.04,79.40,84.20,99.02,106.78,115.26,120.95,128.55,137.23,145.03,152.27,158.69,165.39,172.00,179.40,185.00,194.24,202.31,206.65,210.64,217.08,224.66,230.71,229.03,236.28,233.81,233.38,231.15,235.03,232.57,234.17,234.92,229.46,224.90,225.89,221.94,219.49,212.53,212.21,205.73,200.00,192.21,183.92,174.87,165.34,154.83,142.80,129.76
51.24,65.76,63.81,72.95,83.74,91.78,98.79,116.09,126.00,135.68,147.43,153.94,160.72,169.05,173.00,181.11,187.21,194.62,201.00,206.65,212.42,218.55,227.06,232.03,236.02,242.00,246.01,247.35,248.94,246.13,243.94,244.07,244.05,242.87,242.42,241.29,234.92,230.15,232.02,226.12,222.75,218.24,213.72,209.02,205.28,194.55,186.42,177.34,164.47,154.03,142.64,130.23
39.05,42.95,50.01,57.27,63.78,72.24,81.10,98.27,110.63,118.19,130.70,142.90,156.17,162.43,168.81,176.78,183.81,192.67,198.60,201.65,210.00,213.48,219.15,223.38,225.89,233.42,234.92,229.96,232.96,231.10,229.73,225.60,228.06,225.89,226.32,222.03,216.61,212.20,210.15,208.37,206.79,197.31,194.12,188.51,181.80,173.11,164.98,157.71,147.36,138.20,126.15,113.55
46.23,59.48,65.12,78.45,100.42,113.44,122.80,148.00,161.99,175.07,188.31,196.33,204.20,210.44,215.08,222.19,228.57,233.07,238.29,241.30,247.76,250.50,259.28,262.59,265.52,267.82,267.96,265.86,266.25,263.94,261.47,257.07,254.03,254.80,247.26,246.62,241.91,237.07,234.46,230.51,226.01,219.57,212.60,204.75,202.18,190.77,182.58,173.28,158.78,149.91,140.12,124.15
67.23,81.15,88.64,100.50,116.06,128.06,136.85,158.96,168.19,178.04,188.44,194.70,203.16,207.24,212.23,218.60,224.47,228.63,236.26,236.99,242.99,245.98,252.52,255.33,258.54,262.86,262.55,260.00,259.33,257.62,255.28,247.94,245.08,243.60,239.68,235.51,233.14,228.76,225.62,222.71,217.81,209.88,203.86,197.63,194.28,184.72,177.46,166.68,155.17,146.29,133.69,119.71
79.62,92.20,102.88,115.41,127.42,137.20,147.96,165.53,175.39,184.25,192.35,200.57,207.95,212.85,216.70,221.27,227.43,232.91,239.61,238.32,243.67,246.83,257.01,257.20,260.22,263.71,264.58,260.28,260.31,259.49,252.74,247.58,243.80,244.35,240.40,234.31,231.01,226.77,222.81,221.44,216.92,208.48,204.36,196.33,193.04,183.10,176.95,165.13,157.50,147.05,133.96,120.42
83.55,95.85,103.02,116.78,126.59,138.40,147.22,163.00,170.89,178.84,186.00,194.49,202.51,205.06,208.97,214.25,218.80,224.70,229.24,229.44,233.99,236.41,243.87,245.08,248.20,252.92,253.07,247.12,247.83,244.32,242.40,237.74,233.33,231.90,227.26,224.83,220.45,216.41,213.49,209.12,206.46,196.31,193.69,188.09,183.20,173.61,164.64,157.43,148.93,137.46,125.40,113.44
87.28,100.50,111.36,123.26,135.98,144.31,154.87,170.95,180.03,188.35,198.65,204.40,213.08,215.13,217.88,224.56,233.08,237.72,243.31,242.53,245.12,250.35,258.94,260.80,264.01,267.19,270.29,263.76,264.28,265.14,257.02,251.64,247.23,250.44,243.31,239.88,233.56,228.22,224.51,224.36,218.28,207.42,204.75,198.31,192.60,182.78,174.67,163.72,153.47,142.94,131.05,116.36
76.49,88.57,98.18,109.73,119.47,130.17,138.74,154.87,163.22,172.05,178.39,187.77,194.61,198.15,201.08,207.33,213.00,218.98,223.75,224.27,229.44,233.21,240.26,241.50,244.92,248.10,250.91,244.59,245.77,243.58,240.75,233.80,229.46,228.27,223.08,221.01,215.24,210.10,204.71,201.73,199.27,188.40,186.05,180.42,176.30,165.75,155.71,146.58,137.79,130.00,116.08,103.97
95.86,109.71,119.08,130.54,145.99,157.89,166.93,182.28,191.07,200.04,208.91,215.20,224.09,226.77,227.11,234.23,239.11,244.52,250.45,247.20,251.43,253.95,261.63,261.93,265.41,270.65,267.66,259.83,261.96,259.11,251.07,246.29,240.19,239.63,231.03,226.92,219.69,214.96,210.62,207.69,202.00,192.72,189.00,181.22,176.71,167.04,157.89,147.79,139.53,130.65,118.00,107.62
112.16,127.42,135.82,148.86,158.40,169.81,179.20,192.21,197.00,203.59,210.95,219.39,224.34,222.41,224.06,229.92,234.68,242.40,245.25,243.31,246.90,252.41,257.80,257.39,259.05,263.59,265.19,255.43,258.49,255.27,247.52,240.86,234.02,235.37,228.09,221.94,213.06,208.10,204.07,202.36,198.34,186.90,185.17,179.08,173.18,163.86,155.33,145.88,138.29,129.42,116.30,105.30
107.91,126.49,134.81,147.49,159.51,167.03,179.77,194.55,199.06,205.06,213.71,218.30,223.06,226.37,226.74,234.83,238.38,240.63,245.18,247.35,251.60,254.94,259.28,262.69,266.06,269.65,267.54,262.67,264.28,257.74,254.23,246.40,238.80,236.63,230.85,226.04,218.29,212.87,208.61,205.45,201.43,191.43,189.76,183.85,177.00,166.51,157.92,150.16,142.44,132.97,118.27,106.07
110.17,124.17,134.71,147.87,157.95,166.87,174.55,186.25,191.38,196.08,201.73,204.92,208.32,210.72,211.10,217.17,219.64,223.00,225.16,225.50,227.34,230.38,235.33,239.84,239.60,243.59,241.30,236.92,235.60,230.87,227.06,219.15,212.73,209.75,206.34,200.25,191.38,188.37,182.88,180.36,175.10,166.38,164.40,156.72,152.55,144.03,134.42,127.58,121.07,113.22,101.32,89.84
135.67,152.21,162.19,174.96,189.01,197.95,206.89,216.09,221.33,224.64,234.14,236.32,241.25,240.87,242.39,246.08,248.70,251.24,252.52,252.63,254.66,260.22,262.55,263.80,264.59,267.48,262.77,259.12,258.09,252.39,246.47,237.98,230.52,225.16,222.64,215.34,208.04,202.15,195.76,192.51,184.57,180.36,173.10,166.18,161.23,152.74,145.17,135.57,127.56,116.50,106.32,95.05
134.09,151.54,160.11,172.19,186.34,193.58,203.42,211.46,213.77,220.19,228.54,230.46,234.01,233.00,233.79,236.46,241.00,241.23,245.60,244.26,245.65,249.26,251.87,251.45,252.69,255.67,252.67,246.08,243.82,239.40,232.56,226.17,217.42,214.22,208.85,203.33,197.06,191.38,185.73,181.07,175.32,169.17,164.35,157.99,152.07,144.18,136.31,128.13,118.56,109.73,100.18,90.35
124.45,138.80,148.22,159.48,169.50,178.33,183.38,192.31,194.74,199.97,204.90,206.01,209.85,211.73,213.59,215.60,215.54,218.34,218.24,221.05,220.76,224.38,225.70,228.64,229.61,229.43,227.22,223.89,221.11,215.82,211.05,205.06,199.28,195.23,189.23,186.55,179.20,175.05,171.48,166.01,160.46,154.32,149.47,144.53,139.34,132.52,125.13,118.70,106.96,102.32,93.09,83.26
141.35,159.14,167.73,180.34,189.50,200.30,207.52,214.87,221.00,222.62,230.08,231.23,232.02,233.26,234.76,238.65,238.42,241.02,243.19,244.09,243.63,246.85,250.05,251.83,251.03,255.03,251.78,247.41,245.28,238.81,234.06,226.07,219.94,213.04,209.82,203.00,196.04,191.64,186.80,181.04,174.93,168.58,163.00,159.89,150.94,141.85,136.72,125.93,116.11,105.76,98.03,89.09
140.25,157.81,166.69,180.62,186.70,195.53,202.11,212.05,217.59,218.81,222.40,224.08,226.65,224.44,227.41,228.46,229.65,234.06,235.00,231.04,234.62,235.85,239.77,242.53,242.00,244.73,241.07,234.29,232.59,226.30,221.77,214.22,206.06,201.22,196.89,190.60,183.86,179.36,173.17,169.00,164.22,156.52,152.31,146.82,140.12,130.42,123.89,116.69,109.13,101.12,89.63,81.12
137.30,154.56,163.68,176.15,185.13,194.76,200.80,209.23,211.36,217.92,220.20,224.08,225.50,227.48,228.88,231.63,228.55,234.09,234.48,235.05,236.33,239.51,239.80,241.54,243.02,245.29,242.74,235.48,235.47,227.15,223.08,215.74,207.86,204.92,196.81,194.26,188.35,183.24,179.47,174.80,168.43,163.11,157.14,153.56,146.25,138.25,131.55,123.84,114.04,106.71,95.71,86.45
134.54,150.66,159.01,169.50,179.18,186.75,194.16,198.73,201.91,206.32,208.60,211.53,213.24,212.92,214.22,217.04,217.79,223.08,221.82,223.08,223.50,230.71,232.54,236.58,234.87,242.80,243.58,233.24,234.69,231.14,224.52,219.15,210.80,208.97,204.25,198.16,190.92,185.63,181.47,178.23,173.05,165.95,160.56,155.12,149.25,139.20,131.03,123.17,117.24,108.78,95.71,86.37
131.83,148.76,156.12,166.21,179.29,186.10,191.95,201.06,204.08,207.24,214.77,215.75,218.45,217.25,218.89,223.61,228.18,228.47,233.17,236.01,236.93,242.24,249.82,253.03,253.73,256.42,255.00,253.05,249.34,244.14,239.64,233.86,224.77,218.83,213.95,209.61,202.25,197.40,190.16,186.59,180.24,174.04,165.71,162.02,154.47,145.45,138.23,129.63,118.70,108.91,101.53,90.76
131.19,148.49,162.83,170.74,178.64,186.78,194.49,200.01,203.67,210.44,211.26,216.84,218.23,219.80,220.10,223.62,224.56,231.01,233.14,234.80,236.17,241.61,245.52,248.30,247.39,253.51,252.24,244.84,244.97,239.01,232.62,226.37,215.34,213.23,207.14,201.41,192.46,185.65,180.27,178.07,171.75,163.08,157.95,152.51,143.69,135.15,127.31,120.35,111.80,102.42,92.96,84.02
140.52,156.19,164.81,175.62,187.04,193.23,201.36,206.04,210.64,214.95,220.38,221.69,223.65,224.86,226.88,228.12,230.96,230.96,236.22,236.33,239.63,242.53,248.77,249.06,251.10,253.48,250.19,245.73,241.63,237.54,229.75,224.38,214.37,208.14,204.35,196.96,190.79,184.40,179.14,173.53,167.49,160.25,153.08,149.57,142.95,133.96,126.48,119.23,109.79,100.85,93.74,83.02
130.68,147.65,156.04,165.08,174.20,183.86,187.84,193.04,195.53,200.12,203.44,205.37,207.02,207.45,208.39,210.69,210.44,216.12,215.63,216.63,218.52,222.18,224.41,227.11,227.15,230.56,227.77,221.05,220.58,213.80,210.00,202.18,193.33,187.88,184.07,180.94,172.18,168.05,163.05,155.68,153.38,145.12,141.09,136.19,128.69,120.60,113.02,107.21,101.02,92.20,84.12,75.06
142.86,158.52,168.34,179.39,189.11,197.02,201.10,207.35,207.97,213.84,217.71,220.24,219.01,220.84,219.86,226.05,225.66,228.32,230.18,232.13,231.97,235.64,239.25,242.77,242.41,243.40,242.17,236.24,233.75,228.02,222.05,216.93,206.12,202.01,196.23,192.01,184.02,178.39,172.79,167.33,161.52,154.72,149.31,143.69,138.29,127.12,120.34,112.89,107.80,97.20,86.98,77.01
141.35,157.55,167.26,176.78,185.85,195.31,201.07,205.64,208.12,213.60,215.61,219.53,220.66,219.32,218.29,221.38,223.60,226.38,229.17,227.31,231.18,234.20,237.17,242.14,239.58,244.05,241.02,235.47,233.17,228.98,222.87,215.80,208.29,203.39,197.88,193.00,184.74,177.54,173.62,169.71,163.08,156.26,151.33,145.42,137.88,129.40,122.59,114.00,106.12,98.35,87.01,78.82
137.12,152.74,163.51,173.56,181.73,191.38,196.31,203.00,206.53,211.15,213.86,217.59,218.33,217.57,218.29,221.64,223.06,225.89,230.53,229.44,229.90,235.53,239.71,242.86,240.30,246.73,246.22,238.52,237.69,233.81,228.08,220.49,210.34,208.83,202.27,197.52,188.10,182.86,177.69,173.90,169.14,161.11,156.73,149.57,142.84,133.54,124.68,117.10,111.49,102.45,89.40,80.32
141.06,156.37,164.78,176.49,184.57,193.44,199.32,206.47,206.42,214.11,214.83,218.63,219.01,219.62,218.10,223.26,225.98,228.65,234.36,230.20,232.36,240.00,243.51,246.71,246.86,248.57,249.45,244.17,241.95,239.51,230.76,223.93,214.05,210.72,205.65,199.98,193.26,185.69,179.45,177.56,171.49,162.93,157.70,152.00,144.20,135.60,127.44,122.00,113.55,104.48,94.41,84.72
142.43,160.16,166.69,177.59,190.71,198.01,202.23,209.47,209.20,214.31,219.20,221.31,222.00,223.88,224.16,227.92,230.53,233.94,236.08,236.58,238.60,245.84,250.14,252.24,253.58,257.30,255.97,252.34,251.03,244.25,239.46,232.94,221.12,216.95,211.61,207.15,198.81,194.81,188.40,181.47,175.93,170.18,161.77,158.22,150.21,144.35,135.09,128.47,118.85,109.79,102.02,91.18
132.57,147.35,158.45,166.83,175.76,182.79,189.26,195.41,200.19,202.61,205.20,210.04,212.32,210.42,211.77,215.82,218.29,223.65,225.73,224.02,228.40,234.93,237.86,241.87,240.10,246.98,246.22,240.76,240.17,235.05,228.27,222.95,212.14,210.00,206.19,199.01,189.79,182.94,177.28,177.14,169.07,160.10,156.08,151.65,144.06,135.53,127.74,120.07,114.97,107.56,94.81,86.58
136.57,150.56,159.45,171.77,180.42,188.32,195.43,201.56,204.02,207.55,210.01,214.98,217.47,215.54,216.39,222.43,222.71,229.27,231.49,230.89,232.70,238.03,242.24,246.79,246.14,252.41,249.66,242.17,242.05,237.03,233.17,222.41,214.44,210.24,203.21,198.54,190.42,184.95,178.13,174.04,169.30,161.21,156.11,149.80,143.81,134.84,127.10,120.31,113.90,104.45,95.04,86.15
144.25,159.96,168.18,180.71,187.07,199.62,202.81,210.80,215.14,218.56,223.06,226.38,227.31,227.71,230.52,233.00,234.25,239.49,239.03,243.82,245.20,250.35,253.43,255.98,257.17,261.12,260.55,252.12,252.49,246.01,240.85,232.02,223.22,216.27,212.04,204.63,197.59,193.85,185.97,179.01,174.56,166.74,161.25,154.78,148.31,139.90,134.62,125.40,115.12,108.24,99.18,88.02
144.97,161.19,172.07,181.84,191.94,200.26,205.19,212.66,215.42,220.60,221.92,227.50,228.11,228.65,229.21,232.22,235.05,237.05,241.61,240.76,243.30,247.76,252.45,254.40,255.84,258.65,255.71,250.46,248.29,242.54,235.83,229.21,218.89,214.61,210.00,201.90,193.51,188.66,182.21,177.60,171.73,163.92,158.67,152.96,145.69,136.07,128.55,122.87,114.28,104.79,95.19,85.76
94.26,100.00,105.77,110.31,113.51,114.73,116.10,114.74,116.76,114.74,119.34,115.32,113.86,114.48,113.86,114.83,114.83,114.13,117.00,117.41,117.83,119.57,122.97,119.60,125.36,124.74,123.36,122.29,122.00,123.33,116.81,118.85,113.85,109.88,108.67,107.28,101.67,103.87,100.24,96.04,92.09,89.36,86.16,81.69,78.45,74.41,72.03,65.80,61.55,53.94,54.63,46.04
145.72,161.64,172.07,183.39,191.13,198.98,205.27,211.24,213.21,217.30,219.91,221.76,222.95,222.58,223.75,227.85,229.83,231.04,233.06,233.32,236.56,240.68,245.35,244.80,246.13,251.25,247.52,240.13,238.38,234.39,226.74,219.21,208.72,206.63,201.88,195.44,186.13,181.00,175.41,170.67,166.17,156.58,153.05,148.00,141.76,133.21,126.63,116.84,111.40,104.10,92.46,83.49
145.04,160.24,172.41,181.46,189.19,196.64,201.82,210.29,211.32,214.87,217.12,219.10,222.30,220.64,221.58,225.38,225.53,229.37,230.41,231.54,233.21,237.32,241.17,243.51,243.23,246.52,246.97,237.69,237.19,231.14,227.04,218.24,209.30,204.92,200.44,195.13,185.53,183.58,175.56,172.26,166.97,157.20,155.50,149.34,143.67,134.74,128.04,119.97,113.85,106.40,95.19,86.35
140.29,155.62,163.84,173.10,182.58,193.04,197.00,201.65,203.67,206.70,209.75,213.27,214.53,214.17,213.82,219.11,221.14,224.12,225.00,224.80,225.49,231.46,235.27,238.60,238.87,240.11,238.55,236.23,235.19,227.01,222.81,216.76,208.47,203.75,197.77,193.51,186.40,180.70,177.12,171.00,166.17,160.56,154.67,150.00,143.17,136.19,129.36,122.15,113.99,105.65,97.13,88.77
144.92,160.21,170.56,180.19,189.07,197.23,203.30,208.17,211.02,213.97,217.79,222.91,222.80,221.31,221.54,226.46,227.26,232.11,235.17,233.32,237.06,241.94,245.35,248.58,250.01,254.57,253.95,247.00,246.45,241.57,233.81,227.31,218.28,216.94,210.72,203.12,196.33,191.39,186.13,184.29,177.51,169.25,166.09,159.31,152.74,143.78,137.53,129.62,122.59,113.95,102.84,93.41
142.67,157.38,167.50,178.47,189.45,197.52,204.44,210.30,211.59,214.85,220.24,222.95,223.62,226.06,228.48,231.08,234.76,239.14,241.35,243.07,246.98,252.52,257.71,260.32,262.27,265.32,263.79,260.13,261.24,254.15,248.05,243.32,231.20,227.56,223.44,218.44,210.72,205.91,198.49,194.58,188.11,180.69,173.90,168.29,162.15,154.30,146.29,137.87,127.91,117.99,110.21,98.23
145.23,162.05,172.63,182.86,192.68,199.46,206.71,214.28,217.04,221.44,223.71,227.85,230.24,228.00,228.88,233.79,238.85,242.00,247.69,243.77,247.34,252.20,258.28,263.06,263.96,267.17,266.39,262.12,259.19,253.25,246.03,240.67,229.89,228.13,223.54,216.00,207.41,201.61,195.43,193.26,185.61,176.24,172.03,166.09,158.94,149.86,142.17,132.97,127.41,118.15,106.23,94.89
142.84,157.44,166.09,176.31,187.00,195.90,200.48,205.06,210.10,212.43,213.46,219.40,219.54,220.95,222.51,225.96,229.22,231.47,233.53,236.21,239.01,242.87,245.76,251.75,251.11,253.30,253.57,247.78,249.24,239.71,236.14,228.98,220.49,216.12,208.01,204.96,197.33,191.59,185.15,180.83,177.10,167.86,163.62,156.72,151.21,143.54,135.96,129.88,120.35,110.91,102.18,91.55
149.27,165.03,174.23,184.05,194.37,205.41,210.04,214.97,219.32,222.52,226.49,228.76,230.36,230.27,231.08,234.18,237.93,241.13,244.00,242.94,245.97,251.21,256.30,258.12,258.14,261.63,262.25,255.64,254.81,248.05,241.20,233.42,224.32,221.17,214.34,207.96,200.88,195.21,188.88,186.10,178.49,172.07,167.36,161.11,153.81,145.43,139.71,131.69,123.49,114.62,104.39,95.21
137.89,153.47,164.00,172.49,180.28,189.99,194.56,201.46,205.29,207.17,209.69,213.22,215.34,213.40,212.44,216.63,220.58,224.02,226.76,226.74,227.61,233.90,237.45,238.21,239.20,244.03,243.96,235.19,235.85,231.31,223.11,217.31,207.87,207.29,199.91,194.10,186.17,181.50,176.62,172.86,167.09,158.82,155.96,149.05,145.04,135.95,128.80,120.88,116.02,108.16,95.00,85.98
149.00,164.88,176.11,185.42,194.49,202.48,208.15,216.81,219.02,222.95,224.18,227.74,230.21,229.90,230.41,233.98,237.76,240.88,242.42,242.20,245.66,248.87,256.27,258.17,258.99,261.96,260.32,254.61,252.00,247.34,240.41,234.08,222.83,220.93,215.86,209.88,202.68,194.26,189.17,187.24,180.62,171.62,167.92,163.27,154.93,145.34,138.03,129.08,122.00,115.69,102.55,91.00
145.34,163.05,170.67,181.04,190.26,200.61,206.19,209.80,214.95,216.06,222.19,223.40,226.29,228.32,229.53,231.02,232.82,237.01,238.16,241.29,244.04,249.21,251.10,254.39,256.43,259.20,258.65,251.83,251.28,243.70,238.90,231.78,224.32,218.25,211.81,206.78,201.52,196.87,190.54,180.01,176.91,173.63,165.21,160.70,153.56,147.49,138.28,130.27,120.74,111.02,101.84,91.20
132.46,146.41,157.00,166.69,174.81,181.71,187.21,192.11,195.94,199.48,200.81,205.88,208.35,206.71,207.10,211.01,216.23,219.49,222.17,221.42,223.00,227.40,233.50,236.52,237.26,240.35,240.62,233.00,231.46,228.37,221.74,215.75,207.59,203.50,199.30,194.16,186.66,180.16,175.80,173.28,168.19,158.50,156.73,150.33,143.41,136.01,128.06,119.04,114.76,105.08,94.41,85.28
139.72,152.87,161.40,170.46,180.10,188.45,193.87,200.34,203.36,207.54,209.85,214.44,214.62,215.68,216.04,220.08,225.06,229.00,232.65,229.32,232.33,240.14,243.50,245.20,247.40,250.57,251.29,242.03,243.26,238.47,230.67,225.76,215.75,213.72,206.74,204.75,193.81,187.38,183.32,181.73,173.85,164.78,160.33,156.60,148.17,141.32,133.42,125.92,118.34,109.90,100.00,89.59
148.49,163.29,171.86,183.37,195.14,201.64,209.03,215.13,218.18,221.45,226.37,229.69,230.85,231.45,233.03,238.07,241.48,243.40,248.74,247.78,250.80,257.78,262.24,265.19,266.92,269.39,267.53,263.46,261.84,255.13,250.41,243.90,232.97,228.12,221.90,216.53,210.23,202.04,197.43,191.45,184.97,178.72,171.59,167.29,160.70,151.33,145.53,136.88,126.62,116.36,107.47,97.53
142.30,156.11,167.97,176.48,187.61,194.20,199.72,207.24,209.35,214.77,217.92,220.41,223.65,223.38,225.18,228.53,231.94,236.60,239.79,239.25,242.74,248.81,253.00,256.63,257.03,258.55,258.94,252.24,252.07,246.13,240.17,234.40,224.77,220.27,215.52,208.63,201.06,195.30,190.34,184.70,178.91,171.74,165.08,158.70,153.40,144.28,137.06,129.40,121.83,111.63,103.04,92.36
134.03,148.49,161.01,170.60,179.03,186.95,192.72,201.12,205.52,209.12,213.38,215.52,218.77,219.35,220.73,224.96,228.89,233.07,237.07,235.19,240.85,245.17,251.73,253.00,253.43,258.05,256.73,251.56,248.79,243.10,238.35,231.39,221.82,219.54,214.76,207.50,200.83,194.67,189.48,184.78,179.23,170.66,166.82,160.37,153.00,142.76,136.57,128.41,122.26,112.80,100.34,90.27
138.46,154.29,162.19,172.79,181.30,189.79,196.50,202.59,205.23,209.69,212.85,216.67,217.83,219.23,219.54,223.77,226.88,229.32,233.00,233.90,233.69,240.20,244.64,245.98,247.86,251.64,250.17,243.98,244.40,236.23,230.77,225.20,214.55,211.97,206.34,200.25,191.64,186.05,182.43,176.58,171.43,163.05,159.45,152.59,147.26,136.78,131.95,122.38,116.35,108.50,96.83,86.53
144.31,159.01,167.97,179.45,189.17,196.74,204.04,210.62,213.55,218.55,221.98,225.00,225.84,227.48,228.45,232.47,235.64,240.41,242.99,241.95,245.52,252.00,256.43,260.09,259.22,264.88,262.23,256.88,254.15,250.01,242.42,235.23,224.02,223.64,215.62,209.62,203.00,194.62,189.17,187.11,179.92,172.15,166.74,161.01,153.03,142.64,135.43,127.78,119.10,109.56,99.70,90.38
144.53,162.37,169.00,179.71,190.25,199.60,205.83,210.44,214.15,218.34,223.62,224.74,226.36,226.59,229.48,231.46,235.14,239.64,243.74,244.24,247.01,252.52,257.19,260.68,260.99,263.58,263.61,258.54,255.80,248.16,244.40,235.34,226.42,221.12,215.81,209.90,201.56,196.06,191.21,185.43,178.90,172.71,164.45,158.08,152.11,143.41,137.57,128.06,119.25,108.81,101.02,90.80
144.81,161.25,169.09,179.13,190.38,198.08,204.01,210.24,212.60,215.80,222.28,223.16,224.89,228.32,228.11,231.97,235.77,238.80,239.42,242.86,245.20,251.73,254.33,257.42,260.69,261.08,257.84,255.56,252.72,246.45,242.03,233.57,223.33,219.83,213.00,208.03,200.10,194.20,189.43,184.04,177.59,171.49,162.20,156.60,150.88,142.23,133.22,125.60,123.47,96.88,101.24,91.35
151.83,167.06,177.14,188.28,197.88,208.35,214.17,219.43,224.72,227.31,231.84,233.08,236.25,237.03,239.01,242.99,247.20,249.19,251.68,256.13,255.26,263.03,266.02,269.27,270.44,271.12,269.63,267.73,265.28,257.42,252.98,244.61,234.01,230.10,223.66,216.36,209.09,204.02,197.31,189.97,182.12,178.33,168.63,163.98,155.72,148.25,139.82,131.75,121.46,112.00,102.18,91.83
149.41,163.62,174.26,185.70,195.94,203.25,210.12,216.90,221.96,225.02,227.85,231.81,234.05,232.31,232.94,239.10,242.06,246.29,250.99,248.20,250.46,258.09,263.25,265.11,265.15,269.42,267.24,261.29,259.19,254.17,246.26,240.44,228.00,228.09,220.95,214.34,205.51,196.76,191.76,188.35,182.04,173.46,168.07,162.05,155.24,144.50,136.21,127.78,120.15,111.57,99.02,89.50
143.38,160.61,171.71,183.38,190.22,198.03,206.69,213.08,219.49,221.45,226.50,229.44,230.60,231.71,234.35,238.30,239.25,243.85,247.33,246.86,251.79,257.67,259.96,263.66,264.00,269.46,269.27,261.34,260.22,254.89,249.37,238.67,230.15,228.84,222.27,214.80,205.97,200.56,194.06,188.90,184.02,173.98,170.49,161.47,157.95,144.54,136.13,128.27,122.54,115.36,98.79,88.32
147.26,164.88,173.40,182.58,194.31,203.22,210.00,215.42,218.93,222.11,225.53,230.11,231.08,232.90,234.36,239.08,240.26,244.64,247.21,247.20,249.90,255.47,259.01,262.41,262.93,267.51,266.18,258.44,258.91,251.25,248.68,237.77,228.62,226.18,218.68,212.15,203.08,198.60,191.94,187.61,180.55,172.19,166.43,160.64,154.12,143.56,134.83,126.61,119.23,110.17,99.14,88.64
146.89,163.03,173.40,185.06,193.37,201.14,208.85,215.61,219.26,224.32,224.61,229.82,231.23,231.87,232.77,237.84,237.56,244.50,246.45,248.16,250.25,255.10,259.20,263.33,263.10,266.70,264.68,259.30,256.89,250.98,246.01,239.12,226.88,223.67,217.19,212.05,203.48,195.78,191.21,186.57,179.72,172.15,166.02,159.48,151.20,141.35,135.37,126.85,117.61,107.79,100.42,89.05
147.80,165.32,173.67,184.07,193.13,203.38,208.93,215.34,220.54,224.54,227.86,232.14,231.92,234.72,235.61,238.47,240.13,243.73,248.36,247.40,252.30,256.22,261.52,265.32,265.17,269.13,267.37,260.78,259.79,254.70,248.28,238.84,230.02,226.37,220.03,212.81,207.51,201.11,193.75,189.17,182.00,173.00,169.65,162.39,153.88,144.18,138.95,128.47,120.07,111.22,101.08,90.51
123.31,135.30,142.61,149.70,155.54,159.55,161.92,162.94,161.31,167.19,168.00,166.11,166.24,162.60,166.01,167.15,170.39,168.81,170.70,171.74,176.08,178.31,184.57,187.21,189.64,192.57,193.26,190.56,191.86,187.13,186.43,182.85,177.19,175.80,170.56,166.78,161.07,158.27,154.03,149.97,141.91,138.25,130.11,124.91,119.92,110.42,105.30,97.31,92.27,81.12,76.49,65.92
145.91,162.79,173.65,183.60,193.05,202.30,209.47,216.84,219.42,223.46,228.74,231.42,232.62,234.79,236.22,241.46,245.31,246.59,251.07,252.25,254.19,260.72,264.01,268.40,269.90,272.36,271.81,265.73,265.41,258.70,253.87,247.70,234.68,231.31,225.86,219.94,211.15,205.36,199.06,193.75,187.84,181.22,172.97,165.92,160.51,151.33,143.18,133.78,125.43,114.48,104.09,92.78
138.85,154.30,165.76,174.26,183.47,190.07,198.09,205.57,208.08,212.30,215.23,220.59,221.36,222.46,222.02,228.19,229.92,235.05,238.32,236.38,238.32,245.45,247.81,253.05,253.48,258.57,258.80,249.70,249.58,245.23,238.02,229.79,219.66,220.79,212.15,204.98,197.49,190.88,185.27,182.58,176.77,166.58,163.69,154.46,148.50,137.03,128.55,120.31,116.10,108.17,95.88,85.01
140.43,155.98,165.89,176.48,186.82,195.58,200.12,208.61,211.12,214.28,220.08,223.62,224.59,224.40,227.71,230.54,232.70,238.38,242.01,242.54,245.49,250.60,256.88,259.05,260.42,262.53,261.08,255.33,253.75,248.81,244.88,236.28,227.17,222.65,216.60,211.46,200.38,196.01,188.80,185.81,179.77,171.14,165.13,157.05,150.28,142.76,131.47,126.19,117.64,108.23,99.32,88.65
139.95,154.21,166.48,176.05,185.53,192.85,200.00,205.55,208.40,213.85,216.72,221.55,223.40,222.87,224.13,228.67,232.03,237.51,240.13,239.84,241.96,247.70,252.72,256.32,255.52,259.93,260.02,253.16,249.87,247.70,239.00,232.05,222.38,219.49,214.24,209.47,198.67,192.77,185.08,182.86,177.92,166.83,163.22,155.44,147.49,138.31,130.23,123.48,114.63,107.49,97.08,87.42
142.17,159.67,166.77,177.81,188.10,197.73,200.77,209.29,212.42,216.67,221.45,222.64,227.23,226.93,228.62,233.63,233.36,238.21,242.47,243.94,248.46,252.21,255.10,260.50,260.35,263.79,261.70,257.96,255.38,249.04,245.84,237.12,228.60,221.05,216.57,209.40,203.87,197.31,192.63,184.48,179.10,170.63,164.60,157.21,150.88,141.13,133.15,126.40,117.15,108.08,98.18,89.84
140.03,157.08,166.42,177.91,185.00,193.54,199.12,205.92,209.54,213.24,216.64,220.91,221.68,224.27,225.21,228.21,231.11,234.98,238.05,240.02,242.61,249.23,252.16,255.49,257.11,260.84,260.23,253.57,252.67,245.23,241.02,234.26,224.38,219.01,213.46,209.02,198.30,193.91,189.02,182.19,177.14,168.31,163.03,156.06,149.28,138.06,131.03,124.33,115.97,108.05,97.42,87.10
142.27,157.78,169.14,177.09,186.22,195.54,200.77,209.55,215.33,216.18,220.68,226.36,226.42,226.00,228.44,232.78,235.59,239.12,241.40,243.20,247.49,252.05,256.96,258.41,259.86,264.14,264.17,255.28,254.34,250.23,243.56,237.19,225.50,225.49,216.81,211.29,202.06,193.96,189.99,185.07,179.42,172.01,166.38,161.47,153.12,142.51,133.72,127.48,119.04,110.02,97.94,88.73
145.42,161.05,172.57,181.84,189.78,199.42,206.52,213.38,217.89,219.06,222.91,227.16,229.92,229.99,230.41,234.83,238.45,241.51,245.90,241.90,246.60,253.21,257.38,260.00,260.45,267.07,262.06,255.57,254.81,250.42,244.40,236.99,226.00,224.52,217.31,212.60,201.81,194.99,190.67,186.45,181.02,170.19,167.28,159.81,153.70,141.90,133.66,125.92,119.97,112.07,98.03,86.02
136.50,152.46,161.20,171.47,181.18,188.94,194.51,203.48,204.16,209.47,212.51,218.01,219.10,217.81,221.62,224.27,227.40,232.17,236.60,235.30,237.13,242.04,248.36,249.78,251.00,256.20,255.52,249.90,246.48,243.77,235.95,229.79,217.85,216.00,211.01,204.92,196.86,190.54,184.76,180.31,175.51,165.19,161.55,153.83,148.17,137.06,130.05,120.74,115.26,105.95,96.13,85.00
153.45,169.71,178.01,189.89,198.84,209.39,215.75,220.77,226.97,229.87,234.05,237.39,240.42,239.00,243.25,247.17,249.30,253.81,255.88,258.94,261.19,268.13,271.15,276.48,276.48,279.69,278.45,273.13,273.76,264.28,260.16,250.16,241.54,235.27,229.65,224.52,215.23,211.29,203.07,198.91,191.76,183.93,177.00,170.77,163.08,154.55,145.50,136.56,127.09,116.04,107.28,97.42
142.36,155.76,165.87,176.23,186.32,194.73,200.61,206.81,209.57,212.25,218.49,221.42,222.80,223.18,226.11,228.59,234.44,235.53,238.65,241.41,244.79,250.80,255.29,255.39,259.48,260.23,257.24,256.97,254.01,248.85,241.85,234.94,226.05,220.69,216.12,211.25,202.00,196.94,189.31,185.40,177.25,171.45,163.15,158.69,150.84,140.94,136.50,125.90,116.78,107.52,99.32,90.45
140.94,155.32,164.81,176.48,184.76,192.50,199.85,206.63,210.34,213.04,216.97,221.23,221.69,224.24,226.00,229.58,231.81,235.78,238.88,241.03,243.82,248.81,253.57,256.38,257.56,260.97,262.05,254.66,252.76,246.81,242.40,236.24,225.06,220.17,214.56,209.69,202.53,196.66,189.62,185.95,180.10,172.53,165.76,159.01,152.59,143.67,134.79,129.07,119.64,110.44,100.34,90.45
143.89,158.81,166.82,177.79,187.18,195.43,202.24,208.63,212.20,215.33,219.28,223.71,225.28,224.77,227.30,231.28,237.02,238.88,241.01,242.84,245.12,251.87,256.13,259.39,260.23,263.06,262.76,256.73,256.68,250.45,243.12,236.41,227.73,223.62,218.55,212.81,203.57,197.74,192.77,188.52,179.98,172.53,167.80,161.61,153.26,144.97,138.40,129.10,120.21,111.07,101.95,90.20
141.61,158.40,167.97,179.78,186.76,196.06,202.20,210.49,211.45,217.79,219.80,225.14,224.62,227.23,228.11,233.65,235.05,241.30,244.24,245.05,247.58,252.83,257.99,262.50,262.09,265.88,265.20,258.21,258.37,252.41,247.37,239.93,228.02,227.34,220.18,214.45,205.41,199.83,192.28,190.00,184.36,174.03,171.41,165.13,157.20,146.10,138.24,129.87,124.72,114.02,101.71,90.55
140.43,156.68,165.10,177.56,186.70,195.53,199.91,207.65,211.95,214.39,220.78,223.00,224.18,225.89,225.08,231.67,234.18,237.93,240.67,243.60,246.26,252.24,256.72,259.85,260.35,263.82,262.32,258.05,256.10,250.67,246.05,236.22,228.55,223.49,218.44,212.05,203.48,197.70,192.61,188.44,182.46,173.07,166.98,160.03,154.20,145.03,137.57,128.69,121.31,112.01,100.66,90.00
147.30,165.15,176.26,185.97,196.06,204.29,211.95,219.24,224.54,226.42,232.01,235.15,238.54,238.65,240.67,244.92,248.81,252.24,255.89,254.71,259.79,267.35,270.70,274.45,276.01,277.27,278.09,273.31,271.27,264.46,258.24,249.97,240.65,238.45,232.22,225.14,215.96,208.72,203.94,199.58,193.00,185.61,177.29,170.36,165.47,155.40,147.08,137.71,129.12,120.02,108.91,95.38
138.60,154.43,163.60,174.13,184.20,193.02,199.02,203.87,207.76,211.68,214.95,220.08,223.04,222.27,223.58,227.55,231.25,235.97,238.56,241.01,241.88,248.03,252.61,257.77,256.69,261.22,260.12,253.21,252.36,246.90,240.30,234.34,224.56,220.93,214.67,209.12,201.76,193.51,187.88,184.71,178.64,170.34,165.13,158.05,150.96,141.99,134.83,126.19,117.44,108.47,98.48,90.03
140.91,157.29,167.29,178.03,187.09,193.79,202.94,209.35,213.15,217.15,222.28,224.32,226.60,228.87,227.72,233.26,235.34,238.56,243.98,244.97,249.26,254.70,258.86,262.03,263.14,266.99,266.09,258.65,256.91,252.56,245.81,240.97,230.82,224.93,222.61,214.90,206.32,199.65,194.58,190.71,184.17,175.57,170.39,165.95,157.46,147.41,140.80,132.19,123.00,112.95,103.08,93.30
143.13,158.96,170.86,180.07,190.37,198.31,204.16,212.42,214.27,219.73,222.60,227.18,228.74,229.90,230.72,237.24,240.68,243.40,248.07,245.20,250.83,256.91,260.80,264.78,266.03,270.43,271.06,262.03,261.17,257.61,249.65,242.04,229.94,229.92,223.93,217.44,207.89,202.83,195.26,191.85,185.65,177.05,170.05,165.42,157.28,145.99,138.29,130.65,123.69,112.70,100.72,92.23
138.77,153.06,163.37,173.57,181.74,191.02,197.34,205.29,208.94,213.03,215.46,220.64,223.79,222.10,222.71,227.54,231.09,237.50,238.38,238.65,242.10,248.47,253.51,257.16,257.86,262.49,261.90,252.96,253.84,248.29,241.81,235.23,225.57,223.06,216.33,210.06,201.64,194.92,190.17,187.97,181.47,170.34,166.40,160.70,154.30,143.60,135.13,127.14,121.26,112.70,97.05,88.24
98.06,104.66,109.44,114.83,118.07,118.53,123.37,118.88,117.72,119.50,123.02,117.39,116.25,115.84,116.00,118.96,117.64,118.38,119.54,122.33,123.00,124.84,127.58,129.12,129.20,127.91,129.25,127.94,128.06,128.28,127.14,126.02,120.93,118.71,117.55,114.20,110.64,110.05,106.22,106.51,99.92,98.29,91.48,88.29,83.49,78.16,74.28,68.88,60.75,56.61,54.01,46.04
136.01,151.48,158.09,171.90,180.76,188.16,194.14,199.61,201.30,205.38,212.05,215.08,217.01,217.01,220.01,223.61,226.01,229.82,234.29,236.29,237.55,243.39,247.46,251.51,253.33,252.73,251.85,249.48,248.17,242.05,238.38,232.14,220.41,216.46,211.09,205.36,197.82,193.93,188.22,181.65,174.92,169.78,160.11,154.81,149.05,140.63,133.06,124.81,115.88,105.48,96.69,88.12
141.79,157.20,164.84,176.47,184.25,194.54,200.06,208.02,212.93,215.56,220.05,224.98,226.83,228.21,227.40,232.31,237.07,240.10,241.96,243.82,249.62,253.71,257.26,262.37,262.86,267.25,265.93,258.68,258.49,253.29,245.10,239.44,231.19,225.36,220.73,212.94,205.14,200.64,194.29,189.83,184.01,172.98,168.19,163.02,156.58,147.33,137.36,128.84,121.61,113.16,101.00,92.76
141.44,156.32,162.93,175.57,186.04,193.33,198.98,208.54,210.80,213.83,220.34,220.64,223.90,225.16,224.38,229.90,232.82,236.02,240.00,240.11,245.66,251.29,255.28,258.85,259.59,260.86,262.00,258.69,254.42,248.82,243.63,237.84,227.27,220.84,216.75,211.90,203.03,195.41,192.31,187.49,179.47,174.63,165.21,161.34,153.01,145.72,137.93,128.82,118.85,108.17,102.14,91.68
140.19,155.86,164.01,175.23,186.36,194.74,198.76,206.89,209.38,213.86,219.54,220.44,223.14,223.81,225.20,231.46,234.18,237.54,240.17,243.31,245.02,251.08,256.63,260.39,261.84,261.94,262.73,259.48,258.19,249.61,244.71,237.80,227.04,223.90,216.21,214.11,204.00,197.31,192.39,186.45,180.97,174.60,166.90,161.14,154.67,146.01,139.71,132.25,121.63,110.04,101.98,92.01
138.81,153.85,163.42,174.15,184.61,191.27,199.02,204.98,209.04,213.51,217.19,221.14,223.22,225.44,223.89,230.01,234.05,236.65,243.98,240.56,245.39,250.80,256.74,260.20,259.86,263.69,263.40,257.03,254.40,252.11,242.00,236.02,226.83,223.04,219.11,211.12,202.30,198.16,191.94,188.61,181.46,172.65,167.16,162.27,153.47,142.97,138.40,129.03,122.02,112.45,99.62,90.21
144.42,159.82,166.74,178.71,190.07,198.70,205.73,212.00,214.37,220.24,221.78,226.61,227.90,230.33,232.73,234.47,239.84,245.03,248.65,248.68,252.76,256.98,261.63,265.27,265.85,271.28,269.03,263.73,261.58,256.91,251.44,242.91,232.24,231.22,223.24,216.72,208.39,202.08,197.19,190.91,186.29,176.41,170.66,165.70,159.53,148.76,138.64,132.28,122.93,114.02,103.47,92.66
144.09,161.55,171.17,183.36,191.06,200.73,206.17,214.58,219.49,223.11,225.80,230.76,232.66,232.59,235.26,240.20,244.75,248.40,252.20,250.51,255.64,259.90,266.41,269.60,269.82,277.06,274.91,268.88,266.59,262.01,256.13,246.62,235.80,234.92,228.63,221.42,211.65,205.80,199.32,197.20,189.38,178.84,176.48,169.50,161.40,151.22,142.13,134.11,125.77,117.28,104.31,92.66
147.99,164.15,171.66,183.41,193.99,203.73,208.43,214.84,220.17,223.32,230.99,231.40,233.45,236.12,237.26,239.95,244.59,248.24,248.92,254.87,257.41,263.50,268.33,271.83,271.67,277.35,275.18,270.22,269.61,263.39,257.56,250.64,240.55,234.34,228.12,223.89,214.11,210.20,202.83,195.74,188.66,183.41,175.39,169.31,163.37,154.16,145.17,136.95,124.78,116.10,107.38,97.20
140.92,154.26,163.81,174.63,184.27,193.06,199.60,205.46,210.05,213.15,216.52,221.82,222.27,224.47,224.51,229.39,233.14,237.60,239.38,242.43,244.73,250.01,254.91,259.62,259.62,263.53,261.69,256.91,255.43,249.93,244.13,237.14,227.13,224.15,217.41,211.93,203.27,197.61,191.94,188.82,180.89,171.48,167.94,160.80,153.88,144.50,136.69,130.05,120.70,111.36,102.73,91.55
142.30,156.20,164.44,174.41,186.07,194.25,201.56,206.63,210.95,214.02,219.49,223.33,225.26,225.32,226.97,232.94,234.44,238.16,242.66,242.40,246.11,254.95,257.13,259.68,261.54,263.14,265.23,259.02,257.41,253.78,246.91,237.54,227.97,226.50,219.49,212.90,206.40,197.65,193.31,188.32,181.89,173.83,168.12,163.02,155.36,146.21,139.01,129.00,121.08,112.41,102.42,93.01
144.00,158.11,169.19,180.06,189.31,197.72,204.16,212.70,216.00,219.45,222.17,229.10,229.44,230.69,231.26,236.02,239.92,245.35,247.43,250.29,252.12,257.86,262.29,265.12,266.08,272.40,272.59,265.02,265.00,258.82,253.51,245.49,234.35,232.13,225.04,218.79,211.15,203.59,198.76,193.71,188.25,178.27,173.56,168.88,159.70,148.77,141.43,134.33,125.04,115.69,104.14,93.96
130.39,144.10,151.60,161.15,170.75,178.02,182.66,189.40,193.61,195.92,201.16,204.35,204.71,206.04,208.12,211.56,214.48,218.40,221.71,223.32,228.27,231.54,235.31,240.14,238.90,242.89,242.89,238.38,235.92,229.93,225.75,219.69,211.05,205.23,200.56,195.89,187.72,182.27,176.41,171.48,166.43,160.80,152.64,148.25,143.63,134.35,127.58,120.10,109.84,102.77,93.39,85.60
147.22,160.37,170.18,182.12,191.86,201.25,206.17,214.37,219.10,220.45,226.01,228.21,231.01,232.81,235.61,239.65,241.59,246.11,247.58,251.54,253.33,259.70,265.50,269.26,270.25,273.99,270.15,268.08,266.73,258.85,255.16,246.45,238.76,233.17,225.84,220.91,211.77,207.58,199.45,193.83,186.94,180.31,173.97,165.74,160.12,152.07,144.31,135.13,123.65,114.21,105.55,94.26
145.06,162.29,173.22,183.33,192.01,201.02,206.93,215.02,218.83,222.95,225.75,232.11,232.59,233.86,236.32,238.31,242.89,249.37,253.57,252.79,255.67,262.80,268.02,270.07,271.04,277.72,277.32,268.56,269.00,262.55,256.56,247.81,238.21,235.44,228.47,222.55,213.02,206.19,200.16,198.64,191.26,179.81,177.56,170.16,161.28,152.76,141.95,134.37,126.92,118.00,104.10,94.20
147.87,162.31,176.56,186.51,193.98,203.77,210.64,217.92,221.36,225.79,228.32,233.50,234.75,237.54,238.12,243.59,246.95,251.41,255.89,255.07,258.99,265.17,270.29,275.84,275.05,279.89,279.32,272.88,271.71,266.00,257.60,251.18,241.14,238.47,232.00,225.33,215.75,209.31,204.07,200.35,193.13,182.15,178.92,174.00,166.01,154.15,144.75,136.69,127.58,120.02,107.56,95.67
148.19,165.68,173.95,185.39,195.89,205.14,212.08,219.83,220.84,225.36,231.81,232.50,236.14,238.42,238.72,244.74,245.75,250.20,253.55,256.04,260.92,267.59,271.12,273.51,275.54,279.21,278.92,274.09,273.18,265.10,260.98,252.52,242.51,236.48,232.14,224.01,215.60,212.81,205.43,197.99,192.21,184.46,175.65,171.29,164.22,155.57,148.66,138.92,128.16,116.28,107.91,98.35
143.54,160.11,168.62,178.47,189.84,197.04,203.90,211.74,213.78,218.51,222.27,224.93,227.69,227.98,229.46,235.05,237.19,242.39,246.66,247.42,250.98,254.80,261.19,266.08,267.15,268.30,269.19,264.28,261.46,255.19,250.46,241.75,232.65,227.65,223.52,218.12,207.68,201.53,197.45,191.04,185.00,178.04,170.47,164.15,156.18,146.49,138.60,130.65,121.94,113.23,103.75,91.92
137.46,152.07,160.70,169.28,181.60,189.17,195.35,200.41,204.24,207.59,212.08,215.46,217.37,218.29,218.89,223.56,227.50,230.31,235.95,236.03,239.78,245.42,249.48,253.41,254.97,257.78,255.88,253.25,251.77,244.36,237.95,232.65,222.80,218.30,213.26,207.85,200.64,192.78,189.04,182.15,175.32,170.94,162.41,157.70,150.76,141.74,134.40,127.00,117.75,106.38,98.49,88.75
141.74,156.52,166.90,176.65,186.81,194.29,201.30,208.02,212.29,215.23,219.01,223.38,224.59,226.27,227.71,231.04,234.69,236.02,240.51,243.31,248.05,252.61,258.01,260.32,261.31,263.95,263.01,260.23,258.07,251.07,245.10,239.93,231.53,223.14,218.28,213.95,205.06,199.16,193.00,187.00,179.30,174.81,167.29,161.91,154.12,145.34,139.54,129.99,119.11,110.00,102.08,89.68
140.26,157.00,166.05,176.34,188.53,196.29,203.19,210.72,213.66,216.91,222.95,225.28,226.08,229.26,228.98,234.57,238.03,242.10,245.51,248.36,250.15,256.50,260.25,265.11,267.38,268.83,268.08,265.01,262.62,256.33,252.29,243.26,232.28,229.11,221.38,217.57,210.15,203.04,198.67,191.48,184.23,178.28,171.14,164.15,159.59,147.96,139.85,131.61,123.23,114.13,104.24,91.79
144.81,162.56,173.00,182.49,192.21,198.84,206.94,215.03,216.67,223.43,225.97,229.87,231.46,233.08,234.35,238.88,243.51,247.43,251.41,251.15,255.92,260.60,267.09,270.60,271.63,277.46,276.99,267.38,268.08,262.19,253.01,245.94,238.47,233.85,229.27,222.38,212.98,208.00,201.42,197.77,189.84,179.71,174.35,168.60,160.64,149.90,143.28,133.33,126.15,116.47,103.41,94.54
139.34,154.65,164.30,173.53,182.57,192.01,196.01,204.75,205.85,211.62,214.35,217.38,219.91,221.82,223.30,227.54,231.08,234.52,239.93,239.60,242.69,250.60,254.88,257.01,259.66,263.01,262.49,256.76,254.91,251.05,243.90,236.55,226.64,221.46,216.93,212.06,203.18,197.57,192.77,185.95,180.19,173.67,166.07,161.64,152.05,144.28,137.48,129.03,119.62,110.54,101.53,91.92
138.92,152.76,164.71,174.05,181.30,188.99,196.02,204.66,207.51,212.85,213.36,218.98,219.80,221.37,222.07,228.18,229.69,236.18,238.37,240.52,241.68,247.95,252.29,257.45,257.65,263.70,262.98,256.68,255.36,249.33,242.60,235.36,225.61,225.18,217.37,212.66,202.94,197.77,191.26,189.01,181.96,171.01,167.17,161.25,154.03,144.00,136.44,128.08,119.85,112.26,99.05,89.16
146.09,162.48,172.56,182.47,191.85,200.82,207.23,215.23,216.75,223.89,225.52,230.12,233.03,232.36,234.78,239.30,240.57,248.57,251.86,252.96,254.10,262.67,265.71,270.03,271.64,276.90,277.50,268.19,269.00,261.61,255.69,249.09,237.54,236.41,229.26,223.22,212.60,206.34,202.24,198.70,191.41,179.48,176.31,169.59,162.19,151.08,143.28,134.83,126.66,116.62,104.36,95.59
143.96,159.40,170.04,179.97,186.08,195.66,202.18,209.62,213.00,216.67,218.29,223.56,225.61,225.01,225.43,230.18,232.90,237.43,241.31,242.13,243.53,251.87,255.84,257.70,259.31,264.80,263.88,257.41,257.28,250.54,244.23,237.79,227.04,225.74,218.50,212.93,202.48,195.79,192.01,189.47,182.78,171.03,167.72,162.31,155.08,144.20,134.77,127.10,120.54,113.15,99.54,89.05
149.21,165.75,175.03,186.42,193.26,205.80,210.54,217.08,221.45,224.41,229.00,232.47,233.09,234.96,234.73,239.11,241.85,246.63,249.35,251.15,253.45,261.56,265.00,267.66,268.21,275.26,273.56,268.12,267.53,260.07,255.37,246.87,238.27,234.44,226.38,221.00,211.44,205.91,200.83,195.26,188.22,180.29,175.21,166.60,161.70,150.36,142.95,133.70,124.06,116.62,103.16,93.94
141.17,155.60,164.81,175.57,184.10,195.00,199.18,206.60,210.30,214.67,218.11,221.45,222.43,224.18,227.61,231.04,234.10,239.18,242.06,243.51,245.73,252.72,258.13,262.13,263.25,265.51,267.27,261.08,260.38,252.51,249.38,241.46,229.51,227.34,220.10,214.15,206.52,201.64,193.57,190.12,184.20,174.48,169.25,164.05,155.94,146.49,139.52,131.06,121.17,112.00,101.87,92.40
142.87,159.30,168.34,178.81,187.63,195.16,202.05,208.19,211.97,214.01,218.84,221.02,223.88,225.09,225.89,228.35,232.73,235.69,240.88,239.85,244.17,250.71,255.07,258.07,261.20,264.91,262.39,258.52,255.97,251.10,244.82,236.96,226.45,225.00,217.39,212.46,203.77,197.29,192.90,187.54,180.85,174.01,166.90,160.53,154.29,144.90,138.13,129.25,120.88,111.83,101.98,91.02
143.28,159.14,171.76,180.10,188.16,196.94,201.00,210.87,213.81,217.79,218.24,223.16,224.96,225.74,227.17,230.90,232.05,237.46,240.83,242.89,245.34,250.41,255.77,257.20,259.94,265.07,266.12,257.79,256.87,252.34,245.58,236.93,228.54,225.40,219.05,211.77,203.54,198.36,193.00,187.86,181.46,171.99,168.76,161.48,154.87,144.12,137.06,128.08,121.33,112.00,99.74,90.27
140.90,159.30,169.25,179.57,189.01,196.70,201.00,210.00,210.06,218.00,218.02,223.57,225.20,225.87,226.42,229.05,233.14,238.25,240.84,240.88,246.20,251.87,256.20,258.86,259.70,263.64,264.44,257.19,256.86,252.72,244.66,237.00,226.50,225.08,218.36,212.29,202.97,198.36,191.64,188.88,182.43,172.03,168.01,161.31,155.44,144.18,136.89,127.86,122.89,113.16,100.44,89.20
142.35,158.43,169.14,179.74,187.75,196.31,200.83,208.94,211.42,215.23,217.31,222.79,224.38,224.18,225.06,229.31,234.39,236.92,240.30,240.75,244.86,251.07,256.30,257.96,260.97,264.60,265.32,258.31,256.44,252.00,246.29,237.50,227.01,225.86,218.58,212.71,204.71,196.37,192.35,189.00,182.33,170.47,168.43,162.52,155.33,145.21,137.30,128.86,120.97,111.79,98.08,90.34
143.59,158.78,169.19,179.97,188.06,194.62,202.08,207.88,211.53,216.42,216.95,222.65,224.08,224.22,225.53,229.19,232.72,236.75,241.27,242.16,244.08,250.46,255.28,258.31,258.99,264.55,261.82,256.64,255.70,250.50,244.08,235.92,227.02,224.88,218.63,212.88,202.54,197.46,191.60,189.38,182.24,172.20,166.15,163.19,155.08,146.49,137.82,129.25,120.93,114.13,101.00,90.87
143.69,159.41,167.80,179.30,188.16,196.70,203.08,207.10,212.57,215.33,220.52,222.93,224.66,226.52,225.68,230.96,234.10,235.77,238.76,242.06,244.68,253.89,254.47,258.43,260.10,261.07,262.49,258.27,259.01,251.31,247.43,237.69,227.27,224.38,217.37,211.54,204.79,199.81,193.35,187.30,180.01,175.09,166.08,161.01,155.47,145.66,137.38,129.36,119.42,109.18,102.04,92.31
142.01,158.50,166.90,178.46,186.04,195.14,198.84,208.28,208.50,213.81,216.39,220.03,221.33,222.62,222.91,228.53,229.09,235.55,237.98,239.59,241.08,248.81,252.25,253.78,257.07,261.22,262.47,253.40,252.39,248.39,242.91,234.78,225.25,222.80,216.84,210.77,201.68,196.40,190.67,185.07,180.83,170.80,167.44,161.38,153.87,142.35,136.03,127.95,120.21,109.56,99.13,89.47
142.17,155.90,166.64,178.36,186.49,194.61,199.54,208.37,211.12,213.85,216.09,221.31,221.82,223.89,224.18,229.42,231.97,235.09,238.82,239.04,242.22,248.58,254.16,256.96,260.36,264.01,260.65,257.11,255.54,251.44,244.72,235.97,226.38,224.41,218.32,211.29,203.82,198.09,192.00,187.54,181.14,172.56,167.72,161.37,154.03,144.20,136.68,128.66,121.71,112.29,100.69,88.12
145.17,160.33,169.24,179.77,191.00,196.98,204.56,209.88,213.69,217.51,221.98,225.18,222.34,227.26,227.86,232.86,236.76,237.54,242.63,243.25,247.50,253.95,258.86,263.15,262.10,265.35,264.84,261.84,261.12,254.03,247.52,239.18,229.94,226.29,218.66,215.39,207.07,201.63,193.38,190.47,181.80,175.38,168.44,163.48,156.52,148.53,139.60,130.38,121.02,112.54,102.55,91.76
140.42,158.24,167.86,177.63,185.16,194.51,199.45,207.65,211.55,215.52,219.32,221.69,224.50,222.42,222.83,228.82,234.00,234.18,239.17,238.77,242.89,249.62,253.54,255.57,257.56,261.63,261.73,256.32,255.19,250.71,243.40,234.83,225.39,224.89,216.63,212.44,203.21,196.66,190.91,187.39,179.52,172.07,166.87,160.15,155.24,143.59,135.59,128.00,119.92,112.36,99.76,88.10
145.50,160.20,170.66,179.81,191.46,198.64,204.63,210.24,212.42,218.00,221.78,224.29,224.89,227.38,227.72,232.69,236.41,239.01,243.07,244.59,246.99,254.24,256.46,260.50,262.29,263.35,264.34,260.28,260.32,253.16,248.65,241.14,229.12,223.65,220.18,213.79,204.82,200.01,194.73,188.22,180.54,176.31,166.81,160.86,154.02,146.01,137.88,130.43,120.43,110.60,102.59,91.24
144.67,160.59,170.00,180.40,188.81,197.00,202.20,208.24,211.51,216.15,219.74,220.95,223.32,226.01,225.51,230.78,232.56,236.05,239.41,240.80,246.08,252.00,255.86,258.65,259.12,264.05,261.89,256.81,256.22,248.89,247.10,239.70,228.32,223.90,218.08,212.31,204.75,198.86,193.06,188.27,179.94,173.57,167.94,161.21,154.38,145.58,139.18,129.39,120.30,110.54,100.69,91.24
144.06,159.55,169.85,181.10,189.04,197.43,200.34,208.41,212.08,214.11,216.62,221.08,222.00,223.08,226.05,230.49,232.02,234.45,238.67,239.71,243.42,248.93,254.95,256.26,258.64,263.49,263.02,256.47,254.13,247.80,245.73,236.26,226.42,223.33,218.23,213.04,202.62,198.24,191.05,187.88,181.46,172.80,166.21,159.86,152.85,143.14,135.80,129.25,120.03,111.61,100.44,90.97
140.12,155.72,166.69,178.36,186.17,193.13,199.02,205.12,207.02,211.24,215.39,216.23,218.28,218.10,218.68,223.81,227.25,229.47,231.32,233.68,237.69,241.87,247.12,248.92,251.34,254.16,253.44,250.57,247.63,242.06,237.77,230.49,221.71,216.53,210.19,204.71,196.98,191.38,185.98,181.11,176.23,166.90,160.15,154.03,148.03,138.54,131.10,122.58,115.52,106.98,96.61,85.60
147.83,165.10,174.66,185.74,193.79,205.14,209.61,217.72,220.10,224.32,228.76,232.02,233.31,232.95,234.73,240.24,241.63,246.43,249.00,251.73,253.57,259.94,263.06,268.49,270.30,273.59,273.89,266.10,267.15,261.91,259.52,247.49,236.54,235.03,226.88,220.95,212.53,206.63,201.53,197.27,190.60,179.72,175.10,167.73,161.05,150.66,141.20,134.48,124.40,115.92,104.69,93.61
140.29,154.93,161.38,173.65,184.61,192.13,198.70,203.84,207.00,210.77,216.70,220.00,219.39,221.68,222.65,227.86,232.02,234.80,240.23,239.93,241.75,250.15,254.94,259.05,260.42,262.43,262.94,258.99,255.98,249.71,245.06,237.10,227.20,224.64,217.17,211.56,204.24,199.84,191.41,189.38,180.57,175.21,167.19,163.02,153.68,145.34,137.46,128.89,119.95,109.12,102.88,92.00
150.65,167.03,176.31,186.08,196.43,207.78,211.81,218.05,223.19,225.40,229.81,233.00,233.81,233.63,238.40,240.36,245.49,248.34,250.00,253.07,257.42,263.32,268.33,270.84,272.26,276.38,273.77,270.48,270.50,262.43,258.52,250.52,240.93,234.36,232.16,224.40,216.48,210.30,203.18,197.40,189.13,184.36,175.14,169.54,163.36,154.08,145.96,137.24,125.92,116.04,109.18,96.40
149.00,163.32,173.07,185.27,193.69,202.39,207.39,213.38,217.11,218.68,224.85,225.64,227.85,228.24,229.94,234.06,235.54,239.74,242.00,244.24,248.81,251.73,258.12,261.20,262.19,266.87,261.58,258.52,258.66,252.07,247.13,237.69,230.84,222.70,218.41,212.98,206.20,197.80,193.49,187.45,179.47,173.30,165.19,158.27,153.00,142.36,137.09,128.06,117.32,108.81,101.24,91.01
144.51,161.62,168.91,181.18,189.77,199.41,204.83,210.10,213.86,217.59,222.28,223.44,225.58,227.44,229.01,232.22,236.10,237.55,241.81,245.05,248.10,253.95,257.24,262.10,263.40,265.75,264.34,259.14,259.30,252.04,247.89,240.45,230.15,226.37,218.68,214.46,206.85,201.06,195.44,189.81,182.50,177.34,168.32,164.13,155.79,145.01,140.39,132.25,121.08,109.02,101.97,92.46
150.55,165.61,177.56,187.77,196.29,205.64,210.30,219.33,222.14,226.50,229.10,232.36,233.77,233.62,235.08,240.47,241.37,246.40,250.87,252.38,254.70,260.38,266.87,269.41,271.36,274.33,275.23,267.82,268.22,264.01,255.65,246.13,236.71,234.61,229.68,222.27,213.59,207.97,202.55,197.31,191.05,180.28,177.45,170.01,161.99,150.08,144.39,134.12,127.44,118.60,104.48,93.64
131.73,148.49,155.42,166.83,175.23,183.02,184.72,193.13,195.25,199.56,203.54,205.00,205.12,207.62,209.47,212.45,213.19,216.98,222.41,223.44,226.63,232.42,233.57,237.54,239.74,242.64,243.02,236.85,236.62,230.95,224.38,219.66,210.24,205.83,201.30,195.80,188.25,182.92,178.93,174.47,168.96,159.13,154.21,150.00,142.05,133.54,127.99,121.33,111.02,103.37,94.11,85.38
150.03,166.14,175.84,186.75,195.83,205.51,210.95,218.08,221.20,225.20,228.04,231.57,233.33,235.54,236.07,240.60,242.17,246.34,249.00,252.20,256.75,262.94,265.61,269.24,271.83,274.22,273.65,268.49,269.05,261.82,256.33,247.49,238.42,233.35,228.98,222.93,212.42,205.27,201.53,196.36,188.25,182.32,174.64,167.66,162.16,150.69,142.80,135.68,125.45,116.42,106.40,94.51
145.00,160.37,168.00,179.95,187.72,196.96,202.61,209.07,211.69,215.41,218.98,222.51,221.82,223.40,224.15,229.06,232.02,236.61,239.01,240.60,243.24,250.72,256.13,256.76,258.94,262.51,261.61,257.80,258.15,250.80,244.26,237.03,226.11,223.49,217.47,211.53,204.71,198.09,192.52,189.18,180.88,172.63,167.30,161.23,153.03,145.78,137.84,128.81,118.85,112.64,102.73,91.61
151.33,169.17,177.28,186.82,197.47,205.38,210.77,217.89,220.48,223.81,228.44,232.00,233.00,234.89,234.80,239.74,242.94,246.00,249.34,249.51,253.39,260.86,265.04,267.92,271.54,272.52,274.52,269.42,265.64,261.38,255.98,246.83,236.41,231.53,227.04,222.70,211.32,207.39,201.25,196.33,188.83,182.21,172.59,166.59,161.64,152.32,142.97,135.34,124.53,114.34,105.62,95.26
145.06,161.05,168.05,182.28,192.07,198.46,204.01,209.75,215.60,216.60,220.84,221.47,224.27,225.06,227.02,231.23,232.18,235.26,238.82,239.79,242.89,249.19,252.69,255.00,256.63,260.27,258.31,253.71,252.72,246.79,242.43,235.42,227.20,220.05,214.02,207.91,200.25,195.98,189.66,182.62,175.73,171.16,162.83,155.42,151.74,143.68,134.24,125.94,116.78,105.89,98.47,87.32
152.07,167.06,176.85,188.10,198.31,208.83,212.32,218.69,223.65,225.63,230.46,233.00,233.21,235.23,237.93,242.71,245.93,249.69,250.23,254.40,256.63,263.95,267.37,269.47,272.83,275.36,273.80,271.53,271.21,261.98,258.21,249.34,241.40,233.08,227.67,222.79,214.89,210.23,202.30,198.31,190.16,183.52,174.94,168.40,162.27,151.49,144.89,136.94,124.42,117.07,108.58,96.61
129.03,142.95,153.03,162.31,170.76,177.59,183.34,190.07,191.43,195.90,198.21,202.09,204.02,202.89,203.71,207.42,211.29,215.52,218.33,219.20,221.01,225.49,232.25,233.26,235.26,240.83,239.15,233.91,231.66,227.90,221.92,216.09,206.24,204.69,199.40,194.16,186.03,179.40,175.05,171.21,165.95,157.15,152.32,148.66,141.24,130.12,125.03,116.40,110.11,101.79,90.80,82.86
148.39,165.02,174.73,188.05,194.20,204.41,210.04,217.71,220.41,223.14,224.64,230.05,232.54,231.04,233.59,239.14,239.60,244.39,249.04,248.27,252.57,256.82,262.09,266.60,267.53,273.66,272.59,264.47,264.88,259.11,252.42,243.58,234.75,231.46,227.69,219.22,211.12,204.02,198.76,194.65,188.22,176.37,173.42,166.64,160.65,149.16,139.74,132.10,126.21,116.18,102.77,93.23
152.71,168.19,178.60,188.83,199.46,207.51,213.78,218.63,223.18,226.57,232.13,233.00,232.69,237.59,238.67,240.01,244.93,247.75,249.62,252.88,256.78,263.55,267.61,270.42,273.15,274.18,274.64,271.86,269.90,261.22,257.60,250.80,241.30,233.57,227.48,221.58,214.35,208.89,201.80,197.85,189.59,185.30,174.65,167.15,161.99,153.08,145.42,137.32,125.32,116.11,108.23,95.71
151.56,168.62,178.02,187.01,195.82,207.25,212.45,219.76,221.55,227.01,228.09,232.82,233.14,236.09,237.70,241.68,244.79,248.24,250.06,251.43,255.38,262.80,264.00,269.08,270.19,274.87,275.09,269.16,268.22,261.08,257.62,247.48,237.49,235.52,226.50,221.62,213.04,209.47,202.43,196.09,188.60,181.18,174.63,169.81,161.99,152.64,143.13,135.10,127.24,117.07,104.92,95.46
149.80,166.02,175.25,187.27,196.29,205.73,210.88,219.32,221.11,224.44,227.06,231.04,233.24,235.13,234.36,239.73,239.73,244.77,248.20,249.07,254.23,260.35,264.76,267.85,268.34,273.94,272.59,266.06,267.15,260.28,256.73,246.59,236.78,234.17,228.02,220.44,213.22,207.17,201.31,196.36,188.88,181.00,174.39,168.55,161.90,150.90,142.44,133.96,125.94,116.73,104.35,93.19
143.17,159.02,168.44,180.01,189.00,196.76,204.02,212.51,214.03,217.33,223.14,227.69,227.26,229.63,229.96,234.10,239.37,242.43,246.29,247.27,250.48,256.55,262.41,264.20,268.41,271.02,270.12,267.90,265.80,260.51,253.92,245.46,236.07,233.19,227.01,221.12,211.24,207.18,199.28,195.02,188.31,180.95,175.65,168.11,160.80,149.81,141.87,133.72,124.54,116.28,105.30,92.91
151.21,166.52,177.72,187.96,198.66,205.09,211.30,218.63,221.07,225.80,231.03,231.62,233.12,234.29,235.75,239.41,243.91,246.94,251.20,252.20,254.65,260.46,266.61,268.79,271.58,273.12,272.86,268.05,266.90,260.00,255.27,247.64,238.08,232.36,226.42,224.40,212.22,207.76,201.25,197.52,189.65,181.16,173.40,168.13,161.11,151.99,144.01,135.07,125.00,115.77,107.94,95.88
151.73,165.34,175.39,186.29,196.60,205.32,211.07,217.35,220.64,225.61,229.06,230.17,233.26,234.44,236.86,241.03,241.28,246.40,248.78,252.25,254.47,261.94,265.94,267.98,270.93,274.78,272.86,268.54,268.40,262.03,256.02,248.49,236.88,232.88,225.47,221.33,213.18,208.54,202.57,195.14,189.02,182.00,174.83,168.24,162.00,150.80,145.26,136.33,125.00,114.77,107.54,96.05
144.54,159.26,168.36,178.54,188.80,196.82,203.73,210.37,211.81,217.48,220.64,225.40,226.87,226.87,228.99,232.09,239.27,241.66,246.17,245.69,248.27,256.46,262.01,265.63,267.41,270.28,270.00,265.32,262.62,259.70,253.06,244.00,232.85,232.20,224.52,221.01,210.61,205.06,199.25,194.80,186.02,179.42,172.88,166.14,159.13,149.00,143.18,133.79,124.06,115.45,103.86,94.11
151.17,166.54,176.74,188.43,197.57,208.39,213.14,219.71,222.75,226.77,229.69,233.93,234.65,236.13,237.97,242.62,245.03,249.72,251.33,254.80,257.99,263.21,268.37,271.90,272.38,276.25,274.52,270.22,270.63,262.49,259.03,249.87,240.47,234.55,229.59,222.99,216.12,208.60,202.18,197.31,190.52,183.81,175.41,170.47,162.10,153.08,144.94,136.36,127.04,117.39,106.96,96.14
147.80,164.10,173.53,185.28,195.47,203.86,208.63,216.64,218.84,223.26,226.08,230.93,230.85,231.35,233.53,239.28,243.30,243.52,247.16,249.72,252.91,259.51,262.37,266.96,268.48,270.38,270.91,266.18,265.28,258.94,253.67,246.27,236.14,232.03,225.82,219.23,212.46,205.65,197.39,196.33,187.92,180.88,172.66,166.35,159.78,151.20,142.24,134.42,124.48,114.04,105.85,94.76
128.58,144.03,154.26,164.13,171.21,179.21,183.34,190.43,193.09,196.60,199.55,203.48,203.81,204.36,205.00,210.66,212.85,217.52,216.02,219.15,221.42,228.00,230.59,234.09,235.73,238.47,240.41,234.31,234.78,230.24,222.87,217.71,207.76,205.83,199.04,195.53,186.34,181.25,176.95,171.70,166.36,158.48,153.58,148.08,141.16,132.80,125.61,118.07,110.42,101.12,93.01,82.15
143.29,157.16,167.72,178.40,190.31,195.82,203.80,209.39,212.29,217.62,222.09,224.44,225.28,227.18,230.22,232.09,236.80,240.93,245.03,245.25,249.69,257.41,261.09,266.02,266.48,267.93,268.40,266.54,263.69,258.09,251.92,244.97,235.65,228.66,225.22,218.68,210.64,205.76,199.73,193.60,186.69,180.85,171.29,165.85,158.69,149.01,142.64,134.03,124.62,113.60,106.23,94.85
141.42,159.48,166.64,180.85,188.41,199.90,205.55,211.25,215.06,218.98,223.04,225.89,227.34,228.37,231.32,237.06,239.03,245.79,246.43,248.24,251.81,257.00,263.80,268.06,269.54,273.54,273.08,265.63,266.33,259.62,254.57,246.42,236.04,233.38,227.20,221.07,211.02,205.51,200.56,196.29,190.07,180.07,175.11,167.97,160.12,151.92,144.09,133.82,124.65,117.64,103.70,94.34
151.35,167.59,178.71,188.13,197.65,206.21,211.38,219.01,222.31,227.47,230.15,233.63,237.12,234.65,237.54,242.00,243.26,250.65,251.62,252.88,254.70,261.32,267.80,270.34,273.50,278.21,277.43,270.54,269.45,263.40,257.94,248.09,238.91,236.56,229.59,223.79,212.93,207.27,201.88,198.28,191.43,181.07,176.88,169.50,162.36,150.60,143.18,134.97,127.03,118.15,105.55,92.89
142.20,157.88,166.43,177.20,186.68,195.13,201.68,208.02,209.89,214.11,218.84,222.04,222.80,224.88,229.37,231.16,233.94,238.47,241.97,245.28,248.36,253.71,258.64,263.40,265.37,266.65,265.86,264.05,262.15,255.36,250.73,242.12,233.69,227.34,221.58,216.18,207.42,202.56,195.03,189.90,185.31,178.47,169.96,162.39,156.58,148.06,139.01,132.40,121.66,111.89,102.04,91.92
140.52,155.00,165.42,176.30,183.25,192.77,197.89,205.00,207.69,210.77,212.53,217.95,221.60,219.59,220.60,224.40,226.80,231.90,234.40,234.83,237.97,242.79,247.95,249.16,251.88,257.16,256.63,249.62,248.67,246.84,238.84,230.96,221.82,220.41,214.87,207.39,197.96,192.90,188.38,183.13,176.66,168.05,164.15,156.19,151.65,141.41,131.95,122.15,119.28,109.73,95.08,85.73
134.81,150.63,159.78,169.85,177.19,186.12,190.78,197.72,202.20,205.39,207.63,212.85,214.11,214.40,216.30,218.71,224.76,228.37,233.08,233.09,235.05,241.63,247.03,251.27,251.00,257.64,253.93,249.24,247.32,243.29,236.60,229.09,221.65,219.67,212.95,205.88,198.60,192.32,186.69,181.84,176.23,166.35,162.29,157.19,149.00,139.79,131.03,122.09,115.00,106.57,96.43,86.35
142.41,157.29,166.09,177.01,186.26,195.53,200.56,207.40,211.01,214.70,219.32,222.25,223.54,224.61,225.62,232.14,234.70,240.52,243.39,243.73,247.40,255.00,258.02,261.20,263.93,267.51,267.23,262.84,260.86,254.56,248.50,240.97,231.66,227.95,221.46,216.63,209.17,203.04,196.65,191.64,185.30,177.14,169.94,162.81,156.39,147.20,136.82,129.97,121.00,113.23,102.30,93.30
142.43,158.03,167.74,178.37,187.38,196.89,202.95,207.33,212.43,216.70,220.32,224.93,224.89,228.23,230.49,234.31,236.21,240.47,243.68,244.35,248.90,257.05,261.84,265.20,266.58,269.92,269.31,264.91,263.62,257.61,253.03,245.15,237.03,231.97,225.57,219.80,212.60,207.47,199.30,194.79,187.78,181.14,173.49,168.30,160.15,151.00,145.01,135.19,125.18,116.08,106.23,95.29
143.17,160.11,168.29,180.34,187.86,196.23,204.79,211.93,215.34,219.87,221.95,226.98,229.01,229.46,229.79,234.92,238.21,244.71,248.87,247.24,251.08,256.90,262.53,266.18,268.56,273.79,272.53,267.03,265.32,261.01,253.82,246.22,238.10,235.05,227.48,221.38,212.46,207.39,200.82,198.24,189.55,179.43,176.38,169.85,161.74,151.71,142.03,133.46,124.74,117.24,103.31,93.64
142.79,156.52,165.85,178.60,188.73,196.79,202.61,207.89,212.51,215.45,221.38,223.68,225.63,226.43,229.01,233.02,235.54,240.31,244.12,245.66,247.76,256.22,259.74,264.68,265.59,269.24,268.76,264.68,262.57,256.53,253.01,245.35,235.54,231.41,223.81,218.75,211.74,205.55,201.43,194.16,185.93,179.88,172.63,165.60,159.05,150.37,141.35,134.54,124.02,114.18,104.00,93.61
136.08,148.52,158.93,169.03,175.16,181.22,188.82,195.74,200.52,202.85,206.79,210.79,212.90,213.35,213.55,218.60,222.87,227.31,231.95,229.59,233.82,238.82,245.31,246.71,248.92,252.92,253.07,247.01,246.73,242.64,233.91,229.26,219.09,217.00,211.68,204.60,198.12,192.31,186.51,182.79,176.62,165.00,161.40,156.02,149.12,139.52,131.21,121.76,116.02,108.08,95.46,85.49
142.23,159.06,166.21,178.92,187.21,193.04,201.24,207.28,212.94,215.96,219.08,222.80,224.66,225.58,225.18,230.93,235.26,237.89,243.31,245.35,248.36,253.44,259.65,263.15,264.61,267.85,267.57,262.72,259.25,255.20,249.72,241.66,233.14,228.46,224.24,217.92,207.65,200.08,195.92,191.84,185.42,176.48,169.73,163.99,156.89,146.37,139.54,130.70,122.00,110.15,103.86,92.36
140.89,154.83,166.51,177.26,185.98,194.18,198.93,207.85,210.77,214.98,217.12,223.37,223.27,224.16,225.11,229.80,234.73,239.78,243.39,242.13,246.22,252.66,257.66,262.21,263.29,267.43,268.21,261.32,260.29,254.95,247.40,239.84,229.81,227.41,222.41,216.23,207.71,202.16,195.78,192.52,185.74,173.93,170.66,164.69,156.63,146.45,136.03,128.39,122.80,111.77,102.11,89.68
141.60,159.31,165.10,177.34,184.20,195.00,199.88,207.24,210.79,214.45,219.67,220.31,223.33,224.96,226.98,230.87,232.11,237.12,242.26,243.10,247.59,253.48,259.33,261.93,265.04,266.10,264.34,261.20,260.25,253.01,247.65,241.97,233.21,227.04,221.12,216.45,208.73,202.71,196.58,189.86,183.14,177.23,167.90,162.35,156.54,148.01,140.00,131.32,120.37,110.00,101.53,92.05
144.01,158.47,171.48,182.24,189.00,198.66,204.96,214.04,217.68,221.12,223.29,227.67,229.09,229.60,231.70,235.95,241.07,244.99,248.16,248.08,253.48,260.00,265.28,267.60,270.43,274.03,274.02,267.23,267.65,260.09,254.02,246.46,238.31,235.92,230.26,223.89,212.23,207.89,201.84,198.29,190.52,180.01,177.26,169.84,162.56,151.16,143.22,132.85,126.91,117.55,104.45,91.83
134.97,149.94,157.31,168.36,177.34,184.36,191.63,195.60,200.06,204.47,209.82,211.10,211.94,215.13,215.57,219.67,222.85,227.44,231.54,231.24,236.00,241.81,246.89,249.30,251.85,255.03,254.42,249.62,248.81,241.76,235.87,231.04,222.64,216.78,212.25,205.53,199.12,194.00,188.22,180.37,174.73,168.08,160.85,156.01,149.04,139.60,133.54,123.69,115.95,106.85,98.60,87.93
141.87,157.19,164.78,176.66,186.13,196.65,200.16,207.85,210.20,213.46,218.01,220.74,224.47,224.61,226.76,231.14,233.93,237.97,240.84,244.39,247.88,253.34,257.39,261.70,263.92,266.55,264.44,261.85,261.02,252.24,248.89,242.43,232.70,226.29,219.97,216.00,208.93,202.36,197.25,188.88,183.83,177.09,169.05,162.93,156.08,147.31,139.64,131.75,122.04,111.20,102.11,91.21
140.04,154.95,165.15,173.30,183.40,192.77,198.40,208.22,208.22,212.76,219.15,221.04,223.49,221.96,223.99,228.18,231.66,235.61,240.63,240.26,247.16,252.03,257.73,261.34,262.69,265.17,264.66,258.37,256.01,252.23,248.08,241.00,230.20,226.04,221.44,214.34,207.63,200.80,193.91,190.72,184.01,175.82,171.21,163.44,156.60,145.40,136.62,127.06,120.50,112.93,100.90,89.01
134.41,150.45,157.95,167.09,175.79,182.47,190.22,196.54,198.57,203.90,206.21,211.82,212.08,212.60,213.79,218.69,222.14,227.41,230.42,230.02,234.39,240.01,246.01,248.41,249.69,254.23,254.37,247.94,246.20,241.82,235.13,229.94,219.32,217.33,210.62,206.93,198.03,191.95,185.04,183.93,176.49,165.42,163.23,154.73,148.93,138.41,130.63,122.00,115.52,107.63,95.27,87.14
140.98,156.92,168.01,176.78,187.61,197.39,203.38,209.15,213.28,217.55,219.32,225.89,227.27,228.41,230.42,233.67,237.61,242.32,247.17,246.84,249.16,255.91,261.26,264.28,265.22,270.63,271.62,263.34,264.07,259.42,251.60,247.07,236.18,232.22,226.43,220.37,212.19,206.58,199.49,195.53,190.07,177.55,175.14,170.02,160.45,150.71,141.51,133.65,125.67,117.62,104.89,93.64
141.89,157.49,167.37,179.61,188.82,198.12,202.89,207.54,212.58,217.42,220.86,224.61,227.48,228.60,231.70,236.07,237.69,242.24,245.09,246.98,251.37,259.24,261.00,265.66,267.04,268.27,270.60,265.66,265.44,257.26,252.45,247.35,236.21,230.05,224.70,219.06,212.72,207.06,200.42,195.13,188.37,180.19,173.40,166.23,160.43,152.49,144.06,134.41,124.02,115.43,107.87,95.52
143.27,156.77,167.86,176.91,187.26,196.88,202.30,208.00,210.68,214.11,220.06,221.44,225.08,226.36,226.43,231.37,231.31,236.91,240.71,241.25,245.28,251.54,255.57,258.16,260.66,265.07,264.01,257.95,257.57,251.15,246.06,237.69,230.38,224.36,218.49,213.05,206.58,201.04,194.49,188.04,182.00,174.55,168.02,160.65,156.20,147.22,138.19,130.38,121.12,110.55,102.08,92.11
149.16,163.78,173.90,185.07,191.85,202.09,208.87,216.02,217.37,221.12,223.79,227.85,229.58,229.84,231.46,235.54,239.15,241.95,245.72,245.54,251.64,257.66,261.09,262.61,266.43,267.99,268.16,262.71,261.88,256.36,250.70,242.46,232.47,229.96,224.37,218.15,208.73,204.48,196.46,193.88,186.10,175.86,172.25,164.84,160.12,148.41,142.20,134.37,124.31,114.91,104.85,94.76
141.82,157.78,167.59,178.54,186.10,194.62,199.54,208.40,213.43,216.23,219.78,223.08,223.49,226.34,227.78,232.42,235.55,239.08,243.35,245.37,250.26,254.23,260.25,264.44,265.53,269.71,269.21,265.05,261.34,256.22,252.03,243.87,233.82,229.65,225.11,219.64,209.12,201.94,198.16,191.26,186.55,177.50,172.80,165.41,161.00,149.16,140.66,131.53,122.00,112.80,101.71,90.67
140.36,155.08,166.03,178.03,184.30,195.13,198.40,207.86,210.19,213.72,217.01,222.61,225.14,225.00,226.74,230.27,234.23,240.01,242.72,241.94,247.75,251.96,255.74,261.08,264.07,267.71,268.20,260.23,260.71,255.92,250.05,241.07,232.49,231.40,222.79,218.33,211.01,203.59,198.02,193.20,188.31,176.71,173.31,164.83,157.49,147.50,139.32,130.00,125.00,116.11,101.32,89.74
140.80,157.20,166.03,176.00,183.52,191.09,198.20,206.49,206.97,210.22,214.48,218.05,220.08,220.66,219.39,225.50,227.59,231.31,236.80,235.31,240.11,244.66,250.51,254.10,253.62,259.38,258.96,252.51,250.20,246.68,241.75,233.45,224.32,220.06,215.13,210.77,201.25,193.74,188.85,185.31,178.39,166.36,164.22,159.71,152.04,140.62,134.08,123.91,118.79,108.26,97.51,86.40
142.01,156.02,167.26,176.12,185.95,192.07,198.40,205.10,205.85,211.25,215.75,215.86,218.63,222.00,222.91,227.19,228.54,231.03,234.29,237.49,239.95,247.72,251.31,254.33,255.62,258.77,258.66,255.41,253.03,246.17,242.47,234.52,224.02,219.21,214.25,210.23,202.20,193.98,191.02,184.17,176.48,169.81,160.90,158.04,151.29,142.27,135.57,127.48,116.85,106.37,100.28,89.19
145.03,160.25,170.84,183.10,189.84,200.01,205.41,213.71,218.28,221.77,226.74,229.12,230.36,231.82,233.00,237.67,239.89,245.72,248.36,249.69,254.57,262.23,267.54,269.52,272.08,273.64,274.00,268.79,268.40,262.94,256.38,248.58,238.76,234.57,229.87,223.75,215.13,208.63,202.77,196.92,189.19,182.50,175.65,168.68,161.52,152.76,146.33,136.00,127.53,117.59,108.16,95.75
143.50,159.77,170.94,180.77,189.17,198.64,205.64,213.51,217.06,221.45,221.69,228.65,229.31,230.03,232.56,236.61,240.51,247.16,248.58,248.36,251.86,260.25,264.38,268.34,270.29,275.47,273.76,268.78,267.05,262.01,255.79,246.98,238.56,234.44,229.00,221.73,213.68,209.25,201.66,199.25,190.26,180.36,174.84,168.44,161.55,151.64,142.90,134.63,125.00,117.00,104.80,93.30
