120.51,135.06,137.97,150.10,160.96,168.67,175.09,184.46,188.14,193.04,199.21,203.81,208.09,209.31,212.19,213.41,217.71,223.89,226.38,227.31,230.03,233.21,240.33,245.59,246.29,252.96,253.30,248.29,247.10,248.24,245.08,237.95,233.69,232.57,225.81,220.05,215.02,209.61,204.02,199.97,194.37,187.88,180.68,174.32,169.58,160.35,152.98,145.73,136.53,128.08,115.28,106.10
121.49,135.09,140.46,150.72,162.27,169.40,178.60,184.04,188.40,193.60,200.83,203.38,207.42,210.98,212.23,215.14,219.18,222.64,225.86,228.09,230.52,235.60,242.85,246.98,249.91,253.03,253.33,252.36,249.80,248.32,246.56,238.03,234.45,229.31,224.20,221.00,216.13,209.88,205.12,199.11,193.35,190.07,181.02,174.60,170.10,162.79,155.60,145.62,134.81,126.32,116.39,107.38
122.41,135.57,143.54,153.40,163.92,171.14,178.47,189.16,191.64,198.16,202.20,207.06,211.95,214.48,215.97,219.79,222.77,227.11,230.42,230.20,232.83,238.00,245.75,247.58,250.89,255.45,258.38,252.96,252.06,252.49,246.83,239.59,237.36,235.34,230.41,223.83,217.55,212.43,206.32,203.30,197.99,190.19,184.72,179.11,171.72,163.32,154.78,147.32,139.85,128.66,118.36,107.62
122.33,136.47,143.01,152.19,164.73,171.13,178.13,188.00,192.34,197.77,201.73,206.37,210.58,213.84,217.12,219.15,223.13,226.28,228.44,232.48,234.56,238.47,244.07,249.73,252.18,254.28,256.22,255.21,254.33,251.87,246.84,242.16,236.69,232.85,227.48,223.14,217.85,213.64,207.97,202.30,195.88,192.26,182.46,177.25,170.14,162.98,156.52,147.32,139.28,129.54,118.27,108.08
125.32,139.13,146.99,157.69,166.37,176.98,181.40,192.84,196.35,202.61,207.47,210.79,216.26,218.55,222.89,223.57,225.57,233.53,235.59,236.14,240.40,245.52,249.76,254.00,256.74,262.41,263.54,259.47,260.00,257.93,256.07,246.85,242.53,239.08,235.05,228.71,222.41,217.88,213.57,208.00,201.85,194.28,190.02,183.41,177.54,168.05,161.38,151.91,144.39,135.15,122.02,111.52
121.59,134.39,141.03,152.79,160.65,170.77,178.04,183.90,188.60,194.92,198.34,204.62,208.17,211.05,212.20,214.25,219.11,223.33,226.61,227.38,229.37,234.08,238.10,243.07,247.55,251.28,254.24,252.02,251.70,249.42,244.97,238.60,235.26,233.65,225.80,222.52,217.25,211.74,207.94,201.16,198.60,191.64,184.39,179.75,173.46,166.88,156.92,150.87,142.13,132.98,121.31,110.32
120.10,134.41,139.27,148.27,161.01,168.57,175.03,182.78,185.56,191.64,198.67,200.77,204.47,207.41,209.16,213.48,218.28,220.87,224.86,225.64,226.53,233.07,238.30,241.66,246.05,249.42,249.43,248.70,246.26,246.15,242.02,235.33,229.90,229.01,221.52,220.22,212.72,207.62,204.63,198.12,191.09,188.72,179.91,173.57,168.08,159.97,152.47,145.60,136.34,128.00,116.21,105.95
120.21,134.18,139.30,149.47,156.82,167.09,173.99,183.61,184.05,193.37,196.46,202.18,205.46,206.90,208.73,212.85,215.46,222.63,223.83,224.34,228.04,231.18,237.12,241.66,245.05,248.94,249.90,246.20,245.75,243.90,242.03,235.21,230.96,227.17,222.33,218.84,212.30,207.39,202.88,197.16,191.80,186.04,180.06,174.84,168.57,160.46,154.30,145.10,136.34,127.58,116.73,107.33
120.60,134.39,139.09,149.34,161.45,168.87,174.56,183.92,185.98,193.13,198.31,202.31,205.08,209.98,211.99,214.77,219.20,221.42,226.06,228.18,230.46,234.93,239.71,246.01,249.02,251.70,251.32,251.92,250.42,247.81,244.10,235.91,233.14,228.73,223.30,219.21,214.80,211.10,203.97,198.09,193.76,188.45,178.81,174.41,169.96,160.08,154.02,146.29,136.49,126.05,117.15,106.17
129.50,144.46,153.22,164.10,173.08,182.20,188.99,201.06,203.16,209.85,212.45,222.16,224.15,227.44,228.47,233.85,237.13,244.81,246.74,248.34,248.65,255.47,261.59,265.70,266.68,274.87,277.41,269.62,269.67,269.09,265.38,256.01,252.00,249.87,243.39,239.40,231.74,226.30,221.38,214.83,211.57,201.34,198.91,190.42,183.17,172.05,161.82,154.83,147.87,140.66,123.37,112.00
118.85,132.31,137.90,148.49,160.29,167.16,174.26,182.13,185.40,192.05,196.16,200.82,205.51,208.57,210.04,212.00,216.91,221.69,224.02,225.11,227.48,232.73,238.19,243.66,247.20,250.24,250.03,246.27,247.61,244.38,241.76,235.77,231.23,228.24,220.38,217.44,212.85,208.40,202.80,196.62,191.67,187.18,179.45,173.01,168.07,160.03,152.16,144.40,134.41,127.39,115.32,104.66
112.92,127.48,136.88,147.14,159.71,165.53,173.42,183.13,184.10,194.83,194.73,202.55,206.17,206.32,207.29,211.90,216.98,221.46,225.06,223.62,227.34,231.37,240.48,243.38,244.17,249.45,250.91,246.34,245.05,246.05,239.31,233.07,228.21,228.83,222.87,216.72,209.77,203.97,198.03,196.99,192.75,181.60,177.81,171.47,166.40,156.39,148.49,139.83,134.46,126.25,114.77,102.12
118.53,134.18,141.45,149.47,158.27,167.09,173.99,181.95,185.95,194.31,197.31,202.77,205.85,207.09,208.48,213.03,218.06,221.68,223.24,225.50,229.00,232.82,238.30,243.13,244.97,249.90,251.80,247.49,246.89,244.47,242.33,235.52,231.87,228.97,222.19,217.95,212.17,207.28,203.79,197.41,192.26,185.92,178.94,174.14,167.86,159.02,151.80,143.11,135.10,126.91,116.30,105.93
119.55,133.45,139.03,149.62,160.08,168.13,174.64,182.48,186.97,193.13,197.94,201.44,205.80,209.03,210.38,215.80,217.33,220.79,224.32,226.05,228.33,234.44,237.90,242.74,246.16,249.44,251.22,247.04,244.95,244.05,243.07,235.37,230.49,228.59,223.49,218.33,213.88,206.49,203.59,195.41,192.51,185.35,179.18,171.02,168.25,160.86,152.85,143.54,135.64,126.14,116.10,107.91
121.26,133.30,139.49,149.09,161.32,169.46,174.29,182.89,185.31,191.05,198.49,200.20,204.39,207.42,209.47,212.14,216.67,220.12,224.74,224.64,226.83,230.85,237.00,243.39,244.39,248.36,250.20,246.42,246.45,245.18,242.91,235.58,232.03,228.58,223.66,221.72,214.57,209.00,205.54,199.81,195.53,189.53,183.33,177.16,171.64,165.42,155.65,149.68,142.30,131.91,119.60,109.84
127.10,143.34,148.00,157.00,170.31,177.49,184.61,192.32,196.37,203.15,207.87,211.98,214.84,218.55,219.45,222.69,228.47,232.71,236.33,237.24,239.38,243.48,251.01,254.83,259.05,261.09,263.14,259.17,260.92,259.47,257.19,249.69,245.08,243.66,237.66,232.43,225.72,219.74,215.67,211.48,206.23,201.70,192.88,186.94,180.85,172.97,165.59,157.56,147.49,137.19,127.42,114.98
126.59,141.60,149.38,157.27,168.57,177.10,183.39,191.85,194.99,203.39,206.62,211.29,215.54,217.15,218.28,223.22,226.18,232.18,234.80,234.83,238.21,243.17,248.93,254.47,257.50,260.52,261.84,258.95,258.86,257.20,254.72,247.87,244.66,239.71,236.07,232.09,223.24,221.68,216.00,209.35,205.65,197.99,190.59,184.57,179.23,172.53,162.27,157.10,147.28,137.53,126.19,115.43
119.92,135.06,140.06,149.46,160.51,169.26,175.70,183.10,186.42,193.75,196.87,202.47,205.97,207.66,211.40,213.40,216.68,221.72,224.96,225.02,228.06,231.95,238.16,241.81,246.29,248.94,250.50,248.26,249.58,245.73,243.28,239.01,232.22,231.09,224.98,221.05,215.29,211.44,206.70,201.47,197.23,189.79,182.73,178.10,173.11,165.74,157.32,148.95,140.43,131.21,120.81,110.04
125.23,139.06,146.78,157.80,167.61,174.55,180.23,191.84,195.82,201.14,204.79,212.55,215.59,216.95,218.22,222.61,226.34,231.35,234.39,236.14,238.52,243.31,249.70,253.29,253.02,262.82,264.68,257.15,258.04,258.01,253.01,245.59,242.60,240.14,234.09,230.34,221.38,215.30,211.70,207.15,202.20,191.60,188.77,183.10,176.47,164.75,158.71,149.60,143.22,135.25,120.33,109.55
125.48,141.95,146.35,157.55,168.55,176.34,183.81,191.60,194.67,200.57,207.85,210.69,215.57,217.89,218.83,223.44,228.04,230.76,233.93,235.85,239.40,243.31,249.72,253.51,257.30,260.93,262.69,261.81,258.06,258.82,255.33,248.85,243.82,241.17,234.54,231.26,225.80,221.58,217.46,210.01,203.80,200.72,190.13,187.00,179.96,174.64,165.89,156.63,146.78,138.40,126.51,113.85
125.72,137.64,145.50,157.00,165.68,173.01,180.31,191.13,194.79,200.90,203.02,211.52,214.95,215.50,216.42,221.01,227.63,230.08,234.13,233.62,235.79,242.96,248.91,252.03,254.92,261.54,263.84,258.06,256.98,257.16,252.44,244.47,240.67,240.01,233.94,228.30,220.48,215.42,210.07,207.18,201.69,192.98,189.00,181.22,176.48,166.17,157.95,148.95,142.59,133.18,119.51,108.58
127.68,140.06,149.84,158.66,168.30,176.23,185.40,194.92,197.00,205.27,207.02,215.93,217.37,219.26,220.45,225.80,228.27,237.06,239.27,238.95,241.01,246.11,253.86,257.01,258.57,266.00,267.30,260.93,261.72,261.68,255.03,248.62,244.18,244.36,238.76,232.31,224.41,217.80,213.10,211.68,204.98,195.06,191.64,183.70,178.33,168.67,160.13,151.29,145.10,135.53,123.32,110.42
128.70,141.55,146.22,156.32,169.19,177.88,185.70,192.84,195.07,202.73,206.94,211.97,216.92,220.95,221.78,226.01,228.81,233.03,236.32,239.10,243.61,244.86,253.22,257.77,260.30,263.90,265.28,262.93,260.35,258.81,255.07,248.85,244.32,240.74,233.15,230.25,223.45,217.83,213.66,206.79,201.30,195.53,186.87,181.52,176.47,167.76,160.65,150.62,141.32,132.23,123.00,112.29
126.83,140.17,145.40,155.32,166.98,176.24,181.02,190.77,194.61,200.87,204.92,208.87,212.42,217.46,219.15,223.61,226.12,229.69,231.42,235.61,239.91,242.62,248.50,253.31,257.22,258.38,259.62,258.09,256.32,255.20,252.24,247.59,239.99,236.88,230.55,226.76,220.20,216.12,211.29,203.30,199.53,195.73,185.32,180.18,175.39,166.71,160.31,151.48,140.03,133.24,122.04,110.26
130.29,141.01,144.51,155.77,164.05,178.03,181.34,191.38,192.07,201.10,206.29,209.07,215.08,215.68,218.55,221.17,224.08,228.27,233.83,235.31,237.00,241.87,248.58,251.15,254.89,257.16,259.62,257.26,255.98,255.56,252.01,246.91,241.68,239.34,232.57,227.37,223.19,217.22,214.41,206.83,200.94,196.95,188.32,183.85,177.91,171.33,162.69,152.20,145.34,134.30,125.00,114.02
124.08,136.69,143.78,152.90,161.48,169.65,176.71,183.71,188.38,196.99,199.02,205.85,210.11,210.77,210.34,214.83,221.33,225.09,228.25,226.61,228.56,234.39,240.47,243.05,247.10,251.78,254.80,249.57,249.33,249.51,243.85,237.26,233.73,233.26,228.40,222.99,216.00,209.67,204.04,201.72,196.51,189.75,185.98,178.44,173.08,164.01,155.50,146.77,140.19,132.31,117.34,107.00
120.43,134.47,139.20,151.08,160.80,170.14,174.93,182.41,186.51,193.06,196.43,201.32,204.02,207.06,208.81,213.56,216.69,220.08,223.22,225.18,227.04,232.49,237.70,241.12,244.93,246.97,249.07,248.10,245.96,246.38,243.31,236.45,233.32,228.55,221.84,220.20,213.68,209.80,205.23,199.72,193.93,189.40,182.04,176.92,171.49,163.82,155.72,147.92,138.96,130.74,118.61,108.50
121.20,134.24,141.42,150.27,160.38,166.54,175.35,183.58,186.51,195.16,195.79,202.48,205.97,207.18,208.10,213.02,215.62,221.07,224.21,223.34,227.56,231.97,238.72,241.02,243.65,248.97,250.97,246.35,245.20,246.33,241.59,236.02,232.60,231.37,227.80,219.43,211.56,207.54,204.38,199.92,195.26,187.86,182.78,175.56,171.05,162.79,155.42,146.25,139.52,130.78,118.93,107.82
119.55,132.44,139.79,149.72,157.20,167.03,174.26,180.83,185.95,192.94,196.09,200.26,204.41,206.89,208.24,212.46,214.05,220.62,224.02,225.40,228.74,231.26,238.10,240.03,244.80,249.80,249.10,246.02,244.38,243.82,240.35,234.73,228.76,227.00,220.74,217.35,209.88,206.82,202.08,193.83,190.52,183.41,177.87,171.14,164.65,158.00,149.62,143.21,134.62,126.21,114.44,104.05
126.48,139.81,147.68,158.03,169.64,176.95,184.29,192.78,196.21,203.97,207.52,213.55,218.59,218.89,221.42,223.99,229.90,233.42,237.59,237.97,239.43,245.52,253.06,255.64,259.19,263.55,265.20,262.27,260.75,260.35,254.57,248.40,243.40,242.13,235.99,230.76,221.63,217.25,212.05,210.04,202.25,195.25,189.53,180.42,175.64,166.59,159.66,150.31,142.95,133.96,122.02,109.55
121.33,132.28,140.16,149.68,158.32,167.97,173.36,183.58,187.64,194.26,195.97,202.62,207.76,208.69,208.54,214.79,217.22,222.51,224.45,226.74,228.04,232.24,239.46,241.91,244.50,250.79,251.75,246.02,247.32,246.66,241.21,235.09,231.09,229.21,224.40,219.69,211.44,207.06,201.79,197.31,193.40,185.40,179.79,173.22,168.01,157.92,150.45,142.64,136.70,127.48,114.54,104.32
119.44,133.54,141.51,150.24,158.40,166.63,175.58,182.69,186.04,192.72,196.80,201.30,204.32,205.08,207.96,209.62,215.57,220.42,224.29,224.41,224.56,231.22,235.61,241.30,242.24,247.11,248.94,245.71,245.51,245.20,241.58,235.31,229.84,228.81,222.80,218.77,212.24,207.76,204.92,199.21,194.62,188.22,181.57,176.11,171.24,162.34,154.51,145.17,138.71,129.76,118.15,106.89
127.09,142.21,147.14,159.25,168.19,175.96,185.71,193.04,196.79,202.61,205.79,211.15,215.24,217.79,219.40,224.21,228.27,232.17,234.80,235.85,236.73,242.79,249.35,254.70,257.61,262.18,262.91,260.12,258.50,258.19,253.82,249.29,242.51,240.67,234.17,231.08,224.08,220.11,216.21,210.68,204.80,199.32,191.32,184.98,180.28,171.76,164.30,154.16,146.24,139.06,125.20,114.16
127.91,139.23,147.47,154.94,169.19,177.08,181.89,192.00,196.82,204.92,207.63,212.25,216.45,217.04,219.72,222.85,226.99,229.97,234.72,236.10,237.93,243.40,251.16,253.84,255.03,262.34,263.88,258.19,257.31,258.05,252.96,246.34,242.40,242.00,236.48,229.80,224.62,217.71,213.56,211.73,205.94,198.21,191.21,186.08,179.81,171.33,164.15,156.06,147.87,136.19,125.24,113.22
118.09,128.81,139.26,147.65,160.10,166.88,173.67,181.40,183.41,190.54,195.97,198.34,202.78,206.04,207.62,210.64,214.34,218.22,222.80,222.40,225.41,228.65,235.85,239.38,242.54,245.80,246.98,245.42,244.68,242.53,239.71,232.24,227.88,223.83,218.75,217.48,210.77,207.06,201.64,194.09,190.26,186.60,179.57,173.53,167.45,160.21,152.20,144.67,135.37,125.88,117.66,107.45
81.74,93.94,103.35,108.46,116.39,120.21,127.20,133.99,137.23,141.01,146.58,145.00,148.12,146.49,149.40,150.66,150.75,151.92,153.22,152.59,154.16,155.13,163.49,160.70,164.68,163.49,164.84,161.53,159.14,159.06,155.33,152.40,149.64,147.76,142.80,137.93,136.36,134.83,131.53,129.02,126.72,123.18,117.20,116.87,112.75,103.62,100.28,94.49,91.71,83.93,77.23,72.34
122.45,137.87,143.59,154.69,162.43,170.41,177.40,186.32,190.24,197.77,199.81,205.60,209.39,211.83,212.00,217.35,219.70,223.99,227.80,228.83,231.25,236.03,242.99,244.86,248.57,253.14,254.10,250.45,249.02,249.28,245.86,239.99,236.30,233.23,228.71,223.11,217.10,211.15,208.59,202.28,196.96,190.78,185.69,178.55,174.26,166.93,158.15,151.17,143.28,135.92,120.93,109.62
120.28,133.84,138.29,148.27,159.70,168.91,175.50,183.14,184.88,192.63,196.70,201.19,204.80,209.01,209.75,213.51,218.22,220.82,223.76,225.40,227.90,234.09,237.51,243.58,246.05,248.11,250.39,247.98,247.86,244.63,242.04,236.33,231.19,225.40,220.20,218.08,211.47,207.06,202.05,195.06,190.91,187.13,178.00,172.68,166.21,160.13,151.20,143.02,134.03,124.96,115.95,105.08
125.92,139.56,149.01,159.11,167.30,176.98,183.44,193.40,197.02,203.96,206.34,213.91,218.01,219.80,220.59,224.84,229.53,235.10,235.73,237.72,238.95,245.25,251.59,255.16,258.09,263.07,267.25,258.50,258.80,258.90,253.51,245.72,241.91,241.75,232.86,230.84,222.50,214.98,212.04,210.24,203.75,193.66,189.53,180.94,177.26,166.19,156.97,149.40,141.00,133.88,121.66,109.66
120.07,133.42,139.79,150.00,159.42,166.03,174.61,182.22,185.06,193.00,195.17,200.83,205.23,205.01,205.43,209.82,215.86,221.06,225.16,222.65,224.20,230.67,236.81,238.85,242.00,248.26,249.07,245.90,244.20,244.81,241.17,233.65,229.81,228.78,223.65,219.08,211.01,206.65,203.09,200.56,194.49,186.22,180.71,175.82,169.71,162.74,153.33,145.25,139.46,128.70,118.13,106.79
119.07,133.76,139.46,148.66,158.40,167.07,173.37,180.16,185.15,190.25,195.43,199.54,204.17,207.24,207.88,211.60,214.28,218.69,223.29,223.60,226.32,230.93,236.10,239.18,242.47,245.66,248.65,244.52,243.00,241.30,238.54,231.25,227.11,223.44,218.51,213.64,208.40,203.20,199.02,193.38,189.26,181.89,175.57,170.48,163.29,157.03,149.26,140.62,133.06,124.65,113.11,104.69
125.67,139.30,146.24,156.55,165.89,174.96,179.96,190.19,194.03,199.58,205.20,209.61,213.46,216.53,218.40,220.45,225.57,229.16,231.22,233.62,235.34,240.10,247.21,249.65,253.02,258.80,259.99,255.14,255.04,255.52,250.59,244.76,241.40,237.74,233.48,228.36,221.92,216.67,211.94,208.93,203.08,196.82,188.90,183.92,177.60,169.80,161.03,153.84,144.22,137.00,125.92,113.36
125.20,138.97,147.22,156.26,166.47,173.76,183.36,191.02,193.76,201.85,205.06,211.57,216.26,216.67,219.49,221.11,226.59,231.91,235.53,233.36,237.70,242.99,249.03,252.86,254.10,258.45,261.40,257.19,256.19,257.70,253.90,245.73,240.84,239.43,233.21,230.22,222.30,217.83,213.60,207.97,204.75,196.94,190.97,184.62,179.10,170.85,162.20,153.15,145.36,138.65,123.69,111.62
109.84,125.92,133.22,142.20,154.74,163.48,172.05,177.56,182.86,186.81,194.15,196.65,203.50,206.24,207.28,211.01,215.18,219.27,222.03,221.58,224.77,231.11,234.78,239.38,242.42,244.26,247.19,243.08,243.83,241.21,236.32,228.73,222.61,220.78,215.78,211.15,204.25,198.49,194.37,190.07,182.53,177.43,171.19,164.84,159.40,151.33,142.64,133.84,128.04,120.11,110.05,100.04
119.00,130.74,137.97,147.14,157.99,164.07,172.18,181.47,185.07,192.21,193.29,200.52,203.30,206.61,207.10,211.15,216.09,219.69,224.24,222.15,225.01,230.89,236.71,239.94,240.76,246.98,249.10,243.34,242.39,242.03,236.78,231.95,225.81,225.80,221.30,215.26,209.61,202.99,195.82,194.49,189.62,180.83,174.80,169.19,165.31,155.66,146.45,139.01,133.14,125.00,114.86,102.88
125.50,140.80,148.05,159.10,167.29,176.48,182.92,191.91,196.85,204.44,207.09,214.44,218.33,219.45,220.13,224.88,227.80,233.26,237.86,236.66,240.08,245.28,251.77,255.19,255.52,262.69,266.10,258.88,258.52,258.12,254.19,247.20,244.31,242.24,237.70,232.23,223.18,218.11,213.22,211.36,206.60,196.96,192.28,186.60,180.43,168.88,161.70,151.48,146.00,137.27,123.46,112.41
125.77,138.46,146.77,157.72,165.06,175.93,181.33,192.08,195.16,203.23,202.70,212.76,216.23,218.40,217.51,224.16,226.05,233.27,234.63,235.42,236.60,243.32,249.88,252.68,254.91,263.15,265.17,256.83,258.82,257.79,253.67,245.51,240.71,242.14,234.52,231.01,222.57,217.70,213.01,209.57,205.73,194.91,191.21,182.57,178.89,169.64,159.00,152.79,145.83,138.65,122.69,111.62
124.72,139.09,147.05,157.87,166.83,174.90,183.18,191.85,195.88,202.09,205.68,211.55,214.97,218.39,217.22,223.59,228.74,231.49,233.81,236.65,238.42,242.67,250.32,254.02,255.41,262.09,261.70,260.41,257.12,257.17,252.83,247.68,242.40,240.16,234.75,230.02,222.80,217.85,214.11,207.89,200.52,195.72,188.57,184.17,177.34,168.88,161.72,152.46,144.26,136.07,124.08,112.16
123.04,137.88,144.78,153.72,163.71,170.51,180.00,187.38,189.99,197.29,201.91,206.94,212.27,212.12,214.40,216.67,224.51,227.80,231.35,229.65,232.36,236.61,245.08,247.80,250.91,255.86,256.67,254.52,251.37,252.24,247.98,240.84,235.75,235.60,230.20,225.42,219.09,214.13,208.61,205.43,199.12,193.67,186.03,181.16,176.26,168.07,158.66,150.72,142.43,134.27,123.13,109.55
127.40,142.21,146.87,157.41,169.74,177.73,184.02,193.19,195.47,202.28,209.77,212.08,217.02,222.17,221.88,227.17,229.40,234.01,237.41,240.07,243.02,247.00,253.85,258.25,260.51,262.57,264.78,262.97,261.23,259.56,258.04,248.04,243.99,240.11,234.01,229.97,223.02,217.86,212.66,206.32,201.02,195.49,187.45,181.73,175.82,168.19,160.11,151.01,141.17,132.00,121.26,110.17
125.94,138.46,145.26,156.63,167.03,174.39,181.66,191.44,194.16,200.81,207.78,211.91,213.64,217.80,219.59,224.06,226.53,230.00,234.29,237.02,239.02,244.50,251.37,255.63,257.18,260.68,262.94,261.01,255.88,256.88,253.16,247.13,241.37,237.36,232.31,226.92,221.05,215.23,209.12,205.00,199.28,195.26,184.36,179.78,173.48,164.68,159.31,150.22,140.00,130.67,122.07,109.02
116.76,135.28,140.89,153.69,168.50,177.55,181.86,193.51,195.45,202.62,207.06,211.03,215.57,219.11,219.59,222.77,225.96,230.49,234.20,235.30,237.12,242.80,247.54,251.32,255.20,259.30,260.43,259.52,259.62,256.10,252.23,248.00,240.69,238.08,231.97,228.27,224.21,219.67,213.68,207.78,202.43,198.17,189.17,183.85,178.06,170.88,164.30,156.27,145.41,136.34,125.32,112.72
118.36,132.24,138.84,147.56,158.90,165.03,174.64,181.03,185.41,191.01,195.41,201.34,204.63,206.77,207.29,210.32,215.47,220.49,223.45,223.01,225.61,232.42,237.17,241.28,243.02,248.79,249.71,246.98,244.97,244.13,238.95,234.65,229.84,227.04,223.71,219.54,211.12,207.48,203.08,198.83,194.16,187.20,180.27,175.35,172.05,161.25,152.61,144.69,138.22,130.23,118.34,107.34
116.50,129.38,135.06,146.12,155.94,163.31,169.33,177.79,181.76,188.35,193.26,196.70,200.36,202.43,203.57,207.97,211.45,217.09,218.84,218.71,221.31,227.27,233.63,237.32,238.92,243.58,246.22,241.36,240.69,238.01,235.42,228.95,224.27,223.73,216.67,210.39,205.76,202.36,197.34,191.67,186.07,180.41,173.11,168.08,162.25,155.16,147.53,140.43,133.06,124.28,112.36,101.60
126.49,137.91,147.35,155.54,165.89,173.54,181.74,191.13,195.26,202.70,206.07,211.95,215.57,217.10,217.28,222.41,227.59,234.06,236.54,236.54,238.20,244.18,252.30,254.63,256.67,261.40,265.17,258.80,258.79,259.12,252.86,246.59,240.76,241.21,234.96,229.00,221.01,213.68,209.12,207.21,202.20,193.68,188.02,180.24,174.48,163.25,155.54,147.87,140.46,133.00,121.24,107.91
118.71,132.19,139.23,150.24,157.20,166.24,172.24,181.11,182.65,190.52,196.12,202.20,203.93,206.53,206.82,211.80,215.38,221.27,223.95,226.12,229.37,231.98,238.77,242.51,245.46,249.65,250.57,244.92,245.52,243.65,242.67,232.62,229.42,225.80,222.02,215.64,209.77,205.55,200.64,195.54,191.37,183.45,177.91,170.89,166.19,156.52,148.22,139.85,134.18,125.10,113.27,102.49
124.42,135.95,148.61,158.40,166.87,173.44,181.16,190.85,193.02,200.94,205.83,210.15,215.86,216.48,218.51,221.00,226.56,232.50,236.58,234.14,238.90,243.50,252.01,255.12,256.22,264.44,265.38,260.43,260.17,260.05,254.39,247.08,242.69,243.68,238.10,232.48,223.83,219.15,212.36,212.40,206.13,197.84,193.28,187.01,180.80,170.43,163.62,153.47,147.05,138.95,123.98,113.02
124.48,138.92,146.58,157.00,166.60,171.97,182.66,191.71,194.26,203.23,205.22,211.37,216.00,217.92,217.72,221.08,227.01,232.56,237.99,235.08,240.10,244.63,252.69,254.70,256.76,265.41,265.22,262.61,259.01,261.60,255.24,246.68,243.51,243.74,238.88,232.36,223.65,220.17,214.72,213.79,207.87,198.41,194.16,187.22,182.63,171.23,165.47,152.96,147.76,138.32,125.25,111.51
126.27,143.59,148.53,160.33,169.01,177.34,185.17,191.78,197.91,204.36,210.46,214.01,218.87,221.56,221.06,225.22,230.60,233.75,238.81,238.30,241.99,246.16,254.05,256.44,260.22,263.65,268.29,262.83,260.23,261.63,257.39,251.08,247.75,245.60,239.59,233.57,228.02,222.61,217.57,212.47,206.47,200.77,193.13,187.28,182.72,173.42,164.60,155.71,147.61,137.80,124.62,113.64
125.43,139.52,147.71,158.03,166.02,176.24,181.28,192.09,195.13,205.52,203.30,212.44,217.70,218.39,220.43,223.99,226.99,233.08,235.85,236.08,239.73,244.05,250.28,254.23,256.01,263.21,264.12,257.74,258.96,256.53,252.29,246.45,241.83,239.77,235.94,228.27,222.03,215.57,211.29,208.33,203.77,190.52,189.84,181.18,174.90,166.98,156.00,147.41,141.24,132.80,119.85,110.16
123.11,137.42,142.17,150.96,161.42,170.07,176.62,184.98,189.62,196.47,200.85,205.51,207.97,212.68,213.77,216.95,220.66,225.57,226.42,229.06,232.86,236.86,242.84,248.94,250.68,253.20,255.16,253.31,251.75,250.60,247.89,241.07,235.36,231.70,226.93,222.28,217.68,212.14,207.52,198.60,194.74,191.00,181.69,176.03,171.84,162.64,155.65,147.09,137.82,128.95,118.93,107.91
117.18,129.40,139.99,149.93,154.21,165.95,170.18,180.01,182.89,190.07,192.01,199.02,201.97,204.88,204.97,209.24,213.06,218.39,219.24,221.65,223.49,228.63,233.64,238.08,239.64,244.72,246.34,243.82,244.11,241.70,239.35,232.65,228.65,225.74,220.42,218.55,211.38,206.48,202.57,196.42,193.04,185.28,179.94,175.42,168.88,161.41,152.55,144.90,136.82,130.42,118.27,107.00
115.95,131.50,134.62,146.70,159.39,166.88,172.54,179.29,183.37,189.26,193.00,196.94,200.80,204.75,204.90,209.75,211.99,216.33,218.66,222.73,222.77,228.57,233.24,236.14,240.02,243.53,246.22,244.12,244.23,241.30,238.77,232.48,227.20,225.22,220.68,216.90,209.80,206.41,201.40,196.09,190.26,186.00,177.16,174.24,167.76,159.18,152.63,144.69,136.47,126.75,115.97,105.60
117.48,131.47,137.18,147.38,157.81,165.01,171.83,179.10,182.48,189.41,195.58,198.70,202.77,206.42,207.62,211.24,213.72,219.49,222.28,225.09,226.82,232.11,236.91,240.47,243.02,246.48,248.20,246.29,244.40,242.32,240.10,234.63,230.21,224.96,221.14,215.65,210.05,205.78,201.49,194.10,188.73,183.83,176.95,170.95,164.56,156.28,148.19,141.48,133.30,122.54,112.18,103.39
126.19,140.09,147.20,158.09,168.58,177.34,183.52,192.00,195.17,205.18,207.80,213.03,216.93,219.61,221.72,225.43,228.27,232.91,237.50,238.95,241.24,248.03,253.03,257.99,261.69,262.77,265.75,263.23,261.86,260.19,257.03,249.23,245.28,241.63,235.19,229.46,225.40,221.71,216.08,208.93,204.94,197.31,189.24,183.12,177.23,168.07,160.08,152.09,142.43,132.67,122.59,112.41
118.85,131.03,138.74,146.77,157.18,166.07,170.85,178.28,180.83,189.62,193.61,196.95,201.68,204.53,205.29,210.62,213.30,218.52,220.05,220.78,223.43,229.54,233.43,238.41,241.51,243.99,246.76,245.54,243.80,243.60,239.64,233.38,230.36,227.48,221.46,218.84,213.78,209.27,203.80,198.88,192.28,190.14,179.85,175.73,170.50,164.21,156.08,147.23,139.17,128.08,118.21,107.63
118.81,132.28,139.03,149.89,157.87,166.96,172.01,181.62,184.69,190.59,194.49,198.25,203.97,205.79,207.89,211.29,213.06,219.92,221.35,222.14,224.80,230.36,234.88,238.85,243.00,244.81,248.00,244.73,246.91,244.44,241.76,236.18,230.31,228.02,223.02,218.90,213.71,210.12,205.57,198.73,193.89,189.41,181.71,175.57,170.88,166.00,155.08,147.49,138.03,130.60,119.36,108.34
119.55,131.52,137.32,146.66,159.01,166.21,172.43,180.43,183.01,189.66,195.45,199.44,202.43,204.47,207.56,210.95,213.24,218.00,221.55,223.18,224.59,229.92,235.33,240.01,241.09,245.65,249.29,245.74,246.34,244.39,242.00,235.72,231.29,227.91,222.43,218.87,213.85,208.87,204.40,198.73,194.16,189.81,179.43,175.39,171.00,163.29,156.85,148.00,139.86,130.65,118.87,109.12
124.81,139.14,145.17,155.98,167.26,173.23,182.80,189.45,192.31,200.26,204.63,208.25,212.93,217.28,219.05,223.43,226.74,231.03,231.97,236.54,237.24,244.12,249.06,255.00,258.07,261.55,262.51,262.19,259.33,257.40,255.52,247.76,242.86,240.25,233.85,229.92,223.57,220.24,215.23,207.12,200.20,196.24,186.78,180.24,176.21,168.51,161.06,150.96,142.17,133.36,122.10,110.54
124.62,139.18,145.91,154.90,166.88,173.61,182.72,191.55,193.60,201.24,206.09,210.04,214.95,215.68,219.01,222.99,227.18,232.23,236.14,235.27,238.54,244.28,250.89,254.87,258.03,263.21,265.04,261.40,259.99,258.55,255.44,246.42,242.21,241.31,236.38,232.04,222.83,219.02,213.01,210.16,203.74,195.18,189.19,182.22,177.55,167.86,159.81,150.28,143.03,132.85,122.64,110.94
123.43,137.24,144.00,154.04,161.64,170.58,178.83,185.01,189.45,197.31,200.41,206.40,210.28,212.19,215.23,218.08,219.08,227.04,228.99,230.60,233.06,236.30,242.83,246.36,248.96,253.87,258.50,253.30,253.67,253.24,249.35,242.84,238.32,237.95,231.64,228.27,221.82,216.92,213.90,207.33,204.43,196.45,191.44,184.30,177.79,169.65,162.46,152.90,145.88,137.79,122.79,112.90
122.16,135.07,140.55,149.68,161.31,169.50,175.64,182.21,185.35,191.51,197.59,200.18,204.69,208.61,211.08,213.18,214.87,222.14,223.38,226.02,226.63,231.19,239.08,241.87,245.52,247.12,249.72,249.93,248.29,247.41,245.90,239.21,234.67,232.55,227.41,223.65,217.08,212.12,208.14,202.62,197.21,193.10,185.43,178.04,173.49,166.21,158.81,149.94,141.95,132.52,120.35,110.07
124.48,136.95,146.03,155.00,166.39,173.54,181.32,189.62,193.40,201.90,204.98,208.52,213.32,216.81,217.14,223.83,223.79,231.14,232.86,235.77,239.43,242.14,248.32,252.20,256.73,260.63,263.07,261.23,258.19,255.89,254.47,248.17,244.39,241.24,233.17,229.39,224.84,219.65,215.23,207.39,203.10,197.80,191.05,181.01,178.66,170.58,160.59,152.46,144.20,134.37,122.18,111.83
125.25,138.77,146.71,155.86,164.75,170.88,181.73,191.02,192.37,203.08,203.59,210.11,216.09,214.57,216.59,221.69,227.72,234.18,236.24,235.51,236.99,243.35,251.25,253.87,255.20,262.69,264.43,260.19,259.80,260.00,254.15,247.27,241.86,242.33,236.58,233.21,223.38,216.67,213.70,210.07,206.31,195.97,193.13,185.05,178.34,170.86,160.51,150.76,144.90,135.06,122.54,111.65
127.14,139.01,145.60,156.49,167.54,174.26,183.04,190.90,193.75,201.34,206.89,210.19,215.34,218.28,219.11,223.49,226.93,232.02,234.36,236.54,240.01,245.77,251.64,255.41,259.11,262.21,264.49,261.72,260.89,259.56,256.80,249.39,246.56,243.31,236.96,232.01,226.53,220.95,215.87,210.87,203.90,199.12,190.92,185.74,179.03,170.49,164.76,154.30,146.26,133.79,124.91,112.79
125.88,139.43,145.04,157.32,167.03,174.50,180.41,189.27,194.04,202.34,205.77,209.78,215.20,217.46,216.54,223.11,226.06,231.23,232.70,235.21,236.48,242.40,249.07,252.17,255.72,261.00,263.93,259.24,258.70,258.80,255.16,247.52,247.04,243.61,238.00,233.42,227.65,223.22,219.21,212.53,208.39,202.09,196.71,190.28,181.64,174.96,166.05,156.92,149.49,140.00,127.88,116.09
117.83,131.21,138.61,149.49,158.60,165.08,171.90,181.07,184.82,191.89,194.62,200.68,203.48,205.92,207.24,210.30,214.45,219.35,222.87,222.62,225.61,229.22,237.23,239.37,242.21,248.22,248.72,246.00,246.10,244.63,242.89,236.92,234.14,230.59,225.39,222.00,216.52,211.93,207.20,201.54,196.96,192.66,184.84,179.47,174.26,166.24,158.47,148.31,142.28,133.75,119.95,109.62
125.60,139.78,145.17,153.81,162.83,169.43,180.60,187.68,193.00,200.45,201.16,210.54,214.28,213.85,214.56,219.99,224.22,232.36,231.80,232.24,234.31,240.79,247.68,250.55,252.03,260.25,263.43,256.96,258.40,258.05,254.69,248.58,243.04,243.90,238.89,234.06,226.88,220.34,216.39,213.12,208.47,199.67,195.58,188.96,184.17,174.75,165.19,155.77,149.97,141.45,125.20,113.51
125.06,137.08,144.97,154.74,164.07,171.30,179.78,190.71,190.94,199.01,202.07,209.40,213.55,214.58,216.76,221.18,225.18,229.87,233.86,233.32,236.43,241.99,249.02,254.61,255.05,261.66,262.43,259.38,258.45,258.12,251.43,246.16,240.68,239.71,235.93,231.61,222.39,217.33,212.98,210.49,205.68,196.21,191.13,183.45,178.54,168.24,160.38,151.65,143.22,136.12,122.92,111.65
124.82,138.19,144.31,155.32,163.95,171.84,179.69,188.51,192.13,199.55,203.94,208.61,213.86,217.04,216.15,220.48,224.70,229.80,233.17,235.26,238.17,242.07,249.65,253.62,257.16,262.02,262.19,259.95,257.47,258.14,253.48,247.94,244.30,239.38,235.05,229.19,223.16,219.54,215.06,207.62,201.76,198.12,189.75,184.05,179.28,170.84,161.25,152.46,143.34,135.18,122.93,112.04
125.77,138.31,144.36,155.21,166.37,175.15,179.39,189.13,190.60,199.10,206.16,209.20,211.74,216.09,217.04,222.06,224.77,228.22,232.69,232.59,237.42,241.07,249.15,251.00,253.60,259.90,261.20,260.31,258.38,257.24,254.20,248.09,245.54,242.00,238.14,233.86,227.55,222.14,217.72,213.04,207.02,203.07,194.21,187.75,182.57,176.48,168.08,158.68,149.78,140.46,126.67,116.85
125.90,140.81,147.23,156.67,166.64,175.80,183.85,192.59,196.45,204.43,205.97,211.94,215.08,217.89,221.01,224.76,229.79,233.89,236.33,238.08,239.87,246.16,253.21,256.29,260.00,264.66,267.53,261.09,262.76,261.01,256.77,251.13,245.59,244.92,238.68,233.81,227.38,221.78,217.50,214.25,208.15,199.68,193.09,187.98,182.02,172.43,163.88,156.02,146.99,138.16,124.47,112.61
118.95,131.21,138.19,148.60,156.71,164.76,171.06,180.89,183.34,190.37,194.02,200.45,203.25,205.12,206.34,210.92,217.48,221.00,223.04,225.14,226.99,230.18,236.56,241.35,244.38,248.91,251.51,248.85,247.40,246.36,242.23,237.59,234.31,230.85,224.88,222.46,214.28,208.60,205.51,199.98,194.46,188.06,182.73,175.93,170.19,162.34,155.32,145.21,137.62,130.25,117.39,105.99
123.84,140.43,144.37,155.21,165.25,173.67,181.47,189.62,191.09,199.81,203.09,207.56,211.54,215.20,217.11,221.11,223.65,228.30,229.26,232.55,234.25,240.30,247.23,249.88,255.55,257.77,260.02,259.11,258.04,256.83,255.05,247.63,243.99,241.11,235.69,234.23,226.65,223.29,218.58,212.17,205.64,202.20,193.57,188.68,182.58,173.67,167.84,158.00,150.08,139.26,128.56,114.83
125.60,139.18,146.09,157.89,164.92,174.45,181.20,191.88,195.47,203.04,203.03,211.56,214.60,217.35,217.71,225.80,226.77,234.80,235.59,235.05,239.83,244.32,251.85,254.45,257.00,263.60,266.00,260.46,262.83,260.85,257.07,250.26,245.35,243.65,238.93,234.17,225.44,220.49,216.09,212.15,208.54,197.70,193.13,187.32,181.65,170.88,162.36,153.00,146.75,137.88,122.41,112.64
117.61,131.10,137.46,148.22,156.95,164.30,167.45,177.18,180.43,189.69,192.72,197.43,203.48,204.00,205.29,208.95,214.85,215.42,221.27,220.68,222.32,226.87,235.09,237.43,241.15,246.62,250.35,243.73,245.41,244.12,237.59,234.09,229.68,229.63,224.90,220.68,214.59,210.64,205.10,202.05,196.37,189.56,184.20,178.39,173.10,164.10,156.35,146.82,140.26,132.08,120.88,109.22
124.62,138.29,145.77,155.55,164.77,173.28,182.17,190.25,194.65,201.81,204.80,212.06,214.84,216.83,217.44,222.95,229.84,234.44,234.40,236.60,237.14,243.82,251.87,255.89,256.90,262.15,265.20,261.07,260.28,261.09,257.67,249.61,244.39,244.75,238.02,233.21,226.43,220.54,215.81,212.14,206.50,199.22,193.49,186.57,181.28,171.68,163.81,154.55,145.91,137.74,123.11,113.02
118.93,131.23,137.03,147.03,159.20,166.58,172.74,180.55,183.97,191.01,196.12,199.46,204.96,207.18,210.30,212.47,216.83,221.58,222.77,227.11,227.70,234.23,238.73,244.03,247.32,250.00,251.29,250.22,249.58,248.48,244.63,237.50,233.48,230.65,224.70,221.93,215.70,211.07,206.42,199.38,193.06,190.87,182.73,176.49,171.12,162.69,155.56,147.41,136.62,128.70,117.52,106.89
118.34,133.46,140.00,148.41,158.38,166.21,173.22,181.20,184.44,192.72,195.26,201.25,204.53,206.94,210.06,212.42,216.00,221.18,224.75,225.62,227.86,233.23,240.19,243.39,247.35,252.26,252.72,250.71,249.80,247.68,245.05,238.95,233.38,231.37,227.37,222.99,215.52,208.41,206.12,200.49,196.38,189.49,182.73,175.87,170.95,162.82,153.46,145.50,138.28,130.39,118.12,106.89
123.76,136.69,141.23,152.88,165.59,172.73,181.08,187.26,190.28,197.43,205.20,206.13,211.48,213.97,215.78,220.06,224.20,228.53,232.02,232.11,236.54,242.10,248.52,253.62,256.04,257.13,259.20,259.92,257.62,256.72,254.39,246.45,242.55,237.55,233.08,228.49,223.97,218.00,212.25,209.20,201.69,198.98,187.81,182.54,177.10,169.54,161.45,151.21,142.89,132.32,123.98,111.45
120.60,131.61,138.22,149.91,157.00,163.82,172.04,179.01,183.39,192.00,193.83,200.35,204.14,204.83,207.62,210.11,213.46,217.44,222.15,222.25,224.88,228.69,236.54,240.42,242.87,246.90,250.14,247.35,247.81,245.42,243.38,236.93,234.44,230.96,226.17,222.63,216.36,212.84,208.72,201.44,198.82,190.54,184.62,180.21,175.07,166.37,159.02,149.86,143.22,134.27,119.92,110.16
123.91,137.30,145.66,155.71,164.35,172.42,180.57,191.78,191.76,201.92,201.36,209.30,215.08,215.64,217.28,222.28,227.37,231.25,234.68,233.38,237.63,241.68,252.24,253.40,254.10,262.19,265.84,259.92,257.24,258.92,254.39,245.51,241.85,241.85,237.15,229.75,223.30,217.45,212.64,209.90,204.24,196.40,190.92,183.98,178.55,168.94,159.11,150.08,144.55,135.13,119.87,110.80
124.43,139.36,145.03,153.60,166.21,174.24,182.65,189.84,195.53,202.73,206.21,210.72,215.62,215.15,218.66,222.99,226.74,232.88,234.61,235.73,239.17,244.24,252.35,253.48,258.61,259.80,263.05,262.49,259.98,260.58,257.12,251.10,245.55,243.87,238.11,232.57,225.47,222.91,217.15,211.93,205.30,201.06,193.21,186.27,182.17,172.00,163.71,154.74,146.00,138.50,124.34,112.61
123.37,138.01,146.29,155.91,165.49,172.80,181.89,191.44,195.76,203.95,205.23,212.81,215.95,218.29,218.33,225.00,228.28,234.56,236.84,236.60,238.42,244.76,251.31,255.24,257.61,263.40,266.01,261.40,261.18,260.85,258.41,248.73,245.22,244.90,241.13,232.74,226.52,220.23,217.39,212.36,207.78,198.65,195.13,185.69,182.92,172.57,164.23,153.94,147.63,139.70,123.91,111.16
123.56,138.93,145.06,155.08,164.78,172.89,179.72,189.84,193.21,199.01,201.69,209.27,212.25,216.52,216.51,220.87,224.96,229.96,232.64,235.79,237.74,241.81,249.26,252.04,255.67,261.20,261.35,259.21,258.28,256.81,255.44,248.21,244.50,240.52,235.87,231.37,222.50,219.92,214.03,209.85,205.72,196.99,190.71,185.05,178.01,168.96,161.97,153.77,144.09,136.31,123.00,112.33
123.23,136.24,144.20,155.80,165.44,172.05,177.20,189.41,191.05,198.93,201.44,208.40,214.01,214.48,215.10,219.11,223.79,229.14,233.54,231.21,235.14,241.90,249.06,253.93,252.72,259.33,262.25,255.98,254.88,255.80,247.54,242.99,239.41,237.70,233.56,228.25,219.02,213.02,206.16,206.40,200.21,189.75,186.68,180.10,172.45,162.00,155.79,145.78,138.61,129.87,118.34,108.91
126.15,140.46,146.00,155.86,167.32,175.93,181.86,191.47,191.45,200.45,206.01,208.84,213.78,216.78,217.55,220.48,225.08,229.18,232.02,233.47,235.60,241.15,247.68,252.79,254.33,258.68,260.46,259.24,260.25,257.51,255.07,249.60,245.05,241.88,237.95,233.83,228.32,222.77,218.19,213.90,208.12,205.15,195.88,189.38,183.18,176.60,167.61,158.62,150.34,138.92,129.69,117.39
124.58,139.56,146.51,157.28,164.79,173.83,181.02,190.47,193.00,202.07,204.50,212.04,217.28,218.32,218.29,223.75,228.22,233.81,237.07,235.20,237.70,245.33,251.21,255.20,257.84,263.18,268.07,260.55,259.98,261.90,254.16,248.71,246.92,246.08,238.25,233.05,226.56,222.06,215.96,213.53,207.27,200.39,193.49,186.26,181.62,170.19,161.98,152.90,146.71,137.32,123.33,111.43
126.48,140.77,146.03,157.00,170.18,176.74,184.22,194.10,196.02,202.94,209.75,212.51,219.20,219.06,222.01,224.37,229.30,235.27,237.08,238.07,241.41,247.03,254.95,258.32,261.37,264.84,267.60,264.05,262.91,264.12,258.15,251.25,247.32,246.45,240.30,234.64,228.97,224.06,218.12,214.04,207.46,202.28,192.48,188.56,182.78,173.79,165.20,156.47,146.35,137.75,126.70,114.28
125.40,138.41,144.84,155.80,165.89,173.65,181.32,189.76,192.10,199.82,205.77,208.95,212.00,215.39,218.83,222.27,226.60,230.52,234.39,234.36,238.77,242.03,249.85,253.75,256.03,261.46,263.23,260.65,260.50,259.85,254.95,248.62,243.71,242.33,237.89,232.57,226.24,220.29,215.19,211.14,204.28,200.37,191.94,185.53,179.90,170.84,163.15,155.00,146.71,136.12,123.81,113.09
124.02,137.93,144.22,154.43,165.10,174.42,179.27,189.42,192.76,200.38,203.49,207.64,213.14,215.24,218.33,221.17,225.40,233.00,232.42,235.34,237.69,243.02,247.68,253.00,256.13,261.09,262.99,260.57,259.62,257.89,255.38,247.88,244.19,241.75,236.32,231.77,224.40,219.74,215.68,211.44,206.18,199.09,192.26,182.88,178.84,171.47,162.34,153.46,146.71,136.78,124.95,113.88
124.47,136.30,144.00,153.38,165.21,172.80,179.20,187.75,190.28,197.72,201.81,205.77,209.77,213.94,218.20,220.20,223.45,227.07,229.92,232.70,234.92,239.95,245.15,251.83,253.69,258.00,257.60,256.46,258.03,255.79,251.70,244.35,241.37,239.07,234.93,229.60,224.08,218.80,215.04,207.04,202.83,199.01,189.84,184.13,177.72,171.21,161.45,153.57,143.89,136.17,124.58,113.25
123.94,138.23,145.45,154.69,164.88,173.61,178.52,190.21,192.11,201.40,202.48,209.69,213.35,215.08,215.80,221.54,224.90,229.31,232.96,232.24,235.42,239.78,246.55,250.03,252.52,258.57,262.73,257.16,258.31,257.16,255.15,249.48,244.40,244.60,236.89,232.55,225.89,221.92,217.72,213.62,209.40,201.24,195.26,189.72,183.48,173.83,167.16,157.54,150.62,141.85,126.67,115.10
121.59,136.31,143.42,153.38,163.93,171.59,176.65,186.02,190.68,196.33,201.40,207.56,210.24,212.36,213.94,217.56,223.57,225.74,230.20,230.80,230.65,237.41,245.80,248.62,251.25,257.42,258.81,256.42,254.10,254.76,249.39,244.36,241.57,237.88,233.63,230.14,222.17,217.59,213.21,210.44,202.43,196.70,189.59,185.56,178.84,169.00,161.25,152.35,144.00,133.93,124.34,113.36
112.58,129.12,139.81,150.63,164.73,172.07,178.89,185.31,186.53,194.83,200.48,203.20,209.34,211.48,213.25,217.18,220.11,224.86,227.95,229.37,232.26,238.87,242.54,247.58,251.68,253.95,257.53,255.88,254.68,253.00,251.05,245.05,240.85,238.54,232.73,229.83,224.56,220.24,215.59,209.62,204.92,201.44,191.18,186.02,181.14,174.18,164.15,156.67,147.27,137.61,126.46,113.53
120.34,134.35,144.00,154.04,162.26,171.40,179.40,187.93,190.02,197.99,198.88,206.04,209.75,211.83,212.15,217.60,221.65,229.26,231.19,229.31,233.11,238.81,245.35,248.89,250.00,257.64,259.62,254.40,256.46,255.00,250.89,244.52,240.52,240.45,236.32,231.14,223.02,217.55,210.77,210.11,203.94,193.29,190.04,182.89,177.00,168.32,158.27,150.56,143.00,134.83,120.74,111.20
119.85,133.15,136.62,149.05,160.11,166.51,172.53,182.58,186.78,192.60,197.09,200.26,206.69,208.15,210.86,216.06,217.89,224.15,224.66,226.98,231.40,234.97,243.10,245.47,247.95,252.41,253.82,252.81,251.73,249.58,246.29,240.61,235.48,232.72,227.40,224.08,216.02,211.40,207.66,202.73,198.00,190.12,182.78,176.00,169.55,162.61,153.40,145.50,138.18,128.27,116.47,107.17
112.61,125.25,130.55,140.91,149.48,157.47,162.86,171.17,175.19,181.22,186.53,188.32,194.55,196.81,199.90,202.57,204.96,209.48,213.01,213.78,218.89,221.65,227.00,232.11,234.89,237.84,241.48,237.47,237.03,234.18,232.57,226.93,223.06,218.66,213.60,209.06,204.04,202.25,196.36,189.47,185.08,180.80,172.70,166.83,162.37,153.85,147.51,138.00,130.25,121.66,110.34,100.85
117.32,130.10,138.00,146.99,154.78,162.69,170.07,180.40,181.89,191.60,193.04,200.00,204.53,204.52,206.02,209.90,214.62,221.39,222.77,223.30,227.70,230.84,238.85,241.27,243.85,250.32,251.61,246.86,245.80,246.48,241.03,237.84,232.72,231.48,226.88,222.50,216.01,207.42,204.09,200.90,196.02,187.55,182.61,176.21,171.82,162.39,153.18,144.31,137.32,129.87,116.18,105.39
114.95,127.48,136.42,145.52,155.71,161.45,167.71,178.73,181.04,189.66,191.06,197.34,201.41,202.07,205.62,208.63,214.31,218.60,221.46,220.99,224.38,231.19,237.54,240.48,241.60,248.56,248.92,246.08,245.80,245.20,240.68,235.16,231.04,231.57,225.62,220.06,213.46,207.78,201.88,201.85,195.85,185.23,181.24,175.93,169.71,160.00,151.24,143.02,136.18,128.58,116.21,105.42
118.11,130.36,134.62,147.20,157.17,165.25,168.67,179.13,181.96,188.49,193.26,197.85,202.61,205.81,205.92,210.26,213.51,219.45,221.78,223.39,228.64,230.21,236.97,241.60,245.12,247.92,250.71,248.94,247.41,247.20,245.35,237.15,234.44,230.89,226.11,221.14,216.12,212.72,206.01,200.25,196.33,189.93,182.10,176.32,170.07,162.83,154.40,146.05,138.05,128.80,117.03,107.15
115.35,128.27,135.65,146.40,156.63,163.25,168.58,177.77,180.28,188.37,192.42,195.30,201.36,202.53,205.55,208.96,215.24,219.59,221.60,222.79,225.32,231.39,235.31,241.13,245.49,245.59,250.64,248.89,246.79,244.75,244.05,237.17,233.21,231.77,225.61,221.78,216.33,211.27,205.00,201.22,195.17,189.86,182.44,175.42,170.99,163.15,153.38,145.50,139.46,130.42,118.11,105.55
113.00,125.94,132.55,141.03,151.21,156.16,164.28,173.35,176.77,184.10,184.84,191.64,196.62,197.40,198.37,202.20,207.71,214.66,215.26,216.61,219.58,223.26,233.14,234.31,237.20,242.17,244.38,240.69,240.23,240.41,235.70,231.66,226.24,224.96,221.50,217.00,210.28,203.48,198.92,197.77,192.85,182.94,178.54,172.74,166.57,158.22,149.35,141.29,134.37,127.03,115.42,104.40
117.52,131.61,136.13,145.67,154.43,161.72,166.97,178.72,179.89,189.48,189.02,195.39,199.46,200.82,203.06,206.12,210.72,214.62,218.82,218.69,223.01,227.69,234.46,237.42,239.30,246.88,249.03,243.83,245.64,246.29,243.65,238.37,235.01,236.25,232.11,228.04,221.81,216.04,211.83,211.09,206.46,197.77,191.69,185.83,182.16,172.82,164.28,155.08,149.51,139.14,126.00,113.53
123.79,135.77,145.03,153.39,162.00,168.60,177.63,186.25,189.38,197.40,197.65,206.40,209.77,210.64,211.93,215.13,221.22,225.54,229.17,229.43,232.13,237.93,246.14,248.36,250.64,256.88,262.09,257.93,258.31,259.70,256.31,251.34,249.10,250.16,244.52,238.48,233.26,228.06,223.06,222.33,217.61,209.41,205.23,199.12,192.94,183.17,174.77,164.40,157.44,150.08,134.77,121.06
113.88,124.20,134.37,142.68,149.62,157.38,165.48,175.14,178.21,184.95,185.84,192.34,196.70,197.49,199.15,203.12,206.49,214.11,216.45,216.00,220.48,223.37,230.15,233.04,236.40,243.31,245.07,239.27,240.08,240.71,237.36,232.13,229.71,227.71,221.06,218.39,212.79,208.00,202.00,199.25,194.44,186.68,182.50,175.86,171.82,160.56,153.47,144.59,138.45,130.74,115.62,106.10
114.59,127.02,132.38,141.35,151.79,158.47,164.79,172.93,176.37,182.02,186.59,190.44,194.49,198.60,199.48,202.05,208.12,213.23,214.00,214.57,219.54,223.81,229.84,233.08,238.30,239.71,242.16,241.02,239.91,240.21,237.00,231.71,228.89,225.02,221.29,217.01,213.35,208.06,202.43,197.96,193.54,189.24,181.22,175.17,170.99,162.66,155.55,147.05,137.52,125.30,118.85,106.83
121.33,135.25,141.24,151.16,161.11,168.43,173.22,182.00,186.08,192.61,195.78,199.47,204.35,206.18,209.89,211.70,215.80,221.42,222.00,225.06,226.21,232.05,237.45,241.96,245.52,249.83,254.37,251.79,251.53,252.56,250.29,243.97,242.16,242.64,237.89,235.31,229.75,224.20,221.18,216.23,212.51,206.62,200.68,192.46,188.82,182.58,174.00,164.00,155.63,146.49,133.41,121.08
119.34,132.00,140.35,148.84,157.20,164.30,170.63,179.30,184.02,190.91,192.76,198.01,205.55,204.47,207.91,210.00,214.41,219.67,222.52,223.60,227.71,230.55,239.48,238.77,245.60,248.57,251.73,250.59,250.24,249.47,243.39,238.54,238.35,237.70,232.43,226.80,221.62,215.41,212.76,209.48,203.68,196.02,191.17,185.33,180.27,171.01,163.05,153.94,147.80,137.74,125.16,113.18
118.98,133.15,138.13,149.27,156.72,164.78,170.39,178.10,181.42,189.24,191.44,196.21,202.20,202.83,202.02,210.28,211.15,215.80,217.11,220.27,222.32,225.22,232.36,235.69,241.29,243.53,247.12,245.59,247.95,245.12,245.20,240.48,238.62,235.93,232.02,231.86,225.85,221.40,217.04,213.10,208.43,202.56,198.13,190.78,187.77,179.05,169.25,161.15,154.56,146.24,132.28,119.95
124.46,138.31,144.03,153.81,163.68,170.10,176.50,183.44,186.59,194.83,197.87,202.59,206.46,205.70,210.05,213.05,215.56,221.21,223.81,225.26,227.11,234.14,239.71,244.27,246.62,251.25,254.91,251.64,252.05,255.54,252.77,246.87,245.25,243.02,237.86,235.92,228.22,227.56,221.25,219.67,214.25,209.15,203.71,195.78,192.00,185.01,176.01,168.01,158.32,148.49,135.13,122.38
128.32,142.52,149.20,158.15,167.61,175.14,183.81,191.76,194.74,201.82,203.93,210.16,214.24,213.68,217.55,220.08,225.26,230.87,234.89,231.46,234.44,241.17,248.62,250.77,255.88,258.82,263.49,261.31,264.14,263.49,260.73,254.26,252.26,252.45,247.84,242.87,237.51,232.95,228.63,226.59,220.86,214.67,210.04,203.60,197.69,187.60,180.74,171.47,163.67,153.44,138.92,124.72
122.69,135.82,142.56,152.63,160.01,167.00,173.37,182.22,184.71,190.87,192.51,197.45,201.70,202.73,203.04,206.20,208.15,212.78,217.12,216.39,218.87,223.50,231.42,235.79,237.54,244.24,246.95,246.22,246.79,247.00,245.05,240.75,238.84,240.08,238.52,232.45,227.18,223.66,219.15,218.58,213.70,207.21,202.61,197.91,193.17,185.92,177.99,168.25,160.90,151.01,138.42,124.74
122.43,136.42,138.60,148.66,158.03,167.59,171.92,180.10,182.43,189.03,193.07,195.36,201.44,202.63,206.65,208.93,210.54,216.54,216.81,219.54,221.12,227.48,233.89,236.78,242.47,243.56,248.09,249.58,251.45,248.03,245.31,240.83,239.01,236.80,230.79,229.39,224.96,222.17,216.92,212.19,209.77,201.56,195.86,189.76,185.33,179.43,171.59,161.72,153.69,144.17,133.66,120.37
121.10,134.26,138.41,149.04,157.89,165.11,169.92,178.93,181.11,186.97,191.44,194.18,199.46,202.27,203.89,206.66,208.14,213.94,214.70,218.22,221.35,225.79,231.56,235.76,239.47,242.72,247.23,248.21,249.88,246.78,248.34,240.85,240.36,237.20,232.31,230.44,225.14,222.69,216.91,211.78,208.49,202.16,195.14,190.01,185.06,179.00,172.28,161.76,152.64,144.18,133.72,119.50
125.48,138.00,145.65,156.63,164.20,172.63,177.55,187.83,189.55,195.04,196.87,203.80,209.47,208.93,210.19,213.83,219.10,223.89,225.80,224.75,228.30,233.46,240.05,242.53,249.06,254.91,260.11,256.82,259.94,261.73,257.61,252.68,252.16,254.33,250.35,246.66,240.42,235.87,231.50,230.05,227.01,218.48,212.47,206.82,202.07,192.33,184.39,177.39,166.93,157.27,144.03,129.69
118.13,131.88,136.78,147.17,154.56,161.31,167.33,176.18,177.80,185.41,187.01,192.04,196.79,196.51,198.09,200.89,204.75,209.51,211.87,211.75,215.54,220.06,228.33,232.14,236.21,241.07,247.98,245.38,248.08,249.13,246.29,242.91,240.68,240.71,238.17,235.81,230.18,225.21,221.35,219.15,215.36,207.86,203.04,196.31,192.07,182.57,175.89,169.00,157.84,150.40,136.62,122.32
109.17,120.83,127.99,135.77,142.23,149.72,154.78,163.78,164.10,170.43,173.07,177.55,181.80,180.36,181.10,186.13,188.77,194.74,197.75,196.70,198.48,203.18,211.65,214.48,218.29,224.80,230.41,226.91,229.09,231.80,229.26,224.20,223.56,225.26,221.08,218.15,212.72,208.94,205.14,204.60,200.57,193.06,188.05,182.48,178.97,171.27,161.45,153.01,146.99,137.91,126.37,114.86
126.19,140.12,147.79,154.30,164.22,170.84,177.10,185.06,184.89,193.02,195.97,200.69,204.41,205.80,204.96,209.50,214.83,218.98,220.79,223.56,226.24,231.55,240.07,245.64,250.84,255.05,259.30,259.49,261.23,263.30,259.59,253.31,252.16,251.64,247.78,244.93,238.43,233.08,228.69,227.38,222.39,216.06,207.82,202.61,197.73,187.36,180.62,172.00,163.78,153.18,140.43,128.13
130.00,142.62,147.00,159.10,169.50,177.65,182.60,190.07,190.04,195.98,201.46,203.38,207.39,209.03,211.14,215.11,215.87,223.38,221.11,225.57,227.55,233.81,239.21,244.66,251.09,252.80,258.82,256.27,258.92,255.63,256.27,250.79,247.41,247.69,242.42,238.88,235.94,232.14,226.53,222.83,218.19,213.57,204.38,198.30,193.66,186.89,178.09,171.83,161.04,152.12,138.09,126.38
135.69,148.39,156.54,165.05,173.35,180.69,188.10,195.13,197.43,204.55,204.50,211.29,214.76,214.34,211.62,216.39,222.00,226.63,228.12,226.81,227.26,233.45,239.71,242.62,245.69,251.21,256.14,251.64,253.15,254.17,248.49,244.35,239.84,242.86,237.86,233.56,227.90,222.27,218.00,218.68,213.56,205.32,198.37,191.38,188.09,179.77,171.47,161.92,156.08,147.26,134.53,121.66
129.03,140.01,151.09,158.15,164.55,171.94,178.49,186.02,189.87,194.33,195.74,201.14,204.17,207.21,205.12,209.75,211.26,216.02,217.57,217.12,221.33,224.51,230.16,233.48,236.68,241.66,244.24,241.40,242.84,243.35,238.50,233.21,230.29,232.02,228.53,223.32,217.72,213.49,210.44,206.23,203.00,196.79,191.59,187.26,180.94,172.57,163.22,157.11,149.65,141.16,128.14,116.36
126.13,140.09,150.00,159.80,167.72,178.91,186.08,195.56,196.98,203.04,207.95,213.56,217.37,220.57,222.68,226.32,229.61,237.10,239.89,240.13,242.89,249.15,256.56,260.66,262.03,267.42,268.26,266.92,266.54,263.10,259.86,253.45,247.34,248.65,243.65,237.32,229.87,224.16,222.73,217.79,214.37,206.32,198.58,193.55,187.02,176.57,168.86,160.64,152.74,140.89,131.38,120.17
117.83,131.38,138.25,149.21,158.81,168.24,174.01,188.35,190.91,197.09,201.56,207.15,210.72,214.90,218.00,220.06,225.18,230.82,233.23,236.02,241.62,246.79,251.91,257.56,260.20,265.50,268.99,265.70,264.07,263.21,260.22,254.47,248.20,248.17,243.48,238.00,232.12,225.74,222.77,220.08,214.87,207.74,199.72,195.06,190.13,180.62,172.15,162.69,153.77,144.22,134.20,122.12
110.07,123.69,130.23,140.46,152.21,162.82,168.34,177.28,181.46,185.88,192.52,196.74,199.09,204.71,208.83,212.51,215.42,220.02,222.95,225.20,230.85,236.05,240.42,246.68,251.21,254.89,258.43,257.73,259.40,255.52,255.01,248.87,247.26,243.29,238.13,233.50,230.08,225.57,220.47,215.93,211.70,207.93,198.56,192.76,186.78,179.45,173.37,163.37,152.97,143.09,132.50,121.70
118.11,130.38,138.84,149.21,162.46,169.71,176.65,187.11,188.77,193.77,201.25,204.68,207.76,211.40,212.93,216.62,223.57,225.32,231.16,230.97,236.41,240.85,247.07,249.19,255.99,258.26,262.48,262.91,261.86,260.21,259.88,253.65,250.84,250.91,243.45,239.26,237.89,232.08,228.35,225.61,222.16,214.46,208.00,203.16,198.67,189.97,181.14,172.70,161.82,152.30,141.44,126.44
113.28,126.81,137.13,145.01,153.39,161.11,168.15,178.06,179.29,186.69,189.50,193.60,198.83,198.93,200.69,203.09,207.99,212.20,213.83,214.35,216.92,218.52,224.93,227.30,230.33,236.32,239.01,235.00,236.60,236.14,232.59,226.37,224.12,225.30,219.58,216.72,211.53,204.96,203.59,203.07,200.94,189.55,187.42,181.80,179.29,168.91,163.08,154.81,145.61,138.60,127.76,115.11
118.83,132.62,141.23,150.53,159.84,170.21,173.01,184.84,187.42,193.79,196.74,201.92,207.15,206.53,208.41,213.34,217.00,219.69,222.17,221.73,223.66,226.98,233.09,233.08,237.30,243.02,247.74,242.54,242.57,241.85,238.61,232.12,230.52,230.85,225.86,222.38,217.50,210.64,210.75,207.85,207.06,196.35,194.03,188.48,184.45,174.93,167.86,160.82,152.53,144.97,133.28,120.70
118.11,133.54,144.35,151.65,163.67,171.83,177.28,189.65,190.79,198.66,201.47,208.54,211.91,212.60,215.71,216.09,224.93,227.98,229.31,227.85,231.20,234.27,239.71,241.48,245.41,250.15,252.00,249.90,248.36,249.93,245.20,238.54,236.23,236.22,233.96,229.06,221.92,217.06,213.79,214.22,211.52,203.60,197.95,193.04,188.29,179.18,172.47,163.29,156.55,147.14,136.40,123.04
114.24,127.10,133.36,140.94,151.09,159.03,164.21,172.68,175.33,180.01,186.68,188.82,192.92,194.74,196.50,199.62,206.17,208.04,210.88,211.26,211.48,216.67,221.56,224.06,229.27,231.49,234.09,231.58,229.56,231.60,228.53,221.63,219.54,219.15,214.83,211.46,205.94,201.70,199.80,198.72,193.78,188.81,183.61,180.35,174.98,168.34,162.60,154.64,146.17,136.34,126.66,113.17
111.83,122.33,127.95,134.01,145.52,153.39,158.77,166.01,167.11,173.74,179.01,179.64,183.61,187.86,190.09,191.60,194.65,197.34,199.46,202.00,205.06,209.25,212.87,215.41,219.21,219.86,222.48,223.83,222.95,221.08,221.68,214.46,212.85,211.03,209.01,206.73,202.89,200.11,197.71,192.00,189.45,187.28,182.41,177.61,173.82,168.07,162.11,153.52,144.59,135.53,126.53,111.04
118.15,133.15,137.06,146.76,158.03,167.26,174.20,178.77,183.22,188.57,194.88,197.23,202.18,204.75,208.63,210.09,213.23,217.04,220.79,222.31,224.62,228.45,232.70,237.69,241.82,243.91,244.73,245.69,242.16,240.36,239.06,235.13,229.68,229.87,225.44,221.49,218.94,215.95,213.05,205.46,205.32,201.48,192.21,188.22,185.56,180.23,172.88,161.72,152.12,142.72,132.09,120.78
125.54,139.49,139.78,150.05,163.53,172.65,178.10,187.21,188.61,195.67,198.65,204.94,207.00,209.57,210.19,213.83,220.37,227.20,229.73,230.02,231.74,236.02,243.94,247.34,247.20,253.03,254.47,249.43,249.88,249.20,244.59,238.00,234.80,235.23,232.01,225.42,219.53,213.23,211.09,208.25,206.82,198.91,194.65,188.88,183.17,173.46,167.00,157.80,148.76,140.51,128.86,115.60
123.07,137.31,136.72,146.97,162.16,169.40,176.48,182.82,186.78,191.38,198.25,199.40,203.74,206.24,207.76,212.40,215.24,220.93,223.44,226.14,228.48,231.22,238.72,239.55,243.52,247.01,248.24,245.96,242.83,242.26,239.43,233.42,230.36,229.44,225.27,220.95,215.82,209.77,208.01,202.48,201.48,196.33,189.13,183.86,179.78,173.11,167.26,157.50,148.41,137.90,127.88,116.21
123.79,138.65,142.90,153.68,162.52,171.01,177.56,186.95,189.62,196.82,200.09,205.16,206.98,211.15,210.00,213.71,219.24,224.20,227.34,228.37,228.65,232.94,238.85,241.02,244.18,249.82,252.79,246.38,244.24,244.57,242.76,235.93,233.21,233.42,227.74,224.20,219.24,212.14,211.90,208.39,205.76,197.09,193.96,190.34,185.61,177.28,171.23,160.29,152.64,143.57,130.08,118.93
122.48,136.34,144.31,155.65,162.39,172.10,177.54,185.40,189.91,194.99,200.68,204.48,210.15,211.90,212.90,214.80,218.75,224.72,225.81,227.69,228.02,233.06,236.32,239.82,244.05,247.33,247.42,245.00,244.81,241.46,239.25,234.72,230.71,224.96,222.62,221.01,214.76,210.34,208.25,200.25,198.72,193.49,186.94,181.66,179.07,170.85,161.98,152.79,144.92,136.93,124.40,114.76
129.56,147.65,150.10,162.05,172.65,180.27,187.38,195.76,200.80,202.73,209.75,211.85,214.72,218.21,221.00,222.77,226.76,230.59,233.21,235.52,235.26,238.45,244.52,248.00,252.04,252.03,254.40,253.16,249.70,248.21,245.49,237.89,232.80,231.52,225.85,222.50,217.09,212.61,210.77,203.97,199.74,198.04,185.61,181.53,178.44,171.12,165.02,155.35,144.54,134.13,125.42,112.87
129.85,144.37,152.64,162.46,171.21,180.97,187.54,197.36,198.67,207.56,209.81,217.52,218.74,220.73,221.35,226.34,229.22,234.20,239.17,237.69,237.54,241.46,246.73,246.78,248.58,254.57,253.86,249.87,248.89,247.52,241.85,235.17,231.14,232.59,227.13,222.08,215.80,211.36,206.71,208.02,202.48,192.04,189.55,184.77,178.83,170.07,163.62,153.44,146.41,140.87,125.64,114.56
124.92,139.03,145.91,156.24,165.01,172.80,180.94,189.90,192.72,201.12,202.60,208.56,213.60,214.34,214.29,217.33,222.38,227.41,228.24,228.56,228.82,233.62,236.91,239.41,240.40,242.89,243.17,237.02,234.62,234.36,228.19,223.79,219.20,217.17,212.25,205.01,199.20,193.31,191.88,188.22,183.10,175.32,171.73,166.19,159.84,152.30,144.59,134.65,128.55,123.04,109.48,99.86
129.40,144.46,151.60,162.36,171.09,179.77,187.04,195.63,199.49,205.93,210.30,214.87,220.23,221.42,221.44,225.27,231.51,232.14,236.84,235.65,237.54,239.44,246.46,245.51,249.19,251.67,250.05,245.98,241.37,241.01,234.45,229.40,224.11,220.98,217.82,209.68,204.07,199.20,195.00,190.18,185.88,178.33,173.22,167.72,162.50,152.09,144.94,136.24,129.40,121.46,109.33,98.15
130.25,146.01,152.32,164.05,173.18,183.13,189.07,196.47,200.64,206.78,210.26,216.00,220.48,222.27,223.89,227.16,231.04,235.60,237.62,239.30,238.76,242.67,245.94,248.72,251.10,253.16,251.44,246.20,243.91,241.83,237.78,229.03,223.45,221.23,214.67,209.20,203.98,197.73,194.03,188.04,183.88,177.49,170.07,165.95,159.59,151.95,141.68,134.97,127.40,119.85,108.08,96.75
133.66,146.37,152.55,162.05,174.04,181.84,191.85,197.49,199.61,205.06,212.58,216.07,219.05,222.91,224.85,226.21,231.94,234.39,239.17,237.90,239.26,242.42,248.94,251.01,251.80,251.72,250.05,249.28,244.79,243.35,239.27,231.31,224.62,220.33,214.58,208.15,204.36,199.09,193.63,187.72,182.63,179.57,169.54,164.68,159.20,150.00,144.01,135.87,126.25,119.08,111.02,99.08
132.67,153.11,160.55,165.85,180.90,187.52,192.72,203.57,208.02,215.15,219.18,225.02,229.30,233.24,232.14,237.33,240.60,245.81,249.90,249.90,249.91,253.55,259.80,260.84,261.56,266.33,266.27,258.24,253.93,251.96,246.17,238.02,232.11,231.25,226.45,219.13,210.49,204.30,200.61,198.09,192.00,182.48,178.10,173.03,166.38,157.04,147.14,138.65,131.75,124.48,113.07,102.93
134.26,148.00,152.28,163.03,175.45,184.09,188.17,196.38,198.72,204.50,210.24,212.46,217.57,220.38,222.77,225.04,227.40,232.78,233.28,235.85,237.35,240.30,242.59,247.13,249.47,250.95,247.69,244.20,242.32,239.05,236.96,225.85,219.62,217.49,211.42,206.06,201.81,196.33,193.98,185.00,182.66,178.47,169.14,164.98,159.51,152.30,143.62,136.53,128.46,120.75,111.76,100.72
141.51,158.67,165.75,176.01,184.76,194.51,201.63,210.04,213.06,220.23,224.52,229.89,233.17,234.80,234.09,237.61,242.54,245.12,250.06,251.25,251.60,254.69,260.16,261.26,263.71,264.61,264.94,256.85,254.58,252.03,247.70,239.01,234.06,230.42,227.27,219.76,213.04,207.64,203.54,198.25,194.08,189.02,182.08,177.79,171.07,162.86,155.66,145.77,139.59,133.88,120.02,108.78
142.86,160.03,165.34,176.83,187.88,196.00,202.20,210.00,213.26,218.90,224.08,228.01,232.36,234.48,236.86,239.43,241.99,245.70,248.94,248.62,250.02,252.41,256.10,257.93,260.32,262.53,259.94,253.86,250.10,248.93,247.16,236.17,231.14,228.65,223.27,218.16,212.02,206.34,203.42,198.09,194.49,189.62,181.73,176.79,172.97,164.76,158.90,150.80,142.64,135.06,123.45,114.07
145.88,163.02,168.59,180.35,192.90,201.06,206.00,214.28,216.01,221.73,227.18,230.11,233.00,237.08,237.59,240.42,242.89,248.00,250.38,251.34,251.24,253.16,257.12,260.05,262.21,261.09,256.96,254.89,251.10,249.10,247.17,236.30,230.69,229.34,224.11,220.00,214.67,207.10,205.36,198.58,195.09,192.40,184.23,179.23,174.64,169.28,162.34,153.73,144.28,136.40,126.66,117.46
148.82,164.58,168.96,180.36,192.85,201.64,206.83,212.51,213.28,219.46,224.56,226.57,230.25,233.50,234.71,235.19,237.95,240.84,242.10,243.56,242.10,245.77,248.36,251.35,252.44,252.38,249.58,247.32,243.76,242.03,237.95,231.24,225.79,221.45,217.33,211.86,209.09,204.48,201.88,197.25,191.60,190.00,180.24,178.53,172.59,166.65,160.20,154.74,145.77,135.95,129.28,117.83
145.96,162.78,170.84,181.40,190.60,197.97,205.12,211.38,212.98,218.72,220.23,227.06,228.74,230.10,230.67,232.70,235.65,238.44,241.20,237.81,236.91,240.74,244.27,246.09,247.27,249.51,246.09,241.36,240.17,239.31,231.09,223.93,219.94,219.21,216.00,208.63,201.56,196.51,193.05,190.22,187.11,179.32,174.41,171.14,165.85,158.70,151.61,143.18,138.29,131.32,121.02,108.72
144.52,159.25,168.75,177.50,187.38,196.31,201.07,208.47,208.59,215.82,218.55,223.03,224.96,224.93,225.59,227.79,231.53,233.93,236.12,236.59,232.21,235.20,240.34,241.03,243.00,246.00,242.62,238.41,236.24,235.44,230.43,222.17,217.45,217.08,213.30,205.77,199.57,195.74,191.09,188.83,184.95,179.61,172.41,170.43,165.11,157.47,148.92,142.87,137.99,129.56,119.05,108.30
139.90,157.28,164.78,174.04,182.04,191.48,195.89,201.30,203.74,209.00,209.88,215.14,216.81,216.93,216.60,218.52,221.10,225.08,225.50,226.02,223.65,226.31,230.08,231.95,233.57,237.19,236.03,232.20,231.23,227.98,225.08,218.66,213.06,212.36,209.25,203.18,197.10,191.00,189.64,186.46,182.22,176.11,170.99,167.72,162.50,154.81,148.12,141.60,137.64,128.88,118.83,107.69
141.15,154.16,158.47,170.02,179.47,187.54,193.04,195.13,196.16,201.30,205.51,206.13,209.15,211.52,212.04,212.44,215.94,216.59,218.22,219.64,218.60,223.52,225.80,229.71,233.00,231.05,233.15,233.42,228.88,228.04,227.19,219.64,216.23,213.88,209.30,206.02,204.24,199.11,196.16,190.54,187.07,184.84,175.45,173.62,168.32,165.85,158.49,151.12,143.59,134.61,126.25,115.97
136.24,149.12,156.98,166.02,175.56,181.20,186.39,192.77,192.84,200.24,200.80,206.65,208.86,209.99,210.29,213.59,217.00,221.14,224.02,222.09,224.51,228.71,233.57,236.78,237.47,242.99,242.92,238.61,237.01,237.19,233.85,228.02,221.78,222.74,218.32,211.99,207.00,201.79,198.73,198.76,192.82,185.00,180.10,176.50,170.39,162.81,156.87,147.41,142.41,133.84,122.33,112.26
142.27,156.31,164.16,174.23,182.85,188.67,196.21,202.09,203.21,208.41,211.78,217.62,219.69,219.80,221.51,224.61,228.97,232.73,234.93,235.38,236.43,240.65,247.51,250.32,253.66,259.33,259.11,253.69,253.07,252.40,248.21,241.58,236.03,236.58,234.07,225.64,220.06,216.68,209.54,209.35,203.10,196.58,192.42,186.26,181.54,172.53,167.29,157.21,151.61,141.01,131.06,121.15
128.00,140.89,145.12,154.15,164.73,169.73,175.79,180.22,181.84,186.21,191.70,194.83,198.09,200.19,202.24,205.04,208.60,213.81,218.21,220.73,223.58,227.72,234.08,238.95,242.67,245.20,249.20,247.62,243.12,243.74,240.42,235.30,228.81,227.24,223.22,218.39,213.12,206.19,201.69,200.26,193.44,187.88,180.83,177.10,170.84,163.78,157.69,150.05,142.09,133.22,122.59,111.79
135.25,150.10,153.05,163.11,174.24,179.45,186.27,191.38,192.26,198.60,204.36,204.71,210.21,212.62,214.22,216.21,223.09,223.90,230.23,230.79,237.69,242.13,248.17,252.41,256.20,257.45,260.68,259.93,254.43,255.36,251.54,243.91,237.84,234.41,231.77,224.96,221.07,215.06,207.89,204.35,196.70,195.56,183.00,179.01,174.79,166.11,161.08,151.58,141.36,133.00,123.99,111.83
141.09,156.37,162.00,173.09,178.55,186.82,192.52,198.28,201.16,206.04,206.83,212.36,215.11,216.52,217.39,223.37,228.64,233.50,237.03,238.52,243.00,247.99,256.11,255.38,259.76,267.02,270.03,264.46,264.97,261.96,258.33,251.09,246.76,247.46,241.68,234.77,228.24,221.01,216.02,215.08,207.76,199.27,195.15,190.07,184.74,174.41,165.89,156.92,149.97,141.36,129.00,116.93
138.20,153.73,158.40,168.11,176.47,181.84,187.00,193.89,195.24,199.91,200.35,205.09,207.16,209.02,209.69,212.62,215.23,220.13,221.44,223.76,224.56,229.61,237.29,239.89,241.25,249.18,249.48,244.13,245.16,244.97,238.84,234.98,229.82,229.40,225.55,218.22,210.87,206.34,200.25,198.12,193.38,186.12,179.07,176.50,168.19,160.00,152.09,145.25,136.47,128.86,116.85,106.33
134.06,147.72,153.84,164.47,171.29,181.00,183.81,192.35,191.56,198.08,198.73,203.93,208.22,208.08,208.66,211.23,214.85,222.17,224.18,222.04,225.38,229.84,237.70,242.00,245.20,250.88,253.36,248.29,249.43,249.57,245.52,238.60,235.79,234.03,230.59,223.99,215.60,209.75,204.71,200.25,197.29,187.62,183.33,176.07,168.36,159.97,152.55,145.80,138.13,128.82,115.84,106.10
126.89,140.80,146.35,154.92,165.60,173.37,178.88,186.72,186.30,193.20,199.01,199.65,204.17,207.85,211.09,212.60,217.80,221.82,226.32,228.04,230.33,237.40,244.72,248.81,254.23,255.88,259.46,260.22,259.43,256.26,252.34,248.48,242.70,239.61,232.91,228.06,223.61,219.24,214.22,209.95,201.76,198.16,189.91,185.32,181.04,172.59,163.23,155.76,146.45,136.47,127.42,114.34
113.76,123.91,130.78,139.00,146.54,152.62,160.90,173.74,174.77,181.25,180.38,186.68,191.13,192.04,195.03,198.57,202.18,210.30,212.45,211.99,217.28,224.72,231.31,234.18,238.74,245.07,249.10,245.90,244.13,245.20,239.21,233.35,229.62,230.22,225.20,219.65,212.25,207.52,201.94,202.07,196.79,188.10,183.70,178.06,170.42,161.77,153.83,145.72,138.71,128.70,117.20,106.57
111.80,122.64,132.23,144.50,151.80,161.25,168.58,182.61,181.82,191.31,193.66,199.49,206.04,208.54,210.44,216.63,219.32,227.27,228.01,230.24,235.64,242.66,249.71,253.00,260.20,266.18,270.83,265.87,267.13,265.98,262.01,255.02,250.19,250.32,243.02,239.40,230.78,225.58,220.79,219.15,212.51,200.83,198.18,191.01,186.03,174.83,165.36,158.15,149.01,139.72,125.10,113.70
107.06,119.25,127.02,137.74,145.42,152.12,158.40,169.78,173.57,179.51,183.37,187.45,192.11,193.58,196.65,202.80,206.23,211.62,216.33,218.28,221.52,227.20,235.59,239.02,243.48,249.58,251.80,251.45,252.46,250.05,245.46,241.01,235.60,233.43,228.66,221.38,215.00,210.64,206.12,203.04,193.94,189.01,180.89,174.50,169.26,160.08,154.31,143.75,135.53,127.28,117.39,104.62
169.06,188.04,199.38,214.16,222.75,233.85,241.05,251.44,253.21,257.73,256.12,259.62,260.97,258.13,255.00,254.04,254.35,256.90,256.43,249.28,246.42,245.37,246.42,243.98,241.62,244.48,235.05,223.73,219.49,215.82,205.06,199.32,189.01,188.32,181.82,175.84,169.00,164.12,164.01,162.54,157.70,149.57,148.14,144.31,141.33,133.41,128.22,121.79,114.93,109.44,96.40,86.83
164.83,183.62,196.62,208.84,218.65,228.27,236.93,244.48,246.00,249.58,250.34,253.48,253.51,248.65,248.47,248.89,248.17,250.22,250.14,244.73,240.87,240.19,242.54,241.07,238.38,240.86,232.04,223.30,219.46,216.45,207.65,200.01,189.42,191.44,186.25,180.85,173.90,170.60,168.07,166.69,163.22,157.26,154.50,149.41,146.32,138.65,131.86,124.66,118.81,110.14,97.32,88.29
160.20,177.79,189.45,204.73,212.23,225.18,229.24,236.60,239.11,242.67,242.57,247.08,246.40,246.45,245.15,245.77,243.28,246.84,242.39,242.22,237.23,239.48,240.10,239.27,238.21,239.73,233.62,223.16,222.95,217.08,211.95,202.43,196.06,195.02,190.44,185.07,177.99,174.81,173.57,170.99,167.03,162.12,160.53,154.69,150.08,141.74,135.35,129.47,121.66,115.95,100.50,91.42
158.11,176.10,185.16,198.34,211.48,221.06,227.71,232.94,235.60,236.68,243.08,243.03,244.71,243.52,240.56,241.02,241.42,241.46,241.81,240.36,234.67,238.20,240.86,240.07,239.85,238.62,235.03,226.81,224.59,218.58,213.47,206.20,198.54,196.96,189.64,187.80,181.57,179.54,176.92,171.75,169.10,167.30,160.08,155.32,152.07,146.34,140.43,132.50,123.23,114.81,106.04,93.34
153.01,172.61,184.20,197.40,205.91,215.46,223.76,230.05,233.69,235.47,239.01,241.66,242.35,238.42,238.67,239.38,239.92,242.17,241.62,238.56,237.76,237.36,241.30,242.59,239.78,243.31,238.21,229.43,228.66,226.00,215.08,210.64,202.56,203.97,196.82,192.51,185.70,181.91,178.23,179.23,175.28,165.48,164.62,160.70,156.78,146.37,137.52,131.87,125.72,118.11,103.83,93.62
142.62,160.90,172.28,184.10,191.04,202.07,207.51,215.87,217.67,220.74,223.90,225.50,227.76,226.21,224.85,227.27,226.27,226.93,229.83,230.29,229.20,231.00,235.05,234.41,234.29,236.58,233.77,225.23,222.57,218.83,211.46,208.15,200.36,196.39,190.59,187.40,182.48,175.57,174.10,169.55,166.37,160.03,154.02,150.57,146.03,137.56,131.55,124.78,116.73,107.49,98.27,89.50
145.66,161.81,174.64,186.66,194.49,205.68,211.37,218.51,223.16,225.43,228.35,232.65,234.08,231.23,228.69,231.51,231.23,236.19,238.42,235.42,235.72,238.32,243.77,241.87,242.64,248.50,241.03,234.17,232.28,230.53,221.40,215.36,206.52,206.02,198.03,195.06,186.39,180.50,177.14,175.79,171.81,162.63,159.71,155.72,150.78,138.84,131.80,125.67,118.42,111.32,98.35,87.85
149.57,166.09,178.04,190.37,200.04,209.86,216.84,224.41,226.97,230.31,234.44,237.23,238.05,238.08,237.19,238.25,240.84,241.23,242.91,243.97,243.45,245.54,252.17,252.86,252.36,253.24,249.61,243.65,242.89,236.89,228.97,224.90,215.57,211.45,204.95,200.82,192.38,188.45,183.37,180.10,175.73,169.07,163.68,157.69,152.97,142.41,136.18,129.03,120.07,112.45,101.87,91.02
139.67,157.04,168.96,179.25,188.35,198.76,205.12,211.81,214.83,218.22,221.14,225.58,225.18,225.02,227.71,227.56,227.64,231.40,230.23,232.85,232.26,236.48,238.73,240.26,239.93,242.86,237.92,230.52,231.37,223.78,216.67,211.15,204.25,198.64,191.21,188.45,182.13,175.57,172.66,168.02,163.77,158.32,151.35,146.86,141.06,133.27,125.26,118.47,112.16,102.79,95.02,84.97
149.03,165.56,174.87,190.68,198.00,208.28,213.86,220.05,223.88,226.93,230.27,233.17,234.06,230.87,229.87,231.22,231.28,233.26,235.57,234.54,233.81,234.98,239.77,239.01,238.10,241.81,240.07,230.02,228.09,223.22,215.75,207.71,201.06,198.92,192.51,186.00,180.43,176.05,172.89,169.33,165.24,156.98,154.54,150.40,144.53,135.68,126.62,119.20,114.84,107.12,94.83,85.96
144.81,160.82,176.00,187.22,194.81,205.64,210.61,216.84,222.27,224.47,224.96,231.82,232.22,227.50,228.67,230.36,231.01,234.79,236.55,235.19,235.05,238.60,243.63,243.61,242.00,246.73,245.05,233.50,231.25,227.86,217.71,210.41,202.87,202.09,194.83,189.50,181.46,176.05,172.66,172.80,169.66,158.24,156.60,151.21,145.96,135.15,129.00,120.28,116.78,107.47,96.05,86.84
136.89,151.56,162.05,171.92,181.79,191.43,198.08,200.81,202.25,205.80,210.26,211.01,210.40,209.30,210.49,210.20,212.29,211.09,213.03,215.02,213.71,216.42,220.22,222.66,221.58,222.10,218.83,214.01,211.21,206.53,200.25,193.68,188.18,182.78,177.45,174.04,168.44,164.34,160.65,156.73,154.74,150.23,143.13,140.43,133.96,128.38,121.34,113.14,107.35,98.31,91.24,81.61
93.38,105.12,111.45,119.57,130.38,139.46,145.17,153.05,156.77,162.37,170.49,171.29,176.74,182.02,184.56,190.39,192.57,196.37,202.41,210.60,217.88,228.08,236.28,243.53,253.01,254.78,267.52,266.60,270.30,268.00,265.68,261.94,257.74,257.56,250.45,246.91,240.76,234.73,231.76,224.14,216.48,211.94,201.82,195.13,187.17,176.69,166.58,156.02,146.32,134.79,124.54,111.20
137.88,154.02,166.37,178.62,186.17,194.79,201.09,209.83,213.22,216.67,218.39,222.41,225.36,223.14,225.46,227.26,229.01,233.89,236.97,235.93,239.64,245.31,250.71,251.77,252.24,259.77,256.60,247.40,246.45,244.07,234.65,229.47,222.14,220.23,213.68,207.35,199.90,194.65,190.16,187.68,184.45,173.42,170.18,164.60,159.36,147.27,139.47,130.25,124.81,116.04,101.02,90.14
137.36,151.57,160.00,174.98,182.22,196.21,200.34,205.41,208.40,215.42,216.62,222.18,223.66,222.15,224.15,230.21,229.21,234.31,236.32,240.05,243.46,246.73,252.41,255.55,257.39,262.73,259.56,253.66,253.82,249.61,242.90,235.69,227.71,226.29,218.44,213.69,206.48,201.55,196.40,195.00,188.22,179.14,175.15,168.12,162.11,152.12,140.73,134.63,126.76,116.11,105.54,92.91
131.00,146.54,156.49,168.96,176.08,186.32,190.71,200.20,202.14,205.62,208.31,211.57,212.81,210.87,214.31,216.23,217.18,221.47,223.44,225.29,227.79,231.04,238.37,241.67,241.57,247.61,244.81,240.24,238.47,235.98,228.57,223.08,216.21,212.85,208.75,202.34,196.02,189.71,186.59,184.04,178.44,170.04,165.34,160.33,154.47,142.87,134.24,127.77,118.93,110.02,100.72,88.29
43.93,53.34,65.37,72.50,84.93,94.07,102.96,115.94,120.15,129.14,135.07,140.23,148.22,148.25,156.70,161.48,165.08,172.29,174.52,182.78,188.96,196.16,202.76,208.66,214.00,217.88,221.78,219.94,219.97,215.59,210.71,207.39,198.34,194.99,187.77,179.81,176.85,170.29,163.38,156.21,150.69,143.28,136.47,131.18,124.26,108.72,104.39,95.71,89.10,81.39,76.06,68.43
132.03,148.37,157.87,169.62,179.78,189.86,196.46,203.40,205.68,212.53,216.17,218.08,219.53,221.42,222.79,222.42,224.20,227.50,231.18,232.42,233.69,237.84,243.82,244.11,245.49,249.19,245.38,242.00,236.22,233.14,226.42,221.56,212.98,207.02,201.82,196.31,191.05,185.81,181.82,174.64,169.06,165.13,157.32,154.40,146.18,136.85,131.69,122.05,112.31,102.65,95.71,85.00
142.03,159.01,169.00,182.00,192.01,204.92,210.00,218.56,222.27,227.11,232.45,237.54,238.43,237.84,239.38,242.54,244.12,249.61,250.51,252.73,254.64,260.05,263.49,265.73,266.83,271.58,267.82,261.05,258.80,254.17,244.59,238.02,227.56,224.51,218.56,211.95,203.79,197.57,193.00,189.64,182.72,173.12,169.80,164.20,157.32,147.20,137.38,128.89,120.42,110.94,97.94,86.98
140.43,157.62,169.20,181.53,190.67,201.56,209.78,216.39,218.92,226.52,228.97,230.02,234.29,234.08,235.92,239.95,240.23,242.64,247.16,248.13,249.04,253.43,259.41,259.27,263.13,263.14,259.94,253.86,251.79,245.45,238.16,232.66,221.17,217.41,211.08,204.80,197.16,191.38,186.40,181.71,176.82,168.03,161.99,155.86,148.72,139.81,131.53,124.65,114.83,105.04,94.94,83.49
133.69,148.92,159.91,173.17,180.28,189.40,198.04,205.94,210.24,213.57,218.10,219.54,222.27,223.62,223.99,226.64,229.02,233.01,232.85,235.54,239.35,241.55,247.63,247.39,250.05,253.14,250.16,243.18,238.82,236.14,229.92,222.77,214.24,208.01,203.06,194.03,188.10,182.15,177.86,174.01,167.14,159.31,155.50,148.19,142.13,132.31,123.76,115.43,107.07,96.32,87.69,77.41
94.34,105.54,112.16,121.84,126.04,136.36,141.95,152.40,157.54,163.37,167.26,174.89,176.82,181.01,182.88,186.95,194.08,198.67,203.77,204.30,214.11,221.93,231.04,237.92,244.17,252.45,261.55,259.93,263.89,263.97,260.77,256.56,255.34,256.07,250.60,245.37,237.61,230.60,226.32,223.57,216.19,205.23,200.34,190.43,182.99,169.33,158.78,150.63,141.32,130.25,117.48,103.77
103.31,114.14,123.47,132.23,141.03,149.45,154.01,163.37,168.44,172.80,182.24,186.30,186.42,190.91,195.26,199.45,202.89,207.76,210.40,217.52,224.83,233.11,239.73,248.62,255.02,261.22,270.35,268.76,269.47,269.98,269.31,265.41,261.22,260.55,256.76,248.92,242.79,237.42,232.00,224.88,217.68,210.60,201.78,193.21,184.44,171.14,159.89,151.27,140.72,129.08,117.52,104.55
94.02,105.26,111.83,119.27,125.32,133.66,138.54,147.51,150.30,155.50,159.05,166.54,167.55,169.40,171.41,175.79,179.00,185.31,187.18,188.79,193.10,200.88,207.79,214.71,217.52,225.96,232.14,228.27,232.12,234.34,231.58,227.71,224.29,225.74,221.29,216.06,209.12,204.82,198.60,195.42,189.62,181.11,174.80,167.87,159.81,147.46,136.82,128.89,120.75,111.95,99.48,88.65
116.40,129.12,135.09,143.06,151.60,172.54,165.95,183.39,180.77,190.51,195.00,197.09,200.45,205.00,203.39,212.81,215.80,221.42,219.74,223.79,228.49,234.80,243.74,248.94,254.57,261.19,269.22,263.05,266.85,266.09,264.92,259.73,253.51,255.15,249.09,244.47,236.52,230.10,223.49,219.15,213.96,201.04,196.47,189.28,177.28,164.20,152.74,143.67,134.06,123.91,110.03,97.49
114.42,127.77,132.10,142.13,148.49,154.35,160.96,168.91,169.43,177.63,177.12,183.96,187.21,189.45,188.77,193.87,195.87,202.48,204.71,203.93,207.62,212.33,219.83,221.33,227.27,230.65,237.50,231.47,234.27,234.36,231.70,226.64,223.24,223.33,217.87,211.53,206.65,201.30,194.65,191.48,185.30,175.41,169.61,162.86,155.72,140.80,130.10,122.49,115.84,106.30,94.26,84.15
121.75,133.60,142.64,154.74,161.61,169.66,178.55,184.61,187.45,195.23,202.63,203.60,207.42,210.69,214.57,216.47,217.41,223.66,228.84,232.03,235.65,241.36,247.31,255.55,258.94,263.50,267.80,265.22,265.83,266.17,263.22,259.51,254.95,250.97,245.69,239.10,232.74,227.37,221.08,214.46,207.18,199.12,189.61,179.47,171.48,158.90,148.06,138.09,126.81,115.11,105.82,93.90
128.89,143.38,150.00,162.56,172.26,179.18,187.56,195.50,197.23,204.45,210.62,214.36,219.08,221.08,222.50,225.59,233.21,236.72,240.17,238.80,244.08,252.05,259.51,262.15,266.30,271.36,275.07,274.37,269.67,272.30,266.58,264.02,258.38,255.14,250.80,242.89,236.30,228.36,222.06,219.53,209.75,202.63,191.42,183.47,173.28,159.96,149.38,137.77,128.27,116.47,106.53,92.97
127.91,141.35,148.93,158.47,166.82,175.96,183.15,189.08,191.02,199.01,203.79,208.32,210.95,214.73,218.59,220.73,223.14,228.16,230.03,231.81,231.90,240.05,245.69,248.94,254.77,255.16,257.10,254.95,251.44,250.72,246.98,241.90,234.83,233.21,227.22,222.04,216.36,210.84,204.84,197.69,188.60,183.52,172.20,165.86,156.37,144.54,135.59,124.52,115.04,104.58,95.90,84.06
136.57,149.50,158.40,168.27,176.95,185.60,191.32,202.08,205.41,212.17,215.67,221.51,226.00,227.38,230.50,232.88,237.93,245.31,247.01,248.36,250.06,255.36,261.77,263.52,267.17,270.43,272.52,267.54,266.01,265.04,257.87,252.49,246.09,246.87,238.35,231.10,222.32,217.72,212.00,206.07,198.64,187.95,180.29,173.48,162.86,149.69,141.42,132.10,123.02,112.40,100.50,88.87
140.55,155.05,158.40,167.16,174.93,184.88,190.55,198.91,200.25,207.86,210.35,216.60,222.17,224.18,226.00,229.31,231.40,237.95,237.54,239.82,240.19,244.77,247.07,251.09,252.26,256.91,254.00,246.03,244.40,244.13,240.13,231.01,225.00,224.14,217.86,211.29,202.61,196.94,191.44,188.09,179.12,170.49,165.46,158.32,151.95,140.80,131.03,123.02,116.11,108.69,98.49,88.87
142.87,158.96,163.25,182.01,194.05,202.25,212.27,221.01,221.55,228.95,226.37,232.46,235.16,231.69,232.41,232.65,235.29,241.05,239.84,241.01,243.13,250.45,254.24,258.17,259.08,266.31,267.09,258.94,256.67,253.31,249.97,240.67,229.61,228.84,219.39,214.40,208.87,202.85,196.70,191.93,183.85,179.69,173.07,166.17,158.34,147.63,139.13,129.07,119.00,110.86,98.49,88.41
113.45,135.59,145.25,160.63,176.07,185.54,193.07,200.69,201.10,205.77,208.01,206.93,207.85,210.01,209.09,212.13,212.85,217.12,218.83,221.02,221.16,226.28,232.07,236.28,237.00,238.92,239.01,236.17,234.09,230.00,224.72,219.42,212.85,205.77,202.01,196.99,190.54,186.68,179.98,175.60,170.05,166.98,157.81,149.58,144.70,135.33,125.40,117.46,108.69,98.99,88.07,77.10
108.26,121.20,128.55,136.30,146.03,152.78,160.31,171.77,176.03,183.41,188.43,195.87,198.65,204.38,206.05,209.70,215.63,222.28,224.86,226.72,229.63,235.00,242.54,246.08,248.97,252.87,253.19,250.46,249.99,247.49,239.43,233.57,229.30,224.45,218.76,211.09,203.33,199.20,191.93,185.32,177.55,172.24,164.07,158.78,150.65,140.90,134.03,125.96,116.52,110.02,100.00,91.09
139.09,154.74,165.56,177.00,185.40,193.02,201.00,207.76,210.11,213.32,213.06,214.83,216.52,215.34,211.68,214.01,217.04,222.95,222.62,221.63,223.27,228.48,234.69,236.48,237.15,245.74,244.90,238.30,238.32,237.93,231.16,224.51,218.50,218.01,211.75,205.64,200.12,196.85,190.38,189.01,181.39,173.22,169.92,163.15,155.86,145.83,136.72,126.13,119.20,111.31,96.18,84.90
133.06,148.07,157.18,167.54,178.21,188.32,195.15,198.36,200.90,204.32,207.54,207.80,210.15,210.79,211.29,213.05,214.13,220.91,222.80,224.52,227.73,235.53,240.03,242.85,247.07,250.89,252.10,250.05,249.44,245.98,241.11,232.78,228.44,224.50,219.44,214.98,208.15,203.97,199.01,193.75,186.40,183.96,175.07,166.21,160.85,152.03,144.37,134.24,123.17,113.99,101.83,90.14
128.55,146.32,155.90,165.49,175.01,179.92,191.48,199.42,201.02,204.85,203.42,209.12,211.52,211.15,209.70,213.74,219.21,225.80,229.00,228.35,232.04,240.35,246.94,249.24,252.04,261.32,261.36,254.34,253.21,253.21,245.64,237.51,230.63,228.47,223.71,217.41,210.07,206.07,200.00,196.90,191.09,183.81,178.46,170.58,164.79,150.23,143.40,133.38,125.23,119.04,101.82,89.69
97.25,104.24,106.73,111.23,116.50,119.10,117.99,116.35,118.46,118.19,120.60,118.00,121.74,119.34,118.15,119.85,118.21,123.42,122.12,126.00,127.14,126.00,131.37,130.00,131.00,133.09,130.19,127.03,123.98,119.36,115.11,115.43,111.13,115.85,114.49,119.47,123.26,127.20,130.00,134.65,134.63,131.32,129.25,125.40,122.26,119.00,111.46,105.70,101.87,92.20,86.05,75.00
137.84,151.65,159.53,171.84,182.82,188.86,194.91,199.62,202.20,207.04,210.04,211.09,211.78,216.15,214.22,218.05,220.08,222.99,225.11,228.00,229.47,235.58,239.13,242.99,245.72,247.86,245.52,242.55,240.02,233.85,229.43,223.18,215.19,210.44,204.12,200.85,193.78,191.34,186.13,181.07,174.39,170.18,162.31,156.47,149.16,142.39,132.64,126.29,116.21,106.83,98.67,89.02
140.42,152.63,163.27,175.48,182.82,191.31,196.40,205.30,207.42,211.46,212.58,215.13,219.43,216.42,217.51,219.82,223.01,227.02,229.09,228.47,229.17,234.47,241.63,243.12,245.74,249.32,248.64,241.81,239.43,238.10,231.01,222.80,215.00,214.22,207.66,202.34,195.31,190.38,185.70,183.92,176.24,168.32,167.17,160.11,152.19,142.76,134.79,126.53,119.27,109.44,95.88,87.05
127.19,142.66,149.91,161.97,169.66,180.94,185.43,190.98,196.15,200.21,203.34,205.00,208.40,209.47,209.62,214.40,214.44,220.23,221.69,225.49,227.56,234.83,238.32,241.00,244.23,248.13,247.12,243.17,240.95,236.91,231.66,225.89,218.29,214.84,208.02,202.48,198.59,192.00,188.04,181.73,175.25,171.73,163.38,158.65,152.97,144.59,136.49,127.48,117.24,108.47,98.48,88.48
129.76,144.06,157.38,169.81,177.19,186.27,194.13,202.77,206.61,211.82,212.15,217.04,219.60,218.22,219.67,225.06,227.98,234.98,235.68,235.21,238.21,245.65,250.46,253.34,257.00,263.05,262.25,253.82,253.34,250.49,245.69,238.17,229.16,229.97,220.95,217.51,210.01,204.83,200.82,197.25,191.76,182.89,179.03,173.97,166.48,154.83,143.96,136.53,128.72,121.46,106.83,93.72
135.09,150.80,162.54,173.05,182.17,191.23,198.01,206.20,209.06,214.67,217.80,220.10,224.40,224.01,225.40,228.43,231.89,235.54,239.79,239.08,241.30,248.82,253.16,256.02,258.61,265.29,265.01,258.57,256.83,254.07,248.52,241.96,233.64,231.01,227.20,220.68,214.95,211.27,204.88,201.14,194.43,188.09,183.41,178.47,169.76,162.41,154.03,143.57,135.13,125.42,111.61,103.23
117.61,123.10,133.15,138.92,143.03,148.82,151.53,152.04,152.35,154.54,154.15,157.28,158.15,155.13,155.44,154.57,156.40,158.62,159.71,158.64,156.08,159.51,162.25,159.01,159.78,162.75,163.48,164.12,160.00,161.04,156.19,155.21,161.00,167.30,163.37,162.34,160.38,161.99,162.34,164.30,161.45,156.08,153.26,148.38,142.70,136.21,130.74,122.38,115.28,105.55,97.58,86.61
128.41,142.13,150.76,161.04,172.73,182.50,187.13,194.16,196.02,201.80,205.29,207.16,210.95,212.51,213.94,217.22,220.48,222.75,225.66,226.89,228.56,234.79,240.41,243.89,245.12,249.00,246.59,245.00,243.58,239.21,235.72,229.37,221.35,215.46,212.25,208.08,200.53,196.65,190.44,187.00,180.31,176.48,169.52,162.08,156.87,148.95,141.79,133.36,123.66,114.48,104.12,92.66
126.50,142.90,152.55,168.19,176.65,185.40,196.16,200.68,206.02,210.44,215.23,216.93,218.71,221.12,224.08,224.96,227.85,233.03,234.39,237.17,240.16,247.07,252.84,254.28,256.44,259.12,257.58,256.91,252.51,249.01,242.87,236.17,229.17,223.61,216.82,214.35,205.65,199.97,196.39,191.13,184.10,179.47,170.84,163.72,158.27,149.09,141.60,133.82,121.41,111.13,103.00,92.11
133.90,147.01,155.90,167.61,177.50,186.01,193.00,200.26,203.82,208.86,213.03,214.19,219.17,219.74,221.38,225.02,226.11,231.03,232.36,236.18,237.99,242.55,248.45,252.21,254.91,260.68,257.44,252.51,250.26,245.98,241.67,234.96,226.80,223.18,216.91,213.36,205.52,199.92,195.37,188.30,181.60,176.18,169.45,163.75,157.11,147.56,139.20,131.91,119.02,111.32,101.40,91.27
134.30,148.37,158.22,170.00,182.46,190.17,197.52,204.56,206.93,213.14,217.75,218.98,220.74,224.20,224.32,228.09,228.95,235.02,235.75,238.81,240.42,245.54,250.22,253.95,256.46,259.92,258.49,254.80,252.29,246.34,241.97,235.99,227.69,221.78,217.12,214.11,205.80,201.63,196.49,191.85,185.00,178.31,172.19,165.46,158.90,150.08,142.64,134.24,121.82,113.55,104.02,92.66
131.10,144.01,155.35,166.21,173.82,184.00,189.97,198.09,202.79,206.34,207.97,213.55,216.04,215.82,215.93,219.32,222.19,226.32,228.48,228.09,231.47,236.28,241.30,244.05,245.42,251.75,250.45,241.48,241.57,239.01,234.01,226.01,218.60,216.62,210.58,207.29,199.08,195.13,189.03,183.56,178.90,172.24,167.66,159.82,154.26,144.81,137.20,128.08,120.62,112.07,99.99,90.55
133.15,148.28,155.90,171.92,180.23,188.30,194.73,204.40,205.41,212.62,213.49,217.20,220.11,220.23,220.33,225.49,226.63,231.40,232.55,237.00,235.71,240.61,245.51,248.74,250.02,253.88,252.35,247.78,246.44,240.43,237.49,229.26,221.47,218.63,212.13,207.88,199.70,196.06,191.78,186.20,180.85,173.81,169.53,161.94,155.68,147.22,141.17,133.22,123.45,114.42,104.96,95.21
129.76,143.22,156.16,167.90,174.66,184.70,189.53,199.06,202.71,208.36,209.12,213.66,216.07,215.52,216.12,220.05,222.48,228.33,230.64,228.05,231.87,237.63,242.42,244.75,246.81,251.44,252.00,243.33,243.67,238.73,232.44,226.28,217.91,215.52,208.57,204.40,195.21,190.19,186.39,184.61,178.73,169.18,165.95,158.82,153.06,144.26,135.57,125.67,120.54,113.16,99.30,88.07
131.75,146.84,155.80,168.63,177.34,185.13,192.27,200.85,202.08,207.89,211.29,214.04,215.84,217.42,219.94,221.62,223.99,228.46,232.03,233.31,234.79,238.61,245.73,247.99,250.34,253.67,253.14,247.78,246.45,241.46,235.70,230.52,221.00,217.87,214.02,208.93,200.72,194.65,190.55,184.11,181.16,172.53,166.03,159.77,153.65,145.62,137.44,128.55,121.20,112.20,101.83,91.05
129.54,145.56,156.16,166.82,174.90,184.02,189.91,200.68,203.92,207.89,210.26,213.21,216.23,217.10,217.00,222.42,223.65,228.76,232.64,229.56,235.13,238.30,244.39,248.94,250.29,255.77,254.80,248.07,246.62,245.60,237.45,231.77,223.18,220.64,216.19,210.86,203.08,195.82,193.51,188.72,183.97,173.49,171.47,164.20,159.30,148.22,140.43,130.14,124.52,115.87,103.70,91.92
127.35,142.94,151.56,163.29,172.10,179.63,186.22,195.41,197.37,203.08,205.54,210.38,212.51,211.93,211.77,217.59,219.53,226.00,227.53,226.22,227.75,235.60,239.07,243.02,244.79,248.48,247.63,244.39,242.57,239.04,234.34,227.26,219.18,218.83,212.81,209.15,199.86,196.40,191.65,188.48,182.62,175.33,170.41,162.82,156.32,147.61,142.30,132.74,124.72,115.26,104.22,93.02
135.21,148.68,155.71,171.68,184.76,195.48,201.01,208.49,210.00,215.62,221.58,221.54,224.96,226.10,227.26,231.31,231.28,236.46,239.08,240.52,242.57,250.20,252.73,257.47,260.05,262.21,262.15,257.96,257.12,251.29,245.35,242.96,234.48,228.60,224.09,219.86,212.05,206.97,203.79,196.66,190.59,184.46,178.27,172.04,164.92,156.00,151.35,140.19,129.28,119.21,111.07,99.76
120.54,138.95,150.33,163.19,171.42,181.54,187.88,196.82,198.04,204.94,208.71,210.01,212.29,212.22,215.14,218.43,220.78,225.57,226.49,227.04,228.98,236.37,241.45,243.31,244.75,249.56,248.39,244.52,242.39,240.21,233.95,226.35,216.52,214.83,210.44,205.32,197.34,190.42,187.64,182.78,177.01,171.27,166.39,159.62,153.84,143.61,136.24,128.44,120.65,111.40,100.32,89.68
127.14,139.54,149.86,161.53,172.26,180.07,185.32,193.55,199.11,203.00,206.24,208.28,209.77,211.97,213.66,218.05,219.94,223.03,224.90,228.35,230.48,236.54,240.30,245.70,245.96,249.66,248.87,245.08,243.10,237.08,233.08,226.15,217.59,214.08,207.93,204.84,197.50,190.76,187.38,180.54,175.84,169.92,164.08,158.45,151.60,143.25,135.06,127.22,118.93,108.71,98.86,89.02
130.02,146.82,155.62,169.68,175.76,185.31,193.02,201.91,205.57,209.12,212.95,215.24,219.28,218.68,219.83,223.18,225.61,231.24,234.83,236.17,238.21,242.64,249.65,250.42,255.37,259.20,259.53,252.10,253.15,249.18,240.68,235.26,225.22,222.91,217.19,213.41,204.92,197.23,194.13,189.49,185.33,174.14,171.29,164.12,157.49,148.10,139.06,130.74,122.15,112.61,102.00,89.89
131.32,146.28,156.17,169.01,176.82,187.00,193.21,202.20,206.53,211.70,211.91,217.02,220.51,220.29,221.50,224.08,226.13,233.55,237.26,235.75,238.81,243.61,250.39,253.30,254.61,259.93,259.07,255.23,252.72,249.47,243.32,235.97,227.61,224.70,219.27,213.81,206.58,199.72,193.96,192.30,185.46,177.00,171.48,165.08,158.48,148.81,141.09,131.02,123.37,114.48,102.96,91.79
135.51,152.47,159.62,172.51,179.77,191.02,198.13,208.17,209.80,216.15,216.17,222.61,222.65,223.89,223.03,229.12,232.22,235.05,239.25,238.67,242.25,248.60,253.31,257.67,257.32,266.05,265.00,259.83,258.15,254.33,248.24,242.85,233.44,231.64,228.00,221.72,213.71,205.78,201.85,198.49,192.07,182.69,179.90,171.13,165.48,153.55,144.31,135.47,127.95,118.36,104.94,93.06
137.93,154.65,161.03,174.00,186.32,195.53,201.56,209.48,213.38,217.45,220.64,222.52,224.62,225.06,228.28,230.49,233.00,237.00,240.17,241.58,245.36,251.10,255.67,260.19,261.66,266.39,262.69,261.86,259.05,254.61,252.39,245.72,238.20,231.87,227.90,224.66,215.62,210.06,205.22,200.80,194.26,188.88,179.67,173.93,166.72,156.63,148.72,139.56,129.02,117.00,109.48,97.10
103.41,110.72,116.91,122.49,129.40,134.46,133.60,135.38,136.50,134.81,137.57,137.97,135.59,134.39,135.09,135.38,132.54,137.38,136.69,136.30,135.72,135.15,139.84,137.93,138.52,139.26,137.08,131.64,130.21,127.05,124.68,123.22,121.02,133.66,134.20,149.04,152.04,156.85,157.69,155.71,156.67,149.97,146.48,140.89,136.44,128.44,119.82,113.07,106.89,97.27,90.79,80.50
129.07,143.96,153.39,167.43,174.77,183.48,190.25,198.41,200.77,204.71,207.48,211.02,213.32,213.70,215.72,219.65,219.66,224.57,228.46,229.24,230.85,237.66,240.69,243.77,248.49,252.29,251.07,248.24,247.42,242.54,236.95,231.25,224.54,221.35,217.08,213.79,204.71,199.45,195.85,191.65,186.30,181.00,173.62,168.22,162.29,151.03,142.24,134.71,126.18,116.11,105.26,94.20
134.65,150.62,160.38,173.30,180.71,190.39,196.38,206.65,210.75,213.71,217.35,221.82,224.02,221.29,220.73,226.77,226.21,234.14,233.26,235.37,235.23,243.59,247.42,250.80,250.19,258.94,258.96,253.06,250.19,249.39,243.99,238.32,229.17,229.40,222.75,219.09,210.69,205.88,200.96,197.67,190.80,183.74,180.85,174.57,169.31,159.10,149.89,140.01,131.88,124.33,110.00,97.80
133.99,149.26,160.06,171.07,180.01,188.40,194.20,205.29,207.48,214.28,213.69,217.27,219.13,219.67,220.91,225.44,225.87,232.01,234.36,231.81,234.09,241.14,244.66,250.06,250.68,257.01,257.24,251.07,249.74,246.74,242.13,236.14,227.97,226.34,221.38,216.23,207.93,205.72,199.65,197.59,193.00,183.01,180.08,171.84,165.85,156.70,148.95,140.43,131.55,123.98,109.37,97.12
136.03,150.42,159.83,175.18,183.77,190.88,199.36,208.08,211.19,215.24,218.44,221.52,223.83,223.39,223.91,228.43,228.44,234.18,232.88,236.10,237.89,243.35,248.36,253.03,254.70,258.50,256.88,253.03,253.16,247.42,243.58,236.32,228.05,225.61,221.82,217.69,207.62,204.85,200.11,196.35,189.97,182.86,178.51,171.76,165.22,158.24,149.20,141.40,129.65,120.00,111.00,99.20
132.61,147.22,157.88,170.53,180.87,188.07,197.01,203.86,207.16,214.53,217.46,219.10,220.91,222.43,223.38,227.53,227.70,233.53,234.89,237.08,239.20,245.28,249.90,253.03,254.94,260.05,258.65,255.44,254.59,248.93,245.10,236.25,230.49,227.04,221.88,217.99,209.77,205.77,201.00,193.55,188.60,182.43,177.05,170.65,164.20,154.35,147.99,139.46,129.03,119.51,109.71,98.03
129.03,144.92,156.18,167.49,177.79,185.60,195.13,203.08,205.68,209.95,214.17,215.04,217.25,219.02,219.40,223.43,226.27,229.45,233.31,232.36,236.33,240.83,246.13,248.32,252.25,257.13,254.19,253.18,248.68,246.71,239.85,234.18,225.20,225.08,218.79,214.03,207.82,201.48,196.21,193.00,187.52,179.61,174.32,168.15,161.38,152.07,144.68,136.31,127.00,117.83,106.68,93.01
133.60,149.48,158.14,171.82,181.66,189.93,195.92,203.30,207.52,210.44,216.02,217.46,220.23,223.57,222.25,227.00,226.15,230.22,231.46,234.72,236.78,242.37,245.45,246.97,250.32,256.16,254.56,249.10,251.21,244.30,239.77,234.06,227.55,221.94,216.94,213.55,207.97,204.07,197.88,189.90,187.54,181.34,174.48,168.58,162.86,155.08,148.66,139.09,128.43,119.22,108.37,97.13
136.62,150.69,162.00,171.84,184.17,192.51,200.00,207.58,208.89,214.16,219.65,220.62,222.35,223.97,225.28,228.62,231.29,232.43,234.48,237.01,239.08,244.29,249.78,250.34,252.48,256.22,256.07,254.77,252.62,245.96,243.58,238.03,229.34,225.54,220.78,215.61,210.61,204.75,200.32,194.92,189.08,183.88,177.79,170.58,165.21,156.16,150.48,140.73,129.47,120.02,111.23,98.31
135.52,148.05,159.42,171.41,182.06,189.93,198.67,205.92,210.24,213.47,216.72,220.95,223.52,222.43,223.01,226.57,231.62,235.23,237.13,234.65,237.24,243.59,248.52,251.25,250.97,259.89,256.96,251.86,251.35,248.87,240.88,236.18,227.04,227.04,221.00,217.79,209.75,204.36,199.28,196.49,189.64,181.25,179.90,172.70,166.69,156.24,146.41,138.29,129.45,122.56,109.07,96.18
133.81,148.84,159.39,168.87,182.48,187.00,196.58,202.87,204.53,210.49,216.28,217.17,218.87,220.02,221.46,225.38,227.76,229.47,231.42,232.62,237.41,242.24,247.91,247.89,253.19,254.53,254.12,250.83,249.88,245.31,242.89,234.96,226.02,223.37,218.28,213.96,208.17,204.08,198.49,193.49,187.49,182.99,174.93,169.25,164.12,154.69,147.12,139.47,128.06,118.70,109.33,99.20
126.59,141.72,152.12,162.83,169.53,179.51,186.05,196.47,201.30,207.45,206.94,212.90,217.12,216.00,214.97,221.38,219.32,229.44,230.14,230.50,230.52,237.78,243.13,247.01,248.49,255.70,254.95,246.91,248.52,243.58,239.61,233.95,224.88,222.46,215.68,212.81,204.41,199.25,194.04,191.13,185.40,177.14,174.96,167.59,159.84,152.74,144.00,135.34,126.12,119.20,103.86,94.92
130.82,146.41,155.63,168.69,179.37,187.45,196.21,202.43,206.29,211.51,212.51,216.54,219.71,219.27,218.11,222.80,226.12,229.80,231.37,231.22,232.00,239.18,242.39,246.99,247.62,251.46,250.25,247.08,246.56,242.24,237.49,231.39,223.62,221.42,215.19,210.79,203.03,198.91,194.65,188.96,184.45,177.41,173.25,167.32,161.45,153.81,146.81,138.50,128.14,119.97,109.71,99.76
138.85,154.03,161.52,174.47,185.97,196.06,201.72,209.77,213.96,216.90,223.27,224.36,226.05,227.91,228.41,232.86,234.31,237.54,240.09,241.66,243.58,250.53,256.73,258.06,259.37,264.58,261.73,260.86,259.86,255.56,250.57,242.91,234.77,232.13,226.64,222.55,214.54,210.24,204.40,200.30,193.21,188.88,181.28,174.18,169.85,160.38,156.21,145.66,133.45,123.97,115.45,102.30
126.59,140.04,151.72,163.22,169.37,179.47,186.46,195.00,197.10,202.20,204.59,208.37,209.06,208.83,210.47,213.85,217.25,219.48,221.38,222.00,226.61,230.41,236.43,237.26,241.82,247.43,245.86,240.53,239.87,235.85,230.08,224.70,218.05,215.60,209.47,206.86,199.42,194.03,189.16,185.07,181.30,171.05,170.14,163.00,157.81,147.87,143.11,134.47,125.59,116.04,105.12,94.37
125.57,139.12,147.41,160.46,169.05,178.04,185.41,191.76,195.16,198.98,202.43,204.73,208.73,208.01,210.05,213.56,216.15,219.31,220.58,223.22,224.29,231.21,233.79,237.89,240.15,245.39,244.18,240.63,240.34,234.29,231.95,224.41,218.10,215.34,208.89,204.25,198.73,194.08,189.38,183.85,180.06,173.93,168.62,161.32,156.98,148.71,141.45,133.00,122.97,114.98,105.82,95.21
127.58,141.06,149.22,160.56,171.13,180.00,184.05,193.09,195.44,200.00,202.77,206.63,206.31,209.65,208.69,214.22,213.89,217.81,220.93,223.43,226.02,229.63,234.16,236.73,239.25,244.27,243.31,241.96,239.00,235.60,232.03,224.80,217.06,214.56,208.86,205.38,198.52,194.58,190.16,183.70,180.41,173.25,168.15,161.82,154.26,148.08,141.43,134.24,123.07,113.46,105.04,94.02
129.80,143.89,153.33,166.72,175.45,182.00,188.22,199.18,201.49,205.06,208.08,212.14,212.43,213.00,213.32,218.83,218.66,224.40,224.54,225.47,228.55,235.54,239.38,242.40,246.66,249.18,250.23,246.34,244.97,241.67,235.94,229.16,221.16,219.33,214.62,210.19,203.75,198.36,193.04,190.78,186.14,178.91,175.33,167.03,162.24,151.79,144.22,135.21,128.83,119.64,104.48,93.62
137.30,153.55,163.05,176.14,184.02,195.49,201.06,208.83,212.19,217.27,220.02,222.80,226.05,227.40,228.08,232.69,232.30,237.03,239.11,241.00,244.35,249.56,254.83,258.43,260.66,265.42,265.32,262.18,263.04,254.15,251.07,244.63,235.30,231.81,227.38,223.09,215.63,210.54,207.62,201.25,196.51,188.50,184.46,175.68,168.36,162.19,155.24,144.53,134.17,124.81,114.28,101.79
131.53,143.96,154.03,166.38,175.23,184.09,189.38,196.46,199.72,203.92,208.58,209.15,212.25,215.06,214.41,218.33,218.96,223.02,224.72,227.13,229.21,236.18,239.08,243.12,244.31,247.75,248.85,246.52,245.90,241.91,237.97,230.27,223.89,218.21,214.40,210.01,203.12,199.88,195.53,191.31,183.87,178.23,173.08,165.32,160.42,154.05,144.67,138.11,127.91,118.51,107.86,97.84
136.24,151.17,161.41,173.95,182.92,191.66,200.82,207.97,209.31,214.97,218.93,222.03,220.74,222.50,225.00,229.20,230.69,233.77,238.20,239.35,241.59,244.59,250.58,254.96,258.82,263.65,263.12,258.82,259.31,255.33,248.86,242.26,233.00,230.59,224.76,222.25,213.46,208.22,204.90,199.69,196.45,188.04,184.11,175.80,169.19,160.11,153.39,145.17,133.90,124.15,111.32,100.42
128.86,142.89,155.59,166.98,174.57,183.45,190.67,199.06,202.57,205.06,208.43,211.25,214.83,214.60,216.10,218.41,222.71,225.59,225.29,228.67,230.78,235.23,241.37,244.66,248.21,254.21,254.10,248.08,246.03,245.78,239.12,231.87,223.83,221.65,217.15,211.19,205.51,200.86,197.59,193.26,186.01,180.43,176.37,170.05,161.99,154.40,147.12,138.19,130.82,120.20,107.56,96.40
130.97,144.35,154.03,166.97,175.90,184.79,190.39,198.24,200.48,205.68,208.29,211.62,211.94,215.23,215.62,219.43,220.64,222.80,226.72,228.11,231.01,238.92,242.21,244.40,248.65,251.87,253.16,249.80,249.34,242.62,241.01,232.56,226.91,221.96,216.82,212.58,205.73,201.14,197.23,193.06,188.22,178.84,175.07,166.47,162.36,155.32,147.76,136.53,128.27,118.53,109.08,96.40
128.72,142.52,153.91,164.56,170.05,180.65,188.05,196.09,197.82,204.36,205.77,210.74,212.23,211.75,213.28,217.57,219.94,224.09,226.93,226.87,230.31,235.05,240.05,243.85,245.40,252.52,252.44,246.94,245.78,242.67,238.65,231.60,224.72,220.58,215.96,211.18,203.65,198.34,195.56,190.52,187.39,175.86,175.57,167.29,163.03,151.60,144.78,135.44,128.47,119.01,104.66,94.54
136.46,144.93,158.40,174.54,179.63,193.24,197.95,206.55,210.75,213.28,217.57,222.11,223.14,225.88,226.34,229.53,231.16,237.13,240.03,242.96,246.06,251.53,255.54,259.08,263.47,268.43,266.68,264.44,260.82,258.10,254.59,246.98,238.47,234.24,229.27,224.15,215.03,209.12,204.38,203.73,197.96,187.76,183.79,176.62,169.92,161.40,151.33,144.10,133.06,124.78,110.48,99.04
132.26,147.34,156.87,166.46,176.05,188.88,196.54,206.07,206.46,211.68,215.52,218.71,219.49,222.00,223.22,230.29,233.03,235.37,239.29,241.63,243.48,252.42,255.52,258.75,261.08,266.66,263.49,264.09,261.12,256.63,251.08,244.68,239.18,232.62,228.32,223.81,215.23,210.09,205.08,200.26,194.65,187.49,182.33,175.11,168.36,160.08,153.38,142.72,131.31,121.33,112.45,100.18
131.91,146.18,158.24,166.05,175.00,186.99,196.11,207.35,207.62,214.72,216.60,220.04,222.03,222.44,224.54,229.65,231.61,236.58,241.51,239.84,244.24,250.70,256.48,257.45,262.61,267.78,266.22,263.83,258.85,257.72,249.18,245.81,237.64,235.02,228.57,222.19,214.77,211.98,205.35,201.64,195.00,185.40,184.72,177.12,170.01,159.03,151.82,140.46,133.00,124.92,111.40,97.25
132.82,147.14,156.54,165.86,174.77,189.28,194.49,205.77,208.66,212.51,216.08,220.29,222.30,222.93,224.32,229.02,233.21,235.59,240.78,241.30,242.44,250.13,254.69,258.59,260.28,267.71,268.01,263.60,259.49,257.58,253.12,244.73,238.76,236.35,228.43,223.89,216.09,210.74,205.91,201.40,195.00,188.81,183.10,175.35,168.76,161.77,151.08,142.58,133.46,124.84,110.72,102.02
132.83,147.12,156.46,169.52,177.53,186.70,192.07,200.12,204.42,207.97,212.14,213.80,216.15,218.68,220.03,223.68,225.87,228.97,232.94,231.70,235.64,241.67,245.52,248.87,251.24,256.52,254.62,252.44,252.97,246.05,243.68,236.54,229.12,224.32,220.04,215.62,207.66,204.56,198.11,195.79,189.13,182.39,176.01,170.43,164.65,156.32,148.76,141.21,130.92,120.88,112.29,99.92
125.64,140.09,148.95,159.11,168.32,177.26,182.48,191.21,193.02,197.73,201.70,204.35,207.27,206.31,209.31,213.60,214.76,219.35,222.75,223.66,224.80,232.22,237.32,240.05,242.43,247.32,246.02,243.51,242.00,238.53,234.09,227.53,218.93,215.24,212.27,209.12,200.35,195.49,190.04,186.55,180.97,175.39,169.45,162.93,157.00,147.73,140.07,133.30,122.64,115.12,103.75,93.34
127.02,139.18,149.40,158.62,171.13,180.01,184.38,193.13,196.23,198.22,202.27,205.80,208.06,209.48,210.61,213.38,218.01,218.36,222.62,224.75,225.62,232.33,238.10,243.25,244.20,248.22,246.11,243.65,243.35,238.42,233.14,227.49,220.05,214.87,210.77,208.47,199.37,195.04,189.45,186.27,179.00,174.24,169.29,161.45,156.52,146.69,141.68,133.54,122.15,114.97,104.80,92.36
128.58,145.12,155.64,166.60,175.45,184.39,189.93,198.70,199.90,208.95,211.14,215.26,216.60,216.09,219.02,221.27,224.61,229.83,232.00,231.40,235.99,240.79,244.92,247.78,250.74,256.63,256.07,250.69,248.93,246.17,240.16,232.01,225.84,224.18,219.23,214.01,206.12,199.86,195.00,193.88,186.70,178.00,174.56,167.00,161.64,150.33,143.18,134.21,125.30,118.56,103.41,95.26
127.58,144.36,154.77,162.36,172.59,180.76,186.20,196.86,198.13,204.92,205.55,210.00,212.26,212.06,213.43,215.82,217.79,225.14,227.34,226.27,228.83,233.42,239.35,241.55,244.38,250.28,249.34,243.29,240.03,237.78,233.85,224.56,217.67,218.07,212.32,205.55,199.18,193.29,189.00,186.30,180.83,173.05,168.31,162.37,156.47,146.35,140.09,131.06,121.84,115.26,102.08,90.27
130.42,147.25,159.36,171.47,179.63,188.28,195.00,203.54,205.65,211.01,212.93,216.81,218.19,216.72,217.23,220.31,222.69,227.27,229.39,224.93,227.86,233.50,240.25,241.10,243.39,248.89,247.20,241.98,242.14,237.54,231.68,224.50,218.00,216.45,213.00,205.87,199.18,193.55,189.93,187.13,180.19,173.01,169.61,164.35,158.22,148.71,142.00,131.47,125.67,117.69,104.29,92.36
131.49,144.64,156.12,168.66,176.03,185.42,191.13,200.41,202.77,208.49,208.40,214.04,214.87,214.46,214.11,219.18,222.07,225.57,228.32,226.28,229.71,234.47,238.19,241.94,244.81,249.20,248.94,243.25,242.85,238.21,234.14,225.94,218.34,217.19,212.23,207.96,200.08,195.56,189.76,187.28,180.71,172.74,169.06,161.89,155.62,146.03,139.09,129.97,122.00,113.72,103.32,92.44
129.02,144.81,155.03,166.21,173.93,182.39,190.28,198.70,200.82,205.29,207.93,210.95,212.16,211.88,213.40,216.83,216.91,223.49,223.67,223.11,226.93,232.42,236.54,240.02,240.68,246.02,246.20,240.92,239.52,237.69,230.76,224.29,217.31,215.52,212.45,207.12,198.60,192.20,188.88,184.33,178.02,171.28,166.97,161.64,154.16,145.58,139.12,129.65,120.88,111.66,101.98,91.02
131.05,145.01,154.16,166.90,173.99,183.88,189.66,199.28,200.52,206.04,207.78,211.94,215.00,213.17,212.12,217.08,218.59,222.15,226.18,224.80,226.38,233.50,236.70,240.63,239.85,247.20,247.54,241.01,240.26,237.19,232.77,225.46,217.55,217.75,212.08,207.52,199.01,193.88,190.80,186.13,180.08,171.42,169.78,161.44,156.54,144.59,138.13,129.53,123.00,114.42,100.70,90.70
135.57,149.24,158.96,169.11,178.99,189.28,196.11,204.55,207.06,210.24,213.02,216.76,219.08,219.48,219.11,222.55,223.77,227.38,229.46,233.02,235.36,237.00,243.99,246.05,248.52,253.51,255.05,249.19,249.24,242.84,239.40,233.03,226.05,221.46,218.89,214.15,205.08,200.26,193.50,190.91,184.17,178.31,172.86,166.21,160.65,149.12,140.36,134.83,126.15,115.95,106.02,93.49
126.91,140.94,153.57,164.60,173.24,182.46,190.87,198.60,203.69,205.77,210.10,212.68,215.78,215.84,216.69,219.49,223.57,229.73,231.08,231.93,235.51,238.35,244.46,249.38,250.35,255.89,256.74,251.67,250.42,248.72,240.42,235.19,226.72,223.47,219.49,214.34,207.06,200.80,193.91,190.72,185.00,177.78,173.22,164.81,159.40,147.72,141.68,132.10,122.00,113.95,102.88,91.40
130.17,145.84,154.74,166.63,176.05,184.97,190.71,197.31,200.64,205.73,207.28,210.15,212.68,212.95,214.95,218.29,219.49,223.49,223.71,226.15,228.11,237.12,239.01,243.37,244.17,249.04,248.65,244.81,246.03,239.93,236.37,229.71,223.22,220.04,212.78,208.54,200.32,198.37,192.75,187.43,181.29,176.14,171.09,162.24,157.71,148.61,140.19,133.22,123.13,114.86,103.70,94.15
130.14,144.31,154.03,165.87,177.29,185.65,191.64,198.76,201.12,206.65,209.82,212.43,215.80,215.13,216.23,219.92,222.09,225.06,229.31,228.09,231.22,238.32,242.37,246.81,248.50,253.06,251.32,247.01,245.54,243.06,237.92,230.31,224.12,219.49,214.98,210.94,203.16,197.52,193.24,188.96,181.16,175.68,169.00,162.98,157.54,149.88,141.90,134.16,121.24,113.22,104.00,92.14
132.44,146.17,154.62,166.03,176.34,188.73,192.51,200.34,203.97,207.47,210.46,212.95,217.87,217.55,216.47,222.25,223.08,227.52,230.10,230.05,232.91,237.90,243.61,247.08,249.63,255.03,250.34,249.07,246.29,243.88,239.01,231.53,225.11,221.27,216.02,211.77,203.30,198.04,192.59,190.07,181.18,177.34,170.29,164.14,159.11,148.12,140.76,133.30,122.64,113.60,105.59,94.76
130.92,147.53,156.28,168.29,177.55,187.61,192.90,200.20,203.33,207.18,212.17,214.85,215.52,218.23,219.86,220.86,224.61,226.37,229.43,230.71,231.39,237.12,242.33,245.46,247.43,251.45,251.44,247.41,246.47,242.01,235.95,230.49,222.73,219.37,214.71,210.28,202.04,196.99,191.05,187.40,182.33,176.32,168.03,162.78,156.46,149.40,142.56,132.67,124.33,113.85,106.45,93.77
123.97,139.22,148.45,160.86,167.29,176.78,183.37,191.51,196.47,200.24,201.93,205.24,208.43,208.03,207.80,212.44,212.87,220.19,221.03,222.30,224.74,227.59,231.86,235.48,237.32,242.76,241.08,235.85,237.01,231.90,228.47,221.05,213.03,211.69,205.35,201.07,192.35,186.04,183.15,178.44,174.39,166.17,162.41,156.34,149.89,141.74,133.73,126.56,116.52,110.06,96.43,88.57
123.41,136.80,147.36,156.78,166.96,174.98,180.10,189.71,192.72,196.29,199.64,201.85,204.79,204.36,204.95,208.90,212.24,215.98,221.33,222.10,221.18,224.90,233.69,234.80,233.94,241.57,239.59,236.29,233.57,230.36,224.00,217.62,211.30,208.72,204.48,200.35,192.08,184.78,180.34,179.12,173.17,164.73,162.11,155.26,149.66,139.61,131.82,124.28,116.21,108.34,96.18,85.80
129.36,143.06,153.71,166.19,175.79,184.61,190.67,199.62,201.82,206.19,209.54,212.40,214.77,215.26,215.52,219.17,220.45,226.92,229.93,233.00,231.64,236.61,244.72,245.10,246.79,253.02,251.01,246.38,245.46,239.82,236.78,229.01,221.78,218.82,212.45,210.30,200.09,194.76,191.40,186.13,180.68,172.80,170.84,163.37,155.62,147.30,140.16,132.85,122.35,114.13,101.24,92.05
124.65,138.00,147.72,159.62,170.58,178.44,184.00,192.08,195.21,200.00,205.68,205.09,209.35,210.38,211.62,216.89,218.55,221.82,224.24,227.69,229.73,233.98,239.89,242.60,245.71,250.17,246.87,245.36,243.30,239.40,235.23,227.80,219.99,216.19,209.69,207.77,200.47,192.31,189.64,184.53,178.39,172.05,167.26,160.33,153.94,145.34,137.89,129.25,118.09,109.04,101.36,90.14
128.70,146.01,153.73,168.12,178.62,188.10,193.30,202.00,206.16,208.94,213.66,217.45,219.57,221.65,222.41,224.84,229.49,234.06,236.33,238.80,241.85,246.98,251.45,256.97,258.96,264.37,261.94,256.83,254.88,251.00,248.24,238.84,232.94,227.80,223.49,218.10,210.45,203.63,198.64,193.60,187.68,182.47,175.33,169.43,162.34,152.43,145.60,136.37,124.91,114.91,106.67,95.52
132.24,149.35,157.70,169.66,179.34,189.47,195.00,204.46,207.54,213.93,217.50,219.74,223.62,224.38,226.01,231.21,231.31,236.97,240.07,240.65,243.43,249.51,254.02,258.72,262.49,264.61,263.00,260.26,259.61,253.55,251.64,242.07,235.51,231.40,225.80,221.73,212.72,206.21,201.93,197.94,191.37,185.24,179.21,172.15,165.05,156.03,147.85,137.77,128.55,119.04,107.54,96.75
133.09,149.83,161.44,172.89,181.00,191.95,198.22,207.00,211.12,216.62,219.62,222.80,227.77,227.37,228.48,231.46,234.91,241.05,245.28,242.86,246.11,251.87,257.42,260.09,263.43,267.84,266.65,261.09,261.01,255.73,251.13,244.01,236.48,234.80,226.72,221.78,215.93,206.95,202.71,199.81,193.42,184.53,181.42,175.11,168.22,157.03,150.23,139.45,129.69,121.59,106.89,97.74
133.36,150.86,160.90,172.05,182.17,190.21,198.52,207.20,210.30,216.08,219.27,223.99,227.11,225.89,227.34,231.26,234.03,240.29,242.24,242.71,243.67,251.10,253.51,259.89,260.63,267.05,264.97,257.64,256.81,253.86,247.49,241.47,232.47,233.39,225.04,222.99,212.45,205.68,202.25,199.56,192.34,182.99,180.06,173.73,167.76,156.58,147.27,137.57,131.10,122.38,106.79,96.25
134.03,149.57,162.61,174.43,184.36,191.85,199.12,206.81,212.00,215.81,220.91,221.56,226.00,226.55,229.64,233.36,234.08,238.20,240.47,241.92,244.17,250.11,254.85,259.37,260.65,263.37,261.54,259.07,257.34,252.29,248.56,241.54,233.35,228.18,223.89,219.43,213.48,206.04,202.70,197.85,191.64,184.81,179.10,171.03,165.02,156.26,149.01,139.79,130.38,120.83,107.91,99.46
129.47,143.59,154.39,167.55,176.24,185.43,191.02,200.03,204.40,208.04,214.31,214.58,217.67,217.71,221.02,223.83,224.70,229.97,232.50,234.00,235.23,239.38,244.72,248.77,249.78,254.28,251.41,248.34,245.78,242.14,240.42,231.71,225.11,218.83,216.89,211.65,204.71,196.86,195.17,189.64,183.45,176.30,172.70,166.15,160.46,151.16,142.87,134.37,123.98,115.26,105.19,95.19
127.62,144.18,157.17,170.56,175.82,185.01,191.05,199.46,203.30,208.61,210.34,214.11,218.52,217.08,220.69,225.26,224.61,230.31,233.63,232.18,234.16,241.61,245.13,247.88,250.60,254.62,252.00,248.13,247.70,241.30,238.95,229.89,223.64,221.54,216.30,211.69,204.92,198.31,195.49,189.90,185.27,177.10,173.44,165.87,160.22,151.33,142.21,132.67,125.24,116.04,104.40,94.02
128.14,146.82,152.84,167.72,174.27,184.17,191.89,200.19,203.49,207.06,210.05,214.76,217.90,218.30,219.76,223.04,224.32,227.75,231.97,232.82,235.03,240.67,244.90,248.97,249.72,252.98,252.36,248.24,244.70,241.25,236.75,230.59,225.22,219.48,216.67,209.40,204.47,197.37,195.16,188.83,182.44,175.73,172.33,164.62,158.94,151.12,142.80,133.54,125.20,115.32,104.14,93.81
134.53,147.87,157.89,173.57,181.34,193.08,199.69,208.19,210.44,216.94,218.63,222.99,223.33,225.98,228.02,230.71,229.40,233.95,236.37,238.90,242.56,246.89,250.38,253.24,256.36,261.05,256.40,253.90,252.44,245.47,244.20,237.55,231.47,224.12,221.82,214.34,210.62,203.03,202.43,193.83,189.79,182.86,178.04,170.18,162.93,156.32,149.49,139.31,126.91,119.64,110.48,95.88
133.46,150.99,160.18,170.29,181.11,190.79,196.16,207.46,209.86,215.74,217.38,221.50,222.04,224.51,224.75,230.36,231.04,235.78,238.30,238.37,239.17,246.02,249.20,253.15,255.39,261.01,256.38,254.03,253.85,247.10,244.73,237.03,228.64,224.90,220.95,214.98,209.47,204.28,199.73,195.13,189.87,181.59,176.57,171.33,163.53,155.54,148.86,139.71,128.04,118.53,109.66,97.02
140.43,157.10,165.30,178.46,188.45,197.95,204.66,214.89,217.04,224.08,225.56,230.33,231.70,231.61,230.34,237.04,237.22,242.04,244.08,243.58,244.23,251.02,256.13,257.71,258.37,266.26,261.55,258.29,255.85,250.99,246.29,239.48,233.99,230.84,226.37,220.79,214.41,210.69,205.34,201.25,194.74,188.48,182.69,177.01,170.21,162.27,153.79,143.17,134.48,124.85,114.83,103.08
133.00,147.72,158.67,169.75,180.77,190.01,196.45,203.67,207.52,211.40,216.02,219.10,221.82,218.96,221.40,225.11,226.92,230.43,233.14,230.34,231.09,236.58,241.20,245.51,246.46,253.21,251.02,245.45,243.53,240.02,235.19,229.94,221.20,220.04,216.21,213.86,204.41,198.34,194.28,191.02,185.85,178.40,175.50,168.18,161.62,153.77,146.75,136.53,127.58,119.42,107.33,96.90
141.32,156.31,169.37,180.04,190.39,200.12,208.87,219.32,221.24,227.78,229.53,232.36,235.85,232.71,234.44,237.32,240.60,243.76,246.56,245.70,247.40,250.78,256.02,258.31,260.32,267.05,265.80,260.45,260.85,257.63,250.28,245.15,236.41,236.24,231.85,225.22,217.26,211.24,208.14,207.00,199.97,188.96,187.54,181.60,175.93,163.05,155.76,146.37,137.42,128.10,114.06,102.62
136.12,153.22,162.83,175.33,185.28,193.24,201.56,208.03,212.73,217.81,222.25,223.13,226.81,227.04,228.66,231.62,232.55,236.64,238.44,239.76,241.23,246.29,252.40,256.02,259.48,263.49,261.56,258.31,259.07,251.48,248.28,241.05,234.34,232.59,225.70,221.65,214.36,209.06,205.10,200.56,193.63,187.54,181.22,174.96,170.41,160.25,152.55,144.78,133.96,121.81,113.77,100.96
129.40,145.77,153.03,166.03,176.64,184.44,190.52,198.95,202.79,206.87,211.54,211.02,215.67,216.95,216.93,219.10,221.38,224.16,224.64,228.32,229.73,232.11,236.76,240.83,242.98,247.41,245.86,243.29,241.51,236.13,234.97,227.59,220.06,216.31,211.37,208.70,200.77,196.60,192.21,188.73,182.52,177.75,172.19,165.77,159.73,151.95,142.77,136.62,125.54,117.92,107.21,96.19
126.25,143.28,151.54,166.03,174.04,185.30,188.43,197.10,200.36,204.63,209.40,212.51,214.46,214.40,215.02,218.89,222.28,226.26,228.66,227.85,228.84,236.43,241.68,243.66,244.25,248.09,247.33,243.52,243.66,238.81,235.34,227.43,222.75,217.59,212.05,208.68,201.90,196.29,190.85,187.00,181.24,176.26,170.84,165.05,157.72,149.25,144.78,135.25,125.21,114.97,106.79,94.92
129.19,143.27,153.83,165.89,175.64,182.46,190.39,198.09,201.64,207.08,211.52,212.85,215.26,214.57,216.19,220.71,222.73,226.15,229.61,228.67,230.22,237.78,242.74,248.24,248.23,251.18,249.81,247.55,244.95,240.58,236.14,229.73,223.08,220.05,216.38,212.00,203.73,196.16,190.63,189.24,183.37,176.96,171.40,166.30,159.83,149.20,144.53,135.71,124.46,115.88,105.36,93.54
130.12,145.44,154.51,166.17,176.74,187.45,192.44,199.00,204.28,208.00,213.02,215.13,217.04,216.41,219.62,223.32,225.20,228.04,232.14,232.00,233.14,239.08,243.92,247.54,249.95,252.98,252.52,249.00,247.89,243.82,238.90,231.95,226.38,218.59,215.24,210.30,203.67,199.90,194.21,189.41,183.45,177.59,170.99,165.53,157.54,149.19,143.27,134.33,125.42,114.02,105.72,94.63
134.41,151.43,162.05,175.29,183.74,193.66,198.65,211.05,213.64,218.83,220.20,224.35,226.57,227.11,228.83,235.29,235.34,238.01,240.97,242.50,243.92,251.34,252.61,260.72,260.34,266.05,264.01,261.28,258.82,254.57,250.00,243.21,236.22,231.89,226.14,222.73,212.71,205.80,203.49,198.91,191.71,184.72,179.33,172.82,165.95,156.49,147.41,139.43,130.14,121.26,107.28,96.63
126.18,144.28,153.44,166.40,174.26,183.12,191.51,202.18,202.48,207.69,209.09,213.77,213.08,216.64,216.39,219.79,221.62,226.75,229.26,229.30,230.11,236.55,241.92,245.84,246.84,252.51,253.31,245.73,245.15,242.86,238.10,229.87,221.95,220.84,214.83,211.21,202.41,196.02,191.88,187.77,182.00,173.57,170.31,164.00,157.15,147.09,139.20,131.24,122.71,114.63,102.08,89.68
127.42,141.77,148.82,163.37,172.53,182.01,186.45,194.55,198.66,201.32,205.65,206.52,208.95,210.04,211.62,212.91,214.37,218.25,219.01,221.88,222.64,228.27,231.86,236.21,237.26,241.25,239.55,235.59,235.01,229.09,227.04,221.05,214.11,210.23,205.54,202.02,194.59,189.48,183.92,180.32,173.42,169.59,162.36,156.39,151.48,142.27,135.62,128.08,118.27,108.06,100.18,89.83
131.10,144.47,156.20,170.67,178.27,185.31,193.69,200.25,204.02,210.40,213.38,214.25,218.16,217.17,219.46,222.58,224.16,228.12,230.38,228.83,231.62,237.50,241.95,245.73,248.81,253.06,251.75,246.47,244.66,240.71,236.56,228.27,220.54,218.19,213.24,207.89,200.11,192.51,188.09,185.55,180.28,171.03,167.63,161.45,155.71,145.58,137.28,129.00,120.60,111.63,99.08,89.05
132.85,144.09,152.28,165.70,178.10,185.95,191.09,196.89,198.80,204.79,210.94,210.34,212.20,212.90,216.00,215.80,218.63,221.78,224.18,223.60,228.13,230.36,236.03,237.14,241.76,243.19,242.74,239.38,238.01,233.52,229.49,224.15,217.34,211.04,207.96,203.06,195.90,192.13,186.04,180.07,175.86,170.88,162.27,158.32,152.59,143.67,136.62,128.13,117.89,109.90,101.52,91.29
138.76,153.47,164.76,178.75,186.80,198.28,202.20,211.78,214.89,221.11,222.41,224.66,229.20,229.60,230.02,235.34,233.43,238.81,240.05,242.00,242.80,249.63,252.20,257.24,259.25,262.61,264.44,256.88,257.19,250.32,247.34,238.16,233.94,226.50,221.56,218.11,208.43,203.67,200.81,191.85,186.69,181.25,174.66,169.06,161.38,151.60,143.74,136.31,125.40,118.00,105.31,95.89
130.63,144.28,156.26,169.03,175.91,186.45,192.63,202.54,203.49,210.72,213.32,216.23,220.13,218.69,221.33,227.24,228.89,233.81,236.60,236.38,239.08,245.18,251.10,254.75,255.03,261.23,259.96,253.97,251.56,247.94,241.70,236.60,227.20,222.93,216.36,212.06,203.04,195.02,191.27,186.13,182.48,172.35,166.43,160.11,152.12,140.90,133.96,124.31,116.81,107.80,95.80,87.13
129.69,146.45,154.74,170.66,175.57,186.82,193.44,201.00,204.32,211.07,213.83,217.83,220.82,220.08,220.41,226.29,227.71,231.81,235.94,234.72,239.47,245.08,248.13,252.51,253.34,257.19,259.11,248.74,250.00,244.00,238.47,230.63,221.92,219.74,211.08,207.85,198.04,191.95,186.82,181.82,176.51,169.03,162.64,156.43,149.01,138.00,131.32,122.15,115.10,105.55,91.92,84.81
124.62,136.82,145.34,158.15,166.23,175.93,181.69,190.13,192.60,198.65,201.06,203.49,204.94,204.79,206.93,209.98,209.88,214.66,217.18,216.75,219.97,223.99,228.18,228.85,231.46,237.70,233.60,226.59,227.79,222.20,217.80,212.43,203.07,202.01,194.10,192.42,183.31,178.06,171.02,167.59,163.62,153.84,151.82,143.96,139.06,128.70,121.04,112.61,105.00,100.24,86.68,75.29
139.30,154.30,163.84,176.38,189.72,199.01,204.56,212.84,216.28,221.94,224.59,228.04,228.82,229.92,232.36,234.79,237.40,240.00,244.01,243.18,246.98,252.98,256.83,257.11,261.18,264.01,262.55,259.39,256.11,251.83,246.76,238.08,230.15,223.52,218.36,214.40,205.16,199.45,192.28,188.18,180.29,175.73,166.30,159.38,151.82,144.67,135.24,126.61,115.12,105.76,97.41,86.01
127.88,144.10,151.56,163.08,171.19,180.83,185.95,196.33,198.56,204.14,205.42,209.86,211.99,211.37,212.84,214.76,217.11,225.18,223.95,224.57,228.08,233.21,237.89,240.63,241.24,245.17,244.97,239.04,239.14,232.74,228.56,222.27,211.81,209.27,203.68,197.94,190.59,182.79,179.78,173.28,169.20,159.11,155.03,148.22,141.16,130.25,123.98,114.16,107.70,97.45,87.13,77.13
76.00,85.73,92.96,99.82,110.54,119.57,128.02,139.20,144.81,153.39,161.01,166.63,171.05,179.25,185.81,189.99,191.78,199.70,203.07,209.69,214.11,221.88,226.38,233.08,237.50,239.60,242.17,241.30,241.90,237.29,235.85,230.37,226.77,223.66,218.25,214.77,207.37,204.24,200.24,195.07,191.02,183.83,177.28,171.21,165.25,156.06,148.52,141.16,129.76,122.04,111.63,104.04
99.86,106.23,110.32,114.77,116.21,121.04,119.52,119.85,122.49,119.27,121.34,122.20,122.09,118.00,118.07,119.63,118.26,121.30,118.44,119.23,120.35,118.00,121.66,113.32,115.36,115.17,109.84,104.32,98.01,96.90,89.55,90.35,101.87,120.81,142.34,154.28,160.12,164.26,164.73,160.15,157.18,151.65,143.95,138.22,132.23,123.22,114.63,107.28,101.39,91.29,87.48,75.64
116.28,129.07,135.53,147.47,154.77,163.38,169.10,175.39,179.40,181.66,182.99,187.86,190.24,189.17,190.12,194.10,194.93,196.74,200.14,198.71,200.82,206.60,210.67,212.78,214.03,217.75,216.09,213.66,210.74,207.74,202.47,196.70,187.67,185.65,179.82,177.43,170.74,163.13,159.18,155.72,151.00,143.56,138.54,131.23,127.28,117.00,110.48,103.12,97.42,89.19,77.08,68.60
91.92,104.74,112.38,120.93,128.89,136.57,143.06,155.93,160.70,169.50,173.90,180.04,185.32,188.04,192.42,198.88,202.71,208.35,210.86,214.24,218.90,223.02,228.27,233.49,237.93,241.13,245.49,240.01,241.13,238.72,235.67,230.23,225.87,225.01,219.02,214.27,207.80,204.08,198.46,195.63,192.01,184.76,178.89,172.98,166.11,157.06,149.93,141.35,131.69,124.62,114.53,104.00
104.39,117.05,124.62,133.81,140.80,150.96,156.55,168.63,172.25,181.57,183.12,191.00,194.76,199.12,201.97,207.41,211.32,217.52,221.10,222.73,226.63,233.60,239.63,243.00,247.16,251.56,255.73,249.19,252.57,249.10,246.88,240.71,235.72,233.57,229.39,224.01,217.08,213.22,207.79,202.81,199.83,190.68,187.58,178.22,172.68,164.55,156.67,147.09,138.65,132.20,117.71,108.78
120.35,131.64,141.36,151.60,157.54,166.52,172.10,179.23,180.04,185.53,185.00,189.34,190.92,191.13,189.76,192.76,193.93,197.96,199.49,200.12,199.25,204.53,209.62,211.97,213.56,216.45,216.37,210.24,210.64,206.83,202.43,196.16,189.27,188.04,183.39,179.49,172.68,166.69,163.87,159.14,154.30,149.31,144.40,138.54,130.78,124.04,116.87,107.94,102.90,93.30,84.10,76.32
89.47,97.67,106.12,116.06,123.49,130.11,138.44,148.49,152.16,162.27,168.18,174.92,180.54,182.46,186.29,190.67,193.75,202.08,203.10,205.87,207.79,216.54,222.14,223.91,229.42,231.14,232.55,230.93,230.08,229.46,225.04,220.42,218.36,216.09,211.40,206.34,200.00,197.21,192.52,190.39,184.10,179.23,171.02,168.08,162.00,151.61,145.53,137.36,129.97,120.37,110.89,99.72
129.39,143.34,153.47,165.49,173.74,182.79,189.59,197.45,201.00,205.18,206.23,212.61,213.03,213.08,214.87,217.61,217.97,224.47,227.41,226.75,227.43,235.79,239.38,243.02,245.15,249.20,247.39,244.10,240.52,238.08,232.97,227.01,219.94,213.79,209.02,204.78,196.06,191.70,186.72,182.32,175.84,171.06,164.98,158.45,151.09,142.00,132.50,125.32,115.92,108.26,94.85,86.45
90.05,100.02,106.51,114.02,125.40,132.23,139.79,150.00,155.54,163.05,171.68,172.35,178.51,183.96,187.88,192.40,196.02,200.41,205.91,206.52,211.40,217.82,222.73,227.20,231.00,232.59,234.47,236.52,234.01,232.55,229.53,226.07,221.72,217.79,213.40,211.69,205.29,200.96,195.80,192.09,185.37,180.83,175.42,170.45,165.50,155.86,146.41,140.13,130.17,122.33,112.51,102.36
126.10,143.54,150.75,159.51,171.41,181.99,185.54,195.30,198.64,203.63,206.90,209.75,210.75,213.58,216.41,216.92,220.48,225.32,228.33,228.00,230.71,236.66,242.92,244.62,245.23,249.77,249.33,244.50,244.44,240.80,236.07,229.26,221.14,216.93,211.12,207.18,199.49,192.21,187.83,184.29,177.79,173.08,165.00,157.70,150.63,142.35,134.73,125.51,116.97,106.96,98.43,87.01
129.00,143.38,149.80,161.98,174.26,181.01,187.72,194.56,197.75,203.03,206.87,209.46,211.15,212.62,214.11,216.12,218.05,221.08,223.89,224.52,225.80,232.02,236.91,240.01,241.92,244.91,241.66,240.14,238.03,233.57,230.01,224.47,214.79,210.05,206.00,202.87,194.45,188.50,183.07,180.35,172.74,168.31,160.42,155.44,149.16,139.92,134.74,126.15,116.11,106.51,97.74,89.00
128.79,141.51,151.00,163.52,172.86,181.22,186.97,196.09,200.81,206.12,206.79,209.89,213.19,213.06,214.31,218.58,222.25,225.74,224.32,226.64,228.04,232.43,239.21,241.27,242.72,247.24,247.14,241.40,238.80,235.70,231.04,225.01,216.48,212.70,208.90,203.16,195.87,190.67,186.26,181.40,176.14,168.32,164.45,158.03,150.62,140.80,133.60,124.66,117.21,108.27,97.45,87.37
126.32,141.06,151.60,164.20,175.00,182.78,191.09,199.09,201.33,207.08,210.54,212.36,214.72,217.61,219.49,221.58,222.69,228.65,229.26,230.80,231.91,239.05,242.22,245.02,247.03,250.05,248.94,244.66,245.65,238.65,234.92,228.45,217.89,216.23,211.37,205.91,199.81,191.66,188.61,182.24,176.26,171.84,163.27,157.26,152.23,142.62,135.03,125.96,117.89,108.37,98.49,88.57
126.59,141.50,150.53,163.25,171.62,181.29,188.31,197.12,198.15,205.24,207.23,212.51,216.02,215.42,216.33,221.63,223.09,227.27,229.46,232.11,233.21,238.73,242.91,246.62,247.11,252.12,250.05,245.71,243.43,239.40,235.59,225.27,217.83,212.93,207.08,203.80,194.59,187.17,183.98,179.85,173.28,167.89,161.74,154.25,148.25,138.25,132.06,124.62,115.45,105.80,95.77,86.21
111.88,121.20,130.00,134.01,140.98,146.37,151.00,150.33,148.41,151.29,154.93,151.99,151.65,149.48,152.32,151.48,151.27,152.64,149.57,151.57,150.42,146.33,149.46,150.31,145.28,147.15,142.43,141.16,135.25,133.00,125.59,126.15,126.19,129.83,131.69,131.91,142.21,144.81,149.68,150.45,149.56,145.50,140.66,137.56,131.10,125.67,118.42,113.16,104.10,94.00,90.97,81.94
130.97,145.17,155.55,167.90,177.02,186.63,193.85,201.12,204.16,210.10,215.18,217.28,220.59,222.04,225.18,230.49,229.94,234.29,238.40,238.21,241.35,246.94,251.14,255.57,255.77,257.02,257.26,253.93,251.41,246.76,241.41,233.06,226.15,219.18,214.87,209.27,200.55,197.00,191.60,185.88,178.72,174.35,166.41,157.76,153.00,145.77,136.06,127.40,117.65,108.19,100.44,88.75
122.97,136.50,148.22,160.64,167.36,177.25,183.74,193.61,198.12,202.63,204.73,209.15,211.05,211.14,213.18,218.66,219.10,224.06,226.72,227.18,230.50,234.78,240.10,241.09,242.13,248.17,247.15,239.08,238.44,234.69,229.46,222.32,213.90,212.31,204.79,200.73,192.01,187.10,180.65,178.49,172.94,162.26,158.78,153.81,145.65,135.00,128.08,119.85,113.00,104.04,94.09,83.38
128.47,143.29,149.77,161.20,173.08,180.90,187.11,195.23,200.85,205.29,209.88,211.09,214.90,216.48,216.51,220.06,221.42,225.83,228.00,226.37,228.83,234.95,239.26,242.32,242.02,245.78,242.54,240.41,238.03,232.59,228.27,222.69,213.93,209.25,203.34,201.25,192.75,186.60,182.65,176.78,170.47,166.09,158.15,150.81,146.24,138.96,131.55,123.07,112.64,103.46,94.20,85.38
132.55,148.03,158.32,172.12,181.82,191.09,198.40,205.99,211.21,214.48,219.78,222.11,226.05,225.36,230.05,232.56,234.78,238.77,240.34,242.33,243.40,248.02,252.40,255.45,257.86,260.19,258.37,254.85,252.72,246.13,240.88,232.13,224.88,220.29,214.36,209.95,201.16,196.54,190.06,185.16,179.14,172.53,165.86,160.59,152.55,143.27,136.49,127.01,118.42,108.24,97.19,86.77
124.79,139.54,150.07,161.77,170.29,177.61,186.94,195.15,198.98,204.36,206.67,209.78,211.92,212.55,214.11,218.56,222.04,225.59,228.35,225.08,228.96,231.87,236.89,240.34,240.71,246.36,242.25,236.58,234.68,233.03,226.65,219.86,210.64,208.14,202.31,196.70,189.62,184.17,178.68,176.10,169.80,160.91,156.97,150.88,144.59,134.46,126.51,117.75,111.00,103.82,92.10,81.39
123.42,138.51,145.77,157.50,168.39,176.50,183.36,191.64,195.26,199.06,203.96,205.73,210.29,210.64,210.95,213.55,216.45,220.06,222.00,224.59,225.70,229.40,234.64,236.30,237.33,241.05,235.19,235.29,232.48,227.13,222.73,217.34,207.45,203.35,198.71,195.01,187.54,180.85,177.78,169.07,163.71,159.39,153.48,147.73,142.20,132.97,124.33,114.91,106.96,99.61,88.57,81.39
130.36,145.17,154.26,167.05,176.82,184.97,193.02,200.56,206.86,211.09,212.92,216.93,221.82,221.38,221.04,227.37,228.40,233.32,234.89,234.26,235.21,241.36,245.20,249.97,248.78,253.29,251.87,247.94,244.30,241.42,234.78,226.72,219.94,216.21,210.61,205.02,194.64,191.31,186.45,182.89,174.39,168.65,163.42,156.67,149.12,139.31,131.61,123.04,114.02,105.26,96.18,86.01
120.21,134.71,143.09,156.21,164.12,173.95,179.57,187.96,191.51,195.58,198.31,202.24,206.70,205.99,206.19,209.19,211.74,216.00,219.11,217.28,221.29,224.38,229.01,231.76,232.43,237.66,234.35,229.11,226.80,222.95,217.64,210.84,203.34,199.74,195.37,191.21,184.45,177.80,173.81,170.58,162.98,156.32,152.20,145.62,140.04,130.08,123.00,114.73,108.05,98.35,89.16,80.22
130.18,144.31,155.01,166.36,175.41,183.85,190.47,201.69,204.75,209.40,213.32,216.06,218.87,219.39,221.38,225.94,226.13,229.11,233.07,233.31,235.72,240.00,243.29,248.23,249.93,253.31,250.26,246.47,244.68,238.00,234.17,226.07,217.92,213.85,209.89,205.06,196.38,191.13,187.43,181.55,176.23,168.83,162.25,155.57,149.94,139.84,131.21,123.42,115.32,105.55,94.67,84.63
120.50,133.76,142.13,152.98,165.13,172.13,178.47,187.80,190.63,194.21,200.52,200.20,203.34,204.85,206.52,207.33,209.39,214.34,216.06,218.20,219.26,222.91,227.69,228.59,232.02,234.62,231.01,227.62,226.83,221.33,218.52,211.99,204.84,198.86,194.93,189.62,183.22,175.89,172.05,168.05,160.85,158.09,149.31,143.00,139.29,129.54,123.60,115.74,105.12,96.77,89.11,78.55
120.81,134.89,145.09,154.62,163.22,173.01,178.07,186.36,190.98,195.63,198.22,201.11,202.80,203.83,206.94,210.11,211.05,216.07,216.45,218.33,218.66,224.08,227.31,229.83,231.77,235.70,231.95,229.27,228.33,223.66,219.78,211.68,204.84,200.26,195.36,189.97,183.00,177.61,173.22,169.07,163.68,156.18,151.08,145.77,139.05,130.51,122.49,116.08,106.89,98.01,88.68,79.56
134.39,150.90,162.20,174.91,184.10,194.49,201.12,210.38,213.88,220.20,223.43,226.93,228.97,230.84,232.79,234.21,239.17,241.81,244.00,244.97,246.16,252.07,255.84,260.46,261.31,265.63,263.19,258.94,255.78,251.03,245.42,239.35,230.33,222.99,218.89,214.76,207.09,199.90,195.53,191.73,182.13,177.79,169.03,162.64,156.98,147.46,137.23,129.76,118.19,110.26,100.28,89.09
128.66,144.07,154.02,166.51,174.96,184.30,190.76,199.97,204.41,210.87,213.21,216.33,219.80,218.56,220.79,224.24,225.52,230.53,233.86,231.82,232.42,239.01,242.00,246.34,247.17,252.44,250.77,244.25,241.18,237.45,232.05,225.53,216.93,216.02,210.89,206.34,196.37,188.60,186.43,181.04,174.79,166.03,163.44,155.36,148.03,140.06,131.32,122.02,113.60,104.86,94.40,83.82
137.44,150.56,162.23,174.77,183.96,194.18,200.26,212.36,214.85,220.91,222.46,227.61,229.99,229.51,232.50,236.91,237.02,243.26,246.89,245.54,245.22,251.55,254.17,258.59,261.02,266.55,263.43,257.17,255.13,252.24,246.40,238.91,228.37,228.35,220.78,214.85,207.51,198.71,194.55,191.64,184.26,175.79,173.57,163.98,158.38,147.00,137.42,128.82,120.30,111.16,98.43,87.68
126.62,143.39,153.00,162.86,173.37,181.47,188.22,197.77,201.94,206.09,210.16,211.01,214.17,214.76,217.59,221.85,222.46,226.00,229.03,229.84,229.98,234.05,239.28,240.76,243.94,248.57,247.13,243.35,239.74,235.30,231.66,223.09,215.37,213.28,207.28,203.16,193.87,186.01,182.41,179.00,173.07,166.21,160.08,154.81,147.05,136.93,130.73,120.74,112.61,104.35,94.30,83.76
119.54,134.09,143.10,153.95,164.44,171.21,177.19,186.17,189.24,194.16,195.73,200.53,203.30,201.00,203.16,205.45,208.19,211.73,214.41,211.09,212.25,217.45,220.86,224.35,224.32,227.73,225.94,223.33,221.73,219.18,212.57,206.00,197.88,197.02,191.38,188.86,180.42,174.87,170.02,166.36,161.37,155.60,151.95,145.17,139.62,128.86,121.20,114.28,107.19,98.29,86.77,77.67
119.50,133.72,141.15,152.40,163.77,170.48,177.51,185.01,186.51,193.24,196.90,199.42,201.90,201.81,205.41,205.24,208.93,210.72,214.22,214.84,214.95,219.82,225.23,228.48,229.67,232.64,229.02,226.95,224.16,221.42,214.70,209.12,203.04,197.84,194.99,189.50,182.70,177.91,172.54,170.00,161.48,157.31,149.48,143.14,137.88,129.53,123.37,115.00,105.30,96.02,89.04,78.34
129.84,145.80,154.78,166.87,176.14,185.22,191.69,201.10,205.62,209.65,214.27,217.19,219.15,219.11,217.60,222.09,222.32,227.69,229.11,226.42,227.97,231.19,236.48,238.30,238.65,243.40,242.23,236.00,234.76,229.39,225.80,217.35,212.25,210.00,204.75,197.40,191.26,185.54,180.85,177.89,170.85,162.20,159.62,153.39,147.20,138.03,129.47,121.70,113.60,106.23,93.05,84.17
130.00,145.80,154.98,165.51,178.10,186.81,193.30,203.42,206.69,210.88,213.85,218.22,221.01,221.46,221.76,225.62,228.55,233.57,234.45,233.79,235.05,239.82,246.34,249.33,250.80,256.80,250.38,249.19,243.99,242.43,237.23,227.52,219.78,218.90,212.42,206.34,200.36,193.08,188.82,183.25,178.47,171.29,166.11,158.82,152.07,142.69,133.41,123.46,115.68,106.23,96.18,86.28
127.91,145.34,152.32,164.45,173.93,182.01,191.02,197.25,201.48,206.07,211.42,212.44,215.72,217.83,218.56,220.01,222.43,226.38,228.64,231.67,232.70,235.64,240.05,243.21,245.69,248.73,244.71,243.96,240.01,237.23,232.48,225.30,218.40,211.15,206.48,201.56,197.09,188.83,186.04,179.25,173.05,167.03,161.44,153.17,147.96,139.20,130.83,122.54,112.64,103.08,94.40,82.49
126.40,142.44,153.06,163.15,173.08,182.45,189.53,195.09,202.11,206.07,209.47,213.03,216.95,216.45,218.63,220.23,222.41,229.17,229.56,230.05,231.47,236.07,241.09,244.00,245.60,249.42,246.48,242.84,240.01,237.80,232.01,222.99,216.04,213.74,208.40,202.55,194.59,187.26,184.70,183.07,175.17,166.87,162.02,155.16,148.93,139.82,130.05,121.93,113.60,106.15,94.34,83.10
130.36,145.72,154.21,166.96,176.92,187.41,192.20,202.27,206.53,211.07,214.09,216.39,219.66,221.37,221.73,224.66,226.74,234.62,236.35,234.79,237.70,239.70,246.46,249.69,250.02,254.81,251.37,247.01,245.06,241.81,237.06,227.66,219.45,218.22,212.27,208.34,198.15,193.37,187.42,183.98,177.23,170.14,165.25,157.00,150.84,141.40,132.20,124.06,115.52,106.40,96.65,86.47
122.64,137.44,146.51,157.99,166.77,176.12,182.47,189.99,194.16,199.30,201.80,205.83,207.42,208.43,209.85,212.73,215.75,220.74,222.44,222.87,222.43,228.11,231.16,235.26,235.65,239.38,238.61,233.00,231.74,228.55,223.32,215.24,207.64,205.63,200.68,195.41,188.48,180.47,177.63,174.55,167.61,161.24,155.08,148.86,142.58,132.94,124.78,117.89,109.04,101.07,92.10,80.23
130.87,146.99,154.78,167.59,179.78,186.82,193.98,203.04,206.35,209.39,214.46,217.34,221.69,221.92,223.09,226.14,229.00,232.13,234.36,236.40,237.31,241.10,244.26,248.29,251.46,253.81,251.05,247.89,245.42,239.77,238.30,230.02,219.74,214.71,212.62,207.51,199.36,192.35,187.48,182.00,177.29,171.35,164.10,157.54,150.22,140.46,133.09,125.18,114.93,104.24,98.31,87.32
131.22,145.53,156.46,167.86,178.51,186.97,194.16,202.14,207.18,211.27,211.98,217.81,222.83,220.66,221.77,224.80,227.47,235.32,235.05,235.48,236.14,239.91,244.64,248.13,248.96,252.86,251.24,246.29,243.58,241.13,235.77,228.30,219.70,218.05,210.84,206.65,197.65,192.01,186.45,183.50,176.37,169.43,164.15,158.40,150.73,139.98,132.61,124.34,115.12,106.30,95.80,86.35
133.45,148.06,157.04,166.44,176.34,185.63,196.09,206.52,208.54,213.72,216.46,221.33,224.12,223.58,226.17,229.05,229.80,235.64,237.81,236.21,239.07,243.58,246.44,251.73,252.04,257.19,256.26,249.69,247.81,244.39,239.94,230.49,222.04,220.41,214.25,208.81,200.81,193.17,188.32,186.14,178.36,169.59,166.15,158.66,152.55,140.73,133.30,124.48,117.39,107.84,95.01,85.09
130.78,147.08,156.08,167.32,177.29,187.42,193.79,202.78,206.00,211.81,214.72,216.39,219.35,221.45,223.32,227.90,227.76,234.31,233.21,236.95,237.78,242.17,245.28,250.83,250.60,256.35,254.61,249.47,248.65,242.57,240.86,231.05,223.66,217.28,212.12,208.79,201.21,193.94,190.21,182.73,177.40,171.29,164.91,158.82,151.49,142.87,132.46,126.46,115.62,106.17,97.16,86.88
130.23,145.79,155.86,167.71,177.10,186.08,192.08,202.09,206.20,212.47,212.60,215.87,220.99,220.19,221.82,226.74,227.26,233.38,233.94,236.59,237.12,240.44,245.23,249.88,251.10,256.35,253.62,247.73,248.36,242.94,239.87,231.00,222.43,218.59,214.14,207.45,199.49,193.02,190.60,185.40,179.25,170.88,166.77,160.64,151.16,142.36,131.94,124.10,116.25,107.81,95.88,85.33
124.20,140.46,152.83,158.03,173.46,181.01,183.36,196.00,198.02,205.68,207.76,211.29,213.21,214.04,216.12,218.02,219.74,226.29,228.67,226.92,230.06,233.00,237.69,242.84,244.17,248.40,246.52,241.21,239.44,235.93,229.21,223.27,215.82,213.24,208.12,201.65,193.20,188.92,183.39,180.22,173.97,165.47,160.31,153.81,148.06,137.48,128.83,121.70,113.25,103.16,93.90,84.53
128.46,145.43,153.24,166.72,177.72,186.97,191.46,202.65,203.84,207.78,213.71,214.73,216.95,220.17,220.80,223.62,224.36,226.50,229.84,230.46,231.23,237.41,241.40,243.98,246.29,249.35,245.20,242.24,241.07,235.99,233.03,225.75,219.15,213.18,209.82,204.22,196.02,192.21,186.46,180.07,174.23,170.47,162.02,156.12,149.68,141.11,135.07,125.87,116.02,106.04,96.83,86.61
128.47,143.39,151.42,165.06,173.28,183.37,188.69,196.00,200.19,205.97,209.81,211.99,216.09,214.77,217.04,220.51,221.84,226.02,230.87,229.65,230.85,235.33,239.65,242.42,243.95,248.77,247.59,241.25,241.12,236.38,232.60,224.18,216.81,211.82,208.71,203.02,195.49,189.43,185.23,181.80,174.41,168.68,162.53,155.57,148.33,138.84,131.89,123.17,114.27,104.56,94.20,84.72
129.83,144.84,154.12,166.01,175.82,185.08,192.60,203.33,203.30,207.94,210.49,215.54,218.32,218.01,218.60,222.70,224.93,230.52,233.07,232.94,233.81,237.88,242.51,246.11,246.55,251.86,249.51,244.10,242.79,238.65,234.10,226.90,218.23,217.25,210.54,204.47,197.62,189.93,186.12,183.48,176.58,167.91,165.68,158.03,152.11,141.24,131.73,125.26,115.16,106.15,94.85,84.21
131.05,146.41,155.18,167.45,176.50,186.12,192.35,200.68,206.00,209.80,212.23,216.39,217.30,219.17,219.58,223.91,224.29,231.02,231.63,233.47,233.14,237.52,240.76,245.66,246.47,249.83,247.80,244.23,243.31,236.32,234.08,226.04,219.54,214.25,208.75,205.43,198.00,191.38,187.30,182.44,174.15,169.55,163.20,156.24,150.08,140.94,132.19,123.23,113.99,105.42,95.88,85.21
135.52,153.58,157.84,175.32,185.97,193.49,201.64,209.48,212.72,217.14,222.28,224.84,227.97,228.02,230.31,232.85,234.18,237.95,240.61,242.03,243.31,248.39,252.62,255.16,259.37,262.29,259.33,254.37,254.12,247.88,244.02,236.48,227.97,224.38,218.20,213.94,206.98,200.64,195.53,190.00,180.69,178.24,169.71,164.00,156.34,145.78,140.03,130.08,118.98,107.80,98.67,88.05
139.14,157.20,164.20,177.71,190.16,199.42,206.69,214.77,217.08,221.16,225.27,227.71,230.46,230.49,231.23,234.36,236.02,239.20,239.41,241.21,242.53,247.54,250.01,252.52,254.05,259.12,256.02,252.24,250.00,244.97,243.00,236.35,228.83,222.41,219.59,213.24,206.01,199.90,196.77,190.39,182.41,179.77,169.85,164.51,157.54,147.41,140.04,131.53,120.21,109.17,100.42,89.47
127.56,141.03,150.08,159.81,168.62,178.22,185.27,191.48,194.37,199.27,202.25,205.32,208.66,206.69,208.06,208.83,211.19,215.54,216.90,215.82,217.85,222.87,224.86,228.08,227.72,233.24,233.41,227.48,225.30,223.16,217.66,210.58,205.24,202.87,197.23,194.03,186.13,178.71,176.08,173.10,166.29,159.39,156.32,149.41,142.58,132.44,124.40,116.81,109.46,101.61,89.55,79.93
132.88,149.68,158.43,170.00,178.39,190.85,195.56,205.06,205.94,210.95,216.00,217.42,217.67,219.67,218.56,223.40,221.82,227.48,227.88,229.26,229.94,232.38,237.51,239.10,241.28,244.64,244.40,241.51,238.55,233.00,230.56,222.64,216.33,211.38,207.61,201.82,195.76,190.26,185.78,179.57,173.76,168.86,161.61,156.31,148.86,139.32,133.24,125.00,113.41,105.48,93.94,84.53
130.77,144.40,155.87,167.84,177.34,183.10,193.40,202.83,203.89,208.14,210.67,214.11,215.23,215.73,214.76,217.71,223.22,222.68,226.61,224.96,226.74,231.26,234.72,238.82,238.47,243.35,241.51,236.28,235.98,233.83,227.08,220.88,210.95,209.75,205.54,200.90,192.94,188.00,183.60,181.65,173.57,165.53,162.61,155.56,148.92,136.19,130.59,120.92,114.06,104.58,93.15,81.61
138.81,153.88,165.47,177.26,187.11,198.12,203.90,213.49,215.61,221.29,221.65,227.38,229.71,229.17,227.98,233.93,235.21,239.65,239.71,239.71,241.03,245.65,249.47,253.87,253.89,259.56,256.91,251.58,252.35,247.40,242.33,236.18,226.11,225.00,216.98,212.90,205.77,200.34,195.04,189.28,183.50,174.90,171.30,164.00,157.54,147.61,137.88,129.99,120.00,111.33,99.36,89.19
135.56,147.09,158.96,172.07,180.03,190.28,196.82,208.37,211.62,216.46,216.33,221.00,225.16,223.83,226.05,227.07,229.31,235.47,236.60,235.98,238.42,243.82,249.66,250.91,252.58,256.91,256.63,250.87,249.24,246.45,240.80,233.32,224.50,220.74,217.28,210.71,203.38,195.97,191.76,187.86,180.36,172.01,167.97,161.34,155.42,141.44,134.79,124.54,114.93,107.49,94.20,83.24
134.62,148.50,159.39,172.03,179.34,189.84,196.21,207.87,211.87,215.13,216.57,221.11,224.19,224.86,223.88,228.24,229.84,235.61,236.89,235.93,238.81,243.99,248.87,252.05,253.69,258.96,258.40,252.42,249.66,247.10,242.17,235.30,225.42,221.78,215.56,211.29,203.44,198.24,191.11,188.35,181.65,172.28,166.46,161.05,153.81,143.60,135.79,124.79,116.08,107.30,95.72,84.40
136.07,152.12,162.48,173.07,181.89,189.59,197.61,206.94,208.74,212.85,217.25,220.42,222.19,222.99,223.24,226.63,228.81,232.65,235.31,234.69,234.36,239.93,245.60,249.38,249.48,253.21,253.49,248.29,245.42,243.08,239.77,232.56,222.32,220.51,216.61,211.44,202.79,196.87,192.05,187.60,181.89,174.27,168.34,162.25,155.67,144.89,135.00,127.64,118.60,110.14,96.19,85.38
136.06,150.22,157.29,170.84,182.02,190.16,199.00,205.77,206.90,212.14,217.27,219.32,221.71,221.27,221.77,225.20,225.94,229.27,230.60,233.75,234.44,239.03,244.75,246.62,248.23,251.07,250.69,245.94,245.17,240.86,236.92,230.34,222.42,216.90,213.48,211.40,202.67,196.70,191.26,184.50,179.01,174.41,168.08,161.25,154.56,145.09,138.19,128.36,117.48,108.17,98.35,87.42
135.47,150.53,158.20,171.47,181.57,190.71,198.88,205.88,208.57,211.52,215.14,220.13,221.42,220.79,223.21,225.51,228.76,232.80,235.05,232.49,234.20,239.00,242.86,245.95,246.97,251.34,249.19,245.40,243.61,241.18,236.17,230.50,220.08,219.25,212.46,210.54,201.85,195.47,189.53,189.23,181.47,173.07,169.19,163.11,156.04,145.58,137.64,127.04,119.85,110.00,98.27,88.46
125.40,139.70,147.47,161.06,171.17,180.83,187.36,192.03,195.92,202.30,208.43,209.47,214.24,213.06,214.44,218.56,217.41,222.70,223.26,225.57,227.98,232.14,235.36,238.17,241.00,243.26,241.30,239.14,237.50,231.49,228.48,222.28,215.42,207.99,205.08,200.57,193.55,189.20,184.62,177.00,172.68,166.46,159.01,153.22,148.22,138.23,130.73,122.11,113.57,103.08,94.13,82.97
134.85,147.99,159.15,171.81,179.47,191.72,196.95,206.63,207.93,213.15,215.94,220.68,222.99,222.44,222.85,226.72,229.87,233.73,235.98,234.78,234.36,241.87,244.72,248.13,249.63,256.36,252.34,246.07,245.02,241.95,236.89,231.22,221.62,218.83,213.46,208.08,200.94,194.86,189.01,185.10,180.27,172.65,167.76,160.31,152.49,143.10,135.83,127.31,115.83,109.49,98.06,87.46
136.17,151.00,160.33,171.86,182.66,191.76,199.18,207.20,211.87,214.00,221.05,222.27,224.61,225.47,225.04,228.30,229.40,232.90,235.09,237.68,239.59,242.91,248.86,249.47,252.62,255.89,255.57,251.25,247.52,243.88,240.26,231.91,225.39,220.72,215.63,212.08,202.56,197.43,193.35,186.81,179.08,176.07,168.55,160.60,155.62,145.77,140.47,129.63,119.54,109.17,100.18,90.14
124.08,138.52,145.42,158.34,167.59,176.20,182.33,190.66,194.49,197.23,201.25,204.92,208.00,205.97,208.54,210.06,213.01,214.11,218.01,218.49,218.92,226.13,229.06,231.95,234.34,235.77,234.14,232.21,229.30,226.53,221.51,217.11,208.59,204.32,199.00,194.18,187.86,181.82,178.39,173.18,166.21,162.29,155.42,148.06,144.00,134.63,129.14,119.24,108.85,101.36,93.81,82.23
125.16,137.38,150.59,161.45,168.86,177.37,184.59,195.17,199.22,204.85,203.97,209.15,211.90,211.53,211.42,216.45,217.41,222.19,222.41,222.14,225.63,229.21,233.08,235.76,238.03,242.56,239.60,234.96,233.79,232.08,226.02,219.59,211.56,210.24,204.71,199.46,191.73,185.65,180.62,179.63,173.82,164.30,161.42,154.33,148.01,137.64,130.92,121.84,115.28,106.51,94.76,83.01
123.49,137.01,150.36,160.86,168.86,177.28,184.55,193.93,197.37,202.07,205.29,208.40,211.08,211.69,211.98,215.20,217.23,220.49,223.88,220.69,225.09,229.02,232.69,235.13,235.60,242.89,240.25,236.58,234.36,231.90,226.02,219.32,213.02,209.61,204.62,200.00,191.94,186.76,181.18,178.75,172.24,167.44,159.00,153.57,147.00,138.16,132.19,123.23,114.55,105.00,95.08,84.59
129.52,145.88,156.39,167.92,177.00,184.57,193.06,205.32,205.80,210.38,212.46,217.01,218.52,219.71,219.43,224.66,227.43,232.24,233.64,232.69,234.58,240.61,244.17,248.52,250.49,256.42,253.31,247.88,247.02,243.30,237.19,231.95,222.41,222.18,212.27,209.35,200.32,195.26,190.06,186.39,180.62,171.74,167.71,160.07,152.35,141.99,134.27,124.81,116.46,108.02,96.14,86.05
131.49,145.28,155.21,168.66,176.21,186.64,195.17,202.20,204.63,209.12,212.25,217.19,219.64,219.28,220.48,223.62,227.04,230.20,231.71,233.83,234.96,240.84,244.62,247.54,250.05,253.81,251.80,248.94,246.33,242.13,238.20,229.59,223.79,218.84,211.85,209.42,202.03,196.02,190.16,182.48,178.64,172.24,165.41,157.81,151.43,141.77,134.53,126.53,116.02,106.25,96.83,87.37
136.62,150.05,152.87,169.64,175.23,184.81,191.67,201.31,206.35,208.46,212.61,214.40,216.33,218.23,219.49,221.06,225.02,227.18,230.16,229.59,231.90,237.13,241.76,244.05,247.61,246.92,246.84,243.46,240.84,237.88,231.14,225.52,217.89,213.41,208.63,203.48,196.31,190.78,186.05,183.17,174.94,169.67,162.26,154.29,149.24,139.61,133.41,122.89,115.38,104.79,96.34,86.28
123.97,137.00,145.88,160.02,166.29,172.79,179.39,188.01,190.07,194.43,196.21,200.26,203.04,202.18,202.70,205.66,208.04,212.08,213.78,211.59,214.11,219.69,225.30,225.57,228.00,230.85,230.85,225.97,224.11,221.88,216.37,211.73,203.74,202.68,196.70,193.07,185.84,179.63,175.52,171.07,165.39,158.24,153.39,147.14,143.13,130.05,126.25,114.84,109.93,100.42,89.07,78.45
126.57,141.52,150.42,160.11,171.41,180.94,186.95,193.09,196.89,201.31,204.48,208.61,210.16,210.30,210.64,214.26,216.62,220.95,223.08,223.19,224.45,233.46,235.53,239.76,239.95,241.07,240.52,234.48,232.60,230.41,225.64,217.79,209.57,206.42,202.12,198.13,191.04,187.66,179.51,174.41,167.84,164.17,157.81,149.66,144.20,134.42,127.31,119.23,110.17,101.40,91.00,80.92
119.87,131.80,140.03,152.32,159.66,169.20,176.31,184.09,186.51,191.44,192.84,196.94,199.46,197.40,198.20,200.26,203.86,208.00,209.48,209.16,211.44,216.31,222.30,222.62,224.86,227.75,225.80,222.17,221.06,218.87,212.81,206.52,199.06,195.58,190.54,185.81,179.34,172.84,169.10,163.78,158.94,152.76,147.56,139.62,135.37,125.60,119.40,109.29,101.14,94.15,84.20,76.01
125.50,139.29,150.03,161.12,168.62,177.88,183.40,190.92,195.13,199.09,200.81,204.63,205.77,205.77,207.09,210.24,213.03,214.62,217.71,219.15,219.15,224.62,229.61,231.35,234.64,238.47,236.91,233.47,230.41,227.70,221.05,215.93,208.09,202.57,197.34,192.63,186.55,179.04,176.82,170.47,164.20,158.38,153.44,147.22,138.97,127.99,122.59,114.54,105.68,97.58,87.69,79.18
135.76,148.07,156.42,168.88,178.01,187.02,194.99,200.10,200.56,207.63,209.95,211.62,214.58,213.80,212.94,215.46,219.49,223.13,224.88,226.88,228.97,233.86,237.49,239.93,243.98,246.04,245.49,241.75,238.54,236.30,231.47,224.01,216.33,212.43,206.42,204.01,194.91,189.62,185.81,181.02,174.63,168.72,162.66,153.94,147.05,135.71,131.49,121.70,112.29,102.18,93.77,83.67
140.01,153.46,163.69,174.65,187.09,197.52,203.49,210.29,214.67,218.68,223.56,225.85,226.87,227.61,230.71,232.86,237.17,240.97,244.20,243.76,244.70,252.76,258.09,259.21,263.87,265.34,263.44,260.02,258.92,255.44,248.52,240.95,231.84,226.31,218.50,216.60,206.12,199.56,194.24,190.39,180.56,174.45,166.19,158.76,152.61,141.48,134.24,124.62,114.59,104.66,94.53,83.68
120.84,135.15,145.91,154.56,162.29,170.85,175.09,183.39,187.88,191.81,192.00,197.96,197.65,195.32,197.02,201.43,204.47,209.06,212.30,210.06,210.72,220.20,224.08,223.76,225.40,231.21,230.15,224.88,224.44,221.27,215.37,209.88,200.21,198.34,190.91,187.58,180.10,175.33,169.78,164.76,160.51,152.01,147.12,139.09,132.14,123.00,118.34,108.17,102.53,94.64,83.55,72.01
121.51,135.72,145.25,152.00,160.31,170.39,175.85,182.65,186.45,189.45,191.63,195.82,196.98,195.97,196.50,198.91,202.34,206.63,209.01,208.01,210.77,216.72,220.01,222.80,224.72,229.49,230.60,224.52,222.17,219.51,213.84,209.69,198.60,196.16,189.65,186.40,180.71,172.49,168.68,163.25,159.46,151.98,146.29,137.93,131.46,122.43,117.32,109.04,102.47,93.15,80.10,71.17
38.01,47.01,52.47,61.07,68.68,74.33,83.74,95.86,100.77,103.94,111.32,113.36,118.66,121.17,120.34,130.92,132.37,138.00,141.77,141.00,151.24,157.51,162.26,162.73,165.50,164.10,170.18,173.10,169.96,157.00,153.95,117.34,69.32,112.29,126.15,128.69,128.80,128.02,125.80,121.66,114.48,111.83,104.02,98.39,93.00,88.24,82.57,74.33,68.59,63.60,62.97,54.04
123.57,137.44,145.77,157.00,163.13,171.62,176.78,186.45,187.52,193.72,193.20,199.15,200.01,199.61,200.35,202.94,206.47,210.72,213.18,213.04,214.71,221.73,225.06,228.04,231.37,234.13,235.54,227.07,225.25,221.72,218.11,212.20,203.34,200.60,195.00,189.55,182.62,177.12,172.04,167.59,161.90,154.02,148.01,142.64,134.65,124.02,118.68,109.00,102.14,94.87,85.00,74.00
124.66,137.71,146.41,157.29,165.68,174.61,178.10,187.39,189.50,193.00,196.85,199.74,201.20,199.72,204.00,206.53,207.87,210.64,215.20,214.00,217.38,222.42,227.27,228.09,232.36,234.05,237.12,232.40,227.86,223.22,221.42,217.04,205.28,200.12,196.23,193.16,185.61,178.23,174.32,167.94,162.05,158.38,149.27,142.90,136.47,127.00,120.80,112.01,102.40,92.76,85.76,77.23
123.17,135.92,145.06,154.56,163.17,172.36,176.95,185.22,187.78,191.09,193.83,197.45,199.30,198.88,199.97,202.36,205.27,210.76,212.28,212.47,214.22,219.99,224.64,225.25,228.81,231.04,232.08,227.18,226.40,220.54,217.62,212.00,202.27,200.00,193.22,189.04,182.85,175.01,171.64,165.15,161.20,155.65,146.73,141.03,134.41,125.25,119.97,110.15,101.43,93.94,84.88,76.85
74.63,83.20,91.79,100.65,108.98,119.41,125.16,137.77,144.97,154.30,162.43,167.45,172.72,179.13,182.99,189.45,192.07,200.19,204.20,211.23,217.04,223.22,231.04,236.92,242.33,243.53,247.99,245.73,248.05,243.29,243.40,240.50,234.40,231.95,225.75,221.95,218.52,212.90,208.32,204.52,200.37,196.58,187.83,179.36,175.41,164.79,161.64,150.56,140.80,131.83,122.33,111.00
77.88,88.14,97.69,106.79,114.04,123.97,133.51,147.19,155.79,165.74,169.85,179.77,184.76,188.06,192.72,199.00,208.81,214.41,220.06,225.08,231.62,236.50,247.01,248.86,256.01,260.28,265.17,262.52,260.57,260.78,256.25,255.29,247.32,245.60,240.75,237.19,229.48,224.35,220.10,219.69,214.22,205.12,199.38,193.58,187.64,174.27,169.67,157.84,150.36,140.26,128.75,116.11
126.30,142.56,150.90,161.83,169.31,178.44,183.15,189.89,192.63,198.64,201.14,204.08,204.97,206.04,206.23,210.54,212.16,215.26,215.96,219.06,221.27,224.72,230.64,232.02,236.24,237.97,236.23,233.94,231.81,226.50,222.79,217.37,207.28,204.19,196.99,194.44,187.36,181.02,177.73,172.63,163.60,158.48,152.03,145.33,138.40,128.75,122.00,113.22,104.35,95.88,87.13,78.59
128.13,142.52,151.65,161.97,170.24,178.46,184.50,192.35,195.16,199.58,204.20,205.80,206.34,207.70,208.28,211.09,212.25,216.78,218.52,220.08,221.33,227.91,233.33,233.93,238.38,239.30,238.05,234.78,232.31,229.99,224.44,220.20,210.34,205.92,198.60,194.61,190.08,183.64,177.63,171.81,165.85,160.52,152.08,146.28,139.09,130.38,123.45,115.85,106.00,95.52,87.85,79.01
128.22,140.43,150.03,159.45,169.54,177.00,182.04,192.35,195.50,197.65,202.09,203.57,205.29,204.25,206.52,210.80,212.88,216.31,218.07,218.08,219.70,225.74,230.60,234.31,235.17,237.86,238.01,234.97,232.91,228.27,225.82,218.65,209.98,206.05,200.20,196.98,189.08,181.80,176.18,171.60,166.81,160.85,154.32,146.87,140.43,128.55,124.02,114.06,106.71,98.18,87.93,78.23
63.13,77.88,82.38,92.31,97.58,110.77,116.25,132.44,135.87,148.76,153.44,160.51,168.62,172.05,177.99,184.70,191.23,198.09,201.82,207.02,211.29,221.38,227.27,229.09,234.80,240.26,244.27,240.20,242.99,240.34,238.48,232.80,228.40,225.50,220.99,214.61,211.78,207.07,202.98,198.65,196.39,186.94,181.96,176.71,168.34,160.35,154.77,144.94,137.79,128.56,120.30,106.85
65.80,76.97,86.98,92.07,98.41,108.47,118.71,132.24,139.26,148.48,154.03,162.29,168.43,171.29,177.37,184.23,188.92,198.98,203.48,206.42,213.22,218.93,227.07,226.74,234.68,240.41,245.15,241.99,241.45,238.30,234.45,230.52,225.00,226.92,223.38,216.02,209.86,206.81,203.58,200.32,196.01,187.32,181.10,177.20,169.96,160.65,153.38,144.28,137.42,128.23,118.15,107.56
124.62,138.96,148.08,160.15,166.43,175.80,181.82,189.24,186.69,195.43,198.31,201.56,203.23,201.46,203.63,207.33,208.22,213.01,218.63,216.09,219.58,226.72,230.83,232.50,235.27,238.07,240.10,234.08,232.56,227.27,225.20,216.79,208.47,207.18,200.48,195.18,189.53,183.44,177.63,170.99,167.31,163.40,154.16,149.40,140.07,130.97,125.21,116.82,105.85,97.42,90.25,79.08
64.54,74.30,81.32,89.94,101.39,109.02,118.36,131.37,137.80,146.82,155.54,161.05,167.61,173.08,179.77,186.32,190.52,198.15,203.02,206.34,214.02,221.65,228.35,231.19,238.35,242.32,244.64,244.81,242.51,238.14,237.61,232.50,227.43,224.21,220.05,216.97,210.69,206.64,203.42,198.34,193.75,189.00,181.53,176.82,170.70,161.98,155.32,147.14,137.30,127.48,118.33,108.41
65.80,75.18,81.02,91.01,101.64,109.59,117.29,131.05,138.75,145.09,156.18,162.12,168.43,173.97,179.74,186.72,191.88,199.12,203.04,206.70,214.31,221.36,228.62,232.21,240.01,239.71,247.74,245.42,242.21,239.48,236.18,233.36,228.09,224.89,221.00,217.08,212.08,208.06,204.19,199.86,194.36,191.25,182.86,175.45,170.29,161.62,157.42,145.45,138.45,127.95,119.94,107.87
65.22,74.46,81.30,91.39,100.00,109.08,117.88,131.32,136.40,147.30,156.85,161.11,168.34,173.22,178.97,186.04,190.47,198.49,202.83,207.61,214.54,218.66,227.34,229.34,238.32,239.30,245.74,246.05,244.01,239.83,236.54,234.17,227.61,225.08,220.05,216.36,213.12,208.78,205.12,198.59,192.63,189.00,180.65,175.57,169.01,161.70,155.23,145.65,137.28,126.19,117.02,107.02
67.68,79.03,87.46,97.19,105.69,114.24,122.26,142.27,147.05,156.89,164.01,172.12,177.34,182.22,187.41,194.18,202.43,209.85,214.46,218.28,224.08,232.61,240.83,242.99,249.62,255.55,261.05,256.09,254.64,252.61,248.05,242.56,239.30,240.31,232.24,228.09,222.83,216.45,212.23,209.88,206.41,198.16,192.26,184.49,180.25,169.37,161.72,151.60,142.64,134.18,124.62,112.43
132.74,147.80,156.60,168.63,175.57,184.04,191.32,199.90,200.77,205.78,209.02,211.93,214.90,213.40,213.93,216.23,218.22,223.79,225.06,227.27,230.67,236.69,240.68,244.13,246.87,249.62,248.89,244.97,243.89,239.73,235.70,230.52,222.47,218.83,214.40,209.29,200.00,194.33,190.60,187.11,179.72,173.30,168.00,159.62,153.70,144.09,136.94,126.30,117.99,109.22,96.93,87.02
132.31,145.66,154.02,165.51,175.11,185.07,189.83,197.65,200.26,204.92,209.34,212.62,214.48,213.12,216.34,218.84,221.06,222.79,227.98,227.61,229.86,237.97,242.12,245.05,247.35,251.18,252.37,246.81,245.58,242.08,237.39,231.49,224.41,220.05,214.71,211.01,204.04,196.73,193.13,188.80,181.62,176.32,168.03,162.27,154.87,145.79,139.09,129.40,119.41,108.89,98.84,89.68
127.88,142.87,151.16,163.62,170.80,180.21,184.81,192.50,194.06,200.06,204.24,206.31,207.69,207.12,207.88,213.53,214.83,218.08,222.35,221.72,222.99,228.47,234.40,237.00,240.16,243.26,244.27,240.16,239.94,233.81,230.08,225.23,217.92,213.00,208.60,205.12,197.99,191.59,188.73,182.39,177.41,171.03,162.87,156.89,152.55,141.48,135.87,125.92,115.62,107.08,97.42,87.21
122.48,135.07,143.93,155.47,161.12,169.17,173.33,183.50,184.71,190.68,191.01,196.23,198.12,196.47,198.84,200.41,200.68,205.55,208.63,210.09,212.84,217.20,222.14,223.89,226.72,230.87,232.77,226.32,225.81,221.33,216.75,211.90,204.50,203.59,198.16,193.34,185.78,180.94,178.02,173.97,169.20,160.65,157.62,150.47,143.39,133.84,126.72,115.97,112.45,100.65,91.22,80.13
130.14,143.27,151.95,164.94,173.52,180.55,185.00,196.65,198.28,202.04,205.81,208.74,209.25,209.39,210.95,213.47,214.41,218.32,221.46,223.90,226.38,230.14,238.21,240.24,242.76,245.41,245.93,242.13,239.87,236.60,232.77,228.60,218.28,214.11,210.16,208.00,199.90,193.00,189.62,184.62,179.40,172.41,166.74,158.40,151.95,141.13,135.82,127.53,117.41,106.00,99.64,88.81
118.23,134.20,141.50,152.20,158.03,167.84,171.68,180.25,182.00,187.52,189.40,193.91,195.13,196.00,195.79,200.25,200.06,206.49,209.61,208.83,212.30,216.17,220.78,223.97,226.90,231.97,232.22,225.34,222.83,219.32,217.42,210.87,202.24,201.59,194.55,191.64,184.17,178.13,174.04,170.00,164.35,157.93,152.46,145.34,138.35,128.08,122.92,116.11,108.26,98.48,87.09,78.89
123.98,136.61,144.40,156.95,163.11,171.55,176.98,186.08,187.63,192.27,196.47,199.56,200.41,197.69,200.23,204.04,204.08,209.75,212.73,214.08,215.26,219.97,226.34,228.64,231.98,234.44,236.72,230.41,228.21,225.97,222.15,216.93,206.78,206.60,202.32,198.72,190.41,183.37,180.69,175.18,171.14,164.16,159.51,153.48,146.99,135.45,130.05,120.83,114.21,104.29,93.92,82.10
127.10,136.47,145.17,157.89,166.11,173.30,182.04,187.28,189.17,194.10,200.14,201.56,203.12,203.05,204.24,208.73,206.63,213.46,216.17,216.68,219.31,226.40,229.62,232.69,234.94,240.07,238.42,234.10,231.64,229.14,223.57,219.67,210.79,204.79,200.57,196.35,190.51,184.46,179.54,175.01,169.64,165.58,156.49,150.48,142.79,135.33,130.38,119.77,110.00,100.24,91.83,82.68
126.00,137.80,144.97,160.22,166.09,174.42,180.60,187.41,192.20,195.47,199.54,202.71,205.42,205.06,206.87,207.64,209.88,213.05,218.28,218.22,221.42,227.18,230.95,233.85,235.72,240.07,240.13,234.83,233.12,229.51,226.64,221.11,211.01,208.25,201.32,197.45,191.45,185.04,180.85,174.91,169.11,164.28,157.00,151.56,145.00,137.12,130.36,121.08,111.23,100.12,93.01,80.21
131.46,143.66,153.57,168.47,174.93,182.22,190.28,197.29,200.45,205.79,210.01,213.01,213.10,213.41,216.10,217.00,219.99,224.27,226.99,230.34,232.31,235.34,241.51,244.49,247.40,251.11,251.25,246.01,241.88,239.08,234.97,231.62,220.51,216.18,214.14,206.81,199.30,193.19,188.73,184.86,180.85,172.53,165.00,160.80,152.98,143.11,134.50,126.75,116.47,106.22,97.99,85.38
124.46,135.77,144.50,155.77,163.98,171.96,179.23,187.11,190.68,192.75,197.77,200.03,202.43,201.68,202.97,205.24,209.12,212.43,216.52,215.15,218.18,224.21,228.64,231.23,232.17,237.12,237.35,231.31,228.98,226.57,221.03,218.75,208.21,206.13,201.00,195.47,188.37,182.88,176.60,174.55,167.45,161.28,156.59,150.71,143.95,133.09,127.88,118.15,110.80,100.90,90.01,79.40
123.36,135.20,144.90,155.56,162.89,171.61,176.64,183.92,187.11,191.89,196.46,197.04,198.66,197.77,201.32,203.44,203.39,207.97,211.77,211.90,214.28,221.35,225.49,226.17,230.23,231.56,233.31,228.53,226.37,223.14,219.64,215.82,209.70,202.08,199.56,195.97,189.77,182.00,180.24,174.64,168.51,162.89,154.15,151.16,145.72,136.62,131.11,120.83,111.87,101.71,93.94,84.85
123.31,135.59,146.54,156.54,161.62,171.74,179.13,184.72,189.28,192.26,196.87,199.14,200.17,197.91,201.80,203.54,205.97,209.99,214.37,212.93,216.71,222.45,226.37,228.57,230.49,234.36,235.17,229.34,228.37,226.24,221.42,216.54,207.79,208.47,200.00,197.65,190.38,184.57,182.54,176.46,170.75,164.91,159.15,153.22,145.09,136.13,130.75,122.56,114.02,104.86,93.41,85.09
124.85,138.22,144.01,156.89,163.98,173.28,180.47,186.27,188.73,193.87,197.27,199.53,201.41,200.61,203.23,206.29,206.89,211.14,215.41,214.52,215.03,222.52,226.88,228.01,231.85,233.21,233.98,231.16,228.05,226.51,223.79,216.45,209.25,204.28,201.00,199.22,190.71,186.43,181.11,175.84,171.03,165.89,156.54,152.78,145.96,134.83,130.94,122.10,113.51,103.08,94.18,85.91
124.81,136.33,145.78,157.63,166.69,173.67,179.18,189.50,189.90,192.92,195.04,198.52,200.20,201.01,202.48,203.55,205.00,208.89,211.52,214.67,217.33,220.08,224.59,228.54,229.98,234.00,235.75,232.08,230.26,224.64,222.41,217.46,208.91,206.05,199.74,195.88,190.24,185.43,181.60,176.92,172.81,164.27,157.28,153.59,146.24,137.90,132.38,122.69,112.54,104.04,95.52,85.00
119.85,137.35,145.69,160.65,167.17,173.01,178.10,186.46,190.24,193.35,196.87,201.07,201.06,202.00,201.31,205.55,205.92,213.40,214.24,214.01,217.83,224.62,227.65,228.40,232.95,237.02,237.74,231.05,230.84,225.46,223.90,217.79,210.62,206.74,201.00,198.67,192.77,186.39,183.14,177.23,172.93,165.74,159.03,154.78,147.17,138.54,132.00,122.98,115.43,107.21,94.87,85.28
125.10,137.87,145.99,157.65,165.10,174.24,179.55,187.88,190.24,193.99,197.95,201.25,203.33,202.19,204.24,207.53,206.71,213.53,217.35,215.30,216.58,223.26,225.28,228.78,232.42,237.00,238.21,232.64,230.79,227.38,223.99,218.58,210.06,206.83,201.73,198.57,192.03,186.78,182.17,178.22,173.00,164.76,160.15,154.26,146.81,137.88,131.46,122.97,115.11,105.60,95.34,85.21
136.01,148.76,162.27,173.07,181.46,191.01,197.69,207.89,211.29,215.13,216.28,221.62,221.47,221.63,221.46,225.40,227.78,233.03,234.29,236.14,235.42,244.10,247.42,249.58,251.75,257.60,257.79,253.36,251.64,247.13,242.08,237.42,229.03,225.34,219.33,216.01,208.72,200.84,198.25,193.96,187.22,180.49,175.32,168.67,160.61,150.12,143.84,133.26,122.58,115.39,103.31,92.44
134.16,145.99,157.81,168.67,177.39,186.19,191.27,200.01,202.61,208.10,210.01,215.20,218.28,214.90,217.41,219.18,222.95,228.32,231.04,228.62,231.47,238.56,243.87,245.81,249.61,253.87,254.66,247.70,247.70,243.59,237.56,233.24,224.47,221.95,217.60,212.24,204.75,198.01,194.20,191.03,184.70,176.50,171.14,164.98,157.10,148.35,141.40,129.06,124.28,112.89,101.02,89.49
86.02,95.27,100.42,111.61,120.49,130.14,139.28,149.80,157.92,165.75,174.52,179.01,186.20,189.34,197.44,201.04,209.69,216.06,220.84,225.08,232.02,241.59,250.35,254.59,260.05,261.84,266.07,266.60,262.24,261.16,259.05,254.47,247.08,243.35,239.63,234.16,227.47,222.46,217.44,213.58,206.79,202.28,192.42,185.13,179.52,169.00,163.72,151.95,143.00,135.00,123.42,109.49
71.69,79.91,87.57,97.08,106.78,117.24,126.30,142.24,149.01,157.87,166.69,172.29,180.27,186.30,189.50,198.46,205.68,211.06,214.72,221.05,227.44,236.60,242.26,247.39,251.75,253.51,260.07,258.24,257.47,252.21,250.60,245.12,240.95,236.62,231.31,228.36,219.00,216.58,211.29,206.60,199.90,194.18,187.26,181.75,174.23,164.20,157.46,149.31,138.85,130.86,119.68,110.02
124.42,136.62,144.93,155.05,162.94,173.63,176.26,185.22,187.97,190.56,194.81,197.57,200.26,199.54,199.48,203.21,204.27,207.76,211.86,211.70,215.23,217.85,222.62,226.72,229.31,232.14,230.32,227.30,227.50,222.00,219.40,214.77,206.32,200.30,195.76,195.26,187.21,181.57,178.08,171.75,167.63,163.00,156.21,149.31,142.79,135.51,127.99,120.35,110.17,101.98,93.81,84.81
119.08,131.03,146.35,159.21,163.62,173.44,176.88,183.98,185.71,189.89,190.21,196.06,196.09,195.41,198.65,201.65,203.06,208.68,212.53,208.83,212.88,218.05,223.00,224.59,228.12,231.04,230.83,225.39,224.63,221.35,216.23,213.26,204.71,203.01,195.76,192.90,186.76,180.56,176.46,174.56,167.36,160.58,155.71,150.00,143.28,132.38,126.66,118.11,110.94,102.77,92.40,82.86
120.81,133.22,145.36,156.26,165.42,172.36,177.49,182.39,183.70,187.81,191.38,194.16,195.78,196.82,198.92,202.25,203.39,208.36,213.33,209.42,214.11,217.68,224.18,224.22,228.64,229.82,231.53,226.38,223.64,221.11,217.17,212.87,204.92,200.81,196.16,194.24,185.88,180.42,176.78,171.99,165.11,160.85,153.85,148.39,142.87,133.84,128.08,120.30,110.39,101.71,92.76,82.49
132.50,144.84,155.08,165.46,174.39,180.80,187.28,196.60,198.86,204.46,207.15,210.04,210.44,210.62,211.34,217.81,217.51,221.55,224.41,223.27,226.76,234.30,237.35,241.21,242.84,246.72,245.84,240.97,237.29,235.10,232.00,226.74,217.39,216.09,209.75,207.68,198.07,193.21,187.95,183.97,177.01,170.63,164.69,158.45,153.15,141.21,135.03,125.40,118.21,107.49,97.62,87.32
131.23,143.81,153.29,164.68,173.73,182.63,188.04,193.66,197.22,202.61,206.01,208.81,210.40,210.24,212.90,215.26,214.14,219.92,224.00,223.65,224.16,231.95,235.26,238.21,240.33,244.08,246.06,239.57,239.02,231.91,231.25,225.76,215.15,212.46,204.29,205.14,196.33,191.23,186.60,180.50,174.81,170.65,162.56,157.08,150.28,142.27,135.42,126.04,115.11,105.89,98.11,86.83
123.17,135.68,143.40,153.44,163.11,170.60,177.25,182.94,185.15,188.86,193.31,194.61,197.09,195.66,197.77,200.64,203.03,204.71,209.78,207.07,209.19,216.76,220.38,222.10,225.54,226.77,228.57,224.66,223.46,217.96,214.67,210.06,201.19,199.48,193.24,190.68,183.27,178.37,174.73,169.99,163.23,159.97,151.95,146.54,139.31,131.55,126.00,117.64,108.00,99.05,92.42,81.61
130.42,143.03,154.38,166.39,172.42,180.83,187.95,195.36,197.34,202.25,204.16,207.07,210.11,209.83,211.70,214.55,215.75,220.74,222.19,221.38,221.84,231.18,233.19,236.64,239.73,244.01,244.30,238.31,235.97,232.70,228.88,222.30,215.00,212.96,204.66,202.25,195.36,190.06,186.39,180.62,174.87,169.25,162.25,154.65,148.17,139.19,132.28,123.44,114.76,106.07,98.49,87.86
73.50,81.61,91.44,98.06,107.84,119.63,128.55,141.89,151.00,159.59,168.15,174.64,180.00,186.32,192.84,200.09,204.97,210.66,219.00,220.64,227.71,236.54,242.33,246.62,254.57,255.78,260.30,259.42,258.86,255.05,251.21,247.76,243.01,237.98,234.37,231.14,223.08,218.39,214.11,206.78,204.60,197.20,189.59,183.70,177.34,168.34,162.61,152.04,143.27,133.88,122.49,111.62
122.00,134.54,144.27,153.05,161.00,169.80,174.64,181.66,183.52,188.25,191.59,194.83,196.98,194.83,197.61,199.02,201.79,205.09,209.66,207.24,208.61,214.44,218.98,221.47,224.57,227.88,226.91,223.60,221.47,216.72,213.02,207.93,201.21,200.12,194.10,188.48,183.10,177.55,174.38,170.65,163.53,157.00,150.86,145.09,137.87,129.19,122.64,114.83,108.23,99.46,91.07,79.40
135.07,150.63,158.29,168.83,178.03,187.32,193.26,200.12,204.95,207.85,211.68,214.46,216.31,215.33,217.04,218.69,222.83,225.47,228.97,226.64,228.97,237.80,240.01,242.16,244.79,248.62,248.60,244.63,242.00,237.44,233.21,227.06,218.66,215.52,209.82,206.65,199.90,192.35,187.36,182.62,176.50,173.10,164.51,158.40,153.17,141.80,135.79,126.72,118.23,108.71,99.37,87.14
122.64,133.93,140.69,153.39,160.08,170.53,173.53,179.89,183.84,187.86,189.99,194.49,195.43,193.19,195.88,199.25,200.55,206.52,207.24,207.17,208.01,215.29,217.04,221.01,222.17,226.24,229.13,221.49,220.27,216.95,212.85,208.06,199.12,196.86,191.60,188.09,180.57,177.41,172.19,168.81,162.98,156.40,151.61,145.72,139.04,131.05,122.30,113.95,108.19,100.24,88.09,80.32
123.20,135.53,142.00,155.00,162.93,173.00,175.91,180.80,184.46,188.07,192.05,194.08,196.01,196.16,197.69,201.85,201.09,204.80,208.54,207.89,209.89,216.11,219.32,220.49,225.22,227.98,227.79,222.62,222.38,217.80,214.67,208.46,202.70,198.64,192.44,189.83,181.65,177.13,174.11,169.58,164.78,158.69,151.48,147.34,139.49,130.11,124.33,113.60,107.69,99.36,89.94,82.08
68.88,72.57,86.58,91.92,101.83,114.98,119.62,133.84,147.12,157.87,161.84,172.19,180.62,182.13,187.26,194.36,202.31,209.40,215.36,217.39,224.20,232.86,240.41,242.54,248.77,254.33,259.89,253.62,253.14,252.83,247.29,244.83,238.30,237.19,232.69,228.08,219.76,214.66,209.69,209.72,202.83,194.58,189.26,181.66,176.05,163.87,156.26,148.49,140.66,130.83,121.20,109.90
67.27,79.71,87.13,96.88,107.91,117.55,124.46,138.22,146.99,157.76,166.14,172.17,177.91,184.88,191.32,196.98,200.21,208.33,214.31,218.66,226.92,234.00,240.75,246.29,252.00,254.28,257.42,256.10,255.97,253.34,252.36,247.98,242.89,237.43,233.03,231.29,225.08,218.23,213.58,208.48,200.85,196.81,188.56,183.18,175.41,167.59,161.44,150.76,140.81,131.46,120.33,109.88
80.05,89.94,98.49,107.06,116.08,123.58,132.19,148.73,155.35,163.99,171.61,179.11,185.46,189.27,195.24,202.23,208.40,217.14,221.84,225.57,232.17,239.89,250.31,252.79,257.87,262.27,269.08,265.38,262.61,262.19,257.70,253.80,246.71,246.63,239.79,236.24,228.53,222.17,216.45,215.76,209.82,200.26,194.82,188.30,181.84,169.85,165.25,154.26,145.34,137.28,124.46,112.68
77.01,86.98,93.24,101.79,113.05,120.07,128.71,141.50,148.00,156.46,166.31,169.12,175.37,181.84,188.22,195.21,199.54,206.69,212.42,216.71,223.18,232.56,239.07,241.66,249.15,249.72,254.62,255.86,254.57,251.13,248.76,244.75,238.93,234.20,229.17,226.29,219.32,215.08,210.54,204.48,201.32,195.06,186.39,180.28,174.01,165.65,158.45,149.62,138.23,129.87,120.97,109.17
129.71,156.04,152.08,168.93,175.55,180.28,188.17,197.09,196.62,201.72,204.75,208.54,210.01,210.80,209.88,215.56,215.34,220.27,223.89,222.44,224.51,230.84,235.26,237.50,240.19,244.32,244.56,235.85,236.58,230.87,227.08,223.49,212.36,212.46,204.12,202.41,194.54,186.87,184.17,178.44,173.57,168.59,162.02,154.01,148.00,138.22,132.19,122.07,115.43,106.40,96.57,86.49
78.55,87.37,98.84,106.55,114.63,123.49,133.15,149.28,158.50,167.61,173.22,181.75,189.45,191.38,196.16,206.89,215.08,222.44,227.38,227.97,237.01,246.45,254.03,257.19,263.03,270.12,276.48,269.41,269.45,266.37,262.23,259.07,250.83,251.60,245.69,240.71,232.35,227.43,221.62,220.98,216.48,207.71,200.20,194.92,185.92,172.79,166.63,157.11,148.66,141.01,129.85,117.18
64.35,71.70,80.96,90.26,98.33,108.16,116.81,132.57,139.52,150.47,155.82,164.12,170.47,173.31,179.18,185.54,192.40,200.01,205.19,206.17,215.37,222.27,228.95,231.08,235.54,242.92,246.56,240.78,241.76,240.47,238.05,232.49,226.34,226.74,221.36,216.92,209.16,204.96,201.41,198.01,193.60,186.27,180.90,176.03,168.66,158.40,153.47,142.87,136.00,126.38,116.50,104.89
68.03,72.92,82.81,95.34,100.28,105.91,117.83,134.16,137.61,146.97,152.05,160.55,170.99,174.38,179.18,188.16,193.67,201.81,203.03,207.15,213.18,221.65,229.99,229.71,238.38,242.84,246.83,242.01,242.19,240.16,238.76,232.25,228.14,226.74,219.61,217.62,209.98,207.20,201.65,197.80,193.51,187.00,180.47,174.42,168.59,157.18,151.27,142.17,133.41,127.20,115.45,104.94
131.06,143.39,155.59,168.67,172.94,182.66,189.17,198.16,198.44,206.05,206.32,210.64,212.73,210.61,212.29,217.15,218.69,224.29,225.02,225.68,226.81,234.30,236.19,239.43,241.88,246.46,245.52,240.35,238.72,233.57,229.51,223.65,215.52,215.42,208.02,204.80,195.58,188.96,186.94,182.32,175.26,167.84,163.03,156.16,149.19,138.84,131.50,122.33,115.52,108.05,96.18,84.50
69.07,79.08,84.93,94.85,101.12,112.51,122.97,138.74,144.53,155.05,160.91,168.59,175.10,178.04,182.48,189.51,194.49,204.40,208.09,211.52,217.95,226.88,234.96,237.17,241.81,248.77,251.96,246.98,246.02,245.49,242.16,238.32,233.08,229.01,227.20,221.96,213.85,211.12,204.57,201.20,197.65,189.99,184.63,178.52,172.97,161.64,155.22,147.34,138.50,131.14,118.31,107.63
